title,url,date
"Eks Menag Yaqut Segera Disidang, Berkas Perkaranya Setebal Ini",https://news.detik.com/berita/d-8598842/eks-menag-yaqut-segera-disidang-berkas-perkaranya-setebal-ini,"
Jumat, 31 Jul 2026 16:48 WIB "
"Tersangka Korupsi Haji Asrul Azis Praperadilan Lagi, KPK Bilang Begini",https://news.detik.com/berita/d-8580355/tersangka-korupsi-haji-asrul-azis-praperadilan-lagi-kpk-bilang-begini,"
Minggu, 19 Jul 2026 10:33 WIB "
"Tersangka Korupsi Haji Asrul Azis Ajukan Praperadilan Lagi, Protes Penggeledahan",https://news.detik.com/berita/d-8579488/tersangka-korupsi-haji-asrul-azis-ajukan-praperadilan-lagi-protes-penggeledahan,"
Sabtu, 18 Jul 2026 14:08 WIB "
KPK Bakal Buka Aliran Duit Korupsi Kuota Haji ke Eks Menag Yaqut di Sidang,https://news.detik.com/berita/d-8573633/kpk-bakal-buka-aliran-duit-korupsi-kuota-haji-ke-eks-menag-yaqut-di-sidang,"
Selasa, 14 Jul 2026 14:58 WIB "
Mantan Menag Yaqut Segera Diadili di Kasus Korupsi Kuota Haji,https://news.detik.com/berita/d-8573266/mantan-menag-yaqut-segera-diadili-di-kasus-korupsi-kuota-haji,"
Selasa, 14 Jul 2026 12:10 WIB "
Eks Menag Yaqut Kembali Diperiksa KPK Usai Pembantaran Berakhir,https://news.detik.com/berita/d-8573033/eks-menag-yaqut-kembali-diperiksa-kpk-usai-pembantaran-berakhir,"
Selasa, 14 Jul 2026 09:53 WIB "
"Pembantaran Selesai, Eks Menag Yaqut Kembali Ditahan di Rutan KPK",https://news.detik.com/berita/d-8568117/pembantaran-selesai-eks-menag-yaqut-kembali-ditahan-di-rutan-kpk,"
Jumat, 10 Jul 2026 12:57 WIB "
"Kasus Kuota Haji Mau Disidangkan, KPK Harap Eks Menag Yaqut Segera Pulih",https://news.detik.com/berita/d-8564392/kasus-kuota-haji-mau-disidangkan-kpk-harap-eks-menag-yaqut-segera-pulih,"
Selasa, 07 Jul 2026 23:04 WIB "
Eks Menag Yaqut Sudah 12 Hari Jalani Pembantaran di RS,https://news.detik.com/berita/d-8562361/eks-menag-yaqut-sudah-12-hari-jalani-pembantaran-di-rs,"
Senin, 06 Jul 2026 17:31 WIB "
"Praperadilan Tersangka Korupsi Haji Asrul Azis Ditolak, KPK Lanjut Penyidikan",https://news.detik.com/berita/d-8562311/praperadilan-tersangka-korupsi-haji-asrul-azis-ditolak-kpk-lanjut-penyidikan,"
Senin, 06 Jul 2026 17:14 WIB "
"Hakim Tolak Praperadilan Asrul Azis, Status Tersangka Korupsi Kuota Haji Sah",https://news.detik.com/berita/d-8562101/hakim-tolak-praperadilan-asrul-azis-status-tersangka-korupsi-kuota-haji-sah,"
Senin, 06 Jul 2026 15:28 WIB "
Eks Menpora Dito Bikin Pangling Saat Jadi Saksi di KPK,https://news.detik.com/berita/d-8554495/eks-menpora-dito-bikin-pangling-saat-jadi-saksi-di-kpk,"
Selasa, 30 Jun 2026 21:13 WIB "
KPK Panggil Dito Ariotedjo,https://news.detik.com/berita/d-8554491/kpk-panggil-dito-ariotedjo,"
Selasa, 30 Jun 2026 21:08 WIB "
Kondisi Terkini Yaqut Tersangka KPK yang Ternyata Dioperasi,https://news.detik.com/berita/d-8554428/kondisi-terkini-yaqut-tersangka-kpk-yang-ternyata-dioperasi,"
Selasa, 30 Jun 2026 20:04 WIB "
Kata Dito Ariotedjo Usai Diperiksa KPK,https://news.detik.com/berita/d-8553893/kata-dito-ariotedjo-usai-diperiksa-kpk,"
Selasa, 30 Jun 2026 15:29 WIB "
KPK Ungkap Eks Menag Yaqut Jalani Operasi Usai Sakit Saluran Pencernaan,https://news.detik.com/berita/d-8553768/kpk-ungkap-eks-menag-yaqut-jalani-operasi-usai-sakit-saluran-pencernaan,"
Selasa, 30 Jun 2026 14:30 WIB "
"Eks Menpora Dito Ariotedjo Lebih Langsing Saat Datangi KPK, Ngaku Ikut Hyrox",https://news.detik.com/berita/d-8553378/eks-menpora-dito-ariotedjo-lebih-langsing-saat-datangi-kpk-ngaku-ikut-hyrox,"
Selasa, 30 Jun 2026 11:10 WIB "
KPK Kembali Periksa Eks Menpora Dito Ariotedjo Jadi Saksi Kasus Haji,https://news.detik.com/berita/d-8553287/kpk-kembali-periksa-eks-menpora-dito-ariotedjo-jadi-saksi-kasus-haji,"
Selasa, 30 Jun 2026 10:27 WIB "
"Gugat Praperadilan, Asrul Azis Minta Status Tersangka Korupsi Haji Dibatalkan",https://news.detik.com/berita/d-8548202/gugat-praperadilan-asrul-azis-minta-status-tersangka-korupsi-haji-dibatalkan,"
Jumat, 26 Jun 2026 12:42 WIB "
"Eks Menag Yaqut Sakit Pencernaan, Penahanan Dibantarkan ke RS Polri",https://news.detik.com/berita/d-8546063/eks-menag-yaqut-sakit-pencernaan-penahanan-dibantarkan-ke-rs-polri,"
Rabu, 24 Jun 2026 21:33 WIB "
"3 Kali Periksa Hilman Latief, KPK Makin Yakin soal Bagi Jatah Kuota Haji",https://news.detik.com/berita/d-8546036/3-kali-periksa-hilman-latief-kpk-makin-yakin-soal-bagi-jatah-kuota-haji,"
Rabu, 24 Jun 2026 21:18 WIB "
Hilman Latief Ngaku Dicecar KPK soal Kebijakan Pembagian Kuota Haji,https://news.detik.com/berita/d-8545829/hilman-latief-ngaku-dicecar-kpk-soal-kebijakan-pembagian-kuota-haji,"
Rabu, 24 Jun 2026 18:25 WIB "
Eks Dirjen Haji Kemenag Hilman Latief Diperiksa KPK Lagi di Kasus Kuota Haji,https://news.detik.com/berita/d-8544833/eks-dirjen-haji-kemenag-hilman-latief-diperiksa-kpk-lagi-di-kasus-kuota-haji,"
Rabu, 24 Jun 2026 10:50 WIB "
Tersangka Korupsi Kuota Haji Asrul Azis Ajukan Penangguhan Penahanan ke KPK,https://news.detik.com/berita/d-8539546/tersangka-korupsi-kuota-haji-asrul-azis-ajukan-penangguhan-penahanan-ke-kpk,"
Sabtu, 20 Jun 2026 10:14 WIB "
"KPK Periksa Stafsus Yaqut, Cecar soal Pemberian Uang ke Pansus DPR",https://news.detik.com/berita/d-8536072/kpk-periksa-stafsus-yaqut-cecar-soal-pemberian-uang-ke-pansus-dpr,"
Rabu, 17 Jun 2026 20:01 WIB "
"Periksa Pengelola Apartemen-Pembina Wing Chun, KPK Telusuri Aset Kasus Haji",https://news.detik.com/berita/d-8533348/periksa-pengelola-apartemen-pembina-wing-chun-kpk-telusuri-aset-kasus-haji,"
Senin, 15 Jun 2026 18:50 WIB "
KPK Panggil Saksi di Kasus Korupsi Kuota Haji Hari Ini,https://news.detik.com/berita/d-8532245/kpk-panggil-saksi-di-kasus-korupsi-kuota-haji-hari-ini,"
Senin, 15 Jun 2026 09:27 WIB "
Sidang Praperadilan Tersangka Kuota Haji Asrul Azis Lawan KPK Digelar 19 Juni,https://news.detik.com/berita/d-8530432/sidang-praperadilan-tersangka-kuota-haji-asrul-azis-lawan-kpk-digelar-19-juni,"
Sabtu, 13 Jun 2026 12:55 WIB "
KPK Panggil Ulang Fuad Bos Maktour Pekan Depan,https://news.detik.com/berita/d-8528840/kpk-panggil-ulang-fuad-bos-maktour-pekan-depan,"
Jumat, 12 Jun 2026 10:12 WIB "
KPK Perpanjang Penahanan Eks Menag Yaqut 30 Hari di Kasus Kuota Haji,https://news.detik.com/berita/d-8525404/kpk-perpanjang-penahanan-eks-menag-yaqut-30-hari-di-kasus-kuota-haji,"
Selasa, 09 Jun 2026 23:56 WIB "
Tersangka Kasus Korupsi Kuota Haji Asrul Azis Ajukan Praperadilan Lawan KPK,https://news.detik.com/berita/d-8524959/tersangka-kasus-korupsi-kuota-haji-asrul-azis-ajukan-praperadilan-lawan-kpk,"
Selasa, 09 Jun 2026 17:21 WIB "
"Maktour Travel-Kesthuri Ikut Atur Kuota Haji Khusus, Dapat Untung Miliaran",https://news.detik.com/berita/d-8523905/maktour-travel-kesthuri-ikut-atur-kuota-haji-khusus-dapat-untung-miliaran,"
Selasa, 09 Jun 2026 04:23 WIB "
Direktur Maktour Tersangka Kasus Kuota Haji Nangis Usai Ditahan KPK,https://news.detik.com/berita/d-8523661/direktur-maktour-tersangka-kasus-kuota-haji-nangis-usai-ditahan-kpk,"
Senin, 08 Jun 2026 20:17 WIB "
KPK Tahan Direktur Maktour dan Ketum Kesthuri Terkait Kasus Kuota Haji,https://news.detik.com/berita/d-8523531/kpk-tahan-direktur-maktour-dan-ketum-kesthuri-terkait-kasus-kuota-haji,"
Senin, 08 Jun 2026 18:56 WIB "
KPK Panggil 2 Tersangka Pihak Swasta Kasus Korupsi Kuota Haji,https://news.detik.com/berita/d-8522552/kpk-panggil-2-tersangka-pihak-swasta-kasus-korupsi-kuota-haji,"
Senin, 08 Jun 2026 10:47 WIB "
"Hilman Latief Bantah Terima Uang Kasus Korupsi Haji, KPK Temukan Fakta Lain",https://news.detik.com/berita/d-8515351/hilman-latief-bantah-terima-uang-kasus-korupsi-haji-kpk-temukan-fakta-lain,"
Rabu, 03 Jun 2026 00:39 WIB "
"Belum Pulang Haji, Fuad Bos Maktour Tak Hadiri Panggilan KPK",https://news.detik.com/berita/d-8514556/belum-pulang-haji-fuad-bos-maktour-tak-hadiri-panggilan-kpk,"
Selasa, 02 Jun 2026 14:43 WIB "
KPK Panggil Lagi Bos Maktour Fuad Terkait Kasus Korupsi Haji,https://news.detik.com/berita/d-8514155/kpk-panggil-lagi-bos-maktour-fuad-terkait-kasus-korupsi-haji,"
Selasa, 02 Jun 2026 11:23 WIB "
"KPK Limpahkan Perkara Eks Menag Yaqut Usai Musim Haji Selesai, Kenapa?",https://news.detik.com/berita/d-8513123/kpk-limpahkan-perkara-eks-menag-yaqut-usai-musim-haji-selesai-kenapa,"
Senin, 01 Jun 2026 13:05 WIB "
KPK Segera Tahan 2 Tersangka Pihak Swasta Kasus Korupsi Kuota Haji,https://news.detik.com/berita/d-8513081/kpk-segera-tahan-2-tersangka-pihak-swasta-kasus-korupsi-kuota-haji,"
Senin, 01 Jun 2026 12:38 WIB "
Pengalaman Tahanan KPK Idul Adha di Rutan Diungkap Para Istri,https://news.detik.com/berita/d-8507656/pengalaman-tahanan-kpk-idul-adha-di-rutan-diungkap-para-istri,"
Rabu, 27 Mei  2026 20:55 WIB "
"Istri Datangi Rutan KPK Bawa Tempe Goreng, Yaqut Tak Bisa Makan Santan",https://news.detik.com/berita/d-8507235/istri-datangi-rutan-kpk-bawa-tempe-goreng-yaqut-tak-bisa-makan-santan,"
Rabu, 27 Mei  2026 15:12 WIB "
Hilman Latief Bantah Terima Uang Terkait Kasus Korupsi Kuota Haji,https://news.detik.com/berita/d-8506736/hilman-latief-bantah-terima-uang-terkait-kasus-korupsi-kuota-haji,"
Rabu, 27 Mei  2026 08:07 WIB "
KPK Cecar Hilman Latief soal Pertemuan dengan Yaqut Bahas Kuota Haji Tambahan,https://news.detik.com/berita/d-8498698/kpk-cecar-hilman-latief-soal-pertemuan-dengan-yaqut-bahas-kuota-haji-tambahan,"
Kamis, 21 Mei  2026 16:33 WIB "
Kapan Kasus Kuota Haji Dilimpahkan ke JPU? Ini Penjelasan Ketua KPK,https://news.detik.com/berita/d-8498621/kapan-kasus-kuota-haji-dilimpahkan-ke-jpu-ini-penjelasan-ketua-kpk,"
Kamis, 21 Mei  2026 15:52 WIB "
Eks Dirjen Haji Kemenag Hilman Latief Diperiksa KPK Lagi di Kasus Kuota Haji,https://news.detik.com/berita/d-8497142/eks-dirjen-haji-kemenag-hilman-latief-diperiksa-kpk-lagi-di-kasus-kuota-haji,"
Rabu, 20 Mei  2026 16:34 WIB "
Haji Prabowo dan Transformasi Haji Indonesia,https://news.detik.com/kolom/d-8497042/haji-prabowo-dan-transformasi-haji-indonesia,"
Rabu, 20 Mei  2026 15:31 WIB "
KPK Periksa Muhadjir untuk Bandingkan Pembagian Kuota Haji di 2022,https://news.detik.com/berita/d-8495993/kpk-periksa-muhadjir-untuk-bandingkan-pembagian-kuota-haji-di-2022,"
Rabu, 20 Mei  2026 00:35 WIB "
Kata KPK soal 2 Tersangka Swasta Kasus Kuota Haji Belum Ditahan,https://news.detik.com/berita/d-8495988/kata-kpk-soal-2-tersangka-swasta-kasus-kuota-haji-belum-ditahan,"
Rabu, 20 Mei  2026 00:18 WIB "
"Diperiksa KPK, Muhadjir Effendy Jelaskan Pernah Jadi Menag Ad Interim",https://news.detik.com/berita/d-8494206/diperiksa-kpk-muhadjir-effendy-jelaskan-pernah-jadi-menag-ad-interim,"
Senin, 18 Mei  2026 20:40 WIB "
"Sempat Minta Pemeriksaan Kasus Haji Ditunda, Muhadjir Effendy Datangi KPK",https://news.detik.com/berita/d-8494109/sempat-minta-pemeriksaan-kasus-haji-ditunda-muhadjir-effendy-datangi-kpk,"
Senin, 18 Mei  2026 19:20 WIB "
"Muhadjir Effendy Dipanggil KPK Jadi Saksi Kasus Haji, Minta Penjadwalan Ulang",https://news.detik.com/berita/d-8493128/muhadjir-effendy-dipanggil-kpk-jadi-saksi-kasus-haji-minta-penjadwalan-ulang,"
Senin, 18 Mei  2026 11:06 WIB "
Saling Titip Salam Yaqut dan Gus Ipul saat Sama-sama Ada di KPK,https://news.detik.com/berita/d-8480253/saling-titip-salam-yaqut-dan-gus-ipul-saat-sama-sama-ada-di-kpk,"
Jumat, 08 Mei  2026 14:03 WIB "
KPK Lanjut Panggil 3 Bos Travel Terkait Korupsi Kuota Haji Eks Menteri Yaqut,https://news.detik.com/berita/d-8468406/kpk-lanjut-panggil-3-bos-travel-terkait-korupsi-kuota-haji-eks-menteri-yaqut,"
Kamis, 30 Apr 2026 13:06 WIB "
KPK Usut Dugaan Jual Beli Kuota Haji Antar-biro Travel,https://news.detik.com/berita/d-8464135/kpk-usut-dugaan-jual-beli-kuota-haji-antar-biro-travel,"
Senin, 27 Apr 2026 20:11 WIB "
Tanggapan Pihak Yaqut soal KPK Sita USD 1 Juta dalam Kasus Kuota Haji,https://news.detik.com/berita/d-8463912/tanggapan-pihak-yaqut-soal-kpk-sita-usd-1-juta-dalam-kasus-kuota-haji,"
Senin, 27 Apr 2026 18:01 WIB "
KPK Panggil Lagi 2 Bos Travel Terkait Kasus Korupsi Kuota Haji,https://news.detik.com/berita/d-8463223/kpk-panggil-lagi-2-bos-travel-terkait-kasus-korupsi-kuota-haji,"
Senin, 27 Apr 2026 13:06 WIB "
KPK Cecar Bos Travel Terkait Keuntungan Ilegal dari Jual Beli Kuota Haji,https://news.detik.com/berita/d-8460716/kpk-cecar-bos-travel-terkait-keuntungan-ilegal-dari-jual-beli-kuota-haji,"
Sabtu, 25 Apr 2026 12:38 WIB "
"Sempat di Arab Saudi, Tersangka Baru Kuota Haji Sudah di RI dan Dicekal",https://news.detik.com/berita/d-8460328/sempat-di-arab-saudi-tersangka-baru-kuota-haji-sudah-di-ri-dan-dicekal,"
Sabtu, 25 Apr 2026 00:04 WIB "
KPK Cecar Ustaz Khalid Basalamah Terkait Pengaturan Pembagian Kuota Haji,https://news.detik.com/berita/d-8458706/kpk-cecar-ustaz-khalid-basalamah-terkait-pengaturan-pembagian-kuota-haji,"
Kamis, 23 Apr 2026 21:58 WIB "
"Khalid Basalamah Ngaku Kembalikan Rp 8,4 M ke KPK Terkait Kasus Kuota Haji",https://news.detik.com/berita/d-8458591/khalid-basalamah-ngaku-kembalikan-rp-8-4-m-ke-kpk-terkait-kasus-kuota-haji,"
Kamis, 23 Apr 2026 20:41 WIB "
"Tiba di KPK, Ustaz Khalid Basalamah Diperiksa Jadi Saksi Kasus Kuota Haji",https://news.detik.com/berita/d-8458183/tiba-di-kpk-ustaz-khalid-basalamah-diperiksa-jadi-saksi-kasus-kuota-haji,"
Kamis, 23 Apr 2026 16:28 WIB "
KPK Panggil Lagi Ustaz Khalid Basalamah Terkait Kasus Korupsi Kuota Haji,https://news.detik.com/berita/d-8457604/kpk-panggil-lagi-ustaz-khalid-basalamah-terkait-kasus-korupsi-kuota-haji,"
Kamis, 23 Apr 2026 12:02 WIB "
KPK Panggil Lagi Staf PBNU Syaiful Bahri di Kasus Korupsi Kuota Haji,https://news.detik.com/berita/d-8454525/kpk-panggil-lagi-staf-pbnu-syaiful-bahri-di-kasus-korupsi-kuota-haji,"
Selasa, 21 Apr 2026 15:24 WIB "
KPK Maraton Periksa Saksi Kasus Korupsi Kuota Haji di 3 Lokasi Hari Ini,https://news.detik.com/berita/d-8448727/kpk-maraton-periksa-saksi-kasus-korupsi-kuota-haji-di-3-lokasi-hari-ini,"
Jumat, 17 Apr 2026 14:09 WIB "
Yang Bikin KPK Bolak-balik Periksa Travel Haji di Kasus Yaqut,https://news.detik.com/berita/d-8447892/yang-bikin-kpk-bolak-balik-periksa-travel-haji-di-kasus-yaqut,"
Kamis, 16 Apr 2026 22:06 WIB "
KPK Ungkap Alasan Bolak-balik Periksa Travel Haji di Kasus Eks Menag Yaqut,https://news.detik.com/berita/d-8446625/kpk-ungkap-alasan-bolak-balik-periksa-travel-haji-di-kasus-eks-menag-yaqut,"
Kamis, 16 Apr 2026 10:59 WIB "
KPK Panggil Lagi 5 Bos Travel Jadi Saksi Kasus Kuota Haji Eks Menag Yaqut,https://news.detik.com/berita/d-8443606/kpk-panggil-lagi-5-bos-travel-jadi-saksi-kasus-kuota-haji-eks-menag-yaqut,"
Selasa, 14 Apr 2026 14:00 WIB "
KPK Sita USD 1 Juta yang Akan Dipakai Yaqut untuk 'Kondisikan' Pansus Haji,https://news.detik.com/berita/d-8442914/kpk-sita-usd-1-juta-yang-akan-dipakai-yaqut-untuk-kondisikan-pansus-haji,"
Selasa, 14 Apr 2026 00:38 WIB "
KPK Panggil 5 Bos Travel Terkait Kasus Korupsi Kuota Haji Eks Menag Yaqut,https://news.detik.com/berita/d-8442217/kpk-panggil-5-bos-travel-terkait-kasus-korupsi-kuota-haji-eks-menag-yaqut,"
Senin, 13 Apr 2026 15:50 WIB "
"Periksa Kadis SDABMBK Pemkab Bekasi, KPK Sita Uang Diduga Hasil Suap",https://news.detik.com/berita/d-8438803/periksa-kadis-sdabmbk-pemkab-bekasi-kpk-sita-uang-diduga-hasil-suap,"
Jumat, 10 Apr 2026 19:39 WIB "
Pengusaha Tembakau Haji Her Diperiksa KPK soal Kasus Suap Importasi Bea Cukai,https://news.detik.com/berita/d-8436570/pengusaha-tembakau-haji-her-diperiksa-kpk-soal-kasus-suap-importasi-bea-cukai,"
Kamis, 09 Apr 2026 15:14 WIB "
KPK Lakukan Pemeriksaan Maraton Terkait Kasus Korupsi Kuota Haji 2023-2024,https://news.detik.com/berita/d-8433723/kpk-lakukan-pemeriksaan-maraton-terkait-kasus-korupsi-kuota-haji-2023-2024,"
Selasa, 07 Apr 2026 18:41 WIB "
Ketua KPK Ngaku Belum Dipanggil Dewas soal Polemik Tahanan Rumah Yaqut,https://news.detik.com/berita/d-8433656/ketua-kpk-ngaku-belum-dipanggil-dewas-soal-polemik-tahanan-rumah-yaqut,"
Selasa, 07 Apr 2026 18:14 WIB "
KPK Panggil Lagi 5 Pihak Biro Travel untuk Diperiksa di Kasus Kuota Haji,https://news.detik.com/berita/d-8432980/kpk-panggil-lagi-5-pihak-biro-travel-untuk-diperiksa-di-kasus-kuota-haji,"
Selasa, 07 Apr 2026 13:27 WIB "
KPK Panggil 5 Bos Travel Jadi Saksi Kasus Kuota Haji Eks Menag Yaqut,https://news.detik.com/berita/d-8431084/kpk-panggil-5-bos-travel-jadi-saksi-kasus-kuota-haji-eks-menag-yaqut,"
Senin, 06 Apr 2026 11:59 WIB "
KPK Mulai Maraton Periksa Biro Travel Haji Pekan Depan,https://news.detik.com/berita/d-8427384/kpk-mulai-maraton-periksa-biro-travel-haji-pekan-depan,"
Kamis, 02 Apr 2026 21:49 WIB "
KPK Panggil Eks Sopir Lukas Enembe Jadi Saksi Kasus Dana Operasional Papua,https://news.detik.com/berita/d-8426623/kpk-panggil-eks-sopir-lukas-enembe-jadi-saksi-kasus-dana-operasional-papua,"
Kamis, 02 Apr 2026 13:49 WIB "
KPK Panggil Pengusaha Robert Bonosusatya Jadi Saksi Kasus Eks Bupati Kukar,https://news.detik.com/berita/d-8426313/kpk-panggil-pengusaha-robert-bonosusatya-jadi-saksi-kasus-eks-bupati-kukar,"
Kamis, 02 Apr 2026 11:27 WIB "
"2 WNA Direksi BUMN Belum Lapor LHKPN, KPK Bakal Lakukan Asistensi",https://news.detik.com/berita/d-8425235/2-wna-direksi-bumn-belum-lapor-lhkpn-kpk-bakal-lakukan-asistensi,"
Rabu, 01 Apr 2026 15:47 WIB "
Dewas Tindak Lanjut Laporan ke Pimpinan KPK soal Tahanan Rumah Yaqut,https://news.detik.com/berita/d-8424338/dewas-tindak-lanjut-laporan-ke-pimpinan-kpk-soal-tahanan-rumah-yaqut,"
Rabu, 01 Apr 2026 08:38 WIB "
"Tak Lagi di Rumah, Yaqut Bakal Lebih Lama Ditahan KPK",https://news.detik.com/berita/d-8424096/tak-lagi-di-rumah-yaqut-bakal-lebih-lama-ditahan-kpk,"
Selasa, 31 Mar 2026 21:42 WIB "
KPK Minta Biro Travel Haji Umrah Tak Ragu-ragu Balikin Duit dan Aset,https://news.detik.com/berita/d-8423708/kpk-minta-biro-travel-haji-umrah-tak-ragu-ragu-balikin-duit-dan-aset,"
Selasa, 31 Mar 2026 17:33 WIB "
KPK Ungkap 1 Tersangka Baru Kasus Korupsi Kuota Haji Lagi di Arab Saudi,https://news.detik.com/berita/d-8423586/kpk-ungkap-1-tersangka-baru-kasus-korupsi-kuota-haji-lagi-di-arab-saudi,"
Selasa, 31 Mar 2026 16:46 WIB "
KPK Perpanjang Masa Penahanan Eks Menag Yaqut di Rutan,https://news.detik.com/berita/d-8423539/kpk-perpanjang-masa-penahanan-eks-menag-yaqut-di-rutan,"
Selasa, 31 Mar 2026 16:25 WIB "
Eks Menag Yaqut Bantah Terima Duit USD 30 Ribu dari Travel Haji Khusus,https://news.detik.com/berita/d-8423286/eks-menag-yaqut-bantah-terima-duit-usd-30-ribu-dari-travel-haji-khusus,"
Selasa, 31 Mar 2026 14:44 WIB "
KPK Panggil Panitera-Juru Sita Terkait Kasus Suap Hakim PN Depok,https://news.detik.com/berita/d-8423142/kpk-panggil-panitera-juru-sita-terkait-kasus-suap-hakim-pn-depok,"
Selasa, 31 Mar 2026 13:25 WIB "
KPK Dalami Keterlibatan Penyelenggara Negara di Kasus Kuota Haji,https://news.detik.com/berita/d-8422471/kpk-dalami-keterlibatan-penyelenggara-negara-di-kasus-kuota-haji,"
Senin, 30 Mar 2026 22:33 WIB "
Alasan KPK Jerat 2 Tersangka Swasta Kasus Kuota Haji Pakai Pasal Kerugian Negara,https://news.detik.com/berita/d-8422412/alasan-kpk-jerat-2-tersangka-swasta-kasus-kuota-haji-pakai-pasal-kerugian-negara,"
Senin, 30 Mar 2026 21:46 WIB "
"Kasus Haji, KPK Duga Gus Alex Terima USD 30 Ribu-Dirjen PHU Kemenag USD 5.000",https://news.detik.com/berita/d-8422405/kasus-haji-kpk-duga-gus-alex-terima-usd-30-ribu-dirjen-phu-kemenag-usd-5-000,"
Senin, 30 Mar 2026 21:39 WIB "
KPK Tetapkan 2 Tersangka Baru Kasus Korupsi Kuota Haji,https://news.detik.com/berita/d-8422262/kpk-tetapkan-2-tersangka-baru-kasus-korupsi-kuota-haji,"
Senin, 30 Mar 2026 19:10 WIB "
"Menyoal Keabsahan dan ""Perlakuan Istimewa"" Tahanan Rumah Yaqut Cholil Qoumas?",https://news.detik.com/kolom/d-8421250/menyoal-keabsahan-dan-perlakuan-istimewa-tahanan-rumah-yaqut-cholil-qoumas,"
Senin, 30 Mar 2026 10:46 WIB "
Eks Penyidik Minta KPK Ungkap Pembuat Ide di Balik Yaqut Jadi Tahanan Rumah,https://news.detik.com/berita/d-8418798/eks-penyidik-minta-kpk-ungkap-pembuat-ide-di-balik-yaqut-jadi-tahanan-rumah,"
Sabtu, 28 Mar 2026 08:30 WIB "
Permintaan Maaf KPK Bikin Gaduh gara-gara Yaqut Jadi Tahanan Rumah,https://news.detik.com/berita/d-8418776/permintaan-maaf-kpk-bikin-gaduh-gara-gara-yaqut-jadi-tahanan-rumah,"
Sabtu, 28 Mar 2026 07:31 WIB "
"KPK Minta Maaf, MAKI Desak Dugaan Intervensi soal Yaqut Tahanan Rumah Diusut",https://news.detik.com/berita/d-8418745/kpk-minta-maaf-maki-desak-dugaan-intervensi-soal-yaqut-tahanan-rumah-diusut,"
Sabtu, 28 Mar 2026 07:00 WIB "
KPK Minta Maaf Sempat Buat Gaduh gegara Yaqut Jadi Tahanan Rumah,https://news.detik.com/berita/d-8417798/kpk-minta-maaf-sempat-buat-gaduh-gegara-yaqut-jadi-tahanan-rumah,"
Jumat, 27 Mar 2026 14:06 WIB "
Yaqut Jadi Tahanan Rumah Bikin yang Lain Ingin Juga,https://news.detik.com/berita/d-8417195/yaqut-jadi-tahanan-rumah-bikin-yang-lain-ingin-juga,"
Jumat, 27 Mar 2026 07:31 WIB "
"MAKI Surati DPR Usul Bentuk Panja Buntut Tahanan Rumah Yaqut, Ini Kata KPK",https://news.detik.com/berita/d-8417000/maki-surati-dpr-usul-bentuk-panja-buntut-tahanan-rumah-yaqut-ini-kata-kpk,"
Kamis, 26 Mar 2026 20:41 WIB "
"KPK: Progres Penyidikan Kasus Kuota Haji Sangat Bagus, Disampaikan 30 Maret",https://news.detik.com/berita/d-8416806/kpk-progres-penyidikan-kasus-kuota-haji-sangat-bagus-disampaikan-30-maret,"
Kamis, 26 Mar 2026 18:03 WIB "
A'wan PBNU Dukung KPK Percepat Proses Hukum Perkara Korupsi Kuota Haji,https://news.detik.com/berita/d-8415820/awan-pbnu-dukung-kpk-percepat-proses-hukum-perkara-korupsi-kuota-haji,"
Kamis, 26 Mar 2026 09:36 WIB "
Deputi Penindakan KPK Respons Aduan MAKI ke Dewas Buntut Yaqut Tahanan Rumah,https://news.detik.com/berita/d-8415720/deputi-penindakan-kpk-respons-aduan-maki-ke-dewas-buntut-yaqut-tahanan-rumah,"
Kamis, 26 Mar 2026 08:32 WIB "
Buntut Panjang KPK Jadikan Eks Menag Yaqut Tahanan Rumah,https://news.detik.com/berita/d-8415682/buntut-panjang-kpk-jadikan-eks-menag-yaqut-tahanan-rumah,"
Kamis, 26 Mar 2026 07:04 WIB "
KPK Tak Masalah Diadukan MAKI ke Dewas Buntut Yaqut Tahanan Rumah,https://news.detik.com/berita/d-8415297/kpk-tak-masalah-diadukan-maki-ke-dewas-buntut-yaqut-tahanan-rumah,"
Rabu, 25 Mar 2026 18:15 WIB "
Yaqut Selesai Diperiksa KPK Usai Kembali Jadi Tahanan Rutan,https://news.detik.com/berita/d-8415160/yaqut-selesai-diperiksa-kpk-usai-kembali-jadi-tahanan-rutan,"
Rabu, 25 Mar 2026 16:50 WIB "
MAKI Laporkan Pimpinan KPK ke Dewas Buntut Yaqut Jadi Tahanan Rumah,https://news.detik.com/berita/d-8414941/maki-laporkan-pimpinan-kpk-ke-dewas-buntut-yaqut-jadi-tahanan-rumah,"
Rabu, 25 Mar 2026 15:12 WIB "
"Periksa Yaqut, KPK Mau Dalami Peran Pihak Lain di Kasus Kuota Haji",https://news.detik.com/berita/d-8414824/periksa-yaqut-kpk-mau-dalami-peran-pihak-lain-di-kasus-kuota-haji,"
Rabu, 25 Mar 2026 14:11 WIB "
"Jadi Tahanan Rutan Lagi, Yaqut Bakal Diperiksa KPK Hari Ini",https://news.detik.com/berita/d-8414516/jadi-tahanan-rutan-lagi-yaqut-bakal-diperiksa-kpk-hari-ini,"
Rabu, 25 Mar 2026 12:03 WIB "
Tanda Tanya Besar bagi KPK Beri Yaqut Keistimewaan,https://news.detik.com/berita/d-8414119/tanda-tanya-besar-bagi-kpk-beri-yaqut-keistimewaan,"
Rabu, 25 Mar 2026 06:21 WIB "
Kontras Antara Tahanan KPK dengan Yaqut yang Lebaran di Rumah,https://news.detik.com/berita/d-8414028/kontras-antara-tahanan-kpk-dengan-yaqut-yang-lebaran-di-rumah,"
Selasa, 24 Mar 2026 21:48 WIB "
Eks Penyidik Sesalkan Gaduh Pengalihan Tahanan Yaqut: Bahaya bagi Citra KPK,https://news.detik.com/berita/d-8413574/eks-penyidik-sesalkan-gaduh-pengalihan-tahanan-yaqut-bahaya-bagi-citra-kpk,"
Selasa, 24 Mar 2026 15:57 WIB "
"Tangan Yaqut Tak Diborgol Saat Kembali Ditahan, Begini Kata KPK",https://news.detik.com/berita/d-8413326/tangan-yaqut-tak-diborgol-saat-kembali-ditahan-begini-kata-kpk,"
Selasa, 24 Mar 2026 13:03 WIB "
KPK Ungkap Alasan Yaqut Jadi Tahanan Rumah: GERD-Strategi Penanganan Perkara,https://news.detik.com/berita/d-8413275/kpk-ungkap-alasan-yaqut-jadi-tahanan-rumah-gerd-strategi-penanganan-perkara,"
Selasa, 24 Mar 2026 12:08 WIB "
Timeline Hitungan Hari Yaqut Jadi Tahanan Rumah hingga Balik Ditahan di KPK,https://news.detik.com/berita/d-8413233/timeline-hitungan-hari-yaqut-jadi-tahanan-rumah-hingga-balik-ditahan-di-kpk,"
Selasa, 24 Mar 2026 11:33 WIB "
KPK Ungkap Alasan Kembalikan Yaqut ke Rutan Usai Jadi Tahanan Rumah,https://news.detik.com/berita/d-8413216/kpk-ungkap-alasan-kembalikan-yaqut-ke-rutan-usai-jadi-tahanan-rumah,"
Selasa, 24 Mar 2026 11:26 WIB "
Kata-kata Yaqut Saat Kembali Ditahan KPK: Alhamdulillah Bisa Sungkem ke Ibu,https://news.detik.com/berita/d-8413178/kata-kata-yaqut-saat-kembali-ditahan-kpk-alhamdulillah-bisa-sungkem-ke-ibu,"
Selasa, 24 Mar 2026 10:59 WIB "
"Tak Lagi Tahanan Rumah, Eks Menag Yaqut Tiba di Gedung KPK",https://news.detik.com/berita/d-8413165/tak-lagi-tahanan-rumah-eks-menag-yaqut-tiba-di-gedung-kpk,"
Selasa, 24 Mar 2026 10:42 WIB "
Beda Sikap KPK Usai Yaqut Jadi Tahanan Rumah Kini Disorot,https://news.detik.com/berita/d-8412821/beda-sikap-kpk-usai-yaqut-jadi-tahanan-rumah-kini-disorot,"
Senin, 23 Mar 2026 21:58 WIB "
"KPK Kembalikan Status Yaqut Jadi Tahanan Rutan, tapi Masih Tes Kesehatan di RS",https://news.detik.com/berita/d-8412799/kpk-kembalikan-status-yaqut-jadi-tahanan-rutan-tapi-masih-tes-kesehatan-di-rs,"
Senin, 23 Mar 2026 21:15 WIB "
"Yaqut Jadi Tahanan Rumah, Beda Perlakuan KPK soal Lukas Enembe Diungkit",https://news.detik.com/berita/d-8412246/yaqut-jadi-tahanan-rumah-beda-perlakuan-kpk-soal-lukas-enembe-diungkit,"
Senin, 23 Mar 2026 13:57 WIB "
Eks Penyidik Kritik KPK soal Yaqut: Tak Boleh Ada Perlakuan Istimewa,https://news.detik.com/berita/d-8412168/eks-penyidik-kritik-kpk-soal-yaqut-tak-boleh-ada-perlakuan-istimewa,"
Senin, 23 Mar 2026 12:46 WIB "
Banjir Kritik ke KPK karena Eks Menag Yaqut Jadi Tahanan Rumah,https://news.detik.com/berita/d-8411830/banjir-kritik-ke-kpk-karena-eks-menag-yaqut-jadi-tahanan-rumah,"
Senin, 23 Mar 2026 07:35 WIB "
Pengacara Buka Suara soal KPK Jadikan Gus Yaqut Tahanan Rumah,https://news.detik.com/berita/d-8411493/pengacara-buka-suara-soal-kpk-jadikan-gus-yaqut-tahanan-rumah,"
Minggu, 22 Mar 2026 18:40 WIB "
ICW Desak Dewas Periksa Pimpinan KPK Buntut Yaqut Jadi Tahanan Rumah,https://news.detik.com/berita/d-8411351/icw-desak-dewas-periksa-pimpinan-kpk-buntut-yaqut-jadi-tahanan-rumah,"
Minggu, 22 Mar 2026 16:57 WIB "
"Dipindah Jadi Tahanan Rumah, Yaqut Baru 7 Hari Ditahan di Rutan KPK",https://news.detik.com/berita/d-8411056/dipindah-jadi-tahanan-rumah-yaqut-baru-7-hari-ditahan-di-rutan-kpk,"
Minggu, 22 Mar 2026 12:58 WIB "
KPK soal Eks Menag Yaqut Jadi Tahanan Rumah: Sifatnya Sementara,https://news.detik.com/berita/d-8410739/kpk-soal-eks-menag-yaqut-jadi-tahanan-rumah-sifatnya-sementara,"
Minggu, 22 Mar 2026 08:16 WIB "
KPK Sebut Keluarga Ajukan Permohonan Pengalihan Tahanan Rumah Eks Menag Yaqut,https://news.detik.com/berita/d-8410693/kpk-sebut-keluarga-ajukan-permohonan-pengalihan-tahanan-rumah-eks-menag-yaqut,"
Minggu, 22 Mar 2026 06:58 WIB "
KPK Alihkan Penahanan Eks Menag Yaqut Jadi Tahanan Rumah,https://news.detik.com/berita/d-8410571/kpk-alihkan-penahanan-eks-menag-yaqut-jadi-tahanan-rumah,"
Sabtu, 21 Mar 2026 21:44 WIB "
Gus Alex Susul Gus Yaqut Lebaran di Rutan KPK,https://news.detik.com/berita/d-8405415/gus-alex-susul-gus-yaqut-lebaran-di-rutan-kpk,"
Rabu, 18 Mar 2026 07:40 WIB "
KPK Terus Dalami Peran Bos Maktour Fuad Usai Eks Menag Yaqut Ditahan,https://news.detik.com/berita/d-8404841/kpk-terus-dalami-peran-bos-maktour-fuad-usai-eks-menag-yaqut-ditahan,"
Selasa, 17 Mar 2026 17:51 WIB "
KPK: Gus Alex Punya Peran Sentral Jembatani Perintah dan Uang ke Yaqut,https://news.detik.com/berita/d-8404797/kpk-gus-alex-punya-peran-sentral-jembatani-perintah-dan-uang-ke-yaqut,"
Selasa, 17 Mar 2026 17:11 WIB "
"Ditahan KPK, Gus Alex Bantah Dapat Perintah Atur Kuota Haji dari Yaqut",https://news.detik.com/berita/d-8404536/ditahan-kpk-gus-alex-bantah-dapat-perintah-atur-kuota-haji-dari-yaqut,"
Selasa, 17 Mar 2026 15:15 WIB "
KPK Tahan Gus Alex Eks Stafsus Yaqut Terkait Dugaan Korupsi Kuota Haji,https://news.detik.com/berita/d-8404486/kpk-tahan-gus-alex-eks-stafsus-yaqut-terkait-dugaan-korupsi-kuota-haji,"
Selasa, 17 Mar 2026 14:55 WIB "
KPK Panggil Gus Alex Eks Sfasus Yaqut Tersangka Kasus Kuota Haji Hari Ini,https://news.detik.com/berita/d-8403714/kpk-panggil-gus-alex-eks-sfasus-yaqut-tersangka-kasus-kuota-haji-hari-ini,"
Selasa, 17 Mar 2026 08:02 WIB "
Kerugian Negara Kasus Kuota Haji Jadi Pintu Masuk KPK Jerat Tersangka Lain,https://news.detik.com/berita/d-8400619/kerugian-negara-kasus-kuota-haji-jadi-pintu-masuk-kpk-jerat-tersangka-lain,"
Minggu, 15 Mar 2026 00:52 WIB "
"Usai Tahan Eks Menag Yaqut, Ini yang Dibidik KPK",https://news.detik.com/berita/d-8399595/usai-tahan-eks-menag-yaqut-ini-yang-dibidik-kpk,"
Sabtu, 14 Mar 2026 08:19 WIB "
Anggota Pansus Haji Ngaku Kaget Ada Upaya Yaqut Kondisikan USD 1 Juta,https://news.detik.com/berita/d-8398583/anggota-pansus-haji-ngaku-kaget-ada-upaya-yaqut-kondisikan-usd-1-juta,"
Jumat, 13 Mar 2026 15:13 WIB "
"KPK Terima 32 Laporan Gratifikasi Jelang Lebaran, Minta Pejabat Patuhi Aturan",https://news.detik.com/berita/d-8398487/kpk-terima-32-laporan-gratifikasi-jelang-lebaran-minta-pejabat-patuhi-aturan,"
Jumat, 13 Mar 2026 14:40 WIB "
"KPK Raup Rp 10,9 Miliar dari Lelang Barang Rampasan Milik Terpidana Korupsi",https://news.detik.com/berita/d-8398050/kpk-raup-rp-10-9-miliar-dari-lelang-barang-rampasan-milik-terpidana-korupsi,"
Jumat, 13 Mar 2026 11:06 WIB "
KPK Persilakan KY Periksa Etik 2 Hakim PN Depok Tersangka Kasus Suap,https://news.detik.com/berita/d-8398009/kpk-persilakan-ky-periksa-etik-2-hakim-pn-depok-tersangka-kasus-suap,"
Jumat, 13 Mar 2026 10:45 WIB "
"Sempat Bertahan di KPK Usai Yaqut Ditahan, Massa Banser Bubar karena Hal Ini",https://news.detik.com/berita/d-8397924/sempat-bertahan-di-kpk-usai-yaqut-ditahan-massa-banser-bubar-karena-hal-ini,"
Jumat, 13 Mar 2026 09:47 WIB "
4 Hal Baru yang Diketahui dari Kasus Kuota Haji Usai KPK Tahan Yaqut,https://news.detik.com/berita/d-8397909/4-hal-baru-yang-diketahui-dari-kasus-kuota-haji-usai-kpk-tahan-yaqut,"
Jumat, 13 Mar 2026 09:32 WIB "
KPK Beberkan Peran Bos Maktour Fuad di Kasus Kuota Haji yang Jerat Yaqut,https://news.detik.com/berita/d-8397826/kpk-beberkan-peran-bos-maktour-fuad-di-kasus-kuota-haji-yang-jerat-yaqut,"
Jumat, 13 Mar 2026 07:13 WIB "
KPK Periksa Gus Alex Sebagai Tersangka Kuota Haji Pekan Depan,https://news.detik.com/berita/d-8397810/kpk-periksa-gus-alex-sebagai-tersangka-kuota-haji-pekan-depan,"
Jumat, 13 Mar 2026 06:07 WIB "
KPK Sebut Pembagian Kuota Haji 50:50 dengan Arab Saudi Atas Perintah Yaqut,https://news.detik.com/berita/d-8397754/kpk-sebut-pembagian-kuota-haji-50-50-dengan-arab-saudi-atas-perintah-yaqut,"
Jumat, 13 Mar 2026 03:13 WIB "
KPK: Total Aset yang Disita dari Kasus Kuota Haji Capai Rp 100 Miliar Lebih,https://news.detik.com/berita/d-8397682/kpk-total-aset-yang-disita-dari-kasus-kuota-haji-capai-rp-100-miliar-lebih,"
Kamis, 12 Mar 2026 23:18 WIB "
Gus Alex Sempat Perintahkan Fee Dikembalikan Saat DPR Mau Bentuk Pansus Haji,https://news.detik.com/berita/d-8397676/gus-alex-sempat-perintahkan-fee-dikembalikan-saat-dpr-mau-bentuk-pansus-haji,"
Kamis, 12 Mar 2026 23:05 WIB "
KPK Ungkap Peran Gus Alex Eks Stafus Yaqut di Kasus Korupsi Kuota Haji,https://news.detik.com/berita/d-8397675/kpk-ungkap-peran-gus-alex-eks-stafus-yaqut-di-kasus-korupsi-kuota-haji,"
Kamis, 12 Mar 2026 23:04 WIB "
KPK Sebut Yaqut Terima Fee dari Percepatan Berangkat Haji Tanpa Antre,https://news.detik.com/berita/d-8397602/kpk-sebut-yaqut-terima-fee-dari-percepatan-berangkat-haji-tanpa-antre,"
Kamis, 12 Mar 2026 21:36 WIB "
KPK Ungkap Alasan Baru Tahan Eks Menag Yaqut di Kasus Kuota Haji,https://news.detik.com/berita/d-8397553/kpk-ungkap-alasan-baru-tahan-eks-menag-yaqut-di-kasus-kuota-haji,"
Kamis, 12 Mar 2026 21:04 WIB "
Reaksi Massa Banser Usai Yaqut Ditahan: Bakar Baju hingga Teriak 'KPK Zalim',https://news.detik.com/berita/d-8397435/reaksi-massa-banser-usai-yaqut-ditahan-bakar-baju-hingga-teriak-kpk-zalim,"
Kamis, 12 Mar 2026 19:38 WIB "
Kata-kata Eks Menag Yaqut Saat Ditahan KPK,https://news.detik.com/berita/d-8397365/kata-kata-eks-menag-yaqut-saat-ditahan-kpk,"
Kamis, 12 Mar 2026 18:58 WIB "
KPK Tahan Eks Menag Yaqut!,https://news.detik.com/berita/d-8397345/kpk-tahan-eks-menag-yaqut,"
Kamis, 12 Mar 2026 18:49 WIB "
Massa Banser Datangi KPK Saat Eks Menag Yaqut Masih Diperiksa,https://news.detik.com/berita/d-8397223/massa-banser-datangi-kpk-saat-eks-menag-yaqut-masih-diperiksa,"
Kamis, 12 Mar 2026 17:15 WIB "
"Bantah Minta Penundaan, Eks Menag Yaqut Penuhi Pemeriksaan KPK",https://news.detik.com/berita/d-8396626/bantah-minta-penundaan-eks-menag-yaqut-penuhi-pemeriksaan-kpk,"
Kamis, 12 Mar 2026 13:21 WIB "
KPK Sebut Eks Menag Yaqut Minta Pemeriksaan Hari Ini Ditunda,https://news.detik.com/berita/d-8396429/kpk-sebut-eks-menag-yaqut-minta-pemeriksaan-hari-ini-ditunda,"
Kamis, 12 Mar 2026 12:01 WIB "
KPK Panggil Eks Menag Yaqut Tersangka Korupsi Kuota Haji Hari Ini,https://news.detik.com/berita/d-8396048/kpk-panggil-eks-menag-yaqut-tersangka-korupsi-kuota-haji-hari-ini,"
Kamis, 12 Mar 2026 07:01 WIB "
"Status Tersangka Yaqut Sah, Kapan Ditahan KPK?",https://news.detik.com/berita/d-8396039/status-tersangka-yaqut-sah-kapan-ditahan-kpk,"
Kamis, 12 Mar 2026 06:30 WIB "
"KPK Kirim Surat Panggilan untuk Eks Menag Yaqut, Kapan Diperiksa?",https://news.detik.com/berita/d-8395667/kpk-kirim-surat-panggilan-untuk-eks-menag-yaqut-kapan-diperiksa,"
Rabu, 11 Mar 2026 19:52 WIB "
Pertimbangan Hakim Tolak Praperadilan Yaqut di Kasus Korupsi Kuota Haji,https://news.detik.com/berita/d-8394754/pertimbangan-hakim-tolak-praperadilan-yaqut-di-kasus-korupsi-kuota-haji,"
Rabu, 11 Mar 2026 12:51 WIB "
KPK Bicara Peluang Tahan Yaqut Usai Praperadilan Kasus Haji Ditolak,https://news.detik.com/berita/d-8394661/kpk-bicara-peluang-tahan-yaqut-usai-praperadilan-kasus-haji-ditolak,"
Rabu, 11 Mar 2026 12:12 WIB "
KPK Panggil Lagi Eks Menag Yaqut Pekan Ini,https://news.detik.com/berita/d-8394633/kpk-panggil-lagi-eks-menag-yaqut-pekan-ini,"
Rabu, 11 Mar 2026 12:04 WIB "
"Praperadilan Kasus Korupsi Kuota Haji Ditolak, Kubu Yaqut Bilang Begini",https://news.detik.com/berita/d-8394495/praperadilan-kasus-korupsi-kuota-haji-ditolak-kubu-yaqut-bilang-begini,"
Rabu, 11 Mar 2026 11:14 WIB "
"Praperadilan Ditolak, Status Tersangka Eks Menag Yaqut Sah!",https://news.detik.com/berita/d-8394417/praperadilan-ditolak-status-tersangka-eks-menag-yaqut-sah,"
Rabu, 11 Mar 2026 10:22 WIB "
Sidang Putusan Praperadilan Yaqut Terkait Kasus Kuota Haji Digelar Hari Ini,https://news.detik.com/berita/d-8394261/sidang-putusan-praperadilan-yaqut-terkait-kasus-kuota-haji-digelar-hari-ini,"
Rabu, 11 Mar 2026 07:33 WIB "
KPK Yakin Hakim Tolak Praperadilan Yaqut: Rugikan Negara dan Jemaah Haji,https://news.detik.com/berita/d-8394056/kpk-yakin-hakim-tolak-praperadilan-yaqut-rugikan-negara-dan-jemaah-haji,"
Selasa, 10 Mar 2026 22:09 WIB "
"Kasus Kuota Haji, KPK Ungkap Saudi Tak Asal Beri-Fasilitas Sudah Siap",https://news.detik.com/berita/d-8391956/kasus-kuota-haji-kpk-ungkap-saudi-tak-asal-beri-fasilitas-sudah-siap,"
Senin, 09 Mar 2026 16:54 WIB "
"Yaqut Yakin Lolos Status Tersangka Kasus Haji, KPK Pede Hakim Tolak Gugatan",https://news.detik.com/berita/d-8391071/yaqut-yakin-lolos-status-tersangka-kasus-haji-kpk-pede-hakim-tolak-gugatan,"
Senin, 09 Mar 2026 11:35 WIB "
5 Argumentasi Kuasa Hukum soal Status Tersangka Yaqut Tak Sah,https://news.detik.com/berita/d-8389987/5-argumentasi-kuasa-hukum-soal-status-tersangka-yaqut-tak-sah,"
Minggu, 08 Mar 2026 13:20 WIB "
Gantian KPK Balas Yaqut di Praperadilan,https://news.detik.com/berita/d-8384751/gantian-kpk-balas-yaqut-di-praperadilan,"
Kamis, 05 Mar 2026 06:30 WIB "
Kubu Yaqut Pertanyakan Keabsahan Hitungan Kerugian Kasus Kuota Haji Rp 622 M,https://news.detik.com/berita/d-8384171/kubu-yaqut-pertanyakan-keabsahan-hitungan-kerugian-kasus-kuota-haji-rp-622-m,"
Rabu, 04 Mar 2026 17:29 WIB "
"Yaqut Klaim Belum Terima Surat Penetapan Tersangka, Ini Kata KPK",https://news.detik.com/berita/d-8384123/yaqut-klaim-belum-terima-surat-penetapan-tersangka-ini-kata-kpk,"
Rabu, 04 Mar 2026 17:11 WIB "
Kubu Yaqut Ibaratkan Status Tersangka Seperti Kasus Pembunuhan Tanpa Korban,https://news.detik.com/berita/d-8383833/kubu-yaqut-ibaratkan-status-tersangka-seperti-kasus-pembunuhan-tanpa-korban,"
Rabu, 04 Mar 2026 15:07 WIB "
KPK Minta Hakim Tolak Praperadilan Eks Menag Yaqut di Kasus Kuota Haji,https://news.detik.com/berita/d-8383312/kpk-minta-hakim-tolak-praperadilan-eks-menag-yaqut-di-kasus-kuota-haji,"
Rabu, 04 Mar 2026 11:43 WIB "
KPK Buka-bukaan di Praperadilan Yaqut: Kerugian Negara Kasus Haji Rp 622 M,https://news.detik.com/berita/d-8383255/kpk-buka-bukaan-di-praperadilan-yaqut-kerugian-negara-kasus-haji-rp-622-m,"
Rabu, 04 Mar 2026 11:17 WIB "
KPK: Permohonan Yaqut soal Kasus Kuota Haji Bukan Ruang Lingkup Praperadilan,https://news.detik.com/berita/d-8383231/kpk-permohonan-yaqut-soal-kasus-kuota-haji-bukan-ruang-lingkup-praperadilan,"
Rabu, 04 Mar 2026 11:04 WIB "
Respons KPK soal Pihak Yaqut Anggap Bukti Tersangka Tak Sah,https://news.detik.com/berita/d-8382748/respons-kpk-soal-pihak-yaqut-anggap-bukti-tersangka-tak-sah,"
Selasa, 03 Mar 2026 22:36 WIB "
â Wanti-wanti Hakim soal 'Lobi' di Praperadilan Status Tersangka Yaqut,https://news.detik.com/berita/d-8382621/wanti-wanti-hakim-soal-lobi-di-praperadilan-status-tersangka-yaqut,"
Selasa, 03 Mar 2026 21:02 WIB "
Hakim Sidang Praperadilan Gus Yaqut Ingatkan Tak Ada 'Lobi' dalam Persidangan,https://news.detik.com/berita/d-8381683/hakim-sidang-praperadilan-gus-yaqut-ingatkan-tak-ada-lobi-dalam-persidangan,"
Selasa, 03 Mar 2026 13:38 WIB "
"Sidang Praperadilan, Pengacara Sebut Bukti KPK Jerat Yaqut Tersangka Tak Sah",https://news.detik.com/berita/d-8381508/sidang-praperadilan-pengacara-sebut-bukti-kpk-jerat-yaqut-tersangka-tak-sah,"
Selasa, 03 Mar 2026 12:29 WIB "
KPK Pastikan Hadir di Sidang Praperadilan Eks Menag Yaqut Hari Ini,https://news.detik.com/berita/d-8381188/kpk-pastikan-hadir-di-sidang-praperadilan-eks-menag-yaqut-hari-ini,"
Selasa, 03 Mar 2026 10:07 WIB "
KPK Terima Hitungan BPK Terkait Kasus Haji Era Yaqut: Kerugiannya Ada,https://news.detik.com/berita/d-8376030/kpk-terima-hitungan-bpk-terkait-kasus-haji-era-yaqut-kerugiannya-ada,"
Jumat, 27 Feb 2026 17:20 WIB "
KPK Panggil Staf Ahli Kemensos Edi Suharto Terkait Kasus Korupsi Bansos 2020,https://news.detik.com/berita/d-8374004/kpk-panggil-staf-ahli-kemensos-edi-suharto-terkait-kasus-korupsi-bansos-2020,"
Kamis, 26 Feb 2026 14:18 WIB "
Yaqut Muncul di Praperadilan tapi KPK Minta Penundaan,https://news.detik.com/berita/d-8371378/yaqut-muncul-di-praperadilan-tapi-kpk-minta-penundaan,"
Rabu, 25 Feb 2026 03:08 WIB "
"KPK Respons Yaqut: Sudah Cek ke Arab, Kuota Haji Tak Perlu Dibagi 50:50",https://news.detik.com/berita/d-8370889/kpk-respons-yaqut-sudah-cek-ke-arab-kuota-haji-tak-perlu-dibagi-50-50,"
Selasa, 24 Feb 2026 18:00 WIB "
"Absen Hari Ini, KPK Pastikan Hadir di Sidang Praperadilan Yaqut Pekan Depan",https://news.detik.com/berita/d-8370847/absen-hari-ini-kpk-pastikan-hadir-di-sidang-praperadilan-yaqut-pekan-depan,"
Selasa, 24 Feb 2026 17:34 WIB "
"Terjerat Kasus Korupsi Kuota Haji, Yaqut: Ini Pelajaran bagi Tiap Pemimpin",https://news.detik.com/berita/d-8370215/terjerat-kasus-korupsi-kuota-haji-yaqut-ini-pelajaran-bagi-tiap-pemimpin,"
Selasa, 24 Feb 2026 12:52 WIB "
Banser NU Buat Barisan Saat Sidang Praperadilan Perdana Gus Yaqut di PN Jaksel,https://news.detik.com/berita/d-8370109/banser-nu-buat-barisan-saat-sidang-praperadilan-perdana-gus-yaqut-di-pn-jaksel,"
Selasa, 24 Feb 2026 12:09 WIB "
Simpatisan Yaqut Ditegur Hakim Usai Soraki KPK yang Absen Praperadilan,https://news.detik.com/berita/d-8370012/simpatisan-yaqut-ditegur-hakim-usai-soraki-kpk-yang-absen-praperadilan,"
Selasa, 24 Feb 2026 11:37 WIB "
"KPK Absen, Sidang Praperadilan Gus Yaqut di Kasus Kuota Haji Ditunda 3 Maret",https://news.detik.com/berita/d-8369955/kpk-absen-sidang-praperadilan-gus-yaqut-di-kasus-kuota-haji-ditunda-3-maret,"
Selasa, 24 Feb 2026 11:12 WIB "
"Eks Menag Yaqut Hadiri Sidang Praperadilan Lawan KPK: Siap, Berdoa Setiap Saat",https://news.detik.com/berita/d-8369855/eks-menag-yaqut-hadiri-sidang-praperadilan-lawan-kpk-siap-berdoa-setiap-saat,"
Selasa, 24 Feb 2026 10:20 WIB "
KPK Minta Penundaan Sidang Praperadilan Yaqut Hari Ini,https://news.detik.com/berita/d-8369853/kpk-minta-penundaan-sidang-praperadilan-yaqut-hari-ini,"
Selasa, 24 Feb 2026 10:19 WIB "
Sidang Perdana Praperadilan Eks Menag Yaqut Lawan KPK Digelar Hari Ini,https://news.detik.com/berita/d-8369787/sidang-perdana-praperadilan-eks-menag-yaqut-lawan-kpk-digelar-hari-ini,"
Selasa, 24 Feb 2026 09:37 WIB "
KPK Ungkap Alasan Tak Perpanjang Pencekalan Bos Maktour di Kasus Kuota Haji,https://news.detik.com/berita/d-8364167/kpk-ungkap-alasan-tak-perpanjang-pencekalan-bos-maktour-di-kasus-kuota-haji,"
Jumat, 20 Feb 2026 12:44 WIB "
KPK Hentikan Masa Cekal Bos Maktour Fuad Hasan Terkait Korupsi Kuota Haji,https://news.detik.com/berita/d-8363423/kpk-hentikan-masa-cekal-bos-maktour-fuad-hasan-terkait-korupsi-kuota-haji,"
Kamis, 19 Feb 2026 20:17 WIB "
KPK Perpanjang Masa Cekal Eks Menag Yaqut ke Luar Negeri,https://news.detik.com/berita/d-8363332/kpk-perpanjang-masa-cekal-eks-menag-yaqut-ke-luar-negeri,"
Kamis, 19 Feb 2026 19:11 WIB "
KPK Ungkap Klarifikasi Gus Yaqut ke BPK Terkait Kerugian Negara di Kasus Haji,https://news.detik.com/berita/d-8353720/kpk-ungkap-klarifikasi-gus-yaqut-ke-bpk-terkait-kerugian-negara-di-kasus-haji,"
Kamis, 12 Feb 2026 22:28 WIB "
"Yaqut Melawan, KPK Tak Takut",https://news.detik.com/berita/d-8352227/yaqut-melawan-kpk-tak-takut,"
Kamis, 12 Feb 2026 08:01 WIB "
Eks Menag Yaqut Diperiksa BPK Terkait Kerugian Negara Korupsi Kuota Haji,https://news.detik.com/berita/d-8352018/eks-menag-yaqut-diperiksa-bpk-terkait-kerugian-negara-korupsi-kuota-haji,"
Rabu, 11 Feb 2026 21:46 WIB "
KPK Tak Gentar Hadapi Perlawanan Eks Menag Yaqut di Praperadilan,https://news.detik.com/berita/d-8350907/kpk-tak-gentar-hadapi-perlawanan-eks-menag-yaqut-di-praperadilan,"
Rabu, 11 Feb 2026 11:41 WIB "
Eks Menag Yaqut Ajukan Praperadilan Lawan Status Tersangka KPK,https://news.detik.com/berita/d-8350881/eks-menag-yaqut-ajukan-praperadilan-lawan-status-tersangka-kpk,"
Rabu, 11 Feb 2026 11:31 WIB "
KPK Ungkap Biro Travel Haji Takut Blak-blakan soal Duit ke Oknum Kemenag,https://news.detik.com/berita/d-8339510/kpk-ungkap-biro-travel-haji-takut-blak-blakan-soal-duit-ke-oknum-kemenag,"
Selasa, 03 Feb 2026 22:50 WIB "
"Periksa Direktur Biro Travel Haji, KPK Dalami Aliran Uang ke Oknum Kemenag",https://news.detik.com/berita/d-8339316/periksa-direktur-biro-travel-haji-kpk-dalami-aliran-uang-ke-oknum-kemenag,"
Selasa, 03 Feb 2026 19:50 WIB "
KPK Panggil Sejumlah Direktur Travel Jadi Saksi Kasus Kuota Haji,https://news.detik.com/berita/d-8338300/kpk-panggil-sejumlah-direktur-travel-jadi-saksi-kasus-kuota-haji,"
Selasa, 03 Feb 2026 12:20 WIB "
Perdana Eks Menag Yaqut Diperiksa KPK Sejak Jadi Tersangka,https://news.detik.com/berita/d-8333836/perdana-eks-menag-yaqut-diperiksa-kpk-sejak-jadi-tersangka,"
Sabtu, 31 Jan 2026 08:00 WIB "
KPK Ungkap Alasan Belum Tahan Eks Menag Yaqut di Kasus Korupsi Kuota Haji,https://news.detik.com/berita/d-8333584/kpk-ungkap-alasan-belum-tahan-eks-menag-yaqut-di-kasus-korupsi-kuota-haji,"
Jumat, 30 Jan 2026 20:25 WIB "
"Gus Yaqut Diperiksa KPK, Gus Yahya Tegaskan Tak Terlibat Kasus Kuota Haji",https://news.detik.com/berita/d-8333544/gus-yaqut-diperiksa-kpk-gus-yahya-tegaskan-tak-terlibat-kasus-kuota-haji,"
Jumat, 30 Jan 2026 19:53 WIB "
Eks Menag Yaqut Bantah Beri Tambahan Kuota Haji Khusus ke Maktour,https://news.detik.com/berita/d-8333415/eks-menag-yaqut-bantah-beri-tambahan-kuota-haji-khusus-ke-maktour,"
Jumat, 30 Jan 2026 18:47 WIB "
Eks Menag Yaqut Belum Ditahan Usai 5 Jam Diperiksa KPK soal Korupsi Kuota Haji,https://news.detik.com/berita/d-8333335/eks-menag-yaqut-belum-ditahan-usai-5-jam-diperiksa-kpk-soal-korupsi-kuota-haji,"
Jumat, 30 Jan 2026 18:12 WIB "
Kata Jokowi soal Namanya Disebut di Sejumlah Kasus Eks Menteri,https://news.detik.com/berita/d-8332756/kata-jokowi-soal-namanya-disebut-di-sejumlah-kasus-eks-menteri,"
Jumat, 30 Jan 2026 14:04 WIB "
Eks Menag Yaqut Penuhi Panggilan KPK Terkait Kasus Korupsi Haji,https://news.detik.com/berita/d-8332715/eks-menag-yaqut-penuhi-panggilan-kpk-terkait-kasus-korupsi-haji,"
Jumat, 30 Jan 2026 13:45 WIB "
Eks Menag Yaqut Pastikan Hadiri Pemeriksaan KPK Terkait Kasus Kuota Haji,https://news.detik.com/berita/d-8332558/eks-menag-yaqut-pastikan-hadiri-pemeriksaan-kpk-terkait-kasus-kuota-haji,"
Jumat, 30 Jan 2026 12:06 WIB "
"KPK Panggil Eks Menag Yaqut Hari Ini, Dalami Kerugian Negara Kasus Kuota Haji",https://news.detik.com/berita/d-8332229/kpk-panggil-eks-menag-yaqut-hari-ini-dalami-kerugian-negara-kasus-kuota-haji,"
Jumat, 30 Jan 2026 08:32 WIB "
Alasan KPK Belum Tahan Eks Stafsus Yaqut Gus Alex di Kasus Kuota Haji,https://news.detik.com/berita/d-8331899/alasan-kpk-belum-tahan-eks-stafsus-yaqut-gus-alex-di-kasus-kuota-haji,"
Kamis, 29 Jan 2026 20:48 WIB "
"2 Kali Diperiksa, Gus Alex Tersangka Kasus Haji Belum Ditahan KPK",https://news.detik.com/berita/d-8331665/2-kali-diperiksa-gus-alex-tersangka-kasus-haji-belum-ditahan-kpk,"
Kamis, 29 Jan 2026 18:27 WIB "
"KPK Periksa Lagi Gus Alex, Kebut Hitung Kerugian Negara Kasus Kuota Haji",https://news.detik.com/berita/d-8330909/kpk-periksa-lagi-gus-alex-kebut-hitung-kerugian-negara-kasus-kuota-haji,"
Kamis, 29 Jan 2026 13:08 WIB "
KPK Periksa Eks Kasubdit di Ditjen PHU Kemenag Terkait Kasus Kuota Haji,https://news.detik.com/berita/d-8327552/kpk-periksa-eks-kasubdit-di-ditjen-phu-kemenag-terkait-kasus-kuota-haji,"
Selasa, 27 Jan 2026 14:03 WIB "
KPK: Perhitungan Kerugian Negara di Kasus Kuota Haji Masuk Tahap Akhir,https://news.detik.com/berita/d-8326766/kpk-perhitungan-kerugian-negara-di-kasus-kuota-haji-masuk-tahap-akhir,"
Senin, 26 Jan 2026 23:05 WIB "
"Diperiksa KPK, Bos Maktour Fuad Sebut Pembagian Kuota Haji Wewenang Kemenag",https://news.detik.com/berita/d-8326694/diperiksa-kpk-bos-maktour-fuad-sebut-pembagian-kuota-haji-wewenang-kemenag,"
Senin, 26 Jan 2026 21:27 WIB "
KPK Cecar Petinggi Kesthuri Terkait Dugaan Jadi Pengepul Uang di Kasus Haji,https://news.detik.com/berita/d-8326638/kpk-cecar-petinggi-kesthuri-terkait-dugaan-jadi-pengepul-uang-di-kasus-haji,"
Senin, 26 Jan 2026 20:45 WIB "
"Periksa Gus Alex, KPK Usut Aliran Uang dari Biro Travel di Kasus Kuota Haji",https://news.detik.com/berita/d-8326580/periksa-gus-alex-kpk-usut-aliran-uang-dari-biro-travel-di-kasus-kuota-haji,"
Senin, 26 Jan 2026 20:12 WIB "
3 Kata Gus Alex Usai Diperiksa di Kasus Kuota Haji: Ke Penyidik Aja,https://news.detik.com/berita/d-8326426/3-kata-gus-alex-usai-diperiksa-di-kasus-kuota-haji-ke-penyidik-aja,"
Senin, 26 Jan 2026 18:19 WIB "
KPK Periksa Gus Alex Tersangka Kasus Dugaan Korupsi Kuota Haji,https://news.detik.com/berita/d-8325683/kpk-periksa-gus-alex-tersangka-kasus-dugaan-korupsi-kuota-haji,"
Senin, 26 Jan 2026 13:17 WIB "
"Fuad Bos Maktour Penuhi Panggilan KPK, Ngaku Sulit Dapat Kuota Haji",https://news.detik.com/berita/d-8325505/fuad-bos-maktour-penuhi-panggilan-kpk-ngaku-sulit-dapat-kuota-haji,"
Senin, 26 Jan 2026 11:58 WIB "
KPK Panggil Lagi Bos Maktour Fuad Hasan Terkait Kasus Korupsi Kuota Haji,https://news.detik.com/berita/d-8325229/kpk-panggil-lagi-bos-maktour-fuad-hasan-terkait-kasus-korupsi-kuota-haji,"
Senin, 26 Jan 2026 09:47 WIB "
Bukti Kuat Kasus Kuota Haji Dikantongi KPK Usai Eks Menpora Bersaksi,https://news.detik.com/berita/d-8323746/bukti-kuat-kasus-kuota-haji-dikantongi-kpk-usai-eks-menpora-bersaksi,"
Minggu, 25 Jan 2026 05:02 WIB "
Yang Bikin KPK Periksa Eks Menpora Dito Terkait Kasus Kuota Haji,https://news.detik.com/berita/d-8323036/yang-bikin-kpk-periksa-eks-menpora-dito-terkait-kasus-kuota-haji,"
Sabtu, 24 Jan 2026 15:20 WIB "
KPK Dapat Bukti Kuat Usai Dito Bersaksi soal Kuota Haji: Kemenag Melenceng,https://news.detik.com/berita/d-8322834/kpk-dapat-bukti-kuat-usai-dito-bersaksi-soal-kuota-haji-kemenag-melenceng,"
Sabtu, 24 Jan 2026 13:14 WIB "
Poin Penting dari Pemeriksaan Eks Menpora Dito di Kasus Haji,https://news.detik.com/berita/d-8322459/poin-penting-dari-pemeriksaan-eks-menpora-dito-di-kasus-haji,"
Sabtu, 24 Jan 2026 07:00 WIB "
"KPK: Dito Ariotedjo Jelaskan Asal-usul Tambahan Kuota Haji, Perkuat Bukti Penyidik",https://news.detik.com/berita/d-8322178/kpk-dito-ariotedjo-jelaskan-asal-usul-tambahan-kuota-haji-perkuat-bukti-penyidik,"
Jumat, 23 Jan 2026 20:49 WIB "
Ini yang Digali KPK Saat Periksa Eks Menpora Dito di Kasus Kuota Haji,https://news.detik.com/berita/d-8322052/ini-yang-digali-kpk-saat-periksa-eks-menpora-dito-di-kasus-kuota-haji,"
Jumat, 23 Jan 2026 19:18 WIB "
Dito Ariotedjo Bantah Ada di TKP Saat KPK Geledah Rumah Bos Maktour,https://news.detik.com/berita/d-8321811/dito-ariotedjo-bantah-ada-di-tkp-saat-kpk-geledah-rumah-bos-maktour,"
Jumat, 23 Jan 2026 17:36 WIB "
"Diperiksa di Kasus Kuota Haji, Dito Ditanya Kunker ke Saudi Bareng Jokowi",https://news.detik.com/berita/d-8321726/diperiksa-di-kasus-kuota-haji-dito-ditanya-kunker-ke-saudi-bareng-jokowi,"
Jumat, 23 Jan 2026 17:02 WIB "
"Tiba di KPK, Eks Menpora Dito Diperiksa Jadi Saksi Kasus Kuota Haji",https://news.detik.com/berita/d-8321153/tiba-di-kpk-eks-menpora-dito-diperiksa-jadi-saksi-kasus-kuota-haji,"
Jumat, 23 Jan 2026 13:07 WIB "
Eks Menpora Dito Janji Hadir Jadi Saksi Kasus Kuota Haji di KPK Hari Ini,https://news.detik.com/berita/d-8320913/eks-menpora-dito-janji-hadir-jadi-saksi-kasus-kuota-haji-di-kpk-hari-ini,"
Jumat, 23 Jan 2026 10:45 WIB "
KPK Panggil Eks Menpora Dito Ariotedjo Jadi Saksi Kasus Korupsi Kuota Haji,https://news.detik.com/berita/d-8320730/kpk-panggil-eks-menpora-dito-ariotedjo-jadi-saksi-kasus-korupsi-kuota-haji,"
Jumat, 23 Jan 2026 08:59 WIB "
Sengkarut Kuota Haji Era Yaqut,https://news.detik.com/x/detail/spotlight/20260121/Sengkarut-Kuota-Haji-Era-Yaqut/,"
Rabu, 21 Jan 2026 17:18 WIB "
Kala Yaqut Tersangkut Dugaan Korupsi Kuota Haji,https://news.detik.com/x/detail/spotlight/20260120/Kala-Yaqut-Tersangkut-Dugaan-Korupsi-Kuota-Haji/,"
Selasa, 20 Jan 2026 18:02 WIB "
KPK Periksa Biro Travel di Kasus Kuota Haji yang Jerat Eks Menag Yaqut,https://news.detik.com/berita/d-8315949/kpk-periksa-biro-travel-di-kasus-kuota-haji-yang-jerat-eks-menag-yaqut,"
Selasa, 20 Jan 2026 15:02 WIB "
"KPK: Petinggi PWNU DKI Bantu Travel Urus Kuota Haji, Aliran Uang Didalami",https://news.detik.com/berita/d-8309634/kpk-petinggi-pwnu-dki-bantu-travel-urus-kuota-haji-aliran-uang-didalami,"
Kamis, 15 Jan 2026 20:40 WIB "
KPK: Aliran Duit Kasus Haji ke Ketua PBNU Gus Aiz Berasal dari Biro Travel,https://news.detik.com/berita/d-8309597/kpk-aliran-duit-kasus-haji-ke-ketua-pbnu-gus-aiz-berasal-dari-biro-travel,"
Kamis, 15 Jan 2026 20:21 WIB "
KPK Sebut Wakil Katib Syuriyah PWNU DKI Jadi Broker di Kasus Kuota Haji,https://news.detik.com/berita/d-8307854/kpk-sebut-wakil-katib-syuriyah-pwnu-dki-jadi-broker-di-kasus-kuota-haji,"
Rabu, 14 Jan 2026 20:54 WIB "
KPK Kantongi Identitas 'Cepu' Penghilang Barang Bukti saat Geledah Maktour,https://news.detik.com/berita/d-8307843/kpk-kantongi-identitas-cepu-penghilang-barang-bukti-saat-geledah-maktour,"
Rabu, 14 Jan 2026 20:37 WIB "
KPK Bakal Periksa Lagi Fuad Hasan Untuk Segera Lengkapi Berkas Perkara,https://news.detik.com/berita/d-8307809/kpk-bakal-periksa-lagi-fuad-hasan-untuk-segera-lengkapi-berkas-perkara,"
Rabu, 14 Jan 2026 20:00 WIB "
"Ketua PBNU Gus Aiz Bantah Terima Duit Kasus Haji, KPK Tegaskan Kantongi Bukti",https://news.detik.com/berita/d-8307578/ketua-pbnu-gus-aiz-bantah-terima-duit-kasus-haji-kpk-tegaskan-kantongi-bukti,"
Rabu, 14 Jan 2026 18:04 WIB "
"Punya Bukti Tebal Dugaan Korupsi Haji, Kapan KPK Periksa Yaqut?",https://news.detik.com/berita/d-8306278/punya-bukti-tebal-dugaan-korupsi-haji-kapan-kpk-periksa-yaqut,"
Rabu, 14 Jan 2026 06:06 WIB "
Ketua PBNU Gus Aiz Bantah Terima Aliran Dana Terkait Korupsi Kuota Haji,https://news.detik.com/berita/d-8306063/ketua-pbnu-gus-aiz-bantah-terima-aliran-dana-terkait-korupsi-kuota-haji,"
Selasa, 13 Jan 2026 20:16 WIB "
"Periksa Ketua PBNU Aizzudin, KPK Dalami Dugaan Aliran Dana Kasus Korupsi Haji",https://news.detik.com/berita/d-8305914/periksa-ketua-pbnu-aizzudin-kpk-dalami-dugaan-aliran-dana-kasus-korupsi-haji,"
Selasa, 13 Jan 2026 18:46 WIB "
Komisi VIII DPR Harap KPK Dalami Lagi Kasus Haji: Mungkin Tak Cuma 2 Tersangka,https://news.detik.com/berita/d-8305334/komisi-viii-dpr-harap-kpk-dalami-lagi-kasus-haji-mungkin-tak-cuma-2-tersangka,"
Selasa, 13 Jan 2026 14:43 WIB "
KPK Panggil Ketua PBNU Aizzudin Abdurrahman Jadi Saksi Kasus Korupsi Haji,https://news.detik.com/berita/d-8305052/kpk-panggil-ketua-pbnu-aizzudin-abdurrahman-jadi-saksi-kasus-korupsi-haji,"
Selasa, 13 Jan 2026 12:47 WIB "
Anggota DPR Minta KPK Usut Tuntas Kasus yang Jerat Yaqut: Haji Urusan Suci,https://news.detik.com/berita/d-8304520/anggota-dpr-minta-kpk-usut-tuntas-kasus-yang-jerat-yaqut-haji-urusan-suci,"
Selasa, 13 Jan 2026 06:52 WIB "
"Periksa Petinggi PWNU DKI, KPK Dalami Inisiasi Kuota Haji Khusus untuk Travel",https://news.detik.com/berita/d-8304480/periksa-petinggi-pwnu-dki-kpk-dalami-inisiasi-kuota-haji-khusus-untuk-travel,"
Selasa, 13 Jan 2026 00:18 WIB "
KPK Periksa Wakil Katib Syuriyah PWNU Jakarta Terkait Kasus Kuota Haji,https://news.detik.com/berita/d-8303294/kpk-periksa-wakil-katib-syuriyah-pwnu-jakarta-terkait-kasus-kuota-haji,"
Senin, 12 Jan 2026 13:40 WIB "
Bukti Tebal KPK Jerat Gus Yaqut Tersangka Korupsi Kuota Haji,https://news.detik.com/berita/d-8302665/bukti-tebal-kpk-jerat-gus-yaqut-tersangka-korupsi-kuota-haji,"
Senin, 12 Jan 2026 08:02 WIB "
KPK Ungkap Peran Eks Menag Yaqut-Gus Alex di Kasus Korupsi Kuota Haji,https://news.detik.com/berita/d-8301933/kpk-ungkap-peran-eks-menag-yaqut-gus-alex-di-kasus-korupsi-kuota-haji,"
Minggu, 11 Jan 2026 14:19 WIB "
"Gus Yaqut Tersangka Meski Kerugian Masih Dihitung, KPK: Bukti Sudah Tebal",https://news.detik.com/berita/d-8301811/gus-yaqut-tersangka-meski-kerugian-masih-dihitung-kpk-bukti-sudah-tebal,"
Minggu, 11 Jan 2026 13:10 WIB "
KPK Bicara soal Tersangka Selain Yaqut-Gus Alex di Korupsi Kuota Haji,https://news.detik.com/berita/d-8301305/kpk-bicara-soal-tersangka-selain-yaqut-gus-alex-di-korupsi-kuota-haji,"
Sabtu, 10 Jan 2026 21:38 WIB "
KPK Masih Tunggu Pengembalian dari Biro Travel Terkait Kasus Kuota Haji,https://news.detik.com/berita/d-8301291/kpk-masih-tunggu-pengembalian-dari-biro-travel-terkait-kasus-kuota-haji,"
Sabtu, 10 Jan 2026 21:21 WIB "
Timeline KPK Usut Kasus Korupsi Haji hingga Umumkan Yaqut Jadi Tersangka,https://news.detik.com/berita/d-8300654/timeline-kpk-usut-kasus-korupsi-haji-hingga-umumkan-yaqut-jadi-tersangka,"
Sabtu, 10 Jan 2026 12:14 WIB "
"KPK Tetapkan Yaqut Tersangka Kasus Haji, Eks Penyidik: Bongkar Sindikatnya",https://news.detik.com/berita/d-8300409/kpk-tetapkan-yaqut-tersangka-kasus-haji-eks-penyidik-bongkar-sindikatnya,"
Sabtu, 10 Jan 2026 08:32 WIB "
"Yaqut Tersangka Kasus Korupsi Kuota Haji, PBNU: Itu Masalah Pribadi",https://news.detik.com/berita/d-8300388/yaqut-tersangka-kasus-korupsi-kuota-haji-pbnu-itu-masalah-pribadi,"
Sabtu, 10 Jan 2026 07:54 WIB "
5 Hal soal Gus Yaqut dan Gus Alex Jadi Tersangka Kasus Korupsi Haji,https://news.detik.com/berita/d-8300346/5-hal-soal-gus-yaqut-dan-gus-alex-jadi-tersangka-kasus-korupsi-haji,"
Sabtu, 10 Jan 2026 06:40 WIB "
"Yaqut Tersangka Kasus Haji, Gus Yahya: Masalah Hukum Saya Tak Ikut Campur",https://news.detik.com/berita/d-8299973/yaqut-tersangka-kasus-haji-gus-yahya-masalah-hukum-saya-tak-ikut-campur,"
Jumat, 09 Jan 2026 19:04 WIB "
"Jadi Tersangka Kasus Haji, Eks Menag Yaqut Punya Harta Rp 13,7 M",https://news.detik.com/berita/d-8299757/jadi-tersangka-kasus-haji-eks-menag-yaqut-punya-harta-rp-13-7-m,"
Jumat, 09 Jan 2026 16:55 WIB "
Pengacara Buka Suara Usai Yaqut Jadi Tersangka Kasus Korupsi Kuota Haji,https://news.detik.com/berita/d-8299613/pengacara-buka-suara-usai-yaqut-jadi-tersangka-kasus-korupsi-kuota-haji,"
Jumat, 09 Jan 2026 15:55 WIB "
KPK Terima Pengembalian Rp 100 M dari Travel Terkait Kasus Korupsi Haji,https://news.detik.com/berita/d-8299591/kpk-terima-pengembalian-rp-100-m-dari-travel-terkait-kasus-korupsi-haji,"
Jumat, 09 Jan 2026 15:47 WIB "
KPK soal Kapan Tahan Gus Yaqut-Gus Alex Tersangka Kasus Haji: Secepatnya,https://news.detik.com/berita/d-8299540/kpk-soal-kapan-tahan-gus-yaqut-gus-alex-tersangka-kasus-haji-secepatnya,"
Jumat, 09 Jan 2026 15:29 WIB "
"KPK: Yaqut Tersangka Kasus Haji Sejak Kemarin, Surat Penetapan Sudah Dikirim",https://news.detik.com/berita/d-8299509/kpk-yaqut-tersangka-kasus-haji-sejak-kemarin-surat-penetapan-sudah-dikirim,"
Jumat, 09 Jan 2026 15:22 WIB "
"KPK: Penetapan Tersangka Eks Menag Dilakukan 8 Januari, Surat Sudah Dikirim",https://news.detik.com/berita/d-8299505/kpk-penetapan-tersangka-eks-menag-dilakukan-8-januari-surat-sudah-dikirim,"
Jumat, 09 Jan 2026 15:19 WIB "
"KPK Jerat Gus Yaqut Tersangka Kasus Haji, Kerugian Negara Masih Dihitung",https://news.detik.com/berita/d-8299462/kpk-jerat-gus-yaqut-tersangka-kasus-haji-kerugian-negara-masih-dihitung,"
Jumat, 09 Jan 2026 15:04 WIB "
KPK Juga Tetapkan Gus Alex Jadi Tersangka Kasus Korupsi Haji,https://news.detik.com/berita/d-8299399/kpk-juga-tetapkan-gus-alex-jadi-tersangka-kasus-korupsi-haji,"
Jumat, 09 Jan 2026 14:38 WIB "
KPK Tetapkan Eks Menag Yaqut Tersangka Kasus Korupsi Kuota Haji,https://news.detik.com/berita/d-8299311/kpk-tetapkan-eks-menag-yaqut-tersangka-kasus-korupsi-kuota-haji,"
Jumat, 09 Jan 2026 13:56 WIB "
Dinamika di Pucuk Pimpinan KPK soal Siapa Tersangka Kasus Haji,https://news.detik.com/berita/d-8297003/dinamika-di-pucuk-pimpinan-kpk-soal-siapa-tersangka-kasus-haji,"
Kamis, 08 Jan 2026 07:19 WIB "
"KPK: BPK Sepakat Kerugian Kasus Haji Bisa Dihitung, Tersangka Segera Diumumkan",https://news.detik.com/berita/d-8295935/kpk-bpk-sepakat-kerugian-kasus-haji-bisa-dihitung-tersangka-segera-diumumkan,"
Rabu, 07 Jan 2026 13:51 WIB "
Ketua KPK Bantah Pimpinan Terbelah soal Kasus Kuota Haji: Satu Suara,https://news.detik.com/berita/d-8295818/ketua-kpk-bantah-pimpinan-terbelah-soal-kasus-kuota-haji-satu-suara,"
Rabu, 07 Jan 2026 12:49 WIB "
KPK Janji Segera Tetapkan Tersangka Kasus Kuota Haji: Lambat tapi Pasti,https://news.detik.com/berita/d-8272177/kpk-janji-segera-tetapkan-tersangka-kasus-kuota-haji-lambat-tapi-pasti,"
Senin, 22 Des 2025 15:38 WIB "
"KPK ke Saudi Bareng BPK, Hitung Kerugian Negara di Kasus Kuota Haji",https://news.detik.com/berita/d-8264316/kpk-ke-saudi-bareng-bpk-hitung-kerugian-negara-di-kasus-kuota-haji,"
Rabu, 17 Des 2025 14:33 WIB "
Yang Diusut KPK Usai Kedua Kalinya Periksa Eks Menag Yaqut,https://news.detik.com/berita/d-8263565/yang-diusut-kpk-usai-kedua-kalinya-periksa-eks-menag-yaqut,"
Rabu, 17 Des 2025 06:05 WIB "
KPK Cecar Yaqut soal Aliran Uang ke Oknum Kemenag Terkait Kasus Kuota Haji,https://news.detik.com/berita/d-8263445/kpk-cecar-yaqut-soal-aliran-uang-ke-oknum-kemenag-terkait-kasus-kuota-haji,"
Selasa, 16 Des 2025 22:29 WIB "
Eks Bendahara Amphuri Ngaku Dicecar soal Audit BPK di Kasus Kuota Haji,https://news.detik.com/berita/d-8263379/eks-bendahara-amphuri-ngaku-dicecar-soal-audit-bpk-di-kasus-kuota-haji,"
Selasa, 16 Des 2025 21:23 WIB "
Eks Menag Yaqut Irit Bicara Usai 8 Jam Diperiksa KPK di Kasus Kuota Haji,https://news.detik.com/berita/d-8263352/eks-menag-yaqut-irit-bicara-usai-8-jam-diperiksa-kpk-di-kasus-kuota-haji,"
Selasa, 16 Des 2025 20:55 WIB "
"Periksa Eks Bendahara Amphuri, KPK Hitung Kerugian Negara Kasus Kuota Haji",https://news.detik.com/berita/d-8262800/periksa-eks-bendahara-amphuri-kpk-hitung-kerugian-negara-kasus-kuota-haji,"
Selasa, 16 Des 2025 16:19 WIB "
Apa Saja 'Oleh-oleh' dari Saudi yang Bikin KPK Periksa Eks Menag Yaqut Lagi?,https://news.detik.com/berita/d-8262667/apa-saja-oleh-oleh-dari-saudi-yang-bikin-kpk-periksa-eks-menag-yaqut-lagi,"
Selasa, 16 Des 2025 15:34 WIB "
"Periksa Eks Menag Yaqut, KPK Dalami Temuan Penyidik di Arab Saudi",https://news.detik.com/berita/d-8262474/periksa-eks-menag-yaqut-kpk-dalami-temuan-penyidik-di-arab-saudi,"
Selasa, 16 Des 2025 14:17 WIB "
"Eks Menag Yaqut Penuhi Panggilan KPK, Diperiksa Terkait Kasus Kuota Haji",https://news.detik.com/berita/d-8262189/eks-menag-yaqut-penuhi-panggilan-kpk-diperiksa-terkait-kasus-kuota-haji,"
Selasa, 16 Des 2025 12:02 WIB "
KPK Panggil Eks Menag Yaqut Terkait Kasus Haji Hari Ini,https://news.detik.com/berita/d-8261911/kpk-panggil-eks-menag-yaqut-terkait-kasus-haji-hari-ini,"
Selasa, 16 Des 2025 09:43 WIB "
KPK Ungkap Hasil Pendalaman Penyidik di Arab Saudi Terkait Korupsi Kuota Haji,https://news.detik.com/berita/d-8261650/kpk-ungkap-hasil-pendalaman-penyidik-di-arab-saudi-terkait-korupsi-kuota-haji,"
Senin, 15 Des 2025 23:05 WIB "
KPK Panggil Lagi Eks Menag Yaqut soal Korupsi Kuota Haji Pekan ini,https://news.detik.com/berita/d-8261603/kpk-panggil-lagi-eks-menag-yaqut-soal-korupsi-kuota-haji-pekan-ini,"
Senin, 15 Des 2025 22:15 WIB "
Hakim Tak Terima Praperadilan LP3HI Terkait Kasus Korupsi Kuota Haji 2024,https://news.detik.com/berita/d-8250822/hakim-tak-terima-praperadilan-lp3hi-terkait-kasus-korupsi-kuota-haji-2024,"
Selasa, 09 Des 2025 14:03 WIB "
KPK Bakal Periksa Lagi Eks Menag Yaqut Terkait Kasus Kuota Haji,https://news.detik.com/berita/d-8245901/kpk-bakal-periksa-lagi-eks-menag-yaqut-terkait-kasus-kuota-haji,"
Jumat, 05 Des 2025 23:01 WIB "
"Masih di Saudi, Penyidik KPK Cek Kesesuaian Fasilitas Didapat Jemaah Haji",https://news.detik.com/berita/d-8245704/masih-di-saudi-penyidik-kpk-cek-kesesuaian-fasilitas-didapat-jemaah-haji,"
Jumat, 05 Des 2025 19:49 WIB "
Sidang Putusan Praperadilan LP3HI soal Korupsi Kuota Haji Digelar 9 Desember,https://news.detik.com/berita/d-8244911/sidang-putusan-praperadilan-lp3hi-soal-korupsi-kuota-haji-digelar-9-desember,"
Jumat, 05 Des 2025 14:08 WIB "
"Cekal Sejumlah Orang, KPK Usut Otak Utama Korupsi Kuota Haji",https://news.detik.com/berita/d-8241157/cekal-sejumlah-orang-kpk-usut-otak-utama-korupsi-kuota-haji,"
Rabu, 03 Des 2025 13:48 WIB "
KPK Jawab Gugatan Praperadilan LP3HI dkk Terkait Korupsi Kuota Haji,https://news.detik.com/berita/d-8238843/kpk-jawab-gugatan-praperadilan-lp3hi-dkk-terkait-korupsi-kuota-haji,"
Selasa, 02 Des 2025 10:49 WIB "
Kasus Korupsi Kuota Haji Bikin Penyidik KPK Terbang ke Arab Saudi,https://news.detik.com/berita/d-8238578/kasus-korupsi-kuota-haji-bikin-penyidik-kpk-terbang-ke-arab-saudi,"
Selasa, 02 Des 2025 07:59 WIB "
"Penyidik KPK Sudah di Arab Saudi Usut Korupsi Kuota Haji, Ini yang Didalami",https://news.detik.com/berita/d-8238506/penyidik-kpk-sudah-di-arab-saudi-usut-korupsi-kuota-haji-ini-yang-didalami,"
Senin, 01 Des 2025 23:48 WIB "
Jaksa Cecar Saksi Kasus Korupsi Minyak Rp 285 T soal Sosok 'Pak Haji',https://news.detik.com/berita/d-8227767/jaksa-cecar-saksi-kasus-korupsi-minyak-rp-285-t-soal-sosok-pak-haji,"
Selasa, 25 Nov 2025 15:20 WIB "
"Belum Tetapkan Tersangka, Ini yang Masih Digali KPK Terkait Kasus Kuota Haji",https://news.detik.com/berita/d-8222618/belum-tetapkan-tersangka-ini-yang-masih-digali-kpk-terkait-kasus-kuota-haji,"
Jumat, 21 Nov 2025 20:14 WIB "
KPK Kembali Sita Rumah hingga Mobil Terkait Kasus Korupsi Kuota Haji,https://news.detik.com/berita/d-8218689/kpk-kembali-sita-rumah-hingga-mobil-terkait-kasus-korupsi-kuota-haji,"
Rabu, 19 Nov 2025 17:24 WIB "
KPK Panggil 9 Bos Travel Terkait Dugaan Korupsi Kuota Haji Hari Ini,https://news.detik.com/berita/d-8218642/kpk-panggil-9-bos-travel-terkait-dugaan-korupsi-kuota-haji-hari-ini,"
Rabu, 19 Nov 2025 17:02 WIB "
KPK Panggil 12 Saksi Terkait Kasus Korupsi Kuota Haji Hari Ini,https://news.detik.com/berita/d-8214470/kpk-panggil-12-saksi-terkait-kasus-korupsi-kuota-haji-hari-ini,"
Senin, 17 Nov 2025 12:32 WIB "
Perkara Baru Terkait Haji Mulai Diselidiki KPK,https://news.detik.com/berita/d-8208063/perkara-baru-terkait-haji-mulai-diselidiki-kpk,"
Kamis, 13 Nov 2025 07:00 WIB "
BPKH Buka Suara soal KPK Usut Kasus Terkait Pengadaan Fasilitas Jemaah Haji,https://news.detik.com/berita/d-8207467/bpkh-buka-suara-soal-kpk-usut-kasus-terkait-pengadaan-fasilitas-jemaah-haji,"
Rabu, 12 Nov 2025 17:22 WIB "
Eks Direktur Kemenag Irit Bicara Usai Diperiksa KPK di Kasus Kuota Haji,https://news.detik.com/berita/d-8207119/eks-direktur-kemenag-irit-bicara-usai-diperiksa-kpk-di-kasus-kuota-haji,"
Rabu, 12 Nov 2025 15:01 WIB "
"KPK Selidiki Kasus Baru Terkait Haji, Kali Ini soal Pengadaan Fasilitas Jemaah",https://news.detik.com/berita/d-8206764/kpk-selidiki-kasus-baru-terkait-haji-kali-ini-soal-pengadaan-fasilitas-jemaah,"
Rabu, 12 Nov 2025 12:24 WIB "
KPK Panggil Eks Direktur Pelayanan Haji LN Kemenag Terkait Kasus Kuota Haji,https://news.detik.com/berita/d-8206493/kpk-panggil-eks-direktur-pelayanan-haji-ln-kemenag-terkait-kasus-kuota-haji,"
Rabu, 12 Nov 2025 10:04 WIB "
"LP3HI Ajukan Praperadilan, KPK Tegaskan Korupsi Kuota Haji Tak Disetop",https://news.detik.com/berita/d-8206041/lp3hi-ajukan-praperadilan-kpk-tegaskan-korupsi-kuota-haji-tak-disetop,"
Selasa, 11 Nov 2025 19:43 WIB "
KPK Sudah Periksa 350 Lebih Travel Terkait Kasus Kuota Haji,https://news.detik.com/berita/d-8205003/kpk-sudah-periksa-350-lebih-travel-terkait-kasus-kuota-haji,"
Selasa, 11 Nov 2025 12:31 WIB "
"Usut Kasus Korupsi Kuota Haji, KPK Akan Terbang ke Arab Saudi",https://news.detik.com/berita/d-8204165/usut-kasus-korupsi-kuota-haji-kpk-akan-terbang-ke-arab-saudi,"
Senin, 10 Nov 2025 19:55 WIB "
KPK Minta Pembenahan Penyelenggaraan Haji Usai Kasus Korupsi Kuota,https://news.detik.com/berita/d-8188535/kpk-minta-pembenahan-penyelenggaraan-haji-usai-kasus-korupsi-kuota,"
Jumat, 31 Okt 2025 23:24 WIB "
KPK Sita Mata Uang Asing Usai Periksa 3 Biro Travel Haji di Jogja,https://news.detik.com/berita/d-8176640/kpk-sita-mata-uang-asing-usai-periksa-3-biro-travel-haji-di-jogja,"
Jumat, 24 Okt 2025 15:24 WIB "
"1 PIHK Absen Panggilan Terkait Kasus Kuota Haji, KPK Minta Kooperatif",https://news.detik.com/berita/d-8176597/1-pihk-absen-panggilan-terkait-kasus-kuota-haji-kpk-minta-kooperatif,"
Jumat, 24 Okt 2025 15:09 WIB "
"Hitung Kerugian Negara di Korupsi Kuota Haji, KPK Sudah Periksa 300 PIHK",https://news.detik.com/berita/d-8175620/hitung-kerugian-negara-di-korupsi-kuota-haji-kpk-sudah-periksa-300-pihk,"
Kamis, 23 Okt 2025 21:14 WIB "
"Usai dari Jatim, KPK Mulai Bergerak ke Jogja Usut Korupsi Kuota Haji",https://news.detik.com/berita/d-8172128/usai-dari-jatim-kpk-mulai-bergerak-ke-jogja-usut-korupsi-kuota-haji,"
Selasa, 21 Okt 2025 22:51 WIB "
KPK Panggil 5 Direktur Perusahaan Travel Terkait Korupsi Kuota Haji,https://news.detik.com/berita/d-8170947/kpk-panggil-5-direktur-perusahaan-travel-terkait-korupsi-kuota-haji,"
Selasa, 21 Okt 2025 12:36 WIB "
Eks Ketua Koperasi Amphuri Ngaku Tak Tahu soal Pembagian Kuota Haji,https://news.detik.com/berita/d-8160474/eks-ketua-koperasi-amphuri-ngaku-tak-tahu-soal-pembagian-kuota-haji,"
Selasa, 14 Okt 2025 16:34 WIB "
"Jaksa Agung: Pengelolaan Urusan Haji Pindah, Jangan Sampai Penyakitnya Juga",https://news.detik.com/berita/d-8160282/jaksa-agung-pengelolaan-urusan-haji-pindah-jangan-sampai-penyakitnya-juga,"
Selasa, 14 Okt 2025 15:22 WIB "
KPK Periksa Eks Ketua Koperasi Amphuri Bangkit Melayani di Kasus Kuota Haji,https://news.detik.com/berita/d-8160020/kpk-periksa-eks-ketua-koperasi-amphuri-bangkit-melayani-di-kasus-kuota-haji,"
Selasa, 14 Okt 2025 13:39 WIB "
Anggota DPRD Mojokerto Irit Bicara Usai Diperiksa KPK di Kasus Kuota Haji,https://news.detik.com/berita/d-8158802/anggota-dprd-mojokerto-irit-bicara-usai-diperiksa-kpk-di-kasus-kuota-haji,"
Senin, 13 Okt 2025 16:55 WIB "
KPK Periksa Anggota DPRD Mojokerto Jadi Saksi Kasus Korupsi Kuota Haji 2024,https://news.detik.com/berita/d-8158336/kpk-periksa-anggota-dprd-mojokerto-jadi-saksi-kasus-korupsi-kuota-haji-2024,"
Senin, 13 Okt 2025 13:27 WIB "
KPK Masih Hitung Kerugian Negara Kasus Korupsi Kuota Haji,https://news.detik.com/berita/d-8157752/kpk-masih-hitung-kerugian-negara-kasus-korupsi-kuota-haji,"
Senin, 13 Okt 2025 06:45 WIB "
KPK Dalami Temuan Masalah Katering Jemaah Haji,https://news.detik.com/berita/d-8152936/kpk-dalami-temuan-masalah-katering-jemaah-haji,"
Kamis, 09 Okt 2025 15:31 WIB "
KPK Bongkar Kasus Korupsi Kuota Haji Usai Dalami dan Analisis Temuan Pansus,https://news.detik.com/berita/d-8152907/kpk-bongkar-kasus-korupsi-kuota-haji-usai-dalami-dan-analisis-temuan-pansus,"
Kamis, 09 Okt 2025 15:18 WIB "
KPK Periksa Kepala Daker Bandara PPIH Arab Saudi di Kasus Kuota Haji,https://news.detik.com/berita/d-8152502/kpk-periksa-kepala-daker-bandara-ppih-arab-saudi-di-kasus-kuota-haji,"
Kamis, 09 Okt 2025 12:43 WIB "
Kakanwil Kemenag Jateng Dicecar KPK soal Pembagian Kuota Haji,https://news.detik.com/berita/d-8151702/kakanwil-kemenag-jateng-dicecar-kpk-soal-pembagian-kuota-haji,"
Rabu, 08 Okt 2025 20:13 WIB "
KPK Panggil Kakanwil Kemenag Jateng Terkait Korupsi Kuota Haji 2024,https://news.detik.com/berita/d-8150676/kpk-panggil-kakanwil-kemenag-jateng-terkait-korupsi-kuota-haji-2024,"
Rabu, 08 Okt 2025 12:28 WIB "
KPK Cecar Eks Bendahara Amphuri soal Uang Percepatan Berangkat Haji,https://news.detik.com/berita/d-8149969/kpk-cecar-eks-bendahara-amphuri-soal-uang-percepatan-berangkat-haji,"
Selasa, 07 Okt 2025 20:01 WIB "
KPK Ungkap Ada Biro Travel Tak Berizin Dapat Jatah Haji Khusus 2024,https://news.detik.com/berita/d-8149706/kpk-ungkap-ada-biro-travel-tak-berizin-dapat-jatah-haji-khusus-2024,"
Selasa, 07 Okt 2025 17:51 WIB "
KPK Ungkap Ada Kuota Petugas Haji 2024 Diperjualbelikan ke Jemaah,https://news.detik.com/berita/d-8149658/kpk-ungkap-ada-kuota-petugas-haji-2024-diperjualbelikan-ke-jemaah,"
Selasa, 07 Okt 2025 17:29 WIB "
Eks Bendahara Sebut Amphuri Tak Intervensi Kuota Haji 2024: Wewenang Gus Yaqut,https://news.detik.com/berita/d-8149556/eks-bendahara-sebut-amphuri-tak-intervensi-kuota-haji-2024-wewenang-gus-yaqut,"
Selasa, 07 Okt 2025 16:36 WIB "
KPK Kembali Panggil Eks Bendahara Amphuri Terkait Kasus Korupsi Kuota Haji,https://news.detik.com/berita/d-8148812/kpk-kembali-panggil-eks-bendahara-amphuri-terkait-kasus-korupsi-kuota-haji,"
Selasa, 07 Okt 2025 11:38 WIB "
Kata KPK Hanya Masalah Waktu Sebelum Spill Siapa Tersangka Kasus Haji,https://news.detik.com/berita/d-8148490/kata-kpk-hanya-masalah-waktu-sebelum-spill-siapa-tersangka-kasus-haji,"
Selasa, 07 Okt 2025 07:30 WIB "
KPK Telisik Alur Duit Percepatan Haji Mengalir ke Oknum di Kemenag,https://news.detik.com/berita/d-8148220/kpk-telisik-alur-duit-percepatan-haji-mengalir-ke-oknum-di-kemenag,"
Senin, 06 Okt 2025 20:23 WIB "
KPK Beberkan Sumber Uang yang Disita di Kasus Kuota Haji,https://news.detik.com/berita/d-8148189/kpk-beberkan-sumber-uang-yang-disita-di-kasus-kuota-haji,"
Senin, 06 Okt 2025 20:06 WIB "
Ketua KPK: Penetapan Tersangka Kasus Korupsi Kuota Haji Hanya Masalah Waktu,https://news.detik.com/berita/d-8147271/ketua-kpk-penetapan-tersangka-kasus-korupsi-kuota-haji-hanya-masalah-waktu,"
Senin, 06 Okt 2025 13:02 WIB "
Ketua KPK Ungkap Pengembalian Duit Terkait Kasus Haji 2024 Hampir Rp 100 M,https://news.detik.com/berita/d-8147249/ketua-kpk-ungkap-pengembalian-duit-terkait-kasus-haji-2024-hampir-rp-100-m,"
Senin, 06 Okt 2025 12:51 WIB "
KPK Panggil Dewan Pembina Gaphura Terkait Kasus Korupsi Kuota Haji,https://news.detik.com/berita/d-8147072/kpk-panggil-dewan-pembina-gaphura-terkait-kasus-korupsi-kuota-haji,"
Senin, 06 Okt 2025 11:30 WIB "
Menteri Haji Serahkan 200 Nama Calon Pejabat ke KPK: Untuk Ditracing,https://news.detik.com/berita/d-8143572/menteri-haji-serahkan-200-nama-calon-pejabat-ke-kpk-untuk-ditracing,"
Jumat, 03 Okt 2025 16:34 WIB "
Asphuri Bantah Travel Anggotanya Balikin Duit Kasus Kuota Haji ke KPK,https://news.detik.com/berita/d-8143488/asphuri-bantah-travel-anggotanya-balikin-duit-kasus-kuota-haji-ke-kpk,"
Jumat, 03 Okt 2025 15:57 WIB "
KPK Terima Pengembalian Uang dari Asphuri Terkait Korupsi Kuota Haji,https://news.detik.com/berita/d-8142478/kpk-terima-pengembalian-uang-dari-asphuri-terkait-korupsi-kuota-haji,"
Jumat, 03 Okt 2025 01:30 WIB "
KPK Pantau Dugaan Kebocoran Anggaran Haji Rp 5 T: Ditindak Jika Ada Korupsi,https://news.detik.com/berita/d-8140929/kpk-pantau-dugaan-kebocoran-anggaran-haji-rp-5-t-ditindak-jika-ada-korupsi,"
Kamis, 02 Okt 2025 10:25 WIB "
KPK Sebut Korupsi Kuota Haji Dilakukan Oknum Kemenag: Tak Sampai Kanwil,https://news.detik.com/berita/d-8140537/kpk-sebut-korupsi-kuota-haji-dilakukan-oknum-kemenag-tak-sampai-kanwil,"
Rabu, 01 Okt 2025 22:34 WIB "
KPK Cecar Puluhan Travel di Jatim Terkait Kuota Haji Tambahan-Aliran Dana,https://news.detik.com/berita/d-8140396/kpk-cecar-puluhan-travel-di-jatim-terkait-kuota-haji-tambahan-aliran-dana,"
Rabu, 01 Okt 2025 20:39 WIB "
"Periksa Eks Bendahara Amphuri, KPK Usut Pemicu Kuota Haji Tambahan Dibagi Rata",https://news.detik.com/berita/d-8138280/periksa-eks-bendahara-amphuri-kpk-usut-pemicu-kuota-haji-tambahan-dibagi-rata,"
Selasa, 30 Sep 2025 18:41 WIB "
"Menteri Haji: Kuota Haji RI Tahun Depan 221 Ribu, Segera Dibagi Per Provinsi",https://news.detik.com/berita/d-8138257/menteri-haji-kuota-haji-ri-tahun-depan-221-ribu-segera-dibagi-per-provinsi,"
Selasa, 30 Sep 2025 18:25 WIB "
Biro Travel di Himpuh Kembalikan Uang ke KPK Terkait Korupsi Kuota Haji,https://news.detik.com/berita/d-8138256/biro-travel-di-himpuh-kembalikan-uang-ke-kpk-terkait-korupsi-kuota-haji,"
Selasa, 30 Sep 2025 18:22 WIB "
KPK Panggil Lagi Ilham Habibie Jadi Saksi Kasus Korupsi Iklan BJB,https://news.detik.com/berita/d-8137190/kpk-panggil-lagi-ilham-habibie-jadi-saksi-kasus-korupsi-iklan-bjb,"
Selasa, 30 Sep 2025 11:22 WIB "
Ini yang Disita KPK Usai Geledah Rumah Gubernur Kalbar Ria Norsan,https://news.detik.com/berita/d-8135707/ini-yang-disita-kpk-usai-geledah-rumah-gubernur-kalbar-ria-norsan,"
Senin, 29 Sep 2025 14:14 WIB "
KPK Panggil Eks Dirut PT DKB Terkait Kasus Kapal Angkut Tank di Kemhan,https://news.detik.com/berita/d-8135491/kpk-panggil-eks-dirut-pt-dkb-terkait-kasus-kapal-angkut-tank-di-kemhan,"
Senin, 29 Sep 2025 12:46 WIB "
Pengurus PBNU Minta KPK Cepat Usut Korupsi Kuota Haji: Jangan Ngalor-ngidul,https://news.detik.com/berita/d-8132069/pengurus-pbnu-minta-kpk-cepat-usut-korupsi-kuota-haji-jangan-ngalor-ngidul,"
Jumat, 26 Sep 2025 16:59 WIB "
KPK Dalami Pertemuan Eks Bendum Amphuri dengan Yaqut Cholil soal Kuota Haji,https://news.detik.com/berita/d-8130899/kpk-dalami-pertemuan-eks-bendum-amphuri-dengan-yaqut-cholil-soal-kuota-haji,"
Jumat, 26 Sep 2025 00:09 WIB "
"KPK Sebut Juru Simpan Duit Korupsi Kuota Haji Berjenjang, Ada Pengepul Utama",https://news.detik.com/berita/d-8130885/kpk-sebut-juru-simpan-duit-korupsi-kuota-haji-berjenjang-ada-pengepul-utama,"
Kamis, 25 Sep 2025 23:35 WIB "
KPK Ungkap Alasan Periksa Travel di Daerah soal Korupsi Kuota Haji,https://news.detik.com/berita/d-8130735/kpk-ungkap-alasan-periksa-travel-di-daerah-soal-korupsi-kuota-haji,"
Kamis, 25 Sep 2025 20:36 WIB "
"Selain Jatim, Travel Dapat Kuota Haji Tambahan Terbanyak Ada di Jabar-Jateng",https://news.detik.com/berita/d-8130705/selain-jatim-travel-dapat-kuota-haji-tambahan-terbanyak-ada-di-jabar-jateng,"
Kamis, 25 Sep 2025 20:17 WIB "
KPK Periksa Lagi Eks Bendahara Amphuri Terkait Kasus Korupsi Kuota Haji,https://news.detik.com/berita/d-8129636/kpk-periksa-lagi-eks-bendahara-amphuri-terkait-kasus-korupsi-kuota-haji,"
Kamis, 25 Sep 2025 12:38 WIB "
KPK Endus Praktik Jual Beli Kuota Haji Khusus di Kalangan Agen Travel,https://news.detik.com/berita/d-8128408/kpk-endus-praktik-jual-beli-kuota-haji-khusus-di-kalangan-agen-travel,"
Rabu, 24 Sep 2025 16:41 WIB "
KPK Panggil 6 Bos Travel Usut Kasus Korupsi Pembagian Kuota Haji 2024,https://news.detik.com/berita/d-8127707/kpk-panggil-6-bos-travel-usut-kasus-korupsi-pembagian-kuota-haji-2024,"
Rabu, 24 Sep 2025 12:08 WIB "
KPK Cecar 5 Biro Travel soal Cara Dapat Tambahan Kuota Haji Khusus,https://news.detik.com/berita/d-8127543/kpk-cecar-5-biro-travel-soal-cara-dapat-tambahan-kuota-haji-khusus,"
Rabu, 24 Sep 2025 10:38 WIB "
KPK Jelaskan Nasib Uang 'Percepatan' Haji yang Dibalikin Ustaz Khalid,https://news.detik.com/berita/d-8126264/kpk-jelaskan-nasib-uang-percepatan-haji-yang-dibalikin-ustaz-khalid,"
Selasa, 23 Sep 2025 15:15 WIB "
KPK Pastikan Tak Ada Intervensi dalam Penetapan Tersangka Korupsi Kuota Haji,https://news.detik.com/berita/d-8126236/kpk-pastikan-tak-ada-intervensi-dalam-penetapan-tersangka-korupsi-kuota-haji,"
Selasa, 23 Sep 2025 15:02 WIB "
"Pekan Ini, KPK Maraton Periksa Biro Travel Terkait Korupsi Kuota Haji",https://news.detik.com/berita/d-8126202/pekan-ini-kpk-maraton-periksa-biro-travel-terkait-korupsi-kuota-haji,"
Selasa, 23 Sep 2025 14:43 WIB "
KPK Panggil 5 Pihak Travel Jadi Saksi Terkait Korupsi Kuota Haji,https://news.detik.com/berita/d-8125804/kpk-panggil-5-pihak-travel-jadi-saksi-terkait-korupsi-kuota-haji,"
Selasa, 23 Sep 2025 11:56 WIB "
Kasus Korupsi Kuota Haji: Terungkap Uang Percepatan hingga Juru Simpan,https://news.detik.com/berita/d-8122806/kasus-korupsi-kuota-haji-terungkap-uang-percepatan-hingga-juru-simpan,"
Minggu, 21 Sep 2025 13:17 WIB "
Siapa Sosok Juru Simpan Duit Kasus Korupsi Kuota Haji?,https://news.detik.com/berita/d-8122396/siapa-sosok-juru-simpan-duit-kasus-korupsi-kuota-haji,"
Minggu, 21 Sep 2025 06:31 WIB "
Juru Simpan Duit Kasus Korupsi Kuota Haji dalam Bidikan KPK,https://news.detik.com/berita/d-8121177/juru-simpan-duit-kasus-korupsi-kuota-haji-dalam-bidikan-kpk,"
Sabtu, 20 Sep 2025 07:01 WIB "
Mencuat soal 'Uang Percepatan' Ribuan USD di Kasus Kuota Haji,https://news.detik.com/berita/d-8121163/mencuat-soal-uang-percepatan-ribuan-usd-di-kasus-kuota-haji,"
Sabtu, 20 Sep 2025 06:30 WIB "
KPK Tegaskan Penyidikan Korupsi Kuota Haji Tak Sasar Ormas Tertentu,https://news.detik.com/berita/d-8120993/kpk-tegaskan-penyidikan-korupsi-kuota-haji-tak-sasar-ormas-tertentu,"
Jumat, 19 Sep 2025 21:31 WIB "
"Diperiksa KPK 8 Jam, Eks Bendahara Amphuri Ngaku Tak Tahu soal Kuota Haji",https://news.detik.com/berita/d-8120789/diperiksa-kpk-8-jam-eks-bendahara-amphuri-ngaku-tak-tahu-soal-kuota-haji,"
Jumat, 19 Sep 2025 18:55 WIB "
KPK Ungkap Ulah Culas Travel Haji Sebar Kuota Khusus Biar Untung Lebih Banyak,https://news.detik.com/berita/d-8120750/kpk-ungkap-ulah-culas-travel-haji-sebar-kuota-khusus-biar-untung-lebih-banyak,"
Jumat, 19 Sep 2025 18:40 WIB "
KPK Duga Tawaran Maktab VIP Bikin Ustaz Khalid Mau Bayar 'Percepatan' Haji,https://news.detik.com/berita/d-8120381/kpk-duga-tawaran-maktab-vip-bikin-ustaz-khalid-mau-bayar-percepatan-haji,"
Jumat, 19 Sep 2025 15:54 WIB "
KPK Panggil Eks Bendahara Amphuri Terkait Kasus Korupsi Kuota Haji,https://news.detik.com/berita/d-8120047/kpk-panggil-eks-bendahara-amphuri-terkait-kasus-korupsi-kuota-haji,"
Jumat, 19 Sep 2025 13:52 WIB "
KPK: Oknum Kemenag Minta Uang Percepatan Haji USD 2.400/Jemaah Ustaz Khalid,https://news.detik.com/berita/d-8119791/kpk-oknum-kemenag-minta-uang-percepatan-haji-usd-2-400-jemaah-ustaz-khalid,"
Jumat, 19 Sep 2025 11:38 WIB "
PBNU Apresiasi KPK atas Klarifikasi Penyidikan Dugaan Korupsi Kuota Haji,https://news.detik.com/berita/d-8119772/pbnu-apresiasi-kpk-atas-klarifikasi-penyidikan-dugaan-korupsi-kuota-haji,"
Jumat, 19 Sep 2025 11:29 WIB "
Tarif 'Uang Percepatan' Kuota Haji Khusus Oknum Kemenag Digelembungkan Travel,https://news.detik.com/berita/d-8119736/tarif-uang-percepatan-kuota-haji-khusus-oknum-kemenag-digelembungkan-travel,"
Jumat, 19 Sep 2025 11:12 WIB "
KPK Ungkap Alasan Periksa Anggota Ormas Keagamaan di Kasus Kuota Haji,https://news.detik.com/berita/d-8119551/kpk-ungkap-alasan-periksa-anggota-ormas-keagamaan-di-kasus-kuota-haji,"
Jumat, 19 Sep 2025 09:44 WIB "
"KPK: Oknum Kemenag Takut Pansus, Balikin Duit Percepatan Haji ke Ustaz Khalid",https://news.detik.com/berita/d-8119529/kpk-oknum-kemenag-takut-pansus-balikin-duit-percepatan-haji-ke-ustaz-khalid,"
Jumat, 19 Sep 2025 09:30 WIB "
Ustaz Khalid Cicil Pengembalian Uang USD ke KPK Terkait Kasus Kuota Haji,https://news.detik.com/berita/d-8119484/ustaz-khalid-cicil-pengembalian-uang-usd-ke-kpk-terkait-kasus-kuota-haji,"
Jumat, 19 Sep 2025 08:52 WIB "
"KPK Ungkap 400 Travel Dapat Kuota Haji Khusus, Aliran Dana Ditelusuri",https://news.detik.com/berita/d-8119469/kpk-ungkap-400-travel-dapat-kuota-haji-khusus-aliran-dana-ditelusuri,"
Jumat, 19 Sep 2025 08:39 WIB "
KPK: Oknum Kemenag Minta 'Uang Percepatan' Kuota Haji Khusus ke Ustaz Khalid,https://news.detik.com/berita/d-8119443/kpk-oknum-kemenag-minta-uang-percepatan-kuota-haji-khusus-ke-ustaz-khalid,"
Jumat, 19 Sep 2025 08:07 WIB "
KPK Kejar Sosok Juru Simpan Uang Kasus Korupsi Kuota Haji,https://news.detik.com/berita/d-8119414/kpk-kejar-sosok-juru-simpan-uang-kasus-korupsi-kuota-haji,"
Jumat, 19 Sep 2025 07:35 WIB "
KPK Duga Dirjen PHU Kemenag Terima Aliran Uang di Kasus Korupsi Kuota Haji,https://news.detik.com/berita/d-8119412/kpk-duga-dirjen-phu-kemenag-terima-aliran-uang-di-kasus-korupsi-kuota-haji,"
Jumat, 19 Sep 2025 07:30 WIB "
"Diperiksa 11 Jam, Dirjen Haji Kemenag Ngaku Dicecar soal Regulasi Proses Haji",https://news.detik.com/berita/d-8119312/diperiksa-11-jam-dirjen-haji-kemenag-ngaku-dicecar-soal-regulasi-proses-haji,"
Kamis, 18 Sep 2025 23:59 WIB "
"Sempat Tak Hadir, Dirjen Haji Kemenag Diperiksa KPK soal Kasus Kuota Haji",https://news.detik.com/berita/d-8118394/sempat-tak-hadir-dirjen-haji-kemenag-diperiksa-kpk-soal-kasus-kuota-haji,"
Kamis, 18 Sep 2025 14:36 WIB "
KPK Tegur Ustaz Khalid Beberkan Pengembalian Uang: Itu Materi Penyidikan,https://news.detik.com/berita/d-8117527/kpk-tegur-ustaz-khalid-beberkan-pengembalian-uang-itu-materi-penyidikan,"
Rabu, 17 Sep 2025 23:44 WIB "
KPK: Jual Beli Kuota Haji Tambahan Juga Terjadi Antarbiro Travel,https://news.detik.com/berita/d-8117242/kpk-jual-beli-kuota-haji-tambahan-juga-terjadi-antarbiro-travel,"
Rabu, 17 Sep 2025 18:57 WIB "
KPK Kembali Periksa Eks Direktur Bina Umrah dan Haji Khusus,https://news.detik.com/berita/d-8116350/kpk-kembali-periksa-eks-direktur-bina-umrah-dan-haji-khusus,"
Rabu, 17 Sep 2025 13:27 WIB "
KPK: Uang Pengembalian dari Khalid Basalamah Jadi Barbuk Korupsi Kuota Haji,https://news.detik.com/berita/d-8114821/kpk-uang-pengembalian-dari-khalid-basalamah-jadi-barbuk-korupsi-kuota-haji,"
Selasa, 16 Sep 2025 15:28 WIB "
KPK Panggil Pegawai Maktour Jadi Saksi Kasus Korupsi Kuota Haji,https://news.detik.com/berita/d-8114500/kpk-panggil-pegawai-maktour-jadi-saksi-kasus-korupsi-kuota-haji,"
Selasa, 16 Sep 2025 13:07 WIB "
"KPK Geledah Rumah Fuad Bos Maktour Disaksikan Keluarga, Ada Dito Ariotedjo?",https://news.detik.com/berita/d-8113736/kpk-geledah-rumah-fuad-bos-maktour-disaksikan-keluarga-ada-dito-ariotedjo,"
Senin, 15 Sep 2025 20:33 WIB "
KPK Terima Pengembalian Uang dari Khalid Basalamah Terkait Korupsi Kuota Haji,https://news.detik.com/berita/d-8113688/kpk-terima-pengembalian-uang-dari-khalid-basalamah-terkait-korupsi-kuota-haji,"
Senin, 15 Sep 2025 19:56 WIB "
"Jual Beli Kuota Haji 2024 Dibuat Mepet Pelunasannya, MAKI: Trik Jahat dari Awal",https://news.detik.com/berita/d-8109882/jual-beli-kuota-haji-2024-dibuat-mepet-pelunasannya-maki-trik-jahat-dari-awal,"
Sabtu, 13 Sep 2025 09:02 WIB "
Pukat UGM Nilai Modus Mepet Lunas Kuota Haji Jadi Modal KPK Tetapkan Tersangka,https://news.detik.com/berita/d-8109807/pukat-ugm-nilai-modus-mepet-lunas-kuota-haji-jadi-modal-kpk-tetapkan-tersangka,"
Sabtu, 13 Sep 2025 05:33 WIB "
Eks Sekjen Kemenag Dicecar KPK soal SK Pembagian Kuota Haji 2024,https://news.detik.com/berita/d-8108591/eks-sekjen-kemenag-dicecar-kpk-soal-sk-pembagian-kuota-haji-2024,"
Jumat, 12 Sep 2025 13:02 WIB "
KPK Panggil Eks Sekjen Kemenag Era Yaqut Terkait Kasus Korupsi Kuota Haji,https://news.detik.com/berita/d-8108354/kpk-panggil-eks-sekjen-kemenag-era-yaqut-terkait-kasus-korupsi-kuota-haji,"
Jumat, 12 Sep 2025 10:52 WIB "
"KPK Endus Siasat Licik Jual Beli Kuota Haji 2024, Tenggat Bayar Dibuat Mepet",https://news.detik.com/berita/d-8108326/kpk-endus-siasat-licik-jual-beli-kuota-haji-2024-tenggat-bayar-dibuat-mepet,"
Jumat, 12 Sep 2025 10:42 WIB "
Spill Tipis-tipis KPK soal Sosok Tersangka Kasus Kuota Haji,https://news.detik.com/berita/d-8108050/spill-tipis-tipis-kpk-soal-sosok-tersangka-kasus-kuota-haji,"
Jumat, 12 Sep 2025 06:33 WIB "
KPK Telusuri Cara Khalid Basalamah Bisa Dapat Kuota Haji Tambahan,https://news.detik.com/berita/d-8107950/kpk-telusuri-cara-khalid-basalamah-bisa-dapat-kuota-haji-tambahan,"
Kamis, 11 Sep 2025 22:51 WIB "
"KPK Periksa Kapusdatin BP Haji Terkait Korupsi Kuota Haji, Ini yang Didalami",https://news.detik.com/berita/d-8107939/kpk-periksa-kapusdatin-bp-haji-terkait-korupsi-kuota-haji-ini-yang-didalami,"
Kamis, 11 Sep 2025 22:25 WIB "
KPK Periksa Kapusdatin BP Haji Hasan Afandi Terkait Kasus Korupsi Kuota Haji,https://news.detik.com/berita/d-8106760/kpk-periksa-kapusdatin-bp-haji-hasan-afandi-terkait-kasus-korupsi-kuota-haji,"
Kamis, 11 Sep 2025 12:21 WIB "
MAKI Desak KPK Segera Tetapkan Tersangka di Kasus Korupsi Kuota Haji,https://news.detik.com/berita/d-8106377/maki-desak-kpk-segera-tetapkan-tersangka-di-kasus-korupsi-kuota-haji,"
Kamis, 11 Sep 2025 08:18 WIB "
ICW Minta KPK Usut Tuntas Pihak yang Terlibat Kasus Korupsi Kuota Haji,https://news.detik.com/berita/d-8106354/icw-minta-kpk-usut-tuntas-pihak-yang-terlibat-kasus-korupsi-kuota-haji,"
Kamis, 11 Sep 2025 07:52 WIB "
KPK Spill Pucuk Pimpinan Kemenag Terima Dana Korupsi Kuota Haji,https://news.detik.com/berita/d-8106185/kpk-spill-pucuk-pimpinan-kemenag-terima-dana-korupsi-kuota-haji,"
Rabu, 10 Sep 2025 23:26 WIB "
Ini Alasan KPK Periksa Ustaz Khalid Basalamah di Kasus Korupsi Kuota Haji,https://news.detik.com/berita/d-8106154/ini-alasan-kpk-periksa-ustaz-khalid-basalamah-di-kasus-korupsi-kuota-haji,"
Rabu, 10 Sep 2025 22:55 WIB "
Menag Doakan Kementerian Haji Raih Survei Kepuasan Jemaah di Atas 90%,https://news.detik.com/berita/d-8106137/menag-doakan-kementerian-haji-raih-survei-kepuasan-jemaah-di-atas-90,"
Rabu, 10 Sep 2025 22:48 WIB "
"Survei BPS: Tingkat Kepuasan Jemaah Haji RI 2025 88,46%, Naik dari Tahun Lalu",https://news.detik.com/berita/d-8106110/survei-bps-tingkat-kepuasan-jemaah-haji-ri-2025-88-46-naik-dari-tahun-lalu,"
Rabu, 10 Sep 2025 22:04 WIB "
"Legislator Harap Tata Kelola Haji Lebih Terintegrasi, Bakal Diawasi Ketat",https://news.detik.com/berita/d-8106108/legislator-harap-tata-kelola-haji-lebih-terintegrasi-bakal-diawasi-ketat,"
Rabu, 10 Sep 2025 22:01 WIB "
Temuan Baru KPK: Agen Tak Beri Setoran Tak Kebagian Kuota Haji,https://news.detik.com/berita/d-8106079/temuan-baru-kpk-agen-tak-beri-setoran-tak-kebagian-kuota-haji,"
Rabu, 10 Sep 2025 21:32 WIB "
"KPK: Ustaz Khalid Basalamah Jadi Saksi Fakta, Berangkat Haji Pakai Kuota Khusus",https://news.detik.com/berita/d-8105855/kpk-ustaz-khalid-basalamah-jadi-saksi-fakta-berangkat-haji-pakai-kuota-khusus,"
Rabu, 10 Sep 2025 18:37 WIB "
"KPK Sudah Kantongi Calon Tersangka Korupsi Kuota Haji, Kapan Diumumkan?",https://news.detik.com/berita/d-8105841/kpk-sudah-kantongi-calon-tersangka-korupsi-kuota-haji-kapan-diumumkan,"
Rabu, 10 Sep 2025 18:23 WIB "
KPK Sebut Agen Bisa Tak Kebagian Kuota Haji Jika Tak Setor Uang ke Kemenag,https://news.detik.com/berita/d-8105176/kpk-sebut-agen-bisa-tak-kebagian-kuota-haji-jika-tak-setor-uang-ke-kemenag,"
Rabu, 10 Sep 2025 14:13 WIB "
KPK: Pembagian Kuota Haji Tambahan Jadi 50-50 Ada Niat Jahatnya,https://news.detik.com/berita/d-8104330/kpk-pembagian-kuota-haji-tambahan-jadi-50-50-ada-niat-jahatnya,"
Selasa, 09 Sep 2025 23:43 WIB "
"Kasus Korupsi Kuota Haji, Jemaah Diimingi Langsung Berangkat Jika Bayar Lebih",https://news.detik.com/berita/d-8104290/kasus-korupsi-kuota-haji-jemaah-diimingi-langsung-berangkat-jika-bayar-lebih,"
Selasa, 09 Sep 2025 22:42 WIB "
KPK Ungkap Lobi-lobi Asosiasi Haji ke Kemenag Terkait Pembagian Kuota Haji,https://news.detik.com/berita/d-8104280/kpk-ungkap-lobi-lobi-asosiasi-haji-ke-kemenag-terkait-pembagian-kuota-haji,"
Selasa, 09 Sep 2025 22:26 WIB "
"Diperiksa KPK 7 Jam Lebih, Khalid Basalamah Ngaku Jadi Korban Travel Lain",https://news.detik.com/berita/d-8104178/diperiksa-kpk-7-jam-lebih-khalid-basalamah-ngaku-jadi-korban-travel-lain,"
Selasa, 09 Sep 2025 21:06 WIB "
Ustaz Khalid Basalamah Penuhi Panggilan KPK Jadi Saksi Kasus Kuota Haji,https://news.detik.com/berita/d-8102856/ustaz-khalid-basalamah-penuhi-panggilan-kpk-jadi-saksi-kasus-kuota-haji,"
Selasa, 09 Sep 2025 11:46 WIB "
"KPK Sita 2 Rumah Rp 6,5 M ASN Kemenag, Diduga Dibeli Pakai Fee Kuota Haji",https://news.detik.com/berita/d-8102838/kpk-sita-2-rumah-rp-6-5-m-asn-kemenag-diduga-dibeli-pakai-fee-kuota-haji,"
Selasa, 09 Sep 2025 11:38 WIB "
Langkah Terkini KPK Bongkar Kasus Korupsi Kuota Haji,https://news.detik.com/berita/d-8098452/langkah-terkini-kpk-bongkar-kasus-korupsi-kuota-haji,"
Sabtu, 06 Sep 2025 07:48 WIB "
KPK Cari Jalan Pemulihan Aset soal Mercy BJ Habibie Belum Dilunasi RK,https://news.detik.com/berita/d-8097756/kpk-cari-jalan-pemulihan-aset-soal-mercy-bj-habibie-belum-dilunasi-rk,"
Jumat, 05 Sep 2025 14:55 WIB "
KPK Panggil 8 Saksi Usut Kasus Dugaan Korupsi Kuota Haji 2024,https://news.detik.com/berita/d-8095876/kpk-panggil-8-saksi-usut-kasus-dugaan-korupsi-kuota-haji-2024,"
Kamis, 04 Sep 2025 12:03 WIB "
KPK Dalami Proses Pencairan Biaya Haji 2024 Saat Periksa Kepala BPKH,https://news.detik.com/berita/d-8095278/kpk-dalami-proses-pencairan-biaya-haji-2024-saat-periksa-kepala-bpkh,"
Rabu, 03 Sep 2025 21:47 WIB "
Sitaan Terbaru KPK di Kasus Korupsi Kuota Haji,https://news.detik.com/berita/d-8093239/sitaan-terbaru-kpk-di-kasus-korupsi-kuota-haji,"
Selasa, 02 Sep 2025 21:03 WIB "
"Periksa Pihak Travel, KPK Dalami Praktik Haji Khusus Berangkat Tanpa Antre",https://news.detik.com/berita/d-8093223/periksa-pihak-travel-kpk-dalami-praktik-haji-khusus-berangkat-tanpa-antre,"
Selasa, 02 Sep 2025 20:47 WIB "
"KPK Periksa Eks Direktur Bina Umrah dan Haji Khusus Kemenag, Ini yang Digali",https://news.detik.com/berita/d-8093197/kpk-periksa-eks-direktur-bina-umrah-dan-haji-khusus-kemenag-ini-yang-digali,"
Selasa, 02 Sep 2025 20:23 WIB "
"Ustaz Khalid Basalamah Absen Jadi Saksi Kasus Kuota Haji, KPK Panggil Ulang",https://news.detik.com/berita/d-8092894/ustaz-khalid-basalamah-absen-jadi-saksi-kasus-kuota-haji-kpk-panggil-ulang,"
Selasa, 02 Sep 2025 17:42 WIB "
Kepala BPKH Usai Diperiksa di Kasus Korupsi Kuota Haji: Kami Dukung,https://news.detik.com/berita/d-8092848/kepala-bpkh-usai-diperiksa-di-kasus-korupsi-kuota-haji-kami-dukung,"
Selasa, 02 Sep 2025 17:23 WIB "
KPK Panggil Ustaz Khalid Basalamah-Kepala BPKH Terkait Kasus Korupsi Kuota Haji,https://news.detik.com/berita/d-8092131/kpk-panggil-ustaz-khalid-basalamah-kepala-bpkh-terkait-kasus-korupsi-kuota-haji,"
Selasa, 02 Sep 2025 12:38 WIB "
"KPK Sita USD 1,6 Juta dan 4 Mobil Terkait Kasus Korupsi Kuota Haji 2024",https://news.detik.com/berita/d-8091809/kpk-sita-usd-1-6-juta-dan-4-mobil-terkait-kasus-korupsi-kuota-haji-2024,"
Selasa, 02 Sep 2025 09:57 WIB "
Ini yang Didalami KPK Saat Periksa Lagi Stafsus Eks Menag Yaqut di Kasus Haji,https://news.detik.com/berita/d-8091296/ini-yang-didalami-kpk-saat-periksa-lagi-stafsus-eks-menag-yaqut-di-kasus-haji,"
Senin, 01 Sep 2025 19:24 WIB "
"Belum Juga Jerat Tersangka di Kasus Kuota Haji, Ini Kata KPK",https://news.detik.com/berita/d-8091217/belum-juga-jerat-tersangka-di-kasus-kuota-haji-ini-kata-kpk,"
Senin, 01 Sep 2025 18:46 WIB "
KPK Cecar Eks Menag Yaqut soal Aliran Duit dari Pembagian Kuota Haji,https://news.detik.com/berita/d-8091167/kpk-cecar-eks-menag-yaqut-soal-aliran-duit-dari-pembagian-kuota-haji,"
Senin, 01 Sep 2025 18:22 WIB "
Eks Menag Yaqut Ngaku Dicecar 18 Pertanyaan Terkait Korupsi Kuota Haji,https://news.detik.com/berita/d-8090925/eks-menag-yaqut-ngaku-dicecar-18-pertanyaan-terkait-korupsi-kuota-haji,"
Senin, 01 Sep 2025 16:51 WIB "
Eks Menag Yaqut Kembali Diperiksa KPK Terkait Kasus Korupsi Kuota Haji,https://news.detik.com/berita/d-8089961/eks-menag-yaqut-kembali-diperiksa-kpk-terkait-kasus-korupsi-kuota-haji,"
Senin, 01 Sep 2025 10:00 WIB "
KPK Panggil Lagi Eks Menag Yaqut di Kasus Korupsi Kuota Haji Hari Ini,https://news.detik.com/berita/d-8089787/kpk-panggil-lagi-eks-menag-yaqut-di-kasus-korupsi-kuota-haji-hari-ini,"
Senin, 01 Sep 2025 07:15 WIB "
HNW Dorong BP Haji Perkuat Diplomasi untuk Pangkas Antrean Jamaah RI,https://news.detik.com/berita/d-8084655/hnw-dorong-bp-haji-perkuat-diplomasi-untuk-pangkas-antrean-jamaah-ri,"
Kamis, 28 Agu 2025 20:54 WIB "
Istana Ungkap Kans Kepala BP Haji Jadi Menteri Usai Nomenklatur Berubah,https://news.detik.com/berita/d-8084630/istana-ungkap-kans-kepala-bp-haji-jadi-menteri-usai-nomenklatur-berubah,"
Kamis, 28 Agu 2025 20:27 WIB "
"Bos Maktour Selesai Diperiksa KPK, Jelaskan soal Kuota Tambahan Haji",https://news.detik.com/berita/d-8084399/bos-maktour-selesai-diperiksa-kpk-jelaskan-soal-kuota-tambahan-haji,"
Kamis, 28 Agu 2025 18:23 WIB "
KPK Panggil Eks Direktur Bina Umrah dan Haji Khusus Terkait Kasus Kuota Haji,https://news.detik.com/berita/d-8083468/kpk-panggil-eks-direktur-bina-umrah-dan-haji-khusus-terkait-kasus-kuota-haji,"
Kamis, 28 Agu 2025 13:04 WIB "
Bos Maktour Fuad Hasan Penuhi Panggilan KPK soal Dugaan Korupsi Kuota Haji,https://news.detik.com/berita/d-8083146/bos-maktour-fuad-hasan-penuhi-panggilan-kpk-soal-dugaan-korupsi-kuota-haji,"
Kamis, 28 Agu 2025 10:35 WIB "
Ini yang Didalami KPK Saat Periksa Stafsus Eks Menag Yaqut di Kasus Haji,https://news.detik.com/berita/d-8082699/ini-yang-didalami-kpk-saat-periksa-stafsus-eks-menag-yaqut-di-kasus-haji,"
Rabu, 27 Agu 2025 20:52 WIB "
HNW Dorong Optimalisasi Penyerapan Kuota Haji untuk Kurangi Masa Tunggu,https://news.detik.com/berita/d-8082696/hnw-dorong-optimalisasi-penyerapan-kuota-haji-untuk-kurangi-masa-tunggu,"
Rabu, 27 Agu 2025 20:49 WIB "
"KPK: Dirjen PHU Minta Jadwal Ulang Pemanggilan, Ada Kegiatan di DPR",https://news.detik.com/berita/d-8082567/kpk-dirjen-phu-minta-jadwal-ulang-pemanggilan-ada-kegiatan-di-dpr,"
Rabu, 27 Agu 2025 19:41 WIB "
Dirjen Haji Kemenag Minta KPK Jadwal Ulang Pemeriksaan soal Kuota Haji,https://news.detik.com/berita/d-8082198/dirjen-haji-kemenag-minta-kpk-jadwal-ulang-pemeriksaan-soal-kuota-haji,"
Rabu, 27 Agu 2025 17:00 WIB "
"Dipanggil KPK, Dirjen Haji Kemenag Terlihat Ikut Rapat di Komisi VIII DPR",https://news.detik.com/berita/d-8081828/dipanggil-kpk-dirjen-haji-kemenag-terlihat-ikut-rapat-di-komisi-viii-dpr,"
Rabu, 27 Agu 2025 14:41 WIB "
KPK Panggil Dirjen Haji Kemenag Terkait Kasus Korupsi Kuota Haji 2024,https://news.detik.com/berita/d-8081444/kpk-panggil-dirjen-haji-kemenag-terkait-kasus-korupsi-kuota-haji-2024,"
Rabu, 27 Agu 2025 11:55 WIB "
Eks Stafsus Yaqut Irit Bicara Usai Diperiksa KPK soal Korupsi Kuota Haji 2024,https://news.detik.com/berita/d-8080845/eks-stafsus-yaqut-irit-bicara-usai-diperiksa-kpk-soal-korupsi-kuota-haji-2024,"
Selasa, 26 Agu 2025 21:14 WIB "
KPK Periksa Eks Stafsus Yaqut di Kasus Korupsi Kuota Haji 2024,https://news.detik.com/berita/d-8080173/kpk-periksa-eks-stafsus-yaqut-di-kasus-korupsi-kuota-haji-2024,"
Selasa, 26 Agu 2025 15:45 WIB "
KPK Analisis Laporan ICW soal Dugaan Korupsi Katering Haji,https://news.detik.com/berita/d-8080142/kpk-analisis-laporan-icw-soal-dugaan-korupsi-katering-haji,"
Selasa, 26 Agu 2025 15:31 WIB "
KPK: 8.400 Jemaah Haji Antre 14 Tahun Gagal Berangkat 2024 gegara Dikorupsi,https://news.detik.com/berita/d-8078996/kpk-8-400-jemaah-haji-antre-14-tahun-gagal-berangkat-2024-gegara-dikorupsi,"
Senin, 25 Agu 2025 20:37 WIB "
Eks Penyidik KPK Dukung Prabowo Tolak Amnesti Noel: Jadi Efek Jera,https://news.detik.com/berita/d-8076201/eks-penyidik-kpk-dukung-prabowo-tolak-amnesti-noel-jadi-efek-jera,"
Minggu, 24 Agu 2025 07:46 WIB "
Kata Komisi VIII DPR soal Pengusutan Korupsi Kuota Haji oleh KPK,https://news.detik.com/berita/d-8071298/kata-komisi-viii-dpr-soal-pengusutan-korupsi-kuota-haji-oleh-kpk,"
Rabu, 20 Agu 2025 23:25 WIB "
MAKI Serahkan SK Haji 2023 ke KPK buat Jadi Pembanding dengan SK 2024,https://news.detik.com/berita/d-8070836/maki-serahkan-sk-haji-2023-ke-kpk-buat-jadi-pembanding-dengan-sk-2024,"
Rabu, 20 Agu 2025 17:48 WIB "
KPK Temukan Catatan Jual Beli Kuota Tambahan Haji 2024,https://news.detik.com/berita/d-8070438/kpk-temukan-catatan-jual-beli-kuota-tambahan-haji-2024,"
Rabu, 20 Agu 2025 15:19 WIB "
"Raker Bareng Komisi III DPR, KPK Ungkap Prioritas Perkara Termasuk Kuota Haji",https://news.detik.com/berita/d-8070359/raker-bareng-komisi-iii-dpr-kpk-ungkap-prioritas-perkara-termasuk-kuota-haji,"
Rabu, 20 Agu 2025 14:51 WIB "
HNW Dukung KPK Usut Korupsi Kuota Haji Sampai Tuntas: Agar Tak Terjadi Fitnah,https://news.detik.com/berita/d-8070172/hnw-dukung-kpk-usut-korupsi-kuota-haji-sampai-tuntas-agar-tak-terjadi-fitnah,"
Rabu, 20 Agu 2025 13:34 WIB "
KPK Geledah 4 Lokasi Terkait Kasus Korupsi Kuota Haji,https://news.detik.com/berita/d-8070168/kpk-geledah-4-lokasi-terkait-kasus-korupsi-kuota-haji,"
Rabu, 20 Agu 2025 13:33 WIB "
KPK: Informasi dari Pansus DPR Sangat Berguna Usut Korupsi Kuota Haji,https://news.detik.com/berita/d-8070101/kpk-informasi-dari-pansus-dpr-sangat-berguna-usut-korupsi-kuota-haji,"
Rabu, 20 Agu 2025 12:55 WIB "
KPK Ungkap Korupsi Kuota Haji Perpanjang Masa Tunggu 8.400 Jemaah Reguler,https://news.detik.com/berita/d-8069852/kpk-ungkap-korupsi-kuota-haji-perpanjang-masa-tunggu-8-400-jemaah-reguler,"
Rabu, 20 Agu 2025 10:58 WIB "
KPK Janji Segera Umumkan Tersangka Kasus Korupsi Kuota Haji,https://news.detik.com/berita/d-8069355/kpk-janji-segera-umumkan-tersangka-kasus-korupsi-kuota-haji,"
Selasa, 19 Agu 2025 20:25 WIB "
KPK Sebut Kasus Kuota Haji Berdampak Masif ke Waktu Berangkat Jemaah Reguler,https://news.detik.com/berita/d-8069330/kpk-sebut-kasus-kuota-haji-berdampak-masif-ke-waktu-berangkat-jemaah-reguler,"
Selasa, 19 Agu 2025 20:09 WIB "
KPK Ungkap Barang Bukti di Kantor Maktour yang Diduga Dihilangkan,https://news.detik.com/berita/d-8065085/kpk-ungkap-barang-bukti-di-kantor-maktour-yang-diduga-dihilangkan,"
Minggu, 17 Agu 2025 08:44 WIB "
"Barang Bukti di Kantor Maktour Diduga Dihilangkan, MAKI: Halangi Penyidikan",https://news.detik.com/berita/d-8063830/barang-bukti-di-kantor-maktour-diduga-dihilangkan-maki-halangi-penyidikan,"
Sabtu, 16 Agu 2025 07:43 WIB "
Siapa Hilangkan Barang Bukti Saat KPK Geledah di Kasus Kuota Haji?,https://news.detik.com/berita/d-8063821/siapa-hilangkan-barang-bukti-saat-kpk-geledah-di-kasus-kuota-haji,"
Sabtu, 16 Agu 2025 07:23 WIB "
KPK Sita Mobil Hasil Geledah Rumah ASN Kemenag di Depok Kasus Kuota Haji,https://news.detik.com/berita/d-8063505/kpk-sita-mobil-hasil-geledah-rumah-asn-kemenag-di-depok-kasus-kuota-haji,"
Jumat, 15 Agu 2025 20:02 WIB "
Ini Hasil KPK Geledah Rumah Eks Menag Yaqut,https://news.detik.com/berita/d-8063455/ini-hasil-kpk-geledah-rumah-eks-menag-yaqut,"
Jumat, 15 Agu 2025 19:46 WIB "
KPK Ungkap Eks Menag Yaqut Kooperatif Saat Rumah Digeledah,https://news.detik.com/berita/d-8063385/kpk-ungkap-eks-menag-yaqut-kooperatif-saat-rumah-digeledah,"
Jumat, 15 Agu 2025 18:55 WIB "
KPK Juga Geledah Rumah ASN Kemenag di Depok Terkait Kasus Kuota Haji 2024,https://news.detik.com/berita/d-8063363/kpk-juga-geledah-rumah-asn-kemenag-di-depok-terkait-kasus-kuota-haji-2024,"
Jumat, 15 Agu 2025 18:41 WIB "
KPK Geledah Rumah Eks Menag Yaqut!,https://news.detik.com/berita/d-8063354/kpk-geledah-rumah-eks-menag-yaqut,"
Jumat, 15 Agu 2025 18:30 WIB "
"Ada Dugaan Penghilangan Bukti Kasus Kuota Haji, KPK Bakal Panggil Bos Maktour",https://news.detik.com/berita/d-8062768/ada-dugaan-penghilangan-bukti-kasus-kuota-haji-kpk-bakal-panggil-bos-maktour,"
Jumat, 15 Agu 2025 15:01 WIB "
Perdana! Pidato Lengkap Prabowo di Sidang Tahunan MPR 2025,https://news.detik.com/berita/d-8062747/perdana-pidato-lengkap-prabowo-di-sidang-tahunan-mpr-2025,"
Jumat, 15 Agu 2025 14:53 WIB "
KPK Ungkap Barang Bukti Dihilangkan Saat Geledah Kantor Maktour,https://news.detik.com/berita/d-8062609/kpk-ungkap-barang-bukti-dihilangkan-saat-geledah-kantor-maktour,"
Jumat, 15 Agu 2025 14:05 WIB "
KPK Dalami Oknum Kemenag Kumpulkan Dana hingga Atur Kuota Haji 2024,https://news.detik.com/berita/d-8062516/kpk-dalami-oknum-kemenag-kumpulkan-dana-hingga-atur-kuota-haji-2024,"
Jumat, 15 Agu 2025 13:25 WIB "
Alasan KPK Belum Panggil Saksi di Kasus Kuota Haji: Masih Fokus Penggeledahan,https://news.detik.com/berita/d-8062507/alasan-kpk-belum-panggil-saksi-di-kasus-kuota-haji-masih-fokus-penggeledahan,"
Jumat, 15 Agu 2025 13:24 WIB "
KPK Buka Peluang Panggil Lagi Yaqut Terkait Dugaan Korupsi Kuota Haji 2024,https://news.detik.com/berita/d-8062461/kpk-buka-peluang-panggil-lagi-yaqut-terkait-dugaan-korupsi-kuota-haji-2024,"
Jumat, 15 Agu 2025 12:59 WIB "
"KPK Minta Agen Travel di Kasus Kuota Haji Kooperatif, Ancam Pasal Perintangan",https://news.detik.com/berita/d-8062318/kpk-minta-agen-travel-di-kasus-kuota-haji-kooperatif-ancam-pasal-perintangan,"
Jumat, 15 Agu 2025 11:50 WIB "
"Kasus Kuota Haji, Oknum Kemenag Diduga Terima Fee Rp 113 Juta dari Agen Travel",https://news.detik.com/berita/d-8061642/kasus-kuota-haji-oknum-kemenag-diduga-terima-fee-rp-113-juta-dari-agen-travel,"
Kamis, 14 Agu 2025 21:42 WIB "
"Korupsi Kuota Haji 2024, Jemaah Furoda-Khusus Tak Dapat Fasilitas Sesuai",https://news.detik.com/berita/d-8061519/korupsi-kuota-haji-2024-jemaah-furoda-khusus-tak-dapat-fasilitas-sesuai,"
Kamis, 14 Agu 2025 20:04 WIB "
KPK Geledah Kantor Swasta Terkait Kasus Korupsi Kuota Haji,https://news.detik.com/berita/d-8060791/kpk-geledah-kantor-swasta-terkait-kasus-korupsi-kuota-haji,"
Kamis, 14 Agu 2025 15:06 WIB "
5 Hal Diketahui terkait KPK Usut Korupsi Kuota Haji,https://news.detik.com/berita/d-8059812/5-hal-diketahui-terkait-kpk-usut-korupsi-kuota-haji,"
Rabu, 13 Agu 2025 22:01 WIB "
"Geledah Kemenag dan Rumah Terkait Kasus Kuota Haji, KPK Sita Mobil-Dokumen",https://news.detik.com/berita/d-8059763/geledah-kemenag-dan-rumah-terkait-kasus-kuota-haji-kpk-sita-mobil-dokumen,"
Rabu, 13 Agu 2025 21:08 WIB "
KPK Geledah Kemenag Terkait Kasus Kuota Haji,https://news.detik.com/berita/d-8059061/kpk-geledah-kemenag-terkait-kasus-kuota-haji,"
Rabu, 13 Agu 2025 15:08 WIB "
KPK Ungkap Ratusan Agen Travel Terlibat Pengurusan Kuota Haji,https://news.detik.com/berita/d-8058467/kpk-ungkap-ratusan-agen-travel-terlibat-pengurusan-kuota-haji,"
Rabu, 13 Agu 2025 10:49 WIB "
Babak Baru Eks Menag Yaqut di Kasus Kuota Haji yang Diusut KPK,https://news.detik.com/berita/d-8058218/babak-baru-eks-menag-yaqut-di-kasus-kuota-haji-yang-diusut-kpk,"
Rabu, 13 Agu 2025 07:25 WIB "
MAKI Jawab Eks Menag Yaqut: Tahap Penyidikan Sudah Harus Ada Tersangka,https://news.detik.com/berita/d-8058162/maki-jawab-eks-menag-yaqut-tahap-penyidikan-sudah-harus-ada-tersangka,"
Rabu, 13 Agu 2025 06:17 WIB "
KPK Ungkap Ada Rapat Asosiasi Travel dan Kemenag Bahas Pembagian Kuota Haji,https://news.detik.com/berita/d-8058014/kpk-ungkap-ada-rapat-asosiasi-travel-dan-kemenag-bahas-pembagian-kuota-haji,"
Selasa, 12 Agu 2025 21:41 WIB "
"Korupsi Kuota Haji Rugikan Negara Rp 1 T, KPK Usut Perancang SK",https://news.detik.com/berita/d-8057897/korupsi-kuota-haji-rugikan-negara-rp-1-t-kpk-usut-perancang-sk,"
Selasa, 12 Agu 2025 20:00 WIB "
Kemelut Dugaan Korupsi Kuota Haji,https://news.detik.com/berita/d-8057175/kemelut-dugaan-korupsi-kuota-haji,"
Selasa, 12 Agu 2025 14:45 WIB "
Membaca Lagi Dugaan Pangkal Masalah Kuota Haji hingga Yaqut Dicegah KPK,https://news.detik.com/berita/d-8056925/membaca-lagi-dugaan-pangkal-masalah-kuota-haji-hingga-yaqut-dicegah-kpk,"
Selasa, 12 Agu 2025 12:43 WIB "
Eks Menag Yaqut Dicegah KPK ke Luar Negeri: Tunggu Penyidikan Tanpa Prasangka,https://news.detik.com/berita/d-8056920/eks-menag-yaqut-dicegah-kpk-ke-luar-negeri-tunggu-penyidikan-tanpa-prasangka,"
Selasa, 12 Agu 2025 12:40 WIB "
"Eks Menag Yaqut, Baru Sekali Diperiksa Sudah Dicegah KPK ke Luar Negeri",https://news.detik.com/berita/d-8056827/eks-menag-yaqut-baru-sekali-diperiksa-sudah-dicegah-kpk-ke-luar-negeri,"
Selasa, 12 Agu 2025 12:00 WIB "
Bos Maktour dan Eks Stafsus Menag Juga Dicegah KPK ke Luar Negeri,https://news.detik.com/berita/d-8056780/bos-maktour-dan-eks-stafsus-menag-juga-dicegah-kpk-ke-luar-negeri,"
Selasa, 12 Agu 2025 11:38 WIB "
Eks Menag Yaqut Dicegah KPK ke Luar Negeri,https://news.detik.com/berita/d-8056637/eks-menag-yaqut-dicegah-kpk-ke-luar-negeri,"
Selasa, 12 Agu 2025 10:20 WIB "
KPK Dalami Salinan SK Kuota Haji 2024 yang Diserahkan MAKI,https://news.detik.com/berita/d-8056262/kpk-dalami-salinan-sk-kuota-haji-2024-yang-diserahkan-maki,"
Senin, 11 Agu 2025 21:25 WIB "
KPK Dalami Pengelolaan Uang Saat Periksa Kepala BPKH di Kasus Kuota Haji,https://news.detik.com/berita/d-8056257/kpk-dalami-pengelolaan-uang-saat-periksa-kepala-bpkh-di-kasus-kuota-haji,"
Senin, 11 Agu 2025 21:21 WIB "
KPK Usut Aliran Uang dalam Kasus Korupsi Kuota Haji 2024,https://news.detik.com/berita/d-8056241/kpk-usut-aliran-uang-dalam-kasus-korupsi-kuota-haji-2024,"
Senin, 11 Agu 2025 21:04 WIB "
KPK Tegaskan Bakal Usut Tuntas Korupsi Kuota Haji Rugikan Negara Rp 1 T,https://news.detik.com/berita/d-8056175/kpk-tegaskan-bakal-usut-tuntas-korupsi-kuota-haji-rugikan-negara-rp-1-t,"
Senin, 11 Agu 2025 19:47 WIB "
KPK: Kerugian Negara di Kasus Korupsi Kuota Haji Lebih dari Rp 1 T,https://news.detik.com/berita/d-8056024/kpk-kerugian-negara-di-kasus-korupsi-kuota-haji-lebih-dari-rp-1-t,"
Senin, 11 Agu 2025 18:35 WIB "
MAKI Klaim Serahkan Salinan SK Kuota Haji 2024 yang Sulit Dilacak ke KPK,https://news.detik.com/berita/d-8055408/maki-klaim-serahkan-salinan-sk-kuota-haji-2024-yang-sulit-dilacak-ke-kpk,"
Senin, 11 Agu 2025 14:25 WIB "
Teka-teki Pemberi Perintah di Kasus Korupsi Kuota Haji,https://news.detik.com/berita/d-8054510/teka-teki-pemberi-perintah-di-kasus-korupsi-kuota-haji,"
Minggu, 10 Agu 2025 21:03 WIB "
MAKI Minta KPK Gunakan Pasal Pencucian Uang di Kasus Korupsi Kuota Haji,https://news.detik.com/berita/d-8053977/maki-minta-kpk-gunakan-pasal-pencucian-uang-di-kasus-korupsi-kuota-haji,"
Minggu, 10 Agu 2025 13:45 WIB "
5 Hal Diungkap KPK di Kasus Kuota Haji Meski Tersangka Masih Jadi Misteri,https://news.detik.com/berita/d-8053561/5-hal-diungkap-kpk-di-kasus-kuota-haji-meski-tersangka-masih-jadi-misteri,"
Minggu, 10 Agu 2025 08:24 WIB "
"Kasus Kuota Haji Naik Penyidikan, KPK Spill Sosok Calon Tersangka",https://news.detik.com/berita/d-8052665/kasus-kuota-haji-naik-penyidikan-kpk-spill-sosok-calon-tersangka,"
Sabtu, 09 Agu 2025 11:53 WIB "
KPK Ungkap 20 Ribu Kuota Haji di 2024 Janggal: Padahal untuk Pangkas Antrean,https://news.detik.com/berita/d-8052639/kpk-ungkap-20-ribu-kuota-haji-di-2024-janggal-padahal-untuk-pangkas-antrean,"
Sabtu, 09 Agu 2025 11:41 WIB "
KPK Bidik Sosok Pemberi Perintah di Kasus Korupsi Kuota Haji,https://news.detik.com/berita/d-8052307/kpk-bidik-sosok-pemberi-perintah-di-kasus-korupsi-kuota-haji,"
Sabtu, 09 Agu 2025 06:14 WIB "
KPK Masih Hitung Kerugian Negara di Kasus Korupsi Kuota Haji,https://news.detik.com/berita/d-8052303/kpk-masih-hitung-kerugian-negara-di-kasus-korupsi-kuota-haji,"
Sabtu, 09 Agu 2025 05:44 WIB "
"Kasus Kuota Haji Naik Penyidikan, Eks Menag Yaqut Bakal Dipanggil KPK Lagi",https://news.detik.com/berita/d-8052301/kasus-kuota-haji-naik-penyidikan-eks-menag-yaqut-bakal-dipanggil-kpk-lagi,"
Sabtu, 09 Agu 2025 05:35 WIB "
Alasan KPK Naikkan Korupsi Kuota Haji ke Penyidikan tapi Belum Ada Tersangka,https://news.detik.com/berita/d-8052299/alasan-kpk-naikkan-korupsi-kuota-haji-ke-penyidikan-tapi-belum-ada-tersangka,"
Sabtu, 09 Agu 2025 05:23 WIB "
KPK Naikkan Kasus Korupsi Kuota Haji ke Tahap Penyidikan,https://news.detik.com/berita/d-8052283/kpk-naikkan-kasus-korupsi-kuota-haji-ke-tahap-penyidikan,"
Sabtu, 09 Agu 2025 01:28 WIB "
Yang Diusut KPK dari Eks Menag Yaqut,https://news.detik.com/berita/d-8050559/yang-diusut-kpk-dari-eks-menag-yaqut,"
Jumat, 08 Agu 2025 06:45 WIB "
"Usai Periksa Yaqut, KPK Ungkap Penyelidikan Kasus Kuota Haji Hampir Selesai",https://news.detik.com/berita/d-8050471/usai-periksa-yaqut-kpk-ungkap-penyelidikan-kasus-kuota-haji-hampir-selesai,"
Kamis, 07 Agu 2025 23:06 WIB "
Eks Bupati Karanganyar Juliyatmono Diperiksa Terkait Korupsi Masjid Agung,https://news.detik.com/berita/d-8050002/eks-bupati-karanganyar-juliyatmono-diperiksa-terkait-korupsi-masjid-agung,"
Kamis, 07 Agu 2025 16:55 WIB "
Eks Menag Yaqut Tuntas Diperiksa KPK: Ya Banyaklah Pertanyaan,https://news.detik.com/berita/d-8049671/eks-menag-yaqut-tuntas-diperiksa-kpk-ya-banyaklah-pertanyaan,"
Kamis, 07 Agu 2025 14:49 WIB "
Eks Menag Yaqut Tiba di KPK untuk Diperiksa Terkait Kasus Kuota Haji,https://news.detik.com/berita/d-8048987/eks-menag-yaqut-tiba-di-kpk-untuk-diperiksa-terkait-kasus-kuota-haji,"
Kamis, 07 Agu 2025 09:45 WIB "
KPK Panggil Nadiem Makarim dan Eks Menag Yaqut Hari Ini,https://news.detik.com/berita/d-8048845/kpk-panggil-nadiem-makarim-dan-eks-menag-yaqut-hari-ini,"
Kamis, 07 Agu 2025 07:26 WIB "
KPK Ungkap Duduk Perkara Kasus Dugaan Korupsi Kuota Haji 2024,https://news.detik.com/berita/d-8048699/kpk-ungkap-duduk-perkara-kasus-dugaan-korupsi-kuota-haji-2024,"
Rabu, 06 Agu 2025 22:56 WIB "
KPK Yakin Eks Menag Yaqut Penuhi Panggilan Besok: Beliau Negarawan,https://news.detik.com/berita/d-8048662/kpk-yakin-eks-menag-yaqut-penuhi-panggilan-besok-beliau-negarawan,"
Rabu, 06 Agu 2025 21:58 WIB "
Respons Komisi VIII DPR Soal Ek Menag Yaqut Dipanggil KPK Besok,https://news.detik.com/berita/d-8048371/respons-komisi-viii-dpr-soal-ek-menag-yaqut-dipanggil-kpk-besok,"
Rabu, 06 Agu 2025 18:23 WIB "
KPK Panggil Eks Menag Yaqut Terkait Dugaan Korupsi Kuota Haji Besok,https://news.detik.com/berita/d-8047242/kpk-panggil-eks-menag-yaqut-terkait-dugaan-korupsi-kuota-haji-besok,"
Rabu, 06 Agu 2025 09:54 WIB "
KPK Periksa Dirjen Haji dan Umrah Kemenag Terkait Dugaan Korupsi Kuota Haji,https://news.detik.com/berita/d-8046932/kpk-periksa-dirjen-haji-dan-umrah-kemenag-terkait-dugaan-korupsi-kuota-haji,"
Selasa, 05 Agu 2025 22:09 WIB "
KPK Klarifikasi 3 Orang Terkait Dugaan Korupsi Kuota Haji,https://news.detik.com/berita/d-8045355/kpk-klarifikasi-3-orang-terkait-dugaan-korupsi-kuota-haji,"
Selasa, 05 Agu 2025 09:03 WIB "
"Dugaan Korupsi Kuota Haji 2024, KPK Klaim Sudah Lakukan Ekspose Berkali-kali",https://news.detik.com/berita/d-8044923/dugaan-korupsi-kuota-haji-2024-kpk-klaim-sudah-lakukan-ekspose-berkali-kali,"
Senin, 04 Agu 2025 19:14 WIB "
KPK Ungkap Kabar Terbaru soal Penyelidikan Kuota Haji 2024,https://news.detik.com/berita/d-8030193/kpk-ungkap-kabar-terbaru-soal-penyelidikan-kuota-haji-2024,"
Sabtu, 26 Jul 2025 11:40 WIB "
KPK Tegaskan Dugaan Korupsi Kuota Haji yang Diusut Periode 2024,https://news.detik.com/berita/d-8005096/kpk-tegaskan-dugaan-korupsi-kuota-haji-yang-diusut-periode-2024,"
Kamis, 10 Jul 2025 15:04 WIB "
KPK Periksa Kepala BPKH Fadlul Imansyah Terkait Dugaan Korupsi Kuota Haji,https://news.detik.com/berita/d-8002290/kpk-periksa-kepala-bpkh-fadlul-imansyah-terkait-dugaan-korupsi-kuota-haji,"
Selasa, 08 Jul 2025 20:20 WIB "
KPK Periksa Saksi dari Kementerian Usut Dugaan Korupsi Kuota Haji,https://news.detik.com/berita/d-7983896/kpk-periksa-saksi-dari-kementerian-usut-dugaan-korupsi-kuota-haji,"
Kamis, 26 Jun 2025 17:29 WIB "
KPK Bicara Peluang Panggil Eks Menag Yaqut Terkait Korupsi Kuota Haji,https://news.detik.com/berita/d-7978962/kpk-bicara-peluang-panggil-eks-menag-yaqut-terkait-korupsi-kuota-haji,"
Senin, 23 Jun 2025 21:50 WIB "
KPK Gali Keterangan Ustaz Khalid Basalamah Terkait Dugaan Korupsi Kuota Haji,https://news.detik.com/berita/d-7978959/kpk-gali-keterangan-ustaz-khalid-basalamah-terkait-dugaan-korupsi-kuota-haji,"
Senin, 23 Jun 2025 21:48 WIB "
"KPK Usut Dugaan Korupsi Kuota Haji, Sejumlah Saksi Sudah Diperiksa",https://news.detik.com/berita/d-7974632/kpk-usut-dugaan-korupsi-kuota-haji-sejumlah-saksi-sudah-diperiksa,"
Jumat, 20 Jun 2025 21:05 WIB "
"KPK Usut Korupsi Kuota Haji, HNW Sebut Hasil Pansus DPR Bisa Jadi Rujukan",https://news.detik.com/berita/d-7974373/kpk-usut-korupsi-kuota-haji-hnw-sebut-hasil-pansus-dpr-bisa-jadi-rujukan,"
Jumat, 20 Jun 2025 18:18 WIB "
"KPK Usut Dugaan Korupsi Kuota Haji, Ini Kata Eks Wamenag",https://news.detik.com/berita/d-7973386/kpk-usut-dugaan-korupsi-kuota-haji-ini-kata-eks-wamenag,"
Jumat, 20 Jun 2025 10:20 WIB "
KPK: Laporan Dugaan Korupsi Kuota Haji Masih Proses Penyelidikan,https://news.detik.com/berita/d-7973313/kpk-laporan-dugaan-korupsi-kuota-haji-masih-proses-penyelidikan,"
Jumat, 20 Jun 2025 09:10 WIB "
"Perkara Kuota Haji: Dulu DPR Bikin Pansus, Kini KPK Usut",https://news.detik.com/berita/d-7973235/perkara-kuota-haji-dulu-dpr-bikin-pansus-kini-kpk-usut,"
Jumat, 20 Jun 2025 07:58 WIB "
Jejak Gaduh Kuota Haji yang Kini Diusut KPK,https://news.detik.com/berita/d-7972256/jejak-gaduh-kuota-haji-yang-kini-diusut-kpk,"
Kamis, 19 Jun 2025 15:40 WIB "
KPK Usut Dugaan Korupsi Kuota Haji,https://news.detik.com/berita/d-7972162/kpk-usut-dugaan-korupsi-kuota-haji,"
Kamis, 19 Jun 2025 14:52 WIB "
Lima Usulan IPHI untuk Sempurnakan BPKH,https://news.detik.com/kolom/d-7840374/lima-usulan-iphi-untuk-sempurnakan-bpkh,"
Selasa, 25 Mar 2025 10:53 WIB "
"Usai Rapat di KPK, Menag Janji Layanan Haji Lebih Baik Meski Biaya Turun",https://news.detik.com/berita/d-7746873/usai-rapat-di-kpk-menag-janji-layanan-haji-lebih-baik-meski-biaya-turun,"
Kamis, 23 Jan 2025 18:51 WIB "
