title,url,date
"4 Sungai Meluap, 7 Kecamatan di Padang Pariaman Dilanda Banjir",https://news.detik.com/berita/d-8225175/4-sungai-meluap-7-kecamatan-di-padang-pariaman-dilanda-banjir,"
Senin, 24 Nov 2025 08:15 WIB "
"Banjir Bandang Terjang Tapsel, Ketinggian Air Capai Atap Rumah",https://news.detik.com/berita/d-8228017/banjir-bandang-terjang-tapsel-ketinggian-air-capai-atap-rumah,"
Selasa, 25 Nov 2025 16:43 WIB "
"4 Desa di Mandailing Natal Sumut Banjir, Tinggi Air Capai 4 Meter",https://news.detik.com/berita/d-8228210/4-desa-di-mandailing-natal-sumut-banjir-tinggi-air-capai-4-meter,"
Selasa, 25 Nov 2025 18:04 WIB "
Andre Rosiade Bagikan Ribuan Nasi Bungkus ke Warga Kebanjiran di Padang,https://news.detik.com/berita/d-8228223/andre-rosiade-bagikan-ribuan-nasi-bungkus-ke-warga-kebanjiran-di-padang,"
Selasa, 25 Nov 2025 18:16 WIB "
"Banjir Bandang dan Longsor Terjang 6 Wilayah di Sumut, 10 Warga Tewas",https://news.detik.com/berita/d-8228900/banjir-bandang-dan-longsor-terjang-6-wilayah-di-sumut-10-warga-tewas,"
Rabu, 26 Nov 2025 08:04 WIB "
Jembatan di Jalan Nasional Tapanuli Utara Sumut Ambruk Akibat Banjir-Longsor,https://news.detik.com/berita/d-8228923/jembatan-di-jalan-nasional-tapanuli-utara-sumut-ambruk-akibat-banjir-longsor,"
Rabu, 26 Nov 2025 08:25 WIB "
"Dampak Banjir Bandang-Longsor di Sumut: Ribuan Rumah Rusak, 2 Jembatan Putus",https://news.detik.com/berita/d-8229144/dampak-banjir-bandang-longsor-di-sumut-ribuan-rumah-rusak-2-jembatan-putus,"
Rabu, 26 Nov 2025 10:53 WIB "
"Waspada Cuaca Ekstrem di Aceh-Sumut, BMKG Ungkap Penyebabnya",https://news.detik.com/berita/d-8229161/waspada-cuaca-ekstrem-di-aceh-sumut-bmkg-ungkap-penyebabnya,"
Rabu, 26 Nov 2025 11:00 WIB "
Update Dampak Banjir Bandang-Longsor di Sumut: 13 Orang Tewas dan 37 Luka,https://news.detik.com/berita/d-8229199/update-dampak-banjir-bandang-longsor-di-sumut-13-orang-tewas-dan-37-luka,"
Rabu, 26 Nov 2025 11:19 WIB "
Ribuan Warga Terdampak Banjir Bandang di Sumut Butuh Makanan-Evakuasi,https://news.detik.com/berita/d-8229434/ribuan-warga-terdampak-banjir-bandang-di-sumut-butuh-makanan-evakuasi,"
Rabu, 26 Nov 2025 13:15 WIB "
"Titik Banjir-Longsor Meluas, Pemprov Sumbar Tetapkan Status Tanggap Darurat",https://news.detik.com/berita/d-8229834/titik-banjir-longsor-meluas-pemprov-sumbar-tetapkan-status-tanggap-darurat,"
Rabu, 26 Nov 2025 16:28 WIB "
Puan Minta Pemerintah Percepat Evakuasi Korban Banjir Bandang Sumut,https://news.detik.com/berita/d-8229937/puan-minta-pemerintah-percepat-evakuasi-korban-banjir-bandang-sumut,"
Rabu, 26 Nov 2025 17:00 WIB "
Polisi: 24 Orang Meninggal Akibat Bencana Alam di Sumut,https://news.detik.com/berita/d-8229989/polisi-24-orang-meninggal-akibat-bencana-alam-di-sumut,"
Rabu, 26 Nov 2025 17:23 WIB "
"Sampaikan Duka Cita, Puan Harap Korban Banjir-Longsor Sumut Dapat Bantuan",https://news.detik.com/berita/d-8230269/sampaikan-duka-cita-puan-harap-korban-banjir-longsor-sumut-dapat-bantuan,"
Rabu, 26 Nov 2025 19:39 WIB "
BNPB Bakal Evakuasi Korban Bencana Via Udara-Modifikasi Cuaca di Sumut,https://news.detik.com/berita/d-8230293/bnpb-bakal-evakuasi-korban-bencana-via-udara-modifikasi-cuaca-di-sumut,"
Rabu, 26 Nov 2025 19:43 WIB "
"Banjir Bandang Terjang Humbang Hasundutan Sumut, 2 Orang Tewas",https://news.detik.com/berita/d-8230615/banjir-bandang-terjang-humbang-hasundutan-sumut-2-orang-tewas,"
Kamis, 27 Nov 2025 05:03 WIB "
Wanti-wanti BMKG soal Cuaca Ekstrem di Aceh dan Sumut,https://news.detik.com/berita/d-8230630/wanti-wanti-bmkg-soal-cuaca-ekstrem-di-aceh-dan-sumut,"
Kamis, 27 Nov 2025 06:02 WIB "
"Banjir di Kabupaten Langkat, Akses Jalan Perbatasan Sumut-Aceh Terputus",https://news.detik.com/berita/d-8230669/banjir-di-kabupaten-langkat-akses-jalan-perbatasan-sumut-aceh-terputus,"
Kamis, 27 Nov 2025 07:47 WIB "
"Akses ke Sibolga-Tapteng Tertutup, Pemprov Sumut Kirim Bantuan Pakai Hercules",https://news.detik.com/berita/d-8230675/akses-ke-sibolga-tapteng-tertutup-pemprov-sumut-kirim-bantuan-pakai-hercules,"
Kamis, 27 Nov 2025 07:57 WIB "
Banjir Bandang di Sumut: 24 Orang Meninggal dan 11 Kabupaten/Kota Terdampak,https://news.detik.com/berita/d-8230432/banjir-bandang-di-sumut-24-orang-meninggal-dan-11-kabupaten-kota-terdampak,"
Kamis, 27 Nov 2025 07:58 WIB "
"Rutan di Langkat Sumut Terendam Banjir, Ratusan Tahanan Dievakuasi",https://news.detik.com/berita/d-8230699/rutan-di-langkat-sumut-terendam-banjir-ratusan-tahanan-dievakuasi,"
Kamis, 27 Nov 2025 08:20 WIB "
"Sumbar Tanggap Darurat Banjir, BMKG Ingatkan Potensi Cuaca Ekstrem Masih Ada",https://news.detik.com/berita/d-8230777/sumbar-tanggap-darurat-banjir-bmkg-ingatkan-potensi-cuaca-ekstrem-masih-ada,"
Kamis, 27 Nov 2025 08:49 WIB "
"Terendam Banjir, Akses Jalan Padang-Bukittinggi Sumbar Tak Bisa Dilalui",https://news.detik.com/berita/d-8230781/terendam-banjir-akses-jalan-padang-bukittinggi-sumbar-tak-bisa-dilalui,"
Kamis, 27 Nov 2025 08:55 WIB "
"Banjir Bandang Landa Agam Sumbar, 2 Orang Hilang-135 Keluarga Mengungsi",https://news.detik.com/berita/d-8230844/banjir-bandang-landa-agam-sumbar-2-orang-hilang-135-keluarga-mengungsi,"
Kamis, 27 Nov 2025 09:38 WIB "
"Akses Terputus, Evakuasi Korban Banjir di Malalak Sumbar Sulit",https://news.detik.com/berita/d-8230922/akses-terputus-evakuasi-korban-banjir-di-malalak-sumbar-sulit,"
Kamis, 27 Nov 2025 10:25 WIB "
"Medan Banjir Parah, Rumah Warga Terendam Air hingga Atap",https://news.detik.com/berita/d-8230924/medan-banjir-parah-rumah-warga-terendam-air-hingga-atap,"
Kamis, 27 Nov 2025 10:25 WIB "
"Medan Banjir, Jalan Depan USU Tergenang hingga Kendaraan Mogok",https://news.detik.com/berita/d-8230964/medan-banjir-jalan-depan-usu-tergenang-hingga-kendaraan-mogok,"
Kamis, 27 Nov 2025 10:51 WIB "
Warga Bawa Jenazah Pakai Tandu Lintasi Banjir di Pasaman Barat,https://news.detik.com/berita/d-8231036/warga-bawa-jenazah-pakai-tandu-lintasi-banjir-di-pasaman-barat,"
Kamis, 27 Nov 2025 11:22 WIB "
Apa Itu Siklon Senyar di Selat Malaka? Picu Cuaca Ekstrem di Aceh-Sumut,https://news.detik.com/berita/d-8231069/apa-itu-siklon-senyar-di-selat-malaka-picu-cuaca-ekstrem-di-aceh-sumut,"
Kamis, 27 Nov 2025 11:44 WIB "
"Korban Tewas Imbas Banjir-Longsor di Sumut Jadi 34 Orang, 52 Hilang",https://news.detik.com/berita/d-8231078/korban-tewas-imbas-banjir-longsor-di-sumut-jadi-34-orang-52-hilang,"
Kamis, 27 Nov 2025 11:51 WIB "
"Dampak Banjir-Longsor di Sumut: 88 Orang Luka, 1.168 Warga Mengungsi",https://news.detik.com/berita/d-8231262/dampak-banjir-longsor-di-sumut-88-orang-luka-1-168-warga-mengungsi,"
Kamis, 27 Nov 2025 13:24 WIB "
"Banjir Rendam Rutan di Sumut, Ratusan Tahanan Dievakuasi",https://news.detik.com/berita/d-8231434/banjir-rendam-rutan-di-sumut-ratusan-tahanan-dievakuasi,"
Kamis, 27 Nov 2025 14:38 WIB "
Warga Pasaman Barat yang Terjebak Banjir Dievakuasi Pakai Sampan,https://news.detik.com/berita/d-8231436/warga-pasaman-barat-yang-terjebak-banjir-dievakuasi-pakai-sampan,"
Kamis, 27 Nov 2025 14:40 WIB "
Adakah Islah di PBNU?,https://news.detik.com/berita/d-8231364/adakah-islah-di-pbnu,"
Kamis, 27 Nov 2025 14:45 WIB "
Kementerian PU Kerahkan Alat Berat ke Lokasi Banjir-Longsor di Sumut,https://news.detik.com/berita/d-8231499/kementerian-pu-kerahkan-alat-berat-ke-lokasi-banjir-longsor-di-sumut,"
Kamis, 27 Nov 2025 15:10 WIB "
Menkomdigi Pastikan Jaringan Operator Seluler Terdampak Bencana Diperbaiki,https://news.detik.com/berita/d-8231633/menkomdigi-pastikan-jaringan-operator-seluler-terdampak-bencana-diperbaiki,"
Kamis, 27 Nov 2025 15:51 WIB "
BNI Salurkan Bantuan Darurat bagi Korban Banjir Bandang di Padang & Sibolga,https://news.detik.com/berita/d-8231647/bni-salurkan-bantuan-darurat-bagi-korban-banjir-bandang-di-padang-sibolga,"
Kamis, 27 Nov 2025 15:58 WIB "
"Prabowo Kumpulkan Menteri di Istana, Penanganan Banjir Sumut-Aceh Dibahas",https://news.detik.com/berita/d-8231664/prabowo-kumpulkan-menteri-di-istana-penanganan-banjir-sumut-aceh-dibahas,"
Kamis, 27 Nov 2025 16:04 WIB "
Data Terbaru 10 Kabupaten/Kota Terdampak Banjir dan Longsor di Aceh-Sumut,https://news.detik.com/berita/d-8231717/data-terbaru-10-kabupaten-kota-terdampak-banjir-dan-longsor-di-aceh-sumut,"
Kamis, 27 Nov 2025 16:26 WIB "
"Bantu Korban Bencana Alam, Andre Rosiade Serahkan Bantuan ke Polda Sumbar",https://news.detik.com/berita/d-8231725/bantu-korban-bencana-alam-andre-rosiade-serahkan-bantuan-ke-polda-sumbar,"
Kamis, 27 Nov 2025 16:32 WIB "
"Update Banjir-Longsor di Sumbar: 12 Korban Tewas, 12 Ribu Orang Terdampak",https://news.detik.com/berita/d-8231813/update-banjir-longsor-di-sumbar-12-korban-tewas-12-ribu-orang-terdampak,"
Kamis, 27 Nov 2025 16:55 WIB "
Anggota DPR Minta Prabowo Tetapkan Banjir Aceh-Sumut Jadi Bencana Nasional,https://news.detik.com/berita/d-8231850/anggota-dpr-minta-prabowo-tetapkan-banjir-aceh-sumut-jadi-bencana-nasional,"
Kamis, 27 Nov 2025 17:11 WIB "
Kemensos Salurkan Bantuan Logistik-Bangun Dapur Umum di Sumatera-Aceh,https://news.detik.com/berita/d-8231864/kemensos-salurkan-bantuan-logistik-bangun-dapur-umum-di-sumatera-aceh,"
Kamis, 27 Nov 2025 17:20 WIB "
"Banyak Akses Jalan Putus di Aceh-Sumut-Sumbar, Bantuan Dikirim via Udara",https://news.detik.com/berita/d-8231879/banyak-akses-jalan-putus-di-aceh-sumut-sumbar-bantuan-dikirim-via-udara,"
Kamis, 27 Nov 2025 17:31 WIB "
"34 Orang Tewas Akibat Banjir-Longsor di Sumut, Terbanyak di Tapsel",https://news.detik.com/berita/d-8231966/34-orang-tewas-akibat-banjir-longsor-di-sumut-terbanyak-di-tapsel,"
Kamis, 27 Nov 2025 18:22 WIB "
Wamendagri Sebut Prabowo Beri Instruksi Gerak Cepat Tangani Bencana,https://news.detik.com/berita/d-8232013/wamendagri-sebut-prabowo-beri-instruksi-gerak-cepat-tangani-bencana,"
Kamis, 27 Nov 2025 18:47 WIB "
Kompleks Rumah Dinas Gubsu Bobby Nasution di Kota Medan Terendam Banjir,https://news.detik.com/berita/d-8232206/kompleks-rumah-dinas-gubsu-bobby-nasution-di-kota-medan-terendam-banjir,"
Kamis, 27 Nov 2025 20:33 WIB "
Anggota DPR Minta Presiden Tetapkan Status Bencana Nasional,https://news.detik.com/berita/d-8232286/anggota-dpr-minta-presiden-tetapkan-status-bencana-nasional,"
Kamis, 27 Nov 2025 21:34 WIB "
Menteri PU: Akses ke Sibolga Belum Bisa Tembus karena Masih Longsor,https://news.detik.com/berita/d-8232314/menteri-pu-akses-ke-sibolga-belum-bisa-tembus-karena-masih-longsor,"
Kamis, 27 Nov 2025 22:19 WIB "
Cerita Nenek Sulasih Selamat dari Banjir Usai Terjebak 5 Jam di Loteng,https://news.detik.com/berita/d-8232327/cerita-nenek-sulasih-selamat-dari-banjir-usai-terjebak-5-jam-di-loteng,"
Kamis, 27 Nov 2025 22:38 WIB "
"Akses Darat Lumpuh, Basarnas Kerahkan Personel Bantuan ke Aceh-Sumut via Laut",https://news.detik.com/berita/d-8232353/akses-darat-lumpuh-basarnas-kerahkan-personel-bantuan-ke-aceh-sumut-via-laut,"
Kamis, 27 Nov 2025 23:08 WIB "
"Kota Solok Sumbar Terendam Banjir, 3.362 Warga Terdampak",https://news.detik.com/berita/d-8232367/kota-solok-sumbar-terendam-banjir-3-362-warga-terdampak,"
Kamis, 27 Nov 2025 23:40 WIB "
Sugiono Instruksikan Kader Gerindra Bergerak Bantu Korban Bencana di Sumatera,https://news.detik.com/berita/d-8232378/sugiono-instruksikan-kader-gerindra-bergerak-bantu-korban-bencana-di-sumatera,"
Jumat, 28 Nov 2025 00:30 WIB "
"Pemerintah Buka Posko di Tapanuli Utara, Bantuan Disalurkan Via Udara",https://news.detik.com/berita/d-8232385/pemerintah-buka-posko-di-tapanuli-utara-bantuan-disalurkan-via-udara,"
Jumat, 28 Nov 2025 01:57 WIB "
"Kayu Gelondongan Terbawa Banjir di Sumut, Ini Kata Bobby",https://news.detik.com/berita/d-8232405/kayu-gelondongan-terbawa-banjir-di-sumut-ini-kata-bobby,"
Jumat, 28 Nov 2025 05:09 WIB "
"2 Siklon Masih Aktif, BMKG Minta Aceh-Sumut-Sumbar-Riau Siaga Cuaca Ekstrem",https://news.detik.com/berita/d-8232470/2-siklon-masih-aktif-bmkg-minta-aceh-sumut-sumbar-riau-siaga-cuaca-ekstrem,"
Jumat, 28 Nov 2025 07:18 WIB "
"Jembatan Gunung Nago di Padang Ambruk Dihantam Banjir, Akses Warga Terputus",https://news.detik.com/berita/d-8232471/jembatan-gunung-nago-di-padang-ambruk-dihantam-banjir-akses-warga-terputus,"
Jumat, 28 Nov 2025 07:21 WIB "
Siklon Senyar Picu Cuaca Ekstrem di Aceh-Sumut?,https://news.detik.com/berita/d-8232273/siklon-senyar-picu-cuaca-ekstrem-di-aceh-sumut,"
Jumat, 28 Nov 2025 07:58 WIB "
"Polri Kerahkan Personel Tangani Banjir Sumut, Fokus Evakuasi-Cari Korban",https://news.detik.com/berita/d-8232523/polri-kerahkan-personel-tangani-banjir-sumut-fokus-evakuasi-cari-korban,"
Jumat, 28 Nov 2025 08:24 WIB "
Pemerintah Kirim Hercules Bawa Tenda-Makanan ke Aceh-Sumut-Sumbar,https://news.detik.com/berita/d-8232547/pemerintah-kirim-hercules-bawa-tenda-makanan-ke-aceh-sumut-sumbar,"
Jumat, 28 Nov 2025 08:48 WIB "
"Pratikno: Siklon Tropis Senyar Memang Dahsyat, tapi Sudah Mulai Menurun",https://news.detik.com/berita/d-8232567/pratikno-siklon-tropis-senyar-memang-dahsyat-tapi-sudah-mulai-menurun,"
Jumat, 28 Nov 2025 09:21 WIB "
Andre Rosiade Salurkan Bantuan ke Korban Bencana Alam di Padang,https://news.detik.com/berita/d-8232599/andre-rosiade-salurkan-bantuan-ke-korban-bencana-alam-di-padang,"
Jumat, 28 Nov 2025 09:44 WIB "
"BMKG Jelaskan Siklon Senyar di Indonesia Sudah Melemah, Kini Ada di Malaysia",https://news.detik.com/berita/d-8232614/bmkg-jelaskan-siklon-senyar-di-indonesia-sudah-melemah-kini-ada-di-malaysia,"
Jumat, 28 Nov 2025 09:49 WIB "
Bobby Tetapkan Status Sumut Tanggap Darurat Bencana!,https://news.detik.com/berita/d-8232680/bobby-tetapkan-status-sumut-tanggap-darurat-bencana,"
Jumat, 28 Nov 2025 10:22 WIB "
"Bedah Buku Biografi, Anggota MPR Prihatin Banjir-Longsor Landa Sumut",https://news.detik.com/berita/d-8232710/bedah-buku-biografi-anggota-mpr-prihatin-banjir-longsor-landa-sumut,"
Jumat, 28 Nov 2025 10:41 WIB "
Ramai-ramai Warga Ngungsi ke Hotel hingga Kantor Imbas Banjir Medan,https://news.detik.com/berita/d-8232742/ramai-ramai-warga-ngungsi-ke-hotel-hingga-kantor-imbas-banjir-medan,"
Jumat, 28 Nov 2025 11:02 WIB "
Korban Tewas Akibat Banjir-Longsor di Sumut Jadi 62 Orang,https://news.detik.com/berita/d-8232809/korban-tewas-akibat-banjir-longsor-di-sumut-jadi-62-orang,"
Jumat, 28 Nov 2025 11:33 WIB "
"7 Orang Tertimbun Longsor di Pasaman Barat Sumbar, 1 Selamat",https://news.detik.com/berita/d-8232851/7-orang-tertimbun-longsor-di-pasaman-barat-sumbar-1-selamat,"
Jumat, 28 Nov 2025 11:46 WIB "
"Jembatan di Pariaman Ambruk Diterjang Banjir, Pemotor Ibu dan Anak Hanyut",https://news.detik.com/berita/d-8232874/jembatan-di-pariaman-ambruk-diterjang-banjir-pemotor-ibu-dan-anak-hanyut,"
Jumat, 28 Nov 2025 12:04 WIB "
"Kapolda Riau Berduka atas Bencana, Beri Dukungan Penuh untuk Aceh-Sumbar",https://news.detik.com/melindungi-tuah-marwah/d-8232943/kapolda-riau-berduka-atas-bencana-beri-dukungan-penuh-untuk-aceh-sumbar,"
Jumat, 28 Nov 2025 12:44 WIB "
Komisi XII DPR Serahkan Bantuan untuk Korban Bencana di Sumut,https://news.detik.com/berita/d-8232961/komisi-xii-dpr-serahkan-bantuan-untuk-korban-bencana-di-sumut,"
Jumat, 28 Nov 2025 12:56 WIB "
Dini Hari Mencekam Kala Banjir Kepung Pasar Baru-Unand Padang,https://news.detik.com/berita/d-8232989/dini-hari-mencekam-kala-banjir-kepung-pasar-baru-unand-padang,"
Jumat, 28 Nov 2025 13:14 WIB "
Komisi IX DPR Minta Kemenkes Cegah Penyakit Dampak Banjir Aceh-Sumut-Sumbar,https://news.detik.com/berita/d-8232993/komisi-ix-dpr-minta-kemenkes-cegah-penyakit-dampak-banjir-aceh-sumut-sumbar,"
Jumat, 28 Nov 2025 13:17 WIB "
"100 Rumah di Nagan Raya Aceh Terdampak Banjir, Akses Jalan Masih Terputus",https://news.detik.com/berita/d-8232996/100-rumah-di-nagan-raya-aceh-terdampak-banjir-akses-jalan-masih-terputus,"
Jumat, 28 Nov 2025 13:20 WIB "
"Banjir Tapteng, Pria Ini 2 Hari Jalan Kaki Cari Anak dan Istri",https://news.detik.com/berita/d-8233052/banjir-tapteng-pria-ini-2-hari-jalan-kaki-cari-anak-dan-istri,"
Jumat, 28 Nov 2025 13:46 WIB "
Komisi VIII DPR Dorong Status Bencana Nasional Aceh-Sumut-Sumbar,https://news.detik.com/berita/d-8233055/komisi-viii-dpr-dorong-status-bencana-nasional-aceh-sumut-sumbar,"
Jumat, 28 Nov 2025 13:50 WIB "
Polda Riau Luncurkan Drone Bantu Pencarian Korban Bencana di Sumbar,https://news.detik.com/melindungi-tuah-marwah/d-8233054/polda-riau-luncurkan-drone-bantu-pencarian-korban-bencana-di-sumbar,"
Jumat, 28 Nov 2025 13:50 WIB "
Data BNPB: 72 Orang Meninggal Akibat Banjir di Aceh-Sumut-Sumbar,https://news.detik.com/berita/d-8233059/data-bnpb-72-orang-meninggal-akibat-banjir-di-aceh-sumut-sumbar,"
Jumat, 28 Nov 2025 13:54 WIB "
BNPB: Jalan hingga Sekolah Rusak Akibat Banjir-Longsor di Padang Pariaman,https://news.detik.com/berita/d-8233075/bnpb-jalan-hingga-sekolah-rusak-akibat-banjir-longsor-di-padang-pariaman,"
Jumat, 28 Nov 2025 13:57 WIB "
Banjir Terjang Perumahan Lumin Park Padang Imbas Sungai Lubuk Minturun Meluap,https://news.detik.com/berita/d-8233076/banjir-terjang-perumahan-lumin-park-padang-imbas-sungai-lubuk-minturun-meluap,"
Jumat, 28 Nov 2025 13:57 WIB "
Andre Rosiade Sebut Gerindra Salurkan Rp500 Juta untuk Korban Banjir Sumbar,https://news.detik.com/berita/d-8233136/andre-rosiade-sebut-gerindra-salurkan-rp500-juta-untuk-korban-banjir-sumbar,"
Jumat, 28 Nov 2025 14:16 WIB "
Puan Minta Percepat Pembukaan Jalan Terdampak Longsor Aceh-Sumut-Sumbar,https://news.detik.com/berita/d-8233214/puan-minta-percepat-pembukaan-jalan-terdampak-longsor-aceh-sumut-sumbar,"
Jumat, 28 Nov 2025 14:41 WIB "
"Banjir Parah di Padang, Warga: Sejak 20 Tahun Baru Ini Air Masuk ke Rumah",https://news.detik.com/berita/d-8233234/banjir-parah-di-padang-warga-sejak-20-tahun-baru-ini-air-masuk-ke-rumah,"
Jumat, 28 Nov 2025 14:53 WIB "
Kapolri Kerahkan Personel-Bantuan ke Lokasi Banjir dan Longsor di Sumut-Aceh-Sumbar,https://news.detik.com/berita/d-8233247/kapolri-kerahkan-personel-bantuan-ke-lokasi-banjir-dan-longsor-di-sumut-aceh-sumbar,"
Jumat, 28 Nov 2025 14:58 WIB "
"Desa di Agam Ini Terisolir Imbas Banjir, Butuh Obat untuk Korban Luka",https://news.detik.com/berita/d-8233251/desa-di-agam-ini-terisolir-imbas-banjir-butuh-obat-untuk-korban-luka,"
Jumat, 28 Nov 2025 14:59 WIB "
"Jalan di Nagan Raya Aceh Rusak Parah Akibat Banjir, Aspal Sampai Terkelupas",https://news.detik.com/berita/d-8233318/jalan-di-nagan-raya-aceh-rusak-parah-akibat-banjir-aspal-sampai-terkelupas,"
Jumat, 28 Nov 2025 15:37 WIB "
Komisi V DPR Desak Segera Modifikasi Cuaca di Aceh-Sumut Cegah Bencana Susulan,https://news.detik.com/berita/d-8233336/komisi-v-dpr-desak-segera-modifikasi-cuaca-di-aceh-sumut-cegah-bencana-susulan,"
Jumat, 28 Nov 2025 15:47 WIB "
Puan Dorong Pemerintah Sigap Tanggap Darurat Bencana di Sumatera,https://news.detik.com/berita/d-8233341/puan-dorong-pemerintah-sigap-tanggap-darurat-bencana-di-sumatera,"
Jumat, 28 Nov 2025 15:50 WIB "
Prabowo Pastikan Pemerintah Gerak Cepat Tangani Bencana di Sumatera,https://news.detik.com/berita/d-8233449/prabowo-pastikan-pemerintah-gerak-cepat-tangani-bencana-di-sumatera,"
Jumat, 28 Nov 2025 16:25 WIB "
"Bener Meriah Aceh Terisolasi gegara Banjir-Longsor, Logistik Menipis",https://news.detik.com/berita/d-8233451/bener-meriah-aceh-terisolasi-gegara-banjir-longsor-logistik-menipis,"
Jumat, 28 Nov 2025 16:27 WIB "
KemenImipas Evakuasi Warga Binaan di Lapas yang Terendam Banjir Aceh-Sumut,https://news.detik.com/berita/d-8233605/kemenimipas-evakuasi-warga-binaan-di-lapas-yang-terendam-banjir-aceh-sumut,"
Jumat, 28 Nov 2025 17:22 WIB "
Update Korban Tewas Bencana di Sumbar: 23 Orang Tewas-12 Hilang,https://news.detik.com/berita/d-8233661/update-korban-tewas-bencana-di-sumbar-23-orang-tewas-12-hilang,"
Jumat, 28 Nov 2025 17:49 WIB "
Mengapa Kita Sibuk pada Tumbler Ketika Sumatera Tenggelam?,https://news.detik.com/kolom/d-8233676/mengapa-kita-sibuk-pada-tumbler-ketika-sumatera-tenggelam,"
Jumat, 28 Nov 2025 17:56 WIB "
"Pray for Sumatera, Mari Bantu Korban Banjir Lewat Donasi di berbuatbaik",https://news.detik.com/berita/d-8233683/pray-for-sumatera-mari-bantu-korban-banjir-lewat-donasi-di-berbuatbaik,"
Jumat, 28 Nov 2025 18:00 WIB "
"Percepat Bantuan, Kemensos Kirim Logistik ke Aceh-Sumut Pakai Pesawat",https://news.detik.com/berita/d-8233684/percepat-bantuan-kemensos-kirim-logistik-ke-aceh-sumut-pakai-pesawat,"
Jumat, 28 Nov 2025 18:01 WIB "
BNPB Kerahkan Alat Berat Buka Akses Sumut-Aceh yang Terputus Imbas Banjir,https://news.detik.com/berita/d-8233857/bnpb-kerahkan-alat-berat-buka-akses-sumut-aceh-yang-terputus-imbas-banjir,"
Jumat, 28 Nov 2025 19:46 WIB "
Bahlil Sebut Tower Listrik Dikirim ke Lokasi Terdampak Banjir di Sumatera,https://news.detik.com/berita/d-8233939/bahlil-sebut-tower-listrik-dikirim-ke-lokasi-terdampak-banjir-di-sumatera,"
Jumat, 28 Nov 2025 20:39 WIB "
DPN Peradi Bakal Kirim Bantuan ke Korban Banjir di Sibolga,https://news.detik.com/berita/d-8233999/dpn-peradi-bakal-kirim-bantuan-ke-korban-banjir-di-sibolga,"
Jumat, 28 Nov 2025 21:09 WIB "
Andre Rosiade Salurkan Bantuan untuk Korban Banjir dan Longsor di Padang,https://news.detik.com/berita/d-8234006/andre-rosiade-salurkan-bantuan-untuk-korban-banjir-dan-longsor-di-padang,"
Jumat, 28 Nov 2025 21:13 WIB "
"Prabowo Buka Suara soal Darurat Bencana Nasional di Aceh, Sumbar dan Sumut",https://news.detik.com/berita/d-8234054/prabowo-buka-suara-soal-darurat-bencana-nasional-di-aceh-sumbar-dan-sumut,"
Jumat, 28 Nov 2025 21:53 WIB "
Data Terkini Korban Tewas Akibat Banjir di Sumbar Bertambah Jadi 26 Orang,https://news.detik.com/berita/d-8234152/data-terkini-korban-tewas-akibat-banjir-di-sumbar-bertambah-jadi-26-orang,"
Sabtu, 29 Nov 2025 00:07 WIB "
Pemkot Medan Tetapkan Status Tanggap Darurat Bencana hingga 11 Desember,https://news.detik.com/berita/d-8234168/pemkot-medan-tetapkan-status-tanggap-darurat-bencana-hingga-11-desember,"
Sabtu, 29 Nov 2025 02:16 WIB "
"Jaringan Telekomunikasi di Sumut Putus, Prabowo Kirim 17 Starlink",https://news.detik.com/berita/d-8234170/jaringan-telekomunikasi-di-sumut-putus-prabowo-kirim-17-starlink,"
Sabtu, 29 Nov 2025 04:09 WIB "
Komisi I DPR Minta Pemerintah Segera Pulihkan Sinyal di Aceh-Sumut-Sumbar,https://news.detik.com/berita/d-8234217/komisi-i-dpr-minta-pemerintah-segera-pulihkan-sinyal-di-aceh-sumut-sumbar,"
Sabtu, 29 Nov 2025 06:44 WIB "
"Duka di Utara Sumatera, Korban Jiwa Akibat Bencana Terus Bertambah",https://news.detik.com/berita/d-8234232/duka-di-utara-sumatera-korban-jiwa-akibat-bencana-terus-bertambah,"
Sabtu, 29 Nov 2025 07:39 WIB "
"1 Anggota Polda Riau Tewas Akibat Longsor di Sumbar, 2 Hilang",https://news.detik.com/berita/d-8234257/1-anggota-polda-riau-tewas-akibat-longsor-di-sumbar-2-hilang,"
Sabtu, 29 Nov 2025 08:33 WIB "
Dompet Dhuafa Bantu 10.000 Liter Air Bersih ke Warga Terdampak Banjir Medan,https://news.detik.com/berita/d-8234276/dompet-dhuafa-bantu-10-000-liter-air-bersih-ke-warga-terdampak-banjir-medan,"
Sabtu, 29 Nov 2025 08:40 WIB "
Komunikasi Terakhir Anggota Polda Riau Korban Longsor di Sumbar,https://news.detik.com/berita/d-8234304/komunikasi-terakhir-anggota-polda-riau-korban-longsor-di-sumbar,"
Sabtu, 29 Nov 2025 09:11 WIB "
Cerita Walkot Sibolga Jalan Kaki 3 Hari Lewati Area Longsor Taput-Tapteng,https://news.detik.com/berita/d-8234326/cerita-walkot-sibolga-jalan-kaki-3-hari-lewati-area-longsor-taput-tapteng,"
Sabtu, 29 Nov 2025 09:21 WIB "
"Doa Prabowo untuk Korban Bencana di Sumatera, Sentil Masalah Lingkungan",https://news.detik.com/berita/d-8234405/doa-prabowo-untuk-korban-bencana-di-sumatera-sentil-masalah-lingkungan,"
Sabtu, 29 Nov 2025 10:23 WIB "
"21 Jenazah Ditemukan di Sungai Padang Pariaman, Diduga Korban Banjir",https://news.detik.com/berita/d-8234406/21-jenazah-ditemukan-di-sungai-padang-pariaman-diduga-korban-banjir,"
Sabtu, 29 Nov 2025 10:25 WIB "
"Banjir Sumut, Dapur MBG Diubah Jadi Dapur Umum Bantu Warga Terdampak",https://news.detik.com/berita/d-8234428/banjir-sumut-dapur-mbg-diubah-jadi-dapur-umum-bantu-warga-terdampak,"
Sabtu, 29 Nov 2025 10:36 WIB "
"Data Korban Banjir-Longsor Agam Sumbar: 86 Orang Tewas, 88 Hilang",https://news.detik.com/berita/d-8234457/data-korban-banjir-longsor-agam-sumbar-86-orang-tewas-88-hilang,"
Sabtu, 29 Nov 2025 10:53 WIB "
Eddy Soeparno Puji Komitmen Prabowo Atasi Dampak Perubahaan Iklim,https://news.detik.com/berita/d-8234475/eddy-soeparno-puji-komitmen-prabowo-atasi-dampak-perubahaan-iklim,"
Sabtu, 29 Nov 2025 11:09 WIB "
Pertamina Kawal Distribusi Energi ke Lokasi Terdampak Banjir di Sumut & Aceh,https://news.detik.com/berita/d-8234482/pertamina-kawal-distribusi-energi-ke-lokasi-terdampak-banjir-di-sumut-aceh,"
Sabtu, 29 Nov 2025 11:15 WIB "
Polda Riau Kerahkan Drone hingga Starlink Bantu Evakuasi Bencana Sumbar,https://news.detik.com/melindungi-tuah-marwah/d-8234500/polda-riau-kerahkan-drone-hingga-starlink-bantu-evakuasi-bencana-sumbar,"
Sabtu, 29 Nov 2025 11:35 WIB "
"Kirim Bantuan Bencana, 11 Helikopter Kelilingi Daerah Terisolasi di Sumatera",https://news.detik.com/berita/d-8234536/kirim-bantuan-bencana-11-helikopter-kelilingi-daerah-terisolasi-di-sumatera,"
Sabtu, 29 Nov 2025 11:49 WIB "
Kemenhut Telusuri Asal Kayu Gelondongan yang Terbawa Banjir di Sumut,https://news.detik.com/berita/d-8234547/kemenhut-telusuri-asal-kayu-gelondongan-yang-terbawa-banjir-di-sumut,"
Sabtu, 29 Nov 2025 12:01 WIB "
InJourney Group Beri Bantuan Pangan-Obat ke Korban Banjir Sumatera-Aceh,https://news.detik.com/berita/d-8234610/injourney-group-beri-bantuan-pangan-obat-ke-korban-banjir-sumatera-aceh,"
Sabtu, 29 Nov 2025 12:58 WIB "
Potret Kayu Gelondongan Berserakan di Pantai Usai Banjir di Padang,https://news.detik.com/berita/d-8234647/potret-kayu-gelondongan-berserakan-di-pantai-usai-banjir-di-padang,"
Sabtu, 29 Nov 2025 13:12 WIB "
Bangkai Gajah Ditemukan Tertumpuk Kayu Usai Banjir di Pidie Jaya Aceh,https://news.detik.com/berita/d-8234655/bangkai-gajah-ditemukan-tertumpuk-kayu-usai-banjir-di-pidie-jaya-aceh,"
Sabtu, 29 Nov 2025 13:20 WIB "
Polri Siagakan Tim K9 untuk Pencarian Korban Bencana di Sumatera,https://news.detik.com/berita/d-8234702/polri-siagakan-tim-k9-untuk-pencarian-korban-bencana-di-sumatera,"
Sabtu, 29 Nov 2025 13:55 WIB "
Kapolda Riau Beri Penghormatan Terakhir Anggota Korban Longsor di Sumbar,https://news.detik.com/melindungi-tuah-marwah/d-8234704/kapolda-riau-beri-penghormatan-terakhir-anggota-korban-longsor-di-sumbar,"
Sabtu, 29 Nov 2025 13:56 WIB "
Polri Siapkan 28 Dapur Lapangan untuk Korban Bencana di Sumatera,https://news.detik.com/berita/d-8234720/polri-siapkan-28-dapur-lapangan-untuk-korban-bencana-di-sumatera,"
Sabtu, 29 Nov 2025 14:15 WIB "
Kapolri Beri Kenaikan Pangkat Anggota Polda Riau yang Gugur di Sumbar,https://news.detik.com/melindungi-tuah-marwah/d-8234813/kapolri-beri-kenaikan-pangkat-anggota-polda-riau-yang-gugur-di-sumbar,"
Sabtu, 29 Nov 2025 15:13 WIB "
Update Data Korban Banjir-Longsor di Sumut: 127 Meninggal dan 104 Hilang,https://news.detik.com/berita/d-8234872/update-data-korban-banjir-longsor-di-sumut-127-meninggal-dan-104-hilang,"
Sabtu, 29 Nov 2025 15:50 WIB "
"Pakai Heli, Polresta Pekanbaru Kirim Bantuan 1 Ton Beras ke Sumbar",https://news.detik.com/melindungi-tuah-marwah/d-8234887/pakai-heli-polresta-pekanbaru-kirim-bantuan-1-ton-beras-ke-sumbar,"
Sabtu, 29 Nov 2025 15:57 WIB "
Polisi Ungkap 448 Kejadian-1.076 Korban Bencana di Sumut Sejak 24 November,https://news.detik.com/berita/d-8234958/polisi-ungkap-448-kejadian-1-076-korban-bencana-di-sumut-sejak-24-november,"
Sabtu, 29 Nov 2025 16:54 WIB "
"Daftar Nomor Darurat Bencana di Aceh, Sumut hingga Sumbar Resmi dari BNPB",https://news.detik.com/berita/d-8234991/daftar-nomor-darurat-bencana-di-aceh-sumut-hingga-sumbar-resmi-dari-bnpb,"
Sabtu, 29 Nov 2025 17:20 WIB "
Cak Imin Bicara Peluang Status Bencana Nasional Ditetapkan di Aceh-Sumut,https://news.detik.com/berita/d-8234995/cak-imin-bicara-peluang-status-bencana-nasional-ditetapkan-di-aceh-sumut,"
Sabtu, 29 Nov 2025 17:23 WIB "
Kepala BNPB soal Banjir Sumatera Belum Bencana Nasional: Mencekamnya di Medsos,https://news.detik.com/berita/d-8235025/kepala-bnpb-soal-banjir-sumatera-belum-bencana-nasional-mencekamnya-di-medsos,"
Sabtu, 29 Nov 2025 17:37 WIB "
Momen Haru Bhayangkari Jadi Ibu Susu Bayi Korban Longsor di Tapsel,https://news.detik.com/berita/d-8235026/momen-haru-bhayangkari-jadi-ibu-susu-bayi-korban-longsor-di-tapsel,"
Sabtu, 29 Nov 2025 17:39 WIB "
"Andre Rosiade Bawa Alat Berat Pascabanjir Padang, Desak Pembalakan Liar Ditindak",https://news.detik.com/berita/d-8235078/andre-rosiade-bawa-alat-berat-pascabanjir-padang-desak-pembalakan-liar-ditindak,"
Sabtu, 29 Nov 2025 18:16 WIB "
BNPB Update Korban Bencana di Sumut: 166 Orang Tewas-143 Masih Hilang,https://news.detik.com/berita/d-8235082/bnpb-update-korban-bencana-di-sumut-166-orang-tewas-143-masih-hilang,"
Sabtu, 29 Nov 2025 18:29 WIB "
"BNPB Ungkap Data Terbaru Pengungsi Korban Banjir-Longsor Sumut, Ini Daftarnya",https://news.detik.com/berita/d-8235084/bnpb-ungkap-data-terbaru-pengungsi-korban-banjir-longsor-sumut-ini-daftarnya,"
Sabtu, 29 Nov 2025 18:31 WIB "
Legislator Minta Pemerintah Investigasi Viral Kayu Gelondongan di Banjir Sumut,https://news.detik.com/berita/d-8235094/legislator-minta-pemerintah-investigasi-viral-kayu-gelondongan-di-banjir-sumut,"
Sabtu, 29 Nov 2025 18:53 WIB "
"2 Prajurit TNI Tewas Akibat Longsor di Padang, 1 Hilang",https://news.detik.com/berita/d-8235100/2-prajurit-tni-tewas-akibat-longsor-di-padang-1-hilang,"
Sabtu, 29 Nov 2025 18:57 WIB "
"Akses Sibolga-Tapteng Masih Putus, Target BNPB 3 Hari Sudah Dibuka",https://news.detik.com/berita/d-8235116/akses-sibolga-tapteng-masih-putus-target-bnpb-3-hari-sudah-dibuka,"
Sabtu, 29 Nov 2025 19:06 WIB "
Korban Banjir-Longsor di Sumbar: 90 Orang Meninggal-85 Hilang,https://news.detik.com/berita/d-8235119/korban-banjir-longsor-di-sumbar-90-orang-meninggal-85-hilang,"
Sabtu, 29 Nov 2025 19:07 WIB "
DPD RI Salurkan Bantuan untuk Korban Banjir Sumut,https://news.detik.com/berita/d-8235136/dpd-ri-salurkan-bantuan-untuk-korban-banjir-sumut,"
Sabtu, 29 Nov 2025 19:21 WIB "
Komisi IV DPR Minta Pemda Sumbar Percepat Pendataan Kerusakan Dampak Banjir,https://news.detik.com/berita/d-8235145/komisi-iv-dpr-minta-pemda-sumbar-percepat-pendataan-kerusakan-dampak-banjir,"
Sabtu, 29 Nov 2025 19:29 WIB "
Jalur Komunikasi di Tapteng-Sibolga Berangsur Lancar Meski Belum 100 Persen,https://news.detik.com/berita/d-8235149/jalur-komunikasi-di-tapteng-sibolga-berangsur-lancar-meski-belum-100-persen,"
Sabtu, 29 Nov 2025 19:31 WIB "
28 Ribu Orang Mengungsi Imbas Banjir dan Longsor di Sumut,https://news.detik.com/berita/d-8235168/28-ribu-orang-mengungsi-imbas-banjir-dan-longsor-di-sumut,"
Sabtu, 29 Nov 2025 19:45 WIB "
Azizah Salsha Salurkan Bantuan Rp 50 Juta Buat Pembangunan TK di Sumbar,https://news.detik.com/berita/d-8235173/azizah-salsha-salurkan-bantuan-rp-50-juta-buat-pembangunan-tk-di-sumbar,"
Sabtu, 29 Nov 2025 19:52 WIB "
Ini Titik Sebaran Pengungsi Korban Banjir di Sumbar,https://news.detik.com/berita/d-8235185/ini-titik-sebaran-pengungsi-korban-banjir-di-sumbar,"
Sabtu, 29 Nov 2025 20:03 WIB "
Azizah Salsha dan Sang Ayah Bagikan Bantuan untuk Korban Banjir di Padang,https://news.detik.com/berita/d-8235208/azizah-salsha-dan-sang-ayah-bagikan-bantuan-untuk-korban-banjir-di-padang,"
Sabtu, 29 Nov 2025 20:34 WIB "
Pemprov DKI Kirim 1.000 Paket Bantuan untuk Korban Banjir-Longsor di Sumatera,https://news.detik.com/berita/d-8235217/pemprov-dki-kirim-1-000-paket-bantuan-untuk-korban-banjir-longsor-di-sumatera,"
Sabtu, 29 Nov 2025 20:39 WIB "
BSI Serahkan Bantuan Tanggap Darurat untuk Masyarakat Aceh di 17 Kabupaten,https://news.detik.com/berita/d-8235218/bsi-serahkan-bantuan-tanggap-darurat-untuk-masyarakat-aceh-di-17-kabupaten,"
Sabtu, 29 Nov 2025 20:40 WIB "
Kisah Walkot Sibolga Terjebak Longsor hingga 3 Hari Jalan Kaki,https://news.detik.com/berita/d-8235263/kisah-walkot-sibolga-terjebak-longsor-hingga-3-hari-jalan-kaki,"
Sabtu, 29 Nov 2025 21:33 WIB "
"Kemensos Distribusikan Logistik Senilai Rp 12,1 M ke 3 Provinsi di Sumatera",https://news.detik.com/berita/d-8235278/kemensos-distribusikan-logistik-senilai-rp-12-1-m-ke-3-provinsi-di-sumatera,"
Sabtu, 29 Nov 2025 21:43 WIB "
"Andre Rosiade Nobar Film 'Nia' di Padang, Dukung Karya Tema Minangkabau",https://news.detik.com/berita/d-8235281/andre-rosiade-nobar-film-nia-di-padang-dukung-karya-tema-minangkabau,"
Sabtu, 29 Nov 2025 21:48 WIB "
Anjing Pelacak Polda Riau Dikerahkan Cari Korban Longsor di Sumbar,https://news.detik.com/melindungi-tuah-marwah/d-8235284/anjing-pelacak-polda-riau-dikerahkan-cari-korban-longsor-di-sumbar,"
Sabtu, 29 Nov 2025 21:50 WIB "
Puan Ajak Doa Bersama bagi Korban Bencana Banjir dan Longsor di Tanah Air,https://news.detik.com/berita/d-8235311/puan-ajak-doa-bersama-bagi-korban-bencana-banjir-dan-longsor-di-tanah-air,"
Sabtu, 29 Nov 2025 22:30 WIB "
Komisi VIII DPR Usul Semua Dapur MBG di Aceh-Sumut Jadi Dapur Umum Darurat,https://news.detik.com/berita/d-8235312/komisi-viii-dpr-usul-semua-dapur-mbg-di-aceh-sumut-jadi-dapur-umum-darurat,"
Sabtu, 29 Nov 2025 22:33 WIB "
"Update Korban Banjir-Longsor di Taput: 23 Orang Tewas, 28 Masih Hilang",https://news.detik.com/berita/d-8235378/update-korban-banjir-longsor-di-taput-23-orang-tewas-28-masih-hilang,"
Minggu, 30 Nov 2025 01:01 WIB "
"Gubsu Bobby Fokus Evakuasi-Buka Jalur di Tapteng, Pastikan Bantuan Masuk",https://news.detik.com/berita/d-8235397/gubsu-bobby-fokus-evakuasi-buka-jalur-di-tapteng-pastikan-bantuan-masuk,"
Minggu, 30 Nov 2025 05:02 WIB "
Teka-teki Gelondongan Kayu Terbawa Banjir di Sumatera,https://news.detik.com/berita/d-8235414/teka-teki-gelondongan-kayu-terbawa-banjir-di-sumatera,"
Minggu, 30 Nov 2025 06:37 WIB "
Polda Riau Kirim Tim Trauma Healing Bantu Pemulihan Psikis Korban Bencana Sumbar,https://news.detik.com/berita/d-8235430/polda-riau-kirim-tim-trauma-healing-bantu-pemulihan-psikis-korban-bencana-sumbar,"
Minggu, 30 Nov 2025 07:14 WIB "
"Akses ke Sibolga Masih Putus, Bantuan Difokuskan Lewat Udara dan Laut",https://news.detik.com/berita/d-8235438/akses-ke-sibolga-masih-putus-bantuan-difokuskan-lewat-udara-dan-laut,"
Minggu, 30 Nov 2025 07:35 WIB "
Komisi IV DPR Akan Bahas Kayu Gelondongan di Banjir Sumatera dengan Kemenhut,https://news.detik.com/berita/d-8235459/komisi-iv-dpr-akan-bahas-kayu-gelondongan-di-banjir-sumatera-dengan-kemenhut,"
Minggu, 30 Nov 2025 07:55 WIB "
"Data Korban Tewas Bencana Sumatera: dari Aceh, Sumut hingga Sumbar",https://news.detik.com/berita/d-8235506/data-korban-tewas-bencana-sumatera-dari-aceh-sumut-hingga-sumbar,"
Minggu, 30 Nov 2025 08:57 WIB "
Wagub Jakarta Rano Ajak Warga Donasi Bantu Korban Bencana di Sumatera,https://news.detik.com/berita/d-8235559/wagub-jakarta-rano-ajak-warga-donasi-bantu-korban-bencana-di-sumatera,"
Minggu, 30 Nov 2025 09:25 WIB "
Malaysia Konfirmasi 1 Warganya Hilang di Sumbar Diduga Terdampak Longsor,https://news.detik.com/berita/d-8235621/malaysia-konfirmasi-1-warganya-hilang-di-sumbar-diduga-terdampak-longsor,"
Minggu, 30 Nov 2025 10:19 WIB "
Polda Riau Gandeng 30 Psikolog Kampus untuk Trauma Healing Korban Bencana Sumatera,https://news.detik.com/melindungi-tuah-marwah/d-8235630/polda-riau-gandeng-30-psikolog-kampus-untuk-trauma-healing-korban-bencana-sumatera,"
Minggu, 30 Nov 2025 10:23 WIB "
Komisi IV DPR Panggil Kemenhut 4 Desember Dalami 5 Hal soal Bencana Sumatera,https://news.detik.com/berita/d-8235713/komisi-iv-dpr-panggil-kemenhut-4-desember-dalami-5-hal-soal-bencana-sumatera,"
Minggu, 30 Nov 2025 11:13 WIB "
Kriteria Penetapan Status Bencana Nasional di Indonesia dan Riwayatnya,https://news.detik.com/berita/d-8235775/kriteria-penetapan-status-bencana-nasional-di-indonesia-dan-riwayatnya,"
Minggu, 30 Nov 2025 11:51 WIB "
Upaya Pertamina Patra Niaga Salurkan Energi ke Sumatera Terdampak Bencana,https://news.detik.com/berita/d-8235838/upaya-pertamina-patra-niaga-salurkan-energi-ke-sumatera-terdampak-bencana,"
Minggu, 30 Nov 2025 12:51 WIB "
"Jalur Sibolga-Tarutung Putus Total Dampak Bencana, 7 Wilayah Madina Terisolasi",https://news.detik.com/berita/d-8235858/jalur-sibolga-tarutung-putus-total-dampak-bencana-7-wilayah-madina-terisolasi,"
Minggu, 30 Nov 2025 12:56 WIB "
Update Korban Bencana di Aceh-Sumut-Sumbar: 316 Orang Tewas,https://news.detik.com/berita/d-8235894/update-korban-bencana-di-aceh-sumut-sumbar-316-orang-tewas,"
Minggu, 30 Nov 2025 13:18 WIB "
"Aceh Gayo Masih Terisolasi Imbas Banjir, Warga Butuh Makanan",https://news.detik.com/berita/d-8235941/aceh-gayo-masih-terisolasi-imbas-banjir-warga-butuh-makanan,"
Minggu, 30 Nov 2025 13:50 WIB "
Eddy Soeparno Sebut Bencana di Aceh & Sumatera Jadi Alarm Krisis Iklim,https://news.detik.com/berita/d-8235943/eddy-soeparno-sebut-bencana-di-aceh-sumatera-jadi-alarm-krisis-iklim,"
Minggu, 30 Nov 2025 13:52 WIB "
Pimpinan DPR Kirim Bantuan Logistik ke Pengungsi Banjir di Aceh-Sumatera,https://news.detik.com/berita/d-8235966/pimpinan-dpr-kirim-bantuan-logistik-ke-pengungsi-banjir-di-aceh-sumatera,"
Minggu, 30 Nov 2025 14:10 WIB "
"Polisi Siapkan Perangkat WiFi di Lokasi Banjir, Warga Kembali Terhubung",https://news.detik.com/berita/d-8235975/polisi-siapkan-perangkat-wifi-di-lokasi-banjir-warga-kembali-terhubung,"
Minggu, 30 Nov 2025 14:18 WIB "
Prabowo Perintahkan Seluruh Kekuatan Nasional Tangani Banjir Aceh-Sumut-Sumbar,https://news.detik.com/berita/d-8235977/prabowo-perintahkan-seluruh-kekuatan-nasional-tangani-banjir-aceh-sumut-sumbar,"
Minggu, 30 Nov 2025 14:18 WIB "
27 Ton Logistik Dikirim Via Laut ke Wilayah Tedampak Banjir-Longsor di Aceh,https://news.detik.com/berita/d-8235999/27-ton-logistik-dikirim-via-laut-ke-wilayah-tedampak-banjir-longsor-di-aceh,"
Minggu, 30 Nov 2025 14:29 WIB "
DPR Minta Penerbitan Kembali Dokumen Imigrasi Korban Bencana Dipermudah,https://news.detik.com/berita/d-8236070/dpr-minta-penerbitan-kembali-dokumen-imigrasi-korban-bencana-dipermudah,"
Minggu, 30 Nov 2025 15:01 WIB "
Pertamina Patra Niaga All Out Pulihkan Distribusi Energi di Sumatera,https://news.detik.com/berita/d-8236087/pertamina-patra-niaga-all-out-pulihkan-distribusi-energi-di-sumatera,"
Minggu, 30 Nov 2025 15:09 WIB "
Kepala BNPB Bicara soal Viral Minimarket di Sibolga Dijarah Warga,https://news.detik.com/berita/d-8236118/kepala-bnpb-bicara-soal-viral-minimarket-di-sibolga-dijarah-warga,"
Minggu, 30 Nov 2025 15:29 WIB "
Dua Jenazah Korban Bencana di Agam Sumbar Kembali Dievakuasi,https://news.detik.com/berita/d-8236125/dua-jenazah-korban-bencana-di-agam-sumbar-kembali-dievakuasi,"
Minggu, 30 Nov 2025 15:36 WIB "
Menhut Fokus Penanganan Bencana di Sumatera: Setelah Ini Terbuka Evaluasi,https://news.detik.com/berita/d-8236172/menhut-fokus-penanganan-bencana-di-sumatera-setelah-ini-terbuka-evaluasi,"
Minggu, 30 Nov 2025 15:56 WIB "
"Tapanuli-Sibolga Belum Bisa Ditembus, Banyak Warga Terjebak Berhari-hari",https://news.detik.com/berita/d-8236289/tapanuli-sibolga-belum-bisa-ditembus-banyak-warga-terjebak-berhari-hari,"
Minggu, 30 Nov 2025 16:57 WIB "
"Tapanuli Tengah dan Sibolga Masih Terisolasi, Tim Gabungan Fokus Buka Jalur",https://news.detik.com/berita/d-8236288/tapanuli-tengah-dan-sibolga-masih-terisolasi-tim-gabungan-fokus-buka-jalur,"
Minggu, 30 Nov 2025 16:57 WIB "
AirNav Tambah Personel-Fasilitas agar Bantuan untuk Banjir Sumatera Lancar,https://news.detik.com/berita/d-8236293/airnav-tambah-personel-fasilitas-agar-bantuan-untuk-banjir-sumatera-lancar,"
Minggu, 30 Nov 2025 17:02 WIB "
"BNPB Ungkap Masih Banyak Jalan Putus di Aceh Buntut Banjir, Ini Titiknya",https://news.detik.com/berita/d-8236325/bnpb-ungkap-masih-banyak-jalan-putus-di-aceh-buntut-banjir-ini-titiknya,"
Minggu, 30 Nov 2025 17:26 WIB "
"Viral Gelondongan Kayu di Banjir Sumatera, Anggota DPR Dorong Audit",https://news.detik.com/berita/d-8236345/viral-gelondongan-kayu-di-banjir-sumatera-anggota-dpr-dorong-audit,"
Minggu, 30 Nov 2025 17:34 WIB "
PB HMI Minta Pemerintah Tetapkan Status Bencana Nasional di Aceh-Sumut-Sumbar,https://news.detik.com/berita/d-8236350/pb-hmi-minta-pemerintah-tetapkan-status-bencana-nasional-di-aceh-sumut-sumbar,"
Minggu, 30 Nov 2025 17:37 WIB "
"Bersih-bersih Parit, Walkot Pekanbaru Ajak Istri dan OPD Gotong Royong",https://news.detik.com/berita/d-8236379/bersih-bersih-parit-walkot-pekanbaru-ajak-istri-dan-opd-gotong-royong,"
Minggu, 30 Nov 2025 18:00 WIB "
Polri Lanjut Kirim Bantuan Makanan-Selimut ke Tapanuli Sumut Via Heli,https://news.detik.com/berita/d-8236389/polri-lanjut-kirim-bantuan-makanan-selimut-ke-tapanuli-sumut-via-heli,"
Minggu, 30 Nov 2025 18:06 WIB "
"Turun ke Lhokseumawe, Mendagri Cek Infrastruktur Vital dan Salurkan Bantuan",https://news.detik.com/berita/d-8236393/turun-ke-lhokseumawe-mendagri-cek-infrastruktur-vital-dan-salurkan-bantuan,"
Minggu, 30 Nov 2025 18:18 WIB "
Putin Ucapkan Belasungkawa ke Prabowo Atas Bencana di Sumatera,https://news.detik.com/berita/d-8236452/putin-ucapkan-belasungkawa-ke-prabowo-atas-bencana-di-sumatera,"
Minggu, 30 Nov 2025 18:58 WIB "
Andre Rosiade Desak Gubernur Sumbar Bentuk Satgas Pembalakan-Tambang Liar,https://news.detik.com/berita/d-8236490/andre-rosiade-desak-gubernur-sumbar-bentuk-satgas-pembalakan-tambang-liar,"
Minggu, 30 Nov 2025 19:23 WIB "
"Ikuti Arahan Presiden, Kapolri Kerahkan Bantuan ke Wilayah Terisolir Bencana Sumatera",https://news.detik.com/berita/d-8236538/ikuti-arahan-presiden-kapolri-kerahkan-bantuan-ke-wilayah-terisolir-bencana-sumatera,"
Minggu, 30 Nov 2025 20:06 WIB "
"Update Korban Tewas Bencana di Sumatera: Sumut 217, Aceh 96, Sumbar 129",https://news.detik.com/berita/d-8236549/update-korban-tewas-bencana-di-sumatera-sumut-217-aceh-96-sumbar-129,"
Minggu, 30 Nov 2025 20:15 WIB "
Warga Menanti Titik Terisolir di Sumatera Pulih Pascabencana,https://news.detik.com/berita/d-8236552/warga-menanti-titik-terisolir-di-sumatera-pulih-pascabencana,"
Minggu, 30 Nov 2025 20:18 WIB "
Kepala BNPB Bicara soal Gudang Beras di Sibolga Didatangi Warga,https://news.detik.com/berita/d-8236563/kepala-bnpb-bicara-soal-gudang-beras-di-sibolga-didatangi-warga,"
Minggu, 30 Nov 2025 20:36 WIB "
"15.700 Jiwa di Tapanuli Utara Terdampak Bencana, Ratusan Rumah Warga Rusak",https://news.detik.com/berita/d-8236564/15-700-jiwa-di-tapanuli-utara-terdampak-bencana-ratusan-rumah-warga-rusak,"
Minggu, 30 Nov 2025 20:38 WIB "
BNPB Ungkap 2 Desa di Tapsel Terdampak Parah: Kayu Gelondongan Masuk Rumah,https://news.detik.com/berita/d-8236579/bnpb-ungkap-2-desa-di-tapsel-terdampak-parah-kayu-gelondongan-masuk-rumah,"
Minggu, 30 Nov 2025 20:54 WIB "
"MenPAN-RB Ajak ASN Perkuat Solidaritas, Siaga, & Ketahanan Hadapi Bencana",https://news.detik.com/berita/d-8236589/menpan-rb-ajak-asn-perkuat-solidaritas-siaga-ketahanan-hadapi-bencana,"
Minggu, 30 Nov 2025 21:01 WIB "
"Perintah Terbaru Prabowo Tangani Bencana di Aceh, Sumut hingga Sumbar",https://news.detik.com/berita/d-8236602/perintah-terbaru-prabowo-tangani-bencana-di-aceh-sumut-hingga-sumbar,"
Minggu, 30 Nov 2025 21:15 WIB "
"BNPB Ungkap Akses ke Aceh Gayo Masih Terputus, Ini Sebarannya",https://news.detik.com/berita/d-8236605/bnpb-ungkap-akses-ke-aceh-gayo-masih-terputus-ini-sebarannya,"
Minggu, 30 Nov 2025 21:23 WIB "
Jalur Padang Panjang-Sicincin Masih Terputus Usai Banjir Bandang,https://news.detik.com/berita/d-8236623/jalur-padang-panjang-sicincin-masih-terputus-usai-banjir-bandang,"
Minggu, 30 Nov 2025 21:40 WIB "
Posko DVI Identifikasi Ratusan Jenazah Korban Bencana di Agam Sumbar,https://news.detik.com/berita/d-8236656/posko-dvi-identifikasi-ratusan-jenazah-korban-bencana-di-agam-sumbar,"
Minggu, 30 Nov 2025 22:14 WIB "
"12 Desa di Tapanuli Utara Masih Terisolir, Logistik Sudah Menipis",https://news.detik.com/berita/d-8236666/12-desa-di-tapanuli-utara-masih-terisolir-logistik-sudah-menipis,"
Minggu, 30 Nov 2025 22:18 WIB "
"BKO Polda Riau Mulai Turun ke Lokasi Bencana di Agam, Evakuasi Jenazah",https://news.detik.com/melindungi-tuah-marwah/d-8236680/bko-polda-riau-mulai-turun-ke-lokasi-bencana-di-agam-evakuasi-jenazah,"
Minggu, 30 Nov 2025 22:33 WIB "
"Bahlil Ajak Kader Bantu Warga Sumatera, Minta Kantor Golkar Daerah Jadi Posko",https://news.detik.com/berita/d-8236709/bahlil-ajak-kader-bantu-warga-sumatera-minta-kantor-golkar-daerah-jadi-posko,"
Minggu, 30 Nov 2025 23:51 WIB "
Pemerintah Siapkan Hunian Sementara untuk Korban Terdampak Bencana di Sumatera,https://news.detik.com/berita/d-8236713/pemerintah-siapkan-hunian-sementara-untuk-korban-terdampak-bencana-di-sumatera,"
Senin, 01 Des 2025 00:09 WIB "
Komisi IV DPR Dorong Fokus Percepatan Tangani Bencana Sumatera,https://news.detik.com/berita/d-8236737/komisi-iv-dpr-dorong-fokus-percepatan-tangani-bencana-sumatera,"
Senin, 01 Des 2025 05:36 WIB "
"Update Korban Jiwa Bencana Sumatera: Aceh 96, Sumbar 129, Sumut 217",https://news.detik.com/berita/d-8236755/update-korban-jiwa-bencana-sumatera-aceh-96-sumbar-129-sumut-217,"
Senin, 01 Des 2025 06:36 WIB "
"Bertolak ke Sumut, Prabowo Tinjau Lokasi Terdampak Banjir-Longsor",https://news.detik.com/berita/d-8236758/bertolak-ke-sumut-prabowo-tinjau-lokasi-terdampak-banjir-longsor,"
Senin, 01 Des 2025 07:01 WIB "
"Update Korban Bencana Aceh-Sumut-Sumbar: 442 Orang Tewas, 402 Masih Hilang",https://news.detik.com/berita/d-8236769/update-korban-bencana-aceh-sumut-sumbar-442-orang-tewas-402-masih-hilang,"
Senin, 01 Des 2025 07:19 WIB "
Waka Komisi VIII DPR Bicara Urgensi Penetapan Bencana Nasional Sumatera,https://news.detik.com/berita/d-8236782/waka-komisi-viii-dpr-bicara-urgensi-penetapan-bencana-nasional-sumatera,"
Senin, 01 Des 2025 07:46 WIB "
"Kapolri Pimpin Rakor Bencana di Tapanuli Utara, Pastikan Penanganan Terkoordinasi",https://news.detik.com/berita/d-8236784/kapolri-pimpin-rakor-bencana-di-tapanuli-utara-pastikan-penanganan-terkoordinasi,"
Senin, 01 Des 2025 07:54 WIB "
Sejumlah Wilayah Masih Terisolasi Akibat Banjir Aceh-Sumut-Sumbar,https://news.detik.com/berita/d-8236597/sejumlah-wilayah-masih-terisolasi-akibat-banjir-aceh-sumut-sumbar,"
Senin, 01 Des 2025 07:58 WIB "
Gelondongan Kayu di Bencana Sumatera Dalam Sorotan Senayan,https://news.detik.com/berita/d-8236789/gelondongan-kayu-di-bencana-sumatera-dalam-sorotan-senayan,"
Senin, 01 Des 2025 08:02 WIB "
"Korban Meninggal Akibat Bencana di Agam 120 Orang, 74 Masih dalam Pencarian",https://news.detik.com/berita/d-8236792/korban-meninggal-akibat-bencana-di-agam-120-orang-74-masih-dalam-pencarian,"
Senin, 01 Des 2025 08:14 WIB "
"Tiba di Silangit Sumut, Prabowo Lanjut Naik Helikopter Menuju Tapteng",https://news.detik.com/berita/d-8236802/tiba-di-silangit-sumut-prabowo-lanjut-naik-helikopter-menuju-tapteng,"
Senin, 01 Des 2025 08:28 WIB "
PKB Nilai Banjir Aceh-Sumut Sudah Penuhi Kriteria Bencana Nasional,https://news.detik.com/berita/d-8236824/pkb-nilai-banjir-aceh-sumut-sudah-penuhi-kriteria-bencana-nasional,"
Senin, 01 Des 2025 08:49 WIB "
Mendagri Gelar Rakor Bahas Antisipasi Bencana-Persiapan Natal dan Tahun Baru,https://news.detik.com/berita/d-8236896/mendagri-gelar-rakor-bahas-antisipasi-bencana-persiapan-natal-dan-tahun-baru,"
Senin, 01 Des 2025 09:42 WIB "
"Prabowo Tinjau Korban Bencana di Tapteng, Janji Segera Atasi Kesulitan",https://news.detik.com/berita/d-8236913/prabowo-tinjau-korban-bencana-di-tapteng-janji-segera-atasi-kesulitan,"
Senin, 01 Des 2025 09:51 WIB "
"Usai dari Tapteng, Prabowo Lanjut ke Aceh untuk Tinjau Warga Korban Bencana",https://news.detik.com/berita/d-8236922/usai-dari-tapteng-prabowo-lanjut-ke-aceh-untuk-tinjau-warga-korban-bencana,"
Senin, 01 Des 2025 09:56 WIB "
Prabowo Sempat Temui Pengungsi di Tapteng: Mereka Masih Syok,https://news.detik.com/berita/d-8236945/prabowo-sempat-temui-pengungsi-di-tapteng-mereka-masih-syok,"
Senin, 01 Des 2025 10:15 WIB "
"Pakai Heli, Bantuan Sentuh Pining Aceh yang Terisolir Akibat Banjir",https://news.detik.com/berita/d-8237002/pakai-heli-bantuan-sentuh-pining-aceh-yang-terisolir-akibat-banjir,"
Senin, 01 Des 2025 10:38 WIB "
BNPB: 40 Km Jalur Tarutung-Sibolga Sudah Bisa Ditembus Alat Berat,https://news.detik.com/berita/d-8237010/bnpb-40-km-jalur-tarutung-sibolga-sudah-bisa-ditembus-alat-berat,"
Senin, 01 Des 2025 10:40 WIB "
"Usai Tapteng, Prabowo Lanjut Tinjau Pengungsian di Kutacane Aceh",https://news.detik.com/berita/d-8237039/usai-tapteng-prabowo-lanjut-tinjau-pengungsian-di-kutacane-aceh,"
Senin, 01 Des 2025 10:59 WIB "
"6 Jenazah Korban Banjir di Agam Sumbar Teridentifikasi, Ini Daftarnya",https://news.detik.com/melindungi-tuah-marwah/d-8237043/6-jenazah-korban-banjir-di-agam-sumbar-teridentifikasi-ini-daftarnya,"
Senin, 01 Des 2025 11:03 WIB "
Prabowo: Semua Daerah Harus Siap Menghadapi Perubahan Iklim,https://news.detik.com/berita/d-8237045/prabowo-semua-daerah-harus-siap-menghadapi-perubahan-iklim,"
Senin, 01 Des 2025 11:05 WIB "
Kapolri Dampingi Presiden Cek Lokasi Pengungsian Korban Banjir di Tapanuli Tengah,https://news.detik.com/berita/d-8237055/kapolri-dampingi-presiden-cek-lokasi-pengungsian-korban-banjir-di-tapanuli-tengah,"
Senin, 01 Des 2025 11:09 WIB "
Kapolri Ungkap Arahan Prabowo Saat Tinjau Korban Bencana di Tapteng,https://news.detik.com/berita/d-8237066/kapolri-ungkap-arahan-prabowo-saat-tinjau-korban-bencana-di-tapteng,"
Senin, 01 Des 2025 11:15 WIB "
"Mendagri soal Bencana Sumut: Terjadi Sangat Cepat, Mungkin Kita Kurang Siap",https://news.detik.com/berita/d-8237081/mendagri-soal-bencana-sumut-terjadi-sangat-cepat-mungkin-kita-kurang-siap,"
Senin, 01 Des 2025 11:21 WIB "
Gus Ipul Dampingi Presiden Tinjau Banjir dan Pastikan Bantuan Mengalir,https://news.detik.com/berita/d-8237097/gus-ipul-dampingi-presiden-tinjau-banjir-dan-pastikan-bantuan-mengalir,"
Senin, 01 Des 2025 11:33 WIB "
Momen Haru Warga Tapteng Korban Banjir Video Call Keluarga Pertama Kali,https://news.detik.com/berita/d-8237118/momen-haru-warga-tapteng-korban-banjir-video-call-keluarga-pertama-kali,"
Senin, 01 Des 2025 11:43 WIB "
"Prabowo Tiba di Bandara Alas Leuser, Bakal Cek Jembatan Putus di Kutacane",https://news.detik.com/berita/d-8237156/prabowo-tiba-di-bandara-alas-leuser-bakal-cek-jembatan-putus-di-kutacane,"
Senin, 01 Des 2025 11:56 WIB "
Kapolri Serahkan 8 Truk Bantuan untuk Korban Bencana di Tapteng,https://news.detik.com/berita/d-8237173/kapolri-serahkan-8-truk-bantuan-untuk-korban-bencana-di-tapteng,"
Senin, 01 Des 2025 12:02 WIB "
PKB Soroti Gelondongan Kayu di Bencana Sumatera: Itu Bukan Alamiah,https://news.detik.com/berita/d-8237178/pkb-soroti-gelondongan-kayu-di-bencana-sumatera-itu-bukan-alamiah,"
Senin, 01 Des 2025 12:04 WIB "
"Kemensos Gelar HUT ke-54 Korpri, Tekankan Kesiapsiagaan ASN Hadapi Bencana",https://news.detik.com/berita/d-8237195/kemensos-gelar-hut-ke-54-korpri-tekankan-kesiapsiagaan-asn-hadapi-bencana,"
Senin, 01 Des 2025 12:09 WIB "
"Agam Luluh Lantak Pascabencana: Rumah Terbenam Lumpur, Kayu Berserakan",https://news.detik.com/berita/d-8237194/agam-luluh-lantak-pascabencana-rumah-terbenam-lumpur-kayu-berserakan,"
Senin, 01 Des 2025 12:09 WIB "
"BMKG: Walau Siklon Senyar Kategori Paling Rendah, Dampak Bencana Sangat Besar",https://news.detik.com/berita/d-8237206/bmkg-walau-siklon-senyar-kategori-paling-rendah-dampak-bencana-sangat-besar,"
Senin, 01 Des 2025 12:15 WIB "
"Dampak Banjir-Longsor di Sibolga: 44 Tewas, 13 Hilang, dan 231 Rumah Rusak",https://news.detik.com/berita/d-8237226/dampak-banjir-longsor-di-sibolga-44-tewas-13-hilang-dan-231-rumah-rusak,"
Senin, 01 Des 2025 12:28 WIB "
Mabes Polri Kerahkan Personel Tanggap Darurat Bantu Tangani Bencana Sumatera,https://news.detik.com/berita/d-8237228/mabes-polri-kerahkan-personel-tanggap-darurat-bantu-tangani-bencana-sumatera,"
Senin, 01 Des 2025 12:29 WIB "
"Hari Jadi Polairud, Polda Jateng Doa Bersama untuk Korban Bencana Aceh-Sumut-Sumbar",https://news.detik.com/berita/d-8237232/hari-jadi-polairud-polda-jateng-doa-bersama-untuk-korban-bencana-aceh-sumut-sumbar,"
Senin, 01 Des 2025 12:31 WIB "
"Prabowo Tinjau Jembatan Pantai Dona Aceh yang Terputus, Begini Kondisinya",https://news.detik.com/berita/d-8237237/prabowo-tinjau-jembatan-pantai-dona-aceh-yang-terputus-begini-kondisinya,"
Senin, 01 Des 2025 12:35 WIB "
DPD Gerindra Sumbar Salurkan Bantuan Air Bersih ke Korban Banjir Padang,https://news.detik.com/berita/d-8237241/dpd-gerindra-sumbar-salurkan-bantuan-air-bersih-ke-korban-banjir-padang,"
Senin, 01 Des 2025 12:36 WIB "
"Rapat Bareng COO Danantara, Andre Rosiade: Salut Kerja BUMN di Daerah Bencana",https://news.detik.com/berita/d-8237253/rapat-bareng-coo-danantara-andre-rosiade-salut-kerja-bumn-di-daerah-bencana,"
Senin, 01 Des 2025 12:41 WIB "
"Kapolri Patroli Udara, Tinjau Area Terdampak Banjir di Tapanuli Tengah",https://news.detik.com/berita/d-8237254/kapolri-patroli-udara-tinjau-area-terdampak-banjir-di-tapanuli-tengah,"
Senin, 01 Des 2025 12:41 WIB "
Ketum Bhayangkari Beri Bantuan hingga Hibur Anak-anak Korban Bencana di Tapanuli Tengah,https://news.detik.com/berita/d-8237333/ketum-bhayangkari-beri-bantuan-hingga-hibur-anak-anak-korban-bencana-di-tapanuli-tengah,"
Senin, 01 Des 2025 13:09 WIB "
Update Korban Banjir-Longsor di Sumut: 240 Orang Tewas dan 182 Hilang,https://news.detik.com/berita/d-8237343/update-korban-banjir-longsor-di-sumut-240-orang-tewas-dan-182-hilang,"
Senin, 01 Des 2025 13:14 WIB "
"Kirim Pasukan ke Sumatera, Wakapolri Cerita Pengalaman Saat Tsunami Aceh-Palu",https://news.detik.com/berita/d-8237356/kirim-pasukan-ke-sumatera-wakapolri-cerita-pengalaman-saat-tsunami-aceh-palu,"
Senin, 01 Des 2025 13:17 WIB "
Momen Prabowo dan Pengungsi Banjir Aceh Foto Bareng di Posko,https://news.detik.com/berita/d-8237354/momen-prabowo-dan-pengungsi-banjir-aceh-foto-bareng-di-posko,"
Senin, 01 Des 2025 13:17 WIB "
CT ARSA Salurkan Donasi Ratusan Juta untuk Bencana Banjir dan Longsor Sumatera,https://news.detik.com/berita/d-8237389/ct-arsa-salurkan-donasi-ratusan-juta-untuk-bencana-banjir-dan-longsor-sumatera,"
Senin, 01 Des 2025 13:28 WIB "
Kementerian PU Kerahkan Personel & Alat Berat Atasi Bencana Aceh-Sumatera,https://news.detik.com/berita/d-8237390/kementerian-pu-kerahkan-personel-alat-berat-atasi-bencana-aceh-sumatera,"
Senin, 01 Des 2025 13:29 WIB "
"Polri Kembali Kirim 5,9 Ton Bantuan Logistik ke Aceh, Sumut, dan Sumbar",https://news.detik.com/berita/d-8237397/polri-kembali-kirim-5-9-ton-bantuan-logistik-ke-aceh-sumut-dan-sumbar,"
Senin, 01 Des 2025 13:33 WIB "
Kapolda Banten Lepas Bantuan untuk Korban Bencana di Aceh-Sumut-Sumbar,https://news.detik.com/berita/d-8237405/kapolda-banten-lepas-bantuan-untuk-korban-bencana-di-aceh-sumut-sumbar,"
Senin, 01 Des 2025 13:34 WIB "
Prabowo Janji Segera Perbaiki Jembatan Rusak di Aceh: Kita Punya Anggarannya,https://news.detik.com/berita/d-8237428/prabowo-janji-segera-perbaiki-jembatan-rusak-di-aceh-kita-punya-anggarannya,"
Senin, 01 Des 2025 13:45 WIB "
"Dunia Hari Ini: Lebih dari 800 Warga Meninggal Akibat Cuaca Ekstrem Asia, Termasuk RI",https://news.detik.com/abc-australia/d-8237430/dunia-hari-ini-lebih-dari-800-warga-meninggal-akibat-cuaca-ekstrem-asia-termasuk-ri,"
Senin, 01 Des 2025 13:47 WIB "
BMKG Sudah Ingatkan Cuaca Ekstrem 8 Hari Sebelum Bencana di Sumatera,https://news.detik.com/berita/d-8237465/bmkg-sudah-ingatkan-cuaca-ekstrem-8-hari-sebelum-bencana-di-sumatera,"
Senin, 01 Des 2025 14:09 WIB "
"Prabowo Lanjut ke Sumbar, Tinjau Korban Banjir Usai Kunjungi Sumut-Aceh",https://news.detik.com/berita/d-8237466/prabowo-lanjut-ke-sumbar-tinjau-korban-banjir-usai-kunjungi-sumut-aceh,"
Senin, 01 Des 2025 14:10 WIB "
"Kayu Gelondongan di Bencana Sumatera Jadi Sorotan, PDIP Ungkit Pesan Megawati",https://news.detik.com/berita/d-8237481/kayu-gelondongan-di-bencana-sumatera-jadi-sorotan-pdip-ungkit-pesan-megawati,"
Senin, 01 Des 2025 14:22 WIB "
"Hari-hari Warga Aceh: Listrik-PDAM Mati, Sinyal Susah, BBM Antre",https://news.detik.com/berita/d-8237511/hari-hari-warga-aceh-listrik-pdam-mati-sinyal-susah-bbm-antre,"
Senin, 01 Des 2025 14:31 WIB "
BKO Polda Riau Keruk Lumpur Tebal di Rumah-rumah Terdampak Banjir Agam,https://news.detik.com/melindungi-tuah-marwah/d-8237504/bko-polda-riau-keruk-lumpur-tebal-di-rumah-rumah-terdampak-banjir-agam,"
Senin, 01 Des 2025 14:31 WIB "
"Aksi Solidaritas, PIS Bantu Warga Terdampak Banjir Sumut, Sumbar & Aceh",https://news.detik.com/berita/d-8237542/aksi-solidaritas-pis-bantu-warga-terdampak-banjir-sumut-sumbar-aceh,"
Senin, 01 Des 2025 14:44 WIB "
Desakan ke Pemerintah Soal Status Bencana Nasional di Sumatera,https://news.detik.com/berita/d-8237480/desakan-ke-pemerintah-soal-status-bencana-nasional-di-sumatera,"
Senin, 01 Des 2025 14:45 WIB "
PKS Dorong Status Bencana Nasional Sumatera: Penting untuk Kekuatan Moril,https://news.detik.com/berita/d-8237552/pks-dorong-status-bencana-nasional-sumatera-penting-untuk-kekuatan-moril,"
Senin, 01 Des 2025 14:52 WIB "
Antrean BBM di Medan Mengular hingga Macet Usai Banjir,https://news.detik.com/berita/d-8237558/antrean-bbm-di-medan-mengular-hingga-macet-usai-banjir,"
Senin, 01 Des 2025 14:54 WIB "
"Warga Aceh Ngadu Kebun Jagung Dihantam Banjir, Ini Respons Prabowo",https://news.detik.com/berita/d-8237577/warga-aceh-ngadu-kebun-jagung-dihantam-banjir-ini-respons-prabowo,"
Senin, 01 Des 2025 15:03 WIB "
Kapolda Metro Jaya Lepas 15 Truk Bantuan untuk Korban Bencana Sumatera,https://news.detik.com/berita/d-8237618/kapolda-metro-jaya-lepas-15-truk-bantuan-untuk-korban-bencana-sumatera,"
Senin, 01 Des 2025 15:21 WIB "
Andre Rosiade Tinjau Dapur Gerindra Sumbar yang Sediakan Ribuan Nasi Bungkus,https://news.detik.com/berita/d-8237620/andre-rosiade-tinjau-dapur-gerindra-sumbar-yang-sediakan-ribuan-nasi-bungkus,"
Senin, 01 Des 2025 15:21 WIB "
"Beredar Surat Sejumlah Daerah Tak Mampu Tangani Bencana, Ini Kata Pemprov Aceh",https://news.detik.com/berita/d-8237636/beredar-surat-sejumlah-daerah-tak-mampu-tangani-bencana-ini-kata-pemprov-aceh,"
Senin, 01 Des 2025 15:25 WIB "
"Prabowo Tiba di Bandara Minangkabau, Akan Cek Posko Korban Banjir",https://news.detik.com/berita/d-8237646/prabowo-tiba-di-bandara-minangkabau-akan-cek-posko-korban-banjir,"
Senin, 01 Des 2025 15:30 WIB "
"Kabasarnas: 33.620 Jiwa Terdampak Bencana Sumatera, 447 Orang Meninggal",https://news.detik.com/berita/d-8237648/kabasarnas-33-620-jiwa-terdampak-bencana-sumatera-447-orang-meninggal,"
Senin, 01 Des 2025 15:32 WIB "
Prabowo Geleng Kepala Dengar Bupati di Aceh Bilang 'Presiden Seumur Hidup',https://news.detik.com/berita/d-8237652/prabowo-geleng-kepala-dengar-bupati-di-aceh-bilang-presiden-seumur-hidup,"
Senin, 01 Des 2025 15:33 WIB "
"BMKG: Aceh Masih dalam Musim Hujan Selama Desember, Masyarakat Perlu Waspada",https://news.detik.com/berita/d-8237684/bmkg-aceh-masih-dalam-musim-hujan-selama-desember-masyarakat-perlu-waspada,"
Senin, 01 Des 2025 15:52 WIB "
"Listrik di Aceh-Sumut Masih Terputus, Tower Sementara Segera Didirikan",https://news.detik.com/berita/d-8237694/listrik-di-aceh-sumut-masih-terputus-tower-sementara-segera-didirikan,"
Senin, 01 Des 2025 15:56 WIB "
Korban Banjir Sambut Prabowo di Posko Pengungsian di Padang Pariaman,https://news.detik.com/berita/d-8237781/korban-banjir-sambut-prabowo-di-posko-pengungsian-di-padang-pariaman,"
Senin, 01 Des 2025 16:17 WIB "
Polri Kerahkan 15 Helikopter-9 Kapal Kirim Bantuan Korban Bencana Sumatera,https://news.detik.com/berita/d-8237798/polri-kerahkan-15-helikopter-9-kapal-kirim-bantuan-korban-bencana-sumatera,"
Senin, 01 Des 2025 16:20 WIB "
"BMKG soal Banjir Bandang Sumatera: Curah Hujan 1 Bulan, Tumpah dalam Sehari",https://news.detik.com/berita/d-8237826/bmkg-soal-banjir-bandang-sumatera-curah-hujan-1-bulan-tumpah-dalam-sehari,"
Senin, 01 Des 2025 16:24 WIB "
Mendagri Nilai Perlu Investigasi soal Kayu Gelondongan di Bencana Sumatera,https://news.detik.com/berita/d-8237849/mendagri-nilai-perlu-investigasi-soal-kayu-gelondongan-di-bencana-sumatera,"
Senin, 01 Des 2025 16:34 WIB "
Kementerian LH Panggil 8 Perusahaan Usut Sumber Gelondongan Kayu di Sumut,https://news.detik.com/berita/d-8237877/kementerian-lh-panggil-8-perusahaan-usut-sumber-gelondongan-kayu-di-sumut,"
Senin, 01 Des 2025 16:37 WIB "
10 Kecamatan di Aceh Tamiang Belum Terjangkau Bantuan karena Banjir-Longsor,https://news.detik.com/berita/d-8237940/10-kecamatan-di-aceh-tamiang-belum-terjangkau-bantuan-karena-banjir-longsor,"
Senin, 01 Des 2025 16:49 WIB "
Kemendikdasmen Salurkan Dana Darurat untuk Korban Bencana di Sumatera,https://news.detik.com/berita/d-8237984/kemendikdasmen-salurkan-dana-darurat-untuk-korban-bencana-di-sumatera,"
Senin, 01 Des 2025 17:04 WIB "
BMKG: Hujan Bulanan Turun dalam Sehari di Sumatera Terjadi 3 Hari,https://news.detik.com/berita/d-8237996/bmkg-hujan-bulanan-turun-dalam-sehari-di-sumatera-terjadi-3-hari,"
Senin, 01 Des 2025 17:08 WIB "
"Logistik di Aceh Singkil Sisa untuk Besok, Pengungsi Terancam Kelaparan",https://news.detik.com/berita/d-8237998/logistik-di-aceh-singkil-sisa-untuk-besok-pengungsi-terancam-kelaparan,"
Senin, 01 Des 2025 17:09 WIB "
"Gerak Cepat Brimob Polda Riau, Jasad Ibu-Anak Korban Banjir Agam Ditemukan",https://news.detik.com/melindungi-tuah-marwah/d-8238011/gerak-cepat-brimob-polda-riau-jasad-ibu-anak-korban-banjir-agam-ditemukan,"
Senin, 01 Des 2025 17:15 WIB "
Prabowo Janji Segera Benahi Air Bersih-Jembatan Rusak Akibat Bencana di Sumbar,https://news.detik.com/berita/d-8238013/prabowo-janji-segera-benahi-air-bersih-jembatan-rusak-akibat-bencana-di-sumbar,"
Senin, 01 Des 2025 17:18 WIB "
Alat Berat dari Polda Riau Buka Akses Jalan yang Terisolir Bencana di Agam,https://news.detik.com/melindungi-tuah-marwah/d-8238014/alat-berat-dari-polda-riau-buka-akses-jalan-yang-terisolir-bencana-di-agam,"
Senin, 01 Des 2025 17:19 WIB "
Mendagri soal Status Bencana Aceh-Sumut-Sumbar: Perlakuannya Sudah Nasional,https://news.detik.com/berita/d-8238028/mendagri-soal-status-bencana-aceh-sumut-sumbar-perlakuannya-sudah-nasional,"
Senin, 01 Des 2025 17:26 WIB "
Alam Berteriak di Bagian Barat Indonesia dan Kita Perlu Mendengar,https://news.detik.com/kolom/d-8238060/alam-berteriak-di-bagian-barat-indonesia-dan-kita-perlu-mendengar,"
Senin, 01 Des 2025 17:41 WIB "
Kabasarnas Ungkap Beratnya Bencana di Sumatera: Tim SAR Ekstra Kelelahan,https://news.detik.com/berita/d-8238070/kabasarnas-ungkap-beratnya-bencana-di-sumatera-tim-sar-ekstra-kelelahan,"
Senin, 01 Des 2025 17:48 WIB "
"Update Data Korban Bencana Sumatera: 593 Orang Meninggal, 468 Masih Hilang",https://news.detik.com/berita/d-8238083/update-data-korban-bencana-sumatera-593-orang-meninggal-468-masih-hilang,"
Senin, 01 Des 2025 17:51 WIB "
Mendagri Minta Pemda Perkuat Sinergi Hadapi Potensi Bencana & Nataru,https://news.detik.com/berita/d-8238089/mendagri-minta-pemda-perkuat-sinergi-hadapi-potensi-bencana-nataru,"
Senin, 01 Des 2025 17:54 WIB "
Momen Andre Rosiade Dampingi Prabowo Kunjungi Korban Banjir di Sumbar,https://news.detik.com/berita/d-8238094/momen-andre-rosiade-dampingi-prabowo-kunjungi-korban-banjir-di-sumbar,"
Senin, 01 Des 2025 17:56 WIB "
BMKG Ungkap Ancaman Bencana Hidometeorologi di Jawa-Papua Sampai Februari 2026,https://news.detik.com/berita/d-8238118/bmkg-ungkap-ancaman-bencana-hidometeorologi-di-jawa-papua-sampai-februari-2026,"
Senin, 01 Des 2025 18:14 WIB "
Data Terbaru BNPB: Korban Meninggal Bencana Sumatera Capai 604 Orang,https://news.detik.com/berita/d-8238155/data-terbaru-bnpb-korban-meninggal-bencana-sumatera-capai-604-orang,"
Senin, 01 Des 2025 18:31 WIB "
Gus Ipul Dampingi Presiden Prabowo Tinjau Posko Pengungsi Banjir di Aceh,https://news.detik.com/berita/d-8238160/gus-ipul-dampingi-presiden-prabowo-tinjau-posko-pengungsi-banjir-di-aceh,"
Senin, 01 Des 2025 18:35 WIB "
"Fraksi PKS MPR & LATS Gelar Lokakarya Akademik, Bahas Tata Kelola SDA",https://news.detik.com/berita/d-8238165/fraksi-pks-mpr-lats-gelar-lokakarya-akademik-bahas-tata-kelola-sda,"
Senin, 01 Des 2025 18:38 WIB "
"Dony Oskaria: BUMN Milik Rakyat, Wajib Hadir di Tengah Korban Bencana",https://news.detik.com/berita/d-8238174/dony-oskaria-bumn-milik-rakyat-wajib-hadir-di-tengah-korban-bencana,"
Senin, 01 Des 2025 18:46 WIB "
Kemensos Dirikan 28 Dapur Umum Layani 50 Ribu Korban Banjir Sumatera,https://news.detik.com/berita/d-8238173/kemensos-dirikan-28-dapur-umum-layani-50-ribu-korban-banjir-sumatera,"
Senin, 01 Des 2025 19:00 WIB "
Prabowo Usai Cek Korban Banjir di Sumbar: Listrik Hampir 100%,https://news.detik.com/berita/d-8238195/prabowo-usai-cek-korban-banjir-di-sumbar-listrik-hampir-100,"
Senin, 01 Des 2025 19:03 WIB "
Polda Banten Gelar Salat Gaib untuk Korban Bencana di Sumatera,https://news.detik.com/berita/d-8238237/polda-banten-gelar-salat-gaib-untuk-korban-bencana-di-sumatera,"
Senin, 01 Des 2025 19:24 WIB "
"Prabowo Pastikan Percepat Pemulihan Infrastruktur di Aceh, Sumut, & Sumbar",https://news.detik.com/berita/d-8238254/prabowo-pastikan-percepat-pemulihan-infrastruktur-di-aceh-sumut-sumbar,"
Senin, 01 Des 2025 19:36 WIB "
Kabasarnas Ungkap Kekurangan Tangani Banjir Sumbar: 1 Kantor Cover 18 Daerah,https://news.detik.com/berita/d-8238281/kabasarnas-ungkap-kekurangan-tangani-banjir-sumbar-1-kantor-cover-18-daerah,"
Senin, 01 Des 2025 19:54 WIB "
Prabowo Pastikan Perbaikan Rumah-Jembatan Rusak Akibat Bencana Sumatera,https://news.detik.com/berita/d-8238306/prabowo-pastikan-perbaikan-rumah-jembatan-rusak-akibat-bencana-sumatera,"
Senin, 01 Des 2025 20:11 WIB "
4 Ton Bantuan Makanan hingga Obat Dikirim ke Solok-Agam Via Udara,https://news.detik.com/berita/d-8238326/4-ton-bantuan-makanan-hingga-obat-dikirim-ke-solok-agam-via-udara,"
Senin, 01 Des 2025 20:18 WIB "
"AHY Dorong Percepatan Pemulihan Infrastruktur di Aceh, Sumut & Sumbar",https://news.detik.com/berita/d-8238330/ahy-dorong-percepatan-pemulihan-infrastruktur-di-aceh-sumut-sumbar,"
Senin, 01 Des 2025 20:22 WIB "
BNPB Sentil Kepala Daerah Salahkan Hujan Saat Bencana: Padahal Tata Ruang,https://news.detik.com/berita/d-8238361/bnpb-sentil-kepala-daerah-salahkan-hujan-saat-bencana-padahal-tata-ruang,"
Senin, 01 Des 2025 20:41 WIB "
Pertamina Salurkan Bantuan & Evakuasi Pekerja Terdampak Banjir di Aceh,https://news.detik.com/berita/d-8238436/pertamina-salurkan-bantuan-evakuasi-pekerja-terdampak-banjir-di-aceh,"
Senin, 01 Des 2025 22:03 WIB "
Kata BMKG soal Wanti-wanti Cuaca Ekstrem Sebelum Bencana di Sumatera,https://news.detik.com/berita/d-8238451/kata-bmkg-soal-wanti-wanti-cuaca-ekstrem-sebelum-bencana-di-sumatera,"
Senin, 01 Des 2025 22:26 WIB "
4 Kabupaten di Aceh Masih Terisolir Imbas Jalan Putus Dihantam Banjir Bandang,https://news.detik.com/berita/d-8238543/4-kabupaten-di-aceh-masih-terisolir-imbas-jalan-putus-dihantam-banjir-bandang,"
Selasa, 02 Des 2025 06:15 WIB "
Anomali Hujan Sebulan Tumpah dalam Sehari di Sumatera Diungkap BMKG,https://news.detik.com/berita/d-8238545/anomali-hujan-sebulan-tumpah-dalam-sehari-di-sumatera-diungkap-bmkg,"
Selasa, 02 Des 2025 06:30 WIB "
"Muncul Gelondongan Kayu Saat Bencana Sumatera, PKB Kaji Pansus Pembalakan Liar",https://news.detik.com/berita/d-8238550/muncul-gelondongan-kayu-saat-bencana-sumatera-pkb-kaji-pansus-pembalakan-liar,"
Selasa, 02 Des 2025 06:46 WIB "
5 Arahan Prabowo Usai Tinjau Bencana di Sumatera,https://news.detik.com/berita/d-8238560/5-arahan-prabowo-usai-tinjau-bencana-di-sumatera,"
Selasa, 02 Des 2025 07:00 WIB "
"Banjir di Sumatera Berangsur Surut, Gelondongan Kayu Mulai Dievakuasi",https://news.detik.com/berita/d-8238563/banjir-di-sumatera-berangsur-surut-gelondongan-kayu-mulai-dievakuasi,"
Selasa, 02 Des 2025 07:17 WIB "
KLH Bakal Tinjau Ulang Izin 8 Perusahaan di Aceh-Sumut-Sumbar,https://news.detik.com/berita/d-8238397/klh-bakal-tinjau-ulang-izin-8-perusahaan-di-aceh-sumut-sumbar,"
Selasa, 02 Des 2025 07:58 WIB "
Asal Gelondongan Kayu Usai Banjir di Sumut Kini Diusut,https://news.detik.com/berita/d-8238605/asal-gelondongan-kayu-usai-banjir-di-sumut-kini-diusut,"
Selasa, 02 Des 2025 08:29 WIB "
Waka MPR Dorong RUU Pengelolaan Perubahan Iklim: Sejalan Arahan Prabowo,https://news.detik.com/berita/d-8238625/waka-mpr-dorong-ruu-pengelolaan-perubahan-iklim-sejalan-arahan-prabowo,"
Selasa, 02 Des 2025 08:46 WIB "
BPBD DKI Siapkan 1.200 Pompa Air Hadapi Potensi Cuaca Ekstrem Akhir Tahun,https://news.detik.com/berita/d-8238633/bpbd-dki-siapkan-1-200-pompa-air-hadapi-potensi-cuaca-ekstrem-akhir-tahun,"
Selasa, 02 Des 2025 08:54 WIB "
"Bencana di Sumatera, Waka Komisi IV DPR Usul Panja Penyelamatan Hutan",https://news.detik.com/berita/d-8238649/bencana-di-sumatera-waka-komisi-iv-dpr-usul-panja-penyelamatan-hutan,"
Selasa, 02 Des 2025 09:05 WIB "
Wamendagri Pastikan Pemerintah Penuhi Kebutuhan Korban Bencana di Sumatera,https://news.detik.com/berita/d-8238692/wamendagri-pastikan-pemerintah-penuhi-kebutuhan-korban-bencana-di-sumatera,"
Selasa, 02 Des 2025 09:23 WIB "
"Distribusi Logistik Jadi Prioritas, Bima Arya: Pastikan ke Keluarga Terdampak",https://news.detik.com/berita/d-8238701/distribusi-logistik-jadi-prioritas-bima-arya-pastikan-ke-keluarga-terdampak,"
Selasa, 02 Des 2025 09:35 WIB "
Andre Rosiade Dukung Gubernur Sumbar Berantas Pembalakan dan Tambang Liar,https://news.detik.com/berita/d-8238761/andre-rosiade-dukung-gubernur-sumbar-berantas-pembalakan-dan-tambang-liar,"
Selasa, 02 Des 2025 10:08 WIB "
Update BNPB: Korban Meninggal Bencana Sumatera Bertambah Jadi 631 Orang,https://news.detik.com/berita/d-8238771/update-bnpb-korban-meninggal-bencana-sumatera-bertambah-jadi-631-orang,"
Selasa, 02 Des 2025 10:16 WIB "
Tambahan 1.700 Ton Beras Dikirim untuk Bantu Korban Bencana di Aceh,https://news.detik.com/berita/d-8238791/tambahan-1-700-ton-beras-dikirim-untuk-bantu-korban-bencana-di-aceh,"
Selasa, 02 Des 2025 10:26 WIB "
Polda Metro Kirim 17 Ton Beras-Ribuan Selimut untuk Korban Bencana Sumatera,https://news.detik.com/berita/d-8238833/polda-metro-kirim-17-ton-beras-ribuan-selimut-untuk-korban-bencana-sumatera,"
Selasa, 02 Des 2025 10:44 WIB "
Wamensos Pastikan Bantuan Logistik Tersalurkan ke Kutacane Aceh Tenggara,https://news.detik.com/berita/d-8238832/wamensos-pastikan-bantuan-logistik-tersalurkan-ke-kutacane-aceh-tenggara,"
Selasa, 02 Des 2025 10:44 WIB "
Komisi IX DPR Desak Kemenkes Kirim Dokter-Obat Bantu Korban Bencana Sumatera,https://news.detik.com/berita/d-8238949/komisi-ix-dpr-desak-kemenkes-kirim-dokter-obat-bantu-korban-bencana-sumatera,"
Selasa, 02 Des 2025 11:45 WIB "
"Raja Charles Berduka Atas Banjir Asia Termasuk RI, Serukan Hal Ini!",https://news.detik.com/internasional/d-8238957/raja-charles-berduka-atas-banjir-asia-termasuk-ri-serukan-hal-ini,"
Selasa, 02 Des 2025 11:48 WIB "
BMKG Imbau Waspada Potensi Banjir Rob di Pesisir Sumbar hingga 7 Desember,https://news.detik.com/berita/d-8238988/bmkg-imbau-waspada-potensi-banjir-rob-di-pesisir-sumbar-hingga-7-desember,"
Selasa, 02 Des 2025 12:05 WIB "
Polda Riau Perluas Pencarian Personel yang Hilang Saat Longsor di Sumbar,https://news.detik.com/melindungi-tuah-marwah/d-8239049/polda-riau-perluas-pencarian-personel-yang-hilang-saat-longsor-di-sumbar,"
Selasa, 02 Des 2025 12:31 WIB "
Dunia Hari Ini: Angka Kematian Akibat Serangkaian Bencana Asia Tembus 1.000 Jiwa,https://news.detik.com/abc-australia/d-8239052/dunia-hari-ini-angka-kematian-akibat-serangkaian-bencana-asia-tembus-1-000-jiwa,"
Selasa, 02 Des 2025 12:33 WIB "
Walhi Tepis Bobby Nasution yang Sebut Banjir di Sumut karena Cuaca Ekstrem,https://news.detik.com/berita/d-8239059/walhi-tepis-bobby-nasution-yang-sebut-banjir-di-sumut-karena-cuaca-ekstrem,"
Selasa, 02 Des 2025 12:35 WIB "
Mensos Ungkap Bantuan Senilai Rp 25 M Disalurkan ke Korban Bencana Sumatera,https://news.detik.com/berita/d-8239069/mensos-ungkap-bantuan-senilai-rp-25-m-disalurkan-ke-korban-bencana-sumatera,"
Selasa, 02 Des 2025 12:44 WIB "
Komisi X DPR Minta Pemerintah Bangun Sekolah Darurat di Wilayah Terdampak Bencana,https://news.detik.com/berita/d-8239106/komisi-x-dpr-minta-pemerintah-bangun-sekolah-darurat-di-wilayah-terdampak-bencana,"
Selasa, 02 Des 2025 13:05 WIB "
Data BNPB Siang Ini: Korban Meninggal Bencana Sumatera Capai 659 Orang,https://news.detik.com/berita/d-8239108/data-bnpb-siang-ini-korban-meninggal-bencana-sumatera-capai-659-orang,"
Selasa, 02 Des 2025 13:06 WIB "
"ASDP Salurkan Bantuan Rp185 Juta untuk Sumatera, Pulihkan Harapan Warga",https://news.detik.com/bangun-indonesia/d-8239113/asdp-salurkan-bantuan-rp185-juta-untuk-sumatera-pulihkan-harapan-warga,"
Selasa, 02 Des 2025 13:10 WIB "
"Kondisi Memilukan di Agam, Butuh Alat Berat untuk Cari Korban Hilang",https://news.detik.com/berita/d-8239115/kondisi-memilukan-di-agam-butuh-alat-berat-untuk-cari-korban-hilang,"
Selasa, 02 Des 2025 13:11 WIB "
Satgas PKH Bakal Usut Gelondongan Kayu Hanyut-Menumpuk Saat Bencana Sumatera,https://news.detik.com/berita/d-8239120/satgas-pkh-bakal-usut-gelondongan-kayu-hanyut-menumpuk-saat-bencana-sumatera,"
Selasa, 02 Des 2025 13:16 WIB "
Kementerian PU Percepat Perbaikan 14 Jembatan Rusak di Aceh,https://news.detik.com/berita/d-8239148/kementerian-pu-percepat-perbaikan-14-jembatan-rusak-di-aceh,"
Selasa, 02 Des 2025 13:18 WIB "
Kerugian Negara dari Kasus Illegal Logging di Mentawai Capai Rp 447 Miliar,https://news.detik.com/berita/d-8239183/kerugian-negara-dari-kasus-illegal-logging-di-mentawai-capai-rp-447-miliar,"
Selasa, 02 Des 2025 13:31 WIB "
"Verrel Bantah Pakai Rompi Antipeluru Tinjau Bencana Sumbar, Ini Katanya",https://news.detik.com/berita/d-8239212/verrel-bantah-pakai-rompi-antipeluru-tinjau-bencana-sumbar-ini-katanya,"
Selasa, 02 Des 2025 13:35 WIB "
Mensos Jelaskan Kendala Kirim Bantuan ke Wilayah Terdampak Banjir Sumatera,https://news.detik.com/berita/d-8239316/mensos-jelaskan-kendala-kirim-bantuan-ke-wilayah-terdampak-banjir-sumatera,"
Selasa, 02 Des 2025 14:26 WIB "
Bareskrim Selidiki Asal Gelondongan Kayu Terseret Banjir Sumatera,https://news.detik.com/berita/d-8239346/bareskrim-selidiki-asal-gelondongan-kayu-terseret-banjir-sumatera,"
Selasa, 02 Des 2025 14:33 WIB "
Antrean BBM di Banda Aceh Mengular hingga 1 Km Usai Banjir,https://news.detik.com/berita/d-8239375/antrean-bbm-di-banda-aceh-mengular-hingga-1-km-usai-banjir,"
Selasa, 02 Des 2025 14:46 WIB "
Menakar Kekuatan Fiskal RI dalam Penanganan Bencana Nasional,https://news.detik.com/berita/d-8239380/menakar-kekuatan-fiskal-ri-dalam-penanganan-bencana-nasional,"
Selasa, 02 Des 2025 14:48 WIB "
Polisi-TNI dan Warga di Meranti Gotong Royong Bersih-bersih Cegah Banjir,https://news.detik.com/melindungi-tuah-marwah/d-8239400/polisi-tni-dan-warga-di-meranti-gotong-royong-bersih-bersih-cegah-banjir,"
Selasa, 02 Des 2025 14:55 WIB "
Basarnas Kerahkan Anjing K9 Cari 553 Korban Bencana Sumatera yang Masih Hilang,https://news.detik.com/berita/d-8239444/basarnas-kerahkan-anjing-k9-cari-553-korban-bencana-sumatera-yang-masih-hilang,"
Selasa, 02 Des 2025 15:15 WIB "
"Demokrat Riau Kirim Bantuan 20.000 Paket Sembako ke Sumbar, Sumut & Aceh",https://news.detik.com/berita/d-8239449/demokrat-riau-kirim-bantuan-20-000-paket-sembako-ke-sumbar-sumut-aceh,"
Selasa, 02 Des 2025 15:16 WIB "
Menteri PU Targetkan Truk Kecil Bisa Masuk ke Sibolga Lewat Darat Hari Ini,https://news.detik.com/berita/d-8239507/menteri-pu-targetkan-truk-kecil-bisa-masuk-ke-sibolga-lewat-darat-hari-ini,"
Selasa, 02 Des 2025 15:37 WIB "
Lansia dan Balita Pengungsi Banjir di Bireuen Aceh Mulai Sakit,https://news.detik.com/berita/d-8239514/lansia-dan-balita-pengungsi-banjir-di-bireuen-aceh-mulai-sakit,"
Selasa, 02 Des 2025 15:42 WIB "
Dapur Polda Riau Siapkan Ribuan Porsi Makanan untuk Korban Banjir Agam,https://news.detik.com/melindungi-tuah-marwah/d-8239554/dapur-polda-riau-siapkan-ribuan-porsi-makanan-untuk-korban-banjir-agam,"
Selasa, 02 Des 2025 15:51 WIB "
Andre Rosiade-Menteri PU Siapkan Percepatan Pemulihan Infrastruktur Sumbar,https://news.detik.com/berita/d-8239562/andre-rosiade-menteri-pu-siapkan-percepatan-pemulihan-infrastruktur-sumbar,"
Selasa, 02 Des 2025 15:56 WIB "
BNPB: Jalur Medan-Aceh Tamiang Mulai Bisa Dilintasi Secara Terbatas,https://news.detik.com/berita/d-8239576/bnpb-jalur-medan-aceh-tamiang-mulai-bisa-dilintasi-secara-terbatas,"
Selasa, 02 Des 2025 16:01 WIB "
"Anggota Brimob Evakuasi Jasad di Sibolga, Ternyata Ibu Rekan Sesama Polisi",https://news.detik.com/berita/d-8239629/anggota-brimob-evakuasi-jasad-di-sibolga-ternyata-ibu-rekan-sesama-polisi,"
Selasa, 02 Des 2025 16:14 WIB "
"Basarnas: Tak Ada Kata Daerah Terisolasi, Kita Bisa Jangkau Via Udara-Laut",https://news.detik.com/berita/d-8239654/basarnas-tak-ada-kata-daerah-terisolasi-kita-bisa-jangkau-via-udara-laut,"
Selasa, 02 Des 2025 16:24 WIB "
Waka MPR Tekankan Pentingnya Semangat Gotong Royong dalam Hadapi Bencana,https://news.detik.com/berita/d-8239697/waka-mpr-tekankan-pentingnya-semangat-gotong-royong-dalam-hadapi-bencana,"
Selasa, 02 Des 2025 16:42 WIB "
Le Minerale Salurkan Bantuan Air Mineral untuk Korban Banjir di Sumatera,https://news.detik.com/berita/d-8239801/le-minerale-salurkan-bantuan-air-mineral-untuk-korban-banjir-di-sumatera,"
Selasa, 02 Des 2025 17:13 WIB "
"Data BNPB Korban Bencana Sumatera Sore Ini: 712 Orang Meninggal, 507 Hilang",https://news.detik.com/berita/d-8239846/data-bnpb-korban-bencana-sumatera-sore-ini-712-orang-meninggal-507-hilang,"
Selasa, 02 Des 2025 17:29 WIB "
"BNPB Ungkap 1,1 Juta Orang Mengungsi Akibat Bencana di Sumatera",https://news.detik.com/berita/d-8239873/bnpb-ungkap-1-1-juta-orang-mengungsi-akibat-bencana-di-sumatera,"
Selasa, 02 Des 2025 17:49 WIB "
Polres Kampar Kirim Personel Cari Ipda Angga yang Hilang di Sumbar,https://news.detik.com/melindungi-tuah-marwah/d-8239899/polres-kampar-kirim-personel-cari-ipda-angga-yang-hilang-di-sumbar,"
Selasa, 02 Des 2025 18:01 WIB "
"Wamendagri Tinjau Posko Bencana di Solok, Tekankan Komunikasi Efektif",https://news.detik.com/berita/d-8239943/wamendagri-tinjau-posko-bencana-di-solok-tekankan-komunikasi-efektif,"
Selasa, 02 Des 2025 18:30 WIB "
Muzani Sebut Gelondongan Kayu di Banjir Sumatera Hasil Tebangan Lama,https://news.detik.com/berita/d-8239969/muzani-sebut-gelondongan-kayu-di-banjir-sumatera-hasil-tebangan-lama,"
Selasa, 02 Des 2025 18:47 WIB "
Muzani Ungkap Prabowo Beri Atensi Serius Pemulihan Bencana di Sumatera-Aceh,https://news.detik.com/berita/d-8239998/muzani-ungkap-prabowo-beri-atensi-serius-pemulihan-bencana-di-sumatera-aceh,"
Selasa, 02 Des 2025 19:12 WIB "
"Demo HUT Lebak Ricuh, Massa Minta Pemkab Atasi Jalan Rusak-Tambang Ilegal",https://news.detik.com/berita/d-8240023/demo-hut-lebak-ricuh-massa-minta-pemkab-atasi-jalan-rusak-tambang-ilegal,"
Selasa, 02 Des 2025 19:27 WIB "
Warga Bogor Gelar Doa Bersama untuk Korban Bencana di Sumatera dan Aceh,https://news.detik.com/berita/d-8240036/warga-bogor-gelar-doa-bersama-untuk-korban-bencana-di-sumatera-dan-aceh,"
Selasa, 02 Des 2025 19:30 WIB "
"Pasok BBM di Sumatera, Pertamina Kerahkan Awak Mobil Tangki Lintas Pulau",https://news.detik.com/berita/d-8240024/pasok-bbm-di-sumatera-pertamina-kerahkan-awak-mobil-tangki-lintas-pulau,"
Selasa, 02 Des 2025 19:46 WIB "
Pupuk Indonesia Kirim Bantuan ke Wilayah Terdampak Banjir di Sumut-Aceh,https://news.detik.com/berita/d-8240094/pupuk-indonesia-kirim-bantuan-ke-wilayah-terdampak-banjir-di-sumut-aceh,"
Selasa, 02 Des 2025 19:59 WIB "
Bantuan Logistik Polda Riau Merapat ke Aceh Melalui Jalur Laut,https://news.detik.com/melindungi-tuah-marwah/d-8240116/bantuan-logistik-polda-riau-merapat-ke-aceh-melalui-jalur-laut,"
Selasa, 02 Des 2025 20:08 WIB "
"Gunung Marapi Sumbar Erupsi Siang Tadi, Abu Vulkanik Landa Agam",https://news.detik.com/berita/d-8240117/gunung-marapi-sumbar-erupsi-siang-tadi-abu-vulkanik-landa-agam,"
Selasa, 02 Des 2025 20:08 WIB "
Prabowo Instruksikan PLN-Pertamina Pulihkan Listrik dan BBM di Wilayah Bencana,https://news.detik.com/berita/d-8240121/prabowo-instruksikan-pln-pertamina-pulihkan-listrik-dan-bbm-di-wilayah-bencana,"
Selasa, 02 Des 2025 20:14 WIB "
Massa Reuni 212 Gelar Salat Gaib untuk Korban Bencana Aceh-Sumatera,https://news.detik.com/berita/d-8240138/massa-reuni-212-gelar-salat-gaib-untuk-korban-bencana-aceh-sumatera,"
Selasa, 02 Des 2025 20:31 WIB "
Muzani Sebut Prabowo Sudah Tahu Penyebab Banjir Bandang di Sumatera,https://news.detik.com/berita/d-8240141/muzani-sebut-prabowo-sudah-tahu-penyebab-banjir-bandang-di-sumatera,"
Selasa, 02 Des 2025 20:34 WIB "
Menteri Agus: Dokumen Keimigrasian Rusak Akibat Bencana Dapat Dispensasi,https://news.detik.com/berita/d-8240169/menteri-agus-dokumen-keimigrasian-rusak-akibat-bencana-dapat-dispensasi,"
Selasa, 02 Des 2025 20:58 WIB "
"Wamendagri Cek Lokasi Banjir Solok, Pastikan Penanganan Berjalan Optimal",https://news.detik.com/berita/d-8240156/wamendagri-cek-lokasi-banjir-solok-pastikan-penanganan-berjalan-optimal,"
Selasa, 02 Des 2025 21:00 WIB "
"KSPSI Gelar Rapimnas di Istora Besok, Akan Dihadiri Keluarga Marsinah",https://news.detik.com/berita/d-8240194/kspsi-gelar-rapimnas-di-istora-besok-akan-dihadiri-keluarga-marsinah,"
Selasa, 02 Des 2025 21:09 WIB "
"Kebut Pemulihan Banjir di Padang, Wamendagri Koordinasikan Bantuan Damkar",https://news.detik.com/berita/d-8240151/kebut-pemulihan-banjir-di-padang-wamendagri-koordinasikan-bantuan-damkar,"
Selasa, 02 Des 2025 21:30 WIB "
Massa Reuni 212 Minta Pemerintah Tetapkan Bencana Nasional di Aceh-Sumatera,https://news.detik.com/berita/d-8240251/massa-reuni-212-minta-pemerintah-tetapkan-bencana-nasional-di-aceh-sumatera,"
Selasa, 02 Des 2025 21:45 WIB "
Menteri LH Beber Penyebab Batang Toru Tapsel Rusak Parah Usai Diterjang Banjir,https://news.detik.com/berita/d-8240283/menteri-lh-beber-penyebab-batang-toru-tapsel-rusak-parah-usai-diterjang-banjir,"
Selasa, 02 Des 2025 22:05 WIB "
KLH Targetkan Pengusutan Sumber Gelondongan Kayu di Sumut Tuntas 3 Bulan,https://news.detik.com/berita/d-8240332/klh-targetkan-pengusutan-sumber-gelondongan-kayu-di-sumut-tuntas-3-bulan,"
Selasa, 02 Des 2025 22:28 WIB "
"Jalur Medan-Aceh Tamiang Mulai Dapat Diakses, Bantuan Dikirim via Udara",https://news.detik.com/berita/d-8240345/jalur-medan-aceh-tamiang-mulai-dapat-diakses-bantuan-dikirim-via-udara,"
Selasa, 02 Des 2025 22:37 WIB "
Dubes Belanda Ucapkan Belasungkawa untuk Korban Bencana Alam di Sumatera,https://news.detik.com/berita/d-8240348/dubes-belanda-ucapkan-belasungkawa-untuk-korban-bencana-alam-di-sumatera,"
Selasa, 02 Des 2025 22:41 WIB "
Polres Kampar Kirim Dukungan 1 Truk Logistik ke Posko Bencana Agam,https://news.detik.com/melindungi-tuah-marwah/d-8240392/polres-kampar-kirim-dukungan-1-truk-logistik-ke-posko-bencana-agam,"
Selasa, 02 Des 2025 23:43 WIB "
BNPB Update Korban Bencana Sumatera-Aceh: 744 Orang Meninggal-551 Hilang,https://news.detik.com/berita/d-8240394/bnpb-update-korban-bencana-sumatera-aceh-744-orang-meninggal-551-hilang,"
Selasa, 02 Des 2025 23:48 WIB "
50 Warga yang Sempat Terjebak di Hutan Saat Banjir Tapteng Ditemukan Selamat,https://news.detik.com/berita/d-8240420/50-warga-yang-sempat-terjebak-di-hutan-saat-banjir-tapteng-ditemukan-selamat,"
Rabu, 03 Des 2025 03:59 WIB "
Waka MPR Dorong Status Bencana Nasional di Sumatera: Syarat Terpenuhi,https://news.detik.com/berita/d-8240457/waka-mpr-dorong-status-bencana-nasional-di-sumatera-syarat-terpenuhi,"
Rabu, 03 Des 2025 06:20 WIB "
Polri Kirim Tenda-Solar Panel untuk Bantu Korban Banjir-Longsor Sumatera,https://news.detik.com/berita/d-8240458/polri-kirim-tenda-solar-panel-untuk-bantu-korban-banjir-longsor-sumatera,"
Rabu, 03 Des 2025 06:25 WIB "
Kabar Terkini Kasus Illegal Logging Mentawai Bikin Rugi Negara Rp 447 M,https://news.detik.com/berita/d-8240472/kabar-terkini-kasus-illegal-logging-mentawai-bikin-rugi-negara-rp-447-m,"
Rabu, 03 Des 2025 06:30 WIB "
Komisi IX DPR Usul Kemenkes Punya Satgas Nakes Tanggap Bencana,https://news.detik.com/berita/d-8240507/komisi-ix-dpr-usul-kemenkes-punya-satgas-nakes-tanggap-bencana,"
Rabu, 03 Des 2025 07:33 WIB "
Data Terbaru BNPB: Korban Meninggal Bencana Sumatera Capai 753 Orang,https://news.detik.com/berita/d-8240510/data-terbaru-bnpb-korban-meninggal-bencana-sumatera-capai-753-orang,"
Rabu, 03 Des 2025 07:38 WIB "
Korban Bencana Sumatera Butuh Tambahan Dokter,https://news.detik.com/berita/d-8240233/korban-bencana-sumatera-butuh-tambahan-dokter,"
Rabu, 03 Des 2025 07:58 WIB "
Komisi VIII DPR Dorong Status Bencana Nasional di Sumatera: Korban Meluas,https://news.detik.com/berita/d-8240543/komisi-viii-dpr-dorong-status-bencana-nasional-di-sumatera-korban-meluas,"
Rabu, 03 Des 2025 08:27 WIB "
Cerita 50 Warga Tapteng Bertahan Hidup 2 Hari di Hutan saat Banjir Menerjang,https://news.detik.com/berita/d-8240555/cerita-50-warga-tapteng-bertahan-hidup-2-hari-di-hutan-saat-banjir-menerjang,"
Rabu, 03 Des 2025 08:36 WIB "
"Tembus Aceh Tamiang, Kemensos Kirim Logistik dengan Kapal & Helikopter",https://news.detik.com/berita/d-8240563/tembus-aceh-tamiang-kemensos-kirim-logistik-dengan-kapal-helikopter,"
Rabu, 03 Des 2025 08:40 WIB "
Komdigi Dirikan Posko Dukungan Psikososial di Daerah Terdampak Bencana,https://news.detik.com/berita/d-8240568/komdigi-dirikan-posko-dukungan-psikososial-di-daerah-terdampak-bencana,"
Rabu, 03 Des 2025 08:44 WIB "
"Pengungsi di Bireuen Mulai Sakit, Kemenkes Tambah Tim-Logistik Krisis",https://news.detik.com/berita/d-8240594/pengungsi-di-bireuen-mulai-sakit-kemenkes-tambah-tim-logistik-krisis,"
Rabu, 03 Des 2025 09:00 WIB "
"Akses ke Langsa Aceh Terputus, 1,5 Ton Bantuan Dikirim Pakai Heli",https://news.detik.com/berita/d-8240623/akses-ke-langsa-aceh-terputus-1-5-ton-bantuan-dikirim-pakai-heli,"
Rabu, 03 Des 2025 09:25 WIB "
TNI Kirim Bantuan Metode Airdrop untuk Warga Aceh Tamiang yang Terisolasi Banjir,https://news.detik.com/berita/d-8240757/tni-kirim-bantuan-metode-airdrop-untuk-warga-aceh-tamiang-yang-terisolasi-banjir,"
Rabu, 03 Des 2025 10:40 WIB "
"Update Korban Banjir-Longsor di Sumut: 298 Orang Tewas, 169 Hilang",https://news.detik.com/berita/d-8240768/update-korban-banjir-longsor-di-sumut-298-orang-tewas-169-hilang,"
Rabu, 03 Des 2025 10:47 WIB "
Astamaops Salurkan Bantuan di Lhokseumawe: Kapolri Titip Tepat Waktu-Sasaran,https://news.detik.com/berita/d-8240809/astamaops-salurkan-bantuan-di-lhokseumawe-kapolri-titip-tepat-waktu-sasaran,"
Rabu, 03 Des 2025 11:07 WIB "
Polisi Sedot BBM Motornya ke Perahu untuk Evakuasi 3 Jasad Korban Banjir Aceh,https://news.detik.com/berita/d-8240826/polisi-sedot-bbm-motornya-ke-perahu-untuk-evakuasi-3-jasad-korban-banjir-aceh,"
Rabu, 03 Des 2025 11:12 WIB "
"Cak Imin Ajak Tobat Nasuha, Menteri Lingkungan Sadar Belum Sempurna",https://news.detik.com/berita/d-8240839/cak-imin-ajak-tobat-nasuha-menteri-lingkungan-sadar-belum-sempurna,"
Rabu, 03 Des 2025 11:21 WIB "
Bakti BCA Salurkan Bantuan ke Korban Bencana di Medan hingga Langkat,https://news.detik.com/berita/d-8240875/bakti-bca-salurkan-bantuan-ke-korban-bencana-di-medan-hingga-langkat,"
Rabu, 03 Des 2025 11:45 WIB "
"Bantuan Tahap II Polda Riau Meluncur ke Sumbar: Sembako, Tangki Air dan Alat Berat",https://news.detik.com/melindungi-tuah-marwah/d-8240885/bantuan-tahap-ii-polda-riau-meluncur-ke-sumbar-sembako-tangki-air-dan-alat-berat,"
Rabu, 03 Des 2025 11:51 WIB "
Kata BNPB soal Desakan Penetapan Status Bencana Nasional di Sumatera,https://news.detik.com/berita/d-8240998/kata-bnpb-soal-desakan-penetapan-status-bencana-nasional-di-sumatera,"
Rabu, 03 Des 2025 12:27 WIB "
Menteri LH Akan Panggil Perusahaan Diduga Terlibat Banjir di Sumatera,https://news.detik.com/berita/d-8241054/menteri-lh-akan-panggil-perusahaan-diduga-terlibat-banjir-di-sumatera,"
Rabu, 03 Des 2025 12:56 WIB "
Kemenag Beri Kelonggaran Absensi Mahasiswa-Dosen di PTKI Terdampak Bencana Alam,https://news.detik.com/berita/d-8241078/kemenag-beri-kelonggaran-absensi-mahasiswa-dosen-di-ptki-terdampak-bencana-alam,"
Rabu, 03 Des 2025 13:10 WIB "
"Menteri LH Ungkap Data Pengurangan Hutan di Aceh, Sumbar, dan Sumut",https://news.detik.com/berita/d-8241117/menteri-lh-ungkap-data-pengurangan-hutan-di-aceh-sumbar-dan-sumut,"
Rabu, 03 Des 2025 13:23 WIB "
Dunia Hari Ini: Puluhan Pasangan Menikah Massal di Gaza 2 Tahun Usai Serangan Israel,https://news.detik.com/abc-australia/d-8241128/dunia-hari-ini-puluhan-pasangan-menikah-massal-di-gaza-2-tahun-usai-serangan-israel,"
Rabu, 03 Des 2025 13:31 WIB "
Anggaran On Call Rp 4 Triliun Bisa untuk Penanganan Bencana di Sumatera,https://news.detik.com/kolom/d-8241139/anggaran-on-call-rp-4-triliun-bisa-untuk-penanganan-bencana-di-sumatera,"
Rabu, 03 Des 2025 13:32 WIB "
"Menteri LH: Jabar Kehilangan Kawasan Lindung 1,2 Juta Ha, Rentan Bencana",https://news.detik.com/berita/d-8241166/menteri-lh-jabar-kehilangan-kawasan-lindung-1-2-juta-ha-rentan-bencana,"
Rabu, 03 Des 2025 13:51 WIB "
"Cak Imin Serukan Tobat Nasuha Buntut Bencana Sumatera, PSI Bela Raja Juli",https://news.detik.com/berita/d-8241207/cak-imin-serukan-tobat-nasuha-buntut-bencana-sumatera-psi-bela-raja-juli,"
Rabu, 03 Des 2025 14:06 WIB "
Pemerintah Usut Gelondongan Terbawa Banjir di Sumatera Pakai Citra Satelit,https://news.detik.com/berita/d-8241276/pemerintah-usut-gelondongan-terbawa-banjir-di-sumatera-pakai-citra-satelit,"
Rabu, 03 Des 2025 14:28 WIB "
"Ada Potensi Banjir Pesisir hingga 15 Desember, Ini Daftar Wilayahnya",https://news.detik.com/berita/d-8241287/ada-potensi-banjir-pesisir-hingga-15-desember-ini-daftar-wilayahnya,"
Rabu, 03 Des 2025 14:35 WIB "
Menanti Gerak Cepat Pemerintah Pusat Tangani Bencana Sumatera,https://news.detik.com/berita/d-8241289/menanti-gerak-cepat-pemerintah-pusat-tangani-bencana-sumatera,"
Rabu, 03 Des 2025 14:35 WIB "
Menteri LH Respons Desakan 'Pecat' Buntut Bencana Sumatera,https://news.detik.com/berita/d-8241317/menteri-lh-respons-desakan-pecat-buntut-bencana-sumatera,"
Rabu, 03 Des 2025 14:47 WIB "
"Kehabisan Bahan Baku-Gas, SPPG Aceh Beralih ke Bahan Lokal & Briket",https://news.detik.com/berita/d-8241336/kehabisan-bahan-baku-gas-sppg-aceh-beralih-ke-bahan-lokal-briket,"
Rabu, 03 Des 2025 14:52 WIB "
Mahyeldi: Semua Daerah Terdampak Bencana di Sumbar Sudah Bisa Diakses,https://news.detik.com/berita/d-8241338/mahyeldi-semua-daerah-terdampak-bencana-di-sumbar-sudah-bisa-diakses,"
Rabu, 03 Des 2025 14:54 WIB "
"Muncul Desakan Darurat Bencana Nasional di Sumatera, Ini Kata Menko PMK",https://news.detik.com/berita/d-8241359/muncul-desakan-darurat-bencana-nasional-di-sumatera-ini-kata-menko-pmk,"
Rabu, 03 Des 2025 15:00 WIB "
Update Data BNPB: Korban Meninggal Bencana Sumatera Tembus 807 Orang,https://news.detik.com/berita/d-8241405/update-data-bnpb-korban-meninggal-bencana-sumatera-tembus-807-orang,"
Rabu, 03 Des 2025 15:18 WIB "
Daftar Peristiwa yang Pernah Ditetapkan Jadi Bencana Nasional,https://news.detik.com/berita/d-8241411/daftar-peristiwa-yang-pernah-ditetapkan-jadi-bencana-nasional,"
Rabu, 03 Des 2025 15:20 WIB "
"Golkar: Yang Bisa Nyuruh Tobat Itu Presiden, Cak Imin sebagai Apa?",https://news.detik.com/berita/d-8241413/golkar-yang-bisa-nyuruh-tobat-itu-presiden-cak-imin-sebagai-apa,"
Rabu, 03 Des 2025 15:21 WIB "
Kemensos Beri Perhatian Khusus Penyandang Disabilitas Korban Bencana Sumatera,https://news.detik.com/berita/d-8241433/kemensos-beri-perhatian-khusus-penyandang-disabilitas-korban-bencana-sumatera,"
Rabu, 03 Des 2025 15:26 WIB "
Andre Rosiade Serahkan 5.000 Paket Bantuan Korban Banjir Bandang di Agam,https://news.detik.com/berita/d-8241446/andre-rosiade-serahkan-5-000-paket-bantuan-korban-banjir-bandang-di-agam,"
Rabu, 03 Des 2025 15:29 WIB "
"Cara Update Bencana di Aceh, Sumut dan Sumbar, Ini Link Resmi BNPB",https://news.detik.com/berita/d-8241453/cara-update-bencana-di-aceh-sumut-dan-sumbar-ini-link-resmi-bnpb,"
Rabu, 03 Des 2025 15:33 WIB "
Kapolri Pastikan Penjarah Minimarket di Sibolga Sudah Dilepas,https://news.detik.com/berita/d-8241454/kapolri-pastikan-penjarah-minimarket-di-sibolga-sudah-dilepas,"
Rabu, 03 Des 2025 15:33 WIB "
Wakapolri Ajak Peserta Ojol Kamtibmas di Lampung Doakan Korban Bencana Sumatera,https://news.detik.com/berita/d-8241460/wakapolri-ajak-peserta-ojol-kamtibmas-di-lampung-doakan-korban-bencana-sumatera,"
Rabu, 03 Des 2025 15:36 WIB "
"Kapolri Buka Rapimnas KSPSI AGN 2025 di Senayan, Dihadiri Ribuan Massa Buruh",https://news.detik.com/berita/d-8241486/kapolri-buka-rapimnas-kspsi-agn-2025-di-senayan-dihadiri-ribuan-massa-buruh,"
Rabu, 03 Des 2025 15:45 WIB "
Menteri LH: Kami Tak Ragu Sanksi Pemda Jika Kebijakannya Perburuk Landscape,https://news.detik.com/berita/d-8241508/menteri-lh-kami-tak-ragu-sanksi-pemda-jika-kebijakannya-perburuk-landscape,"
Rabu, 03 Des 2025 15:56 WIB "
"Bupati Aceh Utara Surati Prabowo, Ngaku Tak Mampu Tangani Bencana",https://news.detik.com/berita/d-8241554/bupati-aceh-utara-surati-prabowo-ngaku-tak-mampu-tangani-bencana,"
Rabu, 03 Des 2025 16:09 WIB "
"22 Sekolah di Medan Masih Terdampak Banjir, Begini Kondisinya",https://news.detik.com/berita/d-8241592/22-sekolah-di-medan-masih-terdampak-banjir-begini-kondisinya,"
Rabu, 03 Des 2025 16:24 WIB "
Kata Mendagri soal Kabar Kepala Daerah Menyerah Tangani Bencana Sumatera,https://news.detik.com/berita/d-8241594/kata-mendagri-soal-kabar-kepala-daerah-menyerah-tangani-bencana-sumatera,"
Rabu, 03 Des 2025 16:24 WIB "
Kemensos Pastikan Bantuan Logistik Sudah Tiba di Aceh Tamiang,https://news.detik.com/berita/d-8241626/kemensos-pastikan-bantuan-logistik-sudah-tiba-di-aceh-tamiang,"
Rabu, 03 Des 2025 16:37 WIB "
"PKB Jawab Golkar: Cak Imin Nggak Nyuruh, dari Dulu Serukan Tobat Ekologis",https://news.detik.com/berita/d-8241660/pkb-jawab-golkar-cak-imin-nggak-nyuruh-dari-dulu-serukan-tobat-ekologis,"
Rabu, 03 Des 2025 16:51 WIB "
Menko PMK Minta Maaf Jika Ada Kekurangan Penanganan Bencana di Sumatera,https://news.detik.com/berita/d-8241670/menko-pmk-minta-maaf-jika-ada-kekurangan-penanganan-bencana-di-sumatera,"
Rabu, 03 Des 2025 16:52 WIB "
KPK Galang Donasi untuk Korban Bencana di Sumatera,https://news.detik.com/berita/d-8241714/kpk-galang-donasi-untuk-korban-bencana-di-sumatera,"
Rabu, 03 Des 2025 17:07 WIB "
Doli Sebut Sejumlah Daerah di Sumatera Tak Sanggup Lagi Tangani Bencana,https://news.detik.com/berita/d-8241742/doli-sebut-sejumlah-daerah-di-sumatera-tak-sanggup-lagi-tangani-bencana,"
Rabu, 03 Des 2025 17:16 WIB "
PELNI Salurkan Bantuan Darurat untuk Korban Banjir Bandang Sumut,https://news.detik.com/berita/d-8241746/pelni-salurkan-bantuan-darurat-untuk-korban-banjir-bandang-sumut,"
Rabu, 03 Des 2025 17:21 WIB "
Menteri LH Duga Gelondongan Kayu Terbawa Banjir Sumatera Sisa Buka Kebun Sawit,https://news.detik.com/berita/d-8241754/menteri-lh-duga-gelondongan-kayu-terbawa-banjir-sumatera-sisa-buka-kebun-sawit,"
Rabu, 03 Des 2025 17:26 WIB "
Seskab Teddy: Kerusakan Lingkungan Memperparah Bencana Sumatera,https://news.detik.com/berita/d-8241756/seskab-teddy-kerusakan-lingkungan-memperparah-bencana-sumatera,"
Rabu, 03 Des 2025 17:26 WIB "
"Wakapolri Tiba di Aceh Tamiang, Cek Kebutuhan Para Pengungsi",https://news.detik.com/berita/d-8241814/wakapolri-tiba-di-aceh-tamiang-cek-kebutuhan-para-pengungsi,"
Rabu, 03 Des 2025 17:52 WIB "
"Ada Cold Moon 4-5 Desember, Simak Prakiraan Pasang Laut BMKG",https://news.detik.com/berita/d-8241861/ada-cold-moon-4-5-desember-simak-prakiraan-pasang-laut-bmkg,"
Rabu, 03 Des 2025 18:07 WIB "
"BNPB Koreksi Data Korban Bencana Sumatera: Meninggal 770 Orang, 463 Hilang",https://news.detik.com/berita/d-8241876/bnpb-koreksi-data-korban-bencana-sumatera-meninggal-770-orang-463-hilang,"
Rabu, 03 Des 2025 18:13 WIB "
"Komisi XIII DPR: Pemprov Tak Kuat Tangani Bencana, Perlu Tangan Pusat",https://news.detik.com/berita/d-8241907/komisi-xiii-dpr-pemprov-tak-kuat-tangani-bencana-perlu-tangan-pusat,"
Rabu, 03 Des 2025 18:24 WIB "
Komisi VIII DPR Cerita Banyak Mayat Korban Banjir Sumatera Belum Terjamah,https://news.detik.com/berita/d-8242073/komisi-viii-dpr-cerita-banyak-mayat-korban-banjir-sumatera-belum-terjamah,"
Rabu, 03 Des 2025 19:40 WIB "
Andre Rosiade Kembali Serahkan Bantuan untuk Korban Banjir Bandang Sumbar,https://news.detik.com/berita/d-8242124/andre-rosiade-kembali-serahkan-bantuan-untuk-korban-banjir-bandang-sumbar,"
Rabu, 03 Des 2025 20:09 WIB "
Momen Kunjungan Wakapolri Buat Haru Istri Bupati Aceh Tamiang,https://news.detik.com/berita/d-8242144/momen-kunjungan-wakapolri-buat-haru-istri-bupati-aceh-tamiang,"
Rabu, 03 Des 2025 20:27 WIB "
BRI Salurkan Bantuan untuk Warga Terdampak Bencana di Sumut-Sumbar,https://news.detik.com/berita/d-8242148/bri-salurkan-bantuan-untuk-warga-terdampak-bencana-di-sumut-sumbar,"
Rabu, 03 Des 2025 20:31 WIB "
Golkar Desak Banjir Sumatera Jadi Bencana Nasional: Dampaknya Begitu Luas,https://news.detik.com/berita/d-8242149/golkar-desak-banjir-sumatera-jadi-bencana-nasional-dampaknya-begitu-luas,"
Rabu, 03 Des 2025 20:31 WIB "
"Puan Terima Kunjungan Ketua MPR China, Bahas Bencana hingga Kerja Sama",https://news.detik.com/berita/d-8242187/puan-terima-kunjungan-ketua-mpr-china-bahas-bencana-hingga-kerja-sama,"
Rabu, 03 Des 2025 20:39 WIB "
Ragam Komentar Usai Cak Imin Ajak Tobat Nasuha karena Bencana Sumatera,https://news.detik.com/berita/d-8242229/ragam-komentar-usai-cak-imin-ajak-tobat-nasuha-karena-bencana-sumatera,"
Rabu, 03 Des 2025 21:07 WIB "
"Puan-Ketua MPR China Bertemu, Bahas Bencana Alam hingga Konflik Global",https://news.detik.com/berita/d-8242267/puan-ketua-mpr-china-bertemu-bahas-bencana-alam-hingga-konflik-global,"
Rabu, 03 Des 2025 21:39 WIB "
Polda Riau Kirim Kontainer ke Sumbar untuk Simpan Jasad Korban Bencana,https://news.detik.com/berita/d-8242276/polda-riau-kirim-kontainer-ke-sumbar-untuk-simpan-jasad-korban-bencana,"
Rabu, 03 Des 2025 21:45 WIB "
Puan Sebut DPR Siap Sinergi Evaluasi Penyebab Bencana Aceh-Sumatera,https://news.detik.com/berita/d-8242269/puan-sebut-dpr-siap-sinergi-evaluasi-penyebab-bencana-aceh-sumatera,"
Rabu, 03 Des 2025 21:49 WIB "
"Kelangkaan LPG-BBM Lumpuhkan Layanan Publik, Anggota DPR Minta Aksi Cepat",https://news.detik.com/berita/d-8242286/kelangkaan-lpg-bbm-lumpuhkan-layanan-publik-anggota-dpr-minta-aksi-cepat,"
Rabu, 03 Des 2025 21:55 WIB "
Komisi IV DPR Minta Pemerintah Evaluasi Skema Pemanfaatan Kawasan Hutan,https://news.detik.com/berita/d-8242288/komisi-iv-dpr-minta-pemerintah-evaluasi-skema-pemanfaatan-kawasan-hutan,"
Rabu, 03 Des 2025 21:57 WIB "
"Sungai Ombilin Sumbar Membiru Bak di Swiss Meski Banjir, Jadi Tontonan Warga",https://news.detik.com/berita/d-8242290/sungai-ombilin-sumbar-membiru-bak-di-swiss-meski-banjir-jadi-tontonan-warga,"
Rabu, 03 Des 2025 21:59 WIB "
Perjuangan Ibu di Sumbar Terus Peluk Anak Saat Terseret Banjir Bandang,https://news.detik.com/berita/d-8242294/perjuangan-ibu-di-sumbar-terus-peluk-anak-saat-terseret-banjir-bandang,"
Rabu, 03 Des 2025 22:05 WIB "
"Puan Dorong Evaluasi Bantuan Lewat Helikopter, Ingatkan Pejabat Harus Empati",https://news.detik.com/berita/d-8242301/puan-dorong-evaluasi-bantuan-lewat-helikopter-ingatkan-pejabat-harus-empati,"
Rabu, 03 Des 2025 22:10 WIB "
"Dirjen Adwil Turun ke Rembele, Pastikan Bantuan Cepat Tersalur",https://news.detik.com/berita/d-8242306/dirjen-adwil-turun-ke-rembele-pastikan-bantuan-cepat-tersalur,"
Rabu, 03 Des 2025 22:18 WIB "
Puan Pastikan DPR Terima Masukan Terkait Perkembangan Bencana di Sumatera,https://news.detik.com/berita/d-8242304/puan-pastikan-dpr-terima-masukan-terkait-perkembangan-bencana-di-sumatera,"
Rabu, 03 Des 2025 22:21 WIB "
Asih dan Warga Aceh Tamiang Semringah Wakapolri Datang-Beri Bantuan Makanan,https://news.detik.com/berita/d-8242307/asih-dan-warga-aceh-tamiang-semringah-wakapolri-datang-beri-bantuan-makanan,"
Rabu, 03 Des 2025 22:21 WIB "
Menko PMK Targetkan Rehabilitasi Dampak Bencana di Sumatera dalam 100 Hari,https://news.detik.com/berita/d-8242330/menko-pmk-targetkan-rehabilitasi-dampak-bencana-di-sumatera-dalam-100-hari,"
Rabu, 03 Des 2025 22:54 WIB "
"Kakorlantas Mobilisasi Jajaran, Bantu Wilayah Terdampak Bencana Demi Kemanusiaan",https://news.detik.com/berita/d-8242350/kakorlantas-mobilisasi-jajaran-bantu-wilayah-terdampak-bencana-demi-kemanusiaan,"
Rabu, 03 Des 2025 23:40 WIB "
"Brimob Polri Tembus 11 Titik Longsor di Agam, Warga Terisolir Dapat Bantuan",https://news.detik.com/berita/d-8242357/brimob-polri-tembus-11-titik-longsor-di-agam-warga-terisolir-dapat-bantuan,"
Kamis, 04 Des 2025 00:04 WIB "
"Golkar Galang Donasi Rp 2,7 Miliar untuk Korban Bencana di Sumatera-Aceh",https://news.detik.com/berita/d-8242362/golkar-galang-donasi-rp-2-7-miliar-untuk-korban-bencana-di-sumatera-aceh,"
Kamis, 04 Des 2025 01:07 WIB "
BMKG Prediksi Jakarta Berpotensi Diguyur Hujan Sepekan ke Depan,https://news.detik.com/berita/d-8242397/bmkg-prediksi-jakarta-berpotensi-diguyur-hujan-sepekan-ke-depan,"
Kamis, 04 Des 2025 05:33 WIB "
Update Terbaru BNPB Korban Bencana Aceh-Sumatera: 780 Orang Tewas-564 Hilang,https://news.detik.com/berita/d-8242412/update-terbaru-bnpb-korban-bencana-aceh-sumatera-780-orang-tewas-564-hilang,"
Kamis, 04 Des 2025 06:37 WIB "
Cerita Warga di Agam Trauma Dengar Suara Heli Ingatkan Galodoh,https://news.detik.com/berita/d-8242416/cerita-warga-di-agam-trauma-dengar-suara-heli-ingatkan-galodoh,"
Kamis, 04 Des 2025 06:47 WIB "
Asal-usul Gelondongan Kayu Hanyut di Sumatera Mulai Diusut,https://news.detik.com/berita/d-8242421/asal-usul-gelondongan-kayu-hanyut-di-sumatera-mulai-diusut,"
Kamis, 04 Des 2025 07:04 WIB "
"Kakorlantas Moratorium Penindakan di Wilayah Bencana, Kerahkan Jajaran Bantu Masyarakat",https://news.detik.com/berita/d-8242435/kakorlantas-moratorium-penindakan-di-wilayah-bencana-kerahkan-jajaran-bantu-masyarakat,"
Kamis, 04 Des 2025 07:20 WIB "
"Banjir Sumatera Belum Ditetapkan Jadi Bencana Nasional, Apa Alasannya?",https://news.detik.com/berita/d-8242233/banjir-sumatera-belum-ditetapkan-jadi-bencana-nasional-apa-alasannya,"
Kamis, 04 Des 2025 07:58 WIB "
Wamensos Kawal Langsung Pengiriman Bantuan Korban Banjir di Aceh Tamiang,https://news.detik.com/berita/d-8242472/wamensos-kawal-langsung-pengiriman-bantuan-korban-banjir-di-aceh-tamiang,"
Kamis, 04 Des 2025 07:59 WIB "
Wamensos Pimpin Penyaluran Bantuan Logistik ke Korban Banjir Aceh Tamiang,https://news.detik.com/berita/d-8242474/wamensos-pimpin-penyaluran-bantuan-logistik-ke-korban-banjir-aceh-tamiang,"
Kamis, 04 Des 2025 08:01 WIB "
Pemprov Banten Salurkan Bantuan Rp 3 Miliar & Logistik ke Sumatera-Aceh,https://news.detik.com/berita/d-8242513/pemprov-banten-salurkan-bantuan-rp-3-miliar-logistik-ke-sumatera-aceh,"
Kamis, 04 Des 2025 08:10 WIB "
Andre Rosiade Dampingi Wapres Gibran Kunjungi Korban Banjir Bandang di Sumbar,https://news.detik.com/berita/d-8242514/andre-rosiade-dampingi-wapres-gibran-kunjungi-korban-banjir-bandang-di-sumbar,"
Kamis, 04 Des 2025 08:10 WIB "
Langkah Tanggap Agincourt Resources di Tengah Banjir Bandang Garoga,https://news.detik.com/berita/d-8242540/langkah-tanggap-agincourt-resources-di-tengah-banjir-bandang-garoga,"
Kamis, 04 Des 2025 08:44 WIB "
Wapres Gibran Kunjungi Posko Pengungsi Banjir Bandang di Kabupaten Agam Sumbar,https://news.detik.com/berita/d-8242552/wapres-gibran-kunjungi-posko-pengungsi-banjir-bandang-di-kabupaten-agam-sumbar,"
Kamis, 04 Des 2025 08:56 WIB "
Mentan Amran Lepas 207 Truk Bantuan Bencana Banjir Sumatera,https://news.detik.com/berita/d-8242690/mentan-amran-lepas-207-truk-bantuan-bencana-banjir-sumatera,"
Kamis, 04 Des 2025 10:38 WIB "
Tim DVI Polda Sumbar Identifikasi 174 dari 200 Korban Tewas Akibat Banjir,https://news.detik.com/berita/d-8242795/tim-dvi-polda-sumbar-identifikasi-174-dari-200-korban-tewas-akibat-banjir,"
Kamis, 04 Des 2025 11:36 WIB "
Polri Salurkan Air Bersih dan Bersihkan Lumpur Sisa Banjir di Agam Sumbar,https://news.detik.com/berita/d-8242830/polri-salurkan-air-bersih-dan-bersihkan-lumpur-sisa-banjir-di-agam-sumbar,"
Kamis, 04 Des 2025 11:56 WIB "
"Muzani: Kami Monitor Bupati di Sumatera, Kondisi Bencana Tertangani Baik",https://news.detik.com/berita/d-8242860/muzani-kami-monitor-bupati-di-sumatera-kondisi-bencana-tertangani-baik,"
Kamis, 04 Des 2025 12:09 WIB "
Anggota DPR Pesan Jangan Tebang Pilih Usut Gelondongan di Bencana Sumatera,https://news.detik.com/berita/d-8242882/anggota-dpr-pesan-jangan-tebang-pilih-usut-gelondongan-di-bencana-sumatera,"
Kamis, 04 Des 2025 12:20 WIB "
Polri Apresiasi Masyarakat dan Relawan Kirim Bantuan Bencana ke Sumatera,https://news.detik.com/berita/d-8242938/polri-apresiasi-masyarakat-dan-relawan-kirim-bantuan-bencana-ke-sumatera,"
Kamis, 04 Des 2025 12:50 WIB "
Polri Bantu Ferry Irwandi dan Jovi Kirim Bantuan untuk Korban Bencana di Sumatera,https://news.detik.com/berita/d-8242943/polri-bantu-ferry-irwandi-dan-jovi-kirim-bantuan-untuk-korban-bencana-di-sumatera,"
Kamis, 04 Des 2025 12:53 WIB "
"Kakorlantas Minta Jajaran Jadi Pelayan Kemanusiaan di Masa Bencana, Ini Instruksi Lengkapnya",https://news.detik.com/berita/d-8243058/kakorlantas-minta-jajaran-jadi-pelayan-kemanusiaan-di-masa-bencana-ini-instruksi-lengkapnya,"
Kamis, 04 Des 2025 13:46 WIB "
Kondisi Terkini di Aceh Tamiang: Kampung Hancur dan Bau Menyengat,https://news.detik.com/berita/d-8243077/kondisi-terkini-di-aceh-tamiang-kampung-hancur-dan-bau-menyengat,"
Kamis, 04 Des 2025 13:58 WIB "
"Rapat Bareng Raja Juli, Titiek Singgung Hutan Gundul di Bencana Sumatera",https://news.detik.com/berita/d-8243080/rapat-bareng-raja-juli-titiek-singgung-hutan-gundul-di-bencana-sumatera,"
Kamis, 04 Des 2025 14:00 WIB "
Wakapolri: Kepolisian di Aceh Tamiang Kerja Maksimal dalam Segala Keterbatasan,https://news.detik.com/berita/d-8243153/wakapolri-kepolisian-di-aceh-tamiang-kerja-maksimal-dalam-segala-keterbatasan,"
Kamis, 04 Des 2025 14:31 WIB "
"4 Desa di Agam Terisolir Longsor, Pembukaan Akses Jalan Diprioritaskan",https://news.detik.com/melindungi-tuah-marwah/d-8243155/4-desa-di-agam-terisolir-longsor-pembukaan-akses-jalan-diprioritaskan,"
Kamis, 04 Des 2025 14:32 WIB "
Polri Kerahkan Heli Kargo Kapasitas 650 Kg untuk Angkut Bantuan ke Aceh,https://news.detik.com/berita/d-8243176/polri-kerahkan-heli-kargo-kapasitas-650-kg-untuk-angkut-bantuan-ke-aceh,"
Kamis, 04 Des 2025 14:40 WIB "
Hakim MK Singgung Pernyataan Kepala BNPB soal Bencana di Sumatera: Saya Sedih,https://news.detik.com/berita/d-8243177/hakim-mk-singgung-pernyataan-kepala-bnpb-soal-bencana-di-sumatera-saya-sedih,"
Kamis, 04 Des 2025 14:40 WIB "
Telisik Sumber Bencana di Sumatera!,https://news.detik.com/berita/d-8243135/telisik-sumber-bencana-di-sumatera,"
Kamis, 04 Des 2025 14:45 WIB "
"Di DPR, Raja Juli Bicara Investigasi Kayu Gelondongan di Bencana Sumatera",https://news.detik.com/berita/d-8243186/di-dpr-raja-juli-bicara-investigasi-kayu-gelondongan-di-bencana-sumatera,"
Kamis, 04 Des 2025 14:47 WIB "
Raja Juli soal Bencana Sumatera: Melecut Saya untuk Evaluasi Menyeluruh,https://news.detik.com/berita/d-8243234/raja-juli-soal-bencana-sumatera-melecut-saya-untuk-evaluasi-menyeluruh,"
Kamis, 04 Des 2025 15:03 WIB "
Andre Rosiade Salurkan 2.500 Paket Sembako & 10 Genset ke Padang Pariaman,https://news.detik.com/berita/d-8243329/andre-rosiade-salurkan-2-500-paket-sembako-10-genset-ke-padang-pariaman,"
Kamis, 04 Des 2025 15:35 WIB "
Menhut Ungkap 12 Perusahaan di Sumut Terindikasi Jadi Penyebab Banjir,https://news.detik.com/berita/d-8243349/menhut-ungkap-12-perusahaan-di-sumut-terindikasi-jadi-penyebab-banjir,"
Kamis, 04 Des 2025 15:40 WIB "
"Bertemu Prabowo, Sekjen Liga Muslim Dunia Sampaikan Duka Bencana di Sumatera",https://news.detik.com/berita/d-8243355/bertemu-prabowo-sekjen-liga-muslim-dunia-sampaikan-duka-bencana-di-sumatera,"
Kamis, 04 Des 2025 15:41 WIB "
"Tinjau Banjir Padang Pariaman, Andre Rosiade Pastikan Perbaikan Rumah Terdampak",https://news.detik.com/berita/d-8243391/tinjau-banjir-padang-pariaman-andre-rosiade-pastikan-perbaikan-rumah-terdampak,"
Kamis, 04 Des 2025 15:55 WIB "
"Di Depan Raja Juli, Anggota DPR Contohkan Menteri yang Mundur gegara Bencana",https://news.detik.com/berita/d-8243414/di-depan-raja-juli-anggota-dpr-contohkan-menteri-yang-mundur-gegara-bencana,"
Kamis, 04 Des 2025 16:03 WIB "
Prabowo Diundang ke Muktamar Liga Muslim Dunia untuk Bicara Pesan Damai,https://news.detik.com/berita/d-8243464/prabowo-diundang-ke-muktamar-liga-muslim-dunia-untuk-bicara-pesan-damai,"
Kamis, 04 Des 2025 16:17 WIB "
"Tinjau Dapur Umum, Gus Ipul Puji Gotong Royong Warga Hadapi Banjir Aceh",https://news.detik.com/berita/d-8243495/tinjau-dapur-umum-gus-ipul-puji-gotong-royong-warga-hadapi-banjir-aceh,"
Kamis, 04 Des 2025 16:34 WIB "
2025 Jadi Momentum DPR RI Percepat Transformasi Merespons Kritik Publik,https://news.detik.com/berita/d-8243543/2025-jadi-momentum-dpr-ri-percepat-transformasi-merespons-kritik-publik,"
Kamis, 04 Des 2025 16:56 WIB "
Cerita Warga Aceh Tamiang Bertahan di Derasnya Banjir Setinggi 3 Meter,https://news.detik.com/berita/d-8243551/cerita-warga-aceh-tamiang-bertahan-di-derasnya-banjir-setinggi-3-meter,"
Kamis, 04 Des 2025 17:01 WIB "
Mendes Ungkap Sejumlah Desa Hilang Disapu Banjir Bandang di Sumatera,https://news.detik.com/berita/d-8243606/mendes-ungkap-sejumlah-desa-hilang-disapu-banjir-bandang-di-sumatera,"
Kamis, 04 Des 2025 17:24 WIB "
Bobby Ungkap Kondisi Terkini Sibolga-Tapteng Usai Banjir,https://news.detik.com/berita/d-8243617/bobby-ungkap-kondisi-terkini-sibolga-tapteng-usai-banjir,"
Kamis, 04 Des 2025 17:27 WIB "
"200 Orang Tewas Akibat Galodo di Agam, 26 Belum Teridentifikasi",https://news.detik.com/melindungi-tuah-marwah/d-8243621/200-orang-tewas-akibat-galodo-di-agam-26-belum-teridentifikasi,"
Kamis, 04 Des 2025 17:28 WIB "
"Korban Meninggal Bencana Sumatera Bertambah Jadi 836 Orang, 518 Hilang",https://news.detik.com/berita/d-8243664/korban-meninggal-bencana-sumatera-bertambah-jadi-836-orang-518-hilang,"
Kamis, 04 Des 2025 17:41 WIB "
Gerindra Usul Bentuk Badan Rehabilitasi-Rekonstruksi Bencana Sumatera,https://news.detik.com/berita/d-8243740/gerindra-usul-bentuk-badan-rehabilitasi-rekonstruksi-bencana-sumatera,"
Kamis, 04 Des 2025 18:13 WIB "
"Bahlil: Yang Bisa Perintah Saya Pak Prabowo, Cak Imin Tobat Nasuha Lah",https://news.detik.com/berita/d-8243744/bahlil-yang-bisa-perintah-saya-pak-prabowo-cak-imin-tobat-nasuha-lah,"
Kamis, 04 Des 2025 18:14 WIB "
Titiek Tampilkan Video Kayu Gelondong Terbawa Banjir di DPR: Sudah Cukup!,https://news.detik.com/berita/d-8243803/titiek-tampilkan-video-kayu-gelondong-terbawa-banjir-di-dpr-sudah-cukup,"
Kamis, 04 Des 2025 18:45 WIB "
Raja Juli Jawab Anggota DPR Singgung Menteri Mundur: Saya Siap Dievaluasi,https://news.detik.com/berita/d-8243817/raja-juli-jawab-anggota-dpr-singgung-menteri-mundur-saya-siap-dievaluasi,"
Kamis, 04 Des 2025 18:55 WIB "
"Wakapolri Temui Keluarga Korban Tewas Banjir Sumbar, Sampaikan Duka Cita",https://news.detik.com/berita/d-8243832/wakapolri-temui-keluarga-korban-tewas-banjir-sumbar-sampaikan-duka-cita,"
Kamis, 04 Des 2025 19:14 WIB "
Komisi IV DPR Bentuk Panja Alih Fungsi Lahan Buntut Bencana di Sumatera,https://news.detik.com/berita/d-8243893/komisi-iv-dpr-bentuk-panja-alih-fungsi-lahan-buntut-bencana-di-sumatera,"
Kamis, 04 Des 2025 19:47 WIB "
Kapolri-Menhut Bentuk Satgas Gabungan Usut Kayu Gelondong di Banjir Sumatera,https://news.detik.com/berita/d-8243940/kapolri-menhut-bentuk-satgas-gabungan-usut-kayu-gelondong-di-banjir-sumatera,"
Kamis, 04 Des 2025 20:23 WIB "
Kapolri Sudah Kerahkan Tim Pastikan Gerak Cepat Usut Kayu Gelondongan di Sumatera,https://news.detik.com/berita/d-8243950/kapolri-sudah-kerahkan-tim-pastikan-gerak-cepat-usut-kayu-gelondongan-di-sumatera,"
Kamis, 04 Des 2025 20:32 WIB "
Titiek Soeharto Minta Pengusaha Setop Tebang Pohon: Cari Makan Tempat Lain!,https://news.detik.com/berita/d-8243960/titiek-soeharto-minta-pengusaha-setop-tebang-pohon-cari-makan-tempat-lain,"
Kamis, 04 Des 2025 20:37 WIB "
"Lapas-Rutan di Sumut Masih Terendam, KemenImipas Utamakan Perawatan Tahanan",https://news.detik.com/berita/d-8243963/lapas-rutan-di-sumut-masih-terendam-kemenimipas-utamakan-perawatan-tahanan,"
Kamis, 04 Des 2025 20:39 WIB "
Kapolri Ungkap Temuan Bekas Mesin Gergaji di Kayu Gelondong Banjir Sumatera,https://news.detik.com/berita/d-8244010/kapolri-ungkap-temuan-bekas-mesin-gergaji-di-kayu-gelondong-banjir-sumatera,"
Kamis, 04 Des 2025 20:58 WIB "
PELNI Buka Layanan Pengiriman Bantuan Gratis untuk Korban Banjir di Sumut,https://news.detik.com/berita/d-8244012/pelni-buka-layanan-pengiriman-bantuan-gratis-untuk-korban-banjir-di-sumut,"
Kamis, 04 Des 2025 21:00 WIB "
Wakapolri Beri Opsi Percepat Identifikasi Korban Bencana Sumatera,https://news.detik.com/berita/d-8244028/wakapolri-beri-opsi-percepat-identifikasi-korban-bencana-sumatera,"
Kamis, 04 Des 2025 21:21 WIB "
Menhut Sudah Kantongi Data Awal Asal Usul Kayu Gelondong Banjir Sumatera,https://news.detik.com/berita/d-8244050/menhut-sudah-kantongi-data-awal-asal-usul-kayu-gelondong-banjir-sumatera,"
Kamis, 04 Des 2025 21:41 WIB "
"Cek Indikasi Penebangan, Menhut Ambil Sampel Kayu Gelondong Banjir Sumatera",https://news.detik.com/berita/d-8244094/cek-indikasi-penebangan-menhut-ambil-sampel-kayu-gelondong-banjir-sumatera,"
Kamis, 04 Des 2025 22:18 WIB "
"Gelar Pleno, K3 MPR Usul Sidang Tahunan MPR Hadirkan Laporan Kinerja Lembaga",https://news.detik.com/berita/d-8244097/gelar-pleno-k3-mpr-usul-sidang-tahunan-mpr-hadirkan-laporan-kinerja-lembaga,"
Kamis, 04 Des 2025 22:20 WIB "
Dialog MPR-Liga Muslim Dunia Tegaskan Pancasila untuk Harmoni Global,https://news.detik.com/berita/d-8244108/dialog-mpr-liga-muslim-dunia-tegaskan-pancasila-untuk-harmoni-global,"
Kamis, 04 Des 2025 22:24 WIB "
Wamensos Tinjau Dapur Umum-Salurkan Bantuan buat Korban Banjir di Langkat,https://news.detik.com/berita/d-8244111/wamensos-tinjau-dapur-umum-salurkan-bantuan-buat-korban-banjir-di-langkat,"
Kamis, 04 Des 2025 22:28 WIB "
"Menhut Klaim Deforestasi Turun di Aceh, Sumut dan Sumbar Dibanding 2024",https://news.detik.com/berita/d-8244126/menhut-klaim-deforestasi-turun-di-aceh-sumut-dan-sumbar-dibanding-2024,"
Kamis, 04 Des 2025 23:01 WIB "
"Update Korban Bencana di Sumut: 309 Orang Tewas, 165 Masih Hilang",https://news.detik.com/berita/d-8244132/update-korban-bencana-di-sumut-309-orang-tewas-165-masih-hilang,"
Kamis, 04 Des 2025 23:16 WIB "
Menteri Agus Kirim Bantuan Kafan untuk Korban Banjir-Tanah Longsor Sumut,https://news.detik.com/berita/d-8244139/menteri-agus-kirim-bantuan-kafan-untuk-korban-banjir-tanah-longsor-sumut,"
Kamis, 04 Des 2025 23:42 WIB "
Mualem Usai Tinjau Daerah Banjir di Aceh: Kita Masih Kewalahan Air Bersih-LPG,https://news.detik.com/berita/d-8244153/mualem-usai-tinjau-daerah-banjir-di-aceh-kita-masih-kewalahan-air-bersih-lpg,"
Jumat, 05 Des 2025 00:14 WIB "
Anggota DPR Minta Raja Juli Mundur: Pak Menteri Nggak Paham Kehutanan,https://news.detik.com/berita/d-8244169/anggota-dpr-minta-raja-juli-mundur-pak-menteri-nggak-paham-kehutanan,"
Jumat, 05 Des 2025 01:58 WIB "
Keceriaan Anak-anak Agam Korban Galodo di Tenda Pengungsian,https://news.detik.com/berita/d-8244202/keceriaan-anak-anak-agam-korban-galodo-di-tenda-pengungsian,"
Jumat, 05 Des 2025 06:35 WIB "
Bhara Daksa Akpol 91 Kirim Bantuan ke Korban Bencana Sumatera,https://news.detik.com/berita/d-8244228/bhara-daksa-akpol-91-kirim-bantuan-ke-korban-bencana-sumatera,"
Jumat, 05 Des 2025 07:11 WIB "
Anggota DPR Soal Kerusakan Hutan: Menhut Raja Juli Kebagian Cuci Piring,https://news.detik.com/berita/d-8244234/anggota-dpr-soal-kerusakan-hutan-menhut-raja-juli-kebagian-cuci-piring,"
Jumat, 05 Des 2025 07:28 WIB "
Asal-usul Gelondongan Kayu di Banjir Sumatera Mulai Diusut,https://news.detik.com/berita/d-8244016/asal-usul-gelondongan-kayu-di-banjir-sumatera-mulai-diusut,"
Jumat, 05 Des 2025 07:58 WIB "
"Kemenbud Galang Rp 1,5 M untuk Bantu Pemulihan Cagar Budaya di Sumatera",https://news.detik.com/berita/d-8244269/kemenbud-galang-rp-1-5-m-untuk-bantu-pemulihan-cagar-budaya-di-sumatera,"
Jumat, 05 Des 2025 08:19 WIB "
"Dapur Lapangan Brimob Tembus Aceh Tamiang, Layani Makan 100 Pengungsi",https://news.detik.com/berita/d-8244273/dapur-lapangan-brimob-tembus-aceh-tamiang-layani-makan-100-pengungsi,"
Jumat, 05 Des 2025 08:25 WIB "
Gubernur Aceh Mualem: Banjir dan Longsor Ini Tsunami Kedua,https://news.detik.com/berita/d-8244309/gubernur-aceh-mualem-banjir-dan-longsor-ini-tsunami-kedua,"
Jumat, 05 Des 2025 08:46 WIB "
"Pramono Sebut Puncak Banjir Rob di Pesisir DKI Terjadi Hari Ini, Begini Data BMKG",https://news.detik.com/berita/d-8244322/pramono-sebut-puncak-banjir-rob-di-pesisir-dki-terjadi-hari-ini-begini-data-bmkg,"
Jumat, 05 Des 2025 08:56 WIB "
Update Korban Banjir di Sumut: 312 Tewas dan 163 Hilang,https://news.detik.com/berita/d-8244436/update-korban-banjir-di-sumut-312-tewas-dan-163-hilang,"
Jumat, 05 Des 2025 10:13 WIB "
Siklon Senyar dan Ritual 'Kaget' yang (Selalu) Kita Ulangi,https://news.detik.com/kolom/d-8243611/siklon-senyar-dan-ritual-kaget-yang-selalu-kita-ulangi,"
Jumat, 05 Des 2025 10:34 WIB "
"Warga Terdampak Bencana Sumatera Mulai Terjangkit Penyakit, Kemenkes Tangani",https://news.detik.com/berita/d-8244531/warga-terdampak-bencana-sumatera-mulai-terjangkit-penyakit-kemenkes-tangani,"
Jumat, 05 Des 2025 11:00 WIB "
Layar Monitor yang Membawa Kebahagiaan Warga Terisolir Bencana Agam,https://news.detik.com/berita/d-8244568/layar-monitor-yang-membawa-kebahagiaan-warga-terisolir-bencana-agam,"
Jumat, 05 Des 2025 11:18 WIB "
"Bamsoet Serukan Elite Politik Tak Adu Opini, Fokus Salurkan Bantuan",https://news.detik.com/berita/d-8244593/bamsoet-serukan-elite-politik-tak-adu-opini-fokus-salurkan-bantuan,"
Jumat, 05 Des 2025 11:28 WIB "
"Menteri Imipas: Lapas Aceh Tamiang Banjir Seatap, Terpaksa Warga Binaan Dilepas",https://news.detik.com/berita/d-8244616/menteri-imipas-lapas-aceh-tamiang-banjir-seatap-terpaksa-warga-binaan-dilepas,"
Jumat, 05 Des 2025 11:37 WIB "
Komisi V DPR Desak Pemerintah Perbaiki Infrastruktur Pascabanjir Sumatera,https://news.detik.com/berita/d-8244687/komisi-v-dpr-desak-pemerintah-perbaiki-infrastruktur-pascabanjir-sumatera,"
Jumat, 05 Des 2025 12:11 WIB "
Potret Salat Jumat Pertama Pascabencana Galodo di Palembayan Agam,https://news.detik.com/berita/d-8244874/potret-salat-jumat-pertama-pascabencana-galodo-di-palembayan-agam,"
Jumat, 05 Des 2025 13:54 WIB "
Jejak Lumpur Sisa Banjir di Aceh Timur Sampai Setinggi Atap,https://news.detik.com/berita/d-8244882/jejak-lumpur-sisa-banjir-di-aceh-timur-sampai-setinggi-atap,"
Jumat, 05 Des 2025 13:56 WIB "
Peringatan Dini Curah Hujan Tinggi dan Potensi Banjir hingga 10 Desember,https://news.detik.com/berita/d-8244914/peringatan-dini-curah-hujan-tinggi-dan-potensi-banjir-hingga-10-desember,"
Jumat, 05 Des 2025 14:09 WIB "
"Korban Tewas Bencana di Sumatera Bertambah Jadi 846 Orang, 547 Masih Hilang",https://news.detik.com/berita/d-8244986/korban-tewas-bencana-di-sumatera-bertambah-jadi-846-orang-547-masih-hilang,"
Jumat, 05 Des 2025 14:39 WIB "
Menengarai Sumber Bencana Sumatera Hingga Dorongan Mundur Bagi Raja Juli,https://news.detik.com/berita/d-8244989/menengarai-sumber-bencana-sumatera-hingga-dorongan-mundur-bagi-raja-juli,"
Jumat, 05 Des 2025 14:41 WIB "
"Viral Bupati Aceh Selatan Umrah Saat Bencana Melanda, Pemkab Buka Suara",https://news.detik.com/berita/d-8245148/viral-bupati-aceh-selatan-umrah-saat-bencana-melanda-pemkab-buka-suara,"
Jumat, 05 Des 2025 15:31 WIB "
Cerita Relawan soal Gelondongan Kayu Bernomor di Lokasi Banjir Aceh,https://news.detik.com/berita/d-8245180/cerita-relawan-soal-gelondongan-kayu-bernomor-di-lokasi-banjir-aceh,"
Jumat, 05 Des 2025 15:47 WIB "
Pemerintah Digugat Tetapkan Status Bencana Nasional Terkait Banjir Sumatera,https://news.detik.com/berita/d-8245239/pemerintah-digugat-tetapkan-status-bencana-nasional-terkait-banjir-sumatera,"
Jumat, 05 Des 2025 16:13 WIB "
30 Ton Bantuan Korban Bencana Sumatera dari KemenImipas Dikirim Via Kapal TNI AL,https://news.detik.com/berita/d-8245300/30-ton-bantuan-korban-bencana-sumatera-dari-kemenimipas-dikirim-via-kapal-tni-al,"
Jumat, 05 Des 2025 16:30 WIB "
Merawat Ingatan Kolektif Kita atas Bencana,https://news.detik.com/kolom/d-8243618/merawat-ingatan-kolektif-kita-atas-bencana,"
Jumat, 05 Des 2025 16:30 WIB "
Erick Thohir Jelaskan soal Viral Kirim Bantuan Alat Olahraga ke Sumatera,https://news.detik.com/berita/d-8245305/erick-thohir-jelaskan-soal-viral-kirim-bantuan-alat-olahraga-ke-sumatera,"
Jumat, 05 Des 2025 16:32 WIB "
"Satgas PKH Terjun ke Sumatera, Usut Dugaan Pembalakan Liar Penyebab Banjir",https://news.detik.com/berita/d-8245330/satgas-pkh-terjun-ke-sumatera-usut-dugaan-pembalakan-liar-penyebab-banjir,"
Jumat, 05 Des 2025 16:37 WIB "
Kementerian P2MI Galang Donasi untuk Korban Bencana Alam di Sumatera,https://news.detik.com/berita/d-8245364/kementerian-p2mi-galang-donasi-untuk-korban-bencana-alam-di-sumatera,"
Jumat, 05 Des 2025 16:53 WIB "
Puan Sebut Status Bencana Nasional Tunggu Pertimbangan Komprehensif Prabowo,https://news.detik.com/berita/d-8245367/puan-sebut-status-bencana-nasional-tunggu-pertimbangan-komprehensif-prabowo,"
Jumat, 05 Des 2025 16:55 WIB "
"Update Bencana Sumatera: 867 Orang Tewas, Pengungsi Capai 835 Ribu Warga",https://news.detik.com/berita/d-8245414/update-bencana-sumatera-867-orang-tewas-pengungsi-capai-835-ribu-warga,"
Jumat, 05 Des 2025 17:15 WIB "
Puan Sebut Revisi UU Kehutanan Akan Dibahas Usai Bencana Sumatera Ditangani,https://news.detik.com/berita/d-8245418/puan-sebut-revisi-uu-kehutanan-akan-dibahas-usai-bencana-sumatera-ditangani,"
Jumat, 05 Des 2025 17:18 WIB "
Water Treatment Polda Riau Salurkan Air Bersih untuk Korban Bencana Agam,https://news.detik.com/melindungi-tuah-marwah/d-8245423/water-treatment-polda-riau-salurkan-air-bersih-untuk-korban-bencana-agam,"
Jumat, 05 Des 2025 17:22 WIB "
KemenPU Pastikan Jalur Langkat-Aceh Tamiang Bisa Jadi Akses Distribusi,https://news.detik.com/berita/d-8245434/kemenpu-pastikan-jalur-langkat-aceh-tamiang-bisa-jadi-akses-distribusi,"
Jumat, 05 Des 2025 17:25 WIB "
Bantuan Logistik Kemensos bagi Korban Banjir Tersalurkan ke 6 Daerah Sumut,https://news.detik.com/berita/d-8245453/bantuan-logistik-kemensos-bagi-korban-banjir-tersalurkan-ke-6-daerah-sumut,"
Jumat, 05 Des 2025 17:34 WIB "
Wabup Tapanuli Utara Puji PLN Pulihkan Listrik-Beri Bantuan Pascabencana,https://news.detik.com/berita/d-8245489/wabup-tapanuli-utara-puji-pln-pulihkan-listrik-beri-bantuan-pascabencana,"
Jumat, 05 Des 2025 17:54 WIB "
Polda Riau Kirim Ribuan Cangkul-Sekop untuk Pemulihan Pascabencana Sumatera,https://news.detik.com/melindungi-tuah-marwah/d-8245528/polda-riau-kirim-ribuan-cangkul-sekop-untuk-pemulihan-pascabencana-sumatera,"
Jumat, 05 Des 2025 18:13 WIB "
"Ramai Ajakan Patungan Beli Hutan Buntut Banjir di Sumatera, Ini Kata Puan",https://news.detik.com/berita/d-8245566/ramai-ajakan-patungan-beli-hutan-buntut-banjir-di-sumatera-ini-kata-puan,"
Jumat, 05 Des 2025 18:53 WIB "
Khofifah & Warga Jatim Gelar Salat Ghaib untuk Korban Bencana Sumatera,https://news.detik.com/berita/d-8245632/khofifah-warga-jatim-gelar-salat-ghaib-untuk-korban-bencana-sumatera,"
Jumat, 05 Des 2025 19:15 WIB "
"Alfamidi Kirim Bantuan Logistik bagi Korban Bencana Aceh, Sumut & Sumbar",https://news.detik.com/berita/d-8245688/alfamidi-kirim-bantuan-logistik-bagi-korban-bencana-aceh-sumut-sumbar,"
Jumat, 05 Des 2025 19:43 WIB "
"Gandeng Berbagai Pihak, Kemensos Kebut Distribusi Bantuan di Sumbar",https://news.detik.com/berita/d-8245701/gandeng-berbagai-pihak-kemensos-kebut-distribusi-bantuan-di-sumbar,"
Jumat, 05 Des 2025 19:49 WIB "
Alfamart Salurkan Bantuan Senilai Rp 2 M untuk Korban Bencana di Sumatera,https://news.detik.com/berita/d-8245788/alfamart-salurkan-bantuan-senilai-rp-2-m-untuk-korban-bencana-di-sumatera,"
Jumat, 05 Des 2025 20:51 WIB "
Kapolri Lepas 45 Brigade Tanggap Bencana KSPSI ke Utara Sumatera,https://news.detik.com/berita/d-8245809/kapolri-lepas-45-brigade-tanggap-bencana-kspsi-ke-utara-sumatera,"
Jumat, 05 Des 2025 21:12 WIB "
"Prabowo soal Bencana di Sumatera: Musibah Ini Menguji, Alhamdulillah Kita Kuat",https://news.detik.com/berita/d-8245824/prabowo-soal-bencana-di-sumatera-musibah-ini-menguji-alhamdulillah-kita-kuat,"
Jumat, 05 Des 2025 21:29 WIB "
Prabowo: Harus Saya Akui Bahlil Orangnya Sangat Cerdas,https://news.detik.com/berita/d-8245845/prabowo-harus-saya-akui-bahlil-orangnya-sangat-cerdas,"
Jumat, 05 Des 2025 21:50 WIB "
Astra Agro Lestari Kirim Bantuan ke Lokasi Terdampak Banjir Sumatera,https://news.detik.com/adv-nhl-detikcom/d-8245846/astra-agro-lestari-kirim-bantuan-ke-lokasi-terdampak-banjir-sumatera,"
Jumat, 05 Des 2025 21:55 WIB "
Komisi IX DPR Minta Pengawasan Penyakit Korban Bencana Sumatera Diperketat,https://news.detik.com/berita/d-8245941/komisi-ix-dpr-minta-pengawasan-penyakit-korban-bencana-sumatera-diperketat,"
Sabtu, 06 Des 2025 01:17 WIB "
Komisi V DPR Minta Maskapai Berlakukan Tiket Normal ke Lokasi Bencana Sumatera,https://news.detik.com/berita/d-8246029/komisi-v-dpr-minta-maskapai-berlakukan-tiket-normal-ke-lokasi-bencana-sumatera,"
Sabtu, 06 Des 2025 07:47 WIB "
"Warga di Agam Terisolasi Pascabencana, Jembatan Darurat Jadi Akses Satu-satunya",https://news.detik.com/berita/d-8246074/warga-di-agam-terisolasi-pascabencana-jembatan-darurat-jadi-akses-satu-satunya,"
Sabtu, 06 Des 2025 08:56 WIB "
Menteri LH Hentikan Sementara Operasional 3 Perusahaan Tambang di Tapsel,https://news.detik.com/berita/d-8246097/menteri-lh-hentikan-sementara-operasional-3-perusahaan-tambang-di-tapsel,"
Sabtu, 06 Des 2025 09:23 WIB "
Dokkes Polda Riau Periksa Kesehatan Bayi Fathan Usai Terseret Galodo,https://news.detik.com/melindungi-tuah-marwah/d-8246112/dokkes-polda-riau-periksa-kesehatan-bayi-fathan-usai-terseret-galodo,"
Sabtu, 06 Des 2025 09:44 WIB "
Ahmad Muzani Ajak HMI Jadi Bagian dari Proses Pembangunan Bangsa,https://news.detik.com/berita/d-8246102/ahmad-muzani-ajak-hmi-jadi-bagian-dari-proses-pembangunan-bangsa,"
Sabtu, 06 Des 2025 09:45 WIB "
Peti Pendingin Jenazah Bantuan Polda Riau Tiba di RSUD Lubuk Basung Agam,https://news.detik.com/berita/d-8246154/peti-pendingin-jenazah-bantuan-polda-riau-tiba-di-rsud-lubuk-basung-agam,"
Sabtu, 06 Des 2025 10:29 WIB "
"Sempat Kebanjiran, Begini Kondisi Terkini Permukiman di Kebon Pala Jaktim",https://news.detik.com/berita/d-8246165/sempat-kebanjiran-begini-kondisi-terkini-permukiman-di-kebon-pala-jaktim,"
Sabtu, 06 Des 2025 10:40 WIB "
"Mensos Sapa Penyandang Disabilitas di HDI 2025, Tegaskan Layanan Inklusif",https://news.detik.com/berita/d-8246224/mensos-sapa-penyandang-disabilitas-di-hdi-2025-tegaskan-layanan-inklusif,"
Sabtu, 06 Des 2025 11:32 WIB "
"Ada Potensi Hujan Lebat sampai Pekan Depan, Ini Daftar Wilayahnya",https://news.detik.com/berita/d-8246234/ada-potensi-hujan-lebat-sampai-pekan-depan-ini-daftar-wilayahnya,"
Sabtu, 06 Des 2025 11:44 WIB "
KKP Kirim 60 Ton Paket Bantuan untuk Korban Bencana Sumatera via Laut,https://news.detik.com/berita/d-8246368/kkp-kirim-60-ton-paket-bantuan-untuk-korban-bencana-sumatera-via-laut,"
Sabtu, 06 Des 2025 13:32 WIB "
PMI Kirim 1.500 Kantong Darah-Ribuan Logistik untuk Korban Banjir Sumatera,https://news.detik.com/berita/d-8246413/pmi-kirim-1-500-kantong-darah-ribuan-logistik-untuk-korban-banjir-sumatera,"
Sabtu, 06 Des 2025 14:01 WIB "
Update Korban Bencana Sumatera: 883 Orang Tewas-520 Hilang,https://news.detik.com/berita/d-8246443/update-korban-bencana-sumatera-883-orang-tewas-520-hilang,"
Sabtu, 06 Des 2025 14:19 WIB "
MPR Dorong Pemimpin Administrasi Publik Berintegritas-Berwawasan Kebangsaan,https://news.detik.com/berita/d-8246463/mpr-dorong-pemimpin-administrasi-publik-berintegritas-berwawasan-kebangsaan,"
Sabtu, 06 Des 2025 14:46 WIB "
Kisah Heroik Fendi Gendong dan Selamatkan Warga dari Terjangan Galodo Agam,https://news.detik.com/berita/d-8246467/kisah-heroik-fendi-gendong-dan-selamatkan-warga-dari-terjangan-galodo-agam,"
Sabtu, 06 Des 2025 14:50 WIB "
Kementerian PU Percepat Pemulihan Akses dan Air Bersih di Aceh Tamiang,https://news.detik.com/berita/d-8246549/kementerian-pu-percepat-pemulihan-akses-dan-air-bersih-di-aceh-tamiang,"
Sabtu, 06 Des 2025 16:01 WIB "
"Polantas di Aceh Gelar Bakti Sosial Peduli Bencana, Bagikan Makan-Kebutuhan Korban",https://news.detik.com/berita/d-8246607/polantas-di-aceh-gelar-bakti-sosial-peduli-bencana-bagikan-makan-kebutuhan-korban,"
Sabtu, 06 Des 2025 16:40 WIB "
Habiburokhman soal Bencana Sumatera Dikaitkan dengan Zulhas: Agak Lucu,https://news.detik.com/berita/d-8246621/habiburokhman-soal-bencana-sumatera-dikaitkan-dengan-zulhas-agak-lucu,"
Sabtu, 06 Des 2025 16:46 WIB "
"Bantu Korban Bencana, Kedai di Bogor Beri Makan Gratis Mahasiswa Sumatera",https://news.detik.com/berita/d-8246657/bantu-korban-bencana-kedai-di-bogor-beri-makan-gratis-mahasiswa-sumatera,"
Sabtu, 06 Des 2025 16:59 WIB "
Sultan Terbantu Warung Makan Gratis Keluarga Korban Bencana Sumatera di Bogor,https://news.detik.com/berita/d-8246685/sultan-terbantu-warung-makan-gratis-keluarga-korban-bencana-sumatera-di-bogor,"
Sabtu, 06 Des 2025 17:22 WIB "
Warga di Palembayan Agam Bersyukur Listrik Nyala: Gak Gelap-gelapan Lagi,https://news.detik.com/melindungi-tuah-marwah/d-8246701/warga-di-palembayan-agam-bersyukur-listrik-nyala-gak-gelap-gelapan-lagi,"
Sabtu, 06 Des 2025 17:31 WIB "
Pemkab Agam Berterima Kasih ke Polda Riau: Kami Tak Sendiri,https://news.detik.com/melindungi-tuah-marwah/d-8246710/pemkab-agam-berterima-kasih-ke-polda-riau-kami-tak-sendiri,"
Sabtu, 06 Des 2025 17:46 WIB "
Sri Lanka Umumkan Bantuan Rp 541 Juta untuk Korban Banjir-Longsor,https://news.detik.com/internasional/d-8246734/sri-lanka-umumkan-bantuan-rp-541-juta-untuk-korban-banjir-longsor,"
Sabtu, 06 Des 2025 18:01 WIB "
"Update Korban Bencana Sumatera: 914 Orang Tewas, 389 Hilang",https://news.detik.com/berita/d-8246779/update-korban-bencana-sumatera-914-orang-tewas-389-hilang,"
Sabtu, 06 Des 2025 18:50 WIB "
Dapur Umum Kemensos Produksi 164 Ribu Porsi Makanan di 3 Provinsi Sumatera,https://news.detik.com/berita/d-8246790/dapur-umum-kemensos-produksi-164-ribu-porsi-makanan-di-3-provinsi-sumatera,"
Sabtu, 06 Des 2025 19:03 WIB "
Aksi Ibu Bhayangkari Pandu Heli Bantuan ke Desa Terisolir di Tapteng,https://news.detik.com/berita/d-8246864/aksi-ibu-bhayangkari-pandu-heli-bantuan-ke-desa-terisolir-di-tapteng,"
Sabtu, 06 Des 2025 19:53 WIB "
"Manuver Presisi Terbang Rendah, Heli Polri Dropping Bantuan ke Aceh Tamiang",https://news.detik.com/berita/d-8246873/manuver-presisi-terbang-rendah-heli-polri-dropping-bantuan-ke-aceh-tamiang,"
Sabtu, 06 Des 2025 20:00 WIB "
Bos PPI Nilai Usulan Koalisi Permanen Serangan Balik Bahlil ke Cak Imin,https://news.detik.com/berita/d-8246889/bos-ppi-nilai-usulan-koalisi-permanen-serangan-balik-bahlil-ke-cak-imin,"
Sabtu, 06 Des 2025 20:08 WIB "
Cerita Haru Bayi di Agam Diselamatkan dari Lumpur Banjir Bandang,https://news.detik.com/berita/d-8246894/cerita-haru-bayi-di-agam-diselamatkan-dari-lumpur-banjir-bandang,"
Sabtu, 06 Des 2025 20:11 WIB "
Akpol 1990 Kirim Tambahan Bantuan 10 Ton Beras-9.600 Kaleng SKM ke Sumatera,https://news.detik.com/berita/d-8246911/akpol-1990-kirim-tambahan-bantuan-10-ton-beras-9-600-kaleng-skm-ke-sumatera,"
Sabtu, 06 Des 2025 20:30 WIB "
"UEA Siap Jadi yang Pertama Kirim Bantuan ke Sumatera, Tunggu RI Terbuka",https://news.detik.com/berita/d-8247007/uea-siap-jadi-yang-pertama-kirim-bantuan-ke-sumatera-tunggu-ri-terbuka,"
Sabtu, 06 Des 2025 21:55 WIB "
"Kemensos Perkuat Layanan Penanganan Bencana di Aceh, Sumut, dan Sumbar",https://news.detik.com/berita/d-8247045/kemensos-perkuat-layanan-penanganan-bencana-di-aceh-sumut-dan-sumbar,"
Sabtu, 06 Des 2025 22:23 WIB "
Tim Trauma Healing Polri Bantu Pulihkan Psikis Korban Pascabencana Agam,https://news.detik.com/berita/d-8247051/tim-trauma-healing-polri-bantu-pulihkan-psikis-korban-pascabencana-agam,"
Sabtu, 06 Des 2025 22:31 WIB "
Waketum Golkar Minta Pemerintah Tetapkan Status Bencana Nasional di Sumatera,https://news.detik.com/berita/d-8247063/waketum-golkar-minta-pemerintah-tetapkan-status-bencana-nasional-di-sumatera,"
Sabtu, 06 Des 2025 22:45 WIB "
BPJPH dan Alfamart Lepas 10 Truk Bantuan Kemanusiaan untuk Sumatera,https://news.detik.com/berita/d-8247078/bpjph-dan-alfamart-lepas-10-truk-bantuan-kemanusiaan-untuk-sumatera,"
Sabtu, 06 Des 2025 23:05 WIB "
Kemenhut Segel 4 Subjek Hukum Terduga Penyebab Bencana Sumatera,https://news.detik.com/berita/d-8247095/kemenhut-segel-4-subjek-hukum-terduga-penyebab-bencana-sumatera,"
Sabtu, 06 Des 2025 23:48 WIB "
"Desa Garoga Tapsel Termasuk Terparah Terdampak Banjir, Akses Jalan Terputus",https://news.detik.com/berita/d-8247119/desa-garoga-tapsel-termasuk-terparah-terdampak-banjir-akses-jalan-terputus,"
Minggu, 07 Des 2025 01:23 WIB "
Prabowo Perintahkan Listrik Menyala di Aceh-Sumbar Paling Lambat Minggu Malam,https://news.detik.com/berita/d-8247124/prabowo-perintahkan-listrik-menyala-di-aceh-sumbar-paling-lambat-minggu-malam,"
Minggu, 07 Des 2025 02:46 WIB "
3 Perusahaan Tambang di Tapsel Ditutup Sementara Imbas Bencana Melanda,https://news.detik.com/berita/d-8247168/3-perusahaan-tambang-di-tapsel-ditutup-sementara-imbas-bencana-melanda,"
Minggu, 07 Des 2025 06:33 WIB "
"Berkat Andre Rosiade, RSUP M Djamil Padang Dapat Sumur Bor Rp 1,5 M",https://news.detik.com/berita/d-8247183/berkat-andre-rosiade-rsup-m-djamil-padang-dapat-sumur-bor-rp-1-5-m,"
Minggu, 07 Des 2025 07:20 WIB "
Kondisi Terkini di Palembayan Agam Usai 10 Hari Pascabencana Galodo,https://news.detik.com/berita/d-8247185/kondisi-terkini-di-palembayan-agam-usai-10-hari-pascabencana-galodo,"
Minggu, 07 Des 2025 07:26 WIB "
Kemensos Gelar Funwalk HDI 2025 Sambil Galang Bantuan Korban Bencana Sumatera,https://news.detik.com/berita/d-8247205/kemensos-gelar-funwalk-hdi-2025-sambil-galang-bantuan-korban-bencana-sumatera,"
Minggu, 07 Des 2025 07:52 WIB "
Menteri LH: Kayu Gelondongan Banjir Sumatera Bukan dari Hulu Batang Toru,https://news.detik.com/berita/d-8247269/menteri-lh-kayu-gelondongan-banjir-sumatera-bukan-dari-hulu-batang-toru,"
Minggu, 07 Des 2025 09:13 WIB "
5 Lokasi Pembalakan Liar yang Diduga Picu Banjir Sumatera Disegel!,https://news.detik.com/berita/d-8247287/5-lokasi-pembalakan-liar-yang-diduga-picu-banjir-sumatera-disegel,"
Minggu, 07 Des 2025 09:24 WIB "
Pilu Pasien Diabetes Meninggal di Pengungsian Banjir Aceh,https://news.detik.com/internasional/d-8247307/pilu-pasien-diabetes-meninggal-di-pengungsian-banjir-aceh,"
Minggu, 07 Des 2025 09:42 WIB "
Andre Rosiade Inisiasi Rakor Hitung Dampak-Percepat Perbaikan Usai Banjir Sumbar,https://news.detik.com/berita/d-8247338/andre-rosiade-inisiasi-rakor-hitung-dampak-percepat-perbaikan-usai-banjir-sumbar,"
Minggu, 07 Des 2025 10:02 WIB "
Kemenbud Salurkan Bantuan Logistik untuk Korban Bencana Tapanuli Utara,https://news.detik.com/berita/d-8247378/kemenbud-salurkan-bantuan-logistik-untuk-korban-bencana-tapanuli-utara,"
Minggu, 07 Des 2025 10:32 WIB "
Wamensos: Bantuan Senilai Rp 66 M Sudah Disalurkan untuk Korban Bencana Sumatera,https://news.detik.com/berita/d-8247393/wamensos-bantuan-senilai-rp-66-m-sudah-disalurkan-untuk-korban-bencana-sumatera,"
Minggu, 07 Des 2025 10:42 WIB "
"Material Sisa Bencana Disingkirkan, Akses ke Palembayan Agam Dibuka-Tutup",https://news.detik.com/berita/d-8247411/material-sisa-bencana-disingkirkan-akses-ke-palembayan-agam-dibuka-tutup,"
Minggu, 07 Des 2025 10:50 WIB "
"Prabowo Tiba di Aceh, Bakal Tinjau Lokasi Terdampak Bencana di Bireuen",https://news.detik.com/berita/d-8247413/prabowo-tiba-di-aceh-bakal-tinjau-lokasi-terdampak-bencana-di-bireuen,"
Minggu, 07 Des 2025 10:53 WIB "
"1.700 Orang Tewas Akibat Banjir Parah di Asia Tenggara, Termasuk Indonesia",https://news.detik.com/internasional/d-8247446/1-700-orang-tewas-akibat-banjir-parah-di-asia-tenggara-termasuk-indonesia,"
Minggu, 07 Des 2025 11:20 WIB "
Sebatang Kayu Selamatkan Keluarga di Talamau Sumbar dari Longsor,https://news.detik.com/berita/d-8247487/sebatang-kayu-selamatkan-keluarga-di-talamau-sumbar-dari-longsor,"
Minggu, 07 Des 2025 11:56 WIB "
"Jasad Bocah Ditemukan di Sungai Batang Palembayan Agam, Pencarian Berlanjut",https://news.detik.com/berita/d-8247519/jasad-bocah-ditemukan-di-sungai-batang-palembayan-agam-pencarian-berlanjut,"
Minggu, 07 Des 2025 12:17 WIB "
'Lautan' Kayu Muncul di Aceh Tamiang Usai Banjir Besar,https://news.detik.com/berita/d-8247526/lautan-kayu-muncul-di-aceh-tamiang-usai-banjir-besar,"
Minggu, 07 Des 2025 12:30 WIB "
Andre Rosiade: Jalan Lembah Anai Ditargetkan Bisa Dilalui Motor Sore Ini,https://news.detik.com/berita/d-8247527/andre-rosiade-jalan-lembah-anai-ditargetkan-bisa-dilalui-motor-sore-ini,"
Minggu, 07 Des 2025 12:30 WIB "
"Kemensos Gelar Fun Walk HDI 2025, 5.000 Disabilitas Penuhi Bundaran HI",https://news.detik.com/berita/d-8247541/kemensos-gelar-fun-walk-hdi-2025-5-000-disabilitas-penuhi-bundaran-hi,"
Minggu, 07 Des 2025 12:47 WIB "
CT ARSA dan AirNav Gelar Runway Run 2025 untuk Peduli Banjir Sumatera,https://news.detik.com/berita/d-8247542/ct-arsa-dan-airnav-gelar-runway-run-2025-untuk-peduli-banjir-sumatera,"
Minggu, 07 Des 2025 12:48 WIB "
"Sudah 10 Hari Ipda Angga Hilang di Sumbar, Polda Riau Lanjut Pencarian",https://news.detik.com/berita/d-8247549/sudah-10-hari-ipda-angga-hilang-di-sumbar-polda-riau-lanjut-pencarian,"
Minggu, 07 Des 2025 12:57 WIB "
Momen Prabowo Cek Pengungsian Bencana di Bireuen-Makan Bareng Pengungsi,https://news.detik.com/berita/d-8247552/momen-prabowo-cek-pengungsian-bencana-di-bireuen-makan-bareng-pengungsi,"
Minggu, 07 Des 2025 13:06 WIB "
Korban Bencana Aceh Nangis di Depan Prabowo: Rumah Saya Diambil Sungai Pak,https://news.detik.com/berita/d-8247570/korban-bencana-aceh-nangis-di-depan-prabowo-rumah-saya-diambil-sungai-pak,"
Minggu, 07 Des 2025 13:16 WIB "
"Akses Jembatan Putus, 110 KK di Nagan Raya Aceh Masih Terisolasi",https://news.detik.com/berita/d-8247590/akses-jembatan-putus-110-kk-di-nagan-raya-aceh-masih-terisolasi,"
Minggu, 07 Des 2025 13:28 WIB "
"Polisi Imbau Warga Berempati, Tak Bikin Konten di Lokasi Bencana Agam",https://news.detik.com/berita/d-8247594/polisi-imbau-warga-berempati-tak-bikin-konten-di-lokasi-bencana-agam,"
Minggu, 07 Des 2025 13:32 WIB "
"Sungai di Sibolga Alami Pendangkalan Usai Longsor, Berubah Jadi Bak Daratan",https://news.detik.com/berita/d-8247595/sungai-di-sibolga-alami-pendangkalan-usai-longsor-berubah-jadi-bak-daratan,"
Minggu, 07 Des 2025 13:34 WIB "
Prabowo Minta Panglima-Kapolri Kerahkan Semua Kekuatan Bantu Korban Bencana,https://news.detik.com/berita/d-8247617/prabowo-minta-panglima-kapolri-kerahkan-semua-kekuatan-bantu-korban-bencana,"
Minggu, 07 Des 2025 13:57 WIB "
"Desa Gedumpak Aceh Utara Tersapu Banjir, Ratusan Rumah Hancur",https://news.detik.com/berita/d-8247656/desa-gedumpak-aceh-utara-tersapu-banjir-ratusan-rumah-hancur,"
Minggu, 07 Des 2025 14:29 WIB "
PDIP Dukung Banjir di Sumatera Ditetapkan Jadi Bencana Nasional,https://news.detik.com/berita/d-8247722/pdip-dukung-banjir-di-sumatera-ditetapkan-jadi-bencana-nasional,"
Minggu, 07 Des 2025 15:24 WIB "
"Kemensos Salurkan Bantuan Rp 66,7 M untuk Penanganan Bencana Sumatera",https://news.detik.com/berita/d-8247821/kemensos-salurkan-bantuan-rp-66-7-m-untuk-penanganan-bencana-sumatera,"
Minggu, 07 Des 2025 16:31 WIB "
Nusron Wahid Serahkan Bantuan & Dengar Keluhan Korban Banjir di Agam,https://news.detik.com/berita/d-8247833/nusron-wahid-serahkan-bantuan-dengar-keluhan-korban-banjir-di-agam,"
Minggu, 07 Des 2025 16:42 WIB "
"Andre Rosiade Cek Jembatan Putus di Agam Sumbar, Dorong Perbaikan Dikebut",https://news.detik.com/berita/d-8247861/andre-rosiade-cek-jembatan-putus-di-agam-sumbar-dorong-perbaikan-dikebut,"
Minggu, 07 Des 2025 16:57 WIB "
Kisah Warga Penyelamat Kucing di Tengah Banjir Bandang Sumbar,https://news.detik.com/berita/d-8247878/kisah-warga-penyelamat-kucing-di-tengah-banjir-bandang-sumbar,"
Minggu, 07 Des 2025 17:03 WIB "
"Korban Meninggal Bencana Sumatera Tambah Jadi 940 Orang, 276 Hilang",https://news.detik.com/berita/d-8247891/korban-meninggal-bencana-sumatera-tambah-jadi-940-orang-276-hilang,"
Minggu, 07 Des 2025 17:09 WIB "
"Ada Daerah Belum Pulih, Status Darurat Bencana Sumbar Akan Diperpanjang",https://news.detik.com/berita/d-8247955/ada-daerah-belum-pulih-status-darurat-bencana-sumbar-akan-diperpanjang,"
Minggu, 07 Des 2025 18:11 WIB "
Bencana dan Ujian Keindonesiaan Kita,https://news.detik.com/kolom/d-8247959/bencana-dan-ujian-keindonesiaan-kita,"
Minggu, 07 Des 2025 18:14 WIB "
Gerindra: Bupati Aceh Selatan Umrah Saat Bencana Bentuk Kepemimpinan Buruk,https://news.detik.com/berita/d-8248011/gerindra-bupati-aceh-selatan-umrah-saat-bencana-bentuk-kepemimpinan-buruk,"
Minggu, 07 Des 2025 18:52 WIB "
Menhan hingga Kapolri Merapat ke Lanud Aceh Jelang Ratas Dipimpin Prabowo,https://news.detik.com/berita/d-8248037/menhan-hingga-kapolri-merapat-ke-lanud-aceh-jelang-ratas-dipimpin-prabowo,"
Minggu, 07 Des 2025 19:15 WIB "
Walkot Pekanbaru Serahkan Bantuan Rp 3 M untuk Korban Bencana Sumatera,https://news.detik.com/berita/d-8248021/walkot-pekanbaru-serahkan-bantuan-rp-3-m-untuk-korban-bencana-sumatera,"
Minggu, 07 Des 2025 19:30 WIB "
Polda Riau Serahkan 1.817 Cangkul-Sekop ke 4 Desa Terdampak Galodo Agam,https://news.detik.com/berita/d-8248060/polda-riau-serahkan-1-817-cangkul-sekop-ke-4-desa-terdampak-galodo-agam,"
Minggu, 07 Des 2025 19:37 WIB "
"BNPB Koreksi Data Korban Bencana Sumatera: Meninggal 921 Orang, 392 Hilang",https://news.detik.com/berita/d-8248080/bnpb-koreksi-data-korban-bencana-sumatera-meninggal-921-orang-392-hilang,"
Minggu, 07 Des 2025 20:07 WIB "
Kondisi Miris Aceh Tamiang Usai Bencana dalam Sorotan,https://news.detik.com/berita/d-8248089/kondisi-miris-aceh-tamiang-usai-bencana-dalam-sorotan,"
Minggu, 07 Des 2025 20:09 WIB "
Kisah Perjuangan Korban Banjir-Longsor Sumatera Bertahan Hidup,https://news.detik.com/berita/d-8248149/kisah-perjuangan-korban-banjir-longsor-sumatera-bertahan-hidup,"
Minggu, 07 Des 2025 21:19 WIB "
Baintelkam Polri Kirim Bantuan untuk Percepat Pemulihan Bencana di Sumbar,https://news.detik.com/berita/d-8248183/baintelkam-polri-kirim-bantuan-untuk-percepat-pemulihan-bencana-di-sumbar,"
Minggu, 07 Des 2025 22:28 WIB "
4 Warga Lebak Sempat Terjebak Banjir di Aceh Kini Sudah Bisa Pulang Kampung,https://news.detik.com/berita/d-8248241/4-warga-lebak-sempat-terjebak-banjir-di-aceh-kini-sudah-bisa-pulang-kampung,"
Senin, 08 Des 2025 00:58 WIB "
"Percepat Pemulihan Akses di Sumatera, KSAD Akan Bangun Jembatan Aramco",https://news.detik.com/berita/d-8248298/percepat-pemulihan-akses-di-sumatera-ksad-akan-bangun-jembatan-aramco,"
Senin, 08 Des 2025 05:13 WIB "
Alumni Akademi TNI dan Polri 2012 Salurkan Bantuan ke Masyarakat Sumatera,https://news.detik.com/berita/d-8248425/alumni-akademi-tni-dan-polri-2012-salurkan-bantuan-ke-masyarakat-sumatera,"
Senin, 08 Des 2025 07:01 WIB "
7 Arahan Prabowo Saat Kembali Datangi Lokasi Banjir Aceh,https://news.detik.com/berita/d-8248322/7-arahan-prabowo-saat-kembali-datangi-lokasi-banjir-aceh,"
Senin, 08 Des 2025 07:05 WIB "
"Bantuan Internasional untuk Sumatera Belum Dibuka, Komisi I DPR Ingatkan Ini",https://news.detik.com/berita/d-8248329/bantuan-internasional-untuk-sumatera-belum-dibuka-komisi-i-dpr-ingatkan-ini,"
Senin, 08 Des 2025 07:21 WIB "
Kemenbud Lakukan Pemulihan Cagar Budaya Terdampak Bencana di Sumatera,https://news.detik.com/berita/d-8248330/kemenbud-lakukan-pemulihan-cagar-budaya-terdampak-bencana-di-sumatera,"
Senin, 08 Des 2025 07:23 WIB "
Sentilan Prabowo untuk Bupati Aceh Selatan yang Umrah di Tengah Bencana,https://news.detik.com/berita/d-8248334/sentilan-prabowo-untuk-bupati-aceh-selatan-yang-umrah-di-tengah-bencana,"
Senin, 08 Des 2025 07:29 WIB "
Sejumlah Wilayah di Sibolga Sumut Terendam Banjir Usai Sungai Aek Doras Meluap,https://news.detik.com/berita/d-8248338/sejumlah-wilayah-di-sibolga-sumut-terendam-banjir-usai-sungai-aek-doras-meluap,"
Senin, 08 Des 2025 07:36 WIB "
"PD: Bantuan ke Sumatera Sebaiknya Dibuka dari Mana Pun, Termasuk Negara Lain",https://news.detik.com/berita/d-8248345/pd-bantuan-ke-sumatera-sebaiknya-dibuka-dari-mana-pun-termasuk-negara-lain,"
Senin, 08 Des 2025 07:50 WIB "
Banjir Aceh Tamiang: Desa Hilang Hingga Akses Tertutup Tumpukan Kayu,https://news.detik.com/berita/d-8248150/banjir-aceh-tamiang-desa-hilang-hingga-akses-tertutup-tumpukan-kayu,"
Senin, 08 Des 2025 07:58 WIB "
"Dampak Bencana Sumatera: Desa Nyaris Lenyap, Sungai Bak Daratan",https://news.detik.com/berita/d-8248371/dampak-bencana-sumatera-desa-nyaris-lenyap-sungai-bak-daratan,"
Senin, 08 Des 2025 08:08 WIB "
Bantuan Ribuan Cangkul-Sekop dari Polda Riau Telah Tiba di Aceh,https://news.detik.com/berita/d-8248388/bantuan-ribuan-cangkul-sekop-dari-polda-riau-telah-tiba-di-aceh,"
Senin, 08 Des 2025 08:30 WIB "
"Bantuan Asing Belum Masuk Sumatera, PDIP Bicara Momentum Persatuan Nasional",https://news.detik.com/berita/d-8248395/bantuan-asing-belum-masuk-sumatera-pdip-bicara-momentum-persatuan-nasional,"
Senin, 08 Des 2025 08:34 WIB "
"BNPB Ungkap Estimasi Biaya Pemulihan Bencana Sumatera Tembus Rp 51,8 T",https://news.detik.com/berita/d-8248411/bnpb-ungkap-estimasi-biaya-pemulihan-bencana-sumatera-tembus-rp-51-8-t,"
Senin, 08 Des 2025 08:43 WIB "
PKS Usul Prabowo Berkantor Sementara di Wilayah Terdampak Bencana Sumatera,https://news.detik.com/berita/d-8248414/pks-usul-prabowo-berkantor-sementara-di-wilayah-terdampak-bencana-sumatera,"
Senin, 08 Des 2025 08:45 WIB "
Prabowo Setuju Bantuan Rp 60 Juta Per Rumah Rusak Akibat Bencana Sumatera,https://news.detik.com/berita/d-8248468/prabowo-setuju-bantuan-rp-60-juta-per-rumah-rusak-akibat-bencana-sumatera,"
Senin, 08 Des 2025 09:42 WIB "
Metabolic Rift dan Bencana di Sumatera,https://news.detik.com/kolom/d-8248162/metabolic-rift-dan-bencana-di-sumatera,"
Senin, 08 Des 2025 09:45 WIB "
Prabowo Bermalam di Aceh Usai Tinjau Banjir: Saya Akan Terus Monitor,https://news.detik.com/berita/d-8248476/prabowo-bermalam-di-aceh-usai-tinjau-banjir-saya-akan-terus-monitor,"
Senin, 08 Des 2025 09:48 WIB "
"Warga Bantu Warga di Tapteng, Rumah Jadi Pengungsian-Ternak Jadi Santapan",https://news.detik.com/berita/d-8248563/warga-bantu-warga-di-tapteng-rumah-jadi-pengungsian-ternak-jadi-santapan,"
Senin, 08 Des 2025 10:41 WIB "
"950 Orang Tewas Akibat Bencana Sumatera, Terbanyak di Aceh",https://news.detik.com/berita/d-8248598/950-orang-tewas-akibat-bencana-sumatera-terbanyak-di-aceh,"
Senin, 08 Des 2025 11:00 WIB "
Bobby Duga Videonya Beri Bantuan dari Atas Heli Diedit: Drop Mi Keluar Beras,https://news.detik.com/berita/d-8248612/bobby-duga-videonya-beri-bantuan-dari-atas-heli-diedit-drop-mi-keluar-beras,"
Senin, 08 Des 2025 11:10 WIB "
"Bantu Korban Bencana, Kemenbud Dukung Konser Amal 100 Musisi Heal Sumatera",https://news.detik.com/berita/d-8248629/bantu-korban-bencana-kemenbud-dukung-konser-amal-100-musisi-heal-sumatera,"
Senin, 08 Des 2025 11:18 WIB "
Menhut Segel Lagi 3 Subjek Hukum Diduga Pemicu Banjir-Longsor di Sumatera,https://news.detik.com/berita/d-8248634/menhut-segel-lagi-3-subjek-hukum-diduga-pemicu-banjir-longsor-di-sumatera,"
Senin, 08 Des 2025 11:20 WIB "
Menkomdigi Beberkan Kondisi Akses Internet di Lokasi Bencana Sumatera,https://news.detik.com/berita/d-8248682/menkomdigi-beberkan-kondisi-akses-internet-di-lokasi-bencana-sumatera,"
Senin, 08 Des 2025 11:42 WIB "
Bamsoet Dukung Prabowo Hapus Utang KUR Petani Terdampak Bencana Sumatera,https://news.detik.com/berita/d-8248698/bamsoet-dukung-prabowo-hapus-utang-kur-petani-terdampak-bencana-sumatera,"
Senin, 08 Des 2025 11:50 WIB "
PELNI Salurkan Bantuan Kemanusiaan bagi Warga Terdampak Banjir di Padang,https://news.detik.com/berita/d-8248725/pelni-salurkan-bantuan-kemanusiaan-bagi-warga-terdampak-banjir-di-padang,"
Senin, 08 Des 2025 12:02 WIB "
KemenPU Kebut Pemulihan Konektivitas Jalan & Jembatan Pascabencana Aceh,https://news.detik.com/berita/d-8248737/kemenpu-kebut-pemulihan-konektivitas-jalan-jembatan-pascabencana-aceh,"
Senin, 08 Des 2025 12:11 WIB "
"Jalur Tarutung-Sibolga Terbuka 42 Km tapi Belum Bisa Dilalui, Ini Sebabnya",https://news.detik.com/berita/d-8248747/jalur-tarutung-sibolga-terbuka-42-km-tapi-belum-bisa-dilalui-ini-sebabnya,"
Senin, 08 Des 2025 12:16 WIB "
"BNPB: 8 Kecamatan di Sumut Masih Terisolasi, Jalan Belum Tembus ke Taput",https://news.detik.com/berita/d-8248815/bnpb-8-kecamatan-di-sumut-masih-terisolasi-jalan-belum-tembus-ke-taput,"
Senin, 08 Des 2025 12:50 WIB "
BNPB Lapor Prabowo Beberapa Kecamatan di Sumbar Masih Terisolasi,https://news.detik.com/berita/d-8248826/bnpb-lapor-prabowo-beberapa-kecamatan-di-sumbar-masih-terisolasi,"
Senin, 08 Des 2025 12:53 WIB "
"Mobil Bantuan Air Bersih ke Aceh Timur Alami Kecelakaan, 2 Relawan Tewas",https://news.detik.com/berita/d-8248819/mobil-bantuan-air-bersih-ke-aceh-timur-alami-kecelakaan-2-relawan-tewas,"
Senin, 08 Des 2025 12:53 WIB "
"Bupati Aceh Selatan Umrah Saat Bencana, Ini Ancaman Sanksinya",https://news.detik.com/berita/d-8248853/bupati-aceh-selatan-umrah-saat-bencana-ini-ancaman-sanksinya,"
Senin, 08 Des 2025 13:05 WIB "
Tim SAR Setop Pencarian Korban Banjir-Longsor di Taput dan Humbahas,https://news.detik.com/berita/d-8248861/tim-sar-setop-pencarian-korban-banjir-longsor-di-taput-dan-humbahas,"
Senin, 08 Des 2025 13:13 WIB "
Wamendagri Sebut Bupati Aceh Selatan Umrah Saat Bencana Tindakan Fatal,https://news.detik.com/berita/d-8248874/wamendagri-sebut-bupati-aceh-selatan-umrah-saat-bencana-tindakan-fatal,"
Senin, 08 Des 2025 13:19 WIB "
Bupati Aceh Barat: Surat Tak Mampu Tangani Bencana Syarat Dapat Bantuan BNPB,https://news.detik.com/berita/d-8248880/bupati-aceh-barat-surat-tak-mampu-tangani-bencana-syarat-dapat-bantuan-bnpb,"
Senin, 08 Des 2025 13:21 WIB "
Menilai Hadirnya Negara di Bencana Sumatera,https://news.detik.com/berita/d-8249025/menilai-hadirnya-negara-di-bencana-sumatera,"
Senin, 08 Des 2025 14:40 WIB "
"Tidak Disebut Bencana Nasional, Bukan Berarti Negara Abai",https://news.detik.com/kolom/d-8249100/tidak-disebut-bencana-nasional-bukan-berarti-negara-abai,"
Senin, 08 Des 2025 14:56 WIB "
1 Ruas Jalan Tol Tebing Tinggi-Medan Masih Rusak Usai Diterjang Banjir,https://news.detik.com/berita/d-8249178/1-ruas-jalan-tol-tebing-tinggi-medan-masih-rusak-usai-diterjang-banjir,"
Senin, 08 Des 2025 15:23 WIB "
Polresta Bogor Galang Donasi Bantu Korban Bencana di Aceh-Sumut-Sumbar,https://news.detik.com/berita/d-8249226/polresta-bogor-galang-donasi-bantu-korban-bencana-di-aceh-sumut-sumbar,"
Senin, 08 Des 2025 15:46 WIB "
Wamen PU Ungkap 2.058 Km Jalan Nasional Rusak Akibat Bencana Sumatera,https://news.detik.com/berita/d-8249228/wamen-pu-ungkap-2-058-km-jalan-nasional-rusak-akibat-bencana-sumatera,"
Senin, 08 Des 2025 15:47 WIB "
Wakapolri Cek 638 Personel hingga Kendaraan SAR untuk Dikirim ke Sumatera,https://news.detik.com/berita/d-8249355/wakapolri-cek-638-personel-hingga-kendaraan-sar-untuk-dikirim-ke-sumatera,"
Senin, 08 Des 2025 16:19 WIB "
Pengamat Puji Kakorlantas Luncurkan Layanan Darurat SBST Gratis untuk Korban Bencana,https://news.detik.com/berita/d-8249409/pengamat-puji-kakorlantas-luncurkan-layanan-darurat-sbst-gratis-untuk-korban-bencana,"
Senin, 08 Des 2025 16:39 WIB "
"Buka Jalan hingga Keruk Sungai, Kementerian PU Kebut Penanganan Agam",https://news.detik.com/berita/d-8249451/buka-jalan-hingga-keruk-sungai-kementerian-pu-kebut-penanganan-agam,"
Senin, 08 Des 2025 16:52 WIB "
"Pencarian Korban Galodo di Agam Berlanjut, 1 Jenazah Kembali Ditemukan",https://news.detik.com/berita/d-8249501/pencarian-korban-galodo-di-agam-berlanjut-1-jenazah-kembali-ditemukan,"
Senin, 08 Des 2025 17:15 WIB "
638 Personel Polri-Kendaraan SAR Diberangkatkan Bantu Bencana Sumatera,https://news.detik.com/berita/d-8249541/638-personel-polri-kendaraan-sar-diberangkatkan-bantu-bencana-sumatera,"
Senin, 08 Des 2025 17:36 WIB "
BNPB Update Data Korban Bencana Sumatera: 961 Orang Meninggal dan 293 Hilang,https://news.detik.com/berita/d-8249556/bnpb-update-data-korban-bencana-sumatera-961-orang-meninggal-dan-293-hilang,"
Senin, 08 Des 2025 17:42 WIB "
Titiek Minta 12 Perusahaan Diduga Penyebab Banjir Sumatera Diungkap ke Publik,https://news.detik.com/berita/d-8249577/titiek-minta-12-perusahaan-diduga-penyebab-banjir-sumatera-diungkap-ke-publik,"
Senin, 08 Des 2025 17:52 WIB "
Menteri PPPA: Kebutuhan Anak-Perempuan Korban Bencana Sumatera Mulai Terpenuhi,https://news.detik.com/berita/d-8249601/menteri-pppa-kebutuhan-anak-perempuan-korban-bencana-sumatera-mulai-terpenuhi,"
Senin, 08 Des 2025 17:59 WIB "
"Pengungsi Bencana Sumatera Tembus 1 Juta Jiwa, Distribusi Bantuan Dioptimalkan",https://news.detik.com/berita/d-8249658/pengungsi-bencana-sumatera-tembus-1-juta-jiwa-distribusi-bantuan-dioptimalkan,"
Senin, 08 Des 2025 18:14 WIB "
Danone Indonesia Perkuat Kolaborasi Bantu Korban Banjir di Sumatera,https://news.detik.com/berita/d-8249702/danone-indonesia-perkuat-kolaborasi-bantu-korban-banjir-di-sumatera,"
Senin, 08 Des 2025 18:42 WIB "
"Gandeng Pemda-Relawan, Kemensos Kirim Bantuan Tambahan ke Tapanuli Tengah",https://news.detik.com/berita/d-8249741/gandeng-pemda-relawan-kemensos-kirim-bantuan-tambahan-ke-tapanuli-tengah,"
Senin, 08 Des 2025 19:10 WIB "
"Basarnas: Operasi SAR Sumatera Jalan Terus, Disetop Jika Sudah Tak Efektif",https://news.detik.com/berita/d-8249745/basarnas-operasi-sar-sumatera-jalan-terus-disetop-jika-sudah-tak-efektif,"
Senin, 08 Des 2025 19:15 WIB "
Wamendagri Ribka Minta Pemda Perkuat Komitmen Pemenuhan Hak Asasi Manusia,https://news.detik.com/berita/d-8249750/wamendagri-ribka-minta-pemda-perkuat-komitmen-pemenuhan-hak-asasi-manusia,"
Senin, 08 Des 2025 19:36 WIB "
Hilangnya Kampung Kami,https://news.detik.com/x/detail/spotlight/20251208/Hilangnya-Kampung-Kami/,"
Senin, 08 Des 2025 19:36 WIB "
"Sejumlah Wilayah Diprediksi Banjir Rob saat Natal-Tahun Baru, Ini Daftarnya",https://news.detik.com/berita/d-8249779/sejumlah-wilayah-diprediksi-banjir-rob-saat-natal-tahun-baru-ini-daftarnya,"
Senin, 08 Des 2025 19:39 WIB "
Basarnas: Struktur Korban Bencana Sumatera Berubah Jadi Kendala Identifikasi,https://news.detik.com/berita/d-8249791/basarnas-struktur-korban-bencana-sumatera-berubah-jadi-kendala-identifikasi,"
Senin, 08 Des 2025 19:51 WIB "
"Komisi I DPR Berduka Banjir Sumatera, Usul Ada Kementerian Khusus Bencana",https://news.detik.com/berita/d-8249797/komisi-i-dpr-berduka-banjir-sumatera-usul-ada-kementerian-khusus-bencana,"
Senin, 08 Des 2025 19:54 WIB "
Eddy Soeparno Paparkan Strategi Manajemen Krisis Hadapi Perubahan Iklim,https://news.detik.com/berita/d-8249800/eddy-soeparno-paparkan-strategi-manajemen-krisis-hadapi-perubahan-iklim,"
Senin, 08 Des 2025 19:55 WIB "
Waka MPR Dorong Pemda Terapkan Kebijakan Belajar Fleksibel Pascabencana,https://news.detik.com/berita/d-8249808/waka-mpr-dorong-pemda-terapkan-kebijakan-belajar-fleksibel-pascabencana,"
Senin, 08 Des 2025 19:59 WIB "
Akpol Peduli Bencana Kirim Bantuan untuk Korban Banjir di Sumatera,https://news.detik.com/berita/d-8249851/akpol-peduli-bencana-kirim-bantuan-untuk-korban-banjir-di-sumatera,"
Senin, 08 Des 2025 20:32 WIB "
Polda Riau Kerahkan Drone Cari Personel yang Hilang di Padang Panjang,https://news.detik.com/melindungi-tuah-marwah/d-8249868/polda-riau-kerahkan-drone-cari-personel-yang-hilang-di-padang-panjang,"
Senin, 08 Des 2025 20:36 WIB "
Bareskrim Akan Periksa Perusahaan Buka Lahan di Aliran Sungai Garoga Sumut,https://news.detik.com/berita/d-8249933/bareskrim-akan-periksa-perusahaan-buka-lahan-di-aliran-sungai-garoga-sumut,"
Senin, 08 Des 2025 21:18 WIB "
Bareskrim Ungkap Ada Aktivitas Illegal Logging di Hulu Sungai Tamiang Aceh,https://news.detik.com/berita/d-8249958/bareskrim-ungkap-ada-aktivitas-illegal-logging-di-hulu-sungai-tamiang-aceh,"
Senin, 08 Des 2025 21:40 WIB "
"Tangis Haru Adik, Jasad Samsidar Korban Galodo di Agam Ditemukan",https://news.detik.com/berita/d-8249970/tangis-haru-adik-jasad-samsidar-korban-galodo-di-agam-ditemukan,"
Senin, 08 Des 2025 22:02 WIB "
"Viral Dugaan Ada Mayat di Mobil-mobil Tersapu Banjir Aceh Tamiang, Ini Faktanya",https://news.detik.com/berita/d-8250036/viral-dugaan-ada-mayat-di-mobil-mobil-tersapu-banjir-aceh-tamiang-ini-faktanya,"
Senin, 08 Des 2025 23:57 WIB "
"6 Jasad Korban Galodo Belum Teridentifikasi, Ada Bocah Berkaus 'Mbappe'",https://news.detik.com/berita/d-8250037/6-jasad-korban-galodo-belum-teridentifikasi-ada-bocah-berkaus-mbappe,"
Senin, 08 Des 2025 23:58 WIB "
Pemprov Sumbar Perpanjang Masa Tanggap Darurat Bencana Selama 14 Hari,https://news.detik.com/berita/d-8250078/pemprov-sumbar-perpanjang-masa-tanggap-darurat-bencana-selama-14-hari,"
Selasa, 09 Des 2025 04:59 WIB "
Bantuan Rp 60 Juta/Rumah Rusak Akibat Bencana Sumatera Disetujui Prabowo,https://news.detik.com/berita/d-8250092/bantuan-rp-60-juta-rumah-rusak-akibat-bencana-sumatera-disetujui-prabowo,"
Selasa, 09 Des 2025 06:04 WIB "
"Sejumlah Lokasi di Sumut Terisolasi, BNPB Ungkap Kondisi Warga",https://news.detik.com/berita/d-8250096/sejumlah-lokasi-di-sumut-terisolasi-bnpb-ungkap-kondisi-warga,"
Selasa, 09 Des 2025 06:18 WIB "
"Wamen LH Ungkap 4 Perusahaan Diduga Pemicu Banjir Sumatera Disegel, Ini Daftarnya",https://news.detik.com/berita/d-8250113/wamen-lh-ungkap-4-perusahaan-diduga-pemicu-banjir-sumatera-disegel-ini-daftarnya,"
Selasa, 09 Des 2025 06:47 WIB "
Bupati Aceh Selatan Minta Maaf Usai Umrah Tanpa Izin di Tengah Bencana,https://news.detik.com/berita/d-8250129/bupati-aceh-selatan-minta-maaf-usai-umrah-tanpa-izin-di-tengah-bencana,"
Selasa, 09 Des 2025 07:12 WIB "
Januari-Februari Jadi Puncak Musim Hujan Bengkulu-Jawa-Bali,https://news.detik.com/berita/d-8249935/januari-februari-jadi-puncak-musim-hujan-bengkulu-jawa-bali,"
Selasa, 09 Des 2025 07:58 WIB "
"Mudik Nataru, Komisi V DPR Minta Potensi Cuaca Ekstrem Diwaspadai",https://news.detik.com/berita/d-8250236/mudik-nataru-komisi-v-dpr-minta-potensi-cuaca-ekstrem-diwaspadai,"
Selasa, 09 Des 2025 08:56 WIB "
"Walkot Pekanbaru Serahkan Bantuan Rp 1,5 M ke Sumut, Disambut Wagub Surya",https://news.detik.com/berita/d-8250273/walkot-pekanbaru-serahkan-bantuan-rp-1-5-m-ke-sumut-disambut-wagub-surya,"
Selasa, 09 Des 2025 09:22 WIB "
Ketua DPD PDI Perjuangan Aceh Turun Langsung Kawal Aksi Tanggap Bencana,https://news.detik.com/berita/d-8250299/ketua-dpd-pdi-perjuangan-aceh-turun-langsung-kawal-aksi-tanggap-bencana,"
Selasa, 09 Des 2025 09:45 WIB "
Andre Rosiade Dukung Menteri PU Bikin Flyover Lembah Anai Sumbar,https://news.detik.com/berita/d-8250303/andre-rosiade-dukung-menteri-pu-bikin-flyover-lembah-anai-sumbar,"
Selasa, 09 Des 2025 09:46 WIB "
Bencana Sumatera dan Pentingnya Mengelola DAS Sebagai Rumah Kita Bersama,https://news.detik.com/kolom/d-8250310/bencana-sumatera-dan-pentingnya-mengelola-das-sebagai-rumah-kita-bersama,"
Selasa, 09 Des 2025 09:49 WIB "
"Lapor Presiden, Pertamina Fokus Distribusi BBM dan LPG Terisolir",https://news.detik.com/berita/d-8250328/lapor-presiden-pertamina-fokus-distribusi-bbm-dan-lpg-terisolir,"
Selasa, 09 Des 2025 10:03 WIB "
Pertamina Salurkan Air Bersih Siap Minum bagi Warga Aceh Tamiang,https://news.detik.com/berita/d-8250331/pertamina-salurkan-air-bersih-siap-minum-bagi-warga-aceh-tamiang,"
Selasa, 09 Des 2025 10:06 WIB "
"Didukung TNI-Polri, PLN Kebut Pemulihan Listrik Pascabencana di Sumut",https://news.detik.com/berita/d-8250341/didukung-tni-polri-pln-kebut-pemulihan-listrik-pascabencana-di-sumut,"
Selasa, 09 Des 2025 10:11 WIB "
Ketika Lingkungan Menyelamatkan Ekonomi Kita,https://news.detik.com/kolom/d-8250369/ketika-lingkungan-menyelamatkan-ekonomi-kita,"
Selasa, 09 Des 2025 10:34 WIB "
Andre Rosiade-Menteri PU Percepat Rekonstruksi Malalo-Sumpur Pascabencana,https://news.detik.com/berita/d-8250378/andre-rosiade-menteri-pu-percepat-rekonstruksi-malalo-sumpur-pascabencana,"
Selasa, 09 Des 2025 10:39 WIB "
Perlukah Status Bencana Nasional?,https://news.detik.com/kolom/d-8250406/perlukah-status-bencana-nasional,"
Selasa, 09 Des 2025 10:52 WIB "
"PBNU Gelar Rapat Pleno Malam Ini, Diawali Doa dan Donasi Peduli Sumatera",https://news.detik.com/berita/d-8250472/pbnu-gelar-rapat-pleno-malam-ini-diawali-doa-dan-donasi-peduli-sumatera,"
Selasa, 09 Des 2025 11:28 WIB "
Polisi Bikin Jembatan Darurat di Agam yang Sempat Terbawa Arus Sungai,https://news.detik.com/melindungi-tuah-marwah/d-8250487/polisi-bikin-jembatan-darurat-di-agam-yang-sempat-terbawa-arus-sungai,"
Selasa, 09 Des 2025 11:32 WIB "
"Temui Gubernur Aceh, Walkot Pekanbaru Serahkan Bantuan Kemanusiaan Rp 1,5 M",https://news.detik.com/berita/d-8250534/temui-gubernur-aceh-walkot-pekanbaru-serahkan-bantuan-kemanusiaan-rp-1-5-m,"
Selasa, 09 Des 2025 12:04 WIB "
Kemensos Dirikan Kamp Pengungsian di Tanah Merah Tapanuli Tengah,https://news.detik.com/berita/d-8250648/kemensos-dirikan-kamp-pengungsian-di-tanah-merah-tapanuli-tengah,"
Selasa, 09 Des 2025 12:52 WIB "
Puan Sebut Bantuan Pemerintah Masih Cukup Tangani Bencana di Sumatera,https://news.detik.com/berita/d-8250751/puan-sebut-bantuan-pemerintah-masih-cukup-tangani-bencana-di-sumatera,"
Selasa, 09 Des 2025 13:31 WIB "
Siti Fauziah Serukan Kepedulian pada Korban Bencana Alam,https://news.detik.com/berita/d-8250792/siti-fauziah-serukan-kepedulian-pada-korban-bencana-alam,"
Selasa, 09 Des 2025 13:50 WIB "
Menhan soal Mualem Libatkan Relawan China Cari Korban Banjir: Itu Personal,https://news.detik.com/berita/d-8250806/menhan-soal-mualem-libatkan-relawan-china-cari-korban-banjir-itu-personal,"
Selasa, 09 Des 2025 13:59 WIB "
"Bersih-bersih Rumah Warga Agam, Polda Riau-Sumbar Evakuasi 'Bangkai' Motor",https://news.detik.com/berita/d-8250859/bersih-bersih-rumah-warga-agam-polda-riau-sumbar-evakuasi-bangkai-motor,"
Selasa, 09 Des 2025 14:17 WIB "
"Andre Rosiade Ungkap Biaya Pemulihan Infrastruktur Sumbar Rp 13,52 T",https://news.detik.com/berita/d-8250921/andre-rosiade-ungkap-biaya-pemulihan-infrastruktur-sumbar-rp-13-52-t,"
Selasa, 09 Des 2025 14:39 WIB "
Cara BKSDA agar Gajah-gajah Tak Stres Saat Singkirkan Puing Banjir Bandang Aceh,https://news.detik.com/berita/d-8250922/cara-bksda-agar-gajah-gajah-tak-stres-saat-singkirkan-puing-banjir-bandang-aceh,"
Selasa, 09 Des 2025 14:40 WIB "
Ketua Komisi V DPR Kritik Penetapan Status Bencana di Minggu Pertama Lambat,https://news.detik.com/berita/d-8250950/ketua-komisi-v-dpr-kritik-penetapan-status-bencana-di-minggu-pertama-lambat,"
Selasa, 09 Des 2025 14:50 WIB "
Korban Banjir Sumatera Terima 20 Ton Bantuan yang Disalurkan CT ARSA,https://news.detik.com/berita/d-8250958/korban-banjir-sumatera-terima-20-ton-bantuan-yang-disalurkan-ct-arsa,"
Selasa, 09 Des 2025 14:54 WIB "
Jasa Marga Gerak Cepat Salurkan Bantuan untuk Korban Bencana Sumatera,https://news.detik.com/berita/d-8250988/jasa-marga-gerak-cepat-salurkan-bantuan-untuk-korban-bencana-sumatera,"
Selasa, 09 Des 2025 15:04 WIB "
Ahmad Luthfi Siap Tanggung Biaya Kos Mahasiswa Korban Bencana Sumatera,https://news.detik.com/bangun-indonesia/d-8251037/ahmad-luthfi-siap-tanggung-biaya-kos-mahasiswa-korban-bencana-sumatera,"
Selasa, 09 Des 2025 15:24 WIB "
Menhan Sebut RI Bisa Atasi Bencana Sumatera Sendiri: Beda Saat Hadapi Tsunami Dulu,https://news.detik.com/berita/d-8251096/menhan-sebut-ri-bisa-atasi-bencana-sumatera-sendiri-beda-saat-hadapi-tsunami-dulu,"
Selasa, 09 Des 2025 15:40 WIB "
Komisi V DPR Usul Dana MBG Tak Terserap Dialihkan untuk Bencana Sumatera,https://news.detik.com/berita/d-8251132/komisi-v-dpr-usul-dana-mbg-tak-terserap-dialihkan-untuk-bencana-sumatera,"
Selasa, 09 Des 2025 15:51 WIB "
Guru Antar Soal Ujian ke Siswa SD di Agam yang Terisolasi karena Bencana,https://news.detik.com/melindungi-tuah-marwah/d-8251134/guru-antar-soal-ujian-ke-siswa-sd-di-agam-yang-terisolasi-karena-bencana,"
Selasa, 09 Des 2025 15:52 WIB "
"Deforestasi, Banjir Bandang, dan 'Kapal Noah'",https://news.detik.com/kolom/d-8250370/deforestasi-banjir-bandang-dan-kapal-noah,"
Selasa, 09 Des 2025 16:30 WIB "
Brimob Polda Riau Evakuasi Jasad Wanita Korban Banjir Bandang di Agam,https://news.detik.com/berita/d-8251400/brimob-polda-riau-evakuasi-jasad-wanita-korban-banjir-bandang-di-agam,"
Selasa, 09 Des 2025 17:30 WIB "
PKS Respons Bahlil soal Dukungan 2029: Tak Elok Bahas Politik Saat Bencana,https://news.detik.com/berita/d-8251431/pks-respons-bahlil-soal-dukungan-2029-tak-elok-bahas-politik-saat-bencana,"
Selasa, 09 Des 2025 17:46 WIB "
Kemenhut: Gelondongan Kayu di Lampung Bukan Hanyut Akibat Banjir Sumatera,https://news.detik.com/berita/d-8251527/kemenhut-gelondongan-kayu-di-lampung-bukan-hanyut-akibat-banjir-sumatera,"
Selasa, 09 Des 2025 18:42 WIB "
"Kunjungan Kemanusiaan ke Sumut, Walkot Pekanbaru Serahkan Bantuan Rp 1,5 M",https://news.detik.com/berita/d-8251538/kunjungan-kemanusiaan-ke-sumut-walkot-pekanbaru-serahkan-bantuan-rp-1-5-m,"
Selasa, 09 Des 2025 18:48 WIB "
"Punya Inovasi Tanggap Bencana, BRIN Didorong Masifkan Sosialisasi",https://news.detik.com/berita/d-8251779/punya-inovasi-tanggap-bencana-brin-didorong-masifkan-sosialisasi,"
Selasa, 09 Des 2025 19:10 WIB "
"Korban Tewas Bencana Sumatera Bertambah Jadi 964 Orang, 264 Masih Hilang",https://news.detik.com/berita/d-8251651/korban-tewas-bencana-sumatera-bertambah-jadi-964-orang-264-masih-hilang,"
Selasa, 09 Des 2025 19:52 WIB "
Malapetaka Ekologis di Separuh Pulau Sumatera,https://news.detik.com/x/detail/spotlight/20251209/Malapetaka-Ekologis-di-Separuh-Pulau-Sumatera/,"
Selasa, 09 Des 2025 20:01 WIB "
"KAI Pulihkan Layanan di Sumut & Sumbar, Mobilitas Warga Kembali Lancar",https://news.detik.com/berita/d-8251682/kai-pulihkan-layanan-di-sumut-sumbar-mobilitas-warga-kembali-lancar,"
Selasa, 09 Des 2025 20:10 WIB "
Gus Ipul-Khofifah Hadiri Rapat Pleno PBNU di Jakpus Malam Ini,https://news.detik.com/berita/d-8251761/gus-ipul-khofifah-hadiri-rapat-pleno-pbnu-di-jakpus-malam-ini,"
Selasa, 09 Des 2025 20:55 WIB "
Golkar Sentil Legislator soal Banjir Sumatera: Jangan Cuma Hadir Saat Kampanye,https://news.detik.com/berita/d-8251783/golkar-sentil-legislator-soal-banjir-sumatera-jangan-cuma-hadir-saat-kampanye,"
Selasa, 09 Des 2025 21:11 WIB "
Legislator Puji Prabowo Bebaskan Utang KUR Petani Terdampak Bencana,https://news.detik.com/berita/d-8251805/legislator-puji-prabowo-bebaskan-utang-kur-petani-terdampak-bencana,"
Selasa, 09 Des 2025 21:37 WIB "
"PLN Kerja Nonstop 24 Jam, Pulihkan Listrik Sumut Pasca Banjir",https://news.detik.com/berita/d-8250440/pln-kerja-nonstop-24-jam-pulihkan-listrik-sumut-pasca-banjir,"
Selasa, 09 Des 2025 23:15 WIB "
Pemkab Padang Pariaman Perpanjang Masa Darurat Bencana hingga 13 Desember,https://news.detik.com/berita/d-8251983/pemkab-padang-pariaman-perpanjang-masa-darurat-bencana-hingga-13-desember,"
Rabu, 10 Des 2025 06:18 WIB "
Sanksi Pemberhentian Sementara bagi Bupati Aceh Selatan,https://news.detik.com/berita/d-8252058/sanksi-pemberhentian-sementara-bagi-bupati-aceh-selatan,"
Rabu, 10 Des 2025 08:07 WIB "
"Update Korban Bencana Aceh dan Sumatera: 967 Orang Tewas, 262 Masih Hilang",https://news.detik.com/berita/d-8252062/update-korban-bencana-aceh-dan-sumatera-967-orang-tewas-262-masih-hilang,"
Rabu, 10 Des 2025 08:12 WIB "
Mensos Sebut Kolaborasi Banyak Pihak Dorong Pemulihan di Sumatera,https://news.detik.com/berita/d-8252067/mensos-sebut-kolaborasi-banyak-pihak-dorong-pemulihan-di-sumatera,"
Rabu, 10 Des 2025 08:21 WIB "
Cerita Warga Aceh Tamiang Dayung Perahu 2 Jam di Tengah Malam Saat Banjir,https://news.detik.com/berita/d-8252081/cerita-warga-aceh-tamiang-dayung-perahu-2-jam-di-tengah-malam-saat-banjir,"
Rabu, 10 Des 2025 08:42 WIB "
"Kejar Target Perekaman Penduduk, Tito Minta Ditjen Dukcapil Lebih Agresif",https://news.detik.com/berita/d-8252191/kejar-target-perekaman-penduduk-tito-minta-ditjen-dukcapil-lebih-agresif,"
Rabu, 10 Des 2025 10:10 WIB "
Perjuangan Joris Arungi Banjir demi Selamatkan Istri yang Hamil di Agam,https://news.detik.com/berita/d-8252223/perjuangan-joris-arungi-banjir-demi-selamatkan-istri-yang-hamil-di-agam,"
Rabu, 10 Des 2025 10:29 WIB "
"Tak Ada DNA Cocok, 17 Korban Banjir Bandang Agam Akan Dimakamkan Massal",https://news.detik.com/berita/d-8252322/tak-ada-dna-cocok-17-korban-banjir-bandang-agam-akan-dimakamkan-massal,"
Rabu, 10 Des 2025 11:15 WIB "
"Cerita Agen BRILink di Agam: Duit Puluhan Juta Raib, Ruko Lenyap Tersapu Banjir",https://news.detik.com/berita/d-8252397/cerita-agen-brilink-di-agam-duit-puluhan-juta-raib-ruko-lenyap-tersapu-banjir,"
Rabu, 10 Des 2025 11:55 WIB "
Kasus Gelondongan Kayu Terbawa Banjir di Garoga-Anggoli Naik Penyidikan!,https://news.detik.com/berita/d-8252495/kasus-gelondongan-kayu-terbawa-banjir-di-garoga-anggoli-naik-penyidikan,"
Rabu, 10 Des 2025 12:53 WIB "
Dokter Polda Riau Keliling Beri Layanan Kesehatan Korban Bencana di Agam,https://news.detik.com/melindungi-tuah-marwah/d-8252525/dokter-polda-riau-keliling-beri-layanan-kesehatan-korban-bencana-di-agam,"
Rabu, 10 Des 2025 13:04 WIB "
Bareskrim Temukan 3 Alat Berat Terkait Kayu Gelondongan di Garoga-Anggoli,https://news.detik.com/berita/d-8252585/bareskrim-temukan-3-alat-berat-terkait-kayu-gelondongan-di-garoga-anggoli,"
Rabu, 10 Des 2025 13:23 WIB "
Gus Ipul Tegaskan Donasi Publik untuk Bencana Sumatera Tidak Dibatasi,https://news.detik.com/berita/d-8252584/gus-ipul-tegaskan-donasi-publik-untuk-bencana-sumatera-tidak-dibatasi,"
Rabu, 10 Des 2025 13:23 WIB "
Bareskrim Buru Perusak Hutan Terkait Gelondongan Kayu di Garoga-Anggoli,https://news.detik.com/berita/d-8252663/bareskrim-buru-perusak-hutan-terkait-gelondongan-kayu-di-garoga-anggoli,"
Rabu, 10 Des 2025 13:53 WIB "
"Di Tengah Bencana Sumatera, Polres Inhu Bongkar 300 Kubik Kayu Illegal Logging",https://news.detik.com/melindungi-tuah-marwah/d-8252793/di-tengah-bencana-sumatera-polres-inhu-bongkar-300-kubik-kayu-illegal-logging,"
Rabu, 10 Des 2025 14:55 WIB "
Seorang WN Malaysia Masih Hilang Akibat Bencana di Sumbar,https://news.detik.com/berita/d-8252874/seorang-wn-malaysia-masih-hilang-akibat-bencana-di-sumbar,"
Rabu, 10 Des 2025 15:47 WIB "
"Komisi IV DPR: Patungan Beli Hutan Niat Baik, Harusnya Pemerintah Evaluasi",https://news.detik.com/berita/d-8252930/komisi-iv-dpr-patungan-beli-hutan-niat-baik-harusnya-pemerintah-evaluasi,"
Rabu, 10 Des 2025 16:11 WIB "
"Banjir Hanyutkan Sertipikat? Nusron Wahid: Kami Akan Ganti, Tak Perlu Biaya",https://news.detik.com/berita/d-8252955/banjir-hanyutkan-sertipikat-nusron-wahid-kami-akan-ganti-tak-perlu-biaya,"
Rabu, 10 Des 2025 16:26 WIB "
Menyoal Regulasi dan Pengawasan Terhadap Deforestasi Alam di Sumatera,https://news.detik.com/kolom/d-8252324/menyoal-regulasi-dan-pengawasan-terhadap-deforestasi-alam-di-sumatera,"
Rabu, 10 Des 2025 16:30 WIB "
"969 Orang Tewas Akibat Bencana Sumatera, Terbanyak di Kabupaten Agam",https://news.detik.com/berita/d-8253005/969-orang-tewas-akibat-bencana-sumatera-terbanyak-di-kabupaten-agam,"
Rabu, 10 Des 2025 16:39 WIB "
Masa Tanggap Darurat Bencana di Sumut Diperpanjang hingga 24 Desember,https://news.detik.com/berita/d-8253057/masa-tanggap-darurat-bencana-di-sumut-diperpanjang-hingga-24-desember,"
Rabu, 10 Des 2025 16:57 WIB "
"Walkot Pekanbaru Temui Wagub Sumbar, Serahkan Bantuan Rp 1,5 Miliar",https://news.detik.com/berita/d-8253308/walkot-pekanbaru-temui-wagub-sumbar-serahkan-bantuan-rp-1-5-miliar,"
Rabu, 10 Des 2025 18:44 WIB "
Mensos Pastikan Penyaluran BLT Rp 900 ribu di Kantor Pos Tepat Sasaran,https://news.detik.com/berita/d-8253340/mensos-pastikan-penyaluran-blt-rp-900-ribu-di-kantor-pos-tepat-sasaran,"
Rabu, 10 Des 2025 19:05 WIB "
"Gus Ipul Awasi BLTS di Jatinegara, Ingatkan Warga Gunakan Secara Bijak",https://news.detik.com/berita/d-8253343/gus-ipul-awasi-blts-di-jatinegara-ingatkan-warga-gunakan-secara-bijak,"
Rabu, 10 Des 2025 19:05 WIB "
Putin Sampaikan Duka atas Bencana Sumatera Saat Bertemu Prabowo di Rusia,https://news.detik.com/berita/d-8253347/putin-sampaikan-duka-atas-bencana-sumatera-saat-bertemu-prabowo-di-rusia,"
Rabu, 10 Des 2025 19:10 WIB "
"Alfito Deannova Buka detikJabar Awards 2025, Sampaikan Duka untuk Sumatera",https://news.detik.com/berita/d-8253462/alfito-deannova-buka-detikjabar-awards-2025-sampaikan-duka-untuk-sumatera,"
Rabu, 10 Des 2025 20:29 WIB "
Mendagri Perintahkan Dukcapil Kirim Tim ke 3 Provinsi Terdampak Bencana,https://news.detik.com/berita/d-8253492/mendagri-perintahkan-dukcapil-kirim-tim-ke-3-provinsi-terdampak-bencana,"
Rabu, 10 Des 2025 20:49 WIB "
Waka MPR Dorong Pembangunan Sistem Peringatan Dini Bencana yang Tepat,https://news.detik.com/berita/d-8253500/waka-mpr-dorong-pembangunan-sistem-peringatan-dini-bencana-yang-tepat,"
Rabu, 10 Des 2025 20:53 WIB "
3 Pernyataan Bareskrim soal Perkara Kayu Gelondongan Naik Penyidikan,https://news.detik.com/berita/d-8253509/3-pernyataan-bareskrim-soal-perkara-kayu-gelondongan-naik-penyidikan,"
Rabu, 10 Des 2025 21:02 WIB "
Ketua FPG MPR RI Dorong Obligasi Daerah untuk Perkuat Kemandirian Fiskal,https://news.detik.com/berita/d-8253510/ketua-fpg-mpr-ri-dorong-obligasi-daerah-untuk-perkuat-kemandirian-fiskal,"
Rabu, 10 Des 2025 21:04 WIB "
Gus Ipul Jelaskan Pentingnya Izin Donasi Bencana untuk Jamin Kredibilitas,https://news.detik.com/berita/d-8253593/gus-ipul-jelaskan-pentingnya-izin-donasi-bencana-untuk-jamin-kredibilitas,"
Rabu, 10 Des 2025 22:10 WIB "
Kesaksian Polisi Saat Galodo Menghantam Agam Bak Ombak Lautan,https://news.detik.com/berita/d-8253625/kesaksian-polisi-saat-galodo-menghantam-agam-bak-ombak-lautan,"
Rabu, 10 Des 2025 22:38 WIB "
Momen Hangat Putin saat Sambut Prabowo: Kami Sangat Senang Bertemu Anda,https://news.detik.com/berita/d-8253714/momen-hangat-putin-saat-sambut-prabowo-kami-sangat-senang-bertemu-anda,"
Kamis, 11 Des 2025 00:17 WIB "
"Waketum PKB Kunjungi Pidie Jaya Aceh, Dorong Percepatan Hunian Sementara",https://news.detik.com/berita/d-8253724/waketum-pkb-kunjungi-pidie-jaya-aceh-dorong-percepatan-hunian-sementara,"
Kamis, 11 Des 2025 00:55 WIB "
Warga Aceh Keluhkan soal Sanitasi dan Air Bersih Pascabencana,https://news.detik.com/berita/d-8253730/warga-aceh-keluhkan-soal-sanitasi-dan-air-bersih-pascabencana,"
Kamis, 11 Des 2025 02:50 WIB "
Waka Komisi IV DPR Terima Keluhan Warga Sumbar Butuh Air Bersih-Sakit Gatal,https://news.detik.com/berita/d-8253731/waka-komisi-iv-dpr-terima-keluhan-warga-sumbar-butuh-air-bersih-sakit-gatal,"
Kamis, 11 Des 2025 03:38 WIB "
Aksi Polisi di Sumut Beri Servis-Cuci Motor Gratis Bagi Warga Terdampak Bencana,https://news.detik.com/berita/d-8253745/aksi-polisi-di-sumut-beri-servis-cuci-motor-gratis-bagi-warga-terdampak-bencana,"
Kamis, 11 Des 2025 05:16 WIB "
"Waspada Potensi Curah Hujan Tinggi sampai Januari 2026, Ini Daftar Wilayahnya",https://news.detik.com/berita/d-8253857/waspada-potensi-curah-hujan-tinggi-sampai-januari-2026-ini-daftar-wilayahnya,"
Kamis, 11 Des 2025 08:35 WIB "
Anggota DPR Kritik BKSDA Aceh Kerahkan Gajah Singkirkan Kayu Sisa Banjir,https://news.detik.com/berita/d-8253887/anggota-dpr-kritik-bksda-aceh-kerahkan-gajah-singkirkan-kayu-sisa-banjir,"
Kamis, 11 Des 2025 09:02 WIB "
Polri Siapkan Dapur Lapangan-Trauma Healing di Posko Pengungsian Aceh Tamiang,https://news.detik.com/berita/d-8253967/polri-siapkan-dapur-lapangan-trauma-healing-di-posko-pengungsian-aceh-tamiang,"
Kamis, 11 Des 2025 09:51 WIB "
Kapolri Tinjau Pembersihan SD hingga Masjid yang Terdampak Bencana di Aceh Tamiang,https://news.detik.com/berita/d-8254089/kapolri-tinjau-pembersihan-sd-hingga-masjid-yang-terdampak-bencana-di-aceh-tamiang,"
Kamis, 11 Des 2025 10:46 WIB "
Andra Soni-Dimyati Bakal Serahkan Langsung Bantuan Bencana Sumatera,https://news.detik.com/berita/d-8254096/andra-soni-dimyati-bakal-serahkan-langsung-bantuan-bencana-sumatera,"
Kamis, 11 Des 2025 10:52 WIB "
Gubernur Aceh Sebut Tim China Kewalahan Cari Korban Banjir karena Banyak Kayu,https://news.detik.com/berita/d-8254272/gubernur-aceh-sebut-tim-china-kewalahan-cari-korban-banjir-karena-banyak-kayu,"
Kamis, 11 Des 2025 12:24 WIB "
Polda Riau Kerahkan Alat Berat Ratakan Lumpur Pascabencana di Agam Sumbar,https://news.detik.com/melindungi-tuah-marwah/d-8254336/polda-riau-kerahkan-alat-berat-ratakan-lumpur-pascabencana-di-agam-sumbar,"
Kamis, 11 Des 2025 12:49 WIB "
"Ketum Bhayangkari Beri Bantuan di Pengungsian Aceh Tamiang, Hibur dan Kuatkan Korban",https://news.detik.com/berita/d-8254389/ketum-bhayangkari-beri-bantuan-di-pengungsian-aceh-tamiang-hibur-dan-kuatkan-korban,"
Kamis, 11 Des 2025 13:09 WIB "
"SPIKE Air Dome PIK 2, Ikon Baru Destinasi Event Internasional",https://news.detik.com/berita/d-8254404/spike-air-dome-pik-2-ikon-baru-destinasi-event-internasional,"
Kamis, 11 Des 2025 13:15 WIB "
Polisi Kawal Pemakaman Massal 24 Jenazah Korban Bencana Sumbar,https://news.detik.com/berita/d-8254505/polisi-kawal-pemakaman-massal-24-jenazah-korban-bencana-sumbar,"
Kamis, 11 Des 2025 13:56 WIB "
Ahli Geologi BRIN Ingatkan Risiko di Lahan Bekas Bencana Utara Sumatera,https://news.detik.com/berita/d-8254476/ahli-geologi-brin-ingatkan-risiko-di-lahan-bekas-bencana-utara-sumatera,"
Kamis, 11 Des 2025 14:39 WIB "
BAGUNA PDI Perjuangan DKI Jakarta Bangun Dapur Umum di Tapanuli Tengah Sumut,https://news.detik.com/berita/d-8254660/baguna-pdi-perjuangan-dki-jakarta-bangun-dapur-umum-di-tapanuli-tengah-sumut,"
Kamis, 11 Des 2025 14:54 WIB "
"Edukasi Lingkungan Meluas, 979 Sekolah Raih Penghargaan Adiwiyata dari KLH",https://news.detik.com/berita/d-8254699/edukasi-lingkungan-meluas-979-sekolah-raih-penghargaan-adiwiyata-dari-klh,"
Kamis, 11 Des 2025 15:11 WIB "
10 Jenazah Korban Galodo Tak Teridentifikasi Dimakamkan Massal di Agam,https://news.detik.com/berita/d-8254702/10-jenazah-korban-galodo-tak-teridentifikasi-dimakamkan-massal-di-agam,"
Kamis, 11 Des 2025 15:12 WIB "
"Mitigasi Dampak Siklon Tropis, Ini hal-hal yang Perlu Dipersiapkan",https://news.detik.com/berita/d-8254726/mitigasi-dampak-siklon-tropis-ini-hal-hal-yang-perlu-dipersiapkan,"
Kamis, 11 Des 2025 15:16 WIB "
Korban Tewas Bencana Aceh-Sumut-Sumbar Bertambah Jadi 986 Orang,https://news.detik.com/berita/d-8254847/korban-tewas-bencana-aceh-sumut-sumbar-bertambah-jadi-986-orang,"
Kamis, 11 Des 2025 16:07 WIB "
Kementerian PU Normalisasi Sungai hingga Perbaiki Jalan Usai Banjir Sumatera,https://news.detik.com/berita/d-8254883/kementerian-pu-normalisasi-sungai-hingga-perbaiki-jalan-usai-banjir-sumatera,"
Kamis, 11 Des 2025 16:19 WIB "
Kapolri Tinjau Posko Kesehatan dan Dapur Umum Pengungsian di Aceh Tengah,https://news.detik.com/berita/d-8254969/kapolri-tinjau-posko-kesehatan-dan-dapur-umum-pengungsian-di-aceh-tengah,"
Kamis, 11 Des 2025 16:46 WIB "
"Kapolri Tinjau Posko Pengungsian Aceh Tengah, Distribusikan Makanan dan Obat-obatan",https://news.detik.com/berita/d-8254985/kapolri-tinjau-posko-pengungsian-aceh-tengah-distribusikan-makanan-dan-obat-obatan,"
Kamis, 11 Des 2025 16:56 WIB "
"Rumah Korban Banjir di Aceh Dipenuhi Lumpur, Warga Butuh Penyedot",https://news.detik.com/berita/d-8255066/rumah-korban-banjir-di-aceh-dipenuhi-lumpur-warga-butuh-penyedot,"
Kamis, 11 Des 2025 17:27 WIB "
"Dorong Pemerataan Akses Pendidikan, Polygon Bikes Salurkan Sepeda di NTT",https://news.detik.com/berita/d-8255221/dorong-pemerataan-akses-pendidikan-polygon-bikes-salurkan-sepeda-di-ntt,"
Kamis, 11 Des 2025 18:17 WIB "
67 Orang Masih Hilang Imbas Banjir di Agam Sumbar,https://news.detik.com/berita/d-8255309/67-orang-masih-hilang-imbas-banjir-di-agam-sumbar,"
Kamis, 11 Des 2025 19:19 WIB "
Komisi VI DPR Minta Listrik di Wilayah Bencana Segera Dipulihkan 100%,https://news.detik.com/berita/d-8255414/komisi-vi-dpr-minta-listrik-di-wilayah-bencana-segera-dipulihkan-100,"
Kamis, 11 Des 2025 20:26 WIB "
"112 Ribu Rumah Terdampak Banjir Sumatera, Kerusakan Terbanyak di Aceh",https://news.detik.com/berita/d-8255449/112-ribu-rumah-terdampak-banjir-sumatera-kerusakan-terbanyak-di-aceh,"
Kamis, 11 Des 2025 20:55 WIB "
"Bertambah, Kemenhut Segel 11 Subjek Hukum Terduga Penyebab Banjir Sumatera",https://news.detik.com/berita/d-8255488/bertambah-kemenhut-segel-11-subjek-hukum-terduga-penyebab-banjir-sumatera,"
Kamis, 11 Des 2025 21:11 WIB "
'Bencana Sosial' di Bumi Bencana,https://news.detik.com/kolom/d-8255490/bencana-sosial-di-bumi-bencana,"
Kamis, 11 Des 2025 21:12 WIB "
Sisa Banjir Aceh Tamiang: Truk Bertumpuk-Rumah Bergeser ke Jalan,https://news.detik.com/berita/d-8255522/sisa-banjir-aceh-tamiang-truk-bertumpuk-rumah-bergeser-ke-jalan,"
Kamis, 11 Des 2025 21:46 WIB "
"Korban Meninggal Bencana di Agam Jadi 192 Orang, 72 Lainnya Hilang",https://news.detik.com/berita/d-8255525/korban-meninggal-bencana-di-agam-jadi-192-orang-72-lainnya-hilang,"
Kamis, 11 Des 2025 21:47 WIB "
Polda Riau 'Wariskan' Pohon di Agam Jelang Berakhirnya Misi Kemanusiaan,https://news.detik.com/melindungi-tuah-marwah/d-8255548/polda-riau-wariskan-pohon-di-agam-jelang-berakhirnya-misi-kemanusiaan,"
Kamis, 11 Des 2025 22:24 WIB "
"Kemensos Sumbang Rp 86,1 M Bantu Korban Bencana Sumatera",https://news.detik.com/berita/d-8255616/kemensos-sumbang-rp-86-1-m-bantu-korban-bencana-sumatera,"
Jumat, 12 Des 2025 02:50 WIB "
"Prabowo Tiba di Sumut Usai Lawatan ke Pakistan-Rusia, Bakal Tinjau Aceh",https://news.detik.com/berita/d-8255621/prabowo-tiba-di-sumut-usai-lawatan-ke-pakistan-rusia-bakal-tinjau-aceh,"
Jumat, 12 Des 2025 03:38 WIB "
Kepala BPJPH Serahkan Bantuan Rp 500 Juta untuk Korban Bencana di Aceh,https://news.detik.com/berita/d-8255706/kepala-bpjph-serahkan-bantuan-rp-500-juta-untuk-korban-bencana-di-aceh,"
Jumat, 12 Des 2025 07:52 WIB "
"Akhiri Misi Kemanusiaan, Polda Riau Gelar Doa Bersama Warga Agam",https://news.detik.com/berita/d-8255796/akhiri-misi-kemanusiaan-polda-riau-gelar-doa-bersama-warga-agam,"
Jumat, 12 Des 2025 09:07 WIB "
"Ketiga Kalinya, Prabowo Tinjau Lokasi Terdampak Banjir di Aceh Hari Ini",https://news.detik.com/berita/d-8255810/ketiga-kalinya-prabowo-tinjau-lokasi-terdampak-banjir-di-aceh-hari-ini,"
Jumat, 12 Des 2025 09:19 WIB "
Astra Salurkan Bantuan Penanganan Bencana untuk 3 Provinsi di Sumatera,https://news.detik.com/berita/d-8255816/astra-salurkan-bantuan-penanganan-bencana-untuk-3-provinsi-di-sumatera,"
Jumat, 12 Des 2025 09:24 WIB "
"Naik Helikopter, Prabowo Berangkat ke Aceh Tamiang Tinjau Posko Pengungsian",https://news.detik.com/berita/d-8255834/naik-helikopter-prabowo-berangkat-ke-aceh-tamiang-tinjau-posko-pengungsian,"
Jumat, 12 Des 2025 09:34 WIB "
"990 Orang Jadi Korban Tewas Bencana Sumatera, 222 Warga Masih Hilang",https://news.detik.com/berita/d-8255861/990-orang-jadi-korban-tewas-bencana-sumatera-222-warga-masih-hilang,"
Jumat, 12 Des 2025 09:52 WIB "
Kesedihan Warga Agam Berpisah dengan Polda Riau: Kampung Kami Terasa Sepi,https://news.detik.com/melindungi-tuah-marwah/d-8255910/kesedihan-warga-agam-berpisah-dengan-polda-riau-kampung-kami-terasa-sepi,"
Jumat, 12 Des 2025 10:20 WIB "
25 Tahun Desentralisasi dan Ujian Relevansi,https://news.detik.com/kolom/d-8255939/25-tahun-desentralisasi-dan-ujian-relevansi,"
Jumat, 12 Des 2025 10:34 WIB "
Kemenbud Beri Bantuan & Identifikasi Kerusakan Cagar Budaya di Sumbar,https://news.detik.com/berita/d-8255954/kemenbud-beri-bantuan-identifikasi-kerusakan-cagar-budaya-di-sumbar,"
Jumat, 12 Des 2025 10:38 WIB "
Kakorlantas Lepas Tim Kemanusiaan hingga Sembako untuk Korban Bencana Aceh-Sumatera,https://news.detik.com/berita/d-8255980/kakorlantas-lepas-tim-kemanusiaan-hingga-sembako-untuk-korban-bencana-aceh-sumatera,"
Jumat, 12 Des 2025 10:46 WIB "
Kakorlantas Kirim Tim Permudah Korban Bencana Aceh-Sumatera Urus SIM-STNK-BPKB,https://news.detik.com/berita/d-8256020/kakorlantas-kirim-tim-permudah-korban-bencana-aceh-sumatera-urus-sim-stnk-bpkb,"
Jumat, 12 Des 2025 11:06 WIB "
"Polda Riau Tuntaskan Misi Kemanusiaan, Polda Sumbar: Terima Kasih Dukungannya",https://news.detik.com/melindungi-tuah-marwah/d-8256127/polda-riau-tuntaskan-misi-kemanusiaan-polda-sumbar-terima-kasih-dukungannya,"
Jumat, 12 Des 2025 12:08 WIB "
Disrupsi Alam dan Kebutaan Akademik Kita,https://news.detik.com/kolom/d-8256170/disrupsi-alam-dan-kebutaan-akademik-kita,"
Jumat, 12 Des 2025 12:44 WIB "
Sekolah Rakyat di Padang Siap Fasilitasi Tempat Ujian Siswa Korban Banjir Agam,https://news.detik.com/berita/d-8256237/sekolah-rakyat-di-padang-siap-fasilitasi-tempat-ujian-siswa-korban-banjir-agam,"
Jumat, 12 Des 2025 13:14 WIB "
Prabowo di Aceh Tamiang: Kita Tak Boleh Tebang Pohon Sembarangan,https://news.detik.com/berita/d-8256241/prabowo-di-aceh-tamiang-kita-tak-boleh-tebang-pohon-sembarangan,"
Jumat, 12 Des 2025 13:16 WIB "
PKB Desak Sanksi Pidana Perusahaan Penyebab Banjir di Sumatera,https://news.detik.com/berita/d-8256300/pkb-desak-sanksi-pidana-perusahaan-penyebab-banjir-di-sumatera,"
Jumat, 12 Des 2025 13:36 WIB "
"JAPFA Distribusikan Bantuan untuk Korban Banjir di Aceh, Sumut, & Sumbar",https://news.detik.com/berita/d-8256403/japfa-distribusikan-bantuan-untuk-korban-banjir-di-aceh-sumut-sumbar,"
Jumat, 12 Des 2025 14:18 WIB "
Malaysia Beri Bantuan RM 500 ke Pelajar Asal RI Terdampak Bencana Sumatera,https://news.detik.com/internasional/d-8256522/malaysia-beri-bantuan-rm-500-ke-pelajar-asal-ri-terdampak-bencana-sumatera,"
Jumat, 12 Des 2025 15:03 WIB "
"Tinjau Dapur Umum di Aceh Tamiang, Gus Ipul Beri Semangat Para Relawan",https://news.detik.com/berita/d-8256555/tinjau-dapur-umum-di-aceh-tamiang-gus-ipul-beri-semangat-para-relawan,"
Jumat, 12 Des 2025 15:15 WIB "
Komisi V DPR Dorong Penanganan Kebutuhan Mendesak Korban Bencana Sumbar,https://news.detik.com/berita/d-8256513/komisi-v-dpr-dorong-penanganan-kebutuhan-mendesak-korban-bencana-sumbar,"
Jumat, 12 Des 2025 15:30 WIB "
PELNI Berangkatkan 15 Kontainer Bantuan untuk Korban Banjir Sumatera,https://news.detik.com/berita/d-8256626/pelni-berangkatkan-15-kontainer-bantuan-untuk-korban-banjir-sumatera,"
Jumat, 12 Des 2025 15:34 WIB "
Komisi V DPR: Jangan Denial Peringatan Bibit Siklon Tropis 93S dari BMKG,https://news.detik.com/berita/d-8256745/komisi-v-dpr-jangan-denial-peringatan-bibit-siklon-tropis-93s-dari-bmkg,"
Jumat, 12 Des 2025 16:30 WIB "
Kakorlantas Fokus Kawal Harkamtibmas dan Kamseltibcarlantas di Operasi Lilin 2025,https://news.detik.com/berita/d-8256752/kakorlantas-fokus-kawal-harkamtibmas-dan-kamseltibcarlantas-di-operasi-lilin-2025,"
Jumat, 12 Des 2025 16:33 WIB "
Dukcapil Bantu Cetak Ulang Dokumen-Identifikasi Korban di Sumatera-Aceh,https://news.detik.com/berita/d-8256791/dukcapil-bantu-cetak-ulang-dokumen-identifikasi-korban-di-sumatera-aceh,"
Jumat, 12 Des 2025 16:49 WIB "
"Telepon Bobby, Wagub Banten Sampaikan Bantuan Warga Rp 1 M untuk Sumut",https://news.detik.com/berita/d-8256790/telepon-bobby-wagub-banten-sampaikan-bantuan-warga-rp-1-m-untuk-sumut,"
Jumat, 12 Des 2025 16:49 WIB "
Kemendagri Minta Pemulihan Layanan Adminduk Daerah Bencana Dipercepat,https://news.detik.com/berita/d-8256894/kemendagri-minta-pemulihan-layanan-adminduk-daerah-bencana-dipercepat,"
Jumat, 12 Des 2025 17:31 WIB "
Andre Rosiade Pastikan APBN untuk Pemulihan Jalan-Jembatan Batu Busuk Pauh Padang,https://news.detik.com/berita/d-8256913/andre-rosiade-pastikan-apbn-untuk-pemulihan-jalan-jembatan-batu-busuk-pauh-padang,"
Jumat, 12 Des 2025 17:36 WIB "
"Bibit Siklon 91S dan 93S Terpantau Muncul, Ini Imbauan BNPB",https://news.detik.com/berita/d-8256981/bibit-siklon-91s-dan-93s-terpantau-muncul-ini-imbauan-bnpb,"
Jumat, 12 Des 2025 18:09 WIB "
Bamsoet Ajak Para Konglomerat & Pengusaha KADIN Ikut Bantu Korban Bencana,https://news.detik.com/berita/d-8257088/bamsoet-ajak-para-konglomerat-pengusaha-kadin-ikut-bantu-korban-bencana,"
Jumat, 12 Des 2025 18:57 WIB "
Momen Haru Perpisahan Tim Trauma Healing Polda Riau dengan Anak-anak Agam,https://news.detik.com/berita/d-8257108/momen-haru-perpisahan-tim-trauma-healing-polda-riau-dengan-anak-anak-agam,"
Jumat, 12 Des 2025 19:05 WIB "
Kemensos Kirim Bantuan Tambahan untuk Pengungsi di Aceh dan Sumbar,https://news.detik.com/berita/d-8257281/kemensos-kirim-bantuan-tambahan-untuk-pengungsi-di-aceh-dan-sumbar,"
Jumat, 12 Des 2025 21:00 WIB "
Wanti-wanti dari Senayan Agar Bibit Siklon Tropis Tak Dianggap Remeh,https://news.detik.com/berita/d-8257302/wanti-wanti-dari-senayan-agar-bibit-siklon-tropis-tak-dianggap-remeh,"
Jumat, 12 Des 2025 21:15 WIB "
Pemprov Sumsel Tetapkan Status Siaga Bencana Hadapi Potensi Banjir-Longsor,https://news.detik.com/berita/d-8257356/pemprov-sumsel-tetapkan-status-siaga-bencana-hadapi-potensi-banjir-longsor,"
Jumat, 12 Des 2025 21:44 WIB "
Harapan Korban Aceh Tamiang ke Prabowo: Semoga Kami Tetap Diperhatikan,https://news.detik.com/berita/d-8257357/harapan-korban-aceh-tamiang-ke-prabowo-semoga-kami-tetap-diperhatikan,"
Jumat, 12 Des 2025 21:44 WIB "
"Misi Kemanusiaan di Sumbar Tuntas, Kapolda Riau Apresiasi Dedikasi Personel",https://news.detik.com/melindungi-tuah-marwah/d-8257360/misi-kemanusiaan-di-sumbar-tuntas-kapolda-riau-apresiasi-dedikasi-personel,"
Jumat, 12 Des 2025 21:47 WIB "
"Kunjungi Padang, Gubernur Banten Serahkan Bantuan ke Gubernur Sumbar",https://news.detik.com/berita/d-8257377/kunjungi-padang-gubernur-banten-serahkan-bantuan-ke-gubernur-sumbar,"
Jumat, 12 Des 2025 22:01 WIB "
"ESDM, SKK Migas, & KKKS Salurkan Bantuan untuk Korban Banjir di Sumatera",https://news.detik.com/berita/d-8257384/esdm-skk-migas-kkks-salurkan-bantuan-untuk-korban-banjir-di-sumatera,"
Jumat, 12 Des 2025 22:09 WIB "
Dari 'Dana Tanggap Darurat' ke Arsitektur Pembiayaan Risiko Iklim,https://news.detik.com/kolom/d-8256942/dari-dana-tanggap-darurat-ke-arsitektur-pembiayaan-risiko-iklim,"
Sabtu, 13 Des 2025 10:02 WIB "
30 Ton Bantuan Berangkat ke Sumatera-Aceh via 2 Pesawat Armada Kemanusiaan,https://news.detik.com/berita/d-8257706/30-ton-bantuan-berangkat-ke-sumatera-aceh-via-2-pesawat-armada-kemanusiaan,"
Sabtu, 13 Des 2025 10:57 WIB "
Andre Rosiade Dukung Pembangunan Jembatan Gunung Nago dengan Dana Pusat,https://news.detik.com/berita/d-8257713/andre-rosiade-dukung-pembangunan-jembatan-gunung-nago-dengan-dana-pusat,"
Sabtu, 13 Des 2025 11:03 WIB "
"Artha Graha Bantu Penanganan Banjir Aceh Tamiang, Kirim Logistik-Tim Medis",https://news.detik.com/berita/d-8257720/artha-graha-bantu-penanganan-banjir-aceh-tamiang-kirim-logistik-tim-medis,"
Sabtu, 13 Des 2025 11:07 WIB "
"Merawat Warisan Djuanda: Antara Pengawasan, Pemberdayaan, dan Krisis",https://news.detik.com/kolom/d-8257854/merawat-warisan-djuanda-antara-pengawasan-pemberdayaan-dan-krisis,"
Sabtu, 13 Des 2025 12:55 WIB "
Prabowo Janji Penuhi Pasokan Air Minum-Perbaiki Tanggul ke Pengungsi Sumut,https://news.detik.com/berita/d-8257866/prabowo-janji-penuhi-pasokan-air-minum-perbaiki-tanggul-ke-pengungsi-sumut,"
Sabtu, 13 Des 2025 13:10 WIB "
Prabowo Ungkap Kendala Listrik di Wilayah Bencana: Tak Secepat Diharapkan,https://news.detik.com/berita/d-8257951/prabowo-ungkap-kendala-listrik-di-wilayah-bencana-tak-secepat-diharapkan,"
Sabtu, 13 Des 2025 14:28 WIB "
Polres Pelalawan Kirim Bantuan Sembako ke Korban Bencana di Solok Sumbar,https://news.detik.com/melindungi-tuah-marwah/d-8257964/polres-pelalawan-kirim-bantuan-sembako-ke-korban-bencana-di-solok-sumbar,"
Sabtu, 13 Des 2025 14:45 WIB "
Polri dan WWF Kirim Puluhan Ton Logistik untuk Korban Bencana di Aceh,https://news.detik.com/berita/d-8258140/polri-dan-wwf-kirim-puluhan-ton-logistik-untuk-korban-bencana-di-aceh,"
Sabtu, 13 Des 2025 16:35 WIB "
Ketua MPR Salurkan 5 Ribu Paket Bantuan untuk Korban Bencana di Aceh,https://news.detik.com/berita/d-8258152/ketua-mpr-salurkan-5-ribu-paket-bantuan-untuk-korban-bencana-di-aceh,"
Sabtu, 13 Des 2025 16:39 WIB "
Andre Rosiade Kunjungi Pengungsi Korban Bencana di Rusus Nelayan Padang,https://news.detik.com/berita/d-8258165/andre-rosiade-kunjungi-pengungsi-korban-bencana-di-rusus-nelayan-padang,"
Sabtu, 13 Des 2025 16:54 WIB "
Ahmad Muzani Salurkan Bantuan untuk Korban Bencana Alam di Aceh,https://news.detik.com/berita/d-8258174/ahmad-muzani-salurkan-bantuan-untuk-korban-bencana-alam-di-aceh,"
Sabtu, 13 Des 2025 17:11 WIB "
"Prabowo Tinjau Pengungsian MAN 1 Langkat, Pastikan Kebutuhan Terpenuhi",https://news.detik.com/berita/d-8258269/prabowo-tinjau-pengungsian-man-1-langkat-pastikan-kebutuhan-terpenuhi,"
Sabtu, 13 Des 2025 18:23 WIB "
"Korban Tewas Bencana Sumatera Capai 1.006 Orang, 217 Masih Hilang",https://news.detik.com/berita/d-8258300/korban-tewas-bencana-sumatera-capai-1-006-orang-217-masih-hilang,"
Sabtu, 13 Des 2025 18:49 WIB "
"Begini Progres Pembangunan Jembatan di Aceh, Sumut dan Sumbar Pascabencana",https://news.detik.com/berita/d-8258391/begini-progres-pembangunan-jembatan-di-aceh-sumut-dan-sumbar-pascabencana,"
Sabtu, 13 Des 2025 20:37 WIB "
Andre Rosiade Dampingi Ahmad Muzani Kunjungi Korban Banjir Bandang di Padang,https://news.detik.com/berita/d-8258415/andre-rosiade-dampingi-ahmad-muzani-kunjungi-korban-banjir-bandang-di-padang,"
Sabtu, 13 Des 2025 20:53 WIB "
Mendagri Dampingi Prabowo Tinjau Pengungsi Banjir Langkat,https://news.detik.com/berita/d-8258468/mendagri-dampingi-prabowo-tinjau-pengungsi-banjir-langkat,"
Sabtu, 13 Des 2025 21:57 WIB "
Kemensos-Filantropi Kolaborasi Salurkan Logistik bagi Korban Banjir Sumatera,https://news.detik.com/berita/d-8258496/kemensos-filantropi-kolaborasi-salurkan-logistik-bagi-korban-banjir-sumatera,"
Sabtu, 13 Des 2025 22:23 WIB "
Bangkai Orangutan Tapanuli Ditemukan di Tumpukan Kayu Banjir di Tapteng,https://news.detik.com/berita/d-8258548/bangkai-orangutan-tapanuli-ditemukan-di-tumpukan-kayu-banjir-di-tapteng,"
Sabtu, 13 Des 2025 23:11 WIB "
Polri Terus Tangani Bencana Aceh-Sumatera: Bangun Jembatan Darurat- Sumur Bor,https://news.detik.com/berita/d-8258575/polri-terus-tangani-bencana-aceh-sumatera-bangun-jembatan-darurat-sumur-bor,"
Minggu, 14 Des 2025 00:21 WIB "
Pemerintah Dinilai Perlu Beri Insentif Khusus ke Guru Korban Bencana Sumatera,https://news.detik.com/berita/d-8258606/pemerintah-dinilai-perlu-beri-insentif-khusus-ke-guru-korban-bencana-sumatera,"
Minggu, 14 Des 2025 06:31 WIB "
Janji Prabowo di Sumatera ke Para Pengungsi Korban Bencana,https://news.detik.com/berita/d-8258686/janji-prabowo-di-sumatera-ke-para-pengungsi-korban-bencana,"
Minggu, 14 Des 2025 08:16 WIB "
"Megawati Nonton Final Soekarno Cup, Beri Pesan Ini untuk Sepakbola",https://news.detik.com/berita/d-8258744/megawati-nonton-final-soekarno-cup-beri-pesan-ini-untuk-sepakbola,"
Minggu, 14 Des 2025 09:02 WIB "
"Polri Bantu Korban Bencana Sumbar: Pulihkan Jembatan, Akses Listrik hingga Air",https://news.detik.com/berita/d-8258778/polri-bantu-korban-bencana-sumbar-pulihkan-jembatan-akses-listrik-hingga-air,"
Minggu, 14 Des 2025 09:39 WIB "
"Banjir Bisa Surut, Tapi Karbon Tinggal Selamanya",https://news.detik.com/kolom/d-8256949/banjir-bisa-surut-tapi-karbon-tinggal-selamanya,"
Minggu, 14 Des 2025 10:02 WIB "
Ketua MPR Puji Prabowo Beri Perhatian dalam Penanganan Bencana di Sumatera,https://news.detik.com/berita/d-8258979/ketua-mpr-puji-prabowo-beri-perhatian-dalam-penanganan-bencana-di-sumatera,"
Minggu, 14 Des 2025 12:00 WIB "
Dinkes Agam Selidiki Dugaan 11 Korban Banjir Bandang Keracunan di Pengungsian,https://news.detik.com/berita/d-8259022/dinkes-agam-selidiki-dugaan-11-korban-banjir-bandang-keracunan-di-pengungsian,"
Minggu, 14 Des 2025 12:45 WIB "
Walhi Kritik Gubernur Sumbar soal Bencana: Jangan Cuci Tangan,https://news.detik.com/berita/d-8259099/walhi-kritik-gubernur-sumbar-soal-bencana-jangan-cuci-tangan,"
Minggu, 14 Des 2025 13:53 WIB "
Saluak dan Selendang Tanda Kasih Warga Agam untuk Kapolda Riau,https://news.detik.com/melindungi-tuah-marwah/d-8259159/saluak-dan-selendang-tanda-kasih-warga-agam-untuk-kapolda-riau,"
Minggu, 14 Des 2025 15:02 WIB "
Andre Rosiade Tampung Harapan Korban Banjir Agam Sumbar Soal Relokasi,https://news.detik.com/berita/d-8259260/andre-rosiade-tampung-harapan-korban-banjir-agam-sumbar-soal-relokasi,"
Minggu, 14 Des 2025 16:21 WIB "
Pemprov Sumbar Respons Kritik Walhi soal Cuci Tangan Penyebab Bencana,https://news.detik.com/berita/d-8259385/pemprov-sumbar-respons-kritik-walhi-soal-cuci-tangan-penyebab-bencana,"
Minggu, 14 Des 2025 17:39 WIB "
"Korban Meninggal Bencana Sumatera Jadi 1.016 Orang, 212 Masih Hilang",https://news.detik.com/berita/d-8259386/korban-meninggal-bencana-sumatera-jadi-1-016-orang-212-masih-hilang,"
Minggu, 14 Des 2025 17:41 WIB "
Andre Rosiade Bawa Bantuan 2.000 Paket Sembako dan Alat Berat ke Maninjau,https://news.detik.com/berita/d-8259451/andre-rosiade-bawa-bantuan-2-000-paket-sembako-dan-alat-berat-ke-maninjau,"
Minggu, 14 Des 2025 18:05 WIB "
HS Gandeng Slank Salurkan Bantuan untuk Mahasiswa Sumatera di Semarang,https://news.detik.com/berita/d-8259546/hs-gandeng-slank-salurkan-bantuan-untuk-mahasiswa-sumatera-di-semarang,"
Minggu, 14 Des 2025 19:16 WIB "
BNPB Fokuskan Pencarian Korban Bencana Aceh-Sumatera di 13 Titik,https://news.detik.com/berita/d-8259560/bnpb-fokuskan-pencarian-korban-bencana-aceh-sumatera-di-13-titik,"
Minggu, 14 Des 2025 19:34 WIB "
Daftar Lokasi di Aceh-Sumbar-Sumut yang Masih Sulit Diakses Imbas Bencana,https://news.detik.com/berita/d-8259597/daftar-lokasi-di-aceh-sumbar-sumut-yang-masih-sulit-diakses-imbas-bencana,"
Minggu, 14 Des 2025 19:54 WIB "
"Gubsu Bobby Lepas Sambut Pangdam I/BB, Tekankan Soliditas Atasi Bencana",https://news.detik.com/berita/d-8259658/gubsu-bobby-lepas-sambut-pangdam-i-bb-tekankan-soliditas-atasi-bencana,"
Minggu, 14 Des 2025 20:40 WIB "
"Tembus Jalur Rusak, Andre Rosiade Antar 3.000 Sembako ke Matur Agam",https://news.detik.com/berita/d-8259669/tembus-jalur-rusak-andre-rosiade-antar-3-000-sembako-ke-matur-agam,"
Minggu, 14 Des 2025 20:56 WIB "
BNPB Ungkap Ada Jasad dari Pemakaman Masuk Data Korban Tewas Bencana Sumatera,https://news.detik.com/berita/d-8259752/bnpb-ungkap-ada-jasad-dari-pemakaman-masuk-data-korban-tewas-bencana-sumatera,"
Minggu, 14 Des 2025 23:03 WIB "
"Prabowo Minta Tak Tebang Pohon Sembarangan, PKB Dorong Polhut Diperkuat",https://news.detik.com/berita/d-8259800/prabowo-minta-tak-tebang-pohon-sembarangan-pkb-dorong-polhut-diperkuat,"
Senin, 15 Des 2025 05:33 WIB "
"Prabowo Minta Tak Tebang Pohon Sembarangan, Komisi IV Ungkit Revisi UU",https://news.detik.com/berita/d-8259815/prabowo-minta-tak-tebang-pohon-sembarangan-komisi-iv-ungkit-revisi-uu,"
Senin, 15 Des 2025 07:02 WIB "
13 Titik Jadi Fokus Pencarian Korban Bencana Aceh-Sumatera,https://news.detik.com/berita/d-8259684/13-titik-jadi-fokus-pencarian-korban-bencana-aceh-sumatera,"
Senin, 15 Des 2025 07:58 WIB "
"WWF Indonesia dan Polri Terbangkan 22,5 Ton Bantuan untuk Korban Banjir Aceh",https://news.detik.com/berita/d-8259867/wwf-indonesia-dan-polri-terbangkan-22-5-ton-bantuan-untuk-korban-banjir-aceh,"
Senin, 15 Des 2025 07:59 WIB "
Bareskrim Periksa 17 Orang di Kasus Gelondongan Bencana Sumatera,https://news.detik.com/berita/d-8259875/bareskrim-periksa-17-orang-di-kasus-gelondongan-bencana-sumatera,"
Senin, 15 Des 2025 08:08 WIB "
"Pengungsi di Agam Diduga Keracunan, Komisi IX DPR Minta Kemenkes Bergerak",https://news.detik.com/berita/d-8259928/pengungsi-di-agam-diduga-keracunan-komisi-ix-dpr-minta-kemenkes-bergerak,"
Senin, 15 Des 2025 08:44 WIB "
Andre Rosiade Antar 500 Nasi Bungkus ke Korban Banjir Bandang Pauh Padang,https://news.detik.com/berita/d-8259931/andre-rosiade-antar-500-nasi-bungkus-ke-korban-banjir-bandang-pauh-padang,"
Senin, 15 Des 2025 08:47 WIB "
Pertamina Umumkan 25 Pemenang Nasional Anugerah Jurnalistik Pertamina 2025,https://news.detik.com/berita/d-8259939/pertamina-umumkan-25-pemenang-nasional-anugerah-jurnalistik-pertamina-2025,"
Senin, 15 Des 2025 08:55 WIB "
Danrem Lilawangsa Bantah Tudingan Prajurit TNI Rampas Bantuan Bencana,https://news.detik.com/berita/d-8259941/danrem-lilawangsa-bantah-tudingan-prajurit-tni-rampas-bantuan-bencana,"
Senin, 15 Des 2025 08:57 WIB "
Zulhas Tinjau Lahan Pertanian Terdampak Banjir di Pidie Jaya Aceh,https://news.detik.com/berita/d-8259964/zulhas-tinjau-lahan-pertanian-terdampak-banjir-di-pidie-jaya-aceh,"
Senin, 15 Des 2025 09:13 WIB "
UEA Beri Bantuan 30 Ton Beras untuk Korban Banjir ke Pemkot Medan,https://news.detik.com/berita/d-8260006/uea-beri-bantuan-30-ton-beras-untuk-korban-banjir-ke-pemkot-medan,"
Senin, 15 Des 2025 09:46 WIB "
Melawan Korupsi Transisi Energi!,https://news.detik.com/kolom/d-8260010/melawan-korupsi-transisi-energi,"
Senin, 15 Des 2025 09:49 WIB "
"Pencarian Berakhir, Polda Riau Beri Penghormatan Terakhir untuk Ipda Angga",https://news.detik.com/berita/d-8260090/pencarian-berakhir-polda-riau-beri-penghormatan-terakhir-untuk-ipda-angga,"
Senin, 15 Des 2025 10:27 WIB "
"Percepat Bantuan, Cak Imin Resmikan Kembali Rute Kualanamu-Rembele",https://news.detik.com/berita/d-8260130/percepat-bantuan-cak-imin-resmikan-kembali-rute-kualanamu-rembele,"
Senin, 15 Des 2025 10:44 WIB "
"1.022 Orang Tewas Akibat Bencana Sumatera, Korban Terbanyak di Aceh",https://news.detik.com/berita/d-8260332/1-022-orang-tewas-akibat-bencana-sumatera-korban-terbanyak-di-aceh,"
Senin, 15 Des 2025 12:18 WIB "
Pemprov Lampung Perkuat Mitigasi Hadapi Potensi Bencana Hidrometeorologi,https://news.detik.com/berita/d-8260352/pemprov-lampung-perkuat-mitigasi-hadapi-potensi-bencana-hidrometeorologi,"
Senin, 15 Des 2025 12:45 WIB "
"Link dan Cara Cek Informasi Cuaca Natal-Tahun Baru, Resmi BMKG!",https://news.detik.com/berita/d-8260400/link-dan-cara-cek-informasi-cuaca-natal-tahun-baru-resmi-bmkg,"
Senin, 15 Des 2025 13:04 WIB "
Ditjen Dukcapil Layani Adminduk Darurat Korban Banjir di Padang Pariaman,https://news.detik.com/berita/d-8260486/ditjen-dukcapil-layani-adminduk-darurat-korban-banjir-di-padang-pariaman,"
Senin, 15 Des 2025 13:38 WIB "
Lapas Sibolga Bagikan Air Bersih-Ratusan Porsi Nasgor ke Korban Banjir,https://news.detik.com/berita/d-8260492/lapas-sibolga-bagikan-air-bersih-ratusan-porsi-nasgor-ke-korban-banjir,"
Senin, 15 Des 2025 13:41 WIB "
Ulama Aceh Minta Prabowo Tetapkan Bencana Sumatera sebagai Bencana Nasional,https://news.detik.com/berita/d-8260535/ulama-aceh-minta-prabowo-tetapkan-bencana-sumatera-sebagai-bencana-nasional,"
Senin, 15 Des 2025 13:59 WIB "
BMKG Sumbar Sudah Rilis Peringatan Dini 21 November Sebelum Banjir-Longsor,https://news.detik.com/berita/d-8260536/bmkg-sumbar-sudah-rilis-peringatan-dini-21-november-sebelum-banjir-longsor,"
Senin, 15 Des 2025 14:00 WIB "
Niat Prabowo Perangi Pembalakan Liar di Sumatera,https://news.detik.com/berita/d-8260534/niat-prabowo-perangi-pembalakan-liar-di-sumatera,"
Senin, 15 Des 2025 14:38 WIB "
"2 MPP di Aceh Terdampak Bencana, MenPAN-RB Pastikan Layanan Publik Berjalan",https://news.detik.com/berita/d-8260645/2-mpp-di-aceh-terdampak-bencana-menpan-rb-pastikan-layanan-publik-berjalan,"
Senin, 15 Des 2025 14:49 WIB "
"Satgas PKH Dalami Perusahaan Penyebab Bencana Sumatera, Akan Proses Pidana",https://news.detik.com/berita/d-8260754/satgas-pkh-dalami-perusahaan-penyebab-bencana-sumatera-akan-proses-pidana,"
Senin, 15 Des 2025 15:27 WIB "
Andre Rosiade Resmikan Jembatan Bailey dan Salurkan Bantuan Sembako di Solok,https://news.detik.com/berita/d-8260825/andre-rosiade-resmikan-jembatan-bailey-dan-salurkan-bantuan-sembako-di-solok,"
Senin, 15 Des 2025 15:56 WIB "
Prabowo Akan Tinjau Daerah Bencana Sumatera Seminggu Sekali,https://news.detik.com/berita/d-8260847/prabowo-akan-tinjau-daerah-bencana-sumatera-seminggu-sekali,"
Senin, 15 Des 2025 16:00 WIB "
"Sidang Kabinet soal Bencana Sumatera, Prabowo Singgung Climate Change",https://news.detik.com/berita/d-8260862/sidang-kabinet-soal-bencana-sumatera-prabowo-singgung-climate-change,"
Senin, 15 Des 2025 16:06 WIB "
Satgas PKH Bakal Bebankan Pemulihan Dampak Bencana ke Perusak Lingkungan,https://news.detik.com/berita/d-8260868/satgas-pkh-bakal-bebankan-pemulihan-dampak-bencana-ke-perusak-lingkungan,"
Senin, 15 Des 2025 16:10 WIB "
"Kepala Negara Lain Mau Kirim Bantuan, Prabowo: Saya Bilang Kami Mampu",https://news.detik.com/berita/d-8260877/kepala-negara-lain-mau-kirim-bantuan-prabowo-saya-bilang-kami-mampu,"
Senin, 15 Des 2025 16:13 WIB "
"Tangani Bencana Pakai APBN, Prabowo Ungkit Dulu Dimaki-maki karena Efisiensi",https://news.detik.com/berita/d-8260950/tangani-bencana-pakai-apbn-prabowo-ungkit-dulu-dimaki-maki-karena-efisiensi,"
Senin, 15 Des 2025 16:35 WIB "
"Prabowo soal Bencana: Kalau Dibilang Negara Tak Hadir, Ya Kita Waspada Saja",https://news.detik.com/berita/d-8260966/prabowo-soal-bencana-kalau-dibilang-negara-tak-hadir-ya-kita-waspada-saja,"
Senin, 15 Des 2025 16:40 WIB "
Kapolri Kerahkan 10.999 Personel Bantu Pemulihan Bencana Aceh-Sumut-Sumbar,https://news.detik.com/berita/d-8260994/kapolri-kerahkan-10-999-personel-bantu-pemulihan-bencana-aceh-sumut-sumbar,"
Senin, 15 Des 2025 16:50 WIB "
"Satgas PKH Catat 31 Perusahaan Diduga Penyebab Bencana, Terbanyak di Sumbar",https://news.detik.com/berita/d-8261016/satgas-pkh-catat-31-perusahaan-diduga-penyebab-bencana-terbanyak-di-sumbar,"
Senin, 15 Des 2025 16:58 WIB "
"Prabowo: Masih Ada Wilayah Terisolasi Akibat Bencana, Ini Masalah Alam-Fisika",https://news.detik.com/berita/d-8261074/prabowo-masih-ada-wilayah-terisolasi-akibat-bencana-ini-masalah-alam-fisika,"
Senin, 15 Des 2025 17:16 WIB "
Bareskrim Ungkap Hasil Pengusutan Kayu Gelondongan Saat Banjir Sumut,https://news.detik.com/berita/d-8261138/bareskrim-ungkap-hasil-pengusutan-kayu-gelondongan-saat-banjir-sumut,"
Senin, 15 Des 2025 17:45 WIB "
Korban Meninggal Bencana Sumatera Bertambah Jadi 1.030 Orang,https://news.detik.com/berita/d-8261268/korban-meninggal-bencana-sumatera-bertambah-jadi-1-030-orang,"
Senin, 15 Des 2025 18:37 WIB "
Gubernur Mahyeldi Diduga Berada di Korsel Saat Banjir Bandang Terjang Sumbar,https://news.detik.com/berita/d-8261342/gubernur-mahyeldi-diduga-berada-di-korsel-saat-banjir-bandang-terjang-sumbar,"
Senin, 15 Des 2025 19:10 WIB "
Kemendagri Pastikan Pelayanan Adminduk Berjalan di Posko Darurat Sumbar,https://news.detik.com/berita/d-8261437/kemendagri-pastikan-pelayanan-adminduk-berjalan-di-posko-darurat-sumbar,"
Senin, 15 Des 2025 19:52 WIB "
"Gunung Marapi di Sumbar Kembali Erupsi, Warga Radius 3 Km Diminta Waspada",https://news.detik.com/berita/d-8261452/gunung-marapi-di-sumbar-kembali-erupsi-warga-radius-3-km-diminta-waspada,"
Senin, 15 Des 2025 20:07 WIB "
"BGN Pastikan Dana Dapur MBG di Daerah Bencana Tersedia, Bisa Layani Pengungsi",https://news.detik.com/berita/d-8261511/bgn-pastikan-dana-dapur-mbg-di-daerah-bencana-tersedia-bisa-layani-pengungsi,"
Senin, 15 Des 2025 21:00 WIB "
Kata Prabowo Agar Siapapun Tak Wisata Bencana,https://news.detik.com/berita/d-8261567/kata-prabowo-agar-siapapun-tak-wisata-bencana,"
Senin, 15 Des 2025 21:40 WIB "
Menkes Bakal Kirim 600 Dokter-Perawat ke Daerah Bencana Sumatera,https://news.detik.com/berita/d-8261683/menkes-bakal-kirim-600-dokter-perawat-ke-daerah-bencana-sumatera,"
Selasa, 16 Des 2025 01:18 WIB "
Menko PMK Tegaskan Pemerintah Percepat Pembangunan Huntara Bagi Korban Bencana,https://news.detik.com/berita/d-8261685/menko-pmk-tegaskan-pemerintah-percepat-pembangunan-huntara-bagi-korban-bencana,"
Selasa, 16 Des 2025 01:58 WIB "
Mardani PKS: Wajar Rakyat Aceh Berharap Segera Dapat Bantuan Termasuk dari Luar,https://news.detik.com/berita/d-8261767/mardani-pks-wajar-rakyat-aceh-berharap-segera-dapat-bantuan-termasuk-dari-luar,"
Selasa, 16 Des 2025 07:48 WIB "
Danone Indonesia Salurkan Bantuan untuk Korban Banjir-Longsor di Tapteng,https://news.detik.com/berita/d-8261768/danone-indonesia-salurkan-bantuan-untuk-korban-banjir-longsor-di-tapteng,"
Selasa, 16 Des 2025 07:50 WIB "
Respons Mendagri soal Aceh Surati 2 Lembaga PBB Minta Bantu Tangani Bencana,https://news.detik.com/berita/d-8261855/respons-mendagri-soal-aceh-surati-2-lembaga-pbb-minta-bantu-tangani-bencana,"
Selasa, 16 Des 2025 08:59 WIB "
Mendagri Pastikan Belanja Tak Terduga untuk Bencana Digunakan Tepat Sasaran,https://news.detik.com/berita/d-8261879/mendagri-pastikan-belanja-tak-terduga-untuk-bencana-digunakan-tepat-sasaran,"
Selasa, 16 Des 2025 09:25 WIB "
"Aksi Polisi Bersihkan Masjid Raya Al'Furqan Aceh Tamiang, Warga Kini Bisa Salat",https://news.detik.com/berita/d-8262024/aksi-polisi-bersihkan-masjid-raya-alfurqan-aceh-tamiang-warga-kini-bisa-salat,"
Selasa, 16 Des 2025 10:44 WIB "
Pramono Terkesan Penulis Cilik Bahas Isu Hutan: Semoga Didengar Pembalak Liar,https://news.detik.com/berita/d-8262148/pramono-terkesan-penulis-cilik-bahas-isu-hutan-semoga-didengar-pembalak-liar,"
Selasa, 16 Des 2025 11:41 WIB "
"Daftar Wilayah Potensi Banjir Pesisir sampai 31 Desember, Cek Lokasinya!",https://news.detik.com/berita/d-8262182/daftar-wilayah-potensi-banjir-pesisir-sampai-31-desember-cek-lokasinya,"
Selasa, 16 Des 2025 11:57 WIB "
"Aceh Surati 2 Lembaga PBB soal Bencana, Komisi I DPR Ingatkan Ini",https://news.detik.com/berita/d-8262212/aceh-surati-2-lembaga-pbb-soal-bencana-komisi-i-dpr-ingatkan-ini,"
Selasa, 16 Des 2025 12:14 WIB "
Polri Usut Dugaan Pidana Lingkungan hingga TPPU Terkait Gelondongan Kayu di Sumut,https://news.detik.com/berita/d-8262278/polri-usut-dugaan-pidana-lingkungan-hingga-tppu-terkait-gelondongan-kayu-di-sumut,"
Selasa, 16 Des 2025 12:49 WIB "
Mensos Serahkan Bantuan Senilai Rp 9 M ke Gubernur Aceh untuk Korban Bencana,https://news.detik.com/berita/d-8262405/mensos-serahkan-bantuan-senilai-rp-9-m-ke-gubernur-aceh-untuk-korban-bencana,"
Selasa, 16 Des 2025 13:57 WIB "
Anggota DPR Anggap Surat Aceh ke Lembaga PBB Tak Maksud Sudutkan Pemerintah,https://news.detik.com/berita/d-8262469/anggota-dpr-anggap-surat-aceh-ke-lembaga-pbb-tak-maksud-sudutkan-pemerintah,"
Selasa, 16 Des 2025 14:15 WIB "
Menjemput Kesadaran di Tengah Bencana,https://news.detik.com/kolom/d-8262478/menjemput-kesadaran-di-tengah-bencana,"
Selasa, 16 Des 2025 14:18 WIB "
Delpedro dkk Beri Bunga ke Jaksa-Nyanyi 'Indonesia Pusaka' Sebelum Sidang,https://news.detik.com/berita/d-8262494/delpedro-dkk-beri-bunga-ke-jaksa-nyanyi-indonesia-pusaka-sebelum-sidang,"
Selasa, 16 Des 2025 14:24 WIB "
"Solidaritas Tanpa Batas, Full Support Polda Riau di Misi Kemanusiaan Sumatera",https://news.detik.com/melindungi-tuah-marwah/d-8262526/solidaritas-tanpa-batas-full-support-polda-riau-di-misi-kemanusiaan-sumatera,"
Selasa, 16 Des 2025 14:39 WIB "
"Dukung Prabowo Tindak Pembalak Liar, Eddy Soeparno: Butuh Konsistensi",https://news.detik.com/berita/d-8262538/dukung-prabowo-tindak-pembalak-liar-eddy-soeparno-butuh-konsistensi,"
Selasa, 16 Des 2025 14:43 WIB "
Ramai-ramai soal Aceh Minta Bantuan ke PBB,https://news.detik.com/berita/d-8262467/ramai-ramai-soal-aceh-minta-bantuan-ke-pbb,"
Selasa, 16 Des 2025 14:50 WIB "
Andre Rosiade: Perbaikan Jalan Provinsi Bayang-Alahan Panjang Ditanggung APBN,https://news.detik.com/berita/d-8262599/andre-rosiade-perbaikan-jalan-provinsi-bayang-alahan-panjang-ditanggung-apbn,"
Selasa, 16 Des 2025 15:12 WIB "
Dukcapil Terbitkan 5.795 Dokumen Kependudukan Korban Banjir Sumbar,https://news.detik.com/berita/d-8262696/dukcapil-terbitkan-5-795-dokumen-kependudukan-korban-banjir-sumbar,"
Selasa, 16 Des 2025 15:42 WIB "
"Penanganan Pascabencana, Gubsu Bobby Fokuskan Air Bersih & Infrastruktur",https://news.detik.com/berita/d-8262732/penanganan-pascabencana-gubsu-bobby-fokuskan-air-bersih-infrastruktur,"
Selasa, 16 Des 2025 15:55 WIB "
"Ribuan Dokumen Hilang, Dukcapil Jemput Bola Layani Korban Bencana Aceh",https://news.detik.com/berita/d-8262764/ribuan-dokumen-hilang-dukcapil-jemput-bola-layani-korban-bencana-aceh,"
Selasa, 16 Des 2025 16:04 WIB "
"Terus Bertambah, Korban Meninggal Bencana Sumatera Kini 1.053 Orang",https://news.detik.com/berita/d-8262977/terus-bertambah-korban-meninggal-bencana-sumatera-kini-1-053-orang,"
Selasa, 16 Des 2025 17:20 WIB "
Kemenkop & Gerakan Koperasi Peduli Bencana Galang Bantuan untuk Sumatera,https://news.detik.com/berita/d-8262982/kemenkop-gerakan-koperasi-peduli-bencana-galang-bantuan-untuk-sumatera,"
Selasa, 16 Des 2025 17:24 WIB "
Legislator Sebut Pemda Tak Berwenang Minta Bantuan ke Lembaga Internasional,https://news.detik.com/berita/d-8263014/legislator-sebut-pemda-tak-berwenang-minta-bantuan-ke-lembaga-internasional,"
Selasa, 16 Des 2025 17:32 WIB "
25 Kabupaten/Kota di Aceh-Sumut-Sumbar Masih Berstatus Tanggap Darurat,https://news.detik.com/berita/d-8263128/25-kabupaten-kota-di-aceh-sumut-sumbar-masih-berstatus-tanggap-darurat,"
Selasa, 16 Des 2025 18:36 WIB "
Menteri Agus Minta Pegawai Imipas Bantu Bencana Sumatera Diberi Penghargaan,https://news.detik.com/berita/d-8263196/menteri-agus-minta-pegawai-imipas-bantu-bencana-sumatera-diberi-penghargaan,"
Selasa, 16 Des 2025 19:15 WIB "
Warga Binaan di Aceh Tamiang Bantu Korban Bencana Akan Diberi Remisi Tambahan,https://news.detik.com/berita/d-8263237/warga-binaan-di-aceh-tamiang-bantu-korban-bencana-akan-diberi-remisi-tambahan,"
Selasa, 16 Des 2025 19:36 WIB "
"Kemensos Salurkan Santunan Korban Meninggal Bencana Aceh, Sumut, & Sumbar",https://news.detik.com/berita/d-8263295/kemensos-salurkan-santunan-korban-meninggal-bencana-aceh-sumut-sumbar,"
Selasa, 16 Des 2025 20:14 WIB "
Mensos Gus Ipul Tinjau Dapur Umum Korban Banjir di Pidie Jaya Aceh,https://news.detik.com/berita/d-8263400/mensos-gus-ipul-tinjau-dapur-umum-korban-banjir-di-pidie-jaya-aceh,"
Selasa, 16 Des 2025 21:42 WIB "
"Pemulihan Pessel Pascabencana, Andre Rosiade Kawal Usulan Rp 733,6 M ke Pusat",https://news.detik.com/berita/d-8263405/pemulihan-pessel-pascabencana-andre-rosiade-kawal-usulan-rp-733-6-m-ke-pusat,"
Selasa, 16 Des 2025 21:48 WIB "
Unicef-UNDP Respons Surat Pemprov Aceh soal Bantuan Penanganan Bencana,https://news.detik.com/berita/d-8263491/unicef-undp-respons-surat-pemprov-aceh-soal-bantuan-penanganan-bencana,"
Selasa, 16 Des 2025 23:21 WIB "
"Banjir Bandang Terjang Labuah Agam Sumbar, 2 Rumah Rusak",https://news.detik.com/berita/d-8263513/banjir-bandang-terjang-labuah-agam-sumbar-2-rumah-rusak,"
Rabu, 17 Des 2025 00:11 WIB "
Komisi V DPR Minta Pemerintah Tak Tolak Bantuan dari Luar Negeri,https://news.detik.com/berita/d-8263577/komisi-v-dpr-minta-pemerintah-tak-tolak-bantuan-dari-luar-negeri,"
Rabu, 17 Des 2025 06:56 WIB "
Ragam Komentar Perihal Aceh Surati 2 Lembaga PBB soal Bencana,https://news.detik.com/berita/d-8263593/ragam-komentar-perihal-aceh-surati-2-lembaga-pbb-soal-bencana,"
Rabu, 17 Des 2025 07:41 WIB "
NasDem Nilai RI Masih Mampu Tangani Bencana Aceh Tanpa Bantuan Asing,https://news.detik.com/berita/d-8263611/nasdem-nilai-ri-masih-mampu-tangani-bencana-aceh-tanpa-bantuan-asing,"
Rabu, 17 Des 2025 07:52 WIB "
Bencana Sumatera: 25 Kabupaten/Kota Masih Berstatus Tanggap Darurat,https://news.detik.com/berita/d-8263368/bencana-sumatera-25-kabupaten-kota-masih-berstatus-tanggap-darurat,"
Rabu, 17 Des 2025 07:58 WIB "
"PDIP soal Bantuan Asing: Bukan Masalah Mampu, Tapi Rakyat Harus Cepat Dibantu",https://news.detik.com/berita/d-8263689/pdip-soal-bantuan-asing-bukan-masalah-mampu-tapi-rakyat-harus-cepat-dibantu,"
Rabu, 17 Des 2025 08:52 WIB "
Gubernur Lemhannas: Ketahanan Nasional Indonesia Sepanjang 2025 Cukup Tangguh,https://news.detik.com/berita/d-8263797/gubernur-lemhannas-ketahanan-nasional-indonesia-sepanjang-2025-cukup-tangguh,"
Rabu, 17 Des 2025 10:12 WIB "
Hercules Angkut Sling Baja 6 Ton ke Aceh untuk Pembangunan Jembatan,https://news.detik.com/berita/d-8263829/hercules-angkut-sling-baja-6-ton-ke-aceh-untuk-pembangunan-jembatan,"
Rabu, 17 Des 2025 10:34 WIB "
"Viral Cerita Psikolog, Anggota DPR Soroti Pernyataan Pejabat Bebani Warga",https://news.detik.com/berita/d-8264124/viral-cerita-psikolog-anggota-dpr-soroti-pernyataan-pejabat-bebani-warga,"
Rabu, 17 Des 2025 13:07 WIB "
"Personel Korlantas Singkirkan Lumpur di Masjid Aceh Tamiang, Kompak Bantu Masyarakat",https://news.detik.com/berita/d-8264410/personel-korlantas-singkirkan-lumpur-di-masjid-aceh-tamiang-kompak-bantu-masyarakat,"
Rabu, 17 Des 2025 15:06 WIB "
HNW Harap RI Terbuka: Bantuan Luar Tak Dalam Posisi Mengecilkan Indonesia,https://news.detik.com/berita/d-8264668/hnw-harap-ri-terbuka-bantuan-luar-tak-dalam-posisi-mengecilkan-indonesia,"
Rabu, 17 Des 2025 16:57 WIB "
"Korban Meninggal Akibat Bencana Sumatera Kini 1.059 Orang, 192 Hilang",https://news.detik.com/berita/d-8264763/korban-meninggal-akibat-bencana-sumatera-kini-1-059-orang-192-hilang,"
Rabu, 17 Des 2025 17:35 WIB "
"Telkom Salurkan Bantuan Rp 2,3 M-Pemulihan Konektivitas di Sumatera",https://news.detik.com/berita/d-8264875/telkom-salurkan-bantuan-rp-2-3-m-pemulihan-konektivitas-di-sumatera,"
Rabu, 17 Des 2025 18:57 WIB "
"Prabowo Tiba di Bandara Minangkabau, Bakal Cek Penanganan Bencana di Sumbar",https://news.detik.com/berita/d-8264901/prabowo-tiba-di-bandara-minangkabau-bakal-cek-penanganan-bencana-di-sumbar,"
Rabu, 17 Des 2025 19:10 WIB "
Anies Harap Negara Makin Intensif Terlibat Ringankan Korban Bencana Sumatera,https://news.detik.com/berita/d-8264959/anies-harap-negara-makin-intensif-terlibat-ringankan-korban-bencana-sumatera,"
Rabu, 17 Des 2025 19:43 WIB "
Kemensos Ungkap Usulan Terkait Jaminan Hidup Korban Bencana Sumatera,https://news.detik.com/berita/d-8264985/kemensos-ungkap-usulan-terkait-jaminan-hidup-korban-bencana-sumatera,"
Rabu, 17 Des 2025 20:05 WIB "
Andre Rosiade Sambut Prabowo di Bandara Minangkabau Cek Bencana di Sumbar,https://news.detik.com/berita/d-8265075/andre-rosiade-sambut-prabowo-di-bandara-minangkabau-cek-bencana-di-sumbar,"
Rabu, 17 Des 2025 21:19 WIB "
PELNI-Polri Lepas 237 Personel dan Bantuan Logistik Via KM Egon ke Sumatera,https://news.detik.com/berita/d-8265088/pelni-polri-lepas-237-personel-dan-bantuan-logistik-via-km-egon-ke-sumatera,"
Rabu, 17 Des 2025 21:34 WIB "
"BRIN Kirim Drone ke Titik Bencana Sumatera, Bisa Deteksi Jasad di Bawah Tanah",https://news.detik.com/berita/d-8265125/brin-kirim-drone-ke-titik-bencana-sumatera-bisa-deteksi-jasad-di-bawah-tanah,"
Rabu, 17 Des 2025 22:01 WIB "
"Tiba di Sumbar, Prabowo Langsung Rapat Bareng Menteri, Panglima TNI dan Kapolri",https://news.detik.com/berita/d-8265134/tiba-di-sumbar-prabowo-langsung-rapat-bareng-menteri-panglima-tni-dan-kapolri,"
Rabu, 17 Des 2025 22:10 WIB "
Wamenkes Ungkap Jumlah Faskes di Aceh-Sumut-Sumbar yang Sudah Beroperasi Lagi,https://news.detik.com/berita/d-8265167/wamenkes-ungkap-jumlah-faskes-di-aceh-sumut-sumbar-yang-sudah-beroperasi-lagi,"
Rabu, 17 Des 2025 22:46 WIB "
"Kelistrikan Aceh Berangsur Pulih, Banda Aceh Kembali Menyala Malam Ini",https://news.detik.com/berita/d-8265198/kelistrikan-aceh-berangsur-pulih-banda-aceh-kembali-menyala-malam-ini,"
Rabu, 17 Des 2025 23:59 WIB "
"Prabowo Ingin Papua Ditanam Sawit, PKB Ingatkan Jangan Buka Hutan Baru",https://news.detik.com/berita/d-8265271/prabowo-ingin-papua-ditanam-sawit-pkb-ingatkan-jangan-buka-hutan-baru,"
Kamis, 18 Des 2025 06:45 WIB "
"Tim Kemanusiaan Korlantas Tiba di Langkat Sumut, Salurkan Sembako Bagi Korban Banjir",https://news.detik.com/berita/d-8265312/tim-kemanusiaan-korlantas-tiba-di-langkat-sumut-salurkan-sembako-bagi-korban-banjir,"
Kamis, 18 Des 2025 07:31 WIB "
Prabowo Kunjungi 3 Lokasi Bencana di Sumbar Hari Ini: Agam-Padang Pariaman,https://news.detik.com/berita/d-8265316/prabowo-kunjungi-3-lokasi-bencana-di-sumbar-hari-ini-agam-padang-pariaman,"
Kamis, 18 Des 2025 07:37 WIB "
"Mentan Beli 40 Ton Cabai Petani Aceh, Kirim Pakai Hercules ke Jakarta",https://news.detik.com/berita/d-8265408/mentan-beli-40-ton-cabai-petani-aceh-kirim-pakai-hercules-ke-jakarta,"
Kamis, 18 Des 2025 08:48 WIB "
"Prabowo Tinjau Posko Pengungsian Agam, Cicipi Makanan di Dapur Umum",https://news.detik.com/berita/d-8265537/prabowo-tinjau-posko-pengungsian-agam-cicipi-makanan-di-dapur-umum,"
Kamis, 18 Des 2025 10:35 WIB "
Dukcapil Terbitkan 9.954 Dokumen Kependudukan di Tengah Bencana Sumatera,https://news.detik.com/berita/d-8265562/dukcapil-terbitkan-9-954-dokumen-kependudukan-di-tengah-bencana-sumatera,"
Kamis, 18 Des 2025 10:49 WIB "
Prabowo Ajak Ngobrol Anak Menggambar saat Tinjau Posko Pengungsian Agam,https://news.detik.com/berita/d-8265574/prabowo-ajak-ngobrol-anak-menggambar-saat-tinjau-posko-pengungsian-agam,"
Kamis, 18 Des 2025 10:56 WIB "
1 Dusun di Agam Masih Terisolir Dampak Longsor-Banjir Bandang,https://news.detik.com/berita/d-8265603/1-dusun-di-agam-masih-terisolir-dampak-longsor-banjir-bandang,"
Kamis, 18 Des 2025 11:09 WIB "
"Polri Bangun Tandon Air, MCK-Sumur Bor di Aceh Tamiang, Pulihkan Kondisi",https://news.detik.com/berita/d-8265646/polri-bangun-tandon-air-mck-sumur-bor-di-aceh-tamiang-pulihkan-kondisi,"
Kamis, 18 Des 2025 11:28 WIB "
"Prabowo Cek Jembatan Bailey Mantuang di Padang Pariaman, Begini Kondisinya",https://news.detik.com/berita/d-8265666/prabowo-cek-jembatan-bailey-mantuang-di-padang-pariaman-begini-kondisinya,"
Kamis, 18 Des 2025 11:36 WIB "
Prabowo Cek Pembangunan Jalan Lembah Anai yang Rusak Dihantam Banjir,https://news.detik.com/berita/d-8265758/prabowo-cek-pembangunan-jalan-lembah-anai-yang-rusak-dihantam-banjir,"
Kamis, 18 Des 2025 12:15 WIB "
Momen Prabowo Tanya Nama-nama Menteri ke Pengungsi Bencana Sumbar,https://news.detik.com/berita/d-8265908/momen-prabowo-tanya-nama-nama-menteri-ke-pengungsi-bencana-sumbar,"
Kamis, 18 Des 2025 13:23 WIB "
Istana: Kepala BNPB Lapor ke Prabowo Minta Tambahan Personel TNI-Polri di Aceh,https://news.detik.com/berita/d-8265974/istana-kepala-bnpb-lapor-ke-prabowo-minta-tambahan-personel-tni-polri-di-aceh,"
Kamis, 18 Des 2025 13:47 WIB "
"Operasi Lilin Lancang Kuning 2025, Polda Riau Kerahkan 1.160 Personel",https://news.detik.com/melindungi-tuah-marwah/d-8266011/operasi-lilin-lancang-kuning-2025-polda-riau-kerahkan-1-160-personel,"
Kamis, 18 Des 2025 14:01 WIB "
"Polri Salurkan 627 Tandon Air untuk Korban Bencana, Termasuk di Aceh Tamiang",https://news.detik.com/berita/d-8266061/polri-salurkan-627-tandon-air-untuk-korban-bencana-termasuk-di-aceh-tamiang,"
Kamis, 18 Des 2025 14:25 WIB "
"Megawati Galang Dana untuk Bencana di Sumatera, Minta Pramono Sumbang Rp 2 M",https://news.detik.com/berita/d-8266140/megawati-galang-dana-untuk-bencana-di-sumatera-minta-pramono-sumbang-rp-2-m,"
Kamis, 18 Des 2025 14:49 WIB "
"Empati Korban Bencana, Kapolda Riau Imbau Pawai Tahun Baru Diganti Doa Bersama",https://news.detik.com/melindungi-tuah-marwah/d-8266144/empati-korban-bencana-kapolda-riau-imbau-pawai-tahun-baru-diganti-doa-bersama,"
Kamis, 18 Des 2025 14:50 WIB "
inJourney Group Salurkan Bantuan untuk Pemulihan Korban Banjir di Sumatera,https://news.detik.com/berita/d-8266168/injourney-group-salurkan-bantuan-untuk-pemulihan-korban-banjir-di-sumatera,"
Kamis, 18 Des 2025 15:02 WIB "
Grup Merdeka Donasi Rp 977 Juta Bantu Penanganan Bencana Sumatera,https://news.detik.com/berita/d-8266212/grup-merdeka-donasi-rp-977-juta-bantu-penanganan-bencana-sumatera,"
Kamis, 18 Des 2025 15:25 WIB "
Prabowo Beri Atensi Serius Masalah Lingkungan Usai Bencana Sumatera,https://news.detik.com/berita/d-8266227/prabowo-beri-atensi-serius-masalah-lingkungan-usai-bencana-sumatera,"
Kamis, 18 Des 2025 15:37 WIB "
"Andre Rosiade: 2 Kali Prabowo ke Sumbar, Bukti Pemerintah Fokus Tangani Galodo",https://news.detik.com/berita/d-8266303/andre-rosiade-2-kali-prabowo-ke-sumbar-bukti-pemerintah-fokus-tangani-galodo,"
Kamis, 18 Des 2025 15:56 WIB "
Prabowo Targetkan Huntara untuk Korban Banjir Agam Sumbar Selesai Sebulan,https://news.detik.com/berita/d-8266410/prabowo-targetkan-huntara-untuk-korban-banjir-agam-sumbar-selesai-sebulan,"
Kamis, 18 Des 2025 16:44 WIB "
Isu Lingkungan Jadi Perhatian Utama di detikcom Regional Summit Riau,https://news.detik.com/berita/d-8266554/isu-lingkungan-jadi-perhatian-utama-di-detikcom-regional-summit-riau,"
Kamis, 18 Des 2025 17:37 WIB "
Korban Meninggal Bencana Sumatera Bertambah Jadi 1.068 Orang,https://news.detik.com/berita/d-8266570/korban-meninggal-bencana-sumatera-bertambah-jadi-1-068-orang,"
Kamis, 18 Des 2025 17:43 WIB "
Momen Seskab Teddy Dengar dan Catat Keluhan Ibu-ibu Pengungsi di Agam,https://news.detik.com/berita/d-8266575/momen-seskab-teddy-dengar-dan-catat-keluhan-ibu-ibu-pengungsi-di-agam,"
Kamis, 18 Des 2025 17:46 WIB "
Polri Bangun Sumur Bor untuk Penuhi Air Bersih Korban Banjir Aceh Tamiang,https://news.detik.com/berita/d-8266671/polri-bangun-sumur-bor-untuk-penuhi-air-bersih-korban-banjir-aceh-tamiang,"
Kamis, 18 Des 2025 18:29 WIB "
Mendagri Dampingi Prabowo Tinjau Sejumlah Wilayah Terdampak Bencana Sumbar,https://news.detik.com/berita/d-8266685/mendagri-dampingi-prabowo-tinjau-sejumlah-wilayah-terdampak-bencana-sumbar,"
Kamis, 18 Des 2025 18:32 WIB "
"Masih Ada Banjir Susulan di Aceh-Sumut, Pemerintah Operasi Modifikasi Cuaca",https://news.detik.com/berita/d-8266698/masih-ada-banjir-susulan-di-aceh-sumut-pemerintah-operasi-modifikasi-cuaca,"
Kamis, 18 Des 2025 18:40 WIB "
BNPB: 27 Daerah di Aceh-Sumut Masih Tetapkan Tanggap Darurat Bencana,https://news.detik.com/berita/d-8266760/bnpb-27-daerah-di-aceh-sumut-masih-tetapkan-tanggap-darurat-bencana,"
Kamis, 18 Des 2025 19:03 WIB "
Respons Pramono Diminta Megawati Sumbang Rp 2 M untuk Bencana di Sumatera,https://news.detik.com/berita/d-8266905/respons-pramono-diminta-megawati-sumbang-rp-2-m-untuk-bencana-di-sumatera,"
Kamis, 18 Des 2025 20:56 WIB "
UGM Bentuk Emergency Response Unit Bantu Korban Bencana di Sumatera,https://news.detik.com/berita/d-8266920/ugm-bentuk-emergency-response-unit-bantu-korban-bencana-di-sumatera,"
Kamis, 18 Des 2025 21:08 WIB "
PKB Yakin RI Segera Pulih Pascabencana Sumatera: Sudah Berkali-kali Diuji,https://news.detik.com/berita/d-8266929/pkb-yakin-ri-segera-pulih-pascabencana-sumatera-sudah-berkali-kali-diuji,"
Kamis, 18 Des 2025 21:13 WIB "
Nasir Djamil Puji Kakorlantas Kirim Tim Kemanusiaan hingga Sembako ke Aceh-Sumatera,https://news.detik.com/berita/d-8266956/nasir-djamil-puji-kakorlantas-kirim-tim-kemanusiaan-hingga-sembako-ke-aceh-sumatera,"
Kamis, 18 Des 2025 21:40 WIB "
Pemkot Medan Kembalikan Bantuan 30 Ton Beras untuk Korban Banjir ke UEA,https://news.detik.com/berita/d-8267018/pemkot-medan-kembalikan-bantuan-30-ton-beras-untuk-korban-banjir-ke-uea,"
Kamis, 18 Des 2025 22:41 WIB "
Tim Korlantas Polri Serahkan Bantuan Mobil Patroli-Sembako di Padang Panjang-Solok,https://news.detik.com/berita/d-8267164/tim-korlantas-polri-serahkan-bantuan-mobil-patroli-sembako-di-padang-panjang-solok,"
Jumat, 19 Des 2025 07:13 WIB "
"BRI Salurkan Bantuan ke Sumatera-Aceh, Jangkau Lebih dari 70 Ribu Korban",https://news.detik.com/berita/d-8267174/bri-salurkan-bantuan-ke-sumatera-aceh-jangkau-lebih-dari-70-ribu-korban,"
Jumat, 19 Des 2025 07:28 WIB "
"Kasemen Kota Serang Banjir, BPBD-Relawan Evakuasi Warga",https://news.detik.com/berita/d-8267173/kasemen-kota-serang-banjir-bpbd-relawan-evakuasi-warga,"
Jumat, 19 Des 2025 07:28 WIB "
27 Daerah di Aceh-Sumut Masih Tetapkan Tanggap Darurat Bencana,https://news.detik.com/berita/d-8266968/27-daerah-di-aceh-sumut-masih-tetapkan-tanggap-darurat-bencana,"
Jumat, 19 Des 2025 07:58 WIB "
Atensi Khusus Prabowo soal Hunian Sementara bagi Pengungsi,https://news.detik.com/berita/d-8267219/atensi-khusus-prabowo-soal-hunian-sementara-bagi-pengungsi,"
Jumat, 19 Des 2025 08:37 WIB "
40 Orang Korban Banjir Padarincang Serang Mengungsi di SDN Sukamaju,https://news.detik.com/berita/d-8267232/40-orang-korban-banjir-padarincang-serang-mengungsi-di-sdn-sukamaju,"
Jumat, 19 Des 2025 08:49 WIB "
Pemerintah Tegaskan Tangani Bencana Sumatera Prioritas Nasional,https://news.detik.com/berita/d-8267466/pemerintah-tegaskan-tangani-bencana-sumatera-prioritas-nasional,"
Jumat, 19 Des 2025 11:20 WIB "
Istana Bilang Warga Koordinasi ke Pemda Jika Mau Manfaatkan Kayu Banjir,https://news.detik.com/berita/d-8267619/istana-bilang-warga-koordinasi-ke-pemda-jika-mau-manfaatkan-kayu-banjir,"
Jumat, 19 Des 2025 13:07 WIB "
Kapolri Ungkap Progres Penyidikan Korporasi Terkait Gelondongan Kayu Bencana,https://news.detik.com/berita/d-8267622/kapolri-ungkap-progres-penyidikan-korporasi-terkait-gelondongan-kayu-bencana,"
Jumat, 19 Des 2025 13:12 WIB "
Seskab Pastikan Pemerintah Kerja Keras Secepat Mungkin Tangani Bencana Sumatera,https://news.detik.com/berita/d-8267639/seskab-pastikan-pemerintah-kerja-keras-secepat-mungkin-tangani-bencana-sumatera,"
Jumat, 19 Des 2025 13:15 WIB "
Bendera Merah Putih Berkibar dan Doa Warga Saat Jembatan di Bireuen Tersambung,https://news.detik.com/berita/d-8267818/bendera-merah-putih-berkibar-dan-doa-warga-saat-jembatan-di-bireuen-tersambung,"
Jumat, 19 Des 2025 14:27 WIB "
Peran Seskab Teddy Jadi Penghubung Aspirasi Warga Korban Bencana Sumatera,https://news.detik.com/berita/d-8267819/peran-seskab-teddy-jadi-penghubung-aspirasi-warga-korban-bencana-sumatera,"
Jumat, 19 Des 2025 14:27 WIB "
"Seskab: Sejak Detik Pertama, Pemerintah Kerja Keras Atasi Bencana Sumatera",https://news.detik.com/berita/d-8267841/seskab-sejak-detik-pertama-pemerintah-kerja-keras-atasi-bencana-sumatera,"
Jumat, 19 Des 2025 14:36 WIB "
"Apel Operasi Lilin 2025 di Monas, 146 Ribu Personel Gabungan Amankan Nataru",https://news.detik.com/berita/d-8268341/apel-operasi-lilin-2025-di-monas-146-ribu-personel-gabungan-amankan-nataru,"
Jumat, 19 Des 2025 17:51 WIB "
"Andre Rosiade Dampingi Prabowo, Pastikan Hunian-Infrastruktur Sumbar Tuntas",https://news.detik.com/berita/d-8268477/andre-rosiade-dampingi-prabowo-pastikan-hunian-infrastruktur-sumbar-tuntas,"
Jumat, 19 Des 2025 18:46 WIB "
"Korban Meninggal Bencana Sumatera Kini 1.071 Orang, 185 Masih Hilang",https://news.detik.com/berita/d-8268626/korban-meninggal-bencana-sumatera-kini-1-071-orang-185-masih-hilang,"
Jumat, 19 Des 2025 20:08 WIB "
Dinkes Aceh Ungkap Ribuan Pengungsi Mulai Terserang Ispa hingga Diare,https://news.detik.com/berita/d-8268897/dinkes-aceh-ungkap-ribuan-pengungsi-mulai-terserang-ispa-hingga-diare,"
Sabtu, 20 Des 2025 07:23 WIB "
"Korlantas Polri Serahkan 8 Unit Mobil Patroli, Percepat Penanganan Bencana di Sumut",https://news.detik.com/berita/d-8268903/korlantas-polri-serahkan-8-unit-mobil-patroli-percepat-penanganan-bencana-di-sumut,"
Sabtu, 20 Des 2025 07:33 WIB "
"Muhammadiyah Tak Persoalkan Status Kebencanaan, Siap Salurkan 30 Ton Beras dari UEA",https://news.detik.com/berita/d-8269153/muhammadiyah-tak-persoalkan-status-kebencanaan-siap-salurkan-30-ton-beras-dari-uea,"
Sabtu, 20 Des 2025 11:44 WIB "
Pupuk Indonesia Kirim Bantuan Tandon Air Bersih dan 50 Relawan ke Aceh,https://news.detik.com/berita/d-8269315/pupuk-indonesia-kirim-bantuan-tandon-air-bersih-dan-50-relawan-ke-aceh,"
Sabtu, 20 Des 2025 13:58 WIB "
"BMKG Prediksi Jawa, Aceh-Sumut Potensi Cuaca Ekstrem saat Natal dan Tahun Baru",https://news.detik.com/berita/d-8269356/bmkg-prediksi-jawa-aceh-sumut-potensi-cuaca-ekstrem-saat-natal-dan-tahun-baru,"
Sabtu, 20 Des 2025 14:31 WIB "
Wamensos Ajak Masyarakat Gotong Royong Bantu Korban Bencana Sumatera,https://news.detik.com/berita/d-8269571/wamensos-ajak-masyarakat-gotong-royong-bantu-korban-bencana-sumatera,"
Sabtu, 20 Des 2025 16:54 WIB "
Menteri LH Segel 5 Perusahaan Tambang Diduga Pemicu Banjir di Sumbar,https://news.detik.com/berita/d-8269622/menteri-lh-segel-5-perusahaan-tambang-diduga-pemicu-banjir-di-sumbar,"
Sabtu, 20 Des 2025 17:33 WIB "
"Korban Meninggal Bencana Sumatera Jadi 1.090 Orang, 186 Masih Hilang",https://news.detik.com/berita/d-8269645/korban-meninggal-bencana-sumatera-jadi-1-090-orang-186-masih-hilang,"
Sabtu, 20 Des 2025 17:49 WIB "
Pemerintah Akan Kirim Selimut-Pakaian Baru untuk Korban Bencana di Aceh,https://news.detik.com/berita/d-8269764/pemerintah-akan-kirim-selimut-pakaian-baru-untuk-korban-bencana-di-aceh,"
Sabtu, 20 Des 2025 19:19 WIB "
Tito Sebut 106 Ribu Pakaian Baru Bakal Dikirim ke Korban Bencana Sumatera,https://news.detik.com/berita/d-8269839/tito-sebut-106-ribu-pakaian-baru-bakal-dikirim-ke-korban-bencana-sumatera,"
Sabtu, 20 Des 2025 21:05 WIB "
Bencana Alam dan Taruhan Partisipasi Publik,https://news.detik.com/kolom/d-8270157/bencana-alam-dan-taruhan-partisipasi-publik,"
Minggu, 21 Des 2025 09:18 WIB "
Polda Sumbar Siap Bangun 150 Titik Air Bersih di Sumbar Usai Banjir -Longsor,https://news.detik.com/berita/d-8270170/polda-sumbar-siap-bangun-150-titik-air-bersih-di-sumbar-usai-banjir-longsor,"
Minggu, 21 Des 2025 09:32 WIB "
"Akpol 1990 Kirim Bantuan Gelombang Ketiga ke Aceh Tamiang, Total 57 Ton Beras",https://news.detik.com/berita/d-8270245/akpol-1990-kirim-bantuan-gelombang-ketiga-ke-aceh-tamiang-total-57-ton-beras,"
Minggu, 21 Des 2025 10:11 WIB "
"PLN Pastikan Sistem Listrik Aceh Pulih, 20 Gardu Induk Beroperasi Normal",https://news.detik.com/berita/d-8270268/pln-pastikan-sistem-listrik-aceh-pulih-20-gardu-induk-beroperasi-normal,"
Minggu, 21 Des 2025 10:38 WIB "
Mensos Salurkan Santunan Rp 15 Juta ke Ahli Waris Korban Banjir di Sibolga,https://news.detik.com/berita/d-8270535/mensos-salurkan-santunan-rp-15-juta-ke-ahli-waris-korban-banjir-di-sibolga,"
Minggu, 21 Des 2025 14:26 WIB "
Membayar Utang pada Lingkungan,https://news.detik.com/kolom/d-8270270/membayar-utang-pada-lingkungan,"
Minggu, 21 Des 2025 15:45 WIB "
Polda Sumbar Salurkan Ratusan Ribu Porsi Makanan ke Warga Padang Terdampak Bencana,https://news.detik.com/berita/d-8270955/polda-sumbar-salurkan-ratusan-ribu-porsi-makanan-ke-warga-padang-terdampak-bencana,"
Minggu, 21 Des 2025 20:04 WIB "
Wamensos Apresiasi Filantropi-Masyarakat Bantu Korban Bencana Sumatera,https://news.detik.com/berita/d-8270978/wamensos-apresiasi-filantropi-masyarakat-bantu-korban-bencana-sumatera,"
Minggu, 21 Des 2025 20:16 WIB "
Kemensos Salurkan Bantuan ke Penyandang Disabilitas Korban Banjir Sibolga,https://news.detik.com/berita/d-8271065/kemensos-salurkan-bantuan-ke-penyandang-disabilitas-korban-banjir-sibolga,"
Minggu, 21 Des 2025 21:36 WIB "
"Kampung Kute Reje Aceh Tengah Hilang Disapu Banjir, Rumah Rata dengan Tanah",https://news.detik.com/berita/d-8271204/kampung-kute-reje-aceh-tengah-hilang-disapu-banjir-rumah-rata-dengan-tanah,"
Senin, 22 Des 2025 05:04 WIB "
"Hunian Sementara Korban Bencana di Taput Mulai Dibangun, Begini Wujudnya",https://news.detik.com/berita/d-8271604/hunian-sementara-korban-bencana-di-taput-mulai-dibangun-begini-wujudnya,"
Senin, 22 Des 2025 11:36 WIB "
Korban Meninggal Bencana Sumatera Per 22 Desember: 1.106 Orang,https://news.detik.com/berita/d-8272594/korban-meninggal-bencana-sumatera-per-22-desember-1-106-orang,"
Senin, 22 Des 2025 17:52 WIB "
Tito Serukan Percepatan Pembersihan Lumpur Sisa Banjir di Aceh Tamiang,https://news.detik.com/berita/d-8272652/tito-serukan-percepatan-pembersihan-lumpur-sisa-banjir-di-aceh-tamiang,"
Senin, 22 Des 2025 18:19 WIB "
Polwan Kirim Bantuan Motor Roda 3 Mudahkan Jangkau Lokasi Bencana di Tapsel,https://news.detik.com/berita/d-8272714/polwan-kirim-bantuan-motor-roda-3-mudahkan-jangkau-lokasi-bencana-di-tapsel,"
Senin, 22 Des 2025 19:01 WIB "
Kitabisa Dukung Penggalangan Donasi Publik di Run For Solidarity HKSN 2025,https://news.detik.com/berita/d-8272934/kitabisa-dukung-penggalangan-donasi-publik-di-run-for-solidarity-hksn-2025,"
Senin, 22 Des 2025 22:25 WIB "
Mendagri Minta Penanganan Bencana di Aceh Tamiang Jadi Perhatian Khusus,https://news.detik.com/berita/d-8273183/mendagri-minta-penanganan-bencana-di-aceh-tamiang-jadi-perhatian-khusus,"
Selasa, 23 Des 2025 08:50 WIB "
NasDem Harap Tak Ada Narasi Pemecah Belah soal Penanganan Bencana Sumatera,https://news.detik.com/berita/d-8273360/nasdem-harap-tak-ada-narasi-pemecah-belah-soal-penanganan-bencana-sumatera,"
Selasa, 23 Des 2025 10:45 WIB "
Kapolda Riau Beri Penghargaan 488 Personel 'Pejuang Kemanusiaan' Sumatera,https://news.detik.com/melindungi-tuah-marwah/d-8273400/kapolda-riau-beri-penghargaan-488-personel-pejuang-kemanusiaan-sumatera,"
Selasa, 23 Des 2025 11:16 WIB "
"TNI Bantah Kirim Bantuan Kardus Kosong ke Korban Bencana, Ini Penjelasannya",https://news.detik.com/berita/d-8273745/tni-bantah-kirim-bantuan-kardus-kosong-ke-korban-bencana-ini-penjelasannya,"
Selasa, 23 Des 2025 14:01 WIB "
PKB Minta Hentikan Saling Serang soal Bencana Sumatera: Fokus Gotong Royong,https://news.detik.com/berita/d-8274109/pkb-minta-hentikan-saling-serang-soal-bencana-sumatera-fokus-gotong-royong,"
Selasa, 23 Des 2025 16:04 WIB "
Pemerintah Libatkan Kampus-Pakar Bangun Tata Ruang Usai Bencana Sumatera,https://news.detik.com/berita/d-8274140/pemerintah-libatkan-kampus-pakar-bangun-tata-ruang-usai-bencana-sumatera,"
Selasa, 23 Des 2025 16:18 WIB "
"Kementerian LH Audit 100 Unit Usaha Terkait Banjir Sumatera, 9 Kena Sanksi",https://news.detik.com/berita/d-8274213/kementerian-lh-audit-100-unit-usaha-terkait-banjir-sumatera-9-kena-sanksi,"
Selasa, 23 Des 2025 17:02 WIB "
"1.112 Orang Tewas Akibat Bencana Sumatera, Terbanyak di Aceh",https://news.detik.com/berita/d-8274222/1-112-orang-tewas-akibat-bencana-sumatera-terbanyak-di-aceh,"
Selasa, 23 Des 2025 17:07 WIB "
Pramono Lepas 27 Ton Bantuan Kemanusiaan untuk Korban Bencana Sumatera,https://news.detik.com/berita/d-8274496/pramono-lepas-27-ton-bantuan-kemanusiaan-untuk-korban-bencana-sumatera,"
Selasa, 23 Des 2025 19:10 WIB "
"Rano Hadiri Christmas Carol di Sudirman, Doa untuk Korban Bencana Sumatera",https://news.detik.com/berita/d-8274715/rano-hadiri-christmas-carol-di-sudirman-doa-untuk-korban-bencana-sumatera,"
Selasa, 23 Des 2025 21:03 WIB "
Mensos-Menkeu Bahas Usulan Kenaikan Jaminan Hidup Korban Bencana,https://news.detik.com/berita/d-8274798/mensos-menkeu-bahas-usulan-kenaikan-jaminan-hidup-korban-bencana,"
Selasa, 23 Des 2025 21:46 WIB "
"Warga Aceh Tamiang Masih di Pengungsian, Butuh Kelambu hingga Selimut",https://news.detik.com/berita/d-8274846/warga-aceh-tamiang-masih-di-pengungsian-butuh-kelambu-hingga-selimut,"
Selasa, 23 Des 2025 22:51 WIB "
Calon Jemaah Haji Korban Bencana Sumatera Berpotensi Gagal Berangkat,https://news.detik.com/berita/d-8274762/calon-jemaah-haji-korban-bencana-sumatera-berpotensi-gagal-berangkat,"
Rabu, 24 Des 2025 07:58 WIB "
Kapolda Riau Apresiasi K9 di Misi Kemanusiaan: Pahlawan Dalam Senyap,https://news.detik.com/melindungi-tuah-marwah/d-8275222/kapolda-riau-apresiasi-k9-di-misi-kemanusiaan-pahlawan-dalam-senyap,"
Rabu, 24 Des 2025 10:58 WIB "
"Polri Kirim Logistik Via Udara ke Palambayan, Dukung Penanggulangan Banjir Sumbar",https://news.detik.com/berita/d-8275229/polri-kirim-logistik-via-udara-ke-palambayan-dukung-penanggulangan-banjir-sumbar,"
Rabu, 24 Des 2025 11:02 WIB "
Aksi Kemanusiaan Pilot-Kru Heli Polri Salurkan Al-Qur'an untuk Anak-anak Aceh Tamiang,https://news.detik.com/berita/d-8275233/aksi-kemanusiaan-pilot-kru-heli-polri-salurkan-al-quran-untuk-anak-anak-aceh-tamiang,"
Rabu, 24 Des 2025 11:06 WIB "
Andre Rosiade Kirim 1.000 Paket Sembako untuk Korban Banjir Mentawai,https://news.detik.com/berita/d-8275312/andre-rosiade-kirim-1-000-paket-sembako-untuk-korban-banjir-mentawai,"
Rabu, 24 Des 2025 11:40 WIB "
Dari Tank hingga Pramuka: Pelajaran Senyap Budaya Kesiapan,https://news.detik.com/kolom/d-8275342/dari-tank-hingga-pramuka-pelajaran-senyap-budaya-kesiapan,"
Rabu, 24 Des 2025 11:56 WIB "
Masa Tanggap Darurat Bencana Aceh Tamiang Diperpanjang hingga 6 Januari,https://news.detik.com/berita/d-8275658/masa-tanggap-darurat-bencana-aceh-tamiang-diperpanjang-hingga-6-januari,"
Rabu, 24 Des 2025 14:21 WIB "
Wamensos Ajak Ratusan SDM PKH Berdoa untuk Korban Bencana di Sumatera,https://news.detik.com/berita/d-8275835/wamensos-ajak-ratusan-sdm-pkh-berdoa-untuk-korban-bencana-di-sumatera,"
Rabu, 24 Des 2025 15:22 WIB "
Satgas PKH Telah Periksa 27 Perusahaan Diduga Pemicu Banjir di Sumatera,https://news.detik.com/berita/d-8276232/satgas-pkh-telah-periksa-27-perusahaan-diduga-pemicu-banjir-di-sumatera,"
Rabu, 24 Des 2025 18:04 WIB "
Merawat Warisan Alam Sumatera di Tengah Tantangan Bencana,https://news.detik.com/berita/d-8276305/merawat-warisan-alam-sumatera-di-tengah-tantangan-bencana,"
Rabu, 24 Des 2025 18:50 WIB "
"Pidie Jaya Aceh Kembali Diterjang Banjir, Belasan Desa Terdampak",https://news.detik.com/berita/d-8276458/pidie-jaya-aceh-kembali-diterjang-banjir-belasan-desa-terdampak,"
Rabu, 24 Des 2025 20:24 WIB "
Kemensos Gelar Doa Bersama Lintas Agama untuk Korban Bencana Sumatera,https://news.detik.com/berita/d-8276481/kemensos-gelar-doa-bersama-lintas-agama-untuk-korban-bencana-sumatera,"
Rabu, 24 Des 2025 20:48 WIB "
Orang Tua Siswa SRMA Bekasi Titip Terima Kasih ke Prabowo lewat Mensos,https://news.detik.com/berita/d-8276578/orang-tua-siswa-srma-bekasi-titip-terima-kasih-ke-prabowo-lewat-mensos,"
Rabu, 24 Des 2025 22:10 WIB "
"2 Desa di Bener Meriah Aceh Banjir Akibat Hujan Deras, Jaringan-Listrik Padam",https://news.detik.com/berita/d-8276623/2-desa-di-bener-meriah-aceh-banjir-akibat-hujan-deras-jaringan-listrik-padam,"
Rabu, 24 Des 2025 22:52 WIB "
Menbud Salurkan Bantuan Tanggap Bencana untuk 3 Provinsi di Sumatera,https://news.detik.com/berita/d-8276860/menbud-salurkan-bantuan-tanggap-bencana-untuk-3-provinsi-di-sumatera,"
Kamis, 25 Des 2025 09:04 WIB "
Taruna Akpol Asal Polda Riau Kirim Bantuan untuk Korban Banjir Sumatera,https://news.detik.com/melindungi-tuah-marwah/d-8277105/taruna-akpol-asal-polda-riau-kirim-bantuan-untuk-korban-banjir-sumatera,"
Kamis, 25 Des 2025 11:54 WIB "
Menbud Tinjau Situs Budaya Ombilin di Sumbar yang Rusak Akibat Bencana,https://news.detik.com/berita/d-8277388/menbud-tinjau-situs-budaya-ombilin-di-sumbar-yang-rusak-akibat-bencana,"
Kamis, 25 Des 2025 15:30 WIB "
Maruarar Minta Hunian Tetap Korban Bencana Aceh-Sumatera Aman dari Banjir,https://news.detik.com/berita/d-8277782/maruarar-minta-hunian-tetap-korban-bencana-aceh-sumatera-aman-dari-banjir,"
Kamis, 25 Des 2025 19:37 WIB "
"Curah Hujan Tinggi, Maninjau Sumbar Kembali Dilanda Banjir Bandang",https://news.detik.com/berita/d-8277824/curah-hujan-tinggi-maninjau-sumbar-kembali-dilanda-banjir-bandang,"
Kamis, 25 Des 2025 20:21 WIB "
Bobby Perpanjang Status Tangap Darurat Bencana Sumut,https://news.detik.com/berita/d-8278028/bobby-perpanjang-status-tangap-darurat-bencana-sumut,"
Jumat, 26 Des 2025 02:35 WIB "
"1.135 Orang Tewas Akibat Bencana Sumatera, 489 Ribu Warga Masih Ngungsi",https://news.detik.com/berita/d-8278182/1-135-orang-tewas-akibat-bencana-sumatera-489-ribu-warga-masih-ngungsi,"
Jumat, 26 Des 2025 09:47 WIB "
Mabes Polri Kerahkan Kembali 300 Personel Bantu Pemulihan Bencana di Aceh,https://news.detik.com/berita/d-8278385/mabes-polri-kerahkan-kembali-300-personel-bantu-pemulihan-bencana-di-aceh,"
Jumat, 26 Des 2025 12:30 WIB "
Wakapolri Bakal Tinjau Penanganan Bencana di Sumatera Hari Ini,https://news.detik.com/berita/d-8278397/wakapolri-bakal-tinjau-penanganan-bencana-di-sumatera-hari-ini,"
Jumat, 26 Des 2025 12:49 WIB "
"Rayakan Natal, Pertamina Bagi-bagi Hampers UMKM Lokal di 25 SPBU Sumut",https://news.detik.com/berita/d-8278655/rayakan-natal-pertamina-bagi-bagi-hampers-umkm-lokal-di-25-spbu-sumut,"
Jumat, 26 Des 2025 15:21 WIB "
Polda Sumbar Gelar Bakti Kesehatan ke 222 Warga Terdampak Bencana,https://news.detik.com/berita/d-8278958/polda-sumbar-gelar-bakti-kesehatan-ke-222-warga-terdampak-bencana,"
Jumat, 26 Des 2025 18:27 WIB "
Pertamina Peduli Hadirkan Trauma Healing untuk Anak Terdampak Bencana,https://news.detik.com/berita/d-8278967/pertamina-peduli-hadirkan-trauma-healing-untuk-anak-terdampak-bencana,"
Jumat, 26 Des 2025 18:41 WIB "
"Sambut Libur Nataru, InJourney Optimalkan Bandara dan Pariwisata",https://news.detik.com/berita/d-8278978/sambut-libur-nataru-injourney-optimalkan-bandara-dan-pariwisata,"
Jumat, 26 Des 2025 18:45 WIB "
2025 Masih Menyisakan Banyak Pekerjaan di Tahun Mendatang,https://news.detik.com/kolom/d-8279132/2025-masih-menyisakan-banyak-pekerjaan-di-tahun-mendatang,"
Jumat, 26 Des 2025 21:49 WIB "
PLN Upayakan Pemulihan Listrik di Wilayah Terisolir Aceh Tengah,https://news.detik.com/berita/d-8279397/pln-upayakan-pemulihan-listrik-di-wilayah-terisolir-aceh-tengah,"
Sabtu, 27 Des 2025 09:46 WIB "
Banjir Terjang Balangan Kalsel Sampai Setinggi Atap Rumah,https://news.detik.com/berita/d-8279633/banjir-terjang-balangan-kalsel-sampai-setinggi-atap-rumah,"
Sabtu, 27 Des 2025 13:11 WIB "
"Dari Garda Bencana ke Sekolah Rakyat, Cerita Pengabdian Seorang Tagana",https://news.detik.com/berita/d-8279656/dari-garda-bencana-ke-sekolah-rakyat-cerita-pengabdian-seorang-tagana,"
Sabtu, 27 Des 2025 13:21 WIB "
Bahlil Kirim 1.000 Genset ke 224 Desa di Aceh yang Belum Teraliri Listrik,https://news.detik.com/berita/d-8279749/bahlil-kirim-1-000-genset-ke-224-desa-di-aceh-yang-belum-teraliri-listrik,"
Sabtu, 27 Des 2025 14:34 WIB "
"Kunjungi Tapteng, Wakapolri Fokus Buka Jalur Logistik Pascabanjir Bandang",https://news.detik.com/berita/d-8280518/kunjungi-tapteng-wakapolri-fokus-buka-jalur-logistik-pascabanjir-bandang,"
Minggu, 28 Des 2025 09:36 WIB "
Menkomdigi & Ekosistem Digital Hadir Pulihkan Warga Terdampak di Aceh,https://news.detik.com/berita/d-8281043/menkomdigi-ekosistem-digital-hadir-pulihkan-warga-terdampak-di-aceh,"
Minggu, 28 Des 2025 15:59 WIB "
Wakapolri Tinjau Dapur Umum Bhayangkari hingga Resmikan Sumur Bor di Sumbar,https://news.detik.com/berita/d-8281155/wakapolri-tinjau-dapur-umum-bhayangkari-hingga-resmikan-sumur-bor-di-sumbar,"
Minggu, 28 Des 2025 17:08 WIB "
BNPB: Hampir Dipastikan Tak Ada Lagi Jasad Korban Bencana Sumatera di Permukiman,https://news.detik.com/berita/d-8281288/bnpb-hampir-dipastikan-tak-ada-lagi-jasad-korban-bencana-sumatera-di-permukiman,"
Minggu, 28 Des 2025 19:11 WIB "
"Kejahatan di Riau Turun Selama 2025, Kapolda Apresiasi Sinergi Forkopimda",https://news.detik.com/melindungi-tuah-marwah/d-8281416/kejahatan-di-riau-turun-selama-2025-kapolda-apresiasi-sinergi-forkopimda,"
Minggu, 28 Des 2025 21:30 WIB "
Ekspansi Modal dan Urgensi Keberpihakan Ekologis,https://news.detik.com/kolom/d-8279981/ekspansi-modal-dan-urgensi-keberpihakan-ekologis,"
Senin, 29 Des 2025 10:15 WIB "
"Arahan Mega, PDIP Kirim 30 Ambulans-90 Nakes Bantu Bencana Sumatera",https://news.detik.com/berita/d-8281860/arahan-mega-pdip-kirim-30-ambulans-90-nakes-bantu-bencana-sumatera,"
Senin, 29 Des 2025 11:12 WIB "
Pemerintah Akan Beli 100 Jembatan Bailey dari Luar Negeri untuk Daerah Bencana,https://news.detik.com/berita/d-8282220/pemerintah-akan-beli-100-jembatan-bailey-dari-luar-negeri-untuk-daerah-bencana,"
Senin, 29 Des 2025 13:44 WIB "
Mensos Pastikan Penyaluran Bansos Tetap Berjalan Meski Libur Akhir Tahun,https://news.detik.com/berita/d-8282576/mensos-pastikan-penyaluran-bansos-tetap-berjalan-meski-libur-akhir-tahun,"
Senin, 29 Des 2025 16:32 WIB "
Imipas Bakal Beri Remisi Napi Lapas Aceh Tamiang: Yang Lapor Dapat Lebih Banyak,https://news.detik.com/berita/d-8282889/imipas-bakal-beri-remisi-napi-lapas-aceh-tamiang-yang-lapor-dapat-lebih-banyak,"
Senin, 29 Des 2025 18:04 WIB "
Kemenkes Bakal Fokuskan Penguatan Faskes di Wilayah Bencana Sumatera,https://news.detik.com/berita/d-8282890/kemenkes-bakal-fokuskan-penguatan-faskes-di-wilayah-bencana-sumatera,"
Senin, 29 Des 2025 18:04 WIB "
Kemendagri Akan Kirim 1.054 Praja IPDN Bantu Desa Terdampak Bencana Aceh,https://news.detik.com/berita/d-8282930/kemendagri-akan-kirim-1-054-praja-ipdn-bantu-desa-terdampak-bencana-aceh,"
Senin, 29 Des 2025 18:30 WIB "
Mensesneg: Perintah Presiden Pengurusan Dokumen Korban Bencana Digratiskan,https://news.detik.com/berita/d-8283069/mensesneg-perintah-presiden-pengurusan-dokumen-korban-bencana-digratiskan,"
Senin, 29 Des 2025 19:50 WIB "
Kemenkes Salurkan Bantuan Kesehatan-Starlink ke Korban Bencana Sumatera,https://news.detik.com/berita/d-8283159/kemenkes-salurkan-bantuan-kesehatan-starlink-ke-korban-bencana-sumatera,"
Senin, 29 Des 2025 21:06 WIB "
"Pascabencana, Kemenkes Revitalisasi 867 Puskesmas di Aceh-Sumbar",https://news.detik.com/berita/d-8283173/pascabencana-kemenkes-revitalisasi-867-puskesmas-di-aceh-sumbar,"
Senin, 29 Des 2025 21:31 WIB "
"Longsor Terjadi di Aceh Tengah, Sejumlah Warga Terjebak",https://news.detik.com/berita/d-8283278/longsor-terjadi-di-aceh-tengah-sejumlah-warga-terjebak,"
Senin, 29 Des 2025 23:35 WIB "
Setega Itu Baut-baut Jembatan Bailey di Aceh Dicuri,https://news.detik.com/berita/d-8283343/setega-itu-baut-baut-jembatan-bailey-di-aceh-dicuri,"
Selasa, 30 Des 2025 07:07 WIB "
"Dasco Pimpin Rakor Penanganan Bencana Aceh Bareng Mualem, Purbaya hingga Tito",https://news.detik.com/berita/d-8283584/dasco-pimpin-rakor-penanganan-bencana-aceh-bareng-mualem-purbaya-hingga-tito,"
Selasa, 30 Des 2025 10:46 WIB "
Menuju Resolusi Penanggulangan Bencana 2026: Saatnya Memperbarui Kajian Risiko,https://news.detik.com/kolom/d-8283609/menuju-resolusi-penanggulangan-bencana-2026-saatnya-memperbarui-kajian-risiko,"
Selasa, 30 Des 2025 10:58 WIB "
"Kapolri Sampaikan Rilis Akhir Tahun, Doakan Korban Bencana di Sumatera",https://news.detik.com/berita/d-8283614/kapolri-sampaikan-rilis-akhir-tahun-doakan-korban-bencana-di-sumatera,"
Selasa, 30 Des 2025 11:01 WIB "
Daftar Wilayah Potensi Banjir Pesisir pada 30 Desember-10 Januari,https://news.detik.com/berita/d-8283698/daftar-wilayah-potensi-banjir-pesisir-pada-30-desember-10-januari,"
Selasa, 30 Des 2025 11:33 WIB "
Bupati Aceh Tamiang Minta Fatwa Pemerintah soal Kayu Gelondongan Banjir,https://news.detik.com/berita/d-8283736/bupati-aceh-tamiang-minta-fatwa-pemerintah-soal-kayu-gelondongan-banjir,"
Selasa, 30 Des 2025 11:56 WIB "
"Rakor di Aceh, Dasco Tegaskan Bencana Sumatera Penanganan Skala Nasional",https://news.detik.com/berita/d-8283807/rakor-di-aceh-dasco-tegaskan-bencana-sumatera-penanganan-skala-nasional,"
Selasa, 30 Des 2025 12:29 WIB "
Kapolri Imbau Masyarakat Jalani Tahun Baru Sederhana Sebagai Wujud Empati,https://news.detik.com/berita/d-8284094/kapolri-imbau-masyarakat-jalani-tahun-baru-sederhana-sebagai-wujud-empati,"
Selasa, 30 Des 2025 14:00 WIB "
"Polri Sediakan Layanan Psikososial di 199 Titik Bencana, Jangkau 32.938 Warga",https://news.detik.com/berita/d-8284124/polri-sediakan-layanan-psikososial-di-199-titik-bencana-jangkau-32-938-warga,"
Selasa, 30 Des 2025 14:13 WIB "
Canda Purbaya ke BNPB Saat Bahas Dana Penanganan Bencana: Lu Pelit Juga,https://news.detik.com/berita/d-8284217/canda-purbaya-ke-bnpb-saat-bahas-dana-penanganan-bencana-lu-pelit-juga,"
Selasa, 30 Des 2025 14:51 WIB "
KemenImipas Evaluasi Tantangan 2025: 'War' SDUWHV hingga Jumlah Bapas,https://news.detik.com/berita/d-8284257/kemenimipas-evaluasi-tantangan-2025-war-sduwhv-hingga-jumlah-bapas,"
Selasa, 30 Des 2025 15:14 WIB "
Warga Sambut Larangan Pesta Kembang Api di Bundaran HI: Empati Bencana Sumatera,https://news.detik.com/berita/d-8284301/warga-sambut-larangan-pesta-kembang-api-di-bundaran-hi-empati-bencana-sumatera,"
Selasa, 30 Des 2025 15:32 WIB "
"Update Korban Bencana Sumatera 30 Desember: 1.141 Orang Meninggal, 163 Hilang",https://news.detik.com/berita/d-8284750/update-korban-bencana-sumatera-30-desember-1-141-orang-meninggal-163-hilang,"
Selasa, 30 Des 2025 18:27 WIB "
Mualem Usul Impor Daging Sapi untuk Warga Aceh Jelang Ramadan,https://news.detik.com/berita/d-8284799/mualem-usul-impor-daging-sapi-untuk-warga-aceh-jelang-ramadan,"
Selasa, 30 Des 2025 19:10 WIB "
Mendagri Ungkap Progres Pemulihan Pascabencana Sumatera di 52 Daerah,https://news.detik.com/berita/d-8284930/mendagri-ungkap-progres-pemulihan-pascabencana-sumatera-di-52-daerah,"
Selasa, 30 Des 2025 20:54 WIB "
"Rakor Pascabencana, DPR Yakinkan Bupati Aceh Utara Diperhatikan",https://news.detik.com/berita/d-8284935/rakor-pascabencana-dpr-yakinkan-bupati-aceh-utara-diperhatikan,"
Selasa, 30 Des 2025 20:58 WIB "
Mendagri: Pemulihan Bencana di Aceh Harus Dikeroyok Ramai-ramai,https://news.detik.com/berita/d-8284996/mendagri-pemulihan-bencana-di-aceh-harus-dikeroyok-ramai-ramai,"
Selasa, 30 Des 2025 21:41 WIB "
"Refleksi 2025, Anggota DPR Serukan Jaga Hutan Buntut Bencana Sumatera",https://news.detik.com/berita/d-8285078/refleksi-2025-anggota-dpr-serukan-jaga-hutan-buntut-bencana-sumatera,"
Rabu, 31 Des 2025 00:11 WIB "
Kemensos Siapkan Bantuan Perabot-Pemulihan Ekonomi bagi Korban Sumatera,https://news.detik.com/berita/d-8285179/kemensos-siapkan-bantuan-perabot-pemulihan-ekonomi-bagi-korban-sumatera,"
Rabu, 31 Des 2025 07:42 WIB "
Sejumlah Daerah Sambut Tahun Baru dengan Doa Bersama,https://news.detik.com/berita/d-8284949/sejumlah-daerah-sambut-tahun-baru-dengan-doa-bersama,"
Rabu, 31 Des 2025 07:58 WIB "
Astra Terus Salurkan Dukungan Kemanusiaan bagi Warga Terdampak di Sumatera,https://news.detik.com/berita/d-8285239/astra-terus-salurkan-dukungan-kemanusiaan-bagi-warga-terdampak-di-sumatera,"
Rabu, 31 Des 2025 08:43 WIB "
Waskita Karya Kebut Pembangunan 80 Huntara di Aceh dalam 6 Hari,https://news.detik.com/berita/d-8285583/waskita-karya-kebut-pembangunan-80-huntara-di-aceh-dalam-6-hari,"
Rabu, 31 Des 2025 11:54 WIB "
Cerminan Empati dan Solidaritas Nasional di Malam Pergantian Tahun,https://news.detik.com/berita/d-8285976/cerminan-empati-dan-solidaritas-nasional-di-malam-pergantian-tahun,"
Rabu, 31 Des 2025 14:44 WIB "
Korban Meninggal Akibat Bencana Sumatera Per 31 Desember Jadi 1.154 Orang,https://news.detik.com/berita/d-8286382/korban-meninggal-akibat-bencana-sumatera-per-31-desember-jadi-1-154-orang,"
Rabu, 31 Des 2025 17:13 WIB "
"2026, Ujian Kedewasaan Umat dalam Pembangunan Nasional",https://news.detik.com/kolom/d-8286388/2026-ujian-kedewasaan-umat-dalam-pembangunan-nasional,"
Rabu, 31 Des 2025 17:15 WIB "
Kilas Balik Peristiwa Penting di detikcom Year in Review (DYIR) 2025,https://news.detik.com/berita/d-8286413/kilas-balik-peristiwa-penting-di-detikcom-year-in-review-dyir-2025,"
Rabu, 31 Des 2025 17:27 WIB "
"Prabowo Malam Tahun Baru di Tapsel, Makan Malam-Nonton Bareng Korban Bencana",https://news.detik.com/berita/d-8286572/prabowo-malam-tahun-baru-di-tapsel-makan-malam-nonton-bareng-korban-bencana,"
Rabu, 31 Des 2025 18:48 WIB "
"Memulai 2026, Prabowo Bakal Cek Lokasi Bencana Aceh Tamiang Besok",https://news.detik.com/berita/d-8286636/memulai-2026-prabowo-bakal-cek-lokasi-bencana-aceh-tamiang-besok,"
Rabu, 31 Des 2025 19:28 WIB "
Bakauheni Harbour City Rayakan Tahun Baru dengan Penuh Makna,https://news.detik.com/bangun-indonesia/d-8286690/bakauheni-harbour-city-rayakan-tahun-baru-dengan-penuh-makna,"
Rabu, 31 Des 2025 20:00 WIB "
Malam Tahun Baru di Lapangan Banteng Diwarnai Musik dan Aksi Sosial,https://news.detik.com/berita/d-8286807/malam-tahun-baru-di-lapangan-banteng-diwarnai-musik-dan-aksi-sosial,"
Rabu, 31 Des 2025 21:22 WIB "
Momen Seskab Ngopi Bareng Gubsu Bobby-KSAD di Warung Pinggir Jalan Tapsel,https://news.detik.com/berita/d-8286810/momen-seskab-ngopi-bareng-gubsu-bobby-ksad-di-warung-pinggir-jalan-tapsel,"
Rabu, 31 Des 2025 21:24 WIB "
"Suasana Malam Tahun Baru di Pengungsian Tapsel, Warga Manortor-Nonton Bareng",https://news.detik.com/berita/d-8286955/suasana-malam-tahun-baru-di-pengungsian-tapsel-warga-manortor-nonton-bareng,"
Rabu, 31 Des 2025 23:14 WIB "
"Prabowo Tiba di Posko Pengungsian Tapsel Jelang Tahun Baru, Disambut Antusias",https://news.detik.com/berita/d-8287002/prabowo-tiba-di-posko-pengungsian-tapsel-jelang-tahun-baru-disambut-antusias,"
Rabu, 31 Des 2025 23:48 WIB "
Marion Jola hingga Feel Koplo Meriahkan Tahun Baru di Bundaran HI Jakarta,https://news.detik.com/berita/d-8287026/marion-jola-hingga-feel-koplo-meriahkan-tahun-baru-di-bundaran-hi-jakarta,"
Kamis, 01 Jan 2026 00:04 WIB "
Donasi Malam Tahun Baru untuk Sumatera di Bundaran HI Tembus Rp 2 Miliar,https://news.detik.com/berita/d-8287033/donasi-malam-tahun-baru-untuk-sumatera-di-bundaran-hi-tembus-rp-2-miliar,"
Kamis, 01 Jan 2026 00:12 WIB "
Momen Akhir Tahun Prabowo di Lokasi Bencana,https://news.detik.com/berita/d-8287187/momen-akhir-tahun-prabowo-di-lokasi-bencana,"
Kamis, 01 Jan 2026 08:36 WIB "
Indonesia di Persimpangan Krisis dan Harapan,https://news.detik.com/kolom/d-8285313/indonesia-di-persimpangan-krisis-dan-harapan,"
Kamis, 01 Jan 2026 09:05 WIB "
"Tutup 2025, InJourney Gelar Doa Bersama untuk Sumatera di Mandalika-TMII",https://news.detik.com/berita/d-8287240/tutup-2025-injourney-gelar-doa-bersama-untuk-sumatera-di-mandalika-tmii,"
Kamis, 01 Jan 2026 09:15 WIB "
Momen Perayaan Pergantian Tahun Sambil Berdonasi di Lapangan Banteng,https://news.detik.com/berita/d-8287257/momen-perayaan-pergantian-tahun-sambil-berdonasi-di-lapangan-banteng,"
Kamis, 01 Jan 2026 09:26 WIB "
Prabowo Kembali Jelaskan soal Bencana Sumatera Tak Disebut Bencana Nasional,https://news.detik.com/berita/d-8287614/prabowo-kembali-jelaskan-soal-bencana-sumatera-tak-disebut-bencana-nasional,"
Kamis, 01 Jan 2026 14:02 WIB "
Prabowo: Saya Minta Maaf Belum Bisa ke Semua Titik Bencana,https://news.detik.com/berita/d-8287699/prabowo-saya-minta-maaf-belum-bisa-ke-semua-titik-bencana,"
Kamis, 01 Jan 2026 15:11 WIB "
Polisi Tempuh Perjalanan 14 Jam Usai Ada Info Bayi Sakit Pascabencana Aceh Tengah,https://news.detik.com/berita/d-8287770/polisi-tempuh-perjalanan-14-jam-usai-ada-info-bayi-sakit-pascabencana-aceh-tengah,"
Kamis, 01 Jan 2026 16:07 WIB "
Aksi Prajurit TNI Selamatkan Warga Aceh Tengah dari Arus Banjir,https://news.detik.com/berita/d-8288402/aksi-prajurit-tni-selamatkan-warga-aceh-tengah-dari-arus-banjir,"
Jumat, 02 Jan 2026 09:19 WIB "
Kehadiran Negara dan Efektivitas Penanganan Bencana,https://news.detik.com/kolom/d-8288430/kehadiran-negara-dan-efektivitas-penanganan-bencana,"
Jumat, 02 Jan 2026 09:49 WIB "
Bareskrim Segera Tetapkan Tersangka Kasus Gelondongan Kayu Saat Banjir Sumut,https://news.detik.com/berita/d-8288976/bareskrim-segera-tetapkan-tersangka-kasus-gelondongan-kayu-saat-banjir-sumut,"
Jumat, 02 Jan 2026 14:27 WIB "
Kapoksi Gerindra Komisi V DPR Dukung Kayu Terbawa Banjir Sumatera Dimanfaatkan,https://news.detik.com/berita/d-8289541/kapoksi-gerindra-komisi-v-dpr-dukung-kayu-terbawa-banjir-sumatera-dimanfaatkan,"
Jumat, 02 Jan 2026 18:57 WIB "
Polda Riau Kembali Kirim 3 Alat Berat Bantu Pemulihan Pasca Bencana Agam,https://news.detik.com/melindungi-tuah-marwah/d-8289554/polda-riau-kembali-kirim-3-alat-berat-bantu-pemulihan-pasca-bencana-agam,"
Jumat, 02 Jan 2026 19:00 WIB "
Waka Komisi V DPR Dorong Percepatan Lahan Huntap Korban Bencana Aceh-Sumatera,https://news.detik.com/berita/d-8289629/waka-komisi-v-dpr-dorong-percepatan-lahan-huntap-korban-bencana-aceh-sumatera,"
Jumat, 02 Jan 2026 19:49 WIB "
Menteri HAM Minta Kepolisian Usut Tuntas Teror yang Menimpa Influencer,https://news.detik.com/berita/d-8289638/menteri-ham-minta-kepolisian-usut-tuntas-teror-yang-menimpa-influencer,"
Jumat, 02 Jan 2026 20:00 WIB "
"Tunggul Hitam Padang Banjir hingga 1 Meter, Ratusan Warga Dievakuasi",https://news.detik.com/berita/d-8289661/tunggul-hitam-padang-banjir-hingga-1-meter-ratusan-warga-dievakuasi,"
Jumat, 02 Jan 2026 20:19 WIB "
"Hujan Deras Bikin Sungai Aek Doras Sibolga Meluap, Warga Diimbau Waspada",https://news.detik.com/berita/d-8289671/hujan-deras-bikin-sungai-aek-doras-sibolga-meluap-warga-diimbau-waspada,"
Jumat, 02 Jan 2026 20:35 WIB "
Kemenkop Libatkan Koperasi Pulihkan Ekonomi Pascabencana Sumatera,https://news.detik.com/berita/d-8289712/kemenkop-libatkan-koperasi-pulihkan-ekonomi-pascabencana-sumatera,"
Jumat, 02 Jan 2026 21:22 WIB "
"Aceh Tamiang Jadi Prioritas Pemulihan, Mendagri: Dampak Bencana Paling Berat",https://news.detik.com/berita/d-8290045/aceh-tamiang-jadi-prioritas-pemulihan-mendagri-dampak-bencana-paling-berat,"
Sabtu, 03 Jan 2026 11:23 WIB "
Waka Komisi IV DPR Usul Pembentukan Badan Khusus Tangani Dampak Bencana Sumatera,https://news.detik.com/berita/d-8290058/waka-komisi-iv-dpr-usul-pembentukan-badan-khusus-tangani-dampak-bencana-sumatera,"
Sabtu, 03 Jan 2026 11:34 WIB "
Tito Ungkap Prabowo Minta Siswa Sekolah Kedinasan Turun ke Lokasi Bencana,https://news.detik.com/berita/d-8290181/tito-ungkap-prabowo-minta-siswa-sekolah-kedinasan-turun-ke-lokasi-bencana,"
Sabtu, 03 Jan 2026 12:21 WIB "
Korban Meninggal Bencana Sumatera Hari Ini Bertambah Jadi 1.167 Orang,https://news.detik.com/berita/d-8290576/korban-meninggal-bencana-sumatera-hari-ini-bertambah-jadi-1-167-orang,"
Sabtu, 03 Jan 2026 17:57 WIB "
Tebing Ngarai Sianok Agam Longsor Setinggi 120 Meter Usai Hujan Deras,https://news.detik.com/berita/d-8290963/tebing-ngarai-sianok-agam-longsor-setinggi-120-meter-usai-hujan-deras,"
Minggu, 04 Jan 2026 05:30 WIB "
"PKB Setuju Usulan Bentuk Badan Khusus untuk Bencana Sumatera, Ini Alasannya",https://news.detik.com/berita/d-8291007/pkb-setuju-usulan-bentuk-badan-khusus-untuk-bencana-sumatera-ini-alasannya,"
Minggu, 04 Jan 2026 07:45 WIB "
Gizi Perempuan dan Anak Korban Banjir,https://news.detik.com/kolom/d-8289293/gizi-perempuan-dan-anak-korban-banjir,"
Minggu, 04 Jan 2026 10:00 WIB "
Korban Meninggal Bencana Sumatera Hari Ini Capai 1.177 Orang,https://news.detik.com/berita/d-8291680/korban-meninggal-bencana-sumatera-hari-ini-capai-1-177-orang,"
Minggu, 04 Jan 2026 17:31 WIB "
Melihat Pentingnya Kehadiran Pemimpin Saat Pemulihan Bencana,https://news.detik.com/kolom/d-8291747/melihat-pentingnya-kehadiran-pemimpin-saat-pemulihan-bencana,"
Minggu, 04 Jan 2026 18:56 WIB "
Warga Agam Takut Pulang karena Kemungkinan Banjir Bandang Susulan,https://news.detik.com/berita/d-8292254/warga-agam-takut-pulang-karena-kemungkinan-banjir-bandang-susulan,"
Senin, 05 Jan 2026 10:18 WIB "
BNPB Ungkap Penyebab Longsor Susulan Masih Terjadi di Agam Sumbar,https://news.detik.com/berita/d-8292353/bnpb-ungkap-penyebab-longsor-susulan-masih-terjadi-di-agam-sumbar,"
Senin, 05 Jan 2026 11:00 WIB "
Jangan Sembarang Sebut Pelanggaran HAM Berat dalam Penanganan Bencana Alam,https://news.detik.com/kolom/d-8292546/jangan-sembarang-sebut-pelanggaran-ham-berat-dalam-penanganan-bencana-alam,"
Senin, 05 Jan 2026 12:36 WIB "
Membaca Kepemimpinan Presiden di Tengah Bencana,https://news.detik.com/kolom/d-8292561/membaca-kepemimpinan-presiden-di-tengah-bencana,"
Senin, 05 Jan 2026 12:44 WIB "
Dompet Dhuafa Bangun 1.000 Rumah Sementara untuk Korban Bencana Sumatera,https://news.detik.com/berita/d-8292794/dompet-dhuafa-bangun-1-000-rumah-sementara-untuk-korban-bencana-sumatera,"
Senin, 05 Jan 2026 14:32 WIB "
Keanehan Iklim 2025,https://news.detik.com/kolom/d-8291672/keanehan-iklim-2025,"
Senin, 05 Jan 2026 15:30 WIB "
PPP Gelar Doa Bersama & Lepas Bantuan-Relawan untuk Korban Bencana Aceh,https://news.detik.com/berita/d-8293581/ppp-gelar-doa-bersama-lepas-bantuan-relawan-untuk-korban-bencana-aceh,"
Senin, 05 Jan 2026 21:51 WIB "
PKB Harap Retret Kedua Bahas Penanganan Lanjutan Pascabencana Sumatera,https://news.detik.com/berita/d-8293827/pkb-harap-retret-kedua-bahas-penanganan-lanjutan-pascabencana-sumatera,"
Selasa, 06 Jan 2026 08:30 WIB "
Legislator Gerindra Tinjau Banjir & Bagi-bagi Sembako buat Warga di Kalsel,https://news.detik.com/berita/d-8293894/legislator-gerindra-tinjau-banjir-bagi-bagi-sembako-buat-warga-di-kalsel,"
Selasa, 06 Jan 2026 09:36 WIB "
Bareskrim Sudah Tetapkan Tersangka Kasus Gelondongan Kayu Saat Banjir Sumut,https://news.detik.com/berita/d-8294164/bareskrim-sudah-tetapkan-tersangka-kasus-gelondongan-kayu-saat-banjir-sumut,"
Selasa, 06 Jan 2026 12:10 WIB "
Menimbang Pemakaian Istilah Pelanggaran HAM dalam Penanganan Bencana,https://news.detik.com/kolom/d-8294225/menimbang-pemakaian-istilah-pelanggaran-ham-dalam-penanganan-bencana,"
Selasa, 06 Jan 2026 12:43 WIB "
Ratusan Hektare Sawah di Pandeglang Terancam Gagal Panen Usai Kebanjiran,https://news.detik.com/berita/d-8294714/ratusan-hektare-sawah-di-pandeglang-terancam-gagal-panen-usai-kebanjiran,"
Selasa, 06 Jan 2026 16:27 WIB "
Dari Kehadiran ke Dampak: Membaca Kepemimpinan Presiden di Tengah Bencana,https://news.detik.com/kolom/d-8294944/dari-kehadiran-ke-dampak-membaca-kepemimpinan-presiden-di-tengah-bencana,"
Selasa, 06 Jan 2026 18:25 WIB "
"Satgas Pemulihan Bencana Sumatera Dibentuk, Komisi VIII DPR: Lebih Terkoordinasi",https://news.detik.com/berita/d-8295827/satgas-pemulihan-bencana-sumatera-dibentuk-komisi-viii-dpr-lebih-terkoordinasi,"
Rabu, 07 Jan 2026 12:55 WIB "
Telkomsel Salurkan Bantuan Logistik ke Warga Korban Banjir Aceh Utara,https://news.detik.com/berita/d-8296466/telkomsel-salurkan-bantuan-logistik-ke-warga-korban-banjir-aceh-utara,"
Rabu, 07 Jan 2026 17:28 WIB "
"Satgas PKH: 12 Perusahaan Jadi Penyebab Banjir Sumatera, Akan Disanksi",https://news.detik.com/berita/d-8298117/satgas-pkh-12-perusahaan-jadi-penyebab-banjir-sumatera-akan-disanksi,"
Kamis, 08 Jan 2026 17:13 WIB "
Mendagri Ungkap Ada 25 Desa Hilang Akibat Bencana Sumatera,https://news.detik.com/berita/d-8298197/mendagri-ungkap-ada-25-desa-hilang-akibat-bencana-sumatera,"
Kamis, 08 Jan 2026 17:35 WIB "
Pemerintah Ingatkan Warga Tak Salah-Gunakan Gelondongan Kayu Banjir Sumatera,https://news.detik.com/berita/d-8298323/pemerintah-ingatkan-warga-tak-salah-gunakan-gelondongan-kayu-banjir-sumatera,"
Kamis, 08 Jan 2026 18:31 WIB "
Pemerintah Usul Lumpur Bekas Banjir Sumatera Dijadikan Bahan Tanggul,https://news.detik.com/berita/d-8298364/pemerintah-usul-lumpur-bekas-banjir-sumatera-dijadikan-bahan-tanggul,"
Kamis, 08 Jan 2026 19:01 WIB "
Mendagri Bahas Percepatan Rehabilitasi Pascabencana Sumatera,https://news.detik.com/berita/d-8298395/mendagri-bahas-percepatan-rehabilitasi-pascabencana-sumatera,"
Kamis, 08 Jan 2026 19:23 WIB "
Badai Tropis untuk Ilmu Kehutanan,https://news.detik.com/kolom/d-8298867/badai-tropis-untuk-ilmu-kehutanan,"
Jumat, 09 Jan 2026 14:57 WIB "
Warga Korban Bencana di Aceh Tamiang Mulai Tempati Hunian Danantara,https://news.detik.com/berita/d-8299702/warga-korban-bencana-di-aceh-tamiang-mulai-tempati-hunian-danantara,"
Jumat, 09 Jan 2026 16:33 WIB "
"Setelah Air Surut, Petani Sawit di Sumatera Jalani Ritme Hari Berbeda",https://news.detik.com/berita/d-8299470/setelah-air-surut-petani-sawit-di-sumatera-jalani-ritme-hari-berbeda,"
Jumat, 09 Jan 2026 17:00 WIB "
"Haul Pangeran Diponegoro, Wamensos Tekankan Pentingnya Jati Diri Bangsa",https://news.detik.com/berita/d-8299793/haul-pangeran-diponegoro-wamensos-tekankan-pentingnya-jati-diri-bangsa,"
Jumat, 09 Jan 2026 17:05 WIB "
"Banjir Terjang Kabupaten OKU Sumsel, 450 KK Terdampak",https://news.detik.com/berita/d-8300073/banjir-terjang-kabupaten-oku-sumsel-450-kk-terdampak,"
Jumat, 09 Jan 2026 20:01 WIB "
Kemensos Dirikan Dapur Umum & Kirim Bantuan Logistik Korban Banjir Sumsel,https://news.detik.com/berita/d-8300094/kemensos-dirikan-dapur-umum-kirim-bantuan-logistik-korban-banjir-sumsel,"
Jumat, 09 Jan 2026 20:45 WIB "
Pesan Bima Arya Saat Hadiri Serah Terima 600 Unit Huntara di Aceh Tamiang,https://news.detik.com/berita/d-8300115/pesan-bima-arya-saat-hadiri-serah-terima-600-unit-huntara-di-aceh-tamiang,"
Jumat, 09 Jan 2026 21:00 WIB "
"Kunjungi Kampus Muhammadiyah Sumbar, Waka MPR Bicara Mitigasi Krisis Iklim",https://news.detik.com/berita/d-8300443/kunjungi-kampus-muhammadiyah-sumbar-waka-mpr-bicara-mitigasi-krisis-iklim,"
Sabtu, 10 Jan 2026 09:27 WIB "
"Mendagri: Kayu Banjir Sumatera Bisa Dipakai Warga, Bukan Perusahaan Komersial",https://news.detik.com/berita/d-8300885/mendagri-kayu-banjir-sumatera-bisa-dipakai-warga-bukan-perusahaan-komersial,"
Sabtu, 10 Jan 2026 15:15 WIB "
"Maruarar: Pembangunan Huntap di Sumatera Harus Aman, Legal-Dekat Ekosistem",https://news.detik.com/berita/d-8300981/maruarar-pembangunan-huntap-di-sumatera-harus-aman-legal-dekat-ekosistem,"
Sabtu, 10 Jan 2026 16:24 WIB "
"Kemensos Siap Salurkan Bansos untuk Sumatera, Data Jadi Kunci Percepatan",https://news.detik.com/berita/d-8301191/kemensos-siap-salurkan-bansos-untuk-sumatera-data-jadi-kunci-percepatan,"
Sabtu, 10 Jan 2026 19:39 WIB "
Megawati Ungkap Bencana di Sumatera Bikin Generasi Muda Cemas,https://news.detik.com/berita/d-8301246/megawati-ungkap-bencana-di-sumatera-bikin-generasi-muda-cemas,"
Sabtu, 10 Jan 2026 20:47 WIB "
Lebih dari 15 Ribu Siswa di Penjuru Negeri Rasakan Manfaat Sekolah Rakyat,https://news.detik.com/berita/d-8301237/lebih-dari-15-ribu-siswa-di-penjuru-negeri-rasakan-manfaat-sekolah-rakyat,"
Sabtu, 10 Jan 2026 21:00 WIB "
Waka Komisi IV DPR: Warga Manfaatkan Kayu Banjir Sumatera Butuh Payung Hukum,https://news.detik.com/berita/d-8301561/waka-komisi-iv-dpr-warga-manfaatkan-kayu-banjir-sumatera-butuh-payung-hukum,"
Minggu, 11 Jan 2026 09:01 WIB "
Kapolsek Beduai Kalbar Angkut Peti Jenazah Warga yang Terjebak Banjir,https://news.detik.com/berita/d-8302105/kapolsek-beduai-kalbar-angkut-peti-jenazah-warga-yang-terjebak-banjir,"
Minggu, 11 Jan 2026 16:11 WIB "
"Megawati Pantau Penyaluran Bantuan ke Sumatera, Ungkit Momen saat Jadi Wapres",https://news.detik.com/berita/d-8302365/megawati-pantau-penyaluran-bantuan-ke-sumatera-ungkit-momen-saat-jadi-wapres,"
Minggu, 11 Jan 2026 19:22 WIB "
Pemerintah Kebut Pembangunan Hunian Sementara Korban Bencana Sumatera,https://news.detik.com/berita/d-8303211/pemerintah-kebut-pembangunan-hunian-sementara-korban-bencana-sumatera,"
Senin, 12 Jan 2026 13:11 WIB "
BMKG Ungkap Faktor Pemicu Hujan Lebat Guyur Jabodetabek hingga Picu Banjir,https://news.detik.com/berita/d-8303514/bmkg-ungkap-faktor-pemicu-hujan-lebat-guyur-jabodetabek-hingga-picu-banjir,"
Senin, 12 Jan 2026 14:55 WIB "
"Pastikan Kondisi Pascabencana, Tito Cek Langsung Infrastruktur di Aceh",https://news.detik.com/berita/d-8304281/pastikan-kondisi-pascabencana-tito-cek-langsung-infrastruktur-di-aceh,"
Senin, 12 Jan 2026 20:25 WIB "
Biang Kerok Hujan Deras Guyur Jabodetabek di Senin Pagi,https://news.detik.com/berita/d-8304531/biang-kerok-hujan-deras-guyur-jabodetabek-di-senin-pagi,"
Selasa, 13 Jan 2026 07:10 WIB "
"Sedia Payung, Cuaca Sepekan ke Depan Berpotensi Hujan",https://news.detik.com/berita/d-8304314/sedia-payung-cuaca-sepekan-ke-depan-berpotensi-hujan,"
Selasa, 13 Jan 2026 08:00 WIB "
"Wilayah Potensi Banjir Pesisir sampai 5 Februari, Ini Daftarnya!",https://news.detik.com/berita/d-8304859/wilayah-potensi-banjir-pesisir-sampai-5-februari-ini-daftarnya,"
Selasa, 13 Jan 2026 11:18 WIB "
"Korban Bencana Tapteng Ngaku Diusir dari Pengungsian, Pemkab Buka Suara",https://news.detik.com/berita/d-8304993/korban-bencana-tapteng-ngaku-diusir-dari-pengungsian-pemkab-buka-suara,"
Selasa, 13 Jan 2026 12:13 WIB "
Unhan Salurkan Donasi Obat hingga Pendidikan Digital ke Warga Aceh Tamiang,https://news.detik.com/berita/d-8306023/unhan-salurkan-donasi-obat-hingga-pendidikan-digital-ke-warga-aceh-tamiang,"
Selasa, 13 Jan 2026 19:43 WIB "
"Gunung Marapi di Sumbar Erupsi Pagi Ini, Tinggi Kolom Abu Capai 1,6 Km",https://news.detik.com/berita/d-8306529/gunung-marapi-di-sumbar-erupsi-pagi-ini-tinggi-kolom-abu-capai-1-6-km,"
Rabu, 14 Jan 2026 10:40 WIB "
Menhut Sebut Kayu Bencana Sumatera Bisa Dipakai Warga Selama Bukan Komersial,https://news.detik.com/berita/d-8307483/menhut-sebut-kayu-bencana-sumatera-bisa-dipakai-warga-selama-bukan-komersial,"
Rabu, 14 Jan 2026 17:15 WIB "
Menhut Moratorium Penebangan-Pengangkutan Kayu Buntut Bencana Sumatera,https://news.detik.com/berita/d-8308606/menhut-moratorium-penebangan-pengangkutan-kayu-buntut-bencana-sumatera,"
Kamis, 15 Jan 2026 12:52 WIB "
KemenImipas Donasikan Seluruh Hasil Jual Panen Raya ke Korban Bencana Sumatera,https://news.detik.com/berita/d-8308655/kemenimipas-donasikan-seluruh-hasil-jual-panen-raya-ke-korban-bencana-sumatera,"
Kamis, 15 Jan 2026 13:16 WIB "
Menimipas Pesan 5.000 Hijab di BLK Konfeksi Lapas Cirebon untuk Anak-anak di Aceh,https://news.detik.com/berita/d-8308823/menimipas-pesan-5-000-hijab-di-blk-konfeksi-lapas-cirebon-untuk-anak-anak-di-aceh,"
Kamis, 15 Jan 2026 14:20 WIB "
"Rakor Satgas Percepatan Rehabilitasi Pascabencana Sumatera, Ini Prioritasnya",https://news.detik.com/berita/d-8308980/rakor-satgas-percepatan-rehabilitasi-pascabencana-sumatera-ini-prioritasnya,"
Kamis, 15 Jan 2026 15:20 WIB "
"Jelang Ramadan, Pemerintah Kebut Perbaiki Masjid Rusak Pascabencana Sumatera",https://news.detik.com/berita/d-8309129/jelang-ramadan-pemerintah-kebut-perbaiki-masjid-rusak-pascabencana-sumatera,"
Kamis, 15 Jan 2026 16:15 WIB "
24 Desa di Aceh Tengah Masih Terisolasi Usai Bencana,https://news.detik.com/berita/d-8309390/24-desa-di-aceh-tengah-masih-terisolasi-usai-bencana,"
Kamis, 15 Jan 2026 18:07 WIB "
"Bobby Sebut Kerugian Sumut Imbas Bencana Rp 17,4 T, Dana Perbaikan Rp 69 T",https://news.detik.com/berita/d-8309497/bobby-sebut-kerugian-sumut-imbas-bencana-rp-17-4-t-dana-perbaikan-rp-69-t,"
Kamis, 15 Jan 2026 19:12 WIB "
"KLH Gugat 6 Perusahaan Diduga Penyebab Bencana Sumatera Rp 4,8 Triliun",https://news.detik.com/berita/d-8309570/klh-gugat-6-perusahaan-diduga-penyebab-bencana-sumatera-rp-4-8-triliun,"
Kamis, 15 Jan 2026 20:07 WIB "
Mualem Ungkap Jembatan di Aceh Masih Rusak: Siswa Naik Rakit ke Sekolah,https://news.detik.com/berita/d-8309834/mualem-ungkap-jembatan-di-aceh-masih-rusak-siswa-naik-rakit-ke-sekolah,"
Kamis, 15 Jan 2026 23:34 WIB "
"Gubernur Sumbar Ungkap 5 Ribu Rumah Rusak Berat Akibat Bencana, 775 Hanyut",https://news.detik.com/berita/d-8309836/gubernur-sumbar-ungkap-5-ribu-rumah-rusak-berat-akibat-bencana-775-hanyut,"
Kamis, 15 Jan 2026 23:37 WIB "
"Cak Imin: Angka Kemiskinan Nasional Naik 0,49% Imbas Bencana Sumatera",https://news.detik.com/berita/d-8309880/cak-imin-angka-kemiskinan-nasional-naik-0-49-imbas-bencana-sumatera,"
Jumat, 16 Jan 2026 01:56 WIB "
"Hasil Panen Raya Kemenimipas Diberikan untuk Korban Bencana Sumatera, Prioritas Air Bersih",https://news.detik.com/berita/d-8310055/hasil-panen-raya-kemenimipas-diberikan-untuk-korban-bencana-sumatera-prioritas-air-bersih,"
Jumat, 16 Jan 2026 10:15 WIB "
"InJourney Kembali Salurkan Bantuan untuk Sumatera, Kirim 44 Relawan",https://news.detik.com/berita/d-8310793/injourney-kembali-salurkan-bantuan-untuk-sumatera-kirim-44-relawan,"
Jumat, 16 Jan 2026 18:59 WIB "
Menteri PU Sebut Seluruh Jembatan Nasional di Aceh-Sumut Sudah Berfungsi,https://news.detik.com/berita/d-8310880/menteri-pu-sebut-seluruh-jembatan-nasional-di-aceh-sumut-sudah-berfungsi,"
Jumat, 16 Jan 2026 20:17 WIB "
"PSI Banten Gelar Istighosah Bareng Ulama di Pandeglang, Doakan Korban Bencana",https://news.detik.com/berita/d-8311093/psi-banten-gelar-istighosah-bareng-ulama-di-pandeglang-doakan-korban-bencana,"
Sabtu, 17 Jan 2026 02:13 WIB "
"Pemerintah Kembalikan TKD Aceh-Sumut-Sumbar Imbas Bencana, Nilainya Rp 10,6 T",https://news.detik.com/berita/d-8312017/pemerintah-kembalikan-tkd-aceh-sumut-sumbar-imbas-bencana-nilainya-rp-10-6-t,"
Sabtu, 17 Jan 2026 22:01 WIB "
Pemerintah Beri Atensi Khusus ke 17 Wilayah di Aceh-Sumatera Usai Bencana,https://news.detik.com/berita/d-8312022/pemerintah-beri-atensi-khusus-ke-17-wilayah-di-aceh-sumatera-usai-bencana,"
Sabtu, 17 Jan 2026 22:08 WIB "
"Mendagri Harap TKD Aceh-Sumut-Sumbar Rp 10,6 T Diproses Senin Pekan Depan",https://news.detik.com/berita/d-8312039/mendagri-harap-tkd-aceh-sumut-sumbar-rp-10-6-t-diproses-senin-pekan-depan,"
Sabtu, 17 Jan 2026 22:21 WIB "
"Mendagri Ingatkan TKD Rp 10,6 T ke Aceh-Sumut-Sumbar Jangan Diselewengkan",https://news.detik.com/berita/d-8312044/mendagri-ingatkan-tkd-rp-10-6-t-ke-aceh-sumut-sumbar-jangan-diselewengkan,"
Sabtu, 17 Jan 2026 22:38 WIB "
Andre Rosiade Jelaskan Kendala Jembatan-Jalan Rusak di Pasaman Belum Dibangun,https://news.detik.com/berita/d-8313546/andre-rosiade-jelaskan-kendala-jembatan-jalan-rusak-di-pasaman-belum-dibangun,"
Senin, 19 Jan 2026 10:24 WIB "
"Andre Rosiade Tinjau Huntara Batang Anai, Targetkan Rampung Pekan Ini",https://news.detik.com/berita/d-8313811/andre-rosiade-tinjau-huntara-batang-anai-targetkan-rampung-pekan-ini,"
Senin, 19 Jan 2026 12:23 WIB "
Menteri ATR Sebut Sertifikat Tanah Hilang Pascabencana Sumatera Tetap Diakui,https://news.detik.com/berita/d-8314257/menteri-atr-sebut-sertifikat-tanah-hilang-pascabencana-sumatera-tetap-diakui,"
Senin, 19 Jan 2026 15:28 WIB "
Menteri ATR Ungkap Satgas PKH Selidiki Penyalahgunaan Hutan di Aceh-Sumut-Sumbar,https://news.detik.com/berita/d-8314870/menteri-atr-ungkap-satgas-pkh-selidiki-penyalahgunaan-hutan-di-aceh-sumut-sumbar,"
Senin, 19 Jan 2026 19:57 WIB "
"Andre Rosiade Kawal Perbaikan Jalan Malalak di Agam, Anggaran Rp 670 M",https://news.detik.com/berita/d-8314911/andre-rosiade-kawal-perbaikan-jalan-malalak-di-agam-anggaran-rp-670-m,"
Senin, 19 Jan 2026 20:33 WIB "
"Andre Rosiade: Presiden Kucurkan Rp 18,3 T untuk Sumbar, Jalan-Jembatan Dapat Rp 3,24 T",https://news.detik.com/berita/d-8315306/andre-rosiade-presiden-kucurkan-rp-18-3-t-untuk-sumbar-jalan-jembatan-dapat-rp-3-24-t,"
Selasa, 20 Jan 2026 09:33 WIB "
"Korban Tewas Bencana Sumatera 1.199 Orang, 114 Ribu Warga Masih Mengungsi",https://news.detik.com/berita/d-8315463/korban-tewas-bencana-sumatera-1-199-orang-114-ribu-warga-masih-mengungsi,"
Selasa, 20 Jan 2026 11:12 WIB "
"Percepat Pemulihan Pascabencana, Andre Rosiade Sambangi BWSS V Padang",https://news.detik.com/berita/d-8315827/percepat-pemulihan-pascabencana-andre-rosiade-sambangi-bwss-v-padang,"
Selasa, 20 Jan 2026 13:56 WIB "
Kemensos Gandeng BNPB & Pemda Salurkan Santunan Korban Banjir Sumatera,https://news.detik.com/berita/d-8315846/kemensos-gandeng-bnpb-pemda-salurkan-santunan-korban-banjir-sumatera,"
Selasa, 20 Jan 2026 14:05 WIB "
"Menhub: Angkutan Natal-Tahun Baru Aman dan Lancar, Pergerakan Naik 16,65%",https://news.detik.com/berita/d-8315910/menhub-angkutan-natal-tahun-baru-aman-dan-lancar-pergerakan-naik-16-65,"
Selasa, 20 Jan 2026 14:42 WIB "
Pemda Diminta Sampaikan Data Kebutuhan Pascabencana Secara Presisi-Akurat,https://news.detik.com/berita/d-8316223/pemda-diminta-sampaikan-data-kebutuhan-pascabencana-secara-presisi-akurat,"
Selasa, 20 Jan 2026 16:53 WIB "
"Prabowo Cabut Izin 28 Perusahaan Terkait Bencana di Aceh, Sumut, dan Sumbar",https://news.detik.com/berita/d-8316583/prabowo-cabut-izin-28-perusahaan-terkait-bencana-di-aceh-sumut-dan-sumbar,"
Selasa, 20 Jan 2026 19:40 WIB "
Prabowo Cabut 28 Izin Perusahaan Penyebab Banjir Sumatera,https://news.detik.com/berita/d-8316747/prabowo-cabut-28-izin-perusahaan-penyebab-banjir-sumatera,"
Rabu, 21 Jan 2026 07:58 WIB "
"13 Desa di Pasuruan Banjir, Ribuan Keluarga Terdampak",https://news.detik.com/berita/d-8317139/13-desa-di-pasuruan-banjir-ribuan-keluarga-terdampak,"
Rabu, 21 Jan 2026 10:00 WIB "
Kedaulatan Hijau: Mengunci Pintu Bagi Spekulan Hutan,https://news.detik.com/kolom/d-8317598/kedaulatan-hijau-mengunci-pintu-bagi-spekulan-hutan,"
Rabu, 21 Jan 2026 13:29 WIB "
BPBD Jakarta Lanjut Operasi Modifikasi Cuaca Hari Ini,https://news.detik.com/berita/d-8318776/bpbd-jakarta-lanjut-operasi-modifikasi-cuaca-hari-ini,"
Kamis, 22 Jan 2026 07:42 WIB "
Menbud Paparkan Evaluasi Kinerja 2025 & Renja 2026 di Rapat Kerja Komisi X,https://news.detik.com/berita/d-8318816/menbud-paparkan-evaluasi-kinerja-2025-renja-2026-di-rapat-kerja-komisi-x,"
Kamis, 22 Jan 2026 08:14 WIB "
Penampakan Operasi Modifikasi Cuaca BPBD Jakarta untuk Cegah Banjir,https://news.detik.com/berita/d-8318844/penampakan-operasi-modifikasi-cuaca-bpbd-jakarta-untuk-cegah-banjir,"
Kamis, 22 Jan 2026 08:30 WIB "
Komisi IV DPR Desak Usut Tuntas 28 Perusahaan Terkait Banjir Sumatera,https://news.detik.com/berita/d-8318870/komisi-iv-dpr-desak-usut-tuntas-28-perusahaan-terkait-banjir-sumatera,"
Kamis, 22 Jan 2026 09:01 WIB "
"Jaga Identitas Budaya, Menbud Resmikan Pengembangan Candi Plaosan Tahap 1",https://news.detik.com/berita/d-8318898/jaga-identitas-budaya-menbud-resmikan-pengembangan-candi-plaosan-tahap-1,"
Kamis, 22 Jan 2026 09:22 WIB "
Tito Karnavian Minta Renovasi Sekolah Terdampak Banjir di Pidie Jaya Dipercepat,https://news.detik.com/berita/d-8318970/tito-karnavian-minta-renovasi-sekolah-terdampak-banjir-di-pidie-jaya-dipercepat,"
Kamis, 22 Jan 2026 10:50 WIB "
"Komisi VI DPR RI Tinjau Pembangunan Huntara di Batang Anai, Progres 90%",https://news.detik.com/berita/d-8319145/komisi-vi-dpr-ri-tinjau-pembangunan-huntara-di-batang-anai-progres-90,"
Kamis, 22 Jan 2026 12:06 WIB "
"Nyaris Tewas gegara Kena Puntung Rokok Pemobil, Mahasiswa Gugat UU ke MK",https://news.detik.com/berita/d-8319184/nyaris-tewas-gegara-kena-puntung-rokok-pemobil-mahasiswa-gugat-uu-ke-mk,"
Kamis, 22 Jan 2026 12:22 WIB "
Andre Rosiade Dorong Sepablock Semen Padang Jadi Solusi Huntap Nasional,https://news.detik.com/berita/d-8319499/andre-rosiade-dorong-sepablock-semen-padang-jadi-solusi-huntap-nasional,"
Kamis, 22 Jan 2026 14:22 WIB "
"Bermunculan Parpol Baru, Dampak Penghapusan Presidential Threshold?",https://news.detik.com/berita/d-8319476/bermunculan-parpol-baru-dampak-penghapusan-presidential-threshold,"
Kamis, 22 Jan 2026 14:45 WIB "
Anggota DPR F-PDIP Colek Bahlil: Jakarta Banjir Saya Kena Mati Listrik,https://news.detik.com/berita/d-8319642/anggota-dpr-f-pdip-colek-bahlil-jakarta-banjir-saya-kena-mati-listrik,"
Kamis, 22 Jan 2026 15:25 WIB "
Bahlil: Saya Menteri Gagal Kalau Saudara Kita di Desa Belum Dapat Listrik,https://news.detik.com/berita/d-8319820/bahlil-saya-menteri-gagal-kalau-saudara-kita-di-desa-belum-dapat-listrik,"
Kamis, 22 Jan 2026 16:30 WIB "
Tito Pastikan Penanganan Darurat di Aceh Utara Berjalan Cepat,https://news.detik.com/berita/d-8319920/tito-pastikan-penanganan-darurat-di-aceh-utara-berjalan-cepat,"
Kamis, 22 Jan 2026 17:25 WIB "
Green Sufisme dan Deforestasi di Indonesia,https://news.detik.com/kolom/d-8320844/green-sufisme-dan-deforestasi-di-indonesia,"
Jumat, 23 Jan 2026 10:05 WIB "
Tito Salurkan Bantuan Terpadu untuk Pemulihan Aceh Tamiang,https://news.detik.com/berita/d-8321753/tito-salurkan-bantuan-terpadu-untuk-pemulihan-aceh-tamiang,"
Jumat, 23 Jan 2026 17:11 WIB "
"Kunjungi Aceh Utara, Tito Makan Bareng Pengungsi di Dusun Seulemak",https://news.detik.com/berita/d-8322009/kunjungi-aceh-utara-tito-makan-bareng-pengungsi-di-dusun-seulemak,"
Jumat, 23 Jan 2026 19:02 WIB "
Tito Dorong Pembukaan Akses dan Penataan Hunian Pascabencana Aceh Timur,https://news.detik.com/berita/d-8322138/tito-dorong-pembukaan-akses-dan-penataan-hunian-pascabencana-aceh-timur,"
Jumat, 23 Jan 2026 20:18 WIB "
"Tinjau Lokasi Bencana, Tito Puji Normalisasi Sungai di Tapteng",https://news.detik.com/berita/d-8322808/tinjau-lokasi-bencana-tito-puji-normalisasi-sungai-di-tapteng,"
Sabtu, 24 Jan 2026 12:53 WIB "
"Tinjau SD di Tapteng, Tito Pastikan Kebut Pemulihan Sekolah Pascabencana",https://news.detik.com/berita/d-8323273/tinjau-sd-di-tapteng-tito-pastikan-kebut-pemulihan-sekolah-pascabencana,"
Sabtu, 24 Jan 2026 17:59 WIB "
"Mensos Salurkan Santunan Duka di Aceh Utara, Total Rp 4 Miliar",https://news.detik.com/berita/d-8323307/mensos-salurkan-santunan-duka-di-aceh-utara-total-rp-4-miliar,"
Sabtu, 24 Jan 2026 18:24 WIB "
"Menko AHY Tinjau SMPN 1 Karang Baru, Pastikan Pemulihan Pascabanjir",https://news.detik.com/berita/d-8323582/menko-ahy-tinjau-smpn-1-karang-baru-pastikan-pemulihan-pascabanjir,"
Sabtu, 24 Jan 2026 21:21 WIB "
AHY Dorong Pemulihan Fasilitas Pendidikan di Aceh Tamiang Dipercepat,https://news.detik.com/berita/d-8324873/ahy-dorong-pemulihan-fasilitas-pendidikan-di-aceh-tamiang-dipercepat,"
Minggu, 25 Jan 2026 20:34 WIB "
Menkes Minta Tambah Anggaran Perbaikan RS-Faskes Pascabanjir Sumatera Rp 529 M,https://news.detik.com/berita/d-8325646/menkes-minta-tambah-anggaran-perbaikan-rs-faskes-pascabanjir-sumatera-rp-529-m,"
Senin, 26 Jan 2026 12:58 WIB "
Menkes Gencarkan Imunisasi untuk Atasi Campak Usai Bencana Sumatera,https://news.detik.com/berita/d-8325693/menkes-gencarkan-imunisasi-untuk-atasi-campak-usai-bencana-sumatera,"
Senin, 26 Jan 2026 13:22 WIB "
"Waspada! Besok Jakarta Potensi Hujan Lebat, Jabar Kategori Ekstrem",https://news.detik.com/berita/d-8325751/waspada-besok-jakarta-potensi-hujan-lebat-jabar-kategori-ekstrem,"
Senin, 26 Jan 2026 13:47 WIB "
"KSAL: 23 Anggota Marinir Tertimbun Longsor Cisarua, 4 Ditemukan Meninggal",https://news.detik.com/berita/d-8325879/ksal-23-anggota-marinir-tertimbun-longsor-cisarua-4-ditemukan-meninggal,"
Senin, 26 Jan 2026 14:43 WIB "
Kemenag Salurkan Al-Qur'an hingga Alkitab untuk Korban Bencana Sumatera,https://news.detik.com/berita/d-8326218/kemenag-salurkan-al-quran-hingga-alkitab-untuk-korban-bencana-sumatera,"
Senin, 26 Jan 2026 16:52 WIB "
Anggota DPR Cecar Menteri LH: Apa Harus Bencana Dulu Baru Ada Pencabutan Izin?,https://news.detik.com/berita/d-8326349/anggota-dpr-cecar-menteri-lh-apa-harus-bencana-dulu-baru-ada-pencabutan-izin,"
Senin, 26 Jan 2026 17:51 WIB "
"Kemendikdasmen Salurkan Rp 32,9 M buat Guru Terdampak Bencana Sumatera",https://news.detik.com/berita/d-8326404/kemendikdasmen-salurkan-rp-32-9-m-buat-guru-terdampak-bencana-sumatera,"
Senin, 26 Jan 2026 18:12 WIB "
"Diprediksi Hujan Lebat, Modifikasi Cuaca di Jakarta Dilanjutkan Hari ini",https://news.detik.com/berita/d-8326837/diprediksi-hujan-lebat-modifikasi-cuaca-di-jakarta-dilanjutkan-hari-ini,"
Selasa, 27 Jan 2026 06:18 WIB "
"Masih Ada Titik Banjir, BPBD Bekasi Minta OMC Lanjut Antisipasi Hujan Ekstrem",https://news.detik.com/berita/d-8326896/masih-ada-titik-banjir-bpbd-bekasi-minta-omc-lanjut-antisipasi-hujan-ekstrem,"
Selasa, 27 Jan 2026 08:17 WIB "
"Antisipasi Banjir, Pemprov DKI Bakal Masif Keruk Sungai hingga Saluran Air",https://news.detik.com/berita/d-8326915/antisipasi-banjir-pemprov-dki-bakal-masif-keruk-sungai-hingga-saluran-air,"
Selasa, 27 Jan 2026 08:45 WIB "
"Update Bencana Sumatera: 1.201 Orang Tewas, 113 Ribu Warga Masih Ngungsi",https://news.detik.com/berita/d-8327048/update-bencana-sumatera-1-201-orang-tewas-113-ribu-warga-masih-ngungsi,"
Selasa, 27 Jan 2026 10:24 WIB "
"Pemulihan Pascabencana Aceh, 70 Relawan BRI Peduli Bersih-bersih Sekolah",https://news.detik.com/berita/d-8327351/pemulihan-pascabencana-aceh-70-relawan-bri-peduli-bersih-bersih-sekolah,"
Selasa, 27 Jan 2026 12:37 WIB "
Menteri PU Targetkan Puskesmas Darurat Pascabencana Sumatera Sebelum Ramadan,https://news.detik.com/berita/d-8327697/menteri-pu-targetkan-puskesmas-darurat-pascabencana-sumatera-sebelum-ramadan,"
Selasa, 27 Jan 2026 15:03 WIB "
"Ara Bangun 2.603 Huntap Korban Bencana Sumatera, Ini Target Jadwal Rampungnya",https://news.detik.com/berita/d-8327790/ara-bangun-2-603-huntap-korban-bencana-sumatera-ini-target-jadwal-rampungnya,"
Selasa, 27 Jan 2026 15:45 WIB "
"29 Desa di Aceh dan Sumut Hilang Terdampak Bencana, Ada yang Jadi Sungai",https://news.detik.com/berita/d-8327807/29-desa-di-aceh-dan-sumut-hilang-terdampak-bencana-ada-yang-jadi-sungai,"
Selasa, 27 Jan 2026 15:51 WIB "
"28 Perusahaan Dicabut Izin Usai Bencana Sumatera, Satgas PKH Data Pelanggaran",https://news.detik.com/berita/d-8328048/28-perusahaan-dicabut-izin-usai-bencana-sumatera-satgas-pkh-data-pelanggaran,"
Selasa, 27 Jan 2026 17:34 WIB "
Mensos Ungkap Anggaran Penanganan Pascabencana Sumatera Butuh Rp 2 Triliun,https://news.detik.com/berita/d-8328528/mensos-ungkap-anggaran-penanganan-pascabencana-sumatera-butuh-rp-2-triliun,"
Selasa, 27 Jan 2026 21:51 WIB "
Banyak Desa Jadi Sungai Pascabencana di Sumatera,https://news.detik.com/berita/d-8328551/banyak-desa-jadi-sungai-pascabencana-di-sumatera,"
Selasa, 27 Jan 2026 22:11 WIB "
Mensos Ungkap Sudah Ada 34 Titik Kejadian Bencana di Awal 2026,https://news.detik.com/berita/d-8328559/mensos-ungkap-sudah-ada-34-titik-kejadian-bencana-di-awal-2026,"
Selasa, 27 Jan 2026 22:19 WIB "
Kemenbud Susun Peta Jalan Ekosistem Musik Indonesia Timur,https://news.detik.com/berita/d-8329083/kemenbud-susun-peta-jalan-ekosistem-musik-indonesia-timur,"
Rabu, 28 Jan 2026 11:53 WIB "
Kapan Musim Hujan 2026 Berakhir? Ini Prediksi BMKG,https://news.detik.com/berita/d-8330010/kapan-musim-hujan-2026-berakhir-ini-prediksi-bmkg,"
Rabu, 28 Jan 2026 18:29 WIB "
Komisi X DPR RI Apresiasi BRIN atas Penguatan Riset dan Inovasi,https://news.detik.com/berita/d-8330119/komisi-x-dpr-ri-apresiasi-brin-atas-penguatan-riset-dan-inovasi,"
Rabu, 28 Jan 2026 19:37 WIB "
Taruna Akpol Bersihkan Fasilitas Publik Terdampak Banjir di Aceh Tamiang,https://news.detik.com/berita/d-8330516/taruna-akpol-bersihkan-fasilitas-publik-terdampak-banjir-di-aceh-tamiang,"
Kamis, 29 Jan 2026 09:16 WIB "
"Andre Rosiade Dampingi Menteri PU Cek Perbaikan Jl Malalak, Anggaran Rp 667 M",https://news.detik.com/berita/d-8330738/andre-rosiade-dampingi-menteri-pu-cek-perbaikan-jl-malalak-anggaran-rp-667-m,"
Kamis, 29 Jan 2026 11:39 WIB "
"111 Ribu Warga Masih Ngungsi Pascabencana di Aceh, Sumut, dan Sumbar",https://news.detik.com/berita/d-8331108/111-ribu-warga-masih-ngungsi-pascabencana-di-aceh-sumut-dan-sumbar,"
Kamis, 29 Jan 2026 14:32 WIB "
245 Unit Huntara di Desa Napa Tapsel Ditarget Rampung 14 Februari,https://news.detik.com/berita/d-8331816/245-unit-huntara-di-desa-napa-tapsel-ditarget-rampung-14-februari,"
Kamis, 29 Jan 2026 17:58 WIB "
Andre Rosiade: Menteri PU Sepakat Bangun Lagi Jalan Bayang-Alahan Panjang,https://news.detik.com/berita/d-8332169/andre-rosiade-menteri-pu-sepakat-bangun-lagi-jalan-bayang-alahan-panjang,"
Jumat, 30 Jan 2026 06:51 WIB "
Andre Rosiade-Menteri PU Pastikan Irigasi Gunung Nago Direkonstruksi,https://news.detik.com/berita/d-8332916/andre-rosiade-menteri-pu-pastikan-irigasi-gunung-nago-direkonstruksi,"
Jumat, 30 Jan 2026 15:02 WIB "
Kemensos Kirim Ribuan Paket Bantuan buat Korban Bencana Banjir di Subang,https://news.detik.com/berita/d-8333006/kemensos-kirim-ribuan-paket-bantuan-buat-korban-bencana-banjir-di-subang,"
Jumat, 30 Jan 2026 15:34 WIB "
Andre Rosiade: Menteri PU Akan Bangun Intake Pengganti Gunung Pangilun Rp 400 M,https://news.detik.com/berita/d-8333339/andre-rosiade-menteri-pu-akan-bangun-intake-pengganti-gunung-pangilun-rp-400-m,"
Jumat, 30 Jan 2026 18:16 WIB "
Pemerintah Dorong Akselerasi Pembangunan Huntara Tiga Kabupaten di Sumut,https://news.detik.com/berita/d-8333531/pemerintah-dorong-akselerasi-pembangunan-huntara-tiga-kabupaten-di-sumut,"
Jumat, 30 Jan 2026 19:44 WIB "
DPD RI Tekankan Kearifan Lokal untuk Atasi Bencana Ekologi di Indonesia,https://news.detik.com/berita/d-8333623/dpd-ri-tekankan-kearifan-lokal-untuk-atasi-bencana-ekologi-di-indonesia,"
Jumat, 30 Jan 2026 21:03 WIB "
"Andre Rosiade Terima R3P Sumbar, Kawal Anggaran Pemulihan Pascabencana",https://news.detik.com/berita/d-8334026/andre-rosiade-terima-r3p-sumbar-kawal-anggaran-pemulihan-pascabencana,"
Sabtu, 31 Jan 2026 11:04 WIB "
"PDIP Dorong TKD Dikembalikan: Cuaca Ekstrem, Daerah Harus Siaga",https://news.detik.com/berita/d-8334210/pdip-dorong-tkd-dikembalikan-cuaca-ekstrem-daerah-harus-siaga,"
Sabtu, 31 Jan 2026 13:40 WIB "
Legislator Gerindra Kawal Peningkatan Layanan Kesehatan di Padang Pariaman,https://news.detik.com/berita/d-8334517/legislator-gerindra-kawal-peningkatan-layanan-kesehatan-di-padang-pariaman,"
Sabtu, 31 Jan 2026 17:03 WIB "
Mensos Gus Ipul Serahkan Santunan Ahli Waris Korban Banjir Deli Serdang,https://news.detik.com/berita/d-8334521/mensos-gus-ipul-serahkan-santunan-ahli-waris-korban-banjir-deli-serdang,"
Sabtu, 31 Jan 2026 17:08 WIB "
Andre Rosiade Apresiasi Dony Oskaria Bangun Ratusan Huntara Korban Bencana di Sumbar,https://news.detik.com/berita/d-8334730/andre-rosiade-apresiasi-dony-oskaria-bangun-ratusan-huntara-korban-bencana-di-sumbar,"
Sabtu, 31 Jan 2026 20:14 WIB "
"Pemulihan Pascabencana Sumbar, Andre Rosiade: 28 Huntara Guguak Malalo Siap Dihuni",https://news.detik.com/berita/d-8336143/pemulihan-pascabencana-sumbar-andre-rosiade-28-huntara-guguak-malalo-siap-dihuni,"
Senin, 02 Feb 2026 08:51 WIB "
Konser Kemanusiaan Diaspora RI di London untuk Korban Banjir Sumatera,https://news.detik.com/internasional/d-8337104/konser-kemanusiaan-diaspora-ri-di-london-untuk-korban-banjir-sumatera,"
Senin, 02 Feb 2026 16:25 WIB "
AdaKami Salurkan Bantuan dan Relaksasi bagi Korban Banjir Sumatra,https://news.detik.com/berita/d-8338021/adakami-salurkan-bantuan-dan-relaksasi-bagi-korban-banjir-sumatra,"
Selasa, 03 Feb 2026 09:59 WIB "
"Antisipasi Banjir Meluap, BBWS C3 Bangun Tanggul di Km 50 Tol Merak",https://news.detik.com/berita/d-8338142/antisipasi-banjir-meluap-bbws-c3-bangun-tanggul-di-km-50-tol-merak,"
Selasa, 03 Feb 2026 11:02 WIB "
BNPB Ungkap Sejumlah Wilayah RI Rentan Bencana karena Alih Fungsi Lahan,https://news.detik.com/berita/d-8338912/bnpb-ungkap-sejumlah-wilayah-ri-rentan-bencana-karena-alih-fungsi-lahan,"
Selasa, 03 Feb 2026 16:40 WIB "
Mendagri Puji Dedikasi Praja IPDN-ASN Selama Bertugas di Aceh Tamiang,https://news.detik.com/berita/d-8338974/mendagri-puji-dedikasi-praja-ipdn-asn-selama-bertugas-di-aceh-tamiang,"
Selasa, 03 Feb 2026 16:59 WIB "
Mendagri: Pascabencana Aceh Tamiang Jadi Praktik Nyata Praja IPDN-ASN,https://news.detik.com/berita/d-8339129/mendagri-pascabencana-aceh-tamiang-jadi-praktik-nyata-praja-ipdn-asn,"
Selasa, 03 Feb 2026 18:15 WIB "
Momen Pasha 'Ungu' Nyanyi Lagu Noah Saat Rapat Bahas Bencana di DPR,https://news.detik.com/berita/d-8339406/momen-pasha-ungu-nyanyi-lagu-noah-saat-rapat-bahas-bencana-di-dpr,"
Selasa, 03 Feb 2026 21:19 WIB "
Kemensos Perkuat Mitigasi & Penanganan Bencana di 2026,https://news.detik.com/berita/d-8340208/kemensos-perkuat-mitigasi-penanganan-bencana-di-2026,"
Rabu, 04 Feb 2026 13:46 WIB "
Putra Mahkota UEA Ucapkan Belasungkawa Bencana Sumatera Saat Bertemu Megawati,https://news.detik.com/berita/d-8341268/putra-mahkota-uea-ucapkan-belasungkawa-bencana-sumatera-saat-bertemu-megawati,"
Kamis, 05 Feb 2026 05:14 WIB "
"Gunung Marapi Sumbar Erupsi 25 Detik, Warga-Pendaki Diminta Jaga Jarak 3 Km",https://news.detik.com/berita/d-8341695/gunung-marapi-sumbar-erupsi-25-detik-warga-pendaki-diminta-jaga-jarak-3-km,"
Kamis, 05 Feb 2026 12:08 WIB "
BMKG Wanti-wanti Potensi Banjir-Longsor Akibat Hujan Ekstrem 400 Mm Per Hari,https://news.detik.com/berita/d-8342293/bmkg-wanti-wanti-potensi-banjir-longsor-akibat-hujan-ekstrem-400-mm-per-hari,"
Kamis, 05 Feb 2026 16:45 WIB "
PM Australia Sampaikan Belasungkawa Bencana Banjir di Sumatera-Jabar,https://news.detik.com/berita/d-8343584/pm-australia-sampaikan-belasungkawa-bencana-banjir-di-sumatera-jabar,"
Jumat, 06 Feb 2026 13:34 WIB "
Pengukuhan Pengurus MUI Diiringi Doa Bersama untuk Korban Bencana Sumatera,https://news.detik.com/berita/d-8345069/pengukuhan-pengurus-mui-diiringi-doa-bersama-untuk-korban-bencana-sumatera,"
Sabtu, 07 Feb 2026 12:51 WIB "
MUI Bakal Revitalisasi 500 Rumah Guru Ngaji-Marbut Terdampak Bencana Sumatera,https://news.detik.com/berita/d-8345143/mui-bakal-revitalisasi-500-rumah-guru-ngaji-marbut-terdampak-bencana-sumatera,"
Sabtu, 07 Feb 2026 13:42 WIB "
"MUI: Penanggulangan Bencana Tanggung Jawab Bersama, Bukan Hanya Pemerintah",https://news.detik.com/berita/d-8345307/mui-penanggulangan-bencana-tanggung-jawab-bersama-bukan-hanya-pemerintah,"
Sabtu, 07 Feb 2026 15:26 WIB "
Mendagri Ungkap Tantangan Terberat Pemulihan Pascabencana di Sumatera,https://news.detik.com/berita/d-8345429/mendagri-ungkap-tantangan-terberat-pemulihan-pascabencana-di-sumatera,"
Sabtu, 07 Feb 2026 16:58 WIB "
Mendagri: Bencana Banjir-Longsor Sumatera Beda dengan Tsunami Aceh 2004,https://news.detik.com/berita/d-8345555/mendagri-bencana-banjir-longsor-sumatera-beda-dengan-tsunami-aceh-2004,"
Sabtu, 07 Feb 2026 19:07 WIB "
Hibah Bencana dan Akuntabilitas Publik,https://news.detik.com/kolom/d-8344299/hibah-bencana-dan-akuntabilitas-publik,"
Minggu, 08 Feb 2026 09:00 WIB "
Pengantin di Sumsel Gelar Resepsi Nikah di Tengah Banjir,https://news.detik.com/berita/d-8347406/pengantin-di-sumsel-gelar-resepsi-nikah-di-tengah-banjir,"
Senin, 09 Feb 2026 10:59 WIB "
Andre Rosiade Cek Proyek Jembatan Duku-Subarang: Ini Amanah Prabowo,https://news.detik.com/berita/d-8348290/andre-rosiade-cek-proyek-jembatan-duku-subarang-ini-amanah-prabowo,"
Senin, 09 Feb 2026 17:40 WIB "
"Andre Rosiade Cek Pembangunan Jembatan Limau Gadang, Pastikan Rampung Agustus",https://news.detik.com/berita/d-8348620/andre-rosiade-cek-pembangunan-jembatan-limau-gadang-pastikan-rampung-agustus,"
Senin, 09 Feb 2026 20:19 WIB "
"Wagub Sebut 13 Desa di Aceh Masih Mati Listrik Pascabencana, Bakal Kirim Genset",https://news.detik.com/berita/d-8349340/wagub-sebut-13-desa-di-aceh-masih-mati-listrik-pascabencana-bakal-kirim-genset,"
Selasa, 10 Feb 2026 12:55 WIB "
"Kunjungi Aceh, Pimpinan MPR Salurkan 30 Ribu Paket Sembako dan Ibadah",https://news.detik.com/berita/d-8349450/kunjungi-aceh-pimpinan-mpr-salurkan-30-ribu-paket-sembako-dan-ibadah,"
Selasa, 10 Feb 2026 13:45 WIB "
Muzani Ungkap Curhat Mualem soal Banjir Aceh: Ini Tsunami Kedua Pak,https://news.detik.com/berita/d-8349751/muzani-ungkap-curhat-mualem-soal-banjir-aceh-ini-tsunami-kedua-pak,"
Selasa, 10 Feb 2026 16:02 WIB "
"Mendagri: Bantuan Rp 4,7 T untuk Korban Bencana Sumatera Dicairkan Lusa",https://news.detik.com/berita/d-8350197/mendagri-bantuan-rp-4-7-t-untuk-korban-bencana-sumatera-dicairkan-lusa,"
Selasa, 10 Feb 2026 19:19 WIB "
Mendagri Ungkap Progres Pemulihan 46 Daerah Bencana Sumatera,https://news.detik.com/berita/d-8350217/mendagri-ungkap-progres-pemulihan-46-daerah-bencana-sumatera,"
Selasa, 10 Feb 2026 19:33 WIB "
Andre Rosiade Bagikan Sembako-Ungkap Progres Pembangunan di Batung Taba,https://news.detik.com/berita/d-8350331/andre-rosiade-bagikan-sembako-ungkap-progres-pembangunan-di-batung-taba,"
Selasa, 10 Feb 2026 21:25 WIB "
Waka MPR Serahkan Bantuan untuk Korban Banjir & Longsor di Aceh,https://news.detik.com/berita/d-8350765/waka-mpr-serahkan-bantuan-untuk-korban-banjir-longsor-di-aceh,"
Rabu, 11 Feb 2026 10:19 WIB "
"Ketua MPR Temui Ulama Aceh, Bahas Pemulihan dan Bantuan Ramadan",https://news.detik.com/berita/d-8350860/ketua-mpr-temui-ulama-aceh-bahas-pemulihan-dan-bantuan-ramadan,"
Rabu, 11 Feb 2026 11:10 WIB "
"37 Daerah Terdampak Banjir Sumatera Sudah Normal, 11 Masih Butuh Perhatian",https://news.detik.com/berita/d-8351338/37-daerah-terdampak-banjir-sumatera-sudah-normal-11-masih-butuh-perhatian,"
Rabu, 11 Feb 2026 15:21 WIB "
Tito Sebut Pembersihan Lumpur Pascabencana Sumatera Buka Jalur Distribusi,https://news.detik.com/berita/d-8351506/tito-sebut-pembersihan-lumpur-pascabencana-sumatera-buka-jalur-distribusi,"
Rabu, 11 Feb 2026 16:33 WIB "
Pemerintah Kebut Rehabilitasi Sarana Pendidikan Pascabencana di Sumatera,https://news.detik.com/berita/d-8351546/pemerintah-kebut-rehabilitasi-sarana-pendidikan-pascabencana-di-sumatera,"
Rabu, 11 Feb 2026 16:55 WIB "
Menkes Ungkap 414 Puskesmas Terdampak Banjir Sumatera Kini Sudah Beroperasi,https://news.detik.com/berita/d-8351742/menkes-ungkap-414-puskesmas-terdampak-banjir-sumatera-kini-sudah-beroperasi,"
Rabu, 11 Feb 2026 18:26 WIB "
Mendagri Sebut Butuh 3 Tahun Pulihkan Total Daerah Terdampak Banjir Sumatera,https://news.detik.com/berita/d-8351763/mendagri-sebut-butuh-3-tahun-pulihkan-total-daerah-terdampak-banjir-sumatera,"
Rabu, 11 Feb 2026 18:36 WIB "
"BNPB: Pengungsi Korban Bencana Sumatera Tinggal 47 Ribu, Terbanyak di Aceh",https://news.detik.com/berita/d-8351822/bnpb-pengungsi-korban-bencana-sumatera-tinggal-47-ribu-terbanyak-di-aceh,"
Rabu, 11 Feb 2026 19:14 WIB "
Video Pengungsi Banjir Sumatera Turun Menjadi 74 Ribu Jiwa,https://20.detik.com/detikupdate/20260211-260211050/video-pengungsi-banjir-sumatera-turun-menjadi-74-ribu-jiwa,"
Rabu, 11 Feb 2026 19:37 WIB "
"6 Kecamatan di Tapteng Diterjang Banjir Bandang, Jembatan Darurat Hanyut",https://news.detik.com/berita/d-8352087/6-kecamatan-di-tapteng-diterjang-banjir-bandang-jembatan-darurat-hanyut,"
Rabu, 11 Feb 2026 22:51 WIB "
Waspada! Banjir Rob Diprediksi Terjadi di Sejumlah Pesisir RI 12-19 Februari,https://news.detik.com/berita/d-8352159/waspada-banjir-rob-diprediksi-terjadi-di-sejumlah-pesisir-ri-12-19-februari,"
Kamis, 12 Feb 2026 04:05 WIB "
Rehabilitasi Sarana Pendidikan Pascabencana di Sumatera Dikebut,https://news.detik.com/berita/d-8351987/rehabilitasi-sarana-pendidikan-pascabencana-di-sumatera-dikebut,"
Kamis, 12 Feb 2026 07:58 WIB "
"Prediksi Banjir Pesisir pada 12-25 Februari, Ini Daftar Wilayahnya",https://news.detik.com/berita/d-8352734/prediksi-banjir-pesisir-pada-12-25-februari-ini-daftar-wilayahnya,"
Kamis, 12 Feb 2026 13:40 WIB "
Kapolri Bicara Tantangan 2 Tahun ke Depan: Geoekonomi hingga Misinformasi,https://news.detik.com/berita/d-8353121/kapolri-bicara-tantangan-2-tahun-ke-depan-geoekonomi-hingga-misinformasi,"
Kamis, 12 Feb 2026 16:32 WIB "
Momen Guru di Sumbar Salah Sebut 'Kementerian Imigrasi dan Perlengkapan Sekolah',https://news.detik.com/berita/d-8353414/momen-guru-di-sumbar-salah-sebut-kementerian-imigrasi-dan-perlengkapan-sekolah,"
Kamis, 12 Feb 2026 18:40 WIB "
TP PKK Pusat Salurkan Bantuan untuk Korban Banjir di Kabupaten Pidie Jaya,https://news.detik.com/berita/d-8354865/tp-pkk-pusat-salurkan-bantuan-untuk-korban-banjir-di-kabupaten-pidie-jaya,"
Jumat, 13 Feb 2026 17:02 WIB "
Mahasiswa STIK Polri Angkatan 83 Buat Sumur Bor Air Bersih di Aceh Utara,https://news.detik.com/berita/d-8356124/mahasiswa-stik-polri-angkatan-83-buat-sumur-bor-air-bersih-di-aceh-utara,"
Sabtu, 14 Feb 2026 16:29 WIB "
Video: Polri Kirim 22 Truk Bantuan untuk 40 Ribu Korban Bencana Sumatera,https://20.detik.com/detikupdate/20260215-260215002/video-polri-kirim-22-truk-bantuan-untuk-40-ribu-korban-bencana-sumatera,"
Minggu, 15 Feb 2026 08:31 WIB "
"Kapolri-Ketua Komisi IV DPR Tinjau Huntara di Tapteng, Salurkan 16 Truk Bantuan",https://news.detik.com/berita/d-8356873/kapolri-ketua-komisi-iv-dpr-tinjau-huntara-di-tapteng-salurkan-16-truk-bantuan,"
Minggu, 15 Feb 2026 11:50 WIB "
Titiek Soeharto Apresiasi Polri Tangani Bencana Sumatera: Turun Sejak Hari Pertama,https://news.detik.com/berita/d-8356923/titiek-soeharto-apresiasi-polri-tangani-bencana-sumatera-turun-sejak-hari-pertama,"
Minggu, 15 Feb 2026 12:14 WIB "
"Imlek 17 Februari, BMKG Prediksi Cuaca Hujan di Sejumlah Wilayah",https://news.detik.com/berita/d-8356999/imlek-17-februari-bmkg-prediksi-cuaca-hujan-di-sejumlah-wilayah,"
Minggu, 15 Feb 2026 13:42 WIB "
Suasana Tarawih Perdana Warga Muhammadiyah Korban Bencana di Tapsel,https://news.detik.com/berita/d-8360028/suasana-tarawih-perdana-warga-muhammadiyah-korban-bencana-di-tapsel,"
Selasa, 17 Feb 2026 22:02 WIB "
DPR Rapat Bareng Pemerintah Bahas Pemulihan Pascabencana Sumatera,https://news.detik.com/berita/d-8360385/dpr-rapat-bareng-pemerintah-bahas-pemulihan-pascabencana-sumatera,"
Rabu, 18 Feb 2026 10:41 WIB "
Mendagri Sebut Pengungsi Pascabencana di Sumatera Masih Ada 12.944 Orang,https://news.detik.com/berita/d-8360459/mendagri-sebut-pengungsi-pascabencana-di-sumatera-masih-ada-12-944-orang,"
Rabu, 18 Feb 2026 11:21 WIB "
Tito Minta Stok Pangan di Daerah Pegunungan Sumatera Disiapkan untuk 3 Bulan,https://news.detik.com/berita/d-8360537/tito-minta-stok-pangan-di-daerah-pegunungan-sumatera-disiapkan-untuk-3-bulan,"
Rabu, 18 Feb 2026 12:01 WIB "
99 Sekolah Masih Belajar di Tenda dan Kelas Darurat Pascabencana Sumatera,https://news.detik.com/berita/d-8360747/99-sekolah-masih-belajar-di-tenda-dan-kelas-darurat-pascabencana-sumatera,"
Rabu, 18 Feb 2026 13:50 WIB "
"Bansos Korban Bencana Sumatera Rp 1,8 T, Gus Ipul: Untuk 1,7 Juta KPM",https://news.detik.com/berita/d-8361414/bansos-korban-bencana-sumatera-rp-1-8-t-gus-ipul-untuk-1-7-juta-kpm,"
Rabu, 18 Feb 2026 18:48 WIB "
"Dasco Sebut Warga Sumatera Takut Tangani Kayu Gelondongan, Minta Ada Jaminan",https://news.detik.com/berita/d-8361470/dasco-sebut-warga-sumatera-takut-tangani-kayu-gelondongan-minta-ada-jaminan,"
Rabu, 18 Feb 2026 19:23 WIB "
Serba-serbi Bantuan Bencana Diaspora Aceh Tertahan Bea Cukai,https://news.detik.com/berita/d-8361717/serba-serbi-bantuan-bencana-diaspora-aceh-tertahan-bea-cukai,"
Rabu, 18 Feb 2026 22:09 WIB "
Waka Satgas PRR: TNI Berkomitmen Penanganan Bencana Berkelanjutan,https://news.detik.com/berita/d-8361797/waka-satgas-prr-tni-berkomitmen-penanganan-bencana-berkelanjutan,"
Kamis, 19 Feb 2026 00:16 WIB "
Warga Korban Banjir Tapsel Jalani Sahur Pertama Ramadan di Pengungsian,https://news.detik.com/berita/d-8362052/warga-korban-banjir-tapsel-jalani-sahur-pertama-ramadan-di-pengungsian,"
Kamis, 19 Feb 2026 09:41 WIB "
Tito Karnavian Cek Progres Pembersihan Lumpur di Permukiman Aceh Tamiang,https://news.detik.com/berita/d-8363543/tito-karnavian-cek-progres-pembersihan-lumpur-di-permukiman-aceh-tamiang,"
Kamis, 19 Feb 2026 22:10 WIB "
"Hari Pertama Ramadan, Tito Karnavian Buka Puasa Bersama Warga Aceh Tamiang",https://news.detik.com/berita/d-8363544/hari-pertama-ramadan-tito-karnavian-buka-puasa-bersama-warga-aceh-tamiang,"
Kamis, 19 Feb 2026 22:11 WIB "
Komisi X DPR Minta Rehabilitasi Sekolah di Sumatera Rampung Sebelum Lebaran,https://news.detik.com/berita/d-8364594/komisi-x-dpr-minta-rehabilitasi-sekolah-di-sumatera-rampung-sebelum-lebaran,"
Jumat, 20 Feb 2026 15:57 WIB "
Andre Rosiade Bagikan 1.000 Paket Sembako ke Warga Rawang,https://news.detik.com/berita/d-8365021/andre-rosiade-bagikan-1-000-paket-sembako-ke-warga-rawang,"
Jumat, 20 Feb 2026 19:31 WIB "
Tito Karnavian Tegaskan Relokasi-Percepatan Huntara bagi Warga Aceh Utara,https://news.detik.com/berita/d-8365254/tito-karnavian-tegaskan-relokasi-percepatan-huntara-bagi-warga-aceh-utara,"
Jumat, 20 Feb 2026 22:17 WIB "
Tito Tekankan Pentingnya Dukungan Kementan Kebut Pemulihan Sawah di Aceh,https://news.detik.com/berita/d-8366454/tito-tekankan-pentingnya-dukungan-kementan-kebut-pemulihan-sawah-di-aceh,"
Sabtu, 21 Feb 2026 21:15 WIB "
"Bukber di Pidie Jaya, Tito Tegaskan Percepatan Huntap dan Jembatan",https://news.detik.com/berita/d-8366870/bukber-di-pidie-jaya-tito-tegaskan-percepatan-huntap-dan-jembatan,"
Minggu, 22 Feb 2026 10:31 WIB "
Tito Perkuat Koordinasi Percepatan Penanganan Pascabencana Sumatera,https://news.detik.com/berita/d-8369841/tito-perkuat-koordinasi-percepatan-penanganan-pascabencana-sumatera,"
Selasa, 24 Feb 2026 10:30 WIB "
Ramadan di Tengah Petaka Ekologis Sumatera,https://news.detik.com/x/detail/spotlight/20260224/Ramadan-di-Tengah-Petaka-Ekologis-Sumatera/,"
Selasa, 24 Feb 2026 19:42 WIB "
Jurus Tangkas Kasatgas PRR Redakan Getir Penyintas di Sumatera,https://news.detik.com/berita/d-8371753/jurus-tangkas-kasatgas-prr-redakan-getir-penyintas-di-sumatera,"
Rabu, 25 Feb 2026 11:06 WIB "
Bamsoet Dorong Pengembangan Makanan Siap Saji Berteknologi Modern,https://news.detik.com/berita/d-8372671/bamsoet-dorong-pengembangan-makanan-siap-saji-berteknologi-modern,"
Rabu, 25 Feb 2026 17:48 WIB "
Eddy Soeparno: Krisis Iklim Adalah Ancaman terhadap Ketahanan Nasional,https://news.detik.com/berita/d-8373930/eddy-soeparno-krisis-iklim-adalah-ancaman-terhadap-ketahanan-nasional,"
Kamis, 26 Feb 2026 13:53 WIB "
BPJS Kesehatan Jaga Layanan JKN Aceh Tamiang Usai Bencana Banjir,https://news.detik.com/berita/d-8374675/bpjs-kesehatan-jaga-layanan-jkn-aceh-tamiang-usai-bencana-banjir,"
Kamis, 26 Feb 2026 20:59 WIB "
Satgas PRR Tinjau Pembangunan Huntara dan Normalisasi Sungai di Tapteng,https://news.detik.com/berita/d-8376377/satgas-prr-tinjau-pembangunan-huntara-dan-normalisasi-sungai-di-tapteng,"
Jumat, 27 Feb 2026 19:06 WIB "
"Kapolda Pimpin Gerakan ASRI di Sumsel, Targetkan Zero Sampah dan Lubang",https://news.detik.com/berita/d-8377514/kapolda-pimpin-gerakan-asri-di-sumsel-targetkan-zero-sampah-dan-lubang,"
Sabtu, 28 Feb 2026 20:09 WIB "
"Dukung Gerakan Indonesia ASRI, Polda Sumsel Gelar BELIDA",https://news.detik.com/berita/d-8377527/dukung-gerakan-indonesia-asri-polda-sumsel-gelar-belida,"
Sabtu, 28 Feb 2026 20:24 WIB "
Sumur Bor dan Sanitasi Penyintas Bencana Sumatera Perlu Diperbanyak,https://news.detik.com/berita/d-8378417/sumur-bor-dan-sanitasi-penyintas-bencana-sumatera-perlu-diperbanyak,"
Minggu, 01 Mar 2026 14:43 WIB "
"Bobby Kecewa Anggaran Pascabencana ke Sumut Rp 2,1 T, Cabut dari Rapat",https://news.detik.com/berita/d-8380033/bobby-kecewa-anggaran-pascabencana-ke-sumut-rp-2-1-t-cabut-dari-rapat,"
Senin, 02 Mar 2026 14:57 WIB "
"1.741 Sekolah di Sumatra Teken PKS Revitalisasi, Nilainya Rp 1,2 Triliun",https://news.detik.com/berita/d-8380395/1-741-sekolah-di-sumatra-teken-pks-revitalisasi-nilainya-rp-1-2-triliun,"
Senin, 02 Mar 2026 17:05 WIB "
Menteri PU dan Andre Rosiade Groundbreaking Pembangunan Sabo Dam Gunung Marapi,https://news.detik.com/berita/d-8381386/menteri-pu-dan-andre-rosiade-groundbreaking-pembangunan-sabo-dam-gunung-marapi,"
Selasa, 03 Mar 2026 11:47 WIB "
Tito Kebut Pembangunan Jembatan Perintis untuk Pulihkan Konektivitas,https://news.detik.com/berita/d-8383971/tito-kebut-pembangunan-jembatan-perintis-untuk-pulihkan-konektivitas,"
Rabu, 04 Mar 2026 16:18 WIB "
"Komitmen Bangun Sumbar, Andre Rosiade Bagikan 4.000 Paket Sembako di Agam",https://news.detik.com/berita/d-8384049/komitmen-bangun-sumbar-andre-rosiade-bagikan-4-000-paket-sembako-di-agam,"
Rabu, 04 Mar 2026 16:35 WIB "
"4 Pelabuhan di Banten Disiapkan Buat Mudik: Merak, Ciwandan, hingga BBJ",https://news.detik.com/berita/d-8384521/4-pelabuhan-di-banten-disiapkan-buat-mudik-merak-ciwandan-hingga-bbj,"
Rabu, 04 Mar 2026 21:36 WIB "
"Andre Rosiade ke Kampung Lapai, Bagi 500 Sembako dan Serap Aspirasi Warga",https://news.detik.com/berita/d-8385823/andre-rosiade-ke-kampung-lapai-bagi-500-sembako-dan-serap-aspirasi-warga,"
Kamis, 05 Mar 2026 16:23 WIB "
"Kemensos Salurkan Bansos Adaptif di Sumatra, Target Tuntas Sebelum Lebaran",https://news.detik.com/berita/d-8386651/kemensos-salurkan-bansos-adaptif-di-sumatra-target-tuntas-sebelum-lebaran,"
Jumat, 06 Mar 2026 09:07 WIB "
Kasatgas Tito Pastikan Percepatan Pemulihan Pascabencana di Pidie Jaya,https://news.detik.com/berita/d-8387766/kasatgas-tito-pastikan-percepatan-pemulihan-pascabencana-di-pidie-jaya,"
Jumat, 06 Mar 2026 18:04 WIB "
Ramadan dan Muhasabah Ekologi,https://news.detik.com/kolom/d-8390037/ramadan-dan-muhasabah-ekologi,"
Minggu, 08 Mar 2026 14:11 WIB "
"Amankan Mudik Lebaran, Polda Metro Gelar Operasi Ketupat Mulai 13 Maret",https://news.detik.com/berita/d-8391104/amankan-mudik-lebaran-polda-metro-gelar-operasi-ketupat-mulai-13-maret,"
Senin, 09 Mar 2026 11:54 WIB "
"Jakarta Jadi Kota Terbanyak Pemudik, Polda Metro Bangun 101 Pos Layanan",https://news.detik.com/berita/d-8391213/jakarta-jadi-kota-terbanyak-pemudik-polda-metro-bangun-101-pos-layanan,"
Senin, 09 Mar 2026 12:29 WIB "
Anggota DPR Pertanyakan Siaga 1 TNI: Masyarakat Malah Tambah Resah,https://news.detik.com/berita/d-8391454/anggota-dpr-pertanyakan-siaga-1-tni-masyarakat-malah-tambah-resah,"
Senin, 09 Mar 2026 13:59 WIB "
BNPP Dukung Percepatan Pemulihan Wilayah Terdampak Pascabanjir di Aceh,https://news.detik.com/berita/d-8392321/bnpp-dukung-percepatan-pemulihan-wilayah-terdampak-pascabanjir-di-aceh,"
Senin, 09 Mar 2026 22:00 WIB "
"Video: Kerangka Manusia Ditemukan di Sungai Batangtoru, Diduga Korban Banjir Garoga",https://20.detik.com/detikupdate/20260310-260310002/video-kerangka-manusia-ditemukan-di-sungai-batangtoru-diduga-korban-banjir-garoga,"
Selasa, 10 Mar 2026 02:00 WIB "
Arahan Panglima TNI soal Siaga 1 Tuai Sorotan,https://news.detik.com/berita/d-8392501/arahan-panglima-tni-soal-siaga-1-tuai-sorotan,"
Selasa, 10 Mar 2026 03:52 WIB "
"Satgas PRR Percepat Huntara-DTH, Targetkan Pengungsi Berkurang Saat Lebaran",https://news.detik.com/berita/d-8393292/satgas-prr-percepat-huntara-dth-targetkan-pengungsi-berkurang-saat-lebaran,"
Selasa, 10 Mar 2026 14:28 WIB "
Satgas PRR Kebut Pembangunan Huntara untuk Korban Bencana Sumatera,https://news.detik.com/berita/d-8393837/satgas-prr-kebut-pembangunan-huntara-untuk-korban-bencana-sumatera,"
Selasa, 10 Mar 2026 18:55 WIB "
Satgas PRR Fokus Perbaikan Jalan & Jembatan Fungsional di Sumatera,https://news.detik.com/berita/d-8393861/satgas-prr-fokus-perbaikan-jalan-jembatan-fungsional-di-sumatera,"
Selasa, 10 Mar 2026 19:13 WIB "
"BNPP Kerahkan 6 Ekskavator, Bersihkan Jalan Pasca Banjir Aceh",https://news.detik.com/berita/d-8394527/bnpp-kerahkan-6-ekskavator-bersihkan-jalan-pasca-banjir-aceh,"
Rabu, 11 Mar 2026 11:28 WIB "
"AHY Ungkap Kesiapan Jalan Nasional Non-tol Sumatera-Papua Jelang Mudik 93,2%",https://news.detik.com/berita/d-8394637/ahy-ungkap-kesiapan-jalan-nasional-non-tol-sumatera-papua-jelang-mudik-93-2,"
Rabu, 11 Mar 2026 12:07 WIB "
"Waspada Potensi Banjir Pesisir 12-27 Maret, Ini Daftar Wilayahnya!",https://news.detik.com/berita/d-8395533/waspada-potensi-banjir-pesisir-12-27-maret-ini-daftar-wilayahnya,"
Rabu, 11 Mar 2026 18:22 WIB "
Satgas PRR Rampungkan 81 Persen Target Pembangunan Huntara di Sumatera,https://news.detik.com/berita/d-8397121/satgas-prr-rampungkan-81-persen-target-pembangunan-huntara-di-sumatera,"
Kamis, 12 Mar 2026 16:31 WIB "
Tren Sewa iPhone Makin Laris di Surabaya untuk Bukber dan Lebaran,https://news.detik.com/berita/d-8398339/tren-sewa-iphone-makin-laris-di-surabaya-untuk-bukber-dan-lebaran,"
Jumat, 13 Mar 2026 13:42 WIB "
Seluruh RS dan Puskesmas Terdampak Bencana di Sumatera Telah Pulih,https://news.detik.com/berita/d-8399208/seluruh-rs-dan-puskesmas-terdampak-bencana-di-sumatera-telah-pulih,"
Jumat, 13 Mar 2026 20:41 WIB "
"Satgas PRR Kebut Pembangunan Huntap, Targetkan Rampung Akhir Maret 2026",https://news.detik.com/berita/d-8400114/satgas-prr-kebut-pembangunan-huntap-targetkan-rampung-akhir-maret-2026,"
Sabtu, 14 Mar 2026 16:18 WIB "
"Prediksi Cuaca Awal Periode Mudik Lebaran 2026, Simak Info BMKG",https://news.detik.com/berita/d-8400968/prediksi-cuaca-awal-periode-mudik-lebaran-2026-simak-info-bmkg,"
Minggu, 15 Mar 2026 11:07 WIB "
"Susul Sumbar, Sumut Capai Target Nol Pengungsi di Tenda Sebelum Lebaran",https://news.detik.com/berita/d-8401305/susul-sumbar-sumut-capai-target-nol-pengungsi-di-tenda-sebelum-lebaran,"
Minggu, 15 Mar 2026 15:42 WIB "
"Kehilangan Rumah dan Usaha, Keluarga di Pidie Jaya Bangkit dari Huntara",https://news.detik.com/berita/d-8401566/kehilangan-rumah-dan-usaha-keluarga-di-pidie-jaya-bangkit-dari-huntara,"
Minggu, 15 Mar 2026 19:22 WIB "
Ketua MPR: Dana 1 Juta Riyal dari Liga Muslim untuk Rakyat Aceh Rayakan Tradisi Meugang,https://news.detik.com/berita/d-8404589/ketua-mpr-dana-1-juta-riyal-dari-liga-muslim-untuk-rakyat-aceh-rayakan-tradisi-meugang,"
Selasa, 17 Mar 2026 15:40 WIB "
"Prabowo Penuhi Aspirasi Warga Aceh, Salurkan Daging Meugang untuk Idulfitri",https://news.detik.com/berita/d-8405464/prabowo-penuhi-aspirasi-warga-aceh-salurkan-daging-meugang-untuk-idulfitri,"
Rabu, 18 Mar 2026 09:05 WIB "
"Video Lebaran Menghitung Hari, Kondisi Aceh Tamiang Masih Mengiris Hati",https://20.detik.com/detikupdate/20260318-260318017/video-lebaran-menghitung-hari-kondisi-aceh-tamiang-masih-mengiris-hati,"
Rabu, 18 Mar 2026 11:49 WIB "
Pembangunan Huntap Disambut Antusias-Harapan Penyintas Bencana di Bireuen,https://news.detik.com/berita/d-8407981/pembangunan-huntap-disambut-antusias-harapan-penyintas-bencana-di-bireuen,"
Kamis, 19 Mar 2026 20:40 WIB "
"Prabowo Salat Id di Aceh, Muzani: Solidaritas ke Saudara yang Kena Musibah",https://news.detik.com/berita/d-8409667/prabowo-salat-id-di-aceh-muzani-solidaritas-ke-saudara-yang-kena-musibah,"
Sabtu, 21 Mar 2026 08:38 WIB "
Warga Agam Lewati Material Sisa Banjir Bandang demi Silaturahmi Lebaran,https://news.detik.com/berita/d-8410104/warga-agam-lewati-material-sisa-banjir-bandang-demi-silaturahmi-lebaran,"
Sabtu, 21 Mar 2026 14:23 WIB "
Tito Ungkap Perhatian Prabowo pada Penanganan Penyintas Bencana Sumatera,https://news.detik.com/berita/d-8410404/tito-ungkap-perhatian-prabowo-pada-penanganan-penyintas-bencana-sumatera,"
Sabtu, 21 Mar 2026 18:49 WIB "
Video Prabowo Sebut Pemulihan Aceh Sangat Cepat: Di Tenda Sudah Gak Ada Lagi,https://20.detik.com/detikupdate/20260321-260321037/video-prabowo-sebut-pemulihan-aceh-sangat-cepat-di-tenda-sudah-gak-ada-lagi,"
Sabtu, 21 Mar 2026 20:00 WIB "
2 Konsep Huntap yang Dibangun Satgas PRR untuk Penyintas Bencana Sumatera,https://news.detik.com/berita/d-8411497/2-konsep-huntap-yang-dibangun-satgas-prr-untuk-penyintas-bencana-sumatera,"
Minggu, 22 Mar 2026 18:45 WIB "
Mendagri Ungkap 5 Desa di Aceh dan Sumut Hilang Total Tersapu Banjir,https://news.detik.com/berita/d-8412442/mendagri-ungkap-5-desa-di-aceh-dan-sumut-hilang-total-tersapu-banjir,"
Senin, 23 Mar 2026 16:08 WIB "
Pemerintah Ungkap 38 Daerah Terdampak Bencana Sumatera Sudah Normal,https://news.detik.com/berita/d-8412478/pemerintah-ungkap-38-daerah-terdampak-bencana-sumatera-sudah-normal,"
Senin, 23 Mar 2026 16:44 WIB "
"Hari Air Sedunia, Ini Sederet Kisah Pertamina dari Papua-Wilayah Bencana",https://news.detik.com/berita/d-8413925/hari-air-sedunia-ini-sederet-kisah-pertamina-dari-papua-wilayah-bencana,"
Selasa, 24 Mar 2026 20:09 WIB "
Waspada! Daftar Wilayah Potensi Banjir Pesisir pada 28 Maret-16 April,https://news.detik.com/berita/d-8419062/waspada-daftar-wilayah-potensi-banjir-pesisir-pada-28-maret-16-april,"
Sabtu, 28 Mar 2026 12:04 WIB "
Pemerintah Percepat Pemulihan Sawah dan Lumpur Pascabencana Sumatera,https://news.detik.com/berita/d-8419692/pemerintah-percepat-pemulihan-sawah-dan-lumpur-pascabencana-sumatera,"
Sabtu, 28 Mar 2026 21:00 WIB "
"Bantuan Jadup Capai Rp 272 Miliar, Bantu Penyintas Pascabencana Sumatera",https://news.detik.com/berita/d-8420874/bantuan-jadup-capai-rp-272-miliar-bantu-penyintas-pascabencana-sumatera,"
Minggu, 29 Mar 2026 21:13 WIB "
RI dan Jepang Kerja Sama Atasi Negara Rawan Bencana-Penanggulangan Banjir,https://news.detik.com/berita/d-8423812/ri-dan-jepang-kerja-sama-atasi-negara-rawan-bencana-penanggulangan-banjir,"
Selasa, 31 Mar 2026 18:13 WIB "
3 Jembatan Darurat Sambungkan Kembali Wilayah Terdampak Bencana di Sumatera,https://news.detik.com/berita/d-8425393/3-jembatan-darurat-sambungkan-kembali-wilayah-terdampak-bencana-di-sumatera,"
Rabu, 01 Apr 2026 16:40 WIB "
"El Nino 'Godzilla' Diprediksi Melanda Indonesia, Apa Dampaknya?",https://news.detik.com/berita/d-8425499/el-nino-godzilla-diprediksi-melanda-indonesia-apa-dampaknya,"
Rabu, 01 Apr 2026 17:38 WIB "
10 Ribu Hijab Pesanan Menimipas di BLK Konfeksi Lapas Cirebon Dikirim ke Aceh,https://news.detik.com/berita/d-8427713/10-ribu-hijab-pesanan-menimipas-di-blk-konfeksi-lapas-cirebon-dikirim-ke-aceh,"
Jumat, 03 Apr 2026 10:43 WIB "
"Tito Kembali Kirim 768 Praja IPDN ke Aceh Tamiang, Fokus Bersihkan Lumpur",https://news.detik.com/berita/d-8428968/tito-kembali-kirim-768-praja-ipdn-ke-aceh-tamiang-fokus-bersihkan-lumpur,"
Sabtu, 04 Apr 2026 13:57 WIB "
Tito Serahkan Bantuan-Serap Aspirasi Penyintas Bencana di Aceh Tamiang,https://news.detik.com/berita/d-8429479/tito-serahkan-bantuan-serap-aspirasi-penyintas-bencana-di-aceh-tamiang,"
Sabtu, 04 Apr 2026 21:52 WIB "
"Disambangi Tito, Warga Desa Sekumur Curhat soal Air Bersih-Hunian",https://news.detik.com/berita/d-8430508/disambangi-tito-warga-desa-sekumur-curhat-soal-air-bersih-hunian,"
Minggu, 05 Apr 2026 20:03 WIB "
Satgas PRR Pastikan Listrik di 3 Provinsi Terdampak Bencana Hampir Pulih,https://news.detik.com/berita/d-8431940/satgas-prr-pastikan-listrik-di-3-provinsi-terdampak-bencana-hampir-pulih,"
Senin, 06 Apr 2026 17:51 WIB "
Outlook Indonesia Kupas Tuntas Penggerak Ekonomi Nasional,https://news.detik.com/berita/d-8432231/outlook-indonesia-kupas-tuntas-penggerak-ekonomi-nasional,"
Selasa, 07 Apr 2026 10:01 WIB "
5 Orang Tewas Imbas Longsor di Sibolangit Sumut,https://news.detik.com/berita/d-8434291/5-orang-tewas-imbas-longsor-di-sibolangit-sumut,"
Rabu, 08 Apr 2026 10:40 WIB "
"Lebih dari 500 Titik Lumpur di Aceh, Sumut dan Sumbar Dibersihkan",https://news.detik.com/berita/d-8435311/lebih-dari-500-titik-lumpur-di-aceh-sumut-dan-sumbar-dibersihkan,"
Rabu, 08 Apr 2026 18:35 WIB "
Puluhan Sungai & Muara Terdampak Bencana Sumatera Dinormalisasi,https://news.detik.com/berita/d-8436976/puluhan-sungai-muara-terdampak-bencana-sumatera-dinormalisasi,"
Kamis, 09 Apr 2026 18:35 WIB "
Mendagri Pastikan Pemerintah Bakal Bantu Rumah Terdampak Banjir Sitaro,https://news.detik.com/berita/d-8438522/mendagri-pastikan-pemerintah-bakal-bantu-rumah-terdampak-banjir-sitaro,"
Jumat, 10 Apr 2026 17:10 WIB "
Andre Rosiade Cek Pembangunan Huntap Korban Banjir Bandang di Pauh Padang,https://news.detik.com/berita/d-8438578/andre-rosiade-cek-pembangunan-huntap-korban-banjir-bandang-di-pauh-padang,"
Jumat, 10 Apr 2026 17:43 WIB "
Tito Usul Dana Otsus Aceh Diperpanjang: Pemulihan Pascabencana Butuh 3 Tahun,https://news.detik.com/berita/d-8441755/tito-usul-dana-otsus-aceh-diperpanjang-pemulihan-pascabencana-butuh-3-tahun,"
Senin, 13 Apr 2026 12:22 WIB "
Tito Dorong Pemda di Sumut Minim Terdampak Bencana Bantu Kirim Dana ke Aceh,https://news.detik.com/berita/d-8442061/tito-dorong-pemda-di-sumut-minim-terdampak-bencana-bantu-kirim-dana-ke-aceh,"
Senin, 13 Apr 2026 14:49 WIB "
Bobby Ngamuk ke Camat di Tapteng: Jangan Sok Paling Kerja!,https://news.detik.com/berita/d-8443643/bobby-ngamuk-ke-camat-di-tapteng-jangan-sok-paling-kerja,"
Selasa, 14 Apr 2026 14:17 WIB "
Alasan Bobby Semprot Camat di Tapteng 'Jangan Sok Paling Kerja',https://news.detik.com/berita/d-8444898/alasan-bobby-semprot-camat-di-tapteng-jangan-sok-paling-kerja,"
Rabu, 15 Apr 2026 10:59 WIB "
Satgas PRR Percepat Rehabilitasi Lahan Sawah Pascabencana di Sumatera,https://news.detik.com/berita/d-8445954/satgas-prr-percepat-rehabilitasi-lahan-sawah-pascabencana-di-sumatera,"
Rabu, 15 Apr 2026 18:41 WIB "
"Temui Wamensos, Bupati Aceh Tamiang Berterimakasih Atas Bantuan Pemerintah",https://news.detik.com/berita/d-8447724/temui-wamensos-bupati-aceh-tamiang-berterimakasih-atas-bantuan-pemerintah,"
Kamis, 16 Apr 2026 19:06 WIB "
Plh Camat di Tapteng Dicopot Usai Disemprot Bobby 'Jangan Sok Paling Kerja',https://news.detik.com/berita/d-8449419/plh-camat-di-tapteng-dicopot-usai-disemprot-bobby-jangan-sok-paling-kerja,"
Jumat, 17 Apr 2026 20:18 WIB "
"Waspada Banjir Rob di Pesisir RI Sampai 28 April, Ini Daftar Wilayahnya",https://news.detik.com/berita/d-8449926/waspada-banjir-rob-di-pesisir-ri-sampai-28-april-ini-daftar-wilayahnya,"
Sabtu, 18 Apr 2026 12:00 WIB "
Satgas PRR Sebut UMKM Terdampak Bencana Sumatera Kian Pulih,https://news.detik.com/berita/d-8450335/satgas-prr-sebut-umkm-terdampak-bencana-sumatera-kian-pulih,"
Sabtu, 18 Apr 2026 17:23 WIB "
"Tangani Bendung Jamuan, Kementerian PU Susun Desain Penanganan Permanen",https://news.detik.com/berita/d-8452154/tangani-bendung-jamuan-kementerian-pu-susun-desain-penanganan-permanen,"
Senin, 20 Apr 2026 10:11 WIB "
Andre Rosiade Kirim Bantuan untuk Korban Banjir di Pasaman dan Agam,https://news.detik.com/berita/d-8452216/andre-rosiade-kirim-bantuan-untuk-korban-banjir-di-pasaman-dan-agam,"
Senin, 20 Apr 2026 10:53 WIB "
Yuk Bantu Warga Muara Gembong Punya Ambulans Air untuk ke Puskesmas Saat Banjir,https://news.detik.com/berita/d-8452660/yuk-bantu-warga-muara-gembong-punya-ambulans-air-untuk-ke-puskesmas-saat-banjir,"
Senin, 20 Apr 2026 14:18 WIB "
"Banjir Berlalu, Petani Sawit Aceh Masih Berjuang Pulihkan Kebun",https://news.detik.com/infografis/d-8452864/banjir-berlalu-petani-sawit-aceh-masih-berjuang-pulihkan-kebun,"
Senin, 20 Apr 2026 15:48 WIB "
Kapolda Sumsel Beri Rumah Tinggal Baru ke 2 Petani Lansia di OKU Timur,https://news.detik.com/berita/d-8453258/kapolda-sumsel-beri-rumah-tinggal-baru-ke-2-petani-lansia-di-oku-timur,"
Senin, 20 Apr 2026 18:34 WIB "
"Kemensos Salurkan Bantuan Rp16,7 M untuk Korban Banjir di Langkat",https://news.detik.com/berita/d-8454726/kemensos-salurkan-bantuan-rp16-7-m-untuk-korban-banjir-di-langkat,"
Selasa, 21 Apr 2026 16:10 WIB "
Andre Rosiade Kirim Bantuan Sembako untuk Korban Banjir Koto Kaciak Agam,https://news.detik.com/berita/d-8455804/andre-rosiade-kirim-bantuan-sembako-untuk-korban-banjir-koto-kaciak-agam,"
Rabu, 22 Apr 2026 11:58 WIB "
"Hangat dan Sederhana, Momen Makan Siang Mendagri Bersama Praja IPDN",https://news.detik.com/berita/d-8455947/hangat-dan-sederhana-momen-makan-siang-mendagri-bersama-praja-ipdn,"
Rabu, 22 Apr 2026 13:04 WIB "
"Wamendagri Ingatkan Kepala Daerah, Dana Pusat Tak Boleh Nyangkut di Oknum",https://news.detik.com/berita/d-8461118/wamendagri-ingatkan-kepala-daerah-dana-pusat-tak-boleh-nyangkut-di-oknum,"
Sabtu, 25 Apr 2026 18:02 WIB "
"Daerah di Sumut dan Sumbar Bantu Penanganan Bencana Aceh, Terkumpul Rp 287 M",https://news.detik.com/berita/d-8461454/daerah-di-sumut-dan-sumbar-bantu-penanganan-bencana-aceh-terkumpul-rp-287-m,"
Sabtu, 25 Apr 2026 22:41 WIB "
Satgas PRR Kebut Pembangunan Huntap-Salurkan DTH ke 19 Ribu Penyintas,https://news.detik.com/berita/d-8465218/satgas-prr-kebut-pembangunan-huntap-salurkan-dth-ke-19-ribu-penyintas,"
Selasa, 28 Apr 2026 14:23 WIB "
Polrestabes Palembang Gelar Aksi Bersih dan Serap Aspirasi Warga,https://news.detik.com/berita/d-8465398/polrestabes-palembang-gelar-aksi-bersih-dan-serap-aspirasi-warga,"
Selasa, 28 Apr 2026 15:40 WIB "
Solidaritas Sumut dan Sumbar Hibahkan Rp 287 Miliar untuk Pemulihan Aceh,https://news.detik.com/berita/d-8467568/solidaritas-sumut-dan-sumbar-hibahkan-rp-287-miliar-untuk-pemulihan-aceh,"
Rabu, 29 Apr 2026 19:37 WIB "
Huntara Bantu Warga Lubuk Sidup Bangun Harapan Baru Pascabencana,https://news.detik.com/berita/d-8470448/huntara-bantu-warga-lubuk-sidup-bangun-harapan-baru-pascabencana,"
Jumat, 01 Mei  2026 17:46 WIB "
Polisi Ungkap Hubungan Menantu dan Eksekutor Pembunuhan Lansia Riau,https://news.detik.com/berita/d-8472680/polisi-ungkap-hubungan-menantu-dan-eksekutor-pembunuhan-lansia-riau,"
Minggu, 03 Mei  2026 19:31 WIB "
Aksi Aiptu David Wewe Tangkap Pelaku Kejahatan lewat Strategi Penyamaran,https://news.detik.com/berita/d-8473193/aksi-aiptu-david-wewe-tangkap-pelaku-kejahatan-lewat-strategi-penyamaran,"
Senin, 04 Mei  2026 10:37 WIB "
Jembatan Gantung Lubuk Sidup Pulihkan Ekonomi & Mobilitas di Aceh Tamiang,https://news.detik.com/berita/d-8473572/jembatan-gantung-lubuk-sidup-pulihkan-ekonomi-mobilitas-di-aceh-tamiang,"
Senin, 04 Mei  2026 13:59 WIB "
Cuaca Tak Menentu Jelang Masuk Kemarau,https://news.detik.com/berita/d-8476236/cuaca-tak-menentu-jelang-masuk-kemarau,"
Rabu, 06 Mei  2026 06:31 WIB "
Pembangunan Huntara Pascabencana Sumatera Capai 93 Persen,https://news.detik.com/berita/d-8479374/pembangunan-huntara-pascabencana-sumatera-capai-93-persen,"
Kamis, 07 Mei  2026 20:49 WIB "
Dari Tangerang untuk Aceh: Renovasi Masjid Pascabencana Simbol Solidaritas,https://news.detik.com/berita/d-8479622/dari-tangerang-untuk-aceh-renovasi-masjid-pascabencana-simbol-solidaritas,"
Jumat, 08 Mei  2026 07:59 WIB "
Kisah Penyintas Bencana Aceh Bangkit Lewat Usaha Jajanan di Huntara,https://news.detik.com/berita/d-8481063/kisah-penyintas-bencana-aceh-bangkit-lewat-usaha-jajanan-di-huntara,"
Jumat, 08 Mei  2026 21:09 WIB "
Andre Rosiade Kawal Pembangunan Jembatan Anduring Kayu Tanam Sumbar,https://news.detik.com/berita/d-8481659/andre-rosiade-kawal-pembangunan-jembatan-anduring-kayu-tanam-sumbar,"
Sabtu, 09 Mei  2026 13:49 WIB "
Andre Rosiade Tinjau Pembangunan Jalan Malalak Sumbar Bareng Kepala BPJN Sumbar,https://news.detik.com/berita/d-8483389/andre-rosiade-tinjau-pembangunan-jalan-malalak-sumbar-bareng-kepala-bpjn-sumbar,"
Minggu, 10 Mei  2026 20:46 WIB "
"Prabowo dari Cebu, El Nino, La Nina dan Cincin Api",https://news.detik.com/kolom/d-8483438/prabowo-dari-cebu-el-nino-la-nina-dan-cincin-api,"
Minggu, 10 Mei  2026 21:59 WIB "
"Waspada Banjir Rob 11-27 Mei 2026, Ini Daftar Wilayah Pesisir Terdampak",https://news.detik.com/berita/d-8483818/waspada-banjir-rob-11-27-mei-2026-ini-daftar-wilayah-pesisir-terdampak,"
Senin, 11 Mei  2026 11:12 WIB "
"Kumpulkan Balai PU, Andre Rosiade: Presiden Prioritaskan Pemulihan Pascabencana",https://news.detik.com/berita/d-8484182/kumpulkan-balai-pu-andre-rosiade-presiden-prioritaskan-pemulihan-pascabencana,"
Senin, 11 Mei  2026 14:21 WIB "
Satgas PRR Sebut Pemulihan Penyintas Bencana Sumatera Jadi Prioritas,https://news.detik.com/berita/d-8492065/satgas-prr-sebut-pemulihan-penyintas-bencana-sumatera-jadi-prioritas,"
Minggu, 17 Mei  2026 13:24 WIB "
Satgas PRR Cek Infrastruktur hingga Serahkan Sumur Bor ke Warga Tapanuli,https://news.detik.com/berita/d-8496489/satgas-prr-cek-infrastruktur-hingga-serahkan-sumur-bor-ke-warga-tapanuli,"
Rabu, 20 Mei  2026 09:50 WIB "
"Instruksi Prabowo, Andre Rosiade Salurkan 122 Sapi Kurban di Sumbar",https://news.detik.com/berita/d-8497948/instruksi-prabowo-andre-rosiade-salurkan-122-sapi-kurban-di-sumbar,"
Kamis, 21 Mei  2026 10:22 WIB "
Wamensos Ajak Pemkab Kutai-Kaimana Entaskan Kemiskinan Lewat Sekolah Rakyat,https://news.detik.com/berita/d-8498640/wamensos-ajak-pemkab-kutai-kaimana-entaskan-kemiskinan-lewat-sekolah-rakyat,"
Kamis, 21 Mei  2026 16:02 WIB "
Ketua DPD Dukung Polda Riau Tindak Korporasi Rusak Lingkungan,https://news.detik.com/berita/d-8500260/ketua-dpd-dukung-polda-riau-tindak-korporasi-rusak-lingkungan,"
Jumat, 22 Mei  2026 16:16 WIB "
Menteri PU Ungkap Progres Pemulihan Pembangunan Pascabencana Sumatera,https://news.detik.com/berita/d-8500500/menteri-pu-ungkap-progres-pemulihan-pembangunan-pascabencana-sumatera,"
Jumat, 22 Mei  2026 18:50 WIB "
Satgas PRR Sebut Mayoritas Daerah Terdampak Banjir Sumatera Kembali Normal,https://news.detik.com/berita/d-8503118/satgas-prr-sebut-mayoritas-daerah-terdampak-banjir-sumatera-kembali-normal,"
Minggu, 24 Mei  2026 20:07 WIB "
"Rehabilitasi Pascabencana Sumatera, Waka Komisi IV DPR Dorong Reforestasi",https://news.detik.com/berita/d-8508235/rehabilitasi-pascabencana-sumatera-waka-komisi-iv-dpr-dorong-reforestasi,"
Kamis, 28 Mei  2026 13:59 WIB "
Satgas PRR Hadirkan Layanan Air Bersih Modern untuk Penyintas Pascabencana,https://news.detik.com/berita/d-8512327/satgas-prr-hadirkan-layanan-air-bersih-modern-untuk-penyintas-pascabencana,"
Minggu, 31 Mei  2026 18:39 WIB "
