title,url,date
Warga Filipina Kembali Gelar Demo soal Proyek Pengendalian Banjir Fiktif,https://news.detik.com/internasional/d-8235957/warga-filipina-kembali-gelar-demo-soal-proyek-pengendalian-banjir-fiktif,"
Minggu, 30 Nov 2025 14:00 WIB "
"Gelar FGD, Badan Pengkajian MPR Bahas Pemilu hingga Demokrasi Medsos",https://news.detik.com/berita/d-8235043/gelar-fgd-badan-pengkajian-mpr-bahas-pemilu-hingga-demokrasi-medsos,"
Sabtu, 29 Nov 2025 17:53 WIB "
"Korlantas Perkuat Modernisasi Operasional Lewat K3I, Komitmen Layani Masyarakat",https://news.detik.com/berita/d-8234191/korlantas-perkuat-modernisasi-operasional-lewat-k3i-komitmen-layani-masyarakat,"
Sabtu, 29 Nov 2025 06:31 WIB "
Centra Initiative Sambut Baik Simulasi Penanganan Demo Polri Kini Jadi Pelayanan,https://news.detik.com/berita/d-8231438/centra-initiative-sambut-baik-simulasi-penanganan-demo-polri-kini-jadi-pelayanan,"
Kamis, 27 Nov 2025 14:41 WIB "
"'Save Tesso Nilo' Bergema, Kapolda Riau Berdiri di Belakang Gajah Sumatera",https://news.detik.com/melindungi-tuah-marwah/d-8231208/save-tesso-nilo-bergema-kapolda-riau-berdiri-di-belakang-gajah-sumatera,"
Kamis, 27 Nov 2025 12:51 WIB "
#SaveTessoNilo Kembali Menggema: Kembalikan Rumah Gajah Tesso Nilo,https://news.detik.com/melindungi-tuah-marwah/d-8230981/savetessonilo-kembali-menggema-kembalikan-rumah-gajah-tesso-nilo,"
Kamis, 27 Nov 2025 10:59 WIB "
Mahasiswa Ini Didakwa Manipulasi Konten Ajakan Demo Agustus Berujung Ricuh,https://news.detik.com/berita/d-8226025/mahasiswa-ini-didakwa-manipulasi-konten-ajakan-demo-agustus-berujung-ricuh,"
Senin, 24 Nov 2025 15:19 WIB "
"Buruh di Lebak Demo Minta Upah Minimum 2026 Naik 10,5%",https://news.detik.com/berita/d-8226009/buruh-di-lebak-demo-minta-upah-minimum-2026-naik-10-5,"
Senin, 24 Nov 2025 15:13 WIB "
Mi Burung Dara Ikut Kawal Dapur MBG Lewat Kerja Sama dengan ICA,https://news.detik.com/berita/d-8225695/mi-burung-dara-ikut-kawal-dapur-mbg-lewat-kerja-sama-dengan-ica,"
Senin, 24 Nov 2025 12:59 WIB "
"Pengumuman UMP Ditunda, Buruh Batal Demo Hari Ini",https://news.detik.com/berita/d-8225302/pengumuman-ump-ditunda-buruh-batal-demo-hari-ini,"
Senin, 24 Nov 2025 10:05 WIB "
"Demo Buruh di Istana-DPR Hari Ini, Rekayasa Lalin Diterapkan Situasional",https://news.detik.com/berita/d-8225144/demo-buruh-di-istana-dpr-hari-ini-rekayasa-lalin-diterapkan-situasional,"
Senin, 24 Nov 2025 07:46 WIB "
"Buruh Demo Besar-besaran di Sekitar Istana-DPR Hari Ini, Berikut Tuntutannya",https://news.detik.com/berita/d-8225125/buruh-demo-besar-besaran-di-sekitar-istana-dpr-hari-ini-berikut-tuntutannya,"
Senin, 24 Nov 2025 06:47 WIB "
21 November Memperingati Hari Apa? Ini Penjelasannya,https://news.detik.com/berita/d-8220632/21-november-memperingati-hari-apa-ini-penjelasannya,"
Jumat, 21 Nov 2025 06:45 WIB "
2 Orang Didakwa Rusak Mobil Pegawai Kemendagri Saat Demo Rusuh Agustus,https://news.detik.com/berita/d-8220939/2-orang-didakwa-rusak-mobil-pegawai-kemendagri-saat-demo-rusuh-agustus,"
Kamis, 20 Nov 2025 20:38 WIB "
2 Pegawai Ekspedisi Didakwa Rusak Fasum-Serang Aparat pada Demo Agustus,https://news.detik.com/berita/d-8220904/2-pegawai-ekspedisi-didakwa-rusak-fasum-serang-aparat-pada-demo-agustus,"
Kamis, 20 Nov 2025 20:05 WIB "
"25 Pendemo Rusuh Agustus Jalani Sidang, Didakwa Rusak Fasum-Serang Polisi",https://news.detik.com/berita/d-8220794/25-pendemo-rusuh-agustus-jalani-sidang-didakwa-rusak-fasum-serang-polisi,"
Kamis, 20 Nov 2025 18:55 WIB "
Anggota Polda Metro Bagikan Makan-Minum ke Massa Demo di Silang Monas,https://news.detik.com/berita/d-8220469/anggota-polda-metro-bagikan-makan-minum-ke-massa-demo-di-silang-monas,"
Kamis, 20 Nov 2025 16:46 WIB "
"ABG Bogor Diciduk Nongkrong di Rel Pagi-pagi Buta, Celurit-Gobang Disita",https://news.detik.com/berita/d-8217832/abg-bogor-diciduk-nongkrong-di-rel-pagi-pagi-buta-celurit-gobang-disita,"
Rabu, 19 Nov 2025 11:09 WIB "
"Mahasiswa Demo Tolak KUHAP Baru di DPR, Mau Ajukan Gugatan ke MK",https://news.detik.com/berita/d-8217139/mahasiswa-demo-tolak-kuhap-baru-di-dpr-mau-ajukan-gugatan-ke-mk,"
Selasa, 18 Nov 2025 19:08 WIB "
"Sambil Hujan-hujanan, Mahasiswa Demo Tolak Pengesahan RKUHAP di DPR",https://news.detik.com/berita/d-8216339/sambil-hujan-hujanan-mahasiswa-demo-tolak-pengesahan-rkuhap-di-dpr,"
Selasa, 18 Nov 2025 13:32 WIB "
Puan Minta Fraksi DPR Proses Putusan MK soal Keterwakilan Perempuan di AKD,https://news.detik.com/berita/d-8216206/puan-minta-fraksi-dpr-proses-putusan-mk-soal-keterwakilan-perempuan-di-akd,"
Selasa, 18 Nov 2025 12:36 WIB "
Massa Demo di MK Minta Asrul Sani Dipecat Buntut Tudingan Ijazah Palsu,https://news.detik.com/berita/d-8216000/massa-demo-di-mk-minta-asrul-sani-dipecat-buntut-tudingan-ijazah-palsu,"
Selasa, 18 Nov 2025 10:55 WIB "
2 Mahasiswa Ancam Demo Pengusaha di Sumut Jika Tak Diberi Rp 15 Juta,https://news.detik.com/berita/d-8215172/2-mahasiswa-ancam-demo-pengusaha-di-sumut-jika-tak-diberi-rp-15-juta,"
Senin, 17 Nov 2025 17:33 WIB "
Exit Tol Cilegon Timur Ditutup Sementara Imbas Warga Demo Protes Truk Tambang,https://news.detik.com/berita/d-8214600/exit-tol-cilegon-timur-ditutup-sementara-imbas-warga-demo-protes-truk-tambang,"
Senin, 17 Nov 2025 13:48 WIB "
"Ada Demo Buruh Depan Balai Kota Jakarta, Jl Medan Merdeka Selatan Ditutup",https://news.detik.com/berita/d-8214305/ada-demo-buruh-depan-balai-kota-jakarta-jl-medan-merdeka-selatan-ditutup,"
Senin, 17 Nov 2025 11:30 WIB "
"Bakal Ada Demo Buruh di Silang Monas, 1.963 Personel Gabungan Disiagakan",https://news.detik.com/berita/d-8214096/bakal-ada-demo-buruh-di-silang-monas-1-963-personel-gabungan-disiagakan,"
Senin, 17 Nov 2025 09:14 WIB "
Saat Gen Z Meksiko Ramai-ramai Turun ke Jalan,https://news.detik.com/internasional/d-8213988/saat-gen-z-meksiko-ramai-ramai-turun-ke-jalan,"
Senin, 17 Nov 2025 06:19 WIB "
"Demo Gen Z Meksiko Protes soal Korupsi, Massa Kibarkan Bendera One Piece",https://news.detik.com/internasional/d-8213696/demo-gen-z-meksiko-protes-soal-korupsi-massa-kibarkan-bendera-one-piece,"
Minggu, 16 Nov 2025 20:04 WIB "
"Demo Gen Z Meksiko Ricuh, 120 Orang Luka-luka!",https://news.detik.com/internasional/d-8213155/demo-gen-z-meksiko-ricuh-120-orang-luka-luka,"
Minggu, 16 Nov 2025 13:06 WIB "
"Demo Ribuan Gen Z Meksiko Pecah, Muak Usai Pembunuhan Wali Kota",https://news.detik.com/internasional/d-8213040/demo-ribuan-gen-z-meksiko-pecah-muak-usai-pembunuhan-wali-kota,"
Minggu, 16 Nov 2025 11:32 WIB "
Gagasan Green Democracy Ketua DPD RI Disorot Delegasi COP30 Brazil,https://news.detik.com/berita/d-8211434/gagasan-green-democracy-ketua-dpd-ri-disorot-delegasi-cop30-brazil,"
Jumat, 14 Nov 2025 22:02 WIB "
Polisi Siagakan 1.047 Personel Kawal Demo di MK hingga PSSI Hari Ini,https://news.detik.com/berita/d-8210113/polisi-siagakan-1-047-personel-kawal-demo-di-mk-hingga-pssi-hari-ini,"
Jumat, 14 Nov 2025 10:22 WIB "
Menteri LH Yakin COP30 Bawa Dampak Signifikan Penanganan Perubahan Iklim,https://news.detik.com/berita/d-8209833/menteri-lh-yakin-cop30-bawa-dampak-signifikan-penanganan-perubahan-iklim,"
Jumat, 14 Nov 2025 07:29 WIB "
Sanksi Disiplin bagi Atasan yang Lecehkan Karyawan TransJakarta,https://news.detik.com/berita/d-8209676/sanksi-disiplin-bagi-atasan-yang-lecehkan-karyawan-transjakarta,"
Kamis, 13 Nov 2025 22:00 WIB "
Brasil Kerahkan Tentara Bersenjata Jaga Lokasi COP30 Imbas Demo Ricuh,https://news.detik.com/berita/d-8209650/brasil-kerahkan-tentara-bersenjata-jaga-lokasi-cop30-imbas-demo-ricuh,"
Kamis, 13 Nov 2025 21:25 WIB "
Mi Burung Dara Beri Inovasi dan Pengalaman Kuliner di SIAL Interfood 2025,https://news.detik.com/berita/d-8208413/mi-burung-dara-beri-inovasi-dan-pengalaman-kuliner-di-sial-interfood-2025,"
Kamis, 13 Nov 2025 11:10 WIB "
"Ada Demo di Semanggi hingga Depan Polda Metro, Polisi Siapkan Rekayasa Lalin",https://news.detik.com/berita/d-8208169/ada-demo-di-semanggi-hingga-depan-polda-metro-polisi-siapkan-rekayasa-lalin,"
Kamis, 13 Nov 2025 08:42 WIB "
"TransJ Respons Karyawan Diduga Dilecehkan Atasan, Tegaskan Pelaku Disanksi",https://news.detik.com/berita/d-8207698/transj-respons-karyawan-diduga-dilecehkan-atasan-tegaskan-pelaku-disanksi,"
Rabu, 12 Nov 2025 19:07 WIB "
Pentingnya Air Mineral Higienis di Tengah Suasana Festival,https://news.detik.com/berita/d-8207298/pentingnya-air-mineral-higienis-di-tengah-suasana-festival,"
Rabu, 12 Nov 2025 16:40 WIB "
"Masyarakat Demo di COP30 Brasil, Pasar Karbon Dinilai Gagal Atasi Krisis Iklim",https://news.detik.com/berita/d-8206281/masyarakat-demo-di-cop30-brasil-pasar-karbon-dinilai-gagal-atasi-krisis-iklim,"
Rabu, 12 Nov 2025 05:43 WIB "
Polisi Ungkap Penyebab Macet Parah di Sejumlah Jalan Jakarta Hari Ini,https://news.detik.com/berita/d-8205039/polisi-ungkap-penyebab-macet-parah-di-sejumlah-jalan-jakarta-hari-ini,"
Selasa, 11 Nov 2025 12:44 WIB "
Beragam Tanggapan atas Gelar Pahlawan Nasional Soeharto,https://news.detik.com/berita/d-8204332/beragam-tanggapan-atas-gelar-pahlawan-nasional-soeharto,"
Senin, 10 Nov 2025 22:04 WIB "
Peristiwa Kwitang dan Kejanggalan yang Tersisa,https://news.detik.com/x/detail/spotlight/20251110/Peristiwa-Kwitang-dan-Kejanggalan-yang-Tersisa/,"
Senin, 10 Nov 2025 20:06 WIB "
Sorotan Ketua PDIP Usai Soeharto Ditetapkan Pahlawan Nasional,https://news.detik.com/berita/d-8204058/sorotan-ketua-pdip-usai-soeharto-ditetapkan-pahlawan-nasional,"
Senin, 10 Nov 2025 18:51 WIB "
Warga Dukung Halte Tosari Lama Dibongkar: Tak Terpakai-Persempit Jalan,https://news.detik.com/berita/d-8199601/warga-dukung-halte-tosari-lama-dibongkar-tak-terpakai-persempit-jalan,"
Jumat, 07 Nov 2025 18:47 WIB "
"RS Polri: Tak Ada Tanda Kekerasan, Kematian Reno-Farhan karena Terbakar",https://news.detik.com/berita/d-8198688/rs-polri-tak-ada-tanda-kekerasan-kematian-reno-farhan-karena-terbakar,"
Jumat, 07 Nov 2025 12:16 WIB "
Pakar Desak Polri Tangkap Aktor Intelektual Kerusuhan Agustus di Jakarta,https://news.detik.com/berita/d-8198009/pakar-desak-polri-tangkap-aktor-intelektual-kerusuhan-agustus-di-jakarta,"
Kamis, 06 Nov 2025 20:05 WIB "
"Massa Buruh Demo di Depan DPR Bubar, Lalin Gatsu Arah Slipi Macet",https://news.detik.com/berita/d-8197857/massa-buruh-demo-di-depan-dpr-bubar-lalin-gatsu-arah-slipi-macet,"
Kamis, 06 Nov 2025 18:42 WIB "
"Ketua BAM DPR Temui Massa Buruh, Setuju Ubah UU Ketenagakerjaan",https://news.detik.com/berita/d-8197799/ketua-bam-dpr-temui-massa-buruh-setuju-ubah-uu-ketenagakerjaan,"
Kamis, 06 Nov 2025 18:11 WIB "
"Polwan Turun Temui Massa Buruh di DPR, Bagikan Roti dan Air Mineral",https://news.detik.com/berita/d-8197722/polwan-turun-temui-massa-buruh-di-dpr-bagikan-roti-dan-air-mineral,"
Kamis, 06 Nov 2025 17:22 WIB "
"Massa Demo Buruh Bertemu Badan Aspirasi DPR, Keluhkan PHK Sepihak",https://news.detik.com/berita/d-8197672/massa-demo-buruh-bertemu-badan-aspirasi-dpr-keluhkan-phk-sepihak,"
Kamis, 06 Nov 2025 16:59 WIB "
"Massa Buruh Bawa Boneka Gurita-Tari Jaipong di DPR, Tuntut Kenaikan Upah",https://news.detik.com/berita/d-8197409/massa-buruh-bawa-boneka-gurita-tari-jaipong-di-dpr-tuntut-kenaikan-upah,"
Kamis, 06 Nov 2025 15:21 WIB "
"Ada Demo Buruh di Depan Gedung DPR, Sejumlah Rute Transjakarta Dialihkan",https://news.detik.com/berita/d-8197225/ada-demo-buruh-di-depan-gedung-dpr-sejumlah-rute-transjakarta-dialihkan,"
Kamis, 06 Nov 2025 14:13 WIB "
"Suarakan Kenaikan Upah, Massa Buruh Demo di Depan Gedung DPR RI",https://news.detik.com/berita/d-8197029/suarakan-kenaikan-upah-massa-buruh-demo-di-depan-gedung-dpr-ri,"
Kamis, 06 Nov 2025 12:35 WIB "
1.464 Personel Gabungan Diturunkan Amankan Demo Buruh di DPR Hari Ini,https://news.detik.com/berita/d-8196717/1-464-personel-gabungan-diturunkan-amankan-demo-buruh-di-dpr-hari-ini,"
Kamis, 06 Nov 2025 10:00 WIB "
"Buruh Akan Demo di DPR, Polda Metro Utamakan Pelayanan Humanis",https://news.detik.com/berita/d-8196630/buruh-akan-demo-di-dpr-polda-metro-utamakan-pelayanan-humanis,"
Kamis, 06 Nov 2025 09:03 WIB "
Kata Sahroni hingga Uya Kuya Usai Putusan MKD,https://news.detik.com/berita/d-8196504/kata-sahroni-hingga-uya-kuya-usai-putusan-mkd,"
Kamis, 06 Nov 2025 07:01 WIB "
"Aktif Lagi Jadi Anggota DPR, Uya Kuya Sebut MKD Profesional Sesuai Bukti",https://news.detik.com/berita/d-8195527/aktif-lagi-jadi-anggota-dpr-uya-kuya-sebut-mkd-profesional-sesuai-bukti,"
Rabu, 05 Nov 2025 14:58 WIB "
MKD DPR: Video Parodi Sound Horeg Eko Patrio Usai Dikritik Kurang Tepat,https://news.detik.com/berita/d-8195491/mkd-dpr-video-parodi-sound-horeg-eko-patrio-usai-dikritik-kurang-tepat,"
Rabu, 05 Nov 2025 14:43 WIB "
Hal Meringankan Skorsing 6 Bulan Sahroni dari DPR: Rumah Dijarah,https://news.detik.com/berita/d-8195460/hal-meringankan-skorsing-6-bulan-sahroni-dari-dpr-rumah-dijarah,"
Rabu, 05 Nov 2025 14:27 WIB "
"Putusan Lengkap Skorsing Sahroni, Nafa Urbach dan Eko Patrio dari DPR",https://news.detik.com/berita/d-8195410/putusan-lengkap-skorsing-sahroni-nafa-urbach-dan-eko-patrio-dari-dpr,"
Rabu, 05 Nov 2025 14:11 WIB "
"Diskors, Sahroni-Nafa Urbach-Eko Patrio Tak Dapat Hak Keuangan dari DPR",https://news.detik.com/berita/d-8195347/diskors-sahroni-nafa-urbach-eko-patrio-tak-dapat-hak-keuangan-dari-dpr,"
Rabu, 05 Nov 2025 13:33 WIB "
"MKD DPR Kuatkan Putusan Partai, Sahroni-Nafa-Eko Diskors 3-6 Bulan",https://news.detik.com/berita/d-8195272/mkd-dpr-kuatkan-putusan-partai-sahroni-nafa-eko-diskors-3-6-bulan,"
Rabu, 05 Nov 2025 13:02 WIB "
MKD Putuskan Adies Kadir Aktif Lagi Jadi Anggota DPR!,https://news.detik.com/berita/d-8195270/mkd-putuskan-adies-kadir-aktif-lagi-jadi-anggota-dpr,"
Rabu, 05 Nov 2025 12:59 WIB "
Adies Kadir Susul Sahroni cs Hadiri Sidang Putusan MKD DPR,https://news.detik.com/berita/d-8195225/adies-kadir-susul-sahroni-cs-hadiri-sidang-putusan-mkd-dpr,"
Rabu, 05 Nov 2025 12:33 WIB "
Membangun Ketahanan Informasi di Era Matinya Kepakaran,https://news.detik.com/kolom/d-8195161/membangun-ketahanan-informasi-di-era-matinya-kepakaran,"
Rabu, 05 Nov 2025 12:11 WIB "
Sahroni hingga Uya Kuya Hadiri Langsung Sidang Putusan MKD DPR,https://news.detik.com/berita/d-8195088/sahroni-hingga-uya-kuya-hadiri-langsung-sidang-putusan-mkd-dpr,"
Rabu, 05 Nov 2025 11:40 WIB "
Massa Demo Tuntut Ganti Rugi Pelebaran Jalan Flyover Pramuka di Balkot DKI,https://news.detik.com/berita/d-8193778/massa-demo-tuntut-ganti-rugi-pelebaran-jalan-flyover-pramuka-di-balkot-dki,"
Selasa, 04 Nov 2025 15:19 WIB "
Menteri PPPA Ungkap Cerita di Balik Anak Terlibat Kerusuhan Agustus,https://news.detik.com/berita/d-8193319/menteri-pppa-ungkap-cerita-di-balik-anak-terlibat-kerusuhan-agustus,"
Selasa, 04 Nov 2025 12:46 WIB "
"332 Anak Terlibat Kerusuhan Agustus, Sebagian Besar Ikut-ikutan",https://news.detik.com/berita/d-8193238/332-anak-terlibat-kerusuhan-agustus-sebagian-besar-ikut-ikutan,"
Selasa, 04 Nov 2025 12:15 WIB "
Pramono Dorong Pelajar Jakarta Masuk Perguruan Tinggi Lewat KJP Try Out,https://news.detik.com/berita/d-8193060/pramono-dorong-pelajar-jakarta-masuk-perguruan-tinggi-lewat-kjp-try-out,"
Selasa, 04 Nov 2025 10:55 WIB "
"Sidang MKD, Wakil KWP Tepis Ada Kenaikan Gaji DPR di Sidang Tahunan",https://news.detik.com/berita/d-8192225/sidang-mkd-wakil-kwp-tepis-ada-kenaikan-gaji-dpr-di-sidang-tahunan,"
Senin, 03 Nov 2025 17:27 WIB "
"Sidang MKD, Ahli Sebut Penjarahan Rumah Anggota DPR Sudah Ditargetkan",https://news.detik.com/berita/d-8191886/sidang-mkd-ahli-sebut-penjarahan-rumah-anggota-dpr-sudah-ditargetkan,"
Senin, 03 Nov 2025 15:10 WIB "
Ahli Jelaskan Bahaya Video Anggota DPR Dinarasikan Joget karena Gaji Naik,https://news.detik.com/berita/d-8191770/ahli-jelaskan-bahaya-video-anggota-dpr-dinarasikan-joget-karena-gaji-naik,"
Senin, 03 Nov 2025 14:28 WIB "
Setjen Bantah Isu Kenaikan Gaji-Tunjangan Anggota DPR di Sidang Tahunan,https://news.detik.com/berita/d-8191433/setjen-bantah-isu-kenaikan-gaji-tunjangan-anggota-dpr-di-sidang-tahunan,"
Senin, 03 Nov 2025 11:52 WIB "
5 Berita Terpopuler Internasional Hari Ini,https://news.detik.com/internasional/d-8189515/5-berita-terpopuler-internasional-hari-ini,"
Sabtu, 01 Nov 2025 18:32 WIB "
Presiden Tanzania Menang Telak di Pemilu Usai Demo Berdarah,https://news.detik.com/internasional/d-8189221/presiden-tanzania-menang-telak-di-pemilu-usai-demo-berdarah,"
Sabtu, 01 Nov 2025 15:08 WIB "
Rano Karno Cerita Jakarta Dapat 'Oleh-oleh' Investasi Rp 21 Triliun dari Eropa,https://news.detik.com/berita/d-8189077/rano-karno-cerita-jakarta-dapat-oleh-oleh-investasi-rp-21-triliun-dari-eropa,"
Sabtu, 01 Nov 2025 13:19 WIB "
"DPRD Gelar Paripurna Pemakzulan Bupati Sudewo, Bahas 12 Tuntutan",https://news.detik.com/berita/d-8187667/dprd-gelar-paripurna-pemakzulan-bupati-sudewo-bahas-12-tuntutan,"
Jumat, 31 Okt 2025 15:03 WIB "
"Kapolri Pimpin Apel Ojol Kamtibmas di Jatim, Komitmen Sinergi Jaga Kondusifitas",https://news.detik.com/berita/d-8187073/kapolri-pimpin-apel-ojol-kamtibmas-di-jatim-komitmen-sinergi-jaga-kondusifitas,"
Jumat, 31 Okt 2025 09:49 WIB "
BKN Kaji Tuntutan Guru Honorer Madrasah Minta Diangkat Jadi PPPK,https://news.detik.com/berita/d-8187003/bkn-kaji-tuntutan-guru-honorer-madrasah-minta-diangkat-jadi-pppk,"
Jumat, 31 Okt 2025 08:48 WIB "
Komisi X DPR Desak Pemerintah Cari Solusi untuk Guru Honorer Umum-Madrasah,https://news.detik.com/berita/d-8186884/komisi-x-dpr-desak-pemerintah-cari-solusi-untuk-guru-honorer-umum-madrasah,"
Jumat, 31 Okt 2025 07:17 WIB "
Aksi Humanis Polres Metro Bekasi Kawal Massa Buruh ke Jakarta,https://news.detik.com/berita/d-8186680/aksi-humanis-polres-metro-bekasi-kawal-massa-buruh-ke-jakarta,"
Kamis, 30 Okt 2025 21:28 WIB "
Pilu Para Guru Turun ke Jalan karena Sampai Kerja Sampingan,https://news.detik.com/berita/d-8186659/pilu-para-guru-turun-ke-jalan-karena-sampai-kerja-sampingan,"
Kamis, 30 Okt 2025 21:11 WIB "
Istana Respons Tuntutan Guru Madrasah Minta Diangkat Jadi PPPK,https://news.detik.com/berita/d-8186121/istana-respons-tuntutan-guru-madrasah-minta-diangkat-jadi-pppk,"
Kamis, 30 Okt 2025 16:23 WIB "
"Demo Guru di Monas Bubar, Jalan Medan Merdeka Selatan Kembali Dibuka",https://news.detik.com/berita/d-8185966/demo-guru-di-monas-bubar-jalan-medan-merdeka-selatan-kembali-dibuka,"
Kamis, 30 Okt 2025 15:24 WIB "
"20 Tahun Jadi Guru Honorer di Madrasah, Dewi Minta Diangkat Jadi P3K",https://news.detik.com/berita/d-8185818/20-tahun-jadi-guru-honorer-di-madrasah-dewi-minta-diangkat-jadi-p3k,"
Kamis, 30 Okt 2025 14:40 WIB "
"Jalan Medan Merdeka Selatan Jakpus Ditutup Imbas Demo Guru, Lalin Macet",https://news.detik.com/berita/d-8185509/jalan-medan-merdeka-selatan-jakpus-ditutup-imbas-demo-guru-lalin-macet,"
Kamis, 30 Okt 2025 12:13 WIB "
Polisi Bagi-bagi Air Mineral dan Roti ke Guru Pendemo di Monas,https://news.detik.com/berita/d-8185458/polisi-bagi-bagi-air-mineral-dan-roti-ke-guru-pendemo-di-monas,"
Kamis, 30 Okt 2025 11:40 WIB "
Wamensos Serukan Seluruh Elemen Bangsa Bersatu Lawan Sistem Serakahnomic,https://news.detik.com/berita/d-8185310/wamensos-serukan-seluruh-elemen-bangsa-bersatu-lawan-sistem-serakahnomic,"
Kamis, 30 Okt 2025 10:27 WIB "
"Ada Demo di Patung Kuda, Bus TransJ Tak Berhenti di Halte Balai Kota",https://news.detik.com/berita/d-8185239/ada-demo-di-patung-kuda-bus-transj-tak-berhenti-di-halte-balai-kota,"
Kamis, 30 Okt 2025 09:36 WIB "
"Ada Demo Massa Guru, Lalin di Patung Kuda Arah Kedubes AS Ditutup",https://news.detik.com/berita/d-8185174/ada-demo-massa-guru-lalin-di-patung-kuda-arah-kedubes-as-ditutup,"
Kamis, 30 Okt 2025 08:47 WIB "
1.597 Polisi Dikerahkan untuk Kawal Demo Guru di Monas Hari Ini,https://news.detik.com/berita/d-8185124/1-597-polisi-dikerahkan-untuk-kawal-demo-guru-di-monas-hari-ini,"
Kamis, 30 Okt 2025 08:08 WIB "
Trump Dapat Hadiah Mahkota Emas dari Korsel,https://news.detik.com/internasional/d-8184469/trump-dapat-hadiah-mahkota-emas-dari-korsel,"
Rabu, 29 Okt 2025 17:36 WIB "
Delpedro dkk Segera Disidang di Kasus Penghasutan,https://news.detik.com/berita/d-8183272/delpedro-dkk-segera-disidang-di-kasus-penghasutan,"
Rabu, 29 Okt 2025 07:23 WIB "
Kemendagri: Langkah Tegas Polda Riau Tindak Ketua Ormas Pemeras Sesuai Hukum,https://news.detik.com/melindungi-tuah-marwah/d-8182358/kemendagri-langkah-tegas-polda-riau-tindak-ketua-ormas-pemeras-sesuai-hukum,"
Selasa, 28 Okt 2025 15:29 WIB "
Kemendagri: Pembekuan Ormas Petir Riau dalam Proses di Kemenkum,https://news.detik.com/melindungi-tuah-marwah/d-8181845/kemendagri-pembekuan-ormas-petir-riau-dalam-proses-di-kemenkum,"
Selasa, 28 Okt 2025 11:53 WIB "
Penjelasan Polisi soal Poster Pendukung Khariq Saat Praperadilan di PN Jaksel,https://news.detik.com/berita/d-8180661/penjelasan-polisi-soal-poster-pendukung-khariq-saat-praperadilan-di-pn-jaksel,"
Senin, 27 Okt 2025 15:59 WIB "
Menhut Minta Maaf ke Warga Papua soal Pembakaran Mahkota Cenderawasih,https://news.detik.com/berita/d-8180311/menhut-minta-maaf-ke-warga-papua-soal-pembakaran-mahkota-cenderawasih,"
Senin, 27 Okt 2025 13:58 WIB "
Hakim Tolak Praperadilan Khariq Anhar di Kasus Penghasutan,https://news.detik.com/berita/d-8179914/hakim-tolak-praperadilan-khariq-anhar-di-kasus-penghasutan,"
Senin, 27 Okt 2025 10:40 WIB "
"Ada 3 Titik Demo di Jakpus Hari Ini, 1.610 Personel Polisi Disiagakan",https://news.detik.com/berita/d-8179812/ada-3-titik-demo-di-jakpus-hari-ini-1-610-personel-polisi-disiagakan,"
Senin, 27 Okt 2025 09:34 WIB "
KPAI Sebut Vonis Ringan Oknum TNI Penganiaya Pelajar SMP Tak Sebanding,https://news.detik.com/berita/d-8179744/kpai-sebut-vonis-ringan-oknum-tni-penganiaya-pelajar-smp-tak-sebanding,"
Senin, 27 Okt 2025 08:32 WIB "
Massa Pro Palestina Demo Protes Kedatangan Trump di Malaysia,https://news.detik.com/internasional/d-8179155/massa-pro-palestina-demo-protes-kedatangan-trump-di-malaysia,"
Minggu, 26 Okt 2025 16:06 WIB "
Buntut Panjang Sopir Angkot Bogor Ricuh hingga Pukul Dishub,https://news.detik.com/berita/d-8177315/buntut-panjang-sopir-angkot-bogor-ricuh-hingga-pukul-dishub,"
Jumat, 24 Okt 2025 21:33 WIB "
Pembatasan Usia-Razia Angkot Tua di Bogor Tetap Lanjut Meski Diprotes Sopir,https://news.detik.com/berita/d-8177033/pembatasan-usia-razia-angkot-tua-di-bogor-tetap-lanjut-meski-diprotes-sopir,"
Jumat, 24 Okt 2025 18:26 WIB "
"Dipukul Saat Demo Ricuh Sopir Angkot di Bogor, 3 Anggota Dishub Lapor Polisi",https://news.detik.com/berita/d-8176756/dipukul-saat-demo-ricuh-sopir-angkot-di-bogor-3-anggota-dishub-lapor-polisi,"
Jumat, 24 Okt 2025 16:15 WIB "
Geger! Presiden Ekuador Ungkap Ada yang Coba Meracuninya,https://news.detik.com/internasional/d-8176142/geger-presiden-ekuador-ungkap-ada-yang-coba-meracuninya,"
Jumat, 24 Okt 2025 11:34 WIB "
Demo Sopir Angkot di Bogor Bikin Penumpang Terkatung-katung,https://news.detik.com/berita/d-8175775/demo-sopir-angkot-di-bogor-bikin-penumpang-terkatung-katung,"
Jumat, 24 Okt 2025 07:10 WIB "
"Demo Sopir Angkot Bogor Bubar, Tuntut Mobil Ditahan Dishub Dikembalikan",https://news.detik.com/berita/d-8175301/demo-sopir-angkot-bogor-bubar-tuntut-mobil-ditahan-dishub-dikembalikan,"
Kamis, 23 Okt 2025 17:42 WIB "
"Demo Sopir Angkot Bogor, Polisi-TNI Siapkan Truk Angkut Penumpang Telantar",https://news.detik.com/berita/d-8174966/demo-sopir-angkot-bogor-polisi-tni-siapkan-truk-angkut-penumpang-telantar,"
Kamis, 23 Okt 2025 15:34 WIB "
"Demo Sopir Angkot di Kota Bogor Ricuh, Massa Kejar Petugas Dishub",https://news.detik.com/berita/d-8174709/demo-sopir-angkot-di-kota-bogor-ricuh-massa-kejar-petugas-dishub,"
Kamis, 23 Okt 2025 13:34 WIB "
"Sejumlah Sopir Demo Balai Kota Bogor, Protes Pembatasan Usia  Angkot",https://news.detik.com/berita/d-8174486/sejumlah-sopir-demo-balai-kota-bogor-protes-pembatasan-usia-angkot,"
Kamis, 23 Okt 2025 11:48 WIB "
"Demo di Boven Digoel Berujung Ricuh, 3 Polisi Luka dan 4 Provokator Diamankan",https://news.detik.com/berita/d-8174330/demo-di-boven-digoel-berujung-ricuh-3-polisi-luka-dan-4-provokator-diamankan,"
Kamis, 23 Okt 2025 10:22 WIB "
Bidhumas Polda Metro Donor Darah Sambut Hari Jadi Ke-74 Humas Polri,https://news.detik.com/berita/d-8174240/bidhumas-polda-metro-donor-darah-sambut-hari-jadi-ke-74-humas-polri,"
Kamis, 23 Okt 2025 09:29 WIB "
"Menkum: Kehadiran Ormas Harus Beri Manfaat, Jangan Justru Timbulkan Masalah",https://news.detik.com/melindungi-tuah-marwah/d-8171422/menkum-kehadiran-ormas-harus-beri-manfaat-jangan-justru-timbulkan-masalah,"
Selasa, 21 Okt 2025 15:52 WIB "
Pelayanan Polda Jateng Jamin Hak Unjuk Rasa BEM Solo Raya Terpenuhi,https://news.detik.com/berita/d-8171207/pelayanan-polda-jateng-jamin-hak-unjuk-rasa-bem-solo-raya-terpenuhi,"
Selasa, 21 Okt 2025 14:28 WIB "
"Massa Demo soal Sengketa Lahan di BPN Bogor, Gedung Dilempari Telur",https://news.detik.com/berita/d-8171141/massa-demo-soal-sengketa-lahan-di-bpn-bogor-gedung-dilempari-telur,"
Selasa, 21 Okt 2025 14:01 WIB "
Demonstran Turun ke Jalan Protes Presiden Baru Bolivia,https://news.detik.com/internasional/d-8171070/demonstran-turun-ke-jalan-protes-presiden-baru-bolivia,"
Selasa, 21 Okt 2025 13:33 WIB "
Komitmen Polda Jateng Jaga Kondusivitas Kawal Aksi BEM Solo Raya di Kartasura,https://news.detik.com/berita/d-8170979/komitmen-polda-jateng-jaga-kondusivitas-kawal-aksi-bem-solo-raya-di-kartasura,"
Selasa, 21 Okt 2025 12:54 WIB "
"Demo Mahasiswa di Patung Kuda Jakpus Bubar, Lalin Kembali Normal",https://news.detik.com/berita/d-8170091/demo-mahasiswa-di-patung-kuda-jakpus-bubar-lalin-kembali-normal,"
Senin, 20 Okt 2025 18:46 WIB "
"1 Tahun Prabowo-Gibran, Pupuk Indonesia Perkuat Program Swasembada Pangan",https://news.detik.com/berita/d-8169979/1-tahun-prabowo-gibran-pupuk-indonesia-perkuat-program-swasembada-pangan,"
Senin, 20 Okt 2025 17:48 WIB "
"Mahasiswa Demo Peringati 1 Tahun Prabowo-Gibran di Jakpus, Bawa 8 Tuntutan",https://news.detik.com/berita/d-8169857/mahasiswa-demo-peringati-1-tahun-prabowo-gibran-di-jakpus-bawa-8-tuntutan,"
Senin, 20 Okt 2025 17:12 WIB "
Kemendagri Apresiasi Langkah Tegas Polda Riau di Kasus Ketua Ormas Pemeras,https://news.detik.com/melindungi-tuah-marwah/d-8169657/kemendagri-apresiasi-langkah-tegas-polda-riau-di-kasus-ketua-ormas-pemeras,"
Senin, 20 Okt 2025 15:57 WIB "
"Ada Demo di Patung Kuda Jakpus, Lalin Arah Stasiun Gambir Ditutup",https://news.detik.com/berita/d-8169416/ada-demo-di-patung-kuda-jakpus-lalin-arah-stasiun-gambir-ditutup,"
Senin, 20 Okt 2025 14:21 WIB "
Polda Metro Minta Hakim Tolak Praperadilan Delpedro di Kasus Penghasutan,https://news.detik.com/berita/d-8169217/polda-metro-minta-hakim-tolak-praperadilan-delpedro-di-kasus-penghasutan,"
Senin, 20 Okt 2025 12:53 WIB "
Siswa SMAN 11 Semarang Demo Usai Alumnus Edit Foto Cabul Pakai AI,https://news.detik.com/berita/d-8168961/siswa-sman-11-semarang-demo-usai-alumnus-edit-foto-cabul-pakai-ai,"
Senin, 20 Okt 2025 10:46 WIB "
"Ada 3 Aksi Demo di Monas-DPR Hari Ini, 1.743 Personel Gabungan Siaga",https://news.detik.com/berita/d-8168732/ada-3-aksi-demo-di-monas-dpr-hari-ini-1-743-personel-gabungan-siaga,"
Senin, 20 Okt 2025 08:09 WIB "
Kala Demo Besar-besaran No Kings Dijawab Trump dengan AI 'King Trump',https://news.detik.com/internasional/d-8168668/kala-demo-besar-besaran-no-kings-dijawab-trump-dengan-ai-king-trump,"
Senin, 20 Okt 2025 07:01 WIB "
Massa Demo 'No Kings' di Los Angeles Dibubarkan Pakai Gas Air Mata!,https://news.detik.com/internasional/d-8168228/massa-demo-no-kings-di-los-angeles-dibubarkan-pakai-gas-air-mata,"
Minggu, 19 Okt 2025 17:05 WIB "
Ini Tuntutan Massa Demo 'No Kings' Protes Kebijakan Trump,https://news.detik.com/internasional/d-8167953/ini-tuntutan-massa-demo-no-kings-protes-kebijakan-trump,"
Minggu, 19 Okt 2025 14:11 WIB "
"Respons Demo 'No Kings', Trump Unggah Video AI Dirinya Pakai Mahkota",https://news.detik.com/internasional/d-8167823/respons-demo-no-kings-trump-unggah-video-ai-dirinya-pakai-mahkota,"
Minggu, 19 Okt 2025 12:53 WIB "
"Demo 'No Kings' Protes Trump di AS, Warga Kibarkan Bendera One Piece",https://news.detik.com/internasional/d-8167666/demo-no-kings-protes-trump-di-as-warga-kibarkan-bendera-one-piece,"
Minggu, 19 Okt 2025 10:21 WIB "
Wanti-wanti Prabowo: Menteri 3 Kali Nakal Bakal Diganti,https://news.detik.com/berita/d-8167536/wanti-wanti-prabowo-menteri-3-kali-nakal-bakal-diganti,"
Minggu, 19 Okt 2025 08:32 WIB "
"Prabowo Ultimatum Menteri: 3 Kali Peringatan Masih Nakal, Reshuffle!",https://news.detik.com/berita/d-8166936/prabowo-ultimatum-menteri-3-kali-peringatan-masih-nakal-reshuffle,"
Sabtu, 18 Okt 2025 16:27 WIB "
Ormas-ormas Dukung Polda Riau Tindak Tegas Pemerasan: Ganggu Iklim Investasi,https://news.detik.com/melindungi-tuah-marwah/d-8166734/ormas-ormas-dukung-polda-riau-tindak-tegas-pemerasan-ganggu-iklim-investasi,"
Sabtu, 18 Okt 2025 14:06 WIB "
Cerita Prabowo Masih Belajar Lewat Buku: Sekarang Ada Chat GPT-Tanya Om Google,https://news.detik.com/berita/d-8166730/cerita-prabowo-masih-belajar-lewat-buku-sekarang-ada-chat-gpt-tanya-om-google,"
Sabtu, 18 Okt 2025 14:00 WIB "
Darurat di Peru Usai Demo Maut Berlarut-larut,https://news.detik.com/internasional/d-8166137/darurat-di-peru-usai-demo-maut-berlarut-larut,"
Jumat, 17 Okt 2025 21:16 WIB "
Polda Riau Tegaskan Penetapan Tersangka Ketua Ormas Pemeras Sesuai Prosedur,https://news.detik.com/melindungi-tuah-marwah/d-8166000/polda-riau-tegaskan-penetapan-tersangka-ketua-ormas-pemeras-sesuai-prosedur,"
Jumat, 17 Okt 2025 19:28 WIB "
5 Berita Terpopuler Internasional Hari Ini,https://news.detik.com/internasional/d-8165940/5-berita-terpopuler-internasional-hari-ini,"
Jumat, 17 Okt 2025 18:55 WIB "
Kolonel Militer Dilantik Jadi Presiden Madagaskar Usai Pemakzulan,https://news.detik.com/internasional/d-8165848/kolonel-militer-dilantik-jadi-presiden-madagaskar-usai-pemakzulan,"
Jumat, 17 Okt 2025 18:01 WIB "
Peru Umumkan Keadaan Darurat Buntut Demo Rusuh,https://news.detik.com/internasional/d-8165275/peru-umumkan-keadaan-darurat-buntut-demo-rusuh,"
Jumat, 17 Okt 2025 13:54 WIB "
Kronologi Ketua Ormas Ditangkap Polda Riau Usai Peras Rp 5 M,https://news.detik.com/melindungi-tuah-marwah/d-8164769/kronologi-ketua-ormas-ditangkap-polda-riau-usai-peras-rp-5-m,"
Jumat, 17 Okt 2025 09:09 WIB "
Madagaskar Bakal Dipimpin Kolonel Usai Presiden Dimakzulkan,https://news.detik.com/internasional/d-8164673/madagaskar-bakal-dipimpin-kolonel-usai-presiden-dimakzulkan,"
Jumat, 17 Okt 2025 06:40 WIB "
Yusril Jamin Tak Akan Ada Intervensi di Sidang Praperadilan Delpedro,https://news.detik.com/berita/d-8164502/yusril-jamin-tak-akan-ada-intervensi-di-sidang-praperadilan-delpedro,"
Kamis, 16 Okt 2025 21:48 WIB "
Modus Pemerasan Ketua Ormas di Riau: Ancam Demo dan Sebar Berita Online,https://news.detik.com/melindungi-tuah-marwah/d-8164193/modus-pemerasan-ketua-ormas-di-riau-ancam-demo-dan-sebar-berita-online,"
Kamis, 16 Okt 2025 18:03 WIB "
"Demo Antikriminal di Peru Berujung Ricuh, 1 Orang Tewas-Puluhan Luka",https://news.detik.com/internasional/d-8163863/demo-antikriminal-di-peru-berujung-ricuh-1-orang-tewas-puluhan-luka,"
Kamis, 16 Okt 2025 15:51 WIB "
Kolonel Militer Akan Dilantik Jadi Presiden Sementara Madagaskar,https://news.detik.com/internasional/d-8163693/kolonel-militer-akan-dilantik-jadi-presiden-sementara-madagaskar,"
Kamis, 16 Okt 2025 15:05 WIB "
Dua Mahasiswa di Banten Didakwa Lakukan Perusakan Pos Lalin Ciceri Serang,https://news.detik.com/berita/d-8162483/dua-mahasiswa-di-banten-didakwa-lakukan-perusakan-pos-lalin-ciceri-serang,"
Rabu, 15 Okt 2025 19:24 WIB "
"Suara Ibu Indonesia Geruduk Kantor BGN: MBG Harus Disetop, Evaluasi Total",https://news.detik.com/berita/d-8162359/suara-ibu-indonesia-geruduk-kantor-bgn-mbg-harus-disetop-evaluasi-total,"
Rabu, 15 Okt 2025 18:11 WIB "
Legislator Rajiv Dukung KKP Tertibkan Pemanfaatan Ruang Laut Ilegal,https://news.detik.com/berita/d-8161930/legislator-rajiv-dukung-kkp-tertibkan-pemanfaatan-ruang-laut-ilegal,"
Rabu, 15 Okt 2025 14:53 WIB "
"Ormas Dukung Program 'Jaga Jakarta', Siap Bersinergi dengan Polisi",https://news.detik.com/berita/d-8161611/ormas-dukung-program-jaga-jakarta-siap-bersinergi-dengan-polisi,"
Rabu, 15 Okt 2025 12:25 WIB "
"Harmoni Ormas Jaga Jakarta, Kapolda Metro: Sinergi Kunci Keamanan Ibu Kota",https://news.detik.com/berita/d-8161549/harmoni-ormas-jaga-jakarta-kapolda-metro-sinergi-kunci-keamanan-ibu-kota,"
Rabu, 15 Okt 2025 11:58 WIB "
Ribuan Massa Pro-Palestina Bentrok dengan Polisi Saat Laga Italia vs Israel,https://news.detik.com/internasional/d-8161181/ribuan-massa-pro-palestina-bentrok-dengan-polisi-saat-laga-italia-vs-israel,"
Rabu, 15 Okt 2025 07:49 WIB "
"Parlemen Makzulkan Presiden Madagaskar, Militer Ambil Alih Kekuasaan",https://news.detik.com/internasional/d-8160996/parlemen-makzulkan-presiden-madagaskar-militer-ambil-alih-kekuasaan,"
Selasa, 14 Okt 2025 21:45 WIB "
Sejumlah Orang Demo di Rumah RK Buntut Ucapan Atalia soal Ponpes Al Khoziny,https://news.detik.com/berita/d-8160661/sejumlah-orang-demo-di-rumah-rk-buntut-ucapan-atalia-soal-ponpes-al-khoziny,"
Selasa, 14 Okt 2025 17:50 WIB "
"Didesak Mundur-Nyawanya Terancam, Presiden Madagaskar Ngumpet",https://news.detik.com/internasional/d-8160450/didesak-mundur-nyawanya-terancam-presiden-madagaskar-ngumpet,"
Selasa, 14 Okt 2025 16:28 WIB "
Saat Napi Wanita Tanya Menteri Imipas: Apa Kami Bisa Diterima oleh Masyarakat?,https://news.detik.com/berita/d-8160431/saat-napi-wanita-tanya-menteri-imipas-apa-kami-bisa-diterima-oleh-masyarakat,"
Selasa, 14 Okt 2025 16:17 WIB "
"Pedagang Pasar Barito Demo di Balkot Minta Tak Direlokasi, Ini Kata Pramono",https://news.detik.com/berita/d-8160345/pedagang-pasar-barito-demo-di-balkot-minta-tak-direlokasi-ini-kata-pramono,"
Selasa, 14 Okt 2025 15:51 WIB "
"Cara Cek Lokasi Subsidi Pangan Murah KJP, Ini Jadwal Terbarunya",https://news.detik.com/berita/d-8158838/cara-cek-lokasi-subsidi-pangan-murah-kjp-ini-jadwal-terbarunya,"
Senin, 13 Okt 2025 17:09 WIB "
Mendagri Imbau Pemda Kendalikan Harga Komoditas Pangan Penyumbang Inflasi,https://news.detik.com/berita/d-8158552/mendagri-imbau-pemda-kendalikan-harga-komoditas-pangan-penyumbang-inflasi,"
Senin, 13 Okt 2025 15:13 WIB "
"Jakarta Masuk Daftar 20 Kota Paling Bahagia di Dunia, Begini Respons Pramono",https://news.detik.com/berita/d-8158001/jakarta-masuk-daftar-20-kota-paling-bahagia-di-dunia-begini-respons-pramono,"
Senin, 13 Okt 2025 10:36 WIB "
Massa Pekikkan Takbir-Bawa Bendera Palestina Besar Saat Demo Kedubes AS,https://news.detik.com/berita/d-8156892/massa-pekikkan-takbir-bawa-bendera-palestina-besar-saat-demo-kedubes-as,"
Minggu, 12 Okt 2025 11:26 WIB "
Tim Basket Kementerian Imipas Jadi Juara di PORNAS KORPRI 2025,https://news.detik.com/berita/d-8156830/tim-basket-kementerian-imipas-jadi-juara-di-pornas-korpri-2025,"
Minggu, 12 Okt 2025 10:22 WIB "
"Polres Tangerang Gelar Jumat Peduli-Ngopi Kamtibmas, Dekatkan diri ke Warga",https://news.detik.com/berita/d-8155776/polres-tangerang-gelar-jumat-peduli-ngopi-kamtibmas-dekatkan-diri-ke-warga,"
Sabtu, 11 Okt 2025 11:55 WIB "
Rentetan Demo Gen Z di Peru hingga Presiden Dimakzulkan,https://news.detik.com/internasional/d-8155461/rentetan-demo-gen-z-di-peru-hingga-presiden-dimakzulkan,"
Sabtu, 11 Okt 2025 06:34 WIB "
"Peru Memanas, Presiden Dina Boluarte Dimakzulkan!",https://news.detik.com/internasional/d-8154297/peru-memanas-presiden-dina-boluarte-dimakzulkan,"
Jumat, 10 Okt 2025 12:59 WIB "
Figha Punya Balita Jadi Alasan Penahanan Ditangguhkan Polda,https://news.detik.com/berita/d-8153830/figha-punya-balita-jadi-alasan-penahanan-ditangguhkan-polda,"
Jumat, 10 Okt 2025 07:31 WIB "
"Penahanan Figha Lesmana Ditangguhkan, Kapolda Metro Tegaskan Pendekatan Humanis",https://news.detik.com/berita/d-8152633/penahanan-figha-lesmana-ditangguhkan-kapolda-metro-tegaskan-pendekatan-humanis,"
Kamis, 09 Okt 2025 13:46 WIB "
Alasan Polda Metro Tangguhkan Penahanan Figha Lesmana karena Punya Balita,https://news.detik.com/berita/d-8152598/alasan-polda-metro-tangguhkan-penahanan-figha-lesmana-karena-punya-balita,"
Kamis, 09 Okt 2025 13:28 WIB "
Polda Metro Tangguhkan Penahanan Figha Lesmana di Kasus Ajakan Pelajar Demo,https://news.detik.com/berita/d-8152545/polda-metro-tangguhkan-penahanan-figha-lesmana-di-kasus-ajakan-pelajar-demo,"
Kamis, 09 Okt 2025 13:07 WIB "
"Dihadiri Puan hingga Dasco, Persaudaraan Istri DPR Gelar Sunatan Massal",https://news.detik.com/berita/d-8152343/dihadiri-puan-hingga-dasco-persaudaraan-istri-dpr-gelar-sunatan-massal,"
Kamis, 09 Okt 2025 11:24 WIB "
Tobas Tegaskan Kewenangan Lembaga Negara Harus Berdasarkan Konstitusi,https://news.detik.com/berita/d-8151605/tobas-tegaskan-kewenangan-lembaga-negara-harus-berdasarkan-konstitusi,"
Rabu, 08 Okt 2025 19:13 WIB "
"Menteri Iftitah Jelaskan Transmigrasi Baru, Tak Lagi Sekadar Pindahkan Warga",https://news.detik.com/berita/d-8151183/menteri-iftitah-jelaskan-transmigrasi-baru-tak-lagi-sekadar-pindahkan-warga,"
Rabu, 08 Okt 2025 16:22 WIB "
Waka DPRD Surabaya Sebut Tata Kelola yang Baik Jadi Kunci Sempurnakan MBG,https://news.detik.com/berita/d-8150123/waka-dprd-surabaya-sebut-tata-kelola-yang-baik-jadi-kunci-sempurnakan-mbg,"
Selasa, 07 Okt 2025 22:16 WIB "
11 Mantan Pemimpin Demo 'Kaos Merah' di Thailand Dibui,https://news.detik.com/internasional/d-8149675/11-mantan-pemimpin-demo-kaos-merah-di-thailand-dibui,"
Selasa, 07 Okt 2025 17:39 WIB "
"Ada Aksi Bela Palestina Depan Kedubes AS, Jalan Medan Merdeka Selatan Ditutup",https://news.detik.com/berita/d-8149540/ada-aksi-bela-palestina-depan-kedubes-as-jalan-medan-merdeka-selatan-ditutup,"
Selasa, 07 Okt 2025 16:30 WIB "
"KJP Plus 2025 Tahap 2 Agustus Cair Mulai Bulan Ini, Cek Infonya!",https://news.detik.com/berita/d-8148789/kjp-plus-2025-tahap-2-agustus-cair-mulai-bulan-ini-cek-infonya,"
Selasa, 07 Okt 2025 11:19 WIB "
"Momen Menteri P2MI Temui Massa CPMI, Janji Tuntaskan Roster Korsel",https://news.detik.com/berita/d-8148310/momen-menteri-p2mi-temui-massa-cpmi-janji-tuntaskan-roster-korsel,"
Senin, 06 Okt 2025 21:23 WIB "
HNW Dukung Sikap Menlu RI & Negara Arab-Islam yang Apresiasi Langkah HAMAS,https://news.detik.com/berita/d-8148081/hnw-dukung-sikap-menlu-ri-negara-arab-islam-yang-apresiasi-langkah-hamas,"
Senin, 06 Okt 2025 19:02 WIB "
"Massa Nyalakan Lilin, Aksi 'Piknik' di Depan Gedung DPR Selesai",https://news.detik.com/berita/d-8148075/massa-nyalakan-lilin-aksi-piknik-di-depan-gedung-dpr-selesai,"
Senin, 06 Okt 2025 18:55 WIB "
"Aksi 'Piknik' di DPR Bawa 3 Tuntutan, Minta Tahanan Kericuhan Dibebaskan",https://news.detik.com/berita/d-8147864/aksi-piknik-di-dpr-bawa-3-tuntutan-minta-tahanan-kericuhan-dibebaskan,"
Senin, 06 Okt 2025 17:17 WIB "
"Massa Demo di DPR, Ada Poster Protes, 'Kolam Pancing' hingga Pasang Kutek",https://news.detik.com/berita/d-8147738/massa-demo-di-dpr-ada-poster-protes-kolam-pancing-hingga-pasang-kutek,"
Senin, 06 Okt 2025 16:16 WIB "
Gelombang Demo di Eropa Tuntut Aktivis Global Sumud Flotilla Dibebaskan,https://news.detik.com/internasional/d-8146112/gelombang-demo-di-eropa-tuntut-aktivis-global-sumud-flotilla-dibebaskan,"
Minggu, 05 Okt 2025 15:02 WIB "
"Duh, Polisi Inggris Tak Sengaja Tembak Mati Korban Serangan Sinagoge",https://news.detik.com/internasional/d-8144351/duh-polisi-inggris-tak-sengaja-tembak-mati-korban-serangan-sinagoge,"
Sabtu, 04 Okt 2025 09:01 WIB "
Massa Demo di Kedubes AS Desak Aktivis Global Sumud Flotilla Dibebaskan,https://news.detik.com/berita/d-8143781/massa-demo-di-kedubes-as-desak-aktivis-global-sumud-flotilla-dibebaskan,"
Jumat, 03 Okt 2025 17:56 WIB "
Panglima Militer Filipina Tolak Seruan Gulingkan Presiden Marcos,https://news.detik.com/internasional/d-8143707/panglima-militer-filipina-tolak-seruan-gulingkan-presiden-marcos,"
Jumat, 03 Okt 2025 17:16 WIB "
"Polda Metro Gelar 'Jumat Peduli', Ojol Berterima Kasih ke Kapolda",https://news.detik.com/berita/d-8143450/polda-metro-gelar-jumat-peduli-ojol-berterima-kasih-ke-kapolda,"
Jumat, 03 Okt 2025 15:45 WIB "
"Demo Gen Z, Apa yang Memicu Kemarahan Anak Muda di Maroko?",https://news.detik.com/dw/d-8143358/demo-gen-z-apa-yang-memicu-kemarahan-anak-muda-di-maroko,"
Jumat, 03 Okt 2025 15:08 WIB "
"Dana Pusat ke DKI Terancam Dipangkas, Pramono Janji KJP-KJMU Tak Terganggu",https://news.detik.com/berita/d-8142880/dana-pusat-ke-dki-terancam-dipangkas-pramono-janji-kjp-kjmu-tak-terganggu,"
Jumat, 03 Okt 2025 11:05 WIB "
"TNI Gelar Gladi Bersih HUT ke-80 di Monas, Demo Serangan Udara Ditampilkan",https://news.detik.com/berita/d-8142832/tni-gelar-gladi-bersih-hut-ke-80-di-monas-demo-serangan-udara-ditampilkan,"
Jumat, 03 Okt 2025 10:39 WIB "
"Dari Asia ke Amerika Latin, Gen Z Bangkit Melawan Ketidakadilan",https://news.detik.com/dw/d-8142746/dari-asia-ke-amerika-latin-gen-z-bangkit-melawan-ketidakadilan,"
Jumat, 03 Okt 2025 10:08 WIB "
Ribuan Warga Dunia Turun ke Jalan Protes Aksi Israel Cegat Kapal Bantuan Gaza,https://news.detik.com/internasional/d-8142689/ribuan-warga-dunia-turun-ke-jalan-protes-aksi-israel-cegat-kapal-bantuan-gaza,"
Jumat, 03 Okt 2025 09:33 WIB "
6 Fakta Israel Cegat Kapal Bantuan Gaza,https://news.detik.com/internasional/d-8142396/6-fakta-israel-cegat-kapal-bantuan-gaza,"
Kamis, 02 Okt 2025 22:13 WIB "
Kabid Humas Polda Metro Berikan Penghargaan Personel Berprestasi,https://news.detik.com/berita/d-8142221/kabid-humas-polda-metro-berikan-penghargaan-personel-berprestasi,"
Kamis, 02 Okt 2025 20:01 WIB "
Puan Pastikan DPR Awasi Temuan Radioaktif di Cikande: Tak Boleh Terjadi Lagi,https://news.detik.com/berita/d-8141981/puan-pastikan-dpr-awasi-temuan-radioaktif-di-cikande-tak-boleh-terjadi-lagi,"
Kamis, 02 Okt 2025 17:27 WIB "
Puan Ungkit soal Demo: DPR-Pemerintah Harus Becermin dan Perbaiki Diri,https://news.detik.com/berita/d-8141388/puan-ungkit-soal-demo-dpr-pemerintah-harus-becermin-dan-perbaiki-diri,"
Kamis, 02 Okt 2025 14:02 WIB "
"Kantor Polisi di Maroko Diserbu Massa Saat Demo Meluas, 2 Orang Tewas",https://news.detik.com/internasional/d-8141335/kantor-polisi-di-maroko-diserbu-massa-saat-demo-meluas-2-orang-tewas,"
Kamis, 02 Okt 2025 13:33 WIB "
KontraS Minta Pencarian 2 Orang Hilang Usai Demo Terus Dilakukan,https://news.detik.com/berita/d-8140032/kontras-minta-pencarian-2-orang-hilang-usai-demo-terus-dilakukan,"
Rabu, 01 Okt 2025 17:35 WIB "
"Demo Gen Z Marak di Maroko, Tuntut Reformasi Pendidikan-Kesehatan",https://news.detik.com/internasional/d-8139343/demo-gen-z-marak-di-maroko-tuntut-reformasi-pendidikan-kesehatan,"
Rabu, 01 Okt 2025 13:03 WIB "
Batu hingga Molotov Sasar Konvoi Presiden Ekuador Protes BBM Naik Tajam,https://news.detik.com/internasional/d-8138618/batu-hingga-molotov-sasar-konvoi-presiden-ekuador-protes-bbm-naik-tajam,"
Selasa, 30 Sep 2025 22:15 WIB "
Aksi Polisi Bagi-bagi Air Mineral dan Roti ke Massa Buruh di DPR,https://news.detik.com/berita/d-8138339/aksi-polisi-bagi-bagi-air-mineral-dan-roti-ke-massa-buruh-di-dpr,"
Selasa, 30 Sep 2025 19:12 WIB "
Mengapa Eropa Berbalik Mendukung Palestina?,https://news.detik.com/kolom/d-8138198/mengapa-eropa-berbalik-mendukung-palestina,"
Selasa, 30 Sep 2025 19:05 WIB "
"Demo BBM Rusuh, Konvoi Presiden Ekuador Diserang",https://news.detik.com/internasional/d-8137935/demo-bbm-rusuh-konvoi-presiden-ekuador-diserang,"
Selasa, 30 Sep 2025 16:24 WIB "
Momen Kapolda Riau Bicara dengan Komunitas Gerkatin Pakai Bahasa Isyarat,https://news.detik.com/melindungi-tuah-marwah/d-8137718/momen-kapolda-riau-bicara-dengan-komunitas-gerkatin-pakai-bahasa-isyarat,"
Selasa, 30 Sep 2025 15:05 WIB "
"Perwakilan Buruh Diterima DPR Bahas RUU Ketenagakerjaan, Aksi Demo Batal",https://news.detik.com/berita/d-8137397/perwakilan-buruh-diterima-dpr-bahas-ruu-ketenagakerjaan-aksi-demo-batal,"
Selasa, 30 Sep 2025 13:05 WIB "
Gelombang Protes di Jerman Menentang Perang-Penguatan Militer,https://news.detik.com/dw/d-8137131/gelombang-protes-di-jerman-menentang-perang-penguatan-militer,"
Selasa, 30 Sep 2025 10:47 WIB "
"Di Depan Para Jenderal, Rocky Gerung Puji Cara Kapolda Riau Hadapi Pendemo",https://news.detik.com/melindungi-tuah-marwah/d-8136990/di-depan-para-jenderal-rocky-gerung-puji-cara-kapolda-riau-hadapi-pendemo,"
Selasa, 30 Sep 2025 09:35 WIB "
"Demo Memanas di Madagaskar, 22 Orang Tewas dan 100 Lainnya Terluka",https://news.detik.com/internasional/d-8136795/demo-memanas-di-madagaskar-22-orang-tewas-dan-100-lainnya-terluka,"
Selasa, 30 Sep 2025 03:25 WIB "
"Menteri Ara Serah Terima Kunci Rumah Subsidi, Termasuk untuk Keluarga Affan",https://news.detik.com/berita/d-8136697/menteri-ara-serah-terima-kunci-rumah-subsidi-termasuk-untuk-keluarga-affan,"
Senin, 29 Sep 2025 21:53 WIB "
"Rapat di DPR, KPAI Sebut 13 Anak Masih Diproses Hukum Terkait Kerusuhan",https://news.detik.com/berita/d-8136232/rapat-di-dpr-kpai-sebut-13-anak-masih-diproses-hukum-terkait-kerusuhan,"
Senin, 29 Sep 2025 17:48 WIB "
"Kapolri Bicara Pentingnya Jaga Stabilitas Kamtibmas, Singgung Dampak Demo Rusuh",https://news.detik.com/berita/d-8136163/kapolri-bicara-pentingnya-jaga-stabilitas-kamtibmas-singgung-dampak-demo-rusuh,"
Senin, 29 Sep 2025 17:23 WIB "
"Ekuador Mencekam, Demo BBM Tewaskan Demonstran-17 Tentara Disandera",https://news.detik.com/internasional/d-8136158/ekuador-mencekam-demo-bbm-tewaskan-demonstran-17-tentara-disandera,"
Senin, 29 Sep 2025 17:20 WIB "
Prabowo Singgung Beda Partai dengan Gubernur DKI: Tapi Saya Bisa Kerja Sama,https://news.detik.com/berita/d-8136079/prabowo-singgung-beda-partai-dengan-gubernur-dki-tapi-saya-bisa-kerja-sama,"
Senin, 29 Sep 2025 16:52 WIB "
"Demo Antipemerintah Ricuh Lagi di Peru, 19 Orang Luka-luka",https://news.detik.com/internasional/d-8135398/demo-antipemerintah-ricuh-lagi-di-peru-19-orang-luka-luka,"
Senin, 29 Sep 2025 12:14 WIB "
Reaksi 'Bodo Amat' Presiden Kolombia Usai Visa Dicabut AS,https://news.detik.com/internasional/d-8135017/reaksi-bodo-amat-presiden-kolombia-usai-visa-dicabut-as,"
Senin, 29 Sep 2025 06:05 WIB "
"Visanya Dicabut AS, Presiden Kolombia Bilang 'I Don't Care'",https://news.detik.com/internasional/d-8134518/visanya-dicabut-as-presiden-kolombia-bilang-i-dont-care,"
Minggu, 28 Sep 2025 16:43 WIB "
Arab Saudi Desak PBB Bertindak dan Jamin Bantuan Masuk ke Gaza,https://news.detik.com/internasional/d-8134511/arab-saudi-desak-pbb-bertindak-dan-jamin-bantuan-masuk-ke-gaza,"
Minggu, 28 Sep 2025 16:36 WIB "
"Singapura Anggap Hak Veto AS Dkk di PBB Tak Relevan Lagi, Minta Pembatasan",https://news.detik.com/internasional/d-8134331/singapura-anggap-hak-veto-as-dkk-di-pbb-tak-relevan-lagi-minta-pembatasan,"
Minggu, 28 Sep 2025 14:43 WIB "
"3 Ribu Orang Demo Bela Palestina di Afsel, Desak Penutupan Kedubes Israel",https://news.detik.com/internasional/d-8133815/3-ribu-orang-demo-bela-palestina-di-afsel-desak-penutupan-kedubes-israel,"
Minggu, 28 Sep 2025 04:57 WIB "
12 Negara Dunia Umumkan Dukungan Finansial untuk Otoritas Palestina,https://news.detik.com/internasional/d-8133302/12-negara-dunia-umumkan-dukungan-finansial-untuk-otoritas-palestina,"
Sabtu, 27 Sep 2025 16:09 WIB "
AS Cabut Visa Presiden Kolombia Usai Ikut Aksi Pro-Palestina di New York,https://news.detik.com/internasional/d-8133095/as-cabut-visa-presiden-kolombia-usai-ikut-aksi-pro-palestina-di-new-york,"
Sabtu, 27 Sep 2025 13:45 WIB "
"Waka DPRD DKI Sentil Jasa Marga, Usul Perbaikan Gerbang Tol Dini Hari",https://news.detik.com/berita/d-8132792/waka-dprd-dki-sentil-jasa-marga-usul-perbaikan-gerbang-tol-dini-hari,"
Sabtu, 27 Sep 2025 09:03 WIB "
Legislator DKI Kritik GT Diperbaiki di Jam Sibuk: Harusnya pada Hari Libur,https://news.detik.com/berita/d-8132780/legislator-dki-kritik-gt-diperbaiki-di-jam-sibuk-harusnya-pada-hari-libur,"
Sabtu, 27 Sep 2025 08:48 WIB "
Ferry Irwandi Dilaporkan Influencer Sumut soal Tuduhan Fitnah,https://news.detik.com/berita/d-8132771/ferry-irwandi-dilaporkan-influencer-sumut-soal-tuduhan-fitnah,"
Sabtu, 27 Sep 2025 08:40 WIB "
Upaya Jaksa Jenepento Edukasi Masyarakat Soal Stigma Restorative Justice,https://news.detik.com/berita/d-8132569/upaya-jaksa-jenepento-edukasi-masyarakat-soal-stigma-restorative-justice,"
Sabtu, 27 Sep 2025 08:30 WIB "
"Butuh Waktu 1,5 Jam untuk Urai Macet Imbas Gerbang Tol Jakarta Ditutup",https://news.detik.com/berita/d-8132434/butuh-waktu-1-5-jam-untuk-urai-macet-imbas-gerbang-tol-jakarta-ditutup,"
Jumat, 26 Sep 2025 20:02 WIB "
Polda Metro Masih Cari 2 Orang Diduga Hilang Usai Demo Agustus,https://news.detik.com/berita/d-8132201/polda-metro-masih-cari-2-orang-diduga-hilang-usai-demo-agustus,"
Jumat, 26 Sep 2025 18:04 WIB "
Timor Leste Batalkan Pensiun Seumur Hidup untuk Anggota Parlemen-Pejabat,https://news.detik.com/internasional/d-8131702/timor-leste-batalkan-pensiun-seumur-hidup-untuk-anggota-parlemen-pejabat,"
Jumat, 26 Sep 2025 14:38 WIB "
Pertarungan Segitiga Global dan Kerugian Imbas Demo 2025,https://news.detik.com/kolom/d-8131372/pertarungan-segitiga-global-dan-kerugian-imbas-demo-2025,"
Jumat, 26 Sep 2025 11:47 WIB "
"Infrastruktur Desa Rusak, Anggota DPR Cecar PLTU Tanjung Jati Jepara",https://news.detik.com/berita/d-8130816/infrastruktur-desa-rusak-anggota-dpr-cecar-pltu-tanjung-jati-jepara,"
Kamis, 25 Sep 2025 21:42 WIB "
Ribuan Personel Polisi Dikerahkan Kawal Demo Buruh di Pemkab Bekasi,https://news.detik.com/berita/d-8129543/ribuan-personel-polisi-dikerahkan-kawal-demo-buruh-di-pemkab-bekasi,"
Kamis, 25 Sep 2025 11:37 WIB "
Reformasi dan Kosmetik Politik,https://news.detik.com/kolom/d-8128456/reformasi-dan-kosmetik-politik,"
Kamis, 25 Sep 2025 10:05 WIB "
"Ada 3 Titik Demo di Jakpus Hari Ini, 4.645 Personel Siaga",https://news.detik.com/berita/d-8129313/ada-3-titik-demo-di-jakpus-hari-ini-4-645-personel-siaga,"
Kamis, 25 Sep 2025 09:37 WIB "
"Gerbang Tol Kuningan 1, Semanggi 1 dan Semanggi 2 Kembali Dibuka Hari Ini",https://news.detik.com/berita/d-8129134/gerbang-tol-kuningan-1-semanggi-1-dan-semanggi-2-kembali-dibuka-hari-ini,"
Kamis, 25 Sep 2025 06:42 WIB "
Penjelasan Jasa Marga soal Macet Parah di Jakarta Imbas Penutupan Sejumlah GT,https://news.detik.com/berita/d-8129043/penjelasan-jasa-marga-soal-macet-parah-di-jakarta-imbas-penutupan-sejumlah-gt,"
Rabu, 24 Sep 2025 23:24 WIB "
"Titik Macet di Jakarta Per Pukul 22.00: Tomang Arah Pancoran, Slipi",https://news.detik.com/berita/d-8128995/titik-macet-di-jakarta-per-pukul-22-00-tomang-arah-pancoran-slipi,"
Rabu, 24 Sep 2025 22:30 WIB "
"Lalin di Jakarta Macet Malam Ini, TransJ Koridor 9 Dialihkan Masuk Tol",https://news.detik.com/berita/d-8128931/lalin-di-jakarta-macet-malam-ini-transj-koridor-9-dialihkan-masuk-tol,"
Rabu, 24 Sep 2025 21:28 WIB "
52 Tersangka Ditangkap di Kasus Penjarahan Rumah Sahroni hingga Sri Mulyani,https://news.detik.com/berita/d-8128852/52-tersangka-ditangkap-di-kasus-penjarahan-rumah-sahroni-hingga-sri-mulyani,"
Rabu, 24 Sep 2025 20:12 WIB "
Titik-titik Macet Malam Ini di Jakarta Imbas Penutupan GT Semanggi I,https://news.detik.com/berita/d-8128777/titik-titik-macet-malam-ini-di-jakarta-imbas-penutupan-gt-semanggi-i,"
Rabu, 24 Sep 2025 19:39 WIB "
Petani Pasundan Apresiasi Polda Metro: Terima Kasih Sudah Mengawal Kami,https://news.detik.com/berita/d-8128762/petani-pasundan-apresiasi-polda-metro-terima-kasih-sudah-mengawal-kami,"
Rabu, 24 Sep 2025 19:27 WIB "
"GT Semanggi I Ditutup karena Perbaikan, Jalan Gatsu Arah Kuningan Macet",https://news.detik.com/berita/d-8128749/gt-semanggi-i-ditutup-karena-perbaikan-jalan-gatsu-arah-kuningan-macet,"
Rabu, 24 Sep 2025 19:14 WIB "
"Demo Petani di Patung Kuda Bubar, Jalan Medan Merdeka Selatan Kembali Normal",https://news.detik.com/berita/d-8128737/demo-petani-di-patung-kuda-bubar-jalan-medan-merdeka-selatan-kembali-normal,"
Rabu, 24 Sep 2025 19:01 WIB "
"Massa Demo Hari Tani di DPR Bubar, Lalin Kembali Dibuka",https://news.detik.com/berita/d-8128644/massa-demo-hari-tani-di-dpr-bubar-lalin-kembali-dibuka,"
Rabu, 24 Sep 2025 18:11 WIB "
Polri Usut Mastermind hingga Pendana Kerusuhan Demo Akhir Agustus,https://news.detik.com/berita/d-8128632/polri-usut-mastermind-hingga-pendana-kerusuhan-demo-akhir-agustus,"
Rabu, 24 Sep 2025 18:05 WIB "
"KSPSI dan KSPI Temui Pramono Bahas Formula UMP DKI 2026, Harap Naik 10%",https://news.detik.com/berita/d-8128513/kspsi-dan-kspi-temui-pramono-bahas-formula-ump-dki-2026-harap-naik-10,"
Rabu, 24 Sep 2025 17:14 WIB "
Polisi dan Petani Potong Tumpeng Peringati Hari Tani di DPR,https://news.detik.com/berita/d-8128394/polisi-dan-petani-potong-tumpeng-peringati-hari-tani-di-dpr,"
Rabu, 24 Sep 2025 16:34 WIB "
"Temui Pimpinan DPR, Massa Demo Hari Tani Dijanjikan Sejumlah Hal Ini",https://news.detik.com/berita/d-8128362/temui-pimpinan-dpr-massa-demo-hari-tani-dijanjikan-sejumlah-hal-ini,"
Rabu, 24 Sep 2025 16:25 WIB "
"Serikat Petani Bertemu Pihak Istana, Sampaikan Tuntutan soal Reforma Agraria",https://news.detik.com/berita/d-8128347/serikat-petani-bertemu-pihak-istana-sampaikan-tuntutan-soal-reforma-agraria,"
Rabu, 24 Sep 2025 16:20 WIB "
Menaker Dorong Reformasi Ekosistem dalam Sertifikasi K3,https://news.detik.com/berita/d-8128186/menaker-dorong-reformasi-ekosistem-dalam-sertifikasi-k3,"
Rabu, 24 Sep 2025 15:18 WIB "
Nakes di Rangkasbitung Demo Tuntut RS Bayar Uang Jasa Pelayanan,https://news.detik.com/berita/d-8128178/nakes-di-rangkasbitung-demo-tuntut-rs-bayar-uang-jasa-pelayanan,"
Rabu, 24 Sep 2025 15:12 WIB "
"Cara Beda Petani Demo di Depan DPR, Tampilkan Pameran Foto",https://news.detik.com/berita/d-8127980/cara-beda-petani-demo-di-depan-dpr-tampilkan-pameran-foto,"
Rabu, 24 Sep 2025 13:50 WIB "
"Demo Hari Tani di DPR, Massa Minta Politik Pangan Berpihak ke Petani",https://news.detik.com/berita/d-8127873/demo-hari-tani-di-dpr-massa-minta-politik-pangan-berpihak-ke-petani,"
Rabu, 24 Sep 2025 13:23 WIB "
Peserta Aksi Cor Badan Saat Demo Hari Tani Nasional di Jakpus,https://news.detik.com/berita/d-8127844/peserta-aksi-cor-badan-saat-demo-hari-tani-nasional-di-jakpus,"
Rabu, 24 Sep 2025 13:12 WIB "
"Demo Hari Tani di Depan DPR, Lalin Jalan Gatsu dan Tol Dalam Kota Direkayasa",https://news.detik.com/berita/d-8127835/demo-hari-tani-di-depan-dpr-lalin-jalan-gatsu-dan-tol-dalam-kota-direkayasa,"
Rabu, 24 Sep 2025 13:08 WIB "
"Temui Massa Aksi di Monas, Wakapolda Metro Beri Tumpeng ke Petani",https://news.detik.com/berita/d-8127663/temui-massa-aksi-di-monas-wakapolda-metro-beri-tumpeng-ke-petani,"
Rabu, 24 Sep 2025 11:49 WIB "
"Ada Demo di Depan DPR, Sejumlah Rute Transjakarta Dialihkan",https://news.detik.com/berita/d-8127587/ada-demo-di-depan-dpr-sejumlah-rute-transjakarta-dialihkan,"
Rabu, 24 Sep 2025 11:04 WIB "
"Ada Demo Hari Tani di Patung Kuda Jakpus, Lalin Sekitar Monas Dialihkan",https://news.detik.com/berita/d-8127583/ada-demo-hari-tani-di-patung-kuda-jakpus-lalin-sekitar-monas-dialihkan,"
Rabu, 24 Sep 2025 11:01 WIB "
5 Titik Demo Hari Ini di Jakarta: Depan DPR hingga di Kawasan Monas,https://news.detik.com/berita/d-8127524/5-titik-demo-hari-ini-di-jakarta-depan-dpr-hingga-di-kawasan-monas,"
Rabu, 24 Sep 2025 10:32 WIB "
Lalin Sekitar DPR Mulai Dialihkan Pagi Ini Jelang Aksi Hari Tani,https://news.detik.com/berita/d-8127443/lalin-sekitar-dpr-mulai-dialihkan-pagi-ini-jelang-aksi-hari-tani,"
Rabu, 24 Sep 2025 10:01 WIB "
"Ada Aksi Hari Tani Siang Ini, Pengendara Diimbau Hindari Jalan Depan DPR",https://news.detik.com/berita/d-8127398/ada-aksi-hari-tani-siang-ini-pengendara-diimbau-hindari-jalan-depan-dpr,"
Rabu, 24 Sep 2025 09:20 WIB "
"Kapolda Metro Minta Pengamanan Demo Humanis, Anggota Tak Dibekali Senpi",https://news.detik.com/berita/d-8127364/kapolda-metro-minta-pengamanan-demo-humanis-anggota-tak-dibekali-senpi,"
Rabu, 24 Sep 2025 08:40 WIB "
"Ada Aksi Hari Tani di Depan DPR Siang Ini, 8.340 Personel Gabungan Disiagakan",https://news.detik.com/berita/d-8127267/ada-aksi-hari-tani-di-depan-dpr-siang-ini-8-340-personel-gabungan-disiagakan,"
Rabu, 24 Sep 2025 07:16 WIB "
"Teguh Lawan Korupsi, Sosok Andri Zulfikar Hadapi Tekanan Massa dan Suap Fantastis",https://news.detik.com/berita/d-8127036/teguh-lawan-korupsi-sosok-andri-zulfikar-hadapi-tekanan-massa-dan-suap-fantastis,"
Selasa, 23 Sep 2025 21:38 WIB "
Mendagri Imbau Daerah yang Inflasinya Tinggi Perkuat Koordinasi dengan BPS,https://news.detik.com/berita/d-8126270/mendagri-imbau-daerah-yang-inflasinya-tinggi-perkuat-koordinasi-dengan-bps,"
Selasa, 23 Sep 2025 15:19 WIB "
4 Fakta Gen Z Peru Turun ke Jalan untuk Demo Antipemerintah,https://news.detik.com/internasional/d-8125395/4-fakta-gen-z-peru-turun-ke-jalan-untuk-demo-antipemerintah,"
Selasa, 23 Sep 2025 06:06 WIB "
Bupati Pati Kini Irit Bicara Usai Diperiksa KPK Kedua Kalinya,https://news.detik.com/berita/d-8125283/bupati-pati-kini-irit-bicara-usai-diperiksa-kpk-kedua-kalinya,"
Senin, 22 Sep 2025 22:06 WIB "
Curhat Massa Buruh soal Kerusuhan Saat Temui Puan di Senayan,https://news.detik.com/berita/d-8125155/curhat-massa-buruh-soal-kerusuhan-saat-temui-puan-di-senayan,"
Senin, 22 Sep 2025 20:15 WIB "
"Olahraga Seru, Talkshow, Edukasi Nutrisi di hemaviton Fit & Health Festival",https://news.detik.com/berita/d-8125043/olahraga-seru-talkshow-edukasi-nutrisi-di-hemaviton-fit-health-festival,"
Senin, 22 Sep 2025 18:53 WIB "
"Staf Zaskia Mecca Dipukuli Pemotor Lawan Arah di Jaksel, Polisi Selidiki",https://news.detik.com/berita/d-8124947/staf-zaskia-mecca-dipukuli-pemotor-lawan-arah-di-jaksel-polisi-selidiki,"
Senin, 22 Sep 2025 17:58 WIB "
Aksi Polisi Bagikan Air Mineral dan Roti ke Massa Buruh di DPR,https://news.detik.com/berita/d-8124852/aksi-polisi-bagikan-air-mineral-dan-roti-ke-massa-buruh-di-dpr,"
Senin, 22 Sep 2025 17:24 WIB "
5 Berita Terpopuler Internasional Hari Ini,https://news.detik.com/internasional/d-8124839/5-berita-terpopuler-internasional-hari-ini,"
Senin, 22 Sep 2025 17:23 WIB "
Polisi Antisipasi Demo Buruh Disusupi Oknum: Kami Komitmen Saling Jaga,https://news.detik.com/berita/d-8124821/polisi-antisipasi-demo-buruh-disusupi-oknum-kami-komitmen-saling-jaga,"
Senin, 22 Sep 2025 17:12 WIB "
"Demo Antikorupsi di Manila Rusuh, 200 Orang Ditangkap",https://news.detik.com/internasional/d-8124810/demo-antikorupsi-di-manila-rusuh-200-orang-ditangkap,"
Senin, 22 Sep 2025 17:08 WIB "
"Demo Antipemerintah di Peru Berlanjut, Demonstran Gen Z Turun ke Jalan",https://news.detik.com/internasional/d-8124629/demo-antipemerintah-di-peru-berlanjut-demonstran-gen-z-turun-ke-jalan,"
Senin, 22 Sep 2025 16:03 WIB "
"Demo Buruh Bubar, Lalin Depan DPR Kembali Normal",https://news.detik.com/berita/d-8124567/demo-buruh-bubar-lalin-depan-dpr-kembali-normal,"
Senin, 22 Sep 2025 15:46 WIB "
"KSPSI: Dewan Buruh Sudah Ada Strukturnya, Tinggal Diumumkan Presiden",https://news.detik.com/berita/d-8124539/kspsi-dewan-buruh-sudah-ada-strukturnya-tinggal-diumumkan-presiden,"
Senin, 22 Sep 2025 15:35 WIB "
Polisi dan Buruh Gelar Doa Bersama di Tengah Unjuk Rasa di DPR,https://news.detik.com/berita/d-8124401/polisi-dan-buruh-gelar-doa-bersama-di-tengah-unjuk-rasa-di-dpr,"
Senin, 22 Sep 2025 14:46 WIB "
Tim LN HAM Akan Tuntaskan Penyelidikan Terkait Demo Ricuh dalam 3 Bulan,https://news.detik.com/berita/d-8124290/tim-ln-ham-akan-tuntaskan-penyelidikan-terkait-demo-ricuh-dalam-3-bulan,"
Senin, 22 Sep 2025 13:52 WIB "
"Puan Terima Perwakilan Massa Buruh Demo di DPR, Dicurhati soal Kerusuhan",https://news.detik.com/berita/d-8124217/puan-terima-perwakilan-massa-buruh-demo-di-dpr-dicurhati-soal-kerusuhan,"
Senin, 22 Sep 2025 13:15 WIB "
"Polisi Sekat Massa di Stasiun Cikarang, Cegah Anarko Ikut Demo DPR",https://news.detik.com/berita/d-8124087/polisi-sekat-massa-di-stasiun-cikarang-cegah-anarko-ikut-demo-dpr,"
Senin, 22 Sep 2025 12:08 WIB "
"Buruh Demo di Depan DPR, Lalin Jl Gatot Subroto Arah Slipi Dialihkan",https://news.detik.com/berita/d-8124024/buruh-demo-di-depan-dpr-lalin-jl-gatot-subroto-arah-slipi-dialihkan,"
Senin, 22 Sep 2025 11:53 WIB "
5 Tuntutan Buruh di Depan DPR Hari Ini: Tolak Upah Murah-Outsourcing,https://news.detik.com/berita/d-8123956/5-tuntutan-buruh-di-depan-dpr-hari-ini-tolak-upah-murah-outsourcing,"
Senin, 22 Sep 2025 11:23 WIB "
"Demo Antipemerintah di Peru Berujung Bentrokan, 18 Orang Luka",https://news.detik.com/internasional/d-8123945/demo-antipemerintah-di-peru-berujung-bentrokan-18-orang-luka,"
Senin, 22 Sep 2025 11:16 WIB "
"Massa Buruh Demo DPR, 5.367 Personel Gabungan Disiagakan",https://news.detik.com/berita/d-8123904/massa-buruh-demo-dpr-5-367-personel-gabungan-disiagakan,"
Senin, 22 Sep 2025 10:52 WIB "
"Dilaporkan Hilang, Bupati Buton Ngaku Dinas 20 Hari di Jakarta",https://news.detik.com/berita/d-8123830/dilaporkan-hilang-bupati-buton-ngaku-dinas-20-hari-di-jakarta,"
Senin, 22 Sep 2025 10:09 WIB "
"Hadiri Uji Coba LiDAR, Menbud Tekankan Narasi Peradaban Majapahit",https://news.detik.com/berita/d-8123666/hadiri-uji-coba-lidar-menbud-tekankan-narasi-peradaban-majapahit,"
Senin, 22 Sep 2025 08:02 WIB "
PKS soal TNI Jaga DPR: Biarkan Jadi Urusan Polisi Jaga Keamanan,https://news.detik.com/berita/d-8123640/pks-soal-tni-jaga-dpr-biarkan-jadi-urusan-polisi-jaga-keamanan,"
Senin, 22 Sep 2025 07:44 WIB "
"Warga Filipina Demo Skandal Proyek Fiktif, 17 Orang Ditangkap Imbas Ricuh",https://news.detik.com/internasional/d-8123307/warga-filipina-demo-skandal-proyek-fiktif-17-orang-ditangkap-imbas-ricuh,"
Minggu, 21 Sep 2025 18:40 WIB "
"Demo Anti-Imigrasi di Belanda Berujung Rusuh, 30 Orang Ditangkap",https://news.detik.com/internasional/d-8123114/demo-anti-imigrasi-di-belanda-berujung-rusuh-30-orang-ditangkap,"
Minggu, 21 Sep 2025 16:17 WIB "
Mendagri Ingatkan Pemda Jaga Kamtibmas dan Tingkatkan Pertumbuhan Ekonomi,https://news.detik.com/berita/d-8123071/mendagri-ingatkan-pemda-jaga-kamtibmas-dan-tingkatkan-pertumbuhan-ekonomi,"
Minggu, 21 Sep 2025 15:49 WIB "
"Hari Terakhir, Ini Rangkaian dan Jadwal Pameran Alutsista TNI di Monas",https://news.detik.com/berita/d-8122624/hari-terakhir-ini-rangkaian-dan-jadwal-pameran-alutsista-tni-di-monas,"
Minggu, 21 Sep 2025 10:56 WIB "
Operasi 'Bendera Proletar Palsu': Strategi Kapitalisme Barat,https://news.detik.com/kolom/d-8121016/operasi-bendera-proletar-palsu-strategi-kapitalisme-barat,"
Jumat, 19 Sep 2025 21:53 WIB "
"Demo Besar-besaran di Prancis, AS Ingatkan Warganya Waspada",https://news.detik.com/internasional/d-8120617/demo-besar-besaran-di-prancis-as-ingatkan-warganya-waspada,"
Jumat, 19 Sep 2025 17:37 WIB "
"Biaya Aplikasi 10%, Proses Panjang Perjuangan DPR Atas Nasib Driver Ojol",https://news.detik.com/berita/d-8120402/biaya-aplikasi-10-proses-panjang-perjuangan-dpr-atas-nasib-driver-ojol,"
Jumat, 19 Sep 2025 16:03 WIB "
Dana KJP Plus Bisa Digunakan untuk Apa Saja? Simak Penjelasannya,https://news.detik.com/berita/d-8120336/dana-kjp-plus-bisa-digunakan-untuk-apa-saja-simak-penjelasannya,"
Jumat, 19 Sep 2025 15:35 WIB "
Apa Itu Antifa? Kenapa Trump Melabelinya Organisasi Teroris?,https://news.detik.com/bbc-world/d-8120192/apa-itu-antifa-kenapa-trump-melabelinya-organisasi-teroris,"
Jumat, 19 Sep 2025 14:53 WIB "
4 Pengakuan Bima Permana dan Eko Purnomo Usai Ditemukan,https://news.detik.com/berita/d-8119477/4-pengakuan-bima-permana-dan-eko-purnomo-usai-ditemukan,"
Jumat, 19 Sep 2025 08:45 WIB "
Eko Purnomo Minta Maaf ke Ibu karena Pergi Tanpa Pamit: Saat Itu HP Mati,https://news.detik.com/berita/d-8118890/eko-purnomo-minta-maaf-ke-ibu-karena-pergi-tanpa-pamit-saat-itu-hp-mati,"
Kamis, 18 Sep 2025 18:01 WIB "
"Gen Z Nepal Usai Gulingkan Pemerintah: Politisi Makin Kaya, Kami Menderita",https://news.detik.com/bbc-world/d-8118881/gen-z-nepal-usai-gulingkan-pemerintah-politisi-makin-kaya-kami-menderita,"
Kamis, 18 Sep 2025 17:59 WIB "
"Akhirnya Ditemukan, Eko Purnomo-Bima Permana Ngaku Tak Ikut Demo",https://news.detik.com/berita/d-8118851/akhirnya-ditemukan-eko-purnomo-bima-permana-ngaku-tak-ikut-demo,"
Kamis, 18 Sep 2025 17:45 WIB "
Permintaan Maaf Eko Purnomo-Bima Permana Usai Dikabarkan Hilang Saat Demo,https://news.detik.com/berita/d-8118847/permintaan-maaf-eko-purnomo-bima-permana-usai-dikabarkan-hilang-saat-demo,"
Kamis, 18 Sep 2025 17:44 WIB "
Kronologi Eko Sempat Dihubungi Usai Hilang Kontak tapi Ibu Tetap Lapor Polisi,https://news.detik.com/berita/d-8118843/kronologi-eko-sempat-dihubungi-usai-hilang-kontak-tapi-ibu-tetap-lapor-polisi,"
Kamis, 18 Sep 2025 17:40 WIB "
Ratusan Warga Mengungsi Imbas Kerusuhan di Yalimo Papua Pegunungan,https://news.detik.com/berita/d-8118785/ratusan-warga-mengungsi-imbas-kerusuhan-di-yalimo-papua-pegunungan,"
Kamis, 18 Sep 2025 17:06 WIB "
Tersisa 2 Orang Hilang Saat Ricuh di Jakarta Masih Dicari Polisi,https://news.detik.com/berita/d-8118027/tersisa-2-orang-hilang-saat-ricuh-di-jakarta-masih-dicari-polisi,"
Kamis, 18 Sep 2025 11:52 WIB "
Polda Jabar Ungkap Afiliasi Tersangka Rusuh ke Kelompok Anarkis Internasional,https://news.detik.com/berita/d-8117989/polda-jabar-ungkap-afiliasi-tersangka-rusuh-ke-kelompok-anarkis-internasional,"
Kamis, 18 Sep 2025 11:36 WIB "
"Eko Purnomo Hilang Kontak Usai Demo di Jakarta, Ternyata di Kalimantan",https://news.detik.com/berita/d-8117977/eko-purnomo-hilang-kontak-usai-demo-di-jakarta-ternyata-di-kalimantan,"
Kamis, 18 Sep 2025 11:30 WIB "
"Cerita Bima Dilaporkan Hilang saat Demo di Kwitang, Ternyata Jualan di Malang",https://news.detik.com/berita/d-8117574/cerita-bima-dilaporkan-hilang-saat-demo-di-kwitang-ternyata-jualan-di-malang,"
Kamis, 18 Sep 2025 05:42 WIB "
Kompolnas-Komnas HAM Apresiasi Digandeng Polri Cari Orang Hilang saat Demo,https://news.detik.com/berita/d-8117564/kompolnas-komnas-ham-apresiasi-digandeng-polri-cari-orang-hilang-saat-demo,"
Kamis, 18 Sep 2025 05:02 WIB "
"Diterima Fraksi Golkar DPR, Mahasiswa Tagih RUU Perampasan Aset",https://news.detik.com/berita/d-8117515/diterima-fraksi-golkar-dpr-mahasiswa-tagih-ruu-perampasan-aset,"
Rabu, 17 Sep 2025 23:19 WIB "
"Fraksi Golkar DPR Tampung Aspirasi Mahasiswa di DPP, Bahas Demo Ricuh",https://news.detik.com/berita/d-8117426/fraksi-golkar-dpr-tampung-aspirasi-mahasiswa-di-dpp-bahas-demo-ricuh,"
Rabu, 17 Sep 2025 21:25 WIB "
Status Darurat Ekuador Buntut Demo Pecah soal Subsidi BBM Dicabut,https://news.detik.com/internasional/d-8117338/status-darurat-ekuador-buntut-demo-pecah-soal-subsidi-bbm-dicabut,"
Rabu, 17 Sep 2025 20:06 WIB "
Kronologi Bima 'Hilang' Saat Ricuh Jakarta hingga Ditemukan di Malang,https://news.detik.com/berita/d-8117277/kronologi-bima-hilang-saat-ricuh-jakarta-hingga-ditemukan-di-malang,"
Rabu, 17 Sep 2025 19:13 WIB "
Yusril: Presiden Tak Akan Bentuk Tim Investigasi Independen Usut Demo Ricuh,https://news.detik.com/berita/d-8117082/yusril-presiden-tak-akan-bentuk-tim-investigasi-independen-usut-demo-ricuh,"
Rabu, 17 Sep 2025 17:56 WIB "
"Ditemukan di Malang, Bima Sedang Jualan Mainan di Klenteng",https://news.detik.com/berita/d-8117028/ditemukan-di-malang-bima-sedang-jualan-mainan-di-klenteng,"
Rabu, 17 Sep 2025 17:25 WIB "
"Perwakilan Sudah Temui Legislator, Massa Ojol Mulai Bubarkan Diri dari DPR",https://news.detik.com/berita/d-8117006/perwakilan-sudah-temui-legislator-massa-ojol-mulai-bubarkan-diri-dari-dpr,"
Rabu, 17 Sep 2025 17:10 WIB "
Ekuador Tetapkan Status Darurat Buntut Protes Subsidi BBM Dihapus,https://news.detik.com/internasional/d-8117005/ekuador-tetapkan-status-darurat-buntut-protes-subsidi-bbm-dihapus,"
Rabu, 17 Sep 2025 17:09 WIB "
Massa Ojol Usai Temui DPR: Katanya Presiden Mau Buat Perpres soal Ojol,https://news.detik.com/berita/d-8116994/massa-ojol-usai-temui-dpr-katanya-presiden-mau-buat-perpres-soal-ojol,"
Rabu, 17 Sep 2025 17:06 WIB "
"Haris Azhar dan TAUD ke Polda Metro, Minta Kasus Delpedro dkk Disetop",https://news.detik.com/berita/d-8116989/haris-azhar-dan-taud-ke-polda-metro-minta-kasus-delpedro-dkk-disetop,"
Rabu, 17 Sep 2025 17:06 WIB "
Kapolri Tegaskan Siap Ikuti Kebijakan soal Reformasi Kepolisian,https://news.detik.com/berita/d-8116941/kapolri-tegaskan-siap-ikuti-kebijakan-soal-reformasi-kepolisian,"
Rabu, 17 Sep 2025 16:46 WIB "
"Didemo Rakyat, Timor Leste Batalkan Mobil Dinas Baru Anggota Parlemen",https://news.detik.com/internasional/d-8116859/didemo-rakyat-timor-leste-batalkan-mobil-dinas-baru-anggota-parlemen,"
Rabu, 17 Sep 2025 16:30 WIB "
Bima yang Dilaporkan Hilang oleh KontraS Ditemukan di Malang,https://news.detik.com/berita/d-8116822/bima-yang-dilaporkan-hilang-oleh-kontras-ditemukan-di-malang,"
Rabu, 17 Sep 2025 16:21 WIB "
Sejumlah Ojol Tetap Narik Saat Massa Demo Potongan Aplikator 10 % di DPR,https://news.detik.com/berita/d-8116710/sejumlah-ojol-tetap-narik-saat-massa-demo-potongan-aplikator-10-di-dpr,"
Rabu, 17 Sep 2025 15:44 WIB "
Menteri HAM Tanggapi Laporan KontraS soal 3 Orang Hilang Usai Demo,https://news.detik.com/berita/d-8116469/menteri-ham-tanggapi-laporan-kontras-soal-3-orang-hilang-usai-demo,"
Rabu, 17 Sep 2025 14:25 WIB "
Ditlantas Polda Metro Latih Ratusan Ojol Pertolongan Pertama Gawat Darurat,https://news.detik.com/berita/d-8116455/ditlantas-polda-metro-latih-ratusan-ojol-pertolongan-pertama-gawat-darurat,"
Rabu, 17 Sep 2025 14:16 WIB "
"Diguyur Hujan, Massa Ojol Suarakan Potongan Aplikator 10% di Depan DPR",https://news.detik.com/berita/d-8116401/diguyur-hujan-massa-ojol-suarakan-potongan-aplikator-10-di-depan-dpr,"
Rabu, 17 Sep 2025 13:58 WIB "
Polri Gandeng Komnas HAM-KontraS Terkait Penanganan Orang Hilang saat Demo,https://news.detik.com/berita/d-8116371/polri-gandeng-komnas-ham-kontras-terkait-penanganan-orang-hilang-saat-demo,"
Rabu, 17 Sep 2025 13:39 WIB "
6.118 Personel Gabungan Dikerahkan Kawal Demo Ojol Hari Ini,https://news.detik.com/berita/d-8115786/6-118-personel-gabungan-dikerahkan-kawal-demo-ojol-hari-ini,"
Rabu, 17 Sep 2025 08:24 WIB "
"800 Ribu Orang Akan Demo Protes Kebijakan Presiden Macron, Prancis Bersiap",https://news.detik.com/internasional/d-8115736/800-ribu-orang-akan-demo-protes-kebijakan-presiden-macron-prancis-bersiap,"
Rabu, 17 Sep 2025 07:55 WIB "
"Ada Demo Ojol di DPR-Kemenhub Hari Ini, Rekayasa Lalin Situasional",https://news.detik.com/berita/d-8115695/ada-demo-ojol-di-dpr-kemenhub-hari-ini-rekayasa-lalin-situasional,"
Rabu, 17 Sep 2025 06:43 WIB "
Yusril Koordinasi ke Polri soal 3 Orang Diduga Hilang Saat Demo Ricuh Jakarta,https://news.detik.com/berita/d-8115360/yusril-koordinasi-ke-polri-soal-3-orang-diduga-hilang-saat-demo-ricuh-jakarta,"
Selasa, 16 Sep 2025 19:15 WIB "
Dunia Hari Ini: Presiden Filipina Tak Salahkan Warga yang Berunjuk Rasa,https://news.detik.com/abc-australia/d-8115231/dunia-hari-ini-presiden-filipina-tak-salahkan-warga-yang-berunjuk-rasa,"
Selasa, 16 Sep 2025 18:05 WIB "
Warga Timor Leste Protes Mobil Dinas Baru untuk Anggota Parlemen,https://news.detik.com/internasional/d-8114895/warga-timor-leste-protes-mobil-dinas-baru-untuk-anggota-parlemen,"
Selasa, 16 Sep 2025 15:53 WIB "
"Asosiasi Ojol Mau Demo Kemenhub-DPR Besok, Ancam Matikan Aplikasi Massal",https://news.detik.com/berita/d-8114402/asosiasi-ojol-mau-demo-kemenhub-dpr-besok-ancam-matikan-aplikasi-massal,"
Selasa, 16 Sep 2025 12:28 WIB "
Pemerintahan Transisi Nepal Bentuk Kabinet Antikorupsi,https://news.detik.com/dw/d-8114253/pemerintahan-transisi-nepal-bentuk-kabinet-antikorupsi,"
Selasa, 16 Sep 2025 11:14 WIB "
74 WNI Sudah Kembali ke RI Imbas Demo Berdarah di Nepal,https://news.detik.com/berita/d-8113836/74-wni-sudah-kembali-ke-ri-imbas-demo-berdarah-di-nepal,"
Senin, 15 Sep 2025 22:09 WIB "
Polda Metro Bentuk Timsus Pencarian Orang Hilang Saat Demo Ricuh Jakarta,https://news.detik.com/berita/d-8113816/polda-metro-bentuk-timsus-pencarian-orang-hilang-saat-demo-ricuh-jakarta,"
Senin, 15 Sep 2025 21:44 WIB "
Polda Metro Sebut Ada 16 Tersangka di Klaster Perusakan Demo Ricuh Jakarta,https://news.detik.com/berita/d-8113757/polda-metro-sebut-ada-16-tersangka-di-klaster-perusakan-demo-ricuh-jakarta,"
Senin, 15 Sep 2025 21:01 WIB "
Massa Mahasiswa Demo Ditemui Stafsus Mensesneg di Patung Kuda,https://news.detik.com/berita/d-8113670/massa-mahasiswa-demo-ditemui-stafsus-mensesneg-di-patung-kuda,"
Senin, 15 Sep 2025 19:40 WIB "
Menteri HAM Pigai Jelaskan soal Usulan Lapangan Khusus Demo di DPR,https://news.detik.com/berita/d-8113459/menteri-ham-pigai-jelaskan-soal-usulan-lapangan-khusus-demo-di-dpr,"
Senin, 15 Sep 2025 18:05 WIB "
"Marak Demo Tolak Korupsi di Filipina, Presiden Marcos Bilang Gini",https://news.detik.com/internasional/d-8113351/marak-demo-tolak-korupsi-di-filipina-presiden-marcos-bilang-gini,"
Senin, 15 Sep 2025 17:15 WIB "
5 Berita Terpopuler Internasional Hari Ini,https://news.detik.com/internasional/d-8113324/5-berita-terpopuler-internasional-hari-ini,"
Senin, 15 Sep 2025 17:02 WIB "
MUI Apresiasi Presiden-Kapolri Kembalikan Situasi RI Aman dan Kondusif,https://news.detik.com/berita/d-8113310/mui-apresiasi-presiden-kapolri-kembalikan-situasi-ri-aman-dan-kondusif,"
Senin, 15 Sep 2025 16:52 WIB "
Komisi XIII DPR Minta Kemenkum Perbanyak Program Kesadaran Hukum,https://news.detik.com/berita/d-8113164/komisi-xiii-dpr-minta-kemenkum-perbanyak-program-kesadaran-hukum,"
Senin, 15 Sep 2025 16:03 WIB "
Puluhan Ribu Warga Turki Gelar Aksi Demo Tuntut Erdogan Mundur!,https://news.detik.com/internasional/d-8112514/puluhan-ribu-warga-turki-gelar-aksi-demo-tuntut-erdogan-mundur,"
Senin, 15 Sep 2025 12:14 WIB "
Polisi Kerahkan 4.562 Personel Kawal Demo di Sejumlah Titik Jakarta Hari Ini,https://news.detik.com/berita/d-8112423/polisi-kerahkan-4-562-personel-kawal-demo-di-sejumlah-titik-jakarta-hari-ini,"
Senin, 15 Sep 2025 11:41 WIB "
"4 Penjarah Mesin ATM di DPRD Makassar Ditangkap, Uang Rp 320 Juta Dibagi-bagi",https://news.detik.com/berita/d-8112383/4-penjarah-mesin-atm-di-dprd-makassar-ditangkap-uang-rp-320-juta-dibagi-bagi,"
Senin, 15 Sep 2025 11:18 WIB "
HNW Sebut Jambore Pramuka Muslim Dunia Jadi Tonggak Sejarah buat Gontor,https://news.detik.com/berita/d-8112119/hnw-sebut-jambore-pramuka-muslim-dunia-jadi-tonggak-sejarah-buat-gontor,"
Senin, 15 Sep 2025 08:08 WIB "
Menko Yusril Hormati Pembentukan Tim LN HAM Pencari Fakta Demo Ricuh,https://news.detik.com/berita/d-8112040/menko-yusril-hormati-pembentukan-tim-ln-ham-pencari-fakta-demo-ricuh,"
Senin, 15 Sep 2025 05:50 WIB "
DPD KSPSI AGN Sumbar-Kepri Dukung Polri Jaga Keamanan Demi Supremasi Sipil,https://news.detik.com/berita/d-8111739/dpd-kspsi-agn-sumbar-kepri-dukung-polri-jaga-keamanan-demi-supremasi-sipil,"
Minggu, 14 Sep 2025 19:17 WIB "
Ini yang Sudah Dilakukan Tim LN HAM Pencari Fakta Demo Ricuh,https://news.detik.com/berita/d-8111729/ini-yang-sudah-dilakukan-tim-ln-ham-pencari-fakta-demo-ricuh,"
Minggu, 14 Sep 2025 19:01 WIB "
Yusril Nilai Penyelidikan Polisi di Kasus Demo Ricuh Sudah Transparan,https://news.detik.com/berita/d-8111611/yusril-nilai-penyelidikan-polisi-di-kasus-demo-ricuh-sudah-transparan,"
Minggu, 14 Sep 2025 17:27 WIB "
"Berlangsung Panas, Ini Isi Tuntutan 2 Kelompok Pendemo di London",https://news.detik.com/internasional/d-8111610/berlangsung-panas-ini-isi-tuntutan-2-kelompok-pendemo-di-london,"
Minggu, 14 Sep 2025 17:27 WIB "
DPD KSPSI AGN Sumut Dukung Polri Jaga Supremasi Sipil Usai Kerusuhan,https://news.detik.com/berita/d-8111407/dpd-kspsi-agn-sumut-dukung-polri-jaga-supremasi-sipil-usai-kerusuhan,"
Minggu, 14 Sep 2025 14:59 WIB "
Simak! Ini Rekayasa Lalin Sore Hari Demi Urai Macet TB Simatupang,https://news.detik.com/berita/d-8111337/simak-ini-rekayasa-lalin-sore-hari-demi-urai-macet-tb-simatupang,"
Minggu, 14 Sep 2025 14:12 WIB "
57 WNI Sudah Dipulangkan ke Indonesia Imbas Demo Berdarah di Nepal,https://news.detik.com/berita/d-8111326/57-wni-sudah-dipulangkan-ke-indonesia-imbas-demo-berdarah-di-nepal,"
Minggu, 14 Sep 2025 14:01 WIB "
PP Pemuda Muhammadiyah Apresiasi Kinerja Polri Tangani Rentetan Demo,https://news.detik.com/berita/d-8111303/pp-pemuda-muhammadiyah-apresiasi-kinerja-polri-tangani-rentetan-demo,"
Minggu, 14 Sep 2025 13:46 WIB "
Ketika Pelajar Menagih Hak Politik,https://news.detik.com/x/detail/intermeso/20250913/Ketika-Pelajar-Menagih-Hak-Politik/,"
Minggu, 14 Sep 2025 11:37 WIB "
"Bikin KBRI Keluarkan Imbauan untuk WNI, Begini Situasi Demo di Australia",https://news.detik.com/internasional/d-8111035/bikin-kbri-keluarkan-imbauan-untuk-wni-begini-situasi-demo-di-australia,"
Minggu, 14 Sep 2025 10:23 WIB "
"Demo di London Memanas, 26 Polisi Luka-25 Pendemo Ditangkap",https://news.detik.com/internasional/d-8110996/demo-di-london-memanas-26-polisi-luka-25-pendemo-ditangkap,"
Minggu, 14 Sep 2025 09:49 WIB "
"Usai Dilantik, PM Sementara Nepal Jenguk Korban Luka Imbas Demo Berdarah",https://news.detik.com/internasional/d-8110785/usai-dilantik-pm-sementara-nepal-jenguk-korban-luka-imbas-demo-berdarah,"
Sabtu, 13 Sep 2025 23:05 WIB "
Yusril: Tim Independen Bisa Bekerja Ungkap Dalang di Balik Demo Ricuh,https://news.detik.com/berita/d-8110565/yusril-tim-independen-bisa-bekerja-ungkap-dalang-di-balik-demo-ricuh,"
Sabtu, 13 Sep 2025 19:04 WIB "
Menko Yusril Pastikan Penyelidikan Kasus Demo Ricuh Sudah Transparan,https://news.detik.com/berita/d-8110560/menko-yusril-pastikan-penyelidikan-kasus-demo-ricuh-sudah-transparan,"
Sabtu, 13 Sep 2025 18:58 WIB "
Yusril Masih Tunggu Arahan Prabowo soal Tim Independen Usut Demo Ricuh,https://news.detik.com/berita/d-8110526/yusril-masih-tunggu-arahan-prabowo-soal-tim-independen-usut-demo-ricuh,"
Sabtu, 13 Sep 2025 18:25 WIB "
"Siapa Tyler Robinson, Tersangka Pembunuhan Charlie Kirk?",https://news.detik.com/bbc-world/d-8110505/siapa-tyler-robinson-tersangka-pembunuhan-charlie-kirk,"
Sabtu, 13 Sep 2025 18:09 WIB "
Kemlu Pastikan Tak Ada Korban WNI dalam Kerusuhan Demo Nepal,https://news.detik.com/berita/d-8110357/kemlu-pastikan-tak-ada-korban-wni-dalam-kerusuhan-demo-nepal,"
Sabtu, 13 Sep 2025 16:13 WIB "
"Yusril: Pelaku Demo Ricuh Segera Diproses Hukum, Tak Tunggu Tim Independen",https://news.detik.com/berita/d-8110333/yusril-pelaku-demo-ricuh-segera-diproses-hukum-tak-tunggu-tim-independen,"
Sabtu, 13 Sep 2025 15:59 WIB "
Dasco Tegaskan Belum Ada Surpres ke DPR soal Pergantian Kapolri,https://news.detik.com/berita/d-8110303/dasco-tegaskan-belum-ada-surpres-ke-dpr-soal-pergantian-kapolri,"
Sabtu, 13 Sep 2025 15:30 WIB "
"Selain Cari Fakta Demo Ricuh, Tim Independen HAM juga Fokus Pemulihan Korban",https://news.detik.com/berita/d-8110080/selain-cari-fakta-demo-ricuh-tim-independen-ham-juga-fokus-pemulihan-korban,"
Sabtu, 13 Sep 2025 12:19 WIB "
Tim Pencari Fakta Komnas HAM cs Langsung Selidiki Demo Ricuh Agustus,https://news.detik.com/berita/d-8109895/tim-pencari-fakta-komnas-ham-cs-langsung-selidiki-demo-ricuh-agustus,"
Sabtu, 13 Sep 2025 09:19 WIB "
"Parlemen Nepal Dibubarkan usai Demo Berdarah, Pemilu Akan Digelar Maret 2026",https://news.detik.com/internasional/d-8109778/parlemen-nepal-dibubarkan-usai-demo-berdarah-pemilu-akan-digelar-maret-2026,"
Sabtu, 13 Sep 2025 02:00 WIB "
Sushila Karki Resmi Dilantik Jadi PM Sementara Nepal,https://news.detik.com/internasional/d-8109728/sushila-karki-resmi-dilantik-jadi-pm-sementara-nepal,"
Jumat, 12 Sep 2025 23:49 WIB "
Pemprov Banten-Kemendagri Koordinasi soal Siskamling Imbas Demo Ricuh Agustus,https://news.detik.com/berita/d-8109546/pemprov-banten-kemendagri-koordinasi-soal-siskamling-imbas-demo-ricuh-agustus,"
Jumat, 12 Sep 2025 20:30 WIB "
"Bakal Ada Demo Besar-besaran di Australia Besok, KBRI Imbau WNI Waspada",https://news.detik.com/berita/d-8109487/bakal-ada-demo-besar-besaran-di-australia-besok-kbri-imbau-wni-waspada,"
Jumat, 12 Sep 2025 19:31 WIB "
Komnas HAM dan 5 Lembaga Bentuk Tim Pencari Fakta Imbas Demo Ricuh Agustus,https://news.detik.com/berita/d-8109451/komnas-ham-dan-5-lembaga-bentuk-tim-pencari-fakta-imbas-demo-ricuh-agustus,"
Jumat, 12 Sep 2025 18:53 WIB "
5 Berita Terpopuler Internasional Hari Ini,https://news.detik.com/internasional/d-8109232/5-berita-terpopuler-internasional-hari-ini,"
Jumat, 12 Sep 2025 17:14 WIB "
"Kapolri Naikkan Pangkat 27 Pati, Karyoto hingga Suyudi Jadi Komjen",https://news.detik.com/berita/d-8108992/kapolri-naikkan-pangkat-27-pati-karyoto-hingga-suyudi-jadi-komjen,"
Jumat, 12 Sep 2025 15:42 WIB "
"UAS Isi Ceramah Maulid Nabi di Polresta Pekanbaru, Kapolda Riau Hadir",https://news.detik.com/melindungi-tuah-marwah/d-8108708/uas-isi-ceramah-maulid-nabi-di-polresta-pekanbaru-kapolda-riau-hadir,"
Jumat, 12 Sep 2025 14:00 WIB "
"Terus Bertambah, 51 Orang Tewas dalam Demo Berdarah di Nepal",https://news.detik.com/internasional/d-8108631/terus-bertambah-51-orang-tewas-dalam-demo-berdarah-di-nepal,"
Jumat, 12 Sep 2025 13:20 WIB "
"Setelah Indonesia, Bendera One Piece Muncul di Demo Nepal-Prancis",https://news.detik.com/internasional/d-8108517/setelah-indonesia-bendera-one-piece-muncul-di-demo-nepal-prancis,"
Jumat, 12 Sep 2025 12:22 WIB "
"Dikabarkan Tewas, Istri Eks PM Nepal yang Rumahnya Dibakar Masih Hidup",https://news.detik.com/internasional/d-8108314/dikabarkan-tewas-istri-eks-pm-nepal-yang-rumahnya-dibakar-masih-hidup,"
Jumat, 12 Sep 2025 10:34 WIB "
"Viral Tulisan Tak Pantas di CCTV Simpang Empat Sleman, Diduga Diretas",https://news.detik.com/berita/d-8108231/viral-tulisan-tak-pantas-di-cctv-simpang-empat-sleman-diduga-diretas,"
Jumat, 12 Sep 2025 09:49 WIB "
Gerakan Nurani Bangsa: Prabowo Setuju Bentuk Tim Investigasi Kericuhan,https://news.detik.com/berita/d-8107891/gerakan-nurani-bangsa-prabowo-setuju-bentuk-tim-investigasi-kericuhan,"
Kamis, 11 Sep 2025 21:35 WIB "
"Dukung Ekonomi Biru, KKP Kedepankan Transparansi Komunikasi Publik",https://news.detik.com/berita/d-8107871/dukung-ekonomi-biru-kkp-kedepankan-transparansi-komunikasi-publik,"
Kamis, 11 Sep 2025 21:17 WIB "
"JK Bicara Situasi RI: Rakyat Perlu Perubahan, Keadilan, dan Kesejahteraan",https://news.detik.com/berita/d-8107621/jk-bicara-situasi-ri-rakyat-perlu-perubahan-keadilan-dan-kesejahteraan,"
Kamis, 11 Sep 2025 18:14 WIB "
'Gen Z' Calonkan Mantan Ketua MA Jadi PM Sementara Nepal,https://news.detik.com/internasional/d-8107156/gen-z-calonkan-mantan-ketua-ma-jadi-pm-sementara-nepal,"
Kamis, 11 Sep 2025 15:13 WIB "
Dunia Hari Ini: Influencer Sayap Kanan Populer AS Tewas Ditembak,https://news.detik.com/abc-australia/d-8107011/dunia-hari-ini-influencer-sayap-kanan-populer-as-tewas-ditembak,"
Kamis, 11 Sep 2025 14:15 WIB "
"Pramono Teken KJP Plus Tahap 2, 707.513 Penerima-Anggaran Rp 1,61 T",https://news.detik.com/berita/d-8106982/pramono-teken-kjp-plus-tahap-2-707-513-penerima-anggaran-rp-1-61-t,"
Kamis, 11 Sep 2025 14:04 WIB "
"Zulhas Tegaskan Perketat Pengawasan Gula Rafinasi, Percepat Serap Gula Petani",https://news.detik.com/berita/d-8106944/zulhas-tegaskan-perketat-pengawasan-gula-rafinasi-percepat-serap-gula-petani,"
Kamis, 11 Sep 2025 13:40 WIB "
"Yusril Tegaskan TNI Tak Bisa Laporkan Ferry Irwandi, Singgung Putusan MK",https://news.detik.com/berita/d-8106754/yusril-tegaskan-tni-tak-bisa-laporkan-ferry-irwandi-singgung-putusan-mk,"
Kamis, 11 Sep 2025 12:17 WIB "
"Ditekan Pemerintah, Kaum Feminis China Teruskan Perlawanan",https://news.detik.com/dw/d-8106653/ditekan-pemerintah-kaum-feminis-china-teruskan-perlawanan,"
Kamis, 11 Sep 2025 11:21 WIB "
"Info Pencairan KJP Plus 2025 Tahap 2 Bulan Juli, Cek Rinciannya!",https://news.detik.com/berita/d-8106632/info-pencairan-kjp-plus-2025-tahap-2-bulan-juli-cek-rinciannya,"
Kamis, 11 Sep 2025 11:09 WIB "
Bagaimana Nasib Nepal Usai Ambruknya Pemerintahan Resmi?,https://news.detik.com/dw/d-8106489/bagaimana-nasib-nepal-usai-ambruknya-pemerintahan-resmi,"
Kamis, 11 Sep 2025 10:01 WIB "
"KRL Tanah Abang-Parung Panjang Sempat Terganggu karena Pintu, Kini Normal",https://news.detik.com/berita/d-8106446/krl-tanah-abang-parung-panjang-sempat-terganggu-karena-pintu-kini-normal,"
Kamis, 11 Sep 2025 09:35 WIB "
Nepal Berkobar: Gedung DPR Dibakar hingga Menteri Disasar,https://news.detik.com/internasional/d-8106293/nepal-berkobar-gedung-dpr-dibakar-hingga-menteri-disasar,"
Kamis, 11 Sep 2025 06:08 WIB "
Kapolda Riau Puji Tim Raga Polres Meranti: Garda Terdepan Penjaga Keamanan,https://news.detik.com/melindungi-tuah-marwah/d-8106162/kapolda-riau-puji-tim-raga-polres-meranti-garda-terdepan-penjaga-keamanan,"
Rabu, 10 Sep 2025 23:03 WIB "
Aksi Polisi Bagikan Air Mineral dan Roti ke Massa Demo Buruh di Monas,https://news.detik.com/berita/d-8106020/aksi-polisi-bagikan-air-mineral-dan-roti-ke-massa-demo-buruh-di-monas,"
Rabu, 10 Sep 2025 20:30 WIB "
"Demo Buruh-Ojol di Patung Kuda Bubar, Jalan Merdeka Selatan Kembali Normal",https://news.detik.com/berita/d-8105881/demo-buruh-ojol-di-patung-kuda-bubar-jalan-merdeka-selatan-kembali-normal,"
Rabu, 10 Sep 2025 18:58 WIB "
Kapolri Ajak Komnas HAM Bersinergi Awasi Pelaksanaan Pengamanan Unjuk Rasa,https://news.detik.com/berita/d-8105833/kapolri-ajak-komnas-ham-bersinergi-awasi-pelaksanaan-pengamanan-unjuk-rasa,"
Rabu, 10 Sep 2025 18:22 WIB "
"Audiensi dengan Kapolri, Komnas HAM Pastikan Hak Tersangka Demo Anarkis Terpenuhi",https://news.detik.com/berita/d-8105768/audiensi-dengan-kapolri-komnas-ham-pastikan-hak-tersangka-demo-anarkis-terpenuhi,"
Rabu, 10 Sep 2025 18:09 WIB "
5 Berita Terpopuler Internasional Hari Ini,https://news.detik.com/internasional/d-8105758/5-berita-terpopuler-internasional-hari-ini,"
Rabu, 10 Sep 2025 18:04 WIB "
"Buruh Demo Tuntut Upah Layak di Patung Kuda, Jalan Arah Gambir Ditutup",https://news.detik.com/berita/d-8105671/buruh-demo-tuntut-upah-layak-di-patung-kuda-jalan-arah-gambir-ditutup,"
Rabu, 10 Sep 2025 17:26 WIB "
"Aksi Demo 'Blokir Semuanya' Muncul di Prancis, Puluhan Orang Ditangkap",https://news.detik.com/internasional/d-8105643/aksi-demo-blokir-semuanya-muncul-di-prancis-puluhan-orang-ditangkap,"
Rabu, 10 Sep 2025 17:18 WIB "
"Kantor Bupati Pandeglang Dipasangi Pintu Besi, Begini Penampakannya",https://news.detik.com/berita/d-8105522/kantor-bupati-pandeglang-dipasangi-pintu-besi-begini-penampakannya,"
Rabu, 10 Sep 2025 16:30 WIB "
Brutal! Demonstran Pukuli Menlu Nepal-Menkeu Dikejar Massa,https://news.detik.com/internasional/d-8105417/brutal-demonstran-pukuli-menlu-nepal-menkeu-dikejar-massa,"
Rabu, 10 Sep 2025 15:38 WIB "
Polisi Temukan Lebih dari 10 Akun Provokasi Demo Bandara Soetta,https://news.detik.com/berita/d-8105294/polisi-temukan-lebih-dari-10-akun-provokasi-demo-bandara-soetta,"
Rabu, 10 Sep 2025 14:53 WIB "
3 Pengeroyok Ojol Rusdamdiansyah Saat Ricuh di Makassar Ditangkap,https://news.detik.com/berita/d-8105280/3-pengeroyok-ojol-rusdamdiansyah-saat-ricuh-di-makassar-ditangkap,"
Rabu, 10 Sep 2025 14:47 WIB "
"Nepal Membara, Kemlu Wanti-wanti WNI Jaga Diri",https://news.detik.com/berita/d-8105080/nepal-membara-kemlu-wanti-wanti-wni-jaga-diri,"
Rabu, 10 Sep 2025 13:29 WIB "
"Kapolda Riau: Tari Bukan Sekadar Gajah, tapi Suara Hutan Tesso Nilo",https://news.detik.com/melindungi-tuah-marwah/d-8105049/kapolda-riau-tari-bukan-sekadar-gajah-tapi-suara-hutan-tesso-nilo,"
Rabu, 10 Sep 2025 13:13 WIB "
"Dunia Hari Ini: Anak Muda Unjuk Rasa Soal Pengangguran, PM Nepal Mundur",https://news.detik.com/abc-australia/d-8105047/dunia-hari-ini-anak-muda-unjuk-rasa-soal-pengangguran-pm-nepal-mundur,"
Rabu, 10 Sep 2025 13:12 WIB "
Pria di Depok Rusak Gerobak Penjual Ketoprak Ditangkap!,https://news.detik.com/berita/d-8104940/pria-di-depok-rusak-gerobak-penjual-ketoprak-ditangkap,"
Rabu, 10 Sep 2025 12:32 WIB "
"Tari Si Gajah TN Tesso Nilo Mati, Kapolda Riau Turut Prihatin",https://news.detik.com/melindungi-tuah-marwah/d-8104934/tari-si-gajah-tn-tesso-nilo-mati-kapolda-riau-turut-prihatin,"
Rabu, 10 Sep 2025 12:28 WIB "
Tentara Nepal Patroli di Ibu Kota Usai Demo Berdarah Gulingkan PM,https://news.detik.com/internasional/d-8104915/tentara-nepal-patroli-di-ibu-kota-usai-demo-berdarah-gulingkan-pm,"
Rabu, 10 Sep 2025 12:23 WIB "
Ngeri! Istri Eks PM Nepal Tewas Usai Rumahnya Dibakar Demonstran,https://news.detik.com/internasional/d-8104871/ngeri-istri-eks-pm-nepal-tewas-usai-rumahnya-dibakar-demonstran,"
Rabu, 10 Sep 2025 12:07 WIB "
"Kesal Dituding Kurang Bayar, Pria di Depok Rusak Gerobak Penjual Ketoprak",https://news.detik.com/berita/d-8104721/kesal-dituding-kurang-bayar-pria-di-depok-rusak-gerobak-penjual-ketoprak,"
Rabu, 10 Sep 2025 10:54 WIB "
"Gedung DPR Dibakar-22 Tewas, Apa yang Diketahui Soal Demo Nepal?",https://news.detik.com/bbc-world/d-8104586/gedung-dpr-dibakar-22-tewas-apa-yang-diketahui-soal-demo-nepal,"
Rabu, 10 Sep 2025 09:56 WIB "
"Demo Berdarah di Nepal, Massa Bakar Rumah dan Serang Menteri",https://news.detik.com/internasional/d-8104525/demo-berdarah-di-nepal-massa-bakar-rumah-dan-serang-menteri,"
Rabu, 10 Sep 2025 09:22 WIB "
Titik-titik Kepadatan Lalin Menuju Jakarta Pagi Ini,https://news.detik.com/berita/d-8104439/titik-titik-kepadatan-lalin-menuju-jakarta-pagi-ini,"
Rabu, 10 Sep 2025 07:33 WIB "
4 Fakta Larangan Medsos di Nepal Berujung Unjuk Rasa Berdarah,https://news.detik.com/berita/d-8104434/4-fakta-larangan-medsos-di-nepal-berujung-unjuk-rasa-berdarah,"
Rabu, 10 Sep 2025 07:28 WIB "
Presiden Nepal Serukan Perdamaian Usai Demo Berdarah Tewaskan 19 Orang,https://news.detik.com/internasional/d-8104166/presiden-nepal-serukan-perdamaian-usai-demo-berdarah-tewaskan-19-orang,"
Selasa, 09 Sep 2025 20:58 WIB "
"Demo Mahasiswa '17+8 Tuntutan Rakyat' di DPR Bubar, Lalin Mulai Lancar",https://news.detik.com/berita/d-8103886/demo-mahasiswa-17-8-tuntutan-rakyat-di-dpr-bubar-lalin-mulai-lancar,"
Selasa, 09 Sep 2025 18:11 WIB "
5 Berita Terpopuler Internasional Hari Ini,https://news.detik.com/internasional/d-8103833/5-berita-terpopuler-internasional-hari-ini,"
Selasa, 09 Sep 2025 17:43 WIB "
Perwakilan Massa Mahasiswa Tanggapi Pernyataan Menkeu soal Tuntutan 17+8,https://news.detik.com/berita/d-8103823/perwakilan-massa-mahasiswa-tanggapi-pernyataan-menkeu-soal-tuntutan-17-8,"
Selasa, 09 Sep 2025 17:38 WIB "
PM Nepal Mundur Usai Rumahnya Dibakar Demonstran Gen Z,https://news.detik.com/internasional/d-8103785/pm-nepal-mundur-usai-rumahnya-dibakar-demonstran-gen-z,"
Selasa, 09 Sep 2025 17:25 WIB "
"Tagih 17+8 Tuntutan Rakyat, Mahasiswa Minta Anggota DPR Dialog Bareng Massa",https://news.detik.com/berita/d-8103687/tagih-17-8-tuntutan-rakyat-mahasiswa-minta-anggota-dpr-dialog-bareng-massa,"
Selasa, 09 Sep 2025 16:43 WIB "
PM Nepal Mundur Usai Demo Berdarah Renggut 19 Nyawa,https://news.detik.com/internasional/d-8103622/pm-nepal-mundur-usai-demo-berdarah-renggut-19-nyawa,"
Selasa, 09 Sep 2025 16:27 WIB "
"Mahasiswa Demo di DPR, Desak '17+8 Tuntutan Rakyat' Dipenuhi",https://news.detik.com/berita/d-8103479/mahasiswa-demo-di-dpr-desak-17-8-tuntutan-rakyat-dipenuhi,"
Selasa, 09 Sep 2025 15:50 WIB "
"Tinggal Bareng Anak Kebutuhan Khusus, Nenek di Banten Dapat Bantuan Kemensos",https://news.detik.com/berita/d-8103153/tinggal-bareng-anak-kebutuhan-khusus-nenek-di-banten-dapat-bantuan-kemensos,"
Selasa, 09 Sep 2025 13:38 WIB "
Kesaksian Pekerja Korsel Saat Imigrasi AS Gerebek Pabrik Hyundai,https://news.detik.com/bbc-world/d-8103144/kesaksian-pekerja-korsel-saat-imigrasi-as-gerebek-pabrik-hyundai,"
Selasa, 09 Sep 2025 13:35 WIB "
"Naik Bus, BEM UI Berangkat ke DPR Demo Kawal Tuntutan 17+8",https://news.detik.com/berita/d-8103105/naik-bus-bem-ui-berangkat-ke-dpr-demo-kawal-tuntutan-17-8,"
Selasa, 09 Sep 2025 13:25 WIB "
Nepal Cabut Larangan Medsos Usai Demo Berdarah Tewaskan 19 Orang,https://news.detik.com/internasional/d-8103023/nepal-cabut-larangan-medsos-usai-demo-berdarah-tewaskan-19-orang,"
Selasa, 09 Sep 2025 12:43 WIB "
Bayar Pajak Bumi dan Bangunan Kini Lebih Mudah dengan bjb T-PBB,https://news.detik.com/berita/d-8102951/bayar-pajak-bumi-dan-bangunan-kini-lebih-mudah-dengan-bjb-t-pbb,"
Selasa, 09 Sep 2025 12:20 WIB "
"Serikat Ojol Ngadu ke Dasco dkk, Usul Prabowo Terbitkan Perpres Perlindungan",https://news.detik.com/berita/d-8102908/serikat-ojol-ngadu-ke-dasco-dkk-usul-prabowo-terbitkan-perpres-perlindungan,"
Selasa, 09 Sep 2025 12:03 WIB "
Polisi Siagakan 2.852 Personel Kawal Demo BEM UI di DPR Hari Ini,https://news.detik.com/berita/d-8102692/polisi-siagakan-2-852-personel-kawal-demo-bem-ui-di-dpr-hari-ini,"
Selasa, 09 Sep 2025 10:07 WIB "
Asa Agar Perusakan Tak Terulang di Balik Nama Halte Jaga Jakarta,https://news.detik.com/berita/d-8102510/asa-agar-perusakan-tak-terulang-di-balik-nama-halte-jaga-jakarta,"
Selasa, 09 Sep 2025 05:45 WIB "
"Demo Tolak Blokir Medsos di Nepal Ricuh, 19 Orang Tewas-400 Terluka",https://news.detik.com/internasional/d-8102508/demo-tolak-blokir-medsos-di-nepal-ricuh-19-orang-tewas-400-terluka,"
Selasa, 09 Sep 2025 05:23 WIB "
"Polsek Ciputat Timur Berbagi, Bagikan Puluhan Paket Sembako ke Ojol",https://news.detik.com/berita/d-8102379/polsek-ciputat-timur-berbagi-bagikan-puluhan-paket-sembako-ke-ojol,"
Senin, 08 Sep 2025 22:25 WIB "
Polisi di Kota Tangerang dan Ojol Gelar Doa Bersama untuk Affan,https://news.detik.com/berita/d-8102350/polisi-di-kota-tangerang-dan-ojol-gelar-doa-bersama-untuk-affan,"
Senin, 08 Sep 2025 21:51 WIB "
Kemendagri Minta Pemprov DKI Aktifkan Siskamling RT-RW Jaga Keamanan,https://news.detik.com/berita/d-8102337/kemendagri-minta-pemprov-dki-aktifkan-siskamling-rt-rw-jaga-keamanan,"
Senin, 08 Sep 2025 21:39 WIB "
5 Berita Terpopuler Internasional Hari Ini,https://news.detik.com/internasional/d-8101993/5-berita-terpopuler-internasional-hari-ini,"
Senin, 08 Sep 2025 17:58 WIB "
Polisi dan Komunitas Ojol di Bekasi Sinergi Jaga Keamanan,https://news.detik.com/berita/d-8101972/polisi-dan-komunitas-ojol-di-bekasi-sinergi-jaga-keamanan,"
Senin, 08 Sep 2025 17:49 WIB "
Kapolda Metro Turun Langsung Bagikan Sembako dan Helm ke Ojol,https://news.detik.com/berita/d-8101929/kapolda-metro-turun-langsung-bagikan-sembako-dan-helm-ke-ojol,"
Senin, 08 Sep 2025 17:29 WIB "
Polda Metro Jaya Masih Kejar Dalang Aksi Ricuh di Jakarta,https://news.detik.com/berita/d-8101747/polda-metro-jaya-masih-kejar-dalang-aksi-ricuh-di-jakarta,"
Senin, 08 Sep 2025 16:27 WIB "
Pemerintah Gelar Rakor Tingkat Kementerian Bahas 17+8 Tuntutan Rakyat,https://news.detik.com/berita/d-8101241/pemerintah-gelar-rakor-tingkat-kementerian-bahas-17-8-tuntutan-rakyat,"
Senin, 08 Sep 2025 13:13 WIB "
Koalisi Sipil Desak Dugaan Keterlibatan Militer dalam Demo Diusut TGPF,https://news.detik.com/berita/d-8101197/koalisi-sipil-desak-dugaan-keterlibatan-militer-dalam-demo-diusut-tgpf,"
Senin, 08 Sep 2025 13:00 WIB "
"Mendagri Minta Kepala Daerah Perkuat Satlinmas, Jaga Situasi Kondusif",https://news.detik.com/berita/d-8101105/mendagri-minta-kepala-daerah-perkuat-satlinmas-jaga-situasi-kondusif,"
Senin, 08 Sep 2025 12:17 WIB "
Dirut TransJ: Semua Halte Sudah Beroperasi Normal Hari Ini,https://news.detik.com/berita/d-8101102/dirut-transj-semua-halte-sudah-beroperasi-normal-hari-ini,"
Senin, 08 Sep 2025 12:15 WIB "
"Kapolda Banten Pimpin Upacara di Sekolah, Ingatkan Siswa Tak Boleh Ikut Demo",https://news.detik.com/berita/d-8101101/kapolda-banten-pimpin-upacara-di-sekolah-ingatkan-siswa-tak-boleh-ikut-demo,"
Senin, 08 Sep 2025 12:14 WIB "
Penampakan Etalase Tampilkan Sisa Kebakaran di Halte TransJ Jaga Jakarta,https://news.detik.com/berita/d-8101019/penampakan-etalase-tampilkan-sisa-kebakaran-di-halte-transj-jaga-jakarta,"
Senin, 08 Sep 2025 11:39 WIB "
"Akan Ada Aksi di DPR-Patung Kuda, 2.069 Polisi Disiagakan",https://news.detik.com/berita/d-8100988/akan-ada-aksi-di-dpr-patung-kuda-2-069-polisi-disiagakan,"
Senin, 08 Sep 2025 11:26 WIB "
Pramono: Aktivitas Transportasi di Jakarta Sudah Normal Semuanya,https://news.detik.com/berita/d-8100869/pramono-aktivitas-transportasi-di-jakarta-sudah-normal-semuanya,"
Senin, 08 Sep 2025 10:26 WIB "
"Dukung Palestina, Puluhan Ribu Orang Turun ke Jalan di Ibu Kota Belgia",https://news.detik.com/internasional/d-8100778/dukung-palestina-puluhan-ribu-orang-turun-ke-jalan-di-ibu-kota-belgia,"
Senin, 08 Sep 2025 09:22 WIB "
"Wacana Tim Investigasi Dugaan Makar, Senior PDIP: Kerusakan Lebih dari 1998",https://news.detik.com/berita/d-8100754/wacana-tim-investigasi-dugaan-makar-senior-pdip-kerusakan-lebih-dari-1998,"
Senin, 08 Sep 2025 09:01 WIB "
"Soal 17+8 Tuntutan Rakyat, Prabowo: Sebagian Masuk Akal, Sebagian Perlu Dirundingkan",https://news.detik.com/berita/d-8100518/soal-17-8-tuntutan-rakyat-prabowo-sebagian-masuk-akal-sebagian-perlu-dirundingkan,"
Senin, 08 Sep 2025 07:58 WIB "
"Kapolri Telusuri Aktor Demo Rusuh, Gandeng TNI hingga BIN",https://news.detik.com/berita/d-8100579/kapolri-telusuri-aktor-demo-rusuh-gandeng-tni-hingga-bin,"
Minggu, 07 Sep 2025 22:51 WIB "
Prabowo Tegaskan Jaga Demokrasi: Tak Ada Perjuangan dengan Aksi Bakar-bakar,https://news.detik.com/berita/d-8100321/prabowo-tegaskan-jaga-demokrasi-tak-ada-perjuangan-dengan-aksi-bakar-bakar,"
Minggu, 07 Sep 2025 18:16 WIB "
"Halte TransJakarta, Rumah Kedua Kita",https://news.detik.com/x/detail/intermeso/20250906/Halte-TransJakarta-Rumah-Kedua-Kita/,"
Minggu, 07 Sep 2025 14:00 WIB "
"Memanas, Trump Ancam Kerahkan Departemen Perang ke Chicago",https://news.detik.com/internasional/d-8099932/memanas-trump-ancam-kerahkan-departemen-perang-ke-chicago,"
Minggu, 07 Sep 2025 13:14 WIB "
Warga AS Protes Pengerahan Pasukan Garda Nasional di Washington,https://news.detik.com/internasional/d-8099865/warga-as-protes-pengerahan-pasukan-garda-nasional-di-washington,"
Minggu, 07 Sep 2025 12:19 WIB "
Inggris Tangkap 425 Orang dalam Aksi Dukung Palestine Action,https://news.detik.com/internasional/d-8099805/inggris-tangkap-425-orang-dalam-aksi-dukung-palestine-action,"
Minggu, 07 Sep 2025 11:24 WIB "
"CFD Jakarta Pagi Ini Ramai, Warga Lega Kondisi Kembali Normal",https://news.detik.com/berita/d-8099645/cfd-jakarta-pagi-ini-ramai-warga-lega-kondisi-kembali-normal,"
Minggu, 07 Sep 2025 08:50 WIB "
Festival Kota Lama Semarang Angkat Semangat Persatuan Lewat Seni-Kuliner,https://news.detik.com/berita/d-8099378/festival-kota-lama-semarang-angkat-semangat-persatuan-lewat-seni-kuliner,"
Sabtu, 06 Sep 2025 20:21 WIB "
Mendikdasmen Keluarkan Edaran Cegah Pelajar Ikut Demo,https://news.detik.com/berita/d-8099143/mendikdasmen-keluarkan-edaran-cegah-pelajar-ikut-demo,"
Sabtu, 06 Sep 2025 16:59 WIB "
Total 9 Tersangka Perusak Markas Polres dan Polsek di Jaktim Ditangkap,https://news.detik.com/berita/d-8098935/total-9-tersangka-perusak-markas-polres-dan-polsek-di-jaktim-ditangkap,"
Sabtu, 06 Sep 2025 14:35 WIB "
Saat Mahasiswa Minta Pemerintah Tegakkan Supremasi Sipil dalam Tuntutan 17+8,https://news.detik.com/berita/d-8098818/saat-mahasiswa-minta-pemerintah-tegakkan-supremasi-sipil-dalam-tuntutan-17-8,"
Sabtu, 06 Sep 2025 12:59 WIB "
Saat Demo tapi Piknik 17+8 di Depan DPR,https://news.detik.com/berita/d-8098683/saat-demo-tapi-piknik-17-8-di-depan-dpr,"
Sabtu, 06 Sep 2025 11:21 WIB "
"Ini Kondisi Halte Transjakarta Senayan: Perbaikan Dikebut, Layanan Jalan",https://news.detik.com/berita/d-8098660/ini-kondisi-halte-transjakarta-senayan-perbaikan-dikebut-layanan-jalan,"
Sabtu, 06 Sep 2025 11:09 WIB "
"Dibanting Pengawal Eks Ketua Dewas RSUD Pati, Wartawan Lapor Polisi",https://news.detik.com/berita/d-8098612/dibanting-pengawal-eks-ketua-dewas-rsud-pati-wartawan-lapor-polisi,"
Sabtu, 06 Sep 2025 10:27 WIB "
Melipat Jarak Politik,https://news.detik.com/kolom/d-8096745/melipat-jarak-politik,"
Sabtu, 06 Sep 2025 10:10 WIB "
Polisi Amankan 2 Aktor Intelektual 27 Bom Molotov di Kampus Unmul Samarinda,https://news.detik.com/berita/d-8098550/polisi-amankan-2-aktor-intelektual-27-bom-molotov-di-kampus-unmul-samarinda,"
Sabtu, 06 Sep 2025 09:35 WIB "
9 Tersangka Pembakaran Gedung Grahadi Surabaya Bikin Molotov di Sidoarjo,https://news.detik.com/berita/d-8098364/9-tersangka-pembakaran-gedung-grahadi-surabaya-bikin-molotov-di-sidoarjo,"
Jumat, 05 Sep 2025 23:29 WIB "
4 Pelaku Perusakan di Polres-Polsek di Jaktim Ditangkap,https://news.detik.com/berita/d-8098281/4-pelaku-perusakan-di-polres-polsek-di-jaktim-ditangkap,"
Jumat, 05 Sep 2025 21:21 WIB "
Polisi Jerat 9 Tersangka Pembakaran Gedung Grahadi Surabaya,https://news.detik.com/berita/d-8098249/polisi-jerat-9-tersangka-pembakaran-gedung-grahadi-surabaya,"
Jumat, 05 Sep 2025 20:41 WIB "
Polda Riau Turunkan Drone Pantau Aktivitas PETI di Sungai Kuantan,https://news.detik.com/melindungi-tuah-marwah/d-8098248/polda-riau-turunkan-drone-pantau-aktivitas-peti-di-sungai-kuantan,"
Jumat, 05 Sep 2025 20:39 WIB "
Polwan Bagikan Roti-Air Mineral untuk Massa Demo di Depan DPR,https://news.detik.com/berita/d-8098205/polwan-bagikan-roti-air-mineral-untuk-massa-demo-di-depan-dpr,"
Jumat, 05 Sep 2025 19:40 WIB "
Massa Mahasiswa Kawal Tuntutan 17+8 Bubarkan Diri dari DPR,https://news.detik.com/berita/d-8098115/massa-mahasiswa-kawal-tuntutan-17-8-bubarkan-diri-dari-dpr,"
Jumat, 05 Sep 2025 18:39 WIB "
"Jawab Tuntutan Rakyat, DPR Janji Perkuat Transparansi Kebijakan-Legislasi",https://news.detik.com/berita/d-8098102/jawab-tuntutan-rakyat-dpr-janji-perkuat-transparansi-kebijakan-legislasi,"
Jumat, 05 Sep 2025 18:34 WIB "
Urgensi Pertemuan Mahasiswa-DPR: Momentum Gerakan dan Mengembalikan Legitimasi Rakyat,https://news.detik.com/kolom/d-8098035/urgensi-pertemuan-mahasiswa-dpr-momentum-gerakan-dan-mengembalikan-legitimasi-rakyat,"
Jumat, 05 Sep 2025 17:51 WIB "
"Tersangka Kericuhan di Jakarta 43 Orang, Ada Klaster Penjarahan-Perusakan",https://news.detik.com/berita/d-8098033/tersangka-kericuhan-di-jakarta-43-orang-ada-klaster-penjarahan-perusakan,"
Jumat, 05 Sep 2025 17:44 WIB "
"17+8 Tuntut Pendemo Dibebaskan, Polisi Bicara Ada Kelompok Perusuh",https://news.detik.com/berita/d-8097982/17-8-tuntut-pendemo-dibebaskan-polisi-bicara-ada-kelompok-perusuh,"
Jumat, 05 Sep 2025 17:21 WIB "
TNI Akui soal Anggota Bais Saat Demo di Jakarta: Tugasnya Memantau,https://news.detik.com/berita/d-8097977/tni-akui-soal-anggota-bais-saat-demo-di-jakarta-tugasnya-memantau,"
Jumat, 05 Sep 2025 17:16 WIB "
"1.371 Personel Dikerahkan Jaga Demo di DPR, Polisi Pastikan Aman",https://news.detik.com/berita/d-8097960/1-371-personel-dikerahkan-jaga-demo-di-dpr-polisi-pastikan-aman,"
Jumat, 05 Sep 2025 17:05 WIB "
Kemensos Beri Santunan-Paket Sembako ke Korban Unjuk Rasa Kota Makassar,https://news.detik.com/berita/d-8097853/kemensos-beri-santunan-paket-sembako-ke-korban-unjuk-rasa-kota-makassar,"
Jumat, 05 Sep 2025 16:12 WIB "
Mahasiswa Gelar Demo Tema Piknik di DPR Kawal Tuntutan 17+8,https://news.detik.com/berita/d-8097851/mahasiswa-gelar-demo-tema-piknik-di-dpr-kawal-tuntutan-17-8,"
Jumat, 05 Sep 2025 16:08 WIB "
"Massa Mahasiswa Tiba di Depan DPR, Ingatkan Deadline 17 Tuntutan Rakyat",https://news.detik.com/berita/d-8097716/massa-mahasiswa-tiba-di-depan-dpr-ingatkan-deadline-17-tuntutan-rakyat,"
Jumat, 05 Sep 2025 14:25 WIB "
"DPRD Pelalawan Terima Aspirasi Mahasiswa HMI, Polisi Apresiasi Unras Damai",https://news.detik.com/melindungi-tuah-marwah/d-8097709/dprd-pelalawan-terima-aspirasi-mahasiswa-hmi-polisi-apresiasi-unras-damai,"
Jumat, 05 Sep 2025 14:16 WIB "
Pakar Nilai Audiensi Pimpinan DPR-Mahasiswa Momentum Transparansi Politik,https://news.detik.com/berita/d-8097704/pakar-nilai-audiensi-pimpinan-dpr-mahasiswa-momentum-transparansi-politik,"
Jumat, 05 Sep 2025 14:15 WIB "
"Libur Panjang, Kapolres Pantau Keamanan Wisatawan di Kepulauan Seribu",https://news.detik.com/berita/d-8097703/libur-panjang-kapolres-pantau-keamanan-wisatawan-di-kepulauan-seribu,"
Jumat, 05 Sep 2025 14:15 WIB "
"Israel Klaim Kuasai 40% Kota Gaza, Situasi Kemanusiaan Memburuk",https://news.detik.com/internasional/d-8097681/israel-klaim-kuasai-40-kota-gaza-situasi-kemanusiaan-memburuk,"
Jumat, 05 Sep 2025 14:10 WIB "
Eddy Soeparno Imbau Aksi Demontrasi Tak Rusak Fasum-Pakai Kekerasan,https://news.detik.com/berita/d-8097505/eddy-soeparno-imbau-aksi-demontrasi-tak-rusak-fasum-pakai-kekerasan,"
Jumat, 05 Sep 2025 12:42 WIB "
"Deadline 17 Tuntutan Rakyat Hari Ini, Begini Situasi Depan Gedung DPR",https://news.detik.com/berita/d-8097491/deadline-17-tuntutan-rakyat-hari-ini-begini-situasi-depan-gedung-dpr,"
Jumat, 05 Sep 2025 12:11 WIB "
Menggugat Partai Politik,https://news.detik.com/kolom/d-8096742/menggugat-partai-politik,"
Jumat, 05 Sep 2025 12:10 WIB "
160 Polisi Terluka Saat Ricuh di Jakarta,https://news.detik.com/berita/d-8097455/160-polisi-terluka-saat-ricuh-di-jakarta,"
Jumat, 05 Sep 2025 11:26 WIB "
"Wapres Gibran Pantau Siskamling di Jakarta, Beri Alat-alat Ronda Malam",https://news.detik.com/berita/d-8097438/wapres-gibran-pantau-siskamling-di-jakarta-beri-alat-alat-ronda-malam,"
Jumat, 05 Sep 2025 11:10 WIB "
Kemensos Akan Data Warung yang Rusak Akibat Unjuk Rasa,https://news.detik.com/berita/d-8097386/kemensos-akan-data-warung-yang-rusak-akibat-unjuk-rasa,"
Jumat, 05 Sep 2025 10:30 WIB "
Mensos Jelaskan soal Bansos untuk Korban Unjuk Rasa,https://news.detik.com/berita/d-8097345/mensos-jelaskan-soal-bansos-untuk-korban-unjuk-rasa,"
Jumat, 05 Sep 2025 10:15 WIB "
PMJ Data Kerusakan Imbas Ricuh di Jakarta: 108 Kendaraan-76 Fasilitas Bangunan,https://news.detik.com/berita/d-8097364/pmj-data-kerusakan-imbas-ricuh-di-jakarta-108-kendaraan-76-fasilitas-bangunan,"
Jumat, 05 Sep 2025 10:11 WIB "
Harapan Rakyat di Balik Demo Gaji DPR,https://news.detik.com/kolom/d-8096165/harapan-rakyat-di-balik-demo-gaji-dpr,"
Jumat, 05 Sep 2025 09:30 WIB "
Janji DPRD DKI Evaluasi Tunjangan Puluhan Juta Usai Terima Massa Aksi,https://news.detik.com/berita/d-8097231/janji-dprd-dki-evaluasi-tunjangan-puluhan-juta-usai-terima-massa-aksi,"
Jumat, 05 Sep 2025 08:30 WIB "
Asa Laras Faizati Usai Jadi Tersangka Buntut Ajak Bakar Mabes Polri,https://news.detik.com/berita/d-8097228/asa-laras-faizati-usai-jadi-tersangka-buntut-ajak-bakar-mabes-polri,"
Jumat, 05 Sep 2025 08:20 WIB "
Poin-poin Pertemuan Perwakilan Mahasiswa dan Istana Semalam,https://news.detik.com/berita/d-8097226/poin-poin-pertemuan-perwakilan-mahasiswa-dan-istana-semalam,"
Jumat, 05 Sep 2025 08:19 WIB "
"Polisi Duga Ada Pihak Beri 'Upah' Pelajar Ikut Demo, Aliran Dana Ditelisik",https://news.detik.com/berita/d-8097162/polisi-duga-ada-pihak-beri-upah-pelajar-ikut-demo-aliran-dana-ditelisik,"
Jumat, 05 Sep 2025 04:34 WIB "
"Meningkat 72%, Pelajar Nekat Ikut Demo di Jakarta Gegara Ajakan",https://news.detik.com/berita/d-8097153/meningkat-72-pelajar-nekat-ikut-demo-di-jakarta-gegara-ajakan,"
Jumat, 05 Sep 2025 02:38 WIB "
"Temui Mensesneg, BEM SI dan Cipayung Plus Minta Investigasi Dugaan Makar",https://news.detik.com/berita/d-8097140/temui-mensesneg-bem-si-dan-cipayung-plus-minta-investigasi-dugaan-makar,"
Jumat, 05 Sep 2025 00:37 WIB "
Konten TikTok Figha Lesmana Ajak Pelajar Demo Ditonton 10 Juta Kali,https://news.detik.com/berita/d-8097128/konten-tiktok-figha-lesmana-ajak-pelajar-demo-ditonton-10-juta-kali,"
Kamis, 04 Sep 2025 23:31 WIB "
"Usai Ratas, Menko Yusril Ingatkan Aparat Jangan Bertindak di Luar Hukum",https://news.detik.com/berita/d-8097110/usai-ratas-menko-yusril-ingatkan-aparat-jangan-bertindak-di-luar-hukum,"
Kamis, 04 Sep 2025 23:07 WIB "
Polda Metro Tangkap TikToker Figha Lesmana Buntut Ajak Pelajar Demo,https://news.detik.com/berita/d-8097082/polda-metro-tangkap-tiktoker-figha-lesmana-buntut-ajak-pelajar-demo,"
Kamis, 04 Sep 2025 22:20 WIB "
Gus Ipul Ungkap 3 Langkah Kemensos Pulihkan Korban Konflik Sosial,https://news.detik.com/berita/d-8097034/gus-ipul-ungkap-3-langkah-kemensos-pulihkan-korban-konflik-sosial,"
Kamis, 04 Sep 2025 21:27 WIB "
Legislator Ajak Masyarakat Lawan Narasi Provokatif: Ini Ancaman Sangat Serius,https://news.detik.com/berita/d-8097024/legislator-ajak-masyarakat-lawan-narasi-provokatif-ini-ancaman-sangat-serius,"
Kamis, 04 Sep 2025 21:15 WIB "
Wamensos Takziah ke Rumah Mahasiswa Korban Demo di Yogyakarta,https://news.detik.com/berita/d-8097021/wamensos-takziah-ke-rumah-mahasiswa-korban-demo-di-yogyakarta,"
Kamis, 04 Sep 2025 21:13 WIB "
Polda Metro Bidik Aktor Utama Penggerak Kericuhan di Jakarta,https://news.detik.com/berita/d-8096986/polda-metro-bidik-aktor-utama-penggerak-kericuhan-di-jakarta,"
Kamis, 04 Sep 2025 20:50 WIB "
Menjaga Akal Sehat di Tengah Live Kerusuhan,https://news.detik.com/kolom/d-8096926/menjaga-akal-sehat-di-tengah-live-kerusuhan,"
Kamis, 04 Sep 2025 19:52 WIB "
"Demo Buruh di Patung Kuda Bubar, Jl Medan Merdeka Selatan Kembali Normal",https://news.detik.com/berita/d-8096855/demo-buruh-di-patung-kuda-bubar-jl-medan-merdeka-selatan-kembali-normal,"
Kamis, 04 Sep 2025 19:15 WIB "
Massa Buruh Demo di Jakpus Bubar Usai Bakar Patung Tikus Berdasi,https://news.detik.com/berita/d-8096845/massa-buruh-demo-di-jakpus-bubar-usai-bakar-patung-tikus-berdasi,"
Kamis, 04 Sep 2025 19:07 WIB "
Massa BEM SI Tertib Bubar dari Depan DPR Usai Tabur Bunga,https://news.detik.com/berita/d-8096828/massa-bem-si-tertib-bubar-dari-depan-dpr-usai-tabur-bunga,"
Kamis, 04 Sep 2025 18:50 WIB "
"Polda Metro Benarkan Tangkap Mahasiswa Unri di Bandara, Statusnya Tersangka",https://news.detik.com/berita/d-8096794/polda-metro-benarkan-tangkap-mahasiswa-unri-di-bandara-statusnya-tersangka,"
Kamis, 04 Sep 2025 18:29 WIB "
Keluarga Harap Kasus Laras Faizati Diselesaikan dengan Restorative Justice,https://news.detik.com/berita/d-8096786/keluarga-harap-kasus-laras-faizati-diselesaikan-dengan-restorative-justice,"
Kamis, 04 Sep 2025 18:21 WIB "
"Aksi Damai Depan DPR, Aliansi BEM SI Tabur Bunga hingga Bagikan Mawar",https://news.detik.com/berita/d-8096769/aksi-damai-depan-dpr-aliansi-bem-si-tabur-bunga-hingga-bagikan-mawar,"
Kamis, 04 Sep 2025 18:14 WIB "
"Massa Demo Minta Transparansi Tunjangan, Anggota DPRD DKI: Kami Evaluasi",https://news.detik.com/berita/d-8096727/massa-demo-minta-transparansi-tunjangan-anggota-dprd-dki-kami-evaluasi,"
Kamis, 04 Sep 2025 17:56 WIB "
Penampakan Oknum TNI Penembak Warga hingga Tewas di Jayapura,https://news.detik.com/berita/d-8096722/penampakan-oknum-tni-penembak-warga-hingga-tewas-di-jayapura,"
Kamis, 04 Sep 2025 17:53 WIB "
"Demo di Patung Kuda, Massa Buruh Bawa Patung Tikus Berdasi Digantung",https://news.detik.com/berita/d-8096709/demo-di-patung-kuda-massa-buruh-bawa-patung-tikus-berdasi-digantung,"
Kamis, 04 Sep 2025 17:44 WIB "
"Aksi Damai di DPR, BEM SI Ramai-ramai Angkat Poster 'Selamatkan Indonesia'",https://news.detik.com/berita/d-8096698/aksi-damai-di-dpr-bem-si-ramai-ramai-angkat-poster-selamatkan-indonesia,"
Kamis, 04 Sep 2025 17:38 WIB "
Menjaga Nalar di Tengah Amuk Massa,https://news.detik.com/kolom/d-8095896/menjaga-nalar-di-tengah-amuk-massa,"
Kamis, 04 Sep 2025 17:20 WIB "
"Dialog DPR-Mahasiswa Diapresiasi, Diharapkan Digelar Berkala",https://news.detik.com/berita/d-8096656/dialog-dpr-mahasiswa-diapresiasi-diharapkan-digelar-berkala,"
Kamis, 04 Sep 2025 17:18 WIB "
"Bawa Karangan Bunga Dukacita, BEM SI Aksi 'Selamatkan Indonesia' di DPR",https://news.detik.com/berita/d-8096550/bawa-karangan-bunga-dukacita-bem-si-aksi-selamatkan-indonesia-di-dpr,"
Kamis, 04 Sep 2025 16:47 WIB "
DPRD DKI Bakal Kawal Tuntutan Massa Demo soal Anggaran dan Transparansi BUMD,https://news.detik.com/berita/d-8096533/dprd-dki-bakal-kawal-tuntutan-massa-demo-soal-anggaran-dan-transparansi-bumd,"
Kamis, 04 Sep 2025 16:43 WIB "
"Pakar Pidana Setuju Kompol Cosmas Dipecat, Dorong Pidana Disegerakan",https://news.detik.com/berita/d-8096438/pakar-pidana-setuju-kompol-cosmas-dipecat-dorong-pidana-disegerakan,"
Kamis, 04 Sep 2025 16:12 WIB "
Dudung Bicara Ada Pihak Manfaatkan Demo: Bisa dari Dalam Maupun Luar,https://news.detik.com/berita/d-8096402/dudung-bicara-ada-pihak-manfaatkan-demo-bisa-dari-dalam-maupun-luar,"
Kamis, 04 Sep 2025 16:00 WIB "
"Massa Buruh Demo di Patung Kuda Jakpus, Ini 12 Tuntutannya",https://news.detik.com/berita/d-8096376/massa-buruh-demo-di-patung-kuda-jakpus-ini-12-tuntutannya,"
Kamis, 04 Sep 2025 15:47 WIB "
"Usai Herindra, Wiranto Juga Merapat ke Istana Temui Prabowo Hari Ini",https://news.detik.com/berita/d-8096288/usai-herindra-wiranto-juga-merapat-ke-istana-temui-prabowo-hari-ini,"
Kamis, 04 Sep 2025 15:14 WIB "
Pimpinan DPRD DKI Janji Gaji-Tunjangan Anggota Akan Disesuaikan dengan PAD,https://news.detik.com/berita/d-8096267/pimpinan-dprd-dki-janji-gaji-tunjangan-anggota-akan-disesuaikan-dengan-pad,"
Kamis, 04 Sep 2025 15:04 WIB "
"Polisi Tindak Tokoh Diduga Penghasut Aksi, Ada Aktivis Hingga Pasutri",https://news.detik.com/berita/d-8096151/polisi-tindak-tokoh-diduga-penghasut-aksi-ada-aktivis-hingga-pasutri,"
Kamis, 04 Sep 2025 14:50 WIB "
"Temui Massa Demo, DPRD DKI Setuju Evaluasi Tunjangan Rumah Rp 70 Juta",https://news.detik.com/berita/d-8096183/temui-massa-demo-dprd-dki-setuju-evaluasi-tunjangan-rumah-rp-70-juta,"
Kamis, 04 Sep 2025 14:35 WIB "
Waka BIN Tegaskan Kondisi Indonesia Kondusif: Dalam Pengelolaan TNI-Polri,https://news.detik.com/berita/d-8096177/waka-bin-tegaskan-kondisi-indonesia-kondusif-dalam-pengelolaan-tni-polri,"
Kamis, 04 Sep 2025 14:33 WIB "
Penjelasan Siber Bareskrim soal Duduk Perkara 7 Tersangka Provokasi Massa,https://news.detik.com/berita/d-8096110/penjelasan-siber-bareskrim-soal-duduk-perkara-7-tersangka-provokasi-massa,"
Kamis, 04 Sep 2025 14:06 WIB "
"Laras Faizati Ditahan, Pengacara Ajukan Penangguhan Penahanan",https://news.detik.com/berita/d-8096089/laras-faizati-ditahan-pengacara-ajukan-penangguhan-penahanan,"
Kamis, 04 Sep 2025 14:00 WIB "
"Ada Demo Buruh di Patung Kuda Jakpus, Jalan Medan Merdeka Selatan Ditutup",https://news.detik.com/berita/d-8096060/ada-demo-buruh-di-patung-kuda-jakpus-jalan-medan-merdeka-selatan-ditutup,"
Kamis, 04 Sep 2025 13:50 WIB "
Kepala BIN Temui Prabowo di Istana: Saya Akan Sampaikan Info Penting,https://news.detik.com/berita/d-8096039/kepala-bin-temui-prabowo-di-istana-saya-akan-sampaikan-info-penting,"
Kamis, 04 Sep 2025 13:32 WIB "
"Massa Demo DPRD DKI Jakarta, Minta Transparansi Tunjangan Rumah Rp 70 Juta",https://news.detik.com/berita/d-8096029/massa-demo-dprd-dki-jakarta-minta-transparansi-tunjangan-rumah-rp-70-juta,"
Kamis, 04 Sep 2025 13:30 WIB "
Kepala Bappisus Tegaskan Tidak Ada Situasi Darurat Usai Kericuhan,https://news.detik.com/berita/d-8096009/kepala-bappisus-tegaskan-tidak-ada-situasi-darurat-usai-kericuhan,"
Kamis, 04 Sep 2025 13:18 WIB "
Keluarga Sebut Laras Faizati Hanya Ungkapkan Kekecewaan,https://news.detik.com/berita/d-8095991/keluarga-sebut-laras-faizati-hanya-ungkapkan-kekecewaan,"
Kamis, 04 Sep 2025 13:11 WIB "
Jangan Ada Lagi Korban,https://news.detik.com/kolom/d-8095772/jangan-ada-lagi-korban,"
Kamis, 04 Sep 2025 12:15 WIB "
Polisi Tetapkan 11 Tersangka Baru Kasus Kericuhan di Bandung,https://news.detik.com/berita/d-8095875/polisi-tetapkan-11-tersangka-baru-kasus-kericuhan-di-bandung,"
Kamis, 04 Sep 2025 12:03 WIB "
Polda Metro Beri Trauma Healing Warga Kwitang Terdampak Kericuhan,https://news.detik.com/berita/d-8095867/polda-metro-beri-trauma-healing-warga-kwitang-terdampak-kericuhan,"
Kamis, 04 Sep 2025 12:00 WIB "
"17+8 Tuntutan Rakyat Bergema di Medsos, Yusril: Mustahil Pemerintah Abaikan",https://news.detik.com/berita/d-8095834/17-8-tuntutan-rakyat-bergema-di-medsos-yusril-mustahil-pemerintah-abaikan,"
Kamis, 04 Sep 2025 11:40 WIB "
"Massa Buruh Hari Ini Demo di Patung Kuda Jakpus, Ini Tuntutannya",https://news.detik.com/berita/d-8095759/massa-buruh-hari-ini-demo-di-patung-kuda-jakpus-ini-tuntutannya,"
Kamis, 04 Sep 2025 11:05 WIB "
Lemkapi Nilai Penangkapan Tersangka Penghasut Aksi Rusuh Murni Penegakan Hukum,https://news.detik.com/berita/d-8095755/lemkapi-nilai-penangkapan-tersangka-penghasut-aksi-rusuh-murni-penegakan-hukum,"
Kamis, 04 Sep 2025 11:05 WIB "
Menteri PPPA Sesalkan Mobilisasi Anak di Aksi Rusuh,https://news.detik.com/berita/d-8095736/menteri-pppa-sesalkan-mobilisasi-anak-di-aksi-rusuh,"
Kamis, 04 Sep 2025 10:55 WIB "
"BEM SI Gelar Demo 'Selamatkan Indonesia' di DPR Siang Ini, 250 Personel Siaga",https://news.detik.com/berita/d-8095723/bem-si-gelar-demo-selamatkan-indonesia-di-dpr-siang-ini-250-personel-siaga,"
Kamis, 04 Sep 2025 10:48 WIB "
Sumsel Jadi Provinsi dengan Infrastruktur Terbaik Kedua di Sumatera,https://news.detik.com/berita/d-8095625/sumsel-jadi-provinsi-dengan-infrastruktur-terbaik-kedua-di-sumatera,"
Kamis, 04 Sep 2025 09:55 WIB "
Menteri PPPA Temui Ortu Siswa SMK Korban Tewas Demo DPR: Kami Mohon Maaf,https://news.detik.com/berita/d-8095611/menteri-pppa-temui-ortu-siswa-smk-korban-tewas-demo-dpr-kami-mohon-maaf,"
Kamis, 04 Sep 2025 09:46 WIB "
Andre Rosiade Jenguk dan Bantu Perantau Minang Korban Demo di Jakarta,https://news.detik.com/berita/d-8095554/andre-rosiade-jenguk-dan-bantu-perantau-minang-korban-demo-di-jakarta,"
Kamis, 04 Sep 2025 08:57 WIB "
Poin-poin yang Disampaikan Mahasiswa saat Audiensi di DPR,https://news.detik.com/berita/d-8095236/poin-poin-yang-disampaikan-mahasiswa-saat-audiensi-di-dpr,"
Kamis, 04 Sep 2025 07:58 WIB "
5 Fakta Laras Faizati Jadi Tersangka Usai Ajak Massa Bakar Mabes Polri,https://news.detik.com/berita/d-8095455/5-fakta-laras-faizati-jadi-tersangka-usai-ajak-massa-bakar-mabes-polri,"
Kamis, 04 Sep 2025 07:27 WIB "
Bareskrim Bakal Dalami Konten Demo Tersisip Judi Berkedok Gift,https://news.detik.com/berita/d-8095398/bareskrim-bakal-dalami-konten-demo-tersisip-judi-berkedok-gift,"
Kamis, 04 Sep 2025 05:43 WIB "
Mendikdasmen Sorot Banyak Pelajar Ikut Demo: Semoga Tak Terjadi Lagi,https://news.detik.com/berita/d-8095337/mendikdasmen-sorot-banyak-pelajar-ikut-demo-semoga-tak-terjadi-lagi,"
Rabu, 03 Sep 2025 22:45 WIB "
PKB Sambut Baik Usulan Pembentukan Tim Investigasi Dugaan Makar,https://news.detik.com/berita/d-8095314/pkb-sambut-baik-usulan-pembentukan-tim-investigasi-dugaan-makar,"
Rabu, 03 Sep 2025 22:17 WIB "
Pimpinan DPR Bakal Koordinasi ke Polri soal Mahasiswa Pendemo yang Ditahan,https://news.detik.com/berita/d-8095295/pimpinan-dpr-bakal-koordinasi-ke-polri-soal-mahasiswa-pendemo-yang-ditahan,"
Rabu, 03 Sep 2025 22:05 WIB "
Gerakan Nurani Bangsa Harap 17+8 Tuntutan Rakyat Didengar dan Dikaji,https://news.detik.com/berita/d-8095266/gerakan-nurani-bangsa-harap-17-8-tuntutan-rakyat-didengar-dan-dikaji,"
Rabu, 03 Sep 2025 21:41 WIB "
Polisi Tangkap 2 Pemilik Akun yang Ubah Larangan Pelajar Ikut Demo Buruh,https://news.detik.com/berita/d-8095260/polisi-tangkap-2-pemilik-akun-yang-ubah-larangan-pelajar-ikut-demo-buruh,"
Rabu, 03 Sep 2025 21:35 WIB "
"Hasut Massa Demo di Bandara Soetta, Pemilik Akun TikTok Ditangkap Polisi",https://news.detik.com/berita/d-8095247/hasut-massa-demo-di-bandara-soetta-pemilik-akun-tiktok-ditangkap-polisi,"
Rabu, 03 Sep 2025 21:30 WIB "
Laras Faizati Jadi Tersangka Buntut Konten Ajakan Bakar Mabes Polri Saat Aksi,https://news.detik.com/berita/d-8095240/laras-faizati-jadi-tersangka-buntut-konten-ajakan-bakar-mabes-polri-saat-aksi,"
Rabu, 03 Sep 2025 21:19 WIB "
Ketua HIPKI Dorong Pelaku hingga Provokator Demo Anarkis Diproses Hukum,https://news.detik.com/berita/d-8095179/ketua-hipki-dorong-pelaku-hingga-provokator-demo-anarkis-diproses-hukum,"
Rabu, 03 Sep 2025 20:50 WIB "
"Balik Setelan Awal, Jakarta Macet-macetan Lagi",https://news.detik.com/berita/d-8095154/balik-setelan-awal-jakarta-macet-macetan-lagi,"
Rabu, 03 Sep 2025 20:36 WIB "
Ketua KPAI: Pelibatan Anak dalam Aksi Demo Rusuh Sangat Membahayakan,https://news.detik.com/berita/d-8095133/ketua-kpai-pelibatan-anak-dalam-aksi-demo-rusuh-sangat-membahayakan,"
Rabu, 03 Sep 2025 20:17 WIB "
"Terima Aspirasi Mahasiswa, DPR Pastikan Jadi Bahan Perbaikan Kinerja",https://news.detik.com/berita/d-8095096/terima-aspirasi-mahasiswa-dpr-pastikan-jadi-bahan-perbaikan-kinerja,"
Rabu, 03 Sep 2025 19:51 WIB "
Warga Indonesia di Australia Sampaikan Kekecewaan terhadap Pemerintah RI,https://news.detik.com/abc-australia/d-8094950/warga-indonesia-di-australia-sampaikan-kekecewaan-terhadap-pemerintah-ri,"
Rabu, 03 Sep 2025 18:13 WIB "
Kemensos Akan Beri Santunan kepada Korban Unjuk Rasa,https://news.detik.com/berita/d-8094942/kemensos-akan-beri-santunan-kepada-korban-unjuk-rasa,"
Rabu, 03 Sep 2025 18:08 WIB "
Ahli Pidana: Pihak yang Ajak Merusak Fasum Harus Ditangkap!,https://news.detik.com/berita/d-8094786/ahli-pidana-pihak-yang-ajak-merusak-fasum-harus-ditangkap,"
Rabu, 03 Sep 2025 17:03 WIB "
Mahasiswa UI Ungkit Tunjangan Naik Saat Rakyat Menderita di Audiensi DPR,https://news.detik.com/berita/d-8094706/mahasiswa-ui-ungkit-tunjangan-naik-saat-rakyat-menderita-di-audiensi-dpr,"
Rabu, 03 Sep 2025 16:28 WIB "
"Audiensi di DPR, Mahasiswa UI Minta Usut Dugaan Makar karena Merugikan Aksi",https://news.detik.com/berita/d-8094615/audiensi-di-dpr-mahasiswa-ui-minta-usut-dugaan-makar-karena-merugikan-aksi,"
Rabu, 03 Sep 2025 15:56 WIB "
"ISESS: Perusuh, Provokator hingga Aktor Intelektual Harus Diproses Hukum!",https://news.detik.com/berita/d-8094548/isess-perusuh-provokator-hingga-aktor-intelektual-harus-diproses-hukum,"
Rabu, 03 Sep 2025 15:40 WIB "
6 Polisi Terluka Saat Markas Polres Jaktim Diserang Massa,https://news.detik.com/berita/d-8094525/6-polisi-terluka-saat-markas-polres-jaktim-diserang-massa,"
Rabu, 03 Sep 2025 15:32 WIB "
"Dasco hingga Cucun Terima Mahasiswa, Dengar Aspirasi soal Demo-Tunjangan",https://news.detik.com/berita/d-8094442/dasco-hingga-cucun-terima-mahasiswa-dengar-aspirasi-soal-demo-tunjangan,"
Rabu, 03 Sep 2025 15:02 WIB "
Menanti Terobosan DPR Usai Kena Protes,https://news.detik.com/berita/d-8094402/menanti-terobosan-dpr-usai-kena-protes,"
Rabu, 03 Sep 2025 14:50 WIB "
Mahasiswa HMI Puji Kapolda-Wakapolda Riau karena Sungai Kuantan Jernih Lagi,https://news.detik.com/melindungi-tuah-marwah/d-8094337/mahasiswa-hmi-puji-kapolda-wakapolda-riau-karena-sungai-kuantan-jernih-lagi,"
Rabu, 03 Sep 2025 14:25 WIB "
Desain Sanksi Hukum yang Efektif Bagi Koruptor,https://news.detik.com/kolom/d-8093746/desain-sanksi-hukum-yang-efektif-bagi-koruptor,"
Rabu, 03 Sep 2025 13:45 WIB "
Analisis Hendropriyono dan Situs Rusia soal Peran Asing di Demo RI,https://news.detik.com/berita/d-8094231/analisis-hendropriyono-dan-situs-rusia-soal-peran-asing-di-demo-ri,"
Rabu, 03 Sep 2025 13:37 WIB "
1.035 Aparat Gabungan Siaga Amankan Demo di DPR,https://news.detik.com/berita/d-8094170/1-035-aparat-gabungan-siaga-amankan-demo-di-dpr,"
Rabu, 03 Sep 2025 13:16 WIB "
"Kapolda Apresiasi Demo Damai di Riau, Puji Brimob Berjiwa Kesatria",https://news.detik.com/melindungi-tuah-marwah/d-8094031/kapolda-apresiasi-demo-damai-di-riau-puji-brimob-berjiwa-kesatria,"
Rabu, 03 Sep 2025 12:21 WIB "
"Aliansi Perempuan Indonesia Demo di Depan DPR, Ramai-ramai Pakai Warna Pink",https://news.detik.com/berita/d-8094008/aliansi-perempuan-indonesia-demo-di-depan-dpr-ramai-ramai-pakai-warna-pink,"
Rabu, 03 Sep 2025 12:09 WIB "
Pernyataan Sikap Sivitas Akademika Ilmu Politik UPN Jakarta soal Delpedro,https://news.detik.com/berita/d-8093986/pernyataan-sikap-sivitas-akademika-ilmu-politik-upn-jakarta-soal-delpedro,"
Rabu, 03 Sep 2025 12:03 WIB "
Warga Curhat Perjalanan ke Kantor Terhambat Halte TransJ Rusak Akibat Ricuh,https://news.detik.com/berita/d-8093941/warga-curhat-perjalanan-ke-kantor-terhambat-halte-transj-rusak-akibat-ricuh,"
Rabu, 03 Sep 2025 11:46 WIB "
Mengurai Masalah yang Jadi Tuntutan Demonstran,https://news.detik.com/kolom/d-8093743/mengurai-masalah-yang-jadi-tuntutan-demonstran,"
Rabu, 03 Sep 2025 11:20 WIB "
"Rapat di DPR Mulai Ramai Menteri hingga Anggota Dewan, Begini Suasananya",https://news.detik.com/berita/d-8093812/rapat-di-dpr-mulai-ramai-menteri-hingga-anggota-dewan-begini-suasananya,"
Rabu, 03 Sep 2025 11:00 WIB "
"Jawab PBB, Pemerintah RI Tegaskan Komitmen Lindungi Hak Warga Berpendapat",https://news.detik.com/berita/d-8093802/jawab-pbb-pemerintah-ri-tegaskan-komitmen-lindungi-hak-warga-berpendapat,"
Rabu, 03 Sep 2025 10:51 WIB "
"Cerita Warga Jakarta soal Situasi Pagi Ini: Kondusif, KRL Juga Ramai Banget",https://news.detik.com/berita/d-8093765/cerita-warga-jakarta-soal-situasi-pagi-ini-kondusif-krl-juga-ramai-banget,"
Rabu, 03 Sep 2025 10:36 WIB "
KPAI Nilai Fenomena Mobilisasi Anak Unjuk Rasa Bentuk Eksploitasi,https://news.detik.com/berita/d-8093748/kpai-nilai-fenomena-mobilisasi-anak-unjuk-rasa-bentuk-eksploitasi,"
Rabu, 03 Sep 2025 10:30 WIB "
"Pramono Lantik 992 Pejabat Fungsional, 664 di Antaranya Guru",https://news.detik.com/berita/d-8093698/pramono-lantik-992-pejabat-fungsional-664-di-antaranya-guru,"
Rabu, 03 Sep 2025 10:00 WIB "
"Parade Militer China, Prabowo Foto Bareng Sejajar Xi Jinping-Putin-Kim Jong Un",https://news.detik.com/berita/d-8093588/parade-militer-china-prabowo-foto-bareng-sejajar-xi-jinping-putin-kim-jong-un,"
Rabu, 03 Sep 2025 08:54 WIB "
"Pemerintah Pulihkan Hak Korban Demo Ricuh, Legislator Dorong Investigasi",https://news.detik.com/berita/d-8093587/pemerintah-pulihkan-hak-korban-demo-ricuh-legislator-dorong-investigasi,"
Rabu, 03 Sep 2025 08:52 WIB "
"Ada Gangguan Listrik, Perjalanan KRL Serpong-Tanah Abang Terganggu",https://news.detik.com/berita/d-8093580/ada-gangguan-listrik-perjalanan-krl-serpong-tanah-abang-terganggu,"
Rabu, 03 Sep 2025 08:44 WIB "
Puluhan Orang Jadi Tersangka Terkait Ricuh di Bekasi dan Jakarta,https://news.detik.com/berita/d-8093536/puluhan-orang-jadi-tersangka-terkait-ricuh-di-bekasi-dan-jakarta,"
Rabu, 03 Sep 2025 08:12 WIB "
5 Hal Diketahui soal Hasutan Anarkis Bukan Demo yang Jerat Delpedro,https://news.detik.com/berita/d-8093531/5-hal-diketahui-soal-hasutan-anarkis-bukan-demo-yang-jerat-delpedro,"
Rabu, 03 Sep 2025 08:05 WIB "
Terungkap Peran Direktur Lokataru-Admin Gejayan Memanggil di Kasus Penghasutan,https://news.detik.com/berita/d-8093519/terungkap-peran-direktur-lokataru-admin-gejayan-memanggil-di-kasus-penghasutan,"
Rabu, 03 Sep 2025 07:57 WIB "
"Polisi, Banser hingga TNI Patroli Gabungan Antisipasi Kerusuhan di Cilegon",https://news.detik.com/berita/d-8093477/polisi-banser-hingga-tni-patroli-gabungan-antisipasi-kerusuhan-di-cilegon,"
Rabu, 03 Sep 2025 07:02 WIB "
"Kapolres Serang Kumpulkan Emak-emak, Imbau Awasi Anak Tak Ikut Demo",https://news.detik.com/berita/d-8093423/kapolres-serang-kumpulkan-emak-emak-imbau-awasi-anak-tak-ikut-demo,"
Rabu, 03 Sep 2025 02:49 WIB "
Polda Metro Sebut Pelaku Anarkis Pakai Narkoba untuk Hilangkan Rasa Takut,https://news.detik.com/berita/d-8093413/polda-metro-sebut-pelaku-anarkis-pakai-narkoba-untuk-hilangkan-rasa-takut,"
Rabu, 03 Sep 2025 00:36 WIB "
Polda Metro: 22 Pelaku Anarkis Positif Narkoba Bakal Direhabilitasi,https://news.detik.com/berita/d-8093404/polda-metro-22-pelaku-anarkis-positif-narkoba-bakal-direhabilitasi,"
Selasa, 02 Sep 2025 23:40 WIB "
Lebih dari 1.000 Orang Ditangkap di Titik-titik Demo Anarkis Jakarta 25-31 Agustus,https://news.detik.com/berita/d-8093382/lebih-dari-1-000-orang-ditangkap-di-titik-titik-demo-anarkis-jakarta-25-31-agustus,"
Selasa, 02 Sep 2025 23:22 WIB "
Delpedro dan 5 Tersangka Kasus Hasutan Aksi Anarkis Masih Diperiksa Polda Metro,https://news.detik.com/berita/d-8093322/delpedro-dan-5-tersangka-kasus-hasutan-aksi-anarkis-masih-diperiksa-polda-metro,"
Selasa, 02 Sep 2025 22:11 WIB "
Deretan Barang Bukti Selama Aksi Ricuh di Jakarta: Batu-Bom Molotov,https://news.detik.com/berita/d-8093316/deretan-barang-bukti-selama-aksi-ricuh-di-jakarta-batu-bom-molotov,"
Selasa, 02 Sep 2025 22:01 WIB "
Komnas Perempuan Minta Polri Profesional dan TNI Kembali ke Barak,https://news.detik.com/berita/d-8093233/komnas-perempuan-minta-polri-profesional-dan-tni-kembali-ke-barak,"
Selasa, 02 Sep 2025 20:56 WIB "
Polres Pelalawan dan Komunitas Ojol Gelar Tahlilan Doakan Affan Kurniawan,https://news.detik.com/melindungi-tuah-marwah/d-8093213/polres-pelalawan-dan-komunitas-ojol-gelar-tahlilan-doakan-affan-kurniawan,"
Selasa, 02 Sep 2025 20:35 WIB "
"Komnas HAM Pantau Situasi Terkait Demo, Beri Pesan Hindari Provokasi",https://news.detik.com/berita/d-8093193/komnas-ham-pantau-situasi-terkait-demo-beri-pesan-hindari-provokasi,"
Selasa, 02 Sep 2025 20:17 WIB "
Perbaikan Halte Dikebut saat Operasional TransJ Disesuaikan,https://news.detik.com/berita/d-8093188/perbaikan-halte-dikebut-saat-operasional-transj-disesuaikan,"
Selasa, 02 Sep 2025 20:09 WIB "
"Apresiasi Aparat, Perlindungan Sipil: Strategi Jaga Keadilan di Tengah Krisis",https://news.detik.com/kolom/d-8093140/apresiasi-aparat-perlindungan-sipil-strategi-jaga-keadilan-di-tengah-krisis,"
Selasa, 02 Sep 2025 19:32 WIB "
Brimob Polda Metro Salurkan Bantuan Sembako ke Warga Sekitar Mako Kwitang,https://news.detik.com/berita/d-8093095/brimob-polda-metro-salurkan-bantuan-sembako-ke-warga-sekitar-mako-kwitang,"
Selasa, 02 Sep 2025 19:14 WIB "
Pemerintah Pastikan Pemulihan Hak Korban Imbas Demo Ricuh,https://news.detik.com/berita/d-8093067/pemerintah-pastikan-pemulihan-hak-korban-imbas-demo-ricuh,"
Selasa, 02 Sep 2025 19:05 WIB "
"Warga Palmerah Ajak Anak ke Depan DPR: Nggak Ada Demo, Jadi Rekreasi",https://news.detik.com/berita/d-8093029/warga-palmerah-ajak-anak-ke-depan-dpr-nggak-ada-demo-jadi-rekreasi,"
Selasa, 02 Sep 2025 18:52 WIB "
"Momen Aksi Damai HMI di Polda Riau, Polisi dan Mahasiswa Menangis Haru",https://news.detik.com/melindungi-tuah-marwah/d-8092876/momen-aksi-damai-hmi-di-polda-riau-polisi-dan-mahasiswa-menangis-haru,"
Selasa, 02 Sep 2025 17:34 WIB "
Waka Komisi I DPR Siap Terima Masukan: Ada Badan Aspirasi Masyarakat,https://news.detik.com/berita/d-8092866/waka-komisi-i-dpr-siap-terima-masukan-ada-badan-aspirasi-masyarakat,"
Selasa, 02 Sep 2025 17:28 WIB "
Gibran Melayat ke Rumah Siswa SMK Tangerang Meninggal Usai Ikut Demo,https://news.detik.com/berita/d-8092756/gibran-melayat-ke-rumah-siswa-smk-tangerang-meninggal-usai-ikut-demo,"
Selasa, 02 Sep 2025 16:49 WIB "
Kapolda Irjen Herry Apresiasi Demo Mahasiswa Riau Bermartabat dan Damai,https://news.detik.com/melindungi-tuah-marwah/d-8092745/kapolda-irjen-herry-apresiasi-demo-mahasiswa-riau-bermartabat-dan-damai,"
Selasa, 02 Sep 2025 16:43 WIB "
"Ditemui Wakapolda, Demo Massa HMI di Polda Riau Berlangsung Damai",https://news.detik.com/melindungi-tuah-marwah/d-8092695/ditemui-wakapolda-demo-massa-hmi-di-polda-riau-berlangsung-damai,"
Selasa, 02 Sep 2025 16:25 WIB "
Polisi: Tersangka Bakar Halte TransJ dengan Lempar Bom Molotov,https://news.detik.com/berita/d-8092671/polisi-tersangka-bakar-halte-transj-dengan-lempar-bom-molotov,"
Selasa, 02 Sep 2025 16:13 WIB "
NasDem Usul Bentuk Tim Investigasi Independen Usut Demo Ricuh,https://news.detik.com/berita/d-8092571/nasdem-usul-bentuk-tim-investigasi-independen-usut-demo-ricuh,"
Selasa, 02 Sep 2025 15:32 WIB "
"Mendagri Imbau Daerah yang Inflasinya di Atas 3,5% Segera Kendalikan",https://news.detik.com/berita/d-8092555/mendagri-imbau-daerah-yang-inflasinya-di-atas-3-5-segera-kendalikan,"
Selasa, 02 Sep 2025 15:26 WIB "
Seskab: Prabowo Instruksikan Fasum Rusak Akibat Aksi Anarkis Segera Perbaiki,https://news.detik.com/berita/d-8092520/seskab-prabowo-instruksikan-fasum-rusak-akibat-aksi-anarkis-segera-perbaiki,"
Selasa, 02 Sep 2025 15:06 WIB "
"Polisi Datangi Sejumlah Sekolah di Serang, Imbau Pelajar Tak Ikut Demo",https://news.detik.com/berita/d-8092402/polisi-datangi-sejumlah-sekolah-di-serang-imbau-pelajar-tak-ikut-demo,"
Selasa, 02 Sep 2025 14:27 WIB "
"Siswa SMK Tangerang Meninggal, Sempat Izin Keluar Kelas Sebelum Ikut Demo",https://news.detik.com/berita/d-8092398/siswa-smk-tangerang-meninggal-sempat-izin-keluar-kelas-sebelum-ikut-demo,"
Selasa, 02 Sep 2025 14:25 WIB "
"PBB Pantau Demo di RI, Minta Investigasi Transparan",https://news.detik.com/internasional/d-8092393/pbb-pantau-demo-di-ri-minta-investigasi-transparan,"
Selasa, 02 Sep 2025 14:23 WIB "
"Forkopimda Kumpul Bareng Tokoh Agama-Masyarakat, Doakan Kota Bogor Aman-Damai",https://news.detik.com/berita/d-8092374/forkopimda-kumpul-bareng-tokoh-agama-masyarakat-doakan-kota-bogor-aman-damai,"
Selasa, 02 Sep 2025 14:17 WIB "
KontraS Terima 23 Laporan Orang Hilang Sejak Demo 25 Agustus,https://news.detik.com/berita/d-8092360/kontras-terima-23-laporan-orang-hilang-sejak-demo-25-agustus,"
Selasa, 02 Sep 2025 14:12 WIB "
Polda Metro: Delpedro Bikin Ajakan Aksi Anarkistis Bukan Demo,https://news.detik.com/berita/d-8092322/polda-metro-delpedro-bikin-ajakan-aksi-anarkistis-bukan-demo,"
Selasa, 02 Sep 2025 13:52 WIB "
Polda Metro Tahan 38 Tersangka Diduga Bakar Halte TJ-Provokasi Pelajar Demo,https://news.detik.com/berita/d-8092256/polda-metro-tahan-38-tersangka-diduga-bakar-halte-tj-provokasi-pelajar-demo,"
Selasa, 02 Sep 2025 13:37 WIB "
PBB Minta Pemerintah Indonesia Pastikan Hak Sampaikan Pendapat,https://news.detik.com/dw/d-8092234/pbb-minta-pemerintah-indonesia-pastikan-hak-sampaikan-pendapat,"
Selasa, 02 Sep 2025 13:28 WIB "
"Sempat Ikut Demo, Siswa SMK Tangerang Meninggal Usai Dirawat Sejak Jumat",https://news.detik.com/berita/d-8092229/sempat-ikut-demo-siswa-smk-tangerang-meninggal-usai-dirawat-sejak-jumat,"
Selasa, 02 Sep 2025 13:26 WIB "
Mensos Sebut Prabowo Akan Beri Bantuan untuk Korban Unjuk Rasa,https://news.detik.com/berita/d-8092225/mensos-sebut-prabowo-akan-beri-bantuan-untuk-korban-unjuk-rasa,"
Selasa, 02 Sep 2025 13:25 WIB "
"Panja RUU PPRT Tetap Kerja di DPR di Tengah Demo, Apa Hasilnya?",https://news.detik.com/berita/d-8092213/panja-ruu-pprt-tetap-kerja-di-dpr-di-tengah-demo-apa-hasilnya,"
Selasa, 02 Sep 2025 13:19 WIB "
Polda Metro: Hasutan Direktur Lokataru Libatkan Pelajar dan Anak,https://news.detik.com/berita/d-8092208/polda-metro-hasutan-direktur-lokataru-libatkan-pelajar-dan-anak,"
Selasa, 02 Sep 2025 13:16 WIB "
"PKL Pasar Bogor Aksi Damai, Pemkot Bogor Izinkan Berjualan Sampai Lebaran 2026",https://news.detik.com/berita/d-8092171/pkl-pasar-bogor-aksi-damai-pemkot-bogor-izinkan-berjualan-sampai-lebaran-2026,"
Selasa, 02 Sep 2025 12:50 WIB "
"Situasi Terkini Kawasan Sekitar Gedung DPR, Jalan Dibuka-Lalin Lancar",https://news.detik.com/berita/d-8092024/situasi-terkini-kawasan-sekitar-gedung-dpr-jalan-dibuka-lalin-lancar,"
Selasa, 02 Sep 2025 11:48 WIB "
Polisi Tangkap 1 Terduga Pembakar Halte Saat Ricuh Demo,https://news.detik.com/berita/d-8091982/polisi-tangkap-1-terduga-pembakar-halte-saat-ricuh-demo,"
Selasa, 02 Sep 2025 11:32 WIB "
Jawaban KPK dalam Surat yang Bikin Warga Pati Tuntut Sudewo Balik Kanan,https://news.detik.com/berita/d-8091974/jawaban-kpk-dalam-surat-yang-bikin-warga-pati-tuntut-sudewo-balik-kanan,"
Selasa, 02 Sep 2025 11:29 WIB "
Ketua DPR Aceh Malah Tantang Massa Demo Tambah Tuntutan Pisah dari Pusat,https://news.detik.com/berita/d-8091967/ketua-dpr-aceh-malah-tantang-massa-demo-tambah-tuntutan-pisah-dari-pusat,"
Selasa, 02 Sep 2025 11:25 WIB "
Kapolda Riau Motivasi Brimob: Jadilah Garda Terdepan Tangguh dan Pemberani,https://news.detik.com/melindungi-tuah-marwah/d-8091962/kapolda-riau-motivasi-brimob-jadilah-garda-terdepan-tangguh-dan-pemberani,"
Selasa, 02 Sep 2025 11:21 WIB "
Ketika Empati Hilang di Parlemen dan Urgensi Representasi Deskriptif,https://news.detik.com/kolom/d-8091946/ketika-empati-hilang-di-parlemen-dan-urgensi-representasi-deskriptif,"
Selasa, 02 Sep 2025 11:16 WIB "
Penjelasan Polisi soal Gas Air Mata di Unisba dan Unpas Bandung,https://news.detik.com/berita/d-8091911/penjelasan-polisi-soal-gas-air-mata-di-unisba-dan-unpas-bandung,"
Selasa, 02 Sep 2025 10:59 WIB "
Pramono Bersyukur Aktivitas Warga Jakarta Saat Ini Sudah Hampir Normal,https://news.detik.com/berita/d-8091892/pramono-bersyukur-aktivitas-warga-jakarta-saat-ini-sudah-hampir-normal,"
Selasa, 02 Sep 2025 10:47 WIB "
"Polisi Tembakkan Gas Air Mata di Unisba Bandung, Rektor Beri Penjelasan",https://news.detik.com/berita/d-8091838/polisi-tembakkan-gas-air-mata-di-unisba-bandung-rektor-beri-penjelasan,"
Selasa, 02 Sep 2025 10:17 WIB "
"Ojol Umar Amarudin: Saya Pingsan, Tahu-tahu Sudah di Rumah Sakit",https://news.detik.com/berita/d-8091836/ojol-umar-amarudin-saya-pingsan-tahu-tahu-sudah-di-rumah-sakit,"
Selasa, 02 Sep 2025 10:16 WIB "
Pramono Gelar Rapat Bahas Penanganan Dampak Kericuhan di DKI Siang Ini,https://news.detik.com/berita/d-8091835/pramono-gelar-rapat-bahas-penanganan-dampak-kericuhan-di-dki-siang-ini,"
Selasa, 02 Sep 2025 10:16 WIB "
"Presiden Jenguk Polisi Korban Kerusuhan, Kapolri Komitmen Pulihkan Keamanan-Tangkap Pelaku",https://news.detik.com/berita/d-8091784/presiden-jenguk-polisi-korban-kerusuhan-kapolri-komitmen-pulihkan-keamanan-tangkap-pelaku,"
Selasa, 02 Sep 2025 09:36 WIB "
"TransJ Beroperasi Normal tapi Ada Penyesuaian Rute, Ini Daftarnya",https://news.detik.com/berita/d-8091695/transj-beroperasi-normal-tapi-ada-penyesuaian-rute-ini-daftarnya,"
Selasa, 02 Sep 2025 08:25 WIB "
Prabowo Akan Naikkan Pangkat Polisi Korban Aksi Massa,https://news.detik.com/berita/d-8091448/prabowo-akan-naikkan-pangkat-polisi-korban-aksi-massa,"
Selasa, 02 Sep 2025 07:58 WIB "
Aksi Penjarahan Rumah Sahroni hingga Sri Mulyani Mulai Diselidiki,https://news.detik.com/berita/d-8091648/aksi-penjarahan-rumah-sahroni-hingga-sri-mulyani-mulai-diselidiki,"
Selasa, 02 Sep 2025 07:47 WIB "
Kabar Massa Bawa Petasan Besar Sampai ke Telinga Prabowo,https://news.detik.com/berita/d-8091643/kabar-massa-bawa-petasan-besar-sampai-ke-telinga-prabowo,"
Selasa, 02 Sep 2025 07:31 WIB "
Masih Ada Gerbang Tol Dalam Kota yang Ditutup Pagi Ini,https://news.detik.com/berita/d-8091642/masih-ada-gerbang-tol-dalam-kota-yang-ditutup-pagi-ini,"
Selasa, 02 Sep 2025 07:28 WIB "
Aktivis HAM Harap Demo Jangan Sampai Anarkis Agar RI Tak Jatuh Dalam Krisis,https://news.detik.com/berita/d-8091616/aktivis-ham-harap-demo-jangan-sampai-anarkis-agar-ri-tak-jatuh-dalam-krisis,"
Selasa, 02 Sep 2025 06:48 WIB "
Prabowo Bakal Beri Bantuan untuk Korban Demo Ricuh: Pengobatan-Renovasi Rumah,https://news.detik.com/berita/d-8091592/prabowo-bakal-beri-bantuan-untuk-korban-demo-ricuh-pengobatan-renovasi-rumah,"
Selasa, 02 Sep 2025 05:31 WIB "
"Prabowo Atensi Pembakaran Gedung DPRD Makassar, Bakal Temui Keluarga Korban",https://news.detik.com/berita/d-8091562/prabowo-atensi-pembakaran-gedung-dprd-makassar-bakal-temui-keluarga-korban,"
Selasa, 02 Sep 2025 02:01 WIB "
BEM SI Kerakyatan Batal Demo Besok,https://news.detik.com/berita/d-8091528/bem-si-kerakyatan-batal-demo-besok,"
Senin, 01 Sep 2025 23:04 WIB "
Senin Pagi yang Berbeda Usai Demo Maraton Sepekan di Jakarta,https://news.detik.com/berita/d-8091467/senin-pagi-yang-berbeda-usai-demo-maraton-sepekan-di-jakarta,"
Senin, 01 Sep 2025 21:43 WIB "
Kronik Kerusuhan Empat Hari di Jakarta,https://news.detik.com/x/detail/spotlight/20250901/Kronik-Kerusuhan-Empat-Hari-di-Jakarta/,"
Senin, 01 Sep 2025 21:38 WIB "
"Rocky Gerung: Pendemo Itu Pintar, Perusuh Itu Dungu",https://news.detik.com/berita/d-8091447/rocky-gerung-pendemo-itu-pintar-perusuh-itu-dungu,"
Senin, 01 Sep 2025 21:17 WIB "
Rocky Gerung Puji Polwan Polda Riau Kawal Demo: Penting untuk Damai Negeri,https://news.detik.com/melindungi-tuah-marwah/d-8091404/rocky-gerung-puji-polwan-polda-riau-kawal-demo-penting-untuk-damai-negeri,"
Senin, 01 Sep 2025 20:40 WIB "
"Demo Warga Pati Bubar Usai Dapat Surat dari KPK, Apa Isinya?",https://news.detik.com/berita/d-8091376/demo-warga-pati-bubar-usai-dapat-surat-dari-kpk-apa-isinya,"
Senin, 01 Sep 2025 20:23 WIB "
"Massa Aksi Depan Gedung DPR Bubar, Lalin Gatot Subroto Arah Slipi Lancar",https://news.detik.com/berita/d-8091197/massa-aksi-depan-gedung-dpr-bubar-lalin-gatot-subroto-arah-slipi-lancar,"
Senin, 01 Sep 2025 18:32 WIB "
Dikotomi Biner dalam Kekacauan Informasi,https://news.detik.com/kolom/d-8091148/dikotomi-biner-dalam-kekacauan-informasi,"
Senin, 01 Sep 2025 18:13 WIB "
"18 Lampu Merah di Jakarta Rusak Imbas Demo, Pemprov Segera Perbaiki",https://news.detik.com/berita/d-8091146/18-lampu-merah-di-jakarta-rusak-imbas-demo-pemprov-segera-perbaiki,"
Senin, 01 Sep 2025 18:12 WIB "
"Aliansi Mahasiswa Demo DPRD Rohul, Kapolres Apresiasi Massa Tertib",https://news.detik.com/melindungi-tuah-marwah/d-8091130/aliansi-mahasiswa-demo-dprd-rohul-kapolres-apresiasi-massa-tertib,"
Senin, 01 Sep 2025 18:09 WIB "
"Ada Demo Depan Gedung DPR, Lalin di Jalan Gatsu Arah Slipi Tersendat",https://news.detik.com/berita/d-8091090/ada-demo-depan-gedung-dpr-lalin-di-jalan-gatsu-arah-slipi-tersendat,"
Senin, 01 Sep 2025 17:52 WIB "
Relawan Gerakan Kondusif Ajak Masyarakat Bersatu Tolak Provokasi,https://news.detik.com/berita/d-8091063/relawan-gerakan-kondusif-ajak-masyarakat-bersatu-tolak-provokasi,"
Senin, 01 Sep 2025 17:46 WIB "
PSI Ungkap Alasan Kaesang Absen Pertemuan Prabowo-Petinggi Parpol di Istana,https://news.detik.com/berita/d-8090973/psi-ungkap-alasan-kaesang-absen-pertemuan-prabowo-petinggi-parpol-di-istana,"
Senin, 01 Sep 2025 17:15 WIB "
Ormas hingga Pemuda di Senen Jakpus Deklarasi Tolak Aksi Anarkis,https://news.detik.com/berita/d-8090963/ormas-hingga-pemuda-di-senen-jakpus-deklarasi-tolak-aksi-anarkis,"
Senin, 01 Sep 2025 17:05 WIB "
Prabowo: Polisi Sudah Tegas Menindak Anggotanya yang Keliru,https://news.detik.com/berita/d-8090898/prabowo-polisi-sudah-tegas-menindak-anggotanya-yang-keliru,"
Senin, 01 Sep 2025 16:37 WIB "
"Prabowo Singgung Gedung DPRD Dibakar: Ini Makar, Bukan Penyampaian Aspirasi",https://news.detik.com/berita/d-8090893/prabowo-singgung-gedung-dprd-dibakar-ini-makar-bukan-penyampaian-aspirasi,"
Senin, 01 Sep 2025 16:36 WIB "
Prabowo Ungkap Wanita Korban Ricuh Kakinya Patah dan Motor Diambil,https://news.detik.com/berita/d-8090873/prabowo-ungkap-wanita-korban-ricuh-kakinya-patah-dan-motor-diambil,"
Senin, 01 Sep 2025 16:32 WIB "
17 Korban Ricuh Masih Dirawat di RS Polri: 14 Polisi dan 3 Warga,https://news.detik.com/berita/d-8090859/17-korban-ricuh-masih-dirawat-di-rs-polri-14-polisi-dan-3-warga,"
Senin, 01 Sep 2025 16:29 WIB "
Prabowo Jenguk Korban Ricuh di RS Polri: Ada yang Diinjak hingga Ginjal Rusak,https://news.detik.com/berita/d-8090836/prabowo-jenguk-korban-ricuh-di-rs-polri-ada-yang-diinjak-hingga-ginjal-rusak,"
Senin, 01 Sep 2025 16:19 WIB "
Presiden Prabowo: Demonstran Murni Harus Dilindungi Hak Berpendapatnya!,https://news.detik.com/berita/d-8090835/presiden-prabowo-demonstran-murni-harus-dilindungi-hak-berpendapatnya,"
Senin, 01 Sep 2025 16:19 WIB "
Prabowo: Polisi Terluka Saat Ricuh Dapat Kenaikan Pangkat Luar Biasa,https://news.detik.com/berita/d-8090827/prabowo-polisi-terluka-saat-ricuh-dapat-kenaikan-pangkat-luar-biasa,"
Senin, 01 Sep 2025 16:10 WIB "
Massa Mahasiswa di NTB Desak Ketum Parpol Sanksi Tegas Anggota Penghina Rakyat,https://news.detik.com/berita/d-8090823/massa-mahasiswa-di-ntb-desak-ketum-parpol-sanksi-tegas-anggota-penghina-rakyat,"
Senin, 01 Sep 2025 16:08 WIB "
"Mahasiswa Demo di Gedung DPR Sore Ini, Tuntut Keadilan untuk Affan",https://news.detik.com/berita/d-8090811/mahasiswa-demo-di-gedung-dpr-sore-ini-tuntut-keadilan-untuk-affan,"
Senin, 01 Sep 2025 16:03 WIB "
Lampu Lalin di Jatinegara Kembali Normal Usai Dirusak Massa,https://news.detik.com/berita/d-8090796/lampu-lalin-di-jatinegara-kembali-normal-usai-dirusak-massa,"
Senin, 01 Sep 2025 15:56 WIB "
Massa Demo di Depan UIN Tangsel Tuntut Usut Tuntas Tewasnya Affan,https://news.detik.com/berita/d-8090781/massa-demo-di-depan-uin-tangsel-tuntut-usut-tuntas-tewasnya-affan,"
Senin, 01 Sep 2025 15:51 WIB "
KPK Harap Warga Pati Beri Informasi Tambahan soal Korupsi Rel KA,https://news.detik.com/berita/d-8090743/kpk-harap-warga-pati-beri-informasi-tambahan-soal-korupsi-rel-ka,"
Senin, 01 Sep 2025 15:40 WIB "
Prabowo Jenguk Polisi dan Masyarakat Korban Ricuh Demo di RS Polri Sore Ini,https://news.detik.com/berita/d-8090703/prabowo-jenguk-polisi-dan-masyarakat-korban-ricuh-demo-di-rs-polri-sore-ini,"
Senin, 01 Sep 2025 15:27 WIB "
Momen Polwan Rayakan HUT ke-77 Bagikan Bunga ke Pedemo di DPRD Riau,https://news.detik.com/melindungi-tuah-marwah/d-8090691/momen-polwan-rayakan-hut-ke-77-bagikan-bunga-ke-pedemo-di-dprd-riau,"
Senin, 01 Sep 2025 15:21 WIB "
Hari Jumat 5 September 2025 Libur Apa? Simak Informasinya,https://news.detik.com/berita/d-8090688/hari-jumat-5-september-2025-libur-apa-simak-informasinya,"
Senin, 01 Sep 2025 15:19 WIB "
"Kapolda Papua Bagikan Tali Asih untuk Komunitas Ojol, Ajak Bersama Jaga Keamanan",https://news.detik.com/berita/d-8090680/kapolda-papua-bagikan-tali-asih-untuk-komunitas-ojol-ajak-bersama-jaga-keamanan,"
Senin, 01 Sep 2025 15:14 WIB "
Massa Ojol dan Mahasiswa Gelar Aksi Solidaritas untuk Affan di DPRD Sulteng,https://news.detik.com/berita/d-8090677/massa-ojol-dan-mahasiswa-gelar-aksi-solidaritas-untuk-affan-di-dprd-sulteng,"
Senin, 01 Sep 2025 15:12 WIB "
"Temui Pendemo Desak Bupati Pati Tersangka, KPK Janji Usut Tuntas Kasus Rel KA",https://news.detik.com/berita/d-8090644/temui-pendemo-desak-bupati-pati-tersangka-kpk-janji-usut-tuntas-kasus-rel-ka,"
Senin, 01 Sep 2025 15:02 WIB "
Status 'Nonaktif' Anggota DPR Jadi Sorotan,https://news.detik.com/berita/d-8090573/status-nonaktif-anggota-dpr-jadi-sorotan,"
Senin, 01 Sep 2025 14:50 WIB "
Kata Wakil Panglima TNI soal Pengamanan Saat Rumah Anggota DPR Dijarah,https://news.detik.com/berita/d-8090592/kata-wakil-panglima-tni-soal-pengamanan-saat-rumah-anggota-dpr-dijarah,"
Senin, 01 Sep 2025 14:41 WIB "
"Kapolda Babel-Forkopimda Salat Gaib untuk Affan, Ajak Masyarakat Jaga Kondusivitas",https://news.detik.com/berita/d-8090566/kapolda-babel-forkopimda-salat-gaib-untuk-affan-ajak-masyarakat-jaga-kondusivitas,"
Senin, 01 Sep 2025 14:32 WIB "
"Aksi Demo di DPRD Riau Berlangsung Damai, Mahasiswa dan Polisi Salaman",https://news.detik.com/melindungi-tuah-marwah/d-8090539/aksi-demo-di-dprd-riau-berlangsung-damai-mahasiswa-dan-polisi-salaman,"
Senin, 01 Sep 2025 14:19 WIB "
Pramono Pastikan Stok Pangan Jakarta Aman hingga Akhir Oktober 2025,https://news.detik.com/berita/d-8090512/pramono-pastikan-stok-pangan-jakarta-aman-hingga-akhir-oktober-2025,"
Senin, 01 Sep 2025 14:12 WIB "
Wakil Panglima TNI Jawab Isu Darurat Militer Buntut Kericuhan-Penjarahan,https://news.detik.com/berita/d-8090511/wakil-panglima-tni-jawab-isu-darurat-militer-buntut-kericuhan-penjarahan,"
Senin, 01 Sep 2025 14:11 WIB "
"Viral Dugem Saat Banyak Demo, Anggota DPRD Sumut Sebut Video Lama",https://news.detik.com/berita/d-8090468/viral-dugem-saat-banyak-demo-anggota-dprd-sumut-sebut-video-lama,"
Senin, 01 Sep 2025 13:57 WIB "
"Massa Mahasiswa Demo di DPRD NTT, Tuntut Tolak Kenaikan Tunjangan DPR",https://news.detik.com/berita/d-8090388/massa-mahasiswa-demo-di-dprd-ntt-tuntut-tolak-kenaikan-tunjangan-dpr,"
Senin, 01 Sep 2025 13:23 WIB "
Cerita Pekerja Jakarta Tetap Ngantor Saat Ada Imbauan WFH,https://news.detik.com/berita/d-8090338/cerita-pekerja-jakarta-tetap-ngantor-saat-ada-imbauan-wfh,"
Senin, 01 Sep 2025 13:02 WIB "
Penjelasan RS soal Kondisi Rheza Sendy Mahasiswa Amikom Sebelum Tewas,https://news.detik.com/berita/d-8090273/penjelasan-rs-soal-kondisi-rheza-sendy-mahasiswa-amikom-sebelum-tewas,"
Senin, 01 Sep 2025 12:23 WIB "
Polda dan Pemprov Banten Gelar Rakor Cegah Pelajar Ikut Aksi Anarkis,https://news.detik.com/berita/d-8090259/polda-dan-pemprov-banten-gelar-rakor-cegah-pelajar-ikut-aksi-anarkis,"
Senin, 01 Sep 2025 12:19 WIB "
Kakorlantas Bahas Rekayasa Lalin Saat Demo dan Rangkaian Hari Keselamatan LLAJ,https://news.detik.com/berita/d-8090257/kakorlantas-bahas-rekayasa-lalin-saat-demo-dan-rangkaian-hari-keselamatan-llaj,"
Senin, 01 Sep 2025 12:19 WIB "
5.369 Personel Gabungan Siaga Amankan Demo di Gedung DPR Hari Ini,https://news.detik.com/berita/d-8090253/5-369-personel-gabungan-siaga-amankan-demo-di-gedung-dpr-hari-ini,"
Senin, 01 Sep 2025 12:18 WIB "
"Pramono: 716 Orang Jadi Korban Unjuk Rasa, Biaya Ditanggung Pemprov",https://news.detik.com/berita/d-8090227/pramono-716-orang-jadi-korban-unjuk-rasa-biaya-ditanggung-pemprov,"
Senin, 01 Sep 2025 12:06 WIB "
Bedakan Demonstran dan Perusuh,https://news.detik.com/kolom/d-8090215/bedakan-demonstran-dan-perusuh,"
Senin, 01 Sep 2025 12:01 WIB "
Warga Demo Desak KPK Tetapkan Bupati Pati Sudewo Tersangka,https://news.detik.com/berita/d-8090165/warga-demo-desak-kpk-tetapkan-bupati-pati-sudewo-tersangka,"
Senin, 01 Sep 2025 11:34 WIB "
Polisi Sudah Kantongi Identitas Pembakar Gedung DPRD Makassar,https://news.detik.com/berita/d-8090114/polisi-sudah-kantongi-identitas-pembakar-gedung-dprd-makassar,"
Senin, 01 Sep 2025 11:15 WIB "
1.240 Orang dari Luar Jakarta Ditangkap Buntut Ricuh di Jakarta,https://news.detik.com/berita/d-8090113/1-240-orang-dari-luar-jakarta-ditangkap-buntut-ricuh-di-jakarta,"
Senin, 01 Sep 2025 11:14 WIB "
KSAD Sebut Situasi Jakarta Sudah Kondusif Pasca Kericuhan,https://news.detik.com/berita/d-8090044/ksad-sebut-situasi-jakarta-sudah-kondusif-pasca-kericuhan,"
Senin, 01 Sep 2025 10:48 WIB "
"Komisi I DPR Gelar Rapat Bareng Kemhan-TNI Hari Ini, Bahas Apa?",https://news.detik.com/berita/d-8089988/komisi-i-dpr-gelar-rapat-bareng-kemhan-tni-hari-ini-bahas-apa,"
Senin, 01 Sep 2025 10:19 WIB "
"Siswa Dekat Titik Demo Belajar Daring, Rano Karno: Mudah-mudahan Rabu Normal",https://news.detik.com/berita/d-8089944/siswa-dekat-titik-demo-belajar-daring-rano-karno-mudah-mudahan-rabu-normal,"
Senin, 01 Sep 2025 09:50 WIB "
"Tak Seperti Biasanya, KRL Bogor-Jakarta Kota Tiada Berdesakan Pagi Ini",https://news.detik.com/berita/d-8089929/tak-seperti-biasanya-krl-bogor-jakarta-kota-tiada-berdesakan-pagi-ini,"
Senin, 01 Sep 2025 09:42 WIB "
"Situasi di Depan DPR Pagi Ini, Lalin Dibuka-Pagar Jebol Diperbaiki",https://news.detik.com/berita/d-8089906/situasi-di-depan-dpr-pagi-ini-lalin-dibuka-pagar-jebol-diperbaiki,"
Senin, 01 Sep 2025 09:33 WIB "
"Tim RAGA hingga TNI Patroli Skala Besar, Riau Aman dan Kondusif",https://news.detik.com/melindungi-tuah-marwah/d-8089901/tim-raga-hingga-tni-patroli-skala-besar-riau-aman-dan-kondusif,"
Senin, 01 Sep 2025 09:29 WIB "
"Rano Ikut Bersih-bersih Halte Senen, Imbau Jangan Rusak Fasilitas Umum",https://news.detik.com/berita/d-8089843/rano-ikut-bersih-bersih-halte-senen-imbau-jangan-rusak-fasilitas-umum,"
Senin, 01 Sep 2025 08:52 WIB "
"Ada Imbauan WFH, Lalin di Tol dan Jalan Arteri Jakarta Lancar Pagi Ini",https://news.detik.com/berita/d-8089815/ada-imbauan-wfh-lalin-di-tol-dan-jalan-arteri-jakarta-lancar-pagi-ini,"
Senin, 01 Sep 2025 08:19 WIB "
"Depok Evaluasi Perwal Tunjangan Rumah Anggota DPRD, Demo Hari Rabu Batal",https://news.detik.com/berita/d-8089805/depok-evaluasi-perwal-tunjangan-rumah-anggota-dprd-demo-hari-rabu-batal,"
Senin, 01 Sep 2025 07:58 WIB "
Menanti Dialog DPR dengan Tokoh Masyarakat hingga Mahasiswa,https://news.detik.com/berita/d-8089598/menanti-dialog-dpr-dengan-tokoh-masyarakat-hingga-mahasiswa,"
Senin, 01 Sep 2025 07:58 WIB "
8 Poin Pernyataan Prabowo Bersama Ketum Parpol soal Demo,https://news.detik.com/berita/d-8089778/8-poin-pernyataan-prabowo-bersama-ketum-parpol-soal-demo,"
Senin, 01 Sep 2025 06:38 WIB "
Daftar Anggota DPR Dinonaktifkan Buntut Ucapan Sakiti Rakyat,https://news.detik.com/berita/d-8089773/daftar-anggota-dpr-dinonaktifkan-buntut-ucapan-sakiti-rakyat,"
Senin, 01 Sep 2025 06:01 WIB "
123 Orang Diamankan Terkait Kerusuhan-Kebakaran Gedung DPRD Kediri,https://news.detik.com/berita/d-8089756/123-orang-diamankan-terkait-kerusuhan-kebakaran-gedung-dprd-kediri,"
Senin, 01 Sep 2025 05:26 WIB "
Keluarga Ungkap Driver Ojol Tewas di Makassar Sempat Dituduh Intel,https://news.detik.com/berita/d-8089705/keluarga-ungkap-driver-ojol-tewas-di-makassar-sempat-dituduh-intel,"
Minggu, 31 Agu 2025 23:45 WIB "
Kapolda Banten Tak Akan Toleransi Pelaku Anarkis,https://news.detik.com/berita/d-8089612/kapolda-banten-tak-akan-toleransi-pelaku-anarkis,"
Minggu, 31 Agu 2025 21:16 WIB "
Mendikdasmen Rapat Bahas Belajar dari Rumah untuk Sekolah Dekat Lokasi Demo,https://news.detik.com/berita/d-8089555/mendikdasmen-rapat-bahas-belajar-dari-rumah-untuk-sekolah-dekat-lokasi-demo,"
Minggu, 31 Agu 2025 20:55 WIB "
"Kapolresta Bogor-Forkopimda Kumpul, Kompak Jaga Kondusivitas Bersama Masyarakat",https://news.detik.com/berita/d-8089543/kapolresta-bogor-forkopimda-kumpul-kompak-jaga-kondusivitas-bersama-masyarakat,"
Minggu, 31 Agu 2025 20:43 WIB "
Warga Senen Ragu Pembakar Halte Transjakarta dari Massa Demo Sebenarnya,https://news.detik.com/berita/d-8089161/warga-senen-ragu-pembakar-halte-transjakarta-dari-massa-demo-sebenarnya,"
Minggu, 31 Agu 2025 16:30 WIB "
"Prabowo: Tak Bisa Dipungkiri, Ada Gejala Mengarah Makar-Terorisme",https://news.detik.com/berita/d-8089119/prabowo-tak-bisa-dipungkiri-ada-gejala-mengarah-makar-terorisme,"
Minggu, 31 Agu 2025 15:58 WIB "
"Aksi Damai Bela Affan Kurniawan, Massa Tabur Bunga Depan Polres Dumai",https://news.detik.com/melindungi-tuah-marwah/d-8089061/aksi-damai-bela-affan-kurniawan-massa-tabur-bunga-depan-polres-dumai,"
Minggu, 31 Agu 2025 15:26 WIB "
"Sikap UI: Imbau Masyarakat Tenang Sampaikan Aspirasi, Cegah Penjarahan",https://news.detik.com/berita/d-8088974/sikap-ui-imbau-masyarakat-tenang-sampaikan-aspirasi-cegah-penjarahan,"
Minggu, 31 Agu 2025 14:18 WIB "
Pemprov DKI Bolehkan Siswa Sekolah Dekat Lokasi Demo Belajar dari Rumah,https://news.detik.com/berita/d-8088898/pemprov-dki-bolehkan-siswa-sekolah-dekat-lokasi-demo-belajar-dari-rumah,"
Minggu, 31 Agu 2025 13:19 WIB "
UGM Serukan Gerakan Damai di Tengah Situasi Ricuh,https://news.detik.com/berita/d-8088859/ugm-serukan-gerakan-damai-di-tengah-situasi-ricuh,"
Minggu, 31 Agu 2025 12:56 WIB "
"Pemprov DKI Imbau Perusahaan di Kawasan Demo Terapkan WFH, Sifatnya Tidak Wajib",https://news.detik.com/berita/d-8088851/pemprov-dki-imbau-perusahaan-di-kawasan-demo-terapkan-wfh-sifatnya-tidak-wajib,"
Minggu, 31 Agu 2025 12:42 WIB "
"Ojol Umar Amarudin Masih Dirawat di RS Pelni, Kondisinya Membaik",https://news.detik.com/berita/d-8088848/ojol-umar-amarudin-masih-dirawat-di-rs-pelni-kondisinya-membaik,"
Minggu, 31 Agu 2025 12:39 WIB "
"Puing-puing Halte Senen yang Hangus Terbakar Disingkirkan, Ini Penampakannya",https://news.detik.com/berita/d-8088800/puing-puing-halte-senen-yang-hangus-terbakar-disingkirkan-ini-penampakannya,"
Minggu, 31 Agu 2025 12:02 WIB "
Cerita Warga Jakarta Bersyukur CFD di Jl Sudirman Tetap Ada Pagi Ini,https://news.detik.com/berita/d-8088749/cerita-warga-jakarta-bersyukur-cfd-di-jl-sudirman-tetap-ada-pagi-ini,"
Minggu, 31 Agu 2025 11:19 WIB "
Polres Jajaran Polda Riau Gelar Salat Gaib dan Doa untuk Affan Kurniawan,https://news.detik.com/melindungi-tuah-marwah/d-8088739/polres-jajaran-polda-riau-gelar-salat-gaib-dan-doa-untuk-affan-kurniawan,"
Minggu, 31 Agu 2025 11:14 WIB "
Pasukan Oranye Bahu-membahu Bersihkan Sisa Ricuh di Jakarta,https://news.detik.com/berita/d-8088716/pasukan-oranye-bahu-membahu-bersihkan-sisa-ricuh-di-jakarta,"
Minggu, 31 Agu 2025 10:52 WIB "
"Suasana CFD Jakarta yang Tetap Diadakan Pagi Ini, Warga Aman Berolahraga",https://news.detik.com/berita/d-8088640/suasana-cfd-jakarta-yang-tetap-diadakan-pagi-ini-warga-aman-berolahraga,"
Minggu, 31 Agu 2025 10:08 WIB "
"Situasi Terkini Kawasan Sekitar Gedung DPR, Lalin Arah Slipi Masih Ditutup",https://news.detik.com/berita/d-8088605/situasi-terkini-kawasan-sekitar-gedung-dpr-lalin-arah-slipi-masih-ditutup,"
Minggu, 31 Agu 2025 09:38 WIB "
"Gerindra DKI Imbau Pendemo Tak Rusak Sarana-Prasarana, Dampaknya ke Warga",https://news.detik.com/berita/d-8088559/gerindra-dki-imbau-pendemo-tak-rusak-sarana-prasarana-dampaknya-ke-warga,"
Minggu, 31 Agu 2025 08:55 WIB "
"Cukup, Jangan Ada Lagi Korban di Tengah Ricuh",https://news.detik.com/berita/d-8088538/cukup-jangan-ada-lagi-korban-di-tengah-ricuh,"
Minggu, 31 Agu 2025 08:38 WIB "
"F-PKB Setuju Tunjangan Anggota DPR Dievaluasi, Tetap Tingkatkan Kinerja",https://news.detik.com/berita/d-8088511/f-pkb-setuju-tunjangan-anggota-dpr-dievaluasi-tetap-tingkatkan-kinerja,"
Minggu, 31 Agu 2025 07:47 WIB "
"3 Gerbang Tol Dalam Kota Ditutup Sementara Pagi Ini, Lalin Dialihkan",https://news.detik.com/berita/d-8088488/3-gerbang-tol-dalam-kota-ditutup-sementara-pagi-ini-lalin-dialihkan,"
Minggu, 31 Agu 2025 06:59 WIB "
"Kompolnas Imbau Semua Pihak Tahan Emosi, Hindari Kekerasan",https://news.detik.com/berita/d-8088470/kompolnas-imbau-semua-pihak-tahan-emosi-hindari-kekerasan,"
Minggu, 31 Agu 2025 05:31 WIB "
"Warga di Rumah Sahroni Bubar, Ini 3 Titik Massa di Jakarta Malam Ini",https://news.detik.com/berita/d-8088266/warga-di-rumah-sahroni-bubar-ini-3-titik-massa-di-jakarta-malam-ini,"
Sabtu, 30 Agu 2025 22:08 WIB "
Ibas Tegaskan F-Demokrat Siap Evaluasi Tunjangan Anggota DPR RI,https://news.detik.com/berita/d-8088166/ibas-tegaskan-f-demokrat-siap-evaluasi-tunjangan-anggota-dpr-ri,"
Sabtu, 30 Agu 2025 20:37 WIB "
Presiden Prabowo Undang 16 Ormas Keagamaan di Hambalang,https://news.detik.com/berita/d-8088108/presiden-prabowo-undang-16-ormas-keagamaan-di-hambalang,"
Sabtu, 30 Agu 2025 19:35 WIB "
"Berduka Meninggalnya Affan, Sesepuh Ponpes Buntet Minta Warga Tahan Diri",https://news.detik.com/berita/d-8088084/berduka-meninggalnya-affan-sesepuh-ponpes-buntet-minta-warga-tahan-diri,"
Sabtu, 30 Agu 2025 19:09 WIB "
"Wakili F-PDIP, Ketua Banggar DPR Setuju Tunjangan Rumah Disetop",https://news.detik.com/berita/d-8088000/wakili-f-pdip-ketua-banggar-dpr-setuju-tunjangan-rumah-disetop,"
Sabtu, 30 Agu 2025 18:01 WIB "
Stafsus Bantah Wapres Gibran Main Padel Saat Demo Besar di Jakarta,https://news.detik.com/berita/d-8087989/stafsus-bantah-wapres-gibran-main-padel-saat-demo-besar-di-jakarta,"
Sabtu, 30 Agu 2025 17:57 WIB "
"Khofifah Temui Masyarakat di Depan Grahadi, Dengar Aspirasi-Beri Sembako",https://news.detik.com/berita/d-8087988/khofifah-temui-masyarakat-di-depan-grahadi-dengar-aspirasi-beri-sembako,"
Sabtu, 30 Agu 2025 17:56 WIB "
Layanan MRT Hari Ini: Kereta Tidak Berhenti di Stasiun Istora Mandiri,https://news.detik.com/berita/d-8088133/layanan-mrt-hari-ini-kereta-tidak-berhenti-di-stasiun-istora-mandiri,"
Sabtu, 30 Agu 2025 17:53 WIB "
Pasukan Pelangi Dikerahkan Bersihkan Sisa Demo Ricuh di Jakarta,https://news.detik.com/berita/d-8087963/pasukan-pelangi-dikerahkan-bersihkan-sisa-demo-ricuh-di-jakarta,"
Sabtu, 30 Agu 2025 17:42 WIB "
Pramono Beberkan Alasan Tak Turun Temui Massa Saat Demo,https://news.detik.com/berita/d-8087934/pramono-beberkan-alasan-tak-turun-temui-massa-saat-demo,"
Sabtu, 30 Agu 2025 17:26 WIB "
Pramono Rasakan Gas Air Mata Menyengat Saat Tinjau Langsung Sudirman-Thamrin,https://news.detik.com/berita/d-8087894/pramono-rasakan-gas-air-mata-menyengat-saat-tinjau-langsung-sudirman-thamrin,"
Sabtu, 30 Agu 2025 16:54 WIB "
Pemprov DKI Segera Perbaiki Halte Transjakarta yang Terbakar,https://news.detik.com/berita/d-8087857/pemprov-dki-segera-perbaiki-halte-transjakarta-yang-terbakar,"
Sabtu, 30 Agu 2025 16:25 WIB "
"F-Golkar Siap Tunjangan Dievaluasi, tapi Minta Semua Anggota DPR Jaga Sikap",https://news.detik.com/berita/d-8087828/f-golkar-siap-tunjangan-dievaluasi-tapi-minta-semua-anggota-dpr-jaga-sikap,"
Sabtu, 30 Agu 2025 16:04 WIB "
Kapolri: Aksi di Beberapa Wilayah Cenderung Langgar Aturan Penyampaian Pendapat,https://news.detik.com/berita/d-8087822/kapolri-aksi-di-beberapa-wilayah-cenderung-langgar-aturan-penyampaian-pendapat,"
Sabtu, 30 Agu 2025 15:59 WIB "
"Panglima TNI: Sama-sama Ciptakan Rasa Aman dan Damai, Jangan Mudah Terprovokasi",https://news.detik.com/berita/d-8087820/panglima-tni-sama-sama-ciptakan-rasa-aman-dan-damai-jangan-mudah-terprovokasi,"
Sabtu, 30 Agu 2025 15:58 WIB "
"Panggil Panglima TNI & Kapolri, Prabowo Perintahkan Tindak Tegas Massa Anarkis",https://news.detik.com/berita/d-8087772/panggil-panglima-tni-kapolri-prabowo-perintahkan-tindak-tegas-massa-anarkis,"
Sabtu, 30 Agu 2025 15:40 WIB "
"F-Gerindra DPR Setuju Tunjangan Dievaluasi, Minta TNI-Polri Sinergi Kawal Demo",https://news.detik.com/berita/d-8087771/f-gerindra-dpr-setuju-tunjangan-dievaluasi-minta-tni-polri-sinergi-kawal-demo,"
Sabtu, 30 Agu 2025 15:40 WIB "
Peneliti CSIS soal Pemicu Demo: Rakyat Terimpit Vs Wakil Rakyat Arogan,https://news.detik.com/berita/d-8087749/peneliti-csis-soal-pemicu-demo-rakyat-terimpit-vs-wakil-rakyat-arogan,"
Sabtu, 30 Agu 2025 15:24 WIB "
Hendropriyono Wanti-wanti Demo yang Murni Disusupi,https://news.detik.com/berita/d-8087713/hendropriyono-wanti-wanti-demo-yang-murni-disusupi,"
Sabtu, 30 Agu 2025 15:10 WIB "
Ketum PAN Zulhas Berduka atas Tewasnya Driver Ojol Affan Kurniawan,https://news.detik.com/berita/d-8087647/ketum-pan-zulhas-berduka-atas-tewasnya-driver-ojol-affan-kurniawan,"
Sabtu, 30 Agu 2025 14:29 WIB "
"6 Halte Transjakarta Terbakar, 16 Lainnya Rusak Usai Demo Ricuh",https://news.detik.com/berita/d-8087631/6-halte-transjakarta-terbakar-16-lainnya-rusak-usai-demo-ricuh,"
Sabtu, 30 Agu 2025 14:26 WIB "
PKS Dukung Tunjangan Rumah Dinas Anggota DPR RI Ditiadakan,https://news.detik.com/berita/d-8087608/pks-dukung-tunjangan-rumah-dinas-anggota-dpr-ri-ditiadakan,"
Sabtu, 30 Agu 2025 14:09 WIB "
"7 GT Ditutup Gegara Terbakar, Jasa Marga Pastikan Segera Perbaiki",https://news.detik.com/berita/d-8087604/7-gt-ditutup-gegara-terbakar-jasa-marga-pastikan-segera-perbaiki,"
Sabtu, 30 Agu 2025 14:05 WIB "
"Pangkostrad Datangi Mako Brimob Kwitang, Sempat Diskusi dengan Massa",https://news.detik.com/berita/d-8087498/pangkostrad-datangi-mako-brimob-kwitang-sempat-diskusi-dengan-massa,"
Sabtu, 30 Agu 2025 13:18 WIB "
"Situasi Memanas Semalam di Makassar: Gedung DPRD Terbakar, 3 Orang Tewas",https://news.detik.com/berita/d-8087487/situasi-memanas-semalam-di-makassar-gedung-dprd-terbakar-3-orang-tewas,"
Sabtu, 30 Agu 2025 13:10 WIB "
"Lampu Lalu Lintas di Jalan Otista Rusak Imbas Ricuh, Pengendara Adu Klakson",https://news.detik.com/berita/d-8087484/lampu-lalu-lintas-di-jalan-otista-rusak-imbas-ricuh-pengendara-adu-klakson,"
Sabtu, 30 Agu 2025 13:06 WIB "
"Massa Bubar, Jalan di Sekitar Mako Brimob Kwitang Dibuka",https://news.detik.com/berita/d-8087411/massa-bubar-jalan-di-sekitar-mako-brimob-kwitang-dibuka,"
Sabtu, 30 Agu 2025 12:11 WIB "
RS Pelni: Kondisi Pengemudi Ojol Umar Amarudin Membaik,https://news.detik.com/berita/d-8087364/rs-pelni-kondisi-pengemudi-ojol-umar-amarudin-membaik,"
Sabtu, 30 Agu 2025 11:36 WIB "
Polda Jateng Bebaskan 45 Orang Terkait Demo Ricuh di Semarang,https://news.detik.com/berita/d-8087346/polda-jateng-bebaskan-45-orang-terkait-demo-ricuh-di-semarang,"
Sabtu, 30 Agu 2025 11:24 WIB "
Suasana Kawasan DPR Usai Demo Ricuh: Tembok Dicoret-Pagar Rusak,https://news.detik.com/berita/d-8087265/suasana-kawasan-dpr-usai-demo-ricuh-tembok-dicoret-pagar-rusak,"
Sabtu, 30 Agu 2025 10:38 WIB "
Potret Aksi Damai Ojol dan Mahasiswa Bela Affan di Polda Riau,https://news.detik.com/melindungi-tuah-marwah/d-8087251/potret-aksi-damai-ojol-dan-mahasiswa-bela-affan-di-polda-riau,"
Sabtu, 30 Agu 2025 10:28 WIB "
Jasa Marga: 7 Gerbang Tol Terbakar dan Sejumlah Fasilitas Rusak Imbas Demo,https://news.detik.com/berita/d-8087230/jasa-marga-7-gerbang-tol-terbakar-dan-sejumlah-fasilitas-rusak-imbas-demo,"
Sabtu, 30 Agu 2025 10:15 WIB "
"Soroti Kasus Affan, PRIMA Harap Pemimpin Pahami Suasana Kebatinan Rakyat",https://news.detik.com/berita/d-8087172/soroti-kasus-affan-prima-harap-pemimpin-pahami-suasana-kebatinan-rakyat,"
Sabtu, 30 Agu 2025 09:43 WIB "
Situasi Terkini di Sekitar Mako Brimob Kwitang: Petasan Meledak-Halte Terbakar,https://news.detik.com/berita/d-8087095/situasi-terkini-di-sekitar-mako-brimob-kwitang-petasan-meledak-halte-terbakar,"
Sabtu, 30 Agu 2025 08:59 WIB "
"Tol Dalam Kota Masih Ditutup Pagi Ini, Pengendara Diimbau Cari Jalur Alternatif",https://news.detik.com/berita/d-8087090/tol-dalam-kota-masih-ditutup-pagi-ini-pengendara-diimbau-cari-jalur-alternatif,"
Sabtu, 30 Agu 2025 08:54 WIB "
Hal-hal yang Terjadi Saat Demo Bela Affan Kurniawan Berlanjut hingga Malam,https://news.detik.com/berita/d-8087051/hal-hal-yang-terjadi-saat-demo-bela-affan-kurniawan-berlanjut-hingga-malam,"
Sabtu, 30 Agu 2025 08:02 WIB "
"Buntut Demo Ricuh, Satu Anggota Brimob Alami Pendarahan Dirawat di RS Polri",https://news.detik.com/berita/d-8087037/buntut-demo-ricuh-satu-anggota-brimob-alami-pendarahan-dirawat-di-rs-polri,"
Sabtu, 30 Agu 2025 07:46 WIB "
5 Poin Pernyataan Prabowo Sikapi Affan Kurniawan Dilindas Rantis Brimob,https://news.detik.com/berita/d-8086978/5-poin-pernyataan-prabowo-sikapi-affan-kurniawan-dilindas-rantis-brimob,"
Sabtu, 30 Agu 2025 06:15 WIB "
"Tol Dalam Kota Masih Ditutup Pagi Ini, Cari Jalan Alternatif",https://news.detik.com/berita/d-8086959/tol-dalam-kota-masih-ditutup-pagi-ini-cari-jalan-alternatif,"
Sabtu, 30 Agu 2025 05:33 WIB "
"Situasi Jakarta Tengah Malam Ini: Massa di Polda-DPR Bertahan, Kwitang Bubar",https://news.detik.com/berita/d-8086899/situasi-jakarta-tengah-malam-ini-massa-di-polda-dpr-bertahan-kwitang-bubar,"
Sabtu, 30 Agu 2025 00:37 WIB "
MRT Jakarta Setop Operasional Lebih Awal: Ada Vandalisme Rusak Stasiun,https://news.detik.com/berita/d-8086838/mrt-jakarta-setop-operasional-lebih-awal-ada-vandalisme-rusak-stasiun,"
Sabtu, 30 Agu 2025 00:06 WIB "
Situasi Terkini Demo di DPR: Massa Masuk Tol Dalam Kota-Barrier Terbakar,https://news.detik.com/berita/d-8086833/situasi-terkini-demo-di-dpr-massa-masuk-tol-dalam-kota-barrier-terbakar,"
Jumat, 29 Agu 2025 23:53 WIB "
MUI Ajak Warga Hentikan Demo yang Anarkis dan Timbulkan Kerusakan,https://news.detik.com/berita/d-8086805/mui-ajak-warga-hentikan-demo-yang-anarkis-dan-timbulkan-kerusakan,"
Jumat, 29 Agu 2025 23:28 WIB "
Massa Demo Mulai Bubarkan Diri dari Markas Brimob Kwitang,https://news.detik.com/berita/d-8086781/massa-demo-mulai-bubarkan-diri-dari-markas-brimob-kwitang,"
Jumat, 29 Agu 2025 23:17 WIB "
"LAM Riau Dukung Kapolri Usut Tragedi Ojol, Imbau Warga Tak Terprovokasi",https://news.detik.com/melindungi-tuah-marwah/d-8086766/lam-riau-dukung-kapolri-usut-tragedi-ojol-imbau-warga-tak-terprovokasi,"
Jumat, 29 Agu 2025 23:12 WIB "
Ibunda Affan Ojol Menangis Dipeluk Prabowo: Anak Saya Nggak Ada...,https://news.detik.com/berita/d-8086755/ibunda-affan-ojol-menangis-dipeluk-prabowo-anak-saya-nggak-ada,"
Jumat, 29 Agu 2025 23:01 WIB "
"Jakarta Malam Ini: Halte dan Gerbang Tol Dibakar, Sebagian Transum Disetop",https://news.detik.com/berita/d-8086751/jakarta-malam-ini-halte-dan-gerbang-tol-dibakar-sebagian-transum-disetop,"
Jumat, 29 Agu 2025 22:57 WIB "
"Imbas Demo, Layanan MRT Stasiun Bundaran HI hingga ASEAN Disetop Malam Ini",https://news.detik.com/berita/d-8086733/imbas-demo-layanan-mrt-stasiun-bundaran-hi-hingga-asean-disetop-malam-ini,"
Jumat, 29 Agu 2025 22:45 WIB "
Seluruh Layanan TransJakarta Disetop Sementara Malam Ini,https://news.detik.com/berita/d-8086709/seluruh-layanan-transjakarta-disetop-sementara-malam-ini,"
Jumat, 29 Agu 2025 22:32 WIB "
"Massa Demo di DPR Memanas, Gerbang Tol Pejompongan Dibakar",https://news.detik.com/berita/d-8086696/massa-demo-di-dpr-memanas-gerbang-tol-pejompongan-dibakar,"
Jumat, 29 Agu 2025 22:22 WIB "
Jokowi Berdukacita Ojol Affan Kurniawan Tewas Dilindas Rantis,https://news.detik.com/berita/d-8086688/jokowi-berdukacita-ojol-affan-kurniawan-tewas-dilindas-rantis,"
Jumat, 29 Agu 2025 22:16 WIB "
"Kisah Affan Kurniawan: Bayari Adik Sekolah, Mau Bangun Rumah di Kampung",https://news.detik.com/berita/d-8086676/kisah-affan-kurniawan-bayari-adik-sekolah-mau-bangun-rumah-di-kampung,"
Jumat, 29 Agu 2025 22:02 WIB "
"Massa Demo di Mabes Polri Bubar, Jalan Trunojoyo Kembali Normal",https://news.detik.com/berita/d-8086675/massa-demo-di-mabes-polri-bubar-jalan-trunojoyo-kembali-normal,"
Jumat, 29 Agu 2025 22:02 WIB "
"Situasi Panas Demo di Polda Metro: Petasan Meledak, Gas Air Mata Dilepas",https://news.detik.com/berita/d-8086668/situasi-panas-demo-di-polda-metro-petasan-meledak-gas-air-mata-dilepas,"
Jumat, 29 Agu 2025 21:49 WIB "
"Aksi Demo Berujung Damai, Massa Ojol Salat Gaib Bareng Polres Bogor untuk Affan",https://news.detik.com/berita/d-8086667/aksi-demo-berujung-damai-massa-ojol-salat-gaib-bareng-polres-bogor-untuk-affan,"
Jumat, 29 Agu 2025 21:49 WIB "
Daftar Titik Jalan yang Masih Ditutup Malam Ini Imbas Demo 29 Agustus,https://news.detik.com/berita/d-8086661/daftar-titik-jalan-yang-masih-ditutup-malam-ini-imbas-demo-29-agustus,"
Jumat, 29 Agu 2025 21:43 WIB "
Massa Demo Bakar Halte TransJakarta Depan Polda Metro Jaya!,https://news.detik.com/berita/d-8086646/massa-demo-bakar-halte-transjakarta-depan-polda-metro-jaya,"
Jumat, 29 Agu 2025 21:29 WIB "
"Massa Jebol Pagar DPRD Makassar, Bakar Mobil-Motor di Parkiran",https://news.detik.com/berita/d-8086643/massa-jebol-pagar-dprd-makassar-bakar-mobil-motor-di-parkiran,"
Jumat, 29 Agu 2025 21:28 WIB "
"Demo di DPR Makin Panas, Gas Air Mata Dibalas Petasan oleh Massa",https://news.detik.com/berita/d-8086633/demo-di-dpr-makin-panas-gas-air-mata-dibalas-petasan-oleh-massa,"
Jumat, 29 Agu 2025 21:19 WIB "
KPID Jakarta Bantah Keluarkan Surat Edaran soal Siaran Demo: Tidak Benar,https://news.detik.com/berita/d-8086602/kpid-jakarta-bantah-keluarkan-surat-edaran-soal-siaran-demo-tidak-benar,"
Jumat, 29 Agu 2025 20:48 WIB "
Yang Hilang di 29 Agustus: HUT DPR RI,https://news.detik.com/berita/d-8086589/yang-hilang-di-29-agustus-hut-dpr-ri,"
Jumat, 29 Agu 2025 20:40 WIB "
"Situasi Masih Panas di DPR, Massa Sempat Coba Gerinda Pagar Gerbang Utama",https://news.detik.com/berita/d-8086588/situasi-masih-panas-di-dpr-massa-sempat-coba-gerinda-pagar-gerbang-utama,"
Jumat, 29 Agu 2025 20:39 WIB "
Ayah Affan ke Ojol-Mahasiswa: Percayakan Proses Hukum ke Kepolisian,https://news.detik.com/berita/d-8086586/ayah-affan-ke-ojol-mahasiswa-percayakan-proses-hukum-ke-kepolisian,"
Jumat, 29 Agu 2025 20:38 WIB "
"Massa Tutup Jalan Otista Arah Kampung Melayu Jaktim, Pengendara Putar Balik",https://news.detik.com/berita/d-8086583/massa-tutup-jalan-otista-arah-kampung-melayu-jaktim-pengendara-putar-balik,"
Jumat, 29 Agu 2025 20:36 WIB "
31 Polisi Terluka Akibat Ricuh Demo Dirawat di RS Polri,https://news.detik.com/berita/d-8086562/31-polisi-terluka-akibat-ricuh-demo-dirawat-di-rs-polri,"
Jumat, 29 Agu 2025 20:31 WIB "
"Demokrat Sampaikan Duka, Dukung Investigasi Penuh Kasus Affan Kurniawan",https://news.detik.com/berita/d-8086561/demokrat-sampaikan-duka-dukung-investigasi-penuh-kasus-affan-kurniawan,"
Jumat, 29 Agu 2025 20:29 WIB "
BNPB Pastikan Tak Ada Modifikasi Cuaca Turunkan Hujan untuk Bubarkan Demo,https://news.detik.com/berita/d-8086556/bnpb-pastikan-tak-ada-modifikasi-cuaca-turunkan-hujan-untuk-bubarkan-demo,"
Jumat, 29 Agu 2025 20:26 WIB "
"Masih Bertahan, Massa Demo Jebol Pagar Besi Samping Gedung DPR",https://news.detik.com/berita/d-8086555/masih-bertahan-massa-demo-jebol-pagar-besi-samping-gedung-dpr,"
Jumat, 29 Agu 2025 20:23 WIB "
Stasiun MRT yang Ditutup Sementara Bertambah Malam Ini,https://news.detik.com/berita/d-8086542/stasiun-mrt-yang-ditutup-sementara-bertambah-malam-ini,"
Jumat, 29 Agu 2025 20:17 WIB "
"Demo di Jalan Otista Jaktim Masih Berlangsung, Para PKL Balik Kanan",https://news.detik.com/berita/d-8086537/demo-di-jalan-otista-jaktim-masih-berlangsung-para-pkl-balik-kanan,"
Jumat, 29 Agu 2025 20:15 WIB "
Polda Riau dan Jajaran Gelar Salat Gaib untuk Affan Kurniawan,https://news.detik.com/melindungi-tuah-marwah/d-8086534/polda-riau-dan-jajaran-gelar-salat-gaib-untuk-affan-kurniawan,"
Jumat, 29 Agu 2025 20:15 WIB "
Polisi dan Massa Ojol di Lebak Banten Doa Bersama untuk Affan Kurniawan,https://news.detik.com/berita/d-8086517/polisi-dan-massa-ojol-di-lebak-banten-doa-bersama-untuk-affan-kurniawan,"
Jumat, 29 Agu 2025 20:04 WIB "
Pakar Nilai Pernyataan Prabowo soal Ojol Dilindas Rantis Sudah Komprehensif,https://news.detik.com/berita/d-8086515/pakar-nilai-pernyataan-prabowo-soal-ojol-dilindas-rantis-sudah-komprehensif,"
Jumat, 29 Agu 2025 20:03 WIB "
Waka Komisi III DPR Dukung Kapolri Usut 7 Brimob Lindas Ojol,https://news.detik.com/berita/d-8086514/waka-komisi-iii-dpr-dukung-kapolri-usut-7-brimob-lindas-ojol,"
Jumat, 29 Agu 2025 20:02 WIB "
"Situasi Terkini Demo Warga di Otista Jaktim, Ban Dibakar-Petasan Meletus",https://news.detik.com/berita/d-8086510/situasi-terkini-demo-warga-di-otista-jaktim-ban-dibakar-petasan-meletus,"
Jumat, 29 Agu 2025 20:01 WIB "
"Polresta Bogor Gelar Doa Bersama untuk Affan Bareng Ojol, Brimob dan Kodim 0606",https://news.detik.com/berita/d-8086491/polresta-bogor-gelar-doa-bersama-untuk-affan-bareng-ojol-brimob-dan-kodim-0606,"
Jumat, 29 Agu 2025 19:57 WIB "
Titik Demo Bela Affan Kurniawan di Jakarta,https://news.detik.com/infografis/d-8086476/titik-demo-bela-affan-kurniawan-di-jakarta,"
Jumat, 29 Agu 2025 19:53 WIB "
"Brimob Bergerak Sisir Kwitang, Demonstran Berhamburan",https://news.detik.com/berita/d-8086463/brimob-bergerak-sisir-kwitang-demonstran-berhamburan,"
Jumat, 29 Agu 2025 19:42 WIB "
"Viral Video 'Demo Rusuh Masuk Mal' di Kelapa Gading, Polisi Pastikan Hoax",https://news.detik.com/berita/d-8086462/viral-video-demo-rusuh-masuk-mal-di-kelapa-gading-polisi-pastikan-hoax,"
Jumat, 29 Agu 2025 19:41 WIB "
Daftar Titik Demo di Jakarta Malam Ini: Polda Metro Hingga Kwitang Ricuh,https://news.detik.com/berita/d-8086458/daftar-titik-demo-di-jakarta-malam-ini-polda-metro-hingga-kwitang-ricuh,"
Jumat, 29 Agu 2025 19:37 WIB "
Massa Demo Polda Metro Bergeser dari Jalan Sudirman ke Gatsu,https://news.detik.com/berita/d-8086448/massa-demo-polda-metro-bergeser-dari-jalan-sudirman-ke-gatsu,"
Jumat, 29 Agu 2025 19:33 WIB "
Pengasuh Ponpes Sunan Drajat Ajak Warga Jadi Peneduh: Jaga Persaudaraan,https://news.detik.com/berita/d-8086446/pengasuh-ponpes-sunan-drajat-ajak-warga-jadi-peneduh-jaga-persaudaraan,"
Jumat, 29 Agu 2025 19:30 WIB "
"Situasi di Polda Metro Jaya Memanas, Polisi Imbau Pendemo Pulang",https://news.detik.com/berita/d-8086411/situasi-di-polda-metro-jaya-memanas-polisi-imbau-pendemo-pulang,"
Jumat, 29 Agu 2025 19:12 WIB "
Massa Demo Bakar Pospol Depan Polda Metro Jaya,https://news.detik.com/berita/d-8086394/massa-demo-bakar-pospol-depan-polda-metro-jaya,"
Jumat, 29 Agu 2025 19:09 WIB "
"Demo di Polda Metro Makin Panas, Molotov Meletus-Gas Air Mata Dilepas",https://news.detik.com/berita/d-8086393/demo-di-polda-metro-makin-panas-molotov-meletus-gas-air-mata-dilepas,"
Jumat, 29 Agu 2025 19:08 WIB "
"Massa Bakar Ban Lagi di Jalan Otista Jaktim, Lalin ke Kampung Melayu Macet",https://news.detik.com/berita/d-8086379/massa-bakar-ban-lagi-di-jalan-otista-jaktim-lalin-ke-kampung-melayu-macet,"
Jumat, 29 Agu 2025 19:01 WIB "
Gerbang Depan Brimob Kwitang Terbakar di Tengah Demo,https://news.detik.com/berita/d-8086362/gerbang-depan-brimob-kwitang-terbakar-di-tengah-demo,"
Jumat, 29 Agu 2025 18:52 WIB "
"Demo di Polda Metro Ricuh, Batu Beterbangan-Petasan Meletus",https://news.detik.com/berita/d-8086361/demo-di-polda-metro-ricuh-batu-beterbangan-petasan-meletus,"
Jumat, 29 Agu 2025 18:51 WIB "
"Hujan Deras, Massa Demo yang Sempat Jebol Gerbang Utama DPR Keluar",https://news.detik.com/berita/d-8086359/hujan-deras-massa-demo-yang-sempat-jebol-gerbang-utama-dpr-keluar,"
Jumat, 29 Agu 2025 18:48 WIB "
"Hujan Deras, Massa Bela Ojol Tewas Dilindas Rantis Bertahan di Polda Metro",https://news.detik.com/berita/d-8086303/hujan-deras-massa-bela-ojol-tewas-dilindas-rantis-bertahan-di-polda-metro,"
Jumat, 29 Agu 2025 18:21 WIB "
"Respons Situasi Terkini, Kiai Anwar Iskandar Ajak Tetap Tenang-Tak Terprovokasi",https://news.detik.com/berita/d-8086298/respons-situasi-terkini-kiai-anwar-iskandar-ajak-tetap-tenang-tak-terprovokasi,"
Jumat, 29 Agu 2025 18:12 WIB "
"9 Gerbang Tol Dalam Kota Ditutup Imbas Demo, Lalin Dialihkan",https://news.detik.com/berita/d-8086281/9-gerbang-tol-dalam-kota-ditutup-imbas-demo-lalin-dialihkan,"
Jumat, 29 Agu 2025 18:03 WIB "
5 Berita Terpopuler Internasional Hari Ini,https://news.detik.com/internasional/d-8086270/5-berita-terpopuler-internasional-hari-ini,"
Jumat, 29 Agu 2025 17:57 WIB "
"Demo di Depan DPRD Jabar, Motor hingga Rumah Terbakar",https://news.detik.com/berita/d-8086265/demo-di-depan-dprd-jabar-motor-hingga-rumah-terbakar,"
Jumat, 29 Agu 2025 17:55 WIB "
Titik-titik Jalan di Jakarta yang Ditutup Imbas Demo 29 Agustus Sore Ini,https://news.detik.com/berita/d-8086261/titik-titik-jalan-di-jakarta-yang-ditutup-imbas-demo-29-agustus-sore-ini,"
Jumat, 29 Agu 2025 17:51 WIB "
"Kapolda Riau Temui Massa Ojol dan Mahasiswa, Demo Berlangsung Damai",https://news.detik.com/melindungi-tuah-marwah/d-8086228/kapolda-riau-temui-massa-ojol-dan-mahasiswa-demo-berlangsung-damai,"
Jumat, 29 Agu 2025 17:38 WIB "
Daftar Rute TransJ Terdampak Demo di Polda Metro Jaya Sore Ini,https://news.detik.com/berita/d-8086208/daftar-rute-transj-terdampak-demo-di-polda-metro-jaya-sore-ini,"
Jumat, 29 Agu 2025 17:34 WIB "
Massa Demo Bakar Barier dan Pagar di Polda Metro Jaya,https://news.detik.com/berita/d-8086206/massa-demo-bakar-barier-dan-pagar-di-polda-metro-jaya,"
Jumat, 29 Agu 2025 17:34 WIB "
"Demo Depan Polda Metro, Jalan Gatot Subroto Arah Slipi Ditutup",https://news.detik.com/berita/d-8086187/demo-depan-polda-metro-jalan-gatot-subroto-arah-slipi-ditutup,"
Jumat, 29 Agu 2025 17:26 WIB "
Massa Demo Jebol Pagar Gerbang Utama DPR RI,https://news.detik.com/berita/d-8086185/massa-demo-jebol-pagar-gerbang-utama-dpr-ri,"
Jumat, 29 Agu 2025 17:26 WIB "
"Temui Massa, Kapolda Metro Janji Usut Tuntas Affan Tewas Dilindas Rantis",https://news.detik.com/berita/d-8086180/temui-massa-kapolda-metro-janji-usut-tuntas-affan-tewas-dilindas-rantis,"
Jumat, 29 Agu 2025 17:22 WIB "
"Sempat Bakar-bakar Ban, Massa Bela Ojol Diterima Polresta Bogor",https://news.detik.com/berita/d-8086176/sempat-bakar-bakar-ban-massa-bela-ojol-diterima-polresta-bogor,"
Jumat, 29 Agu 2025 17:20 WIB "
Tol Dalam Kota Ditutup Sementara Imbas Demo di DPR,https://news.detik.com/berita/d-8086157/tol-dalam-kota-ditutup-sementara-imbas-demo-di-dpr,"
Jumat, 29 Agu 2025 17:12 WIB "
"Mobil Terbakar di Demo Markas Brimob Kwitang, Asap Hitam Membubung",https://news.detik.com/berita/d-8086154/mobil-terbakar-di-demo-markas-brimob-kwitang-asap-hitam-membubung,"
Jumat, 29 Agu 2025 17:12 WIB "
Info Terkini MRT Jakarta Saat Demo 29 Agustus Sore Ini,https://news.detik.com/berita/d-8086131/info-terkini-mrt-jakarta-saat-demo-29-agustus-sore-ini,"
Jumat, 29 Agu 2025 17:02 WIB "
Kapolda Temui Massa Bela Affan Kurniawan yang Demo di Polda Metro,https://news.detik.com/berita/d-8086121/kapolda-temui-massa-bela-affan-kurniawan-yang-demo-di-polda-metro,"
Jumat, 29 Agu 2025 16:58 WIB "
Situasi Terkini di Jalan Sudirman Depan Polda Metro Jaya Dipenuhi Mahasiswa,https://news.detik.com/berita/d-8086118/situasi-terkini-di-jalan-sudirman-depan-polda-metro-jaya-dipenuhi-mahasiswa,"
Jumat, 29 Agu 2025 16:57 WIB "
Emak-emak Ikut Demo Bela Affan di Polda Metro: Tak Terima Anak Kami Dibunuh,https://news.detik.com/berita/d-8086072/emak-emak-ikut-demo-bela-affan-di-polda-metro-tak-terima-anak-kami-dibunuh,"
Jumat, 29 Agu 2025 16:48 WIB "
Mahasiswa UI Tiba di Polda Metro Bela Affan Ojol Tewas Dilindas Rantis,https://news.detik.com/berita/d-8086035/mahasiswa-ui-tiba-di-polda-metro-bela-affan-ojol-tewas-dilindas-rantis,"
Jumat, 29 Agu 2025 16:33 WIB "
BEM UI Long March dari FX Sudirman ke Polda Metro Jaya,https://news.detik.com/berita/d-8085990/bem-ui-long-march-dari-fx-sudirman-ke-polda-metro-jaya,"
Jumat, 29 Agu 2025 16:26 WIB "
Dankorbrimob Minta Maaf dan Berduka atas Meninggalnya Affan Kurniawan,https://news.detik.com/berita/d-8085988/dankorbrimob-minta-maaf-dan-berduka-atas-meninggalnya-affan-kurniawan,"
Jumat, 29 Agu 2025 16:25 WIB "
"Wakapolda Metro Temui Massa BEM SI, Janji Usut Tuntas Kematian Affan Ojol",https://news.detik.com/berita/d-8085986/wakapolda-metro-temui-massa-bem-si-janji-usut-tuntas-kematian-affan-ojol,"
Jumat, 29 Agu 2025 16:25 WIB "
"GPII Serukan Jaga Kedamaian, Imbau Demo Digelar Tertib dan Kondusif",https://news.detik.com/berita/d-8085954/gpii-serukan-jaga-kedamaian-imbau-demo-digelar-tertib-dan-kondusif,"
Jumat, 29 Agu 2025 16:13 WIB "
Stasiun MRT Istora Tutup Sementara Imbas Demo di Polda Metro,https://news.detik.com/berita/d-8085939/stasiun-mrt-istora-tutup-sementara-imbas-demo-di-polda-metro,"
Jumat, 29 Agu 2025 16:10 WIB "
"Naik Mikrolet, BEM UI Tiba di Sudirman Gabung Demo Polda Metro",https://news.detik.com/berita/d-8085917/naik-mikrolet-bem-ui-tiba-di-sudirman-gabung-demo-polda-metro,"
Jumat, 29 Agu 2025 16:09 WIB "
Massa Juga Gelar Aksi Solidaritas untuk Ojol Affan Kurniawan di Surabaya,https://news.detik.com/berita/d-8085916/massa-juga-gelar-aksi-solidaritas-untuk-ojol-affan-kurniawan-di-surabaya,"
Jumat, 29 Agu 2025 16:08 WIB "
"Massa Bela Affan Masuk ke Polda Metro, Minta Bertemu Kapolda Metro",https://news.detik.com/berita/d-8085912/massa-bela-affan-masuk-ke-polda-metro-minta-bertemu-kapolda-metro,"
Jumat, 29 Agu 2025 16:08 WIB "
Jalan Gatot Subroto Tersendat Imbas Demo Mahasiswa di Polda Metro Jaya,https://news.detik.com/berita/d-8085909/jalan-gatot-subroto-tersendat-imbas-demo-mahasiswa-di-polda-metro-jaya,"
Jumat, 29 Agu 2025 16:07 WIB "
"Situasi Demo 29 Agustus Terkini di Kwitang, Polda Metro dan Depan DPR",https://news.detik.com/berita/d-8085906/situasi-demo-29-agustus-terkini-di-kwitang-polda-metro-dan-depan-dpr,"
Jumat, 29 Agu 2025 16:06 WIB "
"Setengah Jalan Diblokade Massa Demo Polda Metro, Lalin Jalan Sudirman Macet",https://news.detik.com/berita/d-8085891/setengah-jalan-diblokade-massa-demo-polda-metro-lalin-jalan-sudirman-macet,"
Jumat, 29 Agu 2025 16:01 WIB "
"Masih Panas, Massa Demo Mako Brimob Kwitang Didorong hingga Halte TransJ",https://news.detik.com/berita/d-8085878/masih-panas-massa-demo-mako-brimob-kwitang-didorong-hingga-halte-transj,"
Jumat, 29 Agu 2025 15:58 WIB "
"Polres Pelabuhan Tanjung Priok Salat Gaib, Doakan Driver Ojol Affan Kurniawan",https://news.detik.com/berita/d-8085856/polres-pelabuhan-tanjung-priok-salat-gaib-doakan-driver-ojol-affan-kurniawan,"
Jumat, 29 Agu 2025 15:51 WIB "
Demo Bela Ojol Tewas Dilindas Rantis Brimob di Polda Metro Langsung Memanas,https://news.detik.com/berita/d-8085847/demo-bela-ojol-tewas-dilindas-rantis-brimob-di-polda-metro-langsung-memanas,"
Jumat, 29 Agu 2025 15:46 WIB "
"Yusuf Martak Minta Polisi Tak Represif Tangani Demo, Serukan Warga Rasional",https://news.detik.com/berita/d-8085844/yusuf-martak-minta-polisi-tak-represif-tangani-demo-serukan-warga-rasional,"
Jumat, 29 Agu 2025 15:45 WIB "
"Massa Bela Affan Kurniawan Demo di Polda Metro, Akses MRT-Lalin SCBD Ditutup",https://news.detik.com/berita/d-8085842/massa-bela-affan-kurniawan-demo-di-polda-metro-akses-mrt-lalin-scbd-ditutup,"
Jumat, 29 Agu 2025 15:44 WIB "
Mobil Polisi Dirusak Saat Demo di Polda Metro,https://news.detik.com/berita/d-8085837/mobil-polisi-dirusak-saat-demo-di-polda-metro,"
Jumat, 29 Agu 2025 15:44 WIB "
"Massa Padati Jalan Depan DPR Sore Ini, Lalin ke Slipi Tersendat",https://news.detik.com/berita/d-8085816/massa-padati-jalan-depan-dpr-sore-ini-lalin-ke-slipi-tersendat,"
Jumat, 29 Agu 2025 15:41 WIB "
"Ojol Juga Demo di Markas Brimob Solo, Gerbang Roboh",https://news.detik.com/berita/d-8085817/ojol-juga-demo-di-markas-brimob-solo-gerbang-roboh,"
Jumat, 29 Agu 2025 15:41 WIB "
Rektor UI Beri Arahan Mahasiswa Jelang Demo: Jangan Tercerai-berai,https://news.detik.com/berita/d-8085800/rektor-ui-beri-arahan-mahasiswa-jelang-demo-jangan-tercerai-berai,"
Jumat, 29 Agu 2025 15:36 WIB "
Emak-emak Galang Dana Ratusan Juta Bantu Logistik Massa Demo di PMJ,https://news.detik.com/berita/d-8085779/emak-emak-galang-dana-ratusan-juta-bantu-logistik-massa-demo-di-pmj,"
Jumat, 29 Agu 2025 15:29 WIB "
Titik Unit Ambulans di Sejumlah Lokasi Demo Jakarta 29 Agustus 2025,https://news.detik.com/berita/d-8085752/titik-unit-ambulans-di-sejumlah-lokasi-demo-jakarta-29-agustus-2025,"
Jumat, 29 Agu 2025 15:18 WIB "
Mabes Polri Salat Gaib Doakan Pengemudi Ojol Affan Kurniawan,https://news.detik.com/berita/d-8085748/mabes-polri-salat-gaib-doakan-pengemudi-ojol-affan-kurniawan,"
Jumat, 29 Agu 2025 15:16 WIB "
Saudara Kembar Ungkap Kondisi Luka Ojol Umar Amarudin Korban Demo Ricuh,https://news.detik.com/berita/d-8085741/saudara-kembar-ungkap-kondisi-luka-ojol-umar-amarudin-korban-demo-ricuh,"
Jumat, 29 Agu 2025 15:15 WIB "
"Demo di Mako Brimob Kwitang Memanas, Saling Balas Petasan dan Gas Air Mata",https://news.detik.com/berita/d-8085739/demo-di-mako-brimob-kwitang-memanas-saling-balas-petasan-dan-gas-air-mata,"
Jumat, 29 Agu 2025 15:12 WIB "
BEM UI Mengheningkan Cipta untuk Affan yang Tewas Dilindas Rantis Brimob,https://news.detik.com/berita/d-8085738/bem-ui-mengheningkan-cipta-untuk-affan-yang-tewas-dilindas-rantis-brimob,"
Jumat, 29 Agu 2025 15:12 WIB "
"Titik Demo 29 Agustus 2025 di Jakarta, Ini Lokasinya",https://news.detik.com/berita/d-8085687/titik-demo-29-agustus-2025-di-jakarta-ini-lokasinya,"
Jumat, 29 Agu 2025 14:54 WIB "
"Komnas HAM Kecam Kasus Tewasnya Affan Ojol, Beri Atensi Sangat Serius",https://news.detik.com/berita/d-8085674/komnas-ham-kecam-kasus-tewasnya-affan-ojol-beri-atensi-sangat-serius,"
Jumat, 29 Agu 2025 14:47 WIB "
Pemprov Jakarta Tegaskan Tak Akan Cabut KJP Siswa Ikut Aksi Demo,https://news.detik.com/berita/d-8085653/pemprov-jakarta-tegaskan-tak-akan-cabut-kjp-siswa-ikut-aksi-demo,"
Jumat, 29 Agu 2025 14:38 WIB "
"Sikapi Situasi Terkini, Persis Ajak Semua Elemen Kedepankan Kemaslahatan Bangsa",https://news.detik.com/berita/d-8085635/sikapi-situasi-terkini-persis-ajak-semua-elemen-kedepankan-kemaslahatan-bangsa,"
Jumat, 29 Agu 2025 14:29 WIB "
7 Anggota Brimob Dalam Rantis yang Lindas Ojol Diperiksa di Mabes Polri,https://news.detik.com/berita/d-8085622/7-anggota-brimob-dalam-rantis-yang-lindas-ojol-diperiksa-di-mabes-polri,"
Jumat, 29 Agu 2025 14:23 WIB "
"Naik Bus, BEM UI Berangkat ke Polda Metro untuk Demo",https://news.detik.com/berita/d-8085608/naik-bus-bem-ui-berangkat-ke-polda-metro-untuk-demo,"
Jumat, 29 Agu 2025 14:16 WIB "
"Viral Video di Medsos, Atrium Senen Pastikan Mal Aman",https://news.detik.com/berita/d-8085542/viral-video-di-medsos-atrium-senen-pastikan-mal-aman,"
Jumat, 29 Agu 2025 13:49 WIB "
Media Asing Sorot Ojol Tewas Dilindas Rantis Brimob,https://news.detik.com/internasional/d-8085533/media-asing-sorot-ojol-tewas-dilindas-rantis-brimob,"
Jumat, 29 Agu 2025 13:45 WIB "
"Bergerak dari TPU Karet Bivak, Massa Ojol Mau Ikut Demo ke Polda Metro",https://news.detik.com/berita/d-8085518/bergerak-dari-tpu-karet-bivak-massa-ojol-mau-ikut-demo-ke-polda-metro,"
Jumat, 29 Agu 2025 13:41 WIB "
Humas Polri Gelar Salat Gaib untuk Almarhum Affan Kurniawan,https://news.detik.com/berita/d-8085498/humas-polri-gelar-salat-gaib-untuk-almarhum-affan-kurniawan,"
Jumat, 29 Agu 2025 13:36 WIB "
"Massa Bakar Mobil Dekat Mako Brimob Semalam, Begini Kondisinya",https://news.detik.com/berita/d-8085443/massa-bakar-mobil-dekat-mako-brimob-semalam-begini-kondisinya,"
Jumat, 29 Agu 2025 13:05 WIB "
Pernyataan Lengkap Prabowo Sedih dan Kecewa Ojol Tewas Dilindas Rantis Brimob,https://news.detik.com/berita/d-8085378/pernyataan-lengkap-prabowo-sedih-dan-kecewa-ojol-tewas-dilindas-rantis-brimob,"
Jumat, 29 Agu 2025 12:28 WIB "
Situasi Terkini Simpang Senen Usai Massa Aksi di Markas Brimob Bubarkan Diri,https://news.detik.com/berita/d-8085377/situasi-terkini-simpang-senen-usai-massa-aksi-di-markas-brimob-bubarkan-diri,"
Jumat, 29 Agu 2025 12:27 WIB "
"Jaket Koyak-Sepatu Lusuh, Barang Terakhir Affan Saat Dilindas Rantis Brimob",https://news.detik.com/berita/d-8085366/jaket-koyak-sepatu-lusuh-barang-terakhir-affan-saat-dilindas-rantis-brimob,"
Jumat, 29 Agu 2025 12:24 WIB "
"Affan Ojol Tewas Dilindas Rantis, Ketua DPR: Usut Tuntas dan Transparan",https://news.detik.com/berita/d-8085359/affan-ojol-tewas-dilindas-rantis-ketua-dpr-usut-tuntas-dan-transparan,"
Jumat, 29 Agu 2025 12:18 WIB "
Prabowo Imbau Masyarakat Tenang: Semua Keluhan Akan Kami Tindaklanjuti,https://news.detik.com/berita/d-8085354/prabowo-imbau-masyarakat-tenang-semua-keluhan-akan-kami-tindaklanjuti,"
Jumat, 29 Agu 2025 12:14 WIB "
Prabowo Jamin akan Ada Tindakan Sekeras-kerasnya ke Anggota Brimob Lindas Affan,https://news.detik.com/berita/d-8085345/prabowo-jamin-akan-ada-tindakan-sekeras-kerasnya-ke-anggota-brimob-lindas-affan,"
Jumat, 29 Agu 2025 12:04 WIB "
Prabowo Terkejut dan Kecewa Rantis Brimob Lindas Ojol hingga Tewas,https://news.detik.com/berita/d-8085343/prabowo-terkejut-dan-kecewa-rantis-brimob-lindas-ojol-hingga-tewas,"
Jumat, 29 Agu 2025 12:03 WIB "
Prabowo Berduka Affan Tewas Dilindas Rantis Brimob: Saya Sangat Sedih,https://news.detik.com/berita/d-8085339/prabowo-berduka-affan-tewas-dilindas-rantis-brimob-saya-sangat-sedih,"
Jumat, 29 Agu 2025 12:02 WIB "
PGI Ajak Masyarakat Jaga Ruang Perjuangan Tetap Bermoral dan Beradab,https://news.detik.com/berita/d-8085317/pgi-ajak-masyarakat-jaga-ruang-perjuangan-tetap-bermoral-dan-beradab,"
Jumat, 29 Agu 2025 11:51 WIB "
"Massa Bubar, Petugas Bersihkan Sampah Sisa Demo Depan Mako Brimob Kwitang",https://news.detik.com/berita/d-8085310/massa-bubar-petugas-bersihkan-sampah-sisa-demo-depan-mako-brimob-kwitang,"
Jumat, 29 Agu 2025 11:48 WIB "
Waka DPR Cucun Berduka Affan Ojol Tewas Dilindas Rantis: Duka Bangsa,https://news.detik.com/berita/d-8085305/waka-dpr-cucun-berduka-affan-ojol-tewas-dilindas-rantis-duka-bangsa,"
Jumat, 29 Agu 2025 11:45 WIB "
Jalan Tugu Tani Arah Senen Dialihkan Imbas Demo di Mako Brimob Kwitang,https://news.detik.com/berita/d-8085304/jalan-tugu-tani-arah-senen-dialihkan-imbas-demo-di-mako-brimob-kwitang,"
Jumat, 29 Agu 2025 11:43 WIB "
Kapolda Metro Usai Pemakaman Affan Kurniawan: Pengusutan Transparan-Objektif,https://news.detik.com/berita/d-8085300/kapolda-metro-usai-pemakaman-affan-kurniawan-pengusutan-transparan-objektif,"
Jumat, 29 Agu 2025 11:40 WIB "
Mahfud Ajak Semua Pihak Sabar & Jernih Sikapi Ojol Tewas Dilindas Rantis Brimob,https://news.detik.com/berita/d-8085282/mahfud-ajak-semua-pihak-sabar-jernih-sikapi-ojol-tewas-dilindas-rantis-brimob,"
Jumat, 29 Agu 2025 11:33 WIB "
Asintel Kaskostrad Ikut Tenangkan Massa Demo Markas Brimob di Kwitang,https://news.detik.com/berita/d-8085272/asintel-kaskostrad-ikut-tenangkan-massa-demo-markas-brimob-di-kwitang,"
Jumat, 29 Agu 2025 11:31 WIB "
"Kumpul di UI, Mahasiswa Bakal Demo Polda Metro Siang Ini",https://news.detik.com/berita/d-8085270/kumpul-di-ui-mahasiswa-bakal-demo-polda-metro-siang-ini,"
Jumat, 29 Agu 2025 11:29 WIB "
Kapolda Metro Tabur Bunga di Makam Affan Kurniawan,https://news.detik.com/berita/d-8085260/kapolda-metro-tabur-bunga-di-makam-affan-kurniawan,"
Jumat, 29 Agu 2025 11:21 WIB "
"Danyon Brimob Polda Metro Minta Maaf, Massa di Kwitang Mulai Bubarkan Diri",https://news.detik.com/berita/d-8085229/danyon-brimob-polda-metro-minta-maaf-massa-di-kwitang-mulai-bubarkan-diri,"
Jumat, 29 Agu 2025 11:09 WIB "
Kapolda Metro Hadiri Pemakaman Affan Kurniawan di TPU Karet Bivak,https://news.detik.com/berita/d-8085130/kapolda-metro-hadiri-pemakaman-affan-kurniawan-di-tpu-karet-bivak,"
Jumat, 29 Agu 2025 10:22 WIB "
Penampakan Lautan Ojol Antar Jenazah Affan Kurniawan ke Peristirahatan Terakhir,https://news.detik.com/berita/d-8085129/penampakan-lautan-ojol-antar-jenazah-affan-kurniawan-ke-peristirahatan-terakhir,"
Jumat, 29 Agu 2025 10:21 WIB "
"Diantar Iring-iringan Ojol, Jenazah Affan Kurniawan Tiba di TPU Karet Bivak",https://news.detik.com/berita/d-8085116/diantar-iring-iringan-ojol-jenazah-affan-kurniawan-tiba-di-tpu-karet-bivak,"
Jumat, 29 Agu 2025 10:16 WIB "
"Ketua MPR Berduka Affan Ojol Tewas Dilindas Rantis, Imbau Jaga Kerukunan",https://news.detik.com/berita/d-8085108/ketua-mpr-berduka-affan-ojol-tewas-dilindas-rantis-imbau-jaga-kerukunan,"
Jumat, 29 Agu 2025 10:14 WIB "
Duduk Perkara Ricuh di Otista Jaktim hingga Polantas Sempat Diculik Massa,https://news.detik.com/berita/d-8085101/duduk-perkara-ricuh-di-otista-jaktim-hingga-polantas-sempat-diculik-massa,"
Jumat, 29 Agu 2025 10:06 WIB "
Anies Baswedan Ikut Salatkan Jenazah Affan yang Tewas Dilindas Rantis Brimob,https://news.detik.com/berita/d-8085091/anies-baswedan-ikut-salatkan-jenazah-affan-yang-tewas-dilindas-rantis-brimob,"
Jumat, 29 Agu 2025 09:56 WIB "
"Sempat Memanas dan Sandera Polantas, Massa di Otista Sudah Bubar",https://news.detik.com/berita/d-8085090/sempat-memanas-dan-sandera-polantas-massa-di-otista-sudah-bubar,"
Jumat, 29 Agu 2025 09:54 WIB "
PAN Sampaikan Belasungkawa Meninggalnya Affan Ojol: Ini Duka Kita Bersama,https://news.detik.com/berita/d-8085088/pan-sampaikan-belasungkawa-meninggalnya-affan-ojol-ini-duka-kita-bersama,"
Jumat, 29 Agu 2025 09:54 WIB "
Rekan Ojol Cerita Affan Lagi Nyeberang Antar Orderan Makanan Saat Dilindas,https://news.detik.com/berita/d-8085053/rekan-ojol-cerita-affan-lagi-nyeberang-antar-orderan-makanan-saat-dilindas,"
Jumat, 29 Agu 2025 09:35 WIB "
Ojol Umar Amarudin Korban Demo Ricuh Masih Dirawat Intensif di RS Pelni,https://news.detik.com/berita/d-8085049/ojol-umar-amarudin-korban-demo-ricuh-masih-dirawat-intensif-di-rs-pelni,"
Jumat, 29 Agu 2025 09:30 WIB "
"Ricuh di Otista Jaktim, Polantas Sempat Diculik dan Disandera Massa",https://news.detik.com/berita/d-8085018/ricuh-di-otista-jaktim-polantas-sempat-diculik-dan-disandera-massa,"
Jumat, 29 Agu 2025 09:08 WIB "
"Kericuhan di Senen Merembet ke Otista Jaktim, Massa Sempat Bakar Ban",https://news.detik.com/berita/d-8084992/kericuhan-di-senen-merembet-ke-otista-jaktim-massa-sempat-bakar-ban,"
Jumat, 29 Agu 2025 08:46 WIB "
"Jalan Menuju Kwitang Ditutup Pagi Ini, Lalin di Kawasan Senen Macet Parah",https://news.detik.com/berita/d-8084989/jalan-menuju-kwitang-ditutup-pagi-ini-lalin-di-kawasan-senen-macet-parah,"
Jumat, 29 Agu 2025 08:44 WIB "
"BEM SI Demo Polda Metro Siang Ini, Long March dari FX Sudirman",https://news.detik.com/berita/d-8084957/bem-si-demo-polda-metro-siang-ini-long-march-dari-fx-sudirman,"
Jumat, 29 Agu 2025 08:23 WIB "
Pemprov DKI Fasilitasi Pemakaman Affan yang Tewas Dilindas Rantis Brimob,https://news.detik.com/berita/d-8084943/pemprov-dki-fasilitasi-pemakaman-affan-yang-tewas-dilindas-rantis-brimob,"
Jumat, 29 Agu 2025 08:08 WIB "
"Sejumlah Layanan Transjakarta Terganggu Imbas Demo, Ini Daftar Rute yang Dialihkan",https://news.detik.com/berita/d-8084934/sejumlah-layanan-transjakarta-terganggu-imbas-demo-ini-daftar-rute-yang-dialihkan,"
Jumat, 29 Agu 2025 07:56 WIB "
10 Hal Diketahui soal Pengusutan Rantis Brimob Lindas Ojol hingga Tewas,https://news.detik.com/berita/d-8084930/10-hal-diketahui-soal-pengusutan-rantis-brimob-lindas-ojol-hingga-tewas,"
Jumat, 29 Agu 2025 07:51 WIB "
Permintaan Maaf dan Ucapan Dukacita Kapolri Usai Rantis Brimob Lindas Ojol,https://news.detik.com/berita/d-8084889/permintaan-maaf-dan-ucapan-dukacita-kapolri-usai-rantis-brimob-lindas-ojol,"
Jumat, 29 Agu 2025 07:01 WIB "
"Sempat Terimbas Demo Ricuh, Perjalanan KRL Kembali Normal Hari Ini",https://news.detik.com/berita/d-8084868/sempat-terimbas-demo-ricuh-perjalanan-krl-kembali-normal-hari-ini,"
Jumat, 29 Agu 2025 06:19 WIB "
Affan Kurniawan Bakal Dimakamkan di TPU Karet Bivak Pagi Ini,https://news.detik.com/berita/d-8084860/affan-kurniawan-bakal-dimakamkan-di-tpu-karet-bivak-pagi-ini,"
Jumat, 29 Agu 2025 05:58 WIB "
Affan Kurniawan Dikenal Sosok Rajin dan Tulang Punggung Keluarga,https://news.detik.com/berita/d-8084857/affan-kurniawan-dikenal-sosok-rajin-dan-tulang-punggung-keluarga,"
Jumat, 29 Agu 2025 05:40 WIB "
"Massa Masih Bertahan di Mako Brimob Kwitang, Sempat Bakar Pospol Senen",https://news.detik.com/berita/d-8084855/massa-masih-bertahan-di-mako-brimob-kwitang-sempat-bakar-pospol-senen,"
Jumat, 29 Agu 2025 05:27 WIB "
"Mitra Ojol Tewas Dilindas Rantis, Grab Ajak Jaga Empati dan Suasana Kondusif",https://news.detik.com/berita/d-8084848/mitra-ojol-tewas-dilindas-rantis-grab-ajak-jaga-empati-dan-suasana-kondusif,"
Jumat, 29 Agu 2025 04:25 WIB "
"Menjelang Subuh, Massa Masih Bertahan di Sekitar Mako Brimob Kwitang",https://news.detik.com/berita/d-8084846/menjelang-subuh-massa-masih-bertahan-di-sekitar-mako-brimob-kwitang,"
Jumat, 29 Agu 2025 04:19 WIB "
Kompolnas Kawal Transparan Pengusutan Rantis Brimob Lindas Ojol hingga Tewas,https://news.detik.com/berita/d-8084834/kompolnas-kawal-transparan-pengusutan-rantis-brimob-lindas-ojol-hingga-tewas,"
Jumat, 29 Agu 2025 02:03 WIB "
Kapolri Peluk dan Minta Maaf ke Keluarga Ojol yang Tewas Dilindas Rantis,https://news.detik.com/berita/d-8084821/kapolri-peluk-dan-minta-maaf-ke-keluarga-ojol-yang-tewas-dilindas-rantis,"
Jumat, 29 Agu 2025 01:02 WIB "
"Kadiv Propam: 10 Polisi Terluka Usai Kawal Demo di Jakarta, 1 Kritis",https://news.detik.com/berita/d-8084802/kadiv-propam-10-polisi-terluka-usai-kawal-demo-di-jakarta-1-kritis,"
Jumat, 29 Agu 2025 00:43 WIB "
Kapolda Ingatkan Lagi Anggota: Yang Unjuk Rasa Saudara Kita,https://news.detik.com/berita/d-8084799/kapolda-ingatkan-lagi-anggota-yang-unjuk-rasa-saudara-kita,"
Jumat, 29 Agu 2025 00:36 WIB "
7 Brimob Polda Metro yang Diperiksa Ada di 1 Mobil Rantis Lindas Ojol,https://news.detik.com/berita/d-8084798/7-brimob-polda-metro-yang-diperiksa-ada-di-1-mobil-rantis-lindas-ojol,"
Jumat, 29 Agu 2025 00:33 WIB "
"Rantis Lindas Ojol, Kapolda Metro: Saya Mohon Maaf Sedalam-dalamnya",https://news.detik.com/berita/d-8084797/rantis-lindas-ojol-kapolda-metro-saya-mohon-maaf-sedalam-dalamnya,"
Jumat, 29 Agu 2025 00:30 WIB "
Polisi Janji Penanganan Kasus Rantis Lindas Ojol Cepat dan Transparan,https://news.detik.com/berita/d-8084790/polisi-janji-penanganan-kasus-rantis-lindas-ojol-cepat-dan-transparan,"
Jumat, 29 Agu 2025 00:13 WIB "
Kapolda Metro Temui Keluarga Ojol yang Tewas Dilindas Rantis Brimob,https://news.detik.com/berita/d-8084788/kapolda-metro-temui-keluarga-ojol-yang-tewas-dilindas-rantis-brimob,"
Jumat, 29 Agu 2025 00:10 WIB "
"Korban Dilindas Rantis Brimob Meninggal, Kapolda Metro Minta Maaf",https://news.detik.com/berita/d-8084784/korban-dilindas-rantis-brimob-meninggal-kapolda-metro-minta-maaf,"
Jumat, 29 Agu 2025 00:00 WIB "
Istana Minta Polri Beri Atensi Khusus Rantis Brimob Tabrak Ojol,https://news.detik.com/berita/d-8084774/istana-minta-polri-beri-atensi-khusus-rantis-brimob-tabrak-ojol,"
Kamis, 28 Agu 2025 23:41 WIB "
Kapolri Perintahkan Kapolda Cari Korban yang Ditabrak Rantis Brimob,https://news.detik.com/berita/d-8084747/kapolri-perintahkan-kapolda-cari-korban-yang-ditabrak-rantis-brimob,"
Kamis, 28 Agu 2025 23:06 WIB "
Kapolri Minta Maaf Rantis Brimob Tabrak Ojol,https://news.detik.com/berita/d-8084744/kapolri-minta-maaf-rantis-brimob-tabrak-ojol,"
Kamis, 28 Agu 2025 23:03 WIB "
3 Admin Grup WA yang Ajak 197 Pelajar Bogor Demo ke DPR Diamankan,https://news.detik.com/berita/d-8084732/3-admin-grup-wa-yang-ajak-197-pelajar-bogor-demo-ke-dpr-diamankan,"
Kamis, 28 Agu 2025 22:43 WIB "
"Massa Demo DPR Mulai Bubar, Lalin Tomang Arah Slipi Berangsur Normal",https://news.detik.com/berita/d-8084661/massa-demo-dpr-mulai-bubar-lalin-tomang-arah-slipi-berangsur-normal,"
Kamis, 28 Agu 2025 20:56 WIB "
Polda Metro Ungkap Ada Pihak Tak Bertanggung Jawab di Balik Demo Ricuh DPR,https://news.detik.com/berita/d-8084653/polda-metro-ungkap-ada-pihak-tak-bertanggung-jawab-di-balik-demo-ricuh-dpr,"
Kamis, 28 Agu 2025 20:52 WIB "
"Kapolres Bogor Salat Bareng Ratusan Pelajar yang Diamankan, Beri Pembinaan Rohani",https://news.detik.com/berita/d-8084641/kapolres-bogor-salat-bareng-ratusan-pelajar-yang-diamankan-beri-pembinaan-rohani,"
Kamis, 28 Agu 2025 20:40 WIB "
Akses Tol Semanggi Arah Cawang dan Exit Pejompongan Masih Ditutup Imbas Demo,https://news.detik.com/berita/d-8084625/akses-tol-semanggi-arah-cawang-dan-exit-pejompongan-masih-ditutup-imbas-demo,"
Kamis, 28 Agu 2025 20:23 WIB "
"Massa Demo Masih Bertahan hingga Malam Ini, Polisi Jamin Jakarta Kondusif",https://news.detik.com/berita/d-8084624/massa-demo-masih-bertahan-hingga-malam-ini-polisi-jamin-jakarta-kondusif,"
Kamis, 28 Agu 2025 20:22 WIB "
"Massa Demo Kelompok Pelajar di Asia Afrika Bubar, Lalin Berangsur Normal",https://news.detik.com/berita/d-8084618/massa-demo-kelompok-pelajar-di-asia-afrika-bubar-lalin-berangsur-normal,"
Kamis, 28 Agu 2025 20:13 WIB "
"Imbas Demo, Lalin Jalan Gatot Subroto Arah Simpang Kuningan Ditutup",https://news.detik.com/berita/d-8084539/imbas-demo-lalin-jalan-gatot-subroto-arah-simpang-kuningan-ditutup,"
Kamis, 28 Agu 2025 19:29 WIB "
"Jalan Pejompongan Porak-poranda Usai Ricuh Demo DPR, Batu-Kaca Berserakan",https://news.detik.com/berita/d-8084522/jalan-pejompongan-porak-poranda-usai-ricuh-demo-dpr-batu-kaca-berserakan,"
Kamis, 28 Agu 2025 19:18 WIB "
"Massa Demo Dekat Istana Bogor Bubar Damai, Situasi Kembali Kondusif",https://news.detik.com/berita/d-8084517/massa-demo-dekat-istana-bogor-bubar-damai-situasi-kembali-kondusif,"
Kamis, 28 Agu 2025 19:14 WIB "
Istana Minta Penyampaian Aspirasi Dilakukan Tertib: Jangan Rusak Fasum,https://news.detik.com/berita/d-8084481/istana-minta-penyampaian-aspirasi-dilakukan-tertib-jangan-rusak-fasum,"
Kamis, 28 Agu 2025 19:05 WIB "
"Meski Diprotes Massal, Israel Lanjutkan Serangan di Kota Gaza",https://news.detik.com/dw/d-8084476/meski-diprotes-massal-israel-lanjutkan-serangan-di-kota-gaza,"
Kamis, 28 Agu 2025 19:02 WIB "
"Jalan Pejompongan Jadi Tontonan Warga di Flyover Usai Ricuh, Lalin Macet",https://news.detik.com/berita/d-8084452/jalan-pejompongan-jadi-tontonan-warga-di-flyover-usai-ricuh-lalin-macet,"
Kamis, 28 Agu 2025 18:47 WIB "
Polresta Bogor Kota Cegah 150 Pelajar yang Hendak Demo di DPR,https://news.detik.com/berita/d-8084449/polresta-bogor-kota-cegah-150-pelajar-yang-hendak-demo-di-dpr,"
Kamis, 28 Agu 2025 18:46 WIB "
"Menjelang Malam, Massa Pelajar di Asia Afrika Dipukul Mundur ke Senayan",https://news.detik.com/berita/d-8084445/menjelang-malam-massa-pelajar-di-asia-afrika-dipukul-mundur-ke-senayan,"
Kamis, 28 Agu 2025 18:41 WIB "
"DPR Sepi di 28 Agustus, Anggota Dewan Tak Pernah Merasa Demo Mencekam",https://news.detik.com/berita/d-8084409/dpr-sepi-di-28-agustus-anggota-dewan-tak-pernah-merasa-demo-mencekam,"
Kamis, 28 Agu 2025 18:31 WIB "
"Sempat Memanas, Begini Kondisi Terkini Demo Mahasiswa Dekat Istana Bogor",https://news.detik.com/berita/d-8084405/sempat-memanas-begini-kondisi-terkini-demo-mahasiswa-dekat-istana-bogor,"
Kamis, 28 Agu 2025 18:27 WIB "
Pelajar di Bogor Diamankan Gegara Mau Demo ke DPR Bertambah Jadi 171,https://news.detik.com/berita/d-8084397/pelajar-di-bogor-diamankan-gegara-mau-demo-ke-dpr-bertambah-jadi-171,"
Kamis, 28 Agu 2025 18:21 WIB "
"Sempat Ditutup Imbas Demo Ricuh, Tol Dalam Kota Kembali Dibuka",https://news.detik.com/berita/d-8084344/sempat-ditutup-imbas-demo-ricuh-tol-dalam-kota-kembali-dibuka,"
Kamis, 28 Agu 2025 18:00 WIB "
Hendropriyono Ungkap Pihak Asing Dalang Demo Ricuh di DPR,https://news.detik.com/berita/d-8084316/hendropriyono-ungkap-pihak-asing-dalang-demo-ricuh-di-dpr,"
Kamis, 28 Agu 2025 17:49 WIB "
"Pendemo Terobos Rel KA Pejompongan, Lempari Polisi dengan Batu-Molotov",https://news.detik.com/berita/d-8084306/pendemo-terobos-rel-ka-pejompongan-lempari-polisi-dengan-batu-molotov,"
Kamis, 28 Agu 2025 17:43 WIB "
"Massa Bertahan di Jalan Asia Afrika Senayan, Bakar Spanduk-Water Barrier",https://news.detik.com/berita/d-8084279/massa-bertahan-di-jalan-asia-afrika-senayan-bakar-spanduk-water-barrier,"
Kamis, 28 Agu 2025 17:35 WIB "
"2 Pemuda Diamankan di Kelapa Gading, Bawa Molotov buat Demo DPR",https://news.detik.com/berita/d-8084247/2-pemuda-diamankan-di-kelapa-gading-bawa-molotov-buat-demo-dpr,"
Kamis, 28 Agu 2025 17:24 WIB "
Cerita Pimpinan Baleg hingga Tamu DPR Tak Bisa Masuk Rapat Imbas Demo,https://news.detik.com/berita/d-8084214/cerita-pimpinan-baleg-hingga-tamu-dpr-tak-bisa-masuk-rapat-imbas-demo,"
Kamis, 28 Agu 2025 17:15 WIB "
Massa Lempar Bom Molotov hingga Petasan ke Arah Polisi di Pejompongan,https://news.detik.com/berita/d-8084213/massa-lempar-bom-molotov-hingga-petasan-ke-arah-polisi-di-pejompongan,"
Kamis, 28 Agu 2025 17:15 WIB "
"Massa Lanjut Blokade di Jalan Asia Afrika Senayan, Kendaraan Putar Balik",https://news.detik.com/berita/d-8084200/massa-lanjut-blokade-di-jalan-asia-afrika-senayan-kendaraan-putar-balik,"
Kamis, 28 Agu 2025 17:09 WIB "
7 Gerbang Tol Dalam Kota Arah Cawang Ditutup Sementara Imbas Demo DPR,https://news.detik.com/berita/d-8084189/7-gerbang-tol-dalam-kota-arah-cawang-ditutup-sementara-imbas-demo-dpr,"
Kamis, 28 Agu 2025 17:04 WIB "
Info Demo 28 Agustus di Sekitar DPR: Titik Massa Sore Ini dan Rekayasa Lalin,https://news.detik.com/berita/d-8084164/info-demo-28-agustus-di-sekitar-dpr-titik-massa-sore-ini-dan-rekayasa-lalin,"
Kamis, 28 Agu 2025 16:55 WIB "
"Personel Polisi-TNI Amankan Demo Dekat Istana Bogor, Lalin Dialihkan",https://news.detik.com/berita/d-8084162/personel-polisi-tni-amankan-demo-dekat-istana-bogor-lalin-dialihkan,"
Kamis, 28 Agu 2025 16:55 WIB "
"Massa Demo 'Meluber' ke Jalan Gatsu Arah Cawang, Lalin Tersendat",https://news.detik.com/berita/d-8084148/massa-demo-meluber-ke-jalan-gatsu-arah-cawang-lalin-tersendat,"
Kamis, 28 Agu 2025 16:47 WIB "
"Pelajar Dicegah Ikut Demo di DPR Bawa Anak Panah hingga Botol, Untuk Apa?",https://news.detik.com/berita/d-8084132/pelajar-dicegah-ikut-demo-di-dpr-bawa-anak-panah-hingga-botol-untuk-apa,"
Kamis, 28 Agu 2025 16:42 WIB "
Polisi Amankan 76 Pelajar Bogor 'FOMO' Hendak Ikut Demo ke Gedung DPR,https://news.detik.com/berita/d-8084093/polisi-amankan-76-pelajar-bogor-fomo-hendak-ikut-demo-ke-gedung-dpr,"
Kamis, 28 Agu 2025 16:29 WIB "
Penampakan Tol Dalkot Kosong Melompong Sore Ini Imbas Demo,https://news.detik.com/berita/d-8084065/penampakan-tol-dalkot-kosong-melompong-sore-ini-imbas-demo,"
Kamis, 28 Agu 2025 16:25 WIB "
"Massa Demo Masuki Jalan Tol Dalkot, Kendaraan Diputar Balik di Km 8 Cawang",https://news.detik.com/berita/d-8084051/massa-demo-masuki-jalan-tol-dalkot-kendaraan-diputar-balik-di-km-8-cawang,"
Kamis, 28 Agu 2025 16:20 WIB "
"Massa Didorong Menjauh ke Arah Semanggi, Begini Situasi di Depan DPR",https://news.detik.com/berita/d-8083984/massa-didorong-menjauh-ke-arah-semanggi-begini-situasi-di-depan-dpr,"
Kamis, 28 Agu 2025 16:04 WIB "
"KRL Tanah Abang Cuma Sampai Kebayoran, Warga Bisa Naik TransJ Turun Velbak",https://news.detik.com/berita/d-8083980/krl-tanah-abang-cuma-sampai-kebayoran-warga-bisa-naik-transj-turun-velbak,"
Kamis, 28 Agu 2025 16:03 WIB "
"Massa Bertahan di Pejompongan Lempar Batu hingga Petasan, Lalin Dialihkan",https://news.detik.com/berita/d-8083958/massa-bertahan-di-pejompongan-lempar-batu-hingga-petasan-lalin-dialihkan,"
Kamis, 28 Agu 2025 16:00 WIB "
"Tol Tomang-Pejompongan Macet Imbas Demo, Sejumlah Gerbang Tol Ditutup",https://news.detik.com/berita/d-8083937/tol-tomang-pejompongan-macet-imbas-demo-sejumlah-gerbang-tol-ditutup,"
Kamis, 28 Agu 2025 15:52 WIB "
"Massa Masuk Rel, KRL Tanah Abang Hanya Sampai Kebayoran",https://news.detik.com/berita/d-8083912/massa-masuk-rel-krl-tanah-abang-hanya-sampai-kebayoran,"
Kamis, 28 Agu 2025 15:43 WIB "
"Massa di Depan DPR Lempar Petasan hingga Botol, Polisi Imbau Tertib",https://news.detik.com/berita/d-8083910/massa-di-depan-dpr-lempar-petasan-hingga-botol-polisi-imbau-tertib,"
Kamis, 28 Agu 2025 15:43 WIB "
"Rapat Baleg Dihadiri Fisik 2 Anggota DPR Saat Massa Demo, Sisanya Zoom",https://news.detik.com/berita/d-8083837/rapat-baleg-dihadiri-fisik-2-anggota-dpr-saat-massa-demo-sisanya-zoom,"
Kamis, 28 Agu 2025 15:24 WIB "
Tol Dalkot Arah Slipi Maupun Cawang Ditutup Sementara Imbas Demo Depan DPR,https://news.detik.com/berita/d-8083828/tol-dalkot-arah-slipi-maupun-cawang-ditutup-sementara-imbas-demo-depan-dpr,"
Kamis, 28 Agu 2025 15:22 WIB "
"Peserta Demo di DPR Masuk ke Tol Dalam Kota, Kendaraan Tersendat",https://news.detik.com/berita/d-8083811/peserta-demo-di-dpr-masuk-ke-tol-dalam-kota-kendaraan-tersendat,"
Kamis, 28 Agu 2025 15:16 WIB "
"Polisi Sambangi SMK di Tangsel, Wanti-wanti Pelajar Tak Ikut Demo",https://news.detik.com/berita/d-8083786/polisi-sambangi-smk-di-tangsel-wanti-wanti-pelajar-tak-ikut-demo,"
Kamis, 28 Agu 2025 15:07 WIB "
Massa Mahasiswa Ikut Demo di Gerbang Belakang DPR,https://news.detik.com/berita/d-8083773/massa-mahasiswa-ikut-demo-di-gerbang-belakang-dpr,"
Kamis, 28 Agu 2025 15:03 WIB "
Polisi Amankan Satu Orang Diduga Copet Saat Aksi Buruh di Depan DPR,https://news.detik.com/berita/d-8083758/polisi-amankan-satu-orang-diduga-copet-saat-aksi-buruh-di-depan-dpr,"
Kamis, 28 Agu 2025 14:58 WIB "
"Terpusat di DPR, Demo Buruh Sampaikan 6 Tuntutan Utama",https://news.detik.com/berita/d-8083732/terpusat-di-dpr-demo-buruh-sampaikan-6-tuntutan-utama,"
Kamis, 28 Agu 2025 14:44 WIB "
Polisi Tegaskan Demo Massa Buruh di Depan DPR Berjalan Kondusif,https://news.detik.com/berita/d-8083728/polisi-tegaskan-demo-massa-buruh-di-depan-dpr-berjalan-kondusif,"
Kamis, 28 Agu 2025 14:42 WIB "
"Hendak Ikut Demo Buruh di Jakarta, 60 Pelajar Bogor Diamankan",https://news.detik.com/berita/d-8083692/hendak-ikut-demo-buruh-di-jakarta-60-pelajar-bogor-diamankan,"
Kamis, 28 Agu 2025 14:33 WIB "
"Demo Buruh Bubar, Kini Massa Mahasiswa Datangi Gedung DPR",https://news.detik.com/berita/d-8083672/demo-buruh-bubar-kini-massa-mahasiswa-datangi-gedung-dpr,"
Kamis, 28 Agu 2025 14:22 WIB "
"Polisi Datangi Sekolah di Bogor, Imbau Pelajar Tak Ikut Demo-Tawuran",https://news.detik.com/berita/d-8083584/polisi-datangi-sekolah-di-bogor-imbau-pelajar-tak-ikut-demo-tawuran,"
Kamis, 28 Agu 2025 13:44 WIB "
"Aksi Simpatik Polisi Temui Massa Buruh di DPR, Bagikan Air Mineral dan Roti",https://news.detik.com/berita/d-8083554/aksi-simpatik-polisi-temui-massa-buruh-di-dpr-bagikan-air-mineral-dan-roti,"
Kamis, 28 Agu 2025 13:31 WIB "
Disdik DKI Izinkan Siswa Sekolah Dekat Lokasi Demo Belajar dari Rumah,https://news.detik.com/berita/d-8083551/disdik-dki-izinkan-siswa-sekolah-dekat-lokasi-demo-belajar-dari-rumah,"
Kamis, 28 Agu 2025 13:30 WIB "
Polda Metro Siapkan 4.969 Personel Amankan Demo Buruh di DPR,https://news.detik.com/berita/d-8083533/polda-metro-siapkan-4-969-personel-amankan-demo-buruh-di-dpr,"
Kamis, 28 Agu 2025 13:22 WIB "
"Demo Massa Buruh di Surabaya, Bawa Bendera One Piece-Tikus Berdasi",https://news.detik.com/berita/d-8083477/demo-massa-buruh-di-surabaya-bawa-bendera-one-piece-tikus-berdasi,"
Kamis, 28 Agu 2025 13:09 WIB "
Pemprov DKI Segera Perbaiki Fasilitas Umum Rusak Saat Demo DPR 25 Agustus,https://news.detik.com/berita/d-8083476/pemprov-dki-segera-perbaiki-fasilitas-umum-rusak-saat-demo-dpr-25-agustus,"
Kamis, 28 Agu 2025 13:09 WIB "
Kapolda Metro Minta Jajaran Humanis Layani Massa Buruh: Mereka Saudara Kita,https://news.detik.com/berita/d-8083455/kapolda-metro-minta-jajaran-humanis-layani-massa-buruh-mereka-saudara-kita,"
Kamis, 28 Agu 2025 13:00 WIB "
"Pelajar Dicegah Ikut Demo di DPR Jadi 276 Orang, Ada yang Bawa Busur Panah",https://news.detik.com/berita/d-8083446/pelajar-dicegah-ikut-demo-di-dpr-jadi-276-orang-ada-yang-bawa-busur-panah,"
Kamis, 28 Agu 2025 12:58 WIB "
"Dicegah Polisi, 120 Pelajar Mau Demo DPR Terprovokasi Ajakan Medsos",https://news.detik.com/berita/d-8083416/dicegah-polisi-120-pelajar-mau-demo-dpr-terprovokasi-ajakan-medsos,"
Kamis, 28 Agu 2025 12:37 WIB "
Pramono Instruksikan Sekolah Awasi Ketat Pelajar agar Tak Ikut Demo,https://news.detik.com/berita/d-8083415/pramono-instruksikan-sekolah-awasi-ketat-pelajar-agar-tak-ikut-demo,"
Kamis, 28 Agu 2025 12:37 WIB "
"Ada Demo Buruh di Depan DPR, TransJ Dialihkan Masuk ke Tol Dalkot",https://news.detik.com/berita/d-8083372/ada-demo-buruh-di-depan-dpr-transj-dialihkan-masuk-ke-tol-dalkot,"
Kamis, 28 Agu 2025 12:21 WIB "
"54 Siswa Mau Demo Dicegat di Stasiun Tanah Abang-Palmerah, Bawa Busur Panah",https://news.detik.com/berita/d-8083335/54-siswa-mau-demo-dicegat-di-stasiun-tanah-abang-palmerah-bawa-busur-panah,"
Kamis, 28 Agu 2025 12:05 WIB "
"Demo Buruh Tak ke Istana, Ada Massa Lain Aksi di Silang Monas",https://news.detik.com/berita/d-8083331/demo-buruh-tak-ke-istana-ada-massa-lain-aksi-di-silang-monas,"
Kamis, 28 Agu 2025 12:03 WIB "
Kapolda Metro Minta Personel Kawal Demo Tak Sembarang Pakai Gas Air Mata,https://news.detik.com/berita/d-8083304/kapolda-metro-minta-personel-kawal-demo-tak-sembarang-pakai-gas-air-mata,"
Kamis, 28 Agu 2025 11:50 WIB "
"Demo Buruh Hari Ini Dipusatkan di DPR, Tak ke Istana",https://news.detik.com/berita/d-8083268/demo-buruh-hari-ini-dipusatkan-di-dpr-tak-ke-istana,"
Kamis, 28 Agu 2025 11:35 WIB "
"Jalan Gatsu Arah Slipi Mulai Dialihkan Imbas Demo di DPR, TransJ Masuk Tol",https://news.detik.com/berita/d-8083239/jalan-gatsu-arah-slipi-mulai-dialihkan-imbas-demo-di-dpr-transj-masuk-tol,"
Kamis, 28 Agu 2025 11:23 WIB "
6 Remaja Hendak Demo di DPR Dicegah Polisi di Stasiun Sudimara,https://news.detik.com/berita/d-8083228/6-remaja-hendak-demo-di-dpr-dicegah-polisi-di-stasiun-sudimara,"
Kamis, 28 Agu 2025 11:16 WIB "
"Antisipasi Pelajar Bogor Demo ke DPR, Polisi Berjaga di GT Citeureup",https://news.detik.com/berita/d-8083219/antisipasi-pelajar-bogor-demo-ke-dpr-polisi-berjaga-di-gt-citeureup,"
Kamis, 28 Agu 2025 11:06 WIB "
"Cara Cek CCTV Jakarta, Ini Daftar Link Pantau Lalin dan Kondisi Kota",https://news.detik.com/berita/d-8083199/cara-cek-cctv-jakarta-ini-daftar-link-pantau-lalin-dan-kondisi-kota,"
Kamis, 28 Agu 2025 11:05 WIB "
"Info KRL 28 Agustus di Jakarta, Ada Demo Buruh Hari Ini",https://news.detik.com/berita/d-8083197/info-krl-28-agustus-di-jakarta-ada-demo-buruh-hari-ini,"
Kamis, 28 Agu 2025 10:57 WIB "
"Massa Buruh Demo, Suasana Dalam Gedung DPR Sepi Hari Ini",https://news.detik.com/berita/d-8083195/massa-buruh-demo-suasana-dalam-gedung-dpr-sepi-hari-ini,"
Kamis, 28 Agu 2025 10:57 WIB "
Kapolda Metro Minta Jajaran Humanis Kawal Demo Buruh: Jangan Agresif,https://news.detik.com/berita/d-8083191/kapolda-metro-minta-jajaran-humanis-kawal-demo-buruh-jangan-agresif,"
Kamis, 28 Agu 2025 10:56 WIB "
"Polda Metro Sekat Perbatasan Jakarta, Cegah Pelajar Ikut Demo di DPR",https://news.detik.com/berita/d-8083161/polda-metro-sekat-perbatasan-jakarta-cegah-pelajar-ikut-demo-di-dpr,"
Kamis, 28 Agu 2025 10:42 WIB "
"Massa Buruh Mulai Berdatangan, Lalin di Depan DPR Masih Dibuka",https://news.detik.com/berita/d-8083143/massa-buruh-mulai-berdatangan-lalin-di-depan-dpr-masih-dibuka,"
Kamis, 28 Agu 2025 10:33 WIB "
Sejumlah Ruas Jalan di Jakarta Lancar Jaya Pagi Ini,https://news.detik.com/berita/d-8083129/sejumlah-ruas-jalan-di-jakarta-lancar-jaya-pagi-ini,"
Kamis, 28 Agu 2025 10:26 WIB "
"Polisi Cegah 120 Pelajar Mau Ikut Demo di DPR, Ada dari Cirebon-Indramayu",https://news.detik.com/berita/d-8083110/polisi-cegah-120-pelajar-mau-ikut-demo-di-dpr-ada-dari-cirebon-indramayu,"
Kamis, 28 Agu 2025 10:18 WIB "
Daftar Rute TransJakarta yang Dialihkan Karena Ada Demo Buruh di DPR,https://news.detik.com/berita/d-8083109/daftar-rute-transjakarta-yang-dialihkan-karena-ada-demo-buruh-di-dpr,"
Kamis, 28 Agu 2025 10:15 WIB "
"Massa Buruh Demo, Pegawai hingga Tenaga Ahli DPR WFH Hari Ini",https://news.detik.com/berita/d-8083093/massa-buruh-demo-pegawai-hingga-tenaga-ahli-dpr-wfh-hari-ini,"
Kamis, 28 Agu 2025 09:57 WIB "
Kapolda Metro Instruksikan Anggota Tak Bawa Senpi Kawal Demo Buruh,https://news.detik.com/berita/d-8083079/kapolda-metro-instruksikan-anggota-tak-bawa-senpi-kawal-demo-buruh,"
Kamis, 28 Agu 2025 09:48 WIB "
"Ada Demo Buruh, Masyarakat Diimbau Hindari Jalan Sekitar Gedung DPR RI",https://news.detik.com/berita/d-8083014/ada-demo-buruh-masyarakat-diimbau-hindari-jalan-sekitar-gedung-dpr-ri,"
Kamis, 28 Agu 2025 09:11 WIB "
"Legislator Usul Bikin Second Account di Medsos Diperketat, Minta RI Tiru China",https://news.detik.com/berita/d-8082998/legislator-usul-bikin-second-account-di-medsos-diperketat-minta-ri-tiru-china,"
Kamis, 28 Agu 2025 08:52 WIB "
"Antisipasi Demo di DPR, KAI Commuter Siapkan Rekayasa Jalur Jika Tak Kondusif",https://news.detik.com/berita/d-8082992/antisipasi-demo-di-dpr-kai-commuter-siapkan-rekayasa-jalur-jika-tak-kondusif,"
Kamis, 28 Agu 2025 08:50 WIB "
4 Fakta Guru SMPN di Bekasi Lecehkan Siswi di Ruang OSIS Berkali-kali,https://news.detik.com/berita/d-8082957/4-fakta-guru-smpn-di-bekasi-lecehkan-siswi-di-ruang-osis-berkali-kali,"
Kamis, 28 Agu 2025 08:13 WIB "
"Buruh Se-Indonesia Demo Hari Ini, Waka DPR: Semua Tuntutan Kami Tampung",https://news.detik.com/berita/d-8082945/buruh-se-indonesia-demo-hari-ini-waka-dpr-semua-tuntutan-kami-tampung,"
Kamis, 28 Agu 2025 07:41 WIB "
"Ada Demo di DPR, KAI Alihkan 19 Kereta Api Gambir ke Jatinegara",https://news.detik.com/berita/d-8082942/ada-demo-di-dpr-kai-alihkan-19-kereta-api-gambir-ke-jatinegara,"
Kamis, 28 Agu 2025 07:36 WIB "
Komisi I DPR Dukung Komdigi Panggil TikTok-Meta soal Ramai Konten Fitnah,https://news.detik.com/berita/d-8082934/komisi-i-dpr-dukung-komdigi-panggil-tiktok-meta-soal-ramai-konten-fitnah,"
Kamis, 28 Agu 2025 07:16 WIB "
"5 Hal Terkait Demo Buruh 28 Agustus di DPR, Termasuk Tuntutannya",https://news.detik.com/berita/d-8082884/5-hal-terkait-demo-buruh-28-agustus-di-dpr-termasuk-tuntutannya,"
Kamis, 28 Agu 2025 06:05 WIB "
Polda Metro Bakal Cegah Pelajar Ikut Demo di Depan DPR Besok,https://news.detik.com/berita/d-8082719/polda-metro-bakal-cegah-pelajar-ikut-demo-di-depan-dpr-besok,"
Rabu, 27 Agu 2025 21:15 WIB "
Polda Metro Pelototi Konten Live TikTok Hasut Pelajar Ikut Demo Buruh Besok,https://news.detik.com/berita/d-8082712/polda-metro-pelototi-konten-live-tiktok-hasut-pelajar-ikut-demo-buruh-besok,"
Rabu, 27 Agu 2025 21:10 WIB "
Mendikdasmen Minta Guru Awasi Ketat Siswa Agar Tak Ikut-ikutan Demo,https://news.detik.com/berita/d-8082698/mendikdasmen-minta-guru-awasi-ketat-siswa-agar-tak-ikut-ikutan-demo,"
Rabu, 27 Agu 2025 20:50 WIB "
"Periksa Bupati Sudewo, KPK Terima 350 Surat Dukungan dari Warga Pati",https://news.detik.com/berita/d-8082666/periksa-bupati-sudewo-kpk-terima-350-surat-dukungan-dari-warga-pati,"
Rabu, 27 Agu 2025 20:28 WIB "
"Damai dengan Inisiator Demo Pati, Bupati Sudewo Ngaku Tak Beri Hadiah Apa Pun",https://news.detik.com/berita/d-8082470/damai-dengan-inisiator-demo-pati-bupati-sudewo-ngaku-tak-beri-hadiah-apa-pun,"
Rabu, 27 Agu 2025 18:44 WIB "
Sudewo Kembali Nyatakan Ogah Mundur dari Bupati Pati,https://news.detik.com/berita/d-8082345/sudewo-kembali-nyatakan-ogah-mundur-dari-bupati-pati,"
Rabu, 27 Agu 2025 17:59 WIB "
4.531 Personel Gabungan Disiagakan Kawal Demo Buruh di DPR Besok,https://news.detik.com/berita/d-8082233/4-531-personel-gabungan-disiagakan-kawal-demo-buruh-di-dpr-besok,"
Rabu, 27 Agu 2025 17:15 WIB "
"Guru SMPN Bekasi Lecehkan Siswi Ditetapkan Tersangka, Terancam 15 Tahun Bui",https://news.detik.com/berita/d-8082172/guru-smpn-bekasi-lecehkan-siswi-ditetapkan-tersangka-terancam-15-tahun-bui,"
Rabu, 27 Agu 2025 16:51 WIB "
Guru Bejat Peleceh Siswi di SMPN Bekasi Juga Bertugas sebagai Pembina OSIS,https://news.detik.com/berita/d-8082140/guru-bejat-peleceh-siswi-di-smpn-bekasi-juga-bertugas-sebagai-pembina-osis,"
Rabu, 27 Agu 2025 16:36 WIB "
"Picu Demo Alumni, Guru SMPN di Bekasi Sudah 3 Kali Lecehkan Siswi",https://news.detik.com/berita/d-8082005/picu-demo-alumni-guru-smpn-di-bekasi-sudah-3-kali-lecehkan-siswi,"
Rabu, 27 Agu 2025 15:50 WIB "
Wakapolri Jenguk 5 Polisi-1 Warga Korban Demo Depan DPR di RS Polri,https://news.detik.com/berita/d-8082002/wakapolri-jenguk-5-polisi-1-warga-korban-demo-depan-dpr-di-rs-polri,"
Rabu, 27 Agu 2025 15:50 WIB "
5 Anggota dan 1 Warga Masih Dirawat di RS Polri Usai Demo 25 Agustus,https://news.detik.com/berita/d-8081932/5-anggota-dan-1-warga-masih-dirawat-di-rs-polri-usai-demo-25-agustus,"
Rabu, 27 Agu 2025 15:21 WIB "
Refleksi Demo 25 Agustus dan Antisipasi Aksi Lanjutan,https://news.detik.com/berita/d-8081738/refleksi-demo-25-agustus-dan-antisipasi-aksi-lanjutan,"
Rabu, 27 Agu 2025 15:09 WIB "
Rahayu Gerindra Ajak Ketua RT Gen Z ke DPR: Lihat Wakil Rakyat Bekerja,https://news.detik.com/berita/d-8081899/rahayu-gerindra-ajak-ketua-rt-gen-z-ke-dpr-lihat-wakil-rakyat-bekerja,"
Rabu, 27 Agu 2025 15:08 WIB "
"Demo Buruh di DPR Besok, Rekayasa Lalin Bakal Diterapkan Situasional",https://news.detik.com/berita/d-8081876/demo-buruh-di-dpr-besok-rekayasa-lalin-bakal-diterapkan-situasional,"
Rabu, 27 Agu 2025 14:58 WIB "
Daftar Tuntutan Demo Buruh 28 Agustus 2025 hingga Info Rekayasa Lalin,https://news.detik.com/berita/d-8081705/daftar-tuntutan-demo-buruh-28-agustus-2025-hingga-info-rekayasa-lalin,"
Rabu, 27 Agu 2025 14:05 WIB "
"Aris Marsudiyanto: Ada Pihak Ingin Indonesia Ribut, Jangan Terprovokasi",https://news.detik.com/berita/d-8081672/aris-marsudiyanto-ada-pihak-ingin-indonesia-ribut-jangan-terprovokasi,"
Rabu, 27 Agu 2025 13:39 WIB "
"Senator Minta Pusat Tak Kurangi Dana Transfer ke Daerah, Ini Alasannya",https://news.detik.com/berita/d-8081628/senator-minta-pusat-tak-kurangi-dana-transfer-ke-daerah-ini-alasannya,"
Rabu, 27 Agu 2025 13:18 WIB "
Polisi Siapkan Rekayasa Lalin Antisipasi Demo 28 Agustus di DPR,https://news.detik.com/berita/d-8081465/polisi-siapkan-rekayasa-lalin-antisipasi-demo-28-agustus-di-dpr,"
Rabu, 27 Agu 2025 12:08 WIB "
Ini Rute dan Titik Kumpul Massa Buruh Saat Demo 28 Agustus di Jakarta,https://news.detik.com/berita/d-8081461/ini-rute-dan-titik-kumpul-massa-buruh-saat-demo-28-agustus-di-jakarta,"
Rabu, 27 Agu 2025 12:04 WIB "
"Warga Pati Gelar Aksi-Kirim Surat ke KPK, Ini Kata Bupati Sudewo",https://news.detik.com/berita/d-8081288/warga-pati-gelar-aksi-kirim-surat-ke-kpk-ini-kata-bupati-sudewo,"
Rabu, 27 Agu 2025 10:37 WIB "
"Komdigi 'Colek' TikTok hingga Meta Buntut Konten Disinformasi, Fitnah dan Kebencian",https://news.detik.com/berita/d-8081246/komdigi-colek-tiktok-hingga-meta-buntut-konten-disinformasi-fitnah-dan-kebencian,"
Rabu, 27 Agu 2025 10:16 WIB "
Komisi III DPR Apresiasi Polda Metro Tangani Demo DPR: Terukur dan Tepat,https://news.detik.com/berita/d-8081099/komisi-iii-dpr-apresiasi-polda-metro-tangani-demo-dpr-terukur-dan-tepat,"
Rabu, 27 Agu 2025 08:28 WIB "
Duduk Perkara Mobil Palisade 'ZZH' Disangka Anggota DPR Ternyata ASN,https://news.detik.com/berita/d-8081085/duduk-perkara-mobil-palisade-zzh-disangka-anggota-dpr-ternyata-asn,"
Rabu, 27 Agu 2025 08:00 WIB "
"Warga Israel Desak Pemerintah Akhiri Perang di Gaza, Ini Kata Netanyahu",https://news.detik.com/internasional/d-8081064/warga-israel-desak-pemerintah-akhiri-perang-di-gaza-ini-kata-netanyahu,"
Rabu, 27 Agu 2025 07:23 WIB "
Polisi Ungkap Guru SMPN di Bekasi Lecehkan Siswi Saat di Ruang OSIS,https://news.detik.com/berita/d-8081017/polisi-ungkap-guru-smpn-di-bekasi-lecehkan-siswi-saat-di-ruang-osis,"
Rabu, 27 Agu 2025 06:21 WIB "
Sahroni Apresiasi TNI-Polri Tak Terpancing Meski Demo 25 Agustus Ricuh,https://news.detik.com/berita/d-8081002/sahroni-apresiasi-tni-polri-tak-terpancing-meski-demo-25-agustus-ricuh,"
Rabu, 27 Agu 2025 05:36 WIB "
Politisi PDIP Sebut Demo 25 Agustus Alarm Masyarakat untuk Para Anggota DPR,https://news.detik.com/berita/d-8080998/politisi-pdip-sebut-demo-25-agustus-alarm-masyarakat-untuk-para-anggota-dpr,"
Rabu, 27 Agu 2025 05:00 WIB "
Wamenkomdigi Soroti Ramai Konten Live Ricuh Saat Demo DPR: Itu Tidak Real,https://news.detik.com/berita/d-8080950/wamenkomdigi-soroti-ramai-konten-live-ricuh-saat-demo-dpr-itu-tidak-real,"
Selasa, 26 Agu 2025 23:29 WIB "
KPAI Apresiasi Polda Metro dalam Penanganan Pelajar Terlibat Demo DPR,https://news.detik.com/berita/d-8080926/kpai-apresiasi-polda-metro-dalam-penanganan-pelajar-terlibat-demo-dpr,"
Selasa, 26 Agu 2025 22:44 WIB "
5 Fakta Mobil Pelat Merah Pak Lurah Diamuk Massa hingga Dijarah,https://news.detik.com/berita/d-8080863/5-fakta-mobil-pelat-merah-pak-lurah-diamuk-massa-hingga-dijarah,"
Selasa, 26 Agu 2025 21:37 WIB "
Guru Lecehkan Siswi SMPN yang Picu Demo di Bekasi Ditangkap,https://news.detik.com/berita/d-8080755/guru-lecehkan-siswi-smpn-yang-picu-demo-di-bekasi-ditangkap,"
Selasa, 26 Agu 2025 19:57 WIB "
Polisi Pesan ke Ortu agar Anak-anak Tak Ikut Demo Lagi ke Depannya,https://news.detik.com/berita/d-8080753/polisi-pesan-ke-ortu-agar-anak-anak-tak-ikut-demo-lagi-ke-depannya,"
Selasa, 26 Agu 2025 19:55 WIB "
Guru Lecehkan Siswi SMP Negeri Bikin Geram hingga Picu Demo di Bekasi,https://news.detik.com/berita/d-8080732/guru-lecehkan-siswi-smp-negeri-bikin-geram-hingga-picu-demo-di-bekasi,"
Selasa, 26 Agu 2025 19:32 WIB "
Polda Metro Libatkan KPAI hingga Dinsos untuk Tangani Pelajar Ikut Aksi,https://news.detik.com/berita/d-8080729/polda-metro-libatkan-kpai-hingga-dinsos-untuk-tangani-pelajar-ikut-aksi,"
Selasa, 26 Agu 2025 19:27 WIB "
Polisi Ingatkan Pengguna Medsos Tak Ajak Pelajar Demo: Kasihan Mereka,https://news.detik.com/berita/d-8080703/polisi-ingatkan-pengguna-medsos-tak-ajak-pelajar-demo-kasihan-mereka,"
Selasa, 26 Agu 2025 19:11 WIB "
KPAI: TikTok Jadi Informasi Cepat Pemicu Pelajar Ikutan Demo Depan DPR,https://news.detik.com/berita/d-8080658/kpai-tiktok-jadi-informasi-cepat-pemicu-pelajar-ikutan-demo-depan-dpr,"
Selasa, 26 Agu 2025 18:50 WIB "
"Prabowo Kenang Mahar Mardjono: Sering Kritik, tapi Dokter Pribadi Pak Harto",https://news.detik.com/berita/d-8080642/prabowo-kenang-mahar-mardjono-sering-kritik-tapi-dokter-pribadi-pak-harto,"
Selasa, 26 Agu 2025 18:43 WIB "
Sejumlah Anggota DPR Ngantor Naik Mobil Berpelat Sipil Hari Ini,https://news.detik.com/berita/d-8080622/sejumlah-anggota-dpr-ngantor-naik-mobil-berpelat-sipil-hari-ini,"
Selasa, 26 Agu 2025 18:28 WIB "
Polda Metro Benarkan Ada Massa Demo Diamankan dari Restoran karena Rusak Fasum,https://news.detik.com/berita/d-8080482/polda-metro-benarkan-ada-massa-demo-diamankan-dari-restoran-karena-rusak-fasum,"
Selasa, 26 Agu 2025 17:26 WIB "
Lurah di Jaksel Lapor Polisi Usai Diamuk Massa Demo 25 Agustus di Slipi,https://news.detik.com/berita/d-8080368/lurah-di-jaksel-lapor-polisi-usai-diamuk-massa-demo-25-agustus-di-slipi,"
Selasa, 26 Agu 2025 16:50 WIB "
"Polisi Amankan 351 Orang Saat Ricuh di DPR, 344 Dipulangkan-7 Positif Narkoba",https://news.detik.com/berita/d-8080282/polisi-amankan-351-orang-saat-ricuh-di-dpr-344-dipulangkan-7-positif-narkoba,"
Selasa, 26 Agu 2025 16:27 WIB "
Mabes Polri Perintahkan Jajaran Lindungi Wartawan Saat Bertugas,https://news.detik.com/berita/d-8080221/mabes-polri-perintahkan-jajaran-lindungi-wartawan-saat-bertugas,"
Selasa, 26 Agu 2025 16:13 WIB "
Sahroni Ngaku Ngumpet-ngumpet Saat Dengar Langsung Tuntutan Demo di DPR,https://news.detik.com/berita/d-8080196/sahroni-ngaku-ngumpet-ngumpet-saat-dengar-langsung-tuntutan-demo-di-dpr,"
Selasa, 26 Agu 2025 16:02 WIB "
Lurah Manggarai Selatan: Mobil Dinas Dijarah Massa Demo Usai Dirusak di Slipi,https://news.detik.com/berita/d-8080147/lurah-manggarai-selatan-mobil-dinas-dijarah-massa-demo-usai-dirusak-di-slipi,"
Selasa, 26 Agu 2025 15:34 WIB "
"Cerita Lurah di Jaksel Pakai Mobil Dinas Diamuk Massa, Disangka Anggota DPR",https://news.detik.com/berita/d-8080130/cerita-lurah-di-jaksel-pakai-mobil-dinas-diamuk-massa-disangka-anggota-dpr,"
Selasa, 26 Agu 2025 15:26 WIB "
"Datangi Polda Metro, Ortu Kaget Anaknya Ikut Demo dan Terciduk Polisi",https://news.detik.com/berita/d-8080016/datangi-polda-metro-ortu-kaget-anaknya-ikut-demo-dan-terciduk-polisi,"
Selasa, 26 Agu 2025 14:37 WIB "
"Warga Israel Blokir Jalan, Tuntut Akhiri Perang Gaza-Bebaskan Sandera",https://news.detik.com/internasional/d-8079974/warga-israel-blokir-jalan-tuntut-akhiri-perang-gaza-bebaskan-sandera,"
Selasa, 26 Agu 2025 14:30 WIB "
Penampakan Mobil Lurah Manggarai Selatan yang Rusak Diamuk Massa di Slipi,https://news.detik.com/berita/d-8079940/penampakan-mobil-lurah-manggarai-selatan-yang-rusak-diamuk-massa-di-slipi,"
Selasa, 26 Agu 2025 14:11 WIB "
Ini Penyebab Penumpang MRT Membeludak di Stasiun Lebak Bulus Kemarin Malam,https://news.detik.com/berita/d-8079935/ini-penyebab-penumpang-mrt-membeludak-di-stasiun-lebak-bulus-kemarin-malam,"
Selasa, 26 Agu 2025 14:08 WIB "
Viral Keributan Sempat Terjadi di Stasiun Parungpanjang Saat Rekayasa KRL,https://news.detik.com/berita/d-8079875/viral-keributan-sempat-terjadi-di-stasiun-parungpanjang-saat-rekayasa-krl,"
Selasa, 26 Agu 2025 13:32 WIB "
Polisi Dalami Kasus Guru Diduga Lecehkan Siswi SMP Negeri di Bekasi,https://news.detik.com/berita/d-8079839/polisi-dalami-kasus-guru-diduga-lecehkan-siswi-smp-negeri-di-bekasi,"
Selasa, 26 Agu 2025 13:18 WIB "
"Geger Guru Diduga Lecehkan Siswi SMP Negeri di Bekasi, Picu Demo Alumni",https://news.detik.com/berita/d-8079761/geger-guru-diduga-lecehkan-siswi-smp-negeri-di-bekasi-picu-demo-alumni,"
Selasa, 26 Agu 2025 12:47 WIB "
Pemprov DKI Akan Lapor Polisi Usai CCTV di Penjompongan Dirusak Pendemo,https://news.detik.com/berita/d-8079759/pemprov-dki-akan-lapor-polisi-usai-cctv-di-penjompongan-dirusak-pendemo,"
Selasa, 26 Agu 2025 12:45 WIB "
Pimpinan DPR Respons Demo 25 Agustus: Yang Kurang Kami Perbaiki,https://news.detik.com/berita/d-8079715/pimpinan-dpr-respons-demo-25-agustus-yang-kurang-kami-perbaiki,"
Selasa, 26 Agu 2025 12:37 WIB "
Coretan Vandalisme Ulah Pendemo Sekitar DPR Kini Ditimpa Cat Putih,https://news.detik.com/berita/d-8079670/coretan-vandalisme-ulah-pendemo-sekitar-dpr-kini-ditimpa-cat-putih,"
Selasa, 26 Agu 2025 12:13 WIB "
"Massa Buruh Turun Demo 28 Agustus di Istana-DPR, Ini Tuntutannya",https://news.detik.com/berita/d-8079600/massa-buruh-turun-demo-28-agustus-di-istana-dpr-ini-tuntutannya,"
Selasa, 26 Agu 2025 11:42 WIB "
Dasco soal Demo di DPR: Aspirasi Dijamin UU,https://news.detik.com/berita/d-8079568/dasco-soal-demo-di-dpr-aspirasi-dijamin-uu,"
Selasa, 26 Agu 2025 11:25 WIB "
Kronologi Mobil 'ZZH' Dihadang lalu Ditimpuki Batu Usai Dikira Anggota DPR,https://news.detik.com/berita/d-8079401/kronologi-mobil-zzh-dihadang-lalu-ditimpuki-batu-usai-dikira-anggota-dpr,"
Selasa, 26 Agu 2025 09:49 WIB "
"Lurah Manggarai Selatan Jadi Sasaran Amuk Massa di Slipi, Mobil Dirusak",https://news.detik.com/berita/d-8079371/lurah-manggarai-selatan-jadi-sasaran-amuk-massa-di-slipi-mobil-dirusak,"
Selasa, 26 Agu 2025 09:28 WIB "
Awal Mula Mobil Pelat ZZH Diamuk Massa Usai Keluar dari Gedung DPR,https://news.detik.com/berita/d-8079359/awal-mula-mobil-pelat-zzh-diamuk-massa-usai-keluar-dari-gedung-dpr,"
Selasa, 26 Agu 2025 09:14 WIB "
"Viral Mobil Pelat ZZH Ditimpuki Batu di Jakpus, Disangka Milik Anggota DPR",https://news.detik.com/berita/d-8079329/viral-mobil-pelat-zzh-ditimpuki-batu-di-jakpus-disangka-milik-anggota-dpr,"
Selasa, 26 Agu 2025 08:49 WIB "
"Sempat Ditutup Imbas Demo, Lalin Depan DPR Sudah Normal Pagi Ini",https://news.detik.com/berita/d-8079288/sempat-ditutup-imbas-demo-lalin-depan-dpr-sudah-normal-pagi-ini,"
Selasa, 26 Agu 2025 08:10 WIB "
"Ricuh Demo di DPR, Legislator Angkat Bicara",https://news.detik.com/berita/d-8078718/ricuh-demo-di-dpr-legislator-angkat-bicara,"
Selasa, 26 Agu 2025 07:44 WIB "
Jalan Depan DPR Masih Belum Dibuka hingga Tengah Malam Ini,https://news.detik.com/berita/d-8079161/jalan-depan-dpr-masih-belum-dibuka-hingga-tengah-malam-ini,"
Selasa, 26 Agu 2025 00:19 WIB "
KRL Rangkasbitung Sudah Bisa Melintas Sampai Tanah Abang,https://news.detik.com/berita/d-8079134/krl-rangkasbitung-sudah-bisa-melintas-sampai-tanah-abang,"
Senin, 25 Agu 2025 22:53 WIB "
7 Fakta Demo 25 Agustus Berimbas ke KRL hingga TransJakarta,https://news.detik.com/berita/d-8079105/7-fakta-demo-25-agustus-berimbas-ke-krl-hingga-transjakarta,"
Senin, 25 Agu 2025 22:12 WIB "
"Lalin Depan DPR Masih Ditutup, Banyak Separator Rusak",https://news.detik.com/berita/d-8079099/lalin-depan-dpr-masih-ditutup-banyak-separator-rusak,"
Senin, 25 Agu 2025 22:06 WIB "
Dan Terjadi Lagi! Separator TransJ Koridor 9 Ditabrak Bus AKAP,https://news.detik.com/berita/d-8079079/dan-terjadi-lagi-separator-transj-koridor-9-ditabrak-bus-akap,"
Senin, 25 Agu 2025 21:34 WIB "
"Sempat Ditutup karena Ada Demo, Tol Dalkot Semanggi-Slipi Dibuka Lagi",https://news.detik.com/berita/d-8079044/sempat-ditutup-karena-ada-demo-tol-dalkot-semanggi-slipi-dibuka-lagi,"
Senin, 25 Agu 2025 21:14 WIB "
"5 Tersangka Pengeroyokan Wartawan-Staf Humas di Serang Terancam 5,5 Tahun Bui",https://news.detik.com/berita/d-8079020/5-tersangka-pengeroyokan-wartawan-staf-humas-di-serang-terancam-5-5-tahun-bui,"
Senin, 25 Agu 2025 20:57 WIB "
"Massa Pelajar Bubar, Lalin Pejompongan Raya Berangsur Normal",https://news.detik.com/berita/d-8079015/massa-pelajar-bubar-lalin-pejompongan-raya-berangsur-normal,"
Senin, 25 Agu 2025 20:50 WIB "
"Lalin Depan DPR dan Tol Dalkot Masih Ditutup Malam Ini, Begini Situasinya",https://news.detik.com/berita/d-8078965/lalin-depan-dpr-dan-tol-dalkot-masih-ditutup-malam-ini-begini-situasinya,"
Senin, 25 Agu 2025 20:21 WIB "
"Ramai Penumpang MRT, Stasiun Lebak Bulus Sempat Sepadat Ini",https://news.detik.com/berita/d-8078922/ramai-penumpang-mrt-stasiun-lebak-bulus-sempat-sepadat-ini,"
Senin, 25 Agu 2025 19:40 WIB "
Aria Bima Pastikan Badan Penerima Aspirasi Dengar Tuntutan Pendemo,https://news.detik.com/berita/d-8078911/aria-bima-pastikan-badan-penerima-aspirasi-dengar-tuntutan-pendemo,"
Senin, 25 Agu 2025 19:30 WIB "
"Titik Macet Malam Ini di Jakarta Saat Pulang Kerja, Hujan Reda, Bubaran Demo",https://news.detik.com/berita/d-8078875/titik-macet-malam-ini-di-jakarta-saat-pulang-kerja-hujan-reda-bubaran-demo,"
Senin, 25 Agu 2025 19:18 WIB "
"Jalan Arah ke DPR Ditutup dari Depan Polda Imbas Demo, Jl Sudirman Macet",https://news.detik.com/berita/d-8078860/jalan-arah-ke-dpr-ditutup-dari-depan-polda-imbas-demo-jl-sudirman-macet,"
Senin, 25 Agu 2025 19:16 WIB "
Polisi Amankan Sejumlah Orang Terkait Demo Ricuh 25 Agustus di Gedung DPR,https://news.detik.com/berita/d-8078859/polisi-amankan-sejumlah-orang-terkait-demo-ricuh-25-agustus-di-gedung-dpr,"
Senin, 25 Agu 2025 19:14 WIB "
Pangdam Jaya dan Kapolda Metro Cek Massa Demo di Belakang Gedung DPR,https://news.detik.com/berita/d-8078832/pangdam-jaya-dan-kapolda-metro-cek-massa-demo-di-belakang-gedung-dpr,"
Senin, 25 Agu 2025 19:04 WIB "
"Massa Belum Bubar, Pos Polisi di GBK Jadi Sasaran Perusakan",https://news.detik.com/berita/d-8078767/massa-belum-bubar-pos-polisi-di-gbk-jadi-sasaran-perusakan,"
Senin, 25 Agu 2025 18:38 WIB "
Penampakan Tol Dalkot Semanggi-Slipi Ditutup Imbas Demo Sekitar DPR,https://news.detik.com/berita/d-8078738/penampakan-tol-dalkot-semanggi-slipi-ditutup-imbas-demo-sekitar-dpr,"
Senin, 25 Agu 2025 18:27 WIB "
Mobil-mobil Digratiskan Masuk Tol Kuningan 2 Urai Macet Imbas Demo,https://news.detik.com/berita/d-8078729/mobil-mobil-digratiskan-masuk-tol-kuningan-2-urai-macet-imbas-demo,"
Senin, 25 Agu 2025 18:22 WIB "
"Diguyur Hujan, Massa Pelajar Demo 25 Agustus Masih Bertahan di Pejompongan",https://news.detik.com/berita/d-8078691/diguyur-hujan-massa-pelajar-demo-25-agustus-masih-bertahan-di-pejompongan,"
Senin, 25 Agu 2025 18:05 WIB "
Massa Mahasiswa Demo di Belakang DPR Bubarkan Diri,https://news.detik.com/berita/d-8078689/massa-mahasiswa-demo-di-belakang-dpr-bubarkan-diri,"
Senin, 25 Agu 2025 18:05 WIB "
Gerbang Belakang Gedung DPR Jadi Sasaran Vandalisme Massa Demo 25 Agustus,https://news.detik.com/berita/d-8078616/gerbang-belakang-gedung-dpr-jadi-sasaran-vandalisme-massa-demo-25-agustus,"
Senin, 25 Agu 2025 17:32 WIB "
"Massa Demo 25 Agustus Masih Bertahan, Masuk Permukiman Warga Petamburan",https://news.detik.com/berita/d-8078576/massa-demo-25-agustus-masih-bertahan-masuk-permukiman-warga-petamburan,"
Senin, 25 Agu 2025 17:22 WIB "
"Imbas Demo di Sekitar DPR, Tol Dalkot Semanggi-Slipi Ditutup Sementara",https://news.detik.com/berita/d-8078575/imbas-demo-di-sekitar-dpr-tol-dalkot-semanggi-slipi-ditutup-sementara,"
Senin, 25 Agu 2025 17:22 WIB "
"Imbas Demo di DPR, KRL Tanah Abang Cuma Mentok di Kebayoran",https://news.detik.com/berita/d-8078549/imbas-demo-di-dpr-krl-tanah-abang-cuma-mentok-di-kebayoran,"
Senin, 25 Agu 2025 17:16 WIB "
"Demo di Sekitar DPR Belum Bubar, Lalin Jl Gatot Subroto dan Jl Sudirman Macet",https://news.detik.com/berita/d-8078541/demo-di-sekitar-dpr-belum-bubar-lalin-jl-gatot-subroto-dan-jl-sudirman-macet,"
Senin, 25 Agu 2025 17:10 WIB "
Kala Pedagang Bawa Gerobak 'Belah' Massa Ricuh di Kolong Palmerah,https://news.detik.com/berita/d-8078517/kala-pedagang-bawa-gerobak-belah-massa-ricuh-di-kolong-palmerah,"
Senin, 25 Agu 2025 17:02 WIB "
"Demo di Sekitar DPR Belum Bubar, Ini Rekayasa Lalin di Tol Dalkot",https://news.detik.com/berita/d-8078503/demo-di-sekitar-dpr-belum-bubar-ini-rekayasa-lalin-di-tol-dalkot,"
Senin, 25 Agu 2025 16:56 WIB "
"Ada di DPR, Aria Bima Pesan ke Massa Demo: Saudara-saudara Jangan Anarkis",https://news.detik.com/berita/d-8078493/ada-di-dpr-aria-bima-pesan-ke-massa-demo-saudara-saudara-jangan-anarkis,"
Senin, 25 Agu 2025 16:52 WIB "
Mahasiswa Demo Orasi di Belakang DPR: Satukan Suara Tuntut Keadilan,https://news.detik.com/berita/d-8078444/mahasiswa-demo-orasi-di-belakang-dpr-satukan-suara-tuntut-keadilan,"
Senin, 25 Agu 2025 16:32 WIB "
"Massa Demo Kelompok Pelajar Bertahan di Palmerah, Kini Lari ke Rel Kereta",https://news.detik.com/berita/d-8078414/massa-demo-kelompok-pelajar-bertahan-di-palmerah-kini-lari-ke-rel-kereta,"
Senin, 25 Agu 2025 16:22 WIB "
"Ada Demo di DPR, Penumpang KRL Diimbau Tak Naik-Turun di Stasiun Palmerah",https://news.detik.com/berita/d-8078408/ada-demo-di-dpr-penumpang-krl-diimbau-tak-naik-turun-di-stasiun-palmerah,"
Senin, 25 Agu 2025 16:18 WIB "
"Massa Demo 25 Agustus Bertahan di Dekat Stasiun Palmerah, Lalin Dialihkan",https://news.detik.com/berita/d-8078405/massa-demo-25-agustus-bertahan-di-dekat-stasiun-palmerah-lalin-dialihkan,"
Senin, 25 Agu 2025 16:15 WIB "
"Polisi Sebut Pelajar Ikut Demo DPR karena Ajakan Medsos, Datang buat Nonton",https://news.detik.com/berita/d-8078398/polisi-sebut-pelajar-ikut-demo-dpr-karena-ajakan-medsos-datang-buat-nonton,"
Senin, 25 Agu 2025 16:13 WIB "
Sejumlah Rute TransJakarta Tak Beroperasi Imbas Demo di DPR,https://news.detik.com/berita/d-8078360/sejumlah-rute-transjakarta-tak-beroperasi-imbas-demo-di-dpr,"
Senin, 25 Agu 2025 16:00 WIB "
Polisi Imbau Massa Demo 25 Agustus Tertib dan Tak Terpancing Provokasi,https://news.detik.com/berita/d-8078303/polisi-imbau-massa-demo-25-agustus-tertib-dan-tak-terpancing-provokasi,"
Senin, 25 Agu 2025 15:47 WIB "
Polisi Bagikan Air Mineral ke Mahasiswa Saat Demo 25 Agustus di Gedung DPR,https://news.detik.com/berita/d-8078258/polisi-bagikan-air-mineral-ke-mahasiswa-saat-demo-25-agustus-di-gedung-dpr,"
Senin, 25 Agu 2025 15:37 WIB "
"Beda dengan Massa yang Ricuh, Mahasiswa Sampaikan Aspirasi di Belakang DPR",https://news.detik.com/berita/d-8078259/beda-dengan-massa-yang-ricuh-mahasiswa-sampaikan-aspirasi-di-belakang-dpr,"
Senin, 25 Agu 2025 15:37 WIB "
"Demo Berlanjut di Belakang DPR, Lalin Gatsu Arah Slipi Masih Ditutup",https://news.detik.com/berita/d-8078215/demo-berlanjut-di-belakang-dpr-lalin-gatsu-arah-slipi-masih-ditutup,"
Senin, 25 Agu 2025 15:16 WIB "
Ojol Ikut Demo 25 Agustus Depan DPR: Sekarang Cari Rp 100 Ribu Susah Banget!,https://news.detik.com/berita/d-8078198/ojol-ikut-demo-25-agustus-depan-dpr-sekarang-cari-rp-100-ribu-susah-banget,"
Senin, 25 Agu 2025 15:07 WIB "
Respons Puan soal Demo 25 Agustus di Depan DPR,https://news.detik.com/berita/d-8078161/respons-puan-soal-demo-25-agustus-di-depan-dpr,"
Senin, 25 Agu 2025 15:00 WIB "
Massa Demo 25 Agustus Terus Berdatangan ke Belakang DPR dari 2 Penjuru,https://news.detik.com/berita/d-8078158/massa-demo-25-agustus-terus-berdatangan-ke-belakang-dpr-dari-2-penjuru,"
Senin, 25 Agu 2025 14:58 WIB "
Legislator Minta Aksi Demo di DPR Tak Destruktif: Pikirkan Masyarakat Lain,https://news.detik.com/berita/d-8078155/legislator-minta-aksi-demo-di-dpr-tak-destruktif-pikirkan-masyarakat-lain,"
Senin, 25 Agu 2025 14:57 WIB "
"Demo 25 Agustus di DPR Masih Berlanjut, Ini Jalan yang Ditutup",https://news.detik.com/berita/d-8078146/demo-25-agustus-di-dpr-masih-berlanjut-ini-jalan-yang-ditutup,"
Senin, 25 Agu 2025 14:54 WIB "
"Komisi I DPR Tetap Rapat Meski Ada Demo, Singgung Situasi di Luar Memanas",https://news.detik.com/berita/d-8078123/komisi-i-dpr-tetap-rapat-meski-ada-demo-singgung-situasi-di-luar-memanas,"
Senin, 25 Agu 2025 14:44 WIB "
"Jebol Pintu Kecil Belakang DPR, Massa Demo 25 Agustus Bakar Motor",https://news.detik.com/berita/d-8078115/jebol-pintu-kecil-belakang-dpr-massa-demo-25-agustus-bakar-motor,"
Senin, 25 Agu 2025 14:42 WIB "
"Petasan Diledakkan saat Demo 25 Agustus di Belakang DPR, Ada yang Terluka",https://news.detik.com/berita/d-8078087/petasan-diledakkan-saat-demo-25-agustus-di-belakang-dpr-ada-yang-terluka,"
Senin, 25 Agu 2025 14:33 WIB "
"Demo Berlanjut di Belakang DPR, Massa Lempar Batu hingga Bakar Spanduk",https://news.detik.com/berita/d-8078061/demo-berlanjut-di-belakang-dpr-massa-lempar-batu-hingga-bakar-spanduk,"
Senin, 25 Agu 2025 14:24 WIB "
Beton Busway Roboh Saat Massa Demo 25 Agustus Dipukul Mundur dari DPR,https://news.detik.com/berita/d-8078025/beton-busway-roboh-saat-massa-demo-25-agustus-dipukul-mundur-dari-dpr,"
Senin, 25 Agu 2025 14:12 WIB "
"Dipukul Mundur, Massa Demo 25 Agustus Pindah ke Gerbang Belakang DPR",https://news.detik.com/berita/d-8078011/dipukul-mundur-massa-demo-25-agustus-pindah-ke-gerbang-belakang-dpr,"
Senin, 25 Agu 2025 14:02 WIB "
"Massa Demo 25 Agustus Depan DPR Memanas, Didorong Menjauh ke Arah Semanggi",https://news.detik.com/berita/d-8077953/massa-demo-25-agustus-depan-dpr-memanas-didorong-menjauh-ke-arah-semanggi,"
Senin, 25 Agu 2025 13:33 WIB "
Video: Bendera One Piece Berkibar saat Demo di Depan DPR,https://news.detik.com/detiktv/d-8077925/video-bendera-one-piece-berkibar-saat-demo-di-depan-dpr,"
Senin, 25 Agu 2025 13:24 WIB "
"Massa Demo 25 Agustus Sempat Masuk Tol Dalkot, Lalin Terhambat",https://news.detik.com/berita/d-8077902/massa-demo-25-agustus-sempat-masuk-tol-dalkot-lalin-terhambat,"
Senin, 25 Agu 2025 13:18 WIB "
"Video: Gedung DPR Mulai Dipadati Massa, Polisi Pasang Barikade-Tutup Jalan",https://news.detik.com/detiktv/d-8077860/video-gedung-dpr-mulai-dipadati-massa-polisi-pasang-barikade-tutup-jalan,"
Senin, 25 Agu 2025 13:03 WIB "
"Demo 25 Agustus di Depan DPR, Lalin Jalan Gatsu Arah Grogol Dialihkan",https://news.detik.com/berita/d-8077854/demo-25-agustus-di-depan-dpr-lalin-jalan-gatsu-arah-grogol-dialihkan,"
Senin, 25 Agu 2025 13:00 WIB "
"Demo Hari Ini di Depan DPR, Massa Kibarkan Bendera One Piece",https://news.detik.com/berita/d-8077832/demo-hari-ini-di-depan-dpr-massa-kibarkan-bendera-one-piece,"
Senin, 25 Agu 2025 12:46 WIB "
Penampakan Terkini Demo 25 Agustus di Depan DPR,https://news.detik.com/berita/d-8077769/penampakan-terkini-demo-25-agustus-di-depan-dpr,"
Senin, 25 Agu 2025 12:21 WIB "
"Bakal Ada Demo di Depan DPR Hari Ini, 1.250 Personel Gabungan Siaga",https://news.detik.com/berita/d-8077506/bakal-ada-demo-di-depan-dpr-hari-ini-1-250-personel-gabungan-siaga,"
Senin, 25 Agu 2025 10:10 WIB "
"Warga Pati Gelar Aksi Damai, Surati KPK Minta Bupati Sudewo Ditangkap",https://news.detik.com/berita/d-8077450/warga-pati-gelar-aksi-damai-surati-kpk-minta-bupati-sudewo-ditangkap,"
Senin, 25 Agu 2025 09:19 WIB "
"Dilaporkan Budayawan, Kasus Vandalisme Balai Kota Bogor Diusut Polisi",https://news.detik.com/berita/d-8074740/dilaporkan-budayawan-kasus-vandalisme-balai-kota-bogor-diusut-polisi,"
Jumat, 22 Agu 2025 20:40 WIB "
Aksi Anggota Polresta Bersihkan Vandalisme di Gedung Balai Kota Bogor,https://news.detik.com/berita/d-8074428/aksi-anggota-polresta-bersihkan-vandalisme-di-gedung-balai-kota-bogor,"
Jumat, 22 Agu 2025 16:52 WIB "
"Bupati Sudewo Muncul di Pati tapi Belum Hadir Pemeriksaan, KPK Bilang Begini",https://news.detik.com/berita/d-8073917/bupati-sudewo-muncul-di-pati-tapi-belum-hadir-pemeriksaan-kpk-bilang-begini,"
Jumat, 22 Agu 2025 14:13 WIB "
Bupati Pati Sudewo Kembali Muncul Usai Sepekan Menghilang,https://news.detik.com/berita/d-8073611/bupati-pati-sudewo-kembali-muncul-usai-sepekan-menghilang,"
Jumat, 22 Agu 2025 11:13 WIB "
"Demo Mahasiswa Berakhir Ricuh, Gedung Balai Kota Bogor Jadi Sasaran Vandalisme",https://news.detik.com/berita/d-8073243/demo-mahasiswa-berakhir-ricuh-gedung-balai-kota-bogor-jadi-sasaran-vandalisme,"
Jumat, 22 Agu 2025 03:00 WIB "
"Demo Tolak MoU Tampung Sampah di Pandeglang Ricuh, Pintu Kantor Bupati Rusak",https://news.detik.com/berita/d-8072877/demo-tolak-mou-tampung-sampah-di-pandeglang-ricuh-pintu-kantor-bupati-rusak,"
Kamis, 21 Agu 2025 18:54 WIB "
"Israel Mulai Operasi Caplok Kota Gaza, Hamas Beri Peringatan!",https://news.detik.com/internasional/d-8072415/israel-mulai-operasi-caplok-kota-gaza-hamas-beri-peringatan,"
Kamis, 21 Agu 2025 15:55 WIB "
"Tesso Nilo: Dilema Manusia, Gajah, dan Hutan",https://news.detik.com/kolom/d-8070368/tesso-nilo-dilema-manusia-gajah-dan-hutan,"
Kamis, 21 Agu 2025 13:02 WIB "
1.145 Polisi Disiagakan Amankan Demo di Depan DPR Hari Ini,https://news.detik.com/berita/d-8071636/1-145-polisi-disiagakan-amankan-demo-di-depan-dpr-hari-ini,"
Kamis, 21 Agu 2025 10:32 WIB "
"Heboh PBB Parepare Naik hingga 800%, Walkot Putuskan Tunda Penagihan",https://news.detik.com/berita/d-8071630/heboh-pbb-parepare-naik-hingga-800-walkot-putuskan-tunda-penagihan,"
Kamis, 21 Agu 2025 10:27 WIB "
"Beda Sikap, 1 Pentolan Aliansi Pendemo Ngaku Sudah Damai dengan Bupati Pati",https://news.detik.com/berita/d-8070763/beda-sikap-1-pentolan-aliansi-pendemo-ngaku-sudah-damai-dengan-bupati-pati,"
Rabu, 20 Agu 2025 17:16 WIB "
Membaca Potensi Bupati Pati Mempertahankan Kekuasaan,https://news.detik.com/berita/d-8070356/membaca-potensi-bupati-pati-mempertahankan-kekuasaan,"
Rabu, 20 Agu 2025 14:50 WIB "
KPK Dalami Aliran Uang di Rekening Penampungan Kasus TKA Kemnaker,https://news.detik.com/berita/d-8070340/kpk-dalami-aliran-uang-di-rekening-penampungan-kasus-tka-kemnaker,"
Rabu, 20 Agu 2025 14:43 WIB "
"8 Anggota TNI, 3 Polisi dan 2 Satpol PP Luka Imbas Demo Ricuh PBB di Bone",https://news.detik.com/berita/d-8070181/8-anggota-tni-3-polisi-dan-2-satpol-pp-luka-imbas-demo-ricuh-pbb-di-bone,"
Rabu, 20 Agu 2025 13:34 WIB "
"Demo Berujung Ricuh, Pemkab Bone Tunda Kenaikan PBB 65%",https://news.detik.com/berita/d-8070119/demo-berujung-ricuh-pemkab-bone-tunda-kenaikan-pbb-65,"
Rabu, 20 Agu 2025 13:07 WIB "
"54 Orang Diamankan Saat Demo Kenaikan PBB di Bone, Diduga Pakai Sabu-Miras",https://news.detik.com/berita/d-8070116/54-orang-diamankan-saat-demo-kenaikan-pbb-di-bone-diduga-pakai-sabu-miras,"
Rabu, 20 Agu 2025 13:04 WIB "
Polda Jateng dan Warga Kompak Patroli Bareng Jaga Situasi Pati Kondusif,https://news.detik.com/berita/d-8070081/polda-jateng-dan-warga-kompak-patroli-bareng-jaga-situasi-pati-kondusif,"
Rabu, 20 Agu 2025 12:42 WIB "
"MA Batalkan Putusan PTUN DKI, Proyek Gedung Kedubes India Bisa Lanjut",https://news.detik.com/berita/d-8069783/ma-batalkan-putusan-ptun-dki-proyek-gedung-kedubes-india-bisa-lanjut,"
Rabu, 20 Agu 2025 10:31 WIB "
Pansus Hak Angket DPRD Pati Tanya Camat soal Video Deklarasi Lunas PBB 250%,https://news.detik.com/berita/d-8068637/pansus-hak-angket-dprd-pati-tanya-camat-soal-video-deklarasi-lunas-pbb-250,"
Selasa, 19 Agu 2025 14:55 WIB "
"Mesir Siap Gabung Pasukan Internasional di Gaza, Asalkan...",https://news.detik.com/internasional/d-8068450/mesir-siap-gabung-pasukan-internasional-di-gaza-asalkan,"
Selasa, 19 Agu 2025 13:45 WIB "
"AS Cabut 6.000 Visa Pelajar Asing, Sebagian karena Ikut Demo Palestina",https://news.detik.com/bbc-world/d-8068307/as-cabut-6-000-visa-pelajar-asing-sebagian-karena-ikut-demo-palestina,"
Selasa, 19 Agu 2025 12:36 WIB "
Komisi I DPR Minta RI Ambil Sikap Tegas Usai Israel Mau Relokasi Warga Gaza,https://news.detik.com/berita/d-8067914/komisi-i-dpr-minta-ri-ambil-sikap-tegas-usai-israel-mau-relokasi-warga-gaza,"
Selasa, 19 Agu 2025 08:20 WIB "
Netanyahu Geram Didemo Warga Israel yang Serukan Setop Perang Gaza,https://news.detik.com/berita/d-8067666/netanyahu-geram-didemo-warga-israel-yang-serukan-setop-perang-gaza,"
Selasa, 19 Agu 2025 07:58 WIB "
"Ada Wacana Demo Bupati Pati Lagi, Mendagri Tito Minta Warga Tak Anarkis",https://news.detik.com/berita/d-8067711/ada-wacana-demo-bupati-pati-lagi-mendagri-tito-minta-warga-tak-anarkis,"
Senin, 18 Agu 2025 22:21 WIB "
5 Berita Terpopuler Internasional Hari Ini,https://news.detik.com/internasional/d-8067496/5-berita-terpopuler-internasional-hari-ini,"
Senin, 18 Agu 2025 19:24 WIB "
Dunia Hari Ini: Israel Gelar Protes Nasional Menuntut Diakhirinya Perang Gaza,https://news.detik.com/abc-australia/d-8067461/dunia-hari-ini-israel-gelar-protes-nasional-menuntut-diakhirinya-perang-gaza,"
Senin, 18 Agu 2025 18:40 WIB "
"Warga Israel Demo Serukan Setop Perang Gaza, Netanyahu Geram!",https://news.detik.com/internasional/d-8066747/warga-israel-demo-serukan-setop-perang-gaza-netanyahu-geram,"
Senin, 18 Agu 2025 11:00 WIB "
Puluhan Ribu Warga Israel Turun ke Jalan Serukan Akhiri Perang Gaza,https://news.detik.com/internasional/d-8066604/puluhan-ribu-warga-israel-turun-ke-jalan-serukan-akhiri-perang-gaza,"
Senin, 18 Agu 2025 09:05 WIB "
Kapolri-Panglima TNI Puji Upacara di Istana Lancar Bikin Warga Gembira,https://news.detik.com/berita/d-8066129/kapolri-panglima-tni-puji-upacara-di-istana-lancar-bikin-warga-gembira,"
Minggu, 17 Agu 2025 19:37 WIB "
"Tantangan Ekonomi Makin Berat, Mitra Ojol Harapkan Dapat KJP Plus",https://news.detik.com/berita/d-8065772/tantangan-ekonomi-makin-berat-mitra-ojol-harapkan-dapat-kjp-plus,"
Minggu, 17 Agu 2025 15:08 WIB "
"37 Bandara Peringati Hari Kemerdekaan RI, Ini Keseruannya",https://news.detik.com/berita/d-8065545/37-bandara-peringati-hari-kemerdekaan-ri-ini-keseruannya,"
Minggu, 17 Agu 2025 13:22 WIB "
"Komnas HAM Kirim Tim ke Pati, Minta Pemerintah Pastikan Pemulihan Korban",https://news.detik.com/berita/d-8063700/komnas-ham-kirim-tim-ke-pati-minta-pemerintah-pastikan-pemulihan-korban,"
Jumat, 15 Agu 2025 22:36 WIB "
Muhammadiyah Pati Apresiasi Polisi Amankan Demo: Warga Beraktivitas Kembali,https://news.detik.com/berita/d-8063698/muhammadiyah-pati-apresiasi-polisi-amankan-demo-warga-beraktivitas-kembali,"
Jumat, 15 Agu 2025 22:34 WIB "
FKUB Apresiasi Kapolsek Pati Kota dalam Pengamanan Demo Bupati,https://news.detik.com/berita/d-8063691/fkub-apresiasi-kapolsek-pati-kota-dalam-pengamanan-demo-bupati,"
Jumat, 15 Agu 2025 22:23 WIB "
Nelayan Merak Keluhkan Tangkapan Cumi Berkurang Imbas Pemotongan Kapal di Laut,https://news.detik.com/berita/d-8063036/nelayan-merak-keluhkan-tangkapan-cumi-berkurang-imbas-pemotongan-kapal-di-laut,"
Jumat, 15 Agu 2025 16:27 WIB "
Perdana! Pidato Lengkap Prabowo di Sidang Tahunan MPR 2025,https://news.detik.com/berita/d-8062747/perdana-pidato-lengkap-prabowo-di-sidang-tahunan-mpr-2025,"
Jumat, 15 Agu 2025 14:53 WIB "
Prabowo: Efisiensi Ini Perintah UUD tapi Ada yang Demo,https://news.detik.com/berita/d-8062211/prabowo-efisiensi-ini-perintah-uud-tapi-ada-yang-demo,"
Jumat, 15 Agu 2025 11:20 WIB "
Gubernur Jateng Tunggu Hasil Pansus Pemakzulan Bupati Pati,https://news.detik.com/berita/d-8061697/gubernur-jateng-tunggu-hasil-pansus-pemakzulan-bupati-pati,"
Kamis, 14 Agu 2025 22:59 WIB "
Teguran Mendagri ke Bupati Pati,https://news.detik.com/berita/d-8061598/teguran-mendagri-ke-bupati-pati,"
Kamis, 14 Agu 2025 21:01 WIB "
"Tolak Kerja Sama Sampah, Massa Paksa Masuk Kantor Bupati Pandeglang",https://news.detik.com/berita/d-8061138/tolak-kerja-sama-sampah-massa-paksa-masuk-kantor-bupati-pandeglang,"
Kamis, 14 Agu 2025 17:20 WIB "
"Bupati Sudewo Dituntut Mundur, Dasco Bilang DPRD Pati Sudah On the Track",https://news.detik.com/berita/d-8061008/bupati-sudewo-dituntut-mundur-dasco-bilang-dprd-pati-sudah-on-the-track,"
Kamis, 14 Agu 2025 16:18 WIB "
Dari Mana Muncul Nama Bupati Pati di Kasus Suap Jalur Kereta?,https://news.detik.com/berita/d-8060984/dari-mana-muncul-nama-bupati-pati-di-kasus-suap-jalur-kereta,"
Kamis, 14 Agu 2025 16:07 WIB "
"Belajar dari Pati, Kenapa Pemda Perlu Naikkan Pajak?",https://news.detik.com/berita/d-8060774/belajar-dari-pati-kenapa-pemda-perlu-naikkan-pajak,"
Kamis, 14 Agu 2025 14:58 WIB "
Tito Sebut Kenaikan PBB 250% di Pati Tak Sampai ke Kemendagri,https://news.detik.com/berita/d-8060750/tito-sebut-kenaikan-pbb-250-di-pati-tak-sampai-ke-kemendagri,"
Kamis, 14 Agu 2025 14:53 WIB "
Mendagri Tegur Bupati Pati Terkait Kenaikan PBB 250% Berujung Aksi Massa,https://news.detik.com/berita/d-8060677/mendagri-tegur-bupati-pati-terkait-kenaikan-pbb-250-berujung-aksi-massa,"
Kamis, 14 Agu 2025 14:20 WIB "
Mendagri Nilai Pansus Pemakzulan Bupati Pati Tak Terkait Kenaikan PBB 250%,https://news.detik.com/berita/d-8060610/mendagri-nilai-pansus-pemakzulan-bupati-pati-tak-terkait-kenaikan-pbb-250,"
Kamis, 14 Agu 2025 13:42 WIB "
Pansus Kaji 12 Kebijakan Kontroversial Bupati Pati: Banyak Sekali Masalahnya,https://news.detik.com/berita/d-8060476/pansus-kaji-12-kebijakan-kontroversial-bupati-pati-banyak-sekali-masalahnya,"
Kamis, 14 Agu 2025 12:52 WIB "
Kapolri Pastikan Demo Desak Bupati Pati Mundur Terkendali,https://news.detik.com/berita/d-8060471/kapolri-pastikan-demo-desak-bupati-pati-mundur-terkendali,"
Kamis, 14 Agu 2025 12:48 WIB "
"DPRD Bentuk Pansus Pemakzulan Bupati Pati, Ini Reaksi Massa yang Demo",https://news.detik.com/berita/d-8060358/dprd-bentuk-pansus-pemakzulan-bupati-pati-ini-reaksi-massa-yang-demo,"
Kamis, 14 Agu 2025 11:47 WIB "
Dari Pusaka Sakti ke Bupati Pati,https://news.detik.com/kolom/d-8060347/dari-pusaka-sakti-ke-bupati-pati,"
Kamis, 14 Agu 2025 11:38 WIB "
Polisi Pulangkan 22 Orang yang Sempat Diamankan Saat Demo Pati Ricuh,https://news.detik.com/berita/d-8060333/polisi-pulangkan-22-orang-yang-sempat-diamankan-saat-demo-pati-ricuh,"
Kamis, 14 Agu 2025 11:35 WIB "
"Muncul Pansus Pemakzulan Bupati Pati di DPRD, Apa Itu Hak Angket?",https://news.detik.com/berita/d-8060300/muncul-pansus-pemakzulan-bupati-pati-di-dprd-apa-itu-hak-angket,"
Kamis, 14 Agu 2025 11:19 WIB "
"Duduk Perkara PBB Naik, Tantangan hingga Demo Besar Desak Bupati Pati Mundur",https://news.detik.com/berita/d-8060250/duduk-perkara-pbb-naik-tantangan-hingga-demo-besar-desak-bupati-pati-mundur,"
Kamis, 14 Agu 2025 10:57 WIB "
Ketua Komisi II DPR Nilai Kasus Bupati Pati Tak Perlu Sampai Pemakzulan,https://news.detik.com/berita/d-8060252/ketua-komisi-ii-dpr-nilai-kasus-bupati-pati-tak-perlu-sampai-pemakzulan,"
Kamis, 14 Agu 2025 10:57 WIB "
"Pansus Pemakzulan Bupati Pati Langsung Dimulai, Hal Ini yang Dibahas",https://news.detik.com/berita/d-8060240/pansus-pemakzulan-bupati-pati-langsung-dimulai-hal-ini-yang-dibahas,"
Kamis, 14 Agu 2025 10:50 WIB "
"MPR Siap Gelar Sidang Tahunan MPR 2025, Bakal Dihadiri SBY-Jusuf Kalla",https://news.detik.com/berita/d-8060093/mpr-siap-gelar-sidang-tahunan-mpr-2025-bakal-dihadiri-sby-jusuf-kalla,"
Kamis, 14 Agu 2025 09:09 WIB "
Demo Bupati Pati Berlanjut Pansus Pemakzulan,https://news.detik.com/berita/d-8059765/demo-bupati-pati-berlanjut-pansus-pemakzulan,"
Kamis, 14 Agu 2025 07:58 WIB "
Polda Jateng Pastikan Pati Kondusif Usai Warga Demo Bupati Sudewo,https://news.detik.com/berita/d-8059714/polda-jateng-pastikan-pati-kondusif-usai-warga-demo-bupati-sudewo,"
Rabu, 13 Agu 2025 20:23 WIB "
"Bupati Pati Didemo, Sekjen Gerindra: Kebijakan Jangan Tambah Beban Warga",https://news.detik.com/berita/d-8059705/bupati-pati-didemo-sekjen-gerindra-kebijakan-jangan-tambah-beban-warga,"
Rabu, 13 Agu 2025 20:18 WIB "
Istana Tepis Anggaran Daerah Minim Penyebab Bupati Pati Naikkan PBB 250%,https://news.detik.com/berita/d-8059621/istana-tepis-anggaran-daerah-minim-penyebab-bupati-pati-naikkan-pbb-250,"
Rabu, 13 Agu 2025 19:18 WIB "
Istana Respons Demo Berlanjut Pemakzulan Bupati Pati Sudewo: Kita Hormati,https://news.detik.com/berita/d-8059596/istana-respons-demo-berlanjut-pemakzulan-bupati-pati-sudewo-kita-hormati,"
Rabu, 13 Agu 2025 18:54 WIB "
"Anggota DPD Soroti Demo di Pati, Minta Bupati Sudewo Bersikap Bijak",https://news.detik.com/berita/d-8059474/anggota-dpd-soroti-demo-di-pati-minta-bupati-sudewo-bersikap-bijak,"
Rabu, 13 Agu 2025 17:52 WIB "
"Demo Bupati Pati Berlanjut Pansus Pemakzulan, Ini Respons Kemendagri",https://news.detik.com/berita/d-8059383/demo-bupati-pati-berlanjut-pansus-pemakzulan-ini-respons-kemendagri,"
Rabu, 13 Agu 2025 17:16 WIB "
"Demo di Kantor Bupati Pati Sempat Ricuh, Begini Suasana Terkini",https://news.detik.com/berita/d-8059289/demo-di-kantor-bupati-pati-sempat-ricuh-begini-suasana-terkini,"
Rabu, 13 Agu 2025 16:47 WIB "
"Hasil Penelusuran, Tak Ada Korban Jiwa Saat Demo Bupati Pati",https://news.detik.com/berita/d-8059282/hasil-penelusuran-tak-ada-korban-jiwa-saat-demo-bupati-pati,"
Rabu, 13 Agu 2025 16:42 WIB "
"Penampakan Sisa-sisa Demo Bupati Pati, Ada Mobil Hangus Terbakar",https://news.detik.com/berita/d-8059236/penampakan-sisa-sisa-demo-bupati-pati-ada-mobil-hangus-terbakar,"
Rabu, 13 Agu 2025 16:26 WIB "
Bupati Pati soal Tuntutan Mundur: Saya Dipilih Rakyat secara Konstitusional,https://news.detik.com/berita/d-8059148/bupati-pati-soal-tuntutan-mundur-saya-dipilih-rakyat-secara-konstitusional,"
Rabu, 13 Agu 2025 15:43 WIB "
"DPRD Pati Sepakati Hak Angket, Bentuk Pansus Pemakzulan Bupati Sudewo",https://news.detik.com/berita/d-8059021/dprd-pati-sepakati-hak-angket-bentuk-pansus-pemakzulan-bupati-sudewo,"
Rabu, 13 Agu 2025 14:51 WIB "
Di Balik Demo Warga Pati dan Seruan Mundur untuk Bupati,https://news.detik.com/berita/d-8058902/di-balik-demo-warga-pati-dan-seruan-mundur-untuk-bupati,"
Rabu, 13 Agu 2025 14:40 WIB "
Bupati Pati Dilempari Botol Saat Bicara di Depan Massa,https://news.detik.com/berita/d-8058776/bupati-pati-dilempari-botol-saat-bicara-di-depan-massa,"
Rabu, 13 Agu 2025 13:10 WIB "
"Didesak Mundur, Bupati Pati Temui Demonstran: Saya Mohon Maaf",https://news.detik.com/berita/d-8058764/didesak-mundur-bupati-pati-temui-demonstran-saya-mohon-maaf,"
Rabu, 13 Agu 2025 13:03 WIB "
"Demo Pati Ricuh, Bupati Sadewo Belum Muncul Temui Lautan Massa",https://news.detik.com/berita/d-8058709/demo-pati-ricuh-bupati-sadewo-belum-muncul-temui-lautan-massa,"
Rabu, 13 Agu 2025 12:40 WIB "
"Demo Pati Memanas, Massa Panjat Gedung DPRD Desak Bupati Mundur",https://news.detik.com/berita/d-8058684/demo-pati-memanas-massa-panjat-gedung-dprd-desak-bupati-mundur,"
Rabu, 13 Agu 2025 12:27 WIB "
"Massa Demo Desak Bupati Pati Mundur, Ada Keranda Mayat-Truk Tronton",https://news.detik.com/berita/d-8058411/massa-demo-desak-bupati-pati-mundur-ada-keranda-mayat-truk-tronton,"
Rabu, 13 Agu 2025 10:14 WIB "
"Israel Bersiap Kirim Serangan Baru, Netanyahu Minta Warga Gaza Keluar",https://news.detik.com/internasional/d-8058264/israel-bersiap-kirim-serangan-baru-netanyahu-minta-warga-gaza-keluar,"
Rabu, 13 Agu 2025 08:15 WIB "
MAKI Jawab Eks Menag Yaqut: Tahap Penyidikan Sudah Harus Ada Tersangka,https://news.detik.com/berita/d-8058162/maki-jawab-eks-menag-yaqut-tahap-penyidikan-sudah-harus-ada-tersangka,"
Rabu, 13 Agu 2025 06:17 WIB "
"NU Pati Keluarkan Maklumat, Minta Bupati Minta Maaf Terbuka soal PBB 250%",https://news.detik.com/berita/d-8055376/nu-pati-keluarkan-maklumat-minta-bupati-minta-maaf-terbuka-soal-pbb-250,"
Senin, 11 Agu 2025 14:10 WIB "
Kecaman Bertubi-tubi Buat Israel yang Bertekad Caplok Gaza,https://news.detik.com/internasional/d-8054668/kecaman-bertubi-tubi-buat-israel-yang-bertekad-caplok-gaza,"
Senin, 11 Agu 2025 06:00 WIB "
Warga Israel Demo di Tel Aviv Tuntut Akhiri Perang di Gaza-Bebaskan Sandera,https://news.detik.com/internasional/d-8053508/warga-israel-demo-di-tel-aviv-tuntut-akhiri-perang-di-gaza-bebaskan-sandera,"
Minggu, 10 Agu 2025 04:45 WIB "
Wakil Panglima TNI Dilantik 10 Agustus di Batujajar,https://news.detik.com/berita/d-8051371/wakil-panglima-tni-dilantik-10-agustus-di-batujajar,"
Jumat, 08 Agu 2025 15:11 WIB "
"Bupati Pati Batal Naikkan PBB 250%, Massa Tetap Demo 13 Agustus",https://news.detik.com/berita/d-8050982/bupati-pati-batal-naikkan-pbb-250-massa-tetap-demo-13-agustus,"
Jumat, 08 Agu 2025 11:48 WIB "
Bupati Pati Minta Maaf Bilang '50 Ribu Massa Silakan' Demo Tolak PBB Naik 250%,https://news.detik.com/berita/d-8049451/bupati-pati-minta-maaf-bilang-50-ribu-massa-silakan-demo-tolak-pbb-naik-250,"
Kamis, 07 Agu 2025 13:21 WIB "
5 Berita Terpopuler Internasional Hari Ini,https://news.detik.com/internasional/d-8048240/5-berita-terpopuler-internasional-hari-ini,"
Rabu, 06 Agu 2025 17:33 WIB "
Bupati Pati Bela Satpol PP Sita Donasi Massa Tolak Kenaikan PBB 250%,https://news.detik.com/berita/d-8048151/bupati-pati-bela-satpol-pp-sita-donasi-massa-tolak-kenaikan-pbb-250,"
Rabu, 06 Agu 2025 16:50 WIB "
"Heboh Bupati Pati Naikkan PBB 250%, Muncul Demo Penolakan",https://news.detik.com/berita/d-8047366/heboh-bupati-pati-naikkan-pbb-250-muncul-demo-penolakan,"
Rabu, 06 Agu 2025 11:12 WIB "
"Tumben-tumbennya Warga China Demo Besar-besaran, Ini Penyebabnya",https://news.detik.com/internasional/d-8046470/tumben-tumbennya-warga-china-demo-besar-besaran-ini-penyebabnya,"
Selasa, 05 Agu 2025 17:25 WIB "
Pendiri WikiLeaks dan Ribuan Warga di Australia Demo Desak Setop Perang Gaza,https://news.detik.com/internasional/d-8042826/pendiri-wikileaks-dan-ribuan-warga-di-australia-demo-desak-setop-perang-gaza,"
Minggu, 03 Agu 2025 14:18 WIB "
Misi Mulia Sido Muncul Lewat Pelatihan Racik Jamu ke Ratusan Angkringan Jogja,https://news.detik.com/advertorial/d-8041643/misi-mulia-sido-muncul-lewat-pelatihan-racik-jamu-ke-ratusan-angkringan-jogja,"
Minggu, 03 Agu 2025 00:00 WIB "
5 Berita Terpopuler Internasional Hari Ini,https://news.detik.com/internasional/d-8041995/5-berita-terpopuler-internasional-hari-ini,"
Sabtu, 02 Agu 2025 17:39 WIB "
"Marah Tarif 50%, Warga Brasil Ramai-ramai Bakar Patung Trump",https://news.detik.com/internasional/d-8041665/marah-tarif-50-warga-brasil-ramai-ramai-bakar-patung-trump,"
Sabtu, 02 Agu 2025 13:55 WIB "
