title,url,date
Rekomendasi Lengkap KNKT ke Sriwijaya Air Usai Kecelakaan SJ182,https://news.detik.com/berita/d-6399065/rekomendasi-lengkap-knkt-ke-sriwijaya-air-usai-kecelakaan-sj182,"
Kamis, 10 Nov 2022 18:16 WIB "
KNKT Paparkan 6 Penyebab Jatuhnya Sriwijaya Air SJ182 di Kepulauan Seribu,https://news.detik.com/berita/d-6398784/knkt-paparkan-6-penyebab-jatuhnya-sriwijaya-air-sj182-di-kepulauan-seribu,"
Kamis, 10 Nov 2022 16:48 WIB "
3 Buka-bukaan KNKT soal Sriwijaya Air SJ182 saat Rapat di Senayan,https://news.detik.com/berita/d-6386929/3-buka-bukaan-knkt-soal-sriwijaya-air-sj182-saat-rapat-di-senayan,"
Jumat, 04 Nov 2022 07:41 WIB "
"Berselang Hampir 2 Tahun, Investigasi Jatuhnya Sriwijaya Air Terungkap",https://news.detik.com/detiktv/d-6386860/berselang-hampir-2-tahun-investigasi-jatuhnya-sriwijaya-air-terungkap,"
Jumat, 04 Nov 2022 06:09 WIB "
Dugaan di Balik Tak Terekamnya Suara Pilot Sriwijaya Air SJ182,https://news.detik.com/berita/d-6386673/dugaan-di-balik-tak-terekamnya-suara-pilot-sriwijaya-air-sj182,"
Kamis, 03 Nov 2022 22:05 WIB "
Ini Kesimpulan KNKT Investigasi Kecelakaan Sriwijaya Air SJ182,https://news.detik.com/berita/d-6385965/ini-kesimpulan-knkt-investigasi-kecelakaan-sriwijaya-air-sj182,"
Kamis, 03 Nov 2022 16:05 WIB "
"Suara Kapten Sriwijaya Air SJ182 Tak Terekam CVR, Ini Dugaan KNKT",https://news.detik.com/berita/d-6385864/suara-kapten-sriwijaya-air-sj182-tak-terekam-cvr-ini-dugaan-knkt,"
Kamis, 03 Nov 2022 15:32 WIB "
"Investigasi Kecelakaan SJ182, KNKT: Pilot Tak Sadari Perubahan di Kokpit",https://news.detik.com/berita/d-6385814/investigasi-kecelakaan-sj182-knkt-pilot-tak-sadari-perubahan-di-kokpit,"
Kamis, 03 Nov 2022 15:08 WIB "
KNKT Beberkan Investigasi Kecelakaan Sriwijaya Air SJ182 di Rapat DPR,https://news.detik.com/berita/d-6385603/knkt-beberkan-investigasi-kecelakaan-sriwijaya-air-sj182-di-rapat-dpr,"
Kamis, 03 Nov 2022 13:45 WIB "
Repatriasi Prasasti Pucangan Disebut Bagian Upaya Penanaman Nilai Bangsa,https://news.detik.com/berita/d-6292131/repatriasi-prasasti-pucangan-disebut-bagian-upaya-penanaman-nilai-bangsa,"
Rabu, 14 Sep 2022 20:57 WIB "
"Didampingi Prabowo, Ma'ruf Amin Tetapkan 2.974 Komcad TNI Tahun 2022",https://news.detik.com/berita/d-6279389/didampingi-prabowo-maruf-amin-tetapkan-2-974-komcad-tni-tahun-2022,"
Kamis, 08 Sep 2022 10:21 WIB "
Pesawat yang Ditumpangi Bamsoet Gagal Mendarat di Ambon Akibat Cuaca Buruk,https://news.detik.com/berita/d-6199422/pesawat-yang-ditumpangi-bamsoet-gagal-mendarat-di-ambon-akibat-cuaca-buruk,"
Selasa, 26 Jul 2022 13:17 WIB "
1 Mobil Sempat Terjebak Banjir di Taman Cibodas Tangerang,https://news.detik.com/berita/d-6181884/1-mobil-sempat-terjebak-banjir-di-taman-cibodas-tangerang,"
Sabtu, 16 Jul 2022 05:17 WIB "
"Basarnas Jakarta Gelar Pelatihan AEE, Bahas Pesawat Jatuh di Laut",https://news.detik.com/berita/d-6127593/basarnas-jakarta-gelar-pelatihan-aee-bahas-pesawat-jatuh-di-laut,"
Selasa, 14 Jun 2022 23:23 WIB "
Peluang Wisata Daerah Mendunia Pasca-MotoGP Mandalika,https://news.detik.com/kolom/d-6050697/peluang-wisata-daerah-mendunia-pasca-motogp-mandalika,"
Selasa, 26 Apr 2022 10:00 WIB "
Herman Deru Harap Infrastruktur-SDM RS di Sumsel Terus Alami Peningkatan,https://news.detik.com/berita/d-6044662/herman-deru-harap-infrastruktur-sdm-rs-di-sumsel-terus-alami-peningkatan,"
Kamis, 21 Apr 2022 21:45 WIB "
Sriwijaya Air Terminal Berapa di Soetta? Cek Dulu Info Terbarunya,https://news.detik.com/berita/d-6031124/sriwijaya-air-terminal-berapa-di-soetta-cek-dulu-info-terbarunya,"
Kamis, 14 Apr 2022 22:23 WIB "
"Kembali Dibuka, Begini Kondisi Terminal 1 Bandara Soetta Pagi Ini",https://news.detik.com/berita/d-6011151/kembali-dibuka-begini-kondisi-terminal-1-bandara-soetta-pagi-ini,"
Jumat, 01 Apr 2022 10:37 WIB "
Terminal 1 Bandara Soetta Layani Penumpang Lagi Mulai Besok,https://news.detik.com/berita/d-6009882/terminal-1-bandara-soetta-layani-penumpang-lagi-mulai-besok,"
Kamis, 31 Mar 2022 15:11 WIB "
"Tanam Pohon Kayu Bawang di IKN, Gubernur Bengkulu: Simbol Kehidupan Baru",https://news.detik.com/berita/d-5982166/tanam-pohon-kayu-bawang-di-ikn-gubernur-bengkulu-simbol-kehidupan-baru,"
Senin, 14 Mar 2022 13:44 WIB "
"Kemenhub Ajak Masyarakat Gunakan Angkutan Umum, Pemda Diminta Proaktif",https://news.detik.com/berita/d-5957072/kemenhub-ajak-masyarakat-gunakan-angkutan-umum-pemda-diminta-proaktif,"
Kamis, 24 Feb 2022 15:30 WIB "
Duka Sandiaga Melepas Ayahanda Mertua,https://news.detik.com/berita/d-5930843/duka-sandiaga-melepas-ayahanda-mertua,"
Minggu, 06 Feb 2022 23:54 WIB "
Suasana Prosesi Pemakaman Mertua Sandiaga Uno,https://news.detik.com/detiktv/d-5930818/suasana-prosesi-pemakaman-mertua-sandiaga-uno,"
Minggu, 06 Feb 2022 22:42 WIB "
Filosofi Maung Lodaya Simbol Polisi di Jabar,https://news.detik.com/berita-jawa-barat/d-5919575/filosofi-maung-lodaya-simbol-polisi-di-jabar,"
Sabtu, 29 Jan 2022 08:04 WIB "
Taufiq Kasrun Ditunjuk Jadi Manajer Baru Persela,https://news.detik.com/berita-jawa-timur/d-5868880/taufiq-kasrun-ditunjuk-jadi-manajer-baru-persela,"
Jumat, 24 Des 2021 13:55 WIB "
Bandara Soetta Diprediksi Alami Lonjakan Penumpang pada H-1 Natal,https://news.detik.com/berita/d-5866539/bandara-soetta-diprediksi-alami-lonjakan-penumpang-pada-h-1-natal,"
Rabu, 22 Des 2021 20:28 WIB "
Pengakuan Pencari Harta Karun Kerajaan Sriwijaya dan Majapahit,https://news.detik.com/bbc-world/d-5829624/pengakuan-pencari-harta-karun-kerajaan-sriwijaya-dan-majapahit,"
Sabtu, 27 Nov 2021 11:33 WIB "
Cerita Harta Karun Sriwijaya di Hutan Tersingkap Usai Karhutla,https://news.detik.com/berita/d-5785398/cerita-harta-karun-sriwijaya-di-hutan-tersingkap-usai-karhutla,"
Rabu, 27 Okt 2021 18:40 WIB "
"Harta Karun di Sungai Musi Temuan Lama, Sebagian Berada di Luar Negeri",https://news.detik.com/berita/d-5784615/harta-karun-di-sungai-musi-temuan-lama-sebagian-berada-di-luar-negeri,"
Rabu, 27 Okt 2021 12:10 WIB "
Harta Karun Sriwijaya di Sungai Musi: Permata Raja-Patung Buddha Abad ke-8,https://news.detik.com/internasional/d-5784089/harta-karun-sriwijaya-di-sungai-musi-permata-raja-patung-buddha-abad-ke-8,"
Selasa, 26 Okt 2021 22:05 WIB "
"Masjid Sriwijaya Mangkrak Jadi Sarang Ular-Babi, DMI Minta Pemprov Bergerak",https://news.detik.com/berita/d-5751558/masjid-sriwijaya-mangkrak-jadi-sarang-ular-babi-dmi-minta-pemprov-bergerak,"
Senin, 04 Okt 2021 07:24 WIB "
Catatan MUI soal Masjid Sriwijaya Mangkrak hingga Jadi Sarang Ular-Babi,https://news.detik.com/berita/d-5751510/catatan-mui-soal-masjid-sriwijaya-mangkrak-hingga-jadi-sarang-ular-babi,"
Senin, 04 Okt 2021 05:30 WIB "
"Mangkrak Gegara Korupsi, Masjid Sriwijaya Jadi Sarang Kobra-Babi",https://news.detik.com/berita/d-5750504/mangkrak-gegara-korupsi-masjid-sriwijaya-jadi-sarang-kobra-babi,"
Minggu, 03 Okt 2021 05:02 WIB "
"Masjid Sriwijaya Mangkrak Akibat Dikorupsi, Warga: Jadi Sarang Ular-Babi",https://news.detik.com/berita/d-5749984/masjid-sriwijaya-mangkrak-akibat-dikorupsi-warga-jadi-sarang-ular-babi,"
Sabtu, 02 Okt 2021 15:08 WIB "
"7 Pahlawan Revolusi Korban G30S/PKI, Ini Profil Lengkapnya",https://news.detik.com/berita/d-5744561/7-pahlawan-revolusi-korban-g30s-pki-ini-profil-lengkapnya,"
Rabu, 29 Sep 2021 08:55 WIB "
Di Balik Sendang Made yang Adem di Jombang Ada Cerita Pelarian Raja Airlangga,https://news.detik.com/berita-jawa-timur/d-5710346/di-balik-sendang-made-yang-adem-di-jombang-ada-cerita-pelarian-raja-airlangga,"
Minggu, 05 Sep 2021 07:29 WIB "
Catatan Menteri Perindustrian di HUT Kemerdekaan RI ke-76,https://news.detik.com/kolom/d-5685250/catatan-menteri-perindustrian-di-hut-kemerdekaan-ri-ke-76,"
Selasa, 17 Agu 2021 11:03 WIB "
Ambruknya Industri Penerbangan,https://news.detik.com/kolom/d-5678985/ambruknya-industri-penerbangan,"
Kamis, 12 Agu 2021 10:49 WIB "
"3 Penumpang Lolos ke Sorong Tanpa Surat Izin Masuk, Satgas Semprot Maskapai",https://news.detik.com/berita/d-5671992/3-penumpang-lolos-ke-sorong-tanpa-surat-izin-masuk-satgas-semprot-maskapai,"
Jumat, 06 Agu 2021 12:12 WIB "
Lika-liku Penjemput Bantuan Oksigen dari Sumsel: Lewati Rimba-Sebrangi Laut,https://news.detik.com/berita-jawa-barat/d-5657904/lika-liku-penjemput-bantuan-oksigen-dari-sumsel-lewati-rimba-sebrangi-laut,"
Senin, 26 Jul 2021 23:33 WIB "
"Tabung Oksigen Langka, Andre Rosiade Dorong Erick Thohir Berdayakan BUMN",https://news.detik.com/berita/d-5636891/tabung-oksigen-langka-andre-rosiade-dorong-erick-thohir-berdayakan-bumn,"
Jumat, 09 Jul 2021 11:03 WIB "
Pelebaran Ruas Jalan Sriwijaya di Semarang Ditarget Rampung September,https://news.detik.com/berita/d-5577850/pelebaran-ruas-jalan-sriwijaya-di-semarang-ditarget-rampung-september,"
Jumat, 21 Mei  2021 17:40 WIB "
Kapan Hasil Investigasi Jatuhnya Sriwijaya Air SJ182 Diungkap? Ini Jawaban KNKT,https://news.detik.com/berita/d-5553689/kapan-hasil-investigasi-jatuhnya-sriwijaya-air-sj182-diungkap-ini-jawaban-knkt,"
Sabtu, 01 Mei  2021 14:14 WIB "
KNKT: Percakapan di Kokpit Sriwijaya Air SJ182 yang Jatuh Terdengar Jelas,https://news.detik.com/berita/d-5553544/knkt-percakapan-di-kokpit-sriwijaya-air-sj182-yang-jatuh-terdengar-jelas,"
Sabtu, 01 Mei  2021 12:00 WIB "
Setop Lakukan Ini Agar Keluarga Awak KRI Nanggala-402 Tidak Trauma,https://news.detik.com/berita/d-5545864/setop-lakukan-ini-agar-keluarga-awak-kri-nanggala-402-tidak-trauma,"
Minggu, 25 Apr 2021 16:54 WIB "
Kecanggihan KRI Rigel yang Dilibatkan Cari KRI Nanggala-402,https://news.detik.com/berita/d-5543326/kecanggihan-kri-rigel-yang-dilibatkan-cari-kri-nanggala-402,"
Jumat, 23 Apr 2021 11:16 WIB "
KRI Rigel Dikerahkan Cari Titik Magnet Petunjuk Kapal Selam Hilang,https://news.detik.com/berita/d-5543226/kri-rigel-dikerahkan-cari-titik-magnet-petunjuk-kapal-selam-hilang,"
Jumat, 23 Apr 2021 10:02 WIB "
Catatan Laksda (Purn) Soleman soal Hilangnya KRI Nanggala-402,https://news.detik.com/berita/d-5543114/catatan-laksda-purn-soleman-soal-hilangnya-kri-nanggala-402,"
Jumat, 23 Apr 2021 06:47 WIB "
"Kapal Selam KRI Nanggala-402 Hilang, Keluarga Awak: Kami Masih Syok",https://news.detik.com/bbc-world/d-5542426/kapal-selam-kri-nanggala-402-hilang-keluarga-awak-kami-masih-syok,"
Kamis, 22 Apr 2021 16:32 WIB "
Panglima TNI Pupuk Harapan Selamatkan Awak KRI Nanggala-402,https://news.detik.com/berita/d-5542152/panglima-tni-pupuk-harapan-selamatkan-awak-kri-nanggala-402,"
Kamis, 22 Apr 2021 14:15 WIB "
Fakta-fakta Terkini Pencarian Kapal Selam KRI Nanggala 402,https://news.detik.com/berita/d-5541896/fakta-fakta-terkini-pencarian-kapal-selam-kri-nanggala-402,"
Kamis, 22 Apr 2021 11:20 WIB "
"5 KRI-1 Heli Cari KRI Nanggala-402, Hyperbaric Chamber Disiapkan",https://news.detik.com/berita/d-5541762/5-kri-1-heli-cari-kri-nanggala-402-hyperbaric-chamber-disiapkan,"
Kamis, 22 Apr 2021 09:55 WIB "
Lampu Merah Penerbangan Komersial Kita,https://news.detik.com/kolom/d-5533067/lampu-merah-penerbangan-komersial-kita,"
Kamis, 15 Apr 2021 09:50 WIB "
KNKT Berhasil Unduh Rekaman Percakapan Kecelakaan dari CVR Sriwijaya Air,https://news.detik.com/berita/d-5530758/knkt-berhasil-unduh-rekaman-percakapan-kecelakaan-dari-cvr-sriwijaya-air,"
Selasa, 13 Apr 2021 14:04 WIB "
Bamsoet Imbau Anggota Perbakin Agar Tak Gunakan Senpi untuk Arogansi,https://news.detik.com/berita/d-5528244/bamsoet-imbau-anggota-perbakin-agar-tak-gunakan-senpi-untuk-arogansi,"
Minggu, 11 Apr 2021 12:52 WIB "
KNKT Jelaskan Tahapan Pembacaan CVR Sriwijaya Air SJ182,https://news.detik.com/berita/d-5516144/knkt-jelaskan-tahapan-pembacaan-cvr-sriwijaya-air-sj182,"
Kamis, 01 Apr 2021 08:50 WIB "
Partai Demokrat Kubu Moeldoko Ditolak hingga Mabes Polri Diserang,https://news.detik.com/berita/d-5515796/partai-demokrat-kubu-moeldoko-ditolak-hingga-mabes-polri-diserang,"
Rabu, 31 Mar 2021 20:13 WIB "
Video Momen Pertama Kalinya CVR Sriwijaya Air SJ182 Ditemukan,https://news.detik.com/detiktv/d-5515453/video-momen-pertama-kalinya-cvr-sriwijaya-air-sj182-ditemukan,"
Rabu, 31 Mar 2021 16:24 WIB "
KNKT Ungkap Perjuangan Tim Pencari CVR SJ182: Tangan Terluka-Diburu Waktu,https://news.detik.com/berita/d-5515319/knkt-ungkap-perjuangan-tim-pencari-cvr-sj182-tangan-terluka-diburu-waktu,"
Rabu, 31 Mar 2021 15:24 WIB "
Detik-detik Penemuan CVR Sriwijaya Air SJ182 oleh Kapal King Arthur 8,https://news.detik.com/berita/d-5515293/detik-detik-penemuan-cvr-sriwijaya-air-sj182-oleh-kapal-king-arthur-8,"
Rabu, 31 Mar 2021 15:12 WIB "
"KNKT Pastikan Memori CVR SJ182 Utuh, Proses Pembacaan 3-7 Hari",https://news.detik.com/berita/d-5515222/knkt-pastikan-memori-cvr-sj182-utuh-proses-pembacaan-3-7-hari,"
Rabu, 31 Mar 2021 14:19 WIB "
Ini Peran CVR Sriwijaya Air SJ182 yang Akhirnya Ditemukan,https://news.detik.com/berita/d-5515002/ini-peran-cvr-sriwijaya-air-sj182-yang-akhirnya-ditemukan,"
Rabu, 31 Mar 2021 12:08 WIB "
CVR Sriwijaya Air SJ182 Ditemukan 500 Meter dari Pulau Laki,https://news.detik.com/berita/d-5514943/cvr-sriwijaya-air-sj182-ditemukan-500-meter-dari-pulau-laki,"
Rabu, 31 Mar 2021 11:35 WIB "
Perjalanan Pencarian CVR Sriwijaya Air SJ182 Hingga Akhirnya Ditemukan,https://news.detik.com/berita/d-5514920/perjalanan-pencarian-cvr-sriwijaya-air-sj182-hingga-akhirnya-ditemukan,"
Rabu, 31 Mar 2021 11:16 WIB "
CVR Sriwijaya Air SJ182 Akhirnya Ditemukan!,https://news.detik.com/berita/d-5514834/cvr-sriwijaya-air-sj182-akhirnya-ditemukan,"
Rabu, 31 Mar 2021 10:12 WIB "
"Trigana Air Tergelincir, PD Minta Seluruh Pesawat Di-ramp Check Jelang Mudik",https://news.detik.com/berita/d-5501865/trigana-air-tergelincir-pd-minta-seluruh-pesawat-di-ramp-check-jelang-mudik,"
Minggu, 21 Mar 2021 14:12 WIB "
Kejagung Usut Transaksi Petinggi Sriwijaya dengan Tersangka Kasus Asabri,https://news.detik.com/berita/d-5499347/kejagung-usut-transaksi-petinggi-sriwijaya-dengan-tersangka-kasus-asabri,"
Jumat, 19 Mar 2021 11:03 WIB "
Yusril: Kasus Korupsi Asabri Tak Ada Hubungannya dengan Sriwijaya Air,https://news.detik.com/berita/d-5492109/yusril-kasus-korupsi-asabri-tak-ada-hubungannya-dengan-sriwijaya-air,"
Sabtu, 13 Mar 2021 16:33 WIB "
Gubernur HD Ungkap 7 Strategi agar Sumsel Terbebas Karhutla Tahun Ini,https://news.detik.com/berita/d-5488575/gubernur-hd-ungkap-7-strategi-agar-sumsel-terbebas-karhutla-tahun-ini,"
Rabu, 10 Mar 2021 16:58 WIB "
Kejagung Periksa 2 Komisaris PT Sriwijaya Air Terkait Kasus Asabri,https://news.detik.com/berita/d-5488264/kejagung-periksa-2-komisaris-pt-sriwijaya-air-terkait-kasus-asabri,"
Rabu, 10 Mar 2021 14:26 WIB "
Kejagung Periksa Petinggi Maskapai Penerbangan di RI Terkait Kasus Asabri,https://news.detik.com/berita/d-5487479/kejagung-periksa-petinggi-maskapai-penerbangan-di-ri-terkait-kasus-asabri,"
Selasa, 09 Mar 2021 20:46 WIB "
Perjuangan Kampung Tangguh Pulau Pari-Lancang Atasi COVID Hingga Nol Kasus,https://news.detik.com/berita/d-5478780/perjuangan-kampung-tangguh-pulau-pari-lancang-atasi-covid-hingga-nol-kasus,"
Rabu, 03 Mar 2021 09:20 WIB "
Akhir Identifikasi Korban Sriwijaya Air Kala 3 Penumpang Belum Diketahui,https://news.detik.com/berita/d-5478668/akhir-identifikasi-korban-sriwijaya-air-kala-3-penumpang-belum-diketahui,"
Rabu, 03 Mar 2021 08:11 WIB "
"Identifikasi Korban SJ-182 Ditutup, Jasa Raharja Telah Santuni 57 Korban",https://news.detik.com/adv-nhl-detikcom/d-5479327/identifikasi-korban-sj-182-ditutup-jasa-raharja-telah-santuni-57-korban,"
Rabu, 03 Mar 2021 00:00 WIB "
"DVI Polri Tutup Operasi Korban SJ182, 3 Penumpang Belum Teridentifikasi",https://news.detik.com/berita/d-5477788/dvi-polri-tutup-operasi-korban-sj182-3-penumpang-belum-teridentifikasi,"
Selasa, 02 Mar 2021 15:15 WIB "
"Bertambah 1, Total Korban Sriwijaya Air yang Teridentifikasi Jadi 59 Jenazah",https://news.detik.com/berita/d-5477701/bertambah-1-total-korban-sriwijaya-air-yang-teridentifikasi-jadi-59-jenazah,"
Selasa, 02 Mar 2021 14:36 WIB "
"Dongkrak Sektor Pertanian, Gubernur Sumsel Resmikan SSTP",https://news.detik.com/berita/d-5474674/dongkrak-sektor-pertanian-gubernur-sumsel-resmikan-sstp,"
Sabtu, 27 Feb 2021 22:31 WIB "
Pesan Waspada Boeing ke Pilot Setelah Kasus Kecelakaan Sriwijaya,https://news.detik.com/internasional/d-5384973/pesan-waspada-boeing-ke-pilot-setelah-kasus-kecelakaan-sriwijaya,"
Kamis, 18 Feb 2021 21:35 WIB "
"Boeing Ingatkan Pilot Usai Musibah Sriwijaya, AS Akan Bayar Rp 2,8 T ke WHO",https://news.detik.com/internasional/d-5379777/boeing-ingatkan-pilot-usai-musibah-sriwijaya-as-akan-bayar-rp-2-8-t-ke-who,"
Kamis, 18 Feb 2021 17:33 WIB "
"AKBP Ahrie Sonta Jadi Sekpri Kapolri, Kapolres Pelabuhan Tj Priok AKBP Putu",https://news.detik.com/berita/d-5379756/akbp-ahrie-sonta-jadi-sekpri-kapolri-kapolres-pelabuhan-tj-priok-akbp-putu,"
Kamis, 18 Feb 2021 17:24 WIB "
"Usai Kecelakaan Sriwijaya Air, Boeing Ingatkan Pilot Pantau Kondisi Pesawat",https://news.detik.com/internasional/d-5379466/usai-kecelakaan-sriwijaya-air-boeing-ingatkan-pilot-pantau-kondisi-pesawat,"
Kamis, 18 Feb 2021 14:55 WIB "
"Pencarian CVR Sriwijaya Air SJ182 Dilanjutkan, TNI AL Kerahkan 34 Penyelam",https://news.detik.com/berita/d-5374451/pencarian-cvr-sriwijaya-air-sj182-dilanjutkan-tni-al-kerahkan-34-penyelam,"
Senin, 15 Feb 2021 15:19 WIB "
"Nelayan, SAR, dan Keamanan Laut",https://news.detik.com/kolom/d-5369669/nelayan-sar-dan-keamanan-laut,"
Kamis, 11 Feb 2021 15:00 WIB "
"Anomali Autothrottle SJ182, Komisi V DPR Minta Sriwijaya Air Tanggung Jawab",https://news.detik.com/berita/d-5369899/anomali-autothrottle-sj182-komisi-v-dpr-minta-sriwijaya-air-tanggung-jawab,"
Kamis, 11 Feb 2021 08:57 WIB "
Kemenhub: Tak Ada Laporan Masalah Autothrottle SJ182 Dalam Catatan Maintenance,https://news.detik.com/berita/d-5369868/kemenhub-tak-ada-laporan-masalah-autothrottle-sj182-dalam-catatan-maintenance,"
Kamis, 11 Feb 2021 08:19 WIB "
Anomali Autothrottle Sriwijaya Air PK-CLC,https://news.detik.com/infografis/d-5369854/anomali-autothrottle-sriwijaya-air-pk-clc,"
Kamis, 11 Feb 2021 08:08 WIB "
4 Momen Terakhir Sriwijaya Air Terungkap dari Rekaman FDR,https://news.detik.com/berita/d-5369826/4-momen-terakhir-sriwijaya-air-terungkap-dari-rekaman-fdr,"
Kamis, 11 Feb 2021 06:56 WIB "
Tanda Tanya Anomali Autothrottle Sriwijaya Air Sebelum Jatuh ke Air,https://news.detik.com/berita/d-5369807/tanda-tanya-anomali-autothrottle-sriwijaya-air-sebelum-jatuh-ke-air,"
Kamis, 11 Feb 2021 06:00 WIB "
Detik-detik Terakhir Sriwijaya Air SJ182,https://news.detik.com/infografis/d-5369591/detik-detik-terakhir-sriwijaya-air-sj182,"
Rabu, 10 Feb 2021 20:46 WIB "
Misteri-misteri yang Belum Terungkap dari Jatuhnya Sriwijaya SJ182,https://news.detik.com/berita/d-5369511/misteri-misteri-yang-belum-terungkap-dari-jatuhnya-sriwijaya-sj182,"
Rabu, 10 Feb 2021 20:12 WIB "
Komunikasi Terakhir Pilot Sriwijaya hingga Investigasi Sumber COVID-19,https://news.detik.com/berita/d-5369508/komunikasi-terakhir-pilot-sriwijaya-hingga-investigasi-sumber-covid-19,"
Rabu, 10 Feb 2021 20:11 WIB "
Bagaimana Jika CVR Sriwijaya SJ182 Tidak Ditemukan? Ini Jawaban KNKT,https://news.detik.com/berita/d-5369283/bagaimana-jika-cvr-sriwijaya-sj182-tidak-ditemukan-ini-jawaban-knkt,"
Rabu, 10 Feb 2021 18:06 WIB "
KNKT Ungkap Kendala Cari CVR Sriwijaya Air SJ182: Cuaca Buruk-Lumpur Tebal,https://news.detik.com/berita/d-5369228/knkt-ungkap-kendala-cari-cvr-sriwijaya-air-sj182-cuaca-buruk-lumpur-tebal,"
Rabu, 10 Feb 2021 17:42 WIB "
KNKT Ungkap Masalah di Autothrottle Sriwijaya SJ182: Dua-duanya Anomali,https://news.detik.com/berita/d-5369164/knkt-ungkap-masalah-di-autothrottle-sriwijaya-sj182-dua-duanya-anomali,"
Rabu, 10 Feb 2021 17:01 WIB "
Penyebab Pilot Tak Recovery Saat Sriwijaya Air SJ128 Menurun Masih Misterius,https://news.detik.com/berita/d-5369134/penyebab-pilot-tak-recovery-saat-sriwijaya-air-sj128-menurun-masih-misterius,"
Rabu, 10 Feb 2021 16:41 WIB "
"KNKT Tegaskan Investigasi SJ182 Belum Usai, Pencarian CVR Masih Lanjut",https://news.detik.com/berita/d-5369046/knkt-tegaskan-investigasi-sj182-belum-usai-pencarian-cvr-masih-lanjut,"
Rabu, 10 Feb 2021 15:46 WIB "
"Autothrottle Sriwijaya SJ182 Sempat 2 Kali Tak Berfungsi, Sudah Diperbaiki",https://news.detik.com/berita/d-5369036/autothrottle-sriwijaya-sj182-sempat-2-kali-tak-berfungsi-sudah-diperbaiki,"
Rabu, 10 Feb 2021 15:43 WIB "
KNKT: Autopilot SJ182 Tak Aktif Saat Ketinggian Pesawat Mulai Turun,https://news.detik.com/berita/d-5369012/knkt-autopilot-sj182-tak-aktif-saat-ketinggian-pesawat-mulai-turun,"
Rabu, 10 Feb 2021 15:25 WIB "
KNKT Pastikan Sriwijaya SJ182 Tak Lewati Area Awan yang Berbahaya,https://news.detik.com/berita/d-5369008/knkt-pastikan-sriwijaya-sj182-tak-lewati-area-awan-yang-berbahaya,"
Rabu, 10 Feb 2021 15:22 WIB "
KNKT Ungkap Komunikasi Terakhir dengan Pilot Sriwijaya Air SJ182,https://news.detik.com/berita/d-5368990/knkt-ungkap-komunikasi-terakhir-dengan-pilot-sriwijaya-air-sj182,"
Rabu, 10 Feb 2021 15:09 WIB "
"Sampaikan Laporan Awal, KNKT Ungkap Masalah di Tuas Mesin Kiri Sriwijaya SJ182",https://news.detik.com/berita/d-5368970/sampaikan-laporan-awal-knkt-ungkap-masalah-di-tuas-mesin-kiri-sriwijaya-sj182,"
Rabu, 10 Feb 2021 14:58 WIB "
KNKT Ungkap Detik-detik Terakhir Rekaman FDR Sriwijaya Air SJ182,https://news.detik.com/berita/d-5368960/knkt-ungkap-detik-detik-terakhir-rekaman-fdr-sriwijaya-air-sj182,"
Rabu, 10 Feb 2021 14:50 WIB "
KNKT akan Paparkan Laporan Pendahuluan Jatuhnya Sriwijaya Air SJ182 Besok,https://news.detik.com/berita/d-5366880/knkt-akan-paparkan-laporan-pendahuluan-jatuhnya-sriwijaya-air-sj182-besok,"
Selasa, 09 Feb 2021 07:57 WIB "
Keluarga Korban Sriwijaya Air SJ182 Gugat Boeing Bertambah,https://news.detik.com/berita/d-5364791/keluarga-korban-sriwijaya-air-sj182-gugat-boeing-bertambah,"
Minggu, 07 Feb 2021 14:08 WIB "
4 Fakta Terungkap dari Detik-detik Terakhir Sriwijaya Air SJ182 Mengudara,https://news.detik.com/berita/d-5362052/4-fakta-terungkap-dari-detik-detik-terakhir-sriwijaya-air-sj182-mengudara,"
Jumat, 05 Feb 2021 05:33 WIB "
Celetukan Anggota DPR di Rapat: Minta Dukun Ikut Cari CVR Sriwijaya Air,https://news.detik.com/berita/d-5360803/celetukan-anggota-dpr-di-rapat-minta-dukun-ikut-cari-cvr-sriwijaya-air,"
Kamis, 04 Feb 2021 11:26 WIB "
"Detik-detik Terakhir Sebelum Sriwijaya Air Jatuh: Diminta Naik, Dijawab 'Clear'",https://news.detik.com/berita/d-5360781/detik-detik-terakhir-sebelum-sriwijaya-air-jatuh-diminta-naik-dijawab-clear,"
Kamis, 04 Feb 2021 11:07 WIB "
11 Panggilan Tak Terjawab dari ATC Saat Sriwijaya Air Jatuh ke Lautan,https://news.detik.com/berita/d-5360745/11-panggilan-tak-terjawab-dari-atc-saat-sriwijaya-air-jatuh-ke-lautan,"
Kamis, 04 Feb 2021 10:40 WIB "
AirNav Beberkan Komunikasi ATC-Pilot Sebelum Sriwijaya Air SJ182 Jatuh,https://news.detik.com/berita/d-5360206/airnav-beberkan-komunikasi-atc-pilot-sebelum-sriwijaya-air-sj182-jatuh,"
Rabu, 03 Feb 2021 19:10 WIB "
BMKG Ungkap Kondisi Cuaca Saat SJ182 Take Off: Ada Awan Kumulonimbus,https://news.detik.com/berita/d-5359886/bmkg-ungkap-kondisi-cuaca-saat-sj182-take-off-ada-awan-kumulonimbus,"
Rabu, 03 Feb 2021 16:42 WIB "
"KNKT Pastikan Sriwijaya Air SJ182 Tak Meledak Sebelum Jatuh, Ini Penjelasannya",https://news.detik.com/berita/d-5359792/knkt-pastikan-sriwijaya-air-sj182-tak-meledak-sebelum-jatuh-ini-penjelasannya,"
Rabu, 03 Feb 2021 16:01 WIB "
"Harlah NU, Said Aqil Ajak Masyarakat Gotong-royong Atasi Pandemi",https://news.detik.com/berita/d-5356040/harlah-nu-said-aqil-ajak-masyarakat-gotong-royong-atasi-pandemi,"
Minggu, 31 Jan 2021 23:06 WIB "
Kakak Beradik Korban Sriwijaya Air SJ182 Dimakamkan Berdampingan di Sragen,https://news.detik.com/berita-jawa-tengah/d-5355560/kakak-beradik-korban-sriwijaya-air-sj182-dimakamkan-berdampingan-di-sragen,"
Minggu, 31 Jan 2021 14:16 WIB "
Ikhlas Istri Melepas Kapten Afwan Kembali ke Ilahi,https://news.detik.com/berita/d-5355142/ikhlas-istri-melepas-kapten-afwan-kembali-ke-ilahi,"
Sabtu, 30 Jan 2021 22:20 WIB "
Kapten Afwan Pilot SJ182 di Mata Rekan Sesama Pilot: Sangat Islami,https://news.detik.com/berita/d-5355109/kapten-afwan-pilot-sj182-di-mata-rekan-sesama-pilot-sangat-islami,"
Sabtu, 30 Jan 2021 21:22 WIB "
Pramugari Sebut Kapten Afwan Pilot SJ182 Sering Terbangkan Pesawat Klasik,https://news.detik.com/berita/d-5355015/pramugari-sebut-kapten-afwan-pilot-sj182-sering-terbangkan-pesawat-klasik,"
Sabtu, 30 Jan 2021 19:25 WIB "
"Pramugari Kenang Kapten Afwan Pilot SJ182, Sosok yang Kerap Beri Tausiah",https://news.detik.com/berita/d-5355002/pramugari-kenang-kapten-afwan-pilot-sj182-sosok-yang-kerap-beri-tausiah,"
Sabtu, 30 Jan 2021 19:00 WIB "
"Ikhlaskan Kapten Afwan Pilot Sriwijaya Air, Istri: Sudah Ketetapan Allah",https://news.detik.com/berita/d-5354898/ikhlaskan-kapten-afwan-pilot-sriwijaya-air-istri-sudah-ketetapan-allah,"
Sabtu, 30 Jan 2021 17:25 WIB "
"Jenazah Kapten Afwan Dimakamkan, Tetangga-Sepupu Kenang Sosok Religiusnya",https://news.detik.com/berita/d-5354862/jenazah-kapten-afwan-dimakamkan-tetangga-sepupu-kenang-sosok-religiusnya,"
Sabtu, 30 Jan 2021 16:36 WIB "
Putri Kapten Afwan Pilot Sriwijaya SJ182 Mengira Ayahnya Masih Terbang,https://news.detik.com/berita/d-5354798/putri-kapten-afwan-pilot-sriwijaya-sj182-mengira-ayahnya-masih-terbang,"
Sabtu, 30 Jan 2021 15:53 WIB "
Isak Tangis Iringi Pemakaman Pilot SJ182 Kapten Afwan di TPU Pondok Rajeg,https://news.detik.com/berita/d-5354737/isak-tangis-iringi-pemakaman-pilot-sj182-kapten-afwan-di-tpu-pondok-rajeg,"
Sabtu, 30 Jan 2021 14:39 WIB "
Banyak Orang Salatkan Jenazah Kapten Afwan di Masjid Dekat Rumah Duka,https://news.detik.com/berita/d-5354723/banyak-orang-salatkan-jenazah-kapten-afwan-di-masjid-dekat-rumah-duka,"
Sabtu, 30 Jan 2021 14:27 WIB "
Keluarga Tunggu Kepulangan Jenazah Kakak Beradik Korban Sriwijaya Air di Sragen,https://news.detik.com/berita-jawa-tengah/d-5354593/keluarga-tunggu-kepulangan-jenazah-kakak-beradik-korban-sriwijaya-air-di-sragen,"
Sabtu, 30 Jan 2021 12:46 WIB "
Jasa Raharja Beri Santunan Usai Jenazah Kapten Afwan Tiba di Rumah Duka,https://news.detik.com/berita/d-5354586/jasa-raharja-beri-santunan-usai-jenazah-kapten-afwan-tiba-di-rumah-duka,"
Sabtu, 30 Jan 2021 12:43 WIB "
"Dikawal Patwal, Ambulans Pembawa Jenazah Kapten Afwan Tiba di Rumah Duka",https://news.detik.com/berita/d-5354494/dikawal-patwal-ambulans-pembawa-jenazah-kapten-afwan-tiba-di-rumah-duka,"
Sabtu, 30 Jan 2021 10:58 WIB "
"Karangan Bunga Berjejer di Rumah Duka Kapten Afwan, Dirut Sriwijaya Tiba",https://news.detik.com/berita/d-5354473/karangan-bunga-berjejer-di-rumah-duka-kapten-afwan-dirut-sriwijaya-tiba,"
Sabtu, 30 Jan 2021 10:25 WIB "
"Diiringi Penghormatan, Jenazah Kapten Afwan Dibawa ke Rumah Duka",https://news.detik.com/berita/d-5354457/diiringi-penghormatan-jenazah-kapten-afwan-dibawa-ke-rumah-duka,"
Sabtu, 30 Jan 2021 09:59 WIB "
"58 Jenazah Korban Sriwijaya AirÂ  Teridentifikasi, Ini Daftar Namanya",https://news.detik.com/berita/d-5354406/58-jenazah-korban-sriwijaya-air-teridentifikasi-ini-daftar-namanya,"
Sabtu, 30 Jan 2021 08:42 WIB "
Istri Kapten Afwan Akan Jemput Langsung Jenazah Suaminya di RS Polri,https://news.detik.com/berita/d-5354352/istri-kapten-afwan-akan-jemput-langsung-jenazah-suaminya-di-rs-polri,"
Sabtu, 30 Jan 2021 07:39 WIB "
Jenazah Capt Afwan Korban Sriwijaya Air Dimakamkan di TMP Pondok Rajeg Besok,https://news.detik.com/berita/d-5354199/jenazah-capt-afwan-korban-sriwijaya-air-dimakamkan-di-tmp-pondok-rajeg-besok,"
Jumat, 29 Jan 2021 22:07 WIB "
53 Ahli Waris Korban Sriwijaya Air SJ-182 Dapat Santunan Jasa Raharja,https://news.detik.com/berita/d-5354154/53-ahli-waris-korban-sriwijaya-air-sj-182-dapat-santunan-jasa-raharja,"
Jumat, 29 Jan 2021 21:23 WIB "
"4 Korban Sriwijaya Air SJ182 Belum Teridentifikasi, Salah Satunya Bayi",https://news.detik.com/berita/d-5354088/4-korban-sriwijaya-air-sj182-belum-teridentifikasi-salah-satunya-bayi,"
Jumat, 29 Jan 2021 20:28 WIB "
Update Jatuhnya SJ182: Jenazah Kapten Afwan-2 Warga Sragen Teridentifikasi,https://news.detik.com/berita/d-5353870/update-jatuhnya-sj182-jenazah-kapten-afwan-2-warga-sragen-teridentifikasi,"
Jumat, 29 Jan 2021 18:30 WIB "
2 Korban Sriwijaya Air Kakak Beradik Asal Sragen Dikabarkan Teridentifikasi,https://news.detik.com/berita-jawa-tengah/d-5353743/2-korban-sriwijaya-air-kakak-beradik-asal-sragen-dikabarkan-teridentifikasi,"
Jumat, 29 Jan 2021 17:27 WIB "
TNI AL Ungkap Kendala Pencarian CVR Sriwijaya Air,https://news.detik.com/berita/d-5353347/tni-al-ungkap-kendala-pencarian-cvr-sriwijaya-air,"
Jumat, 29 Jan 2021 13:59 WIB "
Kemendagri Terbitkan Akta Kematian 53 Korban Jatuhnya Sriwijaya Air SJ182,https://news.detik.com/berita/d-5349781/kemendagri-terbitkan-akta-kematian-53-korban-jatuhnya-sriwijaya-air-sj182,"
Selasa, 26 Jan 2021 21:18 WIB "
"2 Korban Sriwijaya Air SJ182 Kembali Teridentifikasi, Total Jadi 55 Jenazah",https://news.detik.com/berita/d-5349587/2-korban-sriwijaya-air-sj182-kembali-teridentifikasi-total-jadi-55-jenazah,"
Selasa, 26 Jan 2021 18:58 WIB "
"3 Korban SJ182 Asal Lampung Bersahabat, Pergi ke Kalbar untuk Cari Kerja",https://news.detik.com/berita/d-5349327/3-korban-sj182-asal-lampung-bersahabat-pergi-ke-kalbar-untuk-cari-kerja,"
Selasa, 26 Jan 2021 16:38 WIB "
"4 Jenazah Korban Sriwijaya SJ182 Teridentifikasi, 2 di Antaranya Anak-anak",https://news.detik.com/berita/d-5348013/4-jenazah-korban-sriwijaya-sj182-teridentifikasi-2-di-antaranya-anak-anak,"
Senin, 25 Jan 2021 18:19 WIB "
Stafsus Jokowi Yakin Pemilu Palestina Jadi Momentum Rekonsiliasi Hamas-Fatah,https://news.detik.com/berita/d-5346568/stafsus-jokowi-yakin-pemilu-palestina-jadi-momentum-rekonsiliasi-hamas-fatah,"
Minggu, 24 Jan 2021 14:01 WIB "
Menanti Kelanjutan Pencarian CVR SJ182 yang Diduga Tartancap di Lumpur,https://news.detik.com/berita/d-5346163/menanti-kelanjutan-pencarian-cvr-sj182-yang-diduga-tartancap-di-lumpur,"
Sabtu, 23 Jan 2021 22:36 WIB "
2 Jenazah Penumpang Sriwijaya Air SJ182 Disambut Tangis Keluarga di Kediri,https://news.detik.com/berita-jawa-timur/d-5345990/2-jenazah-penumpang-sriwijaya-air-sj182-disambut-tangis-keluarga-di-kediri,"
Sabtu, 23 Jan 2021 19:44 WIB "
Satu Jenazah Korban Pesawat Sriwijaya SJ182 Dimakamkan di Padang,https://news.detik.com/berita/d-5345922/satu-jenazah-korban-pesawat-sriwijaya-sj182-dimakamkan-di-padang,"
Sabtu, 23 Jan 2021 18:25 WIB "
2 Jenazah Penumpang Sriwijaya Air SJ182 Asal Kediri Tiba di Bandara Juanda,https://news.detik.com/berita-jawa-timur/d-5345594/2-jenazah-penumpang-sriwijaya-air-sj182-asal-kediri-tiba-di-bandara-juanda,"
Sabtu, 23 Jan 2021 13:22 WIB "
"KNKT Akan Lanjutkan Operasi SAR SJ182 Senin Besok, Fokus Cari CVR",https://news.detik.com/berita/d-5345435/knkt-akan-lanjutkan-operasi-sar-sj182-senin-besok-fokus-cari-cvr,"
Sabtu, 23 Jan 2021 10:32 WIB "
TNI AL: Kemungkinan CVR Pesawat Sriwijaya Air SJ182 Tertancap di Lumpur,https://news.detik.com/berita/d-5345423/tni-al-kemungkinan-cvr-pesawat-sriwijaya-air-sj182-tertancap-di-lumpur,"
Sabtu, 23 Jan 2021 10:22 WIB "
"Investigasi SJ182, KNKT: Kompleksitas Tergantung Penemuan CVR",https://news.detik.com/berita/d-5345274/investigasi-sj182-knkt-kompleksitas-tergantung-penemuan-cvr,"
Sabtu, 23 Jan 2021 06:01 WIB "
"Prosesi Tabur Bunga Sriwijaya Air, Menkes Akui Testing Corona RI Salah",https://news.detik.com/berita/d-5345122/prosesi-tabur-bunga-sriwijaya-air-menkes-akui-testing-corona-ri-salah,"
Jumat, 22 Jan 2021 21:20 WIB "
Kata Keluarga Korban soal Tabur Bunga di Lokasi Jatuhnya Sriwijaya Air,https://news.detik.com/berita/d-5344719/kata-keluarga-korban-soal-tabur-bunga-di-lokasi-jatuhnya-sriwijaya-air,"
Jumat, 22 Jan 2021 17:32 WIB "
"2 Korban SJ182 Teridentifikasi, Salah Satunya Balita 3 Tahun Bernama Yumna",https://news.detik.com/berita/d-5344687/2-korban-sj182-teridentifikasi-salah-satunya-balita-3-tahun-bernama-yumna,"
Jumat, 22 Jan 2021 17:10 WIB "
Jasa Raharja Serahkan Santunan Korban Sriwijaya Air ke Keluarga di Pinrang,https://news.detik.com/berita/d-5344382/jasa-raharja-serahkan-santunan-korban-sriwijaya-air-ke-keluarga-di-pinrang,"
Jumat, 22 Jan 2021 14:26 WIB "
Bagaimana Jika Ada Bagian Tubuh Lain Ditemukan Usai Korban SJ182 Dimakamkan?,https://news.detik.com/berita/d-5344216/bagaimana-jika-ada-bagian-tubuh-lain-ditemukan-usai-korban-sj182-dimakamkan,"
Jumat, 22 Jan 2021 12:41 WIB "
"Evaluasi Insiden SJ812, Dirut Sriwijaya Air Tunggu Laporan KNKT",https://news.detik.com/berita/d-5344166/evaluasi-insiden-sj812-dirut-sriwijaya-air-tunggu-laporan-knkt,"
Jumat, 22 Jan 2021 11:58 WIB "
Haru! Prosesi Tabur Bunga di Lokasi Jatuhnya SJ182 Diiringi Isak Tangis,https://news.detik.com/detiktv/d-5344139/haru-prosesi-tabur-bunga-di-lokasi-jatuhnya-sj182-diiringi-isak-tangis,"
Jumat, 22 Jan 2021 11:39 WIB "
Dirut Sriwijaya Air Dampingi Keluarga Korban Tabur Bunga: Kami Turut Berduka,https://news.detik.com/berita/d-5344120/dirut-sriwijaya-air-dampingi-keluarga-korban-tabur-bunga-kami-turut-berduka,"
Jumat, 22 Jan 2021 11:24 WIB "
DVI Polri Sudah Ambil Sampel Bagian Tubuh yang Ditemukan di Pantai Bekasi,https://news.detik.com/berita/d-5344084/dvi-polri-sudah-ambil-sampel-bagian-tubuh-yang-ditemukan-di-pantai-bekasi,"
Jumat, 22 Jan 2021 10:58 WIB "
Isak Tangis Keluarga Korban Iringi Proses Tabur Bunga di Lokasi Jatuhnya SJ182,https://news.detik.com/berita/d-5344054/isak-tangis-keluarga-korban-iringi-proses-tabur-bunga-di-lokasi-jatuhnya-sj182,"
Jumat, 22 Jan 2021 10:38 WIB "
"Evakuasi SJ182 Ditutup, Kabasarnas ke Keluarga: Kapal Kami Tetap Mencari",https://news.detik.com/berita/d-5344009/evakuasi-sj182-ditutup-kabasarnas-ke-keluarga-kapal-kami-tetap-mencari,"
Jumat, 22 Jan 2021 09:58 WIB "
"Identifikasi Korban SJ182, DVI Polri Terima 714 Sampel DNA",https://news.detik.com/berita/d-5343999/identifikasi-korban-sj182-dvi-polri-terima-714-sampel-dna,"
Jumat, 22 Jan 2021 09:41 WIB "
Keluarga Korban Sriwijaya Air SJ182 Jalani Swab Antigen Jelang Tabur Bunga,https://news.detik.com/berita/d-5343866/keluarga-korban-sriwijaya-air-sj182-jalani-swab-antigen-jelang-tabur-bunga,"
Jumat, 22 Jan 2021 06:22 WIB "
"Ridha, Menjadikan Hati Tenang",https://news.detik.com/berita/d-5343691/ridha-menjadikan-hati-tenang,"
Jumat, 22 Jan 2021 06:17 WIB "
Berhenti Operasi SAR Sriwijaya Air tapi CVR SJ182 Masih Dicari,https://news.detik.com/berita/d-5343845/berhenti-operasi-sar-sriwijaya-air-tapi-cvr-sj182-masih-dicari,"
Jumat, 22 Jan 2021 05:32 WIB "
"Operasi SAR SJ182 Ditutup, TNI AL Tetap Lakukan Pencarian Korban",https://news.detik.com/berita/d-5343648/operasi-sar-sj182-ditutup-tni-al-tetap-lakukan-pencarian-korban,"
Kamis, 21 Jan 2021 20:31 WIB "
DVI Polri Targetkan Identifikasi Jenazah Korban SJ182 Selesai Pekan Depan,https://news.detik.com/berita/d-5343618/dvi-polri-targetkan-identifikasi-jenazah-korban-sj182-selesai-pekan-depan,"
Kamis, 21 Jan 2021 20:27 WIB "
Menhub Alihkan Operasi Lanjutan Pencarian CVR Sriwijaya Air ke KNKT,https://news.detik.com/berita/d-5343519/menhub-alihkan-operasi-lanjutan-pencarian-cvr-sriwijaya-air-ke-knkt,"
Kamis, 21 Jan 2021 19:29 WIB "
"Evakuasi Sriwijaya Air Ditutup, Bagaimana Nasib Memori CVR?",https://news.detik.com/berita/d-5343497/evakuasi-sriwijaya-air-ditutup-bagaimana-nasib-memori-cvr,"
Kamis, 21 Jan 2021 19:16 WIB "
"Operasi SAR Ditutup, Ini Daftar Temuan 13 Hari Evakuasi Sriwijaya Air SJ182",https://news.detik.com/berita/d-5343465/operasi-sar-ditutup-ini-daftar-temuan-13-hari-evakuasi-sriwijaya-air-sj182,"
Kamis, 21 Jan 2021 18:54 WIB "
"Operasi SAR SJ182 Ditutup, Basarnas Tetap Lakukan Pemantauan Secara Aktif",https://news.detik.com/berita/d-5343448/operasi-sar-sj182-ditutup-basarnas-tetap-lakukan-pemantauan-secara-aktif,"
Kamis, 21 Jan 2021 18:44 WIB "
Tabur Bunga bagi Korban Sriwijaya Air SJ182 Digelar Besok,https://news.detik.com/berita/d-5343430/tabur-bunga-bagi-korban-sriwijaya-air-sj182-digelar-besok,"
Kamis, 21 Jan 2021 18:36 WIB "
"4 Korban SJ182 Kembali Teridentifikasi, Ini Daftar Namanya",https://news.detik.com/berita/d-5343397/4-korban-sj182-kembali-teridentifikasi-ini-daftar-namanya,"
Kamis, 21 Jan 2021 18:19 WIB "
Operasi SAR Sriwijaya Air SJ182 Ditutup,https://news.detik.com/berita/d-5343254/operasi-sar-sriwijaya-air-sj182-ditutup,"
Kamis, 21 Jan 2021 17:27 WIB "
Jenazah YouTuber Faisal Rahman Korban SJ182 Dimakamkan di TPU Tanah Kusir,https://news.detik.com/berita/d-5342901/jenazah-youtuber-faisal-rahman-korban-sj182-dimakamkan-di-tpu-tanah-kusir,"
Kamis, 21 Jan 2021 14:17 WIB "
Bagian Tubuh Diduga Korban Sriwijaya Air Ditemukan di Pantai Kiss Tangerang,https://news.detik.com/berita/d-5342754/bagian-tubuh-diduga-korban-sriwijaya-air-ditemukan-di-pantai-kiss-tangerang,"
Kamis, 21 Jan 2021 12:59 WIB "
"Terima 264 Kantong Properti, DVI Akan Lakukan Pemeriksaan Identifikasi",https://news.detik.com/berita/d-5342655/terima-264-kantong-properti-dvi-akan-lakukan-pemeriksaan-identifikasi,"
Kamis, 21 Jan 2021 12:01 WIB "
Kendala Penyelam Evakuasi SJ182: Penglihatan Terbatas-Bahaya Arus Kencang,https://news.detik.com/berita/d-5342546/kendala-penyelam-evakuasi-sj182-penglihatan-terbatas-bahaya-arus-kencang,"
Kamis, 21 Jan 2021 10:52 WIB "
Hasil Evakuasi SJ182 Selama 13 Hari: 324 Body Part-55 Potongan Besar Pesawat,https://news.detik.com/berita/d-5342512/hasil-evakuasi-sj182-selama-13-hari-324-body-part-55-potongan-besar-pesawat,"
Kamis, 21 Jan 2021 10:27 WIB "
DVI Polri: 32 Korban Sriwijaya Air SJ182 Sudah Diserahkan ke Keluarga,https://news.detik.com/berita/d-5342477/dvi-polri-32-korban-sriwijaya-air-sj182-sudah-diserahkan-ke-keluarga,"
Kamis, 21 Jan 2021 10:06 WIB "
Evakuasi Sriwijaya Air SJ182 Hari ke-13 Ditunda Sementara karena Hujan,https://news.detik.com/berita/d-5342400/evakuasi-sriwijaya-air-sj182-hari-ke-13-ditunda-sementara-karena-hujan,"
Kamis, 21 Jan 2021 09:00 WIB "
"Jokowi Beri Instruksi Usai Insiden SJ182, AP II Dorong Maskapai Jamin Keamanan",https://news.detik.com/berita/d-5342378/jokowi-beri-instruksi-usai-insiden-sj182-ap-ii-dorong-maskapai-jamin-keamanan,"
Kamis, 21 Jan 2021 08:41 WIB "
"Jokowi Minta Pemeriksaan Pesawat Ditingkatkan, PD: Harus Berani Beri Sanksi",https://news.detik.com/berita/d-5342328/jokowi-minta-pemeriksaan-pesawat-ditingkatkan-pd-harus-berani-beri-sanksi,"
Kamis, 21 Jan 2021 07:57 WIB "
"Jokowi Instruksi soal Keselamatan Usai Insiden SJ182, Ini Langkah Kemenhub",https://news.detik.com/berita/d-5342307/jokowi-instruksi-soal-keselamatan-usai-insiden-sj182-ini-langkah-kemenhub,"
Kamis, 21 Jan 2021 07:11 WIB "
TNI AL soal Tanda 'SOS' di Pulau Laki: Cek Sumber Penangkap Sinyalnya,https://news.detik.com/berita/d-5342287/tni-al-soal-tanda-sos-di-pulau-laki-cek-sumber-penangkap-sinyalnya,"
Kamis, 21 Jan 2021 06:29 WIB "
"Kemunculan Perdana Jack Ma, Komjen Listyo Disetujui Jadi Kapolri",https://news.detik.com/berita/d-5342134/kemunculan-perdana-jack-ma-komjen-listyo-disetujui-jadi-kapolri,"
Rabu, 20 Jan 2021 21:45 WIB "
Arahan Jokowi soal Penerbangan dari Lokasi Sriwijaya Air Dievakuasi,https://news.detik.com/berita/d-5342117/arahan-jokowi-soal-penerbangan-dari-lokasi-sriwijaya-air-dievakuasi,"
Rabu, 20 Jan 2021 21:31 WIB "
Tersisa Tanya soal SOS di Pulau Laki Kala Evakuasi Korban Sriwijaya,https://news.detik.com/berita/d-5342074/tersisa-tanya-soal-sos-di-pulau-laki-kala-evakuasi-korban-sriwijaya,"
Rabu, 20 Jan 2021 20:34 WIB "
Jokowi Minta Jasa Raharja Segera Selesaikan Santunan ke Korban SJ182,https://news.detik.com/berita/d-5341947/jokowi-minta-jasa-raharja-segera-selesaikan-santunan-ke-korban-sj182,"
Rabu, 20 Jan 2021 19:32 WIB "
"DVI Kembali Identifikasi 3 Korban Sriwijaya Air, Total 43 Orang Dikenali",https://news.detik.com/berita/d-5341909/dvi-kembali-identifikasi-3-korban-sriwijaya-air-total-43-orang-dikenali,"
Rabu, 20 Jan 2021 19:11 WIB "
"Hari Ke-12 Evakuasi SJ182, Basarnas Terima 1 Kantong Serpihan Pesawat",https://news.detik.com/berita/d-5341898/hari-ke-12-evakuasi-sj182-basarnas-terima-1-kantong-serpihan-pesawat,"
Rabu, 20 Jan 2021 19:04 WIB "
"Telusuri Tanda SOS di Pulau Laki, Basarnas Tak Temukan Apa-apa",https://news.detik.com/berita/d-5341795/telusuri-tanda-sos-di-pulau-laki-basarnas-tak-temukan-apa-apa,"
Rabu, 20 Jan 2021 18:00 WIB "
Jenazah Pramugari Sriwijaya Air SJ182 Tiba di Rumah Duka di Denpasar,https://news.detik.com/berita/d-5341746/jenazah-pramugari-sriwijaya-air-sj182-tiba-di-rumah-duka-di-denpasar,"
Rabu, 20 Jan 2021 17:25 WIB "
KNKT Bangun Posko di Pulau Lancang untuk Mudahkan Operasi Pencarian SJ182,https://news.detik.com/berita/d-5341730/knkt-bangun-posko-di-pulau-lancang-untuk-mudahkan-operasi-pencarian-sj182,"
Rabu, 20 Jan 2021 17:10 WIB "
Istri Kenang Sosok Penyayang Capt Didik Korban Sriwijaya Air SJ182,https://news.detik.com/berita-jawa-tengah/d-5341729/istri-kenang-sosok-penyayang-capt-didik-korban-sriwijaya-air-sj182,"
Rabu, 20 Jan 2021 17:08 WIB "
"Soal Viral Tanda 'SOS' di Pulau Laki Kepulauan Seribu, Ini Kata Polisi",https://news.detik.com/berita/d-5341648/soal-viral-tanda-sos-di-pulau-laki-kepulauan-seribu-ini-kata-polisi,"
Rabu, 20 Jan 2021 16:16 WIB "
Tentang Pulau Laki yang Heboh Usai Muncul Tanda 'SOS' di Google Maps,https://news.detik.com/berita/d-5341625/tentang-pulau-laki-yang-heboh-usai-muncul-tanda-sos-di-google-maps,"
Rabu, 20 Jan 2021 16:11 WIB "
Jenazah Pilot Nam Air Korban Sriwijaya Air SJ182 Dimakamkan di Pekalongan,https://news.detik.com/berita-jawa-tengah/d-5341563/jenazah-pilot-nam-air-korban-sriwijaya-air-sj182-dimakamkan-di-pekalongan,"
Rabu, 20 Jan 2021 15:50 WIB "
Menhub Lapor Progres Evakuasi SJ182 ke Jokowi: 40 Penumpang Teridentifikasi,https://news.detik.com/berita/d-5341531/menhub-lapor-progres-evakuasi-sj182-ke-jokowi-40-penumpang-teridentifikasi,"
Rabu, 20 Jan 2021 15:29 WIB "
"Pasca-insiden SJ182, Jokowi Minta Pemeriksaan Pesawat Ditingkatkan",https://news.detik.com/berita/d-5341459/pasca-insiden-sj182-jokowi-minta-pemeriksaan-pesawat-ditingkatkan,"
Rabu, 20 Jan 2021 15:00 WIB "
"Viral Tanda 'SOS' di Pulau Laki Kepulauan Seribu, Camat: Sedang Ditelusuri",https://news.detik.com/berita/d-5341453/viral-tanda-sos-di-pulau-laki-kepulauan-seribu-camat-sedang-ditelusuri,"
Rabu, 20 Jan 2021 14:55 WIB "
Jokowi Apresiasi Kerja Keras Tim SAR Gabungan Pencari Sriwijaya Air SJ182,https://news.detik.com/berita/d-5341442/jokowi-apresiasi-kerja-keras-tim-sar-gabungan-pencari-sriwijaya-air-sj182,"
Rabu, 20 Jan 2021 14:49 WIB "
Jokowi Tinjau Posko Evakuasi Sriwijaya Air SJ182 di JICT II,https://news.detik.com/berita/d-5341378/jokowi-tinjau-posko-evakuasi-sriwijaya-air-sj182-di-jict-ii,"
Rabu, 20 Jan 2021 14:24 WIB "
"Viral Tanda 'SOS' di Pulau Laki Kepulauan Seribu, Basarnas Akan Dalami",https://news.detik.com/berita/d-5341286/viral-tanda-sos-di-pulau-laki-kepulauan-seribu-basarnas-akan-dalami,"
Rabu, 20 Jan 2021 13:37 WIB "
Ini Fokus Pencarian Tim SAR di Hari Ke-12 Evakuasi Sriwijaya Air SJ182,https://news.detik.com/berita/d-5341211/ini-fokus-pencarian-tim-sar-di-hari-ke-12-evakuasi-sriwijaya-air-sj182,"
Rabu, 20 Jan 2021 12:38 WIB "
Jokowi Direncanakan Tinjau Posko Evakuasi SJ182 di JICT II Siang Ini,https://news.detik.com/berita/d-5341103/jokowi-direncanakan-tinjau-posko-evakuasi-sj182-di-jict-ii-siang-ini,"
Rabu, 20 Jan 2021 11:19 WIB "
Tim DVI Polri Telah Terima 324 Kantong Jenazah Korban Sriwijaya Air SJ182,https://news.detik.com/berita/d-5341012/tim-dvi-polri-telah-terima-324-kantong-jenazah-korban-sriwijaya-air-sj182,"
Rabu, 20 Jan 2021 09:43 WIB "
KNKT Dapat Gambaran Awal Kecelakaan dari FDR Black Box SJ182,https://news.detik.com/berita/d-5340834/knkt-dapat-gambaran-awal-kecelakaan-dari-fdr-black-box-sj182,"
Selasa, 19 Jan 2021 23:12 WIB "
Benturan 2 Kapal Saat Evakuasi Korban Sriwijaya Air Berujung Sobekan,https://news.detik.com/berita/d-5340788/benturan-2-kapal-saat-evakuasi-korban-sriwijaya-air-berujung-sobekan,"
Selasa, 19 Jan 2021 21:39 WIB "
Basarnas Update Temuan hingga Hari Ke-11 Evakuasi Sriwijaya Air SJ182,https://news.detik.com/berita/d-5340738/basarnas-update-temuan-hingga-hari-ke-11-evakuasi-sriwijaya-air-sj182,"
Selasa, 19 Jan 2021 21:05 WIB "
Jabar Hari Ini: Banjir Bandang Terjang Puncak-Anak Gugat Ayah Kandung Rp 3 M,https://news.detik.com/berita-jawa-barat/d-5340604/jabar-hari-ini-banjir-bandang-terjang-puncak-anak-gugat-ayah-kandung-rp-3-m,"
Selasa, 19 Jan 2021 19:52 WIB "
"Korban Jatuhnya SJ182, Eks Ketum HMI dan Keluarga Sudah Teridentifikasi",https://news.detik.com/berita/d-5340582/korban-jatuhnya-sj182-eks-ketum-hmi-dan-keluarga-sudah-teridentifikasi,"
Selasa, 19 Jan 2021 19:38 WIB "
Basarnas Terima 5 Kantong Bagian Tubuh-1 Serpihan Kecil Sriwijaya Air SJ182,https://news.detik.com/berita/d-5340572/basarnas-terima-5-kantong-bagian-tubuh-1-serpihan-kecil-sriwijaya-air-sj182,"
Selasa, 19 Jan 2021 19:29 WIB "
"6 Korban Sriwijaya Air Kembali Teridentifikasi, Ini Nama-namanya",https://news.detik.com/berita/d-5340462/6-korban-sriwijaya-air-kembali-teridentifikasi-ini-nama-namanya,"
Selasa, 19 Jan 2021 18:33 WIB "
Menhub Budi Karya Cek Kesiapan JICT II yang Akan Ditinjau Jokowi Besok,https://news.detik.com/berita/d-5340437/menhub-budi-karya-cek-kesiapan-jict-ii-yang-akan-ditinjau-jokowi-besok,"
Selasa, 19 Jan 2021 18:27 WIB "
2 Jenazah Penumpang Sriwijaya Air Asal Ketapang Diserahkan ke Keluarga,https://news.detik.com/berita/d-5340413/2-jenazah-penumpang-sriwijaya-air-asal-ketapang-diserahkan-ke-keluarga,"
Selasa, 19 Jan 2021 18:08 WIB "
Fakta-fakta Pramugari SJ182 Oke Dhurrotul Jannah yang Dikenal Baik,https://news.detik.com/berita-jawa-barat/d-5340126/fakta-fakta-pramugari-sj182-oke-dhurrotul-jannah-yang-dikenal-baik,"
Selasa, 19 Jan 2021 15:34 WIB "
Keluarga Akan Wujudkan Mimpi Pramugari Oke Dhurrotul Punya Bisnis Fashion,https://news.detik.com/berita-jawa-barat/d-5339921/keluarga-akan-wujudkan-mimpi-pramugari-oke-dhurrotul-punya-bisnis-fashion,"
Selasa, 19 Jan 2021 13:50 WIB "
Tangis Keluarga Iringi Pemakaman Pramugari SJ182 Oke Dhurrotul Jannah,https://news.detik.com/berita-jawa-barat/d-5339731/tangis-keluarga-iringi-pemakaman-pramugari-sj182-oke-dhurrotul-jannah,"
Selasa, 19 Jan 2021 11:37 WIB "
Tim DVI Akan Koordinasi ke Basarnas soal Korban SJ182 Tak Teridentifikasi,https://news.detik.com/berita/d-5339726/tim-dvi-akan-koordinasi-ke-basarnas-soal-korban-sj182-tak-teridentifikasi,"
Selasa, 19 Jan 2021 11:35 WIB "
Isak Tangis Keluarga Sambut Kedatangan Jenazah Pramugari SJ182 Oke Dhurrotul,https://news.detik.com/berita-jawa-barat/d-5339590/isak-tangis-keluarga-sambut-kedatangan-jenazah-pramugari-sj182-oke-dhurrotul,"
Selasa, 19 Jan 2021 10:15 WIB "
Basarnas: Kapal SAR Benturan dengan Kapal Ditjen Hubla di Lokasi Evakuasi SJ182,https://news.detik.com/berita/d-5339569/basarnas-kapal-sar-benturan-dengan-kapal-ditjen-hubla-di-lokasi-evakuasi-sj182,"
Selasa, 19 Jan 2021 09:56 WIB "
"Basarnas: Cuaca Hari Ke-11 Evakuasi SJ182 Buruk, Riskan untuk Penyelaman",https://news.detik.com/berita/d-5339566/basarnas-cuaca-hari-ke-11-evakuasi-sj182-buruk-riskan-untuk-penyelaman,"
Selasa, 19 Jan 2021 09:52 WIB "
DVI Polri Sudah Terima 438 Sampel DNA Terkait Kecelakaan Sriwijaya Air,https://news.detik.com/berita/d-5339547/dvi-polri-sudah-terima-438-sampel-dna-terkait-kecelakaan-sriwijaya-air,"
Selasa, 19 Jan 2021 09:35 WIB "
"Bagian Tubuh Ditemukan di Pantai Bekasi, Polisi Duga Korban Sriwijaya Air",https://news.detik.com/berita/d-5339533/bagian-tubuh-ditemukan-di-pantai-bekasi-polisi-duga-korban-sriwijaya-air,"
Selasa, 19 Jan 2021 09:19 WIB "
Kapal Tim Penyelam Sriwijaya Air SJ182 Alami Benturan di Kepulauan Seribu,https://news.detik.com/berita/d-5339472/kapal-tim-penyelam-sriwijaya-air-sj182-alami-benturan-di-kepulauan-seribu,"
Selasa, 19 Jan 2021 08:20 WIB "
Jasa Raharja Tetap Beri Santunan ke Korban SJ182 yang Tak Teridentifikasi,https://news.detik.com/berita/d-5339222/jasa-raharja-tetap-beri-santunan-ke-korban-sj182-yang-tak-teridentifikasi,"
Senin, 18 Jan 2021 20:19 WIB "
Jabar Hari Ini: Relawan Uji Klinis Positif Corona-Pramugari Sj182 Dimakamkan Besok,https://news.detik.com/berita-jawa-barat/d-5339217/jabar-hari-ini-relawan-uji-klinis-positif-corona-pramugari-sj182-dimakamkan-besok,"
Senin, 18 Jan 2021 20:12 WIB "
Update DVI Polri soal Korban SJ182 Hari Ini: 5 Korban Teridentifikasi,https://news.detik.com/berita/d-5339201/update-dvi-polri-soal-korban-sj182-hari-ini-5-korban-teridentifikasi,"
Senin, 18 Jan 2021 20:02 WIB "
"10 Hari Evakuasi, Basarnas Terima 310 Kantong Jenazah-55 Potongan Besar SJ182",https://news.detik.com/berita/d-5339017/10-hari-evakuasi-basarnas-terima-310-kantong-jenazah-55-potongan-besar-sj182,"
Senin, 18 Jan 2021 18:22 WIB "
Evakuasi Pencarian Sriwijaya Air SJ182 Diperpanjang Lagi 3 Hari,https://news.detik.com/berita/d-5338970/evakuasi-pencarian-sriwijaya-air-sj182-diperpanjang-lagi-3-hari,"
Senin, 18 Jan 2021 17:55 WIB "
Doa Istri untuk Arifin Korban Sriwijaya Air SJ182 yang Dimakamkan Hari Ini,https://news.detik.com/berita-jawa-tengah/d-5338958/doa-istri-untuk-arifin-korban-sriwijaya-air-sj182-yang-dimakamkan-hari-ini,"
Senin, 18 Jan 2021 17:52 WIB "
Temuan Evakuasi SJ182 Hari Ini: 2 Kantong Jenazah-2 Serpihan Kecil,https://news.detik.com/berita/d-5338798/temuan-evakuasi-sj182-hari-ini-2-kantong-jenazah-2-serpihan-kecil,"
Senin, 18 Jan 2021 16:33 WIB "
Isak Tangis Sambut Kedatangan Jenazah Arifin Korban Sriwijaya Air SJ182,https://news.detik.com/berita-jawa-tengah/d-5338715/isak-tangis-sambut-kedatangan-jenazah-arifin-korban-sriwijaya-air-sj182,"
Senin, 18 Jan 2021 15:59 WIB "
2 Jenazah Penumpang Sriwijaya Air Asal Pontianak Diserahkan ke Keluarga,https://news.detik.com/berita/d-5338437/2-jenazah-penumpang-sriwijaya-air-asal-pontianak-diserahkan-ke-keluarga,"
Senin, 18 Jan 2021 13:55 WIB "
Jenazah Pramugari Sriwijaya Air Oke Dhurrotul Dimakamkan Besok,https://news.detik.com/berita-jawa-barat/d-5338266/jenazah-pramugari-sriwijaya-air-oke-dhurrotul-dimakamkan-besok,"
Senin, 18 Jan 2021 12:12 WIB "
"Identifikasi Korban Sriwijaya Air, Inafis Polri Cek CCTV Bandara Soetta",https://news.detik.com/berita/d-5338112/identifikasi-korban-sriwijaya-air-inafis-polri-cek-cctv-bandara-soetta,"
Senin, 18 Jan 2021 10:40 WIB "
"Update Identifikasi Korban SJ182, DVI Terima 308 Kantong Jenazah",https://news.detik.com/berita/d-5338070/update-identifikasi-korban-sj182-dvi-terima-308-kantong-jenazah,"
Senin, 18 Jan 2021 09:54 WIB "
"Hari Terakhir Pencarian Sriwijaya Air, Basarnas Koordinasi ke Menhub",https://news.detik.com/berita/d-5338047/hari-terakhir-pencarian-sriwijaya-air-basarnas-koordinasi-ke-menhub,"
Senin, 18 Jan 2021 09:36 WIB "
"Perkecil Sektor Pencarian, Basarnas Harap Temukan Isi CVR Sriwijaya Air",https://news.detik.com/berita/d-5338028/perkecil-sektor-pencarian-basarnas-harap-temukan-isi-cvr-sriwijaya-air,"
Senin, 18 Jan 2021 09:13 WIB "
Jenazah Pramugari SJ182 Oke Dhurrotul Teridentifikasi,https://news.detik.com/berita-jawa-barat/d-5338013/jenazah-pramugari-sj182-oke-dhurrotul-teridentifikasi,"
Senin, 18 Jan 2021 09:05 WIB "
"Hari ke-10 Evakuasi Sriwijaya Air SJ182, Basarnas: Cuaca Tak Bersahabat",https://news.detik.com/berita/d-5338012/hari-ke-10-evakuasi-sriwijaya-air-sj182-basarnas-cuaca-tak-bersahabat,"
Senin, 18 Jan 2021 09:05 WIB "
Tanda Tanya Suara 'Tolong' di Video Pencarian Pesawat Sriwijaya,https://news.detik.com/berita/d-5337974/tanda-tanya-suara-tolong-di-video-pencarian-pesawat-sriwijaya,"
Senin, 18 Jan 2021 07:54 WIB "
"Rentetan Bencana Terjadi di RI, Menko PMK: Siapkan Rehabilitasi-Rekonstruksi",https://news.detik.com/berita/d-5337912/rentetan-bencana-terjadi-di-ri-menko-pmk-siapkan-rehabilitasi-rekonstruksi,"
Senin, 18 Jan 2021 04:24 WIB "
"Korban SJ182 Arneta dan Bayinya Teridentifikasi, 2 Anak Lainnya Masih Proses",https://news.detik.com/berita/d-5337887/korban-sj182-arneta-dan-bayinya-teridentifikasi-2-anak-lainnya-masih-proses,"
Senin, 18 Jan 2021 00:24 WIB "
Basarnas Masih Cari Memory Unit CVR Sriwijaya Air: Isi Data Suara di Cockpit,https://news.detik.com/berita/d-5337836/basarnas-masih-cari-memory-unit-cvr-sriwijaya-air-isi-data-suara-di-cockpit,"
Minggu, 17 Jan 2021 22:21 WIB "
"Hari Ke-9 Evakuasi Sriwijaya Air SJ182, 308 Kantong Jenazah-Bagian CVR Ditemukan",https://news.detik.com/berita/d-5337789/hari-ke-9-evakuasi-sriwijaya-air-sj182-308-kantong-jenazah-bagian-cvr-ditemukan,"
Minggu, 17 Jan 2021 20:39 WIB "
"DVI Identifikasi 5 Korban Sriwijaya Air, Total 29 Orang Berhasil Dikenali",https://news.detik.com/berita/d-5337771/dvi-identifikasi-5-korban-sriwijaya-air-total-29-orang-berhasil-dikenali,"
Minggu, 17 Jan 2021 20:19 WIB "
Basarnas Terima Bagian Tubuh Berupa Tulang-Serpihan Badan Pesawat Sriwijaya,https://news.detik.com/berita/d-5337750/basarnas-terima-bagian-tubuh-berupa-tulang-serpihan-badan-pesawat-sriwijaya,"
Minggu, 17 Jan 2021 19:51 WIB "
"ROV Tetap Dipakai Cari CVR Sriwijaya, Basarnas: Efektif di Malam Hari",https://news.detik.com/berita/d-5337713/rov-tetap-dipakai-cari-cvr-sriwijaya-basarnas-efektif-di-malam-hari,"
Minggu, 17 Jan 2021 19:13 WIB "
Keluarga Berharap Jenazah Pramugari SJ182 Oke Dhurrotul Ditemukan,https://news.detik.com/berita-jawa-barat/d-5337710/keluarga-berharap-jenazah-pramugari-sj182-oke-dhurrotul-ditemukan,"
Minggu, 17 Jan 2021 19:11 WIB "
"Sambangi JICT II, Investigator Boeing Ikut Investigasi SJ182",https://news.detik.com/berita/d-5337663/sambangi-jict-ii-investigator-boeing-ikut-investigasi-sj182,"
Minggu, 17 Jan 2021 18:13 WIB "
"Video Damkar Cari Korban Sriwijaya Air Viral, Disebut Ada Suara 'Tolong'",https://news.detik.com/berita/d-5337662/video-damkar-cari-korban-sriwijaya-air-viral-disebut-ada-suara-tolong,"
Minggu, 17 Jan 2021 18:13 WIB "
5 Bencana Melanda Indonesia di Awal 2021,https://news.detik.com/berita-jawa-barat/d-5337492/5-bencana-melanda-indonesia-di-awal-2021,"
Minggu, 17 Jan 2021 16:02 WIB "
Polisi Cek Info Rumah Korban Sriwijaya Air Disatroni Maling di Serang,https://news.detik.com/berita-jawa-barat/d-5337453/polisi-cek-info-rumah-korban-sriwijaya-air-disatroni-maling-di-serang,"
Minggu, 17 Jan 2021 15:19 WIB "
Basarnas: Keputusan Evakuasi SJ182 Diperpanjang Lagi atau Tidak Tunggu Evaluasi,https://news.detik.com/berita/d-5337334/basarnas-keputusan-evakuasi-sj182-diperpanjang-lagi-atau-tidak-tunggu-evaluasi,"
Minggu, 17 Jan 2021 12:51 WIB "
Rumah Korban Sriwijaya Air di Kota Serang Disatroni Maling,https://news.detik.com/berita-jawa-barat/d-5337302/rumah-korban-sriwijaya-air-di-kota-serang-disatroni-maling,"
Minggu, 17 Jan 2021 12:23 WIB "
Basarnas Ungkap Kendala Pencarian CVR Sriwijaya Air SJ182,https://news.detik.com/berita/d-5337284/basarnas-ungkap-kendala-pencarian-cvr-sriwijaya-air-sj182,"
Minggu, 17 Jan 2021 12:06 WIB "
"Bantu Identifikasi, Keluarga Korban Sriwijaya Air Diminta Beri Data Tambahan",https://news.detik.com/berita/d-5337241/bantu-identifikasi-keluarga-korban-sriwijaya-air-diminta-beri-data-tambahan,"
Minggu, 17 Jan 2021 11:17 WIB "
"Update Identifikasi Korban Sriwijaya Air, DVI Terima 188 Kantong Bagian Tubuh",https://news.detik.com/berita/d-5337199/update-identifikasi-korban-sriwijaya-air-dvi-terima-188-kantong-bagian-tubuh,"
Minggu, 17 Jan 2021 10:09 WIB "
"Hari Ke-9 Evakuasi Sriwijaya Air, Basarnas Persempit Pencari Bawah Air",https://news.detik.com/berita/d-5337161/hari-ke-9-evakuasi-sriwijaya-air-basarnas-persempit-pencari-bawah-air,"
Minggu, 17 Jan 2021 09:10 WIB "
Pimpinan Komisi V DPR Bertanya-tanya Pecahnya CVR Sriwijaya Air SJ182,https://news.detik.com/berita/d-5337117/pimpinan-komisi-v-dpr-bertanya-tanya-pecahnya-cvr-sriwijaya-air-sj182,"
Minggu, 17 Jan 2021 07:00 WIB "
Operasi Robot Bawah Laut BPPT untuk Cari CVR SJ182 Berakhir Malam Ini,https://news.detik.com/berita/d-5337033/operasi-robot-bawah-laut-bppt-untuk-cari-cvr-sj182-berakhir-malam-ini,"
Sabtu, 16 Jan 2021 23:25 WIB "
8 Korban Sriwijaya Air SJ182 Sudah Diambil Keluarga Hari Ini,https://news.detik.com/berita/d-5337012/8-korban-sriwijaya-air-sj182-sudah-diambil-keluarga-hari-ini,"
Sabtu, 16 Jan 2021 22:29 WIB "
Sudah 24 Korban Sriwijaya Air SJ182 Diidentifikasi Tim DVI Polri,https://news.detik.com/berita/d-5337003/sudah-24-korban-sriwijaya-air-sj182-diidentifikasi-tim-dvi-polri,"
Sabtu, 16 Jan 2021 22:00 WIB "
"DVI Polri Kembali Identifikasi 7 Korban Sriwijaya Air, Ini Daftar Namanya",https://news.detik.com/berita/d-5336998/dvi-polri-kembali-identifikasi-7-korban-sriwijaya-air-ini-daftar-namanya,"
Sabtu, 16 Jan 2021 21:44 WIB "
Hari Ke-8 Evakuasi SJ182: 298 Kantong Body Part-51 Potongan Besar Pesawat,https://news.detik.com/berita/d-5336979/hari-ke-8-evakuasi-sj182-298-kantong-body-part-51-potongan-besar-pesawat,"
Sabtu, 16 Jan 2021 21:14 WIB "
Temuan Tim SAR Malam Ini: 3 Kantong Bagian Tubuh-5 Kantong Serpihan SJ182,https://news.detik.com/berita/d-5336925/temuan-tim-sar-malam-ini-3-kantong-bagian-tubuh-5-kantong-serpihan-sj182,"
Sabtu, 16 Jan 2021 20:35 WIB "
"Merapat ke JICT II, Kapal SAR Bawa 17 Kantong Berisi Bagian Tubuh",https://news.detik.com/berita/d-5336883/merapat-ke-jict-ii-kapal-sar-bawa-17-kantong-berisi-bagian-tubuh,"
Sabtu, 16 Jan 2021 19:33 WIB "
"Hari Ke-8 Evakuasi Sriwijaya Air SJ182, 7 Potong Baju Ditemukan",https://news.detik.com/berita/d-5336749/hari-ke-8-evakuasi-sriwijaya-air-sj182-7-potong-baju-ditemukan,"
Sabtu, 16 Jan 2021 17:10 WIB "
Jabar Sepekan: Tanaman Hias Dibarter Rumah-Permintaan Maaf Pilot Sriwijaya Air,https://news.detik.com/berita-jawa-barat/d-5336716/jabar-sepekan-tanaman-hias-dibarter-rumah-permintaan-maaf-pilot-sriwijaya-air,"
Sabtu, 16 Jan 2021 16:45 WIB "
Cerita Pria Garut Batal Naik Sriwijaya Air SJ182 Gegara Pulang ke Rumah Ibu,https://news.detik.com/berita-jawa-barat/d-5336525/cerita-pria-garut-batal-naik-sriwijaya-air-sj182-gegara-pulang-ke-rumah-ibu,"
Sabtu, 16 Jan 2021 13:28 WIB "
Bakamla Temukan Serpihan dan Rambut Korban Pesawat Sriwijaya Air SJ182,https://news.detik.com/berita/d-5336391/bakamla-temukan-serpihan-dan-rambut-korban-pesawat-sriwijaya-air-sj182,"
Sabtu, 16 Jan 2021 11:29 WIB "
Tim SAR Fokuskan 3 Kapal untuk Deteksi Bawah Laut di Perairan Kepulauan Seribu,https://news.detik.com/berita/d-5336376/tim-sar-fokuskan-3-kapal-untuk-deteksi-bawah-laut-di-perairan-kepulauan-seribu,"
Sabtu, 16 Jan 2021 10:59 WIB "
"Hari Ke-8, Pencarian Korban dan Puing Sriwijaya Air Via Udara Diperluas",https://news.detik.com/berita/d-5336338/hari-ke-8-pencarian-korban-dan-puing-sriwijaya-air-via-udara-diperluas,"
Sabtu, 16 Jan 2021 10:02 WIB "
"Matahari Bersinar, Basarnas Harap Evakuasi Sriwijaya SJ182 Lebih Mudah",https://news.detik.com/berita/d-5336336/matahari-bersinar-basarnas-harap-evakuasi-sriwijaya-sj182-lebih-mudah,"
Sabtu, 16 Jan 2021 09:59 WIB "
Pencarian Sriwijaya Air Diperpanjang Saat Memori CVR Belum Ditemukan,https://news.detik.com/berita/d-5336234/pencarian-sriwijaya-air-diperpanjang-saat-memori-cvr-belum-ditemukan,"
Sabtu, 16 Jan 2021 06:13 WIB "
Hasil 7 Hari Evakuasi Sriwijaya Air: 272 Bagian Tubuh-96 Serpihan Pesawat,https://news.detik.com/berita/d-5336113/hasil-7-hari-evakuasi-sriwijaya-air-272-bagian-tubuh-96-serpihan-pesawat,"
Jumat, 15 Jan 2021 21:40 WIB "
2 Komponen Mesin Sriwijaya Air SJ182 Seberat 200 kg Ditemukan,https://news.detik.com/berita/d-5336038/2-komponen-mesin-sriwijaya-air-sj182-seberat-200-kg-ditemukan,"
Jumat, 15 Jan 2021 20:39 WIB "
Hasil Pencarian Polairud: 14 Body Part hingga Turbin Pesawat Sriwijaya Air,https://news.detik.com/berita/d-5335990/hasil-pencarian-polairud-14-body-part-hingga-turbin-pesawat-sriwijaya-air,"
Jumat, 15 Jan 2021 20:15 WIB "
Update Identifikasi Korban Sriwijaya Air Hari Ini: 5 Jenazah Dikenali,https://news.detik.com/berita/d-5335880/update-identifikasi-korban-sriwijaya-air-hari-ini-5-jenazah-dikenali,"
Jumat, 15 Jan 2021 19:36 WIB "
KNKT Pastikan Memori CVR SJ182 Tetap Berfungsi Meski Terpisah dari Casing,https://news.detik.com/berita/d-5335769/knkt-pastikan-memori-cvr-sj182-tetap-berfungsi-meski-terpisah-dari-casing,"
Jumat, 15 Jan 2021 18:50 WIB "
"Hari Ke-7 Evakuasi SJ182, Basarnas Kembali Terima 13 Kantong Bagian Tubuh",https://news.detik.com/berita/d-5335715/hari-ke-7-evakuasi-sj182-basarnas-kembali-terima-13-kantong-bagian-tubuh,"
Jumat, 15 Jan 2021 18:34 WIB "
Begini Penampakan Temuan Komponen CVR Sriwijaya Air SJ182,https://news.detik.com/berita/d-5335685/begini-penampakan-temuan-komponen-cvr-sriwijaya-air-sj182,"
Jumat, 15 Jan 2021 18:12 WIB "
TNI AL: Bagian CVR Sriwijaya Air yang Ditemukan Baru Baterai dan Casing,https://news.detik.com/berita/d-5335561/tni-al-bagian-cvr-sriwijaya-air-yang-ditemukan-baru-baterai-dan-casing,"
Jumat, 15 Jan 2021 17:08 WIB "
Jenazah Ekstra Kru Sriwijaya Air Fadly Satrianto Dimakamkan di Surabaya,https://news.detik.com/berita-jawa-timur/d-5335554/jenazah-ekstra-kru-sriwijaya-air-fadly-satrianto-dimakamkan-di-surabaya,"
Jumat, 15 Jan 2021 17:01 WIB "
"TNI AL: CVR Sriwijaya Air SJ182 Pecah, Memori Belum Ditemukan",https://news.detik.com/berita/d-5335532/tni-al-cvr-sriwijaya-air-sj182-pecah-memori-belum-ditemukan,"
Jumat, 15 Jan 2021 16:49 WIB "
Jenazah Ekstra Kru Sriwijaya Air Fadly Satrianto Tiba di Bandara Juanda,https://news.detik.com/berita-jawa-timur/d-5335603/jenazah-ekstra-kru-sriwijaya-air-fadly-satrianto-tiba-di-bandara-juanda,"
Jumat, 15 Jan 2021 15:51 WIB "
"KNKT Selesai Unduh FDR Black Box Sriwijaya Air, 330 Parameter Dianalisis",https://news.detik.com/berita/d-5335336/knkt-selesai-unduh-fdr-black-box-sriwijaya-air-330-parameter-dianalisis,"
Jumat, 15 Jan 2021 15:05 WIB "
Basarnas Perpanjang Proses Evakuasi Sriwijaya Air SJ182 Selama 3 Hari,https://news.detik.com/berita/d-5335237/basarnas-perpanjang-proses-evakuasi-sriwijaya-air-sj182-selama-3-hari,"
Jumat, 15 Jan 2021 13:58 WIB "
Santri di Kabupaten Porbolinggo Gelar Salat Gaib Doakan Syekh Ali Jaber,https://news.detik.com/berita/d-5335207/santri-di-kabupaten-porbolinggo-gelar-salat-gaib-doakan-syekh-ali-jaber,"
Jumat, 15 Jan 2021 13:46 WIB "
"Evakuasi Sriwijaya Air SJ 182, Denjaka Temukan Mesin Pembangkit Pesawat",https://news.detik.com/berita/d-5335187/evakuasi-sriwijaya-air-sj-182-denjaka-temukan-mesin-pembangkit-pesawat,"
Jumat, 15 Jan 2021 13:37 WIB "
"Syekh Ali Jaber, Sriwijaya Air, dan ""Sobat Ambyar"": Tiga Renungan",https://news.detik.com/kolom/d-5335165/syekh-ali-jaber-sriwijaya-air-dan-sobat-ambyar-tiga-renungan,"
Jumat, 15 Jan 2021 13:25 WIB "
Keluarga Akan Jemput Jenazah Pramugari Sriwijaya Air di Bandara Ngurah Rai,https://news.detik.com/berita/d-5335115/keluarga-akan-jemput-jenazah-pramugari-sriwijaya-air-di-bandara-ngurah-rai,"
Jumat, 15 Jan 2021 12:23 WIB "
Total 155 Kantong Jenazah Korban Sriwijaya Air Diterima DVI hingga Pagi Ini,https://news.detik.com/berita/d-5335015/total-155-kantong-jenazah-korban-sriwijaya-air-diterima-dvi-hingga-pagi-ini,"
Jumat, 15 Jan 2021 11:08 WIB "
Basarnas: Pencarian Sriwijaya SJ 182 akan Diperpanjang,https://news.detik.com/detiktv/d-5334906/basarnas-pencarian-sriwijaya-sj-182-akan-diperpanjang,"
Jumat, 15 Jan 2021 09:52 WIB "
"Hari Ke-7 Evakuasi Sriwijaya Air, Basarnas Juga Susuri Area Arah Pantai",https://news.detik.com/berita/d-5334889/hari-ke-7-evakuasi-sriwijaya-air-basarnas-juga-susuri-area-arah-pantai,"
Jumat, 15 Jan 2021 09:36 WIB "
Langkah Waspada Corona di Tengah Pencarian Pesawat Sriwijaya,https://news.detik.com/berita/d-5334704/langkah-waspada-corona-di-tengah-pencarian-pesawat-sriwijaya,"
Jumat, 15 Jan 2021 05:34 WIB "
Basarnas Ungkap Hasil Pencarian Sriwijaya Air SJ182: 239 Kantong Jenazah-FDR,https://news.detik.com/berita/d-5334618/basarnas-ungkap-hasil-pencarian-sriwijaya-air-sj182-239-kantong-jenazah-fdr,"
Kamis, 14 Jan 2021 22:06 WIB "
"Besok, Basarnas Umumkan Operasi SAR Sriwijaya Air Diperpanjang atau Tidak",https://news.detik.com/berita/d-5334591/besok-basarnas-umumkan-operasi-sar-sriwijaya-air-diperpanjang-atau-tidak,"
Kamis, 14 Jan 2021 21:45 WIB "
Polri soal Identifikasi Jasad Korban SJ182 Saat Pandemi: Kami Tak Tergesa-gesa,https://news.detik.com/berita/d-5334555/polri-soal-identifikasi-jasad-korban-sj182-saat-pandemi-kami-tak-tergesa-gesa,"
Kamis, 14 Jan 2021 21:16 WIB "
"CVR Sriwijaya Air SJ182 Belum Ditemukan, Basarnas: Baru Body Protector-nya",https://news.detik.com/berita/d-5334546/cvr-sriwijaya-air-sj182-belum-ditemukan-basarnas-baru-body-protector-nya,"
Kamis, 14 Jan 2021 21:07 WIB "
"DVI Polri Kembali Identifikasi 6 Korban Sriwijaya Air, Ini Nama-namanya",https://news.detik.com/berita/d-5334495/dvi-polri-kembali-identifikasi-6-korban-sriwijaya-air-ini-nama-namanya,"
Kamis, 14 Jan 2021 20:29 WIB "
Temuan Terbaru Pencarian Sriwijaya Air: 16 Kantong Bagian Tubuh hingga Jurnal,https://news.detik.com/berita/d-5334451/temuan-terbaru-pencarian-sriwijaya-air-16-kantong-bagian-tubuh-hingga-jurnal,"
Kamis, 14 Jan 2021 20:02 WIB "
Polairud Temukan 3 Bagian Tubuh-7 Serpihan Besar Sriwijaya Air SJ182,https://news.detik.com/berita/d-5334366/polairud-temukan-3-bagian-tubuh-7-serpihan-besar-sriwijaya-air-sj182,"
Kamis, 14 Jan 2021 18:55 WIB "
TNI AL: CVR Black Box Sriwijaya Air SJ182 Belum Ditemukan,https://news.detik.com/berita/d-5334322/tni-al-cvr-black-box-sriwijaya-air-sj182-belum-ditemukan,"
Kamis, 14 Jan 2021 18:28 WIB "
Basarnas Terima 36 Kantong Bagian Tubuh Korban Sriwijaya Air SJ182,https://news.detik.com/berita/d-5334214/basarnas-terima-36-kantong-bagian-tubuh-korban-sriwijaya-air-sj182,"
Kamis, 14 Jan 2021 17:52 WIB "
Tenaga Ahli ROV Litbang ESDM Bantu Pencarian Pesawat Sriwijaya SJ-182,https://news.detik.com/berita/d-5334146/tenaga-ahli-rov-litbang-esdm-bantu-pencarian-pesawat-sriwijaya-sj-182,"
Kamis, 14 Jan 2021 17:25 WIB "
Keluarga 2 Penumpang Sriwijaya Air yang Pakai KTP Orang Tiba di Soetta,https://news.detik.com/berita/d-5333898/keluarga-2-penumpang-sriwijaya-air-yang-pakai-ktp-orang-tiba-di-soetta,"
Kamis, 14 Jan 2021 15:25 WIB "
"KNKT Unduh Data FDR Black Box Sriwijaya Air, Begini Prosesnya",https://news.detik.com/berita/d-5333897/knkt-unduh-data-fdr-black-box-sriwijaya-air-begini-prosesnya,"
Kamis, 14 Jan 2021 15:25 WIB "
"Keluarga Korban Sriwijaya Air SJ182 Datangi JICT II, Minta Kejelasan Informasi",https://news.detik.com/berita/d-5333873/keluarga-korban-sriwijaya-air-sj182-datangi-jict-ii-minta-kejelasan-informasi,"
Kamis, 14 Jan 2021 15:10 WIB "
Robot Bawah Laut BPPT Temukan 34 Titik Pecahan Sriwijaya Air SJ182,https://news.detik.com/berita/d-5333711/robot-bawah-laut-bppt-temukan-34-titik-pecahan-sriwijaya-air-sj182,"
Kamis, 14 Jan 2021 13:41 WIB "
Basarnas Ungkap Tim Pencari Sriwijaya Air SJ182 Banyak yang Reaktif COVID-19,https://news.detik.com/berita/d-5333704/basarnas-ungkap-tim-pencari-sriwijaya-air-sj182-banyak-yang-reaktif-covid-19,"
Kamis, 14 Jan 2021 13:38 WIB "
Jenazah Agus Minarni Korban Sriwijaya Air Akan Dimakamkan di Kalbar,https://news.detik.com/berita-jawa-timur/d-5333523/jenazah-agus-minarni-korban-sriwijaya-air-akan-dimakamkan-di-kalbar,"
Kamis, 14 Jan 2021 12:12 WIB "
Basarnas: Kondisi Korban SJ182 Bikin Evakuasi Berkejaran dengan Waktu,https://news.detik.com/berita/d-5333462/basarnas-kondisi-korban-sj182-bikin-evakuasi-berkejaran-dengan-waktu,"
Kamis, 14 Jan 2021 11:39 WIB "
Isak Tangis Iringi Proses Penyerahan Jasad Korban Sriwijaya Air Okky Bisma,https://news.detik.com/berita/d-5333406/isak-tangis-iringi-proses-penyerahan-jasad-korban-sriwijaya-air-okky-bisma,"
Kamis, 14 Jan 2021 11:00 WIB "
Basarnas: Ada Serpihan Pesawat yang Nyangkut di Jaring Nelayan,https://news.detik.com/berita/d-5333342/basarnas-ada-serpihan-pesawat-yang-nyangkut-di-jaring-nelayan,"
Kamis, 14 Jan 2021 10:12 WIB "
Hari Keenam Evakuasi SJ182: Pencarian Via Udara Akan Diperluas,https://news.detik.com/berita/d-5333318/hari-keenam-evakuasi-sj182-pencarian-via-udara-akan-diperluas,"
Kamis, 14 Jan 2021 09:52 WIB "
"Garuda-Lion Air Gagal Mendarat di Pontianak, Beralih ke Palembang-Batam",https://news.detik.com/berita/d-5333261/garuda-lion-air-gagal-mendarat-di-pontianak-beralih-ke-palembang-batam,"
Kamis, 14 Jan 2021 08:58 WIB "
BPPT Targetkan Pencarian CVR Black Box Sriwijaya Air Selesai dalam 8 Hari,https://news.detik.com/berita/d-5333091/bppt-targetkan-pencarian-cvr-black-box-sriwijaya-air-selesai-dalam-8-hari,"
Rabu, 13 Jan 2021 23:25 WIB "
Basarnas Perkecil Area Pencarian CVR Sriwijaya Air SJ182,https://news.detik.com/berita/d-5333083/basarnas-perkecil-area-pencarian-cvr-sriwijaya-air-sj182,"
Rabu, 13 Jan 2021 22:50 WIB "
KNKT Janji Laporkan Investigasi Awal Jatuhnya Sriwijaya Air dalam 30 Hari,https://news.detik.com/berita/d-5333081/knkt-janji-laporkan-investigasi-awal-jatuhnya-sriwijaya-air-dalam-30-hari,"
Rabu, 13 Jan 2021 22:46 WIB "
Hari Kelima Evakuasi SJ182: 141 Kantong Jenazah-28 Potongan Besar Pesawat,https://news.detik.com/berita/d-5333058/hari-kelima-evakuasi-sj182-141-kantong-jenazah-28-potongan-besar-pesawat,"
Rabu, 13 Jan 2021 22:03 WIB "
"Presiden Korsel Bersurat ke Jokowi, Sampaikan Dukacita Jatuhnya Sriwijaya Air",https://news.detik.com/berita/d-5333053/presiden-korsel-bersurat-ke-jokowi-sampaikan-dukacita-jatuhnya-sriwijaya-air,"
Rabu, 13 Jan 2021 21:58 WIB "
"Hari Kelima Evakuasi SJ182, Tim SAR Temukan 7 Serpihan-2 Bagian Tubuh Korban",https://news.detik.com/berita/d-5332985/hari-kelima-evakuasi-sj182-tim-sar-temukan-7-serpihan-2-bagian-tubuh-korban,"
Rabu, 13 Jan 2021 21:12 WIB "
Guru Besar USU Prof Yusuf Leonard Jelaskan Alasan Cuit SBY-AHY Bodoh,https://news.detik.com/berita/d-5332930/guru-besar-usu-prof-yusuf-leonard-jelaskan-alasan-cuit-sby-ahy-bodoh,"
Rabu, 13 Jan 2021 20:50 WIB "
Polisi Selidiki Akun 'Jackie Skw' Diduga Sebar Kebencian Jatuhnya SJ182,https://news.detik.com/berita/d-5332916/polisi-selidiki-akun-jackie-skw-diduga-sebar-kebencian-jatuhnya-sj182,"
Rabu, 13 Jan 2021 20:44 WIB "
Saat Cuaca Sempat Bikin Pencarian Lanjutan Sriwijaya Air Tertunda,https://news.detik.com/berita/d-5332911/saat-cuaca-sempat-bikin-pencarian-lanjutan-sriwijaya-air-tertunda,"
Rabu, 13 Jan 2021 20:36 WIB "
"KRI Parang Serahkan Temuan Evakuasi SJ182, Velg Roda Pesawat-Barang Korban",https://news.detik.com/berita/d-5332908/kri-parang-serahkan-temuan-evakuasi-sj182-velg-roda-pesawat-barang-korban,"
Rabu, 13 Jan 2021 20:34 WIB "
"Kopaska Evakuasi 2 Nelayan Terapung di Sela Pencarian Sriwijaya Air, 1 Tewas",https://news.detik.com/berita/d-5332736/kopaska-evakuasi-2-nelayan-terapung-di-sela-pencarian-sriwijaya-air-1-tewas,"
Rabu, 13 Jan 2021 18:57 WIB "
Basarnas Kembali Terima 2 Kantong dari Evakuasi Sriwijaya Air SJ182,https://news.detik.com/berita/d-5332717/basarnas-kembali-terima-2-kantong-dari-evakuasi-sriwijaya-air-sj182,"
Rabu, 13 Jan 2021 18:51 WIB "
"Ngabalin ke JICT sebagai Ketua Persatuan Olahraga Selam, Semangati Penyelam",https://news.detik.com/berita/d-5332713/ngabalin-ke-jict-sebagai-ketua-persatuan-olahraga-selam-semangati-penyelam,"
Rabu, 13 Jan 2021 18:50 WIB "
Sejoli NTT Penumpang SJ182 Pakai KTP Orang Tetap Disantuni Jasa Raharja,https://news.detik.com/berita/d-5332642/sejoli-ntt-penumpang-sj182-pakai-ktp-orang-tetap-disantuni-jasa-raharja,"
Rabu, 13 Jan 2021 18:31 WIB "
Yulius-Indra Cerita Batal Naik Sriwijaya Air SJ182 karena Tes Usap Mahal,https://news.detik.com/berita/d-5332629/yulius-indra-cerita-batal-naik-sriwijaya-air-sj182-karena-tes-usap-mahal,"
Rabu, 13 Jan 2021 18:29 WIB "
2 Korban Sriwijaya Air Teridentifikasi Lagi: Indah Halimah-Agus Minarni,https://news.detik.com/berita/d-5332604/2-korban-sriwijaya-air-teridentifikasi-lagi-indah-halimah-agus-minarni,"
Rabu, 13 Jan 2021 18:13 WIB "
"Tiba di Soetta, Keluarga Korban Sriwijaya Air Dikawal Polisi hingga RS Polri",https://news.detik.com/berita/d-5332588/tiba-di-soetta-keluarga-korban-sriwijaya-air-dikawal-polisi-hingga-rs-polri,"
Rabu, 13 Jan 2021 17:59 WIB "
Jasa Raharja Sudah Serahkan Santunan ke 4 Korban SJ182 yang Teridentifikasi,https://news.detik.com/berita/d-5332564/jasa-raharja-sudah-serahkan-santunan-ke-4-korban-sj182-yang-teridentifikasi,"
Rabu, 13 Jan 2021 17:48 WIB "
Kapal Baruna Jaya IV Kerahkan Robot Bawah Laut Cari CVR Black Box SJ182,https://news.detik.com/berita/d-5332483/kapal-baruna-jaya-iv-kerahkan-robot-bawah-laut-cari-cvr-black-box-sj182,"
Rabu, 13 Jan 2021 16:50 WIB "
Jenazah Korban SJ182 Okky Bisma Akan Diambil Keluarga dan Dimakamkan Besok,https://news.detik.com/berita/d-5332461/jenazah-korban-sj182-okky-bisma-akan-diambil-keluarga-dan-dimakamkan-besok,"
Rabu, 13 Jan 2021 16:31 WIB "
Tim SAR Gabungan Kembali Temukan 1 Kantong Serpihan Sriwijaya Air SJ182,https://news.detik.com/berita/d-5332301/tim-sar-gabungan-kembali-temukan-1-kantong-serpihan-sriwijaya-air-sj182,"
Rabu, 13 Jan 2021 15:21 WIB "
Harapan Keluarga Korban SJ182: Semoga Penerbangan di Indonesia Lebih Baik,https://news.detik.com/berita/d-5332287/harapan-keluarga-korban-sj182-semoga-penerbangan-di-indonesia-lebih-baik,"
Rabu, 13 Jan 2021 15:15 WIB "
Keluarga Ingin Santunan Fadly Korban Sriwijaya Air untuk Membangun Masjid,https://news.detik.com/berita-jawa-timur/d-5332279/keluarga-ingin-santunan-fadly-korban-sriwijaya-air-untuk-membangun-masjid,"
Rabu, 13 Jan 2021 15:09 WIB "
BMKG: Cuaca di Lokasi Jatuhnya Pesawat Sriwijaya Air Mulai Membaik,https://news.detik.com/berita/d-5332184/bmkg-cuaca-di-lokasi-jatuhnya-pesawat-sriwijaya-air-mulai-membaik,"
Rabu, 13 Jan 2021 14:24 WIB "
2 Pria Ini Batal Terbang Naik Sriwijaya Air SJ182 karena Tes Usap Mahal,https://news.detik.com/berita/d-5332148/2-pria-ini-batal-terbang-naik-sriwijaya-air-sj182-karena-tes-usap-mahal,"
Rabu, 13 Jan 2021 14:12 WIB "
Jasa Raharja Serahkan Santunan ke Keluarga Kru Sriwijaya Air Fadly Satrianto,https://news.detik.com/berita-jawa-timur/d-5332223/jasa-raharja-serahkan-santunan-ke-keluarga-kru-sriwijaya-air-fadly-satrianto,"
Rabu, 13 Jan 2021 14:00 WIB "
Jenazah Kru Sriwijaya Air Fadly Satrianto Akan Dimakamkan di Keputih Surabaya,https://news.detik.com/berita-jawa-timur/d-5332062/jenazah-kru-sriwijaya-air-fadly-satrianto-akan-dimakamkan-di-keputih-surabaya,"
Rabu, 13 Jan 2021 13:26 WIB "
Kemensos Siapkan Santunan Rp 15 Juta Bantu Korban Sriwijaya Air SJ182,https://news.detik.com/berita/d-5332014/kemensos-siapkan-santunan-rp-15-juta-bantu-korban-sriwijaya-air-sj182,"
Rabu, 13 Jan 2021 12:46 WIB "
"Cuaca Buruk, Kapal Isi Anggota Komisi V DPR Batal ke Area Sriwijaya Air Jatuh",https://news.detik.com/berita/d-5332012/cuaca-buruk-kapal-isi-anggota-komisi-v-dpr-batal-ke-area-sriwijaya-air-jatuh,"
Rabu, 13 Jan 2021 12:44 WIB "
Jenazah Kru Sriwijaya Air SJ182 Fadly Satrianto Dibawa ke Surabaya Besok,https://news.detik.com/berita-jawa-timur/d-5332006/jenazah-kru-sriwijaya-air-sj182-fadly-satrianto-dibawa-ke-surabaya-besok,"
Rabu, 13 Jan 2021 12:38 WIB "
"Cuaca Ekstrem, Pencarian Korban-Puing Sriwijaya Air Dihentikan Sementara",https://news.detik.com/berita/d-5332001/cuaca-ekstrem-pencarian-korban-puing-sriwijaya-air-dihentikan-sementara,"
Rabu, 13 Jan 2021 12:34 WIB "
Pemkab Kepulauan Seribu Akan Bangun Monumen Sriwijaya Air di Pulau Lancang,https://news.detik.com/berita/d-5331886/pemkab-kepulauan-seribu-akan-bangun-monumen-sriwijaya-air-di-pulau-lancang,"
Rabu, 13 Jan 2021 11:29 WIB "
"DVI Polri Jelaskan Tahapan Identifikasi SJ182, Cerita Kasus Air Asia-Lion Air",https://news.detik.com/berita/d-5331881/dvi-polri-jelaskan-tahapan-identifikasi-sj182-cerita-kasus-air-asia-lion-air,"
Rabu, 13 Jan 2021 11:26 WIB "
Tim DVI RS Polri Ungkap 4 Korban Sriwijaya Air SJ182 Telah Teridentifikasi,https://news.detik.com/berita/d-5331740/tim-dvi-rs-polri-ungkap-4-korban-sriwijaya-air-sj182-telah-teridentifikasi,"
Rabu, 13 Jan 2021 09:37 WIB "
30 Ambulans Disiagakan di JICT untuk AngkutÂ Korban Sriwijaya Air SJ182,https://news.detik.com/berita/d-5331726/30-ambulans-disiagakan-di-jict-untuk-angkut-korban-sriwijaya-air-sj182,"
Rabu, 13 Jan 2021 09:29 WIB "
"Hari Kelima Evakuasi Sriwijaya Air SJ182, Begini Suasana di JICT II",https://news.detik.com/berita/d-5331642/hari-kelima-evakuasi-sriwijaya-air-sj182-begini-suasana-di-jict-ii,"
Rabu, 13 Jan 2021 07:45 WIB "
Investigasi Ungkap Sriwijaya Air Tak Meledak di Udara,https://news.detik.com/berita/d-5331611/investigasi-ungkap-sriwijaya-air-tak-meledak-di-udara,"
Rabu, 13 Jan 2021 06:59 WIB "
6 Fakta Penemuan Black Box Sriwijaya Air dari Dasar Lautan,https://news.detik.com/berita/d-5331600/6-fakta-penemuan-black-box-sriwijaya-air-dari-dasar-lautan,"
Rabu, 13 Jan 2021 06:27 WIB "
Evakuasi Korban-Cari CVR Jadi Fokus Operasi Pencarian SJ182 Besok,https://news.detik.com/berita/d-5331517/evakuasi-korban-cari-cvr-jadi-fokus-operasi-pencarian-sj182-besok,"
Selasa, 12 Jan 2021 22:35 WIB "
139 Kantong Jenazah Terkumpul dari Evakuasi Sriwijaya Air hingga Malam Ini,https://news.detik.com/berita/d-5331481/139-kantong-jenazah-terkumpul-dari-evakuasi-sriwijaya-air-hingga-malam-ini,"
Selasa, 12 Jan 2021 22:02 WIB "
"Kru Sriwijaya Air SJ182 Fadly Satrianto Teridentifikasi, Keluarga Coba Pastikan",https://news.detik.com/berita-jawa-timur/d-5331471/kru-sriwijaya-air-sj182-fadly-satrianto-teridentifikasi-keluarga-coba-pastikan,"
Selasa, 12 Jan 2021 21:53 WIB "
Sampel DNA Keluarga Korban Sriwijaya Air SJ182 di Ponorogo Tak Jadi Diambil,https://news.detik.com/berita-jawa-timur/d-5331427/sampel-dna-keluarga-korban-sriwijaya-air-sj182-di-ponorogo-tak-jadi-diambil,"
Selasa, 12 Jan 2021 20:51 WIB "
Basarnas Kembali Terima 46 Kantong Isi Bagian Tubuh-Serpihan Sriwijaya Air,https://news.detik.com/berita/d-5331340/basarnas-kembali-terima-46-kantong-isi-bagian-tubuh-serpihan-sriwijaya-air,"
Selasa, 12 Jan 2021 19:55 WIB "
Black Box FDR Sriwijaya Air SJ182 Ditemukan!,https://news.detik.com/detiktv/d-5331329/black-box-fdr-sriwijaya-air-sj182-ditemukan,"
Selasa, 12 Jan 2021 19:33 WIB "
"Perbedaan FDR dan CVR, Black Box untuk Selidiki Sriwijaya SJ182",https://news.detik.com/berita/d-5331328/perbedaan-fdr-dan-cvr-black-box-untuk-selidiki-sriwijaya-sj182,"
Selasa, 12 Jan 2021 19:33 WIB "
Tim DVI Polri Terima 111 Sampel DNA-72 Kantong Jenazah Korban Sriwijaya Air,https://news.detik.com/berita/d-5331289/tim-dvi-polri-terima-111-sampel-dna-72-kantong-jenazah-korban-sriwijaya-air,"
Selasa, 12 Jan 2021 19:01 WIB "
Menhub dan Panglima TNI Cek Turbin Pesawat Sriwijaya Air SJ182,https://news.detik.com/berita/d-5331263/menhub-dan-panglima-tni-cek-turbin-pesawat-sriwijaya-air-sj182,"
Selasa, 12 Jan 2021 18:50 WIB "
Ini Fungsi CVR di Black Box Sriwijaya Air SJ182 yang Masih Dicari,https://news.detik.com/berita/d-5331256/ini-fungsi-cvr-di-black-box-sriwijaya-air-sj182-yang-masih-dicari,"
Selasa, 12 Jan 2021 18:47 WIB "
"3 Korban Sriwijaya Air SJ182 Kembali Teridentifikasi, Termasuk Kopilot",https://news.detik.com/berita/d-5331235/3-korban-sriwijaya-air-sj182-kembali-teridentifikasi-termasuk-kopilot,"
Selasa, 12 Jan 2021 18:45 WIB "
Jejak Pencarian Black Box Sriwijaya Air SJ182 hingga FDR Ditemukan,https://news.detik.com/berita/d-5331185/jejak-pencarian-black-box-sriwijaya-air-sj182-hingga-fdr-ditemukan,"
Selasa, 12 Jan 2021 18:26 WIB "
FDR Black Box Sriwijaya Air SJ182 Diserahkan ke KNKT,https://news.detik.com/berita/d-5331183/fdr-black-box-sriwijaya-air-sj182-diserahkan-ke-knkt,"
Selasa, 12 Jan 2021 18:25 WIB "
"FDR Black Box Sriwijaya Air Tiba di JICT, Ini Penampakannya",https://news.detik.com/berita/d-5331152/fdr-black-box-sriwijaya-air-tiba-di-jict-ini-penampakannya,"
Selasa, 12 Jan 2021 18:09 WIB "
KNKT: Pengunduhan FDR Black Box Sriwijaya Air SJ182 Butuh Waktu 2-5 Hari,https://news.detik.com/berita/d-5331149/knkt-pengunduhan-fdr-black-box-sriwijaya-air-sj182-butuh-waktu-2-5-hari,"
Selasa, 12 Jan 2021 18:07 WIB "
Panglima TNI Ungkap Awal Mula Penemuan FDR Black Box Sriwijaya Air,https://news.detik.com/berita/d-5331147/panglima-tni-ungkap-awal-mula-penemuan-fdr-black-box-sriwijaya-air,"
Selasa, 12 Jan 2021 18:07 WIB "
"FDR Adalah Perekam Data Penerbangan, Begini Penjelasan Lengkapnya",https://news.detik.com/berita/d-5331130/fdr-adalah-perekam-data-penerbangan-begini-penjelasan-lengkapnya,"
Selasa, 12 Jan 2021 18:01 WIB "
"FDR Black Box SJ182 Ditemukan, CVR Masih Dicari Tanpa Bantuan Beacon",https://news.detik.com/berita/d-5331125/fdr-black-box-sj182-ditemukan-cvr-masih-dicari-tanpa-bantuan-beacon,"
Selasa, 12 Jan 2021 18:00 WIB "
"Bikin Candaan soal Tragedi Sriwijaya Air di Medsos, Pria di Kalbar Diciduk",https://news.detik.com/berita/d-5331113/bikin-candaan-soal-tragedi-sriwijaya-air-di-medsos-pria-di-kalbar-diciduk,"
Selasa, 12 Jan 2021 17:57 WIB "
Lanal Banyuwangi Doa Bersama untuk Korban Sriwijaya Air SJ-182,https://news.detik.com/berita-jawa-timur/d-5331112/lanal-banyuwangi-doa-bersama-untuk-korban-sriwijaya-air-sj-182,"
Selasa, 12 Jan 2021 17:57 WIB "
"FDR Sriwijaya Air Ditemukan, Panglima TNI Tegaskan Evakuasi Korban Lanjut",https://news.detik.com/berita/d-5331111/fdr-sriwijaya-air-ditemukan-panglima-tni-tegaskan-evakuasi-korban-lanjut,"
Selasa, 12 Jan 2021 17:57 WIB "
Black Box Sriwijaya Air SJ182 yang Ditemukan FDR,https://news.detik.com/berita/d-5331098/black-box-sriwijaya-air-sj182-yang-ditemukan-fdr,"
Selasa, 12 Jan 2021 17:43 WIB "
Black Box Sriwijaya Air SJ182 Ditemukan Tim Penyelam TNI AL,https://news.detik.com/berita/d-5331059/black-box-sriwijaya-air-sj182-ditemukan-tim-penyelam-tni-al,"
Selasa, 12 Jan 2021 17:14 WIB "
"Black Box Sriwijaya Air SJ182 Ditemukan, Menhub Merapat ke JICT 2",https://news.detik.com/berita/d-5331022/black-box-sriwijaya-air-sj182-ditemukan-menhub-merapat-ke-jict-2,"
Selasa, 12 Jan 2021 17:04 WIB "
Black Box Sriwijaya Air SJ182 Langsung Dibawa ke JICT 2,https://news.detik.com/berita/d-5330998/black-box-sriwijaya-air-sj182-langsung-dibawa-ke-jict-2,"
Selasa, 12 Jan 2021 16:56 WIB "
"Sudah Ada 104 Kecelakaan Pesawat Sejak Indonesia Merdeka, Mengapa Sering Terjadi?",https://news.detik.com/abc-australia/d-5330989/sudah-ada-104-kecelakaan-pesawat-sejak-indonesia-merdeka-mengapa-sering-terjadi,"
Selasa, 12 Jan 2021 16:50 WIB "
Black Box Sriwijaya Air SJ182 Ditemukan!,https://news.detik.com/berita/d-5330960/black-box-sriwijaya-air-sj182-ditemukan,"
Selasa, 12 Jan 2021 16:34 WIB "
Ini Dasar Analisis KNKT soal SJ182 Tak Meledak di Udara dan Mesin Masih Hidup,https://news.detik.com/berita/d-5330880/ini-dasar-analisis-knkt-soal-sj182-tak-meledak-di-udara-dan-mesin-masih-hidup,"
Selasa, 12 Jan 2021 15:58 WIB "
Jasa Raharja Serahkan Santunan pada Keluarga Korban Sriwijaya Air,https://news.detik.com/berita/d-5330872/jasa-raharja-serahkan-santunan-pada-keluarga-korban-sriwijaya-air,"
Selasa, 12 Jan 2021 15:51 WIB "
Basarnas Kembali Terima 1 Kantong Berisi Baju-Serpihan Sriwijaya Air,https://news.detik.com/berita/d-5330866/basarnas-kembali-terima-1-kantong-berisi-baju-serpihan-sriwijaya-air,"
Selasa, 12 Jan 2021 15:49 WIB "
Presiden China Terkejut dan Berduka Atas Jatuhnya Sriwijaya Air,https://news.detik.com/internasional/d-5330834/presiden-china-terkejut-dan-berduka-atas-jatuhnya-sriwijaya-air,"
Selasa, 12 Jan 2021 15:41 WIB "
Keluarga Eks Ketum HMI Korban Sriwijaya Air SJ182 Datangi RS Polri,https://news.detik.com/berita/d-5330811/keluarga-eks-ketum-hmi-korban-sriwijaya-air-sj182-datangi-rs-polri,"
Selasa, 12 Jan 2021 15:29 WIB "
KNKT: Mesin Sriwijaya Air SJ182 Masih Hidup Sebelum Membentur Air,https://news.detik.com/berita/d-5330765/knkt-mesin-sriwijaya-air-sj182-masih-hidup-sebelum-membentur-air,"
Selasa, 12 Jan 2021 15:17 WIB "
Rafik Ungkap Pesan Terakhir Istrinya yang Jadi Korban Sriwijaya Air SJ182,https://news.detik.com/berita/d-5330744/rafik-ungkap-pesan-terakhir-istrinya-yang-jadi-korban-sriwijaya-air-sj182,"
Selasa, 12 Jan 2021 15:10 WIB "
Menhub: Jokowi Perintahkan Pencarian Black Box Sriwijaya Air Dipercepat,https://news.detik.com/berita/d-5330711/menhub-jokowi-perintahkan-pencarian-black-box-sriwijaya-air-dipercepat,"
Selasa, 12 Jan 2021 14:54 WIB "
Cerita Menhub Ditelepon Jokowi 5 Kali untuk Diskusi Penyelesaian Sriwijaya Air,https://news.detik.com/berita/d-5330705/cerita-menhub-ditelepon-jokowi-5-kali-untuk-diskusi-penyelesaian-sriwijaya-air,"
Selasa, 12 Jan 2021 14:50 WIB "
KRI Tenggiri Bawa 6 Kantong Berisi Bagian Tubuh hingga Pakaian,https://news.detik.com/berita/d-5330703/kri-tenggiri-bawa-6-kantong-berisi-bagian-tubuh-hingga-pakaian,"
Selasa, 12 Jan 2021 14:49 WIB "
"Sambangi RS Polri, Menhub Apresiasi Proses Identifikasi Korban Sriwijaya Air",https://news.detik.com/berita/d-5330446/sambangi-rs-polri-menhub-apresiasi-proses-identifikasi-korban-sriwijaya-air,"
Selasa, 12 Jan 2021 12:25 WIB "
Penjelasan BPPT Terjunkan Kapal Baruna Jaya IV Cari Black Box Sriwijaya Air,https://news.detik.com/berita/d-5330398/penjelasan-bppt-terjunkan-kapal-baruna-jaya-iv-cari-black-box-sriwijaya-air,"
Selasa, 12 Jan 2021 11:50 WIB "
Iran Sampaikan Belasungkawa Atas Jatuhnya Sriwijaya Air SJ182,https://news.detik.com/internasional/d-5330345/iran-sampaikan-belasungkawa-atas-jatuhnya-sriwijaya-air-sj182,"
Selasa, 12 Jan 2021 11:30 WIB "
Tanda Tanya Tragedi Sriwijaya,https://news.detik.com/x/detail/investigasi/20210112/Tanda-Tanya-Tragedi-Sriwijaya/,"
Selasa, 12 Jan 2021 11:10 WIB "
Pinger Locator dari Singapura Akan Didatangkan Cari Black Box Sriwijaya Air,https://news.detik.com/berita/d-5330295/pinger-locator-dari-singapura-akan-didatangkan-cari-black-box-sriwijaya-air,"
Selasa, 12 Jan 2021 10:53 WIB "
"Dukcapil Terbitkan Akta Kematian Okky Bisma, Serahkan ke Keluarga Hari Ini",https://news.detik.com/berita/d-5330270/dukcapil-terbitkan-akta-kematian-okky-bisma-serahkan-ke-keluarga-hari-ini,"
Selasa, 12 Jan 2021 10:39 WIB "
KNKT: Kemungkinan Besar Pesawat Sriwijaya Air Tidak Meledak di Udara,https://news.detik.com/berita/d-5330260/knkt-kemungkinan-besar-pesawat-sriwijaya-air-tidak-meledak-di-udara,"
Selasa, 12 Jan 2021 10:30 WIB "
Kopaska Bawa 2 Kantong Terkait Evakuasi Sriwijaya Air SJ182 ke KRI Rigel,https://news.detik.com/berita/d-5330251/kopaska-bawa-2-kantong-terkait-evakuasi-sriwijaya-air-sj182-ke-kri-rigel,"
Selasa, 12 Jan 2021 10:23 WIB "
Tim SAR Perluas Area Pantauan Udara Cari Sriwijaya Air SJ182,https://news.detik.com/berita/d-5330235/tim-sar-perluas-area-pantauan-udara-cari-sriwijaya-air-sj182,"
Selasa, 12 Jan 2021 10:04 WIB "
DVI Polri Terima 56 Kantong Jenazah-58 Sampel DNA Keluarga Korban SJ182,https://news.detik.com/berita/d-5330225/dvi-polri-terima-56-kantong-jenazah-58-sampel-dna-keluarga-korban-sj182,"
Selasa, 12 Jan 2021 09:47 WIB "
"Evakuasi Sriwijaya Air SJ182, Tim SAR Temukan Serpihan Pesawat-Sabuk",https://news.detik.com/berita/d-5330221/evakuasi-sriwijaya-air-sj182-tim-sar-temukan-serpihan-pesawat-sabuk,"
Selasa, 12 Jan 2021 09:43 WIB "
"Hari Ke-4 Pencarian, Begini Situasi di Lokasi Jatuhnya Sriwijaya Air SJ182",https://news.detik.com/berita/d-5330201/hari-ke-4-pencarian-begini-situasi-di-lokasi-jatuhnya-sriwijaya-air-sj182,"
Selasa, 12 Jan 2021 09:27 WIB "
KRI Rigel Turunkan Alat Deteksi Logam Cari Puing Sriwijaya Air SJ182,https://news.detik.com/berita/d-5330189/kri-rigel-turunkan-alat-deteksi-logam-cari-puing-sriwijaya-air-sj182,"
Selasa, 12 Jan 2021 09:14 WIB "
KNKT Analisis Percakapan Pilot Sriwijaya Air SJ182-Pengatur Lalin Udara,https://news.detik.com/berita/d-5330138/knkt-analisis-percakapan-pilot-sriwijaya-air-sj182-pengatur-lalin-udara,"
Selasa, 12 Jan 2021 08:04 WIB "
Kapal Baruna Jaya IV Dikerahkan Cari Black Box Sriwijaya Air SJ182,https://news.detik.com/berita/d-5330124/kapal-baruna-jaya-iv-dikerahkan-cari-black-box-sriwijaya-air-sj182,"
Selasa, 12 Jan 2021 07:35 WIB "
Tanda Tanya Sejoli NTT Naik SJ182 Pakai KTP Bukan Miliknya,https://news.detik.com/berita/d-5330105/tanda-tanya-sejoli-ntt-naik-sj182-pakai-ktp-bukan-miliknya,"
Selasa, 12 Jan 2021 07:06 WIB "
Beragam Kesaksian Detik-detik Jatuhnya Sriwijaya Air yang Mencekam,https://news.detik.com/berita/d-5330097/beragam-kesaksian-detik-detik-jatuhnya-sriwijaya-air-yang-mencekam,"
Selasa, 12 Jan 2021 06:30 WIB "
"TNI AL Banyak Temukan Puing, Belum Ada Bongkahan Besar Sriwijaya SJ810",https://news.detik.com/berita/d-5330062/tni-al-banyak-temukan-puing-belum-ada-bongkahan-besar-sriwijaya-sj810,"
Selasa, 12 Jan 2021 00:59 WIB "
6 Hasil Pencarian Sriwijaya Air Hari Ini yang Diangkut dari Lautan,https://news.detik.com/berita/d-5330043/6-hasil-pencarian-sriwijaya-air-hari-ini-yang-diangkut-dari-lautan,"
Senin, 11 Jan 2021 23:31 WIB "
"Cari Black Box, TNI AL Akan Urai Bongkahan Pesawat Sriwijaya Air Besok",https://news.detik.com/berita/d-5330035/cari-black-box-tni-al-akan-urai-bongkahan-pesawat-sriwijaya-air-besok,"
Senin, 11 Jan 2021 23:21 WIB "
Sekilas Jatim: Dahlan Iskan Positif COVID-19-Pasutri Ponorogo Korban Sriwijaya,https://news.detik.com/berita-jawa-timur/d-5330010/sekilas-jatim-dahlan-iskan-positif-covid-19-pasutri-ponorogo-korban-sriwijaya,"
Senin, 11 Jan 2021 23:15 WIB "
Update Temuan Evakuasi Sriwijaya Air: 74 Kantong Jenazah-40 Potongan Pesawat,https://news.detik.com/berita/d-5330017/update-temuan-evakuasi-sriwijaya-air-74-kantong-jenazah-40-potongan-pesawat,"
Senin, 11 Jan 2021 23:10 WIB "
Kabaharkam Tinjau Evakuasi Sriwijaya Air: Polri Turunkan 207 Personel-15 Kapal,https://news.detik.com/berita/d-5329998/kabaharkam-tinjau-evakuasi-sriwijaya-air-polri-turunkan-207-personel-15-kapal,"
Senin, 11 Jan 2021 22:31 WIB "
Kemenhub Pastikan Sriwijaya Air SJ182 Layak Terbang Sebelum Terjatuh,https://news.detik.com/berita/d-5329983/kemenhub-pastikan-sriwijaya-air-sj182-layak-terbang-sebelum-terjatuh,"
Senin, 11 Jan 2021 21:56 WIB "
Basarnas Terima Lagi 27 Kantong Terkait Evakuasi Sriwijaya Air SJ182,https://news.detik.com/berita/d-5329958/basarnas-terima-lagi-27-kantong-terkait-evakuasi-sriwijaya-air-sj182,"
Senin, 11 Jan 2021 21:45 WIB "
Kabasarnas Bicara soal Pencarian Black Box-Penumpang Sriwijaya Air Besok,https://news.detik.com/berita/d-5329955/kabasarnas-bicara-soal-pencarian-black-box-penumpang-sriwijaya-air-besok,"
Senin, 11 Jan 2021 21:42 WIB "
"Malam-malam, Keluarga Korban Sriwijaya Air SJ182 Tiba di Bandara Soetta",https://news.detik.com/berita/d-5329897/malam-malam-keluarga-korban-sriwijaya-air-sj182-tiba-di-bandara-soetta,"
Senin, 11 Jan 2021 21:19 WIB "
Jabar Hari Ini: 4 Tewas di Tol Cipali-Tim SAR Cari 27 Korban Longsor,https://news.detik.com/berita-jawa-barat/d-5329879/jabar-hari-ini-4-tewas-di-tol-cipali-tim-sar-cari-27-korban-longsor,"
Senin, 11 Jan 2021 20:58 WIB "
Sampel DNA Keluarga Korban Sriwijaya Air SJ182 dari Jatim Dikirim ke Jakarta,https://news.detik.com/berita-jawa-timur/d-5329877/sampel-dna-keluarga-korban-sriwijaya-air-sj182-dari-jatim-dikirim-ke-jakarta,"
Senin, 11 Jan 2021 20:56 WIB "
Kabasarnas: Total Ada 45 Kantong Jenazah Korban SJ182 hingga Malam Ini,https://news.detik.com/berita/d-5329859/kabasarnas-total-ada-45-kantong-jenazah-korban-sj182-hingga-malam-ini,"
Senin, 11 Jan 2021 20:38 WIB "
KN SAR Wisnu Temukan SIM Andi Syifa Kamila dan Akta Nabila Anjani,https://news.detik.com/berita/d-5329828/kn-sar-wisnu-temukan-sim-andi-syifa-kamila-dan-akta-nabila-anjani,"
Senin, 11 Jan 2021 20:20 WIB "
Polda Riau Kirim Sampel DNA Ortu Pengantin Baru Korban Sriwijaya Air,https://news.detik.com/berita/d-5329805/polda-riau-kirim-sampel-dna-ortu-pengantin-baru-korban-sriwijaya-air,"
Senin, 11 Jan 2021 20:01 WIB "
"1 Jenazah Dikenali, Kakak Kopilot SJ182 Harap Adiknya Segera Teridentifikasi",https://news.detik.com/berita/d-5329757/1-jenazah-dikenali-kakak-kopilot-sj182-harap-adiknya-segera-teridentifikasi,"
Senin, 11 Jan 2021 19:32 WIB "
Sekolah di Surabaya Salat Gaib Doakan Korban Sriwijaya Air SJ182 Secara Virtual,https://news.detik.com/berita-jawa-timur/d-5329752/sekolah-di-surabaya-salat-gaib-doakan-korban-sriwijaya-air-sj182-secara-virtual,"
Senin, 11 Jan 2021 19:30 WIB "
Santunan Korban Sriwijaya Air Diberikan Setelah Identifikasi oleh DVI Polri,https://news.detik.com/berita/d-5329749/santunan-korban-sriwijaya-air-diberikan-setelah-identifikasi-oleh-dvi-polri,"
Senin, 11 Jan 2021 19:24 WIB "
MPR Minta Warga Tak Sebar Hoax Terkait Tragedi Sriwijaya Air,https://news.detik.com/berita/d-5329743/mpr-minta-warga-tak-sebar-hoax-terkait-tragedi-sriwijaya-air,"
Senin, 11 Jan 2021 19:20 WIB "
"Lewat Bamsoet, DPR Turki Ikut Berduka Atas Insiden Sriwijaya Air SJ182",https://news.detik.com/berita/d-5329739/lewat-bamsoet-dpr-turki-ikut-berduka-atas-insiden-sriwijaya-air-sj182,"
Senin, 11 Jan 2021 19:18 WIB "
Pimpinan DPR Minta Sriwijaya Air Ikut Ringankan Keluarga Korban,https://news.detik.com/berita/d-5329735/pimpinan-dpr-minta-sriwijaya-air-ikut-ringankan-keluarga-korban,"
Senin, 11 Jan 2021 19:15 WIB "
KRI Parang Bawa 3 Kantong Lagi Isi Peralatan Penumpang Sriwijaya Air SJ182,https://news.detik.com/berita/d-5329725/kri-parang-bawa-3-kantong-lagi-isi-peralatan-penumpang-sriwijaya-air-sj182,"
Senin, 11 Jan 2021 19:09 WIB "
Singapura Sampaikan Belasungkawa Atas Jatuhnya Sriwijaya Air,https://news.detik.com/internasional/d-5329719/singapura-sampaikan-belasungkawa-atas-jatuhnya-sriwijaya-air,"
Senin, 11 Jan 2021 19:02 WIB "
DVI soal Identifikasi Sejoli Naik SJ182 Pakai KTP Orang: Yang Penting Datanya,https://news.detik.com/berita/d-5329690/dvi-soal-identifikasi-sejoli-naik-sj182-pakai-ktp-orang-yang-penting-datanya,"
Senin, 11 Jan 2021 18:39 WIB "
Pengamat: Pandemi COVID-19 Mempengaruhi Keselamatan Penerbangan,https://news.detik.com/dw/d-5329683/pengamat-pandemi-covid-19-mempengaruhi-keselamatan-penerbangan,"
Senin, 11 Jan 2021 18:33 WIB "
"Jenazah Okky Bisma Identik, Tim DVI Temukan 12 Titik Kesamaan",https://news.detik.com/berita/d-5329653/jenazah-okky-bisma-identik-tim-dvi-temukan-12-titik-kesamaan,"
Senin, 11 Jan 2021 18:24 WIB "
Warga Jember Salat Gaib Doakan Korban Pesawat Sriwijaya Air SJ182,https://news.detik.com/berita-jawa-timur/d-5329722/warga-jember-salat-gaib-doakan-korban-pesawat-sriwijaya-air-sj182,"
Senin, 11 Jan 2021 18:19 WIB "
Total 40 Kantong Jenazah Korban Sriwijaya Air Ditemukan Hingga Sore Ini,https://news.detik.com/berita/d-5329642/total-40-kantong-jenazah-korban-sriwijaya-air-ditemukan-hingga-sore-ini,"
Senin, 11 Jan 2021 18:13 WIB "
"DPR AS Akan Makzulkan Trump, Inggris Berduka Atas Musibah Sriwijaya Air",https://news.detik.com/internasional/d-5329641/dpr-as-akan-makzulkan-trump-inggris-berduka-atas-musibah-sriwijaya-air,"
Senin, 11 Jan 2021 18:12 WIB "
DVI Jelaskan Proses Identifikasi Korban Sriwijaya Air SJ182 Okky Bisma,https://news.detik.com/berita/d-5329625/dvi-jelaskan-proses-identifikasi-korban-sriwijaya-air-sj182-okky-bisma,"
Senin, 11 Jan 2021 18:02 WIB "
"2 Korban Sriwijaya Air SJ182 Pengantin Baru, ke Pontianak Mau Ngunduh Mantu",https://news.detik.com/berita/d-5329624/2-korban-sriwijaya-air-sj182-pengantin-baru-ke-pontianak-mau-ngunduh-mantu,"
Senin, 11 Jan 2021 18:02 WIB "
Kapal Baruna Jaya IV Dikerahkan Cari Black Box Sriwijaya Air SJ182 Besok,https://news.detik.com/berita/d-5329615/kapal-baruna-jaya-iv-dikerahkan-cari-black-box-sriwijaya-air-sj182-besok,"
Senin, 11 Jan 2021 17:56 WIB "
"Ngabalin Hapus Foto Pesawat Jatuh di Twitter dan Minta Maaf, Ini Penjelasannya",https://news.detik.com/berita/d-5329582/ngabalin-hapus-foto-pesawat-jatuh-di-twitter-dan-minta-maaf-ini-penjelasannya,"
Senin, 11 Jan 2021 17:36 WIB "
1 Korban Kecelakaan Sriwijaya Air SJ182 Teridentifikasi Atas Nama Okky Bisma,https://news.detik.com/berita/d-5329580/1-korban-kecelakaan-sriwijaya-air-sj182-teridentifikasi-atas-nama-okky-bisma,"
Senin, 11 Jan 2021 17:34 WIB "
Ketua KNKT Harap Black Box Sriwijaya Air SJ182 Ditemukan Hari Ini,https://news.detik.com/berita/d-5329571/ketua-knkt-harap-black-box-sriwijaya-air-sj182-ditemukan-hari-ini,"
Senin, 11 Jan 2021 17:25 WIB "
TNI AL: Black Box Sriwijaya Air SJ182 Belum Ditemukan,https://news.detik.com/berita/d-5329561/tni-al-black-box-sriwijaya-air-sj182-belum-ditemukan,"
Senin, 11 Jan 2021 17:18 WIB "
Basarnas Terima 7 Bagian Tubuh-1 Dokumen Terkait Sriwijaya Air SJ182,https://news.detik.com/berita/d-5329545/basarnas-terima-7-bagian-tubuh-1-dokumen-terkait-sriwijaya-air-sj182,"
Senin, 11 Jan 2021 17:13 WIB "
Ibu Penumpang Sriwijaya Air di Makassar Kecewa Anak Dipindah dari NAM Air,https://news.detik.com/berita/d-5329540/ibu-penumpang-sriwijaya-air-di-makassar-kecewa-anak-dipindah-dari-nam-air,"
Senin, 11 Jan 2021 17:11 WIB "
Menhub Temui Keluarga Korban Sriwijaya Air: Pemerintah Maksimal Mencari,https://news.detik.com/berita/d-5329516/menhub-temui-keluarga-korban-sriwijaya-air-pemerintah-maksimal-mencari,"
Senin, 11 Jan 2021 17:02 WIB "
Rekaman Video Suasana di Dalam Sriwijaya Air SJ182 Sebelum Lepas Landas,https://news.detik.com/detiktv/d-5329486/rekaman-video-suasana-di-dalam-sriwijaya-air-sj182-sebelum-lepas-landas,"
Senin, 11 Jan 2021 16:54 WIB "
Komisi V Desak Tim SAR Gabungan Segera Angkat Black Box Sriwijaya Air SJ182,https://news.detik.com/berita/d-5329444/komisi-v-desak-tim-sar-gabungan-segera-angkat-black-box-sriwijaya-air-sj182,"
Senin, 11 Jan 2021 16:40 WIB "
"Sejoli NTT Naik SJ182 Pakai KTP Orang, Avsec Bandara Soetta Periksa 3 Petugas",https://news.detik.com/berita/d-5329420/sejoli-ntt-naik-sj182-pakai-ktp-orang-avsec-bandara-soetta-periksa-3-petugas,"
Senin, 11 Jan 2021 16:28 WIB "
"Sejoli NTT Naik Sriwijaya Pakai KTP Orang Akan Nikah, ke Kalbar Cari Kerja",https://news.detik.com/berita/d-5329401/sejoli-ntt-naik-sriwijaya-pakai-ktp-orang-akan-nikah-ke-kalbar-cari-kerja,"
Senin, 11 Jan 2021 16:18 WIB "
"Sejoli NTT Naik Sriwijaya Air Pakai KTP Orang, Polri Koordinasi ke Disdukcapil",https://news.detik.com/berita/d-5329387/sejoli-ntt-naik-sriwijaya-air-pakai-ktp-orang-polri-koordinasi-ke-disdukcapil,"
Senin, 11 Jan 2021 16:12 WIB "
"Posting Suasana Kabin Sriwijaya Air, Rusni Mau Ketemu Mertua Pertama Kali",https://news.detik.com/berita/d-5329377/posting-suasana-kabin-sriwijaya-air-rusni-mau-ketemu-mertua-pertama-kali,"
Senin, 11 Jan 2021 16:03 WIB "
"Sejoli NTT Naik Sriwijaya Pakai KTP Orang, Pemprov Harap Tetap Ada Santunan",https://news.detik.com/berita/d-5329361/sejoli-ntt-naik-sriwijaya-pakai-ktp-orang-pemprov-harap-tetap-ada-santunan,"
Senin, 11 Jan 2021 15:55 WIB "
Pilu Nurul Adiknya Korban Sriwijaya Air: Dia Sempat Ajak Saya Liburan,https://news.detik.com/berita/d-5329347/pilu-nurul-adiknya-korban-sriwijaya-air-dia-sempat-ajak-saya-liburan,"
Senin, 11 Jan 2021 15:43 WIB "
Pramugari SJ182 Asal Bandung Barat Punya Mimpi Buka Kedai Kopi,https://news.detik.com/berita-jawa-barat/d-5329310/pramugari-sj182-asal-bandung-barat-punya-mimpi-buka-kedai-kopi,"
Senin, 11 Jan 2021 15:19 WIB "
Tim SAR Gabungan Polri Temukan 14 Bagian Tubuh-53 Properti Sriwijaya Air,https://news.detik.com/berita/d-5329291/tim-sar-gabungan-polri-temukan-14-bagian-tubuh-53-properti-sriwijaya-air,"
Senin, 11 Jan 2021 15:15 WIB "
"Komisi V DPR Cek Evakuasi Sriwijaya Air, Segera Panggil Menhub",https://news.detik.com/berita/d-5329289/komisi-v-dpr-cek-evakuasi-sriwijaya-air-segera-panggil-menhub,"
Senin, 11 Jan 2021 15:13 WIB "
"Sejoli Asal Ende Ikut Naik Sriwijaya Air SJ182, tapi Pakai KTP Orang",https://news.detik.com/berita/d-5329256/sejoli-asal-ende-ikut-naik-sriwijaya-air-sj182-tapi-pakai-ktp-orang,"
Senin, 11 Jan 2021 14:54 WIB "
Suasana Evakuasi Sriwijaya Air SJ182 di Perairan Kepulauan Seribu Siang Ini,https://news.detik.com/berita/d-5329254/suasana-evakuasi-sriwijaya-air-sj182-di-perairan-kepulauan-seribu-siang-ini,"
Senin, 11 Jan 2021 14:54 WIB "
Kisah Cinderamata Terakhir dari Korban Sriwijaya Air SJ182 untuk Suami,https://news.detik.com/berita-jawa-barat/d-5329238/kisah-cinderamata-terakhir-dari-korban-sriwijaya-air-sj182-untuk-suami,"
Senin, 11 Jan 2021 14:47 WIB "
DVI Minta Tak Diburu-buru Periksa Kantong Jenazah: Nanti Salah Identifikasi,https://news.detik.com/berita/d-5329222/dvi-minta-tak-diburu-buru-periksa-kantong-jenazah-nanti-salah-identifikasi,"
Senin, 11 Jan 2021 14:30 WIB "
"Anak dan Cucunya Jatuh Bersama Sriwijaya Air SJ182, Ibu di Kediri Tes DNA",https://news.detik.com/berita-jawa-timur/d-5329208/anak-dan-cucunya-jatuh-bersama-sriwijaya-air-sj182-ibu-di-kediri-tes-dna,"
Senin, 11 Jan 2021 14:22 WIB "
"Belum Ada Kabar, Ortu Kru Sriwijaya Air SJ182 Fadly Satrianto Berharap Mukjizat",https://news.detik.com/berita-jawa-timur/d-5329200/belum-ada-kabar-ortu-kru-sriwijaya-air-sj182-fadly-satrianto-berharap-mukjizat,"
Senin, 11 Jan 2021 14:17 WIB "
"Punya Mobile Chamber, KRI Semarang Dikerahkan ke Titik Jatuhnya Sriwijaya Air",https://news.detik.com/berita/d-5329191/punya-mobile-chamber-kri-semarang-dikerahkan-ke-titik-jatuhnya-sriwijaya-air,"
Senin, 11 Jan 2021 14:13 WIB "
"Evakuasi SJ182, Basarnas Temukan Sertifikat ANT IV Angga Fernanda Afrion",https://news.detik.com/berita/d-5329175/evakuasi-sj182-basarnas-temukan-sertifikat-ant-iv-angga-fernanda-afrion,"
Senin, 11 Jan 2021 14:03 WIB "
"Satu Keluarga Korban Sriwijaya Air Tinggal di Serang, 2 Masih Bayi",https://news.detik.com/berita-jawa-barat/d-5329172/satu-keluarga-korban-sriwijaya-air-tinggal-di-serang-2-masih-bayi,"
Senin, 11 Jan 2021 14:01 WIB "
"2 Warga Jabar Jadi Korban Jatuhnya Sriwijaya Air, Ini Kata Ridwan Kamil",https://news.detik.com/berita-jawa-barat/d-5329170/2-warga-jabar-jadi-korban-jatuhnya-sriwijaya-air-ini-kata-ridwan-kamil,"
Senin, 11 Jan 2021 13:56 WIB "
Basarnas Lakukan Pencarian sampai Semua Korban Sriwijaya Air Teridentifikasi,https://news.detik.com/berita/d-5329132/basarnas-lakukan-pencarian-sampai-semua-korban-sriwijaya-air-teridentifikasi,"
Senin, 11 Jan 2021 13:31 WIB "
Pasutri Ini Jadi Korban Jatuhnya Sriwijaya Air SJ182 Usai Makamkan Sang Ayah,https://news.detik.com/berita-jawa-timur/d-5329129/pasutri-ini-jadi-korban-jatuhnya-sriwijaya-air-sj182-usai-makamkan-sang-ayah,"
Senin, 11 Jan 2021 13:28 WIB "
Menlu Inggris Sampaikan Duka Mendalam Atas Musibah Sriwijaya Air,https://news.detik.com/internasional/d-5329118/menlu-inggris-sampaikan-duka-mendalam-atas-musibah-sriwijaya-air,"
Senin, 11 Jan 2021 13:19 WIB "
"Evakuasi SJ182, Total 19 Kantong Berisi Bagian Tubuh Diterima Basarnas",https://news.detik.com/berita/d-5329117/evakuasi-sj182-total-19-kantong-berisi-bagian-tubuh-diterima-basarnas,"
Senin, 11 Jan 2021 13:19 WIB "
Mensos Risma Merapat ke KPK Bahas soal Pengelolaan Bansos,https://news.detik.com/berita/d-5329083/mensos-risma-merapat-ke-kpk-bahas-soal-pengelolaan-bansos,"
Senin, 11 Jan 2021 12:57 WIB "
Risma Janji Kemensos Bakal Bantu Keluarga Korban Sriwijaya Air,https://news.detik.com/berita/d-5329075/risma-janji-kemensos-bakal-bantu-keluarga-korban-sriwijaya-air,"
Senin, 11 Jan 2021 12:53 WIB "
Penumpang Sriwijaya Air SJ182 Asal Sulsel Sempat Posting Video Dalam Pesawat,https://news.detik.com/berita/d-5329051/penumpang-sriwijaya-air-sj182-asal-sulsel-sempat-posting-video-dalam-pesawat,"
Senin, 11 Jan 2021 12:46 WIB "
Keluarga Korban Maknai Jatuhnya Sriwijaya Air SJ182 Sebagai 'Jalan Berbeda',https://news.detik.com/berita-jawa-timur/d-5329028/keluarga-korban-maknai-jatuhnya-sriwijaya-air-sj182-sebagai-jalan-berbeda,"
Senin, 11 Jan 2021 12:31 WIB "
Melihat Pencarian Titik Jatuhnya Sriwijaya Air SJ182 dari Udara,https://news.detik.com/detiktv/d-5328993/melihat-pencarian-titik-jatuhnya-sriwijaya-air-sj182-dari-udara,"
Senin, 11 Jan 2021 12:11 WIB "
Paripurna DPR Diiringi Doa bagi Korban Jatuhnya Sriwijaya Air SJ182,https://news.detik.com/berita/d-5328991/paripurna-dpr-diiringi-doa-bagi-korban-jatuhnya-sriwijaya-air-sj182,"
Senin, 11 Jan 2021 12:09 WIB "
Tragedi Sriwijaya dan Peran Regulator,https://news.detik.com/kolom/d-5328914/tragedi-sriwijaya-dan-peran-regulator,"
Senin, 11 Jan 2021 12:00 WIB "
"Sejumlah Warganya Penumpang Sriwijaya Air SJ182, Bupati Sintang Tunggu Kabar",https://news.detik.com/berita/d-5328939/sejumlah-warganya-penumpang-sriwijaya-air-sj182-bupati-sintang-tunggu-kabar,"
Senin, 11 Jan 2021 11:42 WIB "
Hamzah Haz Berduka Sriwijaya Air Jatuh: Ini Sudah Ketentuan dari Allah SWT,https://news.detik.com/berita/d-5328937/hamzah-haz-berduka-sriwijaya-air-jatuh-ini-sudah-ketentuan-dari-allah-swt,"
Senin, 11 Jan 2021 11:42 WIB "
Mensos Risma Sambangi Posko Crisis Center Sriwijaya Air di Bandara Soetta,https://news.detik.com/berita/d-5328910/mensos-risma-sambangi-posko-crisis-center-sriwijaya-air-di-bandara-soetta,"
Senin, 11 Jan 2021 11:19 WIB "
Foto Bayi Selamat dari Sriwijaya Air SJ182 Dipastikan Hoax,https://news.detik.com/berita/d-5328895/foto-bayi-selamat-dari-sriwijaya-air-sj182-dipastikan-hoax,"
Senin, 11 Jan 2021 11:11 WIB "
"Tangis Sri, Kenang Kontak Terakhir Sang Ibu Sebelum Naik Sriwijaya Air SJ182",https://news.detik.com/berita/d-5328887/tangis-sri-kenang-kontak-terakhir-sang-ibu-sebelum-naik-sriwijaya-air-sj182,"
Senin, 11 Jan 2021 11:04 WIB "
"Dari Pontianak, 10 Anggota Keluarga Korban Sriwijaya Air Tiba di Soetta",https://news.detik.com/berita/d-5328849/dari-pontianak-10-anggota-keluarga-korban-sriwijaya-air-tiba-di-soetta,"
Senin, 11 Jan 2021 10:45 WIB "
Waka DPR Harap KNKT Segera Temukan Sebab Jatuhnya SJ182: Untuk Evaluasi,https://news.detik.com/berita/d-5328846/waka-dpr-harap-knkt-segera-temukan-sebab-jatuhnya-sj182-untuk-evaluasi,"
Senin, 11 Jan 2021 10:44 WIB "
"Komisi V Akan ke JICT II, Gali Informasi Pencarian Korban Sriwijaya SJ182",https://news.detik.com/berita/d-5328842/komisi-v-akan-ke-jict-ii-gali-informasi-pencarian-korban-sriwijaya-sj182,"
Senin, 11 Jan 2021 10:42 WIB "
"Duka SJ-182, Ridwan Kamil Unggah Simulasi Penyelamatan Penumpang Pesawat",https://news.detik.com/berita-jawa-barat/d-5328825/duka-sj-182-ridwan-kamil-unggah-simulasi-penyelamatan-penumpang-pesawat,"
Senin, 11 Jan 2021 10:29 WIB "
Penyelam Gabungan Temukan 2 Bagian Tubuh Korban Sriwijaya Air SJ182,https://news.detik.com/berita/d-5328807/penyelam-gabungan-temukan-2-bagian-tubuh-korban-sriwijaya-air-sj182,"
Senin, 11 Jan 2021 10:19 WIB "
Polisi di Sidoarjo Salat Gaib Doakan Korban Jatuhnya Sriwijaya Air SJ182,https://news.detik.com/berita-jawa-timur/d-5328801/polisi-di-sidoarjo-salat-gaib-doakan-korban-jatuhnya-sriwijaya-air-sj182,"
Senin, 11 Jan 2021 10:14 WIB "
Ketua WP KPK Kenang Eks Ketum PB HMI Korban SJ182 yang Peduli Isu Korupsi,https://news.detik.com/berita/d-5328799/ketua-wp-kpk-kenang-eks-ketum-pb-hmi-korban-sj182-yang-peduli-isu-korupsi,"
Senin, 11 Jan 2021 10:12 WIB "
Tim DVI Polri Sudah Terima 16 Kantong Jenazah Korban Sriwijaya Air Jatuh,https://news.detik.com/berita/d-5328787/tim-dvi-polri-sudah-terima-16-kantong-jenazah-korban-sriwijaya-air-jatuh,"
Senin, 11 Jan 2021 09:54 WIB "
Tim DVI Dapatkan 40 Sampel DNA untuk Identifikasi Korban Sriwijaya Air Jatuh,https://news.detik.com/berita/d-5328777/tim-dvi-dapatkan-40-sampel-dna-untuk-identifikasi-korban-sriwijaya-air-jatuh,"
Senin, 11 Jan 2021 09:49 WIB "
Ini Identitas 3 Warga Lampung Penumpang Sriwijaya Air SJ182,https://news.detik.com/berita/d-5328772/ini-identitas-3-warga-lampung-penumpang-sriwijaya-air-sj182,"
Senin, 11 Jan 2021 09:44 WIB "
Polisi: Nelayan Lihat Air Laut Naik 15 Meter Saat Sriwijaya Air Jatuh,https://news.detik.com/berita/d-5328771/polisi-nelayan-lihat-air-laut-naik-15-meter-saat-sriwijaya-air-jatuh,"
Senin, 11 Jan 2021 09:42 WIB "
"Pencarian Korban Sriwijaya Air Berlanjut, BMKG Prediksi Cuaca Cerah-Berawan",https://news.detik.com/berita/d-5328754/pencarian-korban-sriwijaya-air-berlanjut-bmkg-prediksi-cuaca-cerah-berawan,"
Senin, 11 Jan 2021 09:33 WIB "
Tim SAR Gabungan Kerahkan 53 Kapal-13 Pesawat Cari Sriwijaya Air Hari Ini,https://news.detik.com/berita/d-5328750/tim-sar-gabungan-kerahkan-53-kapal-13-pesawat-cari-sriwijaya-air-hari-ini,"
Senin, 11 Jan 2021 09:28 WIB "
Sorotan Media Asing Atas Jatuhnya Pesawat Sriwijaya Air SJ182,https://news.detik.com/dw/d-5328747/sorotan-media-asing-atas-jatuhnya-pesawat-sriwijaya-air-sj182,"
Senin, 11 Jan 2021 09:26 WIB "
Tangis Ibunda Tunggu Kabar Dinda yang Ada di Sriwijaya Air SJ182,https://news.detik.com/berita/d-5328728/tangis-ibunda-tunggu-kabar-dinda-yang-ada-di-sriwijaya-air-sj182,"
Senin, 11 Jan 2021 09:11 WIB "
Sriwijaya Air Jelaskan Pengalihan Penumpang NAM Air ke Penerbangan SJ182,https://news.detik.com/berita/d-5328721/sriwijaya-air-jelaskan-pengalihan-penumpang-nam-air-ke-penerbangan-sj182,"
Senin, 11 Jan 2021 08:55 WIB "
Profil Pasukan Elite TNI yang Temukan Puing-Bagian Tubuh Korban Sriwijaya Air,https://news.detik.com/berita/d-5328713/profil-pasukan-elite-tni-yang-temukan-puing-bagian-tubuh-korban-sriwijaya-air,"
Senin, 11 Jan 2021 08:45 WIB "
"Dari KN SAR Wisnu, 50 Penyelam Cari Korban-Puing Sriwijaya Air SJ182",https://news.detik.com/berita/d-5328708/dari-kn-sar-wisnu-50-penyelam-cari-korban-puing-sriwijaya-air-sj182,"
Senin, 11 Jan 2021 08:31 WIB "
Cerita Nelayan Pulau Lancang Lihat Puing Beterbangan Saat Sriwijaya Air Jatuh,https://news.detik.com/berita/d-5328699/cerita-nelayan-pulau-lancang-lihat-puing-beterbangan-saat-sriwijaya-air-jatuh,"
Senin, 11 Jan 2021 08:12 WIB "
Duka Keluarga Dua Bersaudara Korban Jatuhnya Pesawat Sriwijaya,https://news.detik.com/berita-jawa-tengah/d-5328698/duka-keluarga-dua-bersaudara-korban-jatuhnya-pesawat-sriwijaya,"
Senin, 11 Jan 2021 08:10 WIB "
"Sriwijaya Air Jatuh, Alvin Lie: Usia Pesawat Tak Terkait Keselamatan",https://news.detik.com/berita/d-5328695/sriwijaya-air-jatuh-alvin-lie-usia-pesawat-tak-terkait-keselamatan,"
Senin, 11 Jan 2021 08:02 WIB "
RS Polri Terima 9 Bagian Tubuh Korban Pesawat Sriwijaya Air SJ182,https://news.detik.com/berita/d-5328673/rs-polri-terima-9-bagian-tubuh-korban-pesawat-sriwijaya-air-sj182,"
Senin, 11 Jan 2021 07:47 WIB "
Pilu Para Keluarga Penumpang Sriwijaya Air yang Jatuh,https://news.detik.com/berita/d-5328668/pilu-para-keluarga-penumpang-sriwijaya-air-yang-jatuh,"
Senin, 11 Jan 2021 07:42 WIB "
"6 Perkembangan Pencarian Black Box Sriwijaya Air, Lokasi Terdeteksi",https://news.detik.com/berita/d-5328667/6-perkembangan-pencarian-black-box-sriwijaya-air-lokasi-terdeteksi,"
Senin, 11 Jan 2021 07:34 WIB "
Anggota DPR Dorong KNKT Segera Ungkap Penyebab Jatuhnya Sriwijaya Air,https://news.detik.com/berita/d-5328666/anggota-dpr-dorong-knkt-segera-ungkap-penyebab-jatuhnya-sriwijaya-air,"
Senin, 11 Jan 2021 07:31 WIB "
Kesaksian Warga Pulau Lancang Saat Sriwijaya Air Jatuh: Rumah Bergetar,https://news.detik.com/berita/d-5328658/kesaksian-warga-pulau-lancang-saat-sriwijaya-air-jatuh-rumah-bergetar,"
Senin, 11 Jan 2021 07:12 WIB "
Polda Kalbar Ambil 18 Sampel DNA Keluarga Korban Sriwijaya Air SJ182,https://news.detik.com/berita/d-5328653/polda-kalbar-ambil-18-sampel-dna-keluarga-korban-sriwijaya-air-sj182,"
Senin, 11 Jan 2021 07:02 WIB "
4 Investigasi Terkini KNKT soal Kecelakaan Sriwijaya Air SJ182,https://news.detik.com/berita/d-5328647/4-investigasi-terkini-knkt-soal-kecelakaan-sriwijaya-air-sj182,"
Senin, 11 Jan 2021 06:49 WIB "
7 Temuan dari Evakuasi Sriwijaya Air Hari Kedua,https://news.detik.com/berita/d-5328637/7-temuan-dari-evakuasi-sriwijaya-air-hari-kedua,"
Senin, 11 Jan 2021 05:46 WIB "
Polda Sulsel Ambil Sampel DNA Keluarga Korban Sriwijaya Air di Makassar,https://news.detik.com/berita/d-5328588/polda-sulsel-ambil-sampel-dna-keluarga-korban-sriwijaya-air-di-makassar,"
Senin, 11 Jan 2021 01:39 WIB "
2 Penyelam Pramuka Bantu Basarnas Evakuasi Korban Sriwijaya Air,https://news.detik.com/berita/d-5328584/2-penyelam-pramuka-bantu-basarnas-evakuasi-korban-sriwijaya-air,"
Senin, 11 Jan 2021 00:32 WIB "
DVI Polda Lampung Ambil Sampel DNA Keluarga 3 Penumpang Sriwijaya Air,https://news.detik.com/berita/d-5328581/dvi-polda-lampung-ambil-sampel-dna-keluarga-3-penumpang-sriwijaya-air,"
Minggu, 10 Jan 2021 23:54 WIB "
BMKG Prakirakan Hujan Ringan Saat Lanjutan Pencarian Sriwijaya Air Besok,https://news.detik.com/berita/d-5328579/bmkg-prakirakan-hujan-ringan-saat-lanjutan-pencarian-sriwijaya-air-besok,"
Minggu, 10 Jan 2021 23:25 WIB "
Jasa Raharja Tunggu Hasil Identifikasi Korban Sriwijaya Air SJ182,https://news.detik.com/berita/d-5328576/jasa-raharja-tunggu-hasil-identifikasi-korban-sriwijaya-air-sj182,"
Minggu, 10 Jan 2021 23:13 WIB "
"Berhasil Dievakuasi, Turbin Pesawat Sriwijaya Air Tiba di JICT II",https://news.detik.com/berita/d-5328573/berhasil-dievakuasi-turbin-pesawat-sriwijaya-air-tiba-di-jict-ii,"
Minggu, 10 Jan 2021 23:03 WIB "
Sedihnya Keluarga Pilot Nam Air yang Jadi Korban Sriwijaya Air Jatuh,https://news.detik.com/berita-jawa-tengah/d-5328564/sedihnya-keluarga-pilot-nam-air-yang-jadi-korban-sriwijaya-air-jatuh,"
Minggu, 10 Jan 2021 22:38 WIB "
"Waspada Cuaca Ekstrem-Corona, MPR Dorong Masyarakat Batasi Perjalanan",https://news.detik.com/berita/d-5328539/waspada-cuaca-ekstrem-corona-mpr-dorong-masyarakat-batasi-perjalanan,"
Minggu, 10 Jan 2021 22:07 WIB "
Sriwijaya Air: Ada 6 Extra Crew pada Penerbangan SJ182,https://news.detik.com/berita/d-5328537/sriwijaya-air-ada-6-extra-crew-pada-penerbangan-sj182,"
Minggu, 10 Jan 2021 22:05 WIB "
Tangis Irfansyah Cerita Momen Terakhir Keluarganya Korban Sriwijaya Air SJ182,https://news.detik.com/berita/d-5328536/tangis-irfansyah-cerita-momen-terakhir-keluarganya-korban-sriwijaya-air-sj182,"
Minggu, 10 Jan 2021 22:00 WIB "
KNKT Ungkap Tawaran Bantuan dari Singapura-AS Terkait Sriwijaya Air,https://news.detik.com/berita/d-5328531/knkt-ungkap-tawaran-bantuan-dari-singapura-as-terkait-sriwijaya-air,"
Minggu, 10 Jan 2021 21:42 WIB "
Jazilul Fawaid Minta Usut Tuntas Penyebab Jatuhnya Sriwijaya Air SJ182,https://news.detik.com/berita/d-5328528/jazilul-fawaid-minta-usut-tuntas-penyebab-jatuhnya-sriwijaya-air-sj182,"
Minggu, 10 Jan 2021 21:36 WIB "
Penampakan Serpihan Pesawat Sriwijaya Air SJ182 di Dasar Laut,https://news.detik.com/detiktv/d-5328488/penampakan-serpihan-pesawat-sriwijaya-air-sj182-di-dasar-laut,"
Minggu, 10 Jan 2021 21:14 WIB "
KNKT Ungkap Komponen Sriwijaya Air SJ182 yang Sudah Diidentifikasi,https://news.detik.com/berita/d-5328487/knkt-ungkap-komponen-sriwijaya-air-sj182-yang-sudah-diidentifikasi,"
Minggu, 10 Jan 2021 21:12 WIB "
Kakak Sempat Larang Pramugari Sriwijaya Air SJ182 Perpanjang Kontrak,https://news.detik.com/berita/d-5328486/kakak-sempat-larang-pramugari-sriwijaya-air-sj182-perpanjang-kontrak,"
Minggu, 10 Jan 2021 21:10 WIB "
KNKT Kumpulkan Rekaman-Transkrip Percakapan Pilot SJ182-Pengatur Lalin Udara,https://news.detik.com/berita/d-5328485/knkt-kumpulkan-rekaman-transkrip-percakapan-pilot-sj182-pengatur-lalin-udara,"
Minggu, 10 Jan 2021 21:09 WIB "
KNKT Dapatkan Data Mentah Radar Pergerakan Pesawat Sriwijaya Air,https://news.detik.com/berita/d-5328476/knkt-dapatkan-data-mentah-radar-pergerakan-pesawat-sriwijaya-air,"
Minggu, 10 Jan 2021 21:06 WIB "
Duka Keluarga Pramugari Sriwijaya Air Asal Bandung Barat,https://news.detik.com/berita-jawa-barat/d-5328475/duka-keluarga-pramugari-sriwijaya-air-asal-bandung-barat,"
Minggu, 10 Jan 2021 21:05 WIB "
3 Anggota Keluarga Asal Pinrang Sulsel Jadi Korban Sriwijaya Air SJ182,https://news.detik.com/berita/d-5328464/3-anggota-keluarga-asal-pinrang-sulsel-jadi-korban-sriwijaya-air-sj182,"
Minggu, 10 Jan 2021 20:53 WIB "
"Sriwijaya Air SJ182 Jatuh, Waket MPR: Segera Diinvestigasi Penyebabnya",https://news.detik.com/berita/d-5328455/sriwijaya-air-sj182-jatuh-waket-mpr-segera-diinvestigasi-penyebabnya,"
Minggu, 10 Jan 2021 20:32 WIB "
Keluarga Korban Sriwijaya Air Diambil Sampel DNA di RS Polri,https://news.detik.com/berita/d-5328451/keluarga-korban-sriwijaya-air-diambil-sampel-dna-di-rs-polri,"
Minggu, 10 Jan 2021 20:25 WIB "
"Keluarga Crew Sriwijaya Air SJ182 Diantar ke RS Polri, Bawa Sampel DNA",https://news.detik.com/berita/d-5328450/keluarga-crew-sriwijaya-air-sj182-diantar-ke-rs-polri-bawa-sampel-dna,"
Minggu, 10 Jan 2021 20:24 WIB "
"Pancarkan Sinyal Emergency, Ini Lokasi yang Diyakini Black Box Sriwijaya Air",https://news.detik.com/berita/d-5328447/pancarkan-sinyal-emergency-ini-lokasi-yang-diyakini-black-box-sriwijaya-air,"
Minggu, 10 Jan 2021 20:18 WIB "
"Sederet Temuan Evakuasi Sriwijaya Air Hari Ini, Ada 16 Potongan Besar Pesawat",https://news.detik.com/berita/d-5328444/sederet-temuan-evakuasi-sriwijaya-air-hari-ini-ada-16-potongan-besar-pesawat,"
Minggu, 10 Jan 2021 20:09 WIB "
"Basarnas Perlebar Pencarian Sriwijaya Air Besok, Fokus Cari Black Box-Korban",https://news.detik.com/berita/d-5328443/basarnas-perlebar-pencarian-sriwijaya-air-besok-fokus-cari-black-box-korban,"
Minggu, 10 Jan 2021 20:08 WIB "
KPLP Temukan Bagian Rambut-Passenger Seat Terkait Sriwijaya Air SJ182,https://news.detik.com/berita/d-5328440/kplp-temukan-bagian-rambut-passenger-seat-terkait-sriwijaya-air-sj182,"
Minggu, 10 Jan 2021 19:59 WIB "
Jasa Raharja Akan Beri Santunan Rp 50 Juta ke Keluarga Korban Sriwijaya Air,https://news.detik.com/berita/d-5328429/jasa-raharja-akan-beri-santunan-rp-50-juta-ke-keluarga-korban-sriwijaya-air,"
Minggu, 10 Jan 2021 19:51 WIB "
Seperti Apa Kondisi Cuaca Saat Sriwijaya SJ182 Air Jatuh?,https://news.detik.com/berita/d-5328426/seperti-apa-kondisi-cuaca-saat-sriwijaya-sj182-air-jatuh,"
Minggu, 10 Jan 2021 19:48 WIB "
Total 150 Kapal Dikerahkan ke Lokasi Jatuhnya Pesawat Sriwijaya Air SJ182,https://news.detik.com/berita/d-5328399/total-150-kapal-dikerahkan-ke-lokasi-jatuhnya-pesawat-sriwijaya-air-sj182,"
Minggu, 10 Jan 2021 19:29 WIB "
Istri Sebut Suaminya Dialihkan dari NAM Air ke Sriwijaya,https://news.detik.com/berita/d-5328394/istri-sebut-suaminya-dialihkan-dari-nam-air-ke-sriwijaya,"
Minggu, 10 Jan 2021 19:19 WIB "
15 Serpihan Diduga Pesawat Sriwijaya Air SJ182 dan 5 Kaus Dievakuasi,https://news.detik.com/berita/d-5328387/15-serpihan-diduga-pesawat-sriwijaya-air-sj182-dan-5-kaus-dievakuasi,"
Minggu, 10 Jan 2021 19:05 WIB "
Ini Chat Terakhir Pramugari Sriwijaya Air SJ182 dengan Kakak Kandung,https://news.detik.com/berita/d-5328370/ini-chat-terakhir-pramugari-sriwijaya-air-sj182-dengan-kakak-kandung,"
Minggu, 10 Jan 2021 18:50 WIB "
"Oke Dhurottul Jannah, Pramugari NAM Air Jadi Korban SJ182",https://news.detik.com/berita-jawa-barat/d-5328368/oke-dhurottul-jannah-pramugari-nam-air-jadi-korban-sj182,"
Minggu, 10 Jan 2021 18:50 WIB "
Keluarga Pertanyakan Pemindahan Penerbangan NAM Air-Sriwijaya,https://news.detik.com/berita/d-5328363/keluarga-pertanyakan-pemindahan-penerbangan-nam-air-sriwijaya,"
Minggu, 10 Jan 2021 18:45 WIB "
"Sambangi RS Polri, Kapolda Metro Sapa Keluarga Korban Sriwijaya Air SJ182",https://news.detik.com/berita/d-5328340/sambangi-rs-polri-kapolda-metro-sapa-keluarga-korban-sriwijaya-air-sj182,"
Minggu, 10 Jan 2021 18:39 WIB "
Keluarga di Sumbar Cerita Kapten Afwan Sempat Bantu Sanak yang Kena COVID,https://news.detik.com/berita/d-5328329/keluarga-di-sumbar-cerita-kapten-afwan-sempat-bantu-sanak-yang-kena-covid,"
Minggu, 10 Jan 2021 18:30 WIB "
Karangan Bunga di Rumah Kru Sriwijaya Air SJ182 Fadly Satrianto,https://news.detik.com/berita-jawa-timur/d-5328327/karangan-bunga-di-rumah-kru-sriwijaya-air-sj182-fadly-satrianto,"
Minggu, 10 Jan 2021 18:24 WIB "
Foto Terakhir Teknisi Asal Kebumen Korban Sriwijaya Air Jatuh untuk Ibunda,https://news.detik.com/berita-jawa-tengah/d-5328313/foto-terakhir-teknisi-asal-kebumen-korban-sriwijaya-air-jatuh-untuk-ibunda,"
Minggu, 10 Jan 2021 18:23 WIB "
Basarnas Sebut Pencarian Sriwijaya Air Belum Dihentikan Sore Ini,https://news.detik.com/berita/d-5328312/basarnas-sebut-pencarian-sriwijaya-air-belum-dihentikan-sore-ini,"
Minggu, 10 Jan 2021 18:23 WIB "
BPPT Ungkap Teknik Pencarian Black Box Pesawat Sriwijaya Air SJ182,https://news.detik.com/berita/d-5328311/bppt-ungkap-teknik-pencarian-black-box-pesawat-sriwijaya-air-sj182,"
Minggu, 10 Jan 2021 18:20 WIB "
"Sriwijaya Air Jatuh, Ini 5 Kecelakaan Pesawat Terburuk di Indonesia",https://news.detik.com/berita/d-5328310/sriwijaya-air-jatuh-ini-5-kecelakaan-pesawat-terburuk-di-indonesia,"
Minggu, 10 Jan 2021 18:19 WIB "
Ma'ruf Amin Berduka Jatuhnya Sriwijaya Air-Longsor di Sumedang,https://news.detik.com/berita/d-5328307/maruf-amin-berduka-jatuhnya-sriwijaya-air-longsor-di-sumedang,"
Minggu, 10 Jan 2021 18:16 WIB "
Cerita Istri Sempat Larang Suami Korban Sriwijaya Air SJ182 ke Pontianak,https://news.detik.com/berita-jawa-tengah/d-5328292/cerita-istri-sempat-larang-suami-korban-sriwijaya-air-sj182-ke-pontianak,"
Minggu, 10 Jan 2021 18:01 WIB "
"Titik Jatuhnya Sriwijaya Air Ditemukan, Menhub Apresiasi Tim Gabungan",https://news.detik.com/berita/d-5328291/titik-jatuhnya-sriwijaya-air-ditemukan-menhub-apresiasi-tim-gabungan,"
Minggu, 10 Jan 2021 18:01 WIB "
Basarnas Harap Black Box Sriwijaya Air SJ182 Bisa Diangkat Malam Ini,https://news.detik.com/berita/d-5328283/basarnas-harap-black-box-sriwijaya-air-sj182-bisa-diangkat-malam-ini,"
Minggu, 10 Jan 2021 17:57 WIB "
Cerita Wanita di Sumbar Batal Naik Sriwijaya Air SJ182 Gegara Tes Antigen,https://news.detik.com/berita/d-5328278/cerita-wanita-di-sumbar-batal-naik-sriwijaya-air-sj182-gegara-tes-antigen,"
Minggu, 10 Jan 2021 17:54 WIB "
Marinir Serahkan 10 Kepingan Baru dari Evakuasi Sriwijaya Air SJ182,https://news.detik.com/berita/d-5328265/marinir-serahkan-10-kepingan-baru-dari-evakuasi-sriwijaya-air-sj182,"
Minggu, 10 Jan 2021 17:39 WIB "
Tim DVI Polri Identifikasi 7 Kantong Jenazah Korban Sriwijaya Air Besok,https://news.detik.com/berita/d-5328261/tim-dvi-polri-identifikasi-7-kantong-jenazah-korban-sriwijaya-air-besok,"
Minggu, 10 Jan 2021 17:29 WIB "
"5 Korban SJ182 Asal Sumbar, Gubernur Irwan Ajak Warga Berdoa",https://news.detik.com/berita/d-5328259/5-korban-sj182-asal-sumbar-gubernur-irwan-ajak-warga-berdoa,"
Minggu, 10 Jan 2021 17:27 WIB "
RS Polri Terima 21 Sampel DNA Terkait Korban Sriwijaya Air SJ182,https://news.detik.com/berita/d-5328258/rs-polri-terima-21-sampel-dna-terkait-korban-sriwijaya-air-sj182,"
Minggu, 10 Jan 2021 17:27 WIB "
"Bagian Besar Sriwijaya Air Belum Diangkat, Kapal Crane Diterjunkan",https://news.detik.com/berita/d-5328250/bagian-besar-sriwijaya-air-belum-diangkat-kapal-crane-diterjunkan,"
Minggu, 10 Jan 2021 17:13 WIB "
"Hujan Sempat Turun, IDRT Hentikan Sementara Pencarian Sriwijaya Air SJ182",https://news.detik.com/berita/d-5328266/hujan-sempat-turun-idrt-hentikan-sementara-pencarian-sriwijaya-air-sj182,"
Minggu, 10 Jan 2021 17:10 WIB "
Guru Ini Jadi Korban Sriwijaya Air SJ182 Usai Pulkam Jenguk Ibu di Tegal,https://news.detik.com/berita-jawa-tengah/d-5328248/guru-ini-jadi-korban-sriwijaya-air-sj182-usai-pulkam-jenguk-ibu-di-tegal,"
Minggu, 10 Jan 2021 17:09 WIB "
Wagub Ariza Minta Warga Tak Sebar Hoax Terkait Jatuhnya Sriwijaya Air,https://news.detik.com/berita/d-5328229/wagub-ariza-minta-warga-tak-sebar-hoax-terkait-jatuhnya-sriwijaya-air,"
Minggu, 10 Jan 2021 17:00 WIB "
Anak Sulung Kapten Afwan Bertolak ke Jakarta Jalani Tes DNA,https://news.detik.com/berita-jawa-barat/d-5328222/anak-sulung-kapten-afwan-bertolak-ke-jakarta-jalani-tes-dna,"
Minggu, 10 Jan 2021 16:45 WIB "
Isak Tangis Ibu Kru Sriwijaya Air SJ182 Fadly Satrianto Usai Tes DNA,https://news.detik.com/berita-jawa-timur/d-5328207/isak-tangis-ibu-kru-sriwijaya-air-sj182-fadly-satrianto-usai-tes-dna,"
Minggu, 10 Jan 2021 16:38 WIB "
Kakak Pramugari Sriwijaya Air SJ182 Ungkap Kebiasaan Korban Sebelum Terbang,https://news.detik.com/berita/d-5328205/kakak-pramugari-sriwijaya-air-sj182-ungkap-kebiasaan-korban-sebelum-terbang,"
Minggu, 10 Jan 2021 16:36 WIB "
"Posisi Sudah Diketahui, Black Box Sriwijaya Air SJ182 Dicari dengan Alat Ini",https://news.detik.com/berita/d-5328187/posisi-sudah-diketahui-black-box-sriwijaya-air-sj182-dicari-dengan-alat-ini,"
Minggu, 10 Jan 2021 16:30 WIB "
Ibu Ini Kenang Senyuman Anak yang Jatuh Bersama Sriwijaya Air SJ182,https://news.detik.com/berita-jawa-timur/d-5328183/ibu-ini-kenang-senyuman-anak-yang-jatuh-bersama-sriwijaya-air-sj182,"
Minggu, 10 Jan 2021 16:17 WIB "
Cerita Keluarga Sempat Larang Korban Sriwijaya Air SJ182 ke Pontianak,https://news.detik.com/berita/d-5328176/cerita-keluarga-sempat-larang-korban-sriwijaya-air-sj182-ke-pontianak,"
Minggu, 10 Jan 2021 16:01 WIB "
Video Call Terakhir Pilot Nam Air Sebelum Jadi Korban Sriwijaya Air SJ182,https://news.detik.com/berita-jawa-tengah/d-5328165/video-call-terakhir-pilot-nam-air-sebelum-jadi-korban-sriwijaya-air-sj182,"
Minggu, 10 Jan 2021 15:58 WIB "
Panglima TNI: Posisi Diduga Black Box Sriwijaya Air SJ182 Sudah Dimarking,https://news.detik.com/berita/d-5328160/panglima-tni-posisi-diduga-black-box-sriwijaya-air-sj182-sudah-dimarking,"
Minggu, 10 Jan 2021 15:52 WIB "
Rekap Kantong yang Diterima Basarnas Terkait Sriwijaya Air SJ182 Per Sore Ini,https://news.detik.com/berita/d-5328158/rekap-kantong-yang-diterima-basarnas-terkait-sriwijaya-air-sj182-per-sore-ini,"
Minggu, 10 Jan 2021 15:48 WIB "
Keluarga Penumpang Sriwijaya Air SJ182 Terus Berdatangan ke Posko RS Polri,https://news.detik.com/berita/d-5328156/keluarga-penumpang-sriwijaya-air-sj182-terus-berdatangan-ke-posko-rs-polri,"
Minggu, 10 Jan 2021 15:44 WIB "
Keistimewaan Baruna Jaya IV yang Disiagakan untuk Cari Black Box SJ182,https://news.detik.com/berita/d-5328155/keistimewaan-baruna-jaya-iv-yang-disiagakan-untuk-cari-black-box-sj182,"
Minggu, 10 Jan 2021 15:42 WIB "
"KRI Parang Bawa 2 Kantong Mayat, Isinya BagianTubuh-Serpihan Pesawat SJ182",https://news.detik.com/berita/d-5328149/kri-parang-bawa-2-kantong-mayat-isinya-bagiantubuh-serpihan-pesawat-sj182,"
Minggu, 10 Jan 2021 15:35 WIB "
Keluarga Kru Sriwijaya Air SJ182 Fadly Satrianto di Surabaya Tak ke Jakarta,https://news.detik.com/berita-jawa-timur/d-5328146/keluarga-kru-sriwijaya-air-sj182-fadly-satrianto-di-surabaya-tak-ke-jakarta,"
Minggu, 10 Jan 2021 15:29 WIB "
Kisah Penumpang Dipindah dari Nam Air Jadi Korban Sriwijaya Air,https://news.detik.com/berita/d-5328132/kisah-penumpang-dipindah-dari-nam-air-jadi-korban-sriwijaya-air,"
Minggu, 10 Jan 2021 15:16 WIB "
Jasa Raharja Himpun 56 Data Keluarga Korban Sriwijaya Air SJ182,https://news.detik.com/berita/d-5328118/jasa-raharja-himpun-56-data-keluarga-korban-sriwijaya-air-sj182,"
Minggu, 10 Jan 2021 15:07 WIB "
Kakak Beradik Asal Sragen Jadi Korban Sriwijaya Air yang Jatuh,https://news.detik.com/berita-jawa-tengah/d-5328115/kakak-beradik-asal-sragen-jadi-korban-sriwijaya-air-yang-jatuh,"
Minggu, 10 Jan 2021 15:01 WIB "
Ditpolairud Kerahkan 8 Kapal-4 Heli Bantu Cari Sriwijaya Air yang Jatuh,https://news.detik.com/berita/d-5328107/ditpolairud-kerahkan-8-kapal-4-heli-bantu-cari-sriwijaya-air-yang-jatuh,"
Minggu, 10 Jan 2021 14:38 WIB "
Keluarga Tak Sangka Pilot Nam Air Ikut Jadi Korban Sriwijaya Air Jatuh,https://news.detik.com/berita-jawa-tengah/d-5328099/keluarga-tak-sangka-pilot-nam-air-ikut-jadi-korban-sriwijaya-air-jatuh,"
Minggu, 10 Jan 2021 14:26 WIB "
Cerita Permintaan Maaf Kapten Afwan ke Istri-Anak Sebelum Pergi Kerja,https://news.detik.com/berita-jawa-barat/d-5328092/cerita-permintaan-maaf-kapten-afwan-ke-istri-anak-sebelum-pergi-kerja,"
Minggu, 10 Jan 2021 14:13 WIB "
Polisi Sediakan Trauma Healing bagi Keluarga Korban Sriwijaya Air SJ182,https://news.detik.com/berita/d-5328084/polisi-sediakan-trauma-healing-bagi-keluarga-korban-sriwijaya-air-sj182,"
Minggu, 10 Jan 2021 14:12 WIB "
BPJAMSOSTEK Siapkan Santunan buat Keluarga Korban Sriwijaya Air SJ182,https://news.detik.com/berita/d-5328082/bpjamsostek-siapkan-santunan-buat-keluarga-korban-sriwijaya-air-sj182,"
Minggu, 10 Jan 2021 14:11 WIB "
"Evakuasi SJ182, Basarnas Kembali Terima 5 Kantong Berisi Bagian Tubuh",https://news.detik.com/berita/d-5328081/evakuasi-sj182-basarnas-kembali-terima-5-kantong-berisi-bagian-tubuh,"
Minggu, 10 Jan 2021 14:10 WIB "
BPJS Ketenagakerjaan Siapkan Santunan Korban Jatuhnya Sriwijaya Air,https://news.detik.com/berita/d-5328080/bpjs-ketenagakerjaan-siapkan-santunan-korban-jatuhnya-sriwijaya-air,"
Minggu, 10 Jan 2021 14:09 WIB "
Gubernur Khofifah Berbelasungkawa Atas Jatuhnya Sriwijaya Air SJ182,https://news.detik.com/berita-jawa-timur/d-5328073/gubernur-khofifah-berbelasungkawa-atas-jatuhnya-sriwijaya-air-sj182,"
Minggu, 10 Jan 2021 13:54 WIB "
TNI AU Mulai Cari Potongan Besar Pesawat Sriwijaya Air SJ182,https://news.detik.com/berita/d-5328071/tni-au-mulai-cari-potongan-besar-pesawat-sriwijaya-air-sj182,"
Minggu, 10 Jan 2021 13:52 WIB "
Tetangga Kenang Kapten Afwan Sebagai Sosok Agamis dan Dermawan,https://news.detik.com/berita-jawa-barat/d-5328068/tetangga-kenang-kapten-afwan-sebagai-sosok-agamis-dan-dermawan,"
Minggu, 10 Jan 2021 13:44 WIB "
"Kunjungi Rumah Keluarga Pilot SJ182, Bupati Bogor: Kami Siap Bantu",https://news.detik.com/berita/d-5328066/kunjungi-rumah-keluarga-pilot-sj182-bupati-bogor-kami-siap-bantu,"
Minggu, 10 Jan 2021 13:42 WIB "
"Cari Sriwijaya Air Lewat Udara, TNI AU Temukan Tumpahan Minyak di Laut",https://news.detik.com/berita/d-5328065/cari-sriwijaya-air-lewat-udara-tni-au-temukan-tumpahan-minyak-di-laut,"
Minggu, 10 Jan 2021 13:42 WIB "
Ini 5 Fase Proses Identifikasi Korban Sriwijaya Air SJ182,https://news.detik.com/berita/d-5328058/ini-5-fase-proses-identifikasi-korban-sriwijaya-air-sj182,"
Minggu, 10 Jan 2021 13:42 WIB "
DVI Polri Koordinasi ke Sriwijaya Air Minta Data Penumpang-CCTV,https://news.detik.com/berita/d-5328056/dvi-polri-koordinasi-ke-sriwijaya-air-minta-data-penumpang-cctv,"
Minggu, 10 Jan 2021 13:38 WIB "
Posko RS Polri Terima Laporan 12 Keluarga Korban Jatuhnya Sriwijaya Air,https://news.detik.com/berita/d-5328044/posko-rs-polri-terima-laporan-12-keluarga-korban-jatuhnya-sriwijaya-air,"
Minggu, 10 Jan 2021 13:31 WIB "
"Kru Sriwijaya Air SJ182 Fadly Satrianto Alumnus Unair, Civitas Berdukacita",https://news.detik.com/berita-jawa-timur/d-5328043/kru-sriwijaya-air-sj182-fadly-satrianto-alumnus-unair-civitas-berdukacita,"
Minggu, 10 Jan 2021 13:25 WIB "
"Usai Cek Titik Koordinat Jatuhnya Sriwijaya Air, Panglima TNI Pindah Kapal",https://news.detik.com/berita/d-5328018/usai-cek-titik-koordinat-jatuhnya-sriwijaya-air-panglima-tni-pindah-kapal,"
Minggu, 10 Jan 2021 13:21 WIB "
Bakamla Kerahkan 5 Kapal dan 130 Personel Bantu Pencarian Sriwijaya Air SJ182,https://news.detik.com/berita/d-5328010/bakamla-kerahkan-5-kapal-dan-130-personel-bantu-pencarian-sriwijaya-air-sj182,"
Minggu, 10 Jan 2021 13:06 WIB "
Jokowi Sampaikan Dukacita Mendalam Atas Jatuhnya Sriwijaya Air SJ182,https://news.detik.com/detiktv/d-5328002/jokowi-sampaikan-dukacita-mendalam-atas-jatuhnya-sriwijaya-air-sj182,"
Minggu, 10 Jan 2021 12:47 WIB "
Keluarga Ungkap Chat Terakhir Korban Sriwijaya Air: Lo Gak Samperin Gue?,https://news.detik.com/berita/d-5328000/keluarga-ungkap-chat-terakhir-korban-sriwijaya-air-lo-gak-samperin-gue,"
Minggu, 10 Jan 2021 12:44 WIB "
Ibu Kru Sriwijaya Air SJ182 Fadly Satrianto Jalani Tes DNA,https://news.detik.com/berita-jawa-timur/d-5327992/ibu-kru-sriwijaya-air-sj182-fadly-satrianto-jalani-tes-dna,"
Minggu, 10 Jan 2021 12:42 WIB "
"Sriwijaya Air Jatuh, Warga Cerita Kaget Dengar Ledakan Besar",https://news.detik.com/berita/d-5327990/sriwijaya-air-jatuh-warga-cerita-kaget-dengar-ledakan-besar,"
Minggu, 10 Jan 2021 12:39 WIB "
Crisis Center Soetta Sudah Terima 34 Laporan Keluarga Sriwijaya Air SJ182,https://news.detik.com/berita/d-5327979/crisis-center-soetta-sudah-terima-34-laporan-keluarga-sriwijaya-air-sj182,"
Minggu, 10 Jan 2021 12:33 WIB "
Tenda-Bendera Kuning Terpasang di Kediaman Pilot SJ182 di Bogor,https://news.detik.com/berita-jawa-barat/d-5327965/tenda-bendera-kuning-terpasang-di-kediaman-pilot-sj182-di-bogor,"
Minggu, 10 Jan 2021 12:12 WIB "
Baju Anak-anak Warna Pink Ditemukan dari Evakuasi Sriwijaya Air,https://news.detik.com/berita/d-5327963/baju-anak-anak-warna-pink-ditemukan-dari-evakuasi-sriwijaya-air,"
Minggu, 10 Jan 2021 12:12 WIB "
Denjaka Temukan Benda Mirip Roda-Nomor Tempat Duduk Sriwijaya Air SJ182,https://news.detik.com/berita/d-5327951/denjaka-temukan-benda-mirip-roda-nomor-tempat-duduk-sriwijaya-air-sj182,"
Minggu, 10 Jan 2021 12:07 WIB "
Pilu Ibu di Kediri Karena Anak dan Cucunya Jadi Korban Sriwijaya Air Jatuh,https://news.detik.com/berita-jawa-timur/d-5327948/pilu-ibu-di-kediri-karena-anak-dan-cucunya-jadi-korban-sriwijaya-air-jatuh,"
Minggu, 10 Jan 2021 11:59 WIB "
Panglima TNI-Menhub Naik Perahu Karet ke Koordinat Jatuhnya Sriwijaya Air,https://news.detik.com/berita/d-5327944/panglima-tni-menhub-naik-perahu-karet-ke-koordinat-jatuhnya-sriwijaya-air,"
Minggu, 10 Jan 2021 11:52 WIB "
Jokowi Pastikan Upaya Terbaik Evakuasi Penumpang Sriwijaya Air SJ182,https://news.detik.com/berita/d-5327942/jokowi-pastikan-upaya-terbaik-evakuasi-penumpang-sriwijaya-air-sj182,"
Minggu, 10 Jan 2021 11:50 WIB "
Jokowi Perintahkan KNKT Bikin Kajian Penyelidikan Jatuhnya Sriwijaya Air,https://news.detik.com/berita/d-5327940/jokowi-perintahkan-knkt-bikin-kajian-penyelidikan-jatuhnya-sriwijaya-air,"
Minggu, 10 Jan 2021 11:47 WIB "
Begini Potret Pantauan Udara Evakuasi Sriwijaya Air SJ182,https://news.detik.com/berita/d-5327932/begini-potret-pantauan-udara-evakuasi-sriwijaya-air-sj182,"
Minggu, 10 Jan 2021 11:42 WIB "
Keluarga Kopilot Diego Mamahit Masih Syok Dengar Kabar Sriwijaya SJ182 Jatuh,https://news.detik.com/berita/d-5327915/keluarga-kopilot-diego-mamahit-masih-syok-dengar-kabar-sriwijaya-sj182-jatuh,"
Minggu, 10 Jan 2021 11:26 WIB "
Keluarga Korban Sriwijaya Air SJ182 di Bandara Soetta Diantar ke RS Polri,https://news.detik.com/berita/d-5327914/keluarga-korban-sriwijaya-air-sj182-di-bandara-soetta-diantar-ke-rs-polri,"
Minggu, 10 Jan 2021 11:25 WIB "
Kontak Terakhir Kru Sriwijaya Air SJ182 Fadly Satrianto dengan Keluarga,https://news.detik.com/berita-jawa-timur/d-5327910/kontak-terakhir-kru-sriwijaya-air-sj182-fadly-satrianto-dengan-keluarga,"
Minggu, 10 Jan 2021 11:19 WIB "
"Sambangi RS Polri, Keluarga Kopilot Sriwijaya SJ182 Diambil Sampel DNA-nya",https://news.detik.com/berita/d-5327908/sambangi-rs-polri-keluarga-kopilot-sriwijaya-sj182-diambil-sampel-dna-nya,"
Minggu, 10 Jan 2021 11:15 WIB "
Tim Kopaska Temukan Bagian Tubuh Diduga Korban Sriwijaya Air SJ182,https://news.detik.com/berita/d-5327892/tim-kopaska-temukan-bagian-tubuh-diduga-korban-sriwijaya-air-sj182,"
Minggu, 10 Jan 2021 10:56 WIB "
Potret Life Vest Kuning-Benda Diduga Nomor Registrasi Sriwijaya Air,https://news.detik.com/berita/d-5327882/potret-life-vest-kuning-benda-diduga-nomor-registrasi-sriwijaya-air,"
Minggu, 10 Jan 2021 10:54 WIB "
"Panglima TNI: Bila Ditemukan Korban-Bagian Pesawat SJ182, Sore Bisa Diangkat",https://news.detik.com/berita/d-5327853/panglima-tni-bila-ditemukan-korban-bagian-pesawat-sj182-sore-bisa-diangkat,"
Minggu, 10 Jan 2021 10:20 WIB "
Menhub Ungkap Kemajuan Berarti Terkait Pencarian Sriwijaya Air SJ182,https://news.detik.com/berita/d-5327848/menhub-ungkap-kemajuan-berarti-terkait-pencarian-sriwijaya-air-sj182,"
Minggu, 10 Jan 2021 10:10 WIB "
Jokowi: Saya Memantau Pencarian Penumpang Sriwijaya Air SJ182,https://news.detik.com/berita/d-5327847/jokowi-saya-memantau-pencarian-penumpang-sriwijaya-air-sj182,"
Minggu, 10 Jan 2021 10:10 WIB "
Cerita Riski Tak Sadar Keluarganya Tumpangi Sriwijaya Air SJ182 yang Jatuh,https://news.detik.com/berita/d-5327844/cerita-riski-tak-sadar-keluarganya-tumpangi-sriwijaya-air-sj182-yang-jatuh,"
Minggu, 10 Jan 2021 10:06 WIB "
Penyelam Kopaska Temukan Life Vest-Pecahan Sriwijaya Air,https://news.detik.com/berita/d-5327832/penyelam-kopaska-temukan-life-vest-pecahan-sriwijaya-air,"
Minggu, 10 Jan 2021 10:02 WIB "
TNI AU Lihat Anomali Warna Laut dan Serpihan Diduga Sriwijaya Air,https://news.detik.com/berita/d-5327824/tni-au-lihat-anomali-warna-laut-dan-serpihan-diduga-sriwijaya-air,"
Minggu, 10 Jan 2021 09:49 WIB "
Basarnas Ungkap 3 Metode Cari Pesawat Sriwijaya Air SJ182,https://news.detik.com/berita/d-5327802/basarnas-ungkap-3-metode-cari-pesawat-sriwijaya-air-sj182,"
Minggu, 10 Jan 2021 09:35 WIB "
"Keluarga Ceritakan Capt Afwan Pilot Sriwijaya Air, Sosok Alim dan Dermawan",https://news.detik.com/berita/d-5327793/keluarga-ceritakan-capt-afwan-pilot-sriwijaya-air-sosok-alim-dan-dermawan,"
Minggu, 10 Jan 2021 09:20 WIB "
TNI AU Akan Koordinasi ke Basarnas Tiap Penemuan Terkait Sriwijaya Air,https://news.detik.com/berita/d-5327789/tni-au-akan-koordinasi-ke-basarnas-tiap-penemuan-terkait-sriwijaya-air,"
Minggu, 10 Jan 2021 09:19 WIB "
Menhub: Presiden Perintahkan Pencarian Sriwijaya Air SJ182 Maksimal,https://news.detik.com/berita/d-5327785/menhub-presiden-perintahkan-pencarian-sriwijaya-air-sj182-maksimal,"
Minggu, 10 Jan 2021 09:09 WIB "
Jasa Raharja Lakukan Pendataan Korban Sriwijaya Air SJ182,https://news.detik.com/berita/d-5327782/jasa-raharja-lakukan-pendataan-korban-sriwijaya-air-sj182,"
Minggu, 10 Jan 2021 09:06 WIB "
Sebagian Kopaska Pencari Sriwijaya Air Pernah Bantu Evakuasi Lion Air JT610,https://news.detik.com/berita/d-5327780/sebagian-kopaska-pencari-sriwijaya-air-pernah-bantu-evakuasi-lion-air-jt610,"
Minggu, 10 Jan 2021 09:02 WIB "
AP II Siapkan Crisis Center Sriwijaya Air SJ182 di Soetta dan Supadio,https://news.detik.com/berita/d-5327777/ap-ii-siapkan-crisis-center-sriwijaya-air-sj182-di-soetta-dan-supadio,"
Minggu, 10 Jan 2021 08:55 WIB "
"Sriwijaya Air Jatuh, Menkominfo: Tak Ada Gangguan Frekuensi Penerbangan",https://news.detik.com/berita/d-5327774/sriwijaya-air-jatuh-menkominfo-tak-ada-gangguan-frekuensi-penerbangan,"
Minggu, 10 Jan 2021 08:52 WIB "
TNI AU Ungkap Kesulitan dalam Pencarian Pesawat Sriwijaya Air SJ182,https://news.detik.com/berita/d-5327766/tni-au-ungkap-kesulitan-dalam-pencarian-pesawat-sriwijaya-air-sj182,"
Minggu, 10 Jan 2021 08:41 WIB "
Panglima TNI: Sinyal Diduga dari Pesawat Sriwijaya Air SJ182 Ditemukan,https://news.detik.com/berita/d-5327763/panglima-tni-sinyal-diduga-dari-pesawat-sriwijaya-air-sj182-ditemukan,"
Minggu, 10 Jan 2021 08:36 WIB "
8 Fakta Terbaru Sriwijaya Air Jatuh di Sekitar Kepulauan Seribu,https://news.detik.com/berita/d-5327759/8-fakta-terbaru-sriwijaya-air-jatuh-di-sekitar-kepulauan-seribu,"
Minggu, 10 Jan 2021 08:33 WIB "
TNI AU Kerahkan 4 Pesawat dan 150 Personel Cari Pesawat Sriwijaya Air,https://news.detik.com/berita/d-5327748/tni-au-kerahkan-4-pesawat-dan-150-personel-cari-pesawat-sriwijaya-air,"
Minggu, 10 Jan 2021 08:22 WIB "
Keluarga Kru Sriwijaya Air SJ182 Berharap Keajaiban,https://news.detik.com/berita/d-5327747/keluarga-kru-sriwijaya-air-sj182-berharap-keajaiban,"
Minggu, 10 Jan 2021 08:22 WIB "
Pernyataan Ikatan Pilot Indonesia soal Sriwijaya Air SJ182 Jatuh,https://news.detik.com/berita/d-5327740/pernyataan-ikatan-pilot-indonesia-soal-sriwijaya-air-sj182-jatuh,"
Minggu, 10 Jan 2021 08:13 WIB "
Kopaska Bagi 4 Tim Cari Pesawat Sriwijaya Air SJ182 yang Jatuh,https://news.detik.com/berita/d-5327738/kopaska-bagi-4-tim-cari-pesawat-sriwijaya-air-sj182-yang-jatuh,"
Minggu, 10 Jan 2021 08:03 WIB "
"Naik KRI John Lie, Menhub-Panglima Cek Titik Lokasi Jatuhnya Sriwijaya Air",https://news.detik.com/berita/d-5327736/naik-kri-john-lie-menhub-panglima-cek-titik-lokasi-jatuhnya-sriwijaya-air,"
Minggu, 10 Jan 2021 08:01 WIB "
TNI AL Temukan Titik Koordinat Jatuhnya Sriwijaya Air SJ182,https://news.detik.com/detiktv/d-5327721/tni-al-temukan-titik-koordinat-jatuhnya-sriwijaya-air-sj182,"
Minggu, 10 Jan 2021 07:43 WIB "
Bagian Tubuh-1 Properti Diduga Milik Korban Sriwijaya Air Dibawa ke RS Polri,https://news.detik.com/berita/d-5327713/bagian-tubuh-1-properti-diduga-milik-korban-sriwijaya-air-dibawa-ke-rs-polri,"
Minggu, 10 Jan 2021 07:22 WIB "
KRI Gilimanuk Tiba di Sekitar Lokasi Jatuhnya Sriwijaya Air SJ182,https://news.detik.com/berita/d-5327677/kri-gilimanuk-tiba-di-sekitar-lokasi-jatuhnya-sriwijaya-air-sj182,"
Minggu, 10 Jan 2021 05:02 WIB "
KNKT Cek Lokasi Titik Jatuh Pesawat Sriwijaya Air SJ182 Pagi Ini,https://news.detik.com/berita/d-5327676/knkt-cek-lokasi-titik-jatuh-pesawat-sriwijaya-air-sj182-pagi-ini,"
Minggu, 10 Jan 2021 04:28 WIB "
Danpos TNI AL Rawasaban Minta Nelayan Infokan Jika Temukan Serpihan Pesawat,https://news.detik.com/berita/d-5327674/danpos-tni-al-rawasaban-minta-nelayan-infokan-jika-temukan-serpihan-pesawat,"
Minggu, 10 Jan 2021 04:12 WIB "
Keluarga Kapten Afwan Pilot Sriwijaya Air SJ182 Berharap Ada Kabar Baik,https://news.detik.com/berita/d-5327661/keluarga-kapten-afwan-pilot-sriwijaya-air-sj182-berharap-ada-kabar-baik,"
Minggu, 10 Jan 2021 03:35 WIB "
"Ibunda Fadly Satrianto, Kru Sriwijaya Air SJ182 Meminta Doa Anaknya Ditemukan",https://news.detik.com/berita-jawa-timur/d-5327635/ibunda-fadly-satrianto-kru-sriwijaya-air-sj182-meminta-doa-anaknya-ditemukan,"
Minggu, 10 Jan 2021 02:39 WIB "
Ambulans Polda Metro Bawa Sebuah Kantong Plastik Hitam dari JICT 2 ke RS Polri,https://news.detik.com/berita/d-5327632/ambulans-polda-metro-bawa-sebuah-kantong-plastik-hitam-dari-jict-2-ke-rs-polri,"
Minggu, 10 Jan 2021 02:26 WIB "
"Rumah Fadly Satrianto, Kru Sriwijaya Air SJ182 Hilang Kontak Lengang",https://news.detik.com/berita-jawa-timur/d-5327631/rumah-fadly-satrianto-kru-sriwijaya-air-sj182-hilang-kontak-lengang,"
Minggu, 10 Jan 2021 01:43 WIB "
"Sebelum Jatuh, Sriwijaya Air SJ182 Delay 30 Menit karena Hujan Deras",https://news.detik.com/berita/d-5327630/sebelum-jatuh-sriwijaya-air-sj182-delay-30-menit-karena-hujan-deras,"
Minggu, 10 Jan 2021 01:25 WIB "
"Sriwijaya Air SJ182 Tak Pancarkan ELT, Begini Upaya Pencarian Basarnas",https://news.detik.com/berita/d-5327617/sriwijaya-air-sj182-tak-pancarkan-elt-begini-upaya-pencarian-basarnas,"
Minggu, 10 Jan 2021 00:58 WIB "
Satu Kru Pesawat Sriwijaya Air SJ182 Hilang Kontak Asal Surabaya,https://news.detik.com/berita-jawa-timur/d-5327615/satu-kru-pesawat-sriwijaya-air-sj182-hilang-kontak-asal-surabaya,"
Minggu, 10 Jan 2021 00:46 WIB "
KRI Rigel 933 Dikerahkan Cari Pesawat Sriwijaya Air SJ182 yang Jatuh,https://news.detik.com/berita/d-5327614/kri-rigel-933-dikerahkan-cari-pesawat-sriwijaya-air-sj182-yang-jatuh,"
Minggu, 10 Jan 2021 00:37 WIB "
Dirut Sriwijaya Air Sebut Pesawat SJ182 dalam Kondisi Sehat Sebelum Jatuh,https://news.detik.com/berita/d-5327606/dirut-sriwijaya-air-sebut-pesawat-sj182-dalam-kondisi-sehat-sebelum-jatuh,"
Minggu, 10 Jan 2021 00:15 WIB "
BMKG Analisis Kondisi Cuaca saat Pesawat Sriwijaya SJ182 Jatuh,https://news.detik.com/berita/d-5327600/bmkg-analisis-kondisi-cuaca-saat-pesawat-sriwijaya-sj182-jatuh,"
Sabtu, 09 Jan 2021 23:33 WIB "
KRI Gilimanuk Bergerak ke Pulau Laki Cari Sriwijaya Air SJ182 yang Jatuh,https://news.detik.com/berita/d-5327593/kri-gilimanuk-bergerak-ke-pulau-laki-cari-sriwijaya-air-sj182-yang-jatuh,"
Sabtu, 09 Jan 2021 23:24 WIB "
Tim DVI Terima Data 20 Keluarga Penumpang Sriwijaya Air SJ182 Jatuh,https://news.detik.com/berita/d-5327565/tim-dvi-terima-data-20-keluarga-penumpang-sriwijaya-air-sj182-jatuh,"
Sabtu, 09 Jan 2021 23:09 WIB "
Kapolda Metro-Pangdam Jaya Cek Posko SAR Sriwijaya Air SJ182 di JICT 2,https://news.detik.com/berita/d-5327564/kapolda-metro-pangdam-jaya-cek-posko-sar-sriwijaya-air-sj182-di-jict-2,"
Sabtu, 09 Jan 2021 23:07 WIB "
"TNI AL Temukan Koordinat Jatuhnya Sriwijaya Air SJ 182, 5 KRI Dikerahkan",https://news.detik.com/berita/d-5327560/tni-al-temukan-koordinat-jatuhnya-sriwijaya-air-sj-182-5-kri-dikerahkan,"
Sabtu, 09 Jan 2021 22:58 WIB "
"Pesawat Sriwijaya Air Jatuh, Nelayan Tanjung Kait Dengar Dentuman Bak Geluduk",https://news.detik.com/berita/d-5327555/pesawat-sriwijaya-air-jatuh-nelayan-tanjung-kait-dengar-dentuman-bak-geluduk,"
Sabtu, 09 Jan 2021 22:44 WIB "
"Pencarian Sriwijaya Air Jatuh, TNI AU Siagakan Heli-Pesawat dan Kopaskhas",https://news.detik.com/berita/d-5327548/pencarian-sriwijaya-air-jatuh-tni-au-siagakan-heli-pesawat-dan-kopaskhas,"
Sabtu, 09 Jan 2021 22:31 WIB "
"Pesawat Sriwijaya Air SJ182 Jatuh, KNKT: Penumpangnya Semua Indonesia",https://news.detik.com/berita/d-5327547/pesawat-sriwijaya-air-sj182-jatuh-knkt-penumpangnya-semua-indonesia,"
Sabtu, 09 Jan 2021 22:28 WIB "
Ini Hotline Terkait Jatuhnya Sriwijaya Air SJ182,https://news.detik.com/berita/d-5327546/ini-hotline-terkait-jatuhnya-sriwijaya-air-sj182,"
Sabtu, 09 Jan 2021 22:28 WIB "
3 Keluarga TNI AU Jadi Penumpang Pesawat Sriwijaya Air SJ182 yang Jatuh,https://news.detik.com/berita/d-5327531/3-keluarga-tni-au-jadi-penumpang-pesawat-sriwijaya-air-sj182-yang-jatuh,"
Sabtu, 09 Jan 2021 22:06 WIB "
Kediaman Kapten Afwan Pilot Sriwijaya Air SJ182 di Bogor Ramai Didatangi Warga,https://news.detik.com/berita-jawa-barat/d-5327530/kediaman-kapten-afwan-pilot-sriwijaya-air-sj182-di-bogor-ramai-didatangi-warga,"
Sabtu, 09 Jan 2021 22:05 WIB "
"Investigasi Penyebab Jatuhnya Sriwijaya Air SJ182, KNKT Kumpulkan Data",https://news.detik.com/berita/d-5327527/investigasi-penyebab-jatuhnya-sriwijaya-air-sj182-knkt-kumpulkan-data,"
Sabtu, 09 Jan 2021 22:00 WIB "
10 KRI-Penyelam TNI AL Dikerahkan Cari Sriwijaya Air Jatuh Dekat Pulau Laki,https://news.detik.com/berita/d-5327522/10-kri-penyelam-tni-al-dikerahkan-cari-sriwijaya-air-jatuh-dekat-pulau-laki,"
Sabtu, 09 Jan 2021 21:42 WIB "
"Sriwijaya Air SJ182 Jatuh, Sempat Delay 30 Menit Saat Boarding",https://news.detik.com/berita/d-5327520/sriwijaya-air-sj182-jatuh-sempat-delay-30-menit-saat-boarding,"
Sabtu, 09 Jan 2021 21:38 WIB "
Kemenhub Ungkap Sriwijaya Air SJ182 Terbang ke Arah Barat Laut,https://news.detik.com/berita/d-5327512/kemenhub-ungkap-sriwijaya-air-sj182-terbang-ke-arah-barat-laut,"
Sabtu, 09 Jan 2021 21:23 WIB "
"Cuaca Buruk, Penyelam Belum Bisa Terjun ke Titik Jatuhnya Sriwijaya Air SJ182",https://news.detik.com/berita/d-5327510/cuaca-buruk-penyelam-belum-bisa-terjun-ke-titik-jatuhnya-sriwijaya-air-sj182,"
Sabtu, 09 Jan 2021 21:21 WIB "
4 Poin Penjelasan Menhub soal Sriwijaya Air Jatuh Dekat Pulau Laki,https://news.detik.com/berita/d-5327509/4-poin-penjelasan-menhub-soal-sriwijaya-air-jatuh-dekat-pulau-laki,"
Sabtu, 09 Jan 2021 21:20 WIB "
Begini Kronologi Jatuhnya Sriwijaya Air SJ182: Sempat Lost Contact,https://news.detik.com/berita/d-5327504/begini-kronologi-jatuhnya-sriwijaya-air-sj182-sempat-lost-contact,"
Sabtu, 09 Jan 2021 21:16 WIB "
Benda Diduga Seluncur Darurat Sriwijaya Air SJ182 yang Jatuh Ditemukan,https://news.detik.com/berita/d-5327503/benda-diduga-seluncur-darurat-sriwijaya-air-sj182-yang-jatuh-ditemukan,"
Sabtu, 09 Jan 2021 21:11 WIB "
15 Fakta Terkini Pesawat Sriwijaya Air Jatuh di Kepulauan Seribu,https://news.detik.com/berita/d-5327463/15-fakta-terkini-pesawat-sriwijaya-air-jatuh-di-kepulauan-seribu,"
Sabtu, 09 Jan 2021 20:28 WIB "
Basarnas: ELT Sriwijaya Air SJ182 yang Jatuh Tak Pancarkan Sinyal,https://news.detik.com/berita/d-5327454/basarnas-elt-sriwijaya-air-sj182-yang-jatuh-tak-pancarkan-sinyal,"
Sabtu, 09 Jan 2021 20:15 WIB "
Menhub Ungkap Arah Terbang Sriwijaya Air SJ182 Sebelum Hilang,https://news.detik.com/berita/d-5327450/menhub-ungkap-arah-terbang-sriwijaya-air-sj182-sebelum-hilang,"
Sabtu, 09 Jan 2021 20:07 WIB "
"Pesawat Sriwijaya Air Jatuh, Posko Aduan Disiapkan di Terminal 2D Soetta",https://news.detik.com/berita/d-5327448/pesawat-sriwijaya-air-jatuh-posko-aduan-disiapkan-di-terminal-2d-soetta,"
Sabtu, 09 Jan 2021 20:05 WIB "
Keluarga Penumpang Sriwijaya Air Diharap Bawa Data Antemortem ke Posko DVI,https://news.detik.com/berita/d-5327447/keluarga-penumpang-sriwijaya-air-diharap-bawa-data-antemortem-ke-posko-dvi,"
Sabtu, 09 Jan 2021 20:04 WIB "
"Terdapat 50 Penumpang dan 12 Kru di Sriwijaya Air yang Jatuh, Termasuk 3 Bayi",https://news.detik.com/berita/d-5327445/terdapat-50-penumpang-dan-12-kru-di-sriwijaya-air-yang-jatuh-termasuk-3-bayi,"
Sabtu, 09 Jan 2021 20:01 WIB "
Kapal Khusus Baruna Jaya Disiapkan Cari Sriwijaya Air SJ182,https://news.detik.com/berita/d-5327442/kapal-khusus-baruna-jaya-disiapkan-cari-sriwijaya-air-sj182,"
Sabtu, 09 Jan 2021 20:00 WIB "
Basarnas Malam Ini Fokus Cari Titik Lokasi Jatuhnya Sriwijaya Air,https://news.detik.com/berita/d-5327440/basarnas-malam-ini-fokus-cari-titik-lokasi-jatuhnya-sriwijaya-air,"
Sabtu, 09 Jan 2021 19:57 WIB "
Kabel-Serpihan Diduga Puing Sriwijaya Air Ditemukan di Pulau Laki,https://news.detik.com/detiktv/d-5327436/kabel-serpihan-diduga-puing-sriwijaya-air-ditemukan-di-pulau-laki,"
Sabtu, 09 Jan 2021 19:54 WIB "
Basarnas: Sriwijaya Air Diduga Jatuh di Antara Pulau Laki dan Lancang,https://news.detik.com/berita/d-5327433/basarnas-sriwijaya-air-diduga-jatuh-di-antara-pulau-laki-dan-lancang,"
Sabtu, 09 Jan 2021 19:52 WIB "
Menhub Ungkap Arahan Jokowi Setelah Sriwijaya Air SJ182 Jatuh,https://news.detik.com/berita/d-5327431/menhub-ungkap-arahan-jokowi-setelah-sriwijaya-air-sj182-jatuh,"
Sabtu, 09 Jan 2021 19:47 WIB "
Tim SAR Polri Masih Cari Puing Pesawat Sriwijaya Air yang Jatuh,https://news.detik.com/berita/d-5327419/tim-sar-polri-masih-cari-puing-pesawat-sriwijaya-air-yang-jatuh,"
Sabtu, 09 Jan 2021 19:35 WIB "
Kader Hanura-Eks Ketum PB HMI Ada di Pesawat Sriwijaya Air SJ182 yang Jatuh,https://news.detik.com/berita/d-5327417/kader-hanura-eks-ketum-pb-hmi-ada-di-pesawat-sriwijaya-air-sj182-yang-jatuh,"
Sabtu, 09 Jan 2021 19:30 WIB "
"Sriwijaya Air Jatuh, Posko Antemortem-DVI Disiapkan di RS Kramat Jati",https://news.detik.com/berita/d-5327411/sriwijaya-air-jatuh-posko-antemortem-dvi-disiapkan-di-rs-kramat-jati,"
Sabtu, 09 Jan 2021 19:22 WIB "
Menhub Pastikan Sriwijaya Air SJ182 Jatuh di Dekat Pulau Laki,https://news.detik.com/berita/d-5327392/menhub-pastikan-sriwijaya-air-sj182-jatuh-di-dekat-pulau-laki,"
Sabtu, 09 Jan 2021 18:55 WIB "
Polri Siapkan Tim SAR Bantu Pencarian Pesawat Sriwijaya Hilang Kontak,https://news.detik.com/berita/d-5327391/polri-siapkan-tim-sar-bantu-pencarian-pesawat-sriwijaya-hilang-kontak,"
Sabtu, 09 Jan 2021 18:55 WIB "
"Sriwijaya Air Hilang Kontak di Kepulauan Seribu, Puing-puing Ditemukan",https://news.detik.com/berita/d-5327390/sriwijaya-air-hilang-kontak-di-kepulauan-seribu-puing-puing-ditemukan,"
Sabtu, 09 Jan 2021 18:53 WIB "
"Sriwijaya Air Hilang Kontak, Keluarga Penumpang Datangi Bandara Pontianak",https://news.detik.com/berita/d-5327381/sriwijaya-air-hilang-kontak-keluarga-penumpang-datangi-bandara-pontianak,"
Sabtu, 09 Jan 2021 18:45 WIB "
Polisi: Nelayan Dengar Dentuman di Timur Pulau Laki Kep Seribu,https://news.detik.com/berita/d-5327349/polisi-nelayan-dengar-dentuman-di-timur-pulau-laki-kep-seribu,"
Sabtu, 09 Jan 2021 18:21 WIB "
Basarnas Cari Pesawat Sriwijaya yang Hilang Kontak di Kepulauan Seribu,https://news.detik.com/berita/d-5327348/basarnas-cari-pesawat-sriwijaya-yang-hilang-kontak-di-kepulauan-seribu,"
Sabtu, 09 Jan 2021 18:20 WIB "
FlightRadar24: Ketinggian Sriwijaya Air Berkurang 10 Ribu Kaki dalam 1 Menit,https://news.detik.com/berita/d-5327335/flightradar24-ketinggian-sriwijaya-air-berkurang-10-ribu-kaki-dalam-1-menit,"
Sabtu, 09 Jan 2021 18:09 WIB "
FlightRadar24: Pesawat Sriwijaya Air Hilang Kontak 4 Menit Setelah Lepas Landas,https://news.detik.com/berita/d-5327331/flightradar24-pesawat-sriwijaya-air-hilang-kontak-4-menit-setelah-lepas-landas,"
Sabtu, 09 Jan 2021 17:58 WIB "
Jejak Radar Sriwijaya Air Jakarta-Pontianak Sebelum Hilang Kontak,https://news.detik.com/detiktv/d-5327330/jejak-radar-sriwijaya-air-jakarta-pontianak-sebelum-hilang-kontak,"
Sabtu, 09 Jan 2021 17:55 WIB "
"Sriwijaya Air Hilang Kontak, Polisi Siapkan Posko Kemanusiaan di JICT II",https://news.detik.com/berita/d-5327329/sriwijaya-air-hilang-kontak-polisi-siapkan-posko-kemanusiaan-di-jict-ii,"
Sabtu, 09 Jan 2021 17:53 WIB "
Sriwijaya Air Masih Kumpulkan Data soal Pesawat SJ182 yang Hilang Kontak,https://news.detik.com/berita/d-5327327/sriwijaya-air-masih-kumpulkan-data-soal-pesawat-sj182-yang-hilang-kontak,"
Sabtu, 09 Jan 2021 17:50 WIB "
Sriwijaya Air Jakarta-Pontianak yang Hilang Kontak Pesawat Boeing,https://news.detik.com/berita/d-5327301/sriwijaya-air-jakarta-pontianak-yang-hilang-kontak-pesawat-boeing,"
Sabtu, 09 Jan 2021 17:28 WIB "
Bupati soal Sriwijaya Air Hilang Kontak: Infonya Ada Pesawat Jatuh dan Meledak,https://news.detik.com/berita/d-5327298/bupati-soal-sriwijaya-air-hilang-kontak-infonya-ada-pesawat-jatuh-dan-meledak,"
Sabtu, 09 Jan 2021 17:23 WIB "
Pesawat Sriwijaya Air Hilang Kontak di Pulau Lancang Kepulauan Seribu,https://news.detik.com/berita/d-5327287/pesawat-sriwijaya-air-hilang-kontak-di-pulau-lancang-kepulauan-seribu,"
Sabtu, 09 Jan 2021 17:13 WIB "
Pesawat Sriwijaya Air yang Hilang Kontak SJ182,https://news.detik.com/berita/d-5327286/pesawat-sriwijaya-air-yang-hilang-kontak-sj182,"
Sabtu, 09 Jan 2021 17:12 WIB "
Ini Jalur Penerbangan Sriwijaya Air Jakarta-Pontianak Sebelum Hilang Kontak,https://news.detik.com/berita/d-5327285/ini-jalur-penerbangan-sriwijaya-air-jakarta-pontianak-sebelum-hilang-kontak,"
Sabtu, 09 Jan 2021 17:12 WIB "
Pesawat Sriwijaya Air Jakarta-Pontianak Hilang Kontak,https://news.detik.com/berita/d-5327280/pesawat-sriwijaya-air-jakarta-pontianak-hilang-kontak,"
Sabtu, 09 Jan 2021 16:59 WIB "
