title,url,date
"Aceh Utara Banjir, 616 Hektare Sawah hingga Perkantoran Terendam",https://news.detik.com/berita/d-8227998/aceh-utara-banjir-616-hektare-sawah-hingga-perkantoran-terendam,"
Selasa, 25 Nov 2025 16:36 WIB "
"Waspada Cuaca Ekstrem di Aceh-Sumut, BMKG Ungkap Penyebabnya",https://news.detik.com/berita/d-8229161/waspada-cuaca-ekstrem-di-aceh-sumut-bmkg-ungkap-penyebabnya,"
Rabu, 26 Nov 2025 11:00 WIB "
"Banjir Rendam Aceh Utara, Pasien Rumah Sakit PIM Dievakuasi",https://news.detik.com/berita/d-8229640/banjir-rendam-aceh-utara-pasien-rumah-sakit-pim-dievakuasi,"
Rabu, 26 Nov 2025 15:00 WIB "
Video: BMKG Ungkap Penyebab Cuaca Ekstrem di Aceh dan Sumatera Utara,https://20.detik.com/detikupdate/20251126-251126122/video-bmkg-ungkap-penyebab-cuaca-ekstrem-di-aceh-dan-sumatera-utara-,"
Rabu, 26 Nov 2025 21:41 WIB "
"2 Orang Tewas Akibat Banjir di Aceh, 1.497 Jiwa Mengungsi",https://news.detik.com/berita/d-8230478/2-orang-tewas-akibat-banjir-di-aceh-1-497-jiwa-mengungsi,"
Rabu, 26 Nov 2025 21:50 WIB "
Wanti-wanti BMKG soal Cuaca Ekstrem di Aceh dan Sumut,https://news.detik.com/berita/d-8230630/wanti-wanti-bmkg-soal-cuaca-ekstrem-di-aceh-dan-sumut,"
Kamis, 27 Nov 2025 06:02 WIB "
"Banjir di Kabupaten Langkat, Akses Jalan Perbatasan Sumut-Aceh Terputus",https://news.detik.com/berita/d-8230669/banjir-di-kabupaten-langkat-akses-jalan-perbatasan-sumut-aceh-terputus,"
Kamis, 27 Nov 2025 07:47 WIB "
"Rutan di Langkat Sumut Terendam Banjir, Ratusan Tahanan Dievakuasi",https://news.detik.com/berita/d-8230699/rutan-di-langkat-sumut-terendam-banjir-ratusan-tahanan-dievakuasi,"
Kamis, 27 Nov 2025 08:20 WIB "
"Sumbar Tanggap Darurat Banjir, BMKG Ingatkan Potensi Cuaca Ekstrem Masih Ada",https://news.detik.com/berita/d-8230777/sumbar-tanggap-darurat-banjir-bmkg-ingatkan-potensi-cuaca-ekstrem-masih-ada,"
Kamis, 27 Nov 2025 08:49 WIB "
"Terendam Banjir, Akses Jalan Padang-Bukittinggi Sumbar Tak Bisa Dilalui",https://news.detik.com/berita/d-8230781/terendam-banjir-akses-jalan-padang-bukittinggi-sumbar-tak-bisa-dilalui,"
Kamis, 27 Nov 2025 08:55 WIB "
"Video Banjir Aceh Makan Korban Jiwa, Ribuan Orang Mengungsi",https://20.detik.com/detikupdate/20251127-251127057/video-banjir-aceh-makan-korban-jiwa-ribuan-orang-mengungsi-,"
Kamis, 27 Nov 2025 09:23 WIB "
Apa Itu Siklon Senyar di Selat Malaka? Picu Cuaca Ekstrem di Aceh-Sumut,https://news.detik.com/berita/d-8231069/apa-itu-siklon-senyar-di-selat-malaka-picu-cuaca-ekstrem-di-aceh-sumut,"
Kamis, 27 Nov 2025 11:44 WIB "
Asrama Pesantren di Bireuen Aceh Ambruk ke Sungai Akibat Longsor,https://news.detik.com/berita/d-8231370/asrama-pesantren-di-bireuen-aceh-ambruk-ke-sungai-akibat-longsor,"
Kamis, 27 Nov 2025 14:16 WIB "
"Banjir Rendam Rutan di Sumut, Ratusan Tahanan Dievakuasi",https://news.detik.com/berita/d-8231434/banjir-rendam-rutan-di-sumut-ratusan-tahanan-dievakuasi,"
Kamis, 27 Nov 2025 14:38 WIB "
"Terjebak Banjir dan Longsor, Walkot Sibolga 2 Hari Tak Ada Kabar",https://news.detik.com/berita/d-8231485/terjebak-banjir-dan-longsor-walkot-sibolga-2-hari-tak-ada-kabar,"
Kamis, 27 Nov 2025 15:05 WIB "
Kementerian PU Kerahkan Alat Berat ke Lokasi Banjir-Longsor di Sumut,https://news.detik.com/berita/d-8231499/kementerian-pu-kerahkan-alat-berat-ke-lokasi-banjir-longsor-di-sumut,"
Kamis, 27 Nov 2025 15:10 WIB "
"Prabowo Kumpulkan Menteri di Istana, Penanganan Banjir Sumut-Aceh Dibahas",https://news.detik.com/berita/d-8231664/prabowo-kumpulkan-menteri-di-istana-penanganan-banjir-sumut-aceh-dibahas,"
Kamis, 27 Nov 2025 16:04 WIB "
"9 Orang Tewas Akibat Longsor, Bupati Aceh Tengah Tetapkan Darurat Bencana",https://news.detik.com/berita/d-8231666/9-orang-tewas-akibat-longsor-bupati-aceh-tengah-tetapkan-darurat-bencana,"
Kamis, 27 Nov 2025 16:06 WIB "
"Banjir di Aceh, PLN Siagakan Genset & Lampu Darurat untuk Fasilitas Publik",https://news.detik.com/berita/d-8231703/banjir-di-aceh-pln-siagakan-genset-lampu-darurat-untuk-fasilitas-publik,"
Kamis, 27 Nov 2025 16:17 WIB "
Data Terbaru 10 Kabupaten/Kota Terdampak Banjir dan Longsor di Aceh-Sumut,https://news.detik.com/berita/d-8231717/data-terbaru-10-kabupaten-kota-terdampak-banjir-dan-longsor-di-aceh-sumut,"
Kamis, 27 Nov 2025 16:26 WIB "
Mualem Tetapkan Status Aceh Tanggap Darurat Bencana!,https://news.detik.com/berita/d-8231822/mualem-tetapkan-status-aceh-tanggap-darurat-bencana,"
Kamis, 27 Nov 2025 17:00 WIB "
Anggota DPR Minta Prabowo Tetapkan Banjir Aceh-Sumut Jadi Bencana Nasional,https://news.detik.com/berita/d-8231850/anggota-dpr-minta-prabowo-tetapkan-banjir-aceh-sumut-jadi-bencana-nasional,"
Kamis, 27 Nov 2025 17:11 WIB "
Kemensos Salurkan Bantuan Logistik-Bangun Dapur Umum di Sumatera-Aceh,https://news.detik.com/berita/d-8231864/kemensos-salurkan-bantuan-logistik-bangun-dapur-umum-di-sumatera-aceh,"
Kamis, 27 Nov 2025 17:20 WIB "
"Banyak Akses Jalan Putus di Aceh-Sumut-Sumbar, Bantuan Dikirim via Udara",https://news.detik.com/berita/d-8231879/banyak-akses-jalan-putus-di-aceh-sumut-sumbar-bantuan-dikirim-via-udara,"
Kamis, 27 Nov 2025 17:31 WIB "
Wamendagri Sebut Prabowo Beri Instruksi Gerak Cepat Tangani Bencana,https://news.detik.com/berita/d-8232013/wamendagri-sebut-prabowo-beri-instruksi-gerak-cepat-tangani-bencana,"
Kamis, 27 Nov 2025 18:47 WIB "
"Bencana Ekologis Kepung RI, Eddy Soeparno Serukan Percepat Aksi Iklim",https://news.detik.com/berita/d-8232026/bencana-ekologis-kepung-ri-eddy-soeparno-serukan-percepat-aksi-iklim,"
Kamis, 27 Nov 2025 18:56 WIB "
Anggota DPR Minta Presiden Tetapkan Status Bencana Nasional,https://news.detik.com/berita/d-8232286/anggota-dpr-minta-presiden-tetapkan-status-bencana-nasional,"
Kamis, 27 Nov 2025 21:34 WIB "
Menteri PU: Akses ke Sibolga Belum Bisa Tembus karena Masih Longsor,https://news.detik.com/berita/d-8232314/menteri-pu-akses-ke-sibolga-belum-bisa-tembus-karena-masih-longsor,"
Kamis, 27 Nov 2025 22:19 WIB "
"Akses Darat Lumpuh, Basarnas Kerahkan Personel Bantuan ke Aceh-Sumut via Laut",https://news.detik.com/berita/d-8232353/akses-darat-lumpuh-basarnas-kerahkan-personel-bantuan-ke-aceh-sumut-via-laut,"
Kamis, 27 Nov 2025 23:08 WIB "
Sugiono Instruksikan Kader Gerindra Bergerak Bantu Korban Bencana di Sumatera,https://news.detik.com/berita/d-8232378/sugiono-instruksikan-kader-gerindra-bergerak-bantu-korban-bencana-di-sumatera,"
Jumat, 28 Nov 2025 00:30 WIB "
Pratikno Sampaikan Arahan Probowo soal Percepat Tangani Bencana di Sumatera,https://news.detik.com/berita/d-8232381/pratikno-sampaikan-arahan-probowo-soal-percepat-tangani-bencana-di-sumatera,"
Jumat, 28 Nov 2025 00:58 WIB "
Video: Detik-detik Asrama Pesantren di Bireuen Aceh Ambruk Akibat Longsor,https://20.detik.com/detikupdate/20251128-251128001/video-detik-detik-asrama-pesantren-di-bireuen-aceh-ambruk-akibat-longsor,"
Jumat, 28 Nov 2025 01:22 WIB "
Petugas Terjang Derasnya Arus Evakuasi 2 Warga Tewas Saat Banjir Aceh,https://news.detik.com/berita/d-8232393/petugas-terjang-derasnya-arus-evakuasi-2-warga-tewas-saat-banjir-aceh,"
Jumat, 28 Nov 2025 03:23 WIB "
"11 Orang Tewas Akibat Banjir-Longsor di Bener Meriah Aceh, 13 Masih Hilang",https://news.detik.com/berita/d-8232397/11-orang-tewas-akibat-banjir-longsor-di-bener-meriah-aceh-13-masih-hilang,"
Jumat, 28 Nov 2025 04:05 WIB "
"2 Siklon Masih Aktif, BMKG Minta Aceh-Sumut-Sumbar-Riau Siaga Cuaca Ekstrem",https://news.detik.com/berita/d-8232470/2-siklon-masih-aktif-bmkg-minta-aceh-sumut-sumbar-riau-siaga-cuaca-ekstrem,"
Jumat, 28 Nov 2025 07:18 WIB "
"97.384 Orang Terdampak Banjir dan Longsor di Aceh, Terbanyak di Aceh Timur",https://news.detik.com/berita/d-8232490/97-384-orang-terdampak-banjir-dan-longsor-di-aceh-terbanyak-di-aceh-timur,"
Jumat, 28 Nov 2025 07:45 WIB "
Siklon Senyar Picu Cuaca Ekstrem di Aceh-Sumut?,https://news.detik.com/berita/d-8232273/siklon-senyar-picu-cuaca-ekstrem-di-aceh-sumut,"
Jumat, 28 Nov 2025 07:58 WIB "
7 Orang Tewas Akibat Banjir dan Longsor di Tapanuli Utara Sumut,https://news.detik.com/berita/d-8232515/7-orang-tewas-akibat-banjir-dan-longsor-di-tapanuli-utara-sumut,"
Jumat, 28 Nov 2025 08:11 WIB "
Pemerintah Kirim Hercules Bawa Tenda-Makanan ke Aceh-Sumut-Sumbar,https://news.detik.com/berita/d-8232547/pemerintah-kirim-hercules-bawa-tenda-makanan-ke-aceh-sumut-sumbar,"
Jumat, 28 Nov 2025 08:48 WIB "
"Pratikno: Siklon Tropis Senyar Memang Dahsyat, tapi Sudah Mulai Menurun",https://news.detik.com/berita/d-8232567/pratikno-siklon-tropis-senyar-memang-dahsyat-tapi-sudah-mulai-menurun,"
Jumat, 28 Nov 2025 09:21 WIB "
"BMKG Jelaskan Siklon Senyar di Indonesia Sudah Melemah, Kini Ada di Malaysia",https://news.detik.com/berita/d-8232614/bmkg-jelaskan-siklon-senyar-di-indonesia-sudah-melemah-kini-ada-di-malaysia,"
Jumat, 28 Nov 2025 09:49 WIB "
"Video: 4 Pesawat Bantuan Makanan hingga Obat Diterbangkan ke Aceh, Sumut dan Sumbar",https://20.detik.com/detikupdate/20251128-251128068/video-4-pesawat-bantuan-makanan-hingga-obat-diterbangkan-ke-aceh-sumut-dan-sumbar,"
Jumat, 28 Nov 2025 10:33 WIB "
"Bedah Buku Biografi, Anggota MPR Prihatin Banjir-Longsor Landa Sumut",https://news.detik.com/berita/d-8232710/bedah-buku-biografi-anggota-mpr-prihatin-banjir-longsor-landa-sumut,"
Jumat, 28 Nov 2025 10:41 WIB "
Dramatis! Petugas Pegangan Tali Evakuasi 2 Korban Terseret Banjir Deras di Aceh,https://news.detik.com/berita/d-8232776/dramatis-petugas-pegangan-tali-evakuasi-2-korban-terseret-banjir-deras-di-aceh,"
Jumat, 28 Nov 2025 11:16 WIB "
Video: BNPB Bakal Modifikasi Cuaca Demi Percepat Penanganan Bencana Sumatera,https://20.detik.com/detikupdate/20251128-251128067/video-bnpb-bakal-modifikasi-cuaca-demi-percepat-penanganan-bencana-sumatera,"
Jumat, 28 Nov 2025 11:37 WIB "
Evakuasi Banjir Aceh Terhambat Akses Putus dan Gangguan Komunikasi,https://news.detik.com/berita/d-8232889/evakuasi-banjir-aceh-terhambat-akses-putus-dan-gangguan-komunikasi,"
Jumat, 28 Nov 2025 12:20 WIB "
"Kapolda Riau Berduka atas Bencana, Beri Dukungan Penuh untuk Aceh-Sumbar",https://news.detik.com/melindungi-tuah-marwah/d-8232943/kapolda-riau-berduka-atas-bencana-beri-dukungan-penuh-untuk-aceh-sumbar,"
Jumat, 28 Nov 2025 12:44 WIB "
Komisi XII DPR Serahkan Bantuan untuk Korban Bencana di Sumut,https://news.detik.com/berita/d-8232961/komisi-xii-dpr-serahkan-bantuan-untuk-korban-bencana-di-sumut,"
Jumat, 28 Nov 2025 12:56 WIB "
Dini Hari Mencekam Kala Banjir Kepung Pasar Baru-Unand Padang,https://news.detik.com/berita/d-8232989/dini-hari-mencekam-kala-banjir-kepung-pasar-baru-unand-padang,"
Jumat, 28 Nov 2025 13:14 WIB "
Komisi IX DPR Minta Kemenkes Cegah Penyakit Dampak Banjir Aceh-Sumut-Sumbar,https://news.detik.com/berita/d-8232993/komisi-ix-dpr-minta-kemenkes-cegah-penyakit-dampak-banjir-aceh-sumut-sumbar,"
Jumat, 28 Nov 2025 13:17 WIB "
"100 Rumah di Nagan Raya Aceh Terdampak Banjir, Akses Jalan Masih Terputus",https://news.detik.com/berita/d-8232996/100-rumah-di-nagan-raya-aceh-terdampak-banjir-akses-jalan-masih-terputus,"
Jumat, 28 Nov 2025 13:20 WIB "
"Dampak Banjir-Longsor di Aceh: 33 Orang Meninggal, Belasan Masih Hilang",https://news.detik.com/berita/d-8233029/dampak-banjir-longsor-di-aceh-33-orang-meninggal-belasan-masih-hilang,"
Jumat, 28 Nov 2025 13:27 WIB "
"Banjir Tapteng, Pria Ini 2 Hari Jalan Kaki Cari Anak dan Istri",https://news.detik.com/berita/d-8233052/banjir-tapteng-pria-ini-2-hari-jalan-kaki-cari-anak-dan-istri,"
Jumat, 28 Nov 2025 13:46 WIB "
Komisi VIII DPR Dorong Status Bencana Nasional Aceh-Sumut-Sumbar,https://news.detik.com/berita/d-8233055/komisi-viii-dpr-dorong-status-bencana-nasional-aceh-sumut-sumbar,"
Jumat, 28 Nov 2025 13:50 WIB "
Polda Riau Luncurkan Drone Bantu Pencarian Korban Bencana di Sumbar,https://news.detik.com/melindungi-tuah-marwah/d-8233054/polda-riau-luncurkan-drone-bantu-pencarian-korban-bencana-di-sumbar,"
Jumat, 28 Nov 2025 13:50 WIB "
Data BNPB: 72 Orang Meninggal Akibat Banjir di Aceh-Sumut-Sumbar,https://news.detik.com/berita/d-8233059/data-bnpb-72-orang-meninggal-akibat-banjir-di-aceh-sumut-sumbar,"
Jumat, 28 Nov 2025 13:54 WIB "
Puan Minta Percepat Pembukaan Jalan Terdampak Longsor Aceh-Sumut-Sumbar,https://news.detik.com/berita/d-8233214/puan-minta-percepat-pembukaan-jalan-terdampak-longsor-aceh-sumut-sumbar,"
Jumat, 28 Nov 2025 14:41 WIB "
"Video Update Korban Banjir-Longsor di Aceh: 6 Meninggal, 11 Hilang",https://20.detik.com/detikupdate/20251128-251128094/video-update-korban-banjir-longsor-di-aceh-6-meninggal-11-hilang,"
Jumat, 28 Nov 2025 14:54 WIB "
Kapolri Kerahkan Personel-Bantuan ke Lokasi Banjir dan Longsor di Sumut-Aceh-Sumbar,https://news.detik.com/berita/d-8233247/kapolri-kerahkan-personel-bantuan-ke-lokasi-banjir-dan-longsor-di-sumut-aceh-sumbar,"
Jumat, 28 Nov 2025 14:58 WIB "
"Anggota Terjebak Banjir di Ladang Ganja Aceh, Bareskrim Kirim Tim Rescue",https://news.detik.com/berita/d-8233291/anggota-terjebak-banjir-di-ladang-ganja-aceh-bareskrim-kirim-tim-rescue,"
Jumat, 28 Nov 2025 15:21 WIB "
"Jalan di Nagan Raya Aceh Rusak Parah Akibat Banjir, Aspal Sampai Terkelupas",https://news.detik.com/berita/d-8233318/jalan-di-nagan-raya-aceh-rusak-parah-akibat-banjir-aspal-sampai-terkelupas,"
Jumat, 28 Nov 2025 15:37 WIB "
Komisi V DPR Desak Segera Modifikasi Cuaca di Aceh-Sumut Cegah Bencana Susulan,https://news.detik.com/berita/d-8233336/komisi-v-dpr-desak-segera-modifikasi-cuaca-di-aceh-sumut-cegah-bencana-susulan,"
Jumat, 28 Nov 2025 15:47 WIB "
Puan Dorong Pemerintah Sigap Tanggap Darurat Bencana di Sumatera,https://news.detik.com/berita/d-8233341/puan-dorong-pemerintah-sigap-tanggap-darurat-bencana-di-sumatera,"
Jumat, 28 Nov 2025 15:50 WIB "
10 Kecamatan di Wilayah Aceh Barat Terisolasi Banjir,https://news.detik.com/berita/d-8233432/10-kecamatan-di-wilayah-aceh-barat-terisolasi-banjir,"
Jumat, 28 Nov 2025 16:18 WIB "
Prabowo Pastikan Pemerintah Gerak Cepat Tangani Bencana di Sumatera,https://news.detik.com/berita/d-8233449/prabowo-pastikan-pemerintah-gerak-cepat-tangani-bencana-di-sumatera,"
Jumat, 28 Nov 2025 16:25 WIB "
"Bener Meriah Aceh Terisolasi gegara Banjir-Longsor, Logistik Menipis",https://news.detik.com/berita/d-8233451/bener-meriah-aceh-terisolasi-gegara-banjir-longsor-logistik-menipis,"
Jumat, 28 Nov 2025 16:27 WIB "
"Terjebak Banjir, 40 Warga Nagan Raya Aceh Dievakuasi Pakai Perahu Karet",https://news.detik.com/berita/d-8233484/terjebak-banjir-40-warga-nagan-raya-aceh-dievakuasi-pakai-perahu-karet,"
Jumat, 28 Nov 2025 16:43 WIB "
"Atasi Krisis Air, Andre Rosiade Gerakkan Cipta Karya Bantu RSUP M Djamil",https://news.detik.com/berita/d-8233579/atasi-krisis-air-andre-rosiade-gerakkan-cipta-karya-bantu-rsup-m-djamil,"
Jumat, 28 Nov 2025 17:11 WIB "
KemenImipas Evakuasi Warga Binaan di Lapas yang Terendam Banjir Aceh-Sumut,https://news.detik.com/berita/d-8233605/kemenimipas-evakuasi-warga-binaan-di-lapas-yang-terendam-banjir-aceh-sumut,"
Jumat, 28 Nov 2025 17:22 WIB "
Video Banjir Bandang Luluh Lantakkan Aceh,https://20.detik.com/detikupdate/20251128-251128107/video-banjir-bandang-luluh-lantakkan-aceh,"
Jumat, 28 Nov 2025 17:44 WIB "
Update Korban Tewas Bencana di Sumbar: 23 Orang Tewas-12 Hilang,https://news.detik.com/berita/d-8233661/update-korban-tewas-bencana-di-sumbar-23-orang-tewas-12-hilang,"
Jumat, 28 Nov 2025 17:49 WIB "
Mengapa Kita Sibuk pada Tumbler Ketika Sumatera Tenggelam?,https://news.detik.com/kolom/d-8233676/mengapa-kita-sibuk-pada-tumbler-ketika-sumatera-tenggelam,"
Jumat, 28 Nov 2025 17:56 WIB "
"Pray for Sumatera, Mari Bantu Korban Banjir Lewat Donasi di berbuatbaik",https://news.detik.com/berita/d-8233683/pray-for-sumatera-mari-bantu-korban-banjir-lewat-donasi-di-berbuatbaik,"
Jumat, 28 Nov 2025 18:00 WIB "
"Percepat Bantuan, Kemensos Kirim Logistik ke Aceh-Sumut Pakai Pesawat",https://news.detik.com/berita/d-8233684/percepat-bantuan-kemensos-kirim-logistik-ke-aceh-sumut-pakai-pesawat,"
Jumat, 28 Nov 2025 18:01 WIB "
BNPB Kerahkan Alat Berat Buka Akses Sumut-Aceh yang Terputus Imbas Banjir,https://news.detik.com/berita/d-8233857/bnpb-kerahkan-alat-berat-buka-akses-sumut-aceh-yang-terputus-imbas-banjir,"
Jumat, 28 Nov 2025 19:46 WIB "
Video Warga Aceh soal Banjir: Seumur-umur Belum Pernah Kayak Gini,https://20.detik.com/detikupdate/20251128-251128115/video-warga-aceh-soal-banjir-seumur-umur-belum-pernah-kayak-gini,"
Jumat, 28 Nov 2025 19:47 WIB "
"Ratusan Guru-Siswa di Aceh Terjebak Banjir 2 Hari di Sekolah, Basarnas Evakuasi",https://news.detik.com/berita/d-8233872/ratusan-guru-siswa-di-aceh-terjebak-banjir-2-hari-di-sekolah-basarnas-evakuasi,"
Jumat, 28 Nov 2025 19:58 WIB "
Bahlil Sebut Tower Listrik Dikirim ke Lokasi Terdampak Banjir di Sumatera,https://news.detik.com/berita/d-8233939/bahlil-sebut-tower-listrik-dikirim-ke-lokasi-terdampak-banjir-di-sumatera,"
Jumat, 28 Nov 2025 20:39 WIB "
DPN Peradi Bakal Kirim Bantuan ke Korban Banjir di Sibolga,https://news.detik.com/berita/d-8233999/dpn-peradi-bakal-kirim-bantuan-ke-korban-banjir-di-sibolga,"
Jumat, 28 Nov 2025 21:09 WIB "
"Prabowo Buka Suara soal Darurat Bencana Nasional di Aceh, Sumbar dan Sumut",https://news.detik.com/berita/d-8234054/prabowo-buka-suara-soal-darurat-bencana-nasional-di-aceh-sumbar-dan-sumut,"
Jumat, 28 Nov 2025 21:53 WIB "
"Video Korban Tewas Bencana Banjir-Longsor di Aceh 35 Orang, di Sumbar 23 Orang",https://20.detik.com/detikupdate/20251128-251128136/video-korban-tewas-bencana-banjir-longsor-di-aceh-35-orang-di-sumbar-23-orang,"
Jumat, 28 Nov 2025 22:01 WIB "
"Sempat Hilang, Walkot Sibolga Ternyata Jalan Kaki 3 Hari Lewati Area Longsor",https://news.detik.com/berita/d-8234112/sempat-hilang-walkot-sibolga-ternyata-jalan-kaki-3-hari-lewati-area-longsor,"
Jumat, 28 Nov 2025 22:56 WIB "
"2 Hari Terjebak Banjir, Istri Gubernur Aceh Menginap di SPBU",https://news.detik.com/berita/d-8234175/2-hari-terjebak-banjir-istri-gubernur-aceh-menginap-di-spbu,"
Sabtu, 29 Nov 2025 06:00 WIB "
Komisi I DPR Minta Pemerintah Segera Pulihkan Sinyal di Aceh-Sumut-Sumbar,https://news.detik.com/berita/d-8234217/komisi-i-dpr-minta-pemerintah-segera-pulihkan-sinyal-di-aceh-sumut-sumbar,"
Sabtu, 29 Nov 2025 06:44 WIB "
"Duka di Utara Sumatera, Korban Jiwa Akibat Bencana Terus Bertambah",https://news.detik.com/berita/d-8234232/duka-di-utara-sumatera-korban-jiwa-akibat-bencana-terus-bertambah,"
Sabtu, 29 Nov 2025 07:39 WIB "
Dompet Dhuafa Bantu 10.000 Liter Air Bersih ke Warga Terdampak Banjir Medan,https://news.detik.com/berita/d-8234276/dompet-dhuafa-bantu-10-000-liter-air-bersih-ke-warga-terdampak-banjir-medan,"
Sabtu, 29 Nov 2025 08:40 WIB "
Video Prabowo Buka Suara soal Status Bencana Nasional di Sumatera,https://20.detik.com/detikupdate/20251129-251129008/video-prabowo-buka-suara-soal-status-bencana-nasional-di-sumatera,"
Sabtu, 29 Nov 2025 08:48 WIB "
Andre Rosiade Bagi 900 Nasi Bungkus ke Mahasiswa Unand Terdampak Banjir,https://news.detik.com/berita/d-8234284/andre-rosiade-bagi-900-nasi-bungkus-ke-mahasiswa-unand-terdampak-banjir,"
Sabtu, 29 Nov 2025 08:49 WIB "
"Doa Prabowo untuk Korban Bencana di Sumatera, Sentil Masalah Lingkungan",https://news.detik.com/berita/d-8234405/doa-prabowo-untuk-korban-bencana-di-sumatera-sentil-masalah-lingkungan,"
Sabtu, 29 Nov 2025 10:23 WIB "
"21 Jenazah Ditemukan di Sungai Padang Pariaman, Diduga Korban Banjir",https://news.detik.com/berita/d-8234406/21-jenazah-ditemukan-di-sungai-padang-pariaman-diduga-korban-banjir,"
Sabtu, 29 Nov 2025 10:25 WIB "
Eddy Soeparno Puji Komitmen Prabowo Atasi Dampak Perubahaan Iklim,https://news.detik.com/berita/d-8234475/eddy-soeparno-puji-komitmen-prabowo-atasi-dampak-perubahaan-iklim,"
Sabtu, 29 Nov 2025 11:09 WIB "
Pertamina Kawal Distribusi Energi ke Lokasi Terdampak Banjir di Sumut & Aceh,https://news.detik.com/berita/d-8234482/pertamina-kawal-distribusi-energi-ke-lokasi-terdampak-banjir-di-sumut-aceh,"
Sabtu, 29 Nov 2025 11:15 WIB "
Polda Riau Kerahkan Drone hingga Starlink Bantu Evakuasi Bencana Sumbar,https://news.detik.com/melindungi-tuah-marwah/d-8234500/polda-riau-kerahkan-drone-hingga-starlink-bantu-evakuasi-bencana-sumbar,"
Sabtu, 29 Nov 2025 11:35 WIB "
"Kirim Bantuan Bencana, 11 Helikopter Kelilingi Daerah Terisolasi di Sumatera",https://news.detik.com/berita/d-8234536/kirim-bantuan-bencana-11-helikopter-kelilingi-daerah-terisolasi-di-sumatera,"
Sabtu, 29 Nov 2025 11:49 WIB "
Kemenhut Telusuri Asal Kayu Gelondongan yang Terbawa Banjir di Sumut,https://news.detik.com/berita/d-8234547/kemenhut-telusuri-asal-kayu-gelondongan-yang-terbawa-banjir-di-sumut,"
Sabtu, 29 Nov 2025 12:01 WIB "
InJourney Group Beri Bantuan Pangan-Obat ke Korban Banjir Sumatera-Aceh,https://news.detik.com/berita/d-8234610/injourney-group-beri-bantuan-pangan-obat-ke-korban-banjir-sumatera-aceh,"
Sabtu, 29 Nov 2025 12:58 WIB "
Bangkai Gajah Ditemukan Tertumpuk Kayu Usai Banjir di Pidie Jaya Aceh,https://news.detik.com/berita/d-8234655/bangkai-gajah-ditemukan-tertumpuk-kayu-usai-banjir-di-pidie-jaya-aceh,"
Sabtu, 29 Nov 2025 13:20 WIB "
"250 Rumah Rusak Diterjang Banjir di Nagan Raya Aceh, 2.500 Warga Ngungsi",https://news.detik.com/berita/d-8234696/250-rumah-rusak-diterjang-banjir-di-nagan-raya-aceh-2-500-warga-ngungsi,"
Sabtu, 29 Nov 2025 13:51 WIB "
Polri Siagakan Tim K9 untuk Pencarian Korban Bencana di Sumatera,https://news.detik.com/berita/d-8234702/polri-siagakan-tim-k9-untuk-pencarian-korban-bencana-di-sumatera,"
Sabtu, 29 Nov 2025 13:55 WIB "
37 Sekolah di Aceh Barat Diliburkan Usai Diterjang Banjir 1 Meter,https://news.detik.com/berita/d-8234717/37-sekolah-di-aceh-barat-diliburkan-usai-diterjang-banjir-1-meter,"
Sabtu, 29 Nov 2025 14:11 WIB "
Polri Siapkan 28 Dapur Lapangan untuk Korban Bencana di Sumatera,https://news.detik.com/berita/d-8234720/polri-siapkan-28-dapur-lapangan-untuk-korban-bencana-di-sumatera,"
Sabtu, 29 Nov 2025 14:15 WIB "
"Pakai Heli, Polresta Pekanbaru Kirim Bantuan 1 Ton Beras ke Sumbar",https://news.detik.com/melindungi-tuah-marwah/d-8234887/pakai-heli-polresta-pekanbaru-kirim-bantuan-1-ton-beras-ke-sumbar,"
Sabtu, 29 Nov 2025 15:57 WIB "
Mualem Aceh Cerita Ngerinya Banjir-Longsor Seakan 'Tsunami Kedua',https://news.detik.com/berita/d-8234974/mualem-aceh-cerita-ngerinya-banjir-longsor-seakan-tsunami-kedua,"
Sabtu, 29 Nov 2025 17:08 WIB "
Video: Puan Dorong Masyarakyat Gotong Royong Bantu Korban Bencana Sumatera,https://20.detik.com/detikupdate/20251129-251129103/video-puan-dorong-masyarakyat-gotong-royong-bantu-korban-bencana-sumatera,"
Sabtu, 29 Nov 2025 17:17 WIB "
"Daftar Nomor Darurat Bencana di Aceh, Sumut hingga Sumbar Resmi dari BNPB",https://news.detik.com/berita/d-8234991/daftar-nomor-darurat-bencana-di-aceh-sumut-hingga-sumbar-resmi-dari-bnpb,"
Sabtu, 29 Nov 2025 17:20 WIB "
Cak Imin Bicara Peluang Status Bencana Nasional Ditetapkan di Aceh-Sumut,https://news.detik.com/berita/d-8234995/cak-imin-bicara-peluang-status-bencana-nasional-ditetapkan-di-aceh-sumut,"
Sabtu, 29 Nov 2025 17:23 WIB "
Kepala BNPB soal Banjir Sumatera Belum Bencana Nasional: Mencekamnya di Medsos,https://news.detik.com/berita/d-8235025/kepala-bnpb-soal-banjir-sumatera-belum-bencana-nasional-mencekamnya-di-medsos,"
Sabtu, 29 Nov 2025 17:37 WIB "
Momen Haru Bhayangkari Jadi Ibu Susu Bayi Korban Longsor di Tapsel,https://news.detik.com/berita/d-8235026/momen-haru-bhayangkari-jadi-ibu-susu-bayi-korban-longsor-di-tapsel,"
Sabtu, 29 Nov 2025 17:39 WIB "
"Update Korban Bencana Banjir di Aceh: 47 Orang Meninggal, 51 Masih Hilang",https://news.detik.com/berita/d-8235114/update-korban-bencana-banjir-di-aceh-47-orang-meninggal-51-masih-hilang,"
Sabtu, 29 Nov 2025 19:05 WIB "
DPD RI Salurkan Bantuan untuk Korban Banjir Sumut,https://news.detik.com/berita/d-8235136/dpd-ri-salurkan-bantuan-untuk-korban-banjir-sumut,"
Sabtu, 29 Nov 2025 19:21 WIB "
Komisi IV DPR Minta Pemda Sumbar Percepat Pendataan Kerusakan Dampak Banjir,https://news.detik.com/berita/d-8235145/komisi-iv-dpr-minta-pemda-sumbar-percepat-pendataan-kerusakan-dampak-banjir,"
Sabtu, 29 Nov 2025 19:29 WIB "
Video: Miris! Seekor Gajah Mati Tertimbun Kayu Pascabanjir di Aceh,https://20.detik.com/detikupdate/20251129-251129112/video-miris-seekor-gajah-mati-tertimbun-kayu-pascabanjir-di-aceh,"
Sabtu, 29 Nov 2025 20:30 WIB "
Pemprov DKI Kirim 1.000 Paket Bantuan untuk Korban Banjir-Longsor di Sumatera,https://news.detik.com/berita/d-8235217/pemprov-dki-kirim-1-000-paket-bantuan-untuk-korban-banjir-longsor-di-sumatera,"
Sabtu, 29 Nov 2025 20:39 WIB "
BSI Serahkan Bantuan Tanggap Darurat untuk Masyarakat Aceh di 17 Kabupaten,https://news.detik.com/berita/d-8235218/bsi-serahkan-bantuan-tanggap-darurat-untuk-masyarakat-aceh-di-17-kabupaten,"
Sabtu, 29 Nov 2025 20:40 WIB "
"Tinjau Banjir di Aceh, Mendagri Beri Atensi Infrastruktur Publik yang Rusak",https://news.detik.com/berita/d-8235220/tinjau-banjir-di-aceh-mendagri-beri-atensi-infrastruktur-publik-yang-rusak,"
Sabtu, 29 Nov 2025 20:47 WIB "
"Kemensos Distribusikan Logistik Senilai Rp 12,1 M ke 3 Provinsi di Sumatera",https://news.detik.com/berita/d-8235278/kemensos-distribusikan-logistik-senilai-rp-12-1-m-ke-3-provinsi-di-sumatera,"
Sabtu, 29 Nov 2025 21:43 WIB "
Video Cak Imin soal Kemungkinan Status Bencana Nasional di Sumatera,https://20.detik.com/detikupdate/20251129-251129115/video-cak-imin-soal-kemungkinan-status-bencana-nasional-di-sumatera,"
Sabtu, 29 Nov 2025 21:51 WIB "
Video Menhut soal Bencana Sumatera: Ada yang Salah dari Pengelolaan Hutan,https://20.detik.com/detikupdate/20251129-251129118/video-menhut-soal-bencana-sumatera-ada-yang-salah-dari-pengelolaan-hutan,"
Sabtu, 29 Nov 2025 21:56 WIB "
Dirut PLN Pastikan Langsung Penanganan Kelistrikan Pascabencana di Aceh,https://news.detik.com/berita/d-8235309/dirut-pln-pastikan-langsung-penanganan-kelistrikan-pascabencana-di-aceh,"
Sabtu, 29 Nov 2025 22:22 WIB "
Puan Ajak Doa Bersama bagi Korban Bencana Banjir dan Longsor di Tanah Air,https://news.detik.com/berita/d-8235311/puan-ajak-doa-bersama-bagi-korban-bencana-banjir-dan-longsor-di-tanah-air,"
Sabtu, 29 Nov 2025 22:30 WIB "
Komisi VIII DPR Usul Semua Dapur MBG di Aceh-Sumut Jadi Dapur Umum Darurat,https://news.detik.com/berita/d-8235312/komisi-viii-dpr-usul-semua-dapur-mbg-di-aceh-sumut-jadi-dapur-umum-darurat,"
Sabtu, 29 Nov 2025 22:33 WIB "
Mendagri Pastikan Listrik di Aceh Normal Lagi Pekan Depan,https://news.detik.com/berita/d-8235384/mendagri-pastikan-listrik-di-aceh-normal-lagi-pekan-depan,"
Minggu, 30 Nov 2025 01:58 WIB "
Teka-teki Gelondongan Kayu Terbawa Banjir di Sumatera,https://news.detik.com/berita/d-8235414/teka-teki-gelondongan-kayu-terbawa-banjir-di-sumatera,"
Minggu, 30 Nov 2025 06:37 WIB "
Video Terpopuler Sepekan: Bencana Landa Sumatra hingga Sorotan Bandara IMIP,https://20.detik.com/detikupdate/20251128-251128130/video-terpopuler-sepekan-bencana-landa-sumatra-hingga-sorotan-bandara-imip,"
Minggu, 30 Nov 2025 06:55 WIB "
"Video: Viral Banyak Kayu Terbawa Banjir, Ini Data Deforestasi Sumatera",https://20.detik.com/detikupdate/20251130-251130004/video-viral-banyak-kayu-terbawa-banjir-ini-data-deforestasi-sumatera,"
Minggu, 30 Nov 2025 07:08 WIB "
Video WALHI Sumut Sayangkan Tak Ada Status Darurat Bencana Nasional Sumatera,https://20.detik.com/detikupdate/20251130-251130006/video-walhi-sumut-sayangkan-tak-ada-status-darurat-bencana-nasional-sumatera,"
Minggu, 30 Nov 2025 07:42 WIB "
Komisi IV DPR Akan Bahas Kayu Gelondongan di Banjir Sumatera dengan Kemenhut,https://news.detik.com/berita/d-8235459/komisi-iv-dpr-akan-bahas-kayu-gelondongan-di-banjir-sumatera-dengan-kemenhut,"
Minggu, 30 Nov 2025 07:55 WIB "
"Data Korban Tewas Bencana Sumatera: dari Aceh, Sumut hingga Sumbar",https://news.detik.com/berita/d-8235506/data-korban-tewas-bencana-sumatera-dari-aceh-sumut-hingga-sumbar,"
Minggu, 30 Nov 2025 08:57 WIB "
BCA-TNI Salurkan Bantuan Kemanusiaan untuk Korban Bencana Alam di Sibolga,https://news.detik.com/berita/d-8235543/bca-tni-salurkan-bantuan-kemanusiaan-untuk-korban-bencana-alam-di-sibolga,"
Minggu, 30 Nov 2025 09:17 WIB "
Wagub Jakarta Rano Ajak Warga Donasi Bantu Korban Bencana di Sumatera,https://news.detik.com/berita/d-8235559/wagub-jakarta-rano-ajak-warga-donasi-bantu-korban-bencana-di-sumatera,"
Minggu, 30 Nov 2025 09:25 WIB "
Malaysia Konfirmasi 1 Warganya Hilang di Sumbar Diduga Terdampak Longsor,https://news.detik.com/berita/d-8235621/malaysia-konfirmasi-1-warganya-hilang-di-sumbar-diduga-terdampak-longsor,"
Minggu, 30 Nov 2025 10:19 WIB "
Polda Riau Gandeng 30 Psikolog Kampus untuk Trauma Healing Korban Bencana Sumatera,https://news.detik.com/melindungi-tuah-marwah/d-8235630/polda-riau-gandeng-30-psikolog-kampus-untuk-trauma-healing-korban-bencana-sumatera,"
Minggu, 30 Nov 2025 10:23 WIB "
Komisi IV DPR Panggil Kemenhut 4 Desember Dalami 5 Hal soal Bencana Sumatera,https://news.detik.com/berita/d-8235713/komisi-iv-dpr-panggil-kemenhut-4-desember-dalami-5-hal-soal-bencana-sumatera,"
Minggu, 30 Nov 2025 11:13 WIB "
Cerita Sulitnya Heli BNPB Tembus Desa Terisolasi Sumut Kirim Bantuan Bencana,https://news.detik.com/berita/d-8235749/cerita-sulitnya-heli-bnpb-tembus-desa-terisolasi-sumut-kirim-bantuan-bencana,"
Minggu, 30 Nov 2025 11:29 WIB "
Kriteria Penetapan Status Bencana Nasional di Indonesia dan Riwayatnya,https://news.detik.com/berita/d-8235775/kriteria-penetapan-status-bencana-nasional-di-indonesia-dan-riwayatnya,"
Minggu, 30 Nov 2025 11:51 WIB "
Upaya Pertamina Patra Niaga Salurkan Energi ke Sumatera Terdampak Bencana,https://news.detik.com/berita/d-8235838/upaya-pertamina-patra-niaga-salurkan-energi-ke-sumatera-terdampak-bencana,"
Minggu, 30 Nov 2025 12:51 WIB "
Update Korban Bencana di Aceh-Sumut-Sumbar: 316 Orang Tewas,https://news.detik.com/berita/d-8235894/update-korban-bencana-di-aceh-sumut-sumbar-316-orang-tewas,"
Minggu, 30 Nov 2025 13:18 WIB "
"Aceh Gayo Masih Terisolasi Imbas Banjir, Warga Butuh Makanan",https://news.detik.com/berita/d-8235941/aceh-gayo-masih-terisolasi-imbas-banjir-warga-butuh-makanan,"
Minggu, 30 Nov 2025 13:50 WIB "
Eddy Soeparno Sebut Bencana di Aceh & Sumatera Jadi Alarm Krisis Iklim,https://news.detik.com/berita/d-8235943/eddy-soeparno-sebut-bencana-di-aceh-sumatera-jadi-alarm-krisis-iklim,"
Minggu, 30 Nov 2025 13:52 WIB "
Pimpinan DPR Kirim Bantuan Logistik ke Pengungsi Banjir di Aceh-Sumatera,https://news.detik.com/berita/d-8235966/pimpinan-dpr-kirim-bantuan-logistik-ke-pengungsi-banjir-di-aceh-sumatera,"
Minggu, 30 Nov 2025 14:10 WIB "
"Polisi Siapkan Perangkat WiFi di Lokasi Banjir, Warga Kembali Terhubung",https://news.detik.com/berita/d-8235975/polisi-siapkan-perangkat-wifi-di-lokasi-banjir-warga-kembali-terhubung,"
Minggu, 30 Nov 2025 14:18 WIB "
Prabowo Perintahkan Seluruh Kekuatan Nasional Tangani Banjir Aceh-Sumut-Sumbar,https://news.detik.com/berita/d-8235977/prabowo-perintahkan-seluruh-kekuatan-nasional-tangani-banjir-aceh-sumut-sumbar,"
Minggu, 30 Nov 2025 14:18 WIB "
27 Ton Logistik Dikirim Via Laut ke Wilayah Tedampak Banjir-Longsor di Aceh,https://news.detik.com/berita/d-8235999/27-ton-logistik-dikirim-via-laut-ke-wilayah-tedampak-banjir-longsor-di-aceh,"
Minggu, 30 Nov 2025 14:29 WIB "
Video Rano Soal Jakarta Kota Terpadat di Dunia Versi PBB: Wow Kita Terkejut!,https://20.detik.com/detikupdate/20251130-251130033/video-rano-soal-jakarta-kota-terpadat-di-dunia-versi-pbb-wow-kita-terkejut,"
Minggu, 30 Nov 2025 14:40 WIB "
DPR Minta Penerbitan Kembali Dokumen Imigrasi Korban Bencana Dipermudah,https://news.detik.com/berita/d-8236070/dpr-minta-penerbitan-kembali-dokumen-imigrasi-korban-bencana-dipermudah,"
Minggu, 30 Nov 2025 15:01 WIB "
Video: Wagub Rano-KSAL Lepas Bantuan untuk Korban Banjir Aceh-Sumatera,https://20.detik.com/detikupdate/20251130-251130034/video-wagub-rano-ksal-lepas-bantuan-untuk-korban-banjir-aceh-sumatera,"
Minggu, 30 Nov 2025 15:06 WIB "
Pertamina Patra Niaga All Out Pulihkan Distribusi Energi di Sumatera,https://news.detik.com/berita/d-8236087/pertamina-patra-niaga-all-out-pulihkan-distribusi-energi-di-sumatera,"
Minggu, 30 Nov 2025 15:09 WIB "
Titiek Soeharto-Didit Tinjau Korban Banjir Aceh: Insyaallah Kami Bantu,https://news.detik.com/berita/d-8236115/titiek-soeharto-didit-tinjau-korban-banjir-aceh-insyaallah-kami-bantu,"
Minggu, 30 Nov 2025 15:24 WIB "
Kepala BNPB Bicara soal Viral Minimarket di Sibolga Dijarah Warga,https://news.detik.com/berita/d-8236118/kepala-bnpb-bicara-soal-viral-minimarket-di-sibolga-dijarah-warga,"
Minggu, 30 Nov 2025 15:29 WIB "
Dua Jenazah Korban Bencana di Agam Sumbar Kembali Dievakuasi,https://news.detik.com/berita/d-8236125/dua-jenazah-korban-bencana-di-agam-sumbar-kembali-dievakuasi,"
Minggu, 30 Nov 2025 15:36 WIB "
Menhut Fokus Penanganan Bencana di Sumatera: Setelah Ini Terbuka Evaluasi,https://news.detik.com/berita/d-8236172/menhut-fokus-penanganan-bencana-di-sumatera-setelah-ini-terbuka-evaluasi,"
Minggu, 30 Nov 2025 15:56 WIB "
"Tapanuli Tengah dan Sibolga Masih Terisolasi, Tim Gabungan Fokus Buka Jalur",https://news.detik.com/berita/d-8236288/tapanuli-tengah-dan-sibolga-masih-terisolasi-tim-gabungan-fokus-buka-jalur,"
Minggu, 30 Nov 2025 16:57 WIB "
AirNav Tambah Personel-Fasilitas agar Bantuan untuk Banjir Sumatera Lancar,https://news.detik.com/berita/d-8236293/airnav-tambah-personel-fasilitas-agar-bantuan-untuk-banjir-sumatera-lancar,"
Minggu, 30 Nov 2025 17:02 WIB "
Video: Akses Darat Sumut-Aceh Hingga Gayo Lues Masih Lumpuh,https://20.detik.com/detikupdate/20251130-251130041/video-akses-darat-sumut-aceh-hingga-gayo-lues-masih-lumpuh--,"
Minggu, 30 Nov 2025 17:19 WIB "
"BNPB Ungkap Masih Banyak Jalan Putus di Aceh Buntut Banjir, Ini Titiknya",https://news.detik.com/berita/d-8236325/bnpb-ungkap-masih-banyak-jalan-putus-di-aceh-buntut-banjir-ini-titiknya,"
Minggu, 30 Nov 2025 17:26 WIB "
PB HMI Minta Pemerintah Tetapkan Status Bencana Nasional di Aceh-Sumut-Sumbar,https://news.detik.com/berita/d-8236350/pb-hmi-minta-pemerintah-tetapkan-status-bencana-nasional-di-aceh-sumut-sumbar,"
Minggu, 30 Nov 2025 17:37 WIB "
"Update Data Korban Banjir-Longsor di Aceh: 83 Orang Tewas, 65 Hilang",https://news.detik.com/berita/d-8236378/update-data-korban-banjir-longsor-di-aceh-83-orang-tewas-65-hilang,"
Minggu, 30 Nov 2025 17:59 WIB "
Polri Lanjut Kirim Bantuan Makanan-Selimut ke Tapanuli Sumut Via Heli,https://news.detik.com/berita/d-8236389/polri-lanjut-kirim-bantuan-makanan-selimut-ke-tapanuli-sumut-via-heli,"
Minggu, 30 Nov 2025 18:06 WIB "
"Turun ke Lhokseumawe, Mendagri Cek Infrastruktur Vital dan Salurkan Bantuan",https://news.detik.com/berita/d-8236393/turun-ke-lhokseumawe-mendagri-cek-infrastruktur-vital-dan-salurkan-bantuan,"
Minggu, 30 Nov 2025 18:18 WIB "
Putin Ucapkan Belasungkawa ke Prabowo Atas Bencana di Sumatera,https://news.detik.com/berita/d-8236452/putin-ucapkan-belasungkawa-ke-prabowo-atas-bencana-di-sumatera,"
Minggu, 30 Nov 2025 18:58 WIB "
"Ikuti Arahan Presiden, Kapolri Kerahkan Bantuan ke Wilayah Terisolir Bencana Sumatera",https://news.detik.com/berita/d-8236538/ikuti-arahan-presiden-kapolri-kerahkan-bantuan-ke-wilayah-terisolir-bencana-sumatera,"
Minggu, 30 Nov 2025 20:06 WIB "
"Update Korban Tewas Bencana di Sumatera: Sumut 217, Aceh 96, Sumbar 129",https://news.detik.com/berita/d-8236549/update-korban-tewas-bencana-di-sumatera-sumut-217-aceh-96-sumbar-129,"
Minggu, 30 Nov 2025 20:15 WIB "
Warga Menanti Titik Terisolir di Sumatera Pulih Pascabencana,https://news.detik.com/berita/d-8236552/warga-menanti-titik-terisolir-di-sumatera-pulih-pascabencana,"
Minggu, 30 Nov 2025 20:18 WIB "
"15.700 Jiwa di Tapanuli Utara Terdampak Bencana, Ratusan Rumah Warga Rusak",https://news.detik.com/berita/d-8236564/15-700-jiwa-di-tapanuli-utara-terdampak-bencana-ratusan-rumah-warga-rusak,"
Minggu, 30 Nov 2025 20:38 WIB "
BNPB Ungkap 2 Desa di Tapsel Terdampak Parah: Kayu Gelondongan Masuk Rumah,https://news.detik.com/berita/d-8236579/bnpb-ungkap-2-desa-di-tapsel-terdampak-parah-kayu-gelondongan-masuk-rumah,"
Minggu, 30 Nov 2025 20:54 WIB "
"MenPAN-RB Ajak ASN Perkuat Solidaritas, Siaga, & Ketahanan Hadapi Bencana",https://news.detik.com/berita/d-8236589/menpan-rb-ajak-asn-perkuat-solidaritas-siaga-ketahanan-hadapi-bencana,"
Minggu, 30 Nov 2025 21:01 WIB "
"Perintah Terbaru Prabowo Tangani Bencana di Aceh, Sumut hingga Sumbar",https://news.detik.com/berita/d-8236602/perintah-terbaru-prabowo-tangani-bencana-di-aceh-sumut-hingga-sumbar,"
Minggu, 30 Nov 2025 21:15 WIB "
"BNPB Ungkap Akses ke Aceh Gayo Masih Terputus, Ini Sebarannya",https://news.detik.com/berita/d-8236605/bnpb-ungkap-akses-ke-aceh-gayo-masih-terputus-ini-sebarannya,"
Minggu, 30 Nov 2025 21:23 WIB "
Jalur Padang Panjang-Sicincin Masih Terputus Usai Banjir Bandang,https://news.detik.com/berita/d-8236623/jalur-padang-panjang-sicincin-masih-terputus-usai-banjir-bandang,"
Minggu, 30 Nov 2025 21:40 WIB "
"Kolaborasi Lintas Instansi, PLN Kebut Pemulihan Kelistrikan Aceh",https://news.detik.com/berita/d-8236644/kolaborasi-lintas-instansi-pln-kebut-pemulihan-kelistrikan-aceh,"
Minggu, 30 Nov 2025 22:06 WIB "
"12 Desa di Tapanuli Utara Masih Terisolir, Logistik Sudah Menipis",https://news.detik.com/berita/d-8236666/12-desa-di-tapanuli-utara-masih-terisolir-logistik-sudah-menipis,"
Minggu, 30 Nov 2025 22:18 WIB "
"Video: 2 Desa di Tapsel Terdampak Parah, Kayu Gelondongan Masuk Rumah",https://20.detik.com/detikupdate/20251130-251130096/video-2-desa-di-tapsel-terdampak-parah-kayu-gelondongan-masuk-rumah-,"
Minggu, 30 Nov 2025 23:29 WIB "
"Video Korban Tewas Bencana Sumatera: Sumut 217, Aceh 96, Sumbar 129",https://20.detik.com/detikupdate/20251130-251130097/video-korban-tewas-bencana-sumatera-sumut-217-aceh-96-sumbar-129,"
Minggu, 30 Nov 2025 23:35 WIB "
"Bahlil Ajak Kader Bantu Warga Sumatera, Minta Kantor Golkar Daerah Jadi Posko",https://news.detik.com/berita/d-8236709/bahlil-ajak-kader-bantu-warga-sumatera-minta-kantor-golkar-daerah-jadi-posko,"
Minggu, 30 Nov 2025 23:51 WIB "
Pemerintah Siapkan Hunian Sementara untuk Korban Terdampak Bencana di Sumatera,https://news.detik.com/berita/d-8236713/pemerintah-siapkan-hunian-sementara-untuk-korban-terdampak-bencana-di-sumatera,"
Senin, 01 Des 2025 00:09 WIB "
"Pengiriman Bantuan Terkendala, Warga Aceh Timur Korban Banjir Alami Kelaparan",https://news.detik.com/berita/d-8236718/pengiriman-bantuan-terkendala-warga-aceh-timur-korban-banjir-alami-kelaparan,"
Senin, 01 Des 2025 01:09 WIB "
Komisi IV DPR Dorong Fokus Percepatan Tangani Bencana Sumatera,https://news.detik.com/berita/d-8236737/komisi-iv-dpr-dorong-fokus-percepatan-tangani-bencana-sumatera,"
Senin, 01 Des 2025 05:36 WIB "
"Update Korban Jiwa Bencana Sumatera: Aceh 96, Sumbar 129, Sumut 217",https://news.detik.com/berita/d-8236755/update-korban-jiwa-bencana-sumatera-aceh-96-sumbar-129-sumut-217,"
Senin, 01 Des 2025 06:36 WIB "
"Bertolak ke Sumut, Prabowo Tinjau Lokasi Terdampak Banjir-Longsor",https://news.detik.com/berita/d-8236758/bertolak-ke-sumut-prabowo-tinjau-lokasi-terdampak-banjir-longsor,"
Senin, 01 Des 2025 07:01 WIB "
"Update Korban Bencana Aceh-Sumut-Sumbar: 442 Orang Tewas, 402 Masih Hilang",https://news.detik.com/berita/d-8236769/update-korban-bencana-aceh-sumut-sumbar-442-orang-tewas-402-masih-hilang,"
Senin, 01 Des 2025 07:19 WIB "
Waka Komisi VIII DPR Bicara Urgensi Penetapan Bencana Nasional Sumatera,https://news.detik.com/berita/d-8236782/waka-komisi-viii-dpr-bicara-urgensi-penetapan-bencana-nasional-sumatera,"
Senin, 01 Des 2025 07:46 WIB "
"Kapolri Pimpin Rakor Bencana di Tapanuli Utara, Pastikan Penanganan Terkoordinasi",https://news.detik.com/berita/d-8236784/kapolri-pimpin-rakor-bencana-di-tapanuli-utara-pastikan-penanganan-terkoordinasi,"
Senin, 01 Des 2025 07:54 WIB "
Sejumlah Wilayah Masih Terisolasi Akibat Banjir Aceh-Sumut-Sumbar,https://news.detik.com/berita/d-8236597/sejumlah-wilayah-masih-terisolasi-akibat-banjir-aceh-sumut-sumbar,"
Senin, 01 Des 2025 07:58 WIB "
Gelondongan Kayu di Bencana Sumatera Dalam Sorotan Senayan,https://news.detik.com/berita/d-8236789/gelondongan-kayu-di-bencana-sumatera-dalam-sorotan-senayan,"
Senin, 01 Des 2025 08:02 WIB "
"Korban Meninggal Akibat Bencana di Agam 120 Orang, 74 Masih dalam Pencarian",https://news.detik.com/berita/d-8236792/korban-meninggal-akibat-bencana-di-agam-120-orang-74-masih-dalam-pencarian,"
Senin, 01 Des 2025 08:14 WIB "
"Tiba di Silangit Sumut, Prabowo Lanjut Naik Helikopter Menuju Tapteng",https://news.detik.com/berita/d-8236802/tiba-di-silangit-sumut-prabowo-lanjut-naik-helikopter-menuju-tapteng,"
Senin, 01 Des 2025 08:28 WIB "
PKB Nilai Banjir Aceh-Sumut Sudah Penuhi Kriteria Bencana Nasional,https://news.detik.com/berita/d-8236824/pkb-nilai-banjir-aceh-sumut-sudah-penuhi-kriteria-bencana-nasional,"
Senin, 01 Des 2025 08:49 WIB "
Mendagri Gelar Rakor Bahas Antisipasi Bencana-Persiapan Natal dan Tahun Baru,https://news.detik.com/berita/d-8236896/mendagri-gelar-rakor-bahas-antisipasi-bencana-persiapan-natal-dan-tahun-baru,"
Senin, 01 Des 2025 09:42 WIB "
"Prabowo Tinjau Korban Bencana di Tapteng, Janji Segera Atasi Kesulitan",https://news.detik.com/berita/d-8236913/prabowo-tinjau-korban-bencana-di-tapteng-janji-segera-atasi-kesulitan,"
Senin, 01 Des 2025 09:51 WIB "
"Usai dari Tapteng, Prabowo Lanjut ke Aceh untuk Tinjau Warga Korban Bencana",https://news.detik.com/berita/d-8236922/usai-dari-tapteng-prabowo-lanjut-ke-aceh-untuk-tinjau-warga-korban-bencana,"
Senin, 01 Des 2025 09:56 WIB "
"Pakai Heli, Bantuan Sentuh Pining Aceh yang Terisolir Akibat Banjir",https://news.detik.com/berita/d-8237002/pakai-heli-bantuan-sentuh-pining-aceh-yang-terisolir-akibat-banjir,"
Senin, 01 Des 2025 10:38 WIB "
BNPB: 40 Km Jalur Tarutung-Sibolga Sudah Bisa Ditembus Alat Berat,https://news.detik.com/berita/d-8237010/bnpb-40-km-jalur-tarutung-sibolga-sudah-bisa-ditembus-alat-berat,"
Senin, 01 Des 2025 10:40 WIB "
Video: Korban Tewas Bencana di Sumatera Lebih dari 400 Orang,https://20.detik.com/detikupdate/20251201-251201015/video-korban-tewas-bencana-di-sumatera-lebih-dari-400-orang,"
Senin, 01 Des 2025 10:48 WIB "
"Usai Tapteng, Prabowo Lanjut Tinjau Pengungsian di Kutacane Aceh",https://news.detik.com/berita/d-8237039/usai-tapteng-prabowo-lanjut-tinjau-pengungsian-di-kutacane-aceh,"
Senin, 01 Des 2025 10:59 WIB "
Prabowo: Semua Daerah Harus Siap Menghadapi Perubahan Iklim,https://news.detik.com/berita/d-8237045/prabowo-semua-daerah-harus-siap-menghadapi-perubahan-iklim,"
Senin, 01 Des 2025 11:05 WIB "
Video Seperti Apa Bencana yang Murni Disebabkan oleh Alam?,https://20.detik.com/detikupdate/20251201-251201064/video-seperti-apa-bencana-yang-murni-disebabkan-oleh-alam,"
Senin, 01 Des 2025 11:07 WIB "
Kapolri Dampingi Presiden Cek Lokasi Pengungsian Korban Banjir di Tapanuli Tengah,https://news.detik.com/berita/d-8237055/kapolri-dampingi-presiden-cek-lokasi-pengungsian-korban-banjir-di-tapanuli-tengah,"
Senin, 01 Des 2025 11:09 WIB "
Kapolri Ungkap Arahan Prabowo Saat Tinjau Korban Bencana di Tapteng,https://news.detik.com/berita/d-8237066/kapolri-ungkap-arahan-prabowo-saat-tinjau-korban-bencana-di-tapteng,"
Senin, 01 Des 2025 11:15 WIB "
"Mendagri soal Bencana Sumut: Terjadi Sangat Cepat, Mungkin Kita Kurang Siap",https://news.detik.com/berita/d-8237081/mendagri-soal-bencana-sumut-terjadi-sangat-cepat-mungkin-kita-kurang-siap,"
Senin, 01 Des 2025 11:21 WIB "
Gus Ipul Dampingi Presiden Tinjau Banjir dan Pastikan Bantuan Mengalir,https://news.detik.com/berita/d-8237097/gus-ipul-dampingi-presiden-tinjau-banjir-dan-pastikan-bantuan-mengalir,"
Senin, 01 Des 2025 11:33 WIB "
"Prabowo Tiba di Bandara Alas Leuser, Bakal Cek Jembatan Putus di Kutacane",https://news.detik.com/berita/d-8237156/prabowo-tiba-di-bandara-alas-leuser-bakal-cek-jembatan-putus-di-kutacane,"
Senin, 01 Des 2025 11:56 WIB "
Kapolri Serahkan 8 Truk Bantuan untuk Korban Bencana di Tapteng,https://news.detik.com/berita/d-8237173/kapolri-serahkan-8-truk-bantuan-untuk-korban-bencana-di-tapteng,"
Senin, 01 Des 2025 12:02 WIB "
PKB Soroti Gelondongan Kayu di Bencana Sumatera: Itu Bukan Alamiah,https://news.detik.com/berita/d-8237178/pkb-soroti-gelondongan-kayu-di-bencana-sumatera-itu-bukan-alamiah,"
Senin, 01 Des 2025 12:04 WIB "
"Kemensos Gelar HUT ke-54 Korpri, Tekankan Kesiapsiagaan ASN Hadapi Bencana",https://news.detik.com/berita/d-8237195/kemensos-gelar-hut-ke-54-korpri-tekankan-kesiapsiagaan-asn-hadapi-bencana,"
Senin, 01 Des 2025 12:09 WIB "
"Agam Luluh Lantak Pascabencana: Rumah Terbenam Lumpur, Kayu Berserakan",https://news.detik.com/berita/d-8237194/agam-luluh-lantak-pascabencana-rumah-terbenam-lumpur-kayu-berserakan,"
Senin, 01 Des 2025 12:09 WIB "
"BMKG: Walau Siklon Senyar Kategori Paling Rendah, Dampak Bencana Sangat Besar",https://news.detik.com/berita/d-8237206/bmkg-walau-siklon-senyar-kategori-paling-rendah-dampak-bencana-sangat-besar,"
Senin, 01 Des 2025 12:15 WIB "
"Banjir Tewaskan 334 Orang, Presiden Sri Lanka Umumkan Keadaan Darurat",https://news.detik.com/internasional/d-8237207/banjir-tewaskan-334-orang-presiden-sri-lanka-umumkan-keadaan-darurat,"
Senin, 01 Des 2025 12:16 WIB "
"Dampak Banjir-Longsor di Sibolga: 44 Tewas, 13 Hilang, dan 231 Rumah Rusak",https://news.detik.com/berita/d-8237226/dampak-banjir-longsor-di-sibolga-44-tewas-13-hilang-dan-231-rumah-rusak,"
Senin, 01 Des 2025 12:28 WIB "
Mabes Polri Kerahkan Personel Tanggap Darurat Bantu Tangani Bencana Sumatera,https://news.detik.com/berita/d-8237228/mabes-polri-kerahkan-personel-tanggap-darurat-bantu-tangani-bencana-sumatera,"
Senin, 01 Des 2025 12:29 WIB "
"Hari Jadi Polairud, Polda Jateng Doa Bersama untuk Korban Bencana Aceh-Sumut-Sumbar",https://news.detik.com/berita/d-8237232/hari-jadi-polairud-polda-jateng-doa-bersama-untuk-korban-bencana-aceh-sumut-sumbar,"
Senin, 01 Des 2025 12:31 WIB "
"Prabowo Tinjau Jembatan Pantai Dona Aceh yang Terputus, Begini Kondisinya",https://news.detik.com/berita/d-8237237/prabowo-tinjau-jembatan-pantai-dona-aceh-yang-terputus-begini-kondisinya,"
Senin, 01 Des 2025 12:35 WIB "
DPD Gerindra Sumbar Salurkan Bantuan Air Bersih ke Korban Banjir Padang,https://news.detik.com/berita/d-8237241/dpd-gerindra-sumbar-salurkan-bantuan-air-bersih-ke-korban-banjir-padang,"
Senin, 01 Des 2025 12:36 WIB "
"Kapolri Patroli Udara, Tinjau Area Terdampak Banjir di Tapanuli Tengah",https://news.detik.com/berita/d-8237254/kapolri-patroli-udara-tinjau-area-terdampak-banjir-di-tapanuli-tengah,"
Senin, 01 Des 2025 12:41 WIB "
Prabowo Lesehan Dengarkan Keluhan Korban Banjir di Aceh,https://news.detik.com/berita/d-8237315/prabowo-lesehan-dengarkan-keluhan-korban-banjir-di-aceh,"
Senin, 01 Des 2025 13:00 WIB "
Ketum Bhayangkari Beri Bantuan hingga Hibur Anak-anak Korban Bencana di Tapanuli Tengah,https://news.detik.com/berita/d-8237333/ketum-bhayangkari-beri-bantuan-hingga-hibur-anak-anak-korban-bencana-di-tapanuli-tengah,"
Senin, 01 Des 2025 13:09 WIB "
Video Heli Tembus Pining: Bantuan Akhirnya Sentuh Daerah Terisolir Banjir Aceh,https://20.detik.com/detikupdate/20251201-251201077/video-heli-tembus-pining-bantuan-akhirnya-sentuh-daerah-terisolir-banjir-aceh,"
Senin, 01 Des 2025 13:13 WIB "
Momen Prabowo dan Pengungsi Banjir Aceh Foto Bareng di Posko,https://news.detik.com/berita/d-8237354/momen-prabowo-dan-pengungsi-banjir-aceh-foto-bareng-di-posko,"
Senin, 01 Des 2025 13:17 WIB "
"Kirim Pasukan ke Sumatera, Wakapolri Cerita Pengalaman Saat Tsunami Aceh-Palu",https://news.detik.com/berita/d-8237356/kirim-pasukan-ke-sumatera-wakapolri-cerita-pengalaman-saat-tsunami-aceh-palu,"
Senin, 01 Des 2025 13:17 WIB "
CT ARSA Salurkan Donasi Ratusan Juta untuk Bencana Banjir dan Longsor Sumatera,https://news.detik.com/berita/d-8237389/ct-arsa-salurkan-donasi-ratusan-juta-untuk-bencana-banjir-dan-longsor-sumatera,"
Senin, 01 Des 2025 13:28 WIB "
Kementerian PU Kerahkan Personel & Alat Berat Atasi Bencana Aceh-Sumatera,https://news.detik.com/berita/d-8237390/kementerian-pu-kerahkan-personel-alat-berat-atasi-bencana-aceh-sumatera,"
Senin, 01 Des 2025 13:29 WIB "
"Polri Kembali Kirim 5,9 Ton Bantuan Logistik ke Aceh, Sumut, dan Sumbar",https://news.detik.com/berita/d-8237397/polri-kembali-kirim-5-9-ton-bantuan-logistik-ke-aceh-sumut-dan-sumbar,"
Senin, 01 Des 2025 13:33 WIB "
Kapolda Banten Lepas Bantuan untuk Korban Bencana di Aceh-Sumut-Sumbar,https://news.detik.com/berita/d-8237405/kapolda-banten-lepas-bantuan-untuk-korban-bencana-di-aceh-sumut-sumbar,"
Senin, 01 Des 2025 13:34 WIB "
Prabowo Janji Segera Perbaiki Jembatan Rusak di Aceh: Kita Punya Anggarannya,https://news.detik.com/berita/d-8237428/prabowo-janji-segera-perbaiki-jembatan-rusak-di-aceh-kita-punya-anggarannya,"
Senin, 01 Des 2025 13:45 WIB "
"Video: Tinjau Bencana Sumatera, Prabowo Prioritaskan Bantuan BBM hingga Listrik",https://20.detik.com/detikupdate/20251201-251201080/video-tinjau-bencana-sumatera-prabowo-prioritaskan-bantuan-bbm-hingga-listrik,"
Senin, 01 Des 2025 14:05 WIB "
BMKG Sudah Ingatkan Cuaca Ekstrem 8 Hari Sebelum Bencana di Sumatera,https://news.detik.com/berita/d-8237465/bmkg-sudah-ingatkan-cuaca-ekstrem-8-hari-sebelum-bencana-di-sumatera,"
Senin, 01 Des 2025 14:09 WIB "
"Prabowo Lanjut ke Sumbar, Tinjau Korban Banjir Usai Kunjungi Sumut-Aceh",https://news.detik.com/berita/d-8237466/prabowo-lanjut-ke-sumbar-tinjau-korban-banjir-usai-kunjungi-sumut-aceh,"
Senin, 01 Des 2025 14:10 WIB "
"Video: Soal Kayu Gelondongan di Bencana Sumatera, DPR Panggil Menhut Kamis Besok",https://20.detik.com/detikupdate/20251201-251201086/video-soal-kayu-gelondongan-di-bencana-sumatera-dpr-panggil-menhut-kamis-besok,"
Senin, 01 Des 2025 14:13 WIB "
"Kayu Gelondongan di Bencana Sumatera Jadi Sorotan, PDIP Ungkit Pesan Megawati",https://news.detik.com/berita/d-8237481/kayu-gelondongan-di-bencana-sumatera-jadi-sorotan-pdip-ungkit-pesan-megawati,"
Senin, 01 Des 2025 14:22 WIB "
Video WALHI: Masyarakat Bisa Ajukan Gugatan atas Bencana Ekologis,https://20.detik.com/detikupdate/20251201-251201082/video-walhi-masyarakat-bisa-ajukan-gugatan-atas-bencana-ekologis,"
Senin, 01 Des 2025 14:27 WIB "
"Hari-hari Warga Aceh: Listrik-PDAM Mati, Sinyal Susah, BBM Antre",https://news.detik.com/berita/d-8237511/hari-hari-warga-aceh-listrik-pdam-mati-sinyal-susah-bbm-antre,"
Senin, 01 Des 2025 14:31 WIB "
"Aksi Solidaritas, PIS Bantu Warga Terdampak Banjir Sumut, Sumbar & Aceh",https://news.detik.com/berita/d-8237542/aksi-solidaritas-pis-bantu-warga-terdampak-banjir-sumut-sumbar-aceh,"
Senin, 01 Des 2025 14:44 WIB "
Desakan ke Pemerintah Soal Status Bencana Nasional di Sumatera,https://news.detik.com/berita/d-8237480/desakan-ke-pemerintah-soal-status-bencana-nasional-di-sumatera,"
Senin, 01 Des 2025 14:45 WIB "
PKS Dorong Status Bencana Nasional Sumatera: Penting untuk Kekuatan Moril,https://news.detik.com/berita/d-8237552/pks-dorong-status-bencana-nasional-sumatera-penting-untuk-kekuatan-moril,"
Senin, 01 Des 2025 14:52 WIB "
Video Prabowo Sapa Korban Bencana di Aceh Tenggara,https://20.detik.com/detikupdate/20251201-251201116/video-prabowo-sapa-korban-bencana-di-aceh-tenggara,"
Senin, 01 Des 2025 15:01 WIB "
"Warga Aceh Ngadu Kebun Jagung Dihantam Banjir, Ini Respons Prabowo",https://news.detik.com/berita/d-8237577/warga-aceh-ngadu-kebun-jagung-dihantam-banjir-ini-respons-prabowo,"
Senin, 01 Des 2025 15:03 WIB "
Kapolda Metro Jaya Lepas 15 Truk Bantuan untuk Korban Bencana Sumatera,https://news.detik.com/berita/d-8237618/kapolda-metro-jaya-lepas-15-truk-bantuan-untuk-korban-bencana-sumatera,"
Senin, 01 Des 2025 15:21 WIB "
"Beredar Surat Sejumlah Daerah Tak Mampu Tangani Bencana, Ini Kata Pemprov Aceh",https://news.detik.com/berita/d-8237636/beredar-surat-sejumlah-daerah-tak-mampu-tangani-bencana-ini-kata-pemprov-aceh,"
Senin, 01 Des 2025 15:25 WIB "
"Prabowo Tiba di Bandara Minangkabau, Akan Cek Posko Korban Banjir",https://news.detik.com/berita/d-8237646/prabowo-tiba-di-bandara-minangkabau-akan-cek-posko-korban-banjir,"
Senin, 01 Des 2025 15:30 WIB "
"Kabasarnas: 33.620 Jiwa Terdampak Bencana Sumatera, 447 Orang Meninggal",https://news.detik.com/berita/d-8237648/kabasarnas-33-620-jiwa-terdampak-bencana-sumatera-447-orang-meninggal,"
Senin, 01 Des 2025 15:32 WIB "
Prabowo Geleng Kepala Dengar Bupati di Aceh Bilang 'Presiden Seumur Hidup',https://news.detik.com/berita/d-8237652/prabowo-geleng-kepala-dengar-bupati-di-aceh-bilang-presiden-seumur-hidup,"
Senin, 01 Des 2025 15:33 WIB "
"BMKG: Aceh Masih dalam Musim Hujan Selama Desember, Masyarakat Perlu Waspada",https://news.detik.com/berita/d-8237684/bmkg-aceh-masih-dalam-musim-hujan-selama-desember-masyarakat-perlu-waspada,"
Senin, 01 Des 2025 15:52 WIB "
Video Ketua MPR Singgung Kerusakan Lingkungan Picu Bencana di Sumatera,https://20.detik.com/detikupdate/20251201-251201134/video-ketua-mpr-singgung-kerusakan-lingkungan-picu-bencana-di-sumatera,"
Senin, 01 Des 2025 15:53 WIB "
"Listrik di Aceh-Sumut Masih Terputus, Tower Sementara Segera Didirikan",https://news.detik.com/berita/d-8237694/listrik-di-aceh-sumut-masih-terputus-tower-sementara-segera-didirikan,"
Senin, 01 Des 2025 15:56 WIB "
Korban Banjir Sambut Prabowo di Posko Pengungsian di Padang Pariaman,https://news.detik.com/berita/d-8237781/korban-banjir-sambut-prabowo-di-posko-pengungsian-di-padang-pariaman,"
Senin, 01 Des 2025 16:17 WIB "
Polri Kerahkan 15 Helikopter-9 Kapal Kirim Bantuan Korban Bencana Sumatera,https://news.detik.com/berita/d-8237798/polri-kerahkan-15-helikopter-9-kapal-kirim-bantuan-korban-bencana-sumatera,"
Senin, 01 Des 2025 16:20 WIB "
"BMKG soal Banjir Bandang Sumatera: Curah Hujan 1 Bulan, Tumpah dalam Sehari",https://news.detik.com/berita/d-8237826/bmkg-soal-banjir-bandang-sumatera-curah-hujan-1-bulan-tumpah-dalam-sehari,"
Senin, 01 Des 2025 16:24 WIB "
Mendagri Nilai Perlu Investigasi soal Kayu Gelondongan di Bencana Sumatera,https://news.detik.com/berita/d-8237849/mendagri-nilai-perlu-investigasi-soal-kayu-gelondongan-di-bencana-sumatera,"
Senin, 01 Des 2025 16:34 WIB "
Kementerian LH Panggil 8 Perusahaan Usut Sumber Gelondongan Kayu di Sumut,https://news.detik.com/berita/d-8237877/kementerian-lh-panggil-8-perusahaan-usut-sumber-gelondongan-kayu-di-sumut,"
Senin, 01 Des 2025 16:37 WIB "
10 Kecamatan di Aceh Tamiang Belum Terjangkau Bantuan karena Banjir-Longsor,https://news.detik.com/berita/d-8237940/10-kecamatan-di-aceh-tamiang-belum-terjangkau-bantuan-karena-banjir-longsor,"
Senin, 01 Des 2025 16:49 WIB "
Kemendikdasmen Salurkan Dana Darurat untuk Korban Bencana di Sumatera,https://news.detik.com/berita/d-8237984/kemendikdasmen-salurkan-dana-darurat-untuk-korban-bencana-di-sumatera,"
Senin, 01 Des 2025 17:04 WIB "
"Logistik di Aceh Singkil Sisa untuk Besok, Pengungsi Terancam Kelaparan",https://news.detik.com/berita/d-8237998/logistik-di-aceh-singkil-sisa-untuk-besok-pengungsi-terancam-kelaparan,"
Senin, 01 Des 2025 17:09 WIB "
Prabowo Janji Segera Benahi Air Bersih-Jembatan Rusak Akibat Bencana di Sumbar,https://news.detik.com/berita/d-8238013/prabowo-janji-segera-benahi-air-bersih-jembatan-rusak-akibat-bencana-di-sumbar,"
Senin, 01 Des 2025 17:18 WIB "
Mendagri soal Status Bencana Aceh-Sumut-Sumbar: Perlakuannya Sudah Nasional,https://news.detik.com/berita/d-8238028/mendagri-soal-status-bencana-aceh-sumut-sumbar-perlakuannya-sudah-nasional,"
Senin, 01 Des 2025 17:26 WIB "
Alam Berteriak di Bagian Barat Indonesia dan Kita Perlu Mendengar,https://news.detik.com/kolom/d-8238060/alam-berteriak-di-bagian-barat-indonesia-dan-kita-perlu-mendengar,"
Senin, 01 Des 2025 17:41 WIB "
Kabasarnas Ungkap Beratnya Bencana di Sumatera: Tim SAR Ekstra Kelelahan,https://news.detik.com/berita/d-8238070/kabasarnas-ungkap-beratnya-bencana-di-sumatera-tim-sar-ekstra-kelelahan,"
Senin, 01 Des 2025 17:48 WIB "
"Update Data Korban Bencana Sumatera: 593 Orang Meninggal, 468 Masih Hilang",https://news.detik.com/berita/d-8238083/update-data-korban-bencana-sumatera-593-orang-meninggal-468-masih-hilang,"
Senin, 01 Des 2025 17:51 WIB "
Mendagri Minta Pemda Perkuat Sinergi Hadapi Potensi Bencana & Nataru,https://news.detik.com/berita/d-8238089/mendagri-minta-pemda-perkuat-sinergi-hadapi-potensi-bencana-nataru,"
Senin, 01 Des 2025 17:54 WIB "
"Video Kabasarnas: 447 Orang Tewas Akibat Bencana Sumatera, 33.620 Jiwa Terdampak",https://20.detik.com/detikupdate/20251201-251201147/video-kabasarnas-447-orang-tewas-akibat-bencana-sumatera-33620-jiwa-terdampak,"
Senin, 01 Des 2025 18:01 WIB "
Data Terbaru BNPB: Korban Meninggal Bencana Sumatera Capai 604 Orang,https://news.detik.com/berita/d-8238155/data-terbaru-bnpb-korban-meninggal-bencana-sumatera-capai-604-orang,"
Senin, 01 Des 2025 18:31 WIB "
Gus Ipul Dampingi Presiden Prabowo Tinjau Posko Pengungsi Banjir di Aceh,https://news.detik.com/berita/d-8238160/gus-ipul-dampingi-presiden-prabowo-tinjau-posko-pengungsi-banjir-di-aceh,"
Senin, 01 Des 2025 18:35 WIB "
"Fraksi PKS MPR & LATS Gelar Lokakarya Akademik, Bahas Tata Kelola SDA",https://news.detik.com/berita/d-8238165/fraksi-pks-mpr-lats-gelar-lokakarya-akademik-bahas-tata-kelola-sda,"
Senin, 01 Des 2025 18:38 WIB "
"Dony Oskaria: BUMN Milik Rakyat, Wajib Hadir di Tengah Korban Bencana",https://news.detik.com/berita/d-8238174/dony-oskaria-bumn-milik-rakyat-wajib-hadir-di-tengah-korban-bencana,"
Senin, 01 Des 2025 18:46 WIB "
Kemensos Dirikan 28 Dapur Umum Layani 50 Ribu Korban Banjir Sumatera,https://news.detik.com/berita/d-8238173/kemensos-dirikan-28-dapur-umum-layani-50-ribu-korban-banjir-sumatera,"
Senin, 01 Des 2025 19:00 WIB "
Prabowo Usai Cek Korban Banjir di Sumbar: Listrik Hampir 100%,https://news.detik.com/berita/d-8238195/prabowo-usai-cek-korban-banjir-di-sumbar-listrik-hampir-100,"
Senin, 01 Des 2025 19:03 WIB "
Polda Banten Gelar Salat Gaib untuk Korban Bencana di Sumatera,https://news.detik.com/berita/d-8238237/polda-banten-gelar-salat-gaib-untuk-korban-bencana-di-sumatera,"
Senin, 01 Des 2025 19:24 WIB "
"Prabowo Pastikan Percepat Pemulihan Infrastruktur di Aceh, Sumut, & Sumbar",https://news.detik.com/berita/d-8238254/prabowo-pastikan-percepat-pemulihan-infrastruktur-di-aceh-sumut-sumbar,"
Senin, 01 Des 2025 19:36 WIB "
Video Prabowo Janji Perbaiki Jembatan Rusak di Aceh: Kita Punya Anggaran,https://20.detik.com/detikupdate/20251201-251201158/video-prabowo-janji-perbaiki-jembatan-rusak-di-aceh-kita-punya-anggaran,"
Senin, 01 Des 2025 19:53 WIB "
Prabowo Pastikan Perbaikan Rumah-Jembatan Rusak Akibat Bencana Sumatera,https://news.detik.com/berita/d-8238306/prabowo-pastikan-perbaikan-rumah-jembatan-rusak-akibat-bencana-sumatera,"
Senin, 01 Des 2025 20:11 WIB "
"AHY Dorong Percepatan Pemulihan Infrastruktur di Aceh, Sumut & Sumbar",https://news.detik.com/berita/d-8238330/ahy-dorong-percepatan-pemulihan-infrastruktur-di-aceh-sumut-sumbar,"
Senin, 01 Des 2025 20:22 WIB "
Video: Prabowo Bicara soal Penanganan Bencana Sumatera-Aceh,https://20.detik.com/detikupdate/20251201-251201162/video-prabowo-bicara-soal-penanganan-bencana-sumatera-aceh,"
Senin, 01 Des 2025 20:30 WIB "
Pertamina Salurkan Bantuan & Evakuasi Pekerja Terdampak Banjir di Aceh,https://news.detik.com/berita/d-8238436/pertamina-salurkan-bantuan-evakuasi-pekerja-terdampak-banjir-di-aceh,"
Senin, 01 Des 2025 22:03 WIB "
Video: Komisi V DPR Dukung Penetapan Bencana Nasional di Sumatera,https://20.detik.com/detikupdate/20251201-251201171/video-komisi-v-dpr-dukung-penetapan-bencana-nasional-di-sumatera-,"
Senin, 01 Des 2025 22:05 WIB "
Kata BMKG soal Wanti-wanti Cuaca Ekstrem Sebelum Bencana di Sumatera,https://news.detik.com/berita/d-8238451/kata-bmkg-soal-wanti-wanti-cuaca-ekstrem-sebelum-bencana-di-sumatera,"
Senin, 01 Des 2025 22:26 WIB "
Stok BBM untuk Genset RS dan Puskemas di Bener Meriah Aceh Menipis,https://news.detik.com/berita/d-8238454/stok-bbm-untuk-genset-rs-dan-puskemas-di-bener-meriah-aceh-menipis,"
Senin, 01 Des 2025 22:32 WIB "
"Banjir-Longsor di Subulussalam Aceh: 5 Jembatan, 2 Jalan dan 2 SD Rusak",https://news.detik.com/berita/d-8238469/banjir-longsor-di-subulussalam-aceh-5-jembatan-2-jalan-dan-2-sd-rusak,"
Senin, 01 Des 2025 22:42 WIB "
Video: Menteri LH Dalami Dugaan PLTA Jadi Penyebab Banjir Sumatera,https://20.detik.com/detikupdate/20251201-251201174/video-menteri-lh-dalami-dugaan-plta-jadi-penyebab-banjir-sumatera,"
Senin, 01 Des 2025 23:07 WIB "
Video: Komisi V DPR Soroti Penyebab Bencana di Sumatera Akibat Kerusakan Alam,https://20.detik.com/detikupdate/20251201-251201177/video-komisi-v-dpr-soroti-penyebab-bencana-di-sumatera-akibat-kerusakan-alam,"
Senin, 01 Des 2025 23:08 WIB "
4 Kabupaten di Aceh Masih Terisolir Imbas Jalan Putus Dihantam Banjir Bandang,https://news.detik.com/berita/d-8238543/4-kabupaten-di-aceh-masih-terisolir-imbas-jalan-putus-dihantam-banjir-bandang,"
Selasa, 02 Des 2025 06:15 WIB "
Anomali Hujan Sebulan Tumpah dalam Sehari di Sumatera Diungkap BMKG,https://news.detik.com/berita/d-8238545/anomali-hujan-sebulan-tumpah-dalam-sehari-di-sumatera-diungkap-bmkg,"
Selasa, 02 Des 2025 06:30 WIB "
"Muncul Gelondongan Kayu Saat Bencana Sumatera, PKB Kaji Pansus Pembalakan Liar",https://news.detik.com/berita/d-8238550/muncul-gelondongan-kayu-saat-bencana-sumatera-pkb-kaji-pansus-pembalakan-liar,"
Selasa, 02 Des 2025 06:46 WIB "
5 Arahan Prabowo Usai Tinjau Bencana di Sumatera,https://news.detik.com/berita/d-8238560/5-arahan-prabowo-usai-tinjau-bencana-di-sumatera,"
Selasa, 02 Des 2025 07:00 WIB "
"Banjir di Sumatera Berangsur Surut, Gelondongan Kayu Mulai Dievakuasi",https://news.detik.com/berita/d-8238563/banjir-di-sumatera-berangsur-surut-gelondongan-kayu-mulai-dievakuasi,"
Selasa, 02 Des 2025 07:17 WIB "
4 Titik Jalan Aceh Utara-Bener Meriah Dibuka Lagi Usai Longsor,https://news.detik.com/berita/d-8238568/4-titik-jalan-aceh-utara-bener-meriah-dibuka-lagi-usai-longsor,"
Selasa, 02 Des 2025 07:27 WIB "
KLH Bakal Tinjau Ulang Izin 8 Perusahaan di Aceh-Sumut-Sumbar,https://news.detik.com/berita/d-8238397/klh-bakal-tinjau-ulang-izin-8-perusahaan-di-aceh-sumut-sumbar,"
Selasa, 02 Des 2025 07:58 WIB "
Asal Gelondongan Kayu Usai Banjir di Sumut Kini Diusut,https://news.detik.com/berita/d-8238605/asal-gelondongan-kayu-usai-banjir-di-sumut-kini-diusut,"
Selasa, 02 Des 2025 08:29 WIB "
Waka MPR Dorong RUU Pengelolaan Perubahan Iklim: Sejalan Arahan Prabowo,https://news.detik.com/berita/d-8238625/waka-mpr-dorong-ruu-pengelolaan-perubahan-iklim-sejalan-arahan-prabowo,"
Selasa, 02 Des 2025 08:46 WIB "
"Bencana di Sumatera, Waka Komisi IV DPR Usul Panja Penyelamatan Hutan",https://news.detik.com/berita/d-8238649/bencana-di-sumatera-waka-komisi-iv-dpr-usul-panja-penyelamatan-hutan,"
Selasa, 02 Des 2025 09:05 WIB "
Wamendagri Pastikan Pemerintah Penuhi Kebutuhan Korban Bencana di Sumatera,https://news.detik.com/berita/d-8238692/wamendagri-pastikan-pemerintah-penuhi-kebutuhan-korban-bencana-di-sumatera,"
Selasa, 02 Des 2025 09:23 WIB "
"Distribusi Logistik Jadi Prioritas, Bima Arya: Pastikan ke Keluarga Terdampak",https://news.detik.com/berita/d-8238701/distribusi-logistik-jadi-prioritas-bima-arya-pastikan-ke-keluarga-terdampak,"
Selasa, 02 Des 2025 09:35 WIB "
Video: Penampakan Kondisi Banjir-Longsor di Aceh dari Satelit,https://20.detik.com/detikupdate/20251202-251202023/video-penampakan-kondisi-banjir-longsor-di-aceh-dari-satelit,"
Selasa, 02 Des 2025 09:49 WIB "
Tambahan 1.700 Ton Beras Dikirim untuk Bantu Korban Bencana di Aceh,https://news.detik.com/berita/d-8238791/tambahan-1-700-ton-beras-dikirim-untuk-bantu-korban-bencana-di-aceh,"
Selasa, 02 Des 2025 10:26 WIB "
Polda Metro Kirim 17 Ton Beras-Ribuan Selimut untuk Korban Bencana Sumatera,https://news.detik.com/berita/d-8238833/polda-metro-kirim-17-ton-beras-ribuan-selimut-untuk-korban-bencana-sumatera,"
Selasa, 02 Des 2025 10:44 WIB "
Wamensos Pastikan Bantuan Logistik Tersalurkan ke Kutacane Aceh Tenggara,https://news.detik.com/berita/d-8238832/wamensos-pastikan-bantuan-logistik-tersalurkan-ke-kutacane-aceh-tenggara,"
Selasa, 02 Des 2025 10:44 WIB "
"Daftar Daerah Potensi Muncul Bibit Siklon di Akhir Tahun, BMKG Minta Waspada",https://news.detik.com/berita/d-8238889/daftar-daerah-potensi-muncul-bibit-siklon-di-akhir-tahun-bmkg-minta-waspada,"
Selasa, 02 Des 2025 11:13 WIB "
Komisi IX DPR Desak Kemenkes Kirim Dokter-Obat Bantu Korban Bencana Sumatera,https://news.detik.com/berita/d-8238949/komisi-ix-dpr-desak-kemenkes-kirim-dokter-obat-bantu-korban-bencana-sumatera,"
Selasa, 02 Des 2025 11:45 WIB "
Golkar Buka Suara Bupati di Aceh Bilang 'Presiden Seumur Hidup' ke Prabowo,https://news.detik.com/berita/d-8239018/golkar-buka-suara-bupati-di-aceh-bilang-presiden-seumur-hidup-ke-prabowo,"
Selasa, 02 Des 2025 12:14 WIB "
Mensos Ungkap Bantuan Senilai Rp 25 M Disalurkan ke Korban Bencana Sumatera,https://news.detik.com/berita/d-8239069/mensos-ungkap-bantuan-senilai-rp-25-m-disalurkan-ke-korban-bencana-sumatera,"
Selasa, 02 Des 2025 12:44 WIB "
Komisi X DPR Minta Pemerintah Bangun Sekolah Darurat di Wilayah Terdampak Bencana,https://news.detik.com/berita/d-8239106/komisi-x-dpr-minta-pemerintah-bangun-sekolah-darurat-di-wilayah-terdampak-bencana,"
Selasa, 02 Des 2025 13:05 WIB "
Data BNPB Siang Ini: Korban Meninggal Bencana Sumatera Capai 659 Orang,https://news.detik.com/berita/d-8239108/data-bnpb-siang-ini-korban-meninggal-bencana-sumatera-capai-659-orang,"
Selasa, 02 Des 2025 13:06 WIB "
"ASDP Salurkan Bantuan Rp185 Juta untuk Sumatera, Pulihkan Harapan Warga",https://news.detik.com/bangun-indonesia/d-8239113/asdp-salurkan-bantuan-rp185-juta-untuk-sumatera-pulihkan-harapan-warga,"
Selasa, 02 Des 2025 13:10 WIB "
Satgas PKH Bakal Usut Gelondongan Kayu Hanyut-Menumpuk Saat Bencana Sumatera,https://news.detik.com/berita/d-8239120/satgas-pkh-bakal-usut-gelondongan-kayu-hanyut-menumpuk-saat-bencana-sumatera,"
Selasa, 02 Des 2025 13:16 WIB "
Kementerian PU Percepat Perbaikan 14 Jembatan Rusak di Aceh,https://news.detik.com/berita/d-8239148/kementerian-pu-percepat-perbaikan-14-jembatan-rusak-di-aceh,"
Selasa, 02 Des 2025 13:18 WIB "
Mensos Jelaskan Kendala Kirim Bantuan ke Wilayah Terdampak Banjir Sumatera,https://news.detik.com/berita/d-8239316/mensos-jelaskan-kendala-kirim-bantuan-ke-wilayah-terdampak-banjir-sumatera,"
Selasa, 02 Des 2025 14:26 WIB "
Bareskrim Selidiki Asal Gelondongan Kayu Terseret Banjir Sumatera,https://news.detik.com/berita/d-8239346/bareskrim-selidiki-asal-gelondongan-kayu-terseret-banjir-sumatera,"
Selasa, 02 Des 2025 14:33 WIB "
Video: Kepala BNPB Minta Maaf Sebut Bencana Sumatera Cuma Mencekam di Medsos,https://20.detik.com/detikupdate/20251202-251202051/video-kepala-bnpb-minta-maaf-sebut-bencana-sumatera-cuma-mencekam-di-medsos,"
Selasa, 02 Des 2025 14:45 WIB "
Antrean BBM di Banda Aceh Mengular hingga 1 Km Usai Banjir,https://news.detik.com/berita/d-8239375/antrean-bbm-di-banda-aceh-mengular-hingga-1-km-usai-banjir,"
Selasa, 02 Des 2025 14:46 WIB "
Menakar Kekuatan Fiskal RI dalam Penanganan Bencana Nasional,https://news.detik.com/berita/d-8239380/menakar-kekuatan-fiskal-ri-dalam-penanganan-bencana-nasional,"
Selasa, 02 Des 2025 14:48 WIB "
Basarnas Kerahkan Anjing K9 Cari 553 Korban Bencana Sumatera yang Masih Hilang,https://news.detik.com/berita/d-8239444/basarnas-kerahkan-anjing-k9-cari-553-korban-bencana-sumatera-yang-masih-hilang,"
Selasa, 02 Des 2025 15:15 WIB "
"Demokrat Riau Kirim Bantuan 20.000 Paket Sembako ke Sumbar, Sumut & Aceh",https://news.detik.com/berita/d-8239449/demokrat-riau-kirim-bantuan-20-000-paket-sembako-ke-sumbar-sumut-aceh,"
Selasa, 02 Des 2025 15:16 WIB "
Menteri PU Targetkan Truk Kecil Bisa Masuk ke Sibolga Lewat Darat Hari Ini,https://news.detik.com/berita/d-8239507/menteri-pu-targetkan-truk-kecil-bisa-masuk-ke-sibolga-lewat-darat-hari-ini,"
Selasa, 02 Des 2025 15:37 WIB "
Lansia dan Balita Pengungsi Banjir di Bireuen Aceh Mulai Sakit,https://news.detik.com/berita/d-8239514/lansia-dan-balita-pengungsi-banjir-di-bireuen-aceh-mulai-sakit,"
Selasa, 02 Des 2025 15:42 WIB "
Andre Rosiade-Menteri PU Siapkan Percepatan Pemulihan Infrastruktur Sumbar,https://news.detik.com/berita/d-8239562/andre-rosiade-menteri-pu-siapkan-percepatan-pemulihan-infrastruktur-sumbar,"
Selasa, 02 Des 2025 15:56 WIB "
BNPB: Jalur Medan-Aceh Tamiang Mulai Bisa Dilintasi Secara Terbatas,https://news.detik.com/berita/d-8239576/bnpb-jalur-medan-aceh-tamiang-mulai-bisa-dilintasi-secara-terbatas,"
Selasa, 02 Des 2025 16:01 WIB "
"Basarnas: Tak Ada Kata Daerah Terisolasi, Kita Bisa Jangkau Via Udara-Laut",https://news.detik.com/berita/d-8239654/basarnas-tak-ada-kata-daerah-terisolasi-kita-bisa-jangkau-via-udara-laut,"
Selasa, 02 Des 2025 16:24 WIB "
Polri Gelar Layanan Kesehatan Gratis untuk Warga Terdampak Banjir di Aceh,https://news.detik.com/berita/d-8239694/polri-gelar-layanan-kesehatan-gratis-untuk-warga-terdampak-banjir-di-aceh,"
Selasa, 02 Des 2025 16:39 WIB "
Waka MPR Tekankan Pentingnya Semangat Gotong Royong dalam Hadapi Bencana,https://news.detik.com/berita/d-8239697/waka-mpr-tekankan-pentingnya-semangat-gotong-royong-dalam-hadapi-bencana,"
Selasa, 02 Des 2025 16:42 WIB "
"Prabowo Panggil Muzani dan Kepala Badan Logistik Kemhan, Ada Apa?",https://news.detik.com/berita/d-8239810/prabowo-panggil-muzani-dan-kepala-badan-logistik-kemhan-ada-apa,"
Selasa, 02 Des 2025 17:17 WIB "
"Data BNPB Korban Bencana Sumatera Sore Ini: 712 Orang Meninggal, 507 Hilang",https://news.detik.com/berita/d-8239846/data-bnpb-korban-bencana-sumatera-sore-ini-712-orang-meninggal-507-hilang,"
Selasa, 02 Des 2025 17:29 WIB "
"BNPB Ungkap 1,1 Juta Orang Mengungsi Akibat Bencana di Sumatera",https://news.detik.com/berita/d-8239873/bnpb-ungkap-1-1-juta-orang-mengungsi-akibat-bencana-di-sumatera,"
Selasa, 02 Des 2025 17:49 WIB "
"Video Update Korban Banjir-Longsor Aceh: 218 Tewas, 277 Hilang",https://20.detik.com/detikupdate/20251202-251202093/video-update-korban-banjir-longsor-aceh-218-tewas-277-hilang,"
Selasa, 02 Des 2025 18:46 WIB "
Muzani Sebut Gelondongan Kayu di Banjir Sumatera Hasil Tebangan Lama,https://news.detik.com/berita/d-8239969/muzani-sebut-gelondongan-kayu-di-banjir-sumatera-hasil-tebangan-lama,"
Selasa, 02 Des 2025 18:47 WIB "
Muzani Ungkap Prabowo Beri Atensi Serius Pemulihan Bencana di Sumatera-Aceh,https://news.detik.com/berita/d-8239998/muzani-ungkap-prabowo-beri-atensi-serius-pemulihan-bencana-di-sumatera-aceh,"
Selasa, 02 Des 2025 19:12 WIB "
Warga Bogor Gelar Doa Bersama untuk Korban Bencana di Sumatera dan Aceh,https://news.detik.com/berita/d-8240036/warga-bogor-gelar-doa-bersama-untuk-korban-bencana-di-sumatera-dan-aceh,"
Selasa, 02 Des 2025 19:30 WIB "
"Pasok BBM di Sumatera, Pertamina Kerahkan Awak Mobil Tangki Lintas Pulau",https://news.detik.com/berita/d-8240024/pasok-bbm-di-sumatera-pertamina-kerahkan-awak-mobil-tangki-lintas-pulau,"
Selasa, 02 Des 2025 19:46 WIB "
Pupuk Indonesia Kirim Bantuan ke Wilayah Terdampak Banjir di Sumut-Aceh,https://news.detik.com/berita/d-8240094/pupuk-indonesia-kirim-bantuan-ke-wilayah-terdampak-banjir-di-sumut-aceh,"
Selasa, 02 Des 2025 19:59 WIB "
Bantuan Logistik Polda Riau Merapat ke Aceh Melalui Jalur Laut,https://news.detik.com/melindungi-tuah-marwah/d-8240116/bantuan-logistik-polda-riau-merapat-ke-aceh-melalui-jalur-laut,"
Selasa, 02 Des 2025 20:08 WIB "
Prabowo Instruksikan PLN-Pertamina Pulihkan Listrik dan BBM di Wilayah Bencana,https://news.detik.com/berita/d-8240121/prabowo-instruksikan-pln-pertamina-pulihkan-listrik-dan-bbm-di-wilayah-bencana,"
Selasa, 02 Des 2025 20:14 WIB "
Massa Reuni 212 Gelar Salat Gaib untuk Korban Bencana Aceh-Sumatera,https://news.detik.com/berita/d-8240138/massa-reuni-212-gelar-salat-gaib-untuk-korban-bencana-aceh-sumatera,"
Selasa, 02 Des 2025 20:31 WIB "
Muzani Sebut Prabowo Sudah Tahu Penyebab Banjir Bandang di Sumatera,https://news.detik.com/berita/d-8240141/muzani-sebut-prabowo-sudah-tahu-penyebab-banjir-bandang-di-sumatera,"
Selasa, 02 Des 2025 20:34 WIB "
Menteri Agus: Dokumen Keimigrasian Rusak Akibat Bencana Dapat Dispensasi,https://news.detik.com/berita/d-8240169/menteri-agus-dokumen-keimigrasian-rusak-akibat-bencana-dapat-dispensasi,"
Selasa, 02 Des 2025 20:58 WIB "
"KSPSI Gelar Rapimnas di Istora Besok, Akan Dihadiri Keluarga Marsinah",https://news.detik.com/berita/d-8240194/kspsi-gelar-rapimnas-di-istora-besok-akan-dihadiri-keluarga-marsinah,"
Selasa, 02 Des 2025 21:09 WIB "
Video Respons Menteri LH Diajak Tobat oleh Cak Imin: Saya Setuju,https://20.detik.com/detikupdate/20251202-251202113/video-respons-menteri-lh-diajak-tobat-oleh-cak-imin-saya-setuju,"
Selasa, 02 Des 2025 21:22 WIB "
"Video: Logistik Habis, Warga Aceh Ngungsi ke Medan Numpang Pesawat Hercules",https://20.detik.com/detikupdate/20251202-251202111/video-logistik-habis-warga-aceh-ngungsi-ke-medan-numpang-pesawat-hercules,"
Selasa, 02 Des 2025 21:25 WIB "
Alumni Akpol 1990 Kirim Bantuan Untuk Korban Banjir-Longsor Aceh Tamiang,https://news.detik.com/berita/d-8240218/alumni-akpol-1990-kirim-bantuan-untuk-korban-banjir-longsor-aceh-tamiang,"
Selasa, 02 Des 2025 21:26 WIB "
Massa Reuni 212 Minta Pemerintah Tetapkan Bencana Nasional di Aceh-Sumatera,https://news.detik.com/berita/d-8240251/massa-reuni-212-minta-pemerintah-tetapkan-bencana-nasional-di-aceh-sumatera,"
Selasa, 02 Des 2025 21:45 WIB "
Menteri LH Beber Penyebab Batang Toru Tapsel Rusak Parah Usai Diterjang Banjir,https://news.detik.com/berita/d-8240283/menteri-lh-beber-penyebab-batang-toru-tapsel-rusak-parah-usai-diterjang-banjir,"
Selasa, 02 Des 2025 22:05 WIB "
"Dilanda Banjir dan Longsor, Aceh Tamiang Butuh Bantuan Logistik-Listrik",https://news.detik.com/berita/d-8240344/dilanda-banjir-dan-longsor-aceh-tamiang-butuh-bantuan-logistik-listrik,"
Selasa, 02 Des 2025 22:36 WIB "
"Jalur Medan-Aceh Tamiang Mulai Dapat Diakses, Bantuan Dikirim via Udara",https://news.detik.com/berita/d-8240345/jalur-medan-aceh-tamiang-mulai-dapat-diakses-bantuan-dikirim-via-udara,"
Selasa, 02 Des 2025 22:37 WIB "
Dubes Belanda Ucapkan Belasungkawa untuk Korban Bencana Alam di Sumatera,https://news.detik.com/berita/d-8240348/dubes-belanda-ucapkan-belasungkawa-untuk-korban-bencana-alam-di-sumatera,"
Selasa, 02 Des 2025 22:41 WIB "
BNPB Update Korban Bencana Sumatera-Aceh: 744 Orang Meninggal-551 Hilang,https://news.detik.com/berita/d-8240394/bnpb-update-korban-bencana-sumatera-aceh-744-orang-meninggal-551-hilang,"
Selasa, 02 Des 2025 23:48 WIB "
Video: Melihat dari Udara Kondisi Aceh Tamiang Setelah Banjir-Longsor,https://20.detik.com/detikupdate/20251203-251203002/video-melihat-dari-udara-kondisi-aceh-tamiang-setelah-banjir-longsor,"
Rabu, 03 Des 2025 02:50 WIB "
"Video: Update Jumlah Korban Bencana Sumatera, 744 Meninggal-551 Hilang",https://20.detik.com/detikupdate/20251203-251203006/video-update-jumlah-korban-bencana-sumatera-744-meninggal-551-hilang,"
Rabu, 03 Des 2025 04:39 WIB "
Video: Momen Reuni 212 Gelar Salat Gaib untuk Korban Bencana Aceh-Sumatera,https://20.detik.com/detikupdate/20251203-251203004/video-momen-reuni-212-gelar-salat-gaib-untuk-korban-bencana-aceh-sumatera,"
Rabu, 03 Des 2025 04:57 WIB "
Video: Reuni 212 Dukung Pemerintah Tetapkan Bencana Nasional di Sumatera,https://20.detik.com/detikupdate/20251203-251203029/video-reuni-212-dukung-pemerintah-tetapkan-bencana-nasional-di-sumatera,"
Rabu, 03 Des 2025 04:59 WIB "
Bantuan Logistik ke Aceh Tamiang Mulai Dikirim Hari Ini Pakai Heli dan Kapal,https://news.detik.com/berita/d-8240440/bantuan-logistik-ke-aceh-tamiang-mulai-dikirim-hari-ini-pakai-heli-dan-kapal,"
Rabu, 03 Des 2025 05:38 WIB "
Video: TNI Respons Pria Ngaku Diperas saat Mau Kirim Bantuan Banjir Langkat,https://20.detik.com/detikupdate/20251203-251203050/video-tni-respons-pria-ngaku-diperas-saat-mau-kirim-bantuan-banjir-langkat,"
Rabu, 03 Des 2025 06:16 WIB "
Waka MPR Dorong Status Bencana Nasional di Sumatera: Syarat Terpenuhi,https://news.detik.com/berita/d-8240457/waka-mpr-dorong-status-bencana-nasional-di-sumatera-syarat-terpenuhi,"
Rabu, 03 Des 2025 06:20 WIB "
Komisi IX DPR Usul Kemenkes Punya Satgas Nakes Tanggap Bencana,https://news.detik.com/berita/d-8240507/komisi-ix-dpr-usul-kemenkes-punya-satgas-nakes-tanggap-bencana,"
Rabu, 03 Des 2025 07:33 WIB "
Data Terbaru BNPB: Korban Meninggal Bencana Sumatera Capai 753 Orang,https://news.detik.com/berita/d-8240510/data-terbaru-bnpb-korban-meninggal-bencana-sumatera-capai-753-orang,"
Rabu, 03 Des 2025 07:38 WIB "
Korban Bencana Sumatera Butuh Tambahan Dokter,https://news.detik.com/berita/d-8240233/korban-bencana-sumatera-butuh-tambahan-dokter,"
Rabu, 03 Des 2025 07:58 WIB "
Video: Kenapa Harus Peduli untuk Mengembalikan Ekosistem Awal?,https://20.detik.com/detikupdate/20251202-251202064/video-kenapa-harus-peduli-untuk-mengembalikan-ekosistem-awal,"
Rabu, 03 Des 2025 08:03 WIB "
Komisi VIII DPR Dorong Status Bencana Nasional di Sumatera: Korban Meluas,https://news.detik.com/berita/d-8240543/komisi-viii-dpr-dorong-status-bencana-nasional-di-sumatera-korban-meluas,"
Rabu, 03 Des 2025 08:27 WIB "
"Tembus Aceh Tamiang, Kemensos Kirim Logistik dengan Kapal & Helikopter",https://news.detik.com/berita/d-8240563/tembus-aceh-tamiang-kemensos-kirim-logistik-dengan-kapal-helikopter,"
Rabu, 03 Des 2025 08:40 WIB "
Komdigi Dirikan Posko Dukungan Psikososial di Daerah Terdampak Bencana,https://news.detik.com/berita/d-8240568/komdigi-dirikan-posko-dukungan-psikososial-di-daerah-terdampak-bencana,"
Rabu, 03 Des 2025 08:44 WIB "
"Pengungsi di Bireuen Mulai Sakit, Kemenkes Tambah Tim-Logistik Krisis",https://news.detik.com/berita/d-8240594/pengungsi-di-bireuen-mulai-sakit-kemenkes-tambah-tim-logistik-krisis,"
Rabu, 03 Des 2025 09:00 WIB "
"Akses ke Langsa Aceh Terputus, 1,5 Ton Bantuan Dikirim Pakai Heli",https://news.detik.com/berita/d-8240623/akses-ke-langsa-aceh-terputus-1-5-ton-bantuan-dikirim-pakai-heli,"
Rabu, 03 Des 2025 09:25 WIB "
TNI Kirim Bantuan Metode Airdrop untuk Warga Aceh Tamiang yang Terisolasi Banjir,https://news.detik.com/berita/d-8240757/tni-kirim-bantuan-metode-airdrop-untuk-warga-aceh-tamiang-yang-terisolasi-banjir,"
Rabu, 03 Des 2025 10:40 WIB "
Astamaops Salurkan Bantuan di Lhokseumawe: Kapolri Titip Tepat Waktu-Sasaran,https://news.detik.com/berita/d-8240809/astamaops-salurkan-bantuan-di-lhokseumawe-kapolri-titip-tepat-waktu-sasaran,"
Rabu, 03 Des 2025 11:07 WIB "
Polisi Sedot BBM Motornya ke Perahu untuk Evakuasi 3 Jasad Korban Banjir Aceh,https://news.detik.com/berita/d-8240826/polisi-sedot-bbm-motornya-ke-perahu-untuk-evakuasi-3-jasad-korban-banjir-aceh,"
Rabu, 03 Des 2025 11:12 WIB "
"Cak Imin Ajak Tobat Nasuha, Menteri Lingkungan Sadar Belum Sempurna",https://news.detik.com/berita/d-8240839/cak-imin-ajak-tobat-nasuha-menteri-lingkungan-sadar-belum-sempurna,"
Rabu, 03 Des 2025 11:21 WIB "
Bakti BCA Salurkan Bantuan ke Korban Bencana di Medan hingga Langkat,https://news.detik.com/berita/d-8240875/bakti-bca-salurkan-bantuan-ke-korban-bencana-di-medan-hingga-langkat,"
Rabu, 03 Des 2025 11:45 WIB "
"Bantuan Tahap II Polda Riau Meluncur ke Sumbar: Sembako, Tangki Air dan Alat Berat",https://news.detik.com/melindungi-tuah-marwah/d-8240885/bantuan-tahap-ii-polda-riau-meluncur-ke-sumbar-sembako-tangki-air-dan-alat-berat,"
Rabu, 03 Des 2025 11:51 WIB "
Kata BNPB soal Desakan Penetapan Status Bencana Nasional di Sumatera,https://news.detik.com/berita/d-8240998/kata-bnpb-soal-desakan-penetapan-status-bencana-nasional-di-sumatera,"
Rabu, 03 Des 2025 12:27 WIB "
Kemenag Beri Kelonggaran Absensi Mahasiswa-Dosen di PTKI Terdampak Bencana Alam,https://news.detik.com/berita/d-8241078/kemenag-beri-kelonggaran-absensi-mahasiswa-dosen-di-ptki-terdampak-bencana-alam,"
Rabu, 03 Des 2025 13:10 WIB "
"Menteri LH Ungkap Data Pengurangan Hutan di Aceh, Sumbar, dan Sumut",https://news.detik.com/berita/d-8241117/menteri-lh-ungkap-data-pengurangan-hutan-di-aceh-sumbar-dan-sumut,"
Rabu, 03 Des 2025 13:23 WIB "
Anggaran On Call Rp 4 Triliun Bisa untuk Penanganan Bencana di Sumatera,https://news.detik.com/kolom/d-8241139/anggaran-on-call-rp-4-triliun-bisa-untuk-penanganan-bencana-di-sumatera,"
Rabu, 03 Des 2025 13:32 WIB "
"Menteri LH: Jabar Kehilangan Kawasan Lindung 1,2 Juta Ha, Rentan Bencana",https://news.detik.com/berita/d-8241166/menteri-lh-jabar-kehilangan-kawasan-lindung-1-2-juta-ha-rentan-bencana,"
Rabu, 03 Des 2025 13:51 WIB "
Pemerintah Usut Gelondongan Terbawa Banjir di Sumatera Pakai Citra Satelit,https://news.detik.com/berita/d-8241276/pemerintah-usut-gelondongan-terbawa-banjir-di-sumatera-pakai-citra-satelit,"
Rabu, 03 Des 2025 14:28 WIB "
Menanti Gerak Cepat Pemerintah Pusat Tangani Bencana Sumatera,https://news.detik.com/berita/d-8241289/menanti-gerak-cepat-pemerintah-pusat-tangani-bencana-sumatera,"
Rabu, 03 Des 2025 14:35 WIB "
"Ada Potensi Banjir Pesisir hingga 15 Desember, Ini Daftar Wilayahnya",https://news.detik.com/berita/d-8241287/ada-potensi-banjir-pesisir-hingga-15-desember-ini-daftar-wilayahnya,"
Rabu, 03 Des 2025 14:35 WIB "
"Kehabisan Bahan Baku-Gas, SPPG Aceh Beralih ke Bahan Lokal & Briket",https://news.detik.com/berita/d-8241336/kehabisan-bahan-baku-gas-sppg-aceh-beralih-ke-bahan-lokal-briket,"
Rabu, 03 Des 2025 14:52 WIB "
"Muncul Desakan Darurat Bencana Nasional di Sumatera, Ini Kata Menko PMK",https://news.detik.com/berita/d-8241359/muncul-desakan-darurat-bencana-nasional-di-sumatera-ini-kata-menko-pmk,"
Rabu, 03 Des 2025 15:00 WIB "
Gus Ipul soal Gejolak PBNU: Kita Serahkan ke Ulama,https://news.detik.com/berita/d-8241361/gus-ipul-soal-gejolak-pbnu-kita-serahkan-ke-ulama,"
Rabu, 03 Des 2025 15:02 WIB "
Update Data BNPB: Korban Meninggal Bencana Sumatera Tembus 807 Orang,https://news.detik.com/berita/d-8241405/update-data-bnpb-korban-meninggal-bencana-sumatera-tembus-807-orang,"
Rabu, 03 Des 2025 15:18 WIB "
Daftar Peristiwa yang Pernah Ditetapkan Jadi Bencana Nasional,https://news.detik.com/berita/d-8241411/daftar-peristiwa-yang-pernah-ditetapkan-jadi-bencana-nasional,"
Rabu, 03 Des 2025 15:20 WIB "
"Cara Update Bencana di Aceh, Sumut dan Sumbar, Ini Link Resmi BNPB",https://news.detik.com/berita/d-8241453/cara-update-bencana-di-aceh-sumut-dan-sumbar-ini-link-resmi-bnpb,"
Rabu, 03 Des 2025 15:33 WIB "
Wakapolri Ajak Peserta Ojol Kamtibmas di Lampung Doakan Korban Bencana Sumatera,https://news.detik.com/berita/d-8241460/wakapolri-ajak-peserta-ojol-kamtibmas-di-lampung-doakan-korban-bencana-sumatera,"
Rabu, 03 Des 2025 15:36 WIB "
Video: Prabowo Instruksikan Penanganan Bencana Sumatera Jadi Prioritas Nasional,https://20.detik.com/detikupdate/20251203-251203188/video-prabowo-instruksikan-penanganan-bencana-sumatera-jadi-prioritas-nasional,"
Rabu, 03 Des 2025 15:44 WIB "
"Kapolri Buka Rapimnas KSPSI AGN 2025 di Senayan, Dihadiri Ribuan Massa Buruh",https://news.detik.com/berita/d-8241486/kapolri-buka-rapimnas-kspsi-agn-2025-di-senayan-dihadiri-ribuan-massa-buruh,"
Rabu, 03 Des 2025 15:45 WIB "
Menteri LH: Kami Tak Ragu Sanksi Pemda Jika Kebijakannya Perburuk Landscape,https://news.detik.com/berita/d-8241508/menteri-lh-kami-tak-ragu-sanksi-pemda-jika-kebijakannya-perburuk-landscape,"
Rabu, 03 Des 2025 15:56 WIB "
"Bupati Aceh Utara Surati Prabowo, Ngaku Tak Mampu Tangani Bencana",https://news.detik.com/berita/d-8241554/bupati-aceh-utara-surati-prabowo-ngaku-tak-mampu-tangani-bencana,"
Rabu, 03 Des 2025 16:09 WIB "
Kata Mendagri soal Kabar Kepala Daerah Menyerah Tangani Bencana Sumatera,https://news.detik.com/berita/d-8241594/kata-mendagri-soal-kabar-kepala-daerah-menyerah-tangani-bencana-sumatera,"
Rabu, 03 Des 2025 16:24 WIB "
Kemensos Pastikan Bantuan Logistik Sudah Tiba di Aceh Tamiang,https://news.detik.com/berita/d-8241626/kemensos-pastikan-bantuan-logistik-sudah-tiba-di-aceh-tamiang,"
Rabu, 03 Des 2025 16:37 WIB "
Menko PMK Minta Maaf Jika Ada Kekurangan Penanganan Bencana di Sumatera,https://news.detik.com/berita/d-8241670/menko-pmk-minta-maaf-jika-ada-kekurangan-penanganan-bencana-di-sumatera,"
Rabu, 03 Des 2025 16:52 WIB "
KPK Galang Donasi untuk Korban Bencana di Sumatera,https://news.detik.com/berita/d-8241714/kpk-galang-donasi-untuk-korban-bencana-di-sumatera,"
Rabu, 03 Des 2025 17:07 WIB "
Doli Sebut Sejumlah Daerah di Sumatera Tak Sanggup Lagi Tangani Bencana,https://news.detik.com/berita/d-8241742/doli-sebut-sejumlah-daerah-di-sumatera-tak-sanggup-lagi-tangani-bencana,"
Rabu, 03 Des 2025 17:16 WIB "
Seskab Teddy: Kerusakan Lingkungan Memperparah Bencana Sumatera,https://news.detik.com/berita/d-8241756/seskab-teddy-kerusakan-lingkungan-memperparah-bencana-sumatera,"
Rabu, 03 Des 2025 17:26 WIB "
"Video: Puluhan Ribu Hektare Hutan di Aceh, Sumut dan Sumbar Hilang",https://20.detik.com/detik-sore/20251203-251203198/video-puluhan-ribu-hektare-hutan-di-aceh-sumut-dan-sumbar-hilang,"
Rabu, 03 Des 2025 17:30 WIB "
Video: Akankah Musibah di Sumatera Jadi Bencana Nasional? Ini Kata Pratikno,https://20.detik.com/detikupdate/20251203-251203197/video-akankah-musibah-di-sumatera-jadi-bencana-nasional-ini-kata-pratikno,"
Rabu, 03 Des 2025 17:36 WIB "
"Wakapolri Tiba di Aceh Tamiang, Cek Kebutuhan Para Pengungsi",https://news.detik.com/berita/d-8241814/wakapolri-tiba-di-aceh-tamiang-cek-kebutuhan-para-pengungsi,"
Rabu, 03 Des 2025 17:52 WIB "
"BNPB Koreksi Data Korban Bencana Sumatera: Meninggal 770 Orang, 463 Hilang",https://news.detik.com/berita/d-8241876/bnpb-koreksi-data-korban-bencana-sumatera-meninggal-770-orang-463-hilang,"
Rabu, 03 Des 2025 18:13 WIB "
Video: Mendagri soal Kabar Kepala Daerah Menyerah Tangani Bencana,https://20.detik.com/detikupdate/20251203-251203201/video-mendagri-soal-kabar-kepala-daerah-menyerah-tangani-bencana-,"
Rabu, 03 Des 2025 18:22 WIB "
"Komisi XIII DPR: Pemprov Tak Kuat Tangani Bencana, Perlu Tangan Pusat",https://news.detik.com/berita/d-8241907/komisi-xiii-dpr-pemprov-tak-kuat-tangani-bencana-perlu-tangan-pusat,"
Rabu, 03 Des 2025 18:24 WIB "
Komisi VIII DPR Cerita Banyak Mayat Korban Banjir Sumatera Belum Terjamah,https://news.detik.com/berita/d-8242073/komisi-viii-dpr-cerita-banyak-mayat-korban-banjir-sumatera-belum-terjamah,"
Rabu, 03 Des 2025 19:40 WIB "
Andre Rosiade Kembali Serahkan Bantuan untuk Korban Banjir Bandang Sumbar,https://news.detik.com/berita/d-8242124/andre-rosiade-kembali-serahkan-bantuan-untuk-korban-banjir-bandang-sumbar,"
Rabu, 03 Des 2025 20:09 WIB "
Momen Kunjungan Wakapolri Buat Haru Istri Bupati Aceh Tamiang,https://news.detik.com/berita/d-8242144/momen-kunjungan-wakapolri-buat-haru-istri-bupati-aceh-tamiang,"
Rabu, 03 Des 2025 20:27 WIB "
BRI Salurkan Bantuan untuk Warga Terdampak Bencana di Sumut-Sumbar,https://news.detik.com/berita/d-8242148/bri-salurkan-bantuan-untuk-warga-terdampak-bencana-di-sumut-sumbar,"
Rabu, 03 Des 2025 20:31 WIB "
Golkar Desak Banjir Sumatera Jadi Bencana Nasional: Dampaknya Begitu Luas,https://news.detik.com/berita/d-8242149/golkar-desak-banjir-sumatera-jadi-bencana-nasional-dampaknya-begitu-luas,"
Rabu, 03 Des 2025 20:31 WIB "
Ragam Komentar Usai Cak Imin Ajak Tobat Nasuha karena Bencana Sumatera,https://news.detik.com/berita/d-8242229/ragam-komentar-usai-cak-imin-ajak-tobat-nasuha-karena-bencana-sumatera,"
Rabu, 03 Des 2025 21:07 WIB "
Puan Sebut DPR Siap Sinergi Evaluasi Penyebab Bencana Aceh-Sumatera,https://news.detik.com/berita/d-8242269/puan-sebut-dpr-siap-sinergi-evaluasi-penyebab-bencana-aceh-sumatera,"
Rabu, 03 Des 2025 21:49 WIB "
"Kelangkaan LPG-BBM Lumpuhkan Layanan Publik, Anggota DPR Minta Aksi Cepat",https://news.detik.com/berita/d-8242286/kelangkaan-lpg-bbm-lumpuhkan-layanan-publik-anggota-dpr-minta-aksi-cepat,"
Rabu, 03 Des 2025 21:55 WIB "
Komisi IV DPR Minta Pemerintah Evaluasi Skema Pemanfaatan Kawasan Hutan,https://news.detik.com/berita/d-8242288/komisi-iv-dpr-minta-pemerintah-evaluasi-skema-pemanfaatan-kawasan-hutan,"
Rabu, 03 Des 2025 21:57 WIB "
"Sungai Ombilin Sumbar Membiru Bak di Swiss Meski Banjir, Jadi Tontonan Warga",https://news.detik.com/berita/d-8242290/sungai-ombilin-sumbar-membiru-bak-di-swiss-meski-banjir-jadi-tontonan-warga,"
Rabu, 03 Des 2025 21:59 WIB "
"Puan Dorong Evaluasi Bantuan Lewat Helikopter, Ingatkan Pejabat Harus Empati",https://news.detik.com/berita/d-8242301/puan-dorong-evaluasi-bantuan-lewat-helikopter-ingatkan-pejabat-harus-empati,"
Rabu, 03 Des 2025 22:10 WIB "
"Dirjen Adwil Turun ke Rembele, Pastikan Bantuan Cepat Tersalur",https://news.detik.com/berita/d-8242306/dirjen-adwil-turun-ke-rembele-pastikan-bantuan-cepat-tersalur,"
Rabu, 03 Des 2025 22:18 WIB "
Puan Pastikan DPR Terima Masukan Terkait Perkembangan Bencana di Sumatera,https://news.detik.com/berita/d-8242304/puan-pastikan-dpr-terima-masukan-terkait-perkembangan-bencana-di-sumatera,"
Rabu, 03 Des 2025 22:21 WIB "
Asih dan Warga Aceh Tamiang Semringah Wakapolri Datang-Beri Bantuan Makanan,https://news.detik.com/berita/d-8242307/asih-dan-warga-aceh-tamiang-semringah-wakapolri-datang-beri-bantuan-makanan,"
Rabu, 03 Des 2025 22:21 WIB "
Menko PMK Targetkan Rehabilitasi Dampak Bencana di Sumatera dalam 100 Hari,https://news.detik.com/berita/d-8242330/menko-pmk-targetkan-rehabilitasi-dampak-bencana-di-sumatera-dalam-100-hari,"
Rabu, 03 Des 2025 22:54 WIB "
"Kakorlantas Mobilisasi Jajaran, Bantu Wilayah Terdampak Bencana Demi Kemanusiaan",https://news.detik.com/berita/d-8242350/kakorlantas-mobilisasi-jajaran-bantu-wilayah-terdampak-bencana-demi-kemanusiaan,"
Rabu, 03 Des 2025 23:40 WIB "
"Golkar Galang Donasi Rp 2,7 Miliar untuk Korban Bencana di Sumatera-Aceh",https://news.detik.com/berita/d-8242362/golkar-galang-donasi-rp-2-7-miliar-untuk-korban-bencana-di-sumatera-aceh,"
Kamis, 04 Des 2025 01:07 WIB "
BMKG Prediksi Jakarta Berpotensi Diguyur Hujan Sepekan ke Depan,https://news.detik.com/berita/d-8242397/bmkg-prediksi-jakarta-berpotensi-diguyur-hujan-sepekan-ke-depan,"
Kamis, 04 Des 2025 05:33 WIB "
Video: Misteri Kayu-kayu Gelondongan yang Hanyut Bersama Banjir di Sumatera,https://20.detik.com/detikupdate/20251203-251203223/video-misteri-kayu-kayu-gelondongan-yang-hanyut-bersama-banjir-di-sumatera,"
Kamis, 04 Des 2025 05:44 WIB "
Update Terbaru BNPB Korban Bencana Aceh-Sumatera: 780 Orang Tewas-564 Hilang,https://news.detik.com/berita/d-8242412/update-terbaru-bnpb-korban-bencana-aceh-sumatera-780-orang-tewas-564-hilang,"
Kamis, 04 Des 2025 06:37 WIB "
Video: Gibran Terbang ke Sumatera Tinjau Lokasi Terdampak Bencana,https://20.detik.com/detikupdate/20251204-251204083/video-gibran-terbang-ke-sumatera-tinjau-lokasi-terdampak-bencana,"
Kamis, 04 Des 2025 07:00 WIB "
Asal-usul Gelondongan Kayu Hanyut di Sumatera Mulai Diusut,https://news.detik.com/berita/d-8242421/asal-usul-gelondongan-kayu-hanyut-di-sumatera-mulai-diusut,"
Kamis, 04 Des 2025 07:04 WIB "
"Kakorlantas Moratorium Penindakan di Wilayah Bencana, Kerahkan Jajaran Bantu Masyarakat",https://news.detik.com/berita/d-8242435/kakorlantas-moratorium-penindakan-di-wilayah-bencana-kerahkan-jajaran-bantu-masyarakat,"
Kamis, 04 Des 2025 07:20 WIB "
"Banjir Sumatera Belum Ditetapkan Jadi Bencana Nasional, Apa Alasannya?",https://news.detik.com/berita/d-8242233/banjir-sumatera-belum-ditetapkan-jadi-bencana-nasional-apa-alasannya,"
Kamis, 04 Des 2025 07:58 WIB "
Wamensos Kawal Langsung Pengiriman Bantuan Korban Banjir di Aceh Tamiang,https://news.detik.com/berita/d-8242472/wamensos-kawal-langsung-pengiriman-bantuan-korban-banjir-di-aceh-tamiang,"
Kamis, 04 Des 2025 07:59 WIB "
Wamensos Pimpin Penyaluran Bantuan Logistik ke Korban Banjir Aceh Tamiang,https://news.detik.com/berita/d-8242474/wamensos-pimpin-penyaluran-bantuan-logistik-ke-korban-banjir-aceh-tamiang,"
Kamis, 04 Des 2025 08:01 WIB "
Pemprov Banten Salurkan Bantuan Rp 3 Miliar & Logistik ke Sumatera-Aceh,https://news.detik.com/berita/d-8242513/pemprov-banten-salurkan-bantuan-rp-3-miliar-logistik-ke-sumatera-aceh,"
Kamis, 04 Des 2025 08:10 WIB "
Andre Rosiade Dampingi Wapres Gibran Kunjungi Korban Banjir Bandang di Sumbar,https://news.detik.com/berita/d-8242514/andre-rosiade-dampingi-wapres-gibran-kunjungi-korban-banjir-bandang-di-sumbar,"
Kamis, 04 Des 2025 08:10 WIB "
Wapres Gibran Kunjungi Posko Pengungsi Banjir Bandang di Kabupaten Agam Sumbar,https://news.detik.com/berita/d-8242552/wapres-gibran-kunjungi-posko-pengungsi-banjir-bandang-di-kabupaten-agam-sumbar,"
Kamis, 04 Des 2025 08:56 WIB "
"13 Jembatan Putus, Tim Gabungan Terus Buka Jalur Bantuan Bencana di Aceh Timur",https://news.detik.com/berita/d-8242754/13-jembatan-putus-tim-gabungan-terus-buka-jalur-bantuan-bencana-di-aceh-timur,"
Kamis, 04 Des 2025 11:15 WIB "
Video: Polri Fokus Kirim Bantuan ke Aceh Tamiang Daerah yang  Lumpuh Total,https://20.detik.com/detikupdate/20251204-251204113/video-polri-fokus-kirim-bantuan-ke-aceh-tamiang-daerah-yang--lumpuh-total,"
Kamis, 04 Des 2025 11:24 WIB "
"Muzani: Kami Monitor Bupati di Sumatera, Kondisi Bencana Tertangani Baik",https://news.detik.com/berita/d-8242860/muzani-kami-monitor-bupati-di-sumatera-kondisi-bencana-tertangani-baik,"
Kamis, 04 Des 2025 12:09 WIB "
Anggota DPR Pesan Jangan Tebang Pilih Usut Gelondongan di Bencana Sumatera,https://news.detik.com/berita/d-8242882/anggota-dpr-pesan-jangan-tebang-pilih-usut-gelondongan-di-bencana-sumatera,"
Kamis, 04 Des 2025 12:20 WIB "
Polri Apresiasi Masyarakat dan Relawan Kirim Bantuan Bencana ke Sumatera,https://news.detik.com/berita/d-8242938/polri-apresiasi-masyarakat-dan-relawan-kirim-bantuan-bencana-ke-sumatera,"
Kamis, 04 Des 2025 12:50 WIB "
Polri Bantu Ferry Irwandi dan Jovi Kirim Bantuan untuk Korban Bencana di Sumatera,https://news.detik.com/berita/d-8242943/polri-bantu-ferry-irwandi-dan-jovi-kirim-bantuan-untuk-korban-bencana-di-sumatera,"
Kamis, 04 Des 2025 12:53 WIB "
Kondisi Terkini di Aceh Tamiang: Kampung Hancur dan Bau Menyengat,https://news.detik.com/berita/d-8243077/kondisi-terkini-di-aceh-tamiang-kampung-hancur-dan-bau-menyengat,"
Kamis, 04 Des 2025 13:58 WIB "
"Rapat Bareng Raja Juli, Titiek Singgung Hutan Gundul di Bencana Sumatera",https://news.detik.com/berita/d-8243080/rapat-bareng-raja-juli-titiek-singgung-hutan-gundul-di-bencana-sumatera,"
Kamis, 04 Des 2025 14:00 WIB "
Wakapolri: Kepolisian di Aceh Tamiang Kerja Maksimal dalam Segala Keterbatasan,https://news.detik.com/berita/d-8243153/wakapolri-kepolisian-di-aceh-tamiang-kerja-maksimal-dalam-segala-keterbatasan,"
Kamis, 04 Des 2025 14:31 WIB "
Polri Kerahkan Heli Kargo Kapasitas 650 Kg untuk Angkut Bantuan ke Aceh,https://news.detik.com/berita/d-8243176/polri-kerahkan-heli-kargo-kapasitas-650-kg-untuk-angkut-bantuan-ke-aceh,"
Kamis, 04 Des 2025 14:40 WIB "
Hakim MK Singgung Pernyataan Kepala BNPB soal Bencana di Sumatera: Saya Sedih,https://news.detik.com/berita/d-8243177/hakim-mk-singgung-pernyataan-kepala-bnpb-soal-bencana-di-sumatera-saya-sedih,"
Kamis, 04 Des 2025 14:40 WIB "
Telisik Sumber Bencana di Sumatera!,https://news.detik.com/berita/d-8243135/telisik-sumber-bencana-di-sumatera,"
Kamis, 04 Des 2025 14:45 WIB "
"Di DPR, Raja Juli Bicara Investigasi Kayu Gelondongan di Bencana Sumatera",https://news.detik.com/berita/d-8243186/di-dpr-raja-juli-bicara-investigasi-kayu-gelondongan-di-bencana-sumatera,"
Kamis, 04 Des 2025 14:47 WIB "
Raja Juli soal Bencana Sumatera: Melecut Saya untuk Evaluasi Menyeluruh,https://news.detik.com/berita/d-8243234/raja-juli-soal-bencana-sumatera-melecut-saya-untuk-evaluasi-menyeluruh,"
Kamis, 04 Des 2025 15:03 WIB "
Menhut Ungkap 12 Perusahaan di Sumut Terindikasi Jadi Penyebab Banjir,https://news.detik.com/berita/d-8243349/menhut-ungkap-12-perusahaan-di-sumut-terindikasi-jadi-penyebab-banjir,"
Kamis, 04 Des 2025 15:40 WIB "
"Di Depan Raja Juli, Anggota DPR Contohkan Menteri yang Mundur gegara Bencana",https://news.detik.com/berita/d-8243414/di-depan-raja-juli-anggota-dpr-contohkan-menteri-yang-mundur-gegara-bencana,"
Kamis, 04 Des 2025 16:03 WIB "
Bantuan Polri Jangkau Desa Paya Bedi Aceh Tamiang,https://news.detik.com/berita/d-8243442/bantuan-polri-jangkau-desa-paya-bedi-aceh-tamiang,"
Kamis, 04 Des 2025 16:09 WIB "
"Seleksi Petugas Haji di Sumut-Sumbar-Aceh Ditunda, Pelunasan Dilonggarkan",https://news.detik.com/berita/d-8243477/seleksi-petugas-haji-di-sumut-sumbar-aceh-ditunda-pelunasan-dilonggarkan,"
Kamis, 04 Des 2025 16:24 WIB "
"Tinjau Dapur Umum, Gus Ipul Puji Gotong Royong Warga Hadapi Banjir Aceh",https://news.detik.com/berita/d-8243495/tinjau-dapur-umum-gus-ipul-puji-gotong-royong-warga-hadapi-banjir-aceh,"
Kamis, 04 Des 2025 16:34 WIB "
2025 Jadi Momentum DPR RI Percepat Transformasi Merespons Kritik Publik,https://news.detik.com/berita/d-8243543/2025-jadi-momentum-dpr-ri-percepat-transformasi-merespons-kritik-publik,"
Kamis, 04 Des 2025 16:56 WIB "
Cerita Warga Aceh Tamiang Bertahan di Derasnya Banjir Setinggi 3 Meter,https://news.detik.com/berita/d-8243551/cerita-warga-aceh-tamiang-bertahan-di-derasnya-banjir-setinggi-3-meter,"
Kamis, 04 Des 2025 17:01 WIB "
Mendes Ungkap Sejumlah Desa Hilang Disapu Banjir Bandang di Sumatera,https://news.detik.com/berita/d-8243606/mendes-ungkap-sejumlah-desa-hilang-disapu-banjir-bandang-di-sumatera,"
Kamis, 04 Des 2025 17:24 WIB "
Bobby Ungkap Kondisi Terkini Sibolga-Tapteng Usai Banjir,https://news.detik.com/berita/d-8243617/bobby-ungkap-kondisi-terkini-sibolga-tapteng-usai-banjir,"
Kamis, 04 Des 2025 17:27 WIB "
"Korban Meninggal Bencana Sumatera Bertambah Jadi 836 Orang, 518 Hilang",https://news.detik.com/berita/d-8243664/korban-meninggal-bencana-sumatera-bertambah-jadi-836-orang-518-hilang,"
Kamis, 04 Des 2025 17:41 WIB "
Gerindra Usul Bentuk Badan Rehabilitasi-Rekonstruksi Bencana Sumatera,https://news.detik.com/berita/d-8243740/gerindra-usul-bentuk-badan-rehabilitasi-rekonstruksi-bencana-sumatera,"
Kamis, 04 Des 2025 18:13 WIB "
"Jalur Darat ke Aceh Tamiang Sudah Bisa Ditembus, Pasokan BBM Meluncur",https://news.detik.com/berita/d-8243787/jalur-darat-ke-aceh-tamiang-sudah-bisa-ditembus-pasokan-bbm-meluncur,"
Kamis, 04 Des 2025 18:40 WIB "
Titiek Tampilkan Video Kayu Gelondong Terbawa Banjir di DPR: Sudah Cukup!,https://news.detik.com/berita/d-8243803/titiek-tampilkan-video-kayu-gelondong-terbawa-banjir-di-dpr-sudah-cukup,"
Kamis, 04 Des 2025 18:45 WIB "
Raja Juli Jawab Anggota DPR Singgung Menteri Mundur: Saya Siap Dievaluasi,https://news.detik.com/berita/d-8243817/raja-juli-jawab-anggota-dpr-singgung-menteri-mundur-saya-siap-dievaluasi,"
Kamis, 04 Des 2025 18:55 WIB "
"Wakapolri Temui Keluarga Korban Tewas Banjir Sumbar, Sampaikan Duka Cita",https://news.detik.com/berita/d-8243832/wakapolri-temui-keluarga-korban-tewas-banjir-sumbar-sampaikan-duka-cita,"
Kamis, 04 Des 2025 19:14 WIB "
Komisi IV DPR Bentuk Panja Alih Fungsi Lahan Buntut Bencana di Sumatera,https://news.detik.com/berita/d-8243893/komisi-iv-dpr-bentuk-panja-alih-fungsi-lahan-buntut-bencana-di-sumatera,"
Kamis, 04 Des 2025 19:47 WIB "
Kapolri-Menhut Bentuk Satgas Gabungan Usut Kayu Gelondong di Banjir Sumatera,https://news.detik.com/berita/d-8243940/kapolri-menhut-bentuk-satgas-gabungan-usut-kayu-gelondong-di-banjir-sumatera,"
Kamis, 04 Des 2025 20:23 WIB "
Kapolri Sudah Kerahkan Tim Pastikan Gerak Cepat Usut Kayu Gelondongan di Sumatera,https://news.detik.com/berita/d-8243950/kapolri-sudah-kerahkan-tim-pastikan-gerak-cepat-usut-kayu-gelondongan-di-sumatera,"
Kamis, 04 Des 2025 20:32 WIB "
Titiek Soeharto Minta Pengusaha Setop Tebang Pohon: Cari Makan Tempat Lain!,https://news.detik.com/berita/d-8243960/titiek-soeharto-minta-pengusaha-setop-tebang-pohon-cari-makan-tempat-lain,"
Kamis, 04 Des 2025 20:37 WIB "
"Lapas-Rutan di Sumut Masih Terendam, KemenImipas Utamakan Perawatan Tahanan",https://news.detik.com/berita/d-8243963/lapas-rutan-di-sumut-masih-terendam-kemenimipas-utamakan-perawatan-tahanan,"
Kamis, 04 Des 2025 20:39 WIB "
Dialog MPR-Liga Muslim Dunia Tegaskan Pancasila untuk Harmoni Global,https://news.detik.com/berita/d-8244108/dialog-mpr-liga-muslim-dunia-tegaskan-pancasila-untuk-harmoni-global,"
Kamis, 04 Des 2025 22:24 WIB "
Wamensos Tinjau Dapur Umum-Salurkan Bantuan buat Korban Banjir di Langkat,https://news.detik.com/berita/d-8244111/wamensos-tinjau-dapur-umum-salurkan-bantuan-buat-korban-banjir-di-langkat,"
Kamis, 04 Des 2025 22:28 WIB "
"Menhut Klaim Deforestasi Turun di Aceh, Sumut dan Sumbar Dibanding 2024",https://news.detik.com/berita/d-8244126/menhut-klaim-deforestasi-turun-di-aceh-sumut-dan-sumbar-dibanding-2024,"
Kamis, 04 Des 2025 23:01 WIB "
Warga Jalan Kaki Berjam-jam Keluar dari Bener Meriah karena Logistik Menipis,https://news.detik.com/berita/d-8244134/warga-jalan-kaki-berjam-jam-keluar-dari-bener-meriah-karena-logistik-menipis,"
Kamis, 04 Des 2025 23:29 WIB "
Mualem Usai Tinjau Daerah Banjir di Aceh: Kita Masih Kewalahan Air Bersih-LPG,https://news.detik.com/berita/d-8244153/mualem-usai-tinjau-daerah-banjir-di-aceh-kita-masih-kewalahan-air-bersih-lpg,"
Jumat, 05 Des 2025 00:14 WIB "
"Video: Bahlil Sebut Banjir di Sumbar Bukan karena Tambang, Aceh-Sumut Masih Dicek",https://20.detik.com/detikupdate/20251205-251205004/video-bahlil-sebut-banjir-di-sumbar-bukan-karena-tambang-aceh-sumut-masih-dicek,"
Jumat, 05 Des 2025 01:57 WIB "
Video Hakim MK Sentil Kepala BNPB soal Bencana Sumatera Mencekam di Medsos,https://20.detik.com/detikupdate/20251205-251205005/video-hakim-mk-sentil-kepala-bnpb-soal-bencana-sumatera-mencekam-di-medsos,"
Jumat, 05 Des 2025 02:42 WIB "
Bhara Daksa Akpol 91 Kirim Bantuan ke Korban Bencana Sumatera,https://news.detik.com/berita/d-8244228/bhara-daksa-akpol-91-kirim-bantuan-ke-korban-bencana-sumatera,"
Jumat, 05 Des 2025 07:11 WIB "
Anggota DPR Soal Kerusakan Hutan: Menhut Raja Juli Kebagian Cuci Piring,https://news.detik.com/berita/d-8244234/anggota-dpr-soal-kerusakan-hutan-menhut-raja-juli-kebagian-cuci-piring,"
Jumat, 05 Des 2025 07:28 WIB "
Bupati Aceh Tamiang Bantah Isu 250 Warga di Satu Desa Meninggal Akibat Banjir,https://news.detik.com/berita/d-8244239/bupati-aceh-tamiang-bantah-isu-250-warga-di-satu-desa-meninggal-akibat-banjir,"
Jumat, 05 Des 2025 07:42 WIB "
Asal-usul Gelondongan Kayu di Banjir Sumatera Mulai Diusut,https://news.detik.com/berita/d-8244016/asal-usul-gelondongan-kayu-di-banjir-sumatera-mulai-diusut,"
Jumat, 05 Des 2025 07:58 WIB "
"Kemenbud Galang Rp 1,5 M untuk Bantu Pemulihan Cagar Budaya di Sumatera",https://news.detik.com/berita/d-8244269/kemenbud-galang-rp-1-5-m-untuk-bantu-pemulihan-cagar-budaya-di-sumatera,"
Jumat, 05 Des 2025 08:19 WIB "
"Dapur Lapangan Brimob Tembus Aceh Tamiang, Layani Makan 100 Pengungsi",https://news.detik.com/berita/d-8244273/dapur-lapangan-brimob-tembus-aceh-tamiang-layani-makan-100-pengungsi,"
Jumat, 05 Des 2025 08:25 WIB "
Gubernur Aceh Mualem: Banjir dan Longsor Ini Tsunami Kedua,https://news.detik.com/berita/d-8244309/gubernur-aceh-mualem-banjir-dan-longsor-ini-tsunami-kedua,"
Jumat, 05 Des 2025 08:46 WIB "
Kisah Bayi Fathan Selamat dari Maut Galodo Usai Tersangkut Pohon,https://news.detik.com/berita/d-8244350/kisah-bayi-fathan-selamat-dari-maut-galodo-usai-tersangkut-pohon,"
Jumat, 05 Des 2025 09:11 WIB "
"Video: Pascabanjir, Warga Bireuen Aceh Bertahan di Tengah Kegelapan",https://20.detik.com/deutsche-welle-news/20251205-251205049/video-pascabanjir-warga-bireuen-aceh-bertahan-di-tengah-kegelapan,"
Jumat, 05 Des 2025 10:06 WIB "
Siklon Senyar dan Ritual 'Kaget' yang (Selalu) Kita Ulangi,https://news.detik.com/kolom/d-8243611/siklon-senyar-dan-ritual-kaget-yang-selalu-kita-ulangi,"
Jumat, 05 Des 2025 10:34 WIB "
"Warga Terdampak Bencana Sumatera Mulai Terjangkit Penyakit, Kemenkes Tangani",https://news.detik.com/berita/d-8244531/warga-terdampak-bencana-sumatera-mulai-terjangkit-penyakit-kemenkes-tangani,"
Jumat, 05 Des 2025 11:00 WIB "
Layar Monitor yang Membawa Kebahagiaan Warga Terisolir Bencana Agam,https://news.detik.com/berita/d-8244568/layar-monitor-yang-membawa-kebahagiaan-warga-terisolir-bencana-agam,"
Jumat, 05 Des 2025 11:18 WIB "
"Bamsoet Serukan Elite Politik Tak Adu Opini, Fokus Salurkan Bantuan",https://news.detik.com/berita/d-8244593/bamsoet-serukan-elite-politik-tak-adu-opini-fokus-salurkan-bantuan,"
Jumat, 05 Des 2025 11:28 WIB "
"Menteri Imipas: Lapas Aceh Tamiang Banjir Seatap, Terpaksa Warga Binaan Dilepas",https://news.detik.com/berita/d-8244616/menteri-imipas-lapas-aceh-tamiang-banjir-seatap-terpaksa-warga-binaan-dilepas,"
Jumat, 05 Des 2025 11:37 WIB "
Gubernur Mualem: Bupati Cengeng Hadapi Musibah Lebih Baik Mundur!,https://news.detik.com/berita/d-8244617/gubernur-mualem-bupati-cengeng-hadapi-musibah-lebih-baik-mundur,"
Jumat, 05 Des 2025 11:38 WIB "
Komisi V DPR Desak Pemerintah Perbaiki Infrastruktur Pascabanjir Sumatera,https://news.detik.com/berita/d-8244687/komisi-v-dpr-desak-pemerintah-perbaiki-infrastruktur-pascabanjir-sumatera,"
Jumat, 05 Des 2025 12:11 WIB "
Jejak Lumpur Sisa Banjir di Aceh Timur Sampai Setinggi Atap,https://news.detik.com/berita/d-8244882/jejak-lumpur-sisa-banjir-di-aceh-timur-sampai-setinggi-atap,"
Jumat, 05 Des 2025 13:56 WIB "
"Dapur Lapangan Brimob Tembus Aceh Tamiang, Jamin Pasok Makanan Pengungsi",https://news.detik.com/berita/d-8244948/dapur-lapangan-brimob-tembus-aceh-tamiang-jamin-pasok-makanan-pengungsi,"
Jumat, 05 Des 2025 14:27 WIB "
"Korban Tewas Bencana di Sumatera Bertambah Jadi 846 Orang, 547 Masih Hilang",https://news.detik.com/berita/d-8244986/korban-tewas-bencana-di-sumatera-bertambah-jadi-846-orang-547-masih-hilang,"
Jumat, 05 Des 2025 14:39 WIB "
Menengarai Sumber Bencana Sumatera Hingga Dorongan Mundur Bagi Raja Juli,https://news.detik.com/berita/d-8244989/menengarai-sumber-bencana-sumatera-hingga-dorongan-mundur-bagi-raja-juli,"
Jumat, 05 Des 2025 14:41 WIB "
Video Warga Aceh soal Banjir: Ini Lebih Dahsyat daripada Tsunami,https://20.detik.com/detikupdate/20251205-251205077/video-warga-aceh-soal-banjir-ini-lebih-dahsyat-daripada-tsunami,"
Jumat, 05 Des 2025 15:01 WIB "
Video: Geger Isu 250 Orang di Desa Aceh Tamiang Meninggal Akibat Banjir,https://20.detik.com/detikupdate/20251205-251205074/video-geger-isu-250-orang-di-desa-aceh-tamiang-meninggal-akibat-banjir,"
Jumat, 05 Des 2025 15:08 WIB "
"Viral Bupati Aceh Selatan Umrah Saat Bencana Melanda, Pemkab Buka Suara",https://news.detik.com/berita/d-8245148/viral-bupati-aceh-selatan-umrah-saat-bencana-melanda-pemkab-buka-suara,"
Jumat, 05 Des 2025 15:31 WIB "
Cerita Relawan soal Gelondongan Kayu Bernomor di Lokasi Banjir Aceh,https://news.detik.com/berita/d-8245180/cerita-relawan-soal-gelondongan-kayu-bernomor-di-lokasi-banjir-aceh,"
Jumat, 05 Des 2025 15:47 WIB "
Pemerintah Digugat Tetapkan Status Bencana Nasional Terkait Banjir Sumatera,https://news.detik.com/berita/d-8245239/pemerintah-digugat-tetapkan-status-bencana-nasional-terkait-banjir-sumatera,"
Jumat, 05 Des 2025 16:13 WIB "
Bantuan Kemensos untuk Korban Banjir Tersalurkan ke 9 Daerah di Aceh,https://news.detik.com/berita/d-8245290/bantuan-kemensos-untuk-korban-banjir-tersalurkan-ke-9-daerah-di-aceh,"
Jumat, 05 Des 2025 16:25 WIB "
30 Ton Bantuan Korban Bencana Sumatera dari KemenImipas Dikirim Via Kapal TNI AL,https://news.detik.com/berita/d-8245300/30-ton-bantuan-korban-bencana-sumatera-dari-kemenimipas-dikirim-via-kapal-tni-al,"
Jumat, 05 Des 2025 16:30 WIB "
Merawat Ingatan Kolektif Kita atas Bencana,https://news.detik.com/kolom/d-8243618/merawat-ingatan-kolektif-kita-atas-bencana,"
Jumat, 05 Des 2025 16:30 WIB "
Erick Thohir Jelaskan soal Viral Kirim Bantuan Alat Olahraga ke Sumatera,https://news.detik.com/berita/d-8245305/erick-thohir-jelaskan-soal-viral-kirim-bantuan-alat-olahraga-ke-sumatera,"
Jumat, 05 Des 2025 16:32 WIB "
"Satgas PKH Terjun ke Sumatera, Usut Dugaan Pembalakan Liar Penyebab Banjir",https://news.detik.com/berita/d-8245330/satgas-pkh-terjun-ke-sumatera-usut-dugaan-pembalakan-liar-penyebab-banjir,"
Jumat, 05 Des 2025 16:37 WIB "
Kementerian P2MI Galang Donasi untuk Korban Bencana Alam di Sumatera,https://news.detik.com/berita/d-8245364/kementerian-p2mi-galang-donasi-untuk-korban-bencana-alam-di-sumatera,"
Jumat, 05 Des 2025 16:53 WIB "
Puan Sebut Status Bencana Nasional Tunggu Pertimbangan Komprehensif Prabowo,https://news.detik.com/berita/d-8245367/puan-sebut-status-bencana-nasional-tunggu-pertimbangan-komprehensif-prabowo,"
Jumat, 05 Des 2025 16:55 WIB "
Video Kisah Ibu Peluk Anak dalam Lumpur Saat Banjir Bandang Terjang Sumbar,https://20.detik.com/detikupdate/20251205-251205088/video-kisah-ibu-peluk-anak-dalam-lumpur-saat-banjir-bandang-terjang-sumbar,"
Jumat, 05 Des 2025 17:04 WIB "
Bahlil Pastikan Bantuan-Dukungan PLN Berjalan Optimal di Posko Bencana Aceh,https://news.detik.com/berita/d-8245399/bahlil-pastikan-bantuan-dukungan-pln-berjalan-optimal-di-posko-bencana-aceh,"
Jumat, 05 Des 2025 17:08 WIB "
"Update Bencana Sumatera: 867 Orang Tewas, Pengungsi Capai 835 Ribu Warga",https://news.detik.com/berita/d-8245414/update-bencana-sumatera-867-orang-tewas-pengungsi-capai-835-ribu-warga,"
Jumat, 05 Des 2025 17:15 WIB "
Puan Sebut Revisi UU Kehutanan Akan Dibahas Usai Bencana Sumatera Ditangani,https://news.detik.com/berita/d-8245418/puan-sebut-revisi-uu-kehutanan-akan-dibahas-usai-bencana-sumatera-ditangani,"
Jumat, 05 Des 2025 17:18 WIB "
KemenPU Pastikan Jalur Langkat-Aceh Tamiang Bisa Jadi Akses Distribusi,https://news.detik.com/berita/d-8245434/kemenpu-pastikan-jalur-langkat-aceh-tamiang-bisa-jadi-akses-distribusi,"
Jumat, 05 Des 2025 17:25 WIB "
"Pemulihan Listrik Aceh Dikebut, TNI-Polri-PLN Kerahkan Kekuatan Penuh",https://news.detik.com/berita/d-8245488/pemulihan-listrik-aceh-dikebut-tni-polri-pln-kerahkan-kekuatan-penuh,"
Jumat, 05 Des 2025 17:54 WIB "
Polda Riau Kirim Ribuan Cangkul-Sekop untuk Pemulihan Pascabencana Sumatera,https://news.detik.com/melindungi-tuah-marwah/d-8245528/polda-riau-kirim-ribuan-cangkul-sekop-untuk-pemulihan-pascabencana-sumatera,"
Jumat, 05 Des 2025 18:13 WIB "
"Ramai Ajakan Patungan Beli Hutan Buntut Banjir di Sumatera, Ini Kata Puan",https://news.detik.com/berita/d-8245566/ramai-ajakan-patungan-beli-hutan-buntut-banjir-di-sumatera-ini-kata-puan,"
Jumat, 05 Des 2025 18:53 WIB "
Direksi PLN Turun Langsung Salurkan Bantuan ke Korban Banjir Aceh,https://news.detik.com/berita/d-8245491/direksi-pln-turun-langsung-salurkan-bantuan-ke-korban-banjir-aceh,"
Jumat, 05 Des 2025 19:15 WIB "
Khofifah & Warga Jatim Gelar Salat Ghaib untuk Korban Bencana Sumatera,https://news.detik.com/berita/d-8245632/khofifah-warga-jatim-gelar-salat-ghaib-untuk-korban-bencana-sumatera,"
Jumat, 05 Des 2025 19:15 WIB "
"Alfamidi Kirim Bantuan Logistik bagi Korban Bencana Aceh, Sumut & Sumbar",https://news.detik.com/berita/d-8245688/alfamidi-kirim-bantuan-logistik-bagi-korban-bencana-aceh-sumut-sumbar,"
Jumat, 05 Des 2025 19:43 WIB "
Video: Pendistribusian 60 Ton Bantuan Dompet Dhuafa-Foodstation ke Sumatera,https://20.detik.com/detikupdate/20251205-251205096/video-pendistribusian-60-ton-bantuan-dompet-dhuafa-foodstation-ke-sumatera,"
Jumat, 05 Des 2025 19:56 WIB "
Alfamart Salurkan Bantuan Senilai Rp 2 M untuk Korban Bencana di Sumatera,https://news.detik.com/berita/d-8245788/alfamart-salurkan-bantuan-senilai-rp-2-m-untuk-korban-bencana-di-sumatera,"
Jumat, 05 Des 2025 20:51 WIB "
Kapolri Lepas 45 Brigade Tanggap Bencana KSPSI ke Utara Sumatera,https://news.detik.com/berita/d-8245809/kapolri-lepas-45-brigade-tanggap-bencana-kspsi-ke-utara-sumatera,"
Jumat, 05 Des 2025 21:12 WIB "
"Prabowo soal Bencana di Sumatera: Musibah Ini Menguji, Alhamdulillah Kita Kuat",https://news.detik.com/berita/d-8245824/prabowo-soal-bencana-di-sumatera-musibah-ini-menguji-alhamdulillah-kita-kuat,"
Jumat, 05 Des 2025 21:29 WIB "
Astra Agro Lestari Kirim Bantuan ke Lokasi Terdampak Banjir Sumatera,https://news.detik.com/adv-nhl-detikcom/d-8245846/astra-agro-lestari-kirim-bantuan-ke-lokasi-terdampak-banjir-sumatera,"
Jumat, 05 Des 2025 21:55 WIB "
Gubernur Mualem Marah Bupati Aceh Selatan Umrah Saat Bencana,https://news.detik.com/berita/d-8245874/gubernur-mualem-marah-bupati-aceh-selatan-umrah-saat-bencana,"
Jumat, 05 Des 2025 22:22 WIB "
Komisi IX DPR Minta Pengawasan Penyakit Korban Bencana Sumatera Diperketat,https://news.detik.com/berita/d-8245941/komisi-ix-dpr-minta-pengawasan-penyakit-korban-bencana-sumatera-diperketat,"
Sabtu, 06 Des 2025 01:17 WIB "
Komisi V DPR Minta Maskapai Berlakukan Tiket Normal ke Lokasi Bencana Sumatera,https://news.detik.com/berita/d-8246029/komisi-v-dpr-minta-maskapai-berlakukan-tiket-normal-ke-lokasi-bencana-sumatera,"
Sabtu, 06 Des 2025 07:47 WIB "
Komisi II DPR Sentil Bupati Aceh Selatan Umrah Saat Bencana: Tak Pantas!,https://news.detik.com/berita/d-8246045/komisi-ii-dpr-sentil-bupati-aceh-selatan-umrah-saat-bencana-tak-pantas,"
Sabtu, 06 Des 2025 08:20 WIB "
Gubernur Mualem Khawatir Banyak Korban Banjir Aceh Tewas karena Kelaparan,https://news.detik.com/berita/d-8246143/gubernur-mualem-khawatir-banyak-korban-banjir-aceh-tewas-karena-kelaparan,"
Sabtu, 06 Des 2025 10:17 WIB "
Peti Pendingin Jenazah Bantuan Polda Riau Tiba di RSUD Lubuk Basung Agam,https://news.detik.com/berita/d-8246154/peti-pendingin-jenazah-bantuan-polda-riau-tiba-di-rsud-lubuk-basung-agam,"
Sabtu, 06 Des 2025 10:29 WIB "
Video Korban Banjir di Aceh Mengandalkan Barang Jarahan: Bantuan Lamban,https://20.detik.com/detikupdate/20251206-251206050/video-korban-banjir-di-aceh-mengandalkan-barang-jarahan-bantuan-lamban,"
Sabtu, 06 Des 2025 10:33 WIB "
Bupati Aceh Selatan Umrah Saat Bencana Berujung Dipecat dari Ketua DPC Gerindra,https://news.detik.com/berita/d-8246176/bupati-aceh-selatan-umrah-saat-bencana-berujung-dipecat-dari-ketua-dpc-gerindra,"
Sabtu, 06 Des 2025 10:53 WIB "
Kemendagri Bakal Periksa Bupati Aceh Selatan yang Umrah saat Bencana,https://news.detik.com/berita/d-8246194/kemendagri-bakal-periksa-bupati-aceh-selatan-yang-umrah-saat-bencana,"
Sabtu, 06 Des 2025 11:05 WIB "
"Ada Potensi Hujan Lebat sampai Pekan Depan, Ini Daftar Wilayahnya",https://news.detik.com/berita/d-8246234/ada-potensi-hujan-lebat-sampai-pekan-depan-ini-daftar-wilayahnya,"
Sabtu, 06 Des 2025 11:44 WIB "
KKP Kirim 60 Ton Paket Bantuan untuk Korban Bencana Sumatera via Laut,https://news.detik.com/berita/d-8246368/kkp-kirim-60-ton-paket-bantuan-untuk-korban-bencana-sumatera-via-laut,"
Sabtu, 06 Des 2025 13:32 WIB "
PMI Kirim 1.500 Kantong Darah-Ribuan Logistik untuk Korban Banjir Sumatera,https://news.detik.com/berita/d-8246413/pmi-kirim-1-500-kantong-darah-ribuan-logistik-untuk-korban-banjir-sumatera,"
Sabtu, 06 Des 2025 14:01 WIB "
Update Korban Bencana Sumatera: 883 Orang Tewas-520 Hilang,https://news.detik.com/berita/d-8246443/update-korban-bencana-sumatera-883-orang-tewas-520-hilang,"
Sabtu, 06 Des 2025 14:19 WIB "
"Mualem: Banyak Kampung dan Kecamatan Tinggal Nama, Aceh Tamiang Hancur",https://news.detik.com/berita/d-8246499/mualem-banyak-kampung-dan-kecamatan-tinggal-nama-aceh-tamiang-hancur,"
Sabtu, 06 Des 2025 15:20 WIB "
Kemendagri Sayangkan Bupati Aceh Selatan Umrah di Tengah Bencana,https://news.detik.com/berita/d-8246528/kemendagri-sayangkan-bupati-aceh-selatan-umrah-di-tengah-bencana,"
Sabtu, 06 Des 2025 15:46 WIB "
Kementerian PU Percepat Pemulihan Akses dan Air Bersih di Aceh Tamiang,https://news.detik.com/berita/d-8246549/kementerian-pu-percepat-pemulihan-akses-dan-air-bersih-di-aceh-tamiang,"
Sabtu, 06 Des 2025 16:01 WIB "
"Polantas di Aceh Gelar Bakti Sosial Peduli Bencana, Bagikan Makan-Kebutuhan Korban",https://news.detik.com/berita/d-8246607/polantas-di-aceh-gelar-bakti-sosial-peduli-bencana-bagikan-makan-kebutuhan-korban,"
Sabtu, 06 Des 2025 16:40 WIB "
Habiburokhman soal Bencana Sumatera Dikaitkan dengan Zulhas: Agak Lucu,https://news.detik.com/berita/d-8246621/habiburokhman-soal-bencana-sumatera-dikaitkan-dengan-zulhas-agak-lucu,"
Sabtu, 06 Des 2025 16:46 WIB "
"Bantu Korban Bencana, Kedai di Bogor Beri Makan Gratis Mahasiswa Sumatera",https://news.detik.com/berita/d-8246657/bantu-korban-bencana-kedai-di-bogor-beri-makan-gratis-mahasiswa-sumatera,"
Sabtu, 06 Des 2025 16:59 WIB "
Sultan Terbantu Warung Makan Gratis Keluarga Korban Bencana Sumatera di Bogor,https://news.detik.com/berita/d-8246685/sultan-terbantu-warung-makan-gratis-keluarga-korban-bencana-sumatera-di-bogor,"
Sabtu, 06 Des 2025 17:22 WIB "
"Video: Nestapa Korban Banjir di Aceh Tamiang, Meninggal di Tempat Pengungsian",https://20.detik.com/detikupdate/20251206-251206078/video-nestapa-korban-banjir-di-aceh-tamiang-meninggal-di-tempat-pengungsian,"
Sabtu, 06 Des 2025 18:48 WIB "
"Update Korban Bencana Sumatera: 914 Orang Tewas, 389 Hilang",https://news.detik.com/berita/d-8246779/update-korban-bencana-sumatera-914-orang-tewas-389-hilang,"
Sabtu, 06 Des 2025 18:50 WIB "
Dapur Umum Kemensos Produksi 164 Ribu Porsi Makanan di 3 Provinsi Sumatera,https://news.detik.com/berita/d-8246790/dapur-umum-kemensos-produksi-164-ribu-porsi-makanan-di-3-provinsi-sumatera,"
Sabtu, 06 Des 2025 19:03 WIB "
"Manuver Presisi Terbang Rendah, Heli Polri Dropping Bantuan ke Aceh Tamiang",https://news.detik.com/berita/d-8246873/manuver-presisi-terbang-rendah-heli-polri-dropping-bantuan-ke-aceh-tamiang,"
Sabtu, 06 Des 2025 20:00 WIB "
"Video Update Korban Bencana Sumatera: 914 Orang Tewas, 389 Hilang",https://20.detik.com/detikupdate/20251206-251206086/video-update-korban-bencana-sumatera-914-orang-tewas-389-hilang,"
Sabtu, 06 Des 2025 20:28 WIB "
Akpol 1990 Kirim Tambahan Bantuan 10 Ton Beras-9.600 Kaleng SKM ke Sumatera,https://news.detik.com/berita/d-8246911/akpol-1990-kirim-tambahan-bantuan-10-ton-beras-9-600-kaleng-skm-ke-sumatera,"
Sabtu, 06 Des 2025 20:30 WIB "
Urusan Panjang Bupati Aceh Selatan gegara Umrah saat Bencana,https://news.detik.com/berita/d-8246943/urusan-panjang-bupati-aceh-selatan-gegara-umrah-saat-bencana,"
Sabtu, 06 Des 2025 21:10 WIB "
"UEA Siap Jadi yang Pertama Kirim Bantuan ke Sumatera, Tunggu RI Terbuka",https://news.detik.com/berita/d-8247007/uea-siap-jadi-yang-pertama-kirim-bantuan-ke-sumatera-tunggu-ri-terbuka,"
Sabtu, 06 Des 2025 21:55 WIB "
Video: Heli Poludara Baharkam Polri Berhasil Dropping Bantuan ke Aceh Tamiang,https://20.detik.com/detikupdate/20251206-251206090/video-heli-poludara-baharkam-polri-berhasil-dropping-bantuan-ke-aceh-tamiang,"
Sabtu, 06 Des 2025 22:15 WIB "
"Kemensos Perkuat Layanan Penanganan Bencana di Aceh, Sumut, dan Sumbar",https://news.detik.com/berita/d-8247045/kemensos-perkuat-layanan-penanganan-bencana-di-aceh-sumut-dan-sumbar,"
Sabtu, 06 Des 2025 22:23 WIB "
Waketum Golkar Minta Pemerintah Tetapkan Status Bencana Nasional di Sumatera,https://news.detik.com/berita/d-8247063/waketum-golkar-minta-pemerintah-tetapkan-status-bencana-nasional-di-sumatera,"
Sabtu, 06 Des 2025 22:45 WIB "
BPJPH dan Alfamart Lepas 10 Truk Bantuan Kemanusiaan untuk Sumatera,https://news.detik.com/berita/d-8247078/bpjph-dan-alfamart-lepas-10-truk-bantuan-kemanusiaan-untuk-sumatera,"
Sabtu, 06 Des 2025 23:05 WIB "
Prabowo Perintahkan Listrik Menyala di Aceh-Sumbar Paling Lambat Minggu Malam,https://news.detik.com/berita/d-8247124/prabowo-perintahkan-listrik-menyala-di-aceh-sumbar-paling-lambat-minggu-malam,"
Minggu, 07 Des 2025 02:46 WIB "
"Desa Sekumur di Aceh Tamiang Hilang Diterjang Banjir, Hanya Tersisa Masjid",https://news.detik.com/berita/d-8247135/desa-sekumur-di-aceh-tamiang-hilang-diterjang-banjir-hanya-tersisa-masjid,"
Minggu, 07 Des 2025 05:18 WIB "
Pimpinan Komisi II DPR Minta Kemendagri Sanksi Bupati Aceh Selatan,https://news.detik.com/berita/d-8247172/pimpinan-komisi-ii-dpr-minta-kemendagri-sanksi-bupati-aceh-selatan,"
Minggu, 07 Des 2025 06:46 WIB "
Kekhawatiran Mualem Korban Bencana Mati Kelaparan di Daerah Terisolir,https://news.detik.com/berita/d-8247200/kekhawatiran-mualem-korban-bencana-mati-kelaparan-di-daerah-terisolir,"
Minggu, 07 Des 2025 07:35 WIB "
Kemensos Gelar Funwalk HDI 2025 Sambil Galang Bantuan Korban Bencana Sumatera,https://news.detik.com/berita/d-8247205/kemensos-gelar-funwalk-hdi-2025-sambil-galang-bantuan-korban-bencana-sumatera,"
Minggu, 07 Des 2025 07:52 WIB "
Prabowo Kembali Bertolak ke Aceh untuk Tinjau Penanganan Bencana,https://news.detik.com/berita/d-8247242/prabowo-kembali-bertolak-ke-aceh-untuk-tinjau-penanganan-bencana,"
Minggu, 07 Des 2025 08:46 WIB "
Pilu Pasien Diabetes Meninggal di Pengungsian Banjir Aceh,https://news.detik.com/internasional/d-8247307/pilu-pasien-diabetes-meninggal-di-pengungsian-banjir-aceh,"
Minggu, 07 Des 2025 09:42 WIB "
Kemenbud Salurkan Bantuan Logistik untuk Korban Bencana Tapanuli Utara,https://news.detik.com/berita/d-8247378/kemenbud-salurkan-bantuan-logistik-untuk-korban-bencana-tapanuli-utara,"
Minggu, 07 Des 2025 10:32 WIB "
Wamensos: Bantuan Senilai Rp 66 M Sudah Disalurkan untuk Korban Bencana Sumatera,https://news.detik.com/berita/d-8247393/wamensos-bantuan-senilai-rp-66-m-sudah-disalurkan-untuk-korban-bencana-sumatera,"
Minggu, 07 Des 2025 10:42 WIB "
"Material Sisa Bencana Disingkirkan, Akses ke Palembayan Agam Dibuka-Tutup",https://news.detik.com/berita/d-8247411/material-sisa-bencana-disingkirkan-akses-ke-palembayan-agam-dibuka-tutup,"
Minggu, 07 Des 2025 10:50 WIB "
"Prabowo Tiba di Aceh, Bakal Tinjau Lokasi Terdampak Bencana di Bireuen",https://news.detik.com/berita/d-8247413/prabowo-tiba-di-aceh-bakal-tinjau-lokasi-terdampak-bencana-di-bireuen,"
Minggu, 07 Des 2025 10:53 WIB "
Perjuangan Guru PPPK Bertahan Hidup Jalan Kaki dari Aceh Tamiang ke Medan,https://news.detik.com/berita/d-8247431/perjuangan-guru-pppk-bertahan-hidup-jalan-kaki-dari-aceh-tamiang-ke-medan,"
Minggu, 07 Des 2025 11:07 WIB "
"1.700 Orang Tewas Akibat Banjir Parah di Asia Tenggara, Termasuk Indonesia",https://news.detik.com/internasional/d-8247446/1-700-orang-tewas-akibat-banjir-parah-di-asia-tenggara-termasuk-indonesia,"
Minggu, 07 Des 2025 11:20 WIB "
"Banjir Susulan Melanda Aceh Timur, Warga Mengungsi Lagi",https://news.detik.com/berita/d-8247454/banjir-susulan-melanda-aceh-timur-warga-mengungsi-lagi,"
Minggu, 07 Des 2025 11:30 WIB "
"RSUD Aceh Tamiang Dipenuhi Lumpur, Pembersihan Ditargetkan Selesai 3 Hari",https://news.detik.com/berita/d-8247478/rsud-aceh-tamiang-dipenuhi-lumpur-pembersihan-ditargetkan-selesai-3-hari,"
Minggu, 07 Des 2025 11:55 WIB "
'Lautan' Kayu Muncul di Aceh Tamiang Usai Banjir Besar,https://news.detik.com/berita/d-8247526/lautan-kayu-muncul-di-aceh-tamiang-usai-banjir-besar,"
Minggu, 07 Des 2025 12:30 WIB "
"Kemensos Gelar Fun Walk HDI 2025, 5.000 Disabilitas Penuhi Bundaran HI",https://news.detik.com/berita/d-8247541/kemensos-gelar-fun-walk-hdi-2025-5-000-disabilitas-penuhi-bundaran-hi,"
Minggu, 07 Des 2025 12:47 WIB "
"Khofifah Salurkan Bantuan di Pidie Jaya, Pastikan Kirim Relawan Medis",https://news.detik.com/berita/d-8247546/khofifah-salurkan-bantuan-di-pidie-jaya-pastikan-kirim-relawan-medis,"
Minggu, 07 Des 2025 12:55 WIB "
Momen Prabowo Cek Pengungsian Bencana di Bireuen-Makan Bareng Pengungsi,https://news.detik.com/berita/d-8247552/momen-prabowo-cek-pengungsian-bencana-di-bireuen-makan-bareng-pengungsi,"
Minggu, 07 Des 2025 13:06 WIB "
Korban Bencana Aceh Nangis di Depan Prabowo: Rumah Saya Diambil Sungai Pak,https://news.detik.com/berita/d-8247570/korban-bencana-aceh-nangis-di-depan-prabowo-rumah-saya-diambil-sungai-pak,"
Minggu, 07 Des 2025 13:16 WIB "
"Akses Jembatan Putus, 110 KK di Nagan Raya Aceh Masih Terisolasi",https://news.detik.com/berita/d-8247590/akses-jembatan-putus-110-kk-di-nagan-raya-aceh-masih-terisolasi,"
Minggu, 07 Des 2025 13:28 WIB "
Prabowo Minta Panglima-Kapolri Kerahkan Semua Kekuatan Bantu Korban Bencana,https://news.detik.com/berita/d-8247617/prabowo-minta-panglima-kapolri-kerahkan-semua-kekuatan-bantu-korban-bencana,"
Minggu, 07 Des 2025 13:57 WIB "
"Prabowo Tanya Kondisi Listrik, Bahlil: 97% Malam Ini Semua Aceh Nyala",https://news.detik.com/berita/d-8247651/prabowo-tanya-kondisi-listrik-bahlil-97-malam-ini-semua-aceh-nyala,"
Minggu, 07 Des 2025 14:18 WIB "
"Desa Gedumpak Aceh Utara Tersapu Banjir, Ratusan Rumah Hancur",https://news.detik.com/berita/d-8247656/desa-gedumpak-aceh-utara-tersapu-banjir-ratusan-rumah-hancur,"
Minggu, 07 Des 2025 14:29 WIB "
Mualem Libatkan 5 Relawan Asal China Bantu Cari Jenazah Korban Banjir Aceh,https://news.detik.com/berita/d-8247687/mualem-libatkan-5-relawan-asal-china-bantu-cari-jenazah-korban-banjir-aceh,"
Minggu, 07 Des 2025 14:48 WIB "
Video: Prabowo Cek Pembangunan Jembatan Bailey Penghubung Medan-Aceh,https://20.detik.com/detikupdate/20251207-251207028/video-prabowo-cek-pembangunan-jembatan-bailey-penghubung-medan-aceh,"
Minggu, 07 Des 2025 14:54 WIB "
PDIP Dukung Banjir di Sumatera Ditetapkan Jadi Bencana Nasional,https://news.detik.com/berita/d-8247722/pdip-dukung-banjir-di-sumatera-ditetapkan-jadi-bencana-nasional,"
Minggu, 07 Des 2025 15:24 WIB "
"Kemensos Salurkan Bantuan Rp 66,7 M untuk Penanganan Bencana Sumatera",https://news.detik.com/berita/d-8247821/kemensos-salurkan-bantuan-rp-66-7-m-untuk-penanganan-bencana-sumatera,"
Minggu, 07 Des 2025 16:31 WIB "
Nusron Wahid Serahkan Bantuan & Dengar Keluhan Korban Banjir di Agam,https://news.detik.com/berita/d-8247833/nusron-wahid-serahkan-bantuan-dengar-keluhan-korban-banjir-di-agam,"
Minggu, 07 Des 2025 16:42 WIB "
Andre Rosiade Serahkan 250 Paket Sembako untuk Korban Banjir di Malalak,https://news.detik.com/berita/d-8247836/andre-rosiade-serahkan-250-paket-sembako-untuk-korban-banjir-di-malalak,"
Minggu, 07 Des 2025 16:46 WIB "
"Andre Rosiade Cek Jembatan Putus di Agam Sumbar, Dorong Perbaikan Dikebut",https://news.detik.com/berita/d-8247861/andre-rosiade-cek-jembatan-putus-di-agam-sumbar-dorong-perbaikan-dikebut,"
Minggu, 07 Des 2025 16:57 WIB "
"Korban Meninggal Bencana Sumatera Tambah Jadi 940 Orang, 276 Hilang",https://news.detik.com/berita/d-8247891/korban-meninggal-bencana-sumatera-tambah-jadi-940-orang-276-hilang,"
Minggu, 07 Des 2025 17:09 WIB "
"Video Tangis Warga Aceh ke Prabowo: Habis Semua Pak, Kampung Dibawa Sungai",https://20.detik.com/detikupdate/20251207-251207038/video-tangis-warga-aceh-ke-prabowo-habis-semua-pak-kampung-dibawa-sungai,"
Minggu, 07 Des 2025 17:13 WIB "
Bencana dan Ujian Keindonesiaan Kita,https://news.detik.com/kolom/d-8247959/bencana-dan-ujian-keindonesiaan-kita,"
Minggu, 07 Des 2025 18:14 WIB "
Gerindra: Bupati Aceh Selatan Umrah Saat Bencana Bentuk Kepemimpinan Buruk,https://news.detik.com/berita/d-8248011/gerindra-bupati-aceh-selatan-umrah-saat-bencana-bentuk-kepemimpinan-buruk,"
Minggu, 07 Des 2025 18:52 WIB "
Video Prabowo Cicipi Makanan di Tenda Pengungsi Banjir Aceh,https://20.detik.com/detikupdate/20251207-251207039/video-prabowo-cicipi-makanan-di-tenda-pengungsi-banjir-aceh,"
Minggu, 07 Des 2025 18:58 WIB "
Menhan hingga Kapolri Merapat ke Lanud Aceh Jelang Ratas Dipimpin Prabowo,https://news.detik.com/berita/d-8248037/menhan-hingga-kapolri-merapat-ke-lanud-aceh-jelang-ratas-dipimpin-prabowo,"
Minggu, 07 Des 2025 19:15 WIB "
Walkot Pekanbaru Serahkan Bantuan Rp 3 M untuk Korban Bencana Sumatera,https://news.detik.com/berita/d-8248021/walkot-pekanbaru-serahkan-bantuan-rp-3-m-untuk-korban-bencana-sumatera,"
Minggu, 07 Des 2025 19:30 WIB "
Prabowo Pimpin Ratas Bareng Menteri-menteri di Aceh Usai Tinjau Banjir,https://news.detik.com/berita/d-8248059/prabowo-pimpin-ratas-bareng-menteri-menteri-di-aceh-usai-tinjau-banjir,"
Minggu, 07 Des 2025 19:36 WIB "
"BNPB Koreksi Data Korban Bencana Sumatera: Meninggal 921 Orang, 392 Hilang",https://news.detik.com/berita/d-8248080/bnpb-koreksi-data-korban-bencana-sumatera-meninggal-921-orang-392-hilang,"
Minggu, 07 Des 2025 20:07 WIB "
Kondisi Miris Aceh Tamiang Usai Bencana dalam Sorotan,https://news.detik.com/berita/d-8248089/kondisi-miris-aceh-tamiang-usai-bencana-dalam-sorotan,"
Minggu, 07 Des 2025 20:09 WIB "
Kisah Perjuangan Korban Banjir-Longsor Sumatera Bertahan Hidup,https://news.detik.com/berita/d-8248149/kisah-perjuangan-korban-banjir-longsor-sumatera-bertahan-hidup,"
Minggu, 07 Des 2025 21:19 WIB "
Kemensos Beri Layanan Dukungan Psikososial bagi Korban Banjir Pidie Jaya,https://news.detik.com/berita/d-8248175/kemensos-beri-layanan-dukungan-psikososial-bagi-korban-banjir-pidie-jaya,"
Minggu, 07 Des 2025 22:01 WIB "
4 Warga Lebak Sempat Terjebak Banjir di Aceh Kini Sudah Bisa Pulang Kampung,https://news.detik.com/berita/d-8248241/4-warga-lebak-sempat-terjebak-banjir-di-aceh-kini-sudah-bisa-pulang-kampung,"
Senin, 08 Des 2025 00:58 WIB "
"Video Hujan Deras, Sibolga-Pidie Jaya Kembali Diterjang Banjir",https://20.detik.com/detikupdate/20251208-251208002/video-hujan-deras-sibolga-pidie-jaya-kembali-diterjang-banjir,"
Senin, 08 Des 2025 02:48 WIB "
Video Sindiran Prabowo ke Bupati Aceh Selatan yang 'Lari' dari Bencana,https://20.detik.com/detikupdate/20251208-251208003/video-sindiran-prabowo-ke-bupati-aceh-selatan-yang-lari-dari-bencana,"
Senin, 08 Des 2025 03:13 WIB "
"Video Prabowo Soroti Metode 'Lempar Bantuan' dari Heli, Minta Pakai Sling Load",https://20.detik.com/detikupdate/20251208-251208005/video-prabowo-soroti-metode-lempar-bantuan-dari-heli-minta-pakai-sling-load,"
Senin, 08 Des 2025 04:40 WIB "
"Percepat Pemulihan Akses di Sumatera, KSAD Akan Bangun Jembatan Aramco",https://news.detik.com/berita/d-8248298/percepat-pemulihan-akses-di-sumatera-ksad-akan-bangun-jembatan-aramco,"
Senin, 08 Des 2025 05:13 WIB "
Alumni Akademi TNI dan Polri 2012 Salurkan Bantuan ke Masyarakat Sumatera,https://news.detik.com/berita/d-8248425/alumni-akademi-tni-dan-polri-2012-salurkan-bantuan-ke-masyarakat-sumatera,"
Senin, 08 Des 2025 07:01 WIB "
7 Arahan Prabowo Saat Kembali Datangi Lokasi Banjir Aceh,https://news.detik.com/berita/d-8248322/7-arahan-prabowo-saat-kembali-datangi-lokasi-banjir-aceh,"
Senin, 08 Des 2025 07:05 WIB "
Kemenbud Lakukan Pemulihan Cagar Budaya Terdampak Bencana di Sumatera,https://news.detik.com/berita/d-8248330/kemenbud-lakukan-pemulihan-cagar-budaya-terdampak-bencana-di-sumatera,"
Senin, 08 Des 2025 07:23 WIB "
Sentilan Prabowo untuk Bupati Aceh Selatan yang Umrah di Tengah Bencana,https://news.detik.com/berita/d-8248334/sentilan-prabowo-untuk-bupati-aceh-selatan-yang-umrah-di-tengah-bencana,"
Senin, 08 Des 2025 07:29 WIB "
Banjir Aceh Tamiang: Desa Hilang Hingga Akses Tertutup Tumpukan Kayu,https://news.detik.com/berita/d-8248150/banjir-aceh-tamiang-desa-hilang-hingga-akses-tertutup-tumpukan-kayu,"
Senin, 08 Des 2025 07:58 WIB "
"Dampak Bencana Sumatera: Desa Nyaris Lenyap, Sungai Bak Daratan",https://news.detik.com/berita/d-8248371/dampak-bencana-sumatera-desa-nyaris-lenyap-sungai-bak-daratan,"
Senin, 08 Des 2025 08:08 WIB "
"Video BNPB: Pemulihan Aceh ke Kondisi Semula Butuh Anggaran Rp 25,41 T",https://20.detik.com/detikupdate/20251208-251208044/video-bnpb-pemulihan-aceh-ke-kondisi-semula-butuh-anggaran-rp-2541-t,"
Senin, 08 Des 2025 08:09 WIB "
Bantuan Ribuan Cangkul-Sekop dari Polda Riau Telah Tiba di Aceh,https://news.detik.com/berita/d-8248388/bantuan-ribuan-cangkul-sekop-dari-polda-riau-telah-tiba-di-aceh,"
Senin, 08 Des 2025 08:30 WIB "
"Bantuan Asing Belum Masuk Sumatera, PDIP Bicara Momentum Persatuan Nasional",https://news.detik.com/berita/d-8248395/bantuan-asing-belum-masuk-sumatera-pdip-bicara-momentum-persatuan-nasional,"
Senin, 08 Des 2025 08:34 WIB "
"BNPB Ungkap Estimasi Biaya Pemulihan Bencana Sumatera Tembus Rp 51,8 T",https://news.detik.com/berita/d-8248411/bnpb-ungkap-estimasi-biaya-pemulihan-bencana-sumatera-tembus-rp-51-8-t,"
Senin, 08 Des 2025 08:43 WIB "
Prabowo Setuju Bantuan Rp 60 Juta Per Rumah Rusak Akibat Bencana Sumatera,https://news.detik.com/berita/d-8248468/prabowo-setuju-bantuan-rp-60-juta-per-rumah-rusak-akibat-bencana-sumatera,"
Senin, 08 Des 2025 09:42 WIB "
Metabolic Rift dan Bencana di Sumatera,https://news.detik.com/kolom/d-8248162/metabolic-rift-dan-bencana-di-sumatera,"
Senin, 08 Des 2025 09:45 WIB "
Prabowo Bermalam di Aceh Usai Tinjau Banjir: Saya Akan Terus Monitor,https://news.detik.com/berita/d-8248476/prabowo-bermalam-di-aceh-usai-tinjau-banjir-saya-akan-terus-monitor,"
Senin, 08 Des 2025 09:48 WIB "
"Warga Bantu Warga di Tapteng, Rumah Jadi Pengungsian-Ternak Jadi Santapan",https://news.detik.com/berita/d-8248563/warga-bantu-warga-di-tapteng-rumah-jadi-pengungsian-ternak-jadi-santapan,"
Senin, 08 Des 2025 10:41 WIB "
"950 Orang Tewas Akibat Bencana Sumatera, Terbanyak di Aceh",https://news.detik.com/berita/d-8248598/950-orang-tewas-akibat-bencana-sumatera-terbanyak-di-aceh,"
Senin, 08 Des 2025 11:00 WIB "
"Bantu Korban Bencana, Kemenbud Dukung Konser Amal 100 Musisi Heal Sumatera",https://news.detik.com/berita/d-8248629/bantu-korban-bencana-kemenbud-dukung-konser-amal-100-musisi-heal-sumatera,"
Senin, 08 Des 2025 11:18 WIB "
Menkomdigi Beberkan Kondisi Akses Internet di Lokasi Bencana Sumatera,https://news.detik.com/berita/d-8248682/menkomdigi-beberkan-kondisi-akses-internet-di-lokasi-bencana-sumatera,"
Senin, 08 Des 2025 11:42 WIB "
KemenPU Kebut Pemulihan Konektivitas Jalan & Jembatan Pascabencana Aceh,https://news.detik.com/berita/d-8248737/kemenpu-kebut-pemulihan-konektivitas-jalan-jembatan-pascabencana-aceh,"
Senin, 08 Des 2025 12:11 WIB "
"BNPB: 8 Kecamatan di Sumut Masih Terisolasi, Jalan Belum Tembus ke Taput",https://news.detik.com/berita/d-8248815/bnpb-8-kecamatan-di-sumut-masih-terisolasi-jalan-belum-tembus-ke-taput,"
Senin, 08 Des 2025 12:50 WIB "
BNPB Lapor Prabowo Beberapa Kecamatan di Sumbar Masih Terisolasi,https://news.detik.com/berita/d-8248826/bnpb-lapor-prabowo-beberapa-kecamatan-di-sumbar-masih-terisolasi,"
Senin, 08 Des 2025 12:53 WIB "
"Mobil Bantuan Air Bersih ke Aceh Timur Alami Kecelakaan, 2 Relawan Tewas",https://news.detik.com/berita/d-8248819/mobil-bantuan-air-bersih-ke-aceh-timur-alami-kecelakaan-2-relawan-tewas,"
Senin, 08 Des 2025 12:53 WIB "
"Bupati Aceh Selatan Umrah Saat Bencana, Ini Ancaman Sanksinya",https://news.detik.com/berita/d-8248853/bupati-aceh-selatan-umrah-saat-bencana-ini-ancaman-sanksinya,"
Senin, 08 Des 2025 13:05 WIB "
Wamendagri Sebut Bupati Aceh Selatan Umrah Saat Bencana Tindakan Fatal,https://news.detik.com/berita/d-8248874/wamendagri-sebut-bupati-aceh-selatan-umrah-saat-bencana-tindakan-fatal,"
Senin, 08 Des 2025 13:19 WIB "
Bupati Aceh Barat: Surat Tak Mampu Tangani Bencana Syarat Dapat Bantuan BNPB,https://news.detik.com/berita/d-8248880/bupati-aceh-barat-surat-tak-mampu-tangani-bencana-syarat-dapat-bantuan-bnpb,"
Senin, 08 Des 2025 13:21 WIB "
Video Kondisi Pasca-banjir di Aceh Tamiang: Truk-truk Bertumpuk!,https://20.detik.com/detikupdate/20251208-251208078/video-kondisi-pasca-banjir-di-aceh-tamiang-truk-truk-bertumpuk,"
Senin, 08 Des 2025 13:42 WIB "
Menilai Hadirnya Negara di Bencana Sumatera,https://news.detik.com/berita/d-8249025/menilai-hadirnya-negara-di-bencana-sumatera,"
Senin, 08 Des 2025 14:40 WIB "
"Tidak Disebut Bencana Nasional, Bukan Berarti Negara Abai",https://news.detik.com/kolom/d-8249100/tidak-disebut-bencana-nasional-bukan-berarti-negara-abai,"
Senin, 08 Des 2025 14:56 WIB "
"Video: Rem Blong, Mobil Angkut Bantuan Air Bersih ke Aceh Timur Kecelakaan",https://20.detik.com/detikupdate/20251208-251208088/video-rem-blong-mobil-angkut-bantuan-air-bersih-ke-aceh-timur-kecelakaan,"
Senin, 08 Des 2025 15:05 WIB "
Polresta Bogor Galang Donasi Bantu Korban Bencana di Aceh-Sumut-Sumbar,https://news.detik.com/berita/d-8249226/polresta-bogor-galang-donasi-bantu-korban-bencana-di-aceh-sumut-sumbar,"
Senin, 08 Des 2025 15:46 WIB "
Wamen PU Ungkap 2.058 Km Jalan Nasional Rusak Akibat Bencana Sumatera,https://news.detik.com/berita/d-8249228/wamen-pu-ungkap-2-058-km-jalan-nasional-rusak-akibat-bencana-sumatera,"
Senin, 08 Des 2025 15:47 WIB "
"Viral Eks GAM Minta Jatah Bantuan, Gubernur Mualem Akan Tindak Jika Benar",https://news.detik.com/berita/d-8249329/viral-eks-gam-minta-jatah-bantuan-gubernur-mualem-akan-tindak-jika-benar,"
Senin, 08 Des 2025 16:15 WIB "
Video: Operasional 4 Perusahaan Disetop Menyusul Temuan Kayu Banjir Sumatera,https://20.detik.com/detikupdate/20251208-251208084/video-operasional-4-perusahaan-disetop-menyusul-temuan-kayu-banjir-sumatera,"
Senin, 08 Des 2025 16:15 WIB "
Wakapolri Cek 638 Personel hingga Kendaraan SAR untuk Dikirim ke Sumatera,https://news.detik.com/berita/d-8249355/wakapolri-cek-638-personel-hingga-kendaraan-sar-untuk-dikirim-ke-sumatera,"
Senin, 08 Des 2025 16:19 WIB "
Pengamat Puji Kakorlantas Luncurkan Layanan Darurat SBST Gratis untuk Korban Bencana,https://news.detik.com/berita/d-8249409/pengamat-puji-kakorlantas-luncurkan-layanan-darurat-sbst-gratis-untuk-korban-bencana,"
Senin, 08 Des 2025 16:39 WIB "
"Buka Jalan hingga Keruk Sungai, Kementerian PU Kebut Penanganan Agam",https://news.detik.com/berita/d-8249451/buka-jalan-hingga-keruk-sungai-kementerian-pu-kebut-penanganan-agam,"
Senin, 08 Des 2025 16:52 WIB "
"Polres Aceh Tamiang Sisir Sejumlah Lokasi, Cek Info Viral Mobil Berisi Mayat",https://news.detik.com/berita/d-8249481/polres-aceh-tamiang-sisir-sejumlah-lokasi-cek-info-viral-mobil-berisi-mayat,"
Senin, 08 Des 2025 17:03 WIB "
"Pulihkan Akses Terputus di Bireuen, Kementerian PU Kebut Jembatan Bailey",https://news.detik.com/berita/d-8249479/pulihkan-akses-terputus-di-bireuen-kementerian-pu-kebut-jembatan-bailey,"
Senin, 08 Des 2025 17:21 WIB "
638 Personel Polri-Kendaraan SAR Diberangkatkan Bantu Bencana Sumatera,https://news.detik.com/berita/d-8249541/638-personel-polri-kendaraan-sar-diberangkatkan-bantu-bencana-sumatera,"
Senin, 08 Des 2025 17:36 WIB "
BNPB Update Data Korban Bencana Sumatera: 961 Orang Meninggal dan 293 Hilang,https://news.detik.com/berita/d-8249556/bnpb-update-data-korban-bencana-sumatera-961-orang-meninggal-dan-293-hilang,"
Senin, 08 Des 2025 17:42 WIB "
Menteri PPPA: Kebutuhan Anak-Perempuan Korban Bencana Sumatera Mulai Terpenuhi,https://news.detik.com/berita/d-8249601/menteri-pppa-kebutuhan-anak-perempuan-korban-bencana-sumatera-mulai-terpenuhi,"
Senin, 08 Des 2025 17:59 WIB "
"Pengungsi Bencana Sumatera Tembus 1 Juta Jiwa, Distribusi Bantuan Dioptimalkan",https://news.detik.com/berita/d-8249658/pengungsi-bencana-sumatera-tembus-1-juta-jiwa-distribusi-bantuan-dioptimalkan,"
Senin, 08 Des 2025 18:14 WIB "
Danone Indonesia Perkuat Kolaborasi Bantu Korban Banjir di Sumatera,https://news.detik.com/berita/d-8249702/danone-indonesia-perkuat-kolaborasi-bantu-korban-banjir-di-sumatera,"
Senin, 08 Des 2025 18:42 WIB "
"Basarnas: Operasi SAR Sumatera Jalan Terus, Disetop Jika Sudah Tak Efektif",https://news.detik.com/berita/d-8249745/basarnas-operasi-sar-sumatera-jalan-terus-disetop-jika-sudah-tak-efektif,"
Senin, 08 Des 2025 19:15 WIB "
Hilangnya Kampung Kami,https://news.detik.com/x/detail/spotlight/20251208/Hilangnya-Kampung-Kami/,"
Senin, 08 Des 2025 19:36 WIB "
Wamendagri Ribka Minta Pemda Perkuat Komitmen Pemenuhan Hak Asasi Manusia,https://news.detik.com/berita/d-8249750/wamendagri-ribka-minta-pemda-perkuat-komitmen-pemenuhan-hak-asasi-manusia,"
Senin, 08 Des 2025 19:36 WIB "
"Sejumlah Wilayah Diprediksi Banjir Rob saat Natal-Tahun Baru, Ini Daftarnya",https://news.detik.com/berita/d-8249779/sejumlah-wilayah-diprediksi-banjir-rob-saat-natal-tahun-baru-ini-daftarnya,"
Senin, 08 Des 2025 19:39 WIB "
"Video Update Korban Bencana Sumatera: 961 Meninggal, 293 Hilang",https://20.detik.com/detikupdate/20251208-251208115/video-update-korban-bencana-sumatera-961-meninggal-293-hilang,"
Senin, 08 Des 2025 19:46 WIB "
"Komisi I DPR Berduka Banjir Sumatera, Usul Ada Kementerian Khusus Bencana",https://news.detik.com/berita/d-8249797/komisi-i-dpr-berduka-banjir-sumatera-usul-ada-kementerian-khusus-bencana,"
Senin, 08 Des 2025 19:54 WIB "
Eddy Soeparno Paparkan Strategi Manajemen Krisis Hadapi Perubahan Iklim,https://news.detik.com/berita/d-8249800/eddy-soeparno-paparkan-strategi-manajemen-krisis-hadapi-perubahan-iklim,"
Senin, 08 Des 2025 19:55 WIB "
Waka MPR Dorong Pemda Terapkan Kebijakan Belajar Fleksibel Pascabencana,https://news.detik.com/berita/d-8249808/waka-mpr-dorong-pemda-terapkan-kebijakan-belajar-fleksibel-pascabencana,"
Senin, 08 Des 2025 19:59 WIB "
"Video: Heboh Eks GAM Minta Jatah Bantuan, Gubernur Mualem Buka Suara",https://20.detik.com/detikupdate/20251208-251208119/video-heboh-eks-gam-minta-jatah-bantuan-gubernur-mualem-buka-suara,"
Senin, 08 Des 2025 20:27 WIB "
Akpol Peduli Bencana Kirim Bantuan untuk Korban Banjir di Sumatera,https://news.detik.com/berita/d-8249851/akpol-peduli-bencana-kirim-bantuan-untuk-korban-banjir-di-sumatera,"
Senin, 08 Des 2025 20:32 WIB "
Video Dasco Minta Kemendagri Berhentikan Sementara Bupati Aceh Selatan,https://20.detik.com/detikupdate/20251208-251208114/video-dasco-minta-kemendagri-berhentikan-sementara-bupati-aceh-selatan,"
Senin, 08 Des 2025 20:57 WIB "
Gajah-gajah Terlatih Dilibatkan Bersihkan Puing Banjir Bandang di Aceh,https://news.detik.com/berita/d-8249940/gajah-gajah-terlatih-dilibatkan-bersihkan-puing-banjir-bandang-di-aceh,"
Senin, 08 Des 2025 21:25 WIB "
Bareskrim Ungkap Ada Aktivitas Illegal Logging di Hulu Sungai Tamiang Aceh,https://news.detik.com/berita/d-8249958/bareskrim-ungkap-ada-aktivitas-illegal-logging-di-hulu-sungai-tamiang-aceh,"
Senin, 08 Des 2025 21:40 WIB "
Video: KLH Dalami Kemungkinan Cemaran Sampah B3 Pascabanjir Sumatera,https://20.detik.com/detikupdate/20251208-251208127/video-klh-dalami-kemungkinan-cemaran-sampah-b3-pascabanjir-sumatera,"
Senin, 08 Des 2025 22:31 WIB "
"Viral Dugaan Ada Mayat di Mobil-mobil Tersapu Banjir Aceh Tamiang, Ini Faktanya",https://news.detik.com/berita/d-8250036/viral-dugaan-ada-mayat-di-mobil-mobil-tersapu-banjir-aceh-tamiang-ini-faktanya,"
Senin, 08 Des 2025 23:57 WIB "
Bantuan Rp 60 Juta/Rumah Rusak Akibat Bencana Sumatera Disetujui Prabowo,https://news.detik.com/berita/d-8250092/bantuan-rp-60-juta-rumah-rusak-akibat-bencana-sumatera-disetujui-prabowo,"
Selasa, 09 Des 2025 06:04 WIB "
"Sejumlah Lokasi di Sumut Terisolasi, BNPB Ungkap Kondisi Warga",https://news.detik.com/berita/d-8250096/sejumlah-lokasi-di-sumut-terisolasi-bnpb-ungkap-kondisi-warga,"
Selasa, 09 Des 2025 06:18 WIB "
Bupati Aceh Selatan Minta Maaf Usai Umrah Tanpa Izin di Tengah Bencana,https://news.detik.com/berita/d-8250129/bupati-aceh-selatan-minta-maaf-usai-umrah-tanpa-izin-di-tengah-bencana,"
Selasa, 09 Des 2025 07:12 WIB "
Video: Bupati Aceh Selatan Minta Maaf Usai Umrah saat Darurat Bencana,https://20.detik.com/detikupdate/20251209-251209012/video-bupati-aceh-selatan-minta-maaf-usai-umrah-saat-darurat-bencana,"
Selasa, 09 Des 2025 07:25 WIB "
Ketua DPD PDI Perjuangan Aceh Turun Langsung Kawal Aksi Tanggap Bencana,https://news.detik.com/berita/d-8250299/ketua-dpd-pdi-perjuangan-aceh-turun-langsung-kawal-aksi-tanggap-bencana,"
Selasa, 09 Des 2025 09:45 WIB "
Andre Rosiade Dukung Menteri PU Bikin Flyover Lembah Anai Sumbar,https://news.detik.com/berita/d-8250303/andre-rosiade-dukung-menteri-pu-bikin-flyover-lembah-anai-sumbar,"
Selasa, 09 Des 2025 09:46 WIB "
Bencana Sumatera dan Pentingnya Mengelola DAS Sebagai Rumah Kita Bersama,https://news.detik.com/kolom/d-8250310/bencana-sumatera-dan-pentingnya-mengelola-das-sebagai-rumah-kita-bersama,"
Selasa, 09 Des 2025 09:49 WIB "
"Lapor Presiden, Pertamina Fokus Distribusi BBM dan LPG Terisolir",https://news.detik.com/berita/d-8250328/lapor-presiden-pertamina-fokus-distribusi-bbm-dan-lpg-terisolir,"
Selasa, 09 Des 2025 10:03 WIB "
Pertamina Salurkan Air Bersih Siap Minum bagi Warga Aceh Tamiang,https://news.detik.com/berita/d-8250331/pertamina-salurkan-air-bersih-siap-minum-bagi-warga-aceh-tamiang,"
Selasa, 09 Des 2025 10:06 WIB "
Ketika Lingkungan Menyelamatkan Ekonomi Kita,https://news.detik.com/kolom/d-8250369/ketika-lingkungan-menyelamatkan-ekonomi-kita,"
Selasa, 09 Des 2025 10:34 WIB "
Perlukah Status Bencana Nasional?,https://news.detik.com/kolom/d-8250406/perlukah-status-bencana-nasional,"
Selasa, 09 Des 2025 10:52 WIB "
"Komisi II DPR: Walaupun Bupati Aceh Selatan Minta Maaf, Harus Disanksi",https://news.detik.com/berita/d-8250469/komisi-ii-dpr-walaupun-bupati-aceh-selatan-minta-maaf-harus-disanksi,"
Selasa, 09 Des 2025 11:26 WIB "
Polisi Bikin Jembatan Darurat di Agam yang Sempat Terbawa Arus Sungai,https://news.detik.com/melindungi-tuah-marwah/d-8250487/polisi-bikin-jembatan-darurat-di-agam-yang-sempat-terbawa-arus-sungai,"
Selasa, 09 Des 2025 11:32 WIB "
"Temui Gubernur Aceh, Walkot Pekanbaru Serahkan Bantuan Kemanusiaan Rp 1,5 M",https://news.detik.com/berita/d-8250534/temui-gubernur-aceh-walkot-pekanbaru-serahkan-bantuan-kemanusiaan-rp-1-5-m,"
Selasa, 09 Des 2025 12:04 WIB "
Kemensos Dirikan Kamp Pengungsian di Tanah Merah Tapanuli Tengah,https://news.detik.com/berita/d-8250648/kemensos-dirikan-kamp-pengungsian-di-tanah-merah-tapanuli-tengah,"
Selasa, 09 Des 2025 12:52 WIB "
Puan Sebut Bantuan Pemerintah Masih Cukup Tangani Bencana di Sumatera,https://news.detik.com/berita/d-8250751/puan-sebut-bantuan-pemerintah-masih-cukup-tangani-bencana-di-sumatera,"
Selasa, 09 Des 2025 13:31 WIB "
Siti Fauziah Serukan Kepedulian pada Korban Bencana Alam,https://news.detik.com/berita/d-8250792/siti-fauziah-serukan-kepedulian-pada-korban-bencana-alam,"
Selasa, 09 Des 2025 13:50 WIB "
Menhan soal Mualem Libatkan Relawan China Cari Korban Banjir: Itu Personal,https://news.detik.com/berita/d-8250806/menhan-soal-mualem-libatkan-relawan-china-cari-korban-banjir-itu-personal,"
Selasa, 09 Des 2025 13:59 WIB "
Cara BKSDA agar Gajah-gajah Tak Stres Saat Singkirkan Puing Banjir Bandang Aceh,https://news.detik.com/berita/d-8250922/cara-bksda-agar-gajah-gajah-tak-stres-saat-singkirkan-puing-banjir-bandang-aceh,"
Selasa, 09 Des 2025 14:40 WIB "
Ketua Komisi V DPR Kritik Penetapan Status Bencana di Minggu Pertama Lambat,https://news.detik.com/berita/d-8250950/ketua-komisi-v-dpr-kritik-penetapan-status-bencana-di-minggu-pertama-lambat,"
Selasa, 09 Des 2025 14:50 WIB "
Jasa Marga Gerak Cepat Salurkan Bantuan untuk Korban Bencana Sumatera,https://news.detik.com/berita/d-8250988/jasa-marga-gerak-cepat-salurkan-bantuan-untuk-korban-bencana-sumatera,"
Selasa, 09 Des 2025 15:04 WIB "
Video: 4 Gajah Terlatih Bantu Bersihkan Puing Banjir Bandang di Aceh,https://20.detik.com/detikupdate/20251209-251209052/video-4-gajah-terlatih-bantu-bersihkan-puing-banjir-bandang-di-aceh,"
Selasa, 09 Des 2025 15:19 WIB "
Ahmad Luthfi Siap Tanggung Biaya Kos Mahasiswa Korban Bencana Sumatera,https://news.detik.com/bangun-indonesia/d-8251037/ahmad-luthfi-siap-tanggung-biaya-kos-mahasiswa-korban-bencana-sumatera,"
Selasa, 09 Des 2025 15:24 WIB "
Warga Desa Blang Panjoe Aceh Sambut Haru Bantuan dari ESDM dan PLN,https://news.detik.com/berita/d-8250591/warga-desa-blang-panjoe-aceh-sambut-haru-bantuan-dari-esdm-dan-pln,"
Selasa, 09 Des 2025 15:31 WIB "
Menhan Sebut RI Bisa Atasi Bencana Sumatera Sendiri: Beda Saat Hadapi Tsunami Dulu,https://news.detik.com/berita/d-8251096/menhan-sebut-ri-bisa-atasi-bencana-sumatera-sendiri-beda-saat-hadapi-tsunami-dulu,"
Selasa, 09 Des 2025 15:40 WIB "
Bupati Aceh Selatan Diberhentikan Sementara!,https://news.detik.com/berita/d-8251117/bupati-aceh-selatan-diberhentikan-sementara,"
Selasa, 09 Des 2025 15:48 WIB "
Komisi V DPR Usul Dana MBG Tak Terserap Dialihkan untuk Bencana Sumatera,https://news.detik.com/berita/d-8251132/komisi-v-dpr-usul-dana-mbg-tak-terserap-dialihkan-untuk-bencana-sumatera,"
Selasa, 09 Des 2025 15:51 WIB "
"Dikawal Jet JF-17 Thunder, Prabowo Puji Sambutan Hangat di Pakistan",https://news.detik.com/berita/d-8251232/dikawal-jet-jf-17-thunder-prabowo-puji-sambutan-hangat-di-pakistan,"
Selasa, 09 Des 2025 16:17 WIB "
"Bupati Aceh Selatan Diberhentikan Sementara, Wabup Ditunjuk Jadi Plt Bupati",https://news.detik.com/berita/d-8251252/bupati-aceh-selatan-diberhentikan-sementara-wabup-ditunjuk-jadi-plt-bupati,"
Selasa, 09 Des 2025 16:25 WIB "
"Mualem Libatkan Relawan China Cari Korban Bencana, Waka MPR: Nggak Salah",https://news.detik.com/berita/d-8251274/mualem-libatkan-relawan-china-cari-korban-bencana-waka-mpr-nggak-salah,"
Selasa, 09 Des 2025 16:39 WIB "
Video: Bupati Aceh Selatan Diberhentikan Sementara Selama 3 Bulan,https://20.detik.com/detikupdate/20251209-251209072/video-bupati-aceh-selatan-diberhentikan-sementara-selama-3-bulan,"
Selasa, 09 Des 2025 17:04 WIB "
Alasan Mendagri Berhentikan Sementara Mirwan MS sebagai Bupati Aceh Selatan,https://news.detik.com/berita/d-8251368/alasan-mendagri-berhentikan-sementara-mirwan-ms-sebagai-bupati-aceh-selatan,"
Selasa, 09 Des 2025 17:16 WIB "
"Pakistan Akan Kirim Dokter-Profesor ke RI, Prabowo Sebut Bantuan Krusial",https://news.detik.com/berita/d-8251397/pakistan-akan-kirim-dokter-profesor-ke-ri-prabowo-sebut-bantuan-krusial,"
Selasa, 09 Des 2025 17:27 WIB "
PKS Respons Bahlil soal Dukungan 2029: Tak Elok Bahas Politik Saat Bencana,https://news.detik.com/berita/d-8251431/pks-respons-bahlil-soal-dukungan-2029-tak-elok-bahas-politik-saat-bencana,"
Selasa, 09 Des 2025 17:46 WIB "
Video: Korban Meninggal Bencana Sumatera Bertambah Jadi 964,https://20.detik.com/detikupdate/20251209-251209078/video-korban-meninggal-bencana-sumatera-bertambah-jadi-964-,"
Selasa, 09 Des 2025 18:08 WIB "
"Korban Tewas Bencana Sumatera Bertambah Jadi 964 Orang, 264 Masih Hilang",https://news.detik.com/berita/d-8251651/korban-tewas-bencana-sumatera-bertambah-jadi-964-orang-264-masih-hilang,"
Selasa, 09 Des 2025 19:52 WIB "
Malapetaka Ekologis di Separuh Pulau Sumatera,https://news.detik.com/x/detail/spotlight/20251209/Malapetaka-Ekologis-di-Separuh-Pulau-Sumatera/,"
Selasa, 09 Des 2025 20:01 WIB "
Anggota DPR Minta Menhut Segera Ungkap Sindikat Illegal Logging,https://news.detik.com/berita/d-8251791/anggota-dpr-minta-menhut-segera-ungkap-sindikat-illegal-logging,"
Selasa, 09 Des 2025 21:21 WIB "
Legislator Puji Prabowo Bebaskan Utang KUR Petani Terdampak Bencana,https://news.detik.com/berita/d-8251805/legislator-puji-prabowo-bebaskan-utang-kur-petani-terdampak-bencana,"
Selasa, 09 Des 2025 21:37 WIB "
Tolong! Warga Aceh Tamiang Masih Kekurangan Air Bersih hingga Pakaian,https://news.detik.com/berita/d-8251822/tolong-warga-aceh-tamiang-masih-kekurangan-air-bersih-hingga-pakaian,"
Selasa, 09 Des 2025 21:55 WIB "
Banjir Bandang Sebabkan 1.975 Hektare Kebun-46 Sekolah di Nagan Raya Aceh Rusak,https://news.detik.com/berita/d-8251947/banjir-bandang-sebabkan-1-975-hektare-kebun-46-sekolah-di-nagan-raya-aceh-rusak,"
Rabu, 10 Des 2025 04:32 WIB "
Brimob Ikut Bantu Normalisasi Listrik di Aceh Tamiang Usai Dilanda Bencana,https://news.detik.com/berita/d-8251950/brimob-ikut-bantu-normalisasi-listrik-di-aceh-tamiang-usai-dilanda-bencana,"
Rabu, 10 Des 2025 04:53 WIB "
Sanksi Pemberhentian Sementara bagi Bupati Aceh Selatan,https://news.detik.com/berita/d-8252058/sanksi-pemberhentian-sementara-bagi-bupati-aceh-selatan,"
Rabu, 10 Des 2025 08:07 WIB "
"Update Korban Bencana Aceh dan Sumatera: 967 Orang Tewas, 262 Masih Hilang",https://news.detik.com/berita/d-8252062/update-korban-bencana-aceh-dan-sumatera-967-orang-tewas-262-masih-hilang,"
Rabu, 10 Des 2025 08:12 WIB "
Mensos Sebut Kolaborasi Banyak Pihak Dorong Pemulihan di Sumatera,https://news.detik.com/berita/d-8252067/mensos-sebut-kolaborasi-banyak-pihak-dorong-pemulihan-di-sumatera,"
Rabu, 10 Des 2025 08:21 WIB "
Cerita Warga Aceh Tamiang Dayung Perahu 2 Jam di Tengah Malam Saat Banjir,https://news.detik.com/berita/d-8252081/cerita-warga-aceh-tamiang-dayung-perahu-2-jam-di-tengah-malam-saat-banjir,"
Rabu, 10 Des 2025 08:42 WIB "
Video Pakar Kehutanan ke Kontributor Dosa Ekologis: Sudah Saatnya Berhenti,https://20.detik.com/detikupdate/20251210-251210017/video-pakar-kehutanan-ke-kontributor-dosa-ekologis-sudah-saatnya-berhenti,"
Rabu, 10 Des 2025 09:21 WIB "
"Kejar Target Perekaman Penduduk, Tito Minta Ditjen Dukcapil Lebih Agresif",https://news.detik.com/berita/d-8252191/kejar-target-perekaman-penduduk-tito-minta-ditjen-dukcapil-lebih-agresif,"
Rabu, 10 Des 2025 10:10 WIB "
Video: Jokowi Pernah Ungkit Prabowo Punya Lahan 120.000 Ha di Aceh Tengah,https://20.detik.com/detikupdate/20251210-251210016/video-jokowi-pernah-ungkit-prabowo-punya-lahan-120000-ha-di-aceh-tengah,"
Rabu, 10 Des 2025 10:19 WIB "
Korban Banjir Aceh Tamiang Berenang Cari Bantuan hingga Makan Roti Hanyut,https://news.detik.com/berita/d-8252309/korban-banjir-aceh-tamiang-berenang-cari-bantuan-hingga-makan-roti-hanyut,"
Rabu, 10 Des 2025 11:10 WIB "
225 Siswa Sekolah Rakyat Aceh Dipulangkan Sementara Akibat Banjir,https://news.detik.com/berita/d-8252310/225-siswa-sekolah-rakyat-aceh-dipulangkan-sementara-akibat-banjir,"
Rabu, 10 Des 2025 11:11 WIB "
Gus Ipul Tegaskan Donasi Publik untuk Bencana Sumatera Tidak Dibatasi,https://news.detik.com/berita/d-8252584/gus-ipul-tegaskan-donasi-publik-untuk-bencana-sumatera-tidak-dibatasi,"
Rabu, 10 Des 2025 13:23 WIB "
Video Dongeng Anies Baswedan Hapus Lara di Tenda Pengungsian di Tamiang,https://20.detik.com/detikupdate/20251210-251210041/video-dongeng-anies-baswedan-hapus-lara-di-tenda-pengungsian-di-tamiang,"
Rabu, 10 Des 2025 14:46 WIB "
Seorang WN Malaysia Masih Hilang Akibat Bencana di Sumbar,https://news.detik.com/berita/d-8252874/seorang-wn-malaysia-masih-hilang-akibat-bencana-di-sumbar,"
Rabu, 10 Des 2025 15:47 WIB "
"Komisi IV DPR: Patungan Beli Hutan Niat Baik, Harusnya Pemerintah Evaluasi",https://news.detik.com/berita/d-8252930/komisi-iv-dpr-patungan-beli-hutan-niat-baik-harusnya-pemerintah-evaluasi,"
Rabu, 10 Des 2025 16:11 WIB "
"969 Orang Tewas Akibat Bencana Sumatera, Terbanyak di Kabupaten Agam",https://news.detik.com/berita/d-8253005/969-orang-tewas-akibat-bencana-sumatera-terbanyak-di-kabupaten-agam,"
Rabu, 10 Des 2025 16:39 WIB "
"Walkot Pekanbaru Temui Wagub Sumbar, Serahkan Bantuan Rp 1,5 Miliar",https://news.detik.com/berita/d-8253308/walkot-pekanbaru-temui-wagub-sumbar-serahkan-bantuan-rp-1-5-miliar,"
Rabu, 10 Des 2025 18:44 WIB "
Putin Sampaikan Duka atas Bencana Sumatera Saat Bertemu Prabowo di Rusia,https://news.detik.com/berita/d-8253347/putin-sampaikan-duka-atas-bencana-sumatera-saat-bertemu-prabowo-di-rusia,"
Rabu, 10 Des 2025 19:10 WIB "
Video Putin Ucapkan Duka atas Bencana Banjir Sumatera,https://20.detik.com/detikupdate/20251210-251210089/video-putin-ucapkan-duka-atas-bencana-banjir-sumatera,"
Rabu, 10 Des 2025 20:44 WIB "
Mendagri Perintahkan Dukcapil Kirim Tim ke 3 Provinsi Terdampak Bencana,https://news.detik.com/berita/d-8253492/mendagri-perintahkan-dukcapil-kirim-tim-ke-3-provinsi-terdampak-bencana,"
Rabu, 10 Des 2025 20:49 WIB "
Kemenbud Beri Bantuan dan Gelar Aksi Solidaritas Kebudayaan untuk Aceh,https://news.detik.com/berita/d-8253495/kemenbud-beri-bantuan-dan-gelar-aksi-solidaritas-kebudayaan-untuk-aceh,"
Rabu, 10 Des 2025 20:51 WIB "
Ketua FPG MPR RI Dorong Obligasi Daerah untuk Perkuat Kemandirian Fiskal,https://news.detik.com/berita/d-8253510/ketua-fpg-mpr-ri-dorong-obligasi-daerah-untuk-perkuat-kemandirian-fiskal,"
Rabu, 10 Des 2025 21:04 WIB "
Gus Ipul Jelaskan Pentingnya Izin Donasi Bencana untuk Jamin Kredibilitas,https://news.detik.com/berita/d-8253593/gus-ipul-jelaskan-pentingnya-izin-donasi-bencana-untuk-jamin-kredibilitas,"
Rabu, 10 Des 2025 22:10 WIB "
"Waketum PKB Kunjungi Pidie Jaya Aceh, Dorong Percepatan Hunian Sementara",https://news.detik.com/berita/d-8253724/waketum-pkb-kunjungi-pidie-jaya-aceh-dorong-percepatan-hunian-sementara,"
Kamis, 11 Des 2025 00:55 WIB "
Warga Aceh Keluhkan soal Sanitasi dan Air Bersih Pascabencana,https://news.detik.com/berita/d-8253730/warga-aceh-keluhkan-soal-sanitasi-dan-air-bersih-pascabencana,"
Kamis, 11 Des 2025 02:50 WIB "
"Listrik di Aceh Tamiang Masih Banyak yang Padam, Warga Bakar Kayu-Pakai Genset",https://news.detik.com/berita/d-8253816/listrik-di-aceh-tamiang-masih-banyak-yang-padam-warga-bakar-kayu-pakai-genset,"
Kamis, 11 Des 2025 07:56 WIB "
"Waspada Potensi Curah Hujan Tinggi sampai Januari 2026, Ini Daftar Wilayahnya",https://news.detik.com/berita/d-8253857/waspada-potensi-curah-hujan-tinggi-sampai-januari-2026-ini-daftar-wilayahnya,"
Kamis, 11 Des 2025 08:35 WIB "
Anggota DPR Kritik BKSDA Aceh Kerahkan Gajah Singkirkan Kayu Sisa Banjir,https://news.detik.com/berita/d-8253887/anggota-dpr-kritik-bksda-aceh-kerahkan-gajah-singkirkan-kayu-sisa-banjir,"
Kamis, 11 Des 2025 09:02 WIB "
Video: Listrik di Aceh Tamiang Masih Belum Menyala!,https://20.detik.com/detikupdate/20251211-251211016/video-listrik-di-aceh-tamiang-masih-belum-menyala,"
Kamis, 11 Des 2025 09:16 WIB "
Polri Siapkan Dapur Lapangan-Trauma Healing di Posko Pengungsian Aceh Tamiang,https://news.detik.com/berita/d-8253967/polri-siapkan-dapur-lapangan-trauma-healing-di-posko-pengungsian-aceh-tamiang,"
Kamis, 11 Des 2025 09:51 WIB "
Sejumlah Rumah Sakit di Aceh Berangsur Beroperasi Tangani Korban Bencana,https://news.detik.com/berita/d-8253990/sejumlah-rumah-sakit-di-aceh-berangsur-beroperasi-tangani-korban-bencana,"
Kamis, 11 Des 2025 10:02 WIB "
Kapolri Tinjau Pembersihan SD hingga Masjid yang Terdampak Bencana di Aceh Tamiang,https://news.detik.com/berita/d-8254089/kapolri-tinjau-pembersihan-sd-hingga-masjid-yang-terdampak-bencana-di-aceh-tamiang,"
Kamis, 11 Des 2025 10:46 WIB "
Andra Soni-Dimyati Bakal Serahkan Langsung Bantuan Bencana Sumatera,https://news.detik.com/berita/d-8254096/andra-soni-dimyati-bakal-serahkan-langsung-bantuan-bencana-sumatera,"
Kamis, 11 Des 2025 10:52 WIB "
Gubernur Aceh Sebut Tim China Kewalahan Cari Korban Banjir karena Banyak Kayu,https://news.detik.com/berita/d-8254272/gubernur-aceh-sebut-tim-china-kewalahan-cari-korban-banjir-karena-banyak-kayu,"
Kamis, 11 Des 2025 12:24 WIB "
"Ketum Bhayangkari Beri Bantuan di Pengungsian Aceh Tamiang, Hibur dan Kuatkan Korban",https://news.detik.com/berita/d-8254389/ketum-bhayangkari-beri-bantuan-di-pengungsian-aceh-tamiang-hibur-dan-kuatkan-korban,"
Kamis, 11 Des 2025 13:09 WIB "
"SPIKE Air Dome PIK 2, Ikon Baru Destinasi Event Internasional",https://news.detik.com/berita/d-8254404/spike-air-dome-pik-2-ikon-baru-destinasi-event-internasional,"
Kamis, 11 Des 2025 13:15 WIB "
Korban Tewas Bencana Aceh-Sumut-Sumbar Bertambah Jadi 986 Orang,https://news.detik.com/berita/d-8254847/korban-tewas-bencana-aceh-sumut-sumbar-bertambah-jadi-986-orang,"
Kamis, 11 Des 2025 16:07 WIB "
Kementerian PU Normalisasi Sungai hingga Perbaiki Jalan Usai Banjir Sumatera,https://news.detik.com/berita/d-8254883/kementerian-pu-normalisasi-sungai-hingga-perbaiki-jalan-usai-banjir-sumatera,"
Kamis, 11 Des 2025 16:19 WIB "
Kapolri Tinjau Posko Kesehatan dan Dapur Umum Pengungsian di Aceh Tengah,https://news.detik.com/berita/d-8254969/kapolri-tinjau-posko-kesehatan-dan-dapur-umum-pengungsian-di-aceh-tengah,"
Kamis, 11 Des 2025 16:46 WIB "
"Kapolri Tinjau Posko Pengungsian Aceh Tengah, Distribusikan Makanan dan Obat-obatan",https://news.detik.com/berita/d-8254985/kapolri-tinjau-posko-pengungsian-aceh-tengah-distribusikan-makanan-dan-obat-obatan,"
Kamis, 11 Des 2025 16:56 WIB "
"Rumah Korban Banjir di Aceh Dipenuhi Lumpur, Warga Butuh Penyedot",https://news.detik.com/berita/d-8255066/rumah-korban-banjir-di-aceh-dipenuhi-lumpur-warga-butuh-penyedot,"
Kamis, 11 Des 2025 17:27 WIB "
Kapolri Ungkap Fokus Utama Bangun Jalur untuk Kirim Logistik di Aceh,https://news.detik.com/berita/d-8255118/kapolri-ungkap-fokus-utama-bangun-jalur-untuk-kirim-logistik-di-aceh,"
Kamis, 11 Des 2025 17:48 WIB "
"Dorong Pemerataan Akses Pendidikan, Polygon Bikes Salurkan Sepeda di NTT",https://news.detik.com/berita/d-8255221/dorong-pemerataan-akses-pendidikan-polygon-bikes-salurkan-sepeda-di-ntt,"
Kamis, 11 Des 2025 18:17 WIB "
Video: Korban Meninggal Bencana Sumatera Jadi 990,https://20.detik.com/detikupdate/20251211-251211079/video-korban-meninggal-bencana-sumatera-jadi-990,"
Kamis, 11 Des 2025 19:32 WIB "
Kala Air Tajin Jadi Penyelamat Bayi Newborn Saat Banjir Terjang Aceh Tamiang,https://news.detik.com/berita/d-8255351/kala-air-tajin-jadi-penyelamat-bayi-newborn-saat-banjir-terjang-aceh-tamiang,"
Kamis, 11 Des 2025 19:52 WIB "
Komisi VI DPR Minta Listrik di Wilayah Bencana Segera Dipulihkan 100%,https://news.detik.com/berita/d-8255414/komisi-vi-dpr-minta-listrik-di-wilayah-bencana-segera-dipulihkan-100,"
Kamis, 11 Des 2025 20:26 WIB "
Jembatan Penghubung Bireuen-Bener Meriah Diperbaiki Usai Diterjang Banjir,https://news.detik.com/berita/d-8255444/jembatan-penghubung-bireuen-bener-meriah-diperbaiki-usai-diterjang-banjir,"
Kamis, 11 Des 2025 20:50 WIB "
"112 Ribu Rumah Terdampak Banjir Sumatera, Kerusakan Terbanyak di Aceh",https://news.detik.com/berita/d-8255449/112-ribu-rumah-terdampak-banjir-sumatera-kerusakan-terbanyak-di-aceh,"
Kamis, 11 Des 2025 20:55 WIB "
'Bencana Sosial' di Bumi Bencana,https://news.detik.com/kolom/d-8255490/bencana-sosial-di-bumi-bencana,"
Kamis, 11 Des 2025 21:12 WIB "
Sisa Banjir Aceh Tamiang: Truk Bertumpuk-Rumah Bergeser ke Jalan,https://news.detik.com/berita/d-8255522/sisa-banjir-aceh-tamiang-truk-bertumpuk-rumah-bergeser-ke-jalan,"
Kamis, 11 Des 2025 21:46 WIB "
Lansia di Aceh Cerita Momen Mencekam Saat Banjir: Saya Hanyut Sama Gubuk,https://news.detik.com/berita/d-8255538/lansia-di-aceh-cerita-momen-mencekam-saat-banjir-saya-hanyut-sama-gubuk,"
Kamis, 11 Des 2025 22:08 WIB "
"Kemensos Sumbang Rp 86,1 M Bantu Korban Bencana Sumatera",https://news.detik.com/berita/d-8255616/kemensos-sumbang-rp-86-1-m-bantu-korban-bencana-sumatera,"
Jumat, 12 Des 2025 02:50 WIB "
"Prabowo Tiba di Sumut Usai Lawatan ke Pakistan-Rusia, Bakal Tinjau Aceh",https://news.detik.com/berita/d-8255621/prabowo-tiba-di-sumut-usai-lawatan-ke-pakistan-rusia-bakal-tinjau-aceh,"
Jumat, 12 Des 2025 03:38 WIB "
Video: Prabowo Bakal Tinjau Aceh Usai Lawatan ke Pakistan-Rusia,https://20.detik.com/detikupdate/20251212-251212008/video-prabowo-bakal-tinjau-aceh-usai-lawatan-ke-pakistan-rusia,"
Jumat, 12 Des 2025 05:52 WIB "
Kepala BPJPH Serahkan Bantuan Rp 500 Juta untuk Korban Bencana di Aceh,https://news.detik.com/berita/d-8255706/kepala-bpjph-serahkan-bantuan-rp-500-juta-untuk-korban-bencana-di-aceh,"
Jumat, 12 Des 2025 07:52 WIB "
"Ketiga Kalinya, Prabowo Tinjau Lokasi Terdampak Banjir di Aceh Hari Ini",https://news.detik.com/berita/d-8255810/ketiga-kalinya-prabowo-tinjau-lokasi-terdampak-banjir-di-aceh-hari-ini,"
Jumat, 12 Des 2025 09:19 WIB "
Astra Salurkan Bantuan Penanganan Bencana untuk 3 Provinsi di Sumatera,https://news.detik.com/berita/d-8255816/astra-salurkan-bantuan-penanganan-bencana-untuk-3-provinsi-di-sumatera,"
Jumat, 12 Des 2025 09:24 WIB "
"Naik Helikopter, Prabowo Berangkat ke Aceh Tamiang Tinjau Posko Pengungsian",https://news.detik.com/berita/d-8255834/naik-helikopter-prabowo-berangkat-ke-aceh-tamiang-tinjau-posko-pengungsian,"
Jumat, 12 Des 2025 09:34 WIB "
"990 Orang Jadi Korban Tewas Bencana Sumatera, 222 Warga Masih Hilang",https://news.detik.com/berita/d-8255861/990-orang-jadi-korban-tewas-bencana-sumatera-222-warga-masih-hilang,"
Jumat, 12 Des 2025 09:52 WIB "
25 Tahun Desentralisasi dan Ujian Relevansi,https://news.detik.com/kolom/d-8255939/25-tahun-desentralisasi-dan-ujian-relevansi,"
Jumat, 12 Des 2025 10:34 WIB "
Kemenbud Beri Bantuan & Identifikasi Kerusakan Cagar Budaya di Sumbar,https://news.detik.com/berita/d-8255954/kemenbud-beri-bantuan-identifikasi-kerusakan-cagar-budaya-di-sumbar,"
Jumat, 12 Des 2025 10:38 WIB "
Kakorlantas Lepas Tim Kemanusiaan hingga Sembako untuk Korban Bencana Aceh-Sumatera,https://news.detik.com/berita/d-8255980/kakorlantas-lepas-tim-kemanusiaan-hingga-sembako-untuk-korban-bencana-aceh-sumatera,"
Jumat, 12 Des 2025 10:46 WIB "
Kakorlantas Kirim Tim Permudah Korban Bencana Aceh-Sumatera Urus SIM-STNK-BPKB,https://news.detik.com/berita/d-8256020/kakorlantas-kirim-tim-permudah-korban-bencana-aceh-sumatera-urus-sim-stnk-bpkb,"
Jumat, 12 Des 2025 11:06 WIB "
Disrupsi Alam dan Kebutaan Akademik Kita,https://news.detik.com/kolom/d-8256170/disrupsi-alam-dan-kebutaan-akademik-kita,"
Jumat, 12 Des 2025 12:44 WIB "
Momen Prabowo Sapa hingga Beri Mainan Anak-anak Korban Bencana Aceh Tamiang,https://news.detik.com/berita/d-8256205/momen-prabowo-sapa-hingga-beri-mainan-anak-anak-korban-bencana-aceh-tamiang,"
Jumat, 12 Des 2025 12:56 WIB "
"Usai dari Aceh Tamiang, Prabowo Lanjut Tinjau Dampak Bencana di Takengon",https://news.detik.com/berita/d-8256224/usai-dari-aceh-tamiang-prabowo-lanjut-tinjau-dampak-bencana-di-takengon,"
Jumat, 12 Des 2025 13:03 WIB "
Prabowo di Aceh Tamiang: Kita Tak Boleh Tebang Pohon Sembarangan,https://news.detik.com/berita/d-8256241/prabowo-di-aceh-tamiang-kita-tak-boleh-tebang-pohon-sembarangan,"
Jumat, 12 Des 2025 13:16 WIB "
Video: Momen Prabowo sapa Anak-anak Korban Bencana di Aceh,https://20.detik.com/detikupdate/20251212-251212034/video-momen-prabowo-sapa-anak-anak-korban-bencana-di-aceh,"
Jumat, 12 Des 2025 13:25 WIB "
"JAPFA Distribusikan Bantuan untuk Korban Banjir di Aceh, Sumut, & Sumbar",https://news.detik.com/berita/d-8256403/japfa-distribusikan-bantuan-untuk-korban-banjir-di-aceh-sumut-sumbar,"
Jumat, 12 Des 2025 14:18 WIB "
"Jembatan Darurat Penghubung Nagan Raya-Aceh Tengah Rampung, Bisa Dilalui Motor",https://news.detik.com/berita/d-8256433/jembatan-darurat-penghubung-nagan-raya-aceh-tengah-rampung-bisa-dilalui-motor,"
Jumat, 12 Des 2025 14:30 WIB "
Komisi VIII Minta Pemerintah Percepat Pemulihan Sarana Pendidikan di Aceh,https://news.detik.com/berita/d-8256498/komisi-viii-minta-pemerintah-percepat-pemulihan-sarana-pendidikan-di-aceh,"
Jumat, 12 Des 2025 14:56 WIB "
Malaysia Beri Bantuan RM 500 ke Pelajar Asal RI Terdampak Bencana Sumatera,https://news.detik.com/internasional/d-8256522/malaysia-beri-bantuan-rm-500-ke-pelajar-asal-ri-terdampak-bencana-sumatera,"
Jumat, 12 Des 2025 15:03 WIB "
"Tinjau Dapur Umum di Aceh Tamiang, Gus Ipul Beri Semangat Para Relawan",https://news.detik.com/berita/d-8256555/tinjau-dapur-umum-di-aceh-tamiang-gus-ipul-beri-semangat-para-relawan,"
Jumat, 12 Des 2025 15:15 WIB "
Komisi V DPR Dorong Penanganan Kebutuhan Mendesak Korban Bencana Sumbar,https://news.detik.com/berita/d-8256513/komisi-v-dpr-dorong-penanganan-kebutuhan-mendesak-korban-bencana-sumbar,"
Jumat, 12 Des 2025 15:30 WIB "
Komisi V DPR: Jangan Denial Peringatan Bibit Siklon Tropis 93S dari BMKG,https://news.detik.com/berita/d-8256745/komisi-v-dpr-jangan-denial-peringatan-bibit-siklon-tropis-93s-dari-bmkg,"
Jumat, 12 Des 2025 16:30 WIB "
Kakorlantas Fokus Kawal Harkamtibmas dan Kamseltibcarlantas di Operasi Lilin 2025,https://news.detik.com/berita/d-8256752/kakorlantas-fokus-kawal-harkamtibmas-dan-kamseltibcarlantas-di-operasi-lilin-2025,"
Jumat, 12 Des 2025 16:33 WIB "
"Telepon Bobby, Wagub Banten Sampaikan Bantuan Warga Rp 1 M untuk Sumut",https://news.detik.com/berita/d-8256790/telepon-bobby-wagub-banten-sampaikan-bantuan-warga-rp-1-m-untuk-sumut,"
Jumat, 12 Des 2025 16:49 WIB "
Dukcapil Bantu Cetak Ulang Dokumen-Identifikasi Korban di Sumatera-Aceh,https://news.detik.com/berita/d-8256791/dukcapil-bantu-cetak-ulang-dokumen-identifikasi-korban-di-sumatera-aceh,"
Jumat, 12 Des 2025 16:49 WIB "
Prabowo di Aceh Tamiang: Insyaallah Bersama Kita Perbaiki Keadaan Ini,https://news.detik.com/berita/d-8256817/prabowo-di-aceh-tamiang-insyaallah-bersama-kita-perbaiki-keadaan-ini,"
Jumat, 12 Des 2025 17:05 WIB "
Kemendagri Minta Pemulihan Layanan Adminduk Daerah Bencana Dipercepat,https://news.detik.com/berita/d-8256894/kemendagri-minta-pemulihan-layanan-adminduk-daerah-bencana-dipercepat,"
Jumat, 12 Des 2025 17:31 WIB "
"Prabowo di Aceh: Kami Tak Punya Tongkat Nabi Musa, Bantuan Hunian Butuh Waktu",https://news.detik.com/berita/d-8256914/prabowo-di-aceh-kami-tak-punya-tongkat-nabi-musa-bantuan-hunian-butuh-waktu,"
Jumat, 12 Des 2025 17:37 WIB "
Kemensos Kirim Bantuan Tambahan untuk Pengungsi di Aceh dan Sumbar,https://news.detik.com/berita/d-8257281/kemensos-kirim-bantuan-tambahan-untuk-pengungsi-di-aceh-dan-sumbar,"
Jumat, 12 Des 2025 21:00 WIB "
Wanti-wanti dari Senayan Agar Bibit Siklon Tropis Tak Dianggap Remeh,https://news.detik.com/berita/d-8257302/wanti-wanti-dari-senayan-agar-bibit-siklon-tropis-tak-dianggap-remeh,"
Jumat, 12 Des 2025 21:15 WIB "
Harapan Korban Aceh Tamiang ke Prabowo: Semoga Kami Tetap Diperhatikan,https://news.detik.com/berita/d-8257357/harapan-korban-aceh-tamiang-ke-prabowo-semoga-kami-tetap-diperhatikan,"
Jumat, 12 Des 2025 21:44 WIB "
"Kunjungi Padang, Gubernur Banten Serahkan Bantuan ke Gubernur Sumbar",https://news.detik.com/berita/d-8257377/kunjungi-padang-gubernur-banten-serahkan-bantuan-ke-gubernur-sumbar,"
Jumat, 12 Des 2025 22:01 WIB "
"ESDM, SKK Migas, & KKKS Salurkan Bantuan untuk Korban Banjir di Sumatera",https://news.detik.com/berita/d-8257384/esdm-skk-migas-kkks-salurkan-bantuan-untuk-korban-banjir-di-sumatera,"
Jumat, 12 Des 2025 22:09 WIB "
Momen Seskab Teddy Sapa Warga Aceh hingga Ketinggalan Rombongan Presiden,https://news.detik.com/berita/d-8257517/momen-seskab-teddy-sapa-warga-aceh-hingga-ketinggalan-rombongan-presiden,"
Sabtu, 13 Des 2025 06:59 WIB "
Pembangunan Sekolah Rusak Usai Bencana di Sumatera Mulai Februari 2026,https://news.detik.com/berita/d-8257524/pembangunan-sekolah-rusak-usai-bencana-di-sumatera-mulai-februari-2026,"
Sabtu, 13 Des 2025 07:15 WIB "
Permintaan Maaf Prabowo di Aceh Tamiang,https://news.detik.com/berita/d-8257535/permintaan-maaf-prabowo-di-aceh-tamiang,"
Sabtu, 13 Des 2025 07:46 WIB "
Video: Permintaan Maaf dan Janji Prabowo Saat Temui Pengungsi di Aceh,https://20.detik.com/detikupdate/20251213-251213003/video-permintaan-maaf-dan-janji-prabowo-saat-temui-pengungsi-di-aceh,"
Sabtu, 13 Des 2025 09:24 WIB "
Dari 'Dana Tanggap Darurat' ke Arsitektur Pembiayaan Risiko Iklim,https://news.detik.com/kolom/d-8256942/dari-dana-tanggap-darurat-ke-arsitektur-pembiayaan-risiko-iklim,"
Sabtu, 13 Des 2025 10:02 WIB "
30 Ton Bantuan Berangkat ke Sumatera-Aceh via 2 Pesawat Armada Kemanusiaan,https://news.detik.com/berita/d-8257706/30-ton-bantuan-berangkat-ke-sumatera-aceh-via-2-pesawat-armada-kemanusiaan,"
Sabtu, 13 Des 2025 10:57 WIB "
"Artha Graha Bantu Penanganan Banjir Aceh Tamiang, Kirim Logistik-Tim Medis",https://news.detik.com/berita/d-8257720/artha-graha-bantu-penanganan-banjir-aceh-tamiang-kirim-logistik-tim-medis,"
Sabtu, 13 Des 2025 11:07 WIB "
"Ada Pemeliharaan, Jembatan Leuwiranji Bogor Ditutup hingga 31 Desember",https://news.detik.com/berita/d-8257721/ada-pemeliharaan-jembatan-leuwiranji-bogor-ditutup-hingga-31-desember,"
Sabtu, 13 Des 2025 11:08 WIB "
Prabowo Ungkap Kendala Listrik di Wilayah Bencana: Tak Secepat Diharapkan,https://news.detik.com/berita/d-8257951/prabowo-ungkap-kendala-listrik-di-wilayah-bencana-tak-secepat-diharapkan,"
Sabtu, 13 Des 2025 14:28 WIB "
"Menko Zulhas Tinjau SPPG yang Beralih Jadi Dapur Umum di Aceh, Beri Semangat",https://news.detik.com/berita/d-8257971/menko-zulhas-tinjau-sppg-yang-beralih-jadi-dapur-umum-di-aceh-beri-semangat,"
Sabtu, 13 Des 2025 14:53 WIB "
Menko Pangan Zulhas Cek Pemulihan Pengungsi di Aceh Tamiang-Langsa,https://news.detik.com/berita/d-8258100/menko-pangan-zulhas-cek-pemulihan-pengungsi-di-aceh-tamiang-langsa,"
Sabtu, 13 Des 2025 16:15 WIB "
Polri dan WWF Kirim Puluhan Ton Logistik untuk Korban Bencana di Aceh,https://news.detik.com/berita/d-8258140/polri-dan-wwf-kirim-puluhan-ton-logistik-untuk-korban-bencana-di-aceh,"
Sabtu, 13 Des 2025 16:35 WIB "
Ketua MPR Salurkan 5 Ribu Paket Bantuan untuk Korban Bencana di Aceh,https://news.detik.com/berita/d-8258152/ketua-mpr-salurkan-5-ribu-paket-bantuan-untuk-korban-bencana-di-aceh,"
Sabtu, 13 Des 2025 16:39 WIB "
Ahmad Muzani Salurkan Bantuan untuk Korban Bencana Alam di Aceh,https://news.detik.com/berita/d-8258174/ahmad-muzani-salurkan-bantuan-untuk-korban-bencana-alam-di-aceh,"
Sabtu, 13 Des 2025 17:11 WIB "
Kemenbud Tangani Cagar Budaya Terdampak Pascabencana di Aceh,https://news.detik.com/berita/d-8258180/kemenbud-tangani-cagar-budaya-terdampak-pascabencana-di-aceh,"
Sabtu, 13 Des 2025 17:19 WIB "
"Prabowo Tinjau Pengungsian MAN 1 Langkat, Pastikan Kebutuhan Terpenuhi",https://news.detik.com/berita/d-8258269/prabowo-tinjau-pengungsian-man-1-langkat-pastikan-kebutuhan-terpenuhi,"
Sabtu, 13 Des 2025 18:23 WIB "
"Korban Tewas Bencana Sumatera Capai 1.006 Orang, 217 Masih Hilang",https://news.detik.com/berita/d-8258300/korban-tewas-bencana-sumatera-capai-1-006-orang-217-masih-hilang,"
Sabtu, 13 Des 2025 18:49 WIB "
Video: Update Korban Jiwa Bencana Banjir Sumatera Kini 1.006 Orang,https://20.detik.com/detikupdate/20251213-251213036/video-update-korban-jiwa-bencana-banjir-sumatera-kini-1006-orang,"
Sabtu, 13 Des 2025 19:26 WIB "
"Begini Progres Pembangunan Jembatan di Aceh, Sumut dan Sumbar Pascabencana",https://news.detik.com/berita/d-8258391/begini-progres-pembangunan-jembatan-di-aceh-sumut-dan-sumbar-pascabencana,"
Sabtu, 13 Des 2025 20:37 WIB "
Mendagri Dampingi Prabowo Tinjau Pengungsi Banjir Langkat,https://news.detik.com/berita/d-8258468/mendagri-dampingi-prabowo-tinjau-pengungsi-banjir-langkat,"
Sabtu, 13 Des 2025 21:57 WIB "
Kemensos-Filantropi Kolaborasi Salurkan Logistik bagi Korban Banjir Sumatera,https://news.detik.com/berita/d-8258496/kemensos-filantropi-kolaborasi-salurkan-logistik-bagi-korban-banjir-sumatera,"
Sabtu, 13 Des 2025 22:23 WIB "
Polri Terus Tangani Bencana Aceh-Sumatera: Bangun Jembatan Darurat- Sumur Bor,https://news.detik.com/berita/d-8258575/polri-terus-tangani-bencana-aceh-sumatera-bangun-jembatan-darurat-sumur-bor,"
Minggu, 14 Des 2025 00:21 WIB "
"Pendeta di Tapteng Hilang Tersapu Banjir, Anak Tiap Hari Cari Susuri Sungai",https://news.detik.com/berita/d-8258585/pendeta-di-tapteng-hilang-tersapu-banjir-anak-tiap-hari-cari-susuri-sungai,"
Minggu, 14 Des 2025 01:32 WIB "
"Kerusakan Imbas Banjir di Aceh: 6 Madrasah, 2 Pesantren hingga 1 KUA Hilang",https://news.detik.com/berita/d-8258590/kerusakan-imbas-banjir-di-aceh-6-madrasah-2-pesantren-hingga-1-kua-hilang,"
Minggu, 14 Des 2025 04:17 WIB "
Pemerintah Dinilai Perlu Beri Insentif Khusus ke Guru Korban Bencana Sumatera,https://news.detik.com/berita/d-8258606/pemerintah-dinilai-perlu-beri-insentif-khusus-ke-guru-korban-bencana-sumatera,"
Minggu, 14 Des 2025 06:31 WIB "
Janji Prabowo di Sumatera ke Para Pengungsi Korban Bencana,https://news.detik.com/berita/d-8258686/janji-prabowo-di-sumatera-ke-para-pengungsi-korban-bencana,"
Minggu, 14 Des 2025 08:16 WIB "
"Banjir Bisa Surut, Tapi Karbon Tinggal Selamanya",https://news.detik.com/kolom/d-8256949/banjir-bisa-surut-tapi-karbon-tinggal-selamanya,"
Minggu, 14 Des 2025 10:02 WIB "
Video: Kementerian PU Kebut Pembangunan Jembatan Bailey di Aceh,https://20.detik.com/detikupdate/20251214-251214013/video-kementerian-pu-kebut-pembangunan-jembatan-bailey-di-aceh,"
Minggu, 14 Des 2025 11:17 WIB "
Ketua MPR Puji Prabowo Beri Perhatian dalam Penanganan Bencana di Sumatera,https://news.detik.com/berita/d-8258979/ketua-mpr-puji-prabowo-beri-perhatian-dalam-penanganan-bencana-di-sumatera,"
Minggu, 14 Des 2025 12:00 WIB "
Andre Rosiade Tampung Harapan Korban Banjir Agam Sumbar Soal Relokasi,https://news.detik.com/berita/d-8259260/andre-rosiade-tampung-harapan-korban-banjir-agam-sumbar-soal-relokasi,"
Minggu, 14 Des 2025 16:21 WIB "
Momen Polisi Gotong-royong Bersihkan Masjid Syuhada Aceh Tamiang yang Terdampak Banjir,https://news.detik.com/berita/d-8259275/momen-polisi-gotong-royong-bersihkan-masjid-syuhada-aceh-tamiang-yang-terdampak-banjir,"
Minggu, 14 Des 2025 16:41 WIB "
"Korban Meninggal Bencana Sumatera Jadi 1.016 Orang, 212 Masih Hilang",https://news.detik.com/berita/d-8259386/korban-meninggal-bencana-sumatera-jadi-1-016-orang-212-masih-hilang,"
Minggu, 14 Des 2025 17:41 WIB "
HS Gandeng Slank Salurkan Bantuan untuk Mahasiswa Sumatera di Semarang,https://news.detik.com/berita/d-8259546/hs-gandeng-slank-salurkan-bantuan-untuk-mahasiswa-sumatera-di-semarang,"
Minggu, 14 Des 2025 19:16 WIB "
Video BNPB Update Korban Bencana Sumatera: 1.016 Meninggal-212 Hilang,https://20.detik.com/detikupdate/20251214-251214033/video-bnpb-update-korban-bencana-sumatera-1016-meninggal-212-hilang,"
Minggu, 14 Des 2025 19:19 WIB "
BNPB Fokuskan Pencarian Korban Bencana Aceh-Sumatera di 13 Titik,https://news.detik.com/berita/d-8259560/bnpb-fokuskan-pencarian-korban-bencana-aceh-sumatera-di-13-titik,"
Minggu, 14 Des 2025 19:34 WIB "
Daftar Lokasi di Aceh-Sumbar-Sumut yang Masih Sulit Diakses Imbas Bencana,https://news.detik.com/berita/d-8259597/daftar-lokasi-di-aceh-sumbar-sumut-yang-masih-sulit-diakses-imbas-bencana,"
Minggu, 14 Des 2025 19:54 WIB "
Video: BNPB Ungkap Ada Korban Meninggal Sebelum Banjir Sumatera Ikut Ditemukan,https://20.detik.com/detikupdate/20251214-251214038/video-bnpb-ungkap-ada-korban-meninggal-sebelum-banjir-sumatera-ikut-ditemukan,"
Minggu, 14 Des 2025 20:36 WIB "
Video: Pencarian Korban Bencana Aceh-Sumatera Difokuskan di 13 Titik,https://20.detik.com/detikupdate/20251214-251214043/video-pencarian-korban-bencana-aceh-sumatera-difokuskan-di-13-titik,"
Minggu, 14 Des 2025 22:07 WIB "
BNPB Ungkap Ada Jasad dari Pemakaman Masuk Data Korban Tewas Bencana Sumatera,https://news.detik.com/berita/d-8259752/bnpb-ungkap-ada-jasad-dari-pemakaman-masuk-data-korban-tewas-bencana-sumatera,"
Minggu, 14 Des 2025 23:03 WIB "
"Prabowo Minta Tak Tebang Pohon Sembarangan, PKB Dorong Polhut Diperkuat",https://news.detik.com/berita/d-8259800/prabowo-minta-tak-tebang-pohon-sembarangan-pkb-dorong-polhut-diperkuat,"
Senin, 15 Des 2025 05:33 WIB "
"Prabowo Minta Tak Tebang Pohon Sembarangan, Komisi IV Ungkit Revisi UU",https://news.detik.com/berita/d-8259815/prabowo-minta-tak-tebang-pohon-sembarangan-komisi-iv-ungkit-revisi-uu,"
Senin, 15 Des 2025 07:02 WIB "
13 Titik Jadi Fokus Pencarian Korban Bencana Aceh-Sumatera,https://news.detik.com/berita/d-8259684/13-titik-jadi-fokus-pencarian-korban-bencana-aceh-sumatera,"
Senin, 15 Des 2025 07:58 WIB "
"WWF Indonesia dan Polri Terbangkan 22,5 Ton Bantuan untuk Korban Banjir Aceh",https://news.detik.com/berita/d-8259867/wwf-indonesia-dan-polri-terbangkan-22-5-ton-bantuan-untuk-korban-banjir-aceh,"
Senin, 15 Des 2025 07:59 WIB "
"Pengungsi di Agam Diduga Keracunan, Komisi IX DPR Minta Kemenkes Bergerak",https://news.detik.com/berita/d-8259928/pengungsi-di-agam-diduga-keracunan-komisi-ix-dpr-minta-kemenkes-bergerak,"
Senin, 15 Des 2025 08:44 WIB "
Andre Rosiade Antar 500 Nasi Bungkus ke Korban Banjir Bandang Pauh Padang,https://news.detik.com/berita/d-8259931/andre-rosiade-antar-500-nasi-bungkus-ke-korban-banjir-bandang-pauh-padang,"
Senin, 15 Des 2025 08:47 WIB "
Pertamina Umumkan 25 Pemenang Nasional Anugerah Jurnalistik Pertamina 2025,https://news.detik.com/berita/d-8259939/pertamina-umumkan-25-pemenang-nasional-anugerah-jurnalistik-pertamina-2025,"
Senin, 15 Des 2025 08:55 WIB "
Danrem Lilawangsa Bantah Tudingan Prajurit TNI Rampas Bantuan Bencana,https://news.detik.com/berita/d-8259941/danrem-lilawangsa-bantah-tudingan-prajurit-tni-rampas-bantuan-bencana,"
Senin, 15 Des 2025 08:57 WIB "
Zulhas Tinjau Lahan Pertanian Terdampak Banjir di Pidie Jaya Aceh,https://news.detik.com/berita/d-8259964/zulhas-tinjau-lahan-pertanian-terdampak-banjir-di-pidie-jaya-aceh,"
Senin, 15 Des 2025 09:13 WIB "
Kisah dari Balik Jeruji Antar Karya Jurnalis Raih Best of The Best AJP 2025,https://news.detik.com/berita/d-8259950/kisah-dari-balik-jeruji-antar-karya-jurnalis-raih-best-of-the-best-ajp-2025,"
Senin, 15 Des 2025 09:18 WIB "
Aceh Surati 2 Lembaga PBB Minta Bantuan Tangani Bencana,https://news.detik.com/berita/d-8259982/aceh-surati-2-lembaga-pbb-minta-bantuan-tangani-bencana,"
Senin, 15 Des 2025 09:30 WIB "
UEA Beri Bantuan 30 Ton Beras untuk Korban Banjir ke Pemkot Medan,https://news.detik.com/berita/d-8260006/uea-beri-bantuan-30-ton-beras-untuk-korban-banjir-ke-pemkot-medan,"
Senin, 15 Des 2025 09:46 WIB "
Melawan Korupsi Transisi Energi!,https://news.detik.com/kolom/d-8260010/melawan-korupsi-transisi-energi,"
Senin, 15 Des 2025 09:49 WIB "
"Percepat Bantuan, Cak Imin Resmikan Kembali Rute Kualanamu-Rembele",https://news.detik.com/berita/d-8260130/percepat-bantuan-cak-imin-resmikan-kembali-rute-kualanamu-rembele,"
Senin, 15 Des 2025 10:44 WIB "
Andre Rosiade Serahkan 1.500 Paket Sembako untuk Korban Banjir di Kota Solok,https://news.detik.com/berita/d-8260286/andre-rosiade-serahkan-1-500-paket-sembako-untuk-korban-banjir-di-kota-solok,"
Senin, 15 Des 2025 11:57 WIB "
"1.022 Orang Tewas Akibat Bencana Sumatera, Korban Terbanyak di Aceh",https://news.detik.com/berita/d-8260332/1-022-orang-tewas-akibat-bencana-sumatera-korban-terbanyak-di-aceh,"
Senin, 15 Des 2025 12:18 WIB "
Video Jembatan Bailey di Teupin Mane Aceh Sudah Bisa Dilalui,https://20.detik.com/detikupdate/20251215-251215042/video-jembatan-bailey-di-teupin-mane-aceh-sudah-bisa-dilalui,"
Senin, 15 Des 2025 12:46 WIB "
Lapas Sibolga Bagikan Air Bersih-Ratusan Porsi Nasgor ke Korban Banjir,https://news.detik.com/berita/d-8260492/lapas-sibolga-bagikan-air-bersih-ratusan-porsi-nasgor-ke-korban-banjir,"
Senin, 15 Des 2025 13:41 WIB "
Ulama Aceh Minta Prabowo Tetapkan Bencana Sumatera sebagai Bencana Nasional,https://news.detik.com/berita/d-8260535/ulama-aceh-minta-prabowo-tetapkan-bencana-sumatera-sebagai-bencana-nasional,"
Senin, 15 Des 2025 13:59 WIB "
Niat Prabowo Perangi Pembalakan Liar di Sumatera,https://news.detik.com/berita/d-8260534/niat-prabowo-perangi-pembalakan-liar-di-sumatera,"
Senin, 15 Des 2025 14:38 WIB "
"2 MPP di Aceh Terdampak Bencana, MenPAN-RB Pastikan Layanan Publik Berjalan",https://news.detik.com/berita/d-8260645/2-mpp-di-aceh-terdampak-bencana-menpan-rb-pastikan-layanan-publik-berjalan,"
Senin, 15 Des 2025 14:49 WIB "
"Satgas PKH Dalami Perusahaan Penyebab Bencana Sumatera, Akan Proses Pidana",https://news.detik.com/berita/d-8260754/satgas-pkh-dalami-perusahaan-penyebab-bencana-sumatera-akan-proses-pidana,"
Senin, 15 Des 2025 15:27 WIB "
Andre Rosiade Resmikan Jembatan Bailey dan Salurkan Bantuan Sembako di Solok,https://news.detik.com/berita/d-8260825/andre-rosiade-resmikan-jembatan-bailey-dan-salurkan-bantuan-sembako-di-solok,"
Senin, 15 Des 2025 15:56 WIB "
Prabowo Akan Tinjau Daerah Bencana Sumatera Seminggu Sekali,https://news.detik.com/berita/d-8260847/prabowo-akan-tinjau-daerah-bencana-sumatera-seminggu-sekali,"
Senin, 15 Des 2025 16:00 WIB "
"Sidang Kabinet soal Bencana Sumatera, Prabowo Singgung Climate Change",https://news.detik.com/berita/d-8260862/sidang-kabinet-soal-bencana-sumatera-prabowo-singgung-climate-change,"
Senin, 15 Des 2025 16:06 WIB "
Satgas PKH Bakal Bebankan Pemulihan Dampak Bencana ke Perusak Lingkungan,https://news.detik.com/berita/d-8260868/satgas-pkh-bakal-bebankan-pemulihan-dampak-bencana-ke-perusak-lingkungan,"
Senin, 15 Des 2025 16:10 WIB "
"Kepala Negara Lain Mau Kirim Bantuan, Prabowo: Saya Bilang Kami Mampu",https://news.detik.com/berita/d-8260877/kepala-negara-lain-mau-kirim-bantuan-prabowo-saya-bilang-kami-mampu,"
Senin, 15 Des 2025 16:13 WIB "
"Tangani Bencana Pakai APBN, Prabowo Ungkit Dulu Dimaki-maki karena Efisiensi",https://news.detik.com/berita/d-8260950/tangani-bencana-pakai-apbn-prabowo-ungkit-dulu-dimaki-maki-karena-efisiensi,"
Senin, 15 Des 2025 16:35 WIB "
Kapolri Kerahkan 10.999 Personel Bantu Pemulihan Bencana Aceh-Sumut-Sumbar,https://news.detik.com/berita/d-8260994/kapolri-kerahkan-10-999-personel-bantu-pemulihan-bencana-aceh-sumut-sumbar,"
Senin, 15 Des 2025 16:50 WIB "
"Satgas PKH Catat 31 Perusahaan Diduga Penyebab Bencana, Terbanyak di Sumbar",https://news.detik.com/berita/d-8261016/satgas-pkh-catat-31-perusahaan-diduga-penyebab-bencana-terbanyak-di-sumbar,"
Senin, 15 Des 2025 16:58 WIB "
"Prabowo: Masih Ada Wilayah Terisolasi Akibat Bencana, Ini Masalah Alam-Fisika",https://news.detik.com/berita/d-8261074/prabowo-masih-ada-wilayah-terisolasi-akibat-bencana-ini-masalah-alam-fisika,"
Senin, 15 Des 2025 17:16 WIB "
Korban Meninggal Bencana Sumatera Bertambah Jadi 1.030 Orang,https://news.detik.com/berita/d-8261268/korban-meninggal-bencana-sumatera-bertambah-jadi-1-030-orang,"
Senin, 15 Des 2025 18:37 WIB "
Video Update Korban Bencana Sumatera: 1.030 Meninggal-206 Hilang,https://20.detik.com/detikupdate/20251215-251215075/video-update-korban-bencana-sumatera-1030-meninggal-206-hilang,"
Senin, 15 Des 2025 19:06 WIB "
Wagub Aceh Minta Bantuan Bencana Disalurkan: Jangan Ditahan di Gudang!,https://news.detik.com/berita/d-8261495/wagub-aceh-minta-bantuan-bencana-disalurkan-jangan-ditahan-di-gudang,"
Senin, 15 Des 2025 20:49 WIB "
"BGN Pastikan Dana Dapur MBG di Daerah Bencana Tersedia, Bisa Layani Pengungsi",https://news.detik.com/berita/d-8261511/bgn-pastikan-dana-dapur-mbg-di-daerah-bencana-tersedia-bisa-layani-pengungsi,"
Senin, 15 Des 2025 21:00 WIB "
Kata Prabowo Agar Siapapun Tak Wisata Bencana,https://news.detik.com/berita/d-8261567/kata-prabowo-agar-siapapun-tak-wisata-bencana,"
Senin, 15 Des 2025 21:40 WIB "
Menkes Bakal Kirim 600 Dokter-Perawat ke Daerah Bencana Sumatera,https://news.detik.com/berita/d-8261683/menkes-bakal-kirim-600-dokter-perawat-ke-daerah-bencana-sumatera,"
Selasa, 16 Des 2025 01:18 WIB "
"Video: Lebih dari 139 Ribu Rumah Terdampak Bencana Sumatera, di Aceh Terbanyak",https://20.detik.com/detikupdate/20251216-251216002/video-lebih-dari-139-ribu-rumah-terdampak-bencana-sumatera-di-aceh-terbanyak,"
Selasa, 16 Des 2025 01:36 WIB "
Menko PMK Tegaskan Pemerintah Percepat Pembangunan Huntara Bagi Korban Bencana,https://news.detik.com/berita/d-8261685/menko-pmk-tegaskan-pemerintah-percepat-pembangunan-huntara-bagi-korban-bencana,"
Selasa, 16 Des 2025 01:58 WIB "
Mardani PKS: Wajar Rakyat Aceh Berharap Segera Dapat Bantuan Termasuk dari Luar,https://news.detik.com/berita/d-8261767/mardani-pks-wajar-rakyat-aceh-berharap-segera-dapat-bantuan-termasuk-dari-luar,"
Selasa, 16 Des 2025 07:48 WIB "
Danone Indonesia Salurkan Bantuan untuk Korban Banjir-Longsor di Tapteng,https://news.detik.com/berita/d-8261768/danone-indonesia-salurkan-bantuan-untuk-korban-banjir-longsor-di-tapteng,"
Selasa, 16 Des 2025 07:50 WIB "
Respons Mendagri soal Aceh Surati 2 Lembaga PBB Minta Bantu Tangani Bencana,https://news.detik.com/berita/d-8261855/respons-mendagri-soal-aceh-surati-2-lembaga-pbb-minta-bantu-tangani-bencana,"
Selasa, 16 Des 2025 08:59 WIB "
Mendagri Pastikan Belanja Tak Terduga untuk Bencana Digunakan Tepat Sasaran,https://news.detik.com/berita/d-8261879/mendagri-pastikan-belanja-tak-terduga-untuk-bencana-digunakan-tepat-sasaran,"
Selasa, 16 Des 2025 09:25 WIB "
"Aksi Polisi Bersihkan Masjid Raya Al'Furqan Aceh Tamiang, Warga Kini Bisa Salat",https://news.detik.com/berita/d-8262024/aksi-polisi-bersihkan-masjid-raya-alfurqan-aceh-tamiang-warga-kini-bisa-salat,"
Selasa, 16 Des 2025 10:44 WIB "
Pramono Terkesan Penulis Cilik Bahas Isu Hutan: Semoga Didengar Pembalak Liar,https://news.detik.com/berita/d-8262148/pramono-terkesan-penulis-cilik-bahas-isu-hutan-semoga-didengar-pembalak-liar,"
Selasa, 16 Des 2025 11:41 WIB "
"Daftar Wilayah Potensi Banjir Pesisir sampai 31 Desember, Cek Lokasinya!",https://news.detik.com/berita/d-8262182/daftar-wilayah-potensi-banjir-pesisir-sampai-31-desember-cek-lokasinya,"
Selasa, 16 Des 2025 11:57 WIB "
"Aceh Surati 2 Lembaga PBB soal Bencana, Komisi I DPR Ingatkan Ini",https://news.detik.com/berita/d-8262212/aceh-surati-2-lembaga-pbb-soal-bencana-komisi-i-dpr-ingatkan-ini,"
Selasa, 16 Des 2025 12:14 WIB "
Komisi II DPR Minta Aceh Surati 2 Lembaga PBB soal Bencana Tak Diperdebatkan,https://news.detik.com/berita/d-8262383/komisi-ii-dpr-minta-aceh-surati-2-lembaga-pbb-soal-bencana-tak-diperdebatkan,"
Selasa, 16 Des 2025 13:46 WIB "
Mensos Serahkan Bantuan Senilai Rp 9 M ke Gubernur Aceh untuk Korban Bencana,https://news.detik.com/berita/d-8262405/mensos-serahkan-bantuan-senilai-rp-9-m-ke-gubernur-aceh-untuk-korban-bencana,"
Selasa, 16 Des 2025 13:57 WIB "
Anggota DPR Anggap Surat Aceh ke Lembaga PBB Tak Maksud Sudutkan Pemerintah,https://news.detik.com/berita/d-8262469/anggota-dpr-anggap-surat-aceh-ke-lembaga-pbb-tak-maksud-sudutkan-pemerintah,"
Selasa, 16 Des 2025 14:15 WIB "
Menjemput Kesadaran di Tengah Bencana,https://news.detik.com/kolom/d-8262478/menjemput-kesadaran-di-tengah-bencana,"
Selasa, 16 Des 2025 14:18 WIB "
Delpedro dkk Beri Bunga ke Jaksa-Nyanyi 'Indonesia Pusaka' Sebelum Sidang,https://news.detik.com/berita/d-8262494/delpedro-dkk-beri-bunga-ke-jaksa-nyanyi-indonesia-pusaka-sebelum-sidang,"
Selasa, 16 Des 2025 14:24 WIB "
"Solidaritas Tanpa Batas, Full Support Polda Riau di Misi Kemanusiaan Sumatera",https://news.detik.com/melindungi-tuah-marwah/d-8262526/solidaritas-tanpa-batas-full-support-polda-riau-di-misi-kemanusiaan-sumatera,"
Selasa, 16 Des 2025 14:39 WIB "
"Dukung Prabowo Tindak Pembalak Liar, Eddy Soeparno: Butuh Konsistensi",https://news.detik.com/berita/d-8262538/dukung-prabowo-tindak-pembalak-liar-eddy-soeparno-butuh-konsistensi,"
Selasa, 16 Des 2025 14:43 WIB "
Ramai-ramai soal Aceh Minta Bantuan ke PBB,https://news.detik.com/berita/d-8262467/ramai-ramai-soal-aceh-minta-bantuan-ke-pbb,"
Selasa, 16 Des 2025 14:50 WIB "
"Mensos Serahkan Bantuan Senilai Rp 9 M ke Gubernur Aceh, Ini Rinciannya",https://news.detik.com/berita/d-8262682/mensos-serahkan-bantuan-senilai-rp-9-m-ke-gubernur-aceh-ini-rinciannya,"
Selasa, 16 Des 2025 15:36 WIB "
Dukcapil Terbitkan 5.795 Dokumen Kependudukan Korban Banjir Sumbar,https://news.detik.com/berita/d-8262696/dukcapil-terbitkan-5-795-dokumen-kependudukan-korban-banjir-sumbar,"
Selasa, 16 Des 2025 15:42 WIB "
"Kemensos Kirim Bantuan ke Tamiang, Bener Meriah, dan Aceh Tengah Via Udara",https://news.detik.com/berita/d-8262705/kemensos-kirim-bantuan-ke-tamiang-bener-meriah-dan-aceh-tengah-via-udara,"
Selasa, 16 Des 2025 15:44 WIB "
"Ribuan Dokumen Hilang, Dukcapil Jemput Bola Layani Korban Bencana Aceh",https://news.detik.com/berita/d-8262764/ribuan-dokumen-hilang-dukcapil-jemput-bola-layani-korban-bencana-aceh,"
Selasa, 16 Des 2025 16:04 WIB "
Video: Mendagri Buka Suara soal Aceh Surati PBB Minta Bantuan Bencana,https://20.detik.com/detikupdate/20251216-251216053/video-mendagri-buka-suara-soal-aceh-surati-pbb-minta-bantuan-bencana,"
Selasa, 16 Des 2025 16:36 WIB "
"Terus Bertambah, Korban Meninggal Bencana Sumatera Kini 1.053 Orang",https://news.detik.com/berita/d-8262977/terus-bertambah-korban-meninggal-bencana-sumatera-kini-1-053-orang,"
Selasa, 16 Des 2025 17:20 WIB "
Kemenkop & Gerakan Koperasi Peduli Bencana Galang Bantuan untuk Sumatera,https://news.detik.com/berita/d-8262982/kemenkop-gerakan-koperasi-peduli-bencana-galang-bantuan-untuk-sumatera,"
Selasa, 16 Des 2025 17:24 WIB "
Legislator Sebut Pemda Tak Berwenang Minta Bantuan ke Lembaga Internasional,https://news.detik.com/berita/d-8263014/legislator-sebut-pemda-tak-berwenang-minta-bantuan-ke-lembaga-internasional,"
Selasa, 16 Des 2025 17:32 WIB "
25 Kabupaten/Kota di Aceh-Sumut-Sumbar Masih Berstatus Tanggap Darurat,https://news.detik.com/berita/d-8263128/25-kabupaten-kota-di-aceh-sumut-sumbar-masih-berstatus-tanggap-darurat,"
Selasa, 16 Des 2025 18:36 WIB "
Menteri Agus Minta Pegawai Imipas Bantu Bencana Sumatera Diberi Penghargaan,https://news.detik.com/berita/d-8263196/menteri-agus-minta-pegawai-imipas-bantu-bencana-sumatera-diberi-penghargaan,"
Selasa, 16 Des 2025 19:15 WIB "
Warga Binaan di Aceh Tamiang Bantu Korban Bencana Akan Diberi Remisi Tambahan,https://news.detik.com/berita/d-8263237/warga-binaan-di-aceh-tamiang-bantu-korban-bencana-akan-diberi-remisi-tambahan,"
Selasa, 16 Des 2025 19:36 WIB "
"Kemensos Salurkan Santunan Korban Meninggal Bencana Aceh, Sumut, & Sumbar",https://news.detik.com/berita/d-8263295/kemensos-salurkan-santunan-korban-meninggal-bencana-aceh-sumut-sumbar,"
Selasa, 16 Des 2025 20:14 WIB "
Mensos Gus Ipul Tinjau Dapur Umum Korban Banjir di Pidie Jaya Aceh,https://news.detik.com/berita/d-8263400/mensos-gus-ipul-tinjau-dapur-umum-korban-banjir-di-pidie-jaya-aceh,"
Selasa, 16 Des 2025 21:42 WIB "
"Pemulihan Pessel Pascabencana, Andre Rosiade Kawal Usulan Rp 733,6 M ke Pusat",https://news.detik.com/berita/d-8263405/pemulihan-pessel-pascabencana-andre-rosiade-kawal-usulan-rp-733-6-m-ke-pusat,"
Selasa, 16 Des 2025 21:48 WIB "
Unicef-UNDP Respons Surat Pemprov Aceh soal Bantuan Penanganan Bencana,https://news.detik.com/berita/d-8263491/unicef-undp-respons-surat-pemprov-aceh-soal-bantuan-penanganan-bencana,"
Selasa, 16 Des 2025 23:21 WIB "
Momen Gus Ipul Salawat Bareng Anak-anak Korban Banjir di Pidie Jaya,https://news.detik.com/berita/d-8263526/momen-gus-ipul-salawat-bareng-anak-anak-korban-banjir-di-pidie-jaya,"
Rabu, 17 Des 2025 01:31 WIB "
Video: Respons Mendagri Tito soal Warga Aceh Kibarkan Bendera Putih,https://20.detik.com/detikupdate/20251217-251217005/video-respons-mendagri-tito-soal-warga-aceh-kibarkan-bendera-putih,"
Rabu, 17 Des 2025 03:40 WIB "
Komisi V DPR Minta Pemerintah Tak Tolak Bantuan dari Luar Negeri,https://news.detik.com/berita/d-8263577/komisi-v-dpr-minta-pemerintah-tak-tolak-bantuan-dari-luar-negeri,"
Rabu, 17 Des 2025 06:56 WIB "
Ragam Komentar Perihal Aceh Surati 2 Lembaga PBB soal Bencana,https://news.detik.com/berita/d-8263593/ragam-komentar-perihal-aceh-surati-2-lembaga-pbb-soal-bencana,"
Rabu, 17 Des 2025 07:41 WIB "
NasDem Nilai RI Masih Mampu Tangani Bencana Aceh Tanpa Bantuan Asing,https://news.detik.com/berita/d-8263611/nasdem-nilai-ri-masih-mampu-tangani-bencana-aceh-tanpa-bantuan-asing,"
Rabu, 17 Des 2025 07:52 WIB "
Bencana Sumatera: 25 Kabupaten/Kota Masih Berstatus Tanggap Darurat,https://news.detik.com/berita/d-8263368/bencana-sumatera-25-kabupaten-kota-masih-berstatus-tanggap-darurat,"
Rabu, 17 Des 2025 07:58 WIB "
Darurat Kesehatan di Serambi Makkah,https://news.detik.com/x/detail/spotlight/20251216/Darurat-Kesehatan-di-Serambi-Makkah/,"
Rabu, 17 Des 2025 08:03 WIB "
"PDIP soal Bantuan Asing: Bukan Masalah Mampu, Tapi Rakyat Harus Cepat Dibantu",https://news.detik.com/berita/d-8263689/pdip-soal-bantuan-asing-bukan-masalah-mampu-tapi-rakyat-harus-cepat-dibantu,"
Rabu, 17 Des 2025 08:52 WIB "
Hercules Angkut Sling Baja 6 Ton ke Aceh untuk Pembangunan Jembatan,https://news.detik.com/berita/d-8263829/hercules-angkut-sling-baja-6-ton-ke-aceh-untuk-pembangunan-jembatan,"
Rabu, 17 Des 2025 10:34 WIB "
PKS Desak Menteri ESDM Pulihkan Listrik di Aceh Tamiang yang Masih Mati,https://news.detik.com/berita/d-8263900/pks-desak-menteri-esdm-pulihkan-listrik-di-aceh-tamiang-yang-masih-mati,"
Rabu, 17 Des 2025 11:14 WIB "
"Viral Cerita Psikolog, Anggota DPR Soroti Pernyataan Pejabat Bebani Warga",https://news.detik.com/berita/d-8264124/viral-cerita-psikolog-anggota-dpr-soroti-pernyataan-pejabat-bebani-warga,"
Rabu, 17 Des 2025 13:07 WIB "
"Personel Korlantas Singkirkan Lumpur di Masjid Aceh Tamiang, Kompak Bantu Masyarakat",https://news.detik.com/berita/d-8264410/personel-korlantas-singkirkan-lumpur-di-masjid-aceh-tamiang-kompak-bantu-masyarakat,"
Rabu, 17 Des 2025 15:06 WIB "
HNW Harap RI Terbuka: Bantuan Luar Tak Dalam Posisi Mengecilkan Indonesia,https://news.detik.com/berita/d-8264668/hnw-harap-ri-terbuka-bantuan-luar-tak-dalam-posisi-mengecilkan-indonesia,"
Rabu, 17 Des 2025 16:57 WIB "
"Korban Meninggal Akibat Bencana Sumatera Kini 1.059 Orang, 192 Hilang",https://news.detik.com/berita/d-8264763/korban-meninggal-akibat-bencana-sumatera-kini-1-059-orang-192-hilang,"
Rabu, 17 Des 2025 17:35 WIB "
detikcom Regional Summit Riau Dorong Kolaborasi Pembangunan Berkelanjutan,https://news.detik.com/berita/d-8264794/detikcom-regional-summit-riau-dorong-kolaborasi-pembangunan-berkelanjutan,"
Rabu, 17 Des 2025 18:01 WIB "
"Telkom Salurkan Bantuan Rp 2,3 M-Pemulihan Konektivitas di Sumatera",https://news.detik.com/berita/d-8264875/telkom-salurkan-bantuan-rp-2-3-m-pemulihan-konektivitas-di-sumatera,"
Rabu, 17 Des 2025 18:57 WIB "
Anies Harap Negara Makin Intensif Terlibat Ringankan Korban Bencana Sumatera,https://news.detik.com/berita/d-8264959/anies-harap-negara-makin-intensif-terlibat-ringankan-korban-bencana-sumatera,"
Rabu, 17 Des 2025 19:43 WIB "
Kemensos Ungkap Usulan Terkait Jaminan Hidup Korban Bencana Sumatera,https://news.detik.com/berita/d-8264985/kemensos-ungkap-usulan-terkait-jaminan-hidup-korban-bencana-sumatera,"
Rabu, 17 Des 2025 20:05 WIB "
PELNI-Polri Lepas 237 Personel dan Bantuan Logistik Via KM Egon ke Sumatera,https://news.detik.com/berita/d-8265088/pelni-polri-lepas-237-personel-dan-bantuan-logistik-via-km-egon-ke-sumatera,"
Rabu, 17 Des 2025 21:34 WIB "
"Tiba di Sumbar, Prabowo Langsung Rapat Bareng Menteri, Panglima TNI dan Kapolri",https://news.detik.com/berita/d-8265134/tiba-di-sumbar-prabowo-langsung-rapat-bareng-menteri-panglima-tni-dan-kapolri,"
Rabu, 17 Des 2025 22:10 WIB "
Wamenkes Ungkap Jumlah Faskes di Aceh-Sumut-Sumbar yang Sudah Beroperasi Lagi,https://news.detik.com/berita/d-8265167/wamenkes-ungkap-jumlah-faskes-di-aceh-sumut-sumbar-yang-sudah-beroperasi-lagi,"
Rabu, 17 Des 2025 22:46 WIB "
"Kelistrikan Aceh Berangsur Pulih, Banda Aceh Kembali Menyala Malam Ini",https://news.detik.com/berita/d-8265198/kelistrikan-aceh-berangsur-pulih-banda-aceh-kembali-menyala-malam-ini,"
Rabu, 17 Des 2025 23:59 WIB "
"Video Gibran Cek Gayo Lues Aceh: 95 Jembatan Putus, SPBU Banyak yang Antre",https://20.detik.com/detikupdate/20251218-251218001/video-gibran-cek-gayo-lues-aceh-95-jembatan-putus-spbu-banyak-yang-antre,"
Kamis, 18 Des 2025 02:25 WIB "
"Video Prabowo ke Sumbar, Gibran ke Aceh",https://20.detik.com/detikupdate/20251218-251218003/video-prabowo-ke-sumbar-gibran-ke-aceh,"
Kamis, 18 Des 2025 02:57 WIB "
"Prabowo Ingin Papua Ditanam Sawit, PKB Ingatkan Jangan Buka Hutan Baru",https://news.detik.com/berita/d-8265271/prabowo-ingin-papua-ditanam-sawit-pkb-ingatkan-jangan-buka-hutan-baru,"
Kamis, 18 Des 2025 06:45 WIB "
"Tim Kemanusiaan Korlantas Tiba di Langkat Sumut, Salurkan Sembako Bagi Korban Banjir",https://news.detik.com/berita/d-8265312/tim-kemanusiaan-korlantas-tiba-di-langkat-sumut-salurkan-sembako-bagi-korban-banjir,"
Kamis, 18 Des 2025 07:31 WIB "
Prabowo Kunjungi 3 Lokasi Bencana di Sumbar Hari Ini: Agam-Padang Pariaman,https://news.detik.com/berita/d-8265316/prabowo-kunjungi-3-lokasi-bencana-di-sumbar-hari-ini-agam-padang-pariaman,"
Kamis, 18 Des 2025 07:37 WIB "
"Mentan Beli 40 Ton Cabai Petani Aceh, Kirim Pakai Hercules ke Jakarta",https://news.detik.com/berita/d-8265408/mentan-beli-40-ton-cabai-petani-aceh-kirim-pakai-hercules-ke-jakarta,"
Kamis, 18 Des 2025 08:48 WIB "
Dukcapil Terbitkan 9.954 Dokumen Kependudukan di Tengah Bencana Sumatera,https://news.detik.com/berita/d-8265562/dukcapil-terbitkan-9-954-dokumen-kependudukan-di-tengah-bencana-sumatera,"
Kamis, 18 Des 2025 10:49 WIB "
"Polri Bangun Tandon Air, MCK-Sumur Bor di Aceh Tamiang, Pulihkan Kondisi",https://news.detik.com/berita/d-8265646/polri-bangun-tandon-air-mck-sumur-bor-di-aceh-tamiang-pulihkan-kondisi,"
Kamis, 18 Des 2025 11:28 WIB "
"Prabowo Cek Jembatan Bailey Mantuang di Padang Pariaman, Begini Kondisinya",https://news.detik.com/berita/d-8265666/prabowo-cek-jembatan-bailey-mantuang-di-padang-pariaman-begini-kondisinya,"
Kamis, 18 Des 2025 11:36 WIB "
Tim Kemanusiaan Korlantas Polri Salurkan Sembako untuk Korban Banjir di Aceh Tamiang,https://news.detik.com/berita/d-8265910/tim-kemanusiaan-korlantas-polri-salurkan-sembako-untuk-korban-banjir-di-aceh-tamiang,"
Kamis, 18 Des 2025 13:25 WIB "
Istana: Kepala BNPB Lapor ke Prabowo Minta Tambahan Personel TNI-Polri di Aceh,https://news.detik.com/berita/d-8265974/istana-kepala-bnpb-lapor-ke-prabowo-minta-tambahan-personel-tni-polri-di-aceh,"
Kamis, 18 Des 2025 13:47 WIB "
"Polri Salurkan 627 Tandon Air untuk Korban Bencana, Termasuk di Aceh Tamiang",https://news.detik.com/berita/d-8266061/polri-salurkan-627-tandon-air-untuk-korban-bencana-termasuk-di-aceh-tamiang,"
Kamis, 18 Des 2025 14:25 WIB "
"Megawati Galang Dana untuk Bencana di Sumatera, Minta Pramono Sumbang Rp 2 M",https://news.detik.com/berita/d-8266140/megawati-galang-dana-untuk-bencana-di-sumatera-minta-pramono-sumbang-rp-2-m,"
Kamis, 18 Des 2025 14:49 WIB "
"Empati Korban Bencana, Kapolda Riau Imbau Pawai Tahun Baru Diganti Doa Bersama",https://news.detik.com/melindungi-tuah-marwah/d-8266144/empati-korban-bencana-kapolda-riau-imbau-pawai-tahun-baru-diganti-doa-bersama,"
Kamis, 18 Des 2025 14:50 WIB "
inJourney Group Salurkan Bantuan untuk Pemulihan Korban Banjir di Sumatera,https://news.detik.com/berita/d-8266168/injourney-group-salurkan-bantuan-untuk-pemulihan-korban-banjir-di-sumatera,"
Kamis, 18 Des 2025 15:02 WIB "
Grup Merdeka Donasi Rp 977 Juta Bantu Penanganan Bencana Sumatera,https://news.detik.com/berita/d-8266212/grup-merdeka-donasi-rp-977-juta-bantu-penanganan-bencana-sumatera,"
Kamis, 18 Des 2025 15:25 WIB "
Kemendagri Kawal Pengiriman Bantuan 101.000 Pakaian untuk Bencana Aceh,https://news.detik.com/berita/d-8266241/kemendagri-kawal-pengiriman-bantuan-101-000-pakaian-untuk-bencana-aceh,"
Kamis, 18 Des 2025 15:39 WIB "
Brimob Bangun MCK Umum untuk Korban Bencana di Kuala Simpang Aceh,https://news.detik.com/berita/d-8266394/brimob-bangun-mck-umum-untuk-korban-bencana-di-kuala-simpang-aceh,"
Kamis, 18 Des 2025 16:39 WIB "
Isu Lingkungan Jadi Perhatian Utama di detikcom Regional Summit Riau,https://news.detik.com/berita/d-8266554/isu-lingkungan-jadi-perhatian-utama-di-detikcom-regional-summit-riau,"
Kamis, 18 Des 2025 17:37 WIB "
Korban Meninggal Bencana Sumatera Bertambah Jadi 1.068 Orang,https://news.detik.com/berita/d-8266570/korban-meninggal-bencana-sumatera-bertambah-jadi-1-068-orang,"
Kamis, 18 Des 2025 17:43 WIB "
Video: Korban Meninggal Bencana Sumatera Bertambah Jadi 1.068 Orang,https://20.detik.com/detikupdate/20251218-251218061/video-korban-meninggal-bencana-sumatera-bertambah-jadi-1068-orang,"
Kamis, 18 Des 2025 18:16 WIB "
Polri Bangun Sumur Bor untuk Penuhi Air Bersih Korban Banjir Aceh Tamiang,https://news.detik.com/berita/d-8266671/polri-bangun-sumur-bor-untuk-penuhi-air-bersih-korban-banjir-aceh-tamiang,"
Kamis, 18 Des 2025 18:29 WIB "
"Masih Ada Banjir Susulan di Aceh-Sumut, Pemerintah Operasi Modifikasi Cuaca",https://news.detik.com/berita/d-8266698/masih-ada-banjir-susulan-di-aceh-sumut-pemerintah-operasi-modifikasi-cuaca,"
Kamis, 18 Des 2025 18:40 WIB "
BNPB: 27 Daerah di Aceh-Sumut Masih Tetapkan Tanggap Darurat Bencana,https://news.detik.com/berita/d-8266760/bnpb-27-daerah-di-aceh-sumut-masih-tetapkan-tanggap-darurat-bencana,"
Kamis, 18 Des 2025 19:03 WIB "
Menag Salurkan Daging DAM Haji-Sembako untuk Ponpes Terdampak Banjir Aceh,https://news.detik.com/berita/d-8266899/menag-salurkan-daging-dam-haji-sembako-untuk-ponpes-terdampak-banjir-aceh,"
Kamis, 18 Des 2025 20:50 WIB "
Respons Pramono Diminta Megawati Sumbang Rp 2 M untuk Bencana di Sumatera,https://news.detik.com/berita/d-8266905/respons-pramono-diminta-megawati-sumbang-rp-2-m-untuk-bencana-di-sumatera,"
Kamis, 18 Des 2025 20:56 WIB "
UGM Bentuk Emergency Response Unit Bantu Korban Bencana di Sumatera,https://news.detik.com/berita/d-8266920/ugm-bentuk-emergency-response-unit-bantu-korban-bencana-di-sumatera,"
Kamis, 18 Des 2025 21:08 WIB "
PKB Yakin RI Segera Pulih Pascabencana Sumatera: Sudah Berkali-kali Diuji,https://news.detik.com/berita/d-8266929/pkb-yakin-ri-segera-pulih-pascabencana-sumatera-sudah-berkali-kali-diuji,"
Kamis, 18 Des 2025 21:13 WIB "
Nasir Djamil Puji Kakorlantas Kirim Tim Kemanusiaan hingga Sembako ke Aceh-Sumatera,https://news.detik.com/berita/d-8266956/nasir-djamil-puji-kakorlantas-kirim-tim-kemanusiaan-hingga-sembako-ke-aceh-sumatera,"
Kamis, 18 Des 2025 21:40 WIB "
Pemkot Medan Kembalikan Bantuan 30 Ton Beras untuk Korban Banjir ke UEA,https://news.detik.com/berita/d-8267018/pemkot-medan-kembalikan-bantuan-30-ton-beras-untuk-korban-banjir-ke-uea,"
Kamis, 18 Des 2025 22:41 WIB "
Tim Korlantas Polri Serahkan Bantuan Mobil Patroli-Sembako di Padang Panjang-Solok,https://news.detik.com/berita/d-8267164/tim-korlantas-polri-serahkan-bantuan-mobil-patroli-sembako-di-padang-panjang-solok,"
Jumat, 19 Des 2025 07:13 WIB "
"BRI Salurkan Bantuan ke Sumatera-Aceh, Jangkau Lebih dari 70 Ribu Korban",https://news.detik.com/berita/d-8267174/bri-salurkan-bantuan-ke-sumatera-aceh-jangkau-lebih-dari-70-ribu-korban,"
Jumat, 19 Des 2025 07:28 WIB "
27 Daerah di Aceh-Sumut Masih Tetapkan Tanggap Darurat Bencana,https://news.detik.com/berita/d-8266968/27-daerah-di-aceh-sumut-masih-tetapkan-tanggap-darurat-bencana,"
Jumat, 19 Des 2025 07:58 WIB "
Video Kekecewaan Korban Longsor Sumatera terhadap Deforestasi,https://20.detik.com/deutsche-welle-news/20251219-251219010/video-kekecewaan-korban-longsor-sumatera-terhadap-deforestasi,"
Jumat, 19 Des 2025 08:57 WIB "
"Jembatan Bailey Tuntas, Akses Bireuen-Aceh Utara Kini Tersambung Lagi",https://news.detik.com/berita/d-8267346/jembatan-bailey-tuntas-akses-bireuen-aceh-utara-kini-tersambung-lagi,"
Jumat, 19 Des 2025 10:15 WIB "
Pemerintah Tegaskan Tangani Bencana Sumatera Prioritas Nasional,https://news.detik.com/berita/d-8267466/pemerintah-tegaskan-tangani-bencana-sumatera-prioritas-nasional,"
Jumat, 19 Des 2025 11:20 WIB "
Kapolri Ungkap Progres Penyidikan Korporasi Terkait Gelondongan Kayu Bencana,https://news.detik.com/berita/d-8267622/kapolri-ungkap-progres-penyidikan-korporasi-terkait-gelondongan-kayu-bencana,"
Jumat, 19 Des 2025 13:12 WIB "
Seskab Pastikan Pemerintah Kerja Keras Secepat Mungkin Tangani Bencana Sumatera,https://news.detik.com/berita/d-8267639/seskab-pastikan-pemerintah-kerja-keras-secepat-mungkin-tangani-bencana-sumatera,"
Jumat, 19 Des 2025 13:15 WIB "
Video Seskab Teddy: Jangan Menggiring-giring Seolah Pemerintah Tidak Kerja,https://20.detik.com/detikupdate/20251219-251219031/video-seskab-teddy-jangan-menggiring-giring-seolah-pemerintah-tidak-kerja,"
Jumat, 19 Des 2025 13:35 WIB "
Video: Catat! Ini Jalan yang Mulai Pulih Usai Rusak gegara Bencana Sumatera,https://20.detik.com/detikupdate/20251219-251219027/video-catat-ini-jalan-yang-mulai-pulih-usai-rusak-gegara-bencana-sumatera,"
Jumat, 19 Des 2025 13:36 WIB "
Polresta Serang Kota Bangun Pospam di Lokasi Rawan Bencana Saat Nataru,https://news.detik.com/berita/d-8267705/polresta-serang-kota-bangun-pospam-di-lokasi-rawan-bencana-saat-nataru,"
Jumat, 19 Des 2025 13:39 WIB "
Video Menteri PU: 203 Jalan Nasional-Daerah Rusak Imbas Bencana di Sumatera,https://20.detik.com/detikupdate/20251219-251219033/video-menteri-pu-203-jalan-nasional-daerah-rusak-imbas-bencana-di-sumatera,"
Jumat, 19 Des 2025 13:42 WIB "
Peran Seskab Teddy Jadi Penghubung Aspirasi Warga Korban Bencana Sumatera,https://news.detik.com/berita/d-8267819/peran-seskab-teddy-jadi-penghubung-aspirasi-warga-korban-bencana-sumatera,"
Jumat, 19 Des 2025 14:27 WIB "
Bendera Merah Putih Berkibar dan Doa Warga Saat Jembatan di Bireuen Tersambung,https://news.detik.com/berita/d-8267818/bendera-merah-putih-berkibar-dan-doa-warga-saat-jembatan-di-bireuen-tersambung,"
Jumat, 19 Des 2025 14:27 WIB "
"Seskab: Sejak Detik Pertama, Pemerintah Kerja Keras Atasi Bencana Sumatera",https://news.detik.com/berita/d-8267841/seskab-sejak-detik-pertama-pemerintah-kerja-keras-atasi-bencana-sumatera,"
Jumat, 19 Des 2025 14:36 WIB "
"Video Jelang Natal, Polri Bersihkan Gereja Terdampak Bencana di Sumut",https://20.detik.com/detikupdate/20251219-251219044/video-jelang-natal-polri-bersihkan-gereja-terdampak-bencana-di-sumut,"
Jumat, 19 Des 2025 14:54 WIB "
Mendagri Cek Surat Aceh ke UNDP-UNICEF: Yang Paling Mungkin Bantuan Konseling,https://news.detik.com/berita/d-8268289/mendagri-cek-surat-aceh-ke-undp-unicef-yang-paling-mungkin-bantuan-konseling,"
Jumat, 19 Des 2025 17:26 WIB "
"Apel Operasi Lilin 2025 di Monas, 146 Ribu Personel Gabungan Amankan Nataru",https://news.detik.com/berita/d-8268341/apel-operasi-lilin-2025-di-monas-146-ribu-personel-gabungan-amankan-nataru,"
Jumat, 19 Des 2025 17:51 WIB "
Video: detikcom Regional Summit Riau Diawali Doa Bersama untuk Korban Bencana Sumatera,https://20.detik.com/detikupdate/20251219-251219062/video-detikcom-regional-summit-riau-diawali-doa-bersama-untuk-korban-bencana-sumatera,"
Jumat, 19 Des 2025 18:30 WIB "
"Andre Rosiade Dampingi Prabowo, Pastikan Hunian-Infrastruktur Sumbar Tuntas",https://news.detik.com/berita/d-8268477/andre-rosiade-dampingi-prabowo-pastikan-hunian-infrastruktur-sumbar-tuntas,"
Jumat, 19 Des 2025 18:46 WIB "
"Korban Meninggal Bencana Sumatera Kini 1.071 Orang, 185 Masih Hilang",https://news.detik.com/berita/d-8268626/korban-meninggal-bencana-sumatera-kini-1-071-orang-185-masih-hilang,"
Jumat, 19 Des 2025 20:08 WIB "
72 Ribu Warga Gayo Aceh Masih Terisolir Akibat Jalan Putus Imbas Banjir,https://news.detik.com/berita/d-8268856/72-ribu-warga-gayo-aceh-masih-terisolir-akibat-jalan-putus-imbas-banjir,"
Sabtu, 20 Des 2025 05:19 WIB "
Dinkes Aceh Ungkap Ribuan Pengungsi Mulai Terserang Ispa hingga Diare,https://news.detik.com/berita/d-8268897/dinkes-aceh-ungkap-ribuan-pengungsi-mulai-terserang-ispa-hingga-diare,"
Sabtu, 20 Des 2025 07:23 WIB "
"Korlantas Polri Serahkan 8 Unit Mobil Patroli, Percepat Penanganan Bencana di Sumut",https://news.detik.com/berita/d-8268903/korlantas-polri-serahkan-8-unit-mobil-patroli-percepat-penanganan-bencana-di-sumut,"
Sabtu, 20 Des 2025 07:33 WIB "
Pupuk Indonesia Kirim Bantuan Tandon Air Bersih dan 50 Relawan ke Aceh,https://news.detik.com/berita/d-8269315/pupuk-indonesia-kirim-bantuan-tandon-air-bersih-dan-50-relawan-ke-aceh,"
Sabtu, 20 Des 2025 13:58 WIB "
"BMKG Prediksi Jawa, Aceh-Sumut Potensi Cuaca Ekstrem saat Natal dan Tahun Baru",https://news.detik.com/berita/d-8269356/bmkg-prediksi-jawa-aceh-sumut-potensi-cuaca-ekstrem-saat-natal-dan-tahun-baru,"
Sabtu, 20 Des 2025 14:31 WIB "
Pos Indonesia Pastikan Penyaluran BLTS di Aceh Terus Berjalan,https://news.detik.com/berita/d-8269368/pos-indonesia-pastikan-penyaluran-blts-di-aceh-terus-berjalan,"
Sabtu, 20 Des 2025 14:38 WIB "
Wamensos Ajak Masyarakat Gotong Royong Bantu Korban Bencana Sumatera,https://news.detik.com/berita/d-8269571/wamensos-ajak-masyarakat-gotong-royong-bantu-korban-bencana-sumatera,"
Sabtu, 20 Des 2025 16:54 WIB "
"Korban Meninggal Bencana Sumatera Jadi 1.090 Orang, 186 Masih Hilang",https://news.detik.com/berita/d-8269645/korban-meninggal-bencana-sumatera-jadi-1-090-orang-186-masih-hilang,"
Sabtu, 20 Des 2025 17:49 WIB "
Pemerintah Akan Kirim Selimut-Pakaian Baru untuk Korban Bencana di Aceh,https://news.detik.com/berita/d-8269764/pemerintah-akan-kirim-selimut-pakaian-baru-untuk-korban-bencana-di-aceh,"
Sabtu, 20 Des 2025 19:19 WIB "
Direksi PLN Turun Langsung Pastikan Percepatan Pemulihan Fasilitas di Aceh,https://news.detik.com/berita/d-8269820/direksi-pln-turun-langsung-pastikan-percepatan-pemulihan-fasilitas-di-aceh,"
Sabtu, 20 Des 2025 20:54 WIB "
Tito Sebut 106 Ribu Pakaian Baru Bakal Dikirim ke Korban Bencana Sumatera,https://news.detik.com/berita/d-8269839/tito-sebut-106-ribu-pakaian-baru-bakal-dikirim-ke-korban-bencana-sumatera,"
Sabtu, 20 Des 2025 21:05 WIB "
Video Pemerintah Kirim 106 Ribu Pakaian-Selimut Baru ke Korban Bencana Aceh,https://20.detik.com/detikupdate/20251220-251220055/video-pemerintah-kirim-106-ribu-pakaian-selimut-baru-ke-korban-bencana-aceh,"
Sabtu, 20 Des 2025 22:23 WIB "
"Akpol 1990 Kirim Bantuan Gelombang Ketiga ke Aceh Tamiang, Total 57 Ton Beras",https://news.detik.com/berita/d-8270245/akpol-1990-kirim-bantuan-gelombang-ketiga-ke-aceh-tamiang-total-57-ton-beras,"
Minggu, 21 Des 2025 10:11 WIB "
"PLN Pastikan Sistem Listrik Aceh Pulih, 20 Gardu Induk Beroperasi Normal",https://news.detik.com/berita/d-8270268/pln-pastikan-sistem-listrik-aceh-pulih-20-gardu-induk-beroperasi-normal,"
Minggu, 21 Des 2025 10:38 WIB "
Membayar Utang pada Lingkungan,https://news.detik.com/kolom/d-8270270/membayar-utang-pada-lingkungan,"
Minggu, 21 Des 2025 15:45 WIB "
Mobil Korban Banjir di Aceh Tamiang Diduga Dijarah,https://news.detik.com/berita/d-8270659/mobil-korban-banjir-di-aceh-tamiang-diduga-dijarah,"
Minggu, 21 Des 2025 16:27 WIB "
Wamensos Apresiasi Filantropi-Masyarakat Bantu Korban Bencana Sumatera,https://news.detik.com/berita/d-8270978/wamensos-apresiasi-filantropi-masyarakat-bantu-korban-bencana-sumatera,"
Minggu, 21 Des 2025 20:16 WIB "
"Tinjau Daerah Bencana, Wagub Aceh Jatuh ke Sungai Usai Rakit Terbalik",https://news.detik.com/berita/d-8271135/tinjau-daerah-bencana-wagub-aceh-jatuh-ke-sungai-usai-rakit-terbalik,"
Minggu, 21 Des 2025 23:15 WIB "
Golkar Papua Salurkan Bantuan Kemanusiaan untuk Korban Bencana di Aceh,https://news.detik.com/berita/d-8271176/golkar-papua-salurkan-bantuan-kemanusiaan-untuk-korban-bencana-di-aceh,"
Senin, 22 Des 2025 02:25 WIB "
Video: Detik-detik Wagub Aceh Jatuh ke Sungai saat Tinjau Lokasi Bencana,https://20.detik.com/detikupdate/20251222-251222002/video-detik-detik-wagub-aceh-jatuh-ke-sungai-saat-tinjau-lokasi-bencana,"
Senin, 22 Des 2025 02:28 WIB "
Warga Apresiasi Polri Rampungkan Jembatan Darurat di Gayo Lues Aceh,https://news.detik.com/berita/d-8271183/warga-apresiasi-polri-rampungkan-jembatan-darurat-di-gayo-lues-aceh,"
Senin, 22 Des 2025 04:59 WIB "
"Kampung Kute Reje Aceh Tengah Hilang Disapu Banjir, Rumah Rata dengan Tanah",https://news.detik.com/berita/d-8271204/kampung-kute-reje-aceh-tengah-hilang-disapu-banjir-rumah-rata-dengan-tanah,"
Senin, 22 Des 2025 05:04 WIB "
Video: Emak-emak Masak Rendang Nonstop Demi Korban Bencana Sumatera,https://20.detik.com/detikupdate/20251222-251222047/video-emak-emak-masak-rendang-nonstop-demi-korban-bencana-sumatera,"
Senin, 22 Des 2025 17:15 WIB "
Video: Pramono Instruksikan BUMD DKI Beli Beras-Cabai Petani Terdampak Bencana,https://20.detik.com/detikupdate/20251222-251222052/video-pramono-instruksikan-bumd-dki-beli-beras-cabai-petani-terdampak-bencana,"
Senin, 22 Des 2025 17:51 WIB "
Korban Meninggal Bencana Sumatera Per 22 Desember: 1.106 Orang,https://news.detik.com/berita/d-8272594/korban-meninggal-bencana-sumatera-per-22-desember-1-106-orang,"
Senin, 22 Des 2025 17:52 WIB "
Tito Serukan Percepatan Pembersihan Lumpur Sisa Banjir di Aceh Tamiang,https://news.detik.com/berita/d-8272652/tito-serukan-percepatan-pembersihan-lumpur-sisa-banjir-di-aceh-tamiang,"
Senin, 22 Des 2025 18:19 WIB "
"Video Update Korban Bencana Sumatera: 1.106 Meninggal, 175 Hilang",https://20.detik.com/detikupdate/20251222-251222057/video-update-korban-bencana-sumatera-1106-meninggal-175-hilang,"
Senin, 22 Des 2025 19:31 WIB "
Kitabisa Dukung Penggalangan Donasi Publik di Run For Solidarity HKSN 2025,https://news.detik.com/berita/d-8272934/kitabisa-dukung-penggalangan-donasi-publik-di-run-for-solidarity-hksn-2025,"
Senin, 22 Des 2025 22:25 WIB "
Pemkab Aceh Tengah Akan Relokasi Desa Kute Reje yang Hilang Tersapu Banjir,https://news.detik.com/berita/d-8272946/pemkab-aceh-tengah-akan-relokasi-desa-kute-reje-yang-hilang-tersapu-banjir,"
Senin, 22 Des 2025 22:33 WIB "
Video: Menko AHY Fokus Buka Jalur yang Terputus Imbas Bencana di Sumatera,https://20.detik.com/detikupdate/20251222-251222073/video-menko-ahy-fokus-buka-jalur-yang-terputus-imbas-bencana-di-sumatera,"
Senin, 22 Des 2025 22:35 WIB "
IDAI Aceh Temukan Kasus Stunting di Tengah Bencana,https://news.detik.com/berita/d-8272868/idai-aceh-temukan-kasus-stunting-di-tengah-bencana,"
Selasa, 23 Des 2025 07:58 WIB "
Mendagri Minta Penanganan Bencana di Aceh Tamiang Jadi Perhatian Khusus,https://news.detik.com/berita/d-8273183/mendagri-minta-penanganan-bencana-di-aceh-tamiang-jadi-perhatian-khusus,"
Selasa, 23 Des 2025 08:50 WIB "
NasDem Harap Tak Ada Narasi Pemecah Belah soal Penanganan Bencana Sumatera,https://news.detik.com/berita/d-8273360/nasdem-harap-tak-ada-narasi-pemecah-belah-soal-penanganan-bencana-sumatera,"
Selasa, 23 Des 2025 10:45 WIB "
Kapolda Riau Beri Penghargaan 488 Personel 'Pejuang Kemanusiaan' Sumatera,https://news.detik.com/melindungi-tuah-marwah/d-8273400/kapolda-riau-beri-penghargaan-488-personel-pejuang-kemanusiaan-sumatera,"
Selasa, 23 Des 2025 11:16 WIB "
Mendagri Serahkan Bantuan ke Warga Terdampak Bencana di Aceh Tamiang,https://news.detik.com/berita/d-8273555/mendagri-serahkan-bantuan-ke-warga-terdampak-bencana-di-aceh-tamiang,"
Selasa, 23 Des 2025 12:41 WIB "
Mendagri Tito Salurkan 26.234 Pakaian ke Aceh Timur,https://news.detik.com/berita/d-8273800/mendagri-tito-salurkan-26-234-pakaian-ke-aceh-timur,"
Selasa, 23 Des 2025 14:14 WIB "
PKB Minta Hentikan Saling Serang soal Bencana Sumatera: Fokus Gotong Royong,https://news.detik.com/berita/d-8274109/pkb-minta-hentikan-saling-serang-soal-bencana-sumatera-fokus-gotong-royong,"
Selasa, 23 Des 2025 16:04 WIB "
"Kementerian LH Audit 100 Unit Usaha Terkait Banjir Sumatera, 9 Kena Sanksi",https://news.detik.com/berita/d-8274213/kementerian-lh-audit-100-unit-usaha-terkait-banjir-sumatera-9-kena-sanksi,"
Selasa, 23 Des 2025 17:02 WIB "
"1.112 Orang Tewas Akibat Bencana Sumatera, Terbanyak di Aceh",https://news.detik.com/berita/d-8274222/1-112-orang-tewas-akibat-bencana-sumatera-terbanyak-di-aceh,"
Selasa, 23 Des 2025 17:07 WIB "
Pramono Lepas 27 Ton Bantuan Kemanusiaan untuk Korban Bencana Sumatera,https://news.detik.com/berita/d-8274496/pramono-lepas-27-ton-bantuan-kemanusiaan-untuk-korban-bencana-sumatera,"
Selasa, 23 Des 2025 19:10 WIB "
Video Pramono Lepas Bantuan Rp 3 M untuk Korban Bencana Sumatera,https://20.detik.com/detikupdate/20251223-251223127/video-pramono-lepas-bantuan-rp-3-m-untuk-korban-bencana-sumatera,"
Selasa, 23 Des 2025 19:50 WIB "
"Rano Hadiri Christmas Carol di Sudirman, Doa untuk Korban Bencana Sumatera",https://news.detik.com/berita/d-8274715/rano-hadiri-christmas-carol-di-sudirman-doa-untuk-korban-bencana-sumatera,"
Selasa, 23 Des 2025 21:03 WIB "
Mensos-Menkeu Bahas Usulan Kenaikan Jaminan Hidup Korban Bencana,https://news.detik.com/berita/d-8274798/mensos-menkeu-bahas-usulan-kenaikan-jaminan-hidup-korban-bencana,"
Selasa, 23 Des 2025 21:46 WIB "
"Warga Aceh Tamiang Masih di Pengungsian, Butuh Kelambu hingga Selimut",https://news.detik.com/berita/d-8274846/warga-aceh-tamiang-masih-di-pengungsian-butuh-kelambu-hingga-selimut,"
Selasa, 23 Des 2025 22:51 WIB "
Calon Jemaah Haji Korban Bencana Sumatera Berpotensi Gagal Berangkat,https://news.detik.com/berita/d-8274762/calon-jemaah-haji-korban-bencana-sumatera-berpotensi-gagal-berangkat,"
Rabu, 24 Des 2025 07:58 WIB "
Kapolda Riau Apresiasi K9 di Misi Kemanusiaan: Pahlawan Dalam Senyap,https://news.detik.com/melindungi-tuah-marwah/d-8275222/kapolda-riau-apresiasi-k9-di-misi-kemanusiaan-pahlawan-dalam-senyap,"
Rabu, 24 Des 2025 10:58 WIB "
"Polri Kirim Logistik Via Udara ke Palambayan, Dukung Penanggulangan Banjir Sumbar",https://news.detik.com/berita/d-8275229/polri-kirim-logistik-via-udara-ke-palambayan-dukung-penanggulangan-banjir-sumbar,"
Rabu, 24 Des 2025 11:02 WIB "
Aksi Kemanusiaan Pilot-Kru Heli Polri Salurkan Al-Qur'an untuk Anak-anak Aceh Tamiang,https://news.detik.com/berita/d-8275233/aksi-kemanusiaan-pilot-kru-heli-polri-salurkan-al-quran-untuk-anak-anak-aceh-tamiang,"
Rabu, 24 Des 2025 11:06 WIB "
"Prediksi Hujan Lebat Sepekan ke Depan saat Nataru, Ini Daftar Wilayahnya",https://news.detik.com/berita/d-8275333/prediksi-hujan-lebat-sepekan-ke-depan-saat-nataru-ini-daftar-wilayahnya,"
Rabu, 24 Des 2025 11:51 WIB "
Masa Tanggap Darurat Bencana Aceh Tamiang Diperpanjang hingga 6 Januari,https://news.detik.com/berita/d-8275658/masa-tanggap-darurat-bencana-aceh-tamiang-diperpanjang-hingga-6-januari,"
Rabu, 24 Des 2025 14:21 WIB "
Wamensos Ajak Ratusan SDM PKH Berdoa untuk Korban Bencana di Sumatera,https://news.detik.com/berita/d-8275835/wamensos-ajak-ratusan-sdm-pkh-berdoa-untuk-korban-bencana-di-sumatera,"
Rabu, 24 Des 2025 15:22 WIB "
Satgas PKH Telah Periksa 27 Perusahaan Diduga Pemicu Banjir di Sumatera,https://news.detik.com/berita/d-8276232/satgas-pkh-telah-periksa-27-perusahaan-diduga-pemicu-banjir-di-sumatera,"
Rabu, 24 Des 2025 18:04 WIB "
"Video Update Korban Bencana Sumatera: 1.129 Meninggal, 174 Hilang",https://20.detik.com/detikupdate/20251224-251224065/video-update-korban-bencana-sumatera-1129-meninggal-174-hilang,"
Rabu, 24 Des 2025 18:18 WIB "
Merawat Warisan Alam Sumatera di Tengah Tantangan Bencana,https://news.detik.com/berita/d-8276305/merawat-warisan-alam-sumatera-di-tengah-tantangan-bencana,"
Rabu, 24 Des 2025 18:50 WIB "
"Pidie Jaya Aceh Kembali Diterjang Banjir, Belasan Desa Terdampak",https://news.detik.com/berita/d-8276458/pidie-jaya-aceh-kembali-diterjang-banjir-belasan-desa-terdampak,"
Rabu, 24 Des 2025 20:24 WIB "
Kemendagri-TP PKK Salurkan Bantuan untuk Daerah Terisolasi di Aceh Timur,https://news.detik.com/berita/d-8276459/kemendagri-tp-pkk-salurkan-bantuan-untuk-daerah-terisolasi-di-aceh-timur,"
Rabu, 24 Des 2025 20:29 WIB "
Kemensos Gelar Doa Bersama Lintas Agama untuk Korban Bencana Sumatera,https://news.detik.com/berita/d-8276481/kemensos-gelar-doa-bersama-lintas-agama-untuk-korban-bencana-sumatera,"
Rabu, 24 Des 2025 20:48 WIB "
Video: Momen Jemaat Gereja Katedral Jakarta Doa Bersama untuk Korban Bencana,https://20.detik.com/detikupdate/20251224-251224091/video-momen-jemaat-gereja-katedral-jakarta-doa-bersama-untuk-korban-bencana,"
Rabu, 24 Des 2025 22:30 WIB "
"2 Desa di Bener Meriah Aceh Banjir Akibat Hujan Deras, Jaringan-Listrik Padam",https://news.detik.com/berita/d-8276623/2-desa-di-bener-meriah-aceh-banjir-akibat-hujan-deras-jaringan-listrik-padam,"
Rabu, 24 Des 2025 22:52 WIB "
Menbud Salurkan Bantuan Tanggap Bencana untuk 3 Provinsi di Sumatera,https://news.detik.com/berita/d-8276860/menbud-salurkan-bantuan-tanggap-bencana-untuk-3-provinsi-di-sumatera,"
Kamis, 25 Des 2025 09:04 WIB "
Polisi dan Warga Kompak Singkirkan Lumpur-Kayu Sisa Banjir di Gayo Aceh,https://news.detik.com/berita/d-8276965/polisi-dan-warga-kompak-singkirkan-lumpur-kayu-sisa-banjir-di-gayo-aceh,"
Kamis, 25 Des 2025 10:19 WIB "
Taruna Akpol Asal Polda Riau Kirim Bantuan untuk Korban Banjir Sumatera,https://news.detik.com/melindungi-tuah-marwah/d-8277105/taruna-akpol-asal-polda-riau-kirim-bantuan-untuk-korban-banjir-sumatera,"
Kamis, 25 Des 2025 11:54 WIB "
Eddy Soeparno Dorong Percepatan Pembahasan RUU Perubahan Iklim,https://news.detik.com/berita/d-8277779/eddy-soeparno-dorong-percepatan-pembahasan-ruu-perubahan-iklim,"
Kamis, 25 Des 2025 19:33 WIB "
Maruarar Minta Hunian Tetap Korban Bencana Aceh-Sumatera Aman dari Banjir,https://news.detik.com/berita/d-8277782/maruarar-minta-hunian-tetap-korban-bencana-aceh-sumatera-aman-dari-banjir,"
Kamis, 25 Des 2025 19:37 WIB "
"Video Update Korban Bencana Sumatera: 1.135 Meninggal, 173 Hilang",https://20.detik.com/detikupdate/20251225-251225126/video-update-korban-bencana-sumatera-1135-meninggal-173-hilang,"
Kamis, 25 Des 2025 20:49 WIB "
"Polda Banten Kirim 100 Personel Brimob ke Aceh, Bantu Penanganan Pascabencana",https://news.detik.com/berita/d-8278143/polda-banten-kirim-100-personel-brimob-ke-aceh-bantu-penanganan-pascabencana,"
Jumat, 26 Des 2025 09:07 WIB "
"1.135 Orang Tewas Akibat Bencana Sumatera, 489 Ribu Warga Masih Ngungsi",https://news.detik.com/berita/d-8278182/1-135-orang-tewas-akibat-bencana-sumatera-489-ribu-warga-masih-ngungsi,"
Jumat, 26 Des 2025 09:47 WIB "
Mabes Polri Kerahkan Kembali 300 Personel Bantu Pemulihan Bencana di Aceh,https://news.detik.com/berita/d-8278385/mabes-polri-kerahkan-kembali-300-personel-bantu-pemulihan-bencana-di-aceh,"
Jumat, 26 Des 2025 12:30 WIB "
Wakapolri Bakal Tinjau Penanganan Bencana di Sumatera Hari Ini,https://news.detik.com/berita/d-8278397/wakapolri-bakal-tinjau-penanganan-bencana-di-sumatera-hari-ini,"
Jumat, 26 Des 2025 12:49 WIB "
Video: Polri Kirim 300 Personel Tambahan ke Lokasi Terdampak Bencana di Aceh,https://20.detik.com/detikupdate/20251226-251226085/video-polri-kirim-300-personel-tambahan-ke-lokasi-terdampak-bencana-di-aceh,"
Jumat, 26 Des 2025 14:02 WIB "
Video: Kapolri Minta Perbanyak Sumur Bor di Lokasi Terdampak Bencana Sumatera,https://20.detik.com/detikupdate/20251226-251226090/video-kapolri-minta-perbanyak-sumur-bor-di-lokasi-terdampak-bencana-sumatera,"
Jumat, 26 Des 2025 14:32 WIB "
Kepala BNNP Aceh Beri Dukungan Moril-Bantuan ke Gayo Lues,https://news.detik.com/berita/d-8278692/kepala-bnnp-aceh-beri-dukungan-moril-bantuan-ke-gayo-lues,"
Jumat, 26 Des 2025 15:37 WIB "
Video: Wakapolri Cek Langsung Penanganan Pascabencana Sumatera,https://20.detik.com/detikupdate/20251226-251226092/video-wakapolri-cek-langsung-penanganan-pascabencana-sumatera-,"
Jumat, 26 Des 2025 15:44 WIB "
Polda Sumbar Gelar Bakti Kesehatan ke 222 Warga Terdampak Bencana,https://news.detik.com/berita/d-8278958/polda-sumbar-gelar-bakti-kesehatan-ke-222-warga-terdampak-bencana,"
Jumat, 26 Des 2025 18:27 WIB "
"Sambut Libur Nataru, InJourney Optimalkan Bandara dan Pariwisata",https://news.detik.com/berita/d-8278978/sambut-libur-nataru-injourney-optimalkan-bandara-dan-pariwisata,"
Jumat, 26 Des 2025 18:45 WIB "
Video Jumlah Korban Bencana Sumatera Bertambah: 1.137 Meninggal-163 Hilang,https://20.detik.com/detikupdate/20251226-251226106/video-jumlah-korban-bencana-sumatera-bertambah-1137-meninggal-163-hilang,"
Jumat, 26 Des 2025 20:37 WIB "
2025 Masih Menyisakan Banyak Pekerjaan di Tahun Mendatang,https://news.detik.com/kolom/d-8279132/2025-masih-menyisakan-banyak-pekerjaan-di-tahun-mendatang,"
Jumat, 26 Des 2025 21:49 WIB "
PLN Upayakan Pemulihan Listrik di Wilayah Terisolir Aceh Tengah,https://news.detik.com/berita/d-8279397/pln-upayakan-pemulihan-listrik-di-wilayah-terisolir-aceh-tengah,"
Sabtu, 27 Des 2025 09:46 WIB "
"Wakapolri Tinjau Aceh Utara, Kerahkan Alat Berat hingga Salurkan Sembako",https://news.detik.com/berita/d-8279726/wakapolri-tinjau-aceh-utara-kerahkan-alat-berat-hingga-salurkan-sembako,"
Sabtu, 27 Des 2025 14:08 WIB "
Bahlil Kirim 1.000 Genset ke 224 Desa di Aceh yang Belum Teraliri Listrik,https://news.detik.com/berita/d-8279749/bahlil-kirim-1-000-genset-ke-224-desa-di-aceh-yang-belum-teraliri-listrik,"
Sabtu, 27 Des 2025 14:34 WIB "
"Kirim Genset ke Aceh, Bahlil: Masih Ada 35 Ribu Rumah Belum Teraliri Listrik",https://news.detik.com/berita/d-8279773/kirim-genset-ke-aceh-bahlil-masih-ada-35-ribu-rumah-belum-teraliri-listrik,"
Sabtu, 27 Des 2025 15:03 WIB "
Camat di Sulsel Tewas Usai Perahu Terbalik Saat Kirim Bantuan,https://news.detik.com/berita/d-8279926/camat-di-sulsel-tewas-usai-perahu-terbalik-saat-kirim-bantuan,"
Sabtu, 27 Des 2025 17:01 WIB "
Video Update Jumlah Korban Bencana Sumatera: 1.138 Orang Tewas-163 Hilang,https://20.detik.com/detikupdate/20251227-251227039/video-update-jumlah-korban-bencana-sumatera-1138-orang-tewas-163-hilang,"
Sabtu, 27 Des 2025 19:16 WIB "
"Kunjungi Tapteng, Wakapolri Fokus Buka Jalur Logistik Pascabanjir Bandang",https://news.detik.com/berita/d-8280518/kunjungi-tapteng-wakapolri-fokus-buka-jalur-logistik-pascabanjir-bandang,"
Minggu, 28 Des 2025 09:36 WIB "
Menkomdigi & Ekosistem Digital Hadir Pulihkan Warga Terdampak di Aceh,https://news.detik.com/berita/d-8281043/menkomdigi-ekosistem-digital-hadir-pulihkan-warga-terdampak-di-aceh,"
Minggu, 28 Des 2025 15:59 WIB "
Video: Jumlah Korban Tewas Bencana Sumatera Bertambah Jadi 1.140,https://20.detik.com/detikupdate/20251228-251228035/video-jumlah-korban-tewas-bencana-sumatera-bertambah-jadi-1140-,"
Minggu, 28 Des 2025 19:52 WIB "
"Kejahatan di Riau Turun Selama 2025, Kapolda Apresiasi Sinergi Forkopimda",https://news.detik.com/melindungi-tuah-marwah/d-8281416/kejahatan-di-riau-turun-selama-2025-kapolda-apresiasi-sinergi-forkopimda,"
Minggu, 28 Des 2025 21:30 WIB "
Video BNPB: Hampir Tak Ada Lagi Jasad Korban Banjir Sumatera di Permukiman,https://20.detik.com/detikupdate/20251229-251229003/video-bnpb-hampir-tak-ada-lagi-jasad-korban-banjir-sumatera-di-permukiman,"
Senin, 29 Des 2025 05:03 WIB "
Prakiraan BMKG: Natal 2025-Tahun Baru 2026 Bertepatan Puncak Musim Hujan,https://news.detik.com/berita/d-8281599/prakiraan-bmkg-natal-2025-tahun-baru-2026-bertepatan-puncak-musim-hujan,"
Senin, 29 Des 2025 08:00 WIB "
Ekspansi Modal dan Urgensi Keberpihakan Ekologis,https://news.detik.com/kolom/d-8279981/ekspansi-modal-dan-urgensi-keberpihakan-ekologis,"
Senin, 29 Des 2025 10:15 WIB "
"Arahan Mega, PDIP Kirim 30 Ambulans-90 Nakes Bantu Bencana Sumatera",https://news.detik.com/berita/d-8281860/arahan-mega-pdip-kirim-30-ambulans-90-nakes-bantu-bencana-sumatera,"
Senin, 29 Des 2025 11:12 WIB "
Pemerintah Akan Beli 100 Jembatan Bailey dari Luar Negeri untuk Daerah Bencana,https://news.detik.com/berita/d-8282220/pemerintah-akan-beli-100-jembatan-bailey-dari-luar-negeri-untuk-daerah-bencana,"
Senin, 29 Des 2025 13:44 WIB "
Video Respons PDIP soal Pengibaran Bendera Bulan Bintang di Aceh,https://20.detik.com/detikupdate/20251229-251229105/video-respons-pdip-soal-pengibaran-bendera-bulan-bintang-di-aceh,"
Senin, 29 Des 2025 14:33 WIB "
Imipas Bakal Beri Remisi Napi Lapas Aceh Tamiang: Yang Lapor Dapat Lebih Banyak,https://news.detik.com/berita/d-8282889/imipas-bakal-beri-remisi-napi-lapas-aceh-tamiang-yang-lapor-dapat-lebih-banyak,"
Senin, 29 Des 2025 18:04 WIB "
Kemenkes Bakal Fokuskan Penguatan Faskes di Wilayah Bencana Sumatera,https://news.detik.com/berita/d-8282890/kemenkes-bakal-fokuskan-penguatan-faskes-di-wilayah-bencana-sumatera,"
Senin, 29 Des 2025 18:04 WIB "
Video: Pemerintah Imbau Masyarakat Rayakan Tahun Baru Secara Sederhana,https://20.detik.com/detikupdate/20251229-251229119/video-pemerintah-imbau-masyarakat-rayakan-tahun-baru-secara-sederhana,"
Senin, 29 Des 2025 18:07 WIB "
Kemendagri Akan Kirim 1.054 Praja IPDN Bantu Desa Terdampak Bencana Aceh,https://news.detik.com/berita/d-8282930/kemendagri-akan-kirim-1-054-praja-ipdn-bantu-desa-terdampak-bencana-aceh,"
Senin, 29 Des 2025 18:30 WIB "
"Sinyal Kembali Pulih, Warga Aceh Tamiang Senang Bisa Berkomunikasi Lagi",https://news.detik.com/berita/d-8282959/sinyal-kembali-pulih-warga-aceh-tamiang-senang-bisa-berkomunikasi-lagi,"
Senin, 29 Des 2025 18:43 WIB "
Mensesneg: Perintah Presiden Pengurusan Dokumen Korban Bencana Digratiskan,https://news.detik.com/berita/d-8283069/mensesneg-perintah-presiden-pengurusan-dokumen-korban-bencana-digratiskan,"
Senin, 29 Des 2025 19:50 WIB "
"KBM di Aceh Dimulai Serentak 5 Januari 2026, Fokus Pulihkan Psikis Siswa",https://news.detik.com/berita/d-8283157/kbm-di-aceh-dimulai-serentak-5-januari-2026-fokus-pulihkan-psikis-siswa,"
Senin, 29 Des 2025 21:04 WIB "
Kemenkes Salurkan Bantuan Kesehatan-Starlink ke Korban Bencana Sumatera,https://news.detik.com/berita/d-8283159/kemenkes-salurkan-bantuan-kesehatan-starlink-ke-korban-bencana-sumatera,"
Senin, 29 Des 2025 21:06 WIB "
"Pascabencana, Kemenkes Revitalisasi 867 Puskesmas di Aceh-Sumbar",https://news.detik.com/berita/d-8283173/pascabencana-kemenkes-revitalisasi-867-puskesmas-di-aceh-sumbar,"
Senin, 29 Des 2025 21:31 WIB "
"Longsor Terjadi di Aceh Tengah, Sejumlah Warga Terjebak",https://news.detik.com/berita/d-8283278/longsor-terjadi-di-aceh-tengah-sejumlah-warga-terjebak,"
Senin, 29 Des 2025 23:35 WIB "
Setega Itu Baut-baut Jembatan Bailey di Aceh Dicuri,https://news.detik.com/berita/d-8283343/setega-itu-baut-baut-jembatan-bailey-di-aceh-dicuri,"
Selasa, 30 Des 2025 07:07 WIB "
"Dasco Pimpin Rakor Penanganan Bencana Aceh Bareng Mualem, Purbaya hingga Tito",https://news.detik.com/berita/d-8283584/dasco-pimpin-rakor-penanganan-bencana-aceh-bareng-mualem-purbaya-hingga-tito,"
Selasa, 30 Des 2025 10:46 WIB "
Menuju Resolusi Penanggulangan Bencana 2026: Saatnya Memperbarui Kajian Risiko,https://news.detik.com/kolom/d-8283609/menuju-resolusi-penanggulangan-bencana-2026-saatnya-memperbarui-kajian-risiko,"
Selasa, 30 Des 2025 10:58 WIB "
"Kapolri Sampaikan Rilis Akhir Tahun, Doakan Korban Bencana di Sumatera",https://news.detik.com/berita/d-8283614/kapolri-sampaikan-rilis-akhir-tahun-doakan-korban-bencana-di-sumatera,"
Selasa, 30 Des 2025 11:01 WIB "
Daftar Wilayah Potensi Banjir Pesisir pada 30 Desember-10 Januari,https://news.detik.com/berita/d-8283698/daftar-wilayah-potensi-banjir-pesisir-pada-30-desember-10-januari,"
Selasa, 30 Des 2025 11:33 WIB "
Bupati Aceh Tamiang Minta Fatwa Pemerintah soal Kayu Gelondongan Banjir,https://news.detik.com/berita/d-8283736/bupati-aceh-tamiang-minta-fatwa-pemerintah-soal-kayu-gelondongan-banjir,"
Selasa, 30 Des 2025 11:56 WIB "
Bupati Aceh Tamiang Cerita Suka Menangis Lihat Kondisi Warganya,https://news.detik.com/berita/d-8283768/bupati-aceh-tamiang-cerita-suka-menangis-lihat-kondisi-warganya,"
Selasa, 30 Des 2025 12:06 WIB "
Video: DPR Gelar Rakor Penanganan Bencana Aceh Bareng Mualem-Purbaya,https://20.detik.com/detikupdate/20251230-251230026/video-dpr-gelar-rakor-penanganan-bencana-aceh-bareng-mualem-purbaya,"
Selasa, 30 Des 2025 12:10 WIB "
"Rakor di Aceh, Dasco Tegaskan Bencana Sumatera Penanganan Skala Nasional",https://news.detik.com/berita/d-8283807/rakor-di-aceh-dasco-tegaskan-bencana-sumatera-penanganan-skala-nasional,"
Selasa, 30 Des 2025 12:29 WIB "
"Polri Sediakan Layanan Psikososial di 199 Titik Bencana, Jangkau 32.938 Warga",https://news.detik.com/berita/d-8284124/polri-sediakan-layanan-psikososial-di-199-titik-bencana-jangkau-32-938-warga,"
Selasa, 30 Des 2025 14:13 WIB "
Video Harapan Bupati Aceh Utara Agar Daerahnya Diperhatikan oleh Pusat,https://20.detik.com/detikupdate/20251230-251230041/video-harapan-bupati-aceh-utara-agar-daerahnya-diperhatikan-oleh-pusat,"
Selasa, 30 Des 2025 14:22 WIB "
Canda Purbaya ke BNPB Saat Bahas Dana Penanganan Bencana: Lu Pelit Juga,https://news.detik.com/berita/d-8284217/canda-purbaya-ke-bnpb-saat-bahas-dana-penanganan-bencana-lu-pelit-juga,"
Selasa, 30 Des 2025 14:51 WIB "
KemenImipas Evaluasi Tantangan 2025: 'War' SDUWHV hingga Jumlah Bapas,https://news.detik.com/berita/d-8284257/kemenimipas-evaluasi-tantangan-2025-war-sduwhv-hingga-jumlah-bapas,"
Selasa, 30 Des 2025 15:14 WIB "
"Video: Banyak Ternak Mati, Mualem Minta Pemerintah Impor Sapi saat Ramadan",https://20.detik.com/detikupdate/20251230-251230062/video-banyak-ternak-mati-mualem-minta-pemerintah-impor-sapi-saat-ramadan,"
Selasa, 30 Des 2025 18:14 WIB "
"Update Korban Bencana Sumatera 30 Desember: 1.141 Orang Meninggal, 163 Hilang",https://news.detik.com/berita/d-8284750/update-korban-bencana-sumatera-30-desember-1-141-orang-meninggal-163-hilang,"
Selasa, 30 Des 2025 18:27 WIB "
Mualem Usul Impor Daging Sapi untuk Warga Aceh Jelang Ramadan,https://news.detik.com/berita/d-8284799/mualem-usul-impor-daging-sapi-untuk-warga-aceh-jelang-ramadan,"
Selasa, 30 Des 2025 19:10 WIB "
Mendagri Ungkap Progres Pemulihan Pascabencana Sumatera di 52 Daerah,https://news.detik.com/berita/d-8284930/mendagri-ungkap-progres-pemulihan-pascabencana-sumatera-di-52-daerah,"
Selasa, 30 Des 2025 20:54 WIB "
"Rakor Pascabencana, DPR Yakinkan Bupati Aceh Utara Diperhatikan",https://news.detik.com/berita/d-8284935/rakor-pascabencana-dpr-yakinkan-bupati-aceh-utara-diperhatikan,"
Selasa, 30 Des 2025 20:58 WIB "
Prabowo Setuju Penambahan Renovasi Hunian Sosial hingga 2 Juta Unit Tahun Depan,https://news.detik.com/berita/d-8284970/prabowo-setuju-penambahan-renovasi-hunian-sosial-hingga-2-juta-unit-tahun-depan,"
Selasa, 30 Des 2025 21:24 WIB "
Mendagri: Pemulihan Bencana di Aceh Harus Dikeroyok Ramai-ramai,https://news.detik.com/berita/d-8284996/mendagri-pemulihan-bencana-di-aceh-harus-dikeroyok-ramai-ramai,"
Selasa, 30 Des 2025 21:41 WIB "
"Refleksi 2025, Anggota DPR Serukan Jaga Hutan Buntut Bencana Sumatera",https://news.detik.com/berita/d-8285078/refleksi-2025-anggota-dpr-serukan-jaga-hutan-buntut-bencana-sumatera,"
Rabu, 31 Des 2025 00:11 WIB "
Kemensos Siapkan Bantuan Perabot-Pemulihan Ekonomi bagi Korban Sumatera,https://news.detik.com/berita/d-8285179/kemensos-siapkan-bantuan-perabot-pemulihan-ekonomi-bagi-korban-sumatera,"
Rabu, 31 Des 2025 07:42 WIB "
Sejumlah Daerah Sambut Tahun Baru dengan Doa Bersama,https://news.detik.com/berita/d-8284949/sejumlah-daerah-sambut-tahun-baru-dengan-doa-bersama,"
Rabu, 31 Des 2025 07:58 WIB "
Astra Terus Salurkan Dukungan Kemanusiaan bagi Warga Terdampak di Sumatera,https://news.detik.com/berita/d-8285239/astra-terus-salurkan-dukungan-kemanusiaan-bagi-warga-terdampak-di-sumatera,"
Rabu, 31 Des 2025 08:43 WIB "
Mendagri Berikan Bantuan untuk Korban Bencana Aceh di Kecamatan Langkahan,https://news.detik.com/berita/d-8285328/mendagri-berikan-bantuan-untuk-korban-bencana-aceh-di-kecamatan-langkahan,"
Rabu, 31 Des 2025 10:07 WIB "
Waskita Karya Kebut Pembangunan 80 Huntara di Aceh dalam 6 Hari,https://news.detik.com/berita/d-8285583/waskita-karya-kebut-pembangunan-80-huntara-di-aceh-dalam-6-hari,"
Rabu, 31 Des 2025 11:54 WIB "
Prabowo Didampingi AHY Tinjau Jembatan Bailey di Sungai Garoga Tapsel,https://news.detik.com/berita/d-8285963/prabowo-didampingi-ahy-tinjau-jembatan-bailey-di-sungai-garoga-tapsel,"
Rabu, 31 Des 2025 14:39 WIB "
Cerminan Empati dan Solidaritas Nasional di Malam Pergantian Tahun,https://news.detik.com/berita/d-8285976/cerminan-empati-dan-solidaritas-nasional-di-malam-pergantian-tahun,"
Rabu, 31 Des 2025 14:44 WIB "
Korban Meninggal Akibat Bencana Sumatera Per 31 Desember Jadi 1.154 Orang,https://news.detik.com/berita/d-8286382/korban-meninggal-akibat-bencana-sumatera-per-31-desember-jadi-1-154-orang,"
Rabu, 31 Des 2025 17:13 WIB "
Kilas Balik Peristiwa Penting di detikcom Year in Review (DYIR) 2025,https://news.detik.com/berita/d-8286413/kilas-balik-peristiwa-penting-di-detikcom-year-in-review-dyir-2025,"
Rabu, 31 Des 2025 17:27 WIB "
"Memulai 2026, Prabowo Bakal Cek Lokasi Bencana Aceh Tamiang Besok",https://news.detik.com/berita/d-8286636/memulai-2026-prabowo-bakal-cek-lokasi-bencana-aceh-tamiang-besok,"
Rabu, 31 Des 2025 19:28 WIB "
Video Korban Meninggal Bencana Sumatera Bertambah Jadi 1.154 Jiwa,https://20.detik.com/detikupdate/20251231-251231197/video-korban-meninggal-bencana-sumatera-bertambah-jadi-1154-jiwa,"
Rabu, 31 Des 2025 19:32 WIB "
Bakauheni Harbour City Rayakan Tahun Baru dengan Penuh Makna,https://news.detik.com/bangun-indonesia/d-8286690/bakauheni-harbour-city-rayakan-tahun-baru-dengan-penuh-makna,"
Rabu, 31 Des 2025 20:00 WIB "
Indonesia di Persimpangan Krisis dan Harapan,https://news.detik.com/kolom/d-8285313/indonesia-di-persimpangan-krisis-dan-harapan,"
Kamis, 01 Jan 2026 09:05 WIB "
"Tutup 2025, InJourney Gelar Doa Bersama untuk Sumatera di Mandalika-TMII",https://news.detik.com/berita/d-8287240/tutup-2025-injourney-gelar-doa-bersama-untuk-sumatera-di-mandalika-tmii,"
Kamis, 01 Jan 2026 09:15 WIB "
Momen Perayaan Pergantian Tahun Sambil Berdonasi di Lapangan Banteng,https://news.detik.com/berita/d-8287257/momen-perayaan-pergantian-tahun-sambil-berdonasi-di-lapangan-banteng,"
Kamis, 01 Jan 2026 09:26 WIB "
"Prabowo Cek Hunian Danantara di Aceh Tamiang, Didampingi Rosan-Mualem",https://news.detik.com/berita/d-8287525/prabowo-cek-hunian-danantara-di-aceh-tamiang-didampingi-rosan-mualem,"
Kamis, 01 Jan 2026 12:52 WIB "
Prabowo Kembali Jelaskan soal Bencana Sumatera Tak Disebut Bencana Nasional,https://news.detik.com/berita/d-8287614/prabowo-kembali-jelaskan-soal-bencana-sumatera-tak-disebut-bencana-nasional,"
Kamis, 01 Jan 2026 14:02 WIB "
Prabowo: Saya Minta Maaf Belum Bisa ke Semua Titik Bencana,https://news.detik.com/berita/d-8287699/prabowo-saya-minta-maaf-belum-bisa-ke-semua-titik-bencana,"
Kamis, 01 Jan 2026 15:11 WIB "
Polisi Tempuh Perjalanan 14 Jam Usai Ada Info Bayi Sakit Pascabencana Aceh Tengah,https://news.detik.com/berita/d-8287770/polisi-tempuh-perjalanan-14-jam-usai-ada-info-bayi-sakit-pascabencana-aceh-tengah,"
Kamis, 01 Jan 2026 16:07 WIB "
Video Prabowo: Ada Swasta Tertarik Manfaatkan Lumpur Banjir di Aceh,https://20.detik.com/detikupdate/20260101-260101078/video-prabowo-ada-swasta-tertarik-manfaatkan-lumpur-banjir-di-aceh,"
Kamis, 01 Jan 2026 21:56 WIB "
Video Mendagri Minta Kepala Daerah Setor Data Hunian Rusak Akibat Bencana,https://20.detik.com/detikupdate/20260102-260102006/video-mendagri-minta-kepala-daerah-setor-data-hunian-rusak-akibat-bencana,"
Jumat, 02 Jan 2026 05:37 WIB "
Aksi Prajurit TNI Selamatkan Warga Aceh Tengah dari Arus Banjir,https://news.detik.com/berita/d-8288402/aksi-prajurit-tni-selamatkan-warga-aceh-tengah-dari-arus-banjir,"
Jumat, 02 Jan 2026 09:19 WIB "
Kehadiran Negara dan Efektivitas Penanganan Bencana,https://news.detik.com/kolom/d-8288430/kehadiran-negara-dan-efektivitas-penanganan-bencana,"
Jumat, 02 Jan 2026 09:49 WIB "
Video Penegasan Prabowo Terbuka Terima Bantuan untuk Korban Bencana Sumatera,https://20.detik.com/detikupdate/20260102-260102025/video-penegasan-prabowo-terbuka-terima-bantuan-untuk-korban-bencana-sumatera,"
Jumat, 02 Jan 2026 12:47 WIB "
Bareskrim Segera Tetapkan Tersangka Kasus Gelondongan Kayu Saat Banjir Sumut,https://news.detik.com/berita/d-8288976/bareskrim-segera-tetapkan-tersangka-kasus-gelondongan-kayu-saat-banjir-sumut,"
Jumat, 02 Jan 2026 14:27 WIB "
TelkomGroup Dampingi Pemulihan Psikologi Anak di Aceh Tamiang,https://news.detik.com/berita/d-8289418/telkomgroup-dampingi-pemulihan-psikologi-anak-di-aceh-tamiang,"
Jumat, 02 Jan 2026 17:58 WIB "
Kapoksi Gerindra Komisi V DPR Dukung Kayu Terbawa Banjir Sumatera Dimanfaatkan,https://news.detik.com/berita/d-8289541/kapoksi-gerindra-komisi-v-dpr-dukung-kayu-terbawa-banjir-sumatera-dimanfaatkan,"
Jumat, 02 Jan 2026 18:57 WIB "
Waka Komisi V DPR Dorong Percepatan Lahan Huntap Korban Bencana Aceh-Sumatera,https://news.detik.com/berita/d-8289629/waka-komisi-v-dpr-dorong-percepatan-lahan-huntap-korban-bencana-aceh-sumatera,"
Jumat, 02 Jan 2026 19:49 WIB "
Menteri HAM Minta Kepolisian Usut Tuntas Teror yang Menimpa Influencer,https://news.detik.com/berita/d-8289638/menteri-ham-minta-kepolisian-usut-tuntas-teror-yang-menimpa-influencer,"
Jumat, 02 Jan 2026 20:00 WIB "
Kemenkop Libatkan Koperasi Pulihkan Ekonomi Pascabencana Sumatera,https://news.detik.com/berita/d-8289712/kemenkop-libatkan-koperasi-pulihkan-ekonomi-pascabencana-sumatera,"
Jumat, 02 Jan 2026 21:22 WIB "
"Aceh Tamiang Jadi Prioritas Pemulihan, Mendagri: Dampak Bencana Paling Berat",https://news.detik.com/berita/d-8290045/aceh-tamiang-jadi-prioritas-pemulihan-mendagri-dampak-bencana-paling-berat,"
Sabtu, 03 Jan 2026 11:23 WIB "
Waka Komisi IV DPR Usul Pembentukan Badan Khusus Tangani Dampak Bencana Sumatera,https://news.detik.com/berita/d-8290058/waka-komisi-iv-dpr-usul-pembentukan-badan-khusus-tangani-dampak-bencana-sumatera,"
Sabtu, 03 Jan 2026 11:34 WIB "
Andre Rosiade Salurkan 1.000 Nasi Bungkus untuk Korban Banjir di Padang,https://news.detik.com/berita/d-8290449/andre-rosiade-salurkan-1-000-nasi-bungkus-untuk-korban-banjir-di-padang,"
Sabtu, 03 Jan 2026 15:57 WIB "
Korban Meninggal Bencana Sumatera Hari Ini Bertambah Jadi 1.167 Orang,https://news.detik.com/berita/d-8290576/korban-meninggal-bencana-sumatera-hari-ini-bertambah-jadi-1-167-orang,"
Sabtu, 03 Jan 2026 17:57 WIB "
"Komitmen Polri dalam Pemulihan Pascabanjir, SDN di Aceh Tamiang Siap Digunakan",https://news.detik.com/berita/d-8290582/komitmen-polri-dalam-pemulihan-pascabanjir-sdn-di-aceh-tamiang-siap-digunakan,"
Sabtu, 03 Jan 2026 18:04 WIB "
Polisi dan Masyarakat Pidie Jaya Gotong-royong Percepat Pemulihan Fasum-Pendidikan,https://news.detik.com/berita/d-8290654/polisi-dan-masyarakat-pidie-jaya-gotong-royong-percepat-pemulihan-fasum-pendidikan,"
Sabtu, 03 Jan 2026 18:55 WIB "
"PKB Setuju Usulan Bentuk Badan Khusus untuk Bencana Sumatera, Ini Alasannya",https://news.detik.com/berita/d-8291007/pkb-setuju-usulan-bentuk-badan-khusus-untuk-bencana-sumatera-ini-alasannya,"
Minggu, 04 Jan 2026 07:45 WIB "
Video: Aktivitas Pasar di Aceh Tamiang Kembali Ramai,https://20.detik.com/detikupdate/20260104-260104009/video-aktivitas-pasar-di-aceh-tamiang-kembali-ramai,"
Minggu, 04 Jan 2026 09:13 WIB "
Gizi Perempuan dan Anak Korban Banjir,https://news.detik.com/kolom/d-8289293/gizi-perempuan-dan-anak-korban-banjir,"
Minggu, 04 Jan 2026 10:00 WIB "
Korban Meninggal Bencana Sumatera Hari Ini Capai 1.177 Orang,https://news.detik.com/berita/d-8291680/korban-meninggal-bencana-sumatera-hari-ini-capai-1-177-orang,"
Minggu, 04 Jan 2026 17:31 WIB "
Melihat Pentingnya Kehadiran Pemimpin Saat Pemulihan Bencana,https://news.detik.com/kolom/d-8291747/melihat-pentingnya-kehadiran-pemimpin-saat-pemulihan-bencana,"
Minggu, 04 Jan 2026 18:56 WIB "
"Polri Bersihkan SMPN 2 Langsa yang Terdampak Bencana, Siap Dipakai Lagi Besok",https://news.detik.com/berita/d-8291965/polri-bersihkan-smpn-2-langsa-yang-terdampak-bencana-siap-dipakai-lagi-besok,"
Minggu, 04 Jan 2026 22:26 WIB "
"Komitmen Bantu Pemulihan Bencana, Polisi Bersihkan Lumpur Banjir di SMA Bireun",https://news.detik.com/berita/d-8291984/komitmen-bantu-pemulihan-bencana-polisi-bersihkan-lumpur-banjir-di-sma-bireun,"
Minggu, 04 Jan 2026 23:13 WIB "
Video BNPB: Sudah Tidak Ada Status Tanggap Darurat di Sumut,https://20.detik.com/detikupdate/20260105-260105015/video-bnpb-sudah-tidak-ada-status-tanggap-darurat-di-sumut,"
Senin, 05 Jan 2026 05:39 WIB "
"Video 3 Hari Hilang, Warga Aceh Ditemukan Tergeletak Lemas di Atas Lumpur",https://20.detik.com/detikupdate/20260105-260105007/video-3-hari-hilang-warga-aceh-ditemukan-tergeletak-lemas-di-atas-lumpur,"
Senin, 05 Jan 2026 06:10 WIB "
BNPB Ungkap Penyebab Longsor Susulan Masih Terjadi di Agam Sumbar,https://news.detik.com/berita/d-8292353/bnpb-ungkap-penyebab-longsor-susulan-masih-terjadi-di-agam-sumbar,"
Senin, 05 Jan 2026 11:00 WIB "
Membaca Kepemimpinan Presiden di Tengah Bencana,https://news.detik.com/kolom/d-8292561/membaca-kepemimpinan-presiden-di-tengah-bencana,"
Senin, 05 Jan 2026 12:44 WIB "
Dompet Dhuafa Bangun 1.000 Rumah Sementara untuk Korban Bencana Sumatera,https://news.detik.com/berita/d-8292794/dompet-dhuafa-bangun-1-000-rumah-sementara-untuk-korban-bencana-sumatera,"
Senin, 05 Jan 2026 14:32 WIB "
Keanehan Iklim 2025,https://news.detik.com/kolom/d-8291672/keanehan-iklim-2025,"
Senin, 05 Jan 2026 15:30 WIB "
Derita yang Tak Kunjung Surut di Aceh,https://news.detik.com/x/detail/spotlight/20260105/Derita-yang-Tak-Kunjung-Surut-di-Aceh/,"
Senin, 05 Jan 2026 18:59 WIB "
"Satgas DPR Gelar Rapat Lanjutan di Aceh, Sinkronkan Data Pemulihan Pascabencana",https://news.detik.com/internasional/d-8293541/satgas-dpr-gelar-rapat-lanjutan-di-aceh-sinkronkan-data-pemulihan-pascabencana,"
Senin, 05 Jan 2026 21:11 WIB "
PPP Gelar Doa Bersama & Lepas Bantuan-Relawan untuk Korban Bencana Aceh,https://news.detik.com/berita/d-8293581/ppp-gelar-doa-bersama-lepas-bantuan-relawan-untuk-korban-bencana-aceh,"
Senin, 05 Jan 2026 21:51 WIB "
PKB Harap Retret Kedua Bahas Penanganan Lanjutan Pascabencana Sumatera,https://news.detik.com/berita/d-8293827/pkb-harap-retret-kedua-bahas-penanganan-lanjutan-pascabencana-sumatera,"
Selasa, 06 Jan 2026 08:30 WIB "
Dari Kehadiran ke Dampak: Membaca Kepemimpinan Presiden di Tengah Bencana,https://news.detik.com/kolom/d-8294944/dari-kehadiran-ke-dampak-membaca-kepemimpinan-presiden-di-tengah-bencana,"
Selasa, 06 Jan 2026 18:25 WIB "
"Satgas Pemulihan Bencana Sumatera Dibentuk, Komisi VIII DPR: Lebih Terkoordinasi",https://news.detik.com/berita/d-8295827/satgas-pemulihan-bencana-sumatera-dibentuk-komisi-viii-dpr-lebih-terkoordinasi,"
Rabu, 07 Jan 2026 12:55 WIB "
Telkomsel Salurkan Bantuan Logistik ke Warga Korban Banjir Aceh Utara,https://news.detik.com/berita/d-8296466/telkomsel-salurkan-bantuan-logistik-ke-warga-korban-banjir-aceh-utara,"
Rabu, 07 Jan 2026 17:28 WIB "
"Satgas PKH: 12 Perusahaan Jadi Penyebab Banjir Sumatera, Akan Disanksi",https://news.detik.com/berita/d-8298117/satgas-pkh-12-perusahaan-jadi-penyebab-banjir-sumatera-akan-disanksi,"
Kamis, 08 Jan 2026 17:13 WIB "
Mendagri Ungkap Ada 25 Desa Hilang Akibat Bencana Sumatera,https://news.detik.com/berita/d-8298197/mendagri-ungkap-ada-25-desa-hilang-akibat-bencana-sumatera,"
Kamis, 08 Jan 2026 17:35 WIB "
Pemerintah Ingatkan Warga Tak Salah-Gunakan Gelondongan Kayu Banjir Sumatera,https://news.detik.com/berita/d-8298323/pemerintah-ingatkan-warga-tak-salah-gunakan-gelondongan-kayu-banjir-sumatera,"
Kamis, 08 Jan 2026 18:31 WIB "
Pemerintah Usul Lumpur Bekas Banjir Sumatera Dijadikan Bahan Tanggul,https://news.detik.com/berita/d-8298364/pemerintah-usul-lumpur-bekas-banjir-sumatera-dijadikan-bahan-tanggul,"
Kamis, 08 Jan 2026 19:01 WIB "
Mendagri Bahas Percepatan Rehabilitasi Pascabencana Sumatera,https://news.detik.com/berita/d-8298395/mendagri-bahas-percepatan-rehabilitasi-pascabencana-sumatera,"
Kamis, 08 Jan 2026 19:23 WIB "
"Banjir Terjang 6 Kecamatan di Aceh Timur, Warga Kembali Mengungsi",https://news.detik.com/berita/d-8298557/banjir-terjang-6-kecamatan-di-aceh-timur-warga-kembali-mengungsi,"
Kamis, 08 Jan 2026 22:06 WIB "
"Banjir Bandang Sempat Terjang Bener Meriah Aceh, Gelondongan Kayu Ikut Hanyut",https://news.detik.com/berita/d-8298619/banjir-bandang-sempat-terjang-bener-meriah-aceh-gelondongan-kayu-ikut-hanyut,"
Jumat, 09 Jan 2026 00:08 WIB "
Badai Tropis untuk Ilmu Kehutanan,https://news.detik.com/kolom/d-8298867/badai-tropis-untuk-ilmu-kehutanan,"
Jumat, 09 Jan 2026 14:57 WIB "
Warga Korban Bencana di Aceh Tamiang Mulai Tempati Hunian Danantara,https://news.detik.com/berita/d-8299702/warga-korban-bencana-di-aceh-tamiang-mulai-tempati-hunian-danantara,"
Jumat, 09 Jan 2026 16:33 WIB "
"Setelah Air Surut, Petani Sawit di Sumatera Jalani Ritme Hari Berbeda",https://news.detik.com/berita/d-8299470/setelah-air-surut-petani-sawit-di-sumatera-jalani-ritme-hari-berbeda,"
Jumat, 09 Jan 2026 17:00 WIB "
Pesan Bima Arya Saat Hadiri Serah Terima 600 Unit Huntara di Aceh Tamiang,https://news.detik.com/berita/d-8300115/pesan-bima-arya-saat-hadiri-serah-terima-600-unit-huntara-di-aceh-tamiang,"
Jumat, 09 Jan 2026 21:00 WIB "
Video Menag-Pramono Hadiri Perayaan Natal Jakarta 2025,https://20.detik.com/detikupdate/20260109-260109087/video-menag-pramono-hadiri-perayaan-natal-jakarta-2025,"
Jumat, 09 Jan 2026 22:36 WIB "
"Kunjungi Kampus Muhammadiyah Sumbar, Waka MPR Bicara Mitigasi Krisis Iklim",https://news.detik.com/berita/d-8300443/kunjungi-kampus-muhammadiyah-sumbar-waka-mpr-bicara-mitigasi-krisis-iklim,"
Sabtu, 10 Jan 2026 09:27 WIB "
"Dipimpin Dasco, Satgas Galapana DPR dan Pemerintah Kembali Rapat di Aceh",https://news.detik.com/berita/d-8300503/dipimpin-dasco-satgas-galapana-dpr-dan-pemerintah-kembali-rapat-di-aceh,"
Sabtu, 10 Jan 2026 10:32 WIB "
Satgas Galapana DPR Laporkan 4 Masalah Pokok Pascabencana Aceh,https://news.detik.com/berita/d-8300549/satgas-galapana-dpr-laporkan-4-masalah-pokok-pascabencana-aceh,"
Sabtu, 10 Jan 2026 11:03 WIB "
Video: Warga Mulai Menempati 600 Unit Huntara di Aceh Tamiang,https://20.detik.com/detikupdate/20260110-260110013/video-warga-mulai-menempati-600-unit-huntara-di-aceh-tamiang,"
Sabtu, 10 Jan 2026 12:03 WIB "
"Mendagri: Kayu Banjir Sumatera Bisa Dipakai Warga, Bukan Perusahaan Komersial",https://news.detik.com/berita/d-8300885/mendagri-kayu-banjir-sumatera-bisa-dipakai-warga-bukan-perusahaan-komersial,"
Sabtu, 10 Jan 2026 15:15 WIB "
"Maruarar: Pembangunan Huntap di Sumatera Harus Aman, Legal-Dekat Ekosistem",https://news.detik.com/berita/d-8300981/maruarar-pembangunan-huntap-di-sumatera-harus-aman-legal-dekat-ekosistem,"
Sabtu, 10 Jan 2026 16:24 WIB "
"Kemensos Siap Salurkan Bansos untuk Sumatera, Data Jadi Kunci Percepatan",https://news.detik.com/berita/d-8301191/kemensos-siap-salurkan-bansos-untuk-sumatera-data-jadi-kunci-percepatan,"
Sabtu, 10 Jan 2026 19:39 WIB "
Lebih dari 15 Ribu Siswa di Penjuru Negeri Rasakan Manfaat Sekolah Rakyat,https://news.detik.com/berita/d-8301237/lebih-dari-15-ribu-siswa-di-penjuru-negeri-rasakan-manfaat-sekolah-rakyat,"
Sabtu, 10 Jan 2026 21:00 WIB "
PKB Dukung Kayu Bencana Sumatera Dimanfaatkan Warga: Tak Ada yang Klaim,https://news.detik.com/berita/d-8301507/pkb-dukung-kayu-bencana-sumatera-dimanfaatkan-warga-tak-ada-yang-klaim,"
Minggu, 11 Jan 2026 08:17 WIB "
Waka Komisi IV DPR: Warga Manfaatkan Kayu Banjir Sumatera Butuh Payung Hukum,https://news.detik.com/berita/d-8301561/waka-komisi-iv-dpr-warga-manfaatkan-kayu-banjir-sumatera-butuh-payung-hukum,"
Minggu, 11 Jan 2026 09:01 WIB "
Wamen PPPA-AGP Ajak Keluarga Pascabencana di Aceh Timur Bangkit Kembali,https://news.detik.com/berita/d-8302278/wamen-pppa-agp-ajak-keluarga-pascabencana-di-aceh-timur-bangkit-kembali,"
Minggu, 11 Jan 2026 18:18 WIB "
"Megawati Pantau Penyaluran Bantuan ke Sumatera, Ungkit Momen saat Jadi Wapres",https://news.detik.com/berita/d-8302365/megawati-pantau-penyaluran-bantuan-ke-sumatera-ungkit-momen-saat-jadi-wapres,"
Minggu, 11 Jan 2026 19:22 WIB "
Pemerintah Kebut Pembangunan Hunian Sementara Korban Bencana Sumatera,https://news.detik.com/berita/d-8303211/pemerintah-kebut-pembangunan-hunian-sementara-korban-bencana-sumatera,"
Senin, 12 Jan 2026 13:11 WIB "
21 Poin Rekomendasi Rakernas PDIP: Partai Penyeimbang-Tolak Pilkada Via DPRD,https://news.detik.com/berita/d-8304058/21-poin-rekomendasi-rakernas-pdip-partai-penyeimbang-tolak-pilkada-via-dprd,"
Senin, 12 Jan 2026 18:19 WIB "
"Pastikan Kondisi Pascabencana, Tito Cek Langsung Infrastruktur di Aceh",https://news.detik.com/berita/d-8304281/pastikan-kondisi-pascabencana-tito-cek-langsung-infrastruktur-di-aceh,"
Senin, 12 Jan 2026 20:25 WIB "
Unhan Salurkan Donasi Obat hingga Pendidikan Digital ke Warga Aceh Tamiang,https://news.detik.com/berita/d-8306023/unhan-salurkan-donasi-obat-hingga-pendidikan-digital-ke-warga-aceh-tamiang,"
Selasa, 13 Jan 2026 19:43 WIB "
Kemenimipas Kirim 119 Taruna Poltekip-Poltekim Bantu Pemulihan Aceh,https://news.detik.com/berita/d-8307836/kemenimipas-kirim-119-taruna-poltekip-poltekim-bantu-pemulihan-aceh,"
Rabu, 14 Jan 2026 20:23 WIB "
"Dorong Indonesia Emas, Wamendagri Soroti Peran Strategis Desa",https://news.detik.com/berita/d-8307872/dorong-indonesia-emas-wamendagri-soroti-peran-strategis-desa,"
Rabu, 14 Jan 2026 21:10 WIB "
Video Dampak Bencana Sumatera: 107 Ribu Ha Sawah Rusak-820 Ribu Ternak Mati,https://20.detik.com/detikupdate/20260114-260114128/video-dampak-bencana-sumatera-107-ribu-ha-sawah-rusak-820-ribu-ternak-mati,"
Rabu, 14 Jan 2026 21:33 WIB "
KemenImipas Donasikan Seluruh Hasil Jual Panen Raya ke Korban Bencana Sumatera,https://news.detik.com/berita/d-8308655/kemenimipas-donasikan-seluruh-hasil-jual-panen-raya-ke-korban-bencana-sumatera,"
Kamis, 15 Jan 2026 13:16 WIB "
Menimipas Pesan 5.000 Hijab di BLK Konfeksi Lapas Cirebon untuk Anak-anak di Aceh,https://news.detik.com/berita/d-8308823/menimipas-pesan-5-000-hijab-di-blk-konfeksi-lapas-cirebon-untuk-anak-anak-di-aceh,"
Kamis, 15 Jan 2026 14:20 WIB "
"Rakor Satgas Percepatan Rehabilitasi Pascabencana Sumatera, Ini Prioritasnya",https://news.detik.com/berita/d-8308980/rakor-satgas-percepatan-rehabilitasi-pascabencana-sumatera-ini-prioritasnya,"
Kamis, 15 Jan 2026 15:20 WIB "
"Jelang Ramadan, Pemerintah Kebut Perbaiki Masjid Rusak Pascabencana Sumatera",https://news.detik.com/berita/d-8309129/jelang-ramadan-pemerintah-kebut-perbaiki-masjid-rusak-pascabencana-sumatera,"
Kamis, 15 Jan 2026 16:15 WIB "
24 Desa di Aceh Tengah Masih Terisolasi Usai Bencana,https://news.detik.com/berita/d-8309390/24-desa-di-aceh-tengah-masih-terisolasi-usai-bencana,"
Kamis, 15 Jan 2026 18:07 WIB "
"KLH Gugat 6 Perusahaan Diduga Penyebab Bencana Sumatera Rp 4,8 Triliun",https://news.detik.com/berita/d-8309570/klh-gugat-6-perusahaan-diduga-penyebab-bencana-sumatera-rp-4-8-triliun,"
Kamis, 15 Jan 2026 20:07 WIB "
Wamendagri Beberkan Upaya Percepat Rehabilitasi Sawah Terdampak Bencana,https://news.detik.com/berita/d-8309636/wamendagri-beberkan-upaya-percepat-rehabilitasi-sawah-terdampak-bencana,"
Kamis, 15 Jan 2026 20:42 WIB "
Mualem Ungkap Jembatan di Aceh Masih Rusak: Siswa Naik Rakit ke Sekolah,https://news.detik.com/berita/d-8309834/mualem-ungkap-jembatan-di-aceh-masih-rusak-siswa-naik-rakit-ke-sekolah,"
Kamis, 15 Jan 2026 23:34 WIB "
"Cak Imin: Angka Kemiskinan Nasional Naik 0,49% Imbas Bencana Sumatera",https://news.detik.com/berita/d-8309880/cak-imin-angka-kemiskinan-nasional-naik-0-49-imbas-bencana-sumatera,"
Jumat, 16 Jan 2026 01:56 WIB "
"InJourney Kembali Salurkan Bantuan untuk Sumatera, Kirim 44 Relawan",https://news.detik.com/berita/d-8310793/injourney-kembali-salurkan-bantuan-untuk-sumatera-kirim-44-relawan,"
Jumat, 16 Jan 2026 18:59 WIB "
Menteri PU Sebut Seluruh Jembatan Nasional di Aceh-Sumut Sudah Berfungsi,https://news.detik.com/berita/d-8310880/menteri-pu-sebut-seluruh-jembatan-nasional-di-aceh-sumut-sudah-berfungsi,"
Jumat, 16 Jan 2026 20:17 WIB "
"PSI Banten Gelar Istighosah Bareng Ulama di Pandeglang, Doakan Korban Bencana",https://news.detik.com/berita/d-8311093/psi-banten-gelar-istighosah-bareng-ulama-di-pandeglang-doakan-korban-bencana,"
Sabtu, 17 Jan 2026 02:13 WIB "
Kemensos Salurkan Santunan Duka & Bantuan Alat Salat Korban Banjir di Aceh,https://news.detik.com/berita/d-8311880/kemensos-salurkan-santunan-duka-bantuan-alat-salat-korban-banjir-di-aceh,"
Sabtu, 17 Jan 2026 20:09 WIB "
"Pemerintah Kembalikan TKD Aceh-Sumut-Sumbar Imbas Bencana, Nilainya Rp 10,6 T",https://news.detik.com/berita/d-8312017/pemerintah-kembalikan-tkd-aceh-sumut-sumbar-imbas-bencana-nilainya-rp-10-6-t,"
Sabtu, 17 Jan 2026 22:01 WIB "
Pemerintah Beri Atensi Khusus ke 17 Wilayah di Aceh-Sumatera Usai Bencana,https://news.detik.com/berita/d-8312022/pemerintah-beri-atensi-khusus-ke-17-wilayah-di-aceh-sumatera-usai-bencana,"
Sabtu, 17 Jan 2026 22:08 WIB "
"Mendagri Harap TKD Aceh-Sumut-Sumbar Rp 10,6 T Diproses Senin Pekan Depan",https://news.detik.com/berita/d-8312039/mendagri-harap-tkd-aceh-sumut-sumbar-rp-10-6-t-diproses-senin-pekan-depan,"
Sabtu, 17 Jan 2026 22:21 WIB "
"Mendagri Ingatkan TKD Rp 10,6 T ke Aceh-Sumut-Sumbar Jangan Diselewengkan",https://news.detik.com/berita/d-8312044/mendagri-ingatkan-tkd-rp-10-6-t-ke-aceh-sumut-sumbar-jangan-diselewengkan,"
Sabtu, 17 Jan 2026 22:38 WIB "
"Andre Rosiade Tinjau Huntara Batang Anai, Targetkan Rampung Pekan Ini",https://news.detik.com/berita/d-8313811/andre-rosiade-tinjau-huntara-batang-anai-targetkan-rampung-pekan-ini,"
Senin, 19 Jan 2026 12:23 WIB "
Menteri ATR Sebut Sertifikat Tanah Hilang Pascabencana Sumatera Tetap Diakui,https://news.detik.com/berita/d-8314257/menteri-atr-sebut-sertifikat-tanah-hilang-pascabencana-sumatera-tetap-diakui,"
Senin, 19 Jan 2026 15:28 WIB "
Video Nusron: Ratusan Ribu Hektare Hutan di Sumatera Jadi Tambang-Kebun,https://20.detik.com/detikupdate/20260119-260119095/video-nusron-ratusan-ribu-hektare-hutan-di-sumatera-jadi-tambang-kebun,"
Senin, 19 Jan 2026 17:15 WIB "
Menteri ATR Ungkap Satgas PKH Selidiki Penyalahgunaan Hutan di Aceh-Sumut-Sumbar,https://news.detik.com/berita/d-8314870/menteri-atr-ungkap-satgas-pkh-selidiki-penyalahgunaan-hutan-di-aceh-sumut-sumbar,"
Senin, 19 Jan 2026 19:57 WIB "
"Korban Tewas Bencana Sumatera 1.199 Orang, 114 Ribu Warga Masih Mengungsi",https://news.detik.com/berita/d-8315463/korban-tewas-bencana-sumatera-1-199-orang-114-ribu-warga-masih-mengungsi,"
Selasa, 20 Jan 2026 11:12 WIB "
Kemensos Gandeng BNPB & Pemda Salurkan Santunan Korban Banjir Sumatera,https://news.detik.com/berita/d-8315846/kemensos-gandeng-bnpb-pemda-salurkan-santunan-korban-banjir-sumatera,"
Selasa, 20 Jan 2026 14:05 WIB "
Pemda Diminta Sampaikan Data Kebutuhan Pascabencana Secara Presisi-Akurat,https://news.detik.com/berita/d-8316223/pemda-diminta-sampaikan-data-kebutuhan-pascabencana-secara-presisi-akurat,"
Selasa, 20 Jan 2026 16:53 WIB "
"Prabowo Cabut Izin 28 Perusahaan Terkait Bencana di Aceh, Sumut, dan Sumbar",https://news.detik.com/berita/d-8316583/prabowo-cabut-izin-28-perusahaan-terkait-bencana-di-aceh-sumut-dan-sumbar,"
Selasa, 20 Jan 2026 19:40 WIB "
Satbrimob Polda Banten Bersihkan Sekolah dan Salurkan Al-Qur'an di Aceh,https://news.detik.com/berita/d-8316912/satbrimob-polda-banten-bersihkan-sekolah-dan-salurkan-al-quran-di-aceh,"
Rabu, 21 Jan 2026 03:02 WIB "
Prabowo Cabut 28 Izin Perusahaan Penyebab Banjir Sumatera,https://news.detik.com/berita/d-8316747/prabowo-cabut-28-izin-perusahaan-penyebab-banjir-sumatera,"
Rabu, 21 Jan 2026 07:58 WIB "
"Banjir Telah Pergi, Jejaknya Tertinggal di Kehidupan Petani Sawit Aceh",https://news.detik.com/x/detail/intermeso/20260120/Banjir-Telah-Pergi-Jejaknya-Tertinggal-di-Kehidupan-Petani-Sawit-Aceh/,"
Rabu, 21 Jan 2026 13:01 WIB "
Tito Karnavian Minta Renovasi Sekolah Terdampak Banjir di Pidie Jaya Dipercepat,https://news.detik.com/berita/d-8318970/tito-karnavian-minta-renovasi-sekolah-terdampak-banjir-di-pidie-jaya-dipercepat,"
Kamis, 22 Jan 2026 10:50 WIB "
"Komisi VI DPR RI Tinjau Pembangunan Huntara di Batang Anai, Progres 90%",https://news.detik.com/berita/d-8319145/komisi-vi-dpr-ri-tinjau-pembangunan-huntara-di-batang-anai-progres-90,"
Kamis, 22 Jan 2026 12:06 WIB "
Andre Rosiade Dorong Sepablock Semen Padang Jadi Solusi Huntap Nasional,https://news.detik.com/berita/d-8319499/andre-rosiade-dorong-sepablock-semen-padang-jadi-solusi-huntap-nasional,"
Kamis, 22 Jan 2026 14:22 WIB "
Anggota DPR F-PDIP Colek Bahlil: Jakarta Banjir Saya Kena Mati Listrik,https://news.detik.com/berita/d-8319642/anggota-dpr-f-pdip-colek-bahlil-jakarta-banjir-saya-kena-mati-listrik,"
Kamis, 22 Jan 2026 15:25 WIB "
Tito Pastikan Penanganan Darurat di Aceh Utara Berjalan Cepat,https://news.detik.com/berita/d-8319920/tito-pastikan-penanganan-darurat-di-aceh-utara-berjalan-cepat,"
Kamis, 22 Jan 2026 17:25 WIB "
Tito Salurkan Bantuan Terpadu untuk Pemulihan Aceh Tamiang,https://news.detik.com/berita/d-8321753/tito-salurkan-bantuan-terpadu-untuk-pemulihan-aceh-tamiang,"
Jumat, 23 Jan 2026 17:11 WIB "
"Kunjungi Aceh Utara, Tito Makan Bareng Pengungsi di Dusun Seulemak",https://news.detik.com/berita/d-8322009/kunjungi-aceh-utara-tito-makan-bareng-pengungsi-di-dusun-seulemak,"
Jumat, 23 Jan 2026 19:02 WIB "
Tito Dorong Pembukaan Akses dan Penataan Hunian Pascabencana Aceh Timur,https://news.detik.com/berita/d-8322138/tito-dorong-pembukaan-akses-dan-penataan-hunian-pascabencana-aceh-timur,"
Jumat, 23 Jan 2026 20:18 WIB "
"Tinjau Lokasi Bencana, Tito Puji Normalisasi Sungai di Tapteng",https://news.detik.com/berita/d-8322808/tinjau-lokasi-bencana-tito-puji-normalisasi-sungai-di-tapteng,"
Sabtu, 24 Jan 2026 12:53 WIB "
169 Taruna Akpol Dikerahkan ke Aceh Tamiang Percepat Pemulihan Usai Banjir,https://news.detik.com/berita/d-8323204/169-taruna-akpol-dikerahkan-ke-aceh-tamiang-percepat-pemulihan-usai-banjir,"
Sabtu, 24 Jan 2026 17:05 WIB "
"Mensos Salurkan Santunan Duka di Aceh Utara, Total Rp 4 Miliar",https://news.detik.com/berita/d-8323307/mensos-salurkan-santunan-duka-di-aceh-utara-total-rp-4-miliar,"
Sabtu, 24 Jan 2026 18:24 WIB "
"Resmikan Huntara di Aceh Tamiang, AHY Tegaskan Rumah Kebutuhan Dasar Warga",https://news.detik.com/berita/d-8323578/resmikan-huntara-di-aceh-tamiang-ahy-tegaskan-rumah-kebutuhan-dasar-warga,"
Sabtu, 24 Jan 2026 21:19 WIB "
"Menko AHY Tinjau SMPN 1 Karang Baru, Pastikan Pemulihan Pascabanjir",https://news.detik.com/berita/d-8323582/menko-ahy-tinjau-smpn-1-karang-baru-pastikan-pemulihan-pascabanjir,"
Sabtu, 24 Jan 2026 21:21 WIB "
AHY Dorong Pemulihan Fasilitas Pendidikan di Aceh Tamiang Dipercepat,https://news.detik.com/berita/d-8324873/ahy-dorong-pemulihan-fasilitas-pendidikan-di-aceh-tamiang-dipercepat,"
Minggu, 25 Jan 2026 20:34 WIB "
"Mendagri: Gelondongan Kayu Banyak di Aceh Timur dan Utara, Mau Dimanfaatkan",https://news.detik.com/berita/d-8325552/mendagri-gelondongan-kayu-banyak-di-aceh-timur-dan-utara-mau-dimanfaatkan,"
Senin, 26 Jan 2026 12:16 WIB "
Menkes Gencarkan Imunisasi untuk Atasi Campak Usai Bencana Sumatera,https://news.detik.com/berita/d-8325693/menkes-gencarkan-imunisasi-untuk-atasi-campak-usai-bencana-sumatera,"
Senin, 26 Jan 2026 13:22 WIB "
"KSAL: 23 Anggota Marinir Tertimbun Longsor Cisarua, 4 Ditemukan Meninggal",https://news.detik.com/berita/d-8325879/ksal-23-anggota-marinir-tertimbun-longsor-cisarua-4-ditemukan-meninggal,"
Senin, 26 Jan 2026 14:43 WIB "
Kemenag Salurkan Al-Qur'an hingga Alkitab untuk Korban Bencana Sumatera,https://news.detik.com/berita/d-8326218/kemenag-salurkan-al-quran-hingga-alkitab-untuk-korban-bencana-sumatera,"
Senin, 26 Jan 2026 16:52 WIB "
"Kemendikdasmen Salurkan Rp 32,9 M buat Guru Terdampak Bencana Sumatera",https://news.detik.com/berita/d-8326404/kemendikdasmen-salurkan-rp-32-9-m-buat-guru-terdampak-bencana-sumatera,"
Senin, 26 Jan 2026 18:12 WIB "
Mendagri Ungkap Sejumlah Wilayah di Aceh Perlu Perhatian Khusus Usai Bencana,https://news.detik.com/berita/d-8326423/mendagri-ungkap-sejumlah-wilayah-di-aceh-perlu-perhatian-khusus-usai-bencana,"
Senin, 26 Jan 2026 18:19 WIB "
Video Mendagri: Baru 1 Daerah di Aceh yang Sudah Normal Usai Bencana,https://20.detik.com/detikupdate/20260126-260126102/video-mendagri-baru-1-daerah-di-aceh-yang-sudah-normal-usai-bencana,"
Senin, 26 Jan 2026 20:16 WIB "
Video: Jaksa Tegaskan Tak Arahkan Saksi Kasus Chromebook,https://20.detik.com/detikupdate/20260126-260126112/video-jaksa-tegaskan-tak-arahkan-saksi-kasus-chromebook,"
Senin, 26 Jan 2026 20:18 WIB "
"Update Bencana Sumatera: 1.201 Orang Tewas, 113 Ribu Warga Masih Ngungsi",https://news.detik.com/berita/d-8327048/update-bencana-sumatera-1-201-orang-tewas-113-ribu-warga-masih-ngungsi,"
Selasa, 27 Jan 2026 10:24 WIB "
"Pemulihan Pascabencana Aceh, 70 Relawan BRI Peduli Bersih-bersih Sekolah",https://news.detik.com/berita/d-8327351/pemulihan-pascabencana-aceh-70-relawan-bri-peduli-bersih-bersih-sekolah,"
Selasa, 27 Jan 2026 12:37 WIB "
Menteri PU Targetkan Puskesmas Darurat Pascabencana Sumatera Sebelum Ramadan,https://news.detik.com/berita/d-8327697/menteri-pu-targetkan-puskesmas-darurat-pascabencana-sumatera-sebelum-ramadan,"
Selasa, 27 Jan 2026 15:03 WIB "
"Ara Bangun 2.603 Huntap Korban Bencana Sumatera, Ini Target Jadwal Rampungnya",https://news.detik.com/berita/d-8327790/ara-bangun-2-603-huntap-korban-bencana-sumatera-ini-target-jadwal-rampungnya,"
Selasa, 27 Jan 2026 15:45 WIB "
"29 Desa di Aceh dan Sumut Hilang Terdampak Bencana, Ada yang Jadi Sungai",https://news.detik.com/berita/d-8327807/29-desa-di-aceh-dan-sumut-hilang-terdampak-bencana-ada-yang-jadi-sungai,"
Selasa, 27 Jan 2026 15:51 WIB "
"Video: 29 Desa di Sumatera Hilang, Ada yang Berubah Jadi Sungai",https://20.detik.com/detikupdate/20260127-260127110/video-29-desa-di-sumatera-hilang-ada-yang-berubah-jadi-sungai,"
Selasa, 27 Jan 2026 17:29 WIB "
"28 Perusahaan Dicabut Izin Usai Bencana Sumatera, Satgas PKH Data Pelanggaran",https://news.detik.com/berita/d-8328048/28-perusahaan-dicabut-izin-usai-bencana-sumatera-satgas-pkh-data-pelanggaran,"
Selasa, 27 Jan 2026 17:34 WIB "
Mensos Ungkap Anggaran Penanganan Pascabencana Sumatera Butuh Rp 2 Triliun,https://news.detik.com/berita/d-8328528/mensos-ungkap-anggaran-penanganan-pascabencana-sumatera-butuh-rp-2-triliun,"
Selasa, 27 Jan 2026 21:51 WIB "
Banyak Desa Jadi Sungai Pascabencana di Sumatera,https://news.detik.com/berita/d-8328551/banyak-desa-jadi-sungai-pascabencana-di-sumatera,"
Selasa, 27 Jan 2026 22:11 WIB "
Mensos Ungkap Sudah Ada 34 Titik Kejadian Bencana di Awal 2026,https://news.detik.com/berita/d-8328559/mensos-ungkap-sudah-ada-34-titik-kejadian-bencana-di-awal-2026,"
Selasa, 27 Jan 2026 22:19 WIB "
Kapan Musim Hujan 2026 Berakhir? Ini Prediksi BMKG,https://news.detik.com/berita/d-8330010/kapan-musim-hujan-2026-berakhir-ini-prediksi-bmkg,"
Rabu, 28 Jan 2026 18:29 WIB "
Komisi X DPR RI Apresiasi BRIN atas Penguatan Riset dan Inovasi,https://news.detik.com/berita/d-8330119/komisi-x-dpr-ri-apresiasi-brin-atas-penguatan-riset-dan-inovasi,"
Rabu, 28 Jan 2026 19:37 WIB "
Taruna Akpol Bersihkan Fasilitas Publik Terdampak Banjir di Aceh Tamiang,https://news.detik.com/berita/d-8330516/taruna-akpol-bersihkan-fasilitas-publik-terdampak-banjir-di-aceh-tamiang,"
Kamis, 29 Jan 2026 09:16 WIB "
"Andre Rosiade Dampingi Menteri PU Cek Perbaikan Jl Malalak, Anggaran Rp 667 M",https://news.detik.com/berita/d-8330738/andre-rosiade-dampingi-menteri-pu-cek-perbaikan-jl-malalak-anggaran-rp-667-m,"
Kamis, 29 Jan 2026 11:39 WIB "
"111 Ribu Warga Masih Ngungsi Pascabencana di Aceh, Sumut, dan Sumbar",https://news.detik.com/berita/d-8331108/111-ribu-warga-masih-ngungsi-pascabencana-di-aceh-sumut-dan-sumbar,"
Kamis, 29 Jan 2026 14:32 WIB "
DPD RI Tekankan Kearifan Lokal untuk Atasi Bencana Ekologi di Indonesia,https://news.detik.com/berita/d-8333623/dpd-ri-tekankan-kearifan-lokal-untuk-atasi-bencana-ekologi-di-indonesia,"
Jumat, 30 Jan 2026 21:03 WIB "
"PDIP Dorong TKD Dikembalikan: Cuaca Ekstrem, Daerah Harus Siaga",https://news.detik.com/berita/d-8334210/pdip-dorong-tkd-dikembalikan-cuaca-ekstrem-daerah-harus-siaga,"
Sabtu, 31 Jan 2026 13:40 WIB "
Mensos Gus Ipul Serahkan Santunan Ahli Waris Korban Banjir Deli Serdang,https://news.detik.com/berita/d-8334521/mensos-gus-ipul-serahkan-santunan-ahli-waris-korban-banjir-deli-serdang,"
Sabtu, 31 Jan 2026 17:08 WIB "
Video: Wapres Gibran Tinjau Huntara untuk Korban Bencana di Aceh Tamiang,https://20.detik.com/detikupdate/20260131-260131034/-video-wapres-gibran-tinjau-huntara-untuk-korban-bencana-di-aceh-tamiang,"
Sabtu, 31 Jan 2026 19:04 WIB "
Andre Rosiade Apresiasi Dony Oskaria Bangun Ratusan Huntara Korban Bencana di Sumbar,https://news.detik.com/berita/d-8334730/andre-rosiade-apresiasi-dony-oskaria-bangun-ratusan-huntara-korban-bencana-di-sumbar,"
Sabtu, 31 Jan 2026 20:14 WIB "
114 Sekolah Rusak Terdampak Bencana di Aceh Segera Direvitalisasi,https://news.detik.com/berita/d-8336094/114-sekolah-rusak-terdampak-bencana-di-aceh-segera-direvitalisasi,"
Senin, 02 Feb 2026 08:01 WIB "
Konser Kemanusiaan Diaspora RI di London untuk Korban Banjir Sumatera,https://news.detik.com/internasional/d-8337104/konser-kemanusiaan-diaspora-ri-di-london-untuk-korban-banjir-sumatera,"
Senin, 02 Feb 2026 16:25 WIB "
AdaKami Salurkan Bantuan dan Relaksasi bagi Korban Banjir Sumatra,https://news.detik.com/berita/d-8338021/adakami-salurkan-bantuan-dan-relaksasi-bagi-korban-banjir-sumatra,"
Selasa, 03 Feb 2026 09:59 WIB "
Mendikdasmen Resmikan Sekolah Hasil Revitalisasi di Aceh,https://news.detik.com/berita/d-8338323/mendikdasmen-resmikan-sekolah-hasil-revitalisasi-di-aceh,"
Selasa, 03 Feb 2026 12:34 WIB "
Mendagri Puji Dedikasi Praja IPDN-ASN Selama Bertugas di Aceh Tamiang,https://news.detik.com/berita/d-8338974/mendagri-puji-dedikasi-praja-ipdn-asn-selama-bertugas-di-aceh-tamiang,"
Selasa, 03 Feb 2026 16:59 WIB "
Kepala BNPB Curhat Anggaran Mitigasi Bencana Rp 17-19 M: Sangat Kecil,https://news.detik.com/berita/d-8339061/kepala-bnpb-curhat-anggaran-mitigasi-bencana-rp-17-19-m-sangat-kecil,"
Selasa, 03 Feb 2026 17:44 WIB "
Mendagri: Pascabencana Aceh Tamiang Jadi Praktik Nyata Praja IPDN-ASN,https://news.detik.com/berita/d-8339129/mendagri-pascabencana-aceh-tamiang-jadi-praktik-nyata-praja-ipdn-asn,"
Selasa, 03 Feb 2026 18:15 WIB "
Kasus Dugaan Pembalakan Liar di Aceh Naik ke Penyidikan!,https://news.detik.com/berita/d-8340279/kasus-dugaan-pembalakan-liar-di-aceh-naik-ke-penyidikan,"
Rabu, 04 Feb 2026 14:18 WIB "
Putra Mahkota UEA Ucapkan Belasungkawa Bencana Sumatera Saat Bertemu Megawati,https://news.detik.com/berita/d-8341268/putra-mahkota-uea-ucapkan-belasungkawa-bencana-sumatera-saat-bertemu-megawati,"
Kamis, 05 Feb 2026 05:14 WIB "
BMKG Wanti-wanti Potensi Banjir-Longsor Akibat Hujan Ekstrem 400 Mm Per Hari,https://news.detik.com/berita/d-8342293/bmkg-wanti-wanti-potensi-banjir-longsor-akibat-hujan-ekstrem-400-mm-per-hari,"
Kamis, 05 Feb 2026 16:45 WIB "
"Jelang Ramadan, Taruna Akpol Bagikan Al-Qur'an ke Masjid Terdampak Bencana Aceh",https://news.detik.com/berita/d-8342876/jelang-ramadan-taruna-akpol-bagikan-al-quran-ke-masjid-terdampak-bencana-aceh,"
Kamis, 05 Feb 2026 21:56 WIB "
Polri Fasilitasi Permodalan KUR dan Penyerapan Bulog bagi Petani Jagung,https://news.detik.com/berita/d-8344162/polri-fasilitasi-permodalan-kur-dan-penyerapan-bulog-bagi-petani-jagung,"
Jumat, 06 Feb 2026 17:43 WIB "
Pengukuhan Pengurus MUI Diiringi Doa Bersama untuk Korban Bencana Sumatera,https://news.detik.com/berita/d-8345069/pengukuhan-pengurus-mui-diiringi-doa-bersama-untuk-korban-bencana-sumatera,"
Sabtu, 07 Feb 2026 12:51 WIB "
MUI Bakal Revitalisasi 500 Rumah Guru Ngaji-Marbut Terdampak Bencana Sumatera,https://news.detik.com/berita/d-8345143/mui-bakal-revitalisasi-500-rumah-guru-ngaji-marbut-terdampak-bencana-sumatera,"
Sabtu, 07 Feb 2026 13:42 WIB "
"MUI: Penanggulangan Bencana Tanggung Jawab Bersama, Bukan Hanya Pemerintah",https://news.detik.com/berita/d-8345307/mui-penanggulangan-bencana-tanggung-jawab-bersama-bukan-hanya-pemerintah,"
Sabtu, 07 Feb 2026 15:26 WIB "
Mendagri Ungkap Tantangan Terberat Pemulihan Pascabencana di Sumatera,https://news.detik.com/berita/d-8345429/mendagri-ungkap-tantangan-terberat-pemulihan-pascabencana-di-sumatera,"
Sabtu, 07 Feb 2026 16:58 WIB "
Mendagri: Bencana Banjir-Longsor Sumatera Beda dengan Tsunami Aceh 2004,https://news.detik.com/berita/d-8345555/mendagri-bencana-banjir-longsor-sumatera-beda-dengan-tsunami-aceh-2004,"
Sabtu, 07 Feb 2026 19:07 WIB "
Hibah Bencana dan Akuntabilitas Publik,https://news.detik.com/kolom/d-8344299/hibah-bencana-dan-akuntabilitas-publik,"
Minggu, 08 Feb 2026 09:00 WIB "
Taruna Akpol Selamatkan Remaja Hanyut di Aceh Tamiang Diberi Penghargaan,https://news.detik.com/berita/d-8346550/taruna-akpol-selamatkan-remaja-hanyut-di-aceh-tamiang-diberi-penghargaan,"
Minggu, 08 Feb 2026 15:48 WIB "
"Ikut Arahan Presiden, Mahasiswa STIK Terjun Bantu Warga Aceh Pascabencana",https://news.detik.com/berita/d-8348798/ikut-arahan-presiden-mahasiswa-stik-terjun-bantu-warga-aceh-pascabencana,"
Senin, 09 Feb 2026 22:30 WIB "
"Wagub Sebut 13 Desa di Aceh Masih Mati Listrik Pascabencana, Bakal Kirim Genset",https://news.detik.com/berita/d-8349340/wagub-sebut-13-desa-di-aceh-masih-mati-listrik-pascabencana-bakal-kirim-genset,"
Selasa, 10 Feb 2026 12:55 WIB "
Bantuan TP PKK Pusat Diberikan bagi Korban Banjir Bandang di Bireuen,https://news.detik.com/berita/d-8349409/bantuan-tp-pkk-pusat-diberikan-bagi-korban-banjir-bandang-di-bireuen,"
Selasa, 10 Feb 2026 13:25 WIB "
"Kunjungi Aceh, Pimpinan MPR Salurkan 30 Ribu Paket Sembako dan Ibadah",https://news.detik.com/berita/d-8349450/kunjungi-aceh-pimpinan-mpr-salurkan-30-ribu-paket-sembako-dan-ibadah,"
Selasa, 10 Feb 2026 13:45 WIB "
Muzani Ungkap Curhat Mualem soal Banjir Aceh: Ini Tsunami Kedua Pak,https://news.detik.com/berita/d-8349751/muzani-ungkap-curhat-mualem-soal-banjir-aceh-ini-tsunami-kedua-pak,"
Selasa, 10 Feb 2026 16:02 WIB "
"Mendagri: Bantuan Rp 4,7 T untuk Korban Bencana Sumatera Dicairkan Lusa",https://news.detik.com/berita/d-8350197/mendagri-bantuan-rp-4-7-t-untuk-korban-bencana-sumatera-dicairkan-lusa,"
Selasa, 10 Feb 2026 19:19 WIB "
Mendagri Ungkap Progres Pemulihan 46 Daerah Bencana Sumatera,https://news.detik.com/berita/d-8350217/mendagri-ungkap-progres-pemulihan-46-daerah-bencana-sumatera,"
Selasa, 10 Feb 2026 19:33 WIB "
Waka MPR Serahkan Bantuan untuk Korban Banjir & Longsor di Aceh,https://news.detik.com/berita/d-8350765/waka-mpr-serahkan-bantuan-untuk-korban-banjir-longsor-di-aceh,"
Rabu, 11 Feb 2026 10:19 WIB "
"Ketua MPR Temui Ulama Aceh, Bahas Pemulihan dan Bantuan Ramadan",https://news.detik.com/berita/d-8350860/ketua-mpr-temui-ulama-aceh-bahas-pemulihan-dan-bantuan-ramadan,"
Rabu, 11 Feb 2026 11:10 WIB "
"37 Daerah Terdampak Banjir Sumatera Sudah Normal, 11 Masih Butuh Perhatian",https://news.detik.com/berita/d-8351338/37-daerah-terdampak-banjir-sumatera-sudah-normal-11-masih-butuh-perhatian,"
Rabu, 11 Feb 2026 15:21 WIB "
Tito Sebut Pembersihan Lumpur Pascabencana Sumatera Buka Jalur Distribusi,https://news.detik.com/berita/d-8351506/tito-sebut-pembersihan-lumpur-pascabencana-sumatera-buka-jalur-distribusi,"
Rabu, 11 Feb 2026 16:33 WIB "
Pemerintah Kebut Rehabilitasi Sarana Pendidikan Pascabencana di Sumatera,https://news.detik.com/berita/d-8351546/pemerintah-kebut-rehabilitasi-sarana-pendidikan-pascabencana-di-sumatera,"
Rabu, 11 Feb 2026 16:55 WIB "
Menkes Ungkap 414 Puskesmas Terdampak Banjir Sumatera Kini Sudah Beroperasi,https://news.detik.com/berita/d-8351742/menkes-ungkap-414-puskesmas-terdampak-banjir-sumatera-kini-sudah-beroperasi,"
Rabu, 11 Feb 2026 18:26 WIB "
"BNPB: Pengungsi Korban Bencana Sumatera Tinggal 47 Ribu, Terbanyak di Aceh",https://news.detik.com/berita/d-8351822/bnpb-pengungsi-korban-bencana-sumatera-tinggal-47-ribu-terbanyak-di-aceh,"
Rabu, 11 Feb 2026 19:14 WIB "
Video Pengungsi Banjir Sumatera Turun Menjadi 74 Ribu Jiwa,https://20.detik.com/detikupdate/20260211-260211050/video-pengungsi-banjir-sumatera-turun-menjadi-74-ribu-jiwa,"
Rabu, 11 Feb 2026 19:37 WIB "
Rehabilitasi Sarana Pendidikan Pascabencana di Sumatera Dikebut,https://news.detik.com/berita/d-8351987/rehabilitasi-sarana-pendidikan-pascabencana-di-sumatera-dikebut,"
Kamis, 12 Feb 2026 07:58 WIB "
Eddy Soeparno Dorong Perluasan Kerja Sama di Bidang Aksi Perubahan Iklim,https://news.detik.com/berita/d-8353415/eddy-soeparno-dorong-perluasan-kerja-sama-di-bidang-aksi-perubahan-iklim,"
Kamis, 12 Feb 2026 18:41 WIB "
Pidie Jaya Tetapkan Masa Transisi Pemulihan Pascabencana Selama 3 Bulan,https://news.detik.com/berita/d-8353592/pidie-jaya-tetapkan-masa-transisi-pemulihan-pascabencana-selama-3-bulan,"
Kamis, 12 Feb 2026 20:24 WIB "
TP PKK Pusat Salurkan Bantuan untuk Korban Banjir di Kabupaten Pidie Jaya,https://news.detik.com/berita/d-8354865/tp-pkk-pusat-salurkan-bantuan-untuk-korban-banjir-di-kabupaten-pidie-jaya,"
Jumat, 13 Feb 2026 17:02 WIB "
Ketum Seruni Dorong Transisi Pemulihan Dipercepat di Pidie Jaya,https://news.detik.com/berita/d-8355202/ketum-seruni-dorong-transisi-pemulihan-dipercepat-di-pidie-jaya,"
Jumat, 13 Feb 2026 19:18 WIB "
Mahasiswa STIK Polri Angkatan 83 Buat Sumur Bor Air Bersih di Aceh Utara,https://news.detik.com/berita/d-8356124/mahasiswa-stik-polri-angkatan-83-buat-sumur-bor-air-bersih-di-aceh-utara,"
Sabtu, 14 Feb 2026 16:29 WIB "
Video: Polri Kirim 22 Truk Bantuan untuk 40 Ribu Korban Bencana Sumatera,https://20.detik.com/detikupdate/20260215-260215002/video-polri-kirim-22-truk-bantuan-untuk-40-ribu-korban-bencana-sumatera,"
Minggu, 15 Feb 2026 08:31 WIB "
"Imlek 17 Februari, BMKG Prediksi Cuaca Hujan di Sejumlah Wilayah",https://news.detik.com/berita/d-8356999/imlek-17-februari-bmkg-prediksi-cuaca-hujan-di-sejumlah-wilayah,"
Minggu, 15 Feb 2026 13:42 WIB "
DPR Rapat Bareng Pemerintah Bahas Pemulihan Pascabencana Sumatera,https://news.detik.com/berita/d-8360385/dpr-rapat-bareng-pemerintah-bahas-pemulihan-pascabencana-sumatera,"
Rabu, 18 Feb 2026 10:41 WIB "
Mendagri Sebut Pengungsi Pascabencana di Sumatera Masih Ada 12.944 Orang,https://news.detik.com/berita/d-8360459/mendagri-sebut-pengungsi-pascabencana-di-sumatera-masih-ada-12-944-orang,"
Rabu, 18 Feb 2026 11:21 WIB "
Tito Minta Stok Pangan di Daerah Pegunungan Sumatera Disiapkan untuk 3 Bulan,https://news.detik.com/berita/d-8360537/tito-minta-stok-pangan-di-daerah-pegunungan-sumatera-disiapkan-untuk-3-bulan,"
Rabu, 18 Feb 2026 12:01 WIB "
99 Sekolah Masih Belajar di Tenda dan Kelas Darurat Pascabencana Sumatera,https://news.detik.com/berita/d-8360747/99-sekolah-masih-belajar-di-tenda-dan-kelas-darurat-pascabencana-sumatera,"
Rabu, 18 Feb 2026 13:50 WIB "
"Bansos Korban Bencana Sumatera Rp 1,8 T, Gus Ipul: Untuk 1,7 Juta KPM",https://news.detik.com/berita/d-8361414/bansos-korban-bencana-sumatera-rp-1-8-t-gus-ipul-untuk-1-7-juta-kpm,"
Rabu, 18 Feb 2026 18:48 WIB "
Serba-serbi Bantuan Bencana Diaspora Aceh Tertahan Bea Cukai,https://news.detik.com/berita/d-8361717/serba-serbi-bantuan-bencana-diaspora-aceh-tertahan-bea-cukai,"
Rabu, 18 Feb 2026 22:09 WIB "
Masjid 'Penghadang' Kayu Gelondongan di Aceh Tamiang Gelar Tarawih Perdana,https://news.detik.com/berita/d-8362078/masjid-penghadang-kayu-gelondongan-di-aceh-tamiang-gelar-tarawih-perdana,"
Kamis, 19 Feb 2026 10:00 WIB "
"Ramadan Bawa Berkah, Pengungsi di Aceh Jual Menu Sahur Buat Praja IPDN",https://news.detik.com/berita/d-8362149/ramadan-bawa-berkah-pengungsi-di-aceh-jual-menu-sahur-buat-praja-ipdn,"
Kamis, 19 Feb 2026 10:35 WIB "
Tito Karnavian Cek Progres Pembersihan Lumpur di Permukiman Aceh Tamiang,https://news.detik.com/berita/d-8363543/tito-karnavian-cek-progres-pembersihan-lumpur-di-permukiman-aceh-tamiang,"
Kamis, 19 Feb 2026 22:10 WIB "
"Hari Pertama Ramadan, Tito Karnavian Buka Puasa Bersama Warga Aceh Tamiang",https://news.detik.com/berita/d-8363544/hari-pertama-ramadan-tito-karnavian-buka-puasa-bersama-warga-aceh-tamiang,"
Kamis, 19 Feb 2026 22:11 WIB "
Komisi X DPR Minta Rehabilitasi Sekolah di Sumatera Rampung Sebelum Lebaran,https://news.detik.com/berita/d-8364594/komisi-x-dpr-minta-rehabilitasi-sekolah-di-sumatera-rampung-sebelum-lebaran,"
Jumat, 20 Feb 2026 15:57 WIB "
Tito Karnavian Tegaskan Relokasi-Percepatan Huntara bagi Warga Aceh Utara,https://news.detik.com/berita/d-8365254/tito-karnavian-tegaskan-relokasi-percepatan-huntara-bagi-warga-aceh-utara,"
Jumat, 20 Feb 2026 22:17 WIB "
"Tabligh Akbar di Polres Siak, UAS Bicara Dosa Ekologi hingga Green Policing",https://news.detik.com/melindungi-tuah-marwah/d-8365763/tabligh-akbar-di-polres-siak-uas-bicara-dosa-ekologi-hingga-green-policing,"
Sabtu, 21 Feb 2026 12:35 WIB "
Tito Tekankan Pentingnya Dukungan Kementan Kebut Pemulihan Sawah di Aceh,https://news.detik.com/berita/d-8366454/tito-tekankan-pentingnya-dukungan-kementan-kebut-pemulihan-sawah-di-aceh,"
Sabtu, 21 Feb 2026 21:15 WIB "
"Bukber di Pidie Jaya, Tito Tegaskan Percepatan Huntap dan Jembatan",https://news.detik.com/berita/d-8366870/bukber-di-pidie-jaya-tito-tegaskan-percepatan-huntap-dan-jembatan,"
Minggu, 22 Feb 2026 10:31 WIB "
"Video: Jembatan Rusak Akibat Banjir, Warga Aceh Aktivitas Pakai Perahu Karet",https://20.detik.com/detikupdate/20260223-260223004/video-jembatan-rusak-akibat-banjir-warga-aceh-aktivitas-pakai-perahu-karet,"
Senin, 23 Feb 2026 07:36 WIB "
"Tiga Bulan Usai Bencana, Aceh Masih Tertatih",https://news.detik.com/x/detail/spotlight/20260223/Tiga-Bulan-Usai-Bencana-Aceh-Masih-Tertatih/,"
Senin, 23 Feb 2026 18:04 WIB "
Tito Perkuat Koordinasi Percepatan Penanganan Pascabencana Sumatera,https://news.detik.com/berita/d-8369841/tito-perkuat-koordinasi-percepatan-penanganan-pascabencana-sumatera,"
Selasa, 24 Feb 2026 10:30 WIB "
Ramadan di Tengah Petaka Ekologis Sumatera,https://news.detik.com/x/detail/spotlight/20260224/Ramadan-di-Tengah-Petaka-Ekologis-Sumatera/,"
Selasa, 24 Feb 2026 19:42 WIB "
Jurus Tangkas Kasatgas PRR Redakan Getir Penyintas di Sumatera,https://news.detik.com/berita/d-8371753/jurus-tangkas-kasatgas-prr-redakan-getir-penyintas-di-sumatera,"
Rabu, 25 Feb 2026 11:06 WIB "
Bamsoet Dorong Pengembangan Makanan Siap Saji Berteknologi Modern,https://news.detik.com/berita/d-8372671/bamsoet-dorong-pengembangan-makanan-siap-saji-berteknologi-modern,"
Rabu, 25 Feb 2026 17:48 WIB "
Eddy Soeparno: Krisis Iklim Adalah Ancaman terhadap Ketahanan Nasional,https://news.detik.com/berita/d-8373930/eddy-soeparno-krisis-iklim-adalah-ancaman-terhadap-ketahanan-nasional,"
Kamis, 26 Feb 2026 13:53 WIB "
BPJS Kesehatan Jaga Layanan JKN Aceh Tamiang Usai Bencana Banjir,https://news.detik.com/berita/d-8374675/bpjs-kesehatan-jaga-layanan-jkn-aceh-tamiang-usai-bencana-banjir,"
Kamis, 26 Feb 2026 20:59 WIB "
BGN: Insentif SPPG Rp 6 Juta/Hari Bukan Dana Pembangunan dari APBN,https://news.detik.com/berita/d-8375073/bgn-insentif-sppg-rp-6-juta-hari-bukan-dana-pembangunan-dari-apbn,"
Jumat, 27 Feb 2026 09:03 WIB "
Sumur Bor dan Sanitasi Penyintas Bencana Sumatera Perlu Diperbanyak,https://news.detik.com/berita/d-8378417/sumur-bor-dan-sanitasi-penyintas-bencana-sumatera-perlu-diperbanyak,"
Minggu, 01 Mar 2026 14:43 WIB "
Tito Kebut Pembangunan Jembatan Perintis untuk Pulihkan Konektivitas,https://news.detik.com/berita/d-8383971/tito-kebut-pembangunan-jembatan-perintis-untuk-pulihkan-konektivitas,"
Rabu, 04 Mar 2026 16:18 WIB "
"Kemensos Salurkan Bansos Adaptif di Sumatra, Target Tuntas Sebelum Lebaran",https://news.detik.com/berita/d-8386651/kemensos-salurkan-bansos-adaptif-di-sumatra-target-tuntas-sebelum-lebaran,"
Jumat, 06 Mar 2026 09:07 WIB "
"Warga Aceh Ramai-ramai Antre di SPBU, Beli BBM Pakai Jeriken",https://news.detik.com/berita/d-8386709/warga-aceh-ramai-ramai-antre-di-spbu-beli-bbm-pakai-jeriken,"
Jumat, 06 Mar 2026 09:53 WIB "
Kasatgas Tito Pastikan Percepatan Pemulihan Pascabencana di Pidie Jaya,https://news.detik.com/berita/d-8387766/kasatgas-tito-pastikan-percepatan-pemulihan-pascabencana-di-pidie-jaya,"
Jumat, 06 Mar 2026 18:04 WIB "
Menbud Salurkan Bantuan untuk Warga di Sekitar Situs Budaya Banuaraja,https://news.detik.com/berita/d-8389925/menbud-salurkan-bantuan-untuk-warga-di-sekitar-situs-budaya-banuaraja,"
Minggu, 08 Mar 2026 12:48 WIB "
Ramadan dan Muhasabah Ekologi,https://news.detik.com/kolom/d-8390037/ramadan-dan-muhasabah-ekologi,"
Minggu, 08 Mar 2026 14:11 WIB "
Polri Gandeng Himbara demi Jauhkan Petani dari Rentenir,https://news.detik.com/berita/d-8390101/polri-gandeng-himbara-demi-jauhkan-petani-dari-rentenir,"
Minggu, 08 Mar 2026 14:56 WIB "
Menbud Serahkan Bantuan Pemulihan Pascabanjir di Sejumlah Wilayah Aceh,https://news.detik.com/berita/d-8390814/menbud-serahkan-bantuan-pemulihan-pascabanjir-di-sejumlah-wilayah-aceh,"
Senin, 09 Mar 2026 08:48 WIB "
KSAD Ungkap Target Pembangunan 7.000 Jembatan Selesai Awal 2027,https://news.detik.com/berita/d-8392287/ksad-ungkap-target-pembangunan-7-000-jembatan-selesai-awal-2027,"
Senin, 09 Mar 2026 21:33 WIB "
BNPP Dukung Percepatan Pemulihan Wilayah Terdampak Pascabanjir di Aceh,https://news.detik.com/berita/d-8392321/bnpp-dukung-percepatan-pemulihan-wilayah-terdampak-pascabanjir-di-aceh,"
Senin, 09 Mar 2026 22:00 WIB "
"Satgas PRR Percepat Huntara-DTH, Targetkan Pengungsi Berkurang Saat Lebaran",https://news.detik.com/berita/d-8393292/satgas-prr-percepat-huntara-dth-targetkan-pengungsi-berkurang-saat-lebaran,"
Selasa, 10 Mar 2026 14:28 WIB "
Satgas PRR Kebut Pembangunan Huntara untuk Korban Bencana Sumatera,https://news.detik.com/berita/d-8393837/satgas-prr-kebut-pembangunan-huntara-untuk-korban-bencana-sumatera,"
Selasa, 10 Mar 2026 18:55 WIB "
Satgas PRR Fokus Perbaikan Jalan & Jembatan Fungsional di Sumatera,https://news.detik.com/berita/d-8393861/satgas-prr-fokus-perbaikan-jalan-jembatan-fungsional-di-sumatera,"
Selasa, 10 Mar 2026 19:13 WIB "
"BNPP Kerahkan 6 Ekskavator, Bersihkan Jalan Pasca Banjir Aceh",https://news.detik.com/berita/d-8394527/bnpp-kerahkan-6-ekskavator-bersihkan-jalan-pasca-banjir-aceh,"
Rabu, 11 Mar 2026 11:28 WIB "
AirNav Bagikan 4.000 Tiket Mudik Gratis dan Dorong UMKM di Program Ramadan,https://news.detik.com/berita/d-8396677/airnav-bagikan-4-000-tiket-mudik-gratis-dan-dorong-umkm-di-program-ramadan,"
Kamis, 12 Mar 2026 13:42 WIB "
Satgas PRR Rampungkan 81 Persen Target Pembangunan Huntara di Sumatera,https://news.detik.com/berita/d-8397121/satgas-prr-rampungkan-81-persen-target-pembangunan-huntara-di-sumatera,"
Kamis, 12 Mar 2026 16:31 WIB "
Seluruh RS dan Puskesmas Terdampak Bencana di Sumatera Telah Pulih,https://news.detik.com/berita/d-8399208/seluruh-rs-dan-puskesmas-terdampak-bencana-di-sumatera-telah-pulih,"
Jumat, 13 Mar 2026 20:41 WIB "
Cak Imin Dorong Pemulihan Ekonomi UMKM Aceh melalui Pasar 1001 Malam,https://news.detik.com/berita/d-8399270/cak-imin-dorong-pemulihan-ekonomi-umkm-aceh-melalui-pasar-1001-malam,"
Jumat, 13 Mar 2026 21:36 WIB "
"Satgas PRR Kebut Pembangunan Huntap, Targetkan Rampung Akhir Maret 2026",https://news.detik.com/berita/d-8400114/satgas-prr-kebut-pembangunan-huntap-targetkan-rampung-akhir-maret-2026,"
Sabtu, 14 Mar 2026 16:18 WIB "
"Susul Sumbar, Sumut Capai Target Nol Pengungsi di Tenda Sebelum Lebaran",https://news.detik.com/berita/d-8401305/susul-sumbar-sumut-capai-target-nol-pengungsi-di-tenda-sebelum-lebaran,"
Minggu, 15 Mar 2026 15:42 WIB "
"Kehilangan Rumah dan Usaha, Keluarga di Pidie Jaya Bangkit dari Huntara",https://news.detik.com/berita/d-8401566/kehilangan-rumah-dan-usaha-keluarga-di-pidie-jaya-bangkit-dari-huntara,"
Minggu, 15 Mar 2026 19:22 WIB "
ParagonCorp dan ITB Bantu 1.200 Warga Aceh Tamiang Akses Air Bersih,https://news.detik.com/berita/d-8403200/paragoncorp-dan-itb-bantu-1-200-warga-aceh-tamiang-akses-air-bersih,"
Senin, 16 Mar 2026 18:06 WIB "
Ketua MPR: Dana 1 Juta Riyal dari Liga Muslim untuk Rakyat Aceh Rayakan Tradisi Meugang,https://news.detik.com/berita/d-8404589/ketua-mpr-dana-1-juta-riyal-dari-liga-muslim-untuk-rakyat-aceh-rayakan-tradisi-meugang,"
Selasa, 17 Mar 2026 15:40 WIB "
"Prabowo Penuhi Aspirasi Warga Aceh, Salurkan Daging Meugang untuk Idulfitri",https://news.detik.com/berita/d-8405464/prabowo-penuhi-aspirasi-warga-aceh-salurkan-daging-meugang-untuk-idulfitri,"
Rabu, 18 Mar 2026 09:05 WIB "
"Video Lebaran Menghitung Hari, Kondisi Aceh Tamiang Masih Mengiris Hati",https://20.detik.com/detikupdate/20260318-260318017/video-lebaran-menghitung-hari-kondisi-aceh-tamiang-masih-mengiris-hati,"
Rabu, 18 Mar 2026 11:49 WIB "
"Kemensos Salurkan Bantuan Jaminan Hidup Rp 3,12 Miliar ke Aceh Utara",https://news.detik.com/berita/d-8406094/kemensos-salurkan-bantuan-jaminan-hidup-rp-3-12-miliar-ke-aceh-utara,"
Rabu, 18 Mar 2026 15:20 WIB "
Pembangunan Huntap Disambut Antusias-Harapan Penyintas Bencana di Bireuen,https://news.detik.com/berita/d-8407981/pembangunan-huntap-disambut-antusias-harapan-penyintas-bencana-di-bireuen,"
Kamis, 19 Mar 2026 20:40 WIB "
"Prabowo Salat Id di Aceh, Muzani: Solidaritas ke Saudara yang Kena Musibah",https://news.detik.com/berita/d-8409667/prabowo-salat-id-di-aceh-muzani-solidaritas-ke-saudara-yang-kena-musibah,"
Sabtu, 21 Mar 2026 08:38 WIB "
Kehadiran Prabowo-Menteri PU Disambut Haru Warga Aceh Tamiang,https://news.detik.com/berita/d-8410314/kehadiran-prabowo-menteri-pu-disambut-haru-warga-aceh-tamiang,"
Sabtu, 21 Mar 2026 17:40 WIB "
Tito Ungkap Perhatian Prabowo pada Penanganan Penyintas Bencana Sumatera,https://news.detik.com/berita/d-8410404/tito-ungkap-perhatian-prabowo-pada-penanganan-penyintas-bencana-sumatera,"
Sabtu, 21 Mar 2026 18:49 WIB "
Video Prabowo Sebut Pemulihan Aceh Sangat Cepat: Di Tenda Sudah Gak Ada Lagi,https://20.detik.com/detikupdate/20260321-260321037/video-prabowo-sebut-pemulihan-aceh-sangat-cepat-di-tenda-sudah-gak-ada-lagi,"
Sabtu, 21 Mar 2026 20:00 WIB "
2 Konsep Huntap yang Dibangun Satgas PRR untuk Penyintas Bencana Sumatera,https://news.detik.com/berita/d-8411497/2-konsep-huntap-yang-dibangun-satgas-prr-untuk-penyintas-bencana-sumatera,"
Minggu, 22 Mar 2026 18:45 WIB "
Mendagri Ungkap 5 Desa di Aceh dan Sumut Hilang Total Tersapu Banjir,https://news.detik.com/berita/d-8412442/mendagri-ungkap-5-desa-di-aceh-dan-sumut-hilang-total-tersapu-banjir,"
Senin, 23 Mar 2026 16:08 WIB "
Kesaksian soal Kinerja Luar Biasa Kapolres Aceh Tengah saat Bencana Sumatera,https://news.detik.com/berita/d-8414399/kesaksian-soal-kinerja-luar-biasa-kapolres-aceh-tengah-saat-bencana-sumatera,"
Rabu, 25 Mar 2026 11:02 WIB "
Waspada! Daftar Wilayah Potensi Banjir Pesisir pada 28 Maret-16 April,https://news.detik.com/berita/d-8419062/waspada-daftar-wilayah-potensi-banjir-pesisir-pada-28-maret-16-april,"
Sabtu, 28 Mar 2026 12:04 WIB "
Pemerintah Percepat Pemulihan Sawah dan Lumpur Pascabencana Sumatera,https://news.detik.com/berita/d-8419692/pemerintah-percepat-pemulihan-sawah-dan-lumpur-pascabencana-sumatera,"
Sabtu, 28 Mar 2026 21:00 WIB "
"Terima Laporan Banjir, Menteri PU Langsung ke Brebes & Instruksikan BBWS",https://news.detik.com/berita/d-8420331/terima-laporan-banjir-menteri-pu-langsung-ke-brebes-instruksikan-bbws,"
Minggu, 29 Mar 2026 13:35 WIB "
"Bantuan Jadup Capai Rp 272 Miliar, Bantu Penyintas Pascabencana Sumatera",https://news.detik.com/berita/d-8420874/bantuan-jadup-capai-rp-272-miliar-bantu-penyintas-pascabencana-sumatera,"
Minggu, 29 Mar 2026 21:13 WIB "
RI dan Jepang Kerja Sama Atasi Negara Rawan Bencana-Penanggulangan Banjir,https://news.detik.com/berita/d-8423812/ri-dan-jepang-kerja-sama-atasi-negara-rawan-bencana-penanggulangan-banjir,"
Selasa, 31 Mar 2026 18:13 WIB "
3 Jembatan Darurat Sambungkan Kembali Wilayah Terdampak Bencana di Sumatera,https://news.detik.com/berita/d-8425393/3-jembatan-darurat-sambungkan-kembali-wilayah-terdampak-bencana-di-sumatera,"
Rabu, 01 Apr 2026 16:40 WIB "
10 Ribu Hijab Pesanan Menimipas di BLK Konfeksi Lapas Cirebon Dikirim ke Aceh,https://news.detik.com/berita/d-8427713/10-ribu-hijab-pesanan-menimipas-di-blk-konfeksi-lapas-cirebon-dikirim-ke-aceh,"
Jumat, 03 Apr 2026 10:43 WIB "
"Tito Kembali Kirim 768 Praja IPDN ke Aceh Tamiang, Fokus Bersihkan Lumpur",https://news.detik.com/berita/d-8428968/tito-kembali-kirim-768-praja-ipdn-ke-aceh-tamiang-fokus-bersihkan-lumpur,"
Sabtu, 04 Apr 2026 13:57 WIB "
Tito Serahkan Bantuan-Serap Aspirasi Penyintas Bencana di Aceh Tamiang,https://news.detik.com/berita/d-8429479/tito-serahkan-bantuan-serap-aspirasi-penyintas-bencana-di-aceh-tamiang,"
Sabtu, 04 Apr 2026 21:52 WIB "
"Disambangi Tito, Warga Desa Sekumur Curhat soal Air Bersih-Hunian",https://news.detik.com/berita/d-8430508/disambangi-tito-warga-desa-sekumur-curhat-soal-air-bersih-hunian,"
Minggu, 05 Apr 2026 20:03 WIB "
Satgas PRR Pastikan Listrik di 3 Provinsi Terdampak Bencana Hampir Pulih,https://news.detik.com/berita/d-8431940/satgas-prr-pastikan-listrik-di-3-provinsi-terdampak-bencana-hampir-pulih,"
Senin, 06 Apr 2026 17:51 WIB "
5 Desa di Aceh Tengah Terisolasi Lagi Imbas Jembatan Darurat Ambruk,https://news.detik.com/berita/d-8432452/5-desa-di-aceh-tengah-terisolasi-lagi-imbas-jembatan-darurat-ambruk,"
Selasa, 07 Apr 2026 08:16 WIB "
Outlook Indonesia Kupas Tuntas Penggerak Ekonomi Nasional,https://news.detik.com/berita/d-8432231/outlook-indonesia-kupas-tuntas-penggerak-ekonomi-nasional,"
Selasa, 07 Apr 2026 10:01 WIB "
"Lebih dari 500 Titik Lumpur di Aceh, Sumut dan Sumbar Dibersihkan",https://news.detik.com/berita/d-8435311/lebih-dari-500-titik-lumpur-di-aceh-sumut-dan-sumbar-dibersihkan,"
Rabu, 08 Apr 2026 18:35 WIB "
Puluhan Sungai & Muara Terdampak Bencana Sumatera Dinormalisasi,https://news.detik.com/berita/d-8436976/puluhan-sungai-muara-terdampak-bencana-sumatera-dinormalisasi,"
Kamis, 09 Apr 2026 18:35 WIB "
"Kemensos Salurkan Rp76,6 M Bantuan Tahap II untuk Korban Bencana Aceh Tamiang",https://news.detik.com/berita/d-8439363/kemensos-salurkan-rp76-6-m-bantuan-tahap-ii-untuk-korban-bencana-aceh-tamiang,"
Sabtu, 11 Apr 2026 11:55 WIB "
Tito Usul Dana Otsus Aceh Diperpanjang: Pemulihan Pascabencana Butuh 3 Tahun,https://news.detik.com/berita/d-8441755/tito-usul-dana-otsus-aceh-diperpanjang-pemulihan-pascabencana-butuh-3-tahun,"
Senin, 13 Apr 2026 12:22 WIB "
Tito Dorong Pemda di Sumut Minim Terdampak Bencana Bantu Kirim Dana ke Aceh,https://news.detik.com/berita/d-8442061/tito-dorong-pemda-di-sumut-minim-terdampak-bencana-bantu-kirim-dana-ke-aceh,"
Senin, 13 Apr 2026 14:49 WIB "
Mendagri Tegaskan Pemerintah Siap Perkuat Pengawasan-Optimalkan Dana Otsus,https://news.detik.com/berita/d-8442759/mendagri-tegaskan-pemerintah-siap-perkuat-pengawasan-optimalkan-dana-otsus,"
Senin, 13 Apr 2026 20:45 WIB "
Satgas PRR Percepat Rehabilitasi Lahan Sawah Pascabencana di Sumatera,https://news.detik.com/berita/d-8445954/satgas-prr-percepat-rehabilitasi-lahan-sawah-pascabencana-di-sumatera,"
Rabu, 15 Apr 2026 18:41 WIB "
"Temui Wamensos, Bupati Aceh Tamiang Berterimakasih Atas Bantuan Pemerintah",https://news.detik.com/berita/d-8447724/temui-wamensos-bupati-aceh-tamiang-berterimakasih-atas-bantuan-pemerintah,"
Kamis, 16 Apr 2026 19:06 WIB "
"Waspada Banjir Rob di Pesisir RI Sampai 28 April, Ini Daftar Wilayahnya",https://news.detik.com/berita/d-8449926/waspada-banjir-rob-di-pesisir-ri-sampai-28-april-ini-daftar-wilayahnya,"
Sabtu, 18 Apr 2026 12:00 WIB "
Satgas PRR Sebut UMKM Terdampak Bencana Sumatera Kian Pulih,https://news.detik.com/berita/d-8450335/satgas-prr-sebut-umkm-terdampak-bencana-sumatera-kian-pulih,"
Sabtu, 18 Apr 2026 17:23 WIB "
"Tangani Bendung Jamuan, Kementerian PU Susun Desain Penanganan Permanen",https://news.detik.com/berita/d-8452154/tangani-bendung-jamuan-kementerian-pu-susun-desain-penanganan-permanen,"
Senin, 20 Apr 2026 10:11 WIB "
Mendagri Dorong Pengelolaan Kota Berkelanjutan di Tengah Isu Urbanisasi,https://news.detik.com/berita/d-8452747/mendagri-dorong-pengelolaan-kota-berkelanjutan-di-tengah-isu-urbanisasi,"
Senin, 20 Apr 2026 14:56 WIB "
"Banjir Berlalu, Petani Sawit Aceh Masih Berjuang Pulihkan Kebun",https://news.detik.com/infografis/d-8452864/banjir-berlalu-petani-sawit-aceh-masih-berjuang-pulihkan-kebun,"
Senin, 20 Apr 2026 15:48 WIB "
Mendagri Dorong Pemda Terapkan Walkable City untuk Mewujudkan Kota Sehat,https://news.detik.com/berita/d-8454696/mendagri-dorong-pemda-terapkan-walkable-city-untuk-mewujudkan-kota-sehat,"
Selasa, 21 Apr 2026 16:00 WIB "
"Hangat dan Sederhana, Momen Makan Siang Mendagri Bersama Praja IPDN",https://news.detik.com/berita/d-8455947/hangat-dan-sederhana-momen-makan-siang-mendagri-bersama-praja-ipdn,"
Rabu, 22 Apr 2026 13:04 WIB "
"Daerah di Sumut dan Sumbar Bantu Penanganan Bencana Aceh, Terkumpul Rp 287 M",https://news.detik.com/berita/d-8461454/daerah-di-sumut-dan-sumbar-bantu-penanganan-bencana-aceh-terkumpul-rp-287-m,"
Sabtu, 25 Apr 2026 22:41 WIB "
Satgas PRR Kebut Pembangunan Huntap-Salurkan DTH ke 19 Ribu Penyintas,https://news.detik.com/berita/d-8465218/satgas-prr-kebut-pembangunan-huntap-salurkan-dth-ke-19-ribu-penyintas,"
Selasa, 28 Apr 2026 14:23 WIB "
Solidaritas Sumut dan Sumbar Hibahkan Rp 287 Miliar untuk Pemulihan Aceh,https://news.detik.com/berita/d-8467568/solidaritas-sumut-dan-sumbar-hibahkan-rp-287-miliar-untuk-pemulihan-aceh,"
Rabu, 29 Apr 2026 19:37 WIB "
Tri Tito Karnavian Tekankan Pentingnya Persiapkan Generasi Emas 2045,https://news.detik.com/berita/d-8469453/tri-tito-karnavian-tekankan-pentingnya-persiapkan-generasi-emas-2045,"
Kamis, 30 Apr 2026 23:30 WIB "
Huntara Bantu Warga Lubuk Sidup Bangun Harapan Baru Pascabencana,https://news.detik.com/berita/d-8470448/huntara-bantu-warga-lubuk-sidup-bangun-harapan-baru-pascabencana,"
Jumat, 01 Mei  2026 17:46 WIB "
Pelaku Pembunuhan Lansia di Pekanbaru Terancam Hukuman Mati,https://news.detik.com/berita/d-8472641/pelaku-pembunuhan-lansia-di-pekanbaru-terancam-hukuman-mati,"
Minggu, 03 Mei  2026 18:51 WIB "
Jembatan Gantung Lubuk Sidup Pulihkan Ekonomi & Mobilitas di Aceh Tamiang,https://news.detik.com/berita/d-8473572/jembatan-gantung-lubuk-sidup-pulihkan-ekonomi-mobilitas-di-aceh-tamiang,"
Senin, 04 Mei  2026 13:59 WIB "
Cuaca Tak Menentu Jelang Masuk Kemarau,https://news.detik.com/berita/d-8476236/cuaca-tak-menentu-jelang-masuk-kemarau,"
Rabu, 06 Mei  2026 06:31 WIB "
Pembangunan Huntara Pascabencana Sumatera Capai 93 Persen,https://news.detik.com/berita/d-8479374/pembangunan-huntara-pascabencana-sumatera-capai-93-persen,"
Kamis, 07 Mei  2026 20:49 WIB "
Dari Tangerang untuk Aceh: Renovasi Masjid Pascabencana Simbol Solidaritas,https://news.detik.com/berita/d-8479622/dari-tangerang-untuk-aceh-renovasi-masjid-pascabencana-simbol-solidaritas,"
Jumat, 08 Mei  2026 07:59 WIB "
"Polri Raih Kepercayaan 79,2%, Penindakan BBM Ilegal hingga Tambang Jadi Apresiasi",https://news.detik.com/berita/d-8481053/polri-raih-kepercayaan-79-2-penindakan-bbm-ilegal-hingga-tambang-jadi-apresiasi,"
Jumat, 08 Mei  2026 20:57 WIB "
Kisah Penyintas Bencana Aceh Bangkit Lewat Usaha Jajanan di Huntara,https://news.detik.com/berita/d-8481063/kisah-penyintas-bencana-aceh-bangkit-lewat-usaha-jajanan-di-huntara,"
Jumat, 08 Mei  2026 21:09 WIB "
"Prabowo dari Cebu, El Nino, La Nina dan Cincin Api",https://news.detik.com/kolom/d-8483438/prabowo-dari-cebu-el-nino-la-nina-dan-cincin-api,"
Minggu, 10 Mei  2026 21:59 WIB "
26 Rumah di Aceh Tenggara Rusak Diterjang Banjir Bandang,https://news.detik.com/berita/d-8483532/26-rumah-di-aceh-tenggara-rusak-diterjang-banjir-bandang,"
Senin, 11 Mei  2026 04:34 WIB "
"Waspada Banjir Rob 11-27 Mei 2026, Ini Daftar Wilayah Pesisir Terdampak",https://news.detik.com/berita/d-8483818/waspada-banjir-rob-11-27-mei-2026-ini-daftar-wilayah-pesisir-terdampak,"
Senin, 11 Mei  2026 11:12 WIB "
Satgas PRR Sebut Pemulihan Penyintas Bencana Sumatera Jadi Prioritas,https://news.detik.com/berita/d-8492065/satgas-prr-sebut-pemulihan-penyintas-bencana-sumatera-jadi-prioritas,"
Minggu, 17 Mei  2026 13:24 WIB "
"J&T Express Rilis Laporan ESG 2025, Soroti AI hingga Perlindungan Pekerja",https://news.detik.com/berita/d-8496438/j-t-express-rilis-laporan-esg-2025-soroti-ai-hingga-perlindungan-pekerja,"
Rabu, 20 Mei  2026 11:27 WIB "
Ketua DPD Dukung Polda Riau Tindak Korporasi Rusak Lingkungan,https://news.detik.com/berita/d-8500260/ketua-dpd-dukung-polda-riau-tindak-korporasi-rusak-lingkungan,"
Jumat, 22 Mei  2026 16:16 WIB "
Menteri PU Ungkap Progres Pemulihan Pembangunan Pascabencana Sumatera,https://news.detik.com/berita/d-8500500/menteri-pu-ungkap-progres-pemulihan-pembangunan-pascabencana-sumatera,"
Jumat, 22 Mei  2026 18:50 WIB "
Satgas PRR Sebut Mayoritas Daerah Terdampak Banjir Sumatera Kembali Normal,https://news.detik.com/berita/d-8503118/satgas-prr-sebut-mayoritas-daerah-terdampak-banjir-sumatera-kembali-normal,"
Minggu, 24 Mei  2026 20:07 WIB "
Satgas PRR Hadirkan Layanan Air Bersih Modern untuk Penyintas Pascabencana,https://news.detik.com/berita/d-8512327/satgas-prr-hadirkan-layanan-air-bersih-modern-untuk-penyintas-pascabencana,"
Minggu, 31 Mei  2026 18:39 WIB "
