title,url,date
Ini Kaleidoskop Bencana 2021 dan Persiapan BNPB di 2022,https://news.detik.com/berita/d-5878618/ini-kaleidoskop-bencana-2021-dan-persiapan-bnpb-di-2022,"
Jumat, 31 Des 2021 15:32 WIB "
"Libur Tahun Baru, Pendakian Gunung Ciremai Via Linggarjati Sepi",https://news.detik.com/berita-jawa-barat/d-5878608/libur-tahun-baru-pendakian-gunung-ciremai-via-linggarjati-sepi,"
Jumat, 31 Des 2021 15:25 WIB "
Detik-detik Gunung Semeru Kembali Muntahkan Awan Panas,https://news.detik.com/berita/d-5878410/detik-detik-gunung-semeru-kembali-muntahkan-awan-panas,"
Jumat, 31 Des 2021 13:28 WIB "
"Jelang Pergantian Tahun, Semeru Kembali Luncurkan Awan Panas Sejauh 5 KM",https://news.detik.com/berita-jawa-timur/d-5878230/jelang-pergantian-tahun-semeru-kembali-luncurkan-awan-panas-sejauh-5-km,"
Jumat, 31 Des 2021 11:54 WIB "
"Ingat, Malam Ini Jembatan Suramadu Ditutup Mulai Pukul 9 Malam",https://news.detik.com/berita-jawa-timur/d-5878215/ingat-malam-ini-jembatan-suramadu-ditutup-mulai-pukul-9-malam,"
Jumat, 31 Des 2021 11:43 WIB "
Peristiwa Pilu Erupsi Gunung Semeru di Penghujung Tahun 2021,https://news.detik.com/berita-jawa-timur/d-5877972/peristiwa-pilu-erupsi-gunung-semeru-di-penghujung-tahun-2021,"
Jumat, 31 Des 2021 08:55 WIB "
Razia Vaksin di Batas Kota Sidoarjo Digelar Antisipasi Masuknya Omicron,https://news.detik.com/berita-jawa-timur/d-5877771/razia-vaksin-di-batas-kota-sidoarjo-digelar-antisipasi-masuknya-omicron,"
Kamis, 30 Des 2021 20:47 WIB "
Jenazah Ayah dan Anak Korban Erupsi Semeru Ditemukan di Truk yang Terkubur,https://news.detik.com/berita-jawa-timur/d-5877372/jenazah-ayah-dan-anak-korban-erupsi-semeru-ditemukan-di-truk-yang-terkubur,"
Kamis, 30 Des 2021 18:20 WIB "
Simak Titik Penyekatan Malam Tahun Baru di Kota Malang,https://news.detik.com/berita-jawa-timur/d-5876499/simak-titik-penyekatan-malam-tahun-baru-di-kota-malang,"
Kamis, 30 Des 2021 10:37 WIB "
"Relawan Semeru Tewas dalam Kecelakaan di Tol Pasuruan, Sopir Diduga Ngantuk",https://news.detik.com/berita-jawa-timur/d-5876145/relawan-semeru-tewas-dalam-kecelakaan-di-tol-pasuruan-sopir-diduga-ngantuk,"
Rabu, 29 Des 2021 21:57 WIB "
Lima Jenazah Korban Erupsi Semeru Berhasil Diidentifikasi,https://news.detik.com/berita-jawa-timur/d-5876118/lima-jenazah-korban-erupsi-semeru-berhasil-diidentifikasi,"
Rabu, 29 Des 2021 21:29 WIB "
Polisi Sosialisasi Penutupan Alun-alun Sidoarjo di Malam Tahun Baru,https://news.detik.com/berita-jawa-timur/d-5875913/polisi-sosialisasi-penutupan-alun-alun-sidoarjo-di-malam-tahun-baru,"
Rabu, 29 Des 2021 17:13 WIB "
Keseruan Pengungsi Semeru Gelar Lomba Masak Peringati Hari Ibu,https://news.detik.com/berita-jawa-timur/d-5875538/keseruan-pengungsi-semeru-gelar-lomba-masak-peringati-hari-ibu,"
Rabu, 29 Des 2021 15:46 WIB "
"Mobil Relawan Semeru Kecelakaan di Tol Pasuruan, Satu Orang Meninggal",https://news.detik.com/berita-jawa-timur/d-5875245/mobil-relawan-semeru-kecelakaan-di-tol-pasuruan-satu-orang-meninggal,"
Rabu, 29 Des 2021 13:11 WIB "
ITS Gagas Konsep Hybrid untuk Relokasi Hunian Warga Semeru,https://news.detik.com/berita-jawa-timur/d-5875204/its-gagas-konsep-hybrid-untuk-relokasi-hunian-warga-semeru,"
Rabu, 29 Des 2021 12:50 WIB "
LG Gelar Aksi Peduli untuk Warga Terdampak Erupsi Gunung Semeru,https://news.detik.com/adv-nhl-detikcom/d-5874956/lg-gelar-aksi-peduli-untuk-warga-terdampak-erupsi-gunung-semeru,"
Rabu, 29 Des 2021 00:00 WIB "
"Mempertanyakan ""Pooling Fund"" Bencana",https://news.detik.com/kolom/d-5873480/mempertanyakan-pooling-fund-bencana,"
Selasa, 28 Des 2021 13:15 WIB "
"Bareskrim Selidiki Penyebab Harga Cabai Rawit Meroket, Ini Hasilnya",https://news.detik.com/berita/d-5873592/bareskrim-selidiki-penyebab-harga-cabai-rawit-meroket-ini-hasilnya,"
Selasa, 28 Des 2021 12:16 WIB "
Bakamla Kirim Kendaraan Berisi Bantuan ke Korban Erupsi Semeru di Lumajang,https://news.detik.com/berita/d-5873204/bakamla-kirim-kendaraan-berisi-bantuan-ke-korban-erupsi-semeru-di-lumajang,"
Selasa, 28 Des 2021 03:42 WIB "
Aksi Kapolres Lamongan Turun Tangani Kecelakaan di Gresik Curi Hati Warga,https://news.detik.com/berita-jawa-timur/d-5873142/aksi-kapolres-lamongan-turun-tangani-kecelakaan-di-gresik-curi-hati-warga,"
Senin, 27 Des 2021 23:09 WIB "
Banyak Monyet Turun Gunung Usai Semeru Erupsi,https://news.detik.com/berita-jawa-timur/d-5872557/banyak-monyet-turun-gunung-usai-semeru-erupsi,"
Senin, 27 Des 2021 16:07 WIB "
"Bertema Frozen dan Iglo, Pospam Nataru di Kota Malang Jadi Spot Foto Menarik",https://news.detik.com/berita-jawa-timur/d-5872488/bertema-frozen-dan-iglo-pospam-nataru-di-kota-malang-jadi-spot-foto-menarik,"
Senin, 27 Des 2021 15:32 WIB "
"Gunung Semeru Masih Siaga, PVMBG Ingatkan Jarak Aman 5 KM dari Kawah",https://news.detik.com/berita-jawa-timur/d-5871934/gunung-semeru-masih-siaga-pvmbg-ingatkan-jarak-aman-5-km-dari-kawah,"
Senin, 27 Des 2021 09:33 WIB "
Jembatan Suramadu Akan Ditutup Pada Malam Tahun Baru,https://news.detik.com/berita-jawa-timur/d-5871201/jembatan-suramadu-akan-ditutup-pada-malam-tahun-baru,"
Minggu, 26 Des 2021 15:18 WIB "
"Semeru Masih Siaga, Jarak Aman Tetap 13 Km",https://news.detik.com/berita-jawa-timur/d-5870922/semeru-masih-siaga-jarak-aman-tetap-13-km,"
Minggu, 26 Des 2021 10:52 WIB "
Makna dan Harapan Natal 2021 Bagi Korban Erupsi Semeru,https://news.detik.com/berita-jawa-timur/d-5870332/makna-dan-harapan-natal-2021-bagi-korban-erupsi-semeru,"
Sabtu, 25 Des 2021 16:16 WIB "
"Semeru Masih Siaga, Status Tanggap Darurat Sudah Berakhir",https://news.detik.com/berita-jawa-timur/d-5870057/semeru-masih-siaga-status-tanggap-darurat-sudah-berakhir,"
Sabtu, 25 Des 2021 11:50 WIB "
Gunung Semeru Masih Berstatus Siaga,https://news.detik.com/berita-jawa-timur/d-5869993/gunung-semeru-masih-berstatus-siaga,"
Sabtu, 25 Des 2021 10:55 WIB "
Status Tanggap Darurat Erupsi Semeru Berakhir Hari Ini,https://news.detik.com/berita-jawa-timur/d-5869746/status-tanggap-darurat-erupsi-semeru-berakhir-hari-ini,"
Jumat, 24 Des 2021 23:37 WIB "
Satu Korban Semeru Ditemukan Tertimbun Abu Vulkanik,https://news.detik.com/berita-jawa-timur/d-5869687/satu-korban-semeru-ditemukan-tertimbun-abu-vulkanik,"
Jumat, 24 Des 2021 21:49 WIB "
Sopir Terminal Bayuangga Senang Dites Urine: Biar Penumpang Lebih Percaya,https://news.detik.com/berita-jawa-timur/d-5869357/sopir-terminal-bayuangga-senang-dites-urine-biar-penumpang-lebih-percaya,"
Jumat, 24 Des 2021 17:59 WIB "
Tak Ada Penyekatan Saat Nataru di Wilayah Polda Jatim,https://news.detik.com/berita-jawa-timur/d-5869188/tak-ada-penyekatan-saat-nataru-di-wilayah-polda-jatim,"
Jumat, 24 Des 2021 16:40 WIB "
"Dinilai Tak Laik Jalan, Angkutan Umum di Lamongan Ini Dipinggirkan",https://news.detik.com/berita-jawa-timur/d-5869040/dinilai-tak-laik-jalan-angkutan-umum-di-lamongan-ini-dipinggirkan,"
Jumat, 24 Des 2021 15:17 WIB "
Yonzipur 10 & 5 Kostrad Dikerahkan buat Bantu Warga Terdampak Semeru,https://news.detik.com/berita/d-5868804/yonzipur-10-5-kostrad-dikerahkan-buat-bantu-warga-terdampak-semeru,"
Jumat, 24 Des 2021 13:25 WIB "
Gunung Semeru Terpantau Cerah Berawan,https://news.detik.com/berita-jawa-timur/d-5868740/gunung-semeru-terpantau-cerah-berawan,"
Jumat, 24 Des 2021 12:24 WIB "
Nestapa Korban Semeru: Barang Dijarah Hingga Jadi Lokasi Syuting Sinetron,https://news.detik.com/berita-jawa-timur/d-5868576/nestapa-korban-semeru-barang-dijarah-hingga-jadi-lokasi-syuting-sinetron,"
Jumat, 24 Des 2021 10:26 WIB "
Akhir Kasus Syuting Sinetron di Semeru yang Tak Berizin dan Diprotes Warga,https://news.detik.com/berita-jawa-timur/d-5868495/akhir-kasus-syuting-sinetron-di-semeru-yang-tak-berizin-dan-diprotes-warga,"
Jumat, 24 Des 2021 09:25 WIB "
KPI soal Syuting di Semeru: Jangan Jadikan Musibah demi Kepentingan Rating!,https://news.detik.com/berita/d-5868445/kpi-soal-syuting-di-semeru-jangan-jadikan-musibah-demi-kepentingan-rating,"
Jumat, 24 Des 2021 08:24 WIB "
Menderu Kecaman Gegara Syuting di Lokasi Pengungsian Semeru,https://news.detik.com/berita/d-5868391/menderu-kecaman-gegara-syuting-di-lokasi-pengungsian-semeru,"
Jumat, 24 Des 2021 07:01 WIB "
Syuting Sinetron TMTM di Semeru Dikecam Sana-sini,https://news.detik.com/detiktv/d-5868364/syuting-sinetron-tmtm-di-semeru-dikecam-sana-sini,"
Jumat, 24 Des 2021 05:28 WIB "
2.512 Botol Miras dan 862 Knalpot Brong di Surabaya Dimusnahkan,https://news.detik.com/berita-jawa-timur/d-5868265/2-512-botol-miras-dan-862-knalpot-brong-di-surabaya-dimusnahkan,"
Kamis, 23 Des 2021 21:49 WIB "
Polda Jatim Siapkan 87 Pos Pengamanan Amankan Natal dan Tahun Baru,https://news.detik.com/berita-jawa-timur/d-5868199/polda-jatim-siapkan-87-pos-pengamanan-amankan-natal-dan-tahun-baru,"
Kamis, 23 Des 2021 20:47 WIB "
"Wagub Emil Sebut Ibadah Natal Boleh, Pesta Tahun Baru Dilarang",https://news.detik.com/berita-jawa-timur/d-5868024/wagub-emil-sebut-ibadah-natal-boleh-pesta-tahun-baru-dilarang,"
Kamis, 23 Des 2021 18:19 WIB "
"Syuting TMTM di Pengungsian Semeru, LaNyalla: Paling Tepat Support Korban",https://news.detik.com/berita/d-5867871/syuting-tmtm-di-pengungsian-semeru-lanyalla-paling-tepat-support-korban,"
Kamis, 23 Des 2021 18:05 WIB "
"Baliho Puan di Semeru Disorot, Ini Kata Warga dan Penjelasan PDIP",https://news.detik.com/berita/d-5867635/baliho-puan-di-semeru-disorot-ini-kata-warga-dan-penjelasan-pdip,"
Kamis, 23 Des 2021 16:13 WIB "
Polres Blitar Musnahkan BB Miras dan Cek Pengamanan Nataru,https://news.detik.com/berita-jawa-timur/d-5867626/polres-blitar-musnahkan-bb-miras-dan-cek-pengamanan-nataru,"
Kamis, 23 Des 2021 16:11 WIB "
PKB Dorong Syuting di Pengungsian Semeru Dibawa ke Ranah Hukum,https://news.detik.com/berita/d-5867608/pkb-dorong-syuting-di-pengungsian-semeru-dibawa-ke-ranah-hukum,"
Kamis, 23 Des 2021 15:52 WIB "
Operasi Lilin Semeru Digelar Antisipasi Omicron dan Nataru di Sidoarjo,https://news.detik.com/berita-jawa-timur/d-5867790/operasi-lilin-semeru-digelar-antisipasi-omicron-dan-nataru-di-sidoarjo,"
Kamis, 23 Des 2021 15:44 WIB "
"Libur Nataru, Kota Malang Bebas Penyekatan",https://news.detik.com/berita-jawa-timur/d-5867583/libur-nataru-kota-malang-bebas-penyekatan,"
Kamis, 23 Des 2021 15:40 WIB "
"Sinetron TMTM Diprotes, Ini 4 Penjelasan soal Syuting di Semeru",https://news.detik.com/berita/d-5867566/sinetron-tmtm-diprotes-ini-4-penjelasan-soal-syuting-di-semeru,"
Kamis, 23 Des 2021 15:31 WIB "
"Heboh Syuting Sinetron di Lokasi Pengungsi Semeru, Menko PMK : Tak Etis!",https://news.detik.com/berita/d-5867541/heboh-syuting-sinetron-di-lokasi-pengungsi-semeru-menko-pmk-tak-etis,"
Kamis, 23 Des 2021 15:24 WIB "
"Pos Pelayanan Nataru di Pelabuhan Ketapang Punya Layanan Wah, Apa Saja?",https://news.detik.com/berita-jawa-timur/d-5867530/pos-pelayanan-nataru-di-pelabuhan-ketapang-punya-layanan-wah-apa-saja,"
Kamis, 23 Des 2021 15:21 WIB "
"BNPB: Syuting Sinetron di Semeru Tak Izin, Tidak Boleh Ditayangkan!",https://news.detik.com/berita/d-5867462/bnpb-syuting-sinetron-di-semeru-tak-izin-tidak-boleh-ditayangkan,"
Kamis, 23 Des 2021 14:45 WIB "
Banner Puan Maharani di Lokasi Terdampak Erupsi Semeru Diturunkan Satpol PP,https://news.detik.com/berita-jawa-timur/d-5867461/banner-puan-maharani-di-lokasi-terdampak-erupsi-semeru-diturunkan-satpol-pp,"
Kamis, 23 Des 2021 14:44 WIB "
"Pengungsian Semeru Jadi Lokasi Syuting, PKS: Eksploitasi Bencana!",https://news.detik.com/berita/d-5867446/pengungsian-semeru-jadi-lokasi-syuting-pks-eksploitasi-bencana,"
Kamis, 23 Des 2021 14:39 WIB "
"Apel Pasukan Operasi Lilin, Bupati Ipuk Minta Waspada Penularan COVID-19",https://news.detik.com/berita-jawa-timur/d-5867418/apel-pasukan-operasi-lilin-bupati-ipuk-minta-waspada-penularan-covid-19,"
Kamis, 23 Des 2021 14:22 WIB "
"Soal Banner Puan Maharani di Semeru, PDIP Lumajang Duga Relawan yang Pasang",https://news.detik.com/berita-jawa-timur/d-5867337/soal-banner-puan-maharani-di-semeru-pdip-lumajang-duga-relawan-yang-pasang,"
Kamis, 23 Des 2021 13:31 WIB "
Kru Syuting Sinetron TMTM Diminta Tinggalkan Pengungsian Semeru,https://news.detik.com/berita-jawa-timur/d-5867328/kru-syuting-sinetron-tmtm-diminta-tinggalkan-pengungsian-semeru,"
Kamis, 23 Des 2021 13:20 WIB "
PDIP Lumajang Ngaku Tak Pasang Banner Puan Maharani di Lokasi Erupsi Semeru,https://news.detik.com/berita-jawa-timur/d-5867299/pdip-lumajang-ngaku-tak-pasang-banner-puan-maharani-di-lokasi-erupsi-semeru,"
Kamis, 23 Des 2021 12:59 WIB "
"Komisi VIII DPR Kritik Keras Syuting di Semeru: Kalau Tayang, Boikot!",https://news.detik.com/berita/d-5867252/komisi-viii-dpr-kritik-keras-syuting-di-semeru-kalau-tayang-boikot,"
Kamis, 23 Des 2021 12:20 WIB "
Bupati Lumajang Tegaskan Syuting Sinetron di Semeru Tak Kantongi Izin,https://news.detik.com/berita-jawa-timur/d-5867251/bupati-lumajang-tegaskan-syuting-sinetron-di-semeru-tak-kantongi-izin,"
Kamis, 23 Des 2021 12:20 WIB "
Wisata Umum dan Religi di Lamongan Tetap Buka Saat Nataru,https://news.detik.com/berita-jawa-timur/d-5867228/wisata-umum-dan-religi-di-lamongan-tetap-buka-saat-nataru,"
Kamis, 23 Des 2021 12:07 WIB "
13 Ribu Botol Miras-Knalpot Brong di Kota Pasuruan Dimusnahkan,https://news.detik.com/berita-jawa-timur/d-5867323/13-ribu-botol-miras-knalpot-brong-di-kota-pasuruan-dimusnahkan,"
Kamis, 23 Des 2021 11:50 WIB "
Alasan Sinetron TMTM Syuting di Semeru,https://news.detik.com/berita-jawa-timur/d-5867177/alasan-sinetron-tmtm-syuting-di-semeru,"
Kamis, 23 Des 2021 11:37 WIB "
Kondisi Terkini Gunung Semeru Tertutup Kabut,https://news.detik.com/berita-jawa-timur/d-5867120/kondisi-terkini-gunung-semeru-tertutup-kabut,"
Kamis, 23 Des 2021 11:01 WIB "
Momen dan Adegan Syuting Sinetron di Semeru yang Bikin Jengkel Banyak Orang,https://news.detik.com/berita-jawa-timur/d-5867068/momen-dan-adegan-syuting-sinetron-di-semeru-yang-bikin-jengkel-banyak-orang,"
Kamis, 23 Des 2021 10:41 WIB "
Syuting Sinetron di Semeru yang Bikin Miris Warga hingga Relawan Erupsi,https://news.detik.com/berita-jawa-timur/d-5866973/syuting-sinetron-di-semeru-yang-bikin-miris-warga-hingga-relawan-erupsi,"
Kamis, 23 Des 2021 09:16 WIB "
Kesalahan Sinetron yang Syuting di Semeru Menurut Satgas Tanggap Bencana,https://news.detik.com/berita-jawa-timur/d-5866692/kesalahan-sinetron-yang-syuting-di-semeru-menurut-satgas-tanggap-bencana,"
Rabu, 22 Des 2021 22:43 WIB "
"Wisata Gunung Lawu Dibuka Saat Libur Nataru, Namun Prokes Diperketat",https://news.detik.com/berita-jawa-timur/d-5866659/wisata-gunung-lawu-dibuka-saat-libur-nataru-namun-prokes-diperketat,"
Rabu, 22 Des 2021 22:19 WIB "
Relawan Semeru Miris Lihat Pengungsian Jadi Lokasi Syuting Sinetron,https://news.detik.com/berita-jawa-timur/d-5866643/relawan-semeru-miris-lihat-pengungsian-jadi-lokasi-syuting-sinetron,"
Rabu, 22 Des 2021 21:59 WIB "
Protes Warga soal Syuting Sinetron di Semeru: Kurang Etis,https://news.detik.com/berita-jawa-timur/d-5866595/protes-warga-soal-syuting-sinetron-di-semeru-kurang-etis,"
Rabu, 22 Des 2021 21:31 WIB "
Kecurigaan Elite PDIP Gegara di Semeru Bertebaran Baliho Puan,https://news.detik.com/berita/d-5866570/kecurigaan-elite-pdip-gegara-di-semeru-bertebaran-baliho-puan,"
Rabu, 22 Des 2021 21:04 WIB "
"Viral Boikot Syuting Sinetron di Semeru, Produser Ngaku Sudah Ajukan Izin",https://news.detik.com/berita-jawa-timur/d-5866554/viral-boikot-syuting-sinetron-di-semeru-produser-ngaku-sudah-ajukan-izin,"
Rabu, 22 Des 2021 20:42 WIB "
Pameran Lukisan Banyuwangi Gelar Lelang untuk Korban Semeru,https://news.detik.com/berita-jawa-timur/d-5866641/pameran-lukisan-banyuwangi-gelar-lelang-untuk-korban-semeru,"
Rabu, 22 Des 2021 20:15 WIB "
Kominfo Lumajang Benarkan soal Syuting Sinetron di Semeru yang Viral,https://news.detik.com/berita-jawa-timur/d-5866493/kominfo-lumajang-benarkan-soal-syuting-sinetron-di-semeru-yang-viral,"
Rabu, 22 Des 2021 19:37 WIB "
Korban Meninggal Akibat Erupsi Semeru Bertambah Jadi 51 Orang,https://news.detik.com/berita/d-5866489/korban-meninggal-akibat-erupsi-semeru-bertambah-jadi-51-orang,"
Rabu, 22 Des 2021 19:34 WIB "
Bakso Manjakan Lidah Korban Erupsi Semeru yang 2 Pekan Makan Nasi Bungkus,https://news.detik.com/berita-jawa-timur/d-5866264/bakso-manjakan-lidah-korban-erupsi-semeru-yang-2-pekan-makan-nasi-bungkus,"
Rabu, 22 Des 2021 17:39 WIB "
Cerita Hari Ibu dari Lokasi Erupsi Semeru,https://news.detik.com/berita-jawa-timur/d-5866045/cerita-hari-ibu-dari-lokasi-erupsi-semeru,"
Rabu, 22 Des 2021 16:17 WIB "
PDIP Bantah Disebut Tak Satu Pun Kadernya Bantu Korban Erupsi Semeru,https://news.detik.com/berita/d-5865765/pdip-bantah-disebut-tak-satu-pun-kadernya-bantu-korban-erupsi-semeru,"
Rabu, 22 Des 2021 14:21 WIB "
Senior PDIP Curiga Pihak Lain Pasang Baliho Puan di Lokasi Erupsi Semeru,https://news.detik.com/berita/d-5865599/senior-pdip-curiga-pihak-lain-pasang-baliho-puan-di-lokasi-erupsi-semeru,"
Rabu, 22 Des 2021 12:56 WIB "
"Gunung Semeru Pagi Ini Terpantau Tenang, Warga Diimbau Tetap Waspada",https://news.detik.com/berita-jawa-timur/d-5865343/gunung-semeru-pagi-ini-terpantau-tenang-warga-diimbau-tetap-waspada,"
Rabu, 22 Des 2021 09:47 WIB "
3.000 Personel Gabungan Siap Amankan Nataru di Surabaya,https://news.detik.com/berita-jawa-timur/d-5865052/3-000-personel-gabungan-siap-amankan-nataru-di-surabaya,"
Selasa, 21 Des 2021 21:49 WIB "
"ArtOs Kembang Langit Banyuwangi Gelar Lelang, Hasilnya Untuk Korban Semeru",https://news.detik.com/berita-jawa-timur/d-5864914/artos-kembang-langit-banyuwangi-gelar-lelang-hasilnya-untuk-korban-semeru,"
Selasa, 21 Des 2021 19:53 WIB "
Tunanetra di Lumajang Pijat Gratis Korban dan Relawan Erupsi Semeru,https://news.detik.com/berita-jawa-timur/d-5864775/tunanetra-di-lumajang-pijat-gratis-korban-dan-relawan-erupsi-semeru,"
Selasa, 21 Des 2021 18:35 WIB "
Daerah Aliran Sungai Kembali Diterjang Banjir Lahar Dingin Semeru,https://news.detik.com/berita-jawa-timur/d-5864736/daerah-aliran-sungai-kembali-diterjang-banjir-lahar-dingin-semeru,"
Selasa, 21 Des 2021 18:06 WIB "
Kata Warga Soal Banner Puan Maharani Bertebaran di Lokasi Erupsi Semeru,https://news.detik.com/berita-jawa-timur/d-5864426/kata-warga-soal-banner-puan-maharani-bertebaran-di-lokasi-erupsi-semeru,"
Selasa, 21 Des 2021 15:23 WIB "
Banner Puan Maharani Bertebaran di Lokasi Terdampak Erupsi Semeru,https://news.detik.com/berita-jawa-timur/d-5864291/banner-puan-maharani-bertebaran-di-lokasi-terdampak-erupsi-semeru,"
Selasa, 21 Des 2021 14:17 WIB "
Memelihara Solidaritas Kala Bencana,https://news.detik.com/kolom/d-5863959/memelihara-solidaritas-kala-bencana,"
Selasa, 21 Des 2021 11:40 WIB "
"Datangi Pengungsi Semeru, Ketua Gerindra Jatim Dicurhati soal Hidup Normal",https://news.detik.com/berita-jawa-timur/d-5863980/datangi-pengungsi-semeru-ketua-gerindra-jatim-dicurhati-soal-hidup-normal,"
Selasa, 21 Des 2021 11:21 WIB "
Tanggap Ekologi Pengungsian Semeru,https://news.detik.com/kolom/d-5863931/tanggap-ekologi-pengungsian-semeru,"
Selasa, 21 Des 2021 10:59 WIB "
"Semeru Pagi Ini, Asap Kawah Setinggi 1.000 Meter",https://news.detik.com/berita-jawa-timur/d-5863881/semeru-pagi-ini-asap-kawah-setinggi-1-000-meter,"
Selasa, 21 Des 2021 10:14 WIB "
Cerita Tentang Bilik Asmara yang Disediakan Bagi Pengungsi Erupsi Semeru,https://news.detik.com/berita-jawa-timur/d-5863794/cerita-tentang-bilik-asmara-yang-disediakan-bagi-pengungsi-erupsi-semeru,"
Selasa, 21 Des 2021 09:05 WIB "
Dugaan Pelintir Ucapan Jenderal Dudung Bikin Habib Bahar Dipolisikan,https://news.detik.com/berita/d-5863683/dugaan-pelintir-ucapan-jenderal-dudung-bikin-habib-bahar-dipolisikan,"
Selasa, 21 Des 2021 06:35 WIB "
Korban Terdampak Semeru Dapat Servis dan Ganti Oli Gratis,https://news.detik.com/berita-jawa-timur/d-5863306/korban-terdampak-semeru-dapat-servis-dan-ganti-oli-gratis,"
Senin, 20 Des 2021 19:00 WIB "
Semeru Sejak Pagi Hingga Siang Luncurkan Guguran Awan Panas 5 Kali,https://news.detik.com/berita-jawa-timur/d-5863242/semeru-sejak-pagi-hingga-siang-luncurkan-guguran-awan-panas-5-kali,"
Senin, 20 Des 2021 18:31 WIB "
Legislator PD Minta TNI Telusuri Pria Viral Cari Habib Bahar,https://news.detik.com/berita/d-5863190/legislator-pd-minta-tni-telusuri-pria-viral-cari-habib-bahar,"
Senin, 20 Des 2021 18:11 WIB "
"Puan Datang ke Lokasi Terdampak Erupsi Semeru, Relawan Dapat Kartu BPJS",https://news.detik.com/berita-jawa-timur/d-5863160/puan-datang-ke-lokasi-terdampak-erupsi-semeru-relawan-dapat-kartu-bpjs,"
Senin, 20 Des 2021 17:53 WIB "
"Viral Pria Berbaju TNI Cari Habib Bahar, Pengacara: Silakan Datang ke Rumah",https://news.detik.com/berita/d-5863134/viral-pria-berbaju-tni-cari-habib-bahar-pengacara-silakan-datang-ke-rumah,"
Senin, 20 Des 2021 17:36 WIB "
Bilik Asmara di Pengungsian Semeru Ternyata Kurang Peminat,https://news.detik.com/berita-jawa-timur/d-5863055/bilik-asmara-di-pengungsian-semeru-ternyata-kurang-peminat,"
Senin, 20 Des 2021 17:02 WIB "
Ada Bilik Asmara yang Disediakan untuk Pengungsi Semeru,https://news.detik.com/berita-jawa-timur/d-5862914/ada-bilik-asmara-yang-disediakan-untuk-pengungsi-semeru,"
Senin, 20 Des 2021 15:55 WIB "
"Bahar Smith Dipolisikan, Polisi: Ada Bukti Autentik dari Pelapor",https://news.detik.com/berita/d-5862803/bahar-smith-dipolisikan-polisi-ada-bukti-autentik-dari-pelapor,"
Senin, 20 Des 2021 15:19 WIB "
Panggung Boneka Hibur Peserta Vaksin Anak di Lamongan,https://news.detik.com/berita-jawa-timur/d-5863006/panggung-boneka-hibur-peserta-vaksin-anak-di-lamongan,"
Senin, 20 Des 2021 15:00 WIB "
Korban Erupsi Semeru di Kajar Kuning dan Curah Kobokan Tolak Lokasi Relokasi,https://news.detik.com/berita-jawa-timur/d-5862675/korban-erupsi-semeru-di-kajar-kuning-dan-curah-kobokan-tolak-lokasi-relokasi,"
Senin, 20 Des 2021 14:23 WIB "
Ini Ucapan Bahar Smith-Eggi soal Jenderal Dudung yang Bikin Dipolisikan,https://news.detik.com/berita/d-5862653/ini-ucapan-bahar-smith-eggi-soal-jenderal-dudung-yang-bikin-dipolisikan,"
Senin, 20 Des 2021 14:03 WIB "
"Disinggung Bahar Smith, Ini Momen Jenderal Dudung Kunjungi Pengungsi Semeru",https://news.detik.com/berita/d-5862618/disinggung-bahar-smith-ini-momen-jenderal-dudung-kunjungi-pengungsi-semeru,"
Senin, 20 Des 2021 13:29 WIB "
Heboh Bentrok Antar Kelompok di Cimahi Saat Penggalangan Dana Bencana,https://news.detik.com/berita-jawa-barat/d-5862596/heboh-bentrok-antar-kelompok-di-cimahi-saat-penggalangan-dana-bencana,"
Senin, 20 Des 2021 13:10 WIB "
"Kunjungi Korban Erupsi Semeru, Puan Wanti-wanti soal Gizi Pengungsi",https://news.detik.com/berita-jawa-timur/d-5862589/kunjungi-korban-erupsi-semeru-puan-wanti-wanti-soal-gizi-pengungsi,"
Senin, 20 Des 2021 13:04 WIB "
Pengacara Duga Bahar Smith Dipolisikan soal Sindiran ke Jenderal Dudung,https://news.detik.com/berita/d-5862501/pengacara-duga-bahar-smith-dipolisikan-soal-sindiran-ke-jenderal-dudung,"
Senin, 20 Des 2021 12:05 WIB "
Viral Pria Berbaju TNI Sentil Habib Bahar: Jangan Beraninya Sama Ojek,https://news.detik.com/berita/d-5862426/viral-pria-berbaju-tni-sentil-habib-bahar-jangan-beraninya-sama-ojek,"
Senin, 20 Des 2021 11:18 WIB "
"Bahar bin Smith Sindir Jenderal Dudung, Ini Penjelasan Pengacara",https://news.detik.com/berita/d-5862404/bahar-bin-smith-sindir-jenderal-dudung-ini-penjelasan-pengacara,"
Senin, 20 Des 2021 10:52 WIB "
"Habib Bahar Smith Kembali Dipolisikan, Kali Ini soal Penyebaran SARA",https://news.detik.com/berita/d-5862278/habib-bahar-smith-kembali-dipolisikan-kali-ini-soal-penyebaran-sara,"
Senin, 20 Des 2021 08:42 WIB "
Heboh Habib Bahar Sindir Jenderal Dudung dan Penjelasan Pengacara,https://news.detik.com/berita/d-5862213/heboh-habib-bahar-sindir-jenderal-dudung-dan-penjelasan-pengacara,"
Senin, 20 Des 2021 06:30 WIB "
"5 Ibu Korban Erupsi Semeru Melahirkan Bayi, 14 Lagi Menunggu Persalinan",https://news.detik.com/berita-jawa-timur/d-5862087/5-ibu-korban-erupsi-semeru-melahirkan-bayi-14-lagi-menunggu-persalinan,"
Minggu, 19 Des 2021 23:33 WIB "
Saat Polisi Sidoarjo Serahkan Langsung Bantuan ke Korban Erupsi Semeru,https://news.detik.com/berita-jawa-timur/d-5862079/saat-polisi-sidoarjo-serahkan-langsung-bantuan-ke-korban-erupsi-semeru,"
Minggu, 19 Des 2021 22:53 WIB "
Pengacara Jelaskan Video Habib Bahar yang Sindir Jenderal Dudung,https://news.detik.com/berita/d-5861870/pengacara-jelaskan-video-habib-bahar-yang-sindir-jenderal-dudung,"
Minggu, 19 Des 2021 18:49 WIB "
"Viral Habib Bahar Sindir Jenderal Dudung Tak ke Semeru, Ini Respons TNI AD",https://news.detik.com/berita/d-5861775/viral-habib-bahar-sindir-jenderal-dudung-tak-ke-semeru-ini-respons-tni-ad,"
Minggu, 19 Des 2021 17:26 WIB "
Satu Korban Erupsi Semeru Ditemukan Tewas Hari Ini,https://news.detik.com/berita-jawa-timur/d-5861701/satu-korban-erupsi-semeru-ditemukan-tewas-hari-ini,"
Minggu, 19 Des 2021 15:48 WIB "
Polisi Jombang Bantu Pulihkan Trauma Ratusan Anak Korban Erupsi Semeru,https://news.detik.com/berita-jawa-timur/d-5861646/polisi-jombang-bantu-pulihkan-trauma-ratusan-anak-korban-erupsi-semeru,"
Minggu, 19 Des 2021 14:59 WIB "
"Puan Akan Temui Korban Erupsi Semeru di Pronojiwo, Ini Harapannya",https://news.detik.com/berita/d-5861618/puan-akan-temui-korban-erupsi-semeru-di-pronojiwo-ini-harapannya,"
Minggu, 19 Des 2021 14:28 WIB "
Terdengar Suara Gemuruh Sebelum Semeru Keluarkan Awan Panas Sejauh 3 Km,https://news.detik.com/berita-jawa-timur/d-5861484/terdengar-suara-gemuruh-sebelum-semeru-keluarkan-awan-panas-sejauh-3-km,"
Minggu, 19 Des 2021 11:59 WIB "
Penampakan Semeru Muntahkan Awan Panas Guguran Pagi Tadi,https://news.detik.com/detiktv/d-5861482/penampakan-semeru-muntahkan-awan-panas-guguran-pagi-tadi,"
Minggu, 19 Des 2021 11:57 WIB "
Harapan Bupati Lumajang Jika Puan Temui Korban Erupsi Semeru di Pronojiwo,https://news.detik.com/berita-jawa-timur/d-5861416/harapan-bupati-lumajang-jika-puan-temui-korban-erupsi-semeru-di-pronojiwo,"
Minggu, 19 Des 2021 10:51 WIB "
Guguran Awan Panas Semeru Bikin Warga Panik,https://news.detik.com/berita-jawa-timur/d-5861385/guguran-awan-panas-semeru-bikin-warga-panik,"
Minggu, 19 Des 2021 10:24 WIB "
Semeru Keluarkan Awan Panas Sejauh 3 Km,https://news.detik.com/berita-jawa-timur/d-5861358/semeru-keluarkan-awan-panas-sejauh-3-km,"
Minggu, 19 Des 2021 10:02 WIB "
Dampak Erupsi Semeru pada Harga Cabai di Kota Pasuruan,https://news.detik.com/berita-jawa-timur/d-5861319/dampak-erupsi-semeru-pada-harga-cabai-di-kota-pasuruan,"
Minggu, 19 Des 2021 08:56 WIB "
Bantuan Pakan Mengalir untuk Kucing di Lokasi Terdampak Erupsi Semeru,https://news.detik.com/berita-jawa-timur/d-5861125/bantuan-pakan-mengalir-untuk-kucing-di-lokasi-terdampak-erupsi-semeru,"
Sabtu, 18 Des 2021 21:26 WIB "
Bamsoet Dapat Predikat Pimpinan Institusi Negara Terbaik Tahun 2021,https://news.detik.com/berita/d-5861114/bamsoet-dapat-predikat-pimpinan-institusi-negara-terbaik-tahun-2021,"
Sabtu, 18 Des 2021 21:02 WIB "
4 Dusun Terdampak Erupsi Semeru Jadi Kampung Mati Ditinggal Warganya,https://news.detik.com/berita-jawa-timur/d-5861010/4-dusun-terdampak-erupsi-semeru-jadi-kampung-mati-ditinggal-warganya,"
Sabtu, 18 Des 2021 19:17 WIB "
"Khofifah Tinjau Lokasi Terdampak Gempa Jember, Ingatkan Pentingnya Jalur Evakuasi",https://news.detik.com/berita-jawa-timur/d-5860971/khofifah-tinjau-lokasi-terdampak-gempa-jember-ingatkan-pentingnya-jalur-evakuasi,"
Sabtu, 18 Des 2021 18:44 WIB "
"Kondisi Semeru Hari Ini Lebih Tenang, Visual Terlihat Jelas",https://news.detik.com/berita-jawa-timur/d-5860537/kondisi-semeru-hari-ini-lebih-tenang-visual-terlihat-jelas,"
Sabtu, 18 Des 2021 13:02 WIB "
Status Tanggap Darurat Semeru Diperpanjang Hingga 24 Desember 2021,https://news.detik.com/berita-jawa-timur/d-5860392/status-tanggap-darurat-semeru-diperpanjang-hingga-24-desember-2021,"
Sabtu, 18 Des 2021 10:45 WIB "
"Rentetan Bencana Geologi Desember 2021, Erupsi Gunung Semeru-Gempa Flores",https://news.detik.com/berita-jawa-barat/d-5860376/rentetan-bencana-geologi-desember-2021-erupsi-gunung-semeru-gempa-flores,"
Sabtu, 18 Des 2021 09:53 WIB "
"Datang ke Lumajang, Mahfud Md Pimpin Salat Gaib untuk Korban Semeru",https://news.detik.com/berita-jawa-timur/d-5860190/datang-ke-lumajang-mahfud-md-pimpin-salat-gaib-untuk-korban-semeru,"
Jumat, 17 Des 2021 23:41 WIB "
28 Jenazah Korban Erupsi Semeru Teridentifikasi Tim DVI Polda Jatim,https://news.detik.com/berita-jawa-timur/d-5860171/28-jenazah-korban-erupsi-semeru-teridentifikasi-tim-dvi-polda-jatim,"
Jumat, 17 Des 2021 22:50 WIB "
CJ Indonesia Donasi 300 Ribu Roti Setara Rp 3 M ke Korban Erupsi Semeru,https://news.detik.com/berita/d-5860161/cj-indonesia-donasi-300-ribu-roti-setara-rp-3-m-ke-korban-erupsi-semeru,"
Jumat, 17 Des 2021 22:37 WIB "
Pencarian Korban Erupsi Semeru Dihentikan: Meninggal 48-10.571 Warga Ngungsi,https://news.detik.com/berita/d-5859928/pencarian-korban-erupsi-semeru-dihentikan-meninggal-48-10-571-warga-ngungsi,"
Jumat, 17 Des 2021 19:54 WIB "
"Semeru Siaga, PVMBG: Awan Panas Masih Berpotensi Terjadi",https://news.detik.com/berita/d-5859744/semeru-siaga-pvmbg-awan-panas-masih-berpotensi-terjadi,"
Jumat, 17 Des 2021 18:19 WIB "
Relawan hingga Tenaga Medis Masih Dibutuhkan Tangani Dampak Erupsi Semeru,https://news.detik.com/berita-jawa-timur/d-5859543/relawan-hingga-tenaga-medis-masih-dibutuhkan-tangani-dampak-erupsi-semeru,"
Jumat, 17 Des 2021 16:16 WIB "
"Gunung Semeru Siaga, Warga Kampung Renteng Mulai Tinggalkan Rumahnya",https://news.detik.com/berita-jawa-timur/d-5859381/gunung-semeru-siaga-warga-kampung-renteng-mulai-tinggalkan-rumahnya,"
Jumat, 17 Des 2021 14:51 WIB "
Satlantas Polresta Banyuwangi Cek Pasukan dan Sarpras Jelang Libur Nataru,https://news.detik.com/berita-jawa-timur/d-5859467/satlantas-polresta-banyuwangi-cek-pasukan-dan-sarpras-jelang-libur-nataru,"
Jumat, 17 Des 2021 13:38 WIB "
"Semeru Siaga, Ini 4 Imbauan untuk Masyarakat Sekitar",https://news.detik.com/berita/d-5859262/semeru-siaga-ini-4-imbauan-untuk-masyarakat-sekitar,"
Jumat, 17 Des 2021 13:37 WIB "
Pencarian Korban Erupsi Semeru Dihentikan,https://news.detik.com/berita-jawa-timur/d-5859122/pencarian-korban-erupsi-semeru-dihentikan,"
Jumat, 17 Des 2021 12:36 WIB "
"Status Gunung Semeru Naik Jadi Siaga, Ini 3 Hal yang Diketahui",https://news.detik.com/berita/d-5859094/status-gunung-semeru-naik-jadi-siaga-ini-3-hal-yang-diketahui,"
Jumat, 17 Des 2021 12:04 WIB "
Warga 6 Dusun Terdampak Banjir Lahar Dingin Semeru Evakuasi Harta Bendanya,https://news.detik.com/berita-jawa-timur/d-5859062/warga-6-dusun-terdampak-banjir-lahar-dingin-semeru-evakuasi-harta-bendanya,"
Jumat, 17 Des 2021 11:41 WIB "
"Status Gunung Semeru Naik jadi Siaga, Ini Penyebabnya",https://news.detik.com/berita-jawa-timur/d-5859013/status-gunung-semeru-naik-jadi-siaga-ini-penyebabnya,"
Jumat, 17 Des 2021 11:12 WIB "
Wapres Batal Datang Saat Semeru Kembali Erupsi hingga Banjir Lahar Menerjang,https://news.detik.com/berita-jawa-timur/d-5858953/wapres-batal-datang-saat-semeru-kembali-erupsi-hingga-banjir-lahar-menerjang,"
Jumat, 17 Des 2021 10:12 WIB "
Pemkot Mojokerto Kirim Logistik & Relawan Bantu Korban Erupsi Semeru,https://news.detik.com/berita/d-5858901/pemkot-mojokerto-kirim-logistik-relawan-bantu-korban-erupsi-semeru,"
Jumat, 17 Des 2021 09:45 WIB "
"Status Gunung Semeru Siaga, Ini Anjuran Jarak Aman dari Badan Geologi",https://news.detik.com/berita-jawa-barat/d-5858889/status-gunung-semeru-siaga-ini-anjuran-jarak-aman-dari-badan-geologi,"
Jumat, 17 Des 2021 09:28 WIB "
Status Gunung Semeru Naik Jadi Siaga,https://news.detik.com/berita-jawa-barat/d-5858842/status-gunung-semeru-naik-jadi-siaga,"
Jumat, 17 Des 2021 08:45 WIB "
Gus Ipul Zoom Meeting dengan RT/RW se-Kota Pasuruan Soal Antisipasi Omicron,https://news.detik.com/berita-jawa-timur/d-5858644/gus-ipul-zoom-meeting-dengan-rt-rw-se-kota-pasuruan-soal-antisipasi-omicron,"
Kamis, 16 Des 2021 22:31 WIB "
Video Ini Buktikan Abu Vulkanik Semeru di Dalam Tanah Masih Panas,https://news.detik.com/berita-jawa-timur/d-5858637/video-ini-buktikan-abu-vulkanik-semeru-di-dalam-tanah-masih-panas,"
Kamis, 16 Des 2021 22:10 WIB "
Banjir Lahar Dingin Terjang 5 Dusun di Lereng Semeru,https://news.detik.com/berita-jawa-timur/d-5858427/banjir-lahar-dingin-terjang-5-dusun-di-lereng-semeru,"
Kamis, 16 Des 2021 19:16 WIB "
Penampakan Banjir Lahar Dingin Terjang Sejumlah Dusun di Lereng Semeru,https://news.detik.com/berita/d-5858360/penampakan-banjir-lahar-dingin-terjang-sejumlah-dusun-di-lereng-semeru,"
Kamis, 16 Des 2021 18:48 WIB "
Banjir Lahar Dingin Terjang Permukiman Warga di Lereng Semeru,https://news.detik.com/berita-jawa-timur/d-5858226/banjir-lahar-dingin-terjang-permukiman-warga-di-lereng-semeru,"
Kamis, 16 Des 2021 17:49 WIB "
Bupati Lumajang Target Hunian Sementara Korban Semeru Rampung 2-3 Minggu,https://news.detik.com/berita-jawa-timur/d-5857964/bupati-lumajang-target-hunian-sementara-korban-semeru-rampung-2-3-minggu,"
Kamis, 16 Des 2021 15:51 WIB "
Gunung Semeru Luncurkan Guguran Awan Panas hingga 5 KM,https://news.detik.com/berita-jawa-timur/d-5857899/gunung-semeru-luncurkan-guguran-awan-panas-hingga-5-km,"
Kamis, 16 Des 2021 15:28 WIB "
Bromo dan Wisata Lain di Pasuruan Tetap Buka Saat Libur Nataru,https://news.detik.com/berita-jawa-timur/d-5857871/bromo-dan-wisata-lain-di-pasuruan-tetap-buka-saat-libur-nataru,"
Kamis, 16 Des 2021 15:21 WIB "
Proses Relokasi Hunian Korban Erupsi Gunung Semeru Dimulai Besok,https://news.detik.com/berita-jawa-timur/d-5857816/proses-relokasi-hunian-korban-erupsi-gunung-semeru-dimulai-besok,"
Kamis, 16 Des 2021 15:00 WIB "
"Relokasi Hunian Korban Semeru di Dua Desa, Bupati Lumajang Paparkan Alasan",https://news.detik.com/berita-jawa-timur/d-5857768/relokasi-hunian-korban-semeru-di-dua-desa-bupati-lumajang-paparkan-alasan,"
Kamis, 16 Des 2021 14:51 WIB "
"Korban Meninggal di Gunung Semeru Kini 48 Orang, Ini Info Terbarunya",https://news.detik.com/berita/d-5857734/korban-meninggal-di-gunung-semeru-kini-48-orang-ini-info-terbarunya,"
Kamis, 16 Des 2021 14:33 WIB "
Curhat Pengungsi Semeru ke Wapres Minta Segera Tempati Rumah Relokasi,https://news.detik.com/berita-jawa-timur/d-5857594/curhat-pengungsi-semeru-ke-wapres-minta-segera-tempati-rumah-relokasi,"
Kamis, 16 Des 2021 13:32 WIB "
"Gunung Semeru Luncurkan Awan Panas, Petani di Sawah Dievakuasi",https://news.detik.com/berita-jawa-timur/d-5857574/gunung-semeru-luncurkan-awan-panas-petani-di-sawah-dievakuasi,"
Kamis, 16 Des 2021 13:19 WIB "
"Pemerintah Siapkan Hunian untuk Pengungsi Semeru, Ma'ruf: Lahan Sudah Siap",https://news.detik.com/berita-jawa-timur/d-5857468/pemerintah-siapkan-hunian-untuk-pengungsi-semeru-maruf-lahan-sudah-siap,"
Kamis, 16 Des 2021 12:21 WIB "
"Semeru Erupsi, Wapres Minta Maaf Batal Pantau Warga di Posko Pengungsian",https://news.detik.com/berita-jawa-timur/d-5857377/semeru-erupsi-wapres-minta-maaf-batal-pantau-warga-di-posko-pengungsian,"
Kamis, 16 Des 2021 11:47 WIB "
"Erupsi Gunung Semeru 4 Desember 2021, Ini Kondisi-Jumlah Korban Terbaru",https://news.detik.com/berita/d-5857366/erupsi-gunung-semeru-4-desember-2021-ini-kondisi-jumlah-korban-terbaru,"
Kamis, 16 Des 2021 11:43 WIB "
Suasana Kepanikan Warga Saat Gunung Semeru Kembali Erupsi,https://news.detik.com/berita/d-5857348/suasana-kepanikan-warga-saat-gunung-semeru-kembali-erupsi,"
Kamis, 16 Des 2021 11:35 WIB "
"Gunung Semeru Kembali Erupsi, Relawan Ditarik Mundur Sementara",https://news.detik.com/berita-jawa-timur/d-5857328/gunung-semeru-kembali-erupsi-relawan-ditarik-mundur-sementara,"
Kamis, 16 Des 2021 11:29 WIB "
"Kunjungan Wapres Batal Dampak Semeru Erupsi, Agenda Diganti Teleconference",https://news.detik.com/berita-jawa-timur/d-5857301/kunjungan-wapres-batal-dampak-semeru-erupsi-agenda-diganti-teleconference,"
Kamis, 16 Des 2021 11:10 WIB "
Pengakuan Relawan Dengar Suara Menggelegar Saat Erupsi Semeru,https://news.detik.com/berita-jawa-timur/d-5857270/pengakuan-relawan-dengar-suara-menggelegar-saat-erupsi-semeru,"
Kamis, 16 Des 2021 10:51 WIB "
Kunjungan Wapres ke Semeru Batal Akibat Luncuran Awan Panas,https://news.detik.com/berita-jawa-timur/d-5857257/kunjungan-wapres-ke-semeru-batal-akibat-luncuran-awan-panas,"
Kamis, 16 Des 2021 10:43 WIB "
"Semeru Kembali Erupsi, Warga di 3 Dusun Dievakuasi",https://news.detik.com/berita-jawa-timur/d-5857237/semeru-kembali-erupsi-warga-di-3-dusun-dievakuasi,"
Kamis, 16 Des 2021 10:31 WIB "
Semeru Kembali Luncurkan Awan Panas Saat Kedatangan Wapres,https://news.detik.com/berita-jawa-timur/d-5857230/semeru-kembali-luncurkan-awan-panas-saat-kedatangan-wapres,"
Kamis, 16 Des 2021 10:23 WIB "
"Gunung Semeru Kembali Erupsi, Warga di Sekitar Lokasi Panik",https://news.detik.com/berita-jawa-timur/d-5857213/gunung-semeru-kembali-erupsi-warga-di-sekitar-lokasi-panik,"
Kamis, 16 Des 2021 10:09 WIB "
"Gunung Semeru Kembali Erupsi, Terjadi Guguran Lahar Besar",https://news.detik.com/berita-jawa-timur/d-5857205/gunung-semeru-kembali-erupsi-terjadi-guguran-lahar-besar,"
Kamis, 16 Des 2021 10:01 WIB "
"Gempa M 5,1 Jember Terasa hingga Posko Tanggap Darurat Bencana Semeru",https://news.detik.com/berita-jawa-timur/d-5857146/gempa-m-5-1-jember-terasa-hingga-posko-tanggap-darurat-bencana-semeru,"
Kamis, 16 Des 2021 09:08 WIB "
"Bertolak ke Lumajang, Ma'ruf Amin akan Tinjau Pos Pengungsian Erupsi Semeru",https://news.detik.com/berita/d-5857066/bertolak-ke-lumajang-maruf-amin-akan-tinjau-pos-pengungsian-erupsi-semeru,"
Kamis, 16 Des 2021 08:00 WIB "
"Relawan Semeru Dikurangi, Pencarian Korban Hilang Akan Terpusat",https://news.detik.com/berita-jawa-timur/d-5856867/relawan-semeru-dikurangi-pencarian-korban-hilang-akan-terpusat,"
Rabu, 15 Des 2021 21:42 WIB "
Warga Klaten Akhirnya Iuran Perbaiki Jalur Evakuasi Merapi yang Rusak Parah,https://news.detik.com/berita-jawa-tengah/d-5856453/warga-klaten-akhirnya-iuran-perbaiki-jalur-evakuasi-merapi-yang-rusak-parah,"
Rabu, 15 Des 2021 17:43 WIB "
Rekomendasi Pakar Kebencanaan ITS dalam Pembangunan Kembali Jembatan Gladak Perak,https://news.detik.com/berita-jawa-timur/d-5856062/rekomendasi-pakar-kebencanaan-its-dalam-pembangunan-kembali-jembatan-gladak-perak,"
Rabu, 15 Des 2021 14:14 WIB "
Hari Jadi Lumajang ke-766 yang Diselimuti Duka Karena Erupsi Gunung Semeru,https://news.detik.com/berita-jawa-timur/d-5855679/hari-jadi-lumajang-ke-766-yang-diselimuti-duka-karena-erupsi-gunung-semeru,"
Rabu, 15 Des 2021 11:01 WIB "
Gus Muhdlor Terkesan dengan Peninggalan Arya Wiraraja di Lumajang,https://news.detik.com/berita-jawa-timur/d-5855270/gus-muhdlor-terkesan-dengan-peninggalan-arya-wiraraja-di-lumajang,"
Selasa, 14 Des 2021 21:49 WIB "
Bupati Sidoarjo Serahkan Bantuan Rp 575 Juta untuk Korban Erupsi Semeru,https://news.detik.com/berita-jawa-timur/d-5855053/bupati-sidoarjo-serahkan-bantuan-rp-575-juta-untuk-korban-erupsi-semeru,"
Selasa, 14 Des 2021 18:53 WIB "
"Anjing Pelacak Bantu Cari Korban Erupsi Semeru, Temukan 13 Jenazah",https://news.detik.com/berita-jawa-timur/d-5854925/anjing-pelacak-bantu-cari-korban-erupsi-semeru-temukan-13-jenazah,"
Selasa, 14 Des 2021 17:50 WIB "
Pencarian Korban Hilang Erupsi Semeru Diperpanjang Hingga 17 Desember,https://news.detik.com/berita-jawa-timur/d-5854418/pencarian-korban-hilang-erupsi-semeru-diperpanjang-hingga-17-desember,"
Selasa, 14 Des 2021 14:19 WIB "
Lebih 2.900 Keluarga Pengungsi Korban Erupsi Semeru Akan Direlokasi,https://news.detik.com/berita-jawa-timur/d-5854155/lebih-2-900-keluarga-pengungsi-korban-erupsi-semeru-akan-direlokasi,"
Selasa, 14 Des 2021 12:11 WIB "
Polres-Kodim Situbondo Raih Penghargaan dari Khofifah di Bidang Kesehatan,https://news.detik.com/berita-jawa-timur/d-5853945/polres-kodim-situbondo-raih-penghargaan-dari-khofifah-di-bidang-kesehatan,"
Selasa, 14 Des 2021 10:15 WIB "
Puluhan Alat Berat Bersihkan Material Vulkanik Gunung Semeru,https://news.detik.com/berita-jawa-timur/d-5853887/puluhan-alat-berat-bersihkan-material-vulkanik-gunung-semeru,"
Selasa, 14 Des 2021 09:53 WIB "
FPI Hadirkan Habib Rizieq di Tengah Bencana Semeru Lewat Kibaran Bendera,https://news.detik.com/berita-jawa-timur/d-5853858/fpi-hadirkan-habib-rizieq-di-tengah-bencana-semeru-lewat-kibaran-bendera,"
Selasa, 14 Des 2021 09:21 WIB "
5 Provinsi Ini Gelar Peningkatan Kapasitas Relawan Layanan Psikososial,https://news.detik.com/berita/d-5853597/5-provinsi-ini-gelar-peningkatan-kapasitas-relawan-layanan-psikososial,"
Senin, 13 Des 2021 22:09 WIB "
"Update Erupsi Semeru, 48 Orang Meninggal 9.997 Masih Mengungsi",https://news.detik.com/berita-jawa-timur/d-5853591/update-erupsi-semeru-48-orang-meninggal-9-997-masih-mengungsi,"
Senin, 13 Des 2021 21:56 WIB "
Rasa Sesal di Hati Pak Bupati Jika Evakuasi Korban Erupsi Semeru Terganggu,https://news.detik.com/berita-jawa-timur/d-5853583/rasa-sesal-di-hati-pak-bupati-jika-evakuasi-korban-erupsi-semeru-terganggu,"
Senin, 13 Des 2021 21:44 WIB "
"Untuk Kamu yang Masih Ingin Selfie di Lokasi Erupsi Semeru, Yuk Baca Ini!",https://news.detik.com/berita-jawa-timur/d-5853533/untuk-kamu-yang-masih-ingin-selfie-di-lokasi-erupsi-semeru-yuk-baca-ini,"
Senin, 13 Des 2021 20:55 WIB "
"Santuni Korban Semeru, Sahabat Ganjar Adakan Program Trauma Healing",https://news.detik.com/berita/d-5853374/santuni-korban-semeru-sahabat-ganjar-adakan-program-trauma-healing,"
Senin, 13 Des 2021 19:21 WIB "
"Jembatan Gladak Perak Putus, Suplai BBM ke Pertashop Lumajang Terganggu",https://news.detik.com/berita-jawa-timur/d-5853373/jembatan-gladak-perak-putus-suplai-bbm-ke-pertashop-lumajang-terganggu,"
Senin, 13 Des 2021 19:21 WIB "
Pohon Tempat Bendera Habib Rizieq Dikibarkan di Semeru Telah Ditebang,https://news.detik.com/berita-jawa-timur/d-5853141/pohon-tempat-bendera-habib-rizieq-dikibarkan-di-semeru-telah-ditebang,"
Senin, 13 Des 2021 16:40 WIB "
Ini Alasan FPI Kibarkan Bendera Habib Rizieq di Pohon Lokasi Erupsi Semeru,https://news.detik.com/berita-jawa-timur/d-5853055/ini-alasan-fpi-kibarkan-bendera-habib-rizieq-di-pohon-lokasi-erupsi-semeru,"
Senin, 13 Des 2021 16:00 WIB "
"Tahun 2021, Keberhasilan Bersama Melewati Masa Paling Sulit",https://news.detik.com/kolom/d-5853030/tahun-2021-keberhasilan-bersama-melewati-masa-paling-sulit,"
Senin, 13 Des 2021 15:53 WIB "
Bupati Lumajang Sarankan Bantuan Korban Erupsi Semeru Berupa Uang,https://news.detik.com/berita-jawa-timur/d-5852980/bupati-lumajang-sarankan-bantuan-korban-erupsi-semeru-berupa-uang,"
Senin, 13 Des 2021 15:39 WIB "
"Gempa Jember Terasa di Lumajang, Pengungsi Panik Dikira Getaran dari Semeru",https://news.detik.com/berita-jawa-timur/d-5852961/gempa-jember-terasa-di-lumajang-pengungsi-panik-dikira-getaran-dari-semeru,"
Senin, 13 Des 2021 15:28 WIB "
"Gempa Terkini Jember, Ini Fakta-fakta Gempa M 5,3",https://news.detik.com/berita/d-5852949/gempa-terkini-jember-ini-fakta-fakta-gempa-m-5-3,"
Senin, 13 Des 2021 15:19 WIB "
"Semeru Tak Terdampak Gempa Jember M 5.3, PVMBG: Masih Aman",https://news.detik.com/berita-jawa-timur/d-5852945/semeru-tak-terdampak-gempa-jember-m-5-3-pvmbg-masih-aman,"
Senin, 13 Des 2021 15:16 WIB "
Kata FPI soal Bendera Habib Rizieq Dikibarkan di Pohon Lokasi Erupsi Semeru,https://news.detik.com/berita-jawa-timur/d-5852927/kata-fpi-soal-bendera-habib-rizieq-dikibarkan-di-pohon-lokasi-erupsi-semeru,"
Senin, 13 Des 2021 15:05 WIB "
Gempa Jember Tak Berpengaruh pada Aktivitas Gunung Semeru,https://news.detik.com/berita-jawa-timur/d-5852872/gempa-jember-tak-berpengaruh-pada-aktivitas-gunung-semeru,"
Senin, 13 Des 2021 14:44 WIB "
Cerita Relawan Sering Temui Korban Semeru Gadungan Demi Dapat Bantuan,https://news.detik.com/berita-jawa-timur/d-5852863/cerita-relawan-sering-temui-korban-semeru-gadungan-demi-dapat-bantuan,"
Senin, 13 Des 2021 14:40 WIB "
Viral Bendera Habib Rizieq Dikibarkan di Pohon Lokasi Erupsi Semeru,https://news.detik.com/berita-jawa-timur/d-5852776/viral-bendera-habib-rizieq-dikibarkan-di-pohon-lokasi-erupsi-semeru,"
Senin, 13 Des 2021 14:10 WIB "
Masa Tanggap Darurat Erupsi Semeru Jadi 14 Hari Cari 9 Korban Hilang,https://news.detik.com/berita/d-5852753/masa-tanggap-darurat-erupsi-semeru-jadi-14-hari-cari-9-korban-hilang,"
Senin, 13 Des 2021 13:59 WIB "
Gempa Jember Terasa di Lokasi Terdampak Erupsi Semeru,https://news.detik.com/berita-jawa-timur/d-5852746/gempa-jember-terasa-di-lokasi-terdampak-erupsi-semeru,"
Senin, 13 Des 2021 13:52 WIB "
"Sejarah Gunung Semeru dan Asal Muasal Namanya, Cek di Sini!",https://news.detik.com/berita/d-5852650/sejarah-gunung-semeru-dan-asal-muasal-namanya-cek-di-sini,"
Senin, 13 Des 2021 13:11 WIB "
"CT Arsa Foundation, Dompet Amal Transmedia, berbuatbaik.id Bantu Korban Semeru",https://news.detik.com/berita/d-5852584/ct-arsa-foundation-dompet-amal-transmedia-berbuatbaik-id-bantu-korban-semeru,"
Senin, 13 Des 2021 12:37 WIB "
Total Korban Semeru yang Meninggal dan Hilang Hingga Sekarang,https://news.detik.com/berita/d-5852499/total-korban-semeru-yang-meninggal-dan-hilang-hingga-sekarang,"
Senin, 13 Des 2021 11:59 WIB "
"Satu Korban Erupsi Semeru Ditemukan Tewas Pagi Tadi, Jadi Totalnya 47",https://news.detik.com/berita-jawa-timur/d-5852478/satu-korban-erupsi-semeru-ditemukan-tewas-pagi-tadi-jadi-totalnya-47,"
Senin, 13 Des 2021 11:47 WIB "
Mengapa Gunung Semeru Erupsi? Ini Penjelasan Para Pakar,https://news.detik.com/berita/d-5852454/mengapa-gunung-semeru-erupsi-ini-penjelasan-para-pakar,"
Senin, 13 Des 2021 11:42 WIB "
Rasa Senasib Dorong Warga Lereng Merapi Klaten Bantu Korban Semeru,https://news.detik.com/berita-jawa-tengah/d-5852410/rasa-senasib-dorong-warga-lereng-merapi-klaten-bantu-korban-semeru,"
Senin, 13 Des 2021 11:21 WIB "
Elite NasDem Temui-Hibur Bocah Viral Selamatkan Diri dari Erupsi Semeru,https://news.detik.com/berita/d-5852040/elite-nasdem-temui-hibur-bocah-viral-selamatkan-diri-dari-erupsi-semeru,"
Senin, 13 Des 2021 04:46 WIB "
Komunitas Barbershop Pasuruan Gelar Cukur Massal Bantu Korban Erupsi Semeru,https://news.detik.com/berita-jawa-timur/d-5852011/komunitas-barbershop-pasuruan-gelar-cukur-massal-bantu-korban-erupsi-semeru,"
Minggu, 12 Des 2021 23:53 WIB "
Ormas MKGR Beri Beasiswa Ribuan Pelajar Terdampak Erupsi Semeru,https://news.detik.com/berita/d-5851846/ormas-mkgr-beri-beasiswa-ribuan-pelajar-terdampak-erupsi-semeru,"
Minggu, 12 Des 2021 19:17 WIB "
"Berstatus Waspada, Gunung Semeru Masih Berpotensi Muntahkan Awan Panas",https://news.detik.com/berita/d-5851843/berstatus-waspada-gunung-semeru-masih-berpotensi-muntahkan-awan-panas,"
Minggu, 12 Des 2021 19:15 WIB "
Polisi Tangkap Dua Pelaku Pencurian Alat Bengkel Bermodus COD di Jakut,https://news.detik.com/berita/d-5851821/polisi-tangkap-dua-pelaku-pencurian-alat-bengkel-bermodus-cod-di-jakut,"
Minggu, 12 Des 2021 19:11 WIB "
Banyak Mobil Bawa Bantuan untuk Korban Erupsi Semeru hingga Jalan Macet,https://news.detik.com/berita-jawa-timur/d-5851742/banyak-mobil-bawa-bantuan-untuk-korban-erupsi-semeru-hingga-jalan-macet,"
Minggu, 12 Des 2021 17:59 WIB "
PDIP Surabaya Berangkatkan Bantuan Kloter Ketiga untuk Korban Erupsi Semeru,https://news.detik.com/berita-jawa-timur/d-5851725/pdip-surabaya-berangkatkan-bantuan-kloter-ketiga-untuk-korban-erupsi-semeru,"
Minggu, 12 Des 2021 17:14 WIB "
Desember Kelabu Bagi Warga Sekitar Semeru,https://news.detik.com/berita-jawa-timur/d-5851446/desember-kelabu-bagi-warga-sekitar-semeru,"
Minggu, 12 Des 2021 13:46 WIB "
"Cuaca di Semeru Cerah, Pencarian Korban Erupsi Dilanjutkan",https://news.detik.com/berita-jawa-timur/d-5851198/cuaca-di-semeru-cerah-pencarian-korban-erupsi-dilanjutkan,"
Minggu, 12 Des 2021 10:14 WIB "
Joko Widodo dan G20,https://news.detik.com/kolom/d-5851175/joko-widodo-dan-g20,"
Minggu, 12 Des 2021 10:00 WIB "
News of the Week: Guru Perkosa Belasan Santri-Walkot Bandung Wafat,https://news.detik.com/detiktv/d-5851134/news-of-the-week-guru-perkosa-belasan-santri-walkot-bandung-wafat,"
Minggu, 12 Des 2021 09:03 WIB "
Terungkap Misteri Viral Kelebat Cahaya Merah di Semeru,https://news.detik.com/berita/d-5851131/terungkap-misteri-viral-kelebat-cahaya-merah-di-semeru,"
Minggu, 12 Des 2021 08:56 WIB "
Saat Rumini Tunjukkan Bakti Setia pada Sang Ibu Ketika Erupsi Semeru,https://news.detik.com/berita-jawa-timur/d-5851074/saat-rumini-tunjukkan-bakti-setia-pada-sang-ibu-ketika-erupsi-semeru,"
Minggu, 12 Des 2021 07:58 WIB "
Sulitnya Korban Erupsi Semeru Mengambil Bantuan di Posko Penyimpanan,https://news.detik.com/berita-jawa-timur/d-5850953/sulitnya-korban-erupsi-semeru-mengambil-bantuan-di-posko-penyimpanan,"
Minggu, 12 Des 2021 07:36 WIB "
ASN Kota Pasuruan Urunan Bantu Korban Erupsi Semeru,https://news.detik.com/berita-jawa-timur/d-5850945/asn-kota-pasuruan-urunan-bantu-korban-erupsi-semeru,"
Minggu, 12 Des 2021 00:24 WIB "
Korban Erupsi Semeru Jengkel Daerahnya Jadi Ajang Selfie-Tempat Wisata Dadakan,https://news.detik.com/berita-jawa-timur/d-5850927/korban-erupsi-semeru-jengkel-daerahnya-jadi-ajang-selfie-tempat-wisata-dadakan,"
Sabtu, 11 Des 2021 23:25 WIB "
Ini Penampakan Mobil Relawan RS UNS yang Terjebak Banjir Lahar Dingin Semeru,https://news.detik.com/berita-jawa-timur/d-5850912/ini-penampakan-mobil-relawan-rs-uns-yang-terjebak-banjir-lahar-dingin-semeru,"
Sabtu, 11 Des 2021 22:45 WIB "
"BNPB: Korban Tewas Akibat Erupsi Semeru Jadi 46 Orang, 9 Orang Hilang",https://news.detik.com/berita/d-5850868/bnpb-korban-tewas-akibat-erupsi-semeru-jadi-46-orang-9-orang-hilang,"
Sabtu, 11 Des 2021 21:35 WIB "
GoTo & YABB Salurkan Bantuan untuk Korban Erupsi Gunung Semeru,https://news.detik.com/berita/d-5850823/goto-yabb-salurkan-bantuan-untuk-korban-erupsi-gunung-semeru,"
Sabtu, 11 Des 2021 20:29 WIB "
Bantuan Korban Erupsi Semeru Terus Mengalir,https://news.detik.com/berita-jawa-timur/d-5850869/bantuan-korban-erupsi-semeru-terus-mengalir,"
Sabtu, 11 Des 2021 20:28 WIB "
Mobil Relawan UNS Solo Tertimbun Lahar Dingin Semeru Berhasil Dievakuasi,https://news.detik.com/berita-jawa-timur/d-5850798/mobil-relawan-uns-solo-tertimbun-lahar-dingin-semeru-berhasil-dievakuasi,"
Sabtu, 11 Des 2021 19:45 WIB "
Badut Bawa Es Krim Hibur Anak-anak Korban Erupsi Semeru,https://news.detik.com/berita-jawa-timur/d-5850576/badut-bawa-es-krim-hibur-anak-anak-korban-erupsi-semeru,"
Sabtu, 11 Des 2021 16:37 WIB "
"2.417 Hektare Lahan Rusak Akibat Erupsi Semeru, Ini Rinciannya",https://news.detik.com/berita/d-5850475/2-417-hektare-lahan-rusak-akibat-erupsi-semeru-ini-rinciannya,"
Sabtu, 11 Des 2021 15:27 WIB "
Ancaman Erupsi Warga Lereng Semeru Selalu Waspada Tiap Bulan Desember,https://news.detik.com/berita-jawa-timur/d-5850461/ancaman-erupsi-warga-lereng-semeru-selalu-waspada-tiap-bulan-desember,"
Sabtu, 11 Des 2021 15:12 WIB "
Murka Bupati Lumajang ke Sopir Truk yang Mau Nambang Pasir di Semeru,https://news.detik.com/berita/d-5850417/murka-bupati-lumajang-ke-sopir-truk-yang-mau-nambang-pasir-di-semeru,"
Sabtu, 11 Des 2021 14:12 WIB "
"Kisah Wagiman Alami 2 Kali Erupsi Semeru, Tahun Ini Dianggap Paling Menakutkan",https://news.detik.com/berita-jawa-timur/d-5850279/kisah-wagiman-alami-2-kali-erupsi-semeru-tahun-ini-dianggap-paling-menakutkan,"
Sabtu, 11 Des 2021 12:28 WIB "
Mbah Rono Bicara Heboh Kelebat Cahaya Merah Muncul di Gunung Semeru,https://news.detik.com/berita/d-5850251/mbah-rono-bicara-heboh-kelebat-cahaya-merah-muncul-di-gunung-semeru,"
Sabtu, 11 Des 2021 12:13 WIB "
"Kondisi Semeru Cerah, Pencarian Korban Erupsi Kembali Dilakukan di 5 Titik",https://news.detik.com/berita-jawa-timur/d-5850209/kondisi-semeru-cerah-pencarian-korban-erupsi-kembali-dilakukan-di-5-titik,"
Sabtu, 11 Des 2021 11:33 WIB "
"Penampakan Cahaya Merah di Gunung Semeru Viral, Ini Penjelasan PVMBG",https://news.detik.com/berita/d-5850198/penampakan-cahaya-merah-di-gunung-semeru-viral-ini-penjelasan-pvmbg,"
Sabtu, 11 Des 2021 11:16 WIB "
Kondisi Gunung Semeru Cerah Sepekan Usai Erupsi,https://news.detik.com/berita-jawa-timur/d-5850193/kondisi-gunung-semeru-cerah-sepekan-usai-erupsi,"
Sabtu, 11 Des 2021 11:08 WIB "
"Suka Duka Relawan Erupsi Semeru, Salat Beralaskan Terpal-Bercanda Bersama",https://news.detik.com/berita-jawa-timur/d-5850161/suka-duka-relawan-erupsi-semeru-salat-beralaskan-terpal-bercanda-bersama,"
Sabtu, 11 Des 2021 10:47 WIB "
Siswa di Kudus Gelar Salat Gaib Doakan Korban Erupsi Gunung Semeru,https://news.detik.com/berita-jawa-tengah/d-5850119/siswa-di-kudus-gelar-salat-gaib-doakan-korban-erupsi-gunung-semeru,"
Sabtu, 11 Des 2021 10:03 WIB "
"Atasi Trauma, 20 Korban Erupsi Semeru dan 4 Anak-anak Mengungsi ke Blitar",https://news.detik.com/berita-jawa-timur/d-5850115/atasi-trauma-20-korban-erupsi-semeru-dan-4-anak-anak-mengungsi-ke-blitar,"
Sabtu, 11 Des 2021 09:56 WIB "
"Sepekan Erupsi Gunung Semeru, Korban Meninggal 45 dan 9 Orang Hilang",https://news.detik.com/berita-jawa-timur/d-5850084/sepekan-erupsi-gunung-semeru-korban-meninggal-45-dan-9-orang-hilang,"
Sabtu, 11 Des 2021 09:15 WIB "
BMKG Prakirakan Cuaca Semeru Hujan Mulai Siang hingga Sore Hari,https://news.detik.com/berita-jawa-timur/d-5850077/bmkg-prakirakan-cuaca-semeru-hujan-mulai-siang-hingga-sore-hari,"
Sabtu, 11 Des 2021 09:04 WIB "
Anak-anak Korban Erupsi Semeru Nelangsa Ingin Dijemput Ortu di Pengungsian,https://news.detik.com/berita-jawa-timur/d-5850055/anak-anak-korban-erupsi-semeru-nelangsa-ingin-dijemput-ortu-di-pengungsian,"
Sabtu, 11 Des 2021 08:45 WIB "
Nasib Anak Berkerudung yang Viral Lari Menyelamatkan Diri Dari Awan Panas Semeru,https://news.detik.com/berita-jawa-timur/d-5850048/nasib-anak-berkerudung-yang-viral-lari-menyelamatkan-diri-dari-awan-panas-semeru,"
Sabtu, 11 Des 2021 08:14 WIB "
"Banyak Pikiran dan Cemas, Pengungsi Semeru Terkena Penyakit Hipertensi",https://news.detik.com/berita-jawa-timur/d-5849258/banyak-pikiran-dan-cemas-pengungsi-semeru-terkena-penyakit-hipertensi,"
Sabtu, 11 Des 2021 07:30 WIB "
Keren! Anak SD Ini Galang Dana Korban Erupsi Semeru-Sumbang Celengan,https://news.detik.com/berita-jawa-tengah/d-5849987/keren-anak-sd-ini-galang-dana-korban-erupsi-semeru-sumbang-celengan,"
Sabtu, 11 Des 2021 06:00 WIB "
Dukcapil Cetak 960 Dokumen Kependudukan Korban Erupasi Semeru yang Hilang,https://news.detik.com/berita/d-5849993/dukcapil-cetak-960-dokumen-kependudukan-korban-erupasi-semeru-yang-hilang,"
Sabtu, 11 Des 2021 05:20 WIB "
"Banjir Lahar Dingin Semeru Kembali Meluber, Warga Minta Tanggul Diperbaiki",https://news.detik.com/berita-jawa-timur/d-5849925/banjir-lahar-dingin-semeru-kembali-meluber-warga-minta-tanggul-diperbaiki,"
Jumat, 10 Des 2021 22:17 WIB "
Satgas soal Kendala Penanganan Erupsi Semeru: Sungai Berasap-Kendaraan Relawan,https://news.detik.com/berita/d-5849813/satgas-soal-kendala-penanganan-erupsi-semeru-sungai-berasap-kendaraan-relawan,"
Jumat, 10 Des 2021 20:31 WIB "
"Penjarah Rumah Pengungsi Semeru Tertangkap, Pelaku Sempat Dimassa",https://news.detik.com/berita-jawa-timur/d-5849805/penjarah-rumah-pengungsi-semeru-tertangkap-pelaku-sempat-dimassa,"
Jumat, 10 Des 2021 20:25 WIB "
"Mendesak! Pengungsi Erupsi Semeru Butuh Air Bersih, Kasur-Pakaian Dalam",https://news.detik.com/berita/d-5849695/mendesak-pengungsi-erupsi-semeru-butuh-air-bersih-kasur-pakaian-dalam,"
Jumat, 10 Des 2021 19:18 WIB "
Update Bencana Erupsi Semeru: Meninggal 45 Orang,https://news.detik.com/berita/d-5849649/update-bencana-erupsi-semeru-meninggal-45-orang,"
Jumat, 10 Des 2021 18:38 WIB "
Korban Erupsi Semeru Dapat Bantuan Perlengkapan Salat dari Kota Probolinggo,https://news.detik.com/berita-jawa-timur/d-5849541/korban-erupsi-semeru-dapat-bantuan-perlengkapan-salat-dari-kota-probolinggo,"
Jumat, 10 Des 2021 17:37 WIB "
"Silaturahmi ke Sejumlah Ponpes di Jatim, Zulhas Bantah untuk Pilpres 2024",https://news.detik.com/berita-jawa-timur/d-5849506/silaturahmi-ke-sejumlah-ponpes-di-jatim-zulhas-bantah-untuk-pilpres-2024,"
Jumat, 10 Des 2021 17:25 WIB "
Korban Erupsi Semeru Minta Bu Risma Bangun Musala di Pengungsian,https://news.detik.com/berita-jawa-timur/d-5849353/korban-erupsi-semeru-minta-bu-risma-bangun-musala-di-pengungsian,"
Jumat, 10 Des 2021 16:07 WIB "
Anak Kerudung Hijau yang Lari Saat Erupsi Semeru Selamat Berlindung di Masjid,https://news.detik.com/berita-jawa-timur/d-5849336/anak-kerudung-hijau-yang-lari-saat-erupsi-semeru-selamat-berlindung-di-masjid,"
Jumat, 10 Des 2021 16:01 WIB "
"Pemprov Kalteng Salurkan Bantuan Rp 7,5 M untuk Korban Erupsi Semeru",https://news.detik.com/berita/d-5849310/pemprov-kalteng-salurkan-bantuan-rp-7-5-m-untuk-korban-erupsi-semeru,"
Jumat, 10 Des 2021 15:45 WIB "
Kisah di Balik Video Anak Berkerudung Hijau yang Lari Saat Erupsi Semeru,https://news.detik.com/berita-jawa-timur/d-5849283/kisah-di-balik-video-anak-berkerudung-hijau-yang-lari-saat-erupsi-semeru,"
Jumat, 10 Des 2021 15:25 WIB "
Korban Erupsi Semeru Butuh Perlengkapan Salat dan Mainan Anak,https://news.detik.com/berita-jawa-timur/d-5849254/korban-erupsi-semeru-butuh-perlengkapan-salat-dan-mainan-anak,"
Jumat, 10 Des 2021 15:11 WIB "
"Video Anak Berkerudung Hijau Lari Kencang Saat Erupsi Semeru, Siapa Dia?",https://news.detik.com/berita-jawa-timur/d-5849196/video-anak-berkerudung-hijau-lari-kencang-saat-erupsi-semeru-siapa-dia,"
Jumat, 10 Des 2021 14:31 WIB "
Lumajang Setop Bantuan Pakaian Bekas untuk Korban Erupsi Semeru,https://news.detik.com/berita-jawa-timur/d-5849140/lumajang-setop-bantuan-pakaian-bekas-untuk-korban-erupsi-semeru,"
Jumat, 10 Des 2021 14:01 WIB "
"Warga Lempar Kertas ke Jokowi di Tengah Penjagaan Paspampres, Apa Isinya?",https://news.detik.com/berita/d-5849039/warga-lempar-kertas-ke-jokowi-di-tengah-penjagaan-paspampres-apa-isinya,"
Jumat, 10 Des 2021 13:14 WIB "
"Sampah Menggunung Jadi Masalah di Pengungsian Semeru, Khofifah Kirim Dump Truk",https://news.detik.com/berita-jawa-timur/d-5849005/sampah-menggunung-jadi-masalah-di-pengungsian-semeru-khofifah-kirim-dump-truk,"
Jumat, 10 Des 2021 12:50 WIB "
Warga Ini Kehilangan 17 Ekor Kucing Peliharaannya Saat Erupsi Semeru,https://news.detik.com/berita-jawa-timur/d-5848979/warga-ini-kehilangan-17-ekor-kucing-peliharaannya-saat-erupsi-semeru,"
Jumat, 10 Des 2021 12:36 WIB "
Anak-anak Korban Erupsi Semeru Kerap Menyendiri karena Kehilangan Ayah-Ibunya,https://news.detik.com/berita-jawa-timur/d-5848910/anak-anak-korban-erupsi-semeru-kerap-menyendiri-karena-kehilangan-ayah-ibunya,"
Jumat, 10 Des 2021 11:23 WIB "
"Logistik Tercukupi, Ternyata Ini yang Lebih Dibutuhkan Pengungsi Semeru",https://news.detik.com/berita-jawa-timur/d-5848839/logistik-tercukupi-ternyata-ini-yang-lebih-dibutuhkan-pengungsi-semeru,"
Jumat, 10 Des 2021 10:44 WIB "
Pengungsi Erupsi Semeru Mulai Terserang ISPA dan Mata Merah,https://news.detik.com/berita-jawa-timur/d-5848815/pengungsi-erupsi-semeru-mulai-terserang-ispa-dan-mata-merah,"
Jumat, 10 Des 2021 10:28 WIB "
Semeru 'Batuk' Lagi Pagi Ini,https://news.detik.com/berita-jawa-timur/d-5848757/semeru-batuk-lagi-pagi-ini,"
Jumat, 10 Des 2021 09:58 WIB "
Kawasan yang Dilewati Lahar Gunung Semeru Akan Diberi Penanda,https://news.detik.com/berita-jawa-timur/d-5848736/kawasan-yang-dilewati-lahar-gunung-semeru-akan-diberi-penanda,"
Jumat, 10 Des 2021 09:45 WIB "
Pantauan Udara Kondisi Gunung Semeru Usai Erupsi,https://news.detik.com/berita-jawa-timur/d-5848705/pantauan-udara-kondisi-gunung-semeru-usai-erupsi,"
Jumat, 10 Des 2021 09:18 WIB "
"Jalan Longsor Belum Diperbaiki, Ke Bromo Lewat Pasuruan Bisa Pilih Jalur Ini",https://news.detik.com/berita-jawa-timur/d-5848632/jalan-longsor-belum-diperbaiki-ke-bromo-lewat-pasuruan-bisa-pilih-jalur-ini,"
Jumat, 10 Des 2021 08:29 WIB "
"Tak Terdampak Erupsi Semeru, Wisata Bromo Masih Buka",https://news.detik.com/berita-jawa-timur/d-5848619/tak-terdampak-erupsi-semeru-wisata-bromo-masih-buka,"
Jumat, 10 Des 2021 07:55 WIB "
"Kolaborasi dengan Baznas, PKK Sidoarjo Salurkan Bantuan Pendidikan 300 Juta",https://news.detik.com/berita-jawa-timur/d-5848457/kolaborasi-dengan-baznas-pkk-sidoarjo-salurkan-bantuan-pendidikan-300-juta,"
Kamis, 09 Des 2021 22:19 WIB "
Kucing-kucing Ini Selamat dari Erupsi Gunung Semeru,https://news.detik.com/berita-jawa-timur/d-5848443/kucing-kucing-ini-selamat-dari-erupsi-gunung-semeru,"
Kamis, 09 Des 2021 21:51 WIB "
Detik-detik Mobil Satgas UNS Tertimbun Lahar Semeru Saat Evakuasi Warga,https://news.detik.com/berita-jawa-tengah/d-5848342/detik-detik-mobil-satgas-uns-tertimbun-lahar-semeru-saat-evakuasi-warga,"
Kamis, 09 Des 2021 20:40 WIB "
Update Korban Jiwa Erupsi Semeru: 43 Orang Meninggal,https://news.detik.com/berita-jawa-timur/d-5848244/update-korban-jiwa-erupsi-semeru-43-orang-meninggal,"
Kamis, 09 Des 2021 19:25 WIB "
Aksi Galang Dana Erupsi Semeru yang Tak Kantongi Izin di Banyuwangi Ditertibkan,https://news.detik.com/berita-jawa-timur/d-5848161/aksi-galang-dana-erupsi-semeru-yang-tak-kantongi-izin-di-banyuwangi-ditertibkan,"
Kamis, 09 Des 2021 18:46 WIB "
"Data Korban Semeru 2021 Per 9 Desember, Cek di Sini",https://news.detik.com/berita/d-5848056/data-korban-semeru-2021-per-9-desember-cek-di-sini,"
Kamis, 09 Des 2021 17:35 WIB "
Siswa Sekolah di Lereng Bromo Galang Bantuan Korban Semeru,https://news.detik.com/berita-jawa-timur/d-5848004/siswa-sekolah-di-lereng-bromo-galang-bantuan-korban-semeru,"
Kamis, 09 Des 2021 17:21 WIB "
"Peduli Korban Erupsi Semeru, CT ARSA Foundation Salurkan 1.000 Paket Sembako",https://news.detik.com/berita-jawa-timur/d-5847964/peduli-korban-erupsi-semeru-ct-arsa-foundation-salurkan-1-000-paket-sembako,"
Kamis, 09 Des 2021 16:55 WIB "
Berita Erupsi Gunung Semeru 2021 Terkini: Korban-Kondisi Kawah,https://news.detik.com/berita/d-5847974/berita-erupsi-gunung-semeru-2021-terkini-korban-kondisi-kawah,"
Kamis, 09 Des 2021 16:52 WIB "
"Soal Potensi Banjir Rob 18-22 Desember, Pemprov DKI Siapkan Antisipasi",https://news.detik.com/berita/d-5847922/soal-potensi-banjir-rob-18-22-desember-pemprov-dki-siapkan-antisipasi,"
Kamis, 09 Des 2021 16:32 WIB "
Banjir Lahar Dingin Semeru Timbun Mobil Relawan RS UNS,https://news.detik.com/berita-jawa-timur/d-5847894/banjir-lahar-dingin-semeru-timbun-mobil-relawan-rs-uns,"
Kamis, 09 Des 2021 16:18 WIB "
"Jalan Masuk Alun-alun Kota Tegal Ditutup, Paguyuban Ungkap Dampaknya",https://news.detik.com/berita-jawa-tengah/d-5847854/jalan-masuk-alun-alun-kota-tegal-ditutup-paguyuban-ungkap-dampaknya,"
Kamis, 09 Des 2021 15:59 WIB "
"Rumah Pengungsi Erupsi Gunung Semeru Dijarah, Polisi: Tidak Ada, Hoaks",https://news.detik.com/berita-jawa-timur/d-5847830/rumah-pengungsi-erupsi-gunung-semeru-dijarah-polisi-tidak-ada-hoaks,"
Kamis, 09 Des 2021 15:48 WIB "
Korban Meninggal Imbas Erupsi Semeru Bertambah Jadi 43 Orang,https://news.detik.com/berita/d-5847772/korban-meninggal-imbas-erupsi-semeru-bertambah-jadi-43-orang,"
Kamis, 09 Des 2021 15:20 WIB "
Ajaib! Ikan Mas Jumbo Ini Selamat dari Terjangan Erupsi Semeru,https://news.detik.com/berita-jawa-timur/d-5847751/ajaib-ikan-mas-jumbo-ini-selamat-dari-terjangan-erupsi-semeru,"
Kamis, 09 Des 2021 15:00 WIB "
"Trauma Erupsi Semeru, 12 Korban Mengungsi ke Probolinggo",https://news.detik.com/berita-jawa-timur/d-5847709/trauma-erupsi-semeru-12-korban-mengungsi-ke-probolinggo,"
Kamis, 09 Des 2021 14:31 WIB "
Kompor Gas hingga Ayam Warga Terdampak Erupsi Semeru Hilang Dijarah,https://news.detik.com/berita-jawa-timur/d-5847686/kompor-gas-hingga-ayam-warga-terdampak-erupsi-semeru-hilang-dijarah,"
Kamis, 09 Des 2021 14:13 WIB "
Kemensos Bagikan Belasan Ribu Nasi Bungkus untuk Korban Erupsi Semeru,https://news.detik.com/berita-jawa-timur/d-5847674/kemensos-bagikan-belasan-ribu-nasi-bungkus-untuk-korban-erupsi-semeru,"
Kamis, 09 Des 2021 14:00 WIB "
"Rumini Meninggal Memeluk Ibu Saat Erupsi Semeru, Al-Fatihah Mengalir dari Netizen",https://news.detik.com/berita-jawa-timur/d-5847594/rumini-meninggal-memeluk-ibu-saat-erupsi-semeru-al-fatihah-mengalir-dari-netizen,"
Kamis, 09 Des 2021 13:21 WIB "
"Kondisi Semeru Terkini, Asap Putih Masih Keluar dari Kawah",https://news.detik.com/berita-jawa-timur/d-5847535/kondisi-semeru-terkini-asap-putih-masih-keluar-dari-kawah,"
Kamis, 09 Des 2021 12:53 WIB "
"Keterlaluan, Rumah Pengungsi Erupsi Gunung Semeru Dijarah",https://news.detik.com/berita-jawa-timur/d-5847429/keterlaluan-rumah-pengungsi-erupsi-gunung-semeru-dijarah,"
Kamis, 09 Des 2021 11:50 WIB "
Pakar Geologi Buka-bukaan Soal Penyebab Erupsi Gunung Semeru,https://news.detik.com/berita-jawa-timur/d-5847366/pakar-geologi-buka-bukaan-soal-penyebab-erupsi-gunung-semeru,"
Kamis, 09 Des 2021 11:17 WIB "
Saat Hewan-hewan Ternak jadi Korban Erupsi Semeru Juga Diperlakukan Baik,https://news.detik.com/berita-jawa-timur/d-5847323/saat-hewan-hewan-ternak-jadi-korban-erupsi-semeru-juga-diperlakukan-baik,"
Kamis, 09 Des 2021 10:47 WIB "
"Jadi Wisata Dadakan, Khofifah Imbau Masyarakat Tak Selfie di Zona Merah Semeru",https://news.detik.com/berita-jawa-timur/d-5847266/jadi-wisata-dadakan-khofifah-imbau-masyarakat-tak-selfie-di-zona-merah-semeru,"
Kamis, 09 Des 2021 10:06 WIB "
"Peternak Ayam Layer Blitar Kirim 1,5 Ton Telur-Sembako ke Korban Erupsi Semeru",https://news.detik.com/berita-jawa-timur/d-5847224/peternak-ayam-layer-blitar-kirim-1-5-ton-telur-sembako-ke-korban-erupsi-semeru,"
Kamis, 09 Des 2021 09:31 WIB "
Pelukan Terakhir Rumini ke Suami Sebelum Ditemukan Tiada Dekap Sang Ibu,https://news.detik.com/berita-jawa-timur/d-5847179/pelukan-terakhir-rumini-ke-suami-sebelum-ditemukan-tiada-dekap-sang-ibu,"
Kamis, 09 Des 2021 08:48 WIB "
"Update Erupsi Semeru: Korban Tewas 39, Hilang 13, 6.022 Mengungsi",https://news.detik.com/berita/d-5847129/update-erupsi-semeru-korban-tewas-39-hilang-13-6-022-mengungsi,"
Kamis, 09 Des 2021 08:25 WIB "
75 Polwan Beri Trauma Healing Korban Erupsi Semeru,https://news.detik.com/berita/d-5847022/75-polwan-beri-trauma-healing-korban-erupsi-semeru,"
Kamis, 09 Des 2021 01:25 WIB "
"Turut Prihatin, Sido Muncul Kirim Bantuan untuk Korban Erupsi Semeru",https://news.detik.com/adv-nhl-detikcom/d-5846710/turut-prihatin-sido-muncul-kirim-bantuan-untuk-korban-erupsi-semeru,"
Kamis, 09 Des 2021 00:00 WIB "
Gaji 6 Bulan Ketua MPR Didonasikan untuk Korban Erupsi Semeru,https://news.detik.com/berita/d-5846967/gaji-6-bulan-ketua-mpr-didonasikan-untuk-korban-erupsi-semeru,"
Rabu, 08 Des 2021 23:06 WIB "
5.191 Warga di Pengungsian Semeru Mendesak Butuh Bantuan Ini,https://news.detik.com/berita-jawa-timur/d-5846925/5-191-warga-di-pengungsian-semeru-mendesak-butuh-bantuan-ini,"
Rabu, 08 Des 2021 22:11 WIB "
"Rahasia Ilahi, Rumah Ini Utuh di Tengah Bangunan Rusak Diterjang Erupsi Semeru",https://news.detik.com/berita-jawa-timur/d-5846912/rahasia-ilahi-rumah-ini-utuh-di-tengah-bangunan-rusak-diterjang-erupsi-semeru,"
Rabu, 08 Des 2021 21:36 WIB "
Ternak Warga Terdampak Erupsi Semeru Kini Tak kelaparan Lagi,https://news.detik.com/berita-jawa-timur/d-5846902/ternak-warga-terdampak-erupsi-semeru-kini-tak-kelaparan-lagi,"
Rabu, 08 Des 2021 21:24 WIB "
MIND ID Turunkan Tim Tanggap Darurat Bantu Korban Erupsi Semeru,https://news.detik.com/berita/d-5846860/mind-id-turunkan-tim-tanggap-darurat-bantu-korban-erupsi-semeru,"
Rabu, 08 Des 2021 20:58 WIB "
Update Korban Erupsi Semeru: 39 Orang Meninggal,https://news.detik.com/berita-jawa-timur/d-5846787/update-korban-erupsi-semeru-39-orang-meninggal,"
Rabu, 08 Des 2021 20:20 WIB "
"Bantu Korban Erupsi Semeru, Brantas Abipraya Kirim Alat Berat-Logistik",https://news.detik.com/berita/d-5846757/bantu-korban-erupsi-semeru-brantas-abipraya-kirim-alat-berat-logistik,"
Rabu, 08 Des 2021 20:11 WIB "
Sembako Hingga Jas Hujan Digelontor untuk Korban Erupsi Semeru,https://news.detik.com/berita-jawa-timur/d-5846861/sembako-hingga-jas-hujan-digelontor-untuk-korban-erupsi-semeru,"
Rabu, 08 Des 2021 19:59 WIB "
Tim Posko Center PPP Tembus Lokasi Tersulit di Lereng Semeru,https://news.detik.com/berita/d-5846731/tim-posko-center-ppp-tembus-lokasi-tersulit-di-lereng-semeru,"
Rabu, 08 Des 2021 19:48 WIB "
Saat Para Relawan Berjuang Selamatkan Hewan Korban Erupsi Semeru,https://news.detik.com/berita-jawa-timur/d-5846727/saat-para-relawan-berjuang-selamatkan-hewan-korban-erupsi-semeru,"
Rabu, 08 Des 2021 19:46 WIB "
Relawan di Semarang Deklarasi Dukung Airlangga Hartarto Maju Pilpres,https://news.detik.com/berita-jawa-tengah/d-5846718/relawan-di-semarang-deklarasi-dukung-airlangga-hartarto-maju-pilpres,"
Rabu, 08 Des 2021 19:29 WIB "
Lokasi Terdampak Erupsi Semeru Jadi Tontonan 'Wisatawan' Lokal dan Luar Kota,https://news.detik.com/berita-jawa-timur/d-5846663/lokasi-terdampak-erupsi-semeru-jadi-tontonan-wisatawan-lokal-dan-luar-kota,"
Rabu, 08 Des 2021 18:53 WIB "
Mahasiswa UM Surabaya Diajak Jadi Relawan Erupsi Semeru,https://news.detik.com/berita-jawa-timur/d-5846609/mahasiswa-um-surabaya-diajak-jadi-relawan-erupsi-semeru,"
Rabu, 08 Des 2021 18:33 WIB "
Relawan Ganjar Bangun Dapur Umum di Lokasi Pengungsian Erupsi Semeru,https://news.detik.com/berita/d-5846473/relawan-ganjar-bangun-dapur-umum-di-lokasi-pengungsian-erupsi-semeru,"
Rabu, 08 Des 2021 17:20 WIB "
Tempat Penyimpanan Jenazah Korban Erupsi Semeru Sempat Kekurangan,https://news.detik.com/berita-jawa-timur/d-5846621/tempat-penyimpanan-jenazah-korban-erupsi-semeru-sempat-kekurangan,"
Rabu, 08 Des 2021 17:19 WIB "
LA Mania Hingga Pelajar Turun Jalan Galang Dana untuk Korban Semeru,https://news.detik.com/berita-jawa-timur/d-5846426/la-mania-hingga-pelajar-turun-jalan-galang-dana-untuk-korban-semeru,"
Rabu, 08 Des 2021 16:53 WIB "
Golkar Jatim Usul Program Padat Karya untuk Korban Terdampak Semeru,https://news.detik.com/berita-jawa-timur/d-5846299/golkar-jatim-usul-program-padat-karya-untuk-korban-terdampak-semeru,"
Rabu, 08 Des 2021 15:00 WIB "
Polda Jatim Kirim Alat Berat-Cold Storage untuk Pencarian Korban Erupsi Semeru,https://news.detik.com/berita-jawa-timur/d-5846191/polda-jatim-kirim-alat-berat-cold-storage-untuk-pencarian-korban-erupsi-semeru,"
Rabu, 08 Des 2021 14:51 WIB "
Baguna PDIP Surabaya Gelar Baksos Kesehatan di Desa Terdampak Erupsi Semeru,https://news.detik.com/berita-jawa-timur/d-5846184/baguna-pdip-surabaya-gelar-baksos-kesehatan-di-desa-terdampak-erupsi-semeru,"
Rabu, 08 Des 2021 14:45 WIB "
Korban Semeru yang Tak Tinggal di Pengungsian Mengeluh Hanya Dapat 5 Mi Instant,https://news.detik.com/berita-jawa-timur/d-5846064/korban-semeru-yang-tak-tinggal-di-pengungsian-mengeluh-hanya-dapat-5-mi-instant,"
Rabu, 08 Des 2021 13:59 WIB "
Berapa Korban Gunung Semeru Sekarang? Ini Data Terbarunya,https://news.detik.com/berita/d-5845978/berapa-korban-gunung-semeru-sekarang-ini-data-terbarunya,"
Rabu, 08 Des 2021 13:16 WIB "
Pencarian Korban Erupsi Semeru Dilanjutkan di Dusun Curah Kobokan,https://news.detik.com/berita-jawa-timur/d-5845929/pencarian-korban-erupsi-semeru-dilanjutkan-di-dusun-curah-kobokan,"
Rabu, 08 Des 2021 12:46 WIB "
"Banjir Lahar Dingin Semeru Meluber Karena Tanggul Jebol, Warga Minta Diperbaiki",https://news.detik.com/berita-jawa-timur/d-5845894/banjir-lahar-dingin-semeru-meluber-karena-tanggul-jebol-warga-minta-diperbaiki,"
Rabu, 08 Des 2021 12:33 WIB "
Polisi Sidoarjo Kirim Bantuan Warga Terdampak Erupsi Semeru,https://news.detik.com/berita-jawa-timur/d-5845952/polisi-sidoarjo-kirim-bantuan-warga-terdampak-erupsi-semeru,"
Rabu, 08 Des 2021 12:18 WIB "
"Dusun Renteng Diguyur Hujan, Pencarian Korban Erupsi Semeru Sempat Dihentikan",https://news.detik.com/berita-jawa-timur/d-5845857/dusun-renteng-diguyur-hujan-pencarian-korban-erupsi-semeru-sempat-dihentikan,"
Rabu, 08 Des 2021 12:01 WIB "
HMI Kritik Risma yang Kais Batu dengan Tangan di Lokasi Erupsi Semeru,https://news.detik.com/berita/d-5845837/hmi-kritik-risma-yang-kais-batu-dengan-tangan-di-lokasi-erupsi-semeru,"
Rabu, 08 Des 2021 12:00 WIB "
"Banjir Lahar Dingin Semeru Kembali Terjadi di Kamar Kajang, Rumah Tertimbun",https://news.detik.com/berita-jawa-timur/d-5845816/banjir-lahar-dingin-semeru-kembali-terjadi-di-kamar-kajang-rumah-tertimbun,"
Rabu, 08 Des 2021 11:44 WIB "
Banyuwangi Buka Posko Bantuan Erupsi Gunung Semeru,https://news.detik.com/berita-jawa-timur/d-5845803/banyuwangi-buka-posko-bantuan-erupsi-gunung-semeru,"
Rabu, 08 Des 2021 11:16 WIB "
Gunung Semeru Kembali Erupsi Dini Hari Tadi,https://news.detik.com/berita-jawa-timur/d-5845744/gunung-semeru-kembali-erupsi-dini-hari-tadi,"
Rabu, 08 Des 2021 10:51 WIB "
Bakti Rumini ke Ibunya hingga Akhir Hayat Ditemukan Meninggal Berpelukan Saat Erupsi,https://news.detik.com/berita-jawa-timur/d-5845579/bakti-rumini-ke-ibunya-hingga-akhir-hayat-ditemukan-meninggal-berpelukan-saat-erupsi,"
Rabu, 08 Des 2021 09:10 WIB "
Anak-anak Korban Erupsi Gunung Semeru Dapat Trauma Healing,https://news.detik.com/berita-jawa-timur/d-5845518/anak-anak-korban-erupsi-gunung-semeru-dapat-trauma-healing,"
Rabu, 08 Des 2021 08:35 WIB "
Waketum PKB Duga Bakal Ada Kejutan soal Reshuffle Kabinet,https://news.detik.com/berita/d-5845515/waketum-pkb-duga-bakal-ada-kejutan-soal-reshuffle-kabinet,"
Rabu, 08 Des 2021 08:30 WIB "
Relawan Erupsi Semeru Saat Ini Butuh Banget Bantuan Sepatu Boot,https://news.detik.com/berita-jawa-timur/d-5845375/relawan-erupsi-semeru-saat-ini-butuh-banget-bantuan-sepatu-boot,"
Selasa, 07 Des 2021 23:23 WIB "
Korban Meninggal Erupsi Semeru yang Teridentifikasi Bertambah,https://news.detik.com/berita-jawa-timur/d-5845367/korban-meninggal-erupsi-semeru-yang-teridentifikasi-bertambah,"
Selasa, 07 Des 2021 23:00 WIB "
Ketua MPR Beri Apresiasi BNPB Tangani Korban Erupsi Semeru,https://news.detik.com/berita/d-5845343/ketua-mpr-beri-apresiasi-bnpb-tangani-korban-erupsi-semeru,"
Selasa, 07 Des 2021 22:26 WIB "
Pakar Kebencanaan UGM Puji Ganjar Kirim Bantuan ke Korban Semeru,https://news.detik.com/berita/d-5845330/pakar-kebencanaan-ugm-puji-ganjar-kirim-bantuan-ke-korban-semeru,"
Selasa, 07 Des 2021 22:16 WIB "
Pesan Terakhir Rumini ke Suami Sebelum Tewas Memeluk Ibu Saat Erupsi,https://news.detik.com/berita-jawa-timur/d-5845312/pesan-terakhir-rumini-ke-suami-sebelum-tewas-memeluk-ibu-saat-erupsi,"
Selasa, 07 Des 2021 22:00 WIB "
Gunung Semeru Dilaporkan Erupsi 3 Kali Hari Ini,https://news.detik.com/berita-jawa-timur/d-5845304/gunung-semeru-dilaporkan-erupsi-3-kali-hari-ini,"
Selasa, 07 Des 2021 21:50 WIB "
Pencarian Korban Terkendala Pasir Erupsi Semeru yang Masih Panas,https://news.detik.com/berita/d-5845275/pencarian-korban-terkendala-pasir-erupsi-semeru-yang-masih-panas,"
Selasa, 07 Des 2021 21:18 WIB "
"Jika Bisa Mengulang Waktu, Ini yang Ingin Dilakukan Suami Rumini",https://news.detik.com/berita-jawa-timur/d-5845274/jika-bisa-mengulang-waktu-ini-yang-ingin-dilakukan-suami-rumini,"
Selasa, 07 Des 2021 21:16 WIB "
"5.205 Rumah Terdampak Erupsi Semeru, 4.250 Orang Mengungsi",https://news.detik.com/berita/d-5845259/5-205-rumah-terdampak-erupsi-semeru-4-250-orang-mengungsi,"
Selasa, 07 Des 2021 20:56 WIB "
Sikap Manja Rumini ke Suami Sebelum Tewas Memeluk Sang Ibu,https://news.detik.com/berita-jawa-timur/d-5845220/sikap-manja-rumini-ke-suami-sebelum-tewas-memeluk-sang-ibu,"
Selasa, 07 Des 2021 20:35 WIB "
112 Gardu Listrik Mati Imbas Erupsi Semeru Telah Dipulihkan,https://news.detik.com/berita/d-5845209/112-gardu-listrik-mati-imbas-erupsi-semeru-telah-dipulihkan,"
Selasa, 07 Des 2021 20:27 WIB "
"PPKM Level 3 Nataru Dibatalkan, Pemprov Jatim Tunggu Aturan Pusat",https://news.detik.com/berita-jawa-timur/d-5845176/ppkm-level-3-nataru-dibatalkan-pemprov-jatim-tunggu-aturan-pusat,"
Selasa, 07 Des 2021 20:16 WIB "
Tim SAR Tindak Lanjut Penemuan Potongan Kaki di Kampung Renteng Lumajang,https://news.detik.com/berita-jawa-timur/d-5845100/tim-sar-tindak-lanjut-penemuan-potongan-kaki-di-kampung-renteng-lumajang,"
Selasa, 07 Des 2021 19:33 WIB "
Pengakuan Briptu Ismail soal Aksi Heroik Saat Detik-detik Erupsi Semeru,https://news.detik.com/berita-jawa-timur/d-5845018/pengakuan-briptu-ismail-soal-aksi-heroik-saat-detik-detik-erupsi-semeru,"
Selasa, 07 Des 2021 18:42 WIB "
3 Truk Bantuan dari Banyuwangi Disalurkan untuk Korban Erupsi Semeru,https://news.detik.com/berita-jawa-timur/d-5844981/3-truk-bantuan-dari-banyuwangi-disalurkan-untuk-korban-erupsi-semeru,"
Selasa, 07 Des 2021 18:24 WIB "
Operator Tambang Emas Banyuwangi Peduli Warga Terdampak Erupsi Semeru,https://news.detik.com/berita-jawa-timur/d-5845082/operator-tambang-emas-banyuwangi-peduli-warga-terdampak-erupsi-semeru,"
Selasa, 07 Des 2021 17:53 WIB "
Ini Polisi yang Aksi Heroik Saat Detik-detik Erupsi Semeru,https://news.detik.com/berita-jawa-timur/d-5844868/ini-polisi-yang-aksi-heroik-saat-detik-detik-erupsi-semeru,"
Selasa, 07 Des 2021 17:42 WIB "
Moeldoko Kirim Ribuan Makanan Siap Saji ke Korban Erupsi Semeru,https://news.detik.com/berita-jawa-tengah/d-5844756/moeldoko-kirim-ribuan-makanan-siap-saji-ke-korban-erupsi-semeru,"
Selasa, 07 Des 2021 17:10 WIB "
Saat Suara 'Petir' dari Gunung Semeru Kagetkan Paspampres Jokowi,https://news.detik.com/berita-jawa-timur/d-5844744/saat-suara-petir-dari-gunung-semeru-kagetkan-paspampres-jokowi,"
Selasa, 07 Des 2021 17:03 WIB "
"Pegadaian Kirim Sembako-Obat, Bantu Korban Erupsi Semeru",https://news.detik.com/berita/d-5844743/pegadaian-kirim-sembako-obat-bantu-korban-erupsi-semeru,"
Selasa, 07 Des 2021 17:02 WIB "
Korban Meninggal Erupsi Gunung Semeru Tambah Jadi 34 Orang,https://news.detik.com/berita/d-5844739/korban-meninggal-erupsi-gunung-semeru-tambah-jadi-34-orang,"
Selasa, 07 Des 2021 16:58 WIB "
"Update Korban Jiwa Erupsi Semeru, 30 Orang Meninggal",https://news.detik.com/berita-jawa-timur/d-5844733/update-korban-jiwa-erupsi-semeru-30-orang-meninggal,"
Selasa, 07 Des 2021 16:56 WIB "
"Ganjar Minta Setop, Pertambangan di Sungai Klaten Berhulu Merapi Tetap Jalan",https://news.detik.com/berita-jawa-tengah/d-5844724/ganjar-minta-setop-pertambangan-di-sungai-klaten-berhulu-merapi-tetap-jalan,"
Selasa, 07 Des 2021 16:48 WIB "
Erupsi Semeru Rusak Kebun Salak Milik Warga,https://news.detik.com/berita-jawa-timur/d-5844717/erupsi-semeru-rusak-kebun-salak-milik-warga,"
Selasa, 07 Des 2021 16:46 WIB "
Kabar Terkini Gunung Semeru Lumajang dan Arahan Terbaru Jokowi,https://news.detik.com/berita/d-5844709/kabar-terkini-gunung-semeru-lumajang-dan-arahan-terbaru-jokowi,"
Selasa, 07 Des 2021 16:41 WIB "
Jokowi Berikan Jaket yang Dipakai ke Korban Erupsi Gunung Semeru,https://news.detik.com/berita-jawa-timur/d-5844664/jokowi-berikan-jaket-yang-dipakai-ke-korban-erupsi-gunung-semeru,"
Selasa, 07 Des 2021 16:18 WIB "
Sejarah Letusan Semeru Sejak 1818 Hingga Sekarang,https://news.detik.com/berita/d-5844601/sejarah-letusan-semeru-sejak-1818-hingga-sekarang,"
Selasa, 07 Des 2021 15:47 WIB "
"Jembatan Lumajang-Malang Ambruk Saat Erupsi Semeru, Jokowi Minta Dibangun Lagi",https://news.detik.com/berita-jawa-timur/d-5844493/jembatan-lumajang-malang-ambruk-saat-erupsi-semeru-jokowi-minta-dibangun-lagi,"
Selasa, 07 Des 2021 15:13 WIB "
Warga Semeru Mulai Bersihkan Rumah dari Guyuran Abu Vulkanik,https://news.detik.com/berita-jawa-timur/d-5844482/warga-semeru-mulai-bersihkan-rumah-dari-guyuran-abu-vulkanik,"
Selasa, 07 Des 2021 15:04 WIB "
Cerita Warga ke Jokowi Soal Ngerinya Detik-detik Gunung Semeru Erupsi,https://news.detik.com/berita/d-5844467/cerita-warga-ke-jokowi-soal-ngerinya-detik-detik-gunung-semeru-erupsi,"
Selasa, 07 Des 2021 14:57 WIB "
"Semeru Sempat Erupsi Dini Hari, Kolom Abu Setinggi 1 Km",https://news.detik.com/berita-jawa-timur/d-5844367/semeru-sempat-erupsi-dini-hari-kolom-abu-setinggi-1-km,"
Selasa, 07 Des 2021 14:20 WIB "
Rumini Pilih Temani Ibu Saat Erupsi Semeru hingga Keduanya Tewas Berpelukan,https://news.detik.com/berita-jawa-timur/d-5844339/rumini-pilih-temani-ibu-saat-erupsi-semeru-hingga-keduanya-tewas-berpelukan,"
Selasa, 07 Des 2021 14:08 WIB "
Sahabat Ganjar Beri Makanan hingga Pakaian ke Korban Erupsi Semeru,https://news.detik.com/berita/d-5844331/sahabat-ganjar-beri-makanan-hingga-pakaian-ke-korban-erupsi-semeru,"
Selasa, 07 Des 2021 14:04 WIB "
Jokowi Serahkan Santunan ke Ahli Waris Korban Meninggal Akibat Erupsi Semeru,https://news.detik.com/berita/d-5844315/jokowi-serahkan-santunan-ke-ahli-waris-korban-meninggal-akibat-erupsi-semeru,"
Selasa, 07 Des 2021 13:54 WIB "
Jokowi Akan Relokasi 2.000 Rumah Terdampak Erupsi Semeru,https://news.detik.com/berita-jawa-timur/d-5844254/jokowi-akan-relokasi-2-000-rumah-terdampak-erupsi-semeru,"
Selasa, 07 Des 2021 13:28 WIB "
Ketum PKBÂ Soroti MinimnyaÂ Sistem Peringatan Dini di Daerah Rawan Bencana,https://news.detik.com/berita/d-5844224/ketum-pkb-soroti-minimnya-sistem-peringatan-dini-di-daerah-rawan-bencana,"
Selasa, 07 Des 2021 13:15 WIB "
"Sapa Pengungsi Semeru, Jokowi Pastikan Konsumsi dan Kebutuhan Pokok Aman",https://news.detik.com/berita-jawa-timur/d-5844197/sapa-pengungsi-semeru-jokowi-pastikan-konsumsi-dan-kebutuhan-pokok-aman,"
Selasa, 07 Des 2021 12:51 WIB "
"Tinjau Lokasi Erupsi Semeru, Jokowi Ucapkan Duka Cita untuk Korban Meninggal",https://news.detik.com/berita-jawa-timur/d-5844178/tinjau-lokasi-erupsi-semeru-jokowi-ucapkan-duka-cita-untuk-korban-meninggal,"
Selasa, 07 Des 2021 12:41 WIB "
"Rumini dan Salamah, Anak dan Ibu yang Tewas Berpelukan Saat Erupsi Semeru",https://news.detik.com/berita-jawa-timur/d-5844158/rumini-dan-salamah-anak-dan-ibu-yang-tewas-berpelukan-saat-erupsi-semeru,"
Selasa, 07 Des 2021 12:31 WIB "
Cuaca di Gunung Semeru Terpantau Cerah,https://news.detik.com/berita-jawa-timur/d-5844071/cuaca-di-gunung-semeru-terpantau-cerah,"
Selasa, 07 Des 2021 11:45 WIB "
5 Jenazah Korban Erupsi Semeru Ditemukan di Curah Kobokan Lumajang Pagi Tadi,https://news.detik.com/berita-jawa-timur/d-5844003/5-jenazah-korban-erupsi-semeru-ditemukan-di-curah-kobokan-lumajang-pagi-tadi,"
Selasa, 07 Des 2021 11:06 WIB "
Golkar Jatim Serahkan Bantuan Rp 1 Miliar untuk Korban Erupsi Semeru,https://news.detik.com/berita/d-5843943/golkar-jatim-serahkan-bantuan-rp-1-miliar-untuk-korban-erupsi-semeru,"
Selasa, 07 Des 2021 10:24 WIB "
Kapolri Minta Ibu Hamil-Anak Korban Erupsi Semeru Jadi Perhatian Khusus,https://news.detik.com/berita/d-5843937/kapolri-minta-ibu-hamil-anak-korban-erupsi-semeru-jadi-perhatian-khusus,"
Selasa, 07 Des 2021 10:17 WIB "
Motor Trail Disiapkan untuk Jokowi di Lokasi Terdampak Erupsi Semeru,https://news.detik.com/berita-jawa-timur/d-5843930/motor-trail-disiapkan-untuk-jokowi-di-lokasi-terdampak-erupsi-semeru,"
Selasa, 07 Des 2021 10:06 WIB "
Pemprov Sumsel Siap Kirim Relawan & Bantuan buat Korban Erupsi Semeru,https://news.detik.com/berita/d-5843925/pemprov-sumsel-siap-kirim-relawan-bantuan-buat-korban-erupsi-semeru,"
Selasa, 07 Des 2021 10:03 WIB "
Tim SAR Gabungan Dibagi 3 Regu untuk Cari Korban Erupsi Gunung Semeru,https://news.detik.com/berita-jawa-timur/d-5843916/tim-sar-gabungan-dibagi-3-regu-untuk-cari-korban-erupsi-gunung-semeru,"
Selasa, 07 Des 2021 09:47 WIB "
"Jokowi Bertolak ke Lumajang, Tinjau Lokasi Terdampak Erupsi Gunung Semeru",https://news.detik.com/berita/d-5843764/jokowi-bertolak-ke-lumajang-tinjau-lokasi-terdampak-erupsi-gunung-semeru,"
Selasa, 07 Des 2021 07:48 WIB "
19 Titik Lokasi Pengungsian 2.004 Warga Terdampak Erupsi Semeru,https://news.detik.com/berita/d-5843652/19-titik-lokasi-pengungsian-2-004-warga-terdampak-erupsi-semeru,"
Selasa, 07 Des 2021 02:05 WIB "
"Jembatan Putus Imbas Erupsi Semeru, Kapolri: Cepat Buat Jalur Alternatif",https://news.detik.com/berita/d-5843647/jembatan-putus-imbas-erupsi-semeru-kapolri-cepat-buat-jalur-alternatif,"
Selasa, 07 Des 2021 00:33 WIB "
Aksi Solidaritas dari Jateng untuk Korban Bencana Alam Jatim,https://news.detik.com/berita/d-5843643/aksi-solidaritas-dari-jateng-untuk-korban-bencana-alam-jatim,"
Senin, 06 Des 2021 23:51 WIB "
"Bantu Korban Erupsi Semeru, Ganjar Kirim Logistik Senilai Rp 934 Juta",https://news.detik.com/berita/d-5843612/bantu-korban-erupsi-semeru-ganjar-kirim-logistik-senilai-rp-934-juta,"
Senin, 06 Des 2021 22:36 WIB "
Kapolri Jelaskan Langkah Jangka Pendek dan Menengah Tangani Erupsi Semeru,https://news.detik.com/berita-jawa-timur/d-5843603/kapolri-jelaskan-langkah-jangka-pendek-dan-menengah-tangani-erupsi-semeru,"
Senin, 06 Des 2021 22:09 WIB "
Warga Lega Lihat Lava Pijar Gunung Semeru Keluar Sedikit Demi Sedikit,https://news.detik.com/berita-jawa-timur/d-5843595/warga-lega-lihat-lava-pijar-gunung-semeru-keluar-sedikit-demi-sedikit,"
Senin, 06 Des 2021 22:04 WIB "
Lava Pijar Tampak di Gunung Semeru,https://news.detik.com/berita-jawa-timur/d-5843557/lava-pijar-tampak-di-gunung-semeru,"
Senin, 06 Des 2021 21:15 WIB "
Jabar Hari Ini: Komplotan Perampok Bank Ditangkap-Sukabumi Ricuh Gegara Tarkam,https://news.detik.com/berita-jawa-barat/d-5843554/jabar-hari-ini-komplotan-perampok-bank-ditangkap-sukabumi-ricuh-gegara-tarkam,"
Senin, 06 Des 2021 21:12 WIB "
Bupati Kediri Ajak ASN dan Warga Bantu Korban Erupsi Gunung Semeru,https://news.detik.com/berita-jawa-timur/d-5843534/bupati-kediri-ajak-asn-dan-warga-bantu-korban-erupsi-gunung-semeru,"
Senin, 06 Des 2021 20:52 WIB "
Bupati Kebumen Salurkan Bantuan untuk Korban Erupsi Semeru,https://news.detik.com/berita/d-5843482/bupati-kebumen-salurkan-bantuan-untuk-korban-erupsi-semeru,"
Senin, 06 Des 2021 20:40 WIB "
Daftar Kerusakan Imbas Erupsi Semeru: 2.970 Rumah-38 Fasilitas Pendidikan,https://news.detik.com/berita/d-5843513/daftar-kerusakan-imbas-erupsi-semeru-2-970-rumah-38-fasilitas-pendidikan,"
Senin, 06 Des 2021 20:39 WIB "
Ikatan Alumni UB Berikan Pendampingan Keluarga Novia Widyasari,https://news.detik.com/berita-jawa-timur/d-5843478/ikatan-alumni-ub-berikan-pendampingan-keluarga-novia-widyasari,"
Senin, 06 Des 2021 20:06 WIB "
"Update Korban Erupsi Semeru: 22 Meninggal, 27 Hilang, 2.004 Mengungsi",https://news.detik.com/berita/d-5843414/update-korban-erupsi-semeru-22-meninggal-27-hilang-2-004-mengungsi,"
Senin, 06 Des 2021 19:40 WIB "
Alat Medis Dikirim ke Lumajang untuk Tangani Korban Luka Bakar Erupsi Semeru,https://news.detik.com/berita-jawa-timur/d-5843395/alat-medis-dikirim-ke-lumajang-untuk-tangani-korban-luka-bakar-erupsi-semeru,"
Senin, 06 Des 2021 19:31 WIB "
Bantuan dari Bojonegoro Ini Diserahkan Langsung ke Pengungsi Semeru,https://news.detik.com/berita-jawa-timur/d-5843394/bantuan-dari-bojonegoro-ini-diserahkan-langsung-ke-pengungsi-semeru,"
Senin, 06 Des 2021 19:30 WIB "
Korban Meninggal Erupsi Gunung Semeru Total 22 Orang,https://news.detik.com/berita-jawa-timur/d-5843338/korban-meninggal-erupsi-gunung-semeru-total-22-orang,"
Senin, 06 Des 2021 19:04 WIB "
Kota Kediri Kirim Bantuan Sayur ke Korban Erupsi Semeru,https://news.detik.com/berita-jawa-timur/d-5843317/kota-kediri-kirim-bantuan-sayur-ke-korban-erupsi-semeru,"
Senin, 06 Des 2021 18:53 WIB "
Benarkah Curah Hujan Picu Erupsi Gunung Semeru? Ini Kata PVMBG,https://news.detik.com/berita-jawa-barat/d-5843316/benarkah-curah-hujan-picu-erupsi-gunung-semeru-ini-kata-pvmbg,"
Senin, 06 Des 2021 18:52 WIB "
Khofifah Jamin Pengungsi Erupsi Semeru Dapat Penanganan Terbaik,https://news.detik.com/berita-jawa-timur/d-5843243/khofifah-jamin-pengungsi-erupsi-semeru-dapat-penanganan-terbaik,"
Senin, 06 Des 2021 18:25 WIB "
Menko PMK Sebut Bantuan untuk Pengungsi di Pronojiwo Lumajang Cukup,https://news.detik.com/berita-jawa-timur/d-5843232/menko-pmk-sebut-bantuan-untuk-pengungsi-di-pronojiwo-lumajang-cukup,"
Senin, 06 Des 2021 18:17 WIB "
"Semeru Erupsi, Gubernur Jatim Pastikan Kebutuhan Pengungsi Tercukupi",https://news.detik.com/berita/d-5843195/semeru-erupsi-gubernur-jatim-pastikan-kebutuhan-pengungsi-tercukupi,"
Senin, 06 Des 2021 18:01 WIB "
"Banjir Lahar Dingin Semeru Terjang Bukit Gladak Perak, Warga Sempat Panik",https://news.detik.com/berita-jawa-timur/d-5843167/banjir-lahar-dingin-semeru-terjang-bukit-gladak-perak-warga-sempat-panik,"
Senin, 06 Des 2021 17:49 WIB "
"Satu Korban Semeru Kembali Dievakuasi, Total Ada 6 Ditemukan Hari Ini",https://news.detik.com/berita-jawa-timur/d-5843134/satu-korban-semeru-kembali-dievakuasi-total-ada-6-ditemukan-hari-ini,"
Senin, 06 Des 2021 17:30 WIB "
Waspada! Ganjar Minta Pertambangan di Merapi Disetop,https://news.detik.com/berita-jawa-tengah/d-5843077/waspada-ganjar-minta-pertambangan-di-merapi-disetop,"
Senin, 06 Des 2021 17:09 WIB "
PVMBG Sebut Gemuruh Pagi Tadi Bukan Erupsi Semeru Tapi Guguran Awan Panas,https://news.detik.com/berita-jawa-timur/d-5843076/pvmbg-sebut-gemuruh-pagi-tadi-bukan-erupsi-semeru-tapi-guguran-awan-panas,"
Senin, 06 Des 2021 17:04 WIB "
Tangis Nur Hasanah yang Rumahnya Hancur Terdampak Erupsi Gunung Semeru,https://news.detik.com/berita-jawa-timur/d-5843028/tangis-nur-hasanah-yang-rumahnya-hancur-terdampak-erupsi-gunung-semeru,"
Senin, 06 Des 2021 16:50 WIB "
Jokowi Kunjungi Lokasi Terdampak Erupsi Semeru di Lumajang Besok,https://news.detik.com/berita/d-5843017/jokowi-kunjungi-lokasi-terdampak-erupsi-semeru-di-lumajang-besok,"
Senin, 06 Des 2021 16:42 WIB "
KAI Beri Bantuan Toilet Portable-Sembako untuk Korban Erupsi Semeru,https://news.detik.com/berita/d-5843014/kai-beri-bantuan-toilet-portable-sembako-untuk-korban-erupsi-semeru,"
Senin, 06 Des 2021 16:37 WIB "
Baguna PDIP Surabaya Kirim Bantuan dan Relawan untuk Korban Erupsi Semeru,https://news.detik.com/berita-jawa-timur/d-5842901/baguna-pdip-surabaya-kirim-bantuan-dan-relawan-untuk-korban-erupsi-semeru,"
Senin, 06 Des 2021 15:56 WIB "
"Lelang Harley, Dony Salmanan Donasi Rp 2 M untuk Bencana Semeru-Garut",https://news.detik.com/berita-jawa-barat/d-5842900/lelang-harley-dony-salmanan-donasi-rp-2-m-untuk-bencana-semeru-garut,"
Senin, 06 Des 2021 15:56 WIB "
DKI Kirim 8 Truk Logistik-60 Personel Bantu Penanganan Korban Erupsi Semeru,https://news.detik.com/berita/d-5842890/dki-kirim-8-truk-logistik-60-personel-bantu-penanganan-korban-erupsi-semeru,"
Senin, 06 Des 2021 15:50 WIB "
Badan Geologi Ungkap Kondisi Terkini Gunung Semeru Usai Erupsi,https://news.detik.com/berita/d-5842878/badan-geologi-ungkap-kondisi-terkini-gunung-semeru-usai-erupsi,"
Senin, 06 Des 2021 15:44 WIB "
PVMBG Sebut Potensi Banjir Lahar Semeru Masih Tinggi,https://news.detik.com/berita-jawa-barat/d-5842850/pvmbg-sebut-potensi-banjir-lahar-semeru-masih-tinggi,"
Senin, 06 Des 2021 15:41 WIB "
Viral Risma Kais Batu Tutupi Lubang Jalan Saat Kunjungi Korban Erupsi Semeru,https://news.detik.com/berita-jawa-timur/d-5842834/viral-risma-kais-batu-tutupi-lubang-jalan-saat-kunjungi-korban-erupsi-semeru,"
Senin, 06 Des 2021 15:38 WIB "
Dua Jenazah Korban Erupsi Semeru Kembali Ditemukan,https://news.detik.com/berita-jawa-timur/d-5842807/dua-jenazah-korban-erupsi-semeru-kembali-ditemukan,"
Senin, 06 Des 2021 15:34 WIB "
"Kapolri Berangkat ke Lumajang, Tinjau Langsung Korban Erupsi Gunung Semeru",https://news.detik.com/berita/d-5842765/kapolri-berangkat-ke-lumajang-tinjau-langsung-korban-erupsi-gunung-semeru,"
Senin, 06 Des 2021 15:19 WIB "
Sidoarjo Kirim Tenaga Medis dan Obat-obatan ke Warga Korban Erupsi Semeru,https://news.detik.com/berita-jawa-timur/d-5842967/sidoarjo-kirim-tenaga-medis-dan-obat-obatan-ke-warga-korban-erupsi-semeru,"
Senin, 06 Des 2021 14:59 WIB "
Aksi Heroik Polisi Lumajang Saat Detik-detik Erupsi Semeru,https://news.detik.com/berita-jawa-timur/d-5842673/aksi-heroik-polisi-lumajang-saat-detik-detik-erupsi-semeru,"
Senin, 06 Des 2021 14:41 WIB "
Info Terkini soal Isu Reshuffle Rabu Pon 8 Desember 2021,https://news.detik.com/berita/d-5842658/info-terkini-soal-isu-reshuffle-rabu-pon-8-desember-2021,"
Senin, 06 Des 2021 14:35 WIB "
Ratusan Santri di Probolinggo Salat Gaib Korban Erupsi Gunung Semeru,https://news.detik.com/berita-jawa-timur/d-5842777/ratusan-santri-di-probolinggo-salat-gaib-korban-erupsi-gunung-semeru,"
Senin, 06 Des 2021 14:00 WIB "
"Korban Erupsi Semeru, Ini Data Terbaru Korban Meninggal-Luka",https://news.detik.com/berita/d-5842566/korban-erupsi-semeru-ini-data-terbaru-korban-meninggal-luka,"
Senin, 06 Des 2021 13:50 WIB "
Pemkot Surabaya Kirim Alat Berat Bantu Dampak Erupsi Semeru,https://news.detik.com/berita-jawa-timur/d-5842549/pemkot-surabaya-kirim-alat-berat-bantu-dampak-erupsi-semeru,"
Senin, 06 Des 2021 13:38 WIB "
"Situasi Terkini Gunung Semeru, Berikut 6 Kabar Terbarunya",https://news.detik.com/berita/d-5842544/situasi-terkini-gunung-semeru-berikut-6-kabar-terbarunya,"
Senin, 06 Des 2021 13:32 WIB "
Momen Penemuan 3 Jenazah Korban Erupsi Semeru,https://news.detik.com/detiktv/d-5842499/momen-penemuan-3-jenazah-korban-erupsi-semeru,"
Senin, 06 Des 2021 13:14 WIB "
"Update Korban Erupsi Semeru: 15 Warga Tewas, 27 Hilang, 5.205 Terdampak",https://news.detik.com/berita/d-5842443/update-korban-erupsi-semeru-15-warga-tewas-27-hilang-5-205-terdampak,"
Senin, 06 Des 2021 12:39 WIB "
3 Jenazah Korban Erupsi Gunung Semeru Ditemukan di Kampung Renteng,https://news.detik.com/berita-jawa-timur/d-5842389/3-jenazah-korban-erupsi-gunung-semeru-ditemukan-di-kampung-renteng,"
Senin, 06 Des 2021 12:02 WIB "
Pengungsi Hamil Ini Sempat Terinjak-injak Saat Erupsi Gunung Semeru,https://news.detik.com/berita-jawa-timur/d-5842340/pengungsi-hamil-ini-sempat-terinjak-injak-saat-erupsi-gunung-semeru,"
Senin, 06 Des 2021 11:46 WIB "
Momen Evakuasi Warga saat Terdengar Gemuruh dari Semeru,https://news.detik.com/berita-jawa-timur/d-5842326/momen-evakuasi-warga-saat-terdengar-gemuruh-dari-semeru,"
Senin, 06 Des 2021 11:41 WIB "
"Cek Pengungsi Semeru, Risma Turun dari Mobil Ikut Kais Batu demi Tutup Lubang",https://news.detik.com/berita/d-5842319/cek-pengungsi-semeru-risma-turun-dari-mobil-ikut-kais-batu-demi-tutup-lubang,"
Senin, 06 Des 2021 11:32 WIB "
Basarnas Terjunkan 5 Tim Evakuasi Warga Semeru Hilang,https://news.detik.com/berita-jawa-timur/d-5842314/basarnas-terjunkan-5-tim-evakuasi-warga-semeru-hilang,"
Senin, 06 Des 2021 11:26 WIB "
"Angin Kencang Sapu Abu Vulkanik, Warga yang Trauma Erupsi Semeru Dievakuasi",https://news.detik.com/berita-jawa-timur/d-5842286/angin-kencang-sapu-abu-vulkanik-warga-yang-trauma-erupsi-semeru-dievakuasi,"
Senin, 06 Des 2021 11:09 WIB "
"Selain Suara Gemuruh dari Semeru, Ada Imbauan Waspada Air Bawa Material Batu Turun",https://news.detik.com/berita-jawa-timur/d-5842230/selain-suara-gemuruh-dari-semeru-ada-imbauan-waspada-air-bawa-material-batu-turun,"
Senin, 06 Des 2021 10:38 WIB "
"Selawat Bareng Habib Syech, Walkot Mojokerto Doakan Korban Erupsi Semeru",https://news.detik.com/berita/d-5842218/selawat-bareng-habib-syech-walkot-mojokerto-doakan-korban-erupsi-semeru,"
Senin, 06 Des 2021 10:28 WIB "
Ridwan Kamil Kerahkan Relawan JQR Bantu Korban Erupsi Semeru,https://news.detik.com/berita-jawa-barat/d-5842179/ridwan-kamil-kerahkan-relawan-jqr-bantu-korban-erupsi-semeru,"
Senin, 06 Des 2021 10:11 WIB "
"Terdengar Suara Gemuruh dari Semeru, Pengungsi yang Nekat Pulang Dievakuasi",https://news.detik.com/berita-jawa-timur/d-5842169/terdengar-suara-gemuruh-dari-semeru-pengungsi-yang-nekat-pulang-dievakuasi,"
Senin, 06 Des 2021 09:55 WIB "
"Mari Bahu Membahu Bantu Korban Erupsi Semeru, Begini Caranya",https://news.detik.com/berita/d-5842081/mari-bahu-membahu-bantu-korban-erupsi-semeru-begini-caranya,"
Senin, 06 Des 2021 08:48 WIB "
Saat Erupsi Gunung Semeru Renggut Belasan Jiwa,https://news.detik.com/berita-jawa-timur/d-5842060/saat-erupsi-gunung-semeru-renggut-belasan-jiwa,"
Senin, 06 Des 2021 08:19 WIB "
Arahan Tanggap Darurat Jokowi Terkait Korban Erupsi Semeru,https://news.detik.com/berita/d-5842043/arahan-tanggap-darurat-jokowi-terkait-korban-erupsi-semeru,"
Senin, 06 Des 2021 07:30 WIB "
"Kabar Terbaru Usai Erupsi Semeru: 14 Korban Tewas, Status Waspada",https://news.detik.com/berita/d-5841989/kabar-terbaru-usai-erupsi-semeru-14-korban-tewas-status-waspada,"
Senin, 06 Des 2021 06:14 WIB "
6 Fakta dan Data Erupsi Semeru hingga Makan Korban Jiwa,https://news.detik.com/berita/d-5841985/6-fakta-dan-data-erupsi-semeru-hingga-makan-korban-jiwa,"
Senin, 06 Des 2021 06:00 WIB "
RSD dr. Soebandi Jember Terima Rujukan Dua Pasien Korban Erupsi Semeru,https://news.detik.com/berita-jawa-timur/d-5841929/rsd-dr-soebandi-jember-terima-rujukan-dua-pasien-korban-erupsi-semeru,"
Minggu, 05 Des 2021 23:37 WIB "
"Kawal Penanganan Erupsi Semeru, Khofifah Ngantor di Lumajang",https://news.detik.com/berita-jawa-timur/d-5841925/kawal-penanganan-erupsi-semeru-khofifah-ngantor-di-lumajang,"
Minggu, 05 Des 2021 23:14 WIB "
"Bantu Korban Erupsi Gunung Semeru, Relawan Jatinangor Bertolak ke Lumajang",https://news.detik.com/berita-jawa-barat/d-5841907/bantu-korban-erupsi-gunung-semeru-relawan-jatinangor-bertolak-ke-lumajang,"
Minggu, 05 Des 2021 22:52 WIB "
Bantuan Makanan Hingga Pakaian Digelontorkan untuk Pengungsi Semeru,https://news.detik.com/berita-jawa-timur/d-5841904/bantuan-makanan-hingga-pakaian-digelontorkan-untuk-pengungsi-semeru,"
Minggu, 05 Des 2021 22:41 WIB "
Pengungsi Korban Erupsi Gunung Semeru Mulai Terserang Gatal-gatal,https://news.detik.com/berita-jawa-timur/d-5841897/pengungsi-korban-erupsi-gunung-semeru-mulai-terserang-gatal-gatal,"
Minggu, 05 Des 2021 22:27 WIB "
"Ma'ruf Telepon Khofifah-Risma, Minta Tangani Cepat Erupsi Gunung Semeru",https://news.detik.com/berita/d-5841888/maruf-telepon-khofifah-risma-minta-tangani-cepat-erupsi-gunung-semeru,"
Minggu, 05 Des 2021 22:00 WIB "
Sehari Setelah Erupsi Semeru Warga Masih di Bertahan di Pengungsian,https://news.detik.com/berita-jawa-timur/d-5841863/sehari-setelah-erupsi-semeru-warga-masih-di-bertahan-di-pengungsian,"
Minggu, 05 Des 2021 21:32 WIB "
"Bantuan Makanan, Susu hingga Obat-obatan Mengalir ke Pengungsi Semeru",https://news.detik.com/berita-jawa-timur/d-5841861/bantuan-makanan-susu-hingga-obat-obatan-mengalir-ke-pengungsi-semeru,"
Minggu, 05 Des 2021 21:22 WIB "
"Listrik Menyala, Tempat Pengungsian Kini Tak Lagi Gelap-gulita",https://news.detik.com/berita-jawa-timur/d-5841851/listrik-menyala-tempat-pengungsian-kini-tak-lagi-gelap-gulita,"
Minggu, 05 Des 2021 21:15 WIB "
BNPB Jelaskan Situasi Prokes Pengungsi Terdampak Erupsi Semeru,https://news.detik.com/berita/d-5841810/bnpb-jelaskan-situasi-prokes-pengungsi-terdampak-erupsi-semeru,"
Minggu, 05 Des 2021 20:15 WIB "
Golkar Lumajang Salurkan Sembako ke Warga Terdampak Erupsi Semeru,https://news.detik.com/berita/d-5841798/golkar-lumajang-salurkan-sembako-ke-warga-terdampak-erupsi-semeru,"
Minggu, 05 Des 2021 20:13 WIB "
Risma Dirikan Tempat Pengungsian Terpadu Semeru dan Buka Dapur Umum,https://news.detik.com/berita-jawa-timur/d-5841797/risma-dirikan-tempat-pengungsian-terpadu-semeru-dan-buka-dapur-umum,"
Minggu, 05 Des 2021 20:10 WIB "
6 Korban Selamat Erupsi Semeru Alami Luka Bakar hingga 80 Persen,https://news.detik.com/berita-jawa-timur/d-5841796/6-korban-selamat-erupsi-semeru-alami-luka-bakar-hingga-80-persen,"
Minggu, 05 Des 2021 20:09 WIB "
"Gunung Semeru Masih Berstatus Waspada Usai Erupsi, Ini Penjelasan PVMBG",https://news.detik.com/berita-jawa-barat/d-5841775/gunung-semeru-masih-berstatus-waspada-usai-erupsi-ini-penjelasan-pvmbg,"
Minggu, 05 Des 2021 19:40 WIB "
Erupsi Semeru Tak Pengaruhi Aktivitas Penerbangan Bandara Banyuwangi,https://news.detik.com/berita-jawa-timur/d-5841744/erupsi-semeru-tak-pengaruhi-aktivitas-penerbangan-bandara-banyuwangi,"
Minggu, 05 Des 2021 19:15 WIB "
28 Sekolah dari PAUD Sampai SMK Terdampak Erupsi Semeru,https://news.detik.com/berita/d-5841743/28-sekolah-dari-paud-sampai-smk-terdampak-erupsi-semeru,"
Minggu, 05 Des 2021 19:14 WIB "
"Peringati Navy Day, Warga Surabaya Ramai-ramai Datangi Tunjungan Romansa",https://news.detik.com/berita-jawa-timur/d-5841722/peringati-navy-day-warga-surabaya-ramai-ramai-datangi-tunjungan-romansa,"
Minggu, 05 Des 2021 19:03 WIB "
"Rumah Warga Rusak karena Erupsi Semeru, BNPB Beri Dana Tunggu Hunian",https://news.detik.com/berita/d-5841693/rumah-warga-rusak-karena-erupsi-semeru-bnpb-beri-dana-tunggu-hunian,"
Minggu, 05 Des 2021 18:53 WIB "
Awan Panas Guguran Gunung Semeru Terjadi 3 Kali Hari Ini,https://news.detik.com/berita/d-5841694/awan-panas-guguran-gunung-semeru-terjadi-3-kali-hari-ini,"
Minggu, 05 Des 2021 18:53 WIB "
"BNPB: 5.205 Orang Terdampak Erupsi Semeru, 1.300 di Antaranya Mengungsi",https://news.detik.com/berita/d-5841682/bnpb-5-205-orang-terdampak-erupsi-semeru-1-300-di-antaranya-mengungsi,"
Minggu, 05 Des 2021 18:45 WIB "
"Hamil 9 Bulan, Pengungsi Semeru Menunggu Waktu Melahirkan",https://news.detik.com/berita-jawa-timur/d-5841666/hamil-9-bulan-pengungsi-semeru-menunggu-waktu-melahirkan,"
Minggu, 05 Des 2021 18:22 WIB "
Menhan Prabowo Luncurkan Kapal Cepat Rudal Buatan Dalam Negeri,https://news.detik.com/berita/d-5841664/menhan-prabowo-luncurkan-kapal-cepat-rudal-buatan-dalam-negeri,"
Minggu, 05 Des 2021 18:19 WIB "
DPP PPP Kirim Bantuan Rp 100 Juta untuk Korban Erupsi Semeru,https://news.detik.com/berita/d-5841647/dpp-ppp-kirim-bantuan-rp-100-juta-untuk-korban-erupsi-semeru,"
Minggu, 05 Des 2021 18:06 WIB "
Korban Meninggal Erupsi Gunung Semeru Bertambah Jadi 14 Orang,https://news.detik.com/berita-jawa-timur/d-5841632/korban-meninggal-erupsi-gunung-semeru-bertambah-jadi-14-orang,"
Minggu, 05 Des 2021 17:45 WIB "
Panglima TNI Datangi Lumajang Petakan Lokasi Pengungsi Aman dari Jalur Lahar Semeru,https://news.detik.com/berita-jawa-timur/d-5841626/panglima-tni-datangi-lumajang-petakan-lokasi-pengungsi-aman-dari-jalur-lahar-semeru,"
Minggu, 05 Des 2021 17:36 WIB "
PVMBG Mencatat Gunung Semeru 2 Kali Gugurkan Awan Panas Hari Ini,https://news.detik.com/berita-jawa-barat/d-5841617/pvmbg-mencatat-gunung-semeru-2-kali-gugurkan-awan-panas-hari-ini,"
Minggu, 05 Des 2021 17:14 WIB "
Detik-detik Tim SAR Temukan Korban Erupsi Gunung Semeru,https://news.detik.com/berita/d-5841590/detik-detik-tim-sar-temukan-korban-erupsi-gunung-semeru,"
Minggu, 05 Des 2021 17:08 WIB "
Wagira dan Suaminya Lari dari Kejaran Awan Erupsi Semeru Sejauh 1 Km,https://news.detik.com/berita-jawa-timur/d-5841557/wagira-dan-suaminya-lari-dari-kejaran-awan-erupsi-semeru-sejauh-1-km,"
Minggu, 05 Des 2021 16:49 WIB "
Polri Gelar Operasi Kemanusiaan Aman Nusa II Tanggulangi Erupsi Gunung Semeru,https://news.detik.com/berita/d-5841554/polri-gelar-operasi-kemanusiaan-aman-nusa-ii-tanggulangi-erupsi-gunung-semeru,"
Minggu, 05 Des 2021 16:48 WIB "
Momen Petugas Evakuasi Wanita Korban Erupsi Gunung Semeru,https://news.detik.com/berita/d-5841514/momen-petugas-evakuasi-wanita-korban-erupsi-gunung-semeru,"
Minggu, 05 Des 2021 16:00 WIB "
Susah Payah Sopir Gali Truknya yang Terkubur Pasir Lebih 2 Meter,https://news.detik.com/berita-jawa-timur/d-5841513/susah-payah-sopir-gali-truknya-yang-terkubur-pasir-lebih-2-meter,"
Minggu, 05 Des 2021 15:58 WIB "
Jokowi Minta Langkah Tanggap Darurat terkait Erupsi Semeru Segera Dilakukan,https://news.detik.com/berita/d-5841509/jokowi-minta-langkah-tanggap-darurat-terkait-erupsi-semeru-segera-dilakukan,"
Minggu, 05 Des 2021 15:54 WIB "
"Erupsi Gunung Semeru, Warga Diimbau Waspada Guguran Lava di Aliran Sungai",https://news.detik.com/berita-jawa-barat/d-5841474/erupsi-gunung-semeru-warga-diimbau-waspada-guguran-lava-di-aliran-sungai,"
Minggu, 05 Des 2021 15:28 WIB "
Nestapa Pengungsi Semeru Belum Tersentuh Bantuan Karena Jembatan Putus,https://news.detik.com/berita-jawa-timur/d-5841463/nestapa-pengungsi-semeru-belum-tersentuh-bantuan-karena-jembatan-putus,"
Minggu, 05 Des 2021 15:17 WIB "
"Semeru Belum Aman, Guguran Awan Panas Masih Rentan Terjadi",https://news.detik.com/berita-jawa-timur/d-5841436/semeru-belum-aman-guguran-awan-panas-masih-rentan-terjadi,"
Minggu, 05 Des 2021 15:03 WIB "
Trauma Pengungsi Erupsi Semeru; Turu Ra Penak Was-was Terus,https://news.detik.com/berita-jawa-timur/d-5841418/trauma-pengungsi-erupsi-semeru-turu-ra-penak-was-was-terus,"
Minggu, 05 Des 2021 14:41 WIB "
Relawan dan Bantuan Terus Berdatangan ke Lokasi Pengungsi Semeru,https://news.detik.com/berita-jawa-timur/d-5841393/relawan-dan-bantuan-terus-berdatangan-ke-lokasi-pengungsi-semeru,"
Minggu, 05 Des 2021 14:21 WIB "
Kepanikan Warga di Curah Kobokan Saat Ada Hujan Abu Lagi,https://news.detik.com/detiktv/d-5841380/kepanikan-warga-di-curah-kobokan-saat-ada-hujan-abu-lagi,"
Minggu, 05 Des 2021 14:15 WIB "
"Jokowi Berduka atas Korban Tewas Erupsi Semeru, Minta Jajaran Bertindak",https://news.detik.com/berita/d-5841379/jokowi-berduka-atas-korban-tewas-erupsi-semeru-minta-jajaran-bertindak,"
Minggu, 05 Des 2021 14:15 WIB "
40 Ribu Masker dan Ratusan Matras Dikirim ke Pengungsi Semeru,https://news.detik.com/berita-jawa-timur/d-5841376/40-ribu-masker-dan-ratusan-matras-dikirim-ke-pengungsi-semeru,"
Minggu, 05 Des 2021 14:08 WIB "
Cerita Warga Terjebak 2 Jam Saat Awan Panas Semeru Menerjang,https://news.detik.com/berita-jawa-timur/d-5841341/cerita-warga-terjebak-2-jam-saat-awan-panas-semeru-menerjang,"
Minggu, 05 Des 2021 13:53 WIB "
Menko PMK Koordinasikan BNPB-3 Kementerian Segera Bantu Korban Erupsi Semeru,https://news.detik.com/berita/d-5841336/menko-pmk-koordinasikan-bnpb-3-kementerian-segera-bantu-korban-erupsi-semeru,"
Minggu, 05 Des 2021 13:50 WIB "
Kesedihan Warga Kehilangan Rumah dan Ternak yang Tersapu Erupsi Semeru,https://news.detik.com/berita-jawa-timur/d-5841323/kesedihan-warga-kehilangan-rumah-dan-ternak-yang-tersapu-erupsi-semeru,"
Minggu, 05 Des 2021 13:41 WIB "
PPP Bentuk Satgas Khusus & Kirim Bantuan untuk Korban Erupsi Semeru,https://news.detik.com/berita/d-5841322/ppp-bentuk-satgas-khusus-kirim-bantuan-untuk-korban-erupsi-semeru,"
Minggu, 05 Des 2021 13:40 WIB "
Ibu dan Anak Korban Erupsi Semeru Ditemukan Tewas Berpelukan,https://news.detik.com/berita-jawa-timur/d-5841318/ibu-dan-anak-korban-erupsi-semeru-ditemukan-tewas-berpelukan,"
Minggu, 05 Des 2021 13:32 WIB "
Tangis Warga Lihat Rumah dan Harta Benda Musnah Tertimbun Erupsi Semeru,https://news.detik.com/berita-jawa-timur/d-5841289/tangis-warga-lihat-rumah-dan-harta-benda-musnah-tertimbun-erupsi-semeru,"
Minggu, 05 Des 2021 13:15 WIB "
"Kunjungi Desa Terdampak Erupsi Semeru, Khofifah Minta Listrik Segera Nyala",https://news.detik.com/berita-jawa-timur/d-5841278/kunjungi-desa-terdampak-erupsi-semeru-khofifah-minta-listrik-segera-nyala,"
Minggu, 05 Des 2021 13:01 WIB "
Penampakan Jembatan Lumajang-Malang yang Putus Diterjang Banjir Lahar Semeru,https://news.detik.com/berita-jawa-timur/d-5841265/penampakan-jembatan-lumajang-malang-yang-putus-diterjang-banjir-lahar-semeru,"
Minggu, 05 Des 2021 12:43 WIB "
Ini Kata Pakar ITB soal Penyebab Erupsi Gunung Semeru,https://news.detik.com/berita-jawa-barat/d-5841257/ini-kata-pakar-itb-soal-penyebab-erupsi-gunung-semeru,"
Minggu, 05 Des 2021 12:38 WIB "
"BNPB: 98 Warga Luka Akibat Erupsi Semeru, 2 di Antaranya Ibu Hamil",https://news.detik.com/berita/d-5841243/bnpb-98-warga-luka-akibat-erupsi-semeru-2-di-antaranya-ibu-hamil,"
Minggu, 05 Des 2021 12:26 WIB "
"Hujan Abu Semeru Terjadi Lagi, Warga dan Petugas Tinggalkan Lokasi Evakuasi",https://news.detik.com/berita-jawa-timur/d-5841240/hujan-abu-semeru-terjadi-lagi-warga-dan-petugas-tinggalkan-lokasi-evakuasi,"
Minggu, 05 Des 2021 12:25 WIB "
Pimpinan DPR Minta Pemerintah Segera Evakuasi Warga Sekitar Gunung Semeru,https://news.detik.com/berita/d-5841204/pimpinan-dpr-minta-pemerintah-segera-evakuasi-warga-sekitar-gunung-semeru,"
Minggu, 05 Des 2021 11:56 WIB "
Peralatan Mandi hingga Selimut Dikirim ke Korban Terdampak Erupsi Semeru,https://news.detik.com/berita-jawa-timur/d-5841231/peralatan-mandi-hingga-selimut-dikirim-ke-korban-terdampak-erupsi-semeru,"
Minggu, 05 Des 2021 11:51 WIB "
"Gerak Cepat, Pemkab Kediri Kirim Bantuan Korban Erupsi Semeru",https://news.detik.com/berita-jawa-timur/d-5841198/gerak-cepat-pemkab-kediri-kirim-bantuan-korban-erupsi-semeru,"
Minggu, 05 Des 2021 11:35 WIB "
Wajah-wajah Pilu Korban Erupsi Gunung Semeru,https://news.detik.com/detiktv/d-5841188/wajah-wajah-pilu-korban-erupsi-gunung-semeru,"
Minggu, 05 Des 2021 11:23 WIB "
Saat Warga Panik dan Berhamburan Mengira Semeru Erupsi Lagi,https://news.detik.com/berita-jawa-timur/d-5841184/saat-warga-panik-dan-berhamburan-mengira-semeru-erupsi-lagi,"
Minggu, 05 Des 2021 11:15 WIB "
Wapres Ma'ruf Minta Mensos Terjun Beri Bantuan ke Korban Erupsi Semeru,https://news.detik.com/berita/d-5841174/wapres-maruf-minta-mensos-terjun-beri-bantuan-ke-korban-erupsi-semeru,"
Minggu, 05 Des 2021 11:09 WIB "
Gus Ipul Kirim Personel dan Logistik untuk Korban Erupsi Semeru,https://news.detik.com/berita-jawa-timur/d-5841203/gus-ipul-kirim-personel-dan-logistik-untuk-korban-erupsi-semeru,"
Minggu, 05 Des 2021 10:50 WIB "
BPBD Jember Kirim Logistik dan Personel Bantu Penanganan Dampak Erupsi Semeru,https://news.detik.com/berita-jawa-timur/d-5841159/bpbd-jember-kirim-logistik-dan-personel-bantu-penanganan-dampak-erupsi-semeru,"
Minggu, 05 Des 2021 10:38 WIB "
"Semeru Meletus, Banyuwangi Berpotensi Terdampak Hujan Abu Tipis",https://news.detik.com/berita-jawa-timur/d-5841150/semeru-meletus-banyuwangi-berpotensi-terdampak-hujan-abu-tipis,"
Minggu, 05 Des 2021 10:16 WIB "
Update Erupsi Gunung Semeru: 13 Warga Meninggal Dunia,https://news.detik.com/berita/d-5841096/update-erupsi-gunung-semeru-13-warga-meninggal-dunia,"
Minggu, 05 Des 2021 10:00 WIB "
Penampakan Rumah-rumah Terendam Pasir Erupsi Gunung Semeru,https://news.detik.com/berita/d-5841088/penampakan-rumah-rumah-terendam-pasir-erupsi-gunung-semeru,"
Minggu, 05 Des 2021 09:50 WIB "
BNPB Kirim Bantuan ke Korban Erupsi Gunung Semeru: Sembako hingga Selimut,https://news.detik.com/berita/d-5841085/bnpb-kirim-bantuan-ke-korban-erupsi-gunung-semeru-sembako-hingga-selimut,"
Minggu, 05 Des 2021 09:46 WIB "
Wabup Lumajang Sebut 12 Warga Meninggal Dampak Semeru Erupsi,https://news.detik.com/berita-jawa-timur/d-5841082/wabup-lumajang-sebut-12-warga-meninggal-dampak-semeru-erupsi,"
Minggu, 05 Des 2021 09:42 WIB "
Warga Semeru Cari Kerabat Hilang di Permukiman yang Terendam Abu Vulkanik,https://news.detik.com/berita-jawa-timur/d-5841062/warga-semeru-cari-kerabat-hilang-di-permukiman-yang-terendam-abu-vulkanik,"
Minggu, 05 Des 2021 09:10 WIB "
Warga Sebut Tak Ada Peringatan Dini Saat Semeru Erupsi,https://news.detik.com/berita-jawa-timur/d-5841041/warga-sebut-tak-ada-peringatan-dini-saat-semeru-erupsi,"
Minggu, 05 Des 2021 08:32 WIB "
1.000 Warga Lereng Semeru Mengungsi Dampak Erupsi,https://news.detik.com/berita-jawa-timur/d-5841028/1-000-warga-lereng-semeru-mengungsi-dampak-erupsi,"
Minggu, 05 Des 2021 08:13 WIB "
"News of The Week: Gunung Semeru Erupsi, Jokowi Sindir Kapolda-Kapolres",https://news.detik.com/detiktv/d-5840962/news-of-the-week-gunung-semeru-erupsi-jokowi-sindir-kapolda-kapolres,"
Minggu, 05 Des 2021 07:08 WIB "
Kepala BNPB Bertolak ke Lokasi Terdampak Erupsi Gunung Semeru,https://news.detik.com/berita/d-5840960/kepala-bnpb-bertolak-ke-lokasi-terdampak-erupsi-gunung-semeru,"
Minggu, 05 Des 2021 06:56 WIB "
Belasan Orang Terjebak di Rumah yang Terendam Pasir Erupsi Gunung Semeru,https://news.detik.com/berita-jawa-timur/d-5840924/belasan-orang-terjebak-di-rumah-yang-terendam-pasir-erupsi-gunung-semeru,"
Minggu, 05 Des 2021 03:17 WIB "
Rumah-rumah Warga Terendam Pasir hingga 4 Meter Akibat Erupsi Gunung Semeru,https://news.detik.com/berita-jawa-timur/d-5840923/rumah-rumah-warga-terendam-pasir-hingga-4-meter-akibat-erupsi-gunung-semeru,"
Minggu, 05 Des 2021 03:07 WIB "
Tangis Ketakutan Warga Lumajang Saat Gunung Semeru Erupsi,https://news.detik.com/berita-jawa-timur/d-5840917/tangis-ketakutan-warga-lumajang-saat-gunung-semeru-erupsi,"
Minggu, 05 Des 2021 02:15 WIB "
Salah Satu Korban Erupsi Gunung Semeru yang Luka Bakar Berusia 100 Tahun,https://news.detik.com/berita-jawa-timur/d-5840910/salah-satu-korban-erupsi-gunung-semeru-yang-luka-bakar-berusia-100-tahun,"
Minggu, 05 Des 2021 01:13 WIB "
Tenda Pengungsian Korban Erupsi Gunung Semeru Akan Disentralkan,https://news.detik.com/berita-jawa-timur/d-5840908/tenda-pengungsian-korban-erupsi-gunung-semeru-akan-disentralkan,"
Minggu, 05 Des 2021 00:42 WIB "
Kondisi Pengungsi Korban Erupsi Semeru di Pronojiwo Mengenaskan,https://news.detik.com/berita-jawa-timur/d-5840901/kondisi-pengungsi-korban-erupsi-semeru-di-pronojiwo-mengenaskan,"
Minggu, 05 Des 2021 00:04 WIB "
5 Titik Pengungsian Warga Lumajang yang Terdampak Erupsi Gunung Semeru,https://news.detik.com/berita-jawa-timur/d-5840895/5-titik-pengungsian-warga-lumajang-yang-terdampak-erupsi-gunung-semeru,"
Sabtu, 04 Des 2021 23:41 WIB "
Lumpur Setinggi Lutut Hambat Evakuasi 10 Warga Terjebak Erupsi Semeru,https://news.detik.com/berita-jawa-timur/d-5840881/lumpur-setinggi-lutut-hambat-evakuasi-10-warga-terjebak-erupsi-semeru,"
Sabtu, 04 Des 2021 23:11 WIB "
300 Keluarga Warga Desa Curah Kobokan Terdampak Erupsi Semeru Mengungsi,https://news.detik.com/berita-jawa-timur/d-5840850/300-keluarga-warga-desa-curah-kobokan-terdampak-erupsi-semeru-mengungsi,"
Sabtu, 04 Des 2021 22:29 WIB "
Bendum DPP BMI Bakar Semangat Kader Se-Madura,https://news.detik.com/berita-jawa-timur/d-5840824/bendum-dpp-bmi-bakar-semangat-kader-se-madura,"
Sabtu, 04 Des 2021 21:50 WIB "
Pengungsi Semeru Sangat Membutuhkan Barang-barang Ini,https://news.detik.com/berita-jawa-timur/d-5840815/pengungsi-semeru-sangat-membutuhkan-barang-barang-ini,"
Sabtu, 04 Des 2021 21:43 WIB "
"Wabup Lumajang Sebut Korban Luka Bakar Erupsi Semeru 41 Orang, 2 Ibu Hamil",https://news.detik.com/berita-jawa-timur/d-5840777/wabup-lumajang-sebut-korban-luka-bakar-erupsi-semeru-41-orang-2-ibu-hamil,"
Sabtu, 04 Des 2021 21:26 WIB "
Kepala BNPB: Status Darurat Gunung Semeru Bakal Ditentukan Bupati Lumajang,https://news.detik.com/berita/d-5840773/kepala-bnpb-status-darurat-gunung-semeru-bakal-ditentukan-bupati-lumajang,"
Sabtu, 04 Des 2021 21:18 WIB "
"Wabup Lumajang Minta Heli Evakuasi 10 Warga Terjebak Erupsi, BNPB Siap Kirim",https://news.detik.com/berita/d-5840767/wabup-lumajang-minta-heli-evakuasi-10-warga-terjebak-erupsi-bnpb-siap-kirim,"
Sabtu, 04 Des 2021 21:08 WIB "
BMKG: Abu Vulkanik Semeru Belum Terlihat Ganggu Aktivitas Penerbangan,https://news.detik.com/berita/d-5840764/bmkg-abu-vulkanik-semeru-belum-terlihat-ganggu-aktivitas-penerbangan,"
Sabtu, 04 Des 2021 21:04 WIB "
"Erupsi Gunung Semeru Bawa Korban Jiwa, Satu Warga Meninggal",https://news.detik.com/berita-jawa-timur/d-5840763/erupsi-gunung-semeru-bawa-korban-jiwa-satu-warga-meninggal,"
Sabtu, 04 Des 2021 21:04 WIB "
BNPB: Sejumlah Penambang Pasir Terjebak Dampak Erupsi Semeru,https://news.detik.com/berita/d-5840760/bnpb-sejumlah-penambang-pasir-terjebak-dampak-erupsi-semeru,"
Sabtu, 04 Des 2021 20:59 WIB "
Kepala BNPB Ungkap Hambatan Evakuasi Akibat Erupsi Gunung Semeru,https://news.detik.com/berita/d-5840757/kepala-bnpb-ungkap-hambatan-evakuasi-akibat-erupsi-gunung-semeru,"
Sabtu, 04 Des 2021 20:52 WIB "
"Semeru Erupsi, Warga Mengungsi ke Balai Desa hingga Masjid",https://news.detik.com/berita-jawa-timur/d-5840756/semeru-erupsi-warga-mengungsi-ke-balai-desa-hingga-masjid,"
Sabtu, 04 Des 2021 20:51 WIB "
"Sebagian Korban Erupsi Semeru Luka Bakar, Kemenkes Pastikan Puskesmas Siap",https://news.detik.com/berita/d-5840755/sebagian-korban-erupsi-semeru-luka-bakar-kemenkes-pastikan-puskesmas-siap,"
Sabtu, 04 Des 2021 20:48 WIB "
"Aktivitas Semeru Relatif Rendah, Erupsi Diduga Juga Gegara Hujan",https://news.detik.com/berita/d-5840754/aktivitas-semeru-relatif-rendah-erupsi-diduga-juga-gegara-hujan,"
Sabtu, 04 Des 2021 20:48 WIB "
"Jembatan Gladak Perak Putus, Evakuasi Pengungsi Erupsi Semeru ke Kab Malang",https://news.detik.com/berita/d-5840751/jembatan-gladak-perak-putus-evakuasi-pengungsi-erupsi-semeru-ke-kab-malang,"
Sabtu, 04 Des 2021 20:47 WIB "
"Tolong, Puskesmas di Lumajang Kekurangan Oksigen hingga Obat-obatan",https://news.detik.com/berita-jawa-timur/d-5840748/tolong-puskesmas-di-lumajang-kekurangan-oksigen-hingga-obat-obatan,"
Sabtu, 04 Des 2021 20:43 WIB "
"Badan Geologi: Gunung Semeru Level 2, Ada Potensi Ancaman Lontaran Batu Pijar",https://news.detik.com/berita/d-5840747/badan-geologi-gunung-semeru-level-2-ada-potensi-ancaman-lontaran-batu-pijar,"
Sabtu, 04 Des 2021 20:41 WIB "
Erupsi Gunung Semeru Dipicu Ketidakstabilan Endapan,https://news.detik.com/berita/d-5840743/erupsi-gunung-semeru-dipicu-ketidakstabilan-endapan,"
Sabtu, 04 Des 2021 20:32 WIB "
Jokowi Perintahkan BNPB Pastikan Penanganan Darurat Erupsi Semeru Cepat-Tepat,https://news.detik.com/berita/d-5840742/jokowi-perintahkan-bnpb-pastikan-penanganan-darurat-erupsi-semeru-cepat-tepat,"
Sabtu, 04 Des 2021 20:30 WIB "
BNPB Imbau Warga Terdampak Erupsi Gunung Semeru Tenang-Tak Termakan Hoax,https://news.detik.com/berita/d-5840737/bnpb-imbau-warga-terdampak-erupsi-gunung-semeru-tenang-tak-termakan-hoax,"
Sabtu, 04 Des 2021 20:27 WIB "
Lokasi Pengungsian Korban Erupsi Semeru Ada di 3 Desa di Lumajang,https://news.detik.com/berita/d-5840734/lokasi-pengungsian-korban-erupsi-semeru-ada-di-3-desa-di-lumajang,"
Sabtu, 04 Des 2021 20:21 WIB "
"Puskesmas Overload, Korban Luka Bakar Semeru Erupsi Terus Berdatangan",https://news.detik.com/berita-jawa-timur/d-5840732/puskesmas-overload-korban-luka-bakar-semeru-erupsi-terus-berdatangan,"
Sabtu, 04 Des 2021 20:19 WIB "
Lima Kecamatan di Malang Diguyur Abu Vulkanik Erupsi Semeru,https://news.detik.com/berita-jawa-timur/d-5840725/lima-kecamatan-di-malang-diguyur-abu-vulkanik-erupsi-semeru,"
Sabtu, 04 Des 2021 20:11 WIB "
11 Fakta Erupsi Gunung Semeru Sejauh Ini,https://news.detik.com/berita/d-5840705/11-fakta-erupsi-gunung-semeru-sejauh-ini,"
Sabtu, 04 Des 2021 20:04 WIB "
"Update Semeru Erupsi, Belum Ada Korban Jiwa-Status Waspada",https://news.detik.com/berita-jawa-timur/d-5840702/update-semeru-erupsi-belum-ada-korban-jiwa-status-waspada,"
Sabtu, 04 Des 2021 20:00 WIB "
Sejarah Panjang Aktivitas Vulkanik Gunung Semeru yang Kini Tengah Erupsi,https://news.detik.com/berita/d-5840684/sejarah-panjang-aktivitas-vulkanik-gunung-semeru-yang-kini-tengah-erupsi,"
Sabtu, 04 Des 2021 19:42 WIB "
Warga Luka Bakar karena Semeru Erupsi Dilarikan ke Puskesmas,https://news.detik.com/berita-jawa-timur/d-5840682/warga-luka-bakar-karena-semeru-erupsi-dilarikan-ke-puskesmas,"
Sabtu, 04 Des 2021 19:40 WIB "
BPBD Jatim Sebut Semeru Bukan Erupsi tapi Awan Panas Guguran,https://news.detik.com/berita-jawa-timur/d-5840676/bpbd-jatim-sebut-semeru-bukan-erupsi-tapi-awan-panas-guguran,"
Sabtu, 04 Des 2021 19:26 WIB "
Sejumlah Warga Lumajang Terluka Bakar Saat Semeru Erupsi,https://news.detik.com/berita-jawa-timur/d-5840701/sejumlah-warga-lumajang-terluka-bakar-saat-semeru-erupsi,"
Sabtu, 04 Des 2021 19:03 WIB "
"Gunung Semeru Erupsi, Warga Dilarang Beraktivitas 5 Km dari Kawah",https://news.detik.com/berita/d-5840631/gunung-semeru-erupsi-warga-dilarang-beraktivitas-5-km-dari-kawah,"
Sabtu, 04 Des 2021 18:58 WIB "
"Gunung Semeru Erupsi, Awan Panas Mengarah ke Besuk Kobokan",https://news.detik.com/berita-jawa-barat/d-5840622/gunung-semeru-erupsi-awan-panas-mengarah-ke-besuk-kobokan,"
Sabtu, 04 Des 2021 18:49 WIB "
"Perekam Video Erupsi Semeru: Ya Allah, Sampai Kayak Gini",https://news.detik.com/berita/d-5840620/perekam-video-erupsi-semeru-ya-allah-sampai-kayak-gini,"
Sabtu, 04 Des 2021 18:46 WIB "
Aktivitas Gunung Bromo Stabil Meski Semeru Erupsi,https://news.detik.com/berita-jawa-timur/d-5840618/aktivitas-gunung-bromo-stabil-meski-semeru-erupsi,"
Sabtu, 04 Des 2021 18:45 WIB "
Bupati Lumajang Sebut Semeru Sudah Puluhan Kali Erupsi,https://news.detik.com/berita-jawa-timur/d-5840619/bupati-lumajang-sebut-semeru-sudah-puluhan-kali-erupsi,"
Sabtu, 04 Des 2021 18:40 WIB "
"Dahsyatnya Letusan Semeru, Material Vulkanik Terjang Permukiman",https://news.detik.com/detiktv/d-5840611/dahsyatnya-letusan-semeru-material-vulkanik-terjang-permukiman,"
Sabtu, 04 Des 2021 18:36 WIB "
"Suasana Erupsi Semeru: Awan Panas Menutup Langit, Anak Kecil Berlarian",https://news.detik.com/berita/d-5840607/suasana-erupsi-semeru-awan-panas-menutup-langit-anak-kecil-berlarian,"
Sabtu, 04 Des 2021 18:28 WIB "
BPBD Jatim Kerahkan Tim Bantu Evakuasi Warga Terdampak Erupsi Semeru,https://news.detik.com/berita-jawa-timur/d-5840606/bpbd-jatim-kerahkan-tim-bantu-evakuasi-warga-terdampak-erupsi-semeru,"
Sabtu, 04 Des 2021 18:26 WIB "
Penerbangan di Bandara Juanda Belum Terdampak Erupsi Semeru,https://news.detik.com/berita-jawa-timur/d-5840599/penerbangan-di-bandara-juanda-belum-terdampak-erupsi-semeru,"
Sabtu, 04 Des 2021 18:17 WIB "
"Semeru Erupsi, Lumajang Diterjang Hujan Kerikil hingga Warga Mandi Lumpur",https://news.detik.com/berita-jawa-timur/d-5840592/semeru-erupsi-lumajang-diterjang-hujan-kerikil-hingga-warga-mandi-lumpur,"
Sabtu, 04 Des 2021 18:06 WIB "
Banyak Atap Rumah Ambruk Terguyur Abu Vulkanik Semeru,https://news.detik.com/berita-jawa-timur/d-5840588/banyak-atap-rumah-ambruk-terguyur-abu-vulkanik-semeru,"
Sabtu, 04 Des 2021 18:04 WIB "
"Erupsi Gunung Semeru, BNPB Imbau Warga Jauhi DAS Mujur-Curah Kobokan",https://news.detik.com/berita/d-5840555/erupsi-gunung-semeru-bnpb-imbau-warga-jauhi-das-mujur-curah-kobokan,"
Sabtu, 04 Des 2021 17:54 WIB "
"Terjebak Erupsi Semeru, Warga Lumajang Butuh Bantuan",https://news.detik.com/berita-jawa-timur/d-5840554/terjebak-erupsi-semeru-warga-lumajang-butuh-bantuan,"
Sabtu, 04 Des 2021 17:53 WIB "
Penampakan Lumajang Gelap-Gulita Akibat Gunung Semeru Erupsi,https://news.detik.com/berita-jawa-timur/d-5840548/penampakan-lumajang-gelap-gulita-akibat-gunung-semeru-erupsi,"
Sabtu, 04 Des 2021 17:50 WIB "
"Diterjang Banjir Lahar Semeru, Jembatan Penghubung Lumajang-Malang Putus",https://news.detik.com/berita-jawa-timur/d-5840536/diterjang-banjir-lahar-semeru-jembatan-penghubung-lumajang-malang-putus,"
Sabtu, 04 Des 2021 17:38 WIB "
"Gunung Semeru Meletus, BNPB: Sejumlah Lokasi Gelap",https://news.detik.com/berita/d-5840535/gunung-semeru-meletus-bnpb-sejumlah-lokasi-gelap,"
Sabtu, 04 Des 2021 17:34 WIB "
"BNPB: Belum Ada Laporan Korban Erupsi, Gunung Semeru Masih Tertutup Kabut",https://news.detik.com/berita/d-5840534/bnpb-belum-ada-laporan-korban-erupsi-gunung-semeru-masih-tertutup-kabut,"
Sabtu, 04 Des 2021 17:33 WIB "
BNPB Jelaskan Detik-detik Erupsi Gunung Semeru,https://news.detik.com/berita/d-5840521/bnpb-jelaskan-detik-detik-erupsi-gunung-semeru,"
Sabtu, 04 Des 2021 17:16 WIB "
"Gunung Semeru Erupsi, Malang Diguyur Hujan Abu",https://news.detik.com/berita-jawa-timur/d-5840516/gunung-semeru-erupsi-malang-diguyur-hujan-abu,"
Sabtu, 04 Des 2021 17:14 WIB "
Kepanikan Warga Saat Gunung Semeru Erupsi!,https://news.detik.com/berita-jawa-timur/d-5840499/kepanikan-warga-saat-gunung-semeru-erupsi,"
Sabtu, 04 Des 2021 17:13 WIB "
"Gunung Semeru Erupsi, Lumajang Dilanda Abu Vulkanik",https://news.detik.com/berita-jawa-timur/d-5840491/gunung-semeru-erupsi-lumajang-dilanda-abu-vulkanik,"
Sabtu, 04 Des 2021 16:58 WIB "
"Gunung Semeru Erupsi, PVMBG: Diawali Kejadian Laharan",https://news.detik.com/berita-jawa-barat/d-5840487/gunung-semeru-erupsi-pvmbg-diawali-kejadian-laharan,"
Sabtu, 04 Des 2021 16:54 WIB "
"Gunung Semeru Erupsi, Dua Kecamatan di Lumajang Gelap Gulita",https://news.detik.com/berita-jawa-timur/d-5840459/gunung-semeru-erupsi-dua-kecamatan-di-lumajang-gelap-gulita,"
Sabtu, 04 Des 2021 16:28 WIB "
"Gunung Semeru Erupsi, Warga Berlarian Panik",https://news.detik.com/berita-jawa-timur/d-5840451/gunung-semeru-erupsi-warga-berlarian-panik,"
Sabtu, 04 Des 2021 16:14 WIB "
