title,url,date
BMKG Ungkap Sumber Suara Gemuruh Saat Gempa Cianjur,https://news.detik.com/berita/d-6644515/bmkg-ungkap-sumber-suara-gemuruh-saat-gempa-cianjur,"
Rabu, 29 Mar 2023 14:59 WIB "
Heboh Warga Dengar Suara Gemuruh Keras Saat Gempa Cianjur,https://news.detik.com/berita/d-6644455/heboh-warga-dengar-suara-gemuruh-keras-saat-gempa-cianjur,"
Rabu, 29 Mar 2023 14:37 WIB "
"Gempa Darat M 4,0 Guncang Cianjur",https://news.detik.com/berita/d-6644142/gempa-darat-m-4-0-guncang-cianjur,"
Rabu, 29 Mar 2023 12:47 WIB "
BPBD Petakan 3 Kecamatan di Puncak Bogor Rawan Bencana Longsor,https://news.detik.com/berita/d-6630613/bpbd-petakan-3-kecamatan-di-puncak-bogor-rawan-bencana-longsor,"
Selasa, 21 Mar 2023 13:54 WIB "
"Banjir Terjang Cianjur, Belasan Tenda Pengungsian Korban Gempa Hanyut",https://news.detik.com/berita/d-6629750/banjir-terjang-cianjur-belasan-tenda-pengungsian-korban-gempa-hanyut,"
Senin, 20 Mar 2023 23:14 WIB "
berbuatbaik.id Ringankan Beban Korban Gempa Cianjur yang Ditinggal Keluarga,https://news.detik.com/berita/d-6616053/berbuatbaik-id-ringankan-beban-korban-gempa-cianjur-yang-ditinggal-keluarga,"
Senin, 13 Mar 2023 13:18 WIB "
Peran Kampus dan Ketangguhan Bencana,https://news.detik.com/kolom/d-6612879/peran-kampus-dan-ketangguhan-bencana,"
Sabtu, 11 Mar 2023 10:49 WIB "
Ketua IMI Kecam Kegiatan Ilegal Komunitas Motor Trail di Ranca Upas,https://news.detik.com/berita/d-6612080/ketua-imi-kecam-kegiatan-ilegal-komunitas-motor-trail-di-ranca-upas,"
Jumat, 10 Mar 2023 18:28 WIB "
"Bantu Warga Terdampak Gempa di Cianjur, BNI Diapresiasi Kemenkes",https://news.detik.com/berita/d-6609538/bantu-warga-terdampak-gempa-di-cianjur-bni-diapresiasi-kemenkes,"
Kamis, 09 Mar 2023 14:41 WIB "
Komisi VIII DPR Dukung Penyaluran Bantuan Bencana Dibuat Simpel,https://news.detik.com/berita/d-6598221/komisi-viii-dpr-dukung-penyaluran-bantuan-bencana-dibuat-simpel,"
Jumat, 03 Mar 2023 09:03 WIB "
"Rakornas BNPB, Kapolri Bicara Langkah Konkret Manajemen Risiko Bencana",https://news.detik.com/berita/d-6597486/rakornas-bnpb-kapolri-bicara-langkah-konkret-manajemen-risiko-bencana,"
Kamis, 02 Mar 2023 17:43 WIB "
"Mendagri Ingatkan Pendidikan Bencana, Singgung Momen Kepala BMKG Ditertawakan",https://news.detik.com/berita/d-6597001/mendagri-ingatkan-pendidikan-bencana-singgung-momen-kepala-bmkg-ditertawakan,"
Kamis, 02 Mar 2023 14:50 WIB "
BNPB Targetkan Vaksinasi Penyakit Mulut dan Kuku Hewan Selesai di 2023,https://news.detik.com/berita/d-6596621/bnpb-targetkan-vaksinasi-penyakit-mulut-dan-kuku-hewan-selesai-di-2023,"
Kamis, 02 Mar 2023 12:14 WIB "
Jokowi Minta Aturan Ruwet Penyaluran Bantuan Bencana Disederhanakan!,https://news.detik.com/berita/d-6596464/jokowi-minta-aturan-ruwet-penyaluran-bantuan-bencana-disederhanakan,"
Kamis, 02 Mar 2023 11:01 WIB "
"Bagi-bagi Sertifikat Tanah di Cianjur, Puan Pesan Jangan Asal Digadaikan",https://news.detik.com/berita/d-6595833/bagi-bagi-sertifikat-tanah-di-cianjur-puan-pesan-jangan-asal-digadaikan,"
Rabu, 01 Mar 2023 20:06 WIB "
"Kunjungi Cianjur, Puan Dorong Percepatan Relokasi Rumah Korban Gempa",https://news.detik.com/berita/d-6595736/kunjungi-cianjur-puan-dorong-percepatan-relokasi-rumah-korban-gempa,"
Rabu, 01 Mar 2023 19:13 WIB "
Puan Minta Bantuan Dana Guru Madrasah di Cianjur Disalurkan Bulan Ini,https://news.detik.com/berita/d-6595645/puan-minta-bantuan-dana-guru-madrasah-di-cianjur-disalurkan-bulan-ini,"
Rabu, 01 Mar 2023 18:39 WIB "
Tim berbuatbaik.id Salurkan Donasi untuk SD yang Terdampak Gempa Cianjur,https://news.detik.com/berita/d-6593472/tim-berbuatbaik-id-salurkan-donasi-untuk-sd-yang-terdampak-gempa-cianjur,"
Selasa, 28 Feb 2023 17:18 WIB "
Partai Garuda: Jangan Beri Ruang Teroris Manfaatkan Dana atas Nama Bencana,https://news.detik.com/berita/d-6578582/partai-garuda-jangan-beri-ruang-teroris-manfaatkan-dana-atas-nama-bencana,"
Senin, 20 Feb 2023 13:37 WIB "
"PPATK Laporkan Dugaan Penyelewengan Bantuan Gempa Cianjur, Ma'ruf: Tindak!",https://news.detik.com/berita/d-6577251/ppatk-laporkan-dugaan-penyelewengan-bantuan-gempa-cianjur-maruf-tindak,"
Minggu, 19 Feb 2023 16:49 WIB "
"Diundang KSAD-Ketua MUI, Wapres Bakal Hadiri Isra Mi'raj di Cianjur",https://news.detik.com/berita/d-6573314/diundang-ksad-ketua-mui-wapres-bakal-hadiri-isra-miraj-di-cianjur,"
Jumat, 17 Feb 2023 04:24 WIB "
Polisi Selidiki Dugaan JAD Galang Dana Lewat Bantuan Gempa Cianjur,https://news.detik.com/berita/d-6570431/polisi-selidiki-dugaan-jad-galang-dana-lewat-bantuan-gempa-cianjur,"
Rabu, 15 Feb 2023 15:52 WIB "
Eks Teroris soal JAD Galang Dana Dalih Korban Gempa Cianjur: Modus Lama,https://news.detik.com/berita/d-6567406/eks-teroris-soal-jad-galang-dana-dalih-korban-gempa-cianjur-modus-lama,"
Selasa, 14 Feb 2023 06:53 WIB "
BNPT Ungkap Kelompok Teroris JAD Galang Dana Lewat Gempa Cianjur,https://news.detik.com/berita/d-6566144/bnpt-ungkap-kelompok-teroris-jad-galang-dana-lewat-gempa-cianjur,"
Senin, 13 Feb 2023 14:13 WIB "
"Hubungi Ketua Parlemen Turki, Bamsoet: RI Kirim Bantuan Kemanusiaan",https://news.detik.com/berita/d-6559035/hubungi-ketua-parlemen-turki-bamsoet-ri-kirim-bantuan-kemanusiaan,"
Rabu, 08 Feb 2023 20:24 WIB "
"BMKG: Gempa M 5,2 Banten Akibat Aktivitas Subduksi Lempeng Indo-Australia",https://news.detik.com/berita/d-6555412/bmkg-gempa-m-5-2-banten-akibat-aktivitas-subduksi-lempeng-indo-australia,"
Selasa, 07 Feb 2023 09:42 WIB "
"Analisis BMKG soal Gempa M 5,2 Banten yang Getarannya Terasa Sampai Jakarta",https://news.detik.com/berita/d-6555319/analisis-bmkg-soal-gempa-m-5-2-banten-yang-getarannya-terasa-sampai-jakarta,"
Selasa, 07 Feb 2023 08:40 WIB "
"Ini Titik Pusat Gempa M 5,2 Banten yang Terasa di Jakarta hingga Bogor",https://news.detik.com/berita/d-6555295/ini-titik-pusat-gempa-m-5-2-banten-yang-terasa-di-jakarta-hingga-bogor,"
Selasa, 07 Feb 2023 08:12 WIB "
"Gempa M 5,2 Banten Terasa di Jakarta hingga Bogor",https://news.detik.com/berita/d-6555292/gempa-m-5-2-banten-terasa-di-jakarta-hingga-bogor,"
Selasa, 07 Feb 2023 08:05 WIB "
Korps Brimob Gelar Latihan Basic Trauma and Cardiac Life Support,https://news.detik.com/berita/d-6553547/korps-brimob-gelar-latihan-basic-trauma-and-cardiac-life-support,"
Senin, 06 Feb 2023 11:12 WIB "
Bupati Cianjur Jelaskan soal Viral Walkout Saat Audiensi Penanganan Gempa,https://news.detik.com/berita/d-6549759/bupati-cianjur-jelaskan-soal-viral-walkout-saat-audiensi-penanganan-gempa,"
Jumat, 03 Feb 2023 15:26 WIB "
"Gempa M 4,4 Banten Terasa Kuat di Pelabuhan Ratu, BMKG Ungkap Pemicunya",https://news.detik.com/berita/d-6548678/gempa-m-4-4-banten-terasa-kuat-di-pelabuhan-ratu-bmkg-ungkap-pemicunya,"
Kamis, 02 Feb 2023 21:12 WIB "
"Gempa M 4,4 Guncang Banten",https://news.detik.com/berita/d-6548569/gempa-m-4-4-guncang-banten,"
Kamis, 02 Feb 2023 19:59 WIB "
"Gempa M 2,7 Guncang Cianjur, Getaran Terasa di Cipanas",https://news.detik.com/berita/d-6545052/gempa-m-2-7-guncang-cianjur-getaran-terasa-di-cipanas,"
Rabu, 01 Feb 2023 08:52 WIB "
Kepala BPBD Cianjur dan Kasatpol PP Mundur dari Jabatan,https://news.detik.com/berita/d-6544024/kepala-bpbd-cianjur-dan-kasatpol-pp-mundur-dari-jabatan,"
Selasa, 31 Jan 2023 16:17 WIB "
"Sempat Hilang, 9 Pendaki Ilegal Gunung Gede Asal Jakarta Disanksi 2 Tahun!",https://news.detik.com/berita/d-6535527/sempat-hilang-9-pendaki-ilegal-gunung-gede-asal-jakarta-disanksi-2-tahun,"
Kamis, 26 Jan 2023 14:01 WIB "
"Gempa Cianjur 24 Januari 2023: Kekuatan, Penyebab, Hingga Dampak",https://news.detik.com/berita/d-6530891/gempa-cianjur-24-januari-2023-kekuatan-penyebab-hingga-dampak,"
Selasa, 24 Jan 2023 10:05 WIB "
"Analisis BMKG soal Gempa M 4,3 Cianjur yang Sempat Dirasakan di Jakarta",https://news.detik.com/berita/d-6530723/analisis-bmkg-soal-gempa-m-4-3-cianjur-yang-sempat-dirasakan-di-jakarta,"
Selasa, 24 Jan 2023 07:57 WIB "
"Ada Korban Luka Tertimpa Reruntuhan Usai Cianjur Diguncang Gempa M 4,4",https://news.detik.com/berita/d-6530655/ada-korban-luka-tertimpa-reruntuhan-usai-cianjur-diguncang-gempa-m-4-4,"
Selasa, 24 Jan 2023 05:55 WIB "
"Warga Berhamburan Keluar saat Gempa M 4,4 Guncang Cianjur",https://news.detik.com/berita/d-6530627/warga-berhamburan-keluar-saat-gempa-m-4-4-guncang-cianjur,"
Selasa, 24 Jan 2023 03:28 WIB "
"Gempa M 4,4 Terjadi di Cianjur",https://news.detik.com/berita/d-6530621/gempa-m-4-4-terjadi-di-cianjur,"
Selasa, 24 Jan 2023 03:03 WIB "
PPP Bantu Renovasi Rumah-Ponpes Korban Gempa Cianjur,https://news.detik.com/berita/d-6522397/ppp-bantu-renovasi-rumah-ponpes-korban-gempa-cianjur,"
Rabu, 18 Jan 2023 16:48 WIB "
"Gempa Darat M 2,6 Terjadi di Cianjur",https://news.detik.com/berita/d-6521079/gempa-darat-m-2-6-terjadi-di-cianjur,"
Selasa, 17 Jan 2023 23:51 WIB "
CT ARSA Bangun Masjid dan Rumah Inspirasi di Cianjur,https://news.detik.com/berita/d-6519599/ct-arsa-bangun-masjid-dan-rumah-inspirasi-di-cianjur,"
Selasa, 17 Jan 2023 11:15 WIB "
Warga Cianjur Tewas Tertimpa Tembok Saat Bersihkan Puing Sisa Gempa,https://news.detik.com/berita/d-6503960/warga-cianjur-tewas-tertimpa-tembok-saat-bersihkan-puing-sisa-gempa,"
Minggu, 08 Jan 2023 05:38 WIB "
Kilas Balik Duka Cianjur Diguncang Gempa Dashyat,https://news.detik.com/berita/d-6501898/kilas-balik-duka-cianjur-diguncang-gempa-dashyat,"
Jumat, 06 Jan 2023 16:06 WIB "
"Sekjen PAN Bela Ridwan Kamil: Masjid Diperhatikan, Program Lain Juga",https://news.detik.com/berita/d-6500163/sekjen-pan-bela-ridwan-kamil-masjid-diperhatikan-program-lain-juga,"
Kamis, 05 Jan 2023 16:27 WIB "
"Gempa M 2,9 Guncang Cianjur Pagi Ini",https://news.detik.com/berita/d-6499073/gempa-m-2-9-guncang-cianjur-pagi-ini,"
Kamis, 05 Jan 2023 05:46 WIB "
"Ditemani Risma, Ma'ruf Amin Tinjau Penanganan Pascagempa Cianjur",https://news.detik.com/berita/d-6497626/ditemani-risma-maruf-amin-tinjau-penanganan-pascagempa-cianjur,"
Rabu, 04 Jan 2023 11:54 WIB "
Bamsoet Beberkan Capaian PERIKHSA Sepanjang 2022,https://news.detik.com/berita/d-6494994/bamsoet-beberkan-capaian-perikhsa-sepanjang-2022,"
Senin, 02 Jan 2023 19:55 WIB "
KPK Verifikasi Aduan soal Dugaan Penyelewengan Bantuan Gempa Cianjur,https://news.detik.com/berita/d-6494394/kpk-verifikasi-aduan-soal-dugaan-penyelewengan-bantuan-gempa-cianjur,"
Senin, 02 Jan 2023 15:43 WIB "
"Gempa Darat M 2,4 Terjadi di Cianjur",https://news.detik.com/berita/d-6493805/gempa-darat-m-2-4-terjadi-di-cianjur,"
Senin, 02 Jan 2023 11:29 WIB "
"10 Ribu Lebih Gempa Guncang Indonesia di 2022, 22 Kali Merusak",https://news.detik.com/berita/d-6492769/10-ribu-lebih-gempa-guncang-indonesia-di-2022-22-kali-merusak,"
Minggu, 01 Jan 2023 14:19 WIB "
Ada 1.409 Bencana di Jakarta Selama 2022!,https://news.detik.com/berita/d-6491437/ada-1-409-bencana-di-jakarta-selama-2022,"
Sabtu, 31 Des 2022 15:40 WIB "
Kepala BPIP Ajak Masyarakat Terdampak Gempa Cianjur Bangkit,https://news.detik.com/berita/d-6490513/kepala-bpip-ajak-masyarakat-terdampak-gempa-cianjur-bangkit,"
Jumat, 30 Des 2022 22:31 WIB "
BPIP Berikan Trauma Healing untuk Korban Gempa Cianjur,https://news.detik.com/berita/d-6490502/bpip-berikan-trauma-healing-untuk-korban-gempa-cianjur,"
Jumat, 30 Des 2022 22:02 WIB "
Kemendagri & BNPP Bangun Fasilitas MCK untuk Korban Gempa Cianjur,https://news.detik.com/berita/d-6490427/kemendagri-bnpp-bangun-fasilitas-mck-untuk-korban-gempa-cianjur,"
Jumat, 30 Des 2022 20:53 WIB "
"Antisipasi Cuaca Ekstrem, Polri Siagakan Tim SAR",https://news.detik.com/berita/d-6485086/antisipasi-cuaca-ekstrem-polri-siagakan-tim-sar,"
Rabu, 28 Des 2022 11:18 WIB "
KPK Kembali Terima Aduan Dugaan Penyelewengan Bantuan Gempa Cianjur,https://news.detik.com/berita/d-6484559/kpk-kembali-terima-aduan-dugaan-penyelewengan-bantuan-gempa-cianjur,"
Selasa, 27 Des 2022 22:03 WIB "
Perjalanan Airlangga Hartarto dan Yellow Clinic Tangani Gempa Cianjur,https://news.detik.com/berita/d-6483980/perjalanan-airlangga-hartarto-dan-yellow-clinic-tangani-gempa-cianjur,"
Selasa, 27 Des 2022 17:10 WIB "
Tuduhan Gelapkan Bantuan Gempa Cianjur Dibantah Mentah-mentah Bupati Herman,https://news.detik.com/berita/d-6482853/tuduhan-gelapkan-bantuan-gempa-cianjur-dibantah-mentah-mentah-bupati-herman,"
Selasa, 27 Des 2022 08:16 WIB "
"Dilaporkan ke KPK, Bupati Cianjur Bantah Selewengkan Bantuan Korban Gempa",https://news.detik.com/berita/d-6482701/dilaporkan-ke-kpk-bupati-cianjur-bantah-selewengkan-bantuan-korban-gempa,"
Senin, 26 Des 2022 23:20 WIB "
Bupati Cianjur Dilaporkan ke KPK Dugaan Penyelewengan Bantuan Korban Gempa,https://news.detik.com/berita/d-6482518/bupati-cianjur-dilaporkan-ke-kpk-dugaan-penyelewengan-bantuan-korban-gempa,"
Senin, 26 Des 2022 20:17 WIB "
5 Fakta Baru Ambulans Stiker Legislator Lawan Arus Ditilang di Bogor,https://news.detik.com/berita/d-6479758/5-fakta-baru-ambulans-stiker-legislator-lawan-arus-ditilang-di-bogor,"
Minggu, 25 Des 2022 06:35 WIB "
"Cegah Penyalahgunaan, Ambulans di Puncak Akan Diperiksa Saat Nataru",https://news.detik.com/berita/d-6478651/cegah-penyalahgunaan-ambulans-di-puncak-akan-diperiksa-saat-nataru,"
Sabtu, 24 Des 2022 11:04 WIB "
Sopir Ambulans Legislator DKI Lawan Arah di Puncak Bogor Ditilang,https://news.detik.com/berita/d-6478293/sopir-ambulans-legislator-dki-lawan-arah-di-puncak-bogor-ditilang,"
Jumat, 23 Des 2022 22:26 WIB "
Tim Dokter GERAK BS Sukses Operasi Kedua Bayi Hidrosefalus di Cianjur,https://news.detik.com/berita/d-6478288/tim-dokter-gerak-bs-sukses-operasi-kedua-bayi-hidrosefalus-di-cianjur,"
Jumat, 23 Des 2022 22:24 WIB "
Ulah Ambulans Stiker Legislator Lawan Arah di Puncak Bogor,https://news.detik.com/berita/d-6478285/ulah-ambulans-stiker-legislator-lawan-arah-di-puncak-bogor,"
Jumat, 23 Des 2022 22:22 WIB "
"Lawan Arah, Sopir Ambulans Legislator NasDem Hendak Hadiri Gathering Relawan",https://news.detik.com/berita/d-6478222/lawan-arah-sopir-ambulans-legislator-nasdem-hendak-hadiri-gathering-relawan,"
Jumat, 23 Des 2022 21:27 WIB "
Legislator NasDem Akan Sanksi Sopir Ambulans yang Lawan Arah di Puncak,https://news.detik.com/berita/d-6477866/legislator-nasdem-akan-sanksi-sopir-ambulans-yang-lawan-arah-di-puncak,"
Jumat, 23 Des 2022 18:08 WIB "
"Lawan Arah di Puncak, Ambulans Berstiker Legislator DKI Bawa Alat Gathering",https://news.detik.com/berita/d-6477467/lawan-arah-di-puncak-ambulans-berstiker-legislator-dki-bawa-alat-gathering,"
Jumat, 23 Des 2022 15:51 WIB "
Bupati Cianjur Minta Maaf soal Ucapan 'Bencana Gempa Membawa Berkah',https://news.detik.com/berita/d-6475825/bupati-cianjur-minta-maaf-soal-ucapan-bencana-gempa-membawa-berkah,"
Kamis, 22 Des 2022 17:27 WIB "
Presiden Vietnam Sampaikan Dukacita atas Gempa Cianjur,https://news.detik.com/berita/d-6475088/presiden-vietnam-sampaikan-dukacita-atas-gempa-cianjur,"
Kamis, 22 Des 2022 12:55 WIB "
Pemprov DKI Ungkap Penyebab Harga Telur Naik Jelang Natal dan Tahun Baru,https://news.detik.com/berita/d-6474311/pemprov-dki-ungkap-penyebab-harga-telur-naik-jelang-natal-dan-tahun-baru,"
Rabu, 21 Des 2022 21:04 WIB "
Mensos Ajak Tingkatkan Kesetiakawanan Sosial buat Atasi Masalah Bangsa,https://news.detik.com/berita/d-6472935/mensos-ajak-tingkatkan-kesetiakawanan-sosial-buat-atasi-masalah-bangsa,"
Rabu, 21 Des 2022 10:43 WIB "
Mensos Risma Janji Terus Dampingi Korban Gempa Cianjur,https://news.detik.com/berita/d-6472214/mensos-risma-janji-terus-dampingi-korban-gempa-cianjur,"
Selasa, 20 Des 2022 18:33 WIB "
"HKSN 2022, Risma Cerita Temukan Anak Korban Gempa Cianjur Derita Katarak",https://news.detik.com/berita/d-6471646/hksn-2022-risma-cerita-temukan-anak-korban-gempa-cianjur-derita-katarak,"
Selasa, 20 Des 2022 15:08 WIB "
Alumni Akpol 2010 Ajak Puluhan Penghuni Panti Jompo Wisata Jakarta Aquarium,https://news.detik.com/berita/d-6468595/alumni-akpol-2010-ajak-puluhan-penghuni-panti-jompo-wisata-jakarta-aquarium,"
Senin, 19 Des 2022 00:07 WIB "
PAN Pertanyakan Imbauan Bawaslu soal Parpol Tak Kampanye Dini,https://news.detik.com/pemilu/d-6468584/pan-pertanyakan-imbauan-bawaslu-soal-parpol-tak-kampanye-dini,"
Minggu, 18 Des 2022 23:39 WIB "
"3 Tahun Berjalan, Ini Sederet Capaian dari GERAK BS",https://news.detik.com/berita/d-6468437/3-tahun-berjalan-ini-sederet-capaian-dari-gerak-bs,"
Minggu, 18 Des 2022 20:28 WIB "
Strategi Regulasi Pemenuhan Rumah Tahan Gempa,https://news.detik.com/kolom/d-6465083/strategi-regulasi-pemenuhan-rumah-tahan-gempa,"
Jumat, 16 Des 2022 15:30 WIB "
"Kemenkumham Salurkan Bantuan Rp 2,2 Miliar untuk Korban Gempa Cianjur",https://news.detik.com/berita/d-6465116/kemenkumham-salurkan-bantuan-rp-2-2-miliar-untuk-korban-gempa-cianjur,"
Jumat, 16 Des 2022 15:07 WIB "
"Gempa Magnitudo 2,6 Terjadi di Cianjur",https://news.detik.com/berita/d-6464397/gempa-magnitudo-2-6-terjadi-di-cianjur,"
Jumat, 16 Des 2022 08:58 WIB "
Andre Rosiade & DPP IKM Salurkan Bantuan ke Korban Gempa Cianjur,https://news.detik.com/berita/d-6463827/andre-rosiade-dpp-ikm-salurkan-bantuan-ke-korban-gempa-cianjur,"
Kamis, 15 Des 2022 19:10 WIB "
Bupati Cianjur: Data 602 Korban Gempa Meninggal Bukan untuk Diperdebatkan,https://news.detik.com/berita/d-6461517/bupati-cianjur-data-602-korban-gempa-meninggal-bukan-untuk-diperdebatkan,"
Rabu, 14 Des 2022 17:34 WIB "
"Jokowi Bertemu PM Ceko, Bahas Kerja Sama Pertahanan dan Indo-Pasifik",https://news.detik.com/berita/d-6461408/jokowi-bertemu-pm-ceko-bahas-kerja-sama-pertahanan-dan-indo-pasifik,"
Rabu, 14 Des 2022 16:42 WIB "
Pj Gubernur Heru Budi Lepas 4 Truk Bantuan untuk Korban Gempa Cianjur,https://news.detik.com/berita/d-6461244/pj-gubernur-heru-budi-lepas-4-truk-bantuan-untuk-korban-gempa-cianjur,"
Rabu, 14 Des 2022 15:35 WIB "
"HUT Ke-32 di RI, LG Beberkan Upaya Dorong Kemajuan Tanah Air",https://news.detik.com/adv-nhl-detikcom/d-6458762/hut-ke-32-di-ri-lg-beberkan-upaya-dorong-kemajuan-tanah-air,"
Selasa, 13 Des 2022 12:00 WIB "
Pemerintah Revisi Aturan Usai Jokowi Tambah Nilai Bantuan Gempa Cianjur,https://news.detik.com/berita/d-6457591/pemerintah-revisi-aturan-usai-jokowi-tambah-nilai-bantuan-gempa-cianjur,"
Senin, 12 Des 2022 17:50 WIB "
Bupati Cianjur: Total Korban Meninggal Akibat Gempa Sekitar 600 Orang,https://news.detik.com/berita/d-6457252/bupati-cianjur-total-korban-meninggal-akibat-gempa-sekitar-600-orang,"
Senin, 12 Des 2022 15:44 WIB "
"Terapkan Metode RISHA, 2 Sekolah di Cianjur Tak Terdampak Gempa",https://news.detik.com/berita/d-6456715/terapkan-metode-risha-2-sekolah-di-cianjur-tak-terdampak-gempa,"
Senin, 12 Des 2022 12:14 WIB "
Cerita soal Kantong Polos Bantuan Prabowo untuk Korban Gempa Cianjur,https://news.detik.com/pemilu/d-6456547/cerita-soal-kantong-polos-bantuan-prabowo-untuk-korban-gempa-cianjur,"
Senin, 12 Des 2022 11:03 WIB "
"Bantu Korban Gempa Cianjur, Muzani: Prabowo Berpesan Ringankan Beban Rakyat",https://news.detik.com/berita/d-6455064/bantu-korban-gempa-cianjur-muzani-prabowo-berpesan-ringankan-beban-rakyat,"
Minggu, 11 Des 2022 11:16 WIB "
CT ARSA Foundation Siaga Bantu Bencana,https://news.detik.com/berita/d-6454641/ct-arsa-foundation-siaga-bantu-bencana,"
Minggu, 11 Des 2022 00:11 WIB "
Soal Sesar Cugenang yang Baru Terdeteksi dan Jadi Pemicu Gempa Cianjur,https://news.detik.com/berita/d-6454353/soal-sesar-cugenang-yang-baru-terdeteksi-dan-jadi-pemicu-gempa-cianjur,"
Sabtu, 10 Des 2022 19:30 WIB "
Fraksi Gerindra Kawal Realisasi Janji Presiden Kepada Korban Gempa Cianjur,https://news.detik.com/berita/d-6454246/fraksi-gerindra-kawal-realisasi-janji-presiden-kepada-korban-gempa-cianjur,"
Sabtu, 10 Des 2022 18:22 WIB "
"Bantu Daerah Terdampak Gempa, Yayasan Andrew & Tony Donasi Rp 1 M ke PMI",https://news.detik.com/berita/d-6453721/bantu-daerah-terdampak-gempa-yayasan-andrew-tony-donasi-rp-1-m-ke-pmi,"
Sabtu, 10 Des 2022 12:49 WIB "
Sido Muncul Bantu 150 Penderita Katarak di Bandung Operasi Gratis,https://news.detik.com/adv-nhl-detikcom/d-6451703/sido-muncul-bantu-150-penderita-katarak-di-bandung-operasi-gratis,"
Sabtu, 10 Des 2022 00:00 WIB "
Rekomendasi 9 Desa Harus Direlokasi Sebab Ada di Atas Sesar Cugenang,https://news.detik.com/berita/d-6453055/rekomendasi-9-desa-harus-direlokasi-sebab-ada-di-atas-sesar-cugenang,"
Jumat, 09 Des 2022 22:34 WIB "
WIKA Bangun Klinik Modular Beri Dukungan Medis ke Korban Gempa Cianjur,https://news.detik.com/berita/d-6452594/wika-bangun-klinik-modular-beri-dukungan-medis-ke-korban-gempa-cianjur,"
Jumat, 09 Des 2022 18:00 WIB "
"Banyak Bencana Alam Melanda RI, Kemensos Gelar Doa Bersama",https://news.detik.com/berita/d-6452184/banyak-bencana-alam-melanda-ri-kemensos-gelar-doa-bersama,"
Jumat, 09 Des 2022 15:30 WIB "
RK Akan Minta Bukti Foto Cegah Penyalahgunaan Dana Bantuan Gempa Cianjur,https://news.detik.com/berita/d-6452061/rk-akan-minta-bukti-foto-cegah-penyalahgunaan-dana-bantuan-gempa-cianjur,"
Jumat, 09 Des 2022 14:48 WIB "
BMKG Jelaskan Radius Bahaya di Sesar Cugenang yang Lintasi 9 Desa,https://news.detik.com/berita/d-6451654/bmkg-jelaskan-radius-bahaya-di-sesar-cugenang-yang-lintasi-9-desa,"
Jumat, 09 Des 2022 11:45 WIB "
"16 Kali Gempa dalam 2 Pekan di Indonesia, Mengapa Kini Sering Terjadi?",https://news.detik.com/bbc-world/d-6451341/16-kali-gempa-dalam-2-pekan-di-indonesia-mengapa-kini-sering-terjadi,"
Jumat, 09 Des 2022 09:35 WIB "
"Alumni Akpol 1990 Bantu Korban Gempa Cianjur, Kirim Uang-Alat Kebersihan",https://news.detik.com/berita/d-6450973/alumni-akpol-1990-bantu-korban-gempa-cianjur-kirim-uang-alat-kebersihan,"
Kamis, 08 Des 2022 21:25 WIB "
Ngeri! 1.800 Rumah di Cianjur Masuk Zona Bahaya Patahan Aktif Cugenang,https://news.detik.com/berita/d-6450736/ngeri-1-800-rumah-di-cianjur-masuk-zona-bahaya-patahan-aktif-cugenang,"
Kamis, 08 Des 2022 18:54 WIB "
"Pengungsi Ngaku Diminta Bayar Sewa Rp 1,5 Juta, Bupati Cianjur: Keterlaluan",https://news.detik.com/berita/d-6450377/pengungsi-ngaku-diminta-bayar-sewa-rp-1-5-juta-bupati-cianjur-keterlaluan,"
Kamis, 08 Des 2022 16:40 WIB "
BMKG Minta Rumah Tak Dibangun di 6 Desa di Cianjur Imbas Patahan Cugenang,https://news.detik.com/berita/d-6450042/bmkg-minta-rumah-tak-dibangun-di-6-desa-di-cianjur-imbas-patahan-cugenang,"
Kamis, 08 Des 2022 14:53 WIB "
Jokowi Minta Pembangunan Sekolah Terdampak Gempa Cianjur Selesai 3 Bulan,https://news.detik.com/berita/d-6449870/jokowi-minta-pembangunan-sekolah-terdampak-gempa-cianjur-selesai-3-bulan,"
Kamis, 08 Des 2022 13:52 WIB "
Jokowi ke Pangdam-Kapolda: Gerakkan TNI-Polri Bersihkan Puing Rumah Cianjur,https://news.detik.com/berita/d-6449851/jokowi-ke-pangdam-kapolda-gerakkan-tni-polri-bersihkan-puing-rumah-cianjur,"
Kamis, 08 Des 2022 13:45 WIB "
Jokowi Ingatkan Bantuan Gempa Cianjur Jangan Dipakai Buat Beli Motor,https://news.detik.com/berita/d-6449707/jokowi-ingatkan-bantuan-gempa-cianjur-jangan-dipakai-buat-beli-motor,"
Kamis, 08 Des 2022 12:44 WIB "
Jokowi Tambah Nilai Bantuan Perbaikan Rumah Korban Gempa Cianjur,https://news.detik.com/berita/d-6449679/jokowi-tambah-nilai-bantuan-perbaikan-rumah-korban-gempa-cianjur,"
Kamis, 08 Des 2022 12:27 WIB "
Kemensos Beri Pelatihan Memasak bagi Ibu-ibu Penyintas Gempa Cianjur,https://news.detik.com/berita/d-6449586/kemensos-beri-pelatihan-memasak-bagi-ibu-ibu-penyintas-gempa-cianjur,"
Kamis, 08 Des 2022 11:57 WIB "
"Jokowi Jenguk Korban Gempa Cianjur: Cepat Sembuh, Afikah",https://news.detik.com/berita/d-6449544/jokowi-jenguk-korban-gempa-cianjur-cepat-sembuh-afikah,"
Kamis, 08 Des 2022 11:43 WIB "
"Gempa Sukabumi Pagi Ini Terjadi di Zona Benioff, Apa Itu?",https://news.detik.com/berita/d-6449463/gempa-sukabumi-pagi-ini-terjadi-di-zona-benioff-apa-itu,"
Kamis, 08 Des 2022 10:55 WIB "
"Gempa 8 Desember 2022 di Sukabumi: Kekuatan, Jenis, Penyebabnya",https://news.detik.com/berita/d-6449446/gempa-8-desember-2022-di-sukabumi-kekuatan-jenis-penyebabnya,"
Kamis, 08 Des 2022 10:39 WIB "
"Penyebab Gempa M 5,8 di Sukabumi: Ada Patahan Batuan Lempeng Indo-Australia",https://news.detik.com/berita/d-6449303/penyebab-gempa-m-5-8-di-sukabumi-ada-patahan-batuan-lempeng-indo-australia,"
Kamis, 08 Des 2022 09:26 WIB "
"BMKG: Gempa Sukabumi Pagi Ini adalah Gempa Benioff, Bukan Megathrust",https://news.detik.com/berita/d-6449235/bmkg-gempa-sukabumi-pagi-ini-adalah-gempa-benioff-bukan-megathrust,"
Kamis, 08 Des 2022 08:36 WIB "
"Ini Titik Pusat Gempa M 5,8 di Sukabumi yang Terasa hingga di Jakarta",https://news.detik.com/berita/d-6449232/ini-titik-pusat-gempa-m-5-8-di-sukabumi-yang-terasa-hingga-di-jakarta,"
Kamis, 08 Des 2022 08:33 WIB "
"Wilayah Rasakan Gempa M 5,8 Sukabumi: Bogor, Bandung, hingga Jakarta",https://news.detik.com/berita/d-6449206/wilayah-rasakan-gempa-m-5-8-sukabumi-bogor-bandung-hingga-jakarta,"
Kamis, 08 Des 2022 08:23 WIB "
"Analisis BMKG soal Gempa M 5,8 di Sukabumi Terasa Lebih Kuat",https://news.detik.com/berita/d-6449205/analisis-bmkg-soal-gempa-m-5-8-di-sukabumi-terasa-lebih-kuat,"
Kamis, 08 Des 2022 08:23 WIB "
Cerita Prabowo Peluk Korban Gempa Cianjur di Posko Pengungsian,https://news.detik.com/berita/d-6449121/cerita-prabowo-peluk-korban-gempa-cianjur-di-posko-pengungsian,"
Kamis, 08 Des 2022 03:13 WIB "
Momen Prabowo Kecup Anak Terdampak Gempa Cianjur,https://news.detik.com/berita/d-6448620/momen-prabowo-kecup-anak-terdampak-gempa-cianjur,"
Rabu, 07 Des 2022 18:25 WIB "
Cak Imin Minta Pemerintah Prioritaskan Bantu Ponpes Terdampak Gempa di Cianjur,https://news.detik.com/berita/d-6448508/cak-imin-minta-pemerintah-prioritaskan-bantu-ponpes-terdampak-gempa-di-cianjur,"
Rabu, 07 Des 2022 17:45 WIB "
Layanan Kependudukan Kemendagri di Cianjur Dapat Apresiasi,https://news.detik.com/berita/d-6447603/layanan-kependudukan-kemendagri-di-cianjur-dapat-apresiasi,"
Rabu, 07 Des 2022 12:21 WIB "
"Bantu Penuhi Kebutuhan Listrik Cianjur, Kemensos Sediakan Panel Surya",https://news.detik.com/berita/d-6447338/bantu-penuhi-kebutuhan-listrik-cianjur-kemensos-sediakan-panel-surya,"
Rabu, 07 Des 2022 10:37 WIB "
KPK Ancam Hukuman Mati bagi Pelaku Korupsi Dana Bantuan Gempa Cianjur,https://news.detik.com/berita/d-6446560/kpk-ancam-hukuman-mati-bagi-pelaku-korupsi-dana-bantuan-gempa-cianjur,"
Selasa, 06 Des 2022 19:46 WIB "
"Dirut Pertamina Kunjungi Cianjur, Serahkan Bantuan untuk Korban Gempa",https://news.detik.com/berita/d-6445476/dirut-pertamina-kunjungi-cianjur-serahkan-bantuan-untuk-korban-gempa,"
Selasa, 06 Des 2022 13:19 WIB "
Kemensos Hadirkan Fasilitas Cetak Ulang Identitas di Cianjur,https://news.detik.com/berita/d-6445074/kemensos-hadirkan-fasilitas-cetak-ulang-identitas-di-cianjur,"
Selasa, 06 Des 2022 10:20 WIB "
Sederet Bantuan & Pencapaian Terbaru Sido Muncul Jelang Akhir 2022,https://news.detik.com/adv-nhl-detikcom/d-6444670/sederet-bantuan-pencapaian-terbaru-sido-muncul-jelang-akhir-2022,"
Selasa, 06 Des 2022 00:00 WIB "
Guru Besar UPI Sebut Sosok Ridwan Kamil Beda dengan Puan-Ganjar-Anies,https://news.detik.com/pemilu/d-6444731/guru-besar-upi-sebut-sosok-ridwan-kamil-beda-dengan-puan-ganjar-anies,"
Senin, 05 Des 2022 23:25 WIB "
Bupati Serang Salurkan Donasi Rp 506 Juta untuk Korban Gempa Cianjur,https://news.detik.com/berita/d-6444267/bupati-serang-salurkan-donasi-rp-506-juta-untuk-korban-gempa-cianjur,"
Senin, 05 Des 2022 18:29 WIB "
"Maksimalkan Pemulihan Cianjur, Kemensos Bangun Palet-Sekolah Darurat",https://news.detik.com/berita/d-6444182/maksimalkan-pemulihan-cianjur-kemensos-bangun-palet-sekolah-darurat,"
Senin, 05 Des 2022 18:02 WIB "
Jokowi Pastikan Percepatan Pembangunan Rumah Korban Gempa Cianjur,https://news.detik.com/berita/d-6444110/jokowi-pastikan-percepatan-pembangunan-rumah-korban-gempa-cianjur,"
Senin, 05 Des 2022 17:29 WIB "
"PUPR Mulai Bangun 200 Rumah Tahan Gempa di Cianjur, Tuntas Januari",https://news.detik.com/berita/d-6444029/pupr-mulai-bangun-200-rumah-tahan-gempa-di-cianjur-tuntas-januari,"
Senin, 05 Des 2022 17:07 WIB "
Jokowi Tinjau Sekolah hingga Ponpes Terdampak Gempa di Cianjur,https://news.detik.com/berita/d-6443398/jokowi-tinjau-sekolah-hingga-ponpes-terdampak-gempa-di-cianjur,"
Senin, 05 Des 2022 13:02 WIB "
Jokowi Pastikan Pembangunan Rumah Korban Gempa Cianjur Mulai Hari ini,https://news.detik.com/berita/d-6443045/jokowi-pastikan-pembangunan-rumah-korban-gempa-cianjur-mulai-hari-ini,"
Senin, 05 Des 2022 10:36 WIB "
"Jokowi Bertolak ke Cianjur, Pastikan Rekonstruksi dan Distribusi Bantuan",https://news.detik.com/berita/d-6442947/jokowi-bertolak-ke-cianjur-pastikan-rekonstruksi-dan-distribusi-bantuan,"
Senin, 05 Des 2022 09:36 WIB "
"Sekjen Gerindra Hadiri Haul Mbah Noer Durya, Ingatkan Persatuan Bangsa",https://news.detik.com/berita/d-6442234/sekjen-gerindra-hadiri-haul-mbah-noer-durya-ingatkan-persatuan-bangsa,"
Minggu, 04 Des 2022 16:35 WIB "
Menteri PUPR: Rumah Korban Gempa Cianjur Rampung Sebelum Lebaran,https://news.detik.com/detiktv/d-6441972/menteri-pupr-rumah-korban-gempa-cianjur-rampung-sebelum-lebaran,"
Minggu, 04 Des 2022 13:37 WIB "
Kemensos Bikin Sumur Bor untuk Pasok Air Bersih Pengungsian di Cianjur,https://news.detik.com/berita/d-6441933/kemensos-bikin-sumur-bor-untuk-pasok-air-bersih-pengungsian-di-cianjur,"
Minggu, 04 Des 2022 13:02 WIB "
PUPR: Pembangunan Rumah Korban Gempa Cianjur Rampung Sebelum Lebaran 2023,https://news.detik.com/berita/d-6441879/pupr-pembangunan-rumah-korban-gempa-cianjur-rampung-sebelum-lebaran-2023,"
Minggu, 04 Des 2022 12:07 WIB "
"Gempa Garut 3 Desember 2022: Dampak, Penyebab, Kondisi Kini",https://news.detik.com/berita/d-6441746/gempa-garut-3-desember-2022-dampak-penyebab-kondisi-kini,"
Minggu, 04 Des 2022 10:26 WIB "
Cianjur Diguncang Gempa Lagi Bikin Warga Khawatir Pulang ke Rumah,https://news.detik.com/berita/d-6441669/cianjur-diguncang-gempa-lagi-bikin-warga-khawatir-pulang-ke-rumah,"
Minggu, 04 Des 2022 08:50 WIB "
"5 Fakta Gempa M 6,4 Guncang Garut hingga Terasa di Jakarta",https://news.detik.com/berita/d-6441605/5-fakta-gempa-m-6-4-guncang-garut-hingga-terasa-di-jakarta,"
Minggu, 04 Des 2022 07:01 WIB "
"Gempa Susulan M 4,2 Kembali Guncang Cianjur",https://news.detik.com/berita/d-6441555/gempa-susulan-m-4-2-kembali-guncang-cianjur,"
Minggu, 04 Des 2022 05:18 WIB "
"8 Orang Hilang, Pemkab Cianjur Usul Pencarian Korban Gempa Diperpanjang",https://news.detik.com/berita/d-6441458/8-orang-hilang-pemkab-cianjur-usul-pencarian-korban-gempa-diperpanjang,"
Sabtu, 03 Des 2022 22:59 WIB "
"Viral Air Kolam di Ciamis Tumpah Ruah Saat Gempa M 6,1 Garut",https://news.detik.com/berita/d-6441259/viral-air-kolam-di-ciamis-tumpah-ruah-saat-gempa-m-6-1-garut,"
Sabtu, 03 Des 2022 19:42 WIB "
"Rumah hingga Sekolah di Cianjur Rusak Akibat Gempa M 6,1 Garut",https://news.detik.com/berita/d-6441255/rumah-hingga-sekolah-di-cianjur-rusak-akibat-gempa-m-6-1-garut,"
Sabtu, 03 Des 2022 19:39 WIB "
"BNPB: 1 Orang Luka dan 4 Rumah Rusak di Garut Akibat Gempa M 6,1",https://news.detik.com/berita/d-6441244/bnpb-1-orang-luka-dan-4-rumah-rusak-di-garut-akibat-gempa-m-6-1,"
Sabtu, 03 Des 2022 19:34 WIB "
"Gempa M 6,4 Garut, Warga Cianjur Berhamburan ke Luar Rumah: Kencang!",https://news.detik.com/berita/d-6441108/gempa-m-6-4-garut-warga-cianjur-berhamburan-ke-luar-rumah-kencang,"
Sabtu, 03 Des 2022 18:15 WIB "
"Bupati Cianjur Klaim Tak Ada Kerusakan Tambahan Akibat Gempa M 6,4 Garut",https://news.detik.com/berita/d-6441099/bupati-cianjur-klaim-tak-ada-kerusakan-tambahan-akibat-gempa-m-6-4-garut,"
Sabtu, 03 Des 2022 18:05 WIB "
"BPBD Garut Belum Terima Laporan Dampak Kerusakan Gempa M 6,4",https://news.detik.com/berita/d-6441084/bpbd-garut-belum-terima-laporan-dampak-kerusakan-gempa-m-6-4,"
Sabtu, 03 Des 2022 17:58 WIB "
Update Gempa Cianjur: Korban Meninggal Bertambah Jadi 334 Orang,https://news.detik.com/berita/d-6441074/update-gempa-cianjur-korban-meninggal-bertambah-jadi-334-orang,"
Sabtu, 03 Des 2022 17:47 WIB "
Update Gempa Cianjur Hari Ke-13,https://news.detik.com/detiktv/d-6441025/update-gempa-cianjur-hari-ke-13,"
Sabtu, 03 Des 2022 17:10 WIB "
Pengungsi Disabilitas di Cianjur Dapat Bantuan dari Kemensos,https://news.detik.com/berita/d-6440945/pengungsi-disabilitas-di-cianjur-dapat-bantuan-dari-kemensos,"
Sabtu, 03 Des 2022 16:38 WIB "
Kemensos Sediakan 4.500 Palet untuk Pengungsi di Cianjur,https://news.detik.com/berita/d-6440929/kemensos-sediakan-4-500-palet-untuk-pengungsi-di-cianjur,"
Sabtu, 03 Des 2022 16:10 WIB "
"Viral Tenda Sakinah untuk Pasutri Korban Gempa Cianjur, Fakta atau Guyon?",https://news.detik.com/berita/d-6440688/viral-tenda-sakinah-untuk-pasutri-korban-gempa-cianjur-fakta-atau-guyon,"
Sabtu, 03 Des 2022 13:13 WIB "
BMKG Catat 378 Gempa Susulan di Cianjur: Kekuatan Melemah,https://news.detik.com/berita/d-6440337/bmkg-catat-378-gempa-susulan-di-cianjur-kekuatan-melemah,"
Sabtu, 03 Des 2022 08:46 WIB "
"Peringati HBT ke-72, Gus Halim Serahkan Penghargaan dan Bantuan",https://news.detik.com/berita/d-6440072/peringati-hbt-ke-72-gus-halim-serahkan-penghargaan-dan-bantuan,"
Sabtu, 03 Des 2022 00:03 WIB "
BMKG Sebut Wilayah Sirnagalih-Murnisari Layak Huni Pascagempa Cianjur,https://news.detik.com/berita/d-6440008/bmkg-sebut-wilayah-sirnagalih-murnisari-layak-huni-pascagempa-cianjur,"
Jumat, 02 Des 2022 22:05 WIB "
BMKG Sarankan Sebagian Cugenang dan Pacet Tak Dihuni Pascagempa Cianjur,https://news.detik.com/berita/d-6439945/bmkg-sarankan-sebagian-cugenang-dan-pacet-tak-dihuni-pascagempa-cianjur,"
Jumat, 02 Des 2022 21:08 WIB "
Sinar Mas Salurkan Bantuan untuk Korban Gempa Cianjur,https://news.detik.com/berita/d-6439676/sinar-mas-salurkan-bantuan-untuk-korban-gempa-cianjur,"
Jumat, 02 Des 2022 18:25 WIB "
Bamsoet Apresiasi GERAK BS Operasi Bayi Hydrocephalus di Cianjur,https://news.detik.com/berita/d-6439663/bamsoet-apresiasi-gerak-bs-operasi-bayi-hydrocephalus-di-cianjur,"
Jumat, 02 Des 2022 18:18 WIB "
Pertamina Tambah Fasilitas Posko Utama untuk Korban Gempa Cianjur,https://news.detik.com/berita/d-6439596/pertamina-tambah-fasilitas-posko-utama-untuk-korban-gempa-cianjur,"
Jumat, 02 Des 2022 17:43 WIB "
Relawan Pertamina Gelar Trauma Healing untuk Korban Gempa Cianjur,https://news.detik.com/berita/d-6439371/relawan-pertamina-gelar-trauma-healing-untuk-korban-gempa-cianjur,"
Jumat, 02 Des 2022 16:29 WIB "
Anggota DPR Puji Kapolri Bisa Naikkan Survei Kepercayaan Publik,https://news.detik.com/berita/d-6439235/anggota-dpr-puji-kapolri-bisa-naikkan-survei-kepercayaan-publik,"
Jumat, 02 Des 2022 15:37 WIB "
Heboh Tenda Sakinah untuk Pasutri Korban Gempa Cianjur Ternyata Dapur Umum,https://news.detik.com/berita/d-6439029/heboh-tenda-sakinah-untuk-pasutri-korban-gempa-cianjur-ternyata-dapur-umum,"
Jumat, 02 Des 2022 14:15 WIB "
"Yusuf Martak: Peserta Reuni 212 Rambut Hitam, Yang Putih Pecinya",https://news.detik.com/berita/d-6438651/yusuf-martak-peserta-reuni-212-rambut-hitam-yang-putih-pecinya,"
Jumat, 02 Des 2022 11:07 WIB "
Mencegah Korupsi Bantuan Keuangan Gempa Cianjur,https://news.detik.com/kolom/d-6437440/mencegah-korupsi-bantuan-keuangan-gempa-cianjur,"
Jumat, 02 Des 2022 10:30 WIB "
Cerita Warga Pandeglang Datang Ke Reuni 212 Demi Bertemu Habib Rizieq,https://news.detik.com/berita/d-6438368/cerita-warga-pandeglang-datang-ke-reuni-212-demi-bertemu-habib-rizieq,"
Jumat, 02 Des 2022 08:46 WIB "
Grab Gelontorkan Rp 2 Miliar untuk Bantu Korban Bencana di Cianjur,https://news.detik.com/berita/d-6438095/grab-gelontorkan-rp-2-miliar-untuk-bantu-korban-bencana-di-cianjur,"
Kamis, 01 Des 2022 23:10 WIB "
"PLN Buka Posko Kesehatan, Beri Pengobatan ke Warga Cianjur Pascagempa",https://news.detik.com/berita/d-6438083/pln-buka-posko-kesehatan-beri-pengobatan-ke-warga-cianjur-pascagempa,"
Kamis, 01 Des 2022 22:50 WIB "
"Tinjau Korban Gempa, Kapolda Jabar: Semoga Cianjur Segera Pulih",https://news.detik.com/berita/d-6438041/tinjau-korban-gempa-kapolda-jabar-semoga-cianjur-segera-pulih,"
Kamis, 01 Des 2022 22:02 WIB "
"Ormas Islam Temui Pj Gubernur DKI di Balai Kota, Bahas Apa?",https://news.detik.com/berita/d-6438004/ormas-islam-temui-pj-gubernur-dki-di-balai-kota-bahas-apa,"
Kamis, 01 Des 2022 21:23 WIB "
PUPR Mulai Bangun 200 Rumah untuk Korban Gempa Cianjur,https://news.detik.com/berita/d-6437665/pupr-mulai-bangun-200-rumah-untuk-korban-gempa-cianjur,"
Kamis, 01 Des 2022 18:04 WIB "
Menko PMK Minta Polri Tertibkan Wisatawan Bencana di Cianjur,https://news.detik.com/berita/d-6437599/menko-pmk-minta-polri-tertibkan-wisatawan-bencana-di-cianjur,"
Kamis, 01 Des 2022 17:44 WIB "
"Update Korban Gempa Cianjur: 329 Orang Meninggal, 11 Masih Dicari",https://news.detik.com/berita/d-6437578/update-korban-gempa-cianjur-329-orang-meninggal-11-masih-dicari,"
Kamis, 01 Des 2022 17:36 WIB "
Bamsoet & GERAK BS Beri Bantuan Makanan-Pakaian ke Korban Gempa Cianjur,https://news.detik.com/berita/d-6437555/bamsoet-gerak-bs-beri-bantuan-makanan-pakaian-ke-korban-gempa-cianjur,"
Kamis, 01 Des 2022 17:32 WIB "
Menko PMK: 8.341 Rumah Korban Gempa Cianjur Diperbaiki di Tahap I,https://news.detik.com/berita/d-6437523/menko-pmk-8-341-rumah-korban-gempa-cianjur-diperbaiki-di-tahap-i,"
Kamis, 01 Des 2022 17:23 WIB "
BNPB Update Penanganan Gempa Cianjur,https://news.detik.com/detiktv/d-6437508/bnpb-update-penanganan-gempa-cianjur,"
Kamis, 01 Des 2022 17:15 WIB "
Ketua Parlemen Turki Akan Kirim Bantuan untuk Korban Gempa Cianjur,https://news.detik.com/berita/d-6437485/ketua-parlemen-turki-akan-kirim-bantuan-untuk-korban-gempa-cianjur,"
Kamis, 01 Des 2022 17:04 WIB "
PERIKSHA Beri Donasi Rp 80 Juta untuk Korban Gempa Cianjur,https://news.detik.com/berita/d-6437461/periksha-beri-donasi-rp-80-juta-untuk-korban-gempa-cianjur,"
Kamis, 01 Des 2022 16:54 WIB "
"MPR Gelar Rapat Pimpinan, Ini yang Dibahas",https://news.detik.com/berita/d-6437321/mpr-gelar-rapat-pimpinan-ini-yang-dibahas,"
Kamis, 01 Des 2022 15:56 WIB "
Polda Metro Terima Pemberitahuan Reuni 212 di Masjid At-Tin TMII Besok,https://news.detik.com/berita/d-6437212/polda-metro-terima-pemberitahuan-reuni-212-di-masjid-at-tin-tmii-besok,"
Kamis, 01 Des 2022 15:32 WIB "
Jaksa Agung Kirimkan 2.000 Lebih Paket Bantuan ke Korban Gempa Cianjur,https://news.detik.com/berita/d-6437182/jaksa-agung-kirimkan-2-000-lebih-paket-bantuan-ke-korban-gempa-cianjur,"
Kamis, 01 Des 2022 15:10 WIB "
"Jokowi ke Cianjur Lagi Senin Depan, Serahkan Bantuan Perbaikan Rumah",https://news.detik.com/berita/d-6436798/jokowi-ke-cianjur-lagi-senin-depan-serahkan-bantuan-perbaikan-rumah,"
Kamis, 01 Des 2022 12:50 WIB "
Gus Halim Bicara soal Transmigrasi Tak Lepas dari Nilai Spiritualitas,https://news.detik.com/berita/d-6436655/gus-halim-bicara-soal-transmigrasi-tak-lepas-dari-nilai-spiritualitas,"
Kamis, 01 Des 2022 11:38 WIB "
"Wagub Uu ke Korban Gempa Cianjur: Jangan Diam di Tenda, Hidup Normal Lagi",https://news.detik.com/berita/d-6436581/wagub-uu-ke-korban-gempa-cianjur-jangan-diam-di-tenda-hidup-normal-lagi,"
Kamis, 01 Des 2022 11:08 WIB "
Bamsoet Sebut Pondasi yang Kuat Bikin Bangsa Tidak Goyah dari Ancaman,https://news.detik.com/berita/d-6436265/bamsoet-sebut-pondasi-yang-kuat-bikin-bangsa-tidak-goyah-dari-ancaman,"
Kamis, 01 Des 2022 07:58 WIB "
Bamsoet Bantu Pengobatan-Beri Bantuan Korban Gempa di Cianjur,https://news.detik.com/berita/d-6436246/bamsoet-bantu-pengobatan-beri-bantuan-korban-gempa-di-cianjur,"
Kamis, 01 Des 2022 06:57 WIB "
BIN Gandeng Dukcapil Bangun Posko Pembuatan Dokumen di Cianjur,https://news.detik.com/berita/d-6436044/bin-gandeng-dukcapil-bangun-posko-pembuatan-dokumen-di-cianjur,"
Rabu, 30 Nov 2022 23:01 WIB "
"Muncul di Poster Reuni 212, Wakil Ketua Wantim MUI Buka Suara",https://news.detik.com/berita/d-6436017/muncul-di-poster-reuni-212-wakil-ketua-wantim-mui-buka-suara,"
Rabu, 30 Nov 2022 22:28 WIB "
"Beredar Video Bernarasi Lokasi Gempa Cianjur Bekas Maksiat, Polisi: Hoaks",https://news.detik.com/berita/d-6435810/beredar-video-bernarasi-lokasi-gempa-cianjur-bekas-maksiat-polisi-hoaks,"
Rabu, 30 Nov 2022 20:32 WIB "
Polres Bogor Buka Posko 24 Jam Bantu Korban Gempa Cianjur,https://news.detik.com/berita/d-6435758/polres-bogor-buka-posko-24-jam-bantu-korban-gempa-cianjur,"
Rabu, 30 Nov 2022 19:50 WIB "
"Gempa Darat M 2,8 Guncang Kabupaten Cianjur",https://news.detik.com/berita/d-6435669/gempa-darat-m-2-8-guncang-kabupaten-cianjur,"
Rabu, 30 Nov 2022 19:06 WIB "
"Reuni 212 Digelar di Masjid At-Tin, Habib Rizieq Belum Dipastikan Hadir",https://news.detik.com/berita/d-6435579/reuni-212-digelar-di-masjid-at-tin-habib-rizieq-belum-dipastikan-hadir,"
Rabu, 30 Nov 2022 18:27 WIB "
DVI Polri Sudah Identifikasi 151 Jenazah Korban Gempa Cianjur,https://news.detik.com/berita/d-6435556/dvi-polri-sudah-identifikasi-151-jenazah-korban-gempa-cianjur,"
Rabu, 30 Nov 2022 18:14 WIB "
Politikus PDIP Singgung Elite Relawan Acara di GBK Komisaris BUMN,https://news.detik.com/pemilu/d-6435526/politikus-pdip-singgung-elite-relawan-acara-di-gbk-komisaris-bumn,"
Rabu, 30 Nov 2022 18:04 WIB "
KPK Awasi Distribusi Bantuan Gempa Cianjur: Agar Tak Ada Korupsi,https://news.detik.com/berita/d-6435485/kpk-awasi-distribusi-bantuan-gempa-cianjur-agar-tak-ada-korupsi,"
Rabu, 30 Nov 2022 17:47 WIB "
Relawan 'Veteran' Jokowi Beberkan Pentolan yang Tak Ikut Acara di GBK,https://news.detik.com/pemilu/d-6435480/relawan-veteran-jokowi-beberkan-pentolan-yang-tak-ikut-acara-di-gbk,"
Rabu, 30 Nov 2022 17:44 WIB "
Waspada! Iklan Adopsi Bayi Korban Gempa Cianjur di RSUD Sayang Hoaks,https://news.detik.com/berita/d-6434809/waspada-iklan-adopsi-bayi-korban-gempa-cianjur-di-rsud-sayang-hoaks,"
Rabu, 30 Nov 2022 13:08 WIB "
Menko PMK Minta Lokasi Gempa Cianjur Tak Dijadikan Wisata!,https://news.detik.com/berita/d-6434733/menko-pmk-minta-lokasi-gempa-cianjur-tak-dijadikan-wisata,"
Rabu, 30 Nov 2022 12:41 WIB "
Polri Bentuk Satgas Kesehatan untuk Layani Warga Korban Gempa Cianjur,https://news.detik.com/berita/d-6434310/polri-bentuk-satgas-kesehatan-untuk-layani-warga-korban-gempa-cianjur,"
Rabu, 30 Nov 2022 09:42 WIB "
"Gempa Kembali Guncang Cianjur, Kali Ini Bermagnitudo 3,5",https://news.detik.com/berita/d-6434236/gempa-kembali-guncang-cianjur-kali-ini-bermagnitudo-3-5,"
Rabu, 30 Nov 2022 08:29 WIB "
Absennya Relawan Veteran Jokowi di GBK Tuai Tanda Tanya,https://news.detik.com/pemilu/d-6434202/absennya-relawan-veteran-jokowi-di-gbk-tuai-tanda-tanya,"
Rabu, 30 Nov 2022 08:08 WIB "
"Update Korban Gempa Cianjur: 327 Orang Tewas, 13 Masih Hilang!",https://news.detik.com/berita/d-6433452/update-korban-gempa-cianjur-327-orang-tewas-13-masih-hilang,"
Selasa, 29 Nov 2022 17:24 WIB "
Saudagar Zmart BAZNAS Garut Bantu Donasi untuk Korban Gempa Cianjur,https://news.detik.com/berita/d-6433415/saudagar-zmart-baznas-garut-bantu-donasi-untuk-korban-gempa-cianjur,"
Selasa, 29 Nov 2022 17:12 WIB "
"Menemui Coco, Anjing Pelacak yang Temukan 3 Korban Gempa Cianjur",https://news.detik.com/berita/d-6433094/menemui-coco-anjing-pelacak-yang-temukan-3-korban-gempa-cianjur,"
Selasa, 29 Nov 2022 15:23 WIB "
Ketua IIPG Pimpin Trauma Healing untuk Anak Terdampak Gempa Cianjur,https://news.detik.com/berita/d-6433086/ketua-iipg-pimpin-trauma-healing-untuk-anak-terdampak-gempa-cianjur,"
Selasa, 29 Nov 2022 15:20 WIB "
"Label Dicopot Ormas, Tenda Pengungsi Gempa Cianjur Bocor Saat Hujan",https://news.detik.com/berita/d-6433057/label-dicopot-ormas-tenda-pengungsi-gempa-cianjur-bocor-saat-hujan,"
Selasa, 29 Nov 2022 15:06 WIB "
"Disinggung Hasto, Relawan 'Veteran' Jokowi Buka Suara Tak Hadir ke GBK",https://news.detik.com/pemilu/d-6432884/disinggung-hasto-relawan-veteran-jokowi-buka-suara-tak-hadir-ke-gbk,"
Selasa, 29 Nov 2022 13:50 WIB "
"Pemprov dan DPRD DKI Gelar Rapat Paripurna, Bahas RAPBD 2023",https://news.detik.com/berita/d-6432843/pemprov-dan-dprd-dki-gelar-rapat-paripurna-bahas-rapbd-2023,"
Selasa, 29 Nov 2022 13:30 WIB "
Waspada! Ini Wilayah Rawan Terdampak Gempa di Kabupaten Bogor,https://news.detik.com/berita/d-6432599/waspada-ini-wilayah-rawan-terdampak-gempa-di-kabupaten-bogor,"
Selasa, 29 Nov 2022 11:49 WIB "
"Gempa Susulan di Cianjur Melemah, Warga Bisa Kembali ke Rumah! Asal...",https://news.detik.com/detiktv/d-6432351/gempa-susulan-di-cianjur-melemah-warga-bisa-kembali-ke-rumah-asal,"
Selasa, 29 Nov 2022 10:02 WIB "
Peran Raffi Ahmad di Balik Acara Relawan Jokowi di GBK,https://news.detik.com/berita/d-6432204/peran-raffi-ahmad-di-balik-acara-relawan-jokowi-di-gbk,"
Selasa, 29 Nov 2022 08:28 WIB "
PKB Heran Benny Rhamdani Minta Izin Tempur ke Jokowi: Jangan Adu Otot,https://news.detik.com/pemilu/d-6432155/pkb-heran-benny-rhamdani-minta-izin-tempur-ke-jokowi-jangan-adu-otot,"
Selasa, 29 Nov 2022 07:19 WIB "
Polwan Humas Polri Pulihkan Trauma Anak Korban Gempa Lewat Tontonan Kartun,https://news.detik.com/berita/d-6432000/polwan-humas-polri-pulihkan-trauma-anak-korban-gempa-lewat-tontonan-kartun,"
Selasa, 29 Nov 2022 01:14 WIB "
Relawan Nusantara Bersatu Kirim Bantuan untuk Korban Gempa Cianjur,https://news.detik.com/berita/d-6431749/relawan-nusantara-bersatu-kirim-bantuan-untuk-korban-gempa-cianjur,"
Senin, 28 Nov 2022 20:33 WIB "
110 Korban Gempa Cianjur Mengungsi ke Cisarua Bogor,https://news.detik.com/berita/d-6431579/110-korban-gempa-cianjur-mengungsi-ke-cisarua-bogor,"
Senin, 28 Nov 2022 18:51 WIB "
Pratikno Respons Sekjen PDIP Sentil Ring Satu Jokowi soal Acara Relawan,https://news.detik.com/pemilu/d-6431575/pratikno-respons-sekjen-pdip-sentil-ring-satu-jokowi-soal-acara-relawan,"
Senin, 28 Nov 2022 18:49 WIB "
Nusantara Bersatu Ungkap Beri Bantuan Cianjur Rp 322 Juta Usai Acara di GBK,https://news.detik.com/berita/d-6431450/nusantara-bersatu-ungkap-beri-bantuan-cianjur-rp-322-juta-usai-acara-di-gbk,"
Senin, 28 Nov 2022 18:11 WIB "
"BMKG Catat 304 Gempa Susulan Sejak Sepekan Gempa M 5,6",https://news.detik.com/berita/d-6431361/bmkg-catat-304-gempa-susulan-sejak-sepekan-gempa-m-5-6,"
Senin, 28 Nov 2022 17:38 WIB "
5 Orang Pencopot Label Gereja di Tenda Bantuan Gempa Cianjur Diamankan!,https://news.detik.com/berita/d-6431334/5-orang-pencopot-label-gereja-di-tenda-bantuan-gempa-cianjur-diamankan,"
Senin, 28 Nov 2022 17:29 WIB "
Korban Tewas Akibat Gempa Cianjur Jadi 323 Orang,https://news.detik.com/berita/d-6431298/korban-tewas-akibat-gempa-cianjur-jadi-323-orang,"
Senin, 28 Nov 2022 17:12 WIB "
"Evakuasi Gempa Cianjur, Polri Cari Korban yang Sempat Bergelantung di Pohon",https://news.detik.com/berita/d-6431273/evakuasi-gempa-cianjur-polri-cari-korban-yang-sempat-bergelantung-di-pohon,"
Senin, 28 Nov 2022 17:02 WIB "
Raffi Ahmad Ungkap RANS Terlibat Bikin Acara Relawan Jokowi di GBK,https://news.detik.com/pemilu/d-6431118/raffi-ahmad-ungkap-rans-terlibat-bikin-acara-relawan-jokowi-di-gbk,"
Senin, 28 Nov 2022 16:08 WIB "
1 Ton Logistik Bantuan Korban Gempa Cianjur Diangkut Helikopter,https://news.detik.com/detiktv/d-6431059/1-ton-logistik-bantuan-korban-gempa-cianjur-diangkut-helikopter,"
Senin, 28 Nov 2022 15:48 WIB "
"BMKG: Gempa Cianjur Melemah, Warga Dapat Kembali ke Rumah yang Tak Rusak",https://news.detik.com/berita/d-6430747/bmkg-gempa-cianjur-melemah-warga-dapat-kembali-ke-rumah-yang-tak-rusak,"
Senin, 28 Nov 2022 13:53 WIB "
Polda Metro Kirimkan Puluhan Relawan Bantu Korban Gempa Cianjur,https://news.detik.com/berita/d-6430702/polda-metro-kirimkan-puluhan-relawan-bantu-korban-gempa-cianjur,"
Senin, 28 Nov 2022 13:40 WIB "
"Temui PDIP, IDI dkk Minta RUU Kesehatan Omnibus Law Ditarik dari Prolegnas",https://news.detik.com/berita/d-6430546/temui-pdip-idi-dkk-minta-ruu-kesehatan-omnibus-law-ditarik-dari-prolegnas,"
Senin, 28 Nov 2022 12:44 WIB "
Jasad Ayah dan Anak Ditemukan Tertimbun Longsor Gempa Cianjur,https://news.detik.com/berita/d-6430480/jasad-ayah-dan-anak-ditemukan-tertimbun-longsor-gempa-cianjur,"
Senin, 28 Nov 2022 12:20 WIB "
Wilmar Serahkan Bantuan Beras-Minyak Goreng bagi Korban Gempa Cianjur,https://news.detik.com/berita/d-6430397/wilmar-serahkan-bantuan-beras-minyak-goreng-bagi-korban-gempa-cianjur,"
Senin, 28 Nov 2022 11:44 WIB "
"Yuk Donasi untuk Cianjur Lewat Instagram Kobe-Jiwa Pagi, Ini Caranya",https://news.detik.com/berita/d-6430289/yuk-donasi-untuk-cianjur-lewat-instagram-kobe-jiwa-pagi-ini-caranya,"
Senin, 28 Nov 2022 11:09 WIB "
BRI Sediakan Dapur Umum-Posko Trauma Healing bagi Korban Gempa Cianjur,https://news.detik.com/berita/d-6430190/bri-sediakan-dapur-umum-posko-trauma-healing-bagi-korban-gempa-cianjur,"
Senin, 28 Nov 2022 10:31 WIB "
Legislator: Banyak Warga 'Wisata' Bikin Distribusi Bantuan Cianjur Terganggu,https://news.detik.com/berita/d-6430014/legislator-banyak-warga-wisata-bikin-distribusi-bantuan-cianjur-terganggu,"
Senin, 28 Nov 2022 08:31 WIB "
Serangan Tajam PDIP ke Relawan Jokowi Gegara Acara di GBK,https://news.detik.com/pemilu/d-6429921/serangan-tajam-pdip-ke-relawan-jokowi-gegara-acara-di-gbk,"
Senin, 28 Nov 2022 07:10 WIB "
Sikap Tegas RK Usai Label Gereja Tenda Bantuan Cianjur Dicopot Ormas,https://news.detik.com/berita/d-6429899/sikap-tegas-rk-usai-label-gereja-tenda-bantuan-cianjur-dicopot-ormas,"
Senin, 28 Nov 2022 06:10 WIB "
Kowarteg Indonesia Deklarasi Dukung Ganjar Presiden 2024,https://news.detik.com/pemilu/d-6429759/kowarteg-indonesia-deklarasi-dukung-ganjar-presiden-2024,"
Minggu, 27 Nov 2022 22:17 WIB "
TNI AU Kirim Bantuan Korban Gempa Cianjur di Daerah Terisolir Pakai Heli,https://news.detik.com/berita/d-6429678/tni-au-kirim-bantuan-korban-gempa-cianjur-di-daerah-terisolir-pakai-heli,"
Minggu, 27 Nov 2022 21:22 WIB "
6 Fakta Terbaru soal Gempa Cianjur Tewaskan 321 Jiwa,https://news.detik.com/berita/d-6429658/6-fakta-terbaru-soal-gempa-cianjur-tewaskan-321-jiwa,"
Minggu, 27 Nov 2022 21:05 WIB "
"Label Gereja di Tenda Bantuan Cianjur Dicopot, Said Aqil: Belum Dewasa",https://news.detik.com/berita/d-6429657/label-gereja-di-tenda-bantuan-cianjur-dicopot-said-aqil-belum-dewasa,"
Minggu, 27 Nov 2022 21:02 WIB "
Gus Halim: Penanggulangan Gempa Cianjur Boleh Pakai Talangan Dana Desa,https://news.detik.com/berita/d-6429605/gus-halim-penanggulangan-gempa-cianjur-boleh-pakai-talangan-dana-desa,"
Minggu, 27 Nov 2022 20:13 WIB "
Pertamina Suplai Bright Gas buat Dapur Umum Kemensos Gempa Cianjur,https://news.detik.com/berita/d-6429591/pertamina-suplai-bright-gas-buat-dapur-umum-kemensos-gempa-cianjur,"
Minggu, 27 Nov 2022 20:09 WIB "
"Temui Bupati Cianjur, Zulhas Bantu Rp 300 Juta untuk Tanggulangi Gempa",https://news.detik.com/berita/d-6429537/temui-bupati-cianjur-zulhas-bantu-rp-300-juta-untuk-tanggulangi-gempa,"
Minggu, 27 Nov 2022 19:16 WIB "
"Bantu Tim SAR, Coco Anjing Temukan 3 Korban Gempa Cianjur Terkubur",https://news.detik.com/berita/d-6429511/bantu-tim-sar-coco-anjing-temukan-3-korban-gempa-cianjur-terkubur,"
Minggu, 27 Nov 2022 18:50 WIB "
Mitra Bisnis MS GLOW Salurkan Bantuan Uang untuk Korban Gempa Cianjur,https://news.detik.com/berita/d-6429490/mitra-bisnis-ms-glow-salurkan-bantuan-uang-untuk-korban-gempa-cianjur,"
Minggu, 27 Nov 2022 18:40 WIB "
"73.874 Warga Cianjur Ngungsi, BNPB Sisir Lokasi Belum Dapat Bantuan",https://news.detik.com/pemilu/d-6429451/73-874-warga-cianjur-ngungsi-bnpb-sisir-lokasi-belum-dapat-bantuan,"
Minggu, 27 Nov 2022 18:10 WIB "
"Mendag Zulhas Salurkan Bantuan Senilai Rp 2,5 M ke Korban Gempa Cianjur",https://news.detik.com/berita/d-6429534/mendag-zulhas-salurkan-bantuan-senilai-rp-2-5-m-ke-korban-gempa-cianjur,"
Minggu, 27 Nov 2022 18:09 WIB "
BNPB Datangi Korban Gempa Cianjur yang Mengungsi di Kandang Kambing,https://news.detik.com/berita/d-6429444/bnpb-datangi-korban-gempa-cianjur-yang-mengungsi-di-kandang-kambing,"
Minggu, 27 Nov 2022 18:07 WIB "
"BNPB Nyatakan Gempa Cianjur Bukan Bencana Nasional, Bupati Komandan Satgas",https://news.detik.com/berita/d-6429424/bnpb-nyatakan-gempa-cianjur-bukan-bencana-nasional-bupati-komandan-satgas,"
Minggu, 27 Nov 2022 17:48 WIB "
Kisah Dramatis Bayi Kades Ciputri Usia 2 Bulan Selamat dari Gempa Cianjur,https://news.detik.com/berita/d-6429422/kisah-dramatis-bayi-kades-ciputri-usia-2-bulan-selamat-dari-gempa-cianjur,"
Minggu, 27 Nov 2022 17:46 WIB "
Update Pananganan Pascagempa Cianjur,https://news.detik.com/detiktv/d-6429411/update-pananganan-pascagempa-cianjur,"
Minggu, 27 Nov 2022 17:32 WIB "
Korban Tewas Akibat Gempa Cianjur Jadi 321 Orang,https://news.detik.com/berita/d-6429388/korban-tewas-akibat-gempa-cianjur-jadi-321-orang,"
Minggu, 27 Nov 2022 17:12 WIB "
RK Minta Polisi Tindak Ormas Copot Label Gereja di Tenda Bantuan Cianjur,https://news.detik.com/berita/d-6429346/rk-minta-polisi-tindak-ormas-copot-label-gereja-di-tenda-bantuan-cianjur,"
Minggu, 27 Nov 2022 16:34 WIB "
Polisi Periksa Ormas yang Copot Label Gereja di Tenda Bantuan Cianjur,https://news.detik.com/berita/d-6429289/polisi-periksa-ormas-yang-copot-label-gereja-di-tenda-bantuan-cianjur,"
Minggu, 27 Nov 2022 15:47 WIB "
Tolong! Warga Kampung Cicurug Cianjur Belum Terima Bantuan Pemerintah,https://news.detik.com/berita/d-6429247/tolong-warga-kampung-cicurug-cianjur-belum-terima-bantuan-pemerintah,"
Minggu, 27 Nov 2022 15:13 WIB "
Politikus PDIP Kritik Keras Acara Relawan di GBK: Jokowi Dijebak!,https://news.detik.com/pemilu/d-6428967/politikus-pdip-kritik-keras-acara-relawan-di-gbk-jokowi-dijebak,"
Minggu, 27 Nov 2022 11:54 WIB "
Duduk Perkara Label Gereja di Tenda Bantuan Cianjur Dicopot,https://news.detik.com/berita/d-6428930/duduk-perkara-label-gereja-di-tenda-bantuan-cianjur-dicopot,"
Minggu, 27 Nov 2022 11:24 WIB "
"Gempa Cianjur, Tim SAR Gabungan Teruskan Pencarian 14 Warga Hilang",https://news.detik.com/berita/d-6428762/gempa-cianjur-tim-sar-gabungan-teruskan-pencarian-14-warga-hilang,"
Minggu, 27 Nov 2022 08:33 WIB "
"Viral Label Gereja di Tenda Bantuan Dicopot, Begini Kata Bupati Cianjur",https://news.detik.com/berita/d-6428466/viral-label-gereja-di-tenda-bantuan-dicopot-begini-kata-bupati-cianjur,"
Sabtu, 26 Nov 2022 21:43 WIB "
"9 Orang di Mobil Al-Azhar Tertimbun Longsor Gempa Cianjur, Ada Balita",https://news.detik.com/berita/d-6428417/9-orang-di-mobil-al-azhar-tertimbun-longsor-gempa-cianjur-ada-balita,"
Sabtu, 26 Nov 2022 21:22 WIB "
Polisi soal Label Gereja di Tenda Bantuan Cianjur Dicopot: Bukan Aksi Intoleran,https://news.detik.com/berita/d-6428410/polisi-soal-label-gereja-di-tenda-bantuan-cianjur-dicopot-bukan-aksi-intoleran,"
Sabtu, 26 Nov 2022 21:13 WIB "
Sosoran Bapak-bapak Berkumis ke Pipi Gibran Berujung Teguran,https://news.detik.com/berita/d-6428383/sosoran-bapak-bapak-berkumis-ke-pipi-gibran-berujung-teguran,"
Sabtu, 26 Nov 2022 20:43 WIB "
"Demi Evakuasi Jenazah Guru di Cianjur, Petugas sampai Potong Bodi Mobil",https://news.detik.com/berita/d-6428328/demi-evakuasi-jenazah-guru-di-cianjur-petugas-sampai-potong-bodi-mobil,"
Sabtu, 26 Nov 2022 19:56 WIB "
Viral Video Tulisan Bantuan Gereja di Tenda Korban Gempa Cianjur Dicopot,https://news.detik.com/berita/d-6428319/viral-video-tulisan-bantuan-gereja-di-tenda-korban-gempa-cianjur-dicopot,"
Sabtu, 26 Nov 2022 19:51 WIB "
Layanan Kesehatan Pertamedika Bantu 200 Korban Gempa Cianjur,https://news.detik.com/berita/d-6428197/layanan-kesehatan-pertamedika-bantu-200-korban-gempa-cianjur,"
Sabtu, 26 Nov 2022 18:24 WIB "
Basarnas Ungkap Pipa Bocor Deras Jadi Kendala Cari Korban Gempa Cianjur,https://news.detik.com/berita/d-6428170/basarnas-ungkap-pipa-bocor-deras-jadi-kendala-cari-korban-gempa-cianjur,"
Sabtu, 26 Nov 2022 18:07 WIB "
"Hingga H+5 Gempa M 5,6 Cianjur, BNPB Catat 7.729 Orang Luka",https://news.detik.com/berita/d-6428149/hingga-h-5-gempa-m-5-6-cianjur-bnpb-catat-7-729-orang-luka,"
Sabtu, 26 Nov 2022 17:53 WIB "
Pekerja Pertamina Bantu Hilangkan Trauma Anak Korban Gempa Cianjur,https://news.detik.com/berita/d-6428146/pekerja-pertamina-bantu-hilangkan-trauma-anak-korban-gempa-cianjur,"
Sabtu, 26 Nov 2022 17:51 WIB "
Masih Ada 14 Korban Gempa Cianjur Belum Ditemukan,https://news.detik.com/berita/d-6428138/masih-ada-14-korban-gempa-cianjur-belum-ditemukan,"
Sabtu, 26 Nov 2022 17:40 WIB "
"H+5 Gempa M 5,6 Cianjur, 73.693 Orang Mengungsi",https://news.detik.com/berita/d-6428132/h-5-gempa-m-5-6-cianjur-73-693-orang-mengungsi,"
Sabtu, 26 Nov 2022 17:35 WIB "
"Bertambah Lagi, Korban Tewas Gempa Cianjur Jadi 318 Orang",https://news.detik.com/berita/d-6428103/bertambah-lagi-korban-tewas-gempa-cianjur-jadi-318-orang,"
Sabtu, 26 Nov 2022 17:11 WIB "
Update Penanganan Gempa Cianjur,https://news.detik.com/detiktv/d-6428087/update-penanganan-gempa-cianjur,"
Sabtu, 26 Nov 2022 17:02 WIB "
Eks TKN Kritik Acara Relawan Jokowi di GBK: Rakyat Masih Berduka,https://news.detik.com/pemilu/d-6427994/eks-tkn-kritik-acara-relawan-jokowi-di-gbk-rakyat-masih-berduka,"
Sabtu, 26 Nov 2022 15:37 WIB "
Pertamina Salurkan 100 LPG 12 Kg untuk Dapur Umum Korban Gempa Cianjur,https://news.detik.com/berita/d-6427973/pertamina-salurkan-100-lpg-12-kg-untuk-dapur-umum-korban-gempa-cianjur,"
Sabtu, 26 Nov 2022 15:15 WIB "
Erick Thohir Puji BUMN Kompak Bantu Korban Gempa Cianjur,https://news.detik.com/berita/d-6427951/erick-thohir-puji-bumn-kompak-bantu-korban-gempa-cianjur,"
Sabtu, 26 Nov 2022 15:02 WIB "
Begini Kerusakan Situs Gunung Padang Akibat Gempa Cianjur,https://news.detik.com/berita/d-6427885/begini-kerusakan-situs-gunung-padang-akibat-gempa-cianjur,"
Sabtu, 26 Nov 2022 14:17 WIB "
"H+5 Gempa Cianjur, Polri Evakuasi 1 Korban Kondisi Lemah",https://news.detik.com/berita/d-6427858/h-5-gempa-cianjur-polri-evakuasi-1-korban-kondisi-lemah,"
Sabtu, 26 Nov 2022 13:59 WIB "
"Gempa Darat M 2,1 Terjadi di Cianjur, Kedalaman 5 Km",https://news.detik.com/berita/d-6427841/gempa-darat-m-2-1-terjadi-di-cianjur-kedalaman-5-km,"
Sabtu, 26 Nov 2022 13:52 WIB "
Kerja Kemanusiaan Baguna PDI Perjuangan,https://news.detik.com/kolom/d-6427785/kerja-kemanusiaan-baguna-pdi-perjuangan,"
Sabtu, 26 Nov 2022 13:03 WIB "
"Banyak Anak Jadi Korban Gempa Cianjur, KPAI Buka Posko Pengawasan",https://news.detik.com/berita/d-6427750/banyak-anak-jadi-korban-gempa-cianjur-kpai-buka-posko-pengawasan,"
Sabtu, 26 Nov 2022 12:22 WIB "
Cerita Gibran ke Acara Relawan Jokowi di GBK: Saya Nyasar,https://news.detik.com/berita/d-6427510/cerita-gibran-ke-acara-relawan-jokowi-di-gbk-saya-nyasar,"
Sabtu, 26 Nov 2022 09:37 WIB "
"Tinjau Posko Pengungsian, Menhub Beri Bantuan ke Korban Gempa Cianjur",https://news.detik.com/berita/d-6427447/tinjau-posko-pengungsian-menhub-beri-bantuan-ke-korban-gempa-cianjur,"
Sabtu, 26 Nov 2022 08:29 WIB "
BIN Beri Layanan Kesehatan Door to Door ke Korban Gempa Cianjur,https://news.detik.com/berita/d-6427439/bin-beri-layanan-kesehatan-door-to-door-ke-korban-gempa-cianjur,"
Sabtu, 26 Nov 2022 08:17 WIB "
"Gempa M 2,8 Terjadi di Cianjur",https://news.detik.com/berita/d-6427316/gempa-m-2-8-terjadi-di-cianjur,"
Sabtu, 26 Nov 2022 03:00 WIB "
"Lewat Trauma Healing, KAI & BUMN Hibur Anak-anak Korban Gempa Cianjur",https://news.detik.com/berita/d-6427061/lewat-trauma-healing-kai-bumn-hibur-anak-anak-korban-gempa-cianjur,"
Jumat, 25 Nov 2022 20:49 WIB "
Tim Peduli Bencana Gus Muhaimin Salurkan 2000 Paket Sembako ke Cianjur,https://news.detik.com/berita/d-6427015/tim-peduli-bencana-gus-muhaimin-salurkan-2000-paket-sembako-ke-cianjur,"
Jumat, 25 Nov 2022 20:31 WIB "
Dua Jalur Pendakian Gunung Gede Retak Imbas Gempa Cianjur,https://news.detik.com/berita/d-6426895/dua-jalur-pendakian-gunung-gede-retak-imbas-gempa-cianjur,"
Jumat, 25 Nov 2022 19:41 WIB "
"Cegah Disetop Warga, Distribusi Bantuan Korban Gempa Cianjur Dikawal Polisi",https://news.detik.com/berita/d-6426893/cegah-disetop-warga-distribusi-bantuan-korban-gempa-cianjur-dikawal-polisi,"
Jumat, 25 Nov 2022 19:40 WIB "
Detik-detik Penemuan 17 Korban Gempa Cianjur di Hari Kelima Pencarian,https://news.detik.com/detiktv/d-6426760/detik-detik-penemuan-17-korban-gempa-cianjur-di-hari-kelima-pencarian,"
Jumat, 25 Nov 2022 18:25 WIB "
Catat! Ganjil Genap Jalur Puncak Bogor Berlaku Hari Ini Sampai Minggu,https://news.detik.com/berita/d-6426739/catat-ganjil-genap-jalur-puncak-bogor-berlaku-hari-ini-sampai-minggu,"
Jumat, 25 Nov 2022 18:19 WIB "
Pelindo Bersama BUMN Penuhi Kebutuhan 40 Desa Terdampak Gempa Cianjur,https://news.detik.com/berita/d-6426721/pelindo-bersama-bumn-penuhi-kebutuhan-40-desa-terdampak-gempa-cianjur,"
Jumat, 25 Nov 2022 18:07 WIB "
"Pengelola Ancol Mansion Bantah Gedung Retak Akibat Gempa, BPBD Bilang Begini",https://news.detik.com/berita/d-6426584/pengelola-ancol-mansion-bantah-gedung-retak-akibat-gempa-bpbd-bilang-begini,"
Jumat, 25 Nov 2022 17:20 WIB "
Korban Tewas Akibat Gempa Cianjur Jadi 310 Orang,https://news.detik.com/berita/d-6426573/korban-tewas-akibat-gempa-cianjur-jadi-310-orang,"
Jumat, 25 Nov 2022 17:16 WIB "
"3 Kampung di Cianjur Terisolasi Dampak Gempa, Bantuan Dikirim Pakai Heli",https://news.detik.com/berita/d-6426564/3-kampung-di-cianjur-terisolasi-dampak-gempa-bantuan-dikirim-pakai-heli,"
Jumat, 25 Nov 2022 17:12 WIB "
Update Pananganan Gempa Cianjur,https://news.detik.com/detiktv/d-6426534/update-pananganan-gempa-cianjur,"
Jumat, 25 Nov 2022 16:59 WIB "
Trauma Anak Korban Gempa Cianjur: Takut Suara Ambulans,https://news.detik.com/berita/d-6426427/trauma-anak-korban-gempa-cianjur-takut-suara-ambulans,"
Jumat, 25 Nov 2022 16:28 WIB "
Relawan Akan Temui Jokowi di GBK Besok: Tak Ada soal Capres-Cawapres,https://news.detik.com/pemilu/d-6426383/relawan-akan-temui-jokowi-di-gbk-besok-tak-ada-soal-capres-cawapres,"
Jumat, 25 Nov 2022 16:08 WIB "
BIN Gunakan Aplikasi Canggih untuk Bantu Penanggulangan Gempa Cianjur,https://news.detik.com/berita/d-6426347/bin-gunakan-aplikasi-canggih-untuk-bantu-penanggulangan-gempa-cianjur,"
Jumat, 25 Nov 2022 15:47 WIB "
"Prajurit Kostrad Tembus Area Terisolasi, Bawa Bantuan Korban Gempa Cianjur",https://news.detik.com/berita/d-6426244/prajurit-kostrad-tembus-area-terisolasi-bawa-bantuan-korban-gempa-cianjur,"
Jumat, 25 Nov 2022 15:03 WIB "
Pengelola Ancol Mansion Bantah BPBD soal Retak di Gedung Akibat Gempa Cianjur,https://news.detik.com/berita/d-6426234/pengelola-ancol-mansion-bantah-bpbd-soal-retak-di-gedung-akibat-gempa-cianjur,"
Jumat, 25 Nov 2022 14:55 WIB "
"Mitigasi Dampak Bencana, BPBD Kabupaten Bogor Bikin Peta Rawan Gempa",https://news.detik.com/berita/d-6426212/mitigasi-dampak-bencana-bpbd-kabupaten-bogor-bikin-peta-rawan-gempa,"
Jumat, 25 Nov 2022 14:45 WIB "
Tempat Pengungsian Korban Gempa Cianjur: Kuburan hingga Kandang Kambing,https://news.detik.com/berita/d-6426201/tempat-pengungsian-korban-gempa-cianjur-kuburan-hingga-kandang-kambing,"
Jumat, 25 Nov 2022 14:42 WIB "
Suara Warga Korban Gempa Cianjur yang Ngungsi di Kandang Kambing,https://news.detik.com/berita/d-6426119/suara-warga-korban-gempa-cianjur-yang-ngungsi-di-kandang-kambing,"
Jumat, 25 Nov 2022 13:50 WIB "
7 Orang di Mobil Al-Azhar Tertimbun Longsor Gempa Cianjur Dievakuasi,https://news.detik.com/berita/d-6426048/7-orang-di-mobil-al-azhar-tertimbun-longsor-gempa-cianjur-dievakuasi,"
Jumat, 25 Nov 2022 13:11 WIB "
8 Orang di Mobil Al-Azhar Tertimbun Longsor Gempa Cianjur Rombongan Guru,https://news.detik.com/berita/d-6426000/8-orang-di-mobil-al-azhar-tertimbun-longsor-gempa-cianjur-rombongan-guru,"
Jumat, 25 Nov 2022 12:58 WIB "
Akpol '96 Kirim 2.000 Kasur Lipat-1.000 Jaket ke Korban Gempa Cianjur,https://news.detik.com/berita/d-6425971/akpol-96-kirim-2-000-kasur-lipat-1-000-jaket-ke-korban-gempa-cianjur,"
Jumat, 25 Nov 2022 12:46 WIB "
Polres Bogor Kirim Bantuan Air Bersih untuk Korban Gempa Cianjur,https://news.detik.com/berita/d-6425945/polres-bogor-kirim-bantuan-air-bersih-untuk-korban-gempa-cianjur,"
Jumat, 25 Nov 2022 12:37 WIB "
Polri Temukan Jasad Ibu-Anak Berpelukan Saat Evakuasi Korban Gempa Cianjur,https://news.detik.com/berita/d-6425943/polri-temukan-jasad-ibu-anak-berpelukan-saat-evakuasi-korban-gempa-cianjur,"
Jumat, 25 Nov 2022 12:35 WIB "
RK soal Motif Penghadang Bantuan Gempa: Merasa Tak Merata hingga Memalak,https://news.detik.com/berita/d-6425874/rk-soal-motif-penghadang-bantuan-gempa-merasa-tak-merata-hingga-memalak,"
Jumat, 25 Nov 2022 11:55 WIB "
"Via Udara, Bima Arya Kirim Kebutuhan Bayi hingga Kain Kafan ke Cianjur",https://news.detik.com/berita/d-6425872/via-udara-bima-arya-kirim-kebutuhan-bayi-hingga-kain-kafan-ke-cianjur,"
Jumat, 25 Nov 2022 11:53 WIB "
"4 Jenazah Ditemukan di Mobil Tertimbun Longsor Cianjur, 4 Lagi Masih Dicari",https://news.detik.com/berita/d-6425807/4-jenazah-ditemukan-di-mobil-tertimbun-longsor-cianjur-4-lagi-masih-dicari,"
Jumat, 25 Nov 2022 11:31 WIB "
"BMKG Catat 236 Kali Gempa Susulan di Cianjur, Terbesar M 4,2",https://news.detik.com/berita/d-6425800/bmkg-catat-236-kali-gempa-susulan-di-cianjur-terbesar-m-4-2,"
Jumat, 25 Nov 2022 11:25 WIB "
"66 Warga di Bogor Masih Mengungsi Akibat Gempa M 5,6 Cianjur",https://news.detik.com/berita/d-6425587/66-warga-di-bogor-masih-mengungsi-akibat-gempa-m-5-6-cianjur,"
Jumat, 25 Nov 2022 09:02 WIB "
Bahaya di Tanah Surga,https://news.detik.com/kolom/d-6424899/bahaya-di-tanah-surga,"
Jumat, 25 Nov 2022 09:00 WIB "
59 Anak Jadi Korban Tewas Gempa Cianjur,https://news.detik.com/berita/d-6425493/59-anak-jadi-korban-tewas-gempa-cianjur,"
Jumat, 25 Nov 2022 07:32 WIB "
Cianjur Diguncang 21 Kali Gempa Susulan dalam Semalam,https://news.detik.com/berita/d-6425462/cianjur-diguncang-21-kali-gempa-susulan-dalam-semalam,"
Jumat, 25 Nov 2022 06:13 WIB "
Kendala Penanganan Gempa Cianjur hingga Pengadangan Bantuan,https://news.detik.com/detiktv/d-6425458/kendala-penanganan-gempa-cianjur-hingga-pengadangan-bantuan,"
Jumat, 25 Nov 2022 06:11 WIB "
"Gempa Susulan M 3,4 Terjadi Lagi di Cianjur",https://news.detik.com/berita/d-6425422/gempa-susulan-m-3-4-terjadi-lagi-di-cianjur,"
Jumat, 25 Nov 2022 04:17 WIB "
"Gempa Susulan M 4,1 di Cianjur, Warga-Pengungsi Berlarian Selamatkan Diri",https://news.detik.com/berita/d-6425415/gempa-susulan-m-4-1-di-cianjur-warga-pengungsi-berlarian-selamatkan-diri,"
Jumat, 25 Nov 2022 02:45 WIB "
"Gempa M 4,1 Guncang Cianjur, Terasa hingga Sukabumi dan Bogor",https://news.detik.com/berita/d-6425411/gempa-m-4-1-guncang-cianjur-terasa-hingga-sukabumi-dan-bogor,"
Jumat, 25 Nov 2022 02:34 WIB "
Mardiono Lepas Bantuan dan Relawan Sayap PPP ke Cianjur,https://news.detik.com/berita/d-6425240/mardiono-lepas-bantuan-dan-relawan-sayap-ppp-ke-cianjur,"
Kamis, 24 Nov 2022 22:02 WIB "
Posko Bantuan BIN Gelar Trauma Healing untuk Anak Korban Gempa Cianjur,https://news.detik.com/berita/d-6425238/posko-bantuan-bin-gelar-trauma-healing-untuk-anak-korban-gempa-cianjur,"
Kamis, 24 Nov 2022 21:50 WIB "
DPP PPP Kirim Tim Tanggap Bencana-Bantuan untuk Korban Gempa Cianjur,https://news.detik.com/berita/d-6425205/dpp-ppp-kirim-tim-tanggap-bencana-bantuan-untuk-korban-gempa-cianjur,"
Kamis, 24 Nov 2022 21:12 WIB "
Kementerian PUPR Tangani Longsor-Bantu Prasarana Sanitasi di Cianjur,https://news.detik.com/berita/d-6425198/kementerian-pupr-tangani-longsor-bantu-prasarana-sanitasi-di-cianjur,"
Kamis, 24 Nov 2022 21:06 WIB "
"Pertamina Salurkan Bantuan hingga Rp 24,2 Juta untuk Warga Cianjur",https://news.detik.com/berita/d-6425188/pertamina-salurkan-bantuan-hingga-rp-24-2-juta-untuk-warga-cianjur,"
Kamis, 24 Nov 2022 20:55 WIB "
Cerita Perjuangan Korban Gempa Cianjur Melahirkan di Posko Pengungsian,https://news.detik.com/berita/d-6425126/cerita-perjuangan-korban-gempa-cianjur-melahirkan-di-posko-pengungsian,"
Kamis, 24 Nov 2022 20:31 WIB "
DVI Polri Jelaskan Alasan Perbedaan Data Korban Tewas Gempa Cianjur,https://news.detik.com/berita/d-6424939/dvi-polri-jelaskan-alasan-perbedaan-data-korban-tewas-gempa-cianjur,"
Kamis, 24 Nov 2022 19:01 WIB "
Polres Bogor Bangun Dapur Umum-Cari Korban Gempa Cianjur,https://news.detik.com/berita/d-6424632/polres-bogor-bangun-dapur-umum-cari-korban-gempa-cianjur,"
Kamis, 24 Nov 2022 17:09 WIB "
Update Korban Tewas Gempa Cianjur: 272 Orang,https://news.detik.com/berita/d-6424626/update-korban-tewas-gempa-cianjur-272-orang,"
Kamis, 24 Nov 2022 17:03 WIB "
"Panca PD Sindir Foto Jokowi Saat Bencana lalu Dihapus, Senior PDIP Heran",https://news.detik.com/berita/d-6424419/panca-pd-sindir-foto-jokowi-saat-bencana-lalu-dihapus-senior-pdip-heran,"
Kamis, 24 Nov 2022 15:54 WIB "
Korban Gempa Cianjur di Pacet Kekurangan Air Bersih,https://news.detik.com/berita/d-6424353/korban-gempa-cianjur-di-pacet-kekurangan-air-bersih,"
Kamis, 24 Nov 2022 15:35 WIB "
"Selamat dari Gempa Cianjur, Ayah Bocah Azka Terpukul Lihat Jenazah Istri",https://news.detik.com/berita/d-6424347/selamat-dari-gempa-cianjur-ayah-bocah-azka-terpukul-lihat-jenazah-istri,"
Kamis, 24 Nov 2022 15:33 WIB "
Polda Metro Kirim Bantuan 48 Truk Makanan-Obat untuk Korban Gempa Cianjur,https://news.detik.com/berita/d-6424261/polda-metro-kirim-bantuan-48-truk-makanan-obat-untuk-korban-gempa-cianjur,"
Kamis, 24 Nov 2022 14:52 WIB "
Warga Terisolasi di Cugenang Cianjur Berlarian 'Serbu' Heli Bawa Logistik,https://news.detik.com/berita/d-6424258/warga-terisolasi-di-cugenang-cianjur-berlarian-serbu-heli-bawa-logistik,"
Kamis, 24 Nov 2022 14:49 WIB "
Pemkot Tangerang Beri Bantuan Rp 200 Juta untuk Korban Gempa Cianjur,https://news.detik.com/berita/d-6424228/pemkot-tangerang-beri-bantuan-rp-200-juta-untuk-korban-gempa-cianjur,"
Kamis, 24 Nov 2022 14:38 WIB "
Jokowi soal Distribusi Logistik Gempa Cianjur Sulit: Titiknya Banyak Sekali,https://news.detik.com/berita/d-6424160/jokowi-soal-distribusi-logistik-gempa-cianjur-sulit-titiknya-banyak-sekali,"
Kamis, 24 Nov 2022 14:14 WIB "
KKP Beri Bantuan Ikan Beku hingga Obat-obatan buat Korban Gempa Cianjur,https://news.detik.com/berita/d-6424154/kkp-beri-bantuan-ikan-beku-hingga-obat-obatan-buat-korban-gempa-cianjur,"
Kamis, 24 Nov 2022 14:11 WIB "
"Jokowi: Terpenting Evakuasi, Baru Rehabilitasi Rumah Terdampak Gempa Cianjur",https://news.detik.com/berita/d-6424110/jokowi-terpenting-evakuasi-baru-rehabilitasi-rumah-terdampak-gempa-cianjur,"
Kamis, 24 Nov 2022 13:50 WIB "
Jokowi Cek Lokasi Paling Parah Terdampak Gempa di Cianjur,https://news.detik.com/berita/d-6424063/jokowi-cek-lokasi-paling-parah-terdampak-gempa-di-cianjur,"
Kamis, 24 Nov 2022 13:34 WIB "
TNI AD Kerahkan 2.400 Lebih Personel Bantu Penanganan Gempa Cianjur,https://news.detik.com/berita/d-6424044/tni-ad-kerahkan-2-400-lebih-personel-bantu-penanganan-gempa-cianjur,"
Kamis, 24 Nov 2022 13:28 WIB "
Kengerian Warga Lihat Gempa Cianjur: Tanah Goyang Lalu Muncrat!,https://news.detik.com/detiktv/d-6424024/kengerian-warga-lihat-gempa-cianjur-tanah-goyang-lalu-muncrat,"
Kamis, 24 Nov 2022 13:14 WIB "
Jokowi Ungkap Pasien Luka Berat Gempa Cianjur Dirujuk ke Jakarta,https://news.detik.com/berita/d-6424016/jokowi-ungkap-pasien-luka-berat-gempa-cianjur-dirujuk-ke-jakarta,"
Kamis, 24 Nov 2022 13:09 WIB "
56 Korban Gempa Cianjur Masih Antre untuk Dioperasi di RSHS Bandung,https://news.detik.com/berita/d-6423966/56-korban-gempa-cianjur-masih-antre-untuk-dioperasi-di-rshs-bandung,"
Kamis, 24 Nov 2022 12:46 WIB "
Tim Medis Pertamedika Layani Keluhan Kesehatan Korban Gempa Cianjur,https://news.detik.com/berita/d-6423910/tim-medis-pertamedika-layani-keluhan-kesehatan-korban-gempa-cianjur,"
Kamis, 24 Nov 2022 12:34 WIB "
Guru Bersyukur Bocah Azka Bertahan 3 Hari di Reruntuhan Gempa Cianjur,https://news.detik.com/berita/d-6423906/guru-bersyukur-bocah-azka-bertahan-3-hari-di-reruntuhan-gempa-cianjur,"
Kamis, 24 Nov 2022 12:32 WIB "
Jokowi dan Para Menteri Cek Penanganan Korban Gempa Cianjur di RSUD Sayang,https://news.detik.com/berita/d-6423858/jokowi-dan-para-menteri-cek-penanganan-korban-gempa-cianjur-di-rsud-sayang,"
Kamis, 24 Nov 2022 12:13 WIB "
"Pilu Korban Gempa Cianjur, Rumah Hancur hingga 4 Hari Tidur di Area Kuburan",https://news.detik.com/berita/d-6423853/pilu-korban-gempa-cianjur-rumah-hancur-hingga-4-hari-tidur-di-area-kuburan,"
Kamis, 24 Nov 2022 12:10 WIB "
Jokowi ke Cianjur untuk Pastikan Logistik Terdistribusi Baik,https://news.detik.com/berita/d-6423788/jokowi-ke-cianjur-untuk-pastikan-logistik-terdistribusi-baik,"
Kamis, 24 Nov 2022 11:38 WIB "
Jokowi Paparkan Hambatan Evakuasi di Cianjur: Gempa Susulan dan Tanah Curam,https://news.detik.com/berita/d-6423747/jokowi-paparkan-hambatan-evakuasi-di-cianjur-gempa-susulan-dan-tanah-curam,"
Kamis, 24 Nov 2022 11:26 WIB "
"Jokowi di Cianjur: 39 Korban Gempa Belum Ditemukan, Evakuasi Prioritas!",https://news.detik.com/berita/d-6423743/jokowi-di-cianjur-39-korban-gempa-belum-ditemukan-evakuasi-prioritas,"
Kamis, 24 Nov 2022 11:24 WIB "
"Jokowi ke Lokasi Terdampak Gempa Cianjur Lagi, Ini Alasannya",https://news.detik.com/berita/d-6423737/jokowi-ke-lokasi-terdampak-gempa-cianjur-lagi-ini-alasannya,"
Kamis, 24 Nov 2022 11:23 WIB "
Cerita di Balik Rumah Miring Supyandi Imbas Gempa Cianjur,https://news.detik.com/berita/d-6423714/cerita-di-balik-rumah-miring-supyandi-imbas-gempa-cianjur,"
Kamis, 24 Nov 2022 11:10 WIB "
Jokowi Langsung ke Cianjur Usai Disuntik Booster Kedua IndoVac,https://news.detik.com/berita/d-6423608/jokowi-langsung-ke-cianjur-usai-disuntik-booster-kedua-indovac,"
Kamis, 24 Nov 2022 10:14 WIB "
Cerita Gina Relawan Gempa Cianjur Panik Saat Lihat Banyaknya Korban di RS,https://news.detik.com/berita/d-6423591/cerita-gina-relawan-gempa-cianjur-panik-saat-lihat-banyaknya-korban-di-rs,"
Kamis, 24 Nov 2022 10:01 WIB "
Cerita Warga Sempitnya Ambulans Pembawa 7 Korban Tewas-Luka Gempa Cianjur,https://news.detik.com/berita/d-6423579/cerita-warga-sempitnya-ambulans-pembawa-7-korban-tewas-luka-gempa-cianjur,"
Kamis, 24 Nov 2022 09:56 WIB "
Kondisi Terkini Azka Bocah Selamat Usai Terjebak Reruntuhan 3 Hari di Cianjur,https://news.detik.com/berita/d-6423457/kondisi-terkini-azka-bocah-selamat-usai-terjebak-reruntuhan-3-hari-di-cianjur,"
Kamis, 24 Nov 2022 08:30 WIB "
Ulah Tiga Warga Cianjur Setop Mobil Bantuan Korban Gempa Berujung Minta Maaf,https://news.detik.com/berita/d-6423437/ulah-tiga-warga-cianjur-setop-mobil-bantuan-korban-gempa-berujung-minta-maaf,"
Kamis, 24 Nov 2022 08:04 WIB "
"3 Hari Gempa Cianjur: 271 Orang Tewas, Bocah 7 Tahun Ditemukan Selamat",https://news.detik.com/detiktv/d-6423362/3-hari-gempa-cianjur-271-orang-tewas-bocah-7-tahun-ditemukan-selamat,"
Kamis, 24 Nov 2022 05:48 WIB "
"Gempa Susulan M 2,2 Terjadi di Cianjur",https://news.detik.com/berita/d-6423352/gempa-susulan-m-2-2-terjadi-di-cianjur,"
Kamis, 24 Nov 2022 05:27 WIB "
"Cerita Korban Selamat di Cianjur, Hendak Salat Saat Gempa Terjadi",https://news.detik.com/berita/d-6423347/cerita-korban-selamat-di-cianjur-hendak-salat-saat-gempa-terjadi,"
Kamis, 24 Nov 2022 05:12 WIB "
Saat Wanita di Cianjur Melahirkan di Tenda Pengungsi,https://news.detik.com/detiktv/d-6423328/saat-wanita-di-cianjur-melahirkan-di-tenda-pengungsi,"
Kamis, 24 Nov 2022 04:22 WIB "
Permintaan Maaf Warga Cianjur yang Adang Mobil Bantuan Gempa,https://news.detik.com/detiktv/d-6423297/permintaan-maaf-warga-cianjur-yang-adang-mobil-bantuan-gempa,"
Kamis, 24 Nov 2022 03:15 WIB "
"Sempat Diamankan Polisi, Warga Cianjur Setop Mobil Bantuan Dipulangkan",https://news.detik.com/berita/d-6423284/sempat-diamankan-polisi-warga-cianjur-setop-mobil-bantuan-dipulangkan,"
Kamis, 24 Nov 2022 01:35 WIB "
Warga Cianjur yang Viral Setop Mobil Bantuan Gempa Minta Maaf,https://news.detik.com/berita/d-6423261/warga-cianjur-yang-viral-setop-mobil-bantuan-gempa-minta-maaf,"
Kamis, 24 Nov 2022 00:23 WIB "
Sido Muncul Salurkan Bantuan Rp 500 Juta ke Korban Bencana di Cianjur,https://news.detik.com/adv-nhl-detikcom/d-6423000/sido-muncul-salurkan-bantuan-rp-500-juta-ke-korban-bencana-di-cianjur,"
Kamis, 24 Nov 2022 00:00 WIB "
"Takut Gempa Susulan, Korban Gempa Cianjur Ini Mengungsi ke Pandeglang",https://news.detik.com/berita/d-6423246/takut-gempa-susulan-korban-gempa-cianjur-ini-mengungsi-ke-pandeglang,"
Rabu, 23 Nov 2022 23:58 WIB "
"Gempa Susulan M 2,5 Terjadi di Cianjur",https://news.detik.com/berita/d-6423215/gempa-susulan-m-2-5-terjadi-di-cianjur,"
Rabu, 23 Nov 2022 22:45 WIB "
Cerita Bocah Cianjur Bertahan Hidup 3 Hari di Reruntuhan Usai Gempa,https://news.detik.com/berita/d-6423209/cerita-bocah-cianjur-bertahan-hidup-3-hari-di-reruntuhan-usai-gempa,"
Rabu, 23 Nov 2022 22:35 WIB "
Polri Evakuasi Korban Gempa Cianjur di Daerah Terisolir,https://news.detik.com/berita/d-6423211/polri-evakuasi-korban-gempa-cianjur-di-daerah-terisolir,"
Rabu, 23 Nov 2022 22:27 WIB "
Gempa Susulan Terjadi di Cianjur Terasa hingga Bogor,https://news.detik.com/berita/d-6423155/gempa-susulan-terjadi-di-cianjur-terasa-hingga-bogor,"
Rabu, 23 Nov 2022 22:04 WIB "
"Kepala BMKG: Jangan Curi Rumah Korban Gempa, Selain Dosa Rumah Bisa Roboh",https://news.detik.com/berita/d-6422975/kepala-bmkg-jangan-curi-rumah-korban-gempa-selain-dosa-rumah-bisa-roboh,"
Rabu, 23 Nov 2022 20:10 WIB "
Pelindo Group Salurkan Bantuan untuk Korban Gempa Cianjur,https://news.detik.com/berita/d-6422943/pelindo-group-salurkan-bantuan-untuk-korban-gempa-cianjur,"
Rabu, 23 Nov 2022 19:54 WIB "
"Mobil Bantuan Korban Gempa Cianjur Disetop Warga, Ini Kata Kepala BNPB",https://news.detik.com/berita/d-6422942/mobil-bantuan-korban-gempa-cianjur-disetop-warga-ini-kata-kepala-bnpb,"
Rabu, 23 Nov 2022 19:52 WIB "
KAI Salurkan Bantuan & Hadirkan Rail Clinic di Stasiun Cianjur,https://news.detik.com/berita/d-6422940/kai-salurkan-bantuan-hadirkan-rail-clinic-di-stasiun-cianjur,"
Rabu, 23 Nov 2022 19:50 WIB "
"Gempa M 3,5 Terjadi Lagi di Cianjur",https://news.detik.com/berita/d-6422895/gempa-m-3-5-terjadi-lagi-di-cianjur,"
Rabu, 23 Nov 2022 19:29 WIB "
Viral Video Mobil Bawa Bantuan Disetop Warga di Cianjur,https://news.detik.com/berita/d-6422872/viral-video-mobil-bawa-bantuan-disetop-warga-di-cianjur,"
Rabu, 23 Nov 2022 19:11 WIB "
"BNPB: Warga Luar Cianjur Jadikan Bencana Seolah Tontonan, Hambat Evakuasi",https://news.detik.com/berita/d-6422866/bnpb-warga-luar-cianjur-jadikan-bencana-seolah-tontonan-hambat-evakuasi,"
Rabu, 23 Nov 2022 19:08 WIB "
BMKG: Ada 171 Gempa Susulan di Cianjur,https://news.detik.com/berita/d-6422850/bmkg-ada-171-gempa-susulan-di-cianjur,"
Rabu, 23 Nov 2022 19:03 WIB "
"Banyak Anak-anak Jadi Korban Gempa Cianjur, Orang Tua Coba Mengikhlaskan",https://news.detik.com/detiktv/d-6422773/banyak-anak-anak-jadi-korban-gempa-cianjur-orang-tua-coba-mengikhlaskan,"
Rabu, 23 Nov 2022 18:32 WIB "
Data Terbaru: 56.320 Rumah Rusak Akibat Gempa Cianjur,https://news.detik.com/berita/d-6422675/data-terbaru-56-320-rumah-rusak-akibat-gempa-cianjur,"
Rabu, 23 Nov 2022 17:57 WIB "
"Korban Gempa M 5,6 Cianjur Dirikan Tenda di Area Kuburan",https://news.detik.com/berita/d-6422636/korban-gempa-m-5-6-cianjur-dirikan-tenda-di-area-kuburan,"
Rabu, 23 Nov 2022 17:42 WIB "
61.908 Warga Kini Hidup di Pengungsian Imbas Gempa Cianjur,https://news.detik.com/berita/d-6422614/61-908-warga-kini-hidup-di-pengungsian-imbas-gempa-cianjur,"
Rabu, 23 Nov 2022 17:31 WIB "
"BNPB: 40 Korban Gempa Cianjur Masih Hilang, 2.043 Orang Luka-luka",https://news.detik.com/berita/d-6422608/bnpb-40-korban-gempa-cianjur-masih-hilang-2-043-orang-luka-luka,"
Rabu, 23 Nov 2022 17:29 WIB "
Warga Desa Sarampad Cianjur Dengar Dentuman Tiap Ada Gempa Susulan,https://news.detik.com/berita/d-6422604/warga-desa-sarampad-cianjur-dengar-dentuman-tiap-ada-gempa-susulan,"
Rabu, 23 Nov 2022 17:26 WIB "
"Bocah Azka Korban Gempa Cianjur Ditemukan Selamat, Nenek Tewas di Sebelahnya",https://news.detik.com/berita/d-6422594/bocah-azka-korban-gempa-cianjur-ditemukan-selamat-nenek-tewas-di-sebelahnya,"
Rabu, 23 Nov 2022 17:18 WIB "
Pertamina Salurkan Bantuan 12 Ton Beras untuk Korban Gempa Cianjur,https://news.detik.com/berita/d-6422579/pertamina-salurkan-bantuan-12-ton-beras-untuk-korban-gempa-cianjur,"
Rabu, 23 Nov 2022 17:14 WIB "
Update Korban Tewas Gempa Cianjur: 271 Jiwa,https://news.detik.com/berita/d-6422566/update-korban-tewas-gempa-cianjur-271-jiwa,"
Rabu, 23 Nov 2022 17:07 WIB "
Polri Dirikan 6 Dapur Umum untuk Korban Gempa Cianjur,https://news.detik.com/berita/d-6422561/polri-dirikan-6-dapur-umum-untuk-korban-gempa-cianjur,"
Rabu, 23 Nov 2022 17:05 WIB "
Kisah Sopir Ambulans Antar Ratusan Korban Gempa Cianjur Pakai Uang Pribadi,https://news.detik.com/berita/d-6422557/kisah-sopir-ambulans-antar-ratusan-korban-gempa-cianjur-pakai-uang-pribadi,"
Rabu, 23 Nov 2022 17:03 WIB "
"Bocah Selamat Usai 3 Hari Tertimpa Reruntuhan di Cianjur, 2 Ortunya Tewas",https://news.detik.com/berita/d-6422529/bocah-selamat-usai-3-hari-tertimpa-reruntuhan-di-cianjur-2-ortunya-tewas,"
Rabu, 23 Nov 2022 16:51 WIB "
"Pilu Warga Korban Gempa Cianjur, Kerabat Masih Tertimbun Reruntuhan",https://news.detik.com/detiktv/d-6422492/pilu-warga-korban-gempa-cianjur-kerabat-masih-tertimbun-reruntuhan,"
Rabu, 23 Nov 2022 16:38 WIB "
Wapres Minta Pemda Wilayah Rawan Gempa Siapkan Sistem Peringatan Dini,https://news.detik.com/berita/d-6422445/wapres-minta-pemda-wilayah-rawan-gempa-siapkan-sistem-peringatan-dini,"
Rabu, 23 Nov 2022 16:20 WIB "
Gempa Cianjur Bikin Rumah Pak RT di Desa Sarampad Terangkat,https://news.detik.com/berita/d-6422383/gempa-cianjur-bikin-rumah-pak-rt-di-desa-sarampad-terangkat,"
Rabu, 23 Nov 2022 16:06 WIB "
Kondisi Desa Sarampad Titik Terparah Akibat Gempa Cianjur,https://news.detik.com/detiktv/d-6422271/kondisi-desa-sarampad-titik-terparah-akibat-gempa-cianjur,"
Rabu, 23 Nov 2022 15:30 WIB "
Pegadaian Beri Bantuan-Tim Medis untuk Bantu Korban Gempa Cianjur,https://news.detik.com/berita/d-6422222/pegadaian-beri-bantuan-tim-medis-untuk-bantu-korban-gempa-cianjur,"
Rabu, 23 Nov 2022 15:13 WIB "
"Via Udara, Basarnas Sisir Lokasi Gempa Cianjur yang Terisolir",https://news.detik.com/detiktv/d-6422199/via-udara-basarnas-sisir-lokasi-gempa-cianjur-yang-terisolir,"
Rabu, 23 Nov 2022 15:02 WIB "
Pemkab Brebes Ganti Uang Sewa Ambulans Angkut 7 Korban Gempa Cianjur,https://news.detik.com/berita/d-6422168/pemkab-brebes-ganti-uang-sewa-ambulans-angkut-7-korban-gempa-cianjur,"
Rabu, 23 Nov 2022 14:46 WIB "
Efek Dahsyat Gempa Cianjur: Aspal Jalan Penghubung 2 Kampung Terangkat!,https://news.detik.com/berita/d-6422138/efek-dahsyat-gempa-cianjur-aspal-jalan-penghubung-2-kampung-terangkat,"
Rabu, 23 Nov 2022 14:34 WIB "
Bocah Ditemukan Selamat Usai 3 Hari Tertimbun Reruntuhan Gempa Cianjur!,https://news.detik.com/detiktv/d-6422061/bocah-ditemukan-selamat-usai-3-hari-tertimbun-reruntuhan-gempa-cianjur,"
Rabu, 23 Nov 2022 14:04 WIB "
"Tinjau Lokasi Gempa Cianjur, JK Soroti Pengaturan Relawan",https://news.detik.com/berita/d-6421966/tinjau-lokasi-gempa-cianjur-jk-soroti-pengaturan-relawan,"
Rabu, 23 Nov 2022 13:36 WIB "
Momen Dramatis Tim SAR Evakuasi Bocah Terjebak Reruntuhan 3 Hari di Cianjur,https://news.detik.com/berita/d-6421938/momen-dramatis-tim-sar-evakuasi-bocah-terjebak-reruntuhan-3-hari-di-cianjur,"
Rabu, 23 Nov 2022 13:25 WIB "
"Suasana di Cianjur Saat Gempa M 3,9 Terjadi Siang Ini",https://news.detik.com/berita/d-6421915/suasana-di-cianjur-saat-gempa-m-3-9-terjadi-siang-ini,"
Rabu, 23 Nov 2022 13:13 WIB "
Dunia Hari Ini: Pendukung Tim Sepak Bola Australia Ricuh Saat Nonton Bareng Piala Dunia,https://news.detik.com/abc-australia/d-6421914/dunia-hari-ini-pendukung-tim-sepak-bola-australia-ricuh-saat-nonton-bareng-piala-dunia,"
Rabu, 23 Nov 2022 13:13 WIB "
"Tak Ada Tenda, Warga Gasol Korban Gempa Cianjur Ngungsi di Kolam Lele",https://news.detik.com/berita/d-6421866/tak-ada-tenda-warga-gasol-korban-gempa-cianjur-ngungsi-di-kolam-lele,"
Rabu, 23 Nov 2022 12:59 WIB "
PBNU Soroti Tarif Ambulans Angkut Jasad 3 Santri Korban Gempa Cianjur,https://news.detik.com/berita/d-6421827/pbnu-soroti-tarif-ambulans-angkut-jasad-3-santri-korban-gempa-cianjur,"
Rabu, 23 Nov 2022 12:42 WIB "
Baguna DPC PDI Perjuangan Tangsel Beri Bantuan ke Korban Gempa Cianjur,https://news.detik.com/berita/d-6421826/baguna-dpc-pdi-perjuangan-tangsel-beri-bantuan-ke-korban-gempa-cianjur,"
Rabu, 23 Nov 2022 12:42 WIB "
"Tenang, Gunung Gede Masih Normal Usai Gempa Cianjur",https://news.detik.com/berita/d-6421725/tenang-gunung-gede-masih-normal-usai-gempa-cianjur,"
Rabu, 23 Nov 2022 12:09 WIB "
"Gempa M 3,9 Terjadi di Cianjur",https://news.detik.com/berita/d-6421714/gempa-m-3-9-terjadi-di-cianjur,"
Rabu, 23 Nov 2022 12:04 WIB "
Kisah Santri Bertahan di Ruang Sempit Segitiga Saat Gempa Cianjur,https://news.detik.com/berita/d-6421654/kisah-santri-bertahan-di-ruang-sempit-segitiga-saat-gempa-cianjur,"
Rabu, 23 Nov 2022 11:50 WIB "
"Fakta-fakta Gempa Susulan Cianjur, Kini Makin Berkurang",https://news.detik.com/berita/d-6421626/fakta-fakta-gempa-susulan-cianjur-kini-makin-berkurang,"
Rabu, 23 Nov 2022 11:40 WIB "
"Pengungsi Gempa Cianjur Bermalam dalam Gelap Gulita, Lilin Habis",https://news.detik.com/berita/d-6421608/pengungsi-gempa-cianjur-bermalam-dalam-gelap-gulita-lilin-habis,"
Rabu, 23 Nov 2022 11:30 WIB "
Korban Gempa Cianjur yang Dirawat di Tenda Darurat RSUD Sayang Berkurang,https://news.detik.com/berita/d-6421607/korban-gempa-cianjur-yang-dirawat-di-tenda-darurat-rsud-sayang-berkurang,"
Rabu, 23 Nov 2022 11:30 WIB "
"3 Warga Brebes Tewas-4 Luka Korban Gempa Dibawa 1 Ambulans, Bayar Rp 6 Juta",https://news.detik.com/berita/d-6421559/3-warga-brebes-tewas-4-luka-korban-gempa-dibawa-1-ambulans-bayar-rp-6-juta,"
Rabu, 23 Nov 2022 11:05 WIB "
Tim SAR Lanjutkan Pencarian Korban di Tengah Gempa Susulan di Cianjur,https://news.detik.com/berita/d-6421545/tim-sar-lanjutkan-pencarian-korban-di-tengah-gempa-susulan-di-cianjur,"
Rabu, 23 Nov 2022 10:52 WIB "
"PPP Salurkan Selimut, Susu hingga Popok Bayi untuk Korban Gempa Cianjur",https://news.detik.com/berita/d-6421521/ppp-salurkan-selimut-susu-hingga-popok-bayi-untuk-korban-gempa-cianjur,"
Rabu, 23 Nov 2022 10:36 WIB "
Kisah Pilu Dinda Cari Suami-Mertua Tertimbun Longsor Imbas Gempa Cianjur,https://news.detik.com/berita/d-6421387/kisah-pilu-dinda-cari-suami-mertua-tertimbun-longsor-imbas-gempa-cianjur,"
Rabu, 23 Nov 2022 09:34 WIB "
"Gempa Bumi M 5,9 Guncang Turki",https://news.detik.com/internasional/d-6421375/gempa-bumi-m-5-9-guncang-turki,"
Rabu, 23 Nov 2022 09:30 WIB "
Situasi Terkini Pascagempa Cianjur,https://news.detik.com/detiktv/d-6421347/situasi-terkini-pascagempa-cianjur,"
Rabu, 23 Nov 2022 09:13 WIB "
BIN Buka Posko Bantuan & Salurkan Logistik ke Pengungsi di Cianjur,https://news.detik.com/berita/d-6421335/bin-buka-posko-bantuan-salurkan-logistik-ke-pengungsi-di-cianjur,"
Rabu, 23 Nov 2022 09:02 WIB "
Polwan Polres Bogor Beri Trauma Healing Anak-anak Korban Gempa Cianjur,https://news.detik.com/berita/d-6421297/polwan-polres-bogor-beri-trauma-healing-anak-anak-korban-gempa-cianjur,"
Rabu, 23 Nov 2022 08:38 WIB "
Tawa Anggota DPR Saat Gempa di Tengah Rapat Jadi Sorotan,https://news.detik.com/berita/d-6421289/tawa-anggota-dpr-saat-gempa-di-tengah-rapat-jadi-sorotan,"
Rabu, 23 Nov 2022 08:27 WIB "
"Beredar Info Gempa Sesar Cimandiri-Erupsi Gunung Gede, BMKG Pastikan Hoax",https://news.detik.com/berita/d-6421276/beredar-info-gempa-sesar-cimandiri-erupsi-gunung-gede-bmkg-pastikan-hoax,"
Rabu, 23 Nov 2022 08:14 WIB "
"Pimpinan Komisi V DPR Tertawa Saat Gempa, MKD: Cukup Minta Maaf-Evaluasi Diri",https://news.detik.com/berita/d-6421259/pimpinan-komisi-v-dpr-tertawa-saat-gempa-mkd-cukup-minta-maaf-evaluasi-diri,"
Rabu, 23 Nov 2022 07:47 WIB "
"26 Sekolah Rusak Terdampak Gempa Cianjur, Belajar-Mengajar Tetap Jalan",https://news.detik.com/berita/d-6421255/26-sekolah-rusak-terdampak-gempa-cianjur-belajar-mengajar-tetap-jalan,"
Rabu, 23 Nov 2022 07:43 WIB "
"Sempat Tertutup Longsor, Jalur Puncak Arah Cianjur Sudah Bisa Dilintasi",https://news.detik.com/berita/d-6421251/sempat-tertutup-longsor-jalur-puncak-arah-cianjur-sudah-bisa-dilintasi,"
Rabu, 23 Nov 2022 07:37 WIB "
5 Arahan Jokowi Usai Gempa Cianjur Telan Lebih dari Dua Ratus Nyawa,https://news.detik.com/berita/d-6421228/5-arahan-jokowi-usai-gempa-cianjur-telan-lebih-dari-dua-ratus-nyawa,"
Rabu, 23 Nov 2022 06:31 WIB "
Putin Sampaikan Belasungkawa ke Jokowi Terkait Insiden Gempa Cianjur,https://news.detik.com/berita/d-6421197/putin-sampaikan-belasungkawa-ke-jokowi-terkait-insiden-gempa-cianjur,"
Rabu, 23 Nov 2022 05:41 WIB "
Saksi Mata Gempa Cianjur: Duka Korban Cari Keluarga Hilang,https://news.detik.com/detiktv/d-6421173/saksi-mata-gempa-cianjur-duka-korban-cari-keluarga-hilang,"
Rabu, 23 Nov 2022 05:14 WIB "
"Telepon Jokowi, Presiden PEA Sampaikan Belasungkawa Gempa Cianjur",https://news.detik.com/berita/d-6421105/telepon-jokowi-presiden-pea-sampaikan-belasungkawa-gempa-cianjur,"
Rabu, 23 Nov 2022 00:26 WIB "
151 Korban Gempa Cianjur Masih Dalam Pencarian,https://news.detik.com/detiktv/d-6421076/151-korban-gempa-cianjur-masih-dalam-pencarian,"
Selasa, 22 Nov 2022 23:19 WIB "
"Gempa M 4,2 Guncang Sukabumi dan Cianjur",https://news.detik.com/berita/d-6421051/gempa-m-4-2-guncang-sukabumi-dan-cianjur,"
Selasa, 22 Nov 2022 22:41 WIB "
Cerita Detik-detik Korban Gempa Cianjur Selamat Usai Tertimbun Bangunan,https://news.detik.com/berita/d-6421022/cerita-detik-detik-korban-gempa-cianjur-selamat-usai-tertimbun-bangunan,"
Selasa, 22 Nov 2022 22:09 WIB "
"Gempa Susulan M 2,8 Kembali Guncang Cianjur",https://news.detik.com/berita/d-6420997/gempa-susulan-m-2-8-kembali-guncang-cianjur,"
Selasa, 22 Nov 2022 21:52 WIB "
"Bantu Korban Gempa Cianjur, PLN Salurkan Sembako-Bangun Dapur Umum",https://news.detik.com/berita/d-6420969/bantu-korban-gempa-cianjur-pln-salurkan-sembako-bangun-dapur-umum,"
Selasa, 22 Nov 2022 21:34 WIB "
"Dalam Kondisi Gelap, Pengungsi Gempa Cianjur di Desa Gasol Baca Selawat",https://news.detik.com/berita/d-6420818/dalam-kondisi-gelap-pengungsi-gempa-cianjur-di-desa-gasol-baca-selawat,"
Selasa, 22 Nov 2022 20:22 WIB "
"Kapolri Dengar Keluhan Pengungsi Gempa Cianjur, Jamin Kebutuhan Terpenuhi",https://news.detik.com/berita/d-6420795/kapolri-dengar-keluhan-pengungsi-gempa-cianjur-jamin-kebutuhan-terpenuhi,"
Selasa, 22 Nov 2022 20:02 WIB "
Cerita Ibu Hamil 9 Bulan Lari Selamatkan Diri Saat Gempa Cianjur,https://news.detik.com/berita/d-6420742/cerita-ibu-hamil-9-bulan-lari-selamatkan-diri-saat-gempa-cianjur,"
Selasa, 22 Nov 2022 19:38 WIB "
PNM Beri Bantuan Paket Sembako untuk Korban Gempa Bumi di Cianjur,https://news.detik.com/berita/d-6420735/pnm-beri-bantuan-paket-sembako-untuk-korban-gempa-bumi-di-cianjur,"
Selasa, 22 Nov 2022 19:33 WIB "
"Gempa Darat Kembali Guncang Cianjur, Kini Magnitudo 2,9",https://news.detik.com/berita/d-6420726/gempa-darat-kembali-guncang-cianjur-kini-magnitudo-2-9,"
Selasa, 22 Nov 2022 19:31 WIB "
Komisi V DPR Minta BMKG Aktif Petakan Jalur Gempa,https://news.detik.com/berita/d-6420694/komisi-v-dpr-minta-bmkg-aktif-petakan-jalur-gempa,"
Selasa, 22 Nov 2022 19:19 WIB "
Curhat Pengungsi Gempa Cianjur: Butuh Selimut hingga Pakaian,https://news.detik.com/berita/d-6420690/curhat-pengungsi-gempa-cianjur-butuh-selimut-hingga-pakaian,"
Selasa, 22 Nov 2022 19:14 WIB "
Tito Imbau Kepala Daerah Se-RI Beri Dana Hibah untuk Korban Gempa Cianjur,https://news.detik.com/berita/d-6420637/tito-imbau-kepala-daerah-se-ri-beri-dana-hibah-untuk-korban-gempa-cianjur,"
Selasa, 22 Nov 2022 18:46 WIB "
"Sebelum Guncangan Dahsyat, Warga Cianjur Rasakan Gempa Sejak Minggu",https://news.detik.com/berita/d-6420552/sebelum-guncangan-dahsyat-warga-cianjur-rasakan-gempa-sejak-minggu,"
Selasa, 22 Nov 2022 18:05 WIB "
5 Berita Terpopuler Internasional Hari Ini,https://news.detik.com/internasional/d-6420505/5-berita-terpopuler-internasional-hari-ini,"
Selasa, 22 Nov 2022 17:47 WIB "
Hitung-hitungan BMKG: Gempa Susulan di Cianjur 4 Hari Lagi Makin Berkurang,https://news.detik.com/berita/d-6420497/hitung-hitungan-bmkg-gempa-susulan-di-cianjur-4-hari-lagi-makin-berkurang,"
Selasa, 22 Nov 2022 17:44 WIB "
Kepala BMKG: Waspada Longsor Saat Musim Hujan Usai Gempa Cianjur,https://news.detik.com/berita/d-6420494/kepala-bmkg-waspada-longsor-saat-musim-hujan-usai-gempa-cianjur,"
Selasa, 22 Nov 2022 17:42 WIB "
"BMKG: Gempa Susulan di Cianjur Semakin Melemah, Tak Perlu Dicemaskan",https://news.detik.com/berita/d-6420445/bmkg-gempa-susulan-di-cianjur-semakin-melemah-tak-perlu-dicemaskan,"
Selasa, 22 Nov 2022 17:32 WIB "
Pemerintah Targetkan Status Tanggap Darurat Gempa Cianjur Selesai 7 Hari,https://news.detik.com/berita/d-6420443/pemerintah-targetkan-status-tanggap-darurat-gempa-cianjur-selesai-7-hari,"
Selasa, 22 Nov 2022 17:31 WIB "
58 Ribu Jiwa Mengungsi Imbas Gempa Cianjur,https://news.detik.com/berita/d-6420431/58-ribu-jiwa-mengungsi-imbas-gempa-cianjur,"
Selasa, 22 Nov 2022 17:27 WIB "
BNPB: 151 Korban Gempa Cianjur Masih Dicari,https://news.detik.com/berita/d-6420418/bnpb-151-korban-gempa-cianjur-masih-dicari,"
Selasa, 22 Nov 2022 17:23 WIB "
Pertamina Kirim Sembako hingga Tim Medis Bantu Korban Gempa Cianjur,https://news.detik.com/berita/d-6420385/pertamina-kirim-sembako-hingga-tim-medis-bantu-korban-gempa-cianjur,"
Selasa, 22 Nov 2022 17:19 WIB "
Surya Paloh Berikan Layanan Konseling NasDem untuk Korban Gempa Cianjur,https://news.detik.com/berita/d-6420381/surya-paloh-berikan-layanan-konseling-nasdem-untuk-korban-gempa-cianjur,"
Selasa, 22 Nov 2022 17:16 WIB "
"Banyak Korban Gempa Cianjur Alami Patah Tulang, Kapolri Kirim Dokter Tambahan",https://news.detik.com/berita/d-6420371/banyak-korban-gempa-cianjur-alami-patah-tulang-kapolri-kirim-dokter-tambahan,"
Selasa, 22 Nov 2022 17:13 WIB "
BNPB: Korban Tewas Gempa Cianjur 268 Orang,https://news.detik.com/berita/d-6420369/bnpb-korban-tewas-gempa-cianjur-268-orang,"
Selasa, 22 Nov 2022 17:10 WIB "
Basarnas: Banyak Siswa di Sekolah Jadi Korban Gempa Cianjur,https://news.detik.com/berita/d-6420322/basarnas-banyak-siswa-di-sekolah-jadi-korban-gempa-cianjur,"
Selasa, 22 Nov 2022 16:59 WIB "
TNGGP Tegaskan Kabar Gunung Gede Erupsi Usai Gempa Cianjur Hoaks!,https://news.detik.com/berita/d-6420309/tnggp-tegaskan-kabar-gunung-gede-erupsi-usai-gempa-cianjur-hoaks,"
Selasa, 22 Nov 2022 16:51 WIB "
"Peringatan Tsunami Dicabut Usai Gempa M7,0 Guncang Kepulauan Solomon",https://news.detik.com/internasional/d-6420308/peringatan-tsunami-dicabut-usai-gempa-m7-0-guncang-kepulauan-solomon,"
Selasa, 22 Nov 2022 16:51 WIB "
"Jokowi Pimpin Rapat Mendadak di Pengungsian Gempa Cianjur, Ini Instruksinya",https://news.detik.com/berita/d-6420243/jokowi-pimpin-rapat-mendadak-di-pengungsian-gempa-cianjur-ini-instruksinya,"
Selasa, 22 Nov 2022 16:20 WIB "
Cerita Jajang 3 Jam Cari Istri dan Anak Tertimbun Reruntuhan Gempa Cianjur,https://news.detik.com/berita/d-6420240/cerita-jajang-3-jam-cari-istri-dan-anak-tertimbun-reruntuhan-gempa-cianjur,"
Selasa, 22 Nov 2022 16:18 WIB "
Stok Kain Kafan di Posko Nagrak Cianjur Habis!,https://news.detik.com/berita/d-6420211/stok-kain-kafan-di-posko-nagrak-cianjur-habis,"
Selasa, 22 Nov 2022 16:05 WIB "
"Pemkab Cianjur Unggah Data Korban Gempa: 252 Orang Meninggal, 377 Luka",https://news.detik.com/berita/d-6420188/pemkab-cianjur-unggah-data-korban-gempa-252-orang-meninggal-377-luka,"
Selasa, 22 Nov 2022 16:01 WIB "
Jokowi Bagikan Makanan ke Anak Korban Gempa Cianjur: Ayamnya Dimakan Ya,https://news.detik.com/berita/d-6420176/jokowi-bagikan-makanan-ke-anak-korban-gempa-cianjur-ayamnya-dimakan-ya,"
Selasa, 22 Nov 2022 15:54 WIB "
BMKG Jelaskan Fenomena 20 Tahunan Gempa Cianjur,https://news.detik.com/berita/d-6420159/bmkg-jelaskan-fenomena-20-tahunan-gempa-cianjur,"
Selasa, 22 Nov 2022 15:48 WIB "
"BMKG Catat 130 Kali Gempa Susulan di Cianjur Usai Gempa M 5,6",https://news.detik.com/berita/d-6420130/bmkg-catat-130-kali-gempa-susulan-di-cianjur-usai-gempa-m-5-6,"
Selasa, 22 Nov 2022 15:42 WIB "
Jaksa Agung Kirimkan 1.000 Paket Bantuan ke Korban Gempa Cianjur,https://news.detik.com/berita/d-6420107/jaksa-agung-kirimkan-1-000-paket-bantuan-ke-korban-gempa-cianjur,"
Selasa, 22 Nov 2022 15:34 WIB "
Pimpinan Komisi V DPR Bantah Tertawakan Kepala BMKG Masuk Meja Saat Gempa,https://news.detik.com/berita/d-6420102/pimpinan-komisi-v-dpr-bantah-tertawakan-kepala-bmkg-masuk-meja-saat-gempa,"
Selasa, 22 Nov 2022 15:31 WIB "
"Kapolri ke RSUD Sayang, Pastikan Kebutuhan Korban Gempa Cianjur Terpenuhi",https://news.detik.com/berita/d-6420081/kapolri-ke-rsud-sayang-pastikan-kebutuhan-korban-gempa-cianjur-terpenuhi,"
Selasa, 22 Nov 2022 15:23 WIB "
Prabowo Perintahkan Seluruh Kader Gerindra Beri Bantuan Korban Gempa Cianjur,https://news.detik.com/berita/d-6420056/prabowo-perintahkan-seluruh-kader-gerindra-beri-bantuan-korban-gempa-cianjur,"
Selasa, 22 Nov 2022 15:14 WIB "
Jokowi Ungkap Gempa Cianjur Terjadi 20 Tahunan,https://news.detik.com/berita/d-6420047/jokowi-ungkap-gempa-cianjur-terjadi-20-tahunan,"
Selasa, 22 Nov 2022 15:09 WIB "
"Getaran Terasa Kuat, Gempa Susulan di Cianjur Bermagnitudo 2,9",https://news.detik.com/pemilu/d-6420010/getaran-terasa-kuat-gempa-susulan-di-cianjur-bermagnitudo-2-9,"
Selasa, 22 Nov 2022 14:52 WIB "
"Selawatan Bareng Gus Azmi, Cak Imin Turut Doakan Korban Gempa Cianjur",https://news.detik.com/berita/d-6420006/selawatan-bareng-gus-azmi-cak-imin-turut-doakan-korban-gempa-cianjur,"
Selasa, 22 Nov 2022 14:51 WIB "
Pakar Jelaskan Perbandingan Gempa Cianjur dengan Gempa Aceh Tahun 2004,https://news.detik.com/abc-australia/d-6420001/pakar-jelaskan-perbandingan-gempa-cianjur-dengan-gempa-aceh-tahun-2004,"
Selasa, 22 Nov 2022 14:49 WIB "
Dunia Hari Ini: Gempa Cianjur Menyita Perhatian Dunia Internasional,https://news.detik.com/abc-australia/d-6419966/dunia-hari-ini-gempa-cianjur-menyita-perhatian-dunia-internasional,"
Selasa, 22 Nov 2022 14:38 WIB "
"Pemprov DKI Kirim 99 Personel Tangani Gempa Cianjur, Salurkan Rp 2 M",https://news.detik.com/berita/d-6419943/pemprov-dki-kirim-99-personel-tangani-gempa-cianjur-salurkan-rp-2-m,"
Selasa, 22 Nov 2022 14:27 WIB "
Tim SAR Gabungan Evakuasi 13 Korban Tewas Gempa Cianjur,https://news.detik.com/berita/d-6419940/tim-sar-gabungan-evakuasi-13-korban-tewas-gempa-cianjur,"
Selasa, 22 Nov 2022 14:26 WIB "
Gempa Susulan Terasa Kuat di Cugenang Cianjur Siang Ini!,https://news.detik.com/berita/d-6419937/gempa-susulan-terasa-kuat-di-cugenang-cianjur-siang-ini,"
Selasa, 22 Nov 2022 14:26 WIB "
"Kapolri Tinjau RSUD Cianjur, Minta Kerja Maksimal Tangani Korban Gempa",https://news.detik.com/berita/d-6419915/kapolri-tinjau-rsud-cianjur-minta-kerja-maksimal-tangani-korban-gempa,"
Selasa, 22 Nov 2022 14:15 WIB "
Momen Pimpinan Komisi V DPR Tertawa Lihat Kepala BMKG Masuk Meja Saat Gempa,https://news.detik.com/berita/d-6419858/momen-pimpinan-komisi-v-dpr-tertawa-lihat-kepala-bmkg-masuk-meja-saat-gempa,"
Selasa, 22 Nov 2022 13:45 WIB "
Kapolri Tinjau Perawatan Korban Gempa Cianjur di RSUD Sayang,https://news.detik.com/berita/d-6419838/kapolri-tinjau-perawatan-korban-gempa-cianjur-di-rsud-sayang,"
Selasa, 22 Nov 2022 13:36 WIB "
Jokowi Pastikan Warga Rumah Rusak Akibat Gempa Cianjur Dapat Bantuan Uang,https://news.detik.com/berita/d-6419832/jokowi-pastikan-warga-rumah-rusak-akibat-gempa-cianjur-dapat-bantuan-uang,"
Selasa, 22 Nov 2022 13:32 WIB "
Jokowi Minta Menteri PUPR Bangunkan Rumah Tahan Gempa di Cianjur,https://news.detik.com/berita/d-6419818/jokowi-minta-menteri-pupr-bangunkan-rumah-tahan-gempa-di-cianjur,"
Selasa, 22 Nov 2022 13:28 WIB "
"Cek Gempa Cianjur, Komisi VIII DPR Batalkan Rapat Kerja dengan BNPB",https://news.detik.com/berita/d-6419806/cek-gempa-cianjur-komisi-viii-dpr-batalkan-rapat-kerja-dengan-bnpb,"
Selasa, 22 Nov 2022 13:23 WIB "
"Anggota DPR Tertawa Kepala BMKG Masuk Meja Saat Gempa, Dasco Minta Introspeksi",https://news.detik.com/berita/d-6419783/anggota-dpr-tertawa-kepala-bmkg-masuk-meja-saat-gempa-dasco-minta-introspeksi,"
Selasa, 22 Nov 2022 13:18 WIB "
PM Inggris Terkejut dan Turut Berduka Atas Gempa Cianjur,https://news.detik.com/internasional/d-6419782/pm-inggris-terkejut-dan-turut-berduka-atas-gempa-cianjur,"
Selasa, 22 Nov 2022 13:18 WIB "
Jokowi Minta Dahulukan Evakuasi Korban Tertimbun Akibat Gempa Cianjur,https://news.detik.com/berita/d-6419778/jokowi-minta-dahulukan-evakuasi-korban-tertimbun-akibat-gempa-cianjur,"
Selasa, 22 Nov 2022 13:16 WIB "
Jokowi Sampaikan Dukacita Mendalam atas Musibah Gempa Cianjur,https://news.detik.com/berita/d-6419773/jokowi-sampaikan-dukacita-mendalam-atas-musibah-gempa-cianjur,"
Selasa, 22 Nov 2022 13:15 WIB "
Jokowi Cek Korban Gempa Cianjur,https://news.detik.com/detiktv/d-6419752/jokowi-cek-korban-gempa-cianjur,"
Selasa, 22 Nov 2022 13:10 WIB "
"Jalan Puncak Sempat Tertutup Longsor, Ini Rute ke Cianjur Via Jonggol",https://news.detik.com/berita/d-6419717/jalan-puncak-sempat-tertutup-longsor-ini-rute-ke-cianjur-via-jonggol,"
Selasa, 22 Nov 2022 12:56 WIB "
"Pakai Jalur Darat, Jokowi Bergerak ke Cianjur Tinjau Penanganan Gempa",https://news.detik.com/berita/d-6419671/pakai-jalur-darat-jokowi-bergerak-ke-cianjur-tinjau-penanganan-gempa,"
Selasa, 22 Nov 2022 12:35 WIB "
BNPB soal Beda Data Korban Tewas Gempa Cianjur: Itu Biasa Terjadi,https://news.detik.com/berita/d-6419642/bnpb-soal-beda-data-korban-tewas-gempa-cianjur-itu-biasa-terjadi,"
Selasa, 22 Nov 2022 12:17 WIB "
Basarnas Ungkap 300 Korban Gempa Cianjur Luka Berat dan Harus Ditandu,https://news.detik.com/berita/d-6419641/basarnas-ungkap-300-korban-gempa-cianjur-luka-berat-dan-harus-ditandu,"
Selasa, 22 Nov 2022 12:17 WIB "
403 Prajurit Kopassus Bantu Penanggulangan Gempa Cianjur,https://news.detik.com/berita/d-6419640/403-prajurit-kopassus-bantu-penanggulangan-gempa-cianjur,"
Selasa, 22 Nov 2022 12:16 WIB "
Tim PUPR Temukan 5 Mayat Saat Buka Jalur Longsor Puncak-Cianjur,https://news.detik.com/berita/d-6419628/tim-pupr-temukan-5-mayat-saat-buka-jalur-longsor-puncak-cianjur,"
Selasa, 22 Nov 2022 12:14 WIB "
Kominfo Cek Infrastruktur Telekomunikasi Terdampak Gempa di Cianjur,https://news.detik.com/berita/d-6419619/kominfo-cek-infrastruktur-telekomunikasi-terdampak-gempa-di-cianjur,"
Selasa, 22 Nov 2022 12:10 WIB "
"Ada Beda Data Korban Tewas Gempa Cianjur, Ini Rincian dan Penjelasannya",https://news.detik.com/berita/d-6419607/ada-beda-data-korban-tewas-gempa-cianjur-ini-rincian-dan-penjelasannya,"
Selasa, 22 Nov 2022 12:06 WIB "
"Sejarah Gempa Sukabumi-Cianjur Sejak 1844, Kerusakan Kemarin Paling Parah",https://news.detik.com/berita/d-6419593/sejarah-gempa-sukabumi-cianjur-sejak-1844-kerusakan-kemarin-paling-parah,"
Selasa, 22 Nov 2022 12:03 WIB "
4 Santri Sukabumi Ini Lompat dari Lantai 3 Saat Gempa Cianjur,https://news.detik.com/berita/d-6419589/4-santri-sukabumi-ini-lompat-dari-lantai-3-saat-gempa-cianjur,"
Selasa, 22 Nov 2022 12:00 WIB "
Basarnas Kerahkan 103 Personel untuk Evakuasi Korban Gempa Cianjur,https://news.detik.com/berita/d-6419557/basarnas-kerahkan-103-personel-untuk-evakuasi-korban-gempa-cianjur,"
Selasa, 22 Nov 2022 11:54 WIB "
Dirut: 531 Korban Luka Gempa Dirawat di RSUD Sayang Cianjur,https://news.detik.com/berita/d-6419548/dirut-531-korban-luka-gempa-dirawat-di-rsud-sayang-cianjur,"
Selasa, 22 Nov 2022 11:52 WIB "
BAZNAS Kerahkan Tim untuk Bantu Evakuasi Korban Gempa di Cianjur,https://news.detik.com/berita/d-6419532/baznas-kerahkan-tim-untuk-bantu-evakuasi-korban-gempa-di-cianjur,"
Selasa, 22 Nov 2022 11:47 WIB "
Ma'ruf Minta Ada Healing Center Gempa Cianjur: Anak-anak Trauma,https://news.detik.com/berita/d-6419529/maruf-minta-ada-healing-center-gempa-cianjur-anak-anak-trauma,"
Selasa, 22 Nov 2022 11:43 WIB "
Kisah Nenek Jubaedah Selamat dari Kolam Tertutup Reruntuhan Gempa Cianjur,https://news.detik.com/berita/d-6419514/kisah-nenek-jubaedah-selamat-dari-kolam-tertutup-reruntuhan-gempa-cianjur,"
Selasa, 22 Nov 2022 11:34 WIB "
DVI Sudah Identifikasi 112 Jenazah Korban Gempa Cianjur,https://news.detik.com/berita/d-6419511/dvi-sudah-identifikasi-112-jenazah-korban-gempa-cianjur,"
Selasa, 22 Nov 2022 11:33 WIB "
"Penyebab Gempa Cianjur 21 November 2022, Ini Penjelasan Lengkapnya",https://news.detik.com/berita/d-6419498/penyebab-gempa-cianjur-21-november-2022-ini-penjelasan-lengkapnya,"
Selasa, 22 Nov 2022 11:28 WIB "
RK Ungkap Korban Gempa Cianjur Dirawat di Luar Bukan karena RS Penuh,https://news.detik.com/berita/d-6419491/rk-ungkap-korban-gempa-cianjur-dirawat-di-luar-bukan-karena-rs-penuh,"
Selasa, 22 Nov 2022 11:26 WIB "
Polri Fokus Evakuasi Korban Gempa Cianjur di 2 Wilayah Terisolasi,https://news.detik.com/berita/d-6419488/polri-fokus-evakuasi-korban-gempa-cianjur-di-2-wilayah-terisolasi,"
Selasa, 22 Nov 2022 11:25 WIB "
Data BNPB Pagi Ini soal Jumlah Korban Gempa Cianjur: 103 Meninggal,https://news.detik.com/berita/d-6419459/data-bnpb-pagi-ini-soal-jumlah-korban-gempa-cianjur-103-meninggal,"
Selasa, 22 Nov 2022 11:14 WIB "
Ridwan Kamil Ungkap Kemungkinan Jokowi ke Lokasi Gempa Cianjur Besok,https://news.detik.com/berita/d-6419458/ridwan-kamil-ungkap-kemungkinan-jokowi-ke-lokasi-gempa-cianjur-besok,"
Selasa, 22 Nov 2022 11:14 WIB "
"Sempat Tertutup Longsor, Jalur Cianjur-Cipanas Akan Dibuka Lagi Siang Ini",https://news.detik.com/berita/d-6419457/sempat-tertutup-longsor-jalur-cianjur-cipanas-akan-dibuka-lagi-siang-ini,"
Selasa, 22 Nov 2022 11:14 WIB "
"Datang Jam 2 Pagi, Dedi Mulyadi Beri Bantuan ke Korban Gempa Cianjur",https://news.detik.com/berita/d-6419455/datang-jam-2-pagi-dedi-mulyadi-beri-bantuan-ke-korban-gempa-cianjur,"
Selasa, 22 Nov 2022 11:12 WIB "
Polri Sebut 30 Korban Gempa Cianjur Masih Tertimbun Reruntuhan,https://news.detik.com/berita/d-6419452/polri-sebut-30-korban-gempa-cianjur-masih-tertimbun-reruntuhan,"
Selasa, 22 Nov 2022 11:10 WIB "
BMKG Catat Terjadi 125 Gempa Susulan di Cianjur,https://news.detik.com/berita/d-6419450/bmkg-catat-terjadi-125-gempa-susulan-di-cianjur,"
Selasa, 22 Nov 2022 11:08 WIB "
"Muhadjir: Data Korban Gempa Cianjur Belum Pasti, Sementara 162 Orang Tewas",https://news.detik.com/berita/d-6419449/muhadjir-data-korban-gempa-cianjur-belum-pasti-sementara-162-orang-tewas,"
Selasa, 22 Nov 2022 11:08 WIB "
Basarnas Ungkap Kendala Evakuasi Korban Gempa Cianjur,https://news.detik.com/berita/d-6419438/basarnas-ungkap-kendala-evakuasi-korban-gempa-cianjur,"
Selasa, 22 Nov 2022 11:03 WIB "
Basarnas Ungkap Banyak Anak Korban Gempa Cianjur Tertimpa Saat Belajar,https://news.detik.com/berita/d-6419420/basarnas-ungkap-banyak-anak-korban-gempa-cianjur-tertimpa-saat-belajar,"
Selasa, 22 Nov 2022 10:58 WIB "
Ridwan Kamil Ungkap Listrik di Cugenang Cianjur Baru Nyala 20% Usai Gempa,https://news.detik.com/berita/d-6419407/ridwan-kamil-ungkap-listrik-di-cugenang-cianjur-baru-nyala-20-usai-gempa,"
Selasa, 22 Nov 2022 10:53 WIB "
Polri: 90 Persen Korban Gempa Cianjur Teridentifikasi!,https://news.detik.com/berita/d-6419406/polri-90-persen-korban-gempa-cianjur-teridentifikasi,"
Selasa, 22 Nov 2022 10:52 WIB "
Polri Kerahkan 350 Personel untuk Tangani Dampak Gempa Cianjur,https://news.detik.com/berita/d-6419396/polri-kerahkan-350-personel-untuk-tangani-dampak-gempa-cianjur,"
Selasa, 22 Nov 2022 10:47 WIB "
Menag Ajak Warga Gelar Salat Gaib untuk Korban Tewas Gempa Cianjur,https://news.detik.com/berita/d-6419393/menag-ajak-warga-gelar-salat-gaib-untuk-korban-tewas-gempa-cianjur,"
Selasa, 22 Nov 2022 10:45 WIB "
Pilu Banyak Anak Jadi Korban Gempa Cianjur Saat Belajar di Madrasah,https://news.detik.com/berita/d-6419391/pilu-banyak-anak-jadi-korban-gempa-cianjur-saat-belajar-di-madrasah,"
Selasa, 22 Nov 2022 10:45 WIB "
"Ma'ruf Telepon RK, Minta Korban Luka Gempa Cianjur Ditangani Cepat",https://news.detik.com/berita/d-6419378/maruf-telepon-rk-minta-korban-luka-gempa-cianjur-ditangani-cepat,"
Selasa, 22 Nov 2022 10:38 WIB "
"Bencana Alam Sisakan Duka, Mari Bantu Korban Gempa Cianjur",https://news.detik.com/berita/d-6419362/bencana-alam-sisakan-duka-mari-bantu-korban-gempa-cianjur,"
Selasa, 22 Nov 2022 10:30 WIB "
"Basarnas Sebut Korban Tewas Gempa Cianjur 162 Orang, 13.784 Mengungsi",https://news.detik.com/berita/d-6419354/basarnas-sebut-korban-tewas-gempa-cianjur-162-orang-13-784-mengungsi,"
Selasa, 22 Nov 2022 10:25 WIB "
BNPB Catat 25 Korban Gempa Cianjur Masih Tertimbun Reruntuhan,https://news.detik.com/berita/d-6419270/bnpb-catat-25-korban-gempa-cianjur-masih-tertimbun-reruntuhan,"
Selasa, 22 Nov 2022 09:37 WIB "
"Bupati Cianjur Tetapkan Status Tanggap Darurat 30 Hari Usai Gempa M 5,6",https://news.detik.com/berita/d-6419220/bupati-cianjur-tetapkan-status-tanggap-darurat-30-hari-usai-gempa-m-5-6,"
Selasa, 22 Nov 2022 09:07 WIB "
Basarnas Update Gempa Cianjur,https://news.detik.com/detiktv/d-6419219/basarnas-update-gempa-cianjur,"
Selasa, 22 Nov 2022 09:05 WIB "
Duka Gempa di Cianjur hingga Puluhan Orang Hilang Nyawa,https://news.detik.com/berita/d-6419121/duka-gempa-di-cianjur-hingga-puluhan-orang-hilang-nyawa,"
Selasa, 22 Nov 2022 07:46 WIB "
"5 Data dan Fakta Gempa M 5,6 di Cianjur Terasa Kencang di Jakarta",https://news.detik.com/berita/d-6419050/5-data-dan-fakta-gempa-m-5-6-di-cianjur-terasa-kencang-di-jakarta,"
Selasa, 22 Nov 2022 06:07 WIB "
"Khawatir Gempa Susulan, Warga Cianjur Belum Berani Tidur di Rumah",https://news.detik.com/berita/d-6419014/khawatir-gempa-susulan-warga-cianjur-belum-berani-tidur-di-rumah,"
Selasa, 22 Nov 2022 05:28 WIB "
"Jalur Puncak Lumpuh Imbas Gempa Cianjur, Polisi Rekayasa Lalin",https://news.detik.com/berita/d-6418980/jalur-puncak-lumpuh-imbas-gempa-cianjur-polisi-rekayasa-lalin,"
Selasa, 22 Nov 2022 02:50 WIB "
Tim Rescue-Medis Kota Bogor Diluncurkan Bantu Penanganan Gempa di Cianjur,https://news.detik.com/berita/d-6418978/tim-rescue-medis-kota-bogor-diluncurkan-bantu-penanganan-gempa-di-cianjur,"
Selasa, 22 Nov 2022 02:19 WIB "
BNPB Nyatakan Korban Jiwa Gempa Cianjur 62 Orang Sampai Tengah Malam Ini,https://news.detik.com/berita/d-6418949/bnpb-nyatakan-korban-jiwa-gempa-cianjur-62-orang-sampai-tengah-malam-ini,"
Selasa, 22 Nov 2022 00:27 WIB "
Humas Polri Kirim 3.000 Paket Sembako dari Kapolri ke Lokasi Gempa Cianjur,https://news.detik.com/berita/d-6418910/humas-polri-kirim-3-000-paket-sembako-dari-kapolri-ke-lokasi-gempa-cianjur,"
Senin, 21 Nov 2022 23:11 WIB "
"Tembok Lapas di Cianjur Roboh Akibat Gempa, 1 Balita Tewas",https://news.detik.com/berita/d-6418881/tembok-lapas-di-cianjur-roboh-akibat-gempa-1-balita-tewas,"
Senin, 21 Nov 2022 22:35 WIB "
"Diguncang Gempa, Tembok Lapas di Cianjur Roboh dan Napi Luka-luka",https://news.detik.com/berita/d-6418860/diguncang-gempa-tembok-lapas-di-cianjur-roboh-dan-napi-luka-luka,"
Senin, 21 Nov 2022 22:15 WIB "
Live: Update Terkini Pascagempa Cianjur,https://news.detik.com/detiktv/d-6418826/live-update-terkini-pascagempa-cianjur,"
Senin, 21 Nov 2022 21:50 WIB "
Pencarian Korban Gempa Cianjur Berpacu dengan Waktu,https://news.detik.com/detiktv/d-6418821/pencarian-korban-gempa-cianjur-berpacu-dengan-waktu,"
Senin, 21 Nov 2022 21:46 WIB "
BPBD DKI: Ada Retakan di Gedung Ancol Mansion Usai Gempa Cianjur,https://news.detik.com/berita/d-6418809/bpbd-dki-ada-retakan-di-gedung-ancol-mansion-usai-gempa-cianjur,"
Senin, 21 Nov 2022 21:37 WIB "
"Dampak Gempa M 5,6 Cianjur, Kepala 2 Warga Bogor Luka Tertimpa Material",https://news.detik.com/berita/d-6418769/dampak-gempa-m-5-6-cianjur-kepala-2-warga-bogor-luka-tertimpa-material,"
Senin, 21 Nov 2022 21:08 WIB "
"Listrik Padam, Nakes Rawat Korban Gempa Cianjur di Tengah Kegelapan",https://news.detik.com/berita/d-6418736/listrik-padam-nakes-rawat-korban-gempa-cianjur-di-tengah-kegelapan,"
Senin, 21 Nov 2022 20:46 WIB "
Tentang Gempa Dangkal di Cianjur tapi Malah Lebih Punya Daya Hancur,https://news.detik.com/berita/d-6418713/tentang-gempa-dangkal-di-cianjur-tapi-malah-lebih-punya-daya-hancur,"
Senin, 21 Nov 2022 20:36 WIB "
Puan Berduka Atas Gempa Cianjur: Korban Luka Harus Segera Ditangani!,https://news.detik.com/berita/d-6418706/puan-berduka-atas-gempa-cianjur-korban-luka-harus-segera-ditangani,"
Senin, 21 Nov 2022 20:32 WIB "
Pasien Korban Gempa Cianjur Dirawat di Parkiran Imbas RSUD Penuh,https://news.detik.com/berita/d-6418702/pasien-korban-gempa-cianjur-dirawat-di-parkiran-imbas-rsud-penuh,"
Senin, 21 Nov 2022 20:28 WIB "
Polri Kerahkan Ratusan Personel Brimob Bantu Penanggulangan Gempa Cianjur,https://news.detik.com/berita/d-6418689/polri-kerahkan-ratusan-personel-brimob-bantu-penanggulangan-gempa-cianjur,"
Senin, 21 Nov 2022 20:21 WIB "
Update Jumlah Korban Tewas Gempa Cianjur Malam Ini: 62 Orang,https://news.detik.com/berita/d-6418687/update-jumlah-korban-tewas-gempa-cianjur-malam-ini-62-orang,"
Senin, 21 Nov 2022 20:21 WIB "
"Atap-Dinding Rumah Warga di Bogor Ambruk Imbas Gempa M 5,6 Cianjur",https://news.detik.com/berita/d-6418535/atap-dinding-rumah-warga-di-bogor-ambruk-imbas-gempa-m-5-6-cianjur,"
Senin, 21 Nov 2022 19:14 WIB "
"Tentang Sesar Cimandiri, Diduga Terkait Gempa Cianjur 21 November",https://news.detik.com/berita/d-6418520/tentang-sesar-cimandiri-diduga-terkait-gempa-cianjur-21-november,"
Senin, 21 Nov 2022 19:05 WIB "
"Korban Gempa Cianjur 21 November, Ini Data Jumlah Korban Tewas dan Luka",https://news.detik.com/berita/d-6418502/korban-gempa-cianjur-21-november-ini-data-jumlah-korban-tewas-dan-luka,"
Senin, 21 Nov 2022 18:54 WIB "
"Update Jumlah Korban Tewas Gempa Cianjur: 56 Orang, 40 di Antaranya Anak-anak",https://news.detik.com/berita/d-6418341/update-jumlah-korban-tewas-gempa-cianjur-56-orang-40-di-antaranya-anak-anak,"
Senin, 21 Nov 2022 17:44 WIB "
Kondisi Terkini Pascagempa Cianjur,https://news.detik.com/detiktv/d-6418276/kondisi-terkini-pascagempa-cianjur,"
Senin, 21 Nov 2022 17:22 WIB "
"Kerusakan Gempa Cianjur: Data Bangunan Rusak, Longsor, Korban Jiwa",https://news.detik.com/berita/d-6418194/kerusakan-gempa-cianjur-data-bangunan-rusak-longsor-korban-jiwa,"
Senin, 21 Nov 2022 16:54 WIB "
"Cara-cara Melindungi Diri dari Gempa Bumi, Wajib Tahu!",https://news.detik.com/berita/d-6418192/cara-cara-melindungi-diri-dari-gempa-bumi-wajib-tahu,"
Senin, 21 Nov 2022 16:52 WIB "
"BNPB: 46 Orang Tewas Imbas Gempa M 5,6 Cianjur, 700-an Terluka",https://news.detik.com/berita/d-6418168/bnpb-46-orang-tewas-imbas-gempa-m-5-6-cianjur-700-an-terluka,"
Senin, 21 Nov 2022 16:40 WIB "
"Data Korban Tewas Gempa Beda dengan Bupati Cianjur, BNPB Beri Penjelasan",https://news.detik.com/berita/d-6418142/data-korban-tewas-gempa-beda-dengan-bupati-cianjur-bnpb-beri-penjelasan,"
Senin, 21 Nov 2022 16:21 WIB "
"Kekuatan Gempa Cianjur Tak Besar tapi Merusak, Ini Penjelasan BMKG",https://news.detik.com/berita/d-6418112/kekuatan-gempa-cianjur-tak-besar-tapi-merusak-ini-penjelasan-bmkg,"
Senin, 21 Nov 2022 16:05 WIB "
"Gempa M 5,6 Guncang Cianjur, Perjalanan KA Bogor-Sukabumi Aman",https://news.detik.com/berita/d-6418107/gempa-m-5-6-guncang-cianjur-perjalanan-ka-bogor-sukabumi-aman,"
Senin, 21 Nov 2022 16:02 WIB "
"Bupati Cianjur: 20 Orang Tewas Akibat Gempa M 5,6",https://news.detik.com/berita/d-6418092/bupati-cianjur-20-orang-tewas-akibat-gempa-m-5-6,"
Senin, 21 Nov 2022 16:00 WIB "
BNPB Pastikan Rumah Warga Hancur Gegara Gempa Cianjur Akan Dibangun Lagi,https://news.detik.com/berita/d-6418067/bnpb-pastikan-rumah-warga-hancur-gegara-gempa-cianjur-akan-dibangun-lagi,"
Senin, 21 Nov 2022 15:52 WIB "
"7 Rumah, Ponpes, dan RSUD di Cianjur Rusak Imbas Gempa",https://news.detik.com/berita/d-6418054/7-rumah-ponpes-dan-rsud-di-cianjur-rusak-imbas-gempa,"
Senin, 21 Nov 2022 15:49 WIB "
"Kepala BMKG Minta Warga Tak Terpengaruh Isu Usai Gempa M 5,6 di Cianjur",https://news.detik.com/berita/d-6418053/kepala-bmkg-minta-warga-tak-terpengaruh-isu-usai-gempa-m-5-6-di-cianjur,"
Senin, 21 Nov 2022 15:46 WIB "
"Kekuatan Gempa Cianjur M 5,6 hingga MMI VI, Ini Artinya",https://news.detik.com/berita/d-6418040/kekuatan-gempa-cianjur-m-5-6-hingga-mmi-vi-ini-artinya,"
Senin, 21 Nov 2022 15:38 WIB "
Korban Tewas Gempa Cianjur Bertambah Jadi 14 Orang!,https://news.detik.com/berita/d-6418036/korban-tewas-gempa-cianjur-bertambah-jadi-14-orang,"
Senin, 21 Nov 2022 15:36 WIB "
"BMKG Catat 25 Kali Gempa Susulan Usai Gempa M 5,6 Cianjur",https://news.detik.com/berita/d-6418022/bmkg-catat-25-kali-gempa-susulan-usai-gempa-m-5-6-cianjur,"
Senin, 21 Nov 2022 15:32 WIB "
"Cerita Warga Bogor Panik Gempa M 5,6 tapi 'Terperangkap' Hujan di Warkop",https://news.detik.com/berita/d-6418031/cerita-warga-bogor-panik-gempa-m-5-6-tapi-terperangkap-hujan-di-warkop,"
Senin, 21 Nov 2022 15:31 WIB "
"Gempa M 5,6 Cianjur, 8 Mobil Tertimbun Longsor",https://news.detik.com/berita/d-6417985/gempa-m-5-6-cianjur-8-mobil-tertimbun-longsor,"
Senin, 21 Nov 2022 15:27 WIB "
"Penjelasan BMKG soal Gempa M 5,6 Cianjur",https://news.detik.com/detiktv/d-6417981/penjelasan-bmkg-soal-gempa-m-5-6-cianjur,"
Senin, 21 Nov 2022 15:25 WIB "
"Longsor di Cugenang Imbas Gempa M 5,6, Jalur Puncak Arah Cianjur Dialihkan",https://news.detik.com/berita/d-6417957/longsor-di-cugenang-imbas-gempa-m-5-6-jalur-puncak-arah-cianjur-dialihkan,"
Senin, 21 Nov 2022 15:19 WIB "
Momen Ketua Komisi V Persilakan Kepala BMKG Tinggalkan Rapat Usai Gempa,https://news.detik.com/berita/d-6417950/momen-ketua-komisi-v-persilakan-kepala-bmkg-tinggalkan-rapat-usai-gempa,"
Senin, 21 Nov 2022 15:16 WIB "
"BPBD: Sejumlah Rumah di Bogor Rusak Imbas Gempa M 5,6 Cianjur",https://news.detik.com/berita/d-6417938/bpbd-sejumlah-rumah-di-bogor-rusak-imbas-gempa-m-5-6-cianjur,"
Senin, 21 Nov 2022 15:14 WIB "
"5 Orang di Kabupaten Cianjur Meninggal Dunia Usai Gempa M 5,6",https://news.detik.com/berita/d-6417920/5-orang-di-kabupaten-cianjur-meninggal-dunia-usai-gempa-m-5-6,"
Senin, 21 Nov 2022 15:07 WIB "
"Jalur Cipanas Tertutup Longsor Imbas Gempa M 5,6 Cianjur",https://news.detik.com/berita/d-6417904/jalur-cipanas-tertutup-longsor-imbas-gempa-m-5-6-cianjur,"
Senin, 21 Nov 2022 15:02 WIB "
"2 Warga Meninggal Akibat Gempa M 5,6 Cianjur",https://news.detik.com/berita/d-6417890/2-warga-meninggal-akibat-gempa-m-5-6-cianjur,"
Senin, 21 Nov 2022 14:54 WIB "
"Gempa Cianjur Hari Ini: Lokasi, Kekuatan hingga Penyebabnya",https://news.detik.com/berita/d-6417848/gempa-cianjur-hari-ini-lokasi-kekuatan-hingga-penyebabnya,"
Senin, 21 Nov 2022 14:43 WIB "
"Gempa M 5,6 di Cianjur: 7 Rumah Rusak, Ada Korban Luka",https://news.detik.com/berita/d-6417839/gempa-m-5-6-di-cianjur-7-rumah-rusak-ada-korban-luka,"
Senin, 21 Nov 2022 14:36 WIB "
"Pimpinan hingga Pegawai KPK Panik, Lari ke Luar Gedung Saat Gempa M 5,6",https://news.detik.com/berita/d-6417830/pimpinan-hingga-pegawai-kpk-panik-lari-ke-luar-gedung-saat-gempa-m-5-6,"
Senin, 21 Nov 2022 14:33 WIB "
Gempa di Jakarta Hari Ini 21 November 2022: Kekuatan Hingga Pusat Gempa,https://news.detik.com/berita/d-6417820/gempa-di-jakarta-hari-ini-21-november-2022-kekuatan-hingga-pusat-gempa,"
Senin, 21 Nov 2022 14:31 WIB "
"Usai Gempa M,5,6 Cianjur, Kepala BMKG Wanti-wanti Gempa Susulan",https://news.detik.com/detiktv/d-6417807/usai-gempa-m-5-6-cianjur-kepala-bmkg-wanti-wanti-gempa-susulan,"
Senin, 21 Nov 2022 14:26 WIB "
"Warga di Sukabumi Berhamburan ke Jalan Saat Gempa M 5,6 Mengguncang",https://news.detik.com/berita/d-6417799/warga-di-sukabumi-berhamburan-ke-jalan-saat-gempa-m-5-6-mengguncang,"
Senin, 21 Nov 2022 14:22 WIB "
"Gempa Terasa di Polda Metro, Polisi dan Pengunjung ke Luar Gedung",https://news.detik.com/berita/d-6417774/gempa-terasa-di-polda-metro-polisi-dan-pengunjung-ke-luar-gedung,"
Senin, 21 Nov 2022 14:12 WIB "
"Gempa M 5,6 Terasa di Jakarta, Ini Prosedur Penyelamatan Diri",https://news.detik.com/berita/d-6417763/gempa-m-5-6-terasa-di-jakarta-ini-prosedur-penyelamatan-diri,"
Senin, 21 Nov 2022 14:06 WIB "
"BMKG Prediksi Potensi Gempa Susulan, Minta Masyarakat Keluar Gedung",https://news.detik.com/berita/d-6417761/bmkg-prediksi-potensi-gempa-susulan-minta-masyarakat-keluar-gedung,"
Senin, 21 Nov 2022 14:06 WIB "
"Gempa M 5,6 Cianjur Terasa di Bogor, Mahasiswa IPB Sempat Berhamburan",https://news.detik.com/berita/d-6417757/gempa-m-5-6-cianjur-terasa-di-bogor-mahasiswa-ipb-sempat-berhamburan,"
Senin, 21 Nov 2022 14:04 WIB "
"Pusat Gempa M 5,6 Cianjur Berada di Kedalaman 10 Km",https://news.detik.com/berita/d-6417738/pusat-gempa-m-5-6-cianjur-berada-di-kedalaman-10-km,"
Senin, 21 Nov 2022 14:00 WIB "
"Kepala BMKG: Gempa Cianjur M 5,6 Diduga Pergerakan Sesar Cimandiri",https://news.detik.com/berita/d-6417729/kepala-bmkg-gempa-cianjur-m-5-6-diduga-pergerakan-sesar-cimandiri,"
Senin, 21 Nov 2022 13:54 WIB "
"Gempa Terasa di Jakarta, Kepala BMKG Minta Anggota DPR Keluar Saat Rapat",https://news.detik.com/berita/d-6417727/gempa-terasa-di-jakarta-kepala-bmkg-minta-anggota-dpr-keluar-saat-rapat,"
Senin, 21 Nov 2022 13:52 WIB "
"Gempa M 5,6 di Cianjur, Guncangan Kuat Terasa di Jakarta!",https://news.detik.com/detiktv/d-6417725/gempa-m-5-6-di-cianjur-guncangan-kuat-terasa-di-jakarta,"
Senin, 21 Nov 2022 13:52 WIB "
"BMKG Ungkap Penyebab Gempa M 5,6 Cianjur yang Terasa Kuat di Jakarta",https://news.detik.com/berita/d-6417720/bmkg-ungkap-penyebab-gempa-m-5-6-cianjur-yang-terasa-kuat-di-jakarta,"
Senin, 21 Nov 2022 13:50 WIB "
"Gempa Guncang Jakarta, Anggota DPR Berhamburan!",https://news.detik.com/berita/d-6417711/gempa-guncang-jakarta-anggota-dpr-berhamburan,"
Senin, 21 Nov 2022 13:44 WIB "
"Gempa M 5,6 Cianjur Bikin Pasien di RS Tumbuh Kembang Depok Panik",https://news.detik.com/berita/d-6417701/gempa-m-5-6-cianjur-bikin-pasien-di-rs-tumbuh-kembang-depok-panik,"
Senin, 21 Nov 2022 13:41 WIB "
"Gempa M 5,6 Cianjur Dirasakan di Jakarta, Depok, hingga Tangsel",https://news.detik.com/berita/d-6417689/gempa-m-5-6-cianjur-dirasakan-di-jakarta-depok-hingga-tangsel,"
Senin, 21 Nov 2022 13:37 WIB "
"Gempa M 5,6 Terasa Kuat di Jakarta, Karyawan di Gedung Tinggi di Jaksel Panik",https://news.detik.com/berita/d-6417687/gempa-m-5-6-terasa-kuat-di-jakarta-karyawan-di-gedung-tinggi-di-jaksel-panik,"
Senin, 21 Nov 2022 13:37 WIB "
"Ini Titik Gempa M 5,6 Cianjur yang Terasa Kuat di Jakarta",https://news.detik.com/berita/d-6417681/ini-titik-gempa-m-5-6-cianjur-yang-terasa-kuat-di-jakarta,"
Senin, 21 Nov 2022 13:35 WIB "
"Terasa Kuat di Jakarta, Gempa M 5,6 Tak Berpotensi Tsunami",https://news.detik.com/berita/d-6417680/terasa-kuat-di-jakarta-gempa-m-5-6-tak-berpotensi-tsunami,"
Senin, 21 Nov 2022 13:34 WIB "
"Gempa M 5,6 Cianjur Terasa hingga Jakarta, BMKG Wanti-wanti Gempa Susulan",https://news.detik.com/berita/d-6417679/gempa-m-5-6-cianjur-terasa-hingga-jakarta-bmkg-wanti-wanti-gempa-susulan,"
Senin, 21 Nov 2022 13:34 WIB "
"Gempa Kuat Guncang Jakarta Berkekuatan M 5,6, Berpusat di Cianjur",https://news.detik.com/berita/d-6417677/gempa-kuat-guncang-jakarta-berkekuatan-m-5-6-berpusat-di-cianjur,"
Senin, 21 Nov 2022 13:33 WIB "
Guncangan Gempa Terasa Kuat di Jakarta!,https://news.detik.com/berita/d-6417667/guncangan-gempa-terasa-kuat-di-jakarta,"
Senin, 21 Nov 2022 13:22 WIB "
