title,url,date
Satgas PRR Dorong Percepatan Administrasi & Eksekusi Pemulihan Pascabencana,https://news.detik.com/berita/d-8510281/satgas-prr-dorong-percepatan-administrasi-eksekusi-pemulihan-pascabencana,"
Jumat, 29 Mei  2026 22:24 WIB "
"Dari Pohon Pelindung, Rezza Hidupi Keluarga hingga Buka Lapangan Kerja",https://news.detik.com/berita/d-8510233/dari-pohon-pelindung-rezza-hidupi-keluarga-hingga-buka-lapangan-kerja,"
Jumat, 29 Mei  2026 21:34 WIB "
"Pemerintah Siapkan Rp100,1 Triliun untuk Pemulihan Pascabencana Sumatera",https://news.detik.com/berita/d-8504552/pemerintah-siapkan-rp100-1-triliun-untuk-pemulihan-pascabencana-sumatera,"
Senin, 25 Mei  2026 17:38 WIB "
Satgas PRR Minta Pemda Maksimalkan TKD untuk Mitigasi Bencana di Sumatera,https://news.detik.com/berita/d-8500617/satgas-prr-minta-pemda-maksimalkan-tkd-untuk-mitigasi-bencana-di-sumatera,"
Jumat, 22 Mei  2026 19:52 WIB "
Menteri PU Ungkap Progres Pemulihan Pembangunan Pascabencana Sumatera,https://news.detik.com/berita/d-8500500/menteri-pu-ungkap-progres-pemulihan-pembangunan-pascabencana-sumatera,"
Jumat, 22 Mei  2026 18:50 WIB "
Mendagri Dorong Daerah Terdampak Bencana Sumatera Segera Serap TKD Tambahan,https://news.detik.com/berita/d-8499018/mendagri-dorong-daerah-terdampak-bencana-sumatera-segera-serap-tkd-tambahan,"
Kamis, 21 Mei  2026 19:23 WIB "
5 Desa di Aceh Tengah Kembali Terhubung Usai Jembatan Bailey Berdiri,https://news.detik.com/berita/d-8498905/5-desa-di-aceh-tengah-kembali-terhubung-usai-jembatan-bailey-berdiri,"
Kamis, 21 Mei  2026 18:32 WIB "
Wamensos Ajak Pemkab Kutai-Kaimana Entaskan Kemiskinan Lewat Sekolah Rakyat,https://news.detik.com/berita/d-8498640/wamensos-ajak-pemkab-kutai-kaimana-entaskan-kemiskinan-lewat-sekolah-rakyat,"
Kamis, 21 Mei  2026 16:02 WIB "
Korporasi Sawit di Riau Perusak Sempadan Sungai Terancam 10 Tahun Bui,https://news.detik.com/melindungi-tuah-marwah/d-8494732/korporasi-sawit-di-riau-perusak-sempadan-sungai-terancam-10-tahun-bui,"
Selasa, 19 Mei  2026 11:32 WIB "
"Kumpulkan Balai PU, Andre Rosiade: Presiden Prioritaskan Pemulihan Pascabencana",https://news.detik.com/berita/d-8484182/kumpulkan-balai-pu-andre-rosiade-presiden-prioritaskan-pemulihan-pascabencana,"
Senin, 11 Mei  2026 14:21 WIB "
Andre Rosiade Tinjau Pembangunan Jalan Malalak Sumbar Bareng Kepala BPJN Sumbar,https://news.detik.com/berita/d-8483389/andre-rosiade-tinjau-pembangunan-jalan-malalak-sumbar-bareng-kepala-bpjn-sumbar,"
Minggu, 10 Mei  2026 20:46 WIB "
Solidaritas Sumut dan Sumbar Hibahkan Rp 287 Miliar untuk Pemulihan Aceh,https://news.detik.com/berita/d-8467568/solidaritas-sumut-dan-sumbar-hibahkan-rp-287-miliar-untuk-pemulihan-aceh,"
Rabu, 29 Apr 2026 19:37 WIB "
"Daerah di Sumut dan Sumbar Bantu Penanganan Bencana Aceh, Terkumpul Rp 287 M",https://news.detik.com/berita/d-8461454/daerah-di-sumut-dan-sumbar-bantu-penanganan-bencana-aceh-terkumpul-rp-287-m,"
Sabtu, 25 Apr 2026 22:41 WIB "
Kasatgas PRR Apresiasi Kesigapan Tim Penanganan Sinkhole di Aceh Tengah,https://news.detik.com/berita/d-8458588/kasatgas-prr-apresiasi-kesigapan-tim-penanganan-sinkhole-di-aceh-tengah,"
Kamis, 23 Apr 2026 20:40 WIB "
"Banjir Berlalu, Petani Sawit Aceh Masih Berjuang Pulihkan Kebun",https://news.detik.com/infografis/d-8452864/banjir-berlalu-petani-sawit-aceh-masih-berjuang-pulihkan-kebun,"
Senin, 20 Apr 2026 15:48 WIB "
"Pulihkan Konektivitas, Perbaikan Infrastruktur di Sumatera Jadi Prioritas",https://news.detik.com/berita/d-8451801/pulihkan-konektivitas-perbaikan-infrastruktur-di-sumatera-jadi-prioritas,"
Minggu, 19 Apr 2026 21:45 WIB "
Kementerian PU Percepat Penanganan Bencana Sumatera hingga ke Pelosok,https://news.detik.com/berita/d-8451081/kementerian-pu-percepat-penanganan-bencana-sumatera-hingga-ke-pelosok,"
Minggu, 19 Apr 2026 11:19 WIB "
Satgas PRR Sebut UMKM Terdampak Bencana Sumatera Kian Pulih,https://news.detik.com/berita/d-8450335/satgas-prr-sebut-umkm-terdampak-bencana-sumatera-kian-pulih,"
Sabtu, 18 Apr 2026 17:23 WIB "
Satgas PRR Percepat Rehabilitasi Lahan Sawah Pascabencana di Sumatera,https://news.detik.com/berita/d-8445954/satgas-prr-percepat-rehabilitasi-lahan-sawah-pascabencana-di-sumatera,"
Rabu, 15 Apr 2026 18:41 WIB "
Tito Usul Dana Otsus Aceh Diperpanjang: Pemulihan Pascabencana Butuh 3 Tahun,https://news.detik.com/berita/d-8441755/tito-usul-dana-otsus-aceh-diperpanjang-pemulihan-pascabencana-butuh-3-tahun,"
Senin, 13 Apr 2026 12:22 WIB "
"Lebih dari 500 Titik Lumpur di Aceh, Sumut dan Sumbar Dibersihkan",https://news.detik.com/berita/d-8435311/lebih-dari-500-titik-lumpur-di-aceh-sumut-dan-sumbar-dibersihkan,"
Rabu, 08 Apr 2026 18:35 WIB "
5 Orang Tewas Imbas Longsor di Sibolangit Sumut,https://news.detik.com/berita/d-8434291/5-orang-tewas-imbas-longsor-di-sibolangit-sumut,"
Rabu, 08 Apr 2026 10:40 WIB "
Satgas PRR Pastikan Listrik di 3 Provinsi Terdampak Bencana Hampir Pulih,https://news.detik.com/berita/d-8431940/satgas-prr-pastikan-listrik-di-3-provinsi-terdampak-bencana-hampir-pulih,"
Senin, 06 Apr 2026 17:51 WIB "
Tito Serahkan Bantuan-Serap Aspirasi Penyintas Bencana di Aceh Tamiang,https://news.detik.com/berita/d-8429479/tito-serahkan-bantuan-serap-aspirasi-penyintas-bencana-di-aceh-tamiang,"
Sabtu, 04 Apr 2026 21:52 WIB "
"Kunjungi Aceh Tamiang, Tito Pastikan Percepatan Penanganan Pengungsi",https://news.detik.com/berita/d-8429426/kunjungi-aceh-tamiang-tito-pastikan-percepatan-penanganan-pengungsi,"
Sabtu, 04 Apr 2026 20:46 WIB "
10 Ribu Hijab Pesanan Menimipas di BLK Konfeksi Lapas Cirebon Dikirim ke Aceh,https://news.detik.com/berita/d-8427713/10-ribu-hijab-pesanan-menimipas-di-blk-konfeksi-lapas-cirebon-dikirim-ke-aceh,"
Jumat, 03 Apr 2026 10:43 WIB "
3 Jembatan Darurat Sambungkan Kembali Wilayah Terdampak Bencana di Sumatera,https://news.detik.com/berita/d-8425393/3-jembatan-darurat-sambungkan-kembali-wilayah-terdampak-bencana-di-sumatera,"
Rabu, 01 Apr 2026 16:40 WIB "
"Bantuan Jadup Capai Rp 272 Miliar, Bantu Penyintas Pascabencana Sumatera",https://news.detik.com/berita/d-8420874/bantuan-jadup-capai-rp-272-miliar-bantu-penyintas-pascabencana-sumatera,"
Minggu, 29 Mar 2026 21:13 WIB "
Pemerintah Percepat Pemulihan Sawah dan Lumpur Pascabencana Sumatera,https://news.detik.com/berita/d-8419692/pemerintah-percepat-pemulihan-sawah-dan-lumpur-pascabencana-sumatera,"
Sabtu, 28 Mar 2026 21:00 WIB "
"Mendagri-Menteri PKP Tinjau BSPS di Sumut, Target 19.668 Rumah Diperbaiki",https://news.detik.com/berita/d-8416975/mendagri-menteri-pkp-tinjau-bsps-di-sumut-target-19-668-rumah-diperbaiki,"
Kamis, 26 Mar 2026 20:27 WIB "
Mendagri Ungkap 5 Desa di Aceh dan Sumut Hilang Total Tersapu Banjir,https://news.detik.com/berita/d-8412442/mendagri-ungkap-5-desa-di-aceh-dan-sumut-hilang-total-tersapu-banjir,"
Senin, 23 Mar 2026 16:08 WIB "
Tito Ungkap Perhatian Prabowo pada Penanganan Penyintas Bencana Sumatera,https://news.detik.com/berita/d-8410404/tito-ungkap-perhatian-prabowo-pada-penanganan-penyintas-bencana-sumatera,"
Sabtu, 21 Mar 2026 18:49 WIB "
"Andre: BTS Sitinjau Lauik Operasi Jelang Lebaran, Perantau Tak Lagi Susah Sinyal",https://news.detik.com/berita/d-8410293/andre-bts-sitinjau-lauik-operasi-jelang-lebaran-perantau-tak-lagi-susah-sinyal,"
Sabtu, 21 Mar 2026 16:51 WIB "
"Kementerian PU Pastikan Jalur Mudik Sumbar Siap, Lembah Anai Dibuka 24 Jam",https://news.detik.com/berita/d-8403176/kementerian-pu-pastikan-jalur-mudik-sumbar-siap-lembah-anai-dibuka-24-jam,"
Senin, 16 Mar 2026 17:50 WIB "
"Susul Sumbar, Sumut Capai Target Nol Pengungsi di Tenda Sebelum Lebaran",https://news.detik.com/berita/d-8401305/susul-sumbar-sumut-capai-target-nol-pengungsi-di-tenda-sebelum-lebaran,"
Minggu, 15 Mar 2026 15:42 WIB "
"Satgas PRR Kebut Pembangunan Huntap, Targetkan Rampung Akhir Maret 2026",https://news.detik.com/berita/d-8400114/satgas-prr-kebut-pembangunan-huntap-targetkan-rampung-akhir-maret-2026,"
Sabtu, 14 Mar 2026 16:18 WIB "
Satgas PRR Rampungkan 81 Persen Target Pembangunan Huntara di Sumatera,https://news.detik.com/berita/d-8397121/satgas-prr-rampungkan-81-persen-target-pembangunan-huntara-di-sumatera,"
Kamis, 12 Mar 2026 16:31 WIB "
"AHY Ungkap Kesiapan Jalan Nasional Non-tol Sumatera-Papua Jelang Mudik 93,2%",https://news.detik.com/berita/d-8394637/ahy-ungkap-kesiapan-jalan-nasional-non-tol-sumatera-papua-jelang-mudik-93-2,"
Rabu, 11 Mar 2026 12:07 WIB "
Satgas PRR Kebut Pembangunan Huntara untuk Korban Bencana Sumatera,https://news.detik.com/berita/d-8393837/satgas-prr-kebut-pembangunan-huntara-untuk-korban-bencana-sumatera,"
Selasa, 10 Mar 2026 18:55 WIB "
"Satgas PRR Percepat Huntara-DTH, Targetkan Pengungsi Berkurang Saat Lebaran",https://news.detik.com/berita/d-8393292/satgas-prr-percepat-huntara-dth-targetkan-pengungsi-berkurang-saat-lebaran,"
Selasa, 10 Mar 2026 14:28 WIB "
Ramadan dan Muhasabah Ekologi,https://news.detik.com/kolom/d-8390037/ramadan-dan-muhasabah-ekologi,"
Minggu, 08 Mar 2026 14:11 WIB "
Tito Kebut Pembangunan Jembatan Perintis untuk Pulihkan Konektivitas,https://news.detik.com/berita/d-8383971/tito-kebut-pembangunan-jembatan-perintis-untuk-pulihkan-konektivitas,"
Rabu, 04 Mar 2026 16:18 WIB "
"1.741 Sekolah di Sumatra Teken PKS Revitalisasi, Nilainya Rp 1,2 Triliun",https://news.detik.com/berita/d-8380395/1-741-sekolah-di-sumatra-teken-pks-revitalisasi-nilainya-rp-1-2-triliun,"
Senin, 02 Mar 2026 17:05 WIB "
Sumur Bor dan Sanitasi Penyintas Bencana Sumatera Perlu Diperbanyak,https://news.detik.com/berita/d-8378417/sumur-bor-dan-sanitasi-penyintas-bencana-sumatera-perlu-diperbanyak,"
Minggu, 01 Mar 2026 14:43 WIB "
Eddy Soeparno: Krisis Iklim Adalah Ancaman terhadap Ketahanan Nasional,https://news.detik.com/berita/d-8373930/eddy-soeparno-krisis-iklim-adalah-ancaman-terhadap-ketahanan-nasional,"
Kamis, 26 Feb 2026 13:53 WIB "
Bamsoet Dorong Pengembangan Makanan Siap Saji Berteknologi Modern,https://news.detik.com/berita/d-8372671/bamsoet-dorong-pengembangan-makanan-siap-saji-berteknologi-modern,"
Rabu, 25 Feb 2026 17:48 WIB "
Kata BRIN soal Lubang Raksasa di Aceh Bukan Sinkhole,https://news.detik.com/berita/d-8366448/kata-brin-soal-lubang-raksasa-di-aceh-bukan-sinkhole,"
Sabtu, 21 Feb 2026 21:09 WIB "
"BRIN Ungkap Lubang Raksasa di Aceh Tengah Bukan Sinkhole, Ini Penyebabnya",https://news.detik.com/berita/d-8365858/brin-ungkap-lubang-raksasa-di-aceh-tengah-bukan-sinkhole-ini-penyebabnya,"
Sabtu, 21 Feb 2026 13:27 WIB "
Komisi X DPR Minta Rehabilitasi Sekolah di Sumatera Rampung Sebelum Lebaran,https://news.detik.com/berita/d-8364594/komisi-x-dpr-minta-rehabilitasi-sekolah-di-sumatera-rampung-sebelum-lebaran,"
Jumat, 20 Feb 2026 15:57 WIB "
Tito Puji Dukungan Satgas DPR Percepat Rehabilitasi Pascabencana Sumatera,https://news.detik.com/berita/d-8361531/tito-puji-dukungan-satgas-dpr-percepat-rehabilitasi-pascabencana-sumatera,"
Rabu, 18 Feb 2026 20:06 WIB "
99 Sekolah Masih Belajar di Tenda dan Kelas Darurat Pascabencana Sumatera,https://news.detik.com/berita/d-8360747/99-sekolah-masih-belajar-di-tenda-dan-kelas-darurat-pascabencana-sumatera,"
Rabu, 18 Feb 2026 13:50 WIB "
Tito Minta Stok Pangan di Daerah Pegunungan Sumatera Disiapkan untuk 3 Bulan,https://news.detik.com/berita/d-8360537/tito-minta-stok-pangan-di-daerah-pegunungan-sumatera-disiapkan-untuk-3-bulan,"
Rabu, 18 Feb 2026 12:01 WIB "
Mendagri Sebut Pengungsi Pascabencana di Sumatera Masih Ada 12.944 Orang,https://news.detik.com/berita/d-8360459/mendagri-sebut-pengungsi-pascabencana-di-sumatera-masih-ada-12-944-orang,"
Rabu, 18 Feb 2026 11:21 WIB "
Andre Rosiade Pastikan BTS Telkomsel Sitinjau Lauik Aktif Jelang Lebaran,https://news.detik.com/berita/d-8359473/andre-rosiade-pastikan-bts-telkomsel-sitinjau-lauik-aktif-jelang-lebaran,"
Selasa, 17 Feb 2026 14:51 WIB "
"Imlek 17 Februari, BMKG Prediksi Cuaca Hujan di Sejumlah Wilayah",https://news.detik.com/berita/d-8356999/imlek-17-februari-bmkg-prediksi-cuaca-hujan-di-sejumlah-wilayah,"
Minggu, 15 Feb 2026 13:42 WIB "
Titiek Soeharto Apresiasi Polri Tangani Bencana Sumatera: Turun Sejak Hari Pertama,https://news.detik.com/berita/d-8356923/titiek-soeharto-apresiasi-polri-tangani-bencana-sumatera-turun-sejak-hari-pertama,"
Minggu, 15 Feb 2026 12:14 WIB "
"Kapolri-Ketua Komisi IV DPR Tinjau Huntara di Tapteng, Salurkan 16 Truk Bantuan",https://news.detik.com/berita/d-8356873/kapolri-ketua-komisi-iv-dpr-tinjau-huntara-di-tapteng-salurkan-16-truk-bantuan,"
Minggu, 15 Feb 2026 11:50 WIB "
TP PKK Pusat Salurkan Bantuan untuk Korban Banjir di Kabupaten Pidie Jaya,https://news.detik.com/berita/d-8354865/tp-pkk-pusat-salurkan-bantuan-untuk-korban-banjir-di-kabupaten-pidie-jaya,"
Jumat, 13 Feb 2026 17:02 WIB "
Momen Guru di Sumbar Salah Sebut 'Kementerian Imigrasi dan Perlengkapan Sekolah',https://news.detik.com/berita/d-8353414/momen-guru-di-sumbar-salah-sebut-kementerian-imigrasi-dan-perlengkapan-sekolah,"
Kamis, 12 Feb 2026 18:40 WIB "
Kapolri Bicara Tantangan 2 Tahun ke Depan: Geoekonomi hingga Misinformasi,https://news.detik.com/berita/d-8353121/kapolri-bicara-tantangan-2-tahun-ke-depan-geoekonomi-hingga-misinformasi,"
Kamis, 12 Feb 2026 16:32 WIB "
Tito Sebut Pembersihan Lumpur Pascabencana Sumatera Buka Jalur Distribusi,https://news.detik.com/berita/d-8351506/tito-sebut-pembersihan-lumpur-pascabencana-sumatera-buka-jalur-distribusi,"
Rabu, 11 Feb 2026 16:33 WIB "
"37 Daerah Terdampak Banjir Sumatera Sudah Normal, 11 Masih Butuh Perhatian",https://news.detik.com/berita/d-8351338/37-daerah-terdampak-banjir-sumatera-sudah-normal-11-masih-butuh-perhatian,"
Rabu, 11 Feb 2026 15:21 WIB "
Waka MPR Serahkan Bantuan untuk Korban Banjir & Longsor di Aceh,https://news.detik.com/berita/d-8350765/waka-mpr-serahkan-bantuan-untuk-korban-banjir-longsor-di-aceh,"
Rabu, 11 Feb 2026 10:19 WIB "
Hibah Bencana dan Akuntabilitas Publik,https://news.detik.com/kolom/d-8344299/hibah-bencana-dan-akuntabilitas-publik,"
Minggu, 08 Feb 2026 09:00 WIB "
Mendagri: Bencana Banjir-Longsor Sumatera Beda dengan Tsunami Aceh 2004,https://news.detik.com/berita/d-8345555/mendagri-bencana-banjir-longsor-sumatera-beda-dengan-tsunami-aceh-2004,"
Sabtu, 07 Feb 2026 19:07 WIB "
"MUI: Penanggulangan Bencana Tanggung Jawab Bersama, Bukan Hanya Pemerintah",https://news.detik.com/berita/d-8345307/mui-penanggulangan-bencana-tanggung-jawab-bersama-bukan-hanya-pemerintah,"
Sabtu, 07 Feb 2026 15:26 WIB "
Pengukuhan Pengurus MUI Diiringi Doa Bersama untuk Korban Bencana Sumatera,https://news.detik.com/berita/d-8345069/pengukuhan-pengurus-mui-diiringi-doa-bersama-untuk-korban-bencana-sumatera,"
Sabtu, 07 Feb 2026 12:51 WIB "
Mendagri Update Pemulihan Bencana di Aceh-Sumut-Sumbar,https://news.detik.com/berita/d-8345041/mendagri-update-pemulihan-bencana-di-aceh-sumut-sumbar,"
Sabtu, 07 Feb 2026 12:31 WIB "
PM Australia Sampaikan Belasungkawa Bencana Banjir di Sumatera-Jabar,https://news.detik.com/berita/d-8343584/pm-australia-sampaikan-belasungkawa-bencana-banjir-di-sumatera-jabar,"
Jumat, 06 Feb 2026 13:34 WIB "
BMKG Wanti-wanti Potensi Banjir-Longsor Akibat Hujan Ekstrem 400 Mm Per Hari,https://news.detik.com/berita/d-8342293/bmkg-wanti-wanti-potensi-banjir-longsor-akibat-hujan-ekstrem-400-mm-per-hari,"
Kamis, 05 Feb 2026 16:45 WIB "
"Jembatan di Pandeglang Amblas, Perbaikan Ditarget Beres Sebelum Ramadan",https://news.detik.com/berita/d-8340834/jembatan-di-pandeglang-amblas-perbaikan-ditarget-beres-sebelum-ramadan,"
Rabu, 04 Feb 2026 17:58 WIB "
Komisi IV DPR Minta Perbanyak Titik Gerakan Pangan Murah di Daerah Bencana,https://news.detik.com/berita/d-8340456/komisi-iv-dpr-minta-perbanyak-titik-gerakan-pangan-murah-di-daerah-bencana,"
Rabu, 04 Feb 2026 15:26 WIB "
Kemensos Perkuat Mitigasi & Penanganan Bencana di 2026,https://news.detik.com/berita/d-8340208/kemensos-perkuat-mitigasi-penanganan-bencana-di-2026,"
Rabu, 04 Feb 2026 13:46 WIB "
Momen Pasha 'Ungu' Nyanyi Lagu Noah Saat Rapat Bahas Bencana di DPR,https://news.detik.com/berita/d-8339406/momen-pasha-ungu-nyanyi-lagu-noah-saat-rapat-bahas-bencana-di-dpr,"
Selasa, 03 Feb 2026 21:19 WIB "
Mendagri: Pascabencana Aceh Tamiang Jadi Praktik Nyata Praja IPDN-ASN,https://news.detik.com/berita/d-8339129/mendagri-pascabencana-aceh-tamiang-jadi-praktik-nyata-praja-ipdn-asn,"
Selasa, 03 Feb 2026 18:15 WIB "
BNPB Ungkap Sejumlah Wilayah RI Rentan Bencana karena Alih Fungsi Lahan,https://news.detik.com/berita/d-8338912/bnpb-ungkap-sejumlah-wilayah-ri-rentan-bencana-karena-alih-fungsi-lahan,"
Selasa, 03 Feb 2026 16:40 WIB "
AdaKami Salurkan Bantuan dan Relaksasi bagi Korban Banjir Sumatra,https://news.detik.com/berita/d-8338021/adakami-salurkan-bantuan-dan-relaksasi-bagi-korban-banjir-sumatra,"
Selasa, 03 Feb 2026 09:59 WIB "
"PPATK Ungkap Temuan Rp 992 T Terkait Emas Ilegal, Satgas PKH Turun Tangan",https://news.detik.com/berita/d-8337213/ppatk-ungkap-temuan-rp-992-t-terkait-emas-ilegal-satgas-pkh-turun-tangan,"
Senin, 02 Feb 2026 17:12 WIB "
Konser Kemanusiaan Diaspora RI di London untuk Korban Banjir Sumatera,https://news.detik.com/internasional/d-8337104/konser-kemanusiaan-diaspora-ri-di-london-untuk-korban-banjir-sumatera,"
Senin, 02 Feb 2026 16:25 WIB "
"Antisipasi Dampak Sinkhole, PLN Amankan Jaringan Transmisi Bireuen-Takengon",https://news.detik.com/berita/d-8335886/antisipasi-dampak-sinkhole-pln-amankan-jaringan-transmisi-bireuen-takengon,"
Minggu, 01 Feb 2026 22:08 WIB "
Legislator Gerindra Kawal Peningkatan Layanan Kesehatan di Padang Pariaman,https://news.detik.com/berita/d-8334517/legislator-gerindra-kawal-peningkatan-layanan-kesehatan-di-padang-pariaman,"
Sabtu, 31 Jan 2026 17:03 WIB "
"PDIP Dorong TKD Dikembalikan: Cuaca Ekstrem, Daerah Harus Siaga",https://news.detik.com/berita/d-8334210/pdip-dorong-tkd-dikembalikan-cuaca-ekstrem-daerah-harus-siaga,"
Sabtu, 31 Jan 2026 13:40 WIB "
"Andre Rosiade Terima R3P Sumbar, Kawal Anggaran Pemulihan Pascabencana",https://news.detik.com/berita/d-8334026/andre-rosiade-terima-r3p-sumbar-kawal-anggaran-pemulihan-pascabencana,"
Sabtu, 31 Jan 2026 11:04 WIB "
DPD RI Tekankan Kearifan Lokal untuk Atasi Bencana Ekologi di Indonesia,https://news.detik.com/berita/d-8333623/dpd-ri-tekankan-kearifan-lokal-untuk-atasi-bencana-ekologi-di-indonesia,"
Jumat, 30 Jan 2026 21:03 WIB "
245 Unit Huntara di Desa Napa Tapsel Ditarget Rampung 14 Februari,https://news.detik.com/berita/d-8331816/245-unit-huntara-di-desa-napa-tapsel-ditarget-rampung-14-februari,"
Kamis, 29 Jan 2026 17:58 WIB "
"Perbaikan Jalan Pascabencana Sumatera Segera Rampung, Jembatan Masih Proses",https://news.detik.com/berita/d-8331208/perbaikan-jalan-pascabencana-sumatera-segera-rampung-jembatan-masih-proses,"
Kamis, 29 Jan 2026 15:10 WIB "
"111 Ribu Warga Masih Ngungsi Pascabencana di Aceh, Sumut, dan Sumbar",https://news.detik.com/berita/d-8331108/111-ribu-warga-masih-ngungsi-pascabencana-di-aceh-sumut-dan-sumbar,"
Kamis, 29 Jan 2026 14:32 WIB "
"Andre Rosiade Ajak Menteri PU ke Jl Lembah Anai, Minta Jalur Diperkuat Permanen",https://news.detik.com/berita/d-8330761/andre-rosiade-ajak-menteri-pu-ke-jl-lembah-anai-minta-jalur-diperkuat-permanen,"
Kamis, 29 Jan 2026 11:54 WIB "
"Andre Rosiade Dampingi Menteri PU Cek Perbaikan Jl Malalak, Anggaran Rp 667 M",https://news.detik.com/berita/d-8330738/andre-rosiade-dampingi-menteri-pu-cek-perbaikan-jl-malalak-anggaran-rp-667-m,"
Kamis, 29 Jan 2026 11:39 WIB "
Komisi X DPR RI Apresiasi BRIN atas Penguatan Riset dan Inovasi,https://news.detik.com/berita/d-8330119/komisi-x-dpr-ri-apresiasi-brin-atas-penguatan-riset-dan-inovasi,"
Rabu, 28 Jan 2026 19:37 WIB "
Gerindra Kritik Walkot Padang Lamban Atasi Krisis Air Bersih,https://news.detik.com/berita/d-8328606/gerindra-kritik-walkot-padang-lamban-atasi-krisis-air-bersih,"
Selasa, 27 Jan 2026 23:54 WIB "
Mensos Ungkap Sudah Ada 34 Titik Kejadian Bencana di Awal 2026,https://news.detik.com/berita/d-8328559/mensos-ungkap-sudah-ada-34-titik-kejadian-bencana-di-awal-2026,"
Selasa, 27 Jan 2026 22:19 WIB "
Banyak Desa Jadi Sungai Pascabencana di Sumatera,https://news.detik.com/berita/d-8328551/banyak-desa-jadi-sungai-pascabencana-di-sumatera,"
Selasa, 27 Jan 2026 22:11 WIB "
Mensos Ungkap Anggaran Penanganan Pascabencana Sumatera Butuh Rp 2 Triliun,https://news.detik.com/berita/d-8328528/mensos-ungkap-anggaran-penanganan-pascabencana-sumatera-butuh-rp-2-triliun,"
Selasa, 27 Jan 2026 21:51 WIB "
BMKG Ungkap Lebatnya Hujan di Cisarua: Modifikasi Cuaca Hanya Kurangi 30%,https://news.detik.com/berita/d-8328076/bmkg-ungkap-lebatnya-hujan-di-cisarua-modifikasi-cuaca-hanya-kurangi-30,"
Selasa, 27 Jan 2026 17:47 WIB "
"28 Perusahaan Dicabut Izin Usai Bencana Sumatera, Satgas PKH Data Pelanggaran",https://news.detik.com/berita/d-8328048/28-perusahaan-dicabut-izin-usai-bencana-sumatera-satgas-pkh-data-pelanggaran,"
Selasa, 27 Jan 2026 17:34 WIB "
"29 Desa di Aceh dan Sumut Hilang Terdampak Bencana, Ada yang Jadi Sungai",https://news.detik.com/berita/d-8327807/29-desa-di-aceh-dan-sumut-hilang-terdampak-bencana-ada-yang-jadi-sungai,"
Selasa, 27 Jan 2026 15:51 WIB "
"Ara Bangun 2.603 Huntap Korban Bencana Sumatera, Ini Target Jadwal Rampungnya",https://news.detik.com/berita/d-8327790/ara-bangun-2-603-huntap-korban-bencana-sumatera-ini-target-jadwal-rampungnya,"
Selasa, 27 Jan 2026 15:45 WIB "
"Komisi V DPR Minta Perbaikan Daerah Bencana Terukur, Wanti-wanti Petaka Baru",https://news.detik.com/berita/d-8327591/komisi-v-dpr-minta-perbaikan-daerah-bencana-terukur-wanti-wanti-petaka-baru,"
Selasa, 27 Jan 2026 14:24 WIB "
"Pemulihan Pascabencana Aceh, 70 Relawan BRI Peduli Bersih-bersih Sekolah",https://news.detik.com/berita/d-8327351/pemulihan-pascabencana-aceh-70-relawan-bri-peduli-bersih-bersih-sekolah,"
Selasa, 27 Jan 2026 12:37 WIB "
"Update Bencana Sumatera: 1.201 Orang Tewas, 113 Ribu Warga Masih Ngungsi",https://news.detik.com/berita/d-8327048/update-bencana-sumatera-1-201-orang-tewas-113-ribu-warga-masih-ngungsi,"
Selasa, 27 Jan 2026 10:24 WIB "
"Kemendikdasmen Salurkan Rp 32,9 M buat Guru Terdampak Bencana Sumatera",https://news.detik.com/berita/d-8326404/kemendikdasmen-salurkan-rp-32-9-m-buat-guru-terdampak-bencana-sumatera,"
Senin, 26 Jan 2026 18:12 WIB "
Anggota DPR Cecar Menteri LH: Apa Harus Bencana Dulu Baru Ada Pencabutan Izin?,https://news.detik.com/berita/d-8326349/anggota-dpr-cecar-menteri-lh-apa-harus-bencana-dulu-baru-ada-pencabutan-izin,"
Senin, 26 Jan 2026 17:51 WIB "
Kemenag Salurkan Al-Qur'an hingga Alkitab untuk Korban Bencana Sumatera,https://news.detik.com/berita/d-8326218/kemenag-salurkan-al-quran-hingga-alkitab-untuk-korban-bencana-sumatera,"
Senin, 26 Jan 2026 16:52 WIB "
"KSAL: 23 Anggota Marinir Tertimbun Longsor Cisarua, 4 Ditemukan Meninggal",https://news.detik.com/berita/d-8325879/ksal-23-anggota-marinir-tertimbun-longsor-cisarua-4-ditemukan-meninggal,"
Senin, 26 Jan 2026 14:43 WIB "
"Longsor-Jembatan Putus, 16 Wilayah di Aceh-Sumbar-Sumut Masih Diatensi Khusus",https://news.detik.com/berita/d-8325556/longsor-jembatan-putus-16-wilayah-di-aceh-sumbar-sumut-masih-diatensi-khusus,"
Senin, 26 Jan 2026 12:21 WIB "
Menko PMK di Rakor Pascabencana Sumatera: Pembangunan Harus Lebih Tangguh,https://news.detik.com/berita/d-8325254/menko-pmk-di-rakor-pascabencana-sumatera-pembangunan-harus-lebih-tangguh,"
Senin, 26 Jan 2026 10:09 WIB "
"Menteri LH Turunkan Tim Ahli Dalami Longsor Cisarua, Singgung Urbanisasi",https://news.detik.com/berita/d-8324966/menteri-lh-turunkan-tim-ahli-dalami-longsor-cisarua-singgung-urbanisasi,"
Minggu, 25 Jan 2026 22:45 WIB "
"Longsor di Pasirlangu, Ketua DPC PDIP KBB Tinjau Lokasi-Beri Korban Bantuan",https://news.detik.com/berita/d-8323947/longsor-di-pasirlangu-ketua-dpc-pdip-kbb-tinjau-lokasi-beri-korban-bantuan,"
Minggu, 25 Jan 2026 10:05 WIB "
Green Sufisme dan Deforestasi di Indonesia,https://news.detik.com/kolom/d-8320844/green-sufisme-dan-deforestasi-di-indonesia,"
Jumat, 23 Jan 2026 10:05 WIB "
Anggota DPR F-PDIP Colek Bahlil: Jakarta Banjir Saya Kena Mati Listrik,https://news.detik.com/berita/d-8319642/anggota-dpr-f-pdip-colek-bahlil-jakarta-banjir-saya-kena-mati-listrik,"
Kamis, 22 Jan 2026 15:25 WIB "
"Bermunculan Parpol Baru, Dampak Penghapusan Presidential Threshold?",https://news.detik.com/berita/d-8319476/bermunculan-parpol-baru-dampak-penghapusan-presidential-threshold,"
Kamis, 22 Jan 2026 14:45 WIB "
Komisi IV DPR Desak Usut Tuntas 28 Perusahaan Terkait Banjir Sumatera,https://news.detik.com/berita/d-8318870/komisi-iv-dpr-desak-usut-tuntas-28-perusahaan-terkait-banjir-sumatera,"
Kamis, 22 Jan 2026 09:01 WIB "
Prabowo Cabut 28 Izin Perusahaan Penyebab Banjir Sumatera,https://news.detik.com/berita/d-8316747/prabowo-cabut-28-izin-perusahaan-penyebab-banjir-sumatera,"
Rabu, 21 Jan 2026 07:58 WIB "
"Prabowo Cabut Izin 28 Perusahaan Terkait Bencana di Aceh, Sumut, dan Sumbar",https://news.detik.com/berita/d-8316583/prabowo-cabut-izin-28-perusahaan-terkait-bencana-di-aceh-sumut-dan-sumbar,"
Selasa, 20 Jan 2026 19:40 WIB "
Pemda Diminta Sampaikan Data Kebutuhan Pascabencana Secara Presisi-Akurat,https://news.detik.com/berita/d-8316223/pemda-diminta-sampaikan-data-kebutuhan-pascabencana-secara-presisi-akurat,"
Selasa, 20 Jan 2026 16:53 WIB "
"Menhub: Angkutan Natal-Tahun Baru Aman dan Lancar, Pergerakan Naik 16,65%",https://news.detik.com/berita/d-8315910/menhub-angkutan-natal-tahun-baru-aman-dan-lancar-pergerakan-naik-16-65,"
Selasa, 20 Jan 2026 14:42 WIB "
"Percepat Pemulihan Pascabencana, Andre Rosiade Sambangi BWSS V Padang",https://news.detik.com/berita/d-8315827/percepat-pemulihan-pascabencana-andre-rosiade-sambangi-bwss-v-padang,"
Selasa, 20 Jan 2026 13:56 WIB "
"Korban Tewas Bencana Sumatera 1.199 Orang, 114 Ribu Warga Masih Mengungsi",https://news.detik.com/berita/d-8315463/korban-tewas-bencana-sumatera-1-199-orang-114-ribu-warga-masih-mengungsi,"
Selasa, 20 Jan 2026 11:12 WIB "
Menteri ATR Sebut Sertifikat Tanah Hilang Pascabencana Sumatera Tetap Diakui,https://news.detik.com/berita/d-8314257/menteri-atr-sebut-sertifikat-tanah-hilang-pascabencana-sumatera-tetap-diakui,"
Senin, 19 Jan 2026 15:28 WIB "
"Mendagri Ingatkan TKD Rp 10,6 T ke Aceh-Sumut-Sumbar Jangan Diselewengkan",https://news.detik.com/berita/d-8312044/mendagri-ingatkan-tkd-rp-10-6-t-ke-aceh-sumut-sumbar-jangan-diselewengkan,"
Sabtu, 17 Jan 2026 22:38 WIB "
"Mendagri Harap TKD Aceh-Sumut-Sumbar Rp 10,6 T Diproses Senin Pekan Depan",https://news.detik.com/berita/d-8312039/mendagri-harap-tkd-aceh-sumut-sumbar-rp-10-6-t-diproses-senin-pekan-depan,"
Sabtu, 17 Jan 2026 22:21 WIB "
Pemerintah Beri Atensi Khusus ke 17 Wilayah di Aceh-Sumatera Usai Bencana,https://news.detik.com/berita/d-8312022/pemerintah-beri-atensi-khusus-ke-17-wilayah-di-aceh-sumatera-usai-bencana,"
Sabtu, 17 Jan 2026 22:08 WIB "
"Pemerintah Kembalikan TKD Aceh-Sumut-Sumbar Imbas Bencana, Nilainya Rp 10,6 T",https://news.detik.com/berita/d-8312017/pemerintah-kembalikan-tkd-aceh-sumut-sumbar-imbas-bencana-nilainya-rp-10-6-t,"
Sabtu, 17 Jan 2026 22:01 WIB "
Menteri PU Sebut Seluruh Jembatan Nasional di Aceh-Sumut Sudah Berfungsi,https://news.detik.com/berita/d-8310880/menteri-pu-sebut-seluruh-jembatan-nasional-di-aceh-sumut-sudah-berfungsi,"
Jumat, 16 Jan 2026 20:17 WIB "
"InJourney Kembali Salurkan Bantuan untuk Sumatera, Kirim 44 Relawan",https://news.detik.com/berita/d-8310793/injourney-kembali-salurkan-bantuan-untuk-sumatera-kirim-44-relawan,"
Jumat, 16 Jan 2026 18:59 WIB "
"Hasil Panen Raya Kemenimipas Diberikan untuk Korban Bencana Sumatera, Prioritas Air Bersih",https://news.detik.com/berita/d-8310055/hasil-panen-raya-kemenimipas-diberikan-untuk-korban-bencana-sumatera-prioritas-air-bersih,"
Jumat, 16 Jan 2026 10:15 WIB "
"Cak Imin: Angka Kemiskinan Nasional Naik 0,49% Imbas Bencana Sumatera",https://news.detik.com/berita/d-8309880/cak-imin-angka-kemiskinan-nasional-naik-0-49-imbas-bencana-sumatera,"
Jumat, 16 Jan 2026 01:56 WIB "
"Gubernur Sumbar Ungkap 5 Ribu Rumah Rusak Berat Akibat Bencana, 775 Hanyut",https://news.detik.com/berita/d-8309836/gubernur-sumbar-ungkap-5-ribu-rumah-rusak-berat-akibat-bencana-775-hanyut,"
Kamis, 15 Jan 2026 23:37 WIB "
Mualem Ungkap Jembatan di Aceh Masih Rusak: Siswa Naik Rakit ke Sekolah,https://news.detik.com/berita/d-8309834/mualem-ungkap-jembatan-di-aceh-masih-rusak-siswa-naik-rakit-ke-sekolah,"
Kamis, 15 Jan 2026 23:34 WIB "
"KLH Gugat 6 Perusahaan Diduga Penyebab Bencana Sumatera Rp 4,8 Triliun",https://news.detik.com/berita/d-8309570/klh-gugat-6-perusahaan-diduga-penyebab-bencana-sumatera-rp-4-8-triliun,"
Kamis, 15 Jan 2026 20:07 WIB "
"Bobby Sebut Kerugian Sumut Imbas Bencana Rp 17,4 T, Dana Perbaikan Rp 69 T",https://news.detik.com/berita/d-8309497/bobby-sebut-kerugian-sumut-imbas-bencana-rp-17-4-t-dana-perbaikan-rp-69-t,"
Kamis, 15 Jan 2026 19:12 WIB "
Menimipas Pesan 5.000 Hijab di BLK Konfeksi Lapas Cirebon untuk Anak-anak di Aceh,https://news.detik.com/berita/d-8308823/menimipas-pesan-5-000-hijab-di-blk-konfeksi-lapas-cirebon-untuk-anak-anak-di-aceh,"
Kamis, 15 Jan 2026 14:20 WIB "
Mendagri Apresiasi KKP Tugaskan Taruna Bantu Daerah Terdampak Bencana,https://news.detik.com/berita/d-8307510/mendagri-apresiasi-kkp-tugaskan-taruna-bantu-daerah-terdampak-bencana,"
Rabu, 14 Jan 2026 17:34 WIB "
Unhan Salurkan Donasi Obat hingga Pendidikan Digital ke Warga Aceh Tamiang,https://news.detik.com/berita/d-8306023/unhan-salurkan-donasi-obat-hingga-pendidikan-digital-ke-warga-aceh-tamiang,"
Selasa, 13 Jan 2026 19:43 WIB "
"Korban Bencana Tapteng Ngaku Diusir dari Pengungsian, Pemkab Buka Suara",https://news.detik.com/berita/d-8304993/korban-bencana-tapteng-ngaku-diusir-dari-pengungsian-pemkab-buka-suara,"
Selasa, 13 Jan 2026 12:13 WIB "
"Sedia Payung, Cuaca Sepekan ke Depan Berpotensi Hujan",https://news.detik.com/berita/d-8304314/sedia-payung-cuaca-sepekan-ke-depan-berpotensi-hujan,"
Selasa, 13 Jan 2026 08:00 WIB "
Biang Kerok Hujan Deras Guyur Jabodetabek di Senin Pagi,https://news.detik.com/berita/d-8304531/biang-kerok-hujan-deras-guyur-jabodetabek-di-senin-pagi,"
Selasa, 13 Jan 2026 07:10 WIB "
"Pastikan Kondisi Pascabencana, Tito Cek Langsung Infrastruktur di Aceh",https://news.detik.com/berita/d-8304281/pastikan-kondisi-pascabencana-tito-cek-langsung-infrastruktur-di-aceh,"
Senin, 12 Jan 2026 20:25 WIB "
BMKG Ungkap Faktor Pemicu Hujan Lebat Guyur Jabodetabek hingga Picu Banjir,https://news.detik.com/berita/d-8303514/bmkg-ungkap-faktor-pemicu-hujan-lebat-guyur-jabodetabek-hingga-picu-banjir,"
Senin, 12 Jan 2026 14:55 WIB "
Pemerintah Kebut Pembangunan Hunian Sementara Korban Bencana Sumatera,https://news.detik.com/berita/d-8303211/pemerintah-kebut-pembangunan-hunian-sementara-korban-bencana-sumatera,"
Senin, 12 Jan 2026 13:11 WIB "
"Andre Rosiade Respons Permintaan Warga, Kirim Ekskavator ke Maninjau",https://news.detik.com/berita/d-8301827/andre-rosiade-respons-permintaan-warga-kirim-ekskavator-ke-maninjau,"
Minggu, 11 Jan 2026 13:18 WIB "
Megawati Ungkap Bencana di Sumatera Bikin Generasi Muda Cemas,https://news.detik.com/berita/d-8301246/megawati-ungkap-bencana-di-sumatera-bikin-generasi-muda-cemas,"
Sabtu, 10 Jan 2026 20:47 WIB "
"Maruarar: Pembangunan Huntap di Sumatera Harus Aman, Legal-Dekat Ekosistem",https://news.detik.com/berita/d-8300981/maruarar-pembangunan-huntap-di-sumatera-harus-aman-legal-dekat-ekosistem,"
Sabtu, 10 Jan 2026 16:24 WIB "
Pesan Bima Arya Saat Hadiri Serah Terima 600 Unit Huntara di Aceh Tamiang,https://news.detik.com/berita/d-8300115/pesan-bima-arya-saat-hadiri-serah-terima-600-unit-huntara-di-aceh-tamiang,"
Jumat, 09 Jan 2026 21:00 WIB "
"Haul Pangeran Diponegoro, Wamensos Tekankan Pentingnya Jati Diri Bangsa",https://news.detik.com/berita/d-8299793/haul-pangeran-diponegoro-wamensos-tekankan-pentingnya-jati-diri-bangsa,"
Jumat, 09 Jan 2026 17:05 WIB "
"Setelah Air Surut, Petani Sawit di Sumatera Jalani Ritme Hari Berbeda",https://news.detik.com/berita/d-8299470/setelah-air-surut-petani-sawit-di-sumatera-jalani-ritme-hari-berbeda,"
Jumat, 09 Jan 2026 17:00 WIB "
Badai Tropis untuk Ilmu Kehutanan,https://news.detik.com/kolom/d-8298867/badai-tropis-untuk-ilmu-kehutanan,"
Jumat, 09 Jan 2026 14:57 WIB "
Mendagri Bahas Percepatan Rehabilitasi Pascabencana Sumatera,https://news.detik.com/berita/d-8298395/mendagri-bahas-percepatan-rehabilitasi-pascabencana-sumatera,"
Kamis, 08 Jan 2026 19:23 WIB "
Mendagri Ungkap Ada 25 Desa Hilang Akibat Bencana Sumatera,https://news.detik.com/berita/d-8298197/mendagri-ungkap-ada-25-desa-hilang-akibat-bencana-sumatera,"
Kamis, 08 Jan 2026 17:35 WIB "
"Satgas PKH: 12 Perusahaan Jadi Penyebab Banjir Sumatera, Akan Disanksi",https://news.detik.com/berita/d-8298117/satgas-pkh-12-perusahaan-jadi-penyebab-banjir-sumatera-akan-disanksi,"
Kamis, 08 Jan 2026 17:13 WIB "
Menimbang Pemakaian Istilah Pelanggaran HAM dalam Penanganan Bencana,https://news.detik.com/kolom/d-8294225/menimbang-pemakaian-istilah-pelanggaran-ham-dalam-penanganan-bencana,"
Selasa, 06 Jan 2026 12:43 WIB "
Keanehan Iklim 2025,https://news.detik.com/kolom/d-8291672/keanehan-iklim-2025,"
Senin, 05 Jan 2026 15:30 WIB "
Dompet Dhuafa Bangun 1.000 Rumah Sementara untuk Korban Bencana Sumatera,https://news.detik.com/berita/d-8292794/dompet-dhuafa-bangun-1-000-rumah-sementara-untuk-korban-bencana-sumatera,"
Senin, 05 Jan 2026 14:32 WIB "
Jangan Sembarang Sebut Pelanggaran HAM Berat dalam Penanganan Bencana Alam,https://news.detik.com/kolom/d-8292546/jangan-sembarang-sebut-pelanggaran-ham-berat-dalam-penanganan-bencana-alam,"
Senin, 05 Jan 2026 12:36 WIB "
BNPB Ungkap Penyebab Longsor Susulan Masih Terjadi di Agam Sumbar,https://news.detik.com/berita/d-8292353/bnpb-ungkap-penyebab-longsor-susulan-masih-terjadi-di-agam-sumbar,"
Senin, 05 Jan 2026 11:00 WIB "
Warga Agam Takut Pulang karena Kemungkinan Banjir Bandang Susulan,https://news.detik.com/berita/d-8292254/warga-agam-takut-pulang-karena-kemungkinan-banjir-bandang-susulan,"
Senin, 05 Jan 2026 10:18 WIB "
Melihat Pentingnya Kehadiran Pemimpin Saat Pemulihan Bencana,https://news.detik.com/kolom/d-8291747/melihat-pentingnya-kehadiran-pemimpin-saat-pemulihan-bencana,"
Minggu, 04 Jan 2026 18:56 WIB "
Korban Meninggal Bencana Sumatera Hari Ini Capai 1.177 Orang,https://news.detik.com/berita/d-8291680/korban-meninggal-bencana-sumatera-hari-ini-capai-1-177-orang,"
Minggu, 04 Jan 2026 17:31 WIB "
"PKB Setuju Usulan Bentuk Badan Khusus untuk Bencana Sumatera, Ini Alasannya",https://news.detik.com/berita/d-8291007/pkb-setuju-usulan-bentuk-badan-khusus-untuk-bencana-sumatera-ini-alasannya,"
Minggu, 04 Jan 2026 07:45 WIB "
Tebing Ngarai Sianok Agam Longsor Setinggi 120 Meter Usai Hujan Deras,https://news.detik.com/berita/d-8290963/tebing-ngarai-sianok-agam-longsor-setinggi-120-meter-usai-hujan-deras,"
Minggu, 04 Jan 2026 05:30 WIB "
Korban Meninggal Bencana Sumatera Hari Ini Bertambah Jadi 1.167 Orang,https://news.detik.com/berita/d-8290576/korban-meninggal-bencana-sumatera-hari-ini-bertambah-jadi-1-167-orang,"
Sabtu, 03 Jan 2026 17:57 WIB "
Waka Komisi IV DPR Usul Pembentukan Badan Khusus Tangani Dampak Bencana Sumatera,https://news.detik.com/berita/d-8290058/waka-komisi-iv-dpr-usul-pembentukan-badan-khusus-tangani-dampak-bencana-sumatera,"
Sabtu, 03 Jan 2026 11:34 WIB "
Kemenkop Libatkan Koperasi Pulihkan Ekonomi Pascabencana Sumatera,https://news.detik.com/berita/d-8289712/kemenkop-libatkan-koperasi-pulihkan-ekonomi-pascabencana-sumatera,"
Jumat, 02 Jan 2026 21:22 WIB "
Menteri HAM Minta Kepolisian Usut Tuntas Teror yang Menimpa Influencer,https://news.detik.com/berita/d-8289638/menteri-ham-minta-kepolisian-usut-tuntas-teror-yang-menimpa-influencer,"
Jumat, 02 Jan 2026 20:00 WIB "
Prabowo: Saya Minta Maaf Belum Bisa ke Semua Titik Bencana,https://news.detik.com/berita/d-8287699/prabowo-saya-minta-maaf-belum-bisa-ke-semua-titik-bencana,"
Kamis, 01 Jan 2026 15:11 WIB "
Momen Perayaan Pergantian Tahun Sambil Berdonasi di Lapangan Banteng,https://news.detik.com/berita/d-8287257/momen-perayaan-pergantian-tahun-sambil-berdonasi-di-lapangan-banteng,"
Kamis, 01 Jan 2026 09:26 WIB "
Indonesia di Persimpangan Krisis dan Harapan,https://news.detik.com/kolom/d-8285313/indonesia-di-persimpangan-krisis-dan-harapan,"
Kamis, 01 Jan 2026 09:05 WIB "
"Suasana Malam Tahun Baru di Pengungsian Tapsel, Warga Manortor-Nonton Bareng",https://news.detik.com/berita/d-8286955/suasana-malam-tahun-baru-di-pengungsian-tapsel-warga-manortor-nonton-bareng,"
Rabu, 31 Des 2025 23:14 WIB "
Malam Tahun Baru di Lapangan Banteng Diwarnai Musik dan Aksi Sosial,https://news.detik.com/berita/d-8286807/malam-tahun-baru-di-lapangan-banteng-diwarnai-musik-dan-aksi-sosial,"
Rabu, 31 Des 2025 21:22 WIB "
Bakauheni Harbour City Rayakan Tahun Baru dengan Penuh Makna,https://news.detik.com/bangun-indonesia/d-8286690/bakauheni-harbour-city-rayakan-tahun-baru-dengan-penuh-makna,"
Rabu, 31 Des 2025 20:00 WIB "
"Jembatan Bailey Sungai Garoga Tapsel Rampung, Seskab: Walau Cepat, Kita Mau Aman",https://news.detik.com/berita/d-8286688/jembatan-bailey-sungai-garoga-tapsel-rampung-seskab-walau-cepat-kita-mau-aman,"
Rabu, 31 Des 2025 20:00 WIB "
Korban Meninggal Akibat Bencana Sumatera Per 31 Desember Jadi 1.154 Orang,https://news.detik.com/berita/d-8286382/korban-meninggal-akibat-bencana-sumatera-per-31-desember-jadi-1-154-orang,"
Rabu, 31 Des 2025 17:13 WIB "
Waskita Karya Kebut Pembangunan 80 Huntara di Aceh dalam 6 Hari,https://news.detik.com/berita/d-8285583/waskita-karya-kebut-pembangunan-80-huntara-di-aceh-dalam-6-hari,"
Rabu, 31 Des 2025 11:54 WIB "
Astra Terus Salurkan Dukungan Kemanusiaan bagi Warga Terdampak di Sumatera,https://news.detik.com/berita/d-8285239/astra-terus-salurkan-dukungan-kemanusiaan-bagi-warga-terdampak-di-sumatera,"
Rabu, 31 Des 2025 08:43 WIB "
"Refleksi 2025, Anggota DPR Serukan Jaga Hutan Buntut Bencana Sumatera",https://news.detik.com/berita/d-8285078/refleksi-2025-anggota-dpr-serukan-jaga-hutan-buntut-bencana-sumatera,"
Rabu, 31 Des 2025 00:11 WIB "
Mendagri Ungkap Progres Pemulihan Pascabencana Sumatera di 52 Daerah,https://news.detik.com/berita/d-8284930/mendagri-ungkap-progres-pemulihan-pascabencana-sumatera-di-52-daerah,"
Selasa, 30 Des 2025 20:54 WIB "
"Update Korban Bencana Sumatera 30 Desember: 1.141 Orang Meninggal, 163 Hilang",https://news.detik.com/berita/d-8284750/update-korban-bencana-sumatera-30-desember-1-141-orang-meninggal-163-hilang,"
Selasa, 30 Des 2025 18:27 WIB "
Canda Purbaya ke BNPB Saat Bahas Dana Penanganan Bencana: Lu Pelit Juga,https://news.detik.com/berita/d-8284217/canda-purbaya-ke-bnpb-saat-bahas-dana-penanganan-bencana-lu-pelit-juga,"
Selasa, 30 Des 2025 14:51 WIB "
"Polri Sediakan Layanan Psikososial di 199 Titik Bencana, Jangkau 32.938 Warga",https://news.detik.com/berita/d-8284124/polri-sediakan-layanan-psikososial-di-199-titik-bencana-jangkau-32-938-warga,"
Selasa, 30 Des 2025 14:13 WIB "
"Kapolri Sampaikan Rilis Akhir Tahun, Doakan Korban Bencana di Sumatera",https://news.detik.com/berita/d-8283614/kapolri-sampaikan-rilis-akhir-tahun-doakan-korban-bencana-di-sumatera,"
Selasa, 30 Des 2025 11:01 WIB "
Menuju Resolusi Penanggulangan Bencana 2026: Saatnya Memperbarui Kajian Risiko,https://news.detik.com/kolom/d-8283609/menuju-resolusi-penanggulangan-bencana-2026-saatnya-memperbarui-kajian-risiko,"
Selasa, 30 Des 2025 10:58 WIB "
"Dasco Pimpin Rakor Penanganan Bencana Aceh Bareng Mualem, Purbaya hingga Tito",https://news.detik.com/berita/d-8283584/dasco-pimpin-rakor-penanganan-bencana-aceh-bareng-mualem-purbaya-hingga-tito,"
Selasa, 30 Des 2025 10:46 WIB "
"Longsor Terjadi di Aceh Tengah, Sejumlah Warga Terjebak",https://news.detik.com/berita/d-8283278/longsor-terjadi-di-aceh-tengah-sejumlah-warga-terjebak,"
Senin, 29 Des 2025 23:35 WIB "
"Pascabencana, Kemenkes Revitalisasi 867 Puskesmas di Aceh-Sumbar",https://news.detik.com/berita/d-8283173/pascabencana-kemenkes-revitalisasi-867-puskesmas-di-aceh-sumbar,"
Senin, 29 Des 2025 21:31 WIB "
Kemenkes Salurkan Bantuan Kesehatan-Starlink ke Korban Bencana Sumatera,https://news.detik.com/berita/d-8283159/kemenkes-salurkan-bantuan-kesehatan-starlink-ke-korban-bencana-sumatera,"
Senin, 29 Des 2025 21:06 WIB "
Mensesneg: Perintah Presiden Pengurusan Dokumen Korban Bencana Digratiskan,https://news.detik.com/berita/d-8283069/mensesneg-perintah-presiden-pengurusan-dokumen-korban-bencana-digratiskan,"
Senin, 29 Des 2025 19:50 WIB "
Kemendagri Akan Kirim 1.054 Praja IPDN Bantu Desa Terdampak Bencana Aceh,https://news.detik.com/berita/d-8282930/kemendagri-akan-kirim-1-054-praja-ipdn-bantu-desa-terdampak-bencana-aceh,"
Senin, 29 Des 2025 18:30 WIB "
Imipas Bakal Beri Remisi Napi Lapas Aceh Tamiang: Yang Lapor Dapat Lebih Banyak,https://news.detik.com/berita/d-8282889/imipas-bakal-beri-remisi-napi-lapas-aceh-tamiang-yang-lapor-dapat-lebih-banyak,"
Senin, 29 Des 2025 18:04 WIB "
Pemerintah Akan Beli 100 Jembatan Bailey dari Luar Negeri untuk Daerah Bencana,https://news.detik.com/berita/d-8282220/pemerintah-akan-beli-100-jembatan-bailey-dari-luar-negeri-untuk-daerah-bencana,"
Senin, 29 Des 2025 13:44 WIB "
Ekspansi Modal dan Urgensi Keberpihakan Ekologis,https://news.detik.com/kolom/d-8279981/ekspansi-modal-dan-urgensi-keberpihakan-ekologis,"
Senin, 29 Des 2025 10:15 WIB "
Wakapolri Tinjau Dapur Umum Bhayangkari hingga Resmikan Sumur Bor di Sumbar,https://news.detik.com/berita/d-8281155/wakapolri-tinjau-dapur-umum-bhayangkari-hingga-resmikan-sumur-bor-di-sumbar,"
Minggu, 28 Des 2025 17:08 WIB "
"Kunjungi Tapteng, Wakapolri Fokus Buka Jalur Logistik Pascabanjir Bandang",https://news.detik.com/berita/d-8280518/kunjungi-tapteng-wakapolri-fokus-buka-jalur-logistik-pascabanjir-bandang,"
Minggu, 28 Des 2025 09:36 WIB "
PLN Upayakan Pemulihan Listrik di Wilayah Terisolir Aceh Tengah,https://news.detik.com/berita/d-8279397/pln-upayakan-pemulihan-listrik-di-wilayah-terisolir-aceh-tengah,"
Sabtu, 27 Des 2025 09:46 WIB "
2025 Masih Menyisakan Banyak Pekerjaan di Tahun Mendatang,https://news.detik.com/kolom/d-8279132/2025-masih-menyisakan-banyak-pekerjaan-di-tahun-mendatang,"
Jumat, 26 Des 2025 21:49 WIB "
Pertamina Peduli Hadirkan Trauma Healing untuk Anak Terdampak Bencana,https://news.detik.com/berita/d-8278967/pertamina-peduli-hadirkan-trauma-healing-untuk-anak-terdampak-bencana,"
Jumat, 26 Des 2025 18:41 WIB "
Wakapolri Bakal Tinjau Penanganan Bencana di Sumatera Hari Ini,https://news.detik.com/berita/d-8278397/wakapolri-bakal-tinjau-penanganan-bencana-di-sumatera-hari-ini,"
Jumat, 26 Des 2025 12:49 WIB "
Mabes Polri Kerahkan Kembali 300 Personel Bantu Pemulihan Bencana di Aceh,https://news.detik.com/berita/d-8278385/mabes-polri-kerahkan-kembali-300-personel-bantu-pemulihan-bencana-di-aceh,"
Jumat, 26 Des 2025 12:30 WIB "
"1.135 Orang Tewas Akibat Bencana Sumatera, 489 Ribu Warga Masih Ngungsi",https://news.detik.com/berita/d-8278182/1-135-orang-tewas-akibat-bencana-sumatera-489-ribu-warga-masih-ngungsi,"
Jumat, 26 Des 2025 09:47 WIB "
Bobby Perpanjang Status Tangap Darurat Bencana Sumut,https://news.detik.com/berita/d-8278028/bobby-perpanjang-status-tangap-darurat-bencana-sumut,"
Jumat, 26 Des 2025 02:35 WIB "
"Tebing Longsor, Jalan Lintas Tarutung Menuju Tapanuli Tengah Putus",https://news.detik.com/berita/d-8277956/tebing-longsor-jalan-lintas-tarutung-menuju-tapanuli-tengah-putus,"
Kamis, 25 Des 2025 22:40 WIB "
"Curah Hujan Tinggi, Maninjau Sumbar Kembali Dilanda Banjir Bandang",https://news.detik.com/berita/d-8277824/curah-hujan-tinggi-maninjau-sumbar-kembali-dilanda-banjir-bandang,"
Kamis, 25 Des 2025 20:21 WIB "
Maruarar Minta Hunian Tetap Korban Bencana Aceh-Sumatera Aman dari Banjir,https://news.detik.com/berita/d-8277782/maruarar-minta-hunian-tetap-korban-bencana-aceh-sumatera-aman-dari-banjir,"
Kamis, 25 Des 2025 19:37 WIB "
Orang Tua Siswa SRMA Bekasi Titip Terima Kasih ke Prabowo lewat Mensos,https://news.detik.com/berita/d-8276578/orang-tua-siswa-srma-bekasi-titip-terima-kasih-ke-prabowo-lewat-mensos,"
Rabu, 24 Des 2025 22:10 WIB "
Kemensos Gelar Doa Bersama Lintas Agama untuk Korban Bencana Sumatera,https://news.detik.com/berita/d-8276481/kemensos-gelar-doa-bersama-lintas-agama-untuk-korban-bencana-sumatera,"
Rabu, 24 Des 2025 20:48 WIB "
Merawat Warisan Alam Sumatera di Tengah Tantangan Bencana,https://news.detik.com/berita/d-8276305/merawat-warisan-alam-sumatera-di-tengah-tantangan-bencana,"
Rabu, 24 Des 2025 18:50 WIB "
Satgas PKH Telah Periksa 27 Perusahaan Diduga Pemicu Banjir di Sumatera,https://news.detik.com/berita/d-8276232/satgas-pkh-telah-periksa-27-perusahaan-diduga-pemicu-banjir-di-sumatera,"
Rabu, 24 Des 2025 18:04 WIB "
Wamensos Ajak Ratusan SDM PKH Berdoa untuk Korban Bencana di Sumatera,https://news.detik.com/berita/d-8275835/wamensos-ajak-ratusan-sdm-pkh-berdoa-untuk-korban-bencana-di-sumatera,"
Rabu, 24 Des 2025 15:22 WIB "
Dari Tank hingga Pramuka: Pelajaran Senyap Budaya Kesiapan,https://news.detik.com/kolom/d-8275342/dari-tank-hingga-pramuka-pelajaran-senyap-budaya-kesiapan,"
Rabu, 24 Des 2025 11:56 WIB "
"Polri Kirim Logistik Via Udara ke Palambayan, Dukung Penanggulangan Banjir Sumbar",https://news.detik.com/berita/d-8275229/polri-kirim-logistik-via-udara-ke-palambayan-dukung-penanggulangan-banjir-sumbar,"
Rabu, 24 Des 2025 11:02 WIB "
Calon Jemaah Haji Korban Bencana Sumatera Berpotensi Gagal Berangkat,https://news.detik.com/berita/d-8274762/calon-jemaah-haji-korban-bencana-sumatera-berpotensi-gagal-berangkat,"
Rabu, 24 Des 2025 07:58 WIB "
"1.112 Orang Tewas Akibat Bencana Sumatera, Terbanyak di Aceh",https://news.detik.com/berita/d-8274222/1-112-orang-tewas-akibat-bencana-sumatera-terbanyak-di-aceh,"
Selasa, 23 Des 2025 17:07 WIB "
NasDem Harap Tak Ada Narasi Pemecah Belah soal Penanganan Bencana Sumatera,https://news.detik.com/berita/d-8273360/nasdem-harap-tak-ada-narasi-pemecah-belah-soal-penanganan-bencana-sumatera,"
Selasa, 23 Des 2025 10:45 WIB "
Mendagri Minta Penanganan Bencana di Aceh Tamiang Jadi Perhatian Khusus,https://news.detik.com/berita/d-8273183/mendagri-minta-penanganan-bencana-di-aceh-tamiang-jadi-perhatian-khusus,"
Selasa, 23 Des 2025 08:50 WIB "
Kitabisa Dukung Penggalangan Donasi Publik di Run For Solidarity HKSN 2025,https://news.detik.com/berita/d-8272934/kitabisa-dukung-penggalangan-donasi-publik-di-run-for-solidarity-hksn-2025,"
Senin, 22 Des 2025 22:25 WIB "
Polwan Kirim Bantuan Motor Roda 3 Mudahkan Jangkau Lokasi Bencana di Tapsel,https://news.detik.com/berita/d-8272714/polwan-kirim-bantuan-motor-roda-3-mudahkan-jangkau-lokasi-bencana-di-tapsel,"
Senin, 22 Des 2025 19:01 WIB "
Korban Meninggal Bencana Sumatera Per 22 Desember: 1.106 Orang,https://news.detik.com/berita/d-8272594/korban-meninggal-bencana-sumatera-per-22-desember-1-106-orang,"
Senin, 22 Des 2025 17:52 WIB "
"Hunian Sementara Korban Bencana di Taput Mulai Dibangun, Begini Wujudnya",https://news.detik.com/berita/d-8271604/hunian-sementara-korban-bencana-di-taput-mulai-dibangun-begini-wujudnya,"
Senin, 22 Des 2025 11:36 WIB "
Mendagri Minta Bupati Tapanuli Utara Data Hunian Rusak Pascabencana,https://news.detik.com/berita/d-8271081/mendagri-minta-bupati-tapanuli-utara-data-hunian-rusak-pascabencana,"
Minggu, 21 Des 2025 21:48 WIB "
Wamensos Apresiasi Filantropi-Masyarakat Bantu Korban Bencana Sumatera,https://news.detik.com/berita/d-8270978/wamensos-apresiasi-filantropi-masyarakat-bantu-korban-bencana-sumatera,"
Minggu, 21 Des 2025 20:16 WIB "
Polda Sumbar Salurkan Ratusan Ribu Porsi Makanan ke Warga Padang Terdampak Bencana,https://news.detik.com/berita/d-8270955/polda-sumbar-salurkan-ratusan-ribu-porsi-makanan-ke-warga-padang-terdampak-bencana,"
Minggu, 21 Des 2025 20:04 WIB "
Kaisar Said Putra Perkuat Mitigasi Bencana Lewat Tim Ambulans SobatKaisar,https://news.detik.com/berita/d-8270748/kaisar-said-putra-perkuat-mitigasi-bencana-lewat-tim-ambulans-sobatkaisar,"
Minggu, 21 Des 2025 17:39 WIB "
Membayar Utang pada Lingkungan,https://news.detik.com/kolom/d-8270270/membayar-utang-pada-lingkungan,"
Minggu, 21 Des 2025 15:45 WIB "
Mensos Salurkan Santunan Rp 15 Juta ke Ahli Waris Korban Banjir di Sibolga,https://news.detik.com/berita/d-8270535/mensos-salurkan-santunan-rp-15-juta-ke-ahli-waris-korban-banjir-di-sibolga,"
Minggu, 21 Des 2025 14:26 WIB "
"PLN Pastikan Sistem Listrik Aceh Pulih, 20 Gardu Induk Beroperasi Normal",https://news.detik.com/berita/d-8270268/pln-pastikan-sistem-listrik-aceh-pulih-20-gardu-induk-beroperasi-normal,"
Minggu, 21 Des 2025 10:38 WIB "
Polda Sumbar Siap Bangun 150 Titik Air Bersih di Sumbar Usai Banjir -Longsor,https://news.detik.com/berita/d-8270170/polda-sumbar-siap-bangun-150-titik-air-bersih-di-sumbar-usai-banjir-longsor,"
Minggu, 21 Des 2025 09:32 WIB "
Anggota DPR Kawendra Bareng Perhutani Tanam 888 Bibit Pohon di Lumajang,https://news.detik.com/berita/d-8269865/anggota-dpr-kawendra-bareng-perhutani-tanam-888-bibit-pohon-di-lumajang,"
Sabtu, 20 Des 2025 21:23 WIB "
Tito Sebut 106 Ribu Pakaian Baru Bakal Dikirim ke Korban Bencana Sumatera,https://news.detik.com/berita/d-8269839/tito-sebut-106-ribu-pakaian-baru-bakal-dikirim-ke-korban-bencana-sumatera,"
Sabtu, 20 Des 2025 21:05 WIB "
Pemerintah Akan Kirim Selimut-Pakaian Baru untuk Korban Bencana di Aceh,https://news.detik.com/berita/d-8269764/pemerintah-akan-kirim-selimut-pakaian-baru-untuk-korban-bencana-di-aceh,"
Sabtu, 20 Des 2025 19:19 WIB "
"Polda Riau Cek Pendakian Panorama Kampar, Pastikan Jalur Mudik Nataru Aman",https://news.detik.com/melindungi-tuah-marwah/d-8269742/polda-riau-cek-pendakian-panorama-kampar-pastikan-jalur-mudik-nataru-aman,"
Sabtu, 20 Des 2025 19:00 WIB "
"Korban Meninggal Bencana Sumatera Jadi 1.090 Orang, 186 Masih Hilang",https://news.detik.com/berita/d-8269645/korban-meninggal-bencana-sumatera-jadi-1-090-orang-186-masih-hilang,"
Sabtu, 20 Des 2025 17:49 WIB "
Wamensos Ajak Masyarakat Gotong Royong Bantu Korban Bencana Sumatera,https://news.detik.com/berita/d-8269571/wamensos-ajak-masyarakat-gotong-royong-bantu-korban-bencana-sumatera,"
Sabtu, 20 Des 2025 16:54 WIB "
Pupuk Indonesia Kirim Bantuan Tandon Air Bersih dan 50 Relawan ke Aceh,https://news.detik.com/berita/d-8269315/pupuk-indonesia-kirim-bantuan-tandon-air-bersih-dan-50-relawan-ke-aceh,"
Sabtu, 20 Des 2025 13:58 WIB "
"Korlantas Polri Serahkan 8 Unit Mobil Patroli, Percepat Penanganan Bencana di Sumut",https://news.detik.com/berita/d-8268903/korlantas-polri-serahkan-8-unit-mobil-patroli-percepat-penanganan-bencana-di-sumut,"
Sabtu, 20 Des 2025 07:33 WIB "
Dinkes Aceh Ungkap Ribuan Pengungsi Mulai Terserang Ispa hingga Diare,https://news.detik.com/berita/d-8268897/dinkes-aceh-ungkap-ribuan-pengungsi-mulai-terserang-ispa-hingga-diare,"
Sabtu, 20 Des 2025 07:23 WIB "
"Korban Meninggal Bencana Sumatera Kini 1.071 Orang, 185 Masih Hilang",https://news.detik.com/berita/d-8268626/korban-meninggal-bencana-sumatera-kini-1-071-orang-185-masih-hilang,"
Jumat, 19 Des 2025 20:08 WIB "
"Andre Rosiade Dampingi Prabowo, Pastikan Hunian-Infrastruktur Sumbar Tuntas",https://news.detik.com/berita/d-8268477/andre-rosiade-dampingi-prabowo-pastikan-hunian-infrastruktur-sumbar-tuntas,"
Jumat, 19 Des 2025 18:46 WIB "
"Apel Operasi Lilin 2025 di Monas, 146 Ribu Personel Gabungan Amankan Nataru",https://news.detik.com/berita/d-8268341/apel-operasi-lilin-2025-di-monas-146-ribu-personel-gabungan-amankan-nataru,"
Jumat, 19 Des 2025 17:51 WIB "
"Seskab: Sejak Detik Pertama, Pemerintah Kerja Keras Atasi Bencana Sumatera",https://news.detik.com/berita/d-8267841/seskab-sejak-detik-pertama-pemerintah-kerja-keras-atasi-bencana-sumatera,"
Jumat, 19 Des 2025 14:36 WIB "
Peran Seskab Teddy Jadi Penghubung Aspirasi Warga Korban Bencana Sumatera,https://news.detik.com/berita/d-8267819/peran-seskab-teddy-jadi-penghubung-aspirasi-warga-korban-bencana-sumatera,"
Jumat, 19 Des 2025 14:27 WIB "
Seskab Pastikan Pemerintah Kerja Keras Secepat Mungkin Tangani Bencana Sumatera,https://news.detik.com/berita/d-8267639/seskab-pastikan-pemerintah-kerja-keras-secepat-mungkin-tangani-bencana-sumatera,"
Jumat, 19 Des 2025 13:15 WIB "
Pemerintah Tegaskan Tangani Bencana Sumatera Prioritas Nasional,https://news.detik.com/berita/d-8267466/pemerintah-tegaskan-tangani-bencana-sumatera-prioritas-nasional,"
Jumat, 19 Des 2025 11:20 WIB "
40 Orang Korban Banjir Padarincang Serang Mengungsi di SDN Sukamaju,https://news.detik.com/berita/d-8267232/40-orang-korban-banjir-padarincang-serang-mengungsi-di-sdn-sukamaju,"
Jumat, 19 Des 2025 08:49 WIB "
Atensi Khusus Prabowo soal Hunian Sementara bagi Pengungsi,https://news.detik.com/berita/d-8267219/atensi-khusus-prabowo-soal-hunian-sementara-bagi-pengungsi,"
Jumat, 19 Des 2025 08:37 WIB "
27 Daerah di Aceh-Sumut Masih Tetapkan Tanggap Darurat Bencana,https://news.detik.com/berita/d-8266968/27-daerah-di-aceh-sumut-masih-tetapkan-tanggap-darurat-bencana,"
Jumat, 19 Des 2025 07:58 WIB "
"BRI Salurkan Bantuan ke Sumatera-Aceh, Jangkau Lebih dari 70 Ribu Korban",https://news.detik.com/berita/d-8267174/bri-salurkan-bantuan-ke-sumatera-aceh-jangkau-lebih-dari-70-ribu-korban,"
Jumat, 19 Des 2025 07:28 WIB "
"Kasemen Kota Serang Banjir, BPBD-Relawan Evakuasi Warga",https://news.detik.com/berita/d-8267173/kasemen-kota-serang-banjir-bpbd-relawan-evakuasi-warga,"
Jumat, 19 Des 2025 07:28 WIB "
Tim Korlantas Polri Serahkan Bantuan Mobil Patroli-Sembako di Padang Panjang-Solok,https://news.detik.com/berita/d-8267164/tim-korlantas-polri-serahkan-bantuan-mobil-patroli-sembako-di-padang-panjang-solok,"
Jumat, 19 Des 2025 07:13 WIB "
Pemkot Medan Kembalikan Bantuan 30 Ton Beras untuk Korban Banjir ke UEA,https://news.detik.com/berita/d-8267018/pemkot-medan-kembalikan-bantuan-30-ton-beras-untuk-korban-banjir-ke-uea,"
Kamis, 18 Des 2025 22:41 WIB "
UGM Bentuk Emergency Response Unit Bantu Korban Bencana di Sumatera,https://news.detik.com/berita/d-8266920/ugm-bentuk-emergency-response-unit-bantu-korban-bencana-di-sumatera,"
Kamis, 18 Des 2025 21:08 WIB "
Respons Pramono Diminta Megawati Sumbang Rp 2 M untuk Bencana di Sumatera,https://news.detik.com/berita/d-8266905/respons-pramono-diminta-megawati-sumbang-rp-2-m-untuk-bencana-di-sumatera,"
Kamis, 18 Des 2025 20:56 WIB "
BNPB: 27 Daerah di Aceh-Sumut Masih Tetapkan Tanggap Darurat Bencana,https://news.detik.com/berita/d-8266760/bnpb-27-daerah-di-aceh-sumut-masih-tetapkan-tanggap-darurat-bencana,"
Kamis, 18 Des 2025 19:03 WIB "
"Masih Ada Banjir Susulan di Aceh-Sumut, Pemerintah Operasi Modifikasi Cuaca",https://news.detik.com/berita/d-8266698/masih-ada-banjir-susulan-di-aceh-sumut-pemerintah-operasi-modifikasi-cuaca,"
Kamis, 18 Des 2025 18:40 WIB "
Mendagri Dampingi Prabowo Tinjau Sejumlah Wilayah Terdampak Bencana Sumbar,https://news.detik.com/berita/d-8266685/mendagri-dampingi-prabowo-tinjau-sejumlah-wilayah-terdampak-bencana-sumbar,"
Kamis, 18 Des 2025 18:32 WIB "
Momen Seskab Teddy Dengar dan Catat Keluhan Ibu-ibu Pengungsi di Agam,https://news.detik.com/berita/d-8266575/momen-seskab-teddy-dengar-dan-catat-keluhan-ibu-ibu-pengungsi-di-agam,"
Kamis, 18 Des 2025 17:46 WIB "
Korban Meninggal Bencana Sumatera Bertambah Jadi 1.068 Orang,https://news.detik.com/berita/d-8266570/korban-meninggal-bencana-sumatera-bertambah-jadi-1-068-orang,"
Kamis, 18 Des 2025 17:43 WIB "
Isu Lingkungan Jadi Perhatian Utama di detikcom Regional Summit Riau,https://news.detik.com/berita/d-8266554/isu-lingkungan-jadi-perhatian-utama-di-detikcom-regional-summit-riau,"
Kamis, 18 Des 2025 17:37 WIB "
Prabowo Targetkan Huntara untuk Korban Banjir Agam Sumbar Selesai Sebulan,https://news.detik.com/berita/d-8266410/prabowo-targetkan-huntara-untuk-korban-banjir-agam-sumbar-selesai-sebulan,"
Kamis, 18 Des 2025 16:44 WIB "
"Andre Rosiade: 2 Kali Prabowo ke Sumbar, Bukti Pemerintah Fokus Tangani Galodo",https://news.detik.com/berita/d-8266303/andre-rosiade-2-kali-prabowo-ke-sumbar-bukti-pemerintah-fokus-tangani-galodo,"
Kamis, 18 Des 2025 15:56 WIB "
Prabowo Beri Atensi Serius Masalah Lingkungan Usai Bencana Sumatera,https://news.detik.com/berita/d-8266227/prabowo-beri-atensi-serius-masalah-lingkungan-usai-bencana-sumatera,"
Kamis, 18 Des 2025 15:37 WIB "
Grup Merdeka Donasi Rp 977 Juta Bantu Penanganan Bencana Sumatera,https://news.detik.com/berita/d-8266212/grup-merdeka-donasi-rp-977-juta-bantu-penanganan-bencana-sumatera,"
Kamis, 18 Des 2025 15:25 WIB "
"Megawati Galang Dana untuk Bencana di Sumatera, Minta Pramono Sumbang Rp 2 M",https://news.detik.com/berita/d-8266140/megawati-galang-dana-untuk-bencana-di-sumatera-minta-pramono-sumbang-rp-2-m,"
Kamis, 18 Des 2025 14:49 WIB "
"Operasi Lilin Lancang Kuning 2025, Polda Riau Kerahkan 1.160 Personel",https://news.detik.com/melindungi-tuah-marwah/d-8266011/operasi-lilin-lancang-kuning-2025-polda-riau-kerahkan-1-160-personel,"
Kamis, 18 Des 2025 14:01 WIB "
Istana: Kepala BNPB Lapor ke Prabowo Minta Tambahan Personel TNI-Polri di Aceh,https://news.detik.com/berita/d-8265974/istana-kepala-bnpb-lapor-ke-prabowo-minta-tambahan-personel-tni-polri-di-aceh,"
Kamis, 18 Des 2025 13:47 WIB "
Momen Prabowo Tanya Nama-nama Menteri ke Pengungsi Bencana Sumbar,https://news.detik.com/berita/d-8265908/momen-prabowo-tanya-nama-nama-menteri-ke-pengungsi-bencana-sumbar,"
Kamis, 18 Des 2025 13:23 WIB "
"Prabowo Cek Jembatan Bailey Mantuang di Padang Pariaman, Begini Kondisinya",https://news.detik.com/berita/d-8265666/prabowo-cek-jembatan-bailey-mantuang-di-padang-pariaman-begini-kondisinya,"
Kamis, 18 Des 2025 11:36 WIB "
1 Dusun di Agam Masih Terisolir Dampak Longsor-Banjir Bandang,https://news.detik.com/berita/d-8265603/1-dusun-di-agam-masih-terisolir-dampak-longsor-banjir-bandang,"
Kamis, 18 Des 2025 11:09 WIB "
"Mentan Beli 40 Ton Cabai Petani Aceh, Kirim Pakai Hercules ke Jakarta",https://news.detik.com/berita/d-8265408/mentan-beli-40-ton-cabai-petani-aceh-kirim-pakai-hercules-ke-jakarta,"
Kamis, 18 Des 2025 08:48 WIB "
Prabowo Kunjungi 3 Lokasi Bencana di Sumbar Hari Ini: Agam-Padang Pariaman,https://news.detik.com/berita/d-8265316/prabowo-kunjungi-3-lokasi-bencana-di-sumbar-hari-ini-agam-padang-pariaman,"
Kamis, 18 Des 2025 07:37 WIB "
"Prabowo Ingin Papua Ditanam Sawit, PKB Ingatkan Jangan Buka Hutan Baru",https://news.detik.com/berita/d-8265271/prabowo-ingin-papua-ditanam-sawit-pkb-ingatkan-jangan-buka-hutan-baru,"
Kamis, 18 Des 2025 06:45 WIB "
"Kelistrikan Aceh Berangsur Pulih, Banda Aceh Kembali Menyala Malam Ini",https://news.detik.com/berita/d-8265198/kelistrikan-aceh-berangsur-pulih-banda-aceh-kembali-menyala-malam-ini,"
Rabu, 17 Des 2025 23:59 WIB "
"Tiba di Sumbar, Prabowo Langsung Rapat Bareng Menteri, Panglima TNI dan Kapolri",https://news.detik.com/berita/d-8265134/tiba-di-sumbar-prabowo-langsung-rapat-bareng-menteri-panglima-tni-dan-kapolri,"
Rabu, 17 Des 2025 22:10 WIB "
"BRIN Kirim Drone ke Titik Bencana Sumatera, Bisa Deteksi Jasad di Bawah Tanah",https://news.detik.com/berita/d-8265125/brin-kirim-drone-ke-titik-bencana-sumatera-bisa-deteksi-jasad-di-bawah-tanah,"
Rabu, 17 Des 2025 22:01 WIB "
PELNI-Polri Lepas 237 Personel dan Bantuan Logistik Via KM Egon ke Sumatera,https://news.detik.com/berita/d-8265088/pelni-polri-lepas-237-personel-dan-bantuan-logistik-via-km-egon-ke-sumatera,"
Rabu, 17 Des 2025 21:34 WIB "
Anies Harap Negara Makin Intensif Terlibat Ringankan Korban Bencana Sumatera,https://news.detik.com/berita/d-8264959/anies-harap-negara-makin-intensif-terlibat-ringankan-korban-bencana-sumatera,"
Rabu, 17 Des 2025 19:43 WIB "
"Korban Meninggal Akibat Bencana Sumatera Kini 1.059 Orang, 192 Hilang",https://news.detik.com/berita/d-8264763/korban-meninggal-akibat-bencana-sumatera-kini-1-059-orang-192-hilang,"
Rabu, 17 Des 2025 17:35 WIB "
HNW Harap RI Terbuka: Bantuan Luar Tak Dalam Posisi Mengecilkan Indonesia,https://news.detik.com/berita/d-8264668/hnw-harap-ri-terbuka-bantuan-luar-tak-dalam-posisi-mengecilkan-indonesia,"
Rabu, 17 Des 2025 16:57 WIB "
"Personel Korlantas Singkirkan Lumpur di Masjid Aceh Tamiang, Kompak Bantu Masyarakat",https://news.detik.com/berita/d-8264410/personel-korlantas-singkirkan-lumpur-di-masjid-aceh-tamiang-kompak-bantu-masyarakat,"
Rabu, 17 Des 2025 15:06 WIB "
Gubernur Lemhannas: Ketahanan Nasional Indonesia Sepanjang 2025 Cukup Tangguh,https://news.detik.com/berita/d-8263797/gubernur-lemhannas-ketahanan-nasional-indonesia-sepanjang-2025-cukup-tangguh,"
Rabu, 17 Des 2025 10:12 WIB "
"PDIP soal Bantuan Asing: Bukan Masalah Mampu, Tapi Rakyat Harus Cepat Dibantu",https://news.detik.com/berita/d-8263689/pdip-soal-bantuan-asing-bukan-masalah-mampu-tapi-rakyat-harus-cepat-dibantu,"
Rabu, 17 Des 2025 08:52 WIB "
Bencana Sumatera: 25 Kabupaten/Kota Masih Berstatus Tanggap Darurat,https://news.detik.com/berita/d-8263368/bencana-sumatera-25-kabupaten-kota-masih-berstatus-tanggap-darurat,"
Rabu, 17 Des 2025 07:58 WIB "
NasDem Nilai RI Masih Mampu Tangani Bencana Aceh Tanpa Bantuan Asing,https://news.detik.com/berita/d-8263611/nasdem-nilai-ri-masih-mampu-tangani-bencana-aceh-tanpa-bantuan-asing,"
Rabu, 17 Des 2025 07:52 WIB "
Ragam Komentar Perihal Aceh Surati 2 Lembaga PBB soal Bencana,https://news.detik.com/berita/d-8263593/ragam-komentar-perihal-aceh-surati-2-lembaga-pbb-soal-bencana,"
Rabu, 17 Des 2025 07:41 WIB "
Komisi V DPR Minta Pemerintah Tak Tolak Bantuan dari Luar Negeri,https://news.detik.com/berita/d-8263577/komisi-v-dpr-minta-pemerintah-tak-tolak-bantuan-dari-luar-negeri,"
Rabu, 17 Des 2025 06:56 WIB "
Mensos Gus Ipul Tinjau Dapur Umum Korban Banjir di Pidie Jaya Aceh,https://news.detik.com/berita/d-8263400/mensos-gus-ipul-tinjau-dapur-umum-korban-banjir-di-pidie-jaya-aceh,"
Selasa, 16 Des 2025 21:42 WIB "
"Kemensos Salurkan Santunan Korban Meninggal Bencana Aceh, Sumut, & Sumbar",https://news.detik.com/berita/d-8263295/kemensos-salurkan-santunan-korban-meninggal-bencana-aceh-sumut-sumbar,"
Selasa, 16 Des 2025 20:14 WIB "
Warga Binaan di Aceh Tamiang Bantu Korban Bencana Akan Diberi Remisi Tambahan,https://news.detik.com/berita/d-8263237/warga-binaan-di-aceh-tamiang-bantu-korban-bencana-akan-diberi-remisi-tambahan,"
Selasa, 16 Des 2025 19:36 WIB "
Menteri Agus Minta Pegawai Imipas Bantu Bencana Sumatera Diberi Penghargaan,https://news.detik.com/berita/d-8263196/menteri-agus-minta-pegawai-imipas-bantu-bencana-sumatera-diberi-penghargaan,"
Selasa, 16 Des 2025 19:15 WIB "
25 Kabupaten/Kota di Aceh-Sumut-Sumbar Masih Berstatus Tanggap Darurat,https://news.detik.com/berita/d-8263128/25-kabupaten-kota-di-aceh-sumut-sumbar-masih-berstatus-tanggap-darurat,"
Selasa, 16 Des 2025 18:36 WIB "
Legislator Sebut Pemda Tak Berwenang Minta Bantuan ke Lembaga Internasional,https://news.detik.com/berita/d-8263014/legislator-sebut-pemda-tak-berwenang-minta-bantuan-ke-lembaga-internasional,"
Selasa, 16 Des 2025 17:32 WIB "
Kemenkop & Gerakan Koperasi Peduli Bencana Galang Bantuan untuk Sumatera,https://news.detik.com/berita/d-8262982/kemenkop-gerakan-koperasi-peduli-bencana-galang-bantuan-untuk-sumatera,"
Selasa, 16 Des 2025 17:24 WIB "
"Terus Bertambah, Korban Meninggal Bencana Sumatera Kini 1.053 Orang",https://news.detik.com/berita/d-8262977/terus-bertambah-korban-meninggal-bencana-sumatera-kini-1-053-orang,"
Selasa, 16 Des 2025 17:20 WIB "
"Penanganan Pascabencana, Gubsu Bobby Fokuskan Air Bersih & Infrastruktur",https://news.detik.com/berita/d-8262732/penanganan-pascabencana-gubsu-bobby-fokuskan-air-bersih-infrastruktur,"
Selasa, 16 Des 2025 15:55 WIB "
Ramai-ramai soal Aceh Minta Bantuan ke PBB,https://news.detik.com/berita/d-8262467/ramai-ramai-soal-aceh-minta-bantuan-ke-pbb,"
Selasa, 16 Des 2025 14:50 WIB "
"Solidaritas Tanpa Batas, Full Support Polda Riau di Misi Kemanusiaan Sumatera",https://news.detik.com/melindungi-tuah-marwah/d-8262526/solidaritas-tanpa-batas-full-support-polda-riau-di-misi-kemanusiaan-sumatera,"
Selasa, 16 Des 2025 14:39 WIB "
Delpedro dkk Beri Bunga ke Jaksa-Nyanyi 'Indonesia Pusaka' Sebelum Sidang,https://news.detik.com/berita/d-8262494/delpedro-dkk-beri-bunga-ke-jaksa-nyanyi-indonesia-pusaka-sebelum-sidang,"
Selasa, 16 Des 2025 14:24 WIB "
Menjemput Kesadaran di Tengah Bencana,https://news.detik.com/kolom/d-8262478/menjemput-kesadaran-di-tengah-bencana,"
Selasa, 16 Des 2025 14:18 WIB "
Anggota DPR Anggap Surat Aceh ke Lembaga PBB Tak Maksud Sudutkan Pemerintah,https://news.detik.com/berita/d-8262469/anggota-dpr-anggap-surat-aceh-ke-lembaga-pbb-tak-maksud-sudutkan-pemerintah,"
Selasa, 16 Des 2025 14:15 WIB "
Mensos Serahkan Bantuan Senilai Rp 9 M ke Gubernur Aceh untuk Korban Bencana,https://news.detik.com/berita/d-8262405/mensos-serahkan-bantuan-senilai-rp-9-m-ke-gubernur-aceh-untuk-korban-bencana,"
Selasa, 16 Des 2025 13:57 WIB "
"Aceh Surati 2 Lembaga PBB soal Bencana, Komisi I DPR Ingatkan Ini",https://news.detik.com/berita/d-8262212/aceh-surati-2-lembaga-pbb-soal-bencana-komisi-i-dpr-ingatkan-ini,"
Selasa, 16 Des 2025 12:14 WIB "
Mendagri Pastikan Belanja Tak Terduga untuk Bencana Digunakan Tepat Sasaran,https://news.detik.com/berita/d-8261879/mendagri-pastikan-belanja-tak-terduga-untuk-bencana-digunakan-tepat-sasaran,"
Selasa, 16 Des 2025 09:25 WIB "
Respons Mendagri soal Aceh Surati 2 Lembaga PBB Minta Bantu Tangani Bencana,https://news.detik.com/berita/d-8261855/respons-mendagri-soal-aceh-surati-2-lembaga-pbb-minta-bantu-tangani-bencana,"
Selasa, 16 Des 2025 08:59 WIB "
Danone Indonesia Salurkan Bantuan untuk Korban Banjir-Longsor di Tapteng,https://news.detik.com/berita/d-8261768/danone-indonesia-salurkan-bantuan-untuk-korban-banjir-longsor-di-tapteng,"
Selasa, 16 Des 2025 07:50 WIB "
Mardani PKS: Wajar Rakyat Aceh Berharap Segera Dapat Bantuan Termasuk dari Luar,https://news.detik.com/berita/d-8261767/mardani-pks-wajar-rakyat-aceh-berharap-segera-dapat-bantuan-termasuk-dari-luar,"
Selasa, 16 Des 2025 07:48 WIB "
Menko PMK Tegaskan Pemerintah Percepat Pembangunan Huntara Bagi Korban Bencana,https://news.detik.com/berita/d-8261685/menko-pmk-tegaskan-pemerintah-percepat-pembangunan-huntara-bagi-korban-bencana,"
Selasa, 16 Des 2025 01:58 WIB "
Menkes Bakal Kirim 600 Dokter-Perawat ke Daerah Bencana Sumatera,https://news.detik.com/berita/d-8261683/menkes-bakal-kirim-600-dokter-perawat-ke-daerah-bencana-sumatera,"
Selasa, 16 Des 2025 01:18 WIB "
Kata Prabowo Agar Siapapun Tak Wisata Bencana,https://news.detik.com/berita/d-8261567/kata-prabowo-agar-siapapun-tak-wisata-bencana,"
Senin, 15 Des 2025 21:40 WIB "
"BGN Pastikan Dana Dapur MBG di Daerah Bencana Tersedia, Bisa Layani Pengungsi",https://news.detik.com/berita/d-8261511/bgn-pastikan-dana-dapur-mbg-di-daerah-bencana-tersedia-bisa-layani-pengungsi,"
Senin, 15 Des 2025 21:00 WIB "
Korban Meninggal Bencana Sumatera Bertambah Jadi 1.030 Orang,https://news.detik.com/berita/d-8261268/korban-meninggal-bencana-sumatera-bertambah-jadi-1-030-orang,"
Senin, 15 Des 2025 18:37 WIB "
"Satgas PKH Catat 31 Perusahaan Diduga Penyebab Bencana, Terbanyak di Sumbar",https://news.detik.com/berita/d-8261016/satgas-pkh-catat-31-perusahaan-diduga-penyebab-bencana-terbanyak-di-sumbar,"
Senin, 15 Des 2025 16:58 WIB "
"Tangani Bencana Pakai APBN, Prabowo Ungkit Dulu Dimaki-maki karena Efisiensi",https://news.detik.com/berita/d-8260950/tangani-bencana-pakai-apbn-prabowo-ungkit-dulu-dimaki-maki-karena-efisiensi,"
Senin, 15 Des 2025 16:35 WIB "
"Kepala Negara Lain Mau Kirim Bantuan, Prabowo: Saya Bilang Kami Mampu",https://news.detik.com/berita/d-8260877/kepala-negara-lain-mau-kirim-bantuan-prabowo-saya-bilang-kami-mampu,"
Senin, 15 Des 2025 16:13 WIB "
Satgas PKH Bakal Bebankan Pemulihan Dampak Bencana ke Perusak Lingkungan,https://news.detik.com/berita/d-8260868/satgas-pkh-bakal-bebankan-pemulihan-dampak-bencana-ke-perusak-lingkungan,"
Senin, 15 Des 2025 16:10 WIB "
"Sidang Kabinet soal Bencana Sumatera, Prabowo Singgung Climate Change",https://news.detik.com/berita/d-8260862/sidang-kabinet-soal-bencana-sumatera-prabowo-singgung-climate-change,"
Senin, 15 Des 2025 16:06 WIB "
Prabowo Akan Tinjau Daerah Bencana Sumatera Seminggu Sekali,https://news.detik.com/berita/d-8260847/prabowo-akan-tinjau-daerah-bencana-sumatera-seminggu-sekali,"
Senin, 15 Des 2025 16:00 WIB "
"Satgas PKH Dalami Perusahaan Penyebab Bencana Sumatera, Akan Proses Pidana",https://news.detik.com/berita/d-8260754/satgas-pkh-dalami-perusahaan-penyebab-bencana-sumatera-akan-proses-pidana,"
Senin, 15 Des 2025 15:27 WIB "
"2 MPP di Aceh Terdampak Bencana, MenPAN-RB Pastikan Layanan Publik Berjalan",https://news.detik.com/berita/d-8260645/2-mpp-di-aceh-terdampak-bencana-menpan-rb-pastikan-layanan-publik-berjalan,"
Senin, 15 Des 2025 14:49 WIB "
Niat Prabowo Perangi Pembalakan Liar di Sumatera,https://news.detik.com/berita/d-8260534/niat-prabowo-perangi-pembalakan-liar-di-sumatera,"
Senin, 15 Des 2025 14:38 WIB "
BMKG Sumbar Sudah Rilis Peringatan Dini 21 November Sebelum Banjir-Longsor,https://news.detik.com/berita/d-8260536/bmkg-sumbar-sudah-rilis-peringatan-dini-21-november-sebelum-banjir-longsor,"
Senin, 15 Des 2025 14:00 WIB "
Ulama Aceh Minta Prabowo Tetapkan Bencana Sumatera sebagai Bencana Nasional,https://news.detik.com/berita/d-8260535/ulama-aceh-minta-prabowo-tetapkan-bencana-sumatera-sebagai-bencana-nasional,"
Senin, 15 Des 2025 13:59 WIB "
"1.022 Orang Tewas Akibat Bencana Sumatera, Korban Terbanyak di Aceh",https://news.detik.com/berita/d-8260332/1-022-orang-tewas-akibat-bencana-sumatera-korban-terbanyak-di-aceh,"
Senin, 15 Des 2025 12:18 WIB "
"Percepat Bantuan, Cak Imin Resmikan Kembali Rute Kualanamu-Rembele",https://news.detik.com/berita/d-8260130/percepat-bantuan-cak-imin-resmikan-kembali-rute-kualanamu-rembele,"
Senin, 15 Des 2025 10:44 WIB "
"Pencarian Berakhir, Polda Riau Beri Penghormatan Terakhir untuk Ipda Angga",https://news.detik.com/berita/d-8260090/pencarian-berakhir-polda-riau-beri-penghormatan-terakhir-untuk-ipda-angga,"
Senin, 15 Des 2025 10:27 WIB "
Melawan Korupsi Transisi Energi!,https://news.detik.com/kolom/d-8260010/melawan-korupsi-transisi-energi,"
Senin, 15 Des 2025 09:49 WIB "
Pertamina Umumkan 25 Pemenang Nasional Anugerah Jurnalistik Pertamina 2025,https://news.detik.com/berita/d-8259939/pertamina-umumkan-25-pemenang-nasional-anugerah-jurnalistik-pertamina-2025,"
Senin, 15 Des 2025 08:55 WIB "
13 Titik Jadi Fokus Pencarian Korban Bencana Aceh-Sumatera,https://news.detik.com/berita/d-8259684/13-titik-jadi-fokus-pencarian-korban-bencana-aceh-sumatera,"
Senin, 15 Des 2025 07:58 WIB "
BNPB Ungkap Ada Jasad dari Pemakaman Masuk Data Korban Tewas Bencana Sumatera,https://news.detik.com/berita/d-8259752/bnpb-ungkap-ada-jasad-dari-pemakaman-masuk-data-korban-tewas-bencana-sumatera,"
Minggu, 14 Des 2025 23:03 WIB "
"Tembus Jalur Rusak, Andre Rosiade Antar 3.000 Sembako ke Matur Agam",https://news.detik.com/berita/d-8259669/tembus-jalur-rusak-andre-rosiade-antar-3-000-sembako-ke-matur-agam,"
Minggu, 14 Des 2025 20:56 WIB "
"Gubsu Bobby Lepas Sambut Pangdam I/BB, Tekankan Soliditas Atasi Bencana",https://news.detik.com/berita/d-8259658/gubsu-bobby-lepas-sambut-pangdam-i-bb-tekankan-soliditas-atasi-bencana,"
Minggu, 14 Des 2025 20:40 WIB "
Daftar Lokasi di Aceh-Sumbar-Sumut yang Masih Sulit Diakses Imbas Bencana,https://news.detik.com/berita/d-8259597/daftar-lokasi-di-aceh-sumbar-sumut-yang-masih-sulit-diakses-imbas-bencana,"
Minggu, 14 Des 2025 19:54 WIB "
BNPB Fokuskan Pencarian Korban Bencana Aceh-Sumatera di 13 Titik,https://news.detik.com/berita/d-8259560/bnpb-fokuskan-pencarian-korban-bencana-aceh-sumatera-di-13-titik,"
Minggu, 14 Des 2025 19:34 WIB "
HS Gandeng Slank Salurkan Bantuan untuk Mahasiswa Sumatera di Semarang,https://news.detik.com/berita/d-8259546/hs-gandeng-slank-salurkan-bantuan-untuk-mahasiswa-sumatera-di-semarang,"
Minggu, 14 Des 2025 19:16 WIB "
"Korban Meninggal Bencana Sumatera Jadi 1.016 Orang, 212 Masih Hilang",https://news.detik.com/berita/d-8259386/korban-meninggal-bencana-sumatera-jadi-1-016-orang-212-masih-hilang,"
Minggu, 14 Des 2025 17:41 WIB "
Pemprov Sumbar Respons Kritik Walhi soal Cuci Tangan Penyebab Bencana,https://news.detik.com/berita/d-8259385/pemprov-sumbar-respons-kritik-walhi-soal-cuci-tangan-penyebab-bencana,"
Minggu, 14 Des 2025 17:39 WIB "
Saluak dan Selendang Tanda Kasih Warga Agam untuk Kapolda Riau,https://news.detik.com/melindungi-tuah-marwah/d-8259159/saluak-dan-selendang-tanda-kasih-warga-agam-untuk-kapolda-riau,"
Minggu, 14 Des 2025 15:02 WIB "
Walhi Kritik Gubernur Sumbar soal Bencana: Jangan Cuci Tangan,https://news.detik.com/berita/d-8259099/walhi-kritik-gubernur-sumbar-soal-bencana-jangan-cuci-tangan,"
Minggu, 14 Des 2025 13:53 WIB "
Ketua MPR Puji Prabowo Beri Perhatian dalam Penanganan Bencana di Sumatera,https://news.detik.com/berita/d-8258979/ketua-mpr-puji-prabowo-beri-perhatian-dalam-penanganan-bencana-di-sumatera,"
Minggu, 14 Des 2025 12:00 WIB "
"Banjir Bisa Surut, Tapi Karbon Tinggal Selamanya",https://news.detik.com/kolom/d-8256949/banjir-bisa-surut-tapi-karbon-tinggal-selamanya,"
Minggu, 14 Des 2025 10:02 WIB "
Waka Komisi V DPR Ingatkan Pemerintah Data Korban Bencana Layak Terima Hunian,https://news.detik.com/berita/d-8258739/waka-komisi-v-dpr-ingatkan-pemerintah-data-korban-bencana-layak-terima-hunian,"
Minggu, 14 Des 2025 08:58 WIB "
Pemerintah Dinilai Perlu Beri Insentif Khusus ke Guru Korban Bencana Sumatera,https://news.detik.com/berita/d-8258606/pemerintah-dinilai-perlu-beri-insentif-khusus-ke-guru-korban-bencana-sumatera,"
Minggu, 14 Des 2025 06:31 WIB "
Bangkai Orangutan Tapanuli Ditemukan di Tumpukan Kayu Banjir di Tapteng,https://news.detik.com/berita/d-8258548/bangkai-orangutan-tapanuli-ditemukan-di-tumpukan-kayu-banjir-di-tapteng,"
Sabtu, 13 Des 2025 23:11 WIB "
Kemensos-Filantropi Kolaborasi Salurkan Logistik bagi Korban Banjir Sumatera,https://news.detik.com/berita/d-8258496/kemensos-filantropi-kolaborasi-salurkan-logistik-bagi-korban-banjir-sumatera,"
Sabtu, 13 Des 2025 22:23 WIB "
Mendagri Dampingi Prabowo Tinjau Pengungsi Banjir Langkat,https://news.detik.com/berita/d-8258468/mendagri-dampingi-prabowo-tinjau-pengungsi-banjir-langkat,"
Sabtu, 13 Des 2025 21:57 WIB "
"Begini Progres Pembangunan Jembatan di Aceh, Sumut dan Sumbar Pascabencana",https://news.detik.com/berita/d-8258391/begini-progres-pembangunan-jembatan-di-aceh-sumut-dan-sumbar-pascabencana,"
Sabtu, 13 Des 2025 20:37 WIB "
Ahmad Muzani Salurkan Bantuan untuk Korban Bencana Alam di Aceh,https://news.detik.com/berita/d-8258174/ahmad-muzani-salurkan-bantuan-untuk-korban-bencana-alam-di-aceh,"
Sabtu, 13 Des 2025 17:11 WIB "
Polri dan WWF Kirim Puluhan Ton Logistik untuk Korban Bencana di Aceh,https://news.detik.com/berita/d-8258140/polri-dan-wwf-kirim-puluhan-ton-logistik-untuk-korban-bencana-di-aceh,"
Sabtu, 13 Des 2025 16:35 WIB "
Polres Pelalawan Kirim Bantuan Sembako ke Korban Bencana di Solok Sumbar,https://news.detik.com/melindungi-tuah-marwah/d-8257964/polres-pelalawan-kirim-bantuan-sembako-ke-korban-bencana-di-solok-sumbar,"
Sabtu, 13 Des 2025 14:45 WIB "
Prabowo Janji Penuhi Pasokan Air Minum-Perbaiki Tanggul ke Pengungsi Sumut,https://news.detik.com/berita/d-8257866/prabowo-janji-penuhi-pasokan-air-minum-perbaiki-tanggul-ke-pengungsi-sumut,"
Sabtu, 13 Des 2025 13:10 WIB "
"Merawat Warisan Djuanda: Antara Pengawasan, Pemberdayaan, dan Krisis",https://news.detik.com/kolom/d-8257854/merawat-warisan-djuanda-antara-pengawasan-pemberdayaan-dan-krisis,"
Sabtu, 13 Des 2025 12:55 WIB "
"Prabowo Naik Helikopter dari Medan, Bakal Tinjau Posko Pengungsian di Langkat",https://news.detik.com/berita/d-8257711/prabowo-naik-helikopter-dari-medan-bakal-tinjau-posko-pengungsian-di-langkat,"
Sabtu, 13 Des 2025 11:02 WIB "
30 Ton Bantuan Berangkat ke Sumatera-Aceh via 2 Pesawat Armada Kemanusiaan,https://news.detik.com/berita/d-8257706/30-ton-bantuan-berangkat-ke-sumatera-aceh-via-2-pesawat-armada-kemanusiaan,"
Sabtu, 13 Des 2025 10:57 WIB "
Dari 'Dana Tanggap Darurat' ke Arsitektur Pembiayaan Risiko Iklim,https://news.detik.com/kolom/d-8256942/dari-dana-tanggap-darurat-ke-arsitektur-pembiayaan-risiko-iklim,"
Sabtu, 13 Des 2025 10:02 WIB "
"ESDM, SKK Migas, & KKKS Salurkan Bantuan untuk Korban Banjir di Sumatera",https://news.detik.com/berita/d-8257384/esdm-skk-migas-kkks-salurkan-bantuan-untuk-korban-banjir-di-sumatera,"
Jumat, 12 Des 2025 22:09 WIB "
"Kunjungi Padang, Gubernur Banten Serahkan Bantuan ke Gubernur Sumbar",https://news.detik.com/berita/d-8257377/kunjungi-padang-gubernur-banten-serahkan-bantuan-ke-gubernur-sumbar,"
Jumat, 12 Des 2025 22:01 WIB "
Pemprov Sumsel Tetapkan Status Siaga Bencana Hadapi Potensi Banjir-Longsor,https://news.detik.com/berita/d-8257356/pemprov-sumsel-tetapkan-status-siaga-bencana-hadapi-potensi-banjir-longsor,"
Jumat, 12 Des 2025 21:44 WIB "
Wanti-wanti dari Senayan Agar Bibit Siklon Tropis Tak Dianggap Remeh,https://news.detik.com/berita/d-8257302/wanti-wanti-dari-senayan-agar-bibit-siklon-tropis-tak-dianggap-remeh,"
Jumat, 12 Des 2025 21:15 WIB "
Bamsoet Ajak Para Konglomerat & Pengusaha KADIN Ikut Bantu Korban Bencana,https://news.detik.com/berita/d-8257088/bamsoet-ajak-para-konglomerat-pengusaha-kadin-ikut-bantu-korban-bencana,"
Jumat, 12 Des 2025 18:57 WIB "
"Bibit Siklon 91S dan 93S Terpantau Muncul, Ini Imbauan BNPB",https://news.detik.com/berita/d-8256981/bibit-siklon-91s-dan-93s-terpantau-muncul-ini-imbauan-bnpb,"
Jumat, 12 Des 2025 18:09 WIB "
Kemendagri Minta Pemulihan Layanan Adminduk Daerah Bencana Dipercepat,https://news.detik.com/berita/d-8256894/kemendagri-minta-pemulihan-layanan-adminduk-daerah-bencana-dipercepat,"
Jumat, 12 Des 2025 17:31 WIB "
Kakorlantas Fokus Kawal Harkamtibmas dan Kamseltibcarlantas di Operasi Lilin 2025,https://news.detik.com/berita/d-8256752/kakorlantas-fokus-kawal-harkamtibmas-dan-kamseltibcarlantas-di-operasi-lilin-2025,"
Jumat, 12 Des 2025 16:33 WIB "
Komisi V DPR: Jangan Denial Peringatan Bibit Siklon Tropis 93S dari BMKG,https://news.detik.com/berita/d-8256745/komisi-v-dpr-jangan-denial-peringatan-bibit-siklon-tropis-93s-dari-bmkg,"
Jumat, 12 Des 2025 16:30 WIB "
PELNI Berangkatkan 15 Kontainer Bantuan untuk Korban Banjir Sumatera,https://news.detik.com/berita/d-8256626/pelni-berangkatkan-15-kontainer-bantuan-untuk-korban-banjir-sumatera,"
Jumat, 12 Des 2025 15:34 WIB "
Malaysia Beri Bantuan RM 500 ke Pelajar Asal RI Terdampak Bencana Sumatera,https://news.detik.com/internasional/d-8256522/malaysia-beri-bantuan-rm-500-ke-pelajar-asal-ri-terdampak-bencana-sumatera,"
Jumat, 12 Des 2025 15:03 WIB "
PKB Desak Sanksi Pidana Perusahaan Penyebab Banjir di Sumatera,https://news.detik.com/berita/d-8256300/pkb-desak-sanksi-pidana-perusahaan-penyebab-banjir-di-sumatera,"
Jumat, 12 Des 2025 13:36 WIB "
Sekolah Rakyat di Padang Siap Fasilitasi Tempat Ujian Siswa Korban Banjir Agam,https://news.detik.com/berita/d-8256237/sekolah-rakyat-di-padang-siap-fasilitasi-tempat-ujian-siswa-korban-banjir-agam,"
Jumat, 12 Des 2025 13:14 WIB "
Disrupsi Alam dan Kebutaan Akademik Kita,https://news.detik.com/kolom/d-8256170/disrupsi-alam-dan-kebutaan-akademik-kita,"
Jumat, 12 Des 2025 12:44 WIB "
Kemenbud Beri Bantuan & Identifikasi Kerusakan Cagar Budaya di Sumbar,https://news.detik.com/berita/d-8255954/kemenbud-beri-bantuan-identifikasi-kerusakan-cagar-budaya-di-sumbar,"
Jumat, 12 Des 2025 10:38 WIB "
25 Tahun Desentralisasi dan Ujian Relevansi,https://news.detik.com/kolom/d-8255939/25-tahun-desentralisasi-dan-ujian-relevansi,"
Jumat, 12 Des 2025 10:34 WIB "
Kesedihan Warga Agam Berpisah dengan Polda Riau: Kampung Kami Terasa Sepi,https://news.detik.com/melindungi-tuah-marwah/d-8255910/kesedihan-warga-agam-berpisah-dengan-polda-riau-kampung-kami-terasa-sepi,"
Jumat, 12 Des 2025 10:20 WIB "
"990 Orang Jadi Korban Tewas Bencana Sumatera, 222 Warga Masih Hilang",https://news.detik.com/berita/d-8255861/990-orang-jadi-korban-tewas-bencana-sumatera-222-warga-masih-hilang,"
Jumat, 12 Des 2025 09:52 WIB "
"Naik Helikopter, Prabowo Berangkat ke Aceh Tamiang Tinjau Posko Pengungsian",https://news.detik.com/berita/d-8255834/naik-helikopter-prabowo-berangkat-ke-aceh-tamiang-tinjau-posko-pengungsian,"
Jumat, 12 Des 2025 09:34 WIB "
Astra Salurkan Bantuan Penanganan Bencana untuk 3 Provinsi di Sumatera,https://news.detik.com/berita/d-8255816/astra-salurkan-bantuan-penanganan-bencana-untuk-3-provinsi-di-sumatera,"
Jumat, 12 Des 2025 09:24 WIB "
"Ketiga Kalinya, Prabowo Tinjau Lokasi Terdampak Banjir di Aceh Hari Ini",https://news.detik.com/berita/d-8255810/ketiga-kalinya-prabowo-tinjau-lokasi-terdampak-banjir-di-aceh-hari-ini,"
Jumat, 12 Des 2025 09:19 WIB "
"Akhiri Misi Kemanusiaan, Polda Riau Gelar Doa Bersama Warga Agam",https://news.detik.com/berita/d-8255796/akhiri-misi-kemanusiaan-polda-riau-gelar-doa-bersama-warga-agam,"
Jumat, 12 Des 2025 09:07 WIB "
Kepala BPJPH Serahkan Bantuan Rp 500 Juta untuk Korban Bencana di Aceh,https://news.detik.com/berita/d-8255706/kepala-bpjph-serahkan-bantuan-rp-500-juta-untuk-korban-bencana-di-aceh,"
Jumat, 12 Des 2025 07:52 WIB "
"Kemensos Sumbang Rp 86,1 M Bantu Korban Bencana Sumatera",https://news.detik.com/berita/d-8255616/kemensos-sumbang-rp-86-1-m-bantu-korban-bencana-sumatera,"
Jumat, 12 Des 2025 02:50 WIB "
Polda Riau 'Wariskan' Pohon di Agam Jelang Berakhirnya Misi Kemanusiaan,https://news.detik.com/melindungi-tuah-marwah/d-8255548/polda-riau-wariskan-pohon-di-agam-jelang-berakhirnya-misi-kemanusiaan,"
Kamis, 11 Des 2025 22:24 WIB "
"Korban Meninggal Bencana di Agam Jadi 192 Orang, 72 Lainnya Hilang",https://news.detik.com/berita/d-8255525/korban-meninggal-bencana-di-agam-jadi-192-orang-72-lainnya-hilang,"
Kamis, 11 Des 2025 21:47 WIB "
Sisa Banjir Aceh Tamiang: Truk Bertumpuk-Rumah Bergeser ke Jalan,https://news.detik.com/berita/d-8255522/sisa-banjir-aceh-tamiang-truk-bertumpuk-rumah-bergeser-ke-jalan,"
Kamis, 11 Des 2025 21:46 WIB "
'Bencana Sosial' di Bumi Bencana,https://news.detik.com/kolom/d-8255490/bencana-sosial-di-bumi-bencana,"
Kamis, 11 Des 2025 21:12 WIB "
"Bertambah, Kemenhut Segel 11 Subjek Hukum Terduga Penyebab Banjir Sumatera",https://news.detik.com/berita/d-8255488/bertambah-kemenhut-segel-11-subjek-hukum-terduga-penyebab-banjir-sumatera,"
Kamis, 11 Des 2025 21:11 WIB "
"Dorong Pemerataan Akses Pendidikan, Polygon Bikes Salurkan Sepeda di NTT",https://news.detik.com/berita/d-8255221/dorong-pemerataan-akses-pendidikan-polygon-bikes-salurkan-sepeda-di-ntt,"
Kamis, 11 Des 2025 18:17 WIB "
Kementerian PU Normalisasi Sungai hingga Perbaiki Jalan Usai Banjir Sumatera,https://news.detik.com/berita/d-8254883/kementerian-pu-normalisasi-sungai-hingga-perbaiki-jalan-usai-banjir-sumatera,"
Kamis, 11 Des 2025 16:19 WIB "
Korban Tewas Bencana Aceh-Sumut-Sumbar Bertambah Jadi 986 Orang,https://news.detik.com/berita/d-8254847/korban-tewas-bencana-aceh-sumut-sumbar-bertambah-jadi-986-orang,"
Kamis, 11 Des 2025 16:07 WIB "
"Mitigasi Dampak Siklon Tropis, Ini hal-hal yang Perlu Dipersiapkan",https://news.detik.com/berita/d-8254726/mitigasi-dampak-siklon-tropis-ini-hal-hal-yang-perlu-dipersiapkan,"
Kamis, 11 Des 2025 15:16 WIB "
"Edukasi Lingkungan Meluas, 979 Sekolah Raih Penghargaan Adiwiyata dari KLH",https://news.detik.com/berita/d-8254699/edukasi-lingkungan-meluas-979-sekolah-raih-penghargaan-adiwiyata-dari-klh,"
Kamis, 11 Des 2025 15:11 WIB "
BAGUNA PDI Perjuangan DKI Jakarta Bangun Dapur Umum di Tapanuli Tengah Sumut,https://news.detik.com/berita/d-8254660/baguna-pdi-perjuangan-dki-jakarta-bangun-dapur-umum-di-tapanuli-tengah-sumut,"
Kamis, 11 Des 2025 14:54 WIB "
Ahli Geologi BRIN Ingatkan Risiko di Lahan Bekas Bencana Utara Sumatera,https://news.detik.com/berita/d-8254476/ahli-geologi-brin-ingatkan-risiko-di-lahan-bekas-bencana-utara-sumatera,"
Kamis, 11 Des 2025 14:39 WIB "
Andra Soni-Dimyati Bakal Serahkan Langsung Bantuan Bencana Sumatera,https://news.detik.com/berita/d-8254096/andra-soni-dimyati-bakal-serahkan-langsung-bantuan-bencana-sumatera,"
Kamis, 11 Des 2025 10:52 WIB "
Anggota DPR Kritik BKSDA Aceh Kerahkan Gajah Singkirkan Kayu Sisa Banjir,https://news.detik.com/berita/d-8253887/anggota-dpr-kritik-bksda-aceh-kerahkan-gajah-singkirkan-kayu-sisa-banjir,"
Kamis, 11 Des 2025 09:02 WIB "
Aksi Polisi di Sumut Beri Servis-Cuci Motor Gratis Bagi Warga Terdampak Bencana,https://news.detik.com/berita/d-8253745/aksi-polisi-di-sumut-beri-servis-cuci-motor-gratis-bagi-warga-terdampak-bencana,"
Kamis, 11 Des 2025 05:16 WIB "
Warga Aceh Keluhkan soal Sanitasi dan Air Bersih Pascabencana,https://news.detik.com/berita/d-8253730/warga-aceh-keluhkan-soal-sanitasi-dan-air-bersih-pascabencana,"
Kamis, 11 Des 2025 02:50 WIB "
Kesaksian Polisi Saat Galodo Menghantam Agam Bak Ombak Lautan,https://news.detik.com/berita/d-8253625/kesaksian-polisi-saat-galodo-menghantam-agam-bak-ombak-lautan,"
Rabu, 10 Des 2025 22:38 WIB "
Waka MPR Dorong Pembangunan Sistem Peringatan Dini Bencana yang Tepat,https://news.detik.com/berita/d-8253500/waka-mpr-dorong-pembangunan-sistem-peringatan-dini-bencana-yang-tepat,"
Rabu, 10 Des 2025 20:53 WIB "
"Kisah Haru Pilot Heli Polri, Tak Ingin Warga Tapteng Kelamaan Tunggu Bantuan",https://news.detik.com/berita/d-8253468/kisah-haru-pilot-heli-polri-tak-ingin-warga-tapteng-kelamaan-tunggu-bantuan,"
Rabu, 10 Des 2025 20:31 WIB "
"Walkot Pekanbaru Temui Wagub Sumbar, Serahkan Bantuan Rp 1,5 Miliar",https://news.detik.com/berita/d-8253308/walkot-pekanbaru-temui-wagub-sumbar-serahkan-bantuan-rp-1-5-miliar,"
Rabu, 10 Des 2025 18:44 WIB "
Masa Tanggap Darurat Bencana di Sumut Diperpanjang hingga 24 Desember,https://news.detik.com/berita/d-8253057/masa-tanggap-darurat-bencana-di-sumut-diperpanjang-hingga-24-desember,"
Rabu, 10 Des 2025 16:57 WIB "
"969 Orang Tewas Akibat Bencana Sumatera, Terbanyak di Kabupaten Agam",https://news.detik.com/berita/d-8253005/969-orang-tewas-akibat-bencana-sumatera-terbanyak-di-kabupaten-agam,"
Rabu, 10 Des 2025 16:39 WIB "
Menyoal Regulasi dan Pengawasan Terhadap Deforestasi Alam di Sumatera,https://news.detik.com/kolom/d-8252324/menyoal-regulasi-dan-pengawasan-terhadap-deforestasi-alam-di-sumatera,"
Rabu, 10 Des 2025 16:30 WIB "
Seorang WN Malaysia Masih Hilang Akibat Bencana di Sumbar,https://news.detik.com/berita/d-8252874/seorang-wn-malaysia-masih-hilang-akibat-bencana-di-sumbar,"
Rabu, 10 Des 2025 15:47 WIB "
Gus Ipul Tegaskan Donasi Publik untuk Bencana Sumatera Tidak Dibatasi,https://news.detik.com/berita/d-8252584/gus-ipul-tegaskan-donasi-publik-untuk-bencana-sumatera-tidak-dibatasi,"
Rabu, 10 Des 2025 13:23 WIB "
Dokter Polda Riau Keliling Beri Layanan Kesehatan Korban Bencana di Agam,https://news.detik.com/melindungi-tuah-marwah/d-8252525/dokter-polda-riau-keliling-beri-layanan-kesehatan-korban-bencana-di-agam,"
Rabu, 10 Des 2025 13:04 WIB "
"Tak Ada DNA Cocok, 17 Korban Banjir Bandang Agam Akan Dimakamkan Massal",https://news.detik.com/berita/d-8252322/tak-ada-dna-cocok-17-korban-banjir-bandang-agam-akan-dimakamkan-massal,"
Rabu, 10 Des 2025 11:15 WIB "
"Kejar Target Perekaman Penduduk, Tito Minta Ditjen Dukcapil Lebih Agresif",https://news.detik.com/berita/d-8252191/kejar-target-perekaman-penduduk-tito-minta-ditjen-dukcapil-lebih-agresif,"
Rabu, 10 Des 2025 10:10 WIB "
"Update Korban Bencana Aceh dan Sumatera: 967 Orang Tewas, 262 Masih Hilang",https://news.detik.com/berita/d-8252062/update-korban-bencana-aceh-dan-sumatera-967-orang-tewas-262-masih-hilang,"
Rabu, 10 Des 2025 08:12 WIB "
Pemkab Padang Pariaman Perpanjang Masa Darurat Bencana hingga 13 Desember,https://news.detik.com/berita/d-8251983/pemkab-padang-pariaman-perpanjang-masa-darurat-bencana-hingga-13-desember,"
Rabu, 10 Des 2025 06:18 WIB "
"PLN Kerja Nonstop 24 Jam, Pulihkan Listrik Sumut Pasca Banjir",https://news.detik.com/berita/d-8250440/pln-kerja-nonstop-24-jam-pulihkan-listrik-sumut-pasca-banjir,"
Selasa, 09 Des 2025 23:15 WIB "
"Kunjungan Kemanusiaan ke Sumut, Walkot Pekanbaru Serahkan Bantuan Rp 1,5 M",https://news.detik.com/berita/d-8251538/kunjungan-kemanusiaan-ke-sumut-walkot-pekanbaru-serahkan-bantuan-rp-1-5-m,"
Selasa, 09 Des 2025 18:48 WIB "
PKS Respons Bahlil soal Dukungan 2029: Tak Elok Bahas Politik Saat Bencana,https://news.detik.com/berita/d-8251431/pks-respons-bahlil-soal-dukungan-2029-tak-elok-bahas-politik-saat-bencana,"
Selasa, 09 Des 2025 17:46 WIB "
"Deforestasi, Banjir Bandang, dan 'Kapal Noah'",https://news.detik.com/kolom/d-8250370/deforestasi-banjir-bandang-dan-kapal-noah,"
Selasa, 09 Des 2025 16:30 WIB "
Komisi V DPR Usul Dana MBG Tak Terserap Dialihkan untuk Bencana Sumatera,https://news.detik.com/berita/d-8251132/komisi-v-dpr-usul-dana-mbg-tak-terserap-dialihkan-untuk-bencana-sumatera,"
Selasa, 09 Des 2025 15:51 WIB "
Menhan Sebut RI Bisa Atasi Bencana Sumatera Sendiri: Beda Saat Hadapi Tsunami Dulu,https://news.detik.com/berita/d-8251096/menhan-sebut-ri-bisa-atasi-bencana-sumatera-sendiri-beda-saat-hadapi-tsunami-dulu,"
Selasa, 09 Des 2025 15:40 WIB "
Ahmad Luthfi Siap Tanggung Biaya Kos Mahasiswa Korban Bencana Sumatera,https://news.detik.com/bangun-indonesia/d-8251037/ahmad-luthfi-siap-tanggung-biaya-kos-mahasiswa-korban-bencana-sumatera,"
Selasa, 09 Des 2025 15:24 WIB "
Jasa Marga Gerak Cepat Salurkan Bantuan untuk Korban Bencana Sumatera,https://news.detik.com/berita/d-8250988/jasa-marga-gerak-cepat-salurkan-bantuan-untuk-korban-bencana-sumatera,"
Selasa, 09 Des 2025 15:04 WIB "
Korban Banjir Sumatera Terima 20 Ton Bantuan yang Disalurkan CT ARSA,https://news.detik.com/berita/d-8250958/korban-banjir-sumatera-terima-20-ton-bantuan-yang-disalurkan-ct-arsa,"
Selasa, 09 Des 2025 14:54 WIB "
Ketua Komisi V DPR Kritik Penetapan Status Bencana di Minggu Pertama Lambat,https://news.detik.com/berita/d-8250950/ketua-komisi-v-dpr-kritik-penetapan-status-bencana-di-minggu-pertama-lambat,"
Selasa, 09 Des 2025 14:50 WIB "
Menhan soal Mualem Libatkan Relawan China Cari Korban Banjir: Itu Personal,https://news.detik.com/berita/d-8250806/menhan-soal-mualem-libatkan-relawan-china-cari-korban-banjir-itu-personal,"
Selasa, 09 Des 2025 13:59 WIB "
Siti Fauziah Serukan Kepedulian pada Korban Bencana Alam,https://news.detik.com/berita/d-8250792/siti-fauziah-serukan-kepedulian-pada-korban-bencana-alam,"
Selasa, 09 Des 2025 13:50 WIB "
Puan Sebut Bantuan Pemerintah Masih Cukup Tangani Bencana di Sumatera,https://news.detik.com/berita/d-8250751/puan-sebut-bantuan-pemerintah-masih-cukup-tangani-bencana-di-sumatera,"
Selasa, 09 Des 2025 13:31 WIB "
"Temui Gubernur Aceh, Walkot Pekanbaru Serahkan Bantuan Kemanusiaan Rp 1,5 M",https://news.detik.com/berita/d-8250534/temui-gubernur-aceh-walkot-pekanbaru-serahkan-bantuan-kemanusiaan-rp-1-5-m,"
Selasa, 09 Des 2025 12:04 WIB "
Andre Rosiade-Menteri PU Percepat Rekonstruksi Malalo-Sumpur Pascabencana,https://news.detik.com/berita/d-8250378/andre-rosiade-menteri-pu-percepat-rekonstruksi-malalo-sumpur-pascabencana,"
Selasa, 09 Des 2025 10:39 WIB "
Ketika Lingkungan Menyelamatkan Ekonomi Kita,https://news.detik.com/kolom/d-8250369/ketika-lingkungan-menyelamatkan-ekonomi-kita,"
Selasa, 09 Des 2025 10:34 WIB "
"Didukung TNI-Polri, PLN Kebut Pemulihan Listrik Pascabencana di Sumut",https://news.detik.com/berita/d-8250341/didukung-tni-polri-pln-kebut-pemulihan-listrik-pascabencana-di-sumut,"
Selasa, 09 Des 2025 10:11 WIB "
"Lapor Presiden, Pertamina Fokus Distribusi BBM dan LPG Terisolir",https://news.detik.com/berita/d-8250328/lapor-presiden-pertamina-fokus-distribusi-bbm-dan-lpg-terisolir,"
Selasa, 09 Des 2025 10:03 WIB "
Bencana Sumatera dan Pentingnya Mengelola DAS Sebagai Rumah Kita Bersama,https://news.detik.com/kolom/d-8250310/bencana-sumatera-dan-pentingnya-mengelola-das-sebagai-rumah-kita-bersama,"
Selasa, 09 Des 2025 09:49 WIB "
Andre Rosiade Dukung Menteri PU Bikin Flyover Lembah Anai Sumbar,https://news.detik.com/berita/d-8250303/andre-rosiade-dukung-menteri-pu-bikin-flyover-lembah-anai-sumbar,"
Selasa, 09 Des 2025 09:46 WIB "
"Mudik Nataru, Komisi V DPR Minta Potensi Cuaca Ekstrem Diwaspadai",https://news.detik.com/berita/d-8250236/mudik-nataru-komisi-v-dpr-minta-potensi-cuaca-ekstrem-diwaspadai,"
Selasa, 09 Des 2025 08:56 WIB "
"Sejumlah Lokasi di Sumut Terisolasi, BNPB Ungkap Kondisi Warga",https://news.detik.com/berita/d-8250096/sejumlah-lokasi-di-sumut-terisolasi-bnpb-ungkap-kondisi-warga,"
Selasa, 09 Des 2025 06:18 WIB "
Bantuan Rp 60 Juta/Rumah Rusak Akibat Bencana Sumatera Disetujui Prabowo,https://news.detik.com/berita/d-8250092/bantuan-rp-60-juta-rumah-rusak-akibat-bencana-sumatera-disetujui-prabowo,"
Selasa, 09 Des 2025 06:04 WIB "
Bareskrim Akan Periksa Perusahaan Buka Lahan di Aliran Sungai Garoga Sumut,https://news.detik.com/berita/d-8249933/bareskrim-akan-periksa-perusahaan-buka-lahan-di-aliran-sungai-garoga-sumut,"
Senin, 08 Des 2025 21:18 WIB "
Akpol Peduli Bencana Kirim Bantuan untuk Korban Banjir di Sumatera,https://news.detik.com/berita/d-8249851/akpol-peduli-bencana-kirim-bantuan-untuk-korban-banjir-di-sumatera,"
Senin, 08 Des 2025 20:32 WIB "
"Komisi I DPR Berduka Banjir Sumatera, Usul Ada Kementerian Khusus Bencana",https://news.detik.com/berita/d-8249797/komisi-i-dpr-berduka-banjir-sumatera-usul-ada-kementerian-khusus-bencana,"
Senin, 08 Des 2025 19:54 WIB "
Wamendagri Ribka Minta Pemda Perkuat Komitmen Pemenuhan Hak Asasi Manusia,https://news.detik.com/berita/d-8249750/wamendagri-ribka-minta-pemda-perkuat-komitmen-pemenuhan-hak-asasi-manusia,"
Senin, 08 Des 2025 19:36 WIB "
"Pengungsi Bencana Sumatera Tembus 1 Juta Jiwa, Distribusi Bantuan Dioptimalkan",https://news.detik.com/berita/d-8249658/pengungsi-bencana-sumatera-tembus-1-juta-jiwa-distribusi-bantuan-dioptimalkan,"
Senin, 08 Des 2025 18:14 WIB "
Menteri PPPA: Kebutuhan Anak-Perempuan Korban Bencana Sumatera Mulai Terpenuhi,https://news.detik.com/berita/d-8249601/menteri-pppa-kebutuhan-anak-perempuan-korban-bencana-sumatera-mulai-terpenuhi,"
Senin, 08 Des 2025 17:59 WIB "
Titiek Minta 12 Perusahaan Diduga Penyebab Banjir Sumatera Diungkap ke Publik,https://news.detik.com/berita/d-8249577/titiek-minta-12-perusahaan-diduga-penyebab-banjir-sumatera-diungkap-ke-publik,"
Senin, 08 Des 2025 17:52 WIB "
BNPB Update Data Korban Bencana Sumatera: 961 Orang Meninggal dan 293 Hilang,https://news.detik.com/berita/d-8249556/bnpb-update-data-korban-bencana-sumatera-961-orang-meninggal-dan-293-hilang,"
Senin, 08 Des 2025 17:42 WIB "
638 Personel Polri-Kendaraan SAR Diberangkatkan Bantu Bencana Sumatera,https://news.detik.com/berita/d-8249541/638-personel-polri-kendaraan-sar-diberangkatkan-bantu-bencana-sumatera,"
Senin, 08 Des 2025 17:36 WIB "
"Buka Jalan hingga Keruk Sungai, Kementerian PU Kebut Penanganan Agam",https://news.detik.com/berita/d-8249451/buka-jalan-hingga-keruk-sungai-kementerian-pu-kebut-penanganan-agam,"
Senin, 08 Des 2025 16:52 WIB "
Pengamat Puji Kakorlantas Luncurkan Layanan Darurat SBST Gratis untuk Korban Bencana,https://news.detik.com/berita/d-8249409/pengamat-puji-kakorlantas-luncurkan-layanan-darurat-sbst-gratis-untuk-korban-bencana,"
Senin, 08 Des 2025 16:39 WIB "
Wamen PU Ungkap 2.058 Km Jalan Nasional Rusak Akibat Bencana Sumatera,https://news.detik.com/berita/d-8249228/wamen-pu-ungkap-2-058-km-jalan-nasional-rusak-akibat-bencana-sumatera,"
Senin, 08 Des 2025 15:47 WIB "
Polresta Bogor Galang Donasi Bantu Korban Bencana di Aceh-Sumut-Sumbar,https://news.detik.com/berita/d-8249226/polresta-bogor-galang-donasi-bantu-korban-bencana-di-aceh-sumut-sumbar,"
Senin, 08 Des 2025 15:46 WIB "
1 Ruas Jalan Tol Tebing Tinggi-Medan Masih Rusak Usai Diterjang Banjir,https://news.detik.com/berita/d-8249178/1-ruas-jalan-tol-tebing-tinggi-medan-masih-rusak-usai-diterjang-banjir,"
Senin, 08 Des 2025 15:23 WIB "
Menilai Hadirnya Negara di Bencana Sumatera,https://news.detik.com/berita/d-8249025/menilai-hadirnya-negara-di-bencana-sumatera,"
Senin, 08 Des 2025 14:40 WIB "
Tim SAR Setop Pencarian Korban Banjir-Longsor di Taput dan Humbahas,https://news.detik.com/berita/d-8248861/tim-sar-setop-pencarian-korban-banjir-longsor-di-taput-dan-humbahas,"
Senin, 08 Des 2025 13:13 WIB "
BNPB Lapor Prabowo Beberapa Kecamatan di Sumbar Masih Terisolasi,https://news.detik.com/berita/d-8248826/bnpb-lapor-prabowo-beberapa-kecamatan-di-sumbar-masih-terisolasi,"
Senin, 08 Des 2025 12:53 WIB "
"BNPB: 8 Kecamatan di Sumut Masih Terisolasi, Jalan Belum Tembus ke Taput",https://news.detik.com/berita/d-8248815/bnpb-8-kecamatan-di-sumut-masih-terisolasi-jalan-belum-tembus-ke-taput,"
Senin, 08 Des 2025 12:50 WIB "
"Jalur Tarutung-Sibolga Terbuka 42 Km tapi Belum Bisa Dilalui, Ini Sebabnya",https://news.detik.com/berita/d-8248747/jalur-tarutung-sibolga-terbuka-42-km-tapi-belum-bisa-dilalui-ini-sebabnya,"
Senin, 08 Des 2025 12:16 WIB "
KemenPU Kebut Pemulihan Konektivitas Jalan & Jembatan Pascabencana Aceh,https://news.detik.com/berita/d-8248737/kemenpu-kebut-pemulihan-konektivitas-jalan-jembatan-pascabencana-aceh,"
Senin, 08 Des 2025 12:11 WIB "
PELNI Salurkan Bantuan Kemanusiaan bagi Warga Terdampak Banjir di Padang,https://news.detik.com/berita/d-8248725/pelni-salurkan-bantuan-kemanusiaan-bagi-warga-terdampak-banjir-di-padang,"
Senin, 08 Des 2025 12:02 WIB "
Bamsoet Dukung Prabowo Hapus Utang KUR Petani Terdampak Bencana Sumatera,https://news.detik.com/berita/d-8248698/bamsoet-dukung-prabowo-hapus-utang-kur-petani-terdampak-bencana-sumatera,"
Senin, 08 Des 2025 11:50 WIB "
Menhut Segel Lagi 3 Subjek Hukum Diduga Pemicu Banjir-Longsor di Sumatera,https://news.detik.com/berita/d-8248634/menhut-segel-lagi-3-subjek-hukum-diduga-pemicu-banjir-longsor-di-sumatera,"
Senin, 08 Des 2025 11:20 WIB "
"Bantu Korban Bencana, Kemenbud Dukung Konser Amal 100 Musisi Heal Sumatera",https://news.detik.com/berita/d-8248629/bantu-korban-bencana-kemenbud-dukung-konser-amal-100-musisi-heal-sumatera,"
Senin, 08 Des 2025 11:18 WIB "
Bobby Duga Videonya Beri Bantuan dari Atas Heli Diedit: Drop Mi Keluar Beras,https://news.detik.com/berita/d-8248612/bobby-duga-videonya-beri-bantuan-dari-atas-heli-diedit-drop-mi-keluar-beras,"
Senin, 08 Des 2025 11:10 WIB "
"950 Orang Tewas Akibat Bencana Sumatera, Terbanyak di Aceh",https://news.detik.com/berita/d-8248598/950-orang-tewas-akibat-bencana-sumatera-terbanyak-di-aceh,"
Senin, 08 Des 2025 11:00 WIB "
Metabolic Rift dan Bencana di Sumatera,https://news.detik.com/kolom/d-8248162/metabolic-rift-dan-bencana-di-sumatera,"
Senin, 08 Des 2025 09:45 WIB "
Prabowo Setuju Bantuan Rp 60 Juta Per Rumah Rusak Akibat Bencana Sumatera,https://news.detik.com/berita/d-8248468/prabowo-setuju-bantuan-rp-60-juta-per-rumah-rusak-akibat-bencana-sumatera,"
Senin, 08 Des 2025 09:42 WIB "
PKS Usul Prabowo Berkantor Sementara di Wilayah Terdampak Bencana Sumatera,https://news.detik.com/berita/d-8248414/pks-usul-prabowo-berkantor-sementara-di-wilayah-terdampak-bencana-sumatera,"
Senin, 08 Des 2025 08:45 WIB "
"BNPB Ungkap Estimasi Biaya Pemulihan Bencana Sumatera Tembus Rp 51,8 T",https://news.detik.com/berita/d-8248411/bnpb-ungkap-estimasi-biaya-pemulihan-bencana-sumatera-tembus-rp-51-8-t,"
Senin, 08 Des 2025 08:43 WIB "
"Bantuan Asing Belum Masuk Sumatera, PDIP Bicara Momentum Persatuan Nasional",https://news.detik.com/berita/d-8248395/bantuan-asing-belum-masuk-sumatera-pdip-bicara-momentum-persatuan-nasional,"
Senin, 08 Des 2025 08:34 WIB "
"Dampak Bencana Sumatera: Desa Nyaris Lenyap, Sungai Bak Daratan",https://news.detik.com/berita/d-8248371/dampak-bencana-sumatera-desa-nyaris-lenyap-sungai-bak-daratan,"
Senin, 08 Des 2025 08:08 WIB "
"PD: Bantuan ke Sumatera Sebaiknya Dibuka dari Mana Pun, Termasuk Negara Lain",https://news.detik.com/berita/d-8248345/pd-bantuan-ke-sumatera-sebaiknya-dibuka-dari-mana-pun-termasuk-negara-lain,"
Senin, 08 Des 2025 07:50 WIB "
Sejumlah Wilayah di Sibolga Sumut Terendam Banjir Usai Sungai Aek Doras Meluap,https://news.detik.com/berita/d-8248338/sejumlah-wilayah-di-sibolga-sumut-terendam-banjir-usai-sungai-aek-doras-meluap,"
Senin, 08 Des 2025 07:36 WIB "
"Bantuan Internasional untuk Sumatera Belum Dibuka, Komisi I DPR Ingatkan Ini",https://news.detik.com/berita/d-8248329/bantuan-internasional-untuk-sumatera-belum-dibuka-komisi-i-dpr-ingatkan-ini,"
Senin, 08 Des 2025 07:21 WIB "
"Percepat Pemulihan Akses di Sumatera, KSAD Akan Bangun Jembatan Aramco",https://news.detik.com/berita/d-8248298/percepat-pemulihan-akses-di-sumatera-ksad-akan-bangun-jembatan-aramco,"
Senin, 08 Des 2025 05:13 WIB "
Baintelkam Polri Kirim Bantuan untuk Percepat Pemulihan Bencana di Sumbar,https://news.detik.com/berita/d-8248183/baintelkam-polri-kirim-bantuan-untuk-percepat-pemulihan-bencana-di-sumbar,"
Minggu, 07 Des 2025 22:28 WIB "
Kisah Perjuangan Korban Banjir-Longsor Sumatera Bertahan Hidup,https://news.detik.com/berita/d-8248149/kisah-perjuangan-korban-banjir-longsor-sumatera-bertahan-hidup,"
Minggu, 07 Des 2025 21:19 WIB "
"BNPB Koreksi Data Korban Bencana Sumatera: Meninggal 921 Orang, 392 Hilang",https://news.detik.com/berita/d-8248080/bnpb-koreksi-data-korban-bencana-sumatera-meninggal-921-orang-392-hilang,"
Minggu, 07 Des 2025 20:07 WIB "
Polda Riau Serahkan 1.817 Cangkul-Sekop ke 4 Desa Terdampak Galodo Agam,https://news.detik.com/berita/d-8248060/polda-riau-serahkan-1-817-cangkul-sekop-ke-4-desa-terdampak-galodo-agam,"
Minggu, 07 Des 2025 19:37 WIB "
Walkot Pekanbaru Serahkan Bantuan Rp 3 M untuk Korban Bencana Sumatera,https://news.detik.com/berita/d-8248021/walkot-pekanbaru-serahkan-bantuan-rp-3-m-untuk-korban-bencana-sumatera,"
Minggu, 07 Des 2025 19:30 WIB "
Gerindra: Bupati Aceh Selatan Umrah Saat Bencana Bentuk Kepemimpinan Buruk,https://news.detik.com/berita/d-8248011/gerindra-bupati-aceh-selatan-umrah-saat-bencana-bentuk-kepemimpinan-buruk,"
Minggu, 07 Des 2025 18:52 WIB "
"Ada Daerah Belum Pulih, Status Darurat Bencana Sumbar Akan Diperpanjang",https://news.detik.com/berita/d-8247955/ada-daerah-belum-pulih-status-darurat-bencana-sumbar-akan-diperpanjang,"
Minggu, 07 Des 2025 18:11 WIB "
"Korban Meninggal Bencana Sumatera Tambah Jadi 940 Orang, 276 Hilang",https://news.detik.com/berita/d-8247891/korban-meninggal-bencana-sumatera-tambah-jadi-940-orang-276-hilang,"
Minggu, 07 Des 2025 17:09 WIB "
Kisah Warga Penyelamat Kucing di Tengah Banjir Bandang Sumbar,https://news.detik.com/berita/d-8247878/kisah-warga-penyelamat-kucing-di-tengah-banjir-bandang-sumbar,"
Minggu, 07 Des 2025 17:03 WIB "
"Andre Rosiade Cek Jembatan Putus di Agam Sumbar, Dorong Perbaikan Dikebut",https://news.detik.com/berita/d-8247861/andre-rosiade-cek-jembatan-putus-di-agam-sumbar-dorong-perbaikan-dikebut,"
Minggu, 07 Des 2025 16:57 WIB "
"Kemensos Salurkan Bantuan Rp 66,7 M untuk Penanganan Bencana Sumatera",https://news.detik.com/berita/d-8247821/kemensos-salurkan-bantuan-rp-66-7-m-untuk-penanganan-bencana-sumatera,"
Minggu, 07 Des 2025 16:31 WIB "
"15 Truk Dikerahkan, Personel Polri Bersihkan Puing-Lumpur Sisa Bencana di Agam",https://news.detik.com/berita/d-8247658/15-truk-dikerahkan-personel-polri-bersihkan-puing-lumpur-sisa-bencana-di-agam,"
Minggu, 07 Des 2025 14:32 WIB "
"Sungai di Sibolga Alami Pendangkalan Usai Longsor, Berubah Jadi Bak Daratan",https://news.detik.com/berita/d-8247595/sungai-di-sibolga-alami-pendangkalan-usai-longsor-berubah-jadi-bak-daratan,"
Minggu, 07 Des 2025 13:34 WIB "
Korban Bencana Aceh Nangis di Depan Prabowo: Rumah Saya Diambil Sungai Pak,https://news.detik.com/berita/d-8247570/korban-bencana-aceh-nangis-di-depan-prabowo-rumah-saya-diambil-sungai-pak,"
Minggu, 07 Des 2025 13:16 WIB "
Momen Prabowo Cek Pengungsian Bencana di Bireuen-Makan Bareng Pengungsi,https://news.detik.com/berita/d-8247552/momen-prabowo-cek-pengungsian-bencana-di-bireuen-makan-bareng-pengungsi,"
Minggu, 07 Des 2025 13:06 WIB "
CT ARSA dan AirNav Gelar Runway Run 2025 untuk Peduli Banjir Sumatera,https://news.detik.com/berita/d-8247542/ct-arsa-dan-airnav-gelar-runway-run-2025-untuk-peduli-banjir-sumatera,"
Minggu, 07 Des 2025 12:48 WIB "
"Kemensos Gelar Fun Walk HDI 2025, 5.000 Disabilitas Penuhi Bundaran HI",https://news.detik.com/berita/d-8247541/kemensos-gelar-fun-walk-hdi-2025-5-000-disabilitas-penuhi-bundaran-hi,"
Minggu, 07 Des 2025 12:47 WIB "
"Gerindra Tapsel Bantu Bersihkan SD yang Tertimbun, Siapkan Hunian Sementara",https://news.detik.com/berita/d-8247532/gerindra-tapsel-bantu-bersihkan-sd-yang-tertimbun-siapkan-hunian-sementara,"
Minggu, 07 Des 2025 12:37 WIB "
Sebatang Kayu Selamatkan Keluarga di Talamau Sumbar dari Longsor,https://news.detik.com/berita/d-8247487/sebatang-kayu-selamatkan-keluarga-di-talamau-sumbar-dari-longsor,"
Minggu, 07 Des 2025 11:56 WIB "
"1.700 Orang Tewas Akibat Banjir Parah di Asia Tenggara, Termasuk Indonesia",https://news.detik.com/internasional/d-8247446/1-700-orang-tewas-akibat-banjir-parah-di-asia-tenggara-termasuk-indonesia,"
Minggu, 07 Des 2025 11:20 WIB "
Wamensos: Bantuan Senilai Rp 66 M Sudah Disalurkan untuk Korban Bencana Sumatera,https://news.detik.com/berita/d-8247393/wamensos-bantuan-senilai-rp-66-m-sudah-disalurkan-untuk-korban-bencana-sumatera,"
Minggu, 07 Des 2025 10:42 WIB "
Kemenbud Salurkan Bantuan Logistik untuk Korban Bencana Tapanuli Utara,https://news.detik.com/berita/d-8247378/kemenbud-salurkan-bantuan-logistik-untuk-korban-bencana-tapanuli-utara,"
Minggu, 07 Des 2025 10:32 WIB "
3 Perusahaan Tambang di Tapsel Ditutup Sementara Imbas Bencana Melanda,https://news.detik.com/berita/d-8247168/3-perusahaan-tambang-di-tapsel-ditutup-sementara-imbas-bencana-melanda,"
Minggu, 07 Des 2025 06:33 WIB "
Prabowo Perintahkan Listrik Menyala di Aceh-Sumbar Paling Lambat Minggu Malam,https://news.detik.com/berita/d-8247124/prabowo-perintahkan-listrik-menyala-di-aceh-sumbar-paling-lambat-minggu-malam,"
Minggu, 07 Des 2025 02:46 WIB "
"Desa Garoga Tapsel Termasuk Terparah Terdampak Banjir, Akses Jalan Terputus",https://news.detik.com/berita/d-8247119/desa-garoga-tapsel-termasuk-terparah-terdampak-banjir-akses-jalan-terputus,"
Minggu, 07 Des 2025 01:23 WIB "
Kemenhut Segel 4 Subjek Hukum Terduga Penyebab Bencana Sumatera,https://news.detik.com/berita/d-8247095/kemenhut-segel-4-subjek-hukum-terduga-penyebab-bencana-sumatera,"
Sabtu, 06 Des 2025 23:48 WIB "
BPJPH dan Alfamart Lepas 10 Truk Bantuan Kemanusiaan untuk Sumatera,https://news.detik.com/berita/d-8247078/bpjph-dan-alfamart-lepas-10-truk-bantuan-kemanusiaan-untuk-sumatera,"
Sabtu, 06 Des 2025 23:05 WIB "
Waketum Golkar Minta Pemerintah Tetapkan Status Bencana Nasional di Sumatera,https://news.detik.com/berita/d-8247063/waketum-golkar-minta-pemerintah-tetapkan-status-bencana-nasional-di-sumatera,"
Sabtu, 06 Des 2025 22:45 WIB "
"UEA Siap Jadi yang Pertama Kirim Bantuan ke Sumatera, Tunggu RI Terbuka",https://news.detik.com/berita/d-8247007/uea-siap-jadi-yang-pertama-kirim-bantuan-ke-sumatera-tunggu-ri-terbuka,"
Sabtu, 06 Des 2025 21:55 WIB "
Akpol 1990 Kirim Tambahan Bantuan 10 Ton Beras-9.600 Kaleng SKM ke Sumatera,https://news.detik.com/berita/d-8246911/akpol-1990-kirim-tambahan-bantuan-10-ton-beras-9-600-kaleng-skm-ke-sumatera,"
Sabtu, 06 Des 2025 20:30 WIB "
Bos PPI Nilai Usulan Koalisi Permanen Serangan Balik Bahlil ke Cak Imin,https://news.detik.com/berita/d-8246889/bos-ppi-nilai-usulan-koalisi-permanen-serangan-balik-bahlil-ke-cak-imin,"
Sabtu, 06 Des 2025 20:08 WIB "
Aksi Ibu Bhayangkari Pandu Heli Bantuan ke Desa Terisolir di Tapteng,https://news.detik.com/berita/d-8246864/aksi-ibu-bhayangkari-pandu-heli-bantuan-ke-desa-terisolir-di-tapteng,"
Sabtu, 06 Des 2025 19:53 WIB "
Sri Lanka Umumkan Bantuan Rp 541 Juta untuk Korban Banjir-Longsor,https://news.detik.com/internasional/d-8246734/sri-lanka-umumkan-bantuan-rp-541-juta-untuk-korban-banjir-longsor,"
Sabtu, 06 Des 2025 18:01 WIB "
Sultan Terbantu Warung Makan Gratis Keluarga Korban Bencana Sumatera di Bogor,https://news.detik.com/berita/d-8246685/sultan-terbantu-warung-makan-gratis-keluarga-korban-bencana-sumatera-di-bogor,"
Sabtu, 06 Des 2025 17:22 WIB "
"Bantu Korban Bencana, Kedai di Bogor Beri Makan Gratis Mahasiswa Sumatera",https://news.detik.com/berita/d-8246657/bantu-korban-bencana-kedai-di-bogor-beri-makan-gratis-mahasiswa-sumatera,"
Sabtu, 06 Des 2025 16:59 WIB "
Habiburokhman soal Bencana Sumatera Dikaitkan dengan Zulhas: Agak Lucu,https://news.detik.com/berita/d-8246621/habiburokhman-soal-bencana-sumatera-dikaitkan-dengan-zulhas-agak-lucu,"
Sabtu, 06 Des 2025 16:46 WIB "
"Polantas di Aceh Gelar Bakti Sosial Peduli Bencana, Bagikan Makan-Kebutuhan Korban",https://news.detik.com/berita/d-8246607/polantas-di-aceh-gelar-bakti-sosial-peduli-bencana-bagikan-makan-kebutuhan-korban,"
Sabtu, 06 Des 2025 16:40 WIB "
Kementerian PU Percepat Pemulihan Akses dan Air Bersih di Aceh Tamiang,https://news.detik.com/berita/d-8246549/kementerian-pu-percepat-pemulihan-akses-dan-air-bersih-di-aceh-tamiang,"
Sabtu, 06 Des 2025 16:01 WIB "
Kisah Heroik Fendi Gendong dan Selamatkan Warga dari Terjangan Galodo Agam,https://news.detik.com/berita/d-8246467/kisah-heroik-fendi-gendong-dan-selamatkan-warga-dari-terjangan-galodo-agam,"
Sabtu, 06 Des 2025 14:50 WIB "
Update Korban Bencana Sumatera: 883 Orang Tewas-520 Hilang,https://news.detik.com/berita/d-8246443/update-korban-bencana-sumatera-883-orang-tewas-520-hilang,"
Sabtu, 06 Des 2025 14:19 WIB "
PMI Kirim 1.500 Kantong Darah-Ribuan Logistik untuk Korban Banjir Sumatera,https://news.detik.com/berita/d-8246413/pmi-kirim-1-500-kantong-darah-ribuan-logistik-untuk-korban-banjir-sumatera,"
Sabtu, 06 Des 2025 14:01 WIB "
Menteri LH Hentikan Sementara Operasional 3 Perusahaan Tambang di Tapsel,https://news.detik.com/berita/d-8246097/menteri-lh-hentikan-sementara-operasional-3-perusahaan-tambang-di-tapsel,"
Sabtu, 06 Des 2025 09:23 WIB "
"Warga di Agam Terisolasi Pascabencana, Jembatan Darurat Jadi Akses Satu-satunya",https://news.detik.com/berita/d-8246074/warga-di-agam-terisolasi-pascabencana-jembatan-darurat-jadi-akses-satu-satunya,"
Sabtu, 06 Des 2025 08:56 WIB "
Komisi V DPR Minta Maskapai Berlakukan Tiket Normal ke Lokasi Bencana Sumatera,https://news.detik.com/berita/d-8246029/komisi-v-dpr-minta-maskapai-berlakukan-tiket-normal-ke-lokasi-bencana-sumatera,"
Sabtu, 06 Des 2025 07:47 WIB "
Prabowo: Harus Saya Akui Bahlil Orangnya Sangat Cerdas,https://news.detik.com/berita/d-8245845/prabowo-harus-saya-akui-bahlil-orangnya-sangat-cerdas,"
Jumat, 05 Des 2025 21:50 WIB "
"Alfamidi Kirim Bantuan Logistik bagi Korban Bencana Aceh, Sumut & Sumbar",https://news.detik.com/berita/d-8245688/alfamidi-kirim-bantuan-logistik-bagi-korban-bencana-aceh-sumut-sumbar,"
Jumat, 05 Des 2025 19:43 WIB "
Khofifah & Warga Jatim Gelar Salat Ghaib untuk Korban Bencana Sumatera,https://news.detik.com/berita/d-8245632/khofifah-warga-jatim-gelar-salat-ghaib-untuk-korban-bencana-sumatera,"
Jumat, 05 Des 2025 19:15 WIB "
Saat Korban Bencana Agam Berterima Kasih Dibantu Polri dengan Sekarung Durian,https://news.detik.com/melindungi-tuah-marwah/d-8245599/saat-korban-bencana-agam-berterima-kasih-dibantu-polri-dengan-sekarung-durian,"
Jumat, 05 Des 2025 19:07 WIB "
KMP Jatra II Angkut 50 Ton Bahan Pokok dan 7 Excavator Menuju Sibolga,https://news.detik.com/bangun-indonesia/d-8245554/kmp-jatra-ii-angkut-50-ton-bahan-pokok-dan-7-excavator-menuju-sibolga,"
Jumat, 05 Des 2025 18:37 WIB "
Polda Riau Kirim Ribuan Cangkul-Sekop untuk Pemulihan Pascabencana Sumatera,https://news.detik.com/melindungi-tuah-marwah/d-8245528/polda-riau-kirim-ribuan-cangkul-sekop-untuk-pemulihan-pascabencana-sumatera,"
Jumat, 05 Des 2025 18:13 WIB "
Wabup Tapanuli Utara Puji PLN Pulihkan Listrik-Beri Bantuan Pascabencana,https://news.detik.com/berita/d-8245489/wabup-tapanuli-utara-puji-pln-pulihkan-listrik-beri-bantuan-pascabencana,"
Jumat, 05 Des 2025 17:54 WIB "
Bantuan Logistik Kemensos bagi Korban Banjir Tersalurkan ke 6 Daerah Sumut,https://news.detik.com/berita/d-8245453/bantuan-logistik-kemensos-bagi-korban-banjir-tersalurkan-ke-6-daerah-sumut,"
Jumat, 05 Des 2025 17:34 WIB "
KemenPU Pastikan Jalur Langkat-Aceh Tamiang Bisa Jadi Akses Distribusi,https://news.detik.com/berita/d-8245434/kemenpu-pastikan-jalur-langkat-aceh-tamiang-bisa-jadi-akses-distribusi,"
Jumat, 05 Des 2025 17:25 WIB "
Puan Sebut Revisi UU Kehutanan Akan Dibahas Usai Bencana Sumatera Ditangani,https://news.detik.com/berita/d-8245418/puan-sebut-revisi-uu-kehutanan-akan-dibahas-usai-bencana-sumatera-ditangani,"
Jumat, 05 Des 2025 17:18 WIB "
"Update Bencana Sumatera: 867 Orang Tewas, Pengungsi Capai 835 Ribu Warga",https://news.detik.com/berita/d-8245414/update-bencana-sumatera-867-orang-tewas-pengungsi-capai-835-ribu-warga,"
Jumat, 05 Des 2025 17:15 WIB "
"Satgas PKH Terjun ke Sumatera, Usut Dugaan Pembalakan Liar Penyebab Banjir",https://news.detik.com/berita/d-8245330/satgas-pkh-terjun-ke-sumatera-usut-dugaan-pembalakan-liar-penyebab-banjir,"
Jumat, 05 Des 2025 16:37 WIB "
Erick Thohir Jelaskan soal Viral Kirim Bantuan Alat Olahraga ke Sumatera,https://news.detik.com/berita/d-8245305/erick-thohir-jelaskan-soal-viral-kirim-bantuan-alat-olahraga-ke-sumatera,"
Jumat, 05 Des 2025 16:32 WIB "
Merawat Ingatan Kolektif Kita atas Bencana,https://news.detik.com/kolom/d-8243618/merawat-ingatan-kolektif-kita-atas-bencana,"
Jumat, 05 Des 2025 16:30 WIB "
30 Ton Bantuan Korban Bencana Sumatera dari KemenImipas Dikirim Via Kapal TNI AL,https://news.detik.com/berita/d-8245300/30-ton-bantuan-korban-bencana-sumatera-dari-kemenimipas-dikirim-via-kapal-tni-al,"
Jumat, 05 Des 2025 16:30 WIB "
Pemerintah Digugat Tetapkan Status Bencana Nasional Terkait Banjir Sumatera,https://news.detik.com/berita/d-8245239/pemerintah-digugat-tetapkan-status-bencana-nasional-terkait-banjir-sumatera,"
Jumat, 05 Des 2025 16:13 WIB "
Cerita Relawan soal Gelondongan Kayu Bernomor di Lokasi Banjir Aceh,https://news.detik.com/berita/d-8245180/cerita-relawan-soal-gelondongan-kayu-bernomor-di-lokasi-banjir-aceh,"
Jumat, 05 Des 2025 15:47 WIB "
Menengarai Sumber Bencana Sumatera Hingga Dorongan Mundur Bagi Raja Juli,https://news.detik.com/berita/d-8244989/menengarai-sumber-bencana-sumatera-hingga-dorongan-mundur-bagi-raja-juli,"
Jumat, 05 Des 2025 14:41 WIB "
"Korban Tewas Bencana di Sumatera Bertambah Jadi 846 Orang, 547 Masih Hilang",https://news.detik.com/berita/d-8244986/korban-tewas-bencana-di-sumatera-bertambah-jadi-846-orang-547-masih-hilang,"
Jumat, 05 Des 2025 14:39 WIB "
PSI Santai soal Raja Juli Diminta Mundur: Harus Berkepala Dingin,https://news.detik.com/berita/d-8244903/psi-santai-soal-raja-juli-diminta-mundur-harus-berkepala-dingin,"
Jumat, 05 Des 2025 14:04 WIB "
Komisi V DPR Desak Pemerintah Perbaiki Infrastruktur Pascabanjir Sumatera,https://news.detik.com/berita/d-8244687/komisi-v-dpr-desak-pemerintah-perbaiki-infrastruktur-pascabanjir-sumatera,"
Jumat, 05 Des 2025 12:11 WIB "
"Bamsoet Serukan Elite Politik Tak Adu Opini, Fokus Salurkan Bantuan",https://news.detik.com/berita/d-8244593/bamsoet-serukan-elite-politik-tak-adu-opini-fokus-salurkan-bantuan,"
Jumat, 05 Des 2025 11:28 WIB "
Layar Monitor yang Membawa Kebahagiaan Warga Terisolir Bencana Agam,https://news.detik.com/berita/d-8244568/layar-monitor-yang-membawa-kebahagiaan-warga-terisolir-bencana-agam,"
Jumat, 05 Des 2025 11:18 WIB "
Siklon Senyar dan Ritual 'Kaget' yang (Selalu) Kita Ulangi,https://news.detik.com/kolom/d-8243611/siklon-senyar-dan-ritual-kaget-yang-selalu-kita-ulangi,"
Jumat, 05 Des 2025 10:34 WIB "
Update Korban Banjir di Sumut: 312 Tewas dan 163 Hilang,https://news.detik.com/berita/d-8244436/update-korban-banjir-di-sumut-312-tewas-dan-163-hilang,"
Jumat, 05 Des 2025 10:13 WIB "
Gubernur Aceh Mualem: Banjir dan Longsor Ini Tsunami Kedua,https://news.detik.com/berita/d-8244309/gubernur-aceh-mualem-banjir-dan-longsor-ini-tsunami-kedua,"
Jumat, 05 Des 2025 08:46 WIB "
"Dapur Lapangan Brimob Tembus Aceh Tamiang, Layani Makan 100 Pengungsi",https://news.detik.com/berita/d-8244273/dapur-lapangan-brimob-tembus-aceh-tamiang-layani-makan-100-pengungsi,"
Jumat, 05 Des 2025 08:25 WIB "
"Kemenbud Galang Rp 1,5 M untuk Bantu Pemulihan Cagar Budaya di Sumatera",https://news.detik.com/berita/d-8244269/kemenbud-galang-rp-1-5-m-untuk-bantu-pemulihan-cagar-budaya-di-sumatera,"
Jumat, 05 Des 2025 08:19 WIB "
Asal-usul Gelondongan Kayu di Banjir Sumatera Mulai Diusut,https://news.detik.com/berita/d-8244016/asal-usul-gelondongan-kayu-di-banjir-sumatera-mulai-diusut,"
Jumat, 05 Des 2025 07:58 WIB "
Anggota DPR Soal Kerusakan Hutan: Menhut Raja Juli Kebagian Cuci Piring,https://news.detik.com/berita/d-8244234/anggota-dpr-soal-kerusakan-hutan-menhut-raja-juli-kebagian-cuci-piring,"
Jumat, 05 Des 2025 07:28 WIB "
Bhara Daksa Akpol 91 Kirim Bantuan ke Korban Bencana Sumatera,https://news.detik.com/berita/d-8244228/bhara-daksa-akpol-91-kirim-bantuan-ke-korban-bencana-sumatera,"
Jumat, 05 Des 2025 07:11 WIB "
Anggota DPR Minta Raja Juli Mundur: Pak Menteri Nggak Paham Kehutanan,https://news.detik.com/berita/d-8244169/anggota-dpr-minta-raja-juli-mundur-pak-menteri-nggak-paham-kehutanan,"
Jumat, 05 Des 2025 01:58 WIB "
Mualem Usai Tinjau Daerah Banjir di Aceh: Kita Masih Kewalahan Air Bersih-LPG,https://news.detik.com/berita/d-8244153/mualem-usai-tinjau-daerah-banjir-di-aceh-kita-masih-kewalahan-air-bersih-lpg,"
Jumat, 05 Des 2025 00:14 WIB "
Menteri Agus Kirim Bantuan Kafan untuk Korban Banjir-Tanah Longsor Sumut,https://news.detik.com/berita/d-8244139/menteri-agus-kirim-bantuan-kafan-untuk-korban-banjir-tanah-longsor-sumut,"
Kamis, 04 Des 2025 23:42 WIB "
"Update Korban Bencana di Sumut: 309 Orang Tewas, 165 Masih Hilang",https://news.detik.com/berita/d-8244132/update-korban-bencana-di-sumut-309-orang-tewas-165-masih-hilang,"
Kamis, 04 Des 2025 23:16 WIB "
Dialog MPR-Liga Muslim Dunia Tegaskan Pancasila untuk Harmoni Global,https://news.detik.com/berita/d-8244108/dialog-mpr-liga-muslim-dunia-tegaskan-pancasila-untuk-harmoni-global,"
Kamis, 04 Des 2025 22:24 WIB "
Wakapolri Beri Opsi Percepat Identifikasi Korban Bencana Sumatera,https://news.detik.com/berita/d-8244028/wakapolri-beri-opsi-percepat-identifikasi-korban-bencana-sumatera,"
Kamis, 04 Des 2025 21:21 WIB "
PELNI Buka Layanan Pengiriman Bantuan Gratis untuk Korban Banjir di Sumut,https://news.detik.com/berita/d-8244012/pelni-buka-layanan-pengiriman-bantuan-gratis-untuk-korban-banjir-di-sumut,"
Kamis, 04 Des 2025 21:00 WIB "
Titiek Soeharto Minta Pengusaha Setop Tebang Pohon: Cari Makan Tempat Lain!,https://news.detik.com/berita/d-8243960/titiek-soeharto-minta-pengusaha-setop-tebang-pohon-cari-makan-tempat-lain,"
Kamis, 04 Des 2025 20:37 WIB "
Komisi IV DPR Bentuk Panja Alih Fungsi Lahan Buntut Bencana di Sumatera,https://news.detik.com/berita/d-8243893/komisi-iv-dpr-bentuk-panja-alih-fungsi-lahan-buntut-bencana-di-sumatera,"
Kamis, 04 Des 2025 19:47 WIB "
"Wakapolri Temui Keluarga Korban Tewas Banjir Sumbar, Sampaikan Duka Cita",https://news.detik.com/berita/d-8243832/wakapolri-temui-keluarga-korban-tewas-banjir-sumbar-sampaikan-duka-cita,"
Kamis, 04 Des 2025 19:14 WIB "
"Bahlil: Yang Bisa Perintah Saya Pak Prabowo, Cak Imin Tobat Nasuha Lah",https://news.detik.com/berita/d-8243744/bahlil-yang-bisa-perintah-saya-pak-prabowo-cak-imin-tobat-nasuha-lah,"
Kamis, 04 Des 2025 18:14 WIB "
Gerindra Usul Bentuk Badan Rehabilitasi-Rekonstruksi Bencana Sumatera,https://news.detik.com/berita/d-8243740/gerindra-usul-bentuk-badan-rehabilitasi-rekonstruksi-bencana-sumatera,"
Kamis, 04 Des 2025 18:13 WIB "
"Korban Meninggal Bencana Sumatera Bertambah Jadi 836 Orang, 518 Hilang",https://news.detik.com/berita/d-8243664/korban-meninggal-bencana-sumatera-bertambah-jadi-836-orang-518-hilang,"
Kamis, 04 Des 2025 17:41 WIB "
Bobby Ungkap Kondisi Terkini Sibolga-Tapteng Usai Banjir,https://news.detik.com/berita/d-8243617/bobby-ungkap-kondisi-terkini-sibolga-tapteng-usai-banjir,"
Kamis, 04 Des 2025 17:27 WIB "
Mendes Ungkap Sejumlah Desa Hilang Disapu Banjir Bandang di Sumatera,https://news.detik.com/berita/d-8243606/mendes-ungkap-sejumlah-desa-hilang-disapu-banjir-bandang-di-sumatera,"
Kamis, 04 Des 2025 17:24 WIB "
2025 Jadi Momentum DPR RI Percepat Transformasi Merespons Kritik Publik,https://news.detik.com/berita/d-8243543/2025-jadi-momentum-dpr-ri-percepat-transformasi-merespons-kritik-publik,"
Kamis, 04 Des 2025 16:56 WIB "
"Tinjau Dapur Umum, Gus Ipul Puji Gotong Royong Warga Hadapi Banjir Aceh",https://news.detik.com/berita/d-8243495/tinjau-dapur-umum-gus-ipul-puji-gotong-royong-warga-hadapi-banjir-aceh,"
Kamis, 04 Des 2025 16:34 WIB "
"Bertemu Prabowo, Sekjen Liga Muslim Dunia Sampaikan Duka Bencana di Sumatera",https://news.detik.com/berita/d-8243355/bertemu-prabowo-sekjen-liga-muslim-dunia-sampaikan-duka-bencana-di-sumatera,"
Kamis, 04 Des 2025 15:41 WIB "
Menhut Ungkap 12 Perusahaan di Sumut Terindikasi Jadi Penyebab Banjir,https://news.detik.com/berita/d-8243349/menhut-ungkap-12-perusahaan-di-sumut-terindikasi-jadi-penyebab-banjir,"
Kamis, 04 Des 2025 15:40 WIB "
Raja Juli soal Bencana Sumatera: Melecut Saya untuk Evaluasi Menyeluruh,https://news.detik.com/berita/d-8243234/raja-juli-soal-bencana-sumatera-melecut-saya-untuk-evaluasi-menyeluruh,"
Kamis, 04 Des 2025 15:03 WIB "
Telisik Sumber Bencana di Sumatera!,https://news.detik.com/berita/d-8243135/telisik-sumber-bencana-di-sumatera,"
Kamis, 04 Des 2025 14:45 WIB "
Hakim MK Singgung Pernyataan Kepala BNPB soal Bencana di Sumatera: Saya Sedih,https://news.detik.com/berita/d-8243177/hakim-mk-singgung-pernyataan-kepala-bnpb-soal-bencana-di-sumatera-saya-sedih,"
Kamis, 04 Des 2025 14:40 WIB "
Polri Kerahkan Heli Kargo Kapasitas 650 Kg untuk Angkut Bantuan ke Aceh,https://news.detik.com/berita/d-8243176/polri-kerahkan-heli-kargo-kapasitas-650-kg-untuk-angkut-bantuan-ke-aceh,"
Kamis, 04 Des 2025 14:40 WIB "
"4 Desa di Agam Terisolir Longsor, Pembukaan Akses Jalan Diprioritaskan",https://news.detik.com/melindungi-tuah-marwah/d-8243155/4-desa-di-agam-terisolir-longsor-pembukaan-akses-jalan-diprioritaskan,"
Kamis, 04 Des 2025 14:32 WIB "
Wakapolri: Kepolisian di Aceh Tamiang Kerja Maksimal dalam Segala Keterbatasan,https://news.detik.com/berita/d-8243153/wakapolri-kepolisian-di-aceh-tamiang-kerja-maksimal-dalam-segala-keterbatasan,"
Kamis, 04 Des 2025 14:31 WIB "
"Rapat Bareng Raja Juli, Titiek Singgung Hutan Gundul di Bencana Sumatera",https://news.detik.com/berita/d-8243080/rapat-bareng-raja-juli-titiek-singgung-hutan-gundul-di-bencana-sumatera,"
Kamis, 04 Des 2025 14:00 WIB "
Kondisi Terkini di Aceh Tamiang: Kampung Hancur dan Bau Menyengat,https://news.detik.com/berita/d-8243077/kondisi-terkini-di-aceh-tamiang-kampung-hancur-dan-bau-menyengat,"
Kamis, 04 Des 2025 13:58 WIB "
"Kakorlantas Minta Jajaran Jadi Pelayan Kemanusiaan di Masa Bencana, Ini Instruksi Lengkapnya",https://news.detik.com/berita/d-8243058/kakorlantas-minta-jajaran-jadi-pelayan-kemanusiaan-di-masa-bencana-ini-instruksi-lengkapnya,"
Kamis, 04 Des 2025 13:46 WIB "
Polri Bantu Ferry Irwandi dan Jovi Kirim Bantuan untuk Korban Bencana di Sumatera,https://news.detik.com/berita/d-8242943/polri-bantu-ferry-irwandi-dan-jovi-kirim-bantuan-untuk-korban-bencana-di-sumatera,"
Kamis, 04 Des 2025 12:53 WIB "
Polri Apresiasi Masyarakat dan Relawan Kirim Bantuan Bencana ke Sumatera,https://news.detik.com/berita/d-8242938/polri-apresiasi-masyarakat-dan-relawan-kirim-bantuan-bencana-ke-sumatera,"
Kamis, 04 Des 2025 12:50 WIB "
"Muzani: Kami Monitor Bupati di Sumatera, Kondisi Bencana Tertangani Baik",https://news.detik.com/berita/d-8242860/muzani-kami-monitor-bupati-di-sumatera-kondisi-bencana-tertangani-baik,"
Kamis, 04 Des 2025 12:09 WIB "
Polri Salurkan Air Bersih dan Bersihkan Lumpur Sisa Banjir di Agam Sumbar,https://news.detik.com/berita/d-8242830/polri-salurkan-air-bersih-dan-bersihkan-lumpur-sisa-banjir-di-agam-sumbar,"
Kamis, 04 Des 2025 11:56 WIB "
Tim DVI Polda Sumbar Identifikasi 174 dari 200 Korban Tewas Akibat Banjir,https://news.detik.com/berita/d-8242795/tim-dvi-polda-sumbar-identifikasi-174-dari-200-korban-tewas-akibat-banjir,"
Kamis, 04 Des 2025 11:36 WIB "
Wapres Gibran Kunjungi Posko Pengungsi Banjir Bandang di Kabupaten Agam Sumbar,https://news.detik.com/berita/d-8242552/wapres-gibran-kunjungi-posko-pengungsi-banjir-bandang-di-kabupaten-agam-sumbar,"
Kamis, 04 Des 2025 08:56 WIB "
Langkah Tanggap Agincourt Resources di Tengah Banjir Bandang Garoga,https://news.detik.com/berita/d-8242540/langkah-tanggap-agincourt-resources-di-tengah-banjir-bandang-garoga,"
Kamis, 04 Des 2025 08:44 WIB "
Andre Rosiade Dampingi Wapres Gibran Kunjungi Korban Banjir Bandang di Sumbar,https://news.detik.com/berita/d-8242514/andre-rosiade-dampingi-wapres-gibran-kunjungi-korban-banjir-bandang-di-sumbar,"
Kamis, 04 Des 2025 08:10 WIB "
Pemprov Banten Salurkan Bantuan Rp 3 Miliar & Logistik ke Sumatera-Aceh,https://news.detik.com/berita/d-8242513/pemprov-banten-salurkan-bantuan-rp-3-miliar-logistik-ke-sumatera-aceh,"
Kamis, 04 Des 2025 08:10 WIB "
Wamensos Kawal Langsung Pengiriman Bantuan Korban Banjir di Aceh Tamiang,https://news.detik.com/berita/d-8242472/wamensos-kawal-langsung-pengiriman-bantuan-korban-banjir-di-aceh-tamiang,"
Kamis, 04 Des 2025 07:59 WIB "
"Kakorlantas Moratorium Penindakan di Wilayah Bencana, Kerahkan Jajaran Bantu Masyarakat",https://news.detik.com/berita/d-8242435/kakorlantas-moratorium-penindakan-di-wilayah-bencana-kerahkan-jajaran-bantu-masyarakat,"
Kamis, 04 Des 2025 07:20 WIB "
Asal-usul Gelondongan Kayu Hanyut di Sumatera Mulai Diusut,https://news.detik.com/berita/d-8242421/asal-usul-gelondongan-kayu-hanyut-di-sumatera-mulai-diusut,"
Kamis, 04 Des 2025 07:04 WIB "
Update Terbaru BNPB Korban Bencana Aceh-Sumatera: 780 Orang Tewas-564 Hilang,https://news.detik.com/berita/d-8242412/update-terbaru-bnpb-korban-bencana-aceh-sumatera-780-orang-tewas-564-hilang,"
Kamis, 04 Des 2025 06:37 WIB "
BMKG Prediksi Jakarta Berpotensi Diguyur Hujan Sepekan ke Depan,https://news.detik.com/berita/d-8242397/bmkg-prediksi-jakarta-berpotensi-diguyur-hujan-sepekan-ke-depan,"
Kamis, 04 Des 2025 05:33 WIB "
"Golkar Galang Donasi Rp 2,7 Miliar untuk Korban Bencana di Sumatera-Aceh",https://news.detik.com/berita/d-8242362/golkar-galang-donasi-rp-2-7-miliar-untuk-korban-bencana-di-sumatera-aceh,"
Kamis, 04 Des 2025 01:07 WIB "
Longsor Kembali Terjadi di Taput Sumut Usai Hujan Deras,https://news.detik.com/berita/d-8242361/longsor-kembali-terjadi-di-taput-sumut-usai-hujan-deras,"
Kamis, 04 Des 2025 00:31 WIB "
"Brimob Polri Tembus 11 Titik Longsor di Agam, Warga Terisolir Dapat Bantuan",https://news.detik.com/berita/d-8242357/brimob-polri-tembus-11-titik-longsor-di-agam-warga-terisolir-dapat-bantuan,"
Kamis, 04 Des 2025 00:04 WIB "
"Kakorlantas Mobilisasi Jajaran, Bantu Wilayah Terdampak Bencana Demi Kemanusiaan",https://news.detik.com/berita/d-8242350/kakorlantas-mobilisasi-jajaran-bantu-wilayah-terdampak-bencana-demi-kemanusiaan,"
Rabu, 03 Des 2025 23:40 WIB "
Menko PMK Targetkan Rehabilitasi Dampak Bencana di Sumatera dalam 100 Hari,https://news.detik.com/berita/d-8242330/menko-pmk-targetkan-rehabilitasi-dampak-bencana-di-sumatera-dalam-100-hari,"
Rabu, 03 Des 2025 22:54 WIB "
Puan Pastikan DPR Terima Masukan Terkait Perkembangan Bencana di Sumatera,https://news.detik.com/berita/d-8242304/puan-pastikan-dpr-terima-masukan-terkait-perkembangan-bencana-di-sumatera,"
Rabu, 03 Des 2025 22:21 WIB "
"Puan Dorong Evaluasi Bantuan Lewat Helikopter, Ingatkan Pejabat Harus Empati",https://news.detik.com/berita/d-8242301/puan-dorong-evaluasi-bantuan-lewat-helikopter-ingatkan-pejabat-harus-empati,"
Rabu, 03 Des 2025 22:10 WIB "
"Sungai Ombilin Sumbar Membiru Bak di Swiss Meski Banjir, Jadi Tontonan Warga",https://news.detik.com/berita/d-8242290/sungai-ombilin-sumbar-membiru-bak-di-swiss-meski-banjir-jadi-tontonan-warga,"
Rabu, 03 Des 2025 21:59 WIB "
Komisi IV DPR Minta Pemerintah Evaluasi Skema Pemanfaatan Kawasan Hutan,https://news.detik.com/berita/d-8242288/komisi-iv-dpr-minta-pemerintah-evaluasi-skema-pemanfaatan-kawasan-hutan,"
Rabu, 03 Des 2025 21:57 WIB "
"Kelangkaan LPG-BBM Lumpuhkan Layanan Publik, Anggota DPR Minta Aksi Cepat",https://news.detik.com/berita/d-8242286/kelangkaan-lpg-bbm-lumpuhkan-layanan-publik-anggota-dpr-minta-aksi-cepat,"
Rabu, 03 Des 2025 21:55 WIB "
Puan Sebut DPR Siap Sinergi Evaluasi Penyebab Bencana Aceh-Sumatera,https://news.detik.com/berita/d-8242269/puan-sebut-dpr-siap-sinergi-evaluasi-penyebab-bencana-aceh-sumatera,"
Rabu, 03 Des 2025 21:49 WIB "
"Puan-Ketua MPR China Bertemu, Bahas Bencana Alam hingga Konflik Global",https://news.detik.com/berita/d-8242267/puan-ketua-mpr-china-bertemu-bahas-bencana-alam-hingga-konflik-global,"
Rabu, 03 Des 2025 21:39 WIB "
Ragam Komentar Usai Cak Imin Ajak Tobat Nasuha karena Bencana Sumatera,https://news.detik.com/berita/d-8242229/ragam-komentar-usai-cak-imin-ajak-tobat-nasuha-karena-bencana-sumatera,"
Rabu, 03 Des 2025 21:07 WIB "
"Puan Terima Kunjungan Ketua MPR China, Bahas Bencana hingga Kerja Sama",https://news.detik.com/berita/d-8242187/puan-terima-kunjungan-ketua-mpr-china-bahas-bencana-hingga-kerja-sama,"
Rabu, 03 Des 2025 20:39 WIB "
Golkar Desak Banjir Sumatera Jadi Bencana Nasional: Dampaknya Begitu Luas,https://news.detik.com/berita/d-8242149/golkar-desak-banjir-sumatera-jadi-bencana-nasional-dampaknya-begitu-luas,"
Rabu, 03 Des 2025 20:31 WIB "
Komisi VIII DPR Cerita Banyak Mayat Korban Banjir Sumatera Belum Terjamah,https://news.detik.com/berita/d-8242073/komisi-viii-dpr-cerita-banyak-mayat-korban-banjir-sumatera-belum-terjamah,"
Rabu, 03 Des 2025 19:40 WIB "
Seskab Teddy: Kerusakan Lingkungan Memperparah Bencana Sumatera,https://news.detik.com/berita/d-8241756/seskab-teddy-kerusakan-lingkungan-memperparah-bencana-sumatera,"
Rabu, 03 Des 2025 17:26 WIB "
Doli Sebut Sejumlah Daerah di Sumatera Tak Sanggup Lagi Tangani Bencana,https://news.detik.com/berita/d-8241742/doli-sebut-sejumlah-daerah-di-sumatera-tak-sanggup-lagi-tangani-bencana,"
Rabu, 03 Des 2025 17:16 WIB "
KPK Galang Donasi untuk Korban Bencana di Sumatera,https://news.detik.com/berita/d-8241714/kpk-galang-donasi-untuk-korban-bencana-di-sumatera,"
Rabu, 03 Des 2025 17:07 WIB "
Menko PMK Minta Maaf Jika Ada Kekurangan Penanganan Bencana di Sumatera,https://news.detik.com/berita/d-8241670/menko-pmk-minta-maaf-jika-ada-kekurangan-penanganan-bencana-di-sumatera,"
Rabu, 03 Des 2025 16:52 WIB "
Kata Mendagri soal Kabar Kepala Daerah Menyerah Tangani Bencana Sumatera,https://news.detik.com/berita/d-8241594/kata-mendagri-soal-kabar-kepala-daerah-menyerah-tangani-bencana-sumatera,"
Rabu, 03 Des 2025 16:24 WIB "
"Kapolri Buka Rapimnas KSPSI AGN 2025 di Senayan, Dihadiri Ribuan Massa Buruh",https://news.detik.com/berita/d-8241486/kapolri-buka-rapimnas-kspsi-agn-2025-di-senayan-dihadiri-ribuan-massa-buruh,"
Rabu, 03 Des 2025 15:45 WIB "
Wakapolri Ajak Peserta Ojol Kamtibmas di Lampung Doakan Korban Bencana Sumatera,https://news.detik.com/berita/d-8241460/wakapolri-ajak-peserta-ojol-kamtibmas-di-lampung-doakan-korban-bencana-sumatera,"
Rabu, 03 Des 2025 15:36 WIB "
Kapolri Pastikan Penjarah Minimarket di Sibolga Sudah Dilepas,https://news.detik.com/berita/d-8241454/kapolri-pastikan-penjarah-minimarket-di-sibolga-sudah-dilepas,"
Rabu, 03 Des 2025 15:33 WIB "
"Cara Update Bencana di Aceh, Sumut dan Sumbar, Ini Link Resmi BNPB",https://news.detik.com/berita/d-8241453/cara-update-bencana-di-aceh-sumut-dan-sumbar-ini-link-resmi-bnpb,"
Rabu, 03 Des 2025 15:33 WIB "
Update Data BNPB: Korban Meninggal Bencana Sumatera Tembus 807 Orang,https://news.detik.com/berita/d-8241405/update-data-bnpb-korban-meninggal-bencana-sumatera-tembus-807-orang,"
Rabu, 03 Des 2025 15:18 WIB "
"Muncul Desakan Darurat Bencana Nasional di Sumatera, Ini Kata Menko PMK",https://news.detik.com/berita/d-8241359/muncul-desakan-darurat-bencana-nasional-di-sumatera-ini-kata-menko-pmk,"
Rabu, 03 Des 2025 15:00 WIB "
Mahyeldi: Semua Daerah Terdampak Bencana di Sumbar Sudah Bisa Diakses,https://news.detik.com/berita/d-8241338/mahyeldi-semua-daerah-terdampak-bencana-di-sumbar-sudah-bisa-diakses,"
Rabu, 03 Des 2025 14:54 WIB "
Menanti Gerak Cepat Pemerintah Pusat Tangani Bencana Sumatera,https://news.detik.com/berita/d-8241289/menanti-gerak-cepat-pemerintah-pusat-tangani-bencana-sumatera,"
Rabu, 03 Des 2025 14:35 WIB "
Pemerintah Usut Gelondongan Terbawa Banjir di Sumatera Pakai Citra Satelit,https://news.detik.com/berita/d-8241276/pemerintah-usut-gelondongan-terbawa-banjir-di-sumatera-pakai-citra-satelit,"
Rabu, 03 Des 2025 14:28 WIB "
"Cak Imin Serukan Tobat Nasuha Buntut Bencana Sumatera, PSI Bela Raja Juli",https://news.detik.com/berita/d-8241207/cak-imin-serukan-tobat-nasuha-buntut-bencana-sumatera-psi-bela-raja-juli,"
Rabu, 03 Des 2025 14:06 WIB "
"Menteri LH: Jabar Kehilangan Kawasan Lindung 1,2 Juta Ha, Rentan Bencana",https://news.detik.com/berita/d-8241166/menteri-lh-jabar-kehilangan-kawasan-lindung-1-2-juta-ha-rentan-bencana,"
Rabu, 03 Des 2025 13:51 WIB "
Anggaran On Call Rp 4 Triliun Bisa untuk Penanganan Bencana di Sumatera,https://news.detik.com/kolom/d-8241139/anggaran-on-call-rp-4-triliun-bisa-untuk-penanganan-bencana-di-sumatera,"
Rabu, 03 Des 2025 13:32 WIB "
"Menteri LH Ungkap Data Pengurangan Hutan di Aceh, Sumbar, dan Sumut",https://news.detik.com/berita/d-8241117/menteri-lh-ungkap-data-pengurangan-hutan-di-aceh-sumbar-dan-sumut,"
Rabu, 03 Des 2025 13:23 WIB "
Kata BNPB soal Desakan Penetapan Status Bencana Nasional di Sumatera,https://news.detik.com/berita/d-8240998/kata-bnpb-soal-desakan-penetapan-status-bencana-nasional-di-sumatera,"
Rabu, 03 Des 2025 12:27 WIB "
"Cak Imin Ajak Tobat Nasuha, Menteri Lingkungan Sadar Belum Sempurna",https://news.detik.com/berita/d-8240839/cak-imin-ajak-tobat-nasuha-menteri-lingkungan-sadar-belum-sempurna,"
Rabu, 03 Des 2025 11:21 WIB "
Polisi Sedot BBM Motornya ke Perahu untuk Evakuasi 3 Jasad Korban Banjir Aceh,https://news.detik.com/berita/d-8240826/polisi-sedot-bbm-motornya-ke-perahu-untuk-evakuasi-3-jasad-korban-banjir-aceh,"
Rabu, 03 Des 2025 11:12 WIB "
"Update Korban Banjir-Longsor di Sumut: 298 Orang Tewas, 169 Hilang",https://news.detik.com/berita/d-8240768/update-korban-banjir-longsor-di-sumut-298-orang-tewas-169-hilang,"
Rabu, 03 Des 2025 10:47 WIB "
TNI Kirim Bantuan Metode Airdrop untuk Warga Aceh Tamiang yang Terisolasi Banjir,https://news.detik.com/berita/d-8240757/tni-kirim-bantuan-metode-airdrop-untuk-warga-aceh-tamiang-yang-terisolasi-banjir,"
Rabu, 03 Des 2025 10:40 WIB "
"Tembus Aceh Tamiang, Kemensos Kirim Logistik dengan Kapal & Helikopter",https://news.detik.com/berita/d-8240563/tembus-aceh-tamiang-kemensos-kirim-logistik-dengan-kapal-helikopter,"
Rabu, 03 Des 2025 08:40 WIB "
Komisi VIII DPR Dorong Status Bencana Nasional di Sumatera: Korban Meluas,https://news.detik.com/berita/d-8240543/komisi-viii-dpr-dorong-status-bencana-nasional-di-sumatera-korban-meluas,"
Rabu, 03 Des 2025 08:27 WIB "
Korban Bencana Sumatera Butuh Tambahan Dokter,https://news.detik.com/berita/d-8240233/korban-bencana-sumatera-butuh-tambahan-dokter,"
Rabu, 03 Des 2025 07:58 WIB "
Data Terbaru BNPB: Korban Meninggal Bencana Sumatera Capai 753 Orang,https://news.detik.com/berita/d-8240510/data-terbaru-bnpb-korban-meninggal-bencana-sumatera-capai-753-orang,"
Rabu, 03 Des 2025 07:38 WIB "
Kabar Terkini Kasus Illegal Logging Mentawai Bikin Rugi Negara Rp 447 M,https://news.detik.com/berita/d-8240472/kabar-terkini-kasus-illegal-logging-mentawai-bikin-rugi-negara-rp-447-m,"
Rabu, 03 Des 2025 06:30 WIB "
Polri Kirim Tenda-Solar Panel untuk Bantu Korban Banjir-Longsor Sumatera,https://news.detik.com/berita/d-8240458/polri-kirim-tenda-solar-panel-untuk-bantu-korban-banjir-longsor-sumatera,"
Rabu, 03 Des 2025 06:25 WIB "
Waka MPR Dorong Status Bencana Nasional di Sumatera: Syarat Terpenuhi,https://news.detik.com/berita/d-8240457/waka-mpr-dorong-status-bencana-nasional-di-sumatera-syarat-terpenuhi,"
Rabu, 03 Des 2025 06:20 WIB "
BNPB Update Korban Bencana Sumatera-Aceh: 744 Orang Meninggal-551 Hilang,https://news.detik.com/berita/d-8240394/bnpb-update-korban-bencana-sumatera-aceh-744-orang-meninggal-551-hilang,"
Selasa, 02 Des 2025 23:48 WIB "
Polres Kampar Kirim Dukungan 1 Truk Logistik ke Posko Bencana Agam,https://news.detik.com/melindungi-tuah-marwah/d-8240392/polres-kampar-kirim-dukungan-1-truk-logistik-ke-posko-bencana-agam,"
Selasa, 02 Des 2025 23:43 WIB "
Dubes Belanda Ucapkan Belasungkawa untuk Korban Bencana Alam di Sumatera,https://news.detik.com/berita/d-8240348/dubes-belanda-ucapkan-belasungkawa-untuk-korban-bencana-alam-di-sumatera,"
Selasa, 02 Des 2025 22:41 WIB "
Massa Reuni 212 Minta Pemerintah Tetapkan Bencana Nasional di Aceh-Sumatera,https://news.detik.com/berita/d-8240251/massa-reuni-212-minta-pemerintah-tetapkan-bencana-nasional-di-aceh-sumatera,"
Selasa, 02 Des 2025 21:45 WIB "
"KSPSI Gelar Rapimnas di Istora Besok, Akan Dihadiri Keluarga Marsinah",https://news.detik.com/berita/d-8240194/kspsi-gelar-rapimnas-di-istora-besok-akan-dihadiri-keluarga-marsinah,"
Selasa, 02 Des 2025 21:09 WIB "
Menteri Agus: Dokumen Keimigrasian Rusak Akibat Bencana Dapat Dispensasi,https://news.detik.com/berita/d-8240169/menteri-agus-dokumen-keimigrasian-rusak-akibat-bencana-dapat-dispensasi,"
Selasa, 02 Des 2025 20:58 WIB "
Muzani Sebut Prabowo Sudah Tahu Penyebab Banjir Bandang di Sumatera,https://news.detik.com/berita/d-8240141/muzani-sebut-prabowo-sudah-tahu-penyebab-banjir-bandang-di-sumatera,"
Selasa, 02 Des 2025 20:34 WIB "
Massa Reuni 212 Gelar Salat Gaib untuk Korban Bencana Aceh-Sumatera,https://news.detik.com/berita/d-8240138/massa-reuni-212-gelar-salat-gaib-untuk-korban-bencana-aceh-sumatera,"
Selasa, 02 Des 2025 20:31 WIB "
Prabowo Instruksikan PLN-Pertamina Pulihkan Listrik dan BBM di Wilayah Bencana,https://news.detik.com/berita/d-8240121/prabowo-instruksikan-pln-pertamina-pulihkan-listrik-dan-bbm-di-wilayah-bencana,"
Selasa, 02 Des 2025 20:14 WIB "
"Pasok BBM di Sumatera, Pertamina Kerahkan Awak Mobil Tangki Lintas Pulau",https://news.detik.com/berita/d-8240024/pasok-bbm-di-sumatera-pertamina-kerahkan-awak-mobil-tangki-lintas-pulau,"
Selasa, 02 Des 2025 19:46 WIB "
Muzani Ungkap Prabowo Beri Atensi Serius Pemulihan Bencana di Sumatera-Aceh,https://news.detik.com/berita/d-8239998/muzani-ungkap-prabowo-beri-atensi-serius-pemulihan-bencana-di-sumatera-aceh,"
Selasa, 02 Des 2025 19:12 WIB "
"BNPB Ungkap 1,1 Juta Orang Mengungsi Akibat Bencana di Sumatera",https://news.detik.com/berita/d-8239873/bnpb-ungkap-1-1-juta-orang-mengungsi-akibat-bencana-di-sumatera,"
Selasa, 02 Des 2025 17:49 WIB "
"Data BNPB Korban Bencana Sumatera Sore Ini: 712 Orang Meninggal, 507 Hilang",https://news.detik.com/berita/d-8239846/data-bnpb-korban-bencana-sumatera-sore-ini-712-orang-meninggal-507-hilang,"
Selasa, 02 Des 2025 17:29 WIB "
Waka MPR Tekankan Pentingnya Semangat Gotong Royong dalam Hadapi Bencana,https://news.detik.com/berita/d-8239697/waka-mpr-tekankan-pentingnya-semangat-gotong-royong-dalam-hadapi-bencana,"
Selasa, 02 Des 2025 16:42 WIB "
"Basarnas: Tak Ada Kata Daerah Terisolasi, Kita Bisa Jangkau Via Udara-Laut",https://news.detik.com/berita/d-8239654/basarnas-tak-ada-kata-daerah-terisolasi-kita-bisa-jangkau-via-udara-laut,"
Selasa, 02 Des 2025 16:24 WIB "
"Anggota Brimob Evakuasi Jasad di Sibolga, Ternyata Ibu Rekan Sesama Polisi",https://news.detik.com/berita/d-8239629/anggota-brimob-evakuasi-jasad-di-sibolga-ternyata-ibu-rekan-sesama-polisi,"
Selasa, 02 Des 2025 16:14 WIB "
Andre Rosiade-Menteri PU Siapkan Percepatan Pemulihan Infrastruktur Sumbar,https://news.detik.com/berita/d-8239562/andre-rosiade-menteri-pu-siapkan-percepatan-pemulihan-infrastruktur-sumbar,"
Selasa, 02 Des 2025 15:56 WIB "
Menteri PU Targetkan Truk Kecil Bisa Masuk ke Sibolga Lewat Darat Hari Ini,https://news.detik.com/berita/d-8239507/menteri-pu-targetkan-truk-kecil-bisa-masuk-ke-sibolga-lewat-darat-hari-ini,"
Selasa, 02 Des 2025 15:37 WIB "
Menakar Kekuatan Fiskal RI dalam Penanganan Bencana Nasional,https://news.detik.com/berita/d-8239380/menakar-kekuatan-fiskal-ri-dalam-penanganan-bencana-nasional,"
Selasa, 02 Des 2025 14:48 WIB "
Bareskrim Selidiki Asal Gelondongan Kayu Terseret Banjir Sumatera,https://news.detik.com/berita/d-8239346/bareskrim-selidiki-asal-gelondongan-kayu-terseret-banjir-sumatera,"
Selasa, 02 Des 2025 14:33 WIB "
Mensos Jelaskan Kendala Kirim Bantuan ke Wilayah Terdampak Banjir Sumatera,https://news.detik.com/berita/d-8239316/mensos-jelaskan-kendala-kirim-bantuan-ke-wilayah-terdampak-banjir-sumatera,"
Selasa, 02 Des 2025 14:26 WIB "
Kerugian Negara dari Kasus Illegal Logging di Mentawai Capai Rp 447 Miliar,https://news.detik.com/berita/d-8239183/kerugian-negara-dari-kasus-illegal-logging-di-mentawai-capai-rp-447-miliar,"
Selasa, 02 Des 2025 13:31 WIB "
Kementerian PU Percepat Perbaikan 14 Jembatan Rusak di Aceh,https://news.detik.com/berita/d-8239148/kementerian-pu-percepat-perbaikan-14-jembatan-rusak-di-aceh,"
Selasa, 02 Des 2025 13:18 WIB "
Satgas PKH Bakal Usut Gelondongan Kayu Hanyut-Menumpuk Saat Bencana Sumatera,https://news.detik.com/berita/d-8239120/satgas-pkh-bakal-usut-gelondongan-kayu-hanyut-menumpuk-saat-bencana-sumatera,"
Selasa, 02 Des 2025 13:16 WIB "
"Kondisi Memilukan di Agam, Butuh Alat Berat untuk Cari Korban Hilang",https://news.detik.com/berita/d-8239115/kondisi-memilukan-di-agam-butuh-alat-berat-untuk-cari-korban-hilang,"
Selasa, 02 Des 2025 13:11 WIB "
"ASDP Salurkan Bantuan Rp185 Juta untuk Sumatera, Pulihkan Harapan Warga",https://news.detik.com/bangun-indonesia/d-8239113/asdp-salurkan-bantuan-rp185-juta-untuk-sumatera-pulihkan-harapan-warga,"
Selasa, 02 Des 2025 13:10 WIB "
Data BNPB Siang Ini: Korban Meninggal Bencana Sumatera Capai 659 Orang,https://news.detik.com/berita/d-8239108/data-bnpb-siang-ini-korban-meninggal-bencana-sumatera-capai-659-orang,"
Selasa, 02 Des 2025 13:06 WIB "
Komisi X DPR Minta Pemerintah Bangun Sekolah Darurat di Wilayah Terdampak Bencana,https://news.detik.com/berita/d-8239106/komisi-x-dpr-minta-pemerintah-bangun-sekolah-darurat-di-wilayah-terdampak-bencana,"
Selasa, 02 Des 2025 13:05 WIB "
Mensos Ungkap Bantuan Senilai Rp 25 M Disalurkan ke Korban Bencana Sumatera,https://news.detik.com/berita/d-8239069/mensos-ungkap-bantuan-senilai-rp-25-m-disalurkan-ke-korban-bencana-sumatera,"
Selasa, 02 Des 2025 12:44 WIB "
Walhi Tepis Bobby Nasution yang Sebut Banjir di Sumut karena Cuaca Ekstrem,https://news.detik.com/berita/d-8239059/walhi-tepis-bobby-nasution-yang-sebut-banjir-di-sumut-karena-cuaca-ekstrem,"
Selasa, 02 Des 2025 12:35 WIB "
Dunia Hari Ini: Angka Kematian Akibat Serangkaian Bencana Asia Tembus 1.000 Jiwa,https://news.detik.com/abc-australia/d-8239052/dunia-hari-ini-angka-kematian-akibat-serangkaian-bencana-asia-tembus-1-000-jiwa,"
Selasa, 02 Des 2025 12:33 WIB "
Polda Riau Perluas Pencarian Personel yang Hilang Saat Longsor di Sumbar,https://news.detik.com/melindungi-tuah-marwah/d-8239049/polda-riau-perluas-pencarian-personel-yang-hilang-saat-longsor-di-sumbar,"
Selasa, 02 Des 2025 12:31 WIB "
"Raja Charles Berduka Atas Banjir Asia Termasuk RI, Serukan Hal Ini!",https://news.detik.com/internasional/d-8238957/raja-charles-berduka-atas-banjir-asia-termasuk-ri-serukan-hal-ini,"
Selasa, 02 Des 2025 11:48 WIB "
Komisi IX DPR Desak Kemenkes Kirim Dokter-Obat Bantu Korban Bencana Sumatera,https://news.detik.com/berita/d-8238949/komisi-ix-dpr-desak-kemenkes-kirim-dokter-obat-bantu-korban-bencana-sumatera,"
Selasa, 02 Des 2025 11:45 WIB "
Polda Metro Kirim 17 Ton Beras-Ribuan Selimut untuk Korban Bencana Sumatera,https://news.detik.com/berita/d-8238833/polda-metro-kirim-17-ton-beras-ribuan-selimut-untuk-korban-bencana-sumatera,"
Selasa, 02 Des 2025 10:44 WIB "
Tambahan 1.700 Ton Beras Dikirim untuk Bantu Korban Bencana di Aceh,https://news.detik.com/berita/d-8238791/tambahan-1-700-ton-beras-dikirim-untuk-bantu-korban-bencana-di-aceh,"
Selasa, 02 Des 2025 10:26 WIB "
Update BNPB: Korban Meninggal Bencana Sumatera Bertambah Jadi 631 Orang,https://news.detik.com/berita/d-8238771/update-bnpb-korban-meninggal-bencana-sumatera-bertambah-jadi-631-orang,"
Selasa, 02 Des 2025 10:16 WIB "
Andre Rosiade Dukung Gubernur Sumbar Berantas Pembalakan dan Tambang Liar,https://news.detik.com/berita/d-8238761/andre-rosiade-dukung-gubernur-sumbar-berantas-pembalakan-dan-tambang-liar,"
Selasa, 02 Des 2025 10:08 WIB "
"Bencana di Sumatera, Waka Komisi IV DPR Usul Panja Penyelamatan Hutan",https://news.detik.com/berita/d-8238649/bencana-di-sumatera-waka-komisi-iv-dpr-usul-panja-penyelamatan-hutan,"
Selasa, 02 Des 2025 09:05 WIB "
Waka MPR Dorong RUU Pengelolaan Perubahan Iklim: Sejalan Arahan Prabowo,https://news.detik.com/berita/d-8238625/waka-mpr-dorong-ruu-pengelolaan-perubahan-iklim-sejalan-arahan-prabowo,"
Selasa, 02 Des 2025 08:46 WIB "
KLH Bakal Tinjau Ulang Izin 8 Perusahaan di Aceh-Sumut-Sumbar,https://news.detik.com/berita/d-8238397/klh-bakal-tinjau-ulang-izin-8-perusahaan-di-aceh-sumut-sumbar,"
Selasa, 02 Des 2025 07:58 WIB "
"Banjir di Sumatera Berangsur Surut, Gelondongan Kayu Mulai Dievakuasi",https://news.detik.com/berita/d-8238563/banjir-di-sumatera-berangsur-surut-gelondongan-kayu-mulai-dievakuasi,"
Selasa, 02 Des 2025 07:17 WIB "
5 Arahan Prabowo Usai Tinjau Bencana di Sumatera,https://news.detik.com/berita/d-8238560/5-arahan-prabowo-usai-tinjau-bencana-di-sumatera,"
Selasa, 02 Des 2025 07:00 WIB "
"Muncul Gelondongan Kayu Saat Bencana Sumatera, PKB Kaji Pansus Pembalakan Liar",https://news.detik.com/berita/d-8238550/muncul-gelondongan-kayu-saat-bencana-sumatera-pkb-kaji-pansus-pembalakan-liar,"
Selasa, 02 Des 2025 06:46 WIB "
Anomali Hujan Sebulan Tumpah dalam Sehari di Sumatera Diungkap BMKG,https://news.detik.com/berita/d-8238545/anomali-hujan-sebulan-tumpah-dalam-sehari-di-sumatera-diungkap-bmkg,"
Selasa, 02 Des 2025 06:30 WIB "
4 Kabupaten di Aceh Masih Terisolir Imbas Jalan Putus Dihantam Banjir Bandang,https://news.detik.com/berita/d-8238543/4-kabupaten-di-aceh-masih-terisolir-imbas-jalan-putus-dihantam-banjir-bandang,"
Selasa, 02 Des 2025 06:15 WIB "
Kata BMKG soal Wanti-wanti Cuaca Ekstrem Sebelum Bencana di Sumatera,https://news.detik.com/berita/d-8238451/kata-bmkg-soal-wanti-wanti-cuaca-ekstrem-sebelum-bencana-di-sumatera,"
Senin, 01 Des 2025 22:26 WIB "
"AHY Dorong Percepatan Pemulihan Infrastruktur di Aceh, Sumut & Sumbar",https://news.detik.com/berita/d-8238330/ahy-dorong-percepatan-pemulihan-infrastruktur-di-aceh-sumut-sumbar,"
Senin, 01 Des 2025 20:22 WIB "
4 Ton Bantuan Makanan hingga Obat Dikirim ke Solok-Agam Via Udara,https://news.detik.com/berita/d-8238326/4-ton-bantuan-makanan-hingga-obat-dikirim-ke-solok-agam-via-udara,"
Senin, 01 Des 2025 20:18 WIB "
Kabasarnas Ungkap Kekurangan Tangani Banjir Sumbar: 1 Kantor Cover 18 Daerah,https://news.detik.com/berita/d-8238281/kabasarnas-ungkap-kekurangan-tangani-banjir-sumbar-1-kantor-cover-18-daerah,"
Senin, 01 Des 2025 19:54 WIB "
Kemensos Dirikan 28 Dapur Umum Layani 50 Ribu Korban Banjir Sumatera,https://news.detik.com/berita/d-8238173/kemensos-dirikan-28-dapur-umum-layani-50-ribu-korban-banjir-sumatera,"
Senin, 01 Des 2025 19:00 WIB "
"Fraksi PKS MPR & LATS Gelar Lokakarya Akademik, Bahas Tata Kelola SDA",https://news.detik.com/berita/d-8238165/fraksi-pks-mpr-lats-gelar-lokakarya-akademik-bahas-tata-kelola-sda,"
Senin, 01 Des 2025 18:38 WIB "
Data Terbaru BNPB: Korban Meninggal Bencana Sumatera Capai 604 Orang,https://news.detik.com/berita/d-8238155/data-terbaru-bnpb-korban-meninggal-bencana-sumatera-capai-604-orang,"
Senin, 01 Des 2025 18:31 WIB "
Momen Andre Rosiade Dampingi Prabowo Kunjungi Korban Banjir di Sumbar,https://news.detik.com/berita/d-8238094/momen-andre-rosiade-dampingi-prabowo-kunjungi-korban-banjir-di-sumbar,"
Senin, 01 Des 2025 17:56 WIB "
Mendagri Minta Pemda Perkuat Sinergi Hadapi Potensi Bencana & Nataru,https://news.detik.com/berita/d-8238089/mendagri-minta-pemda-perkuat-sinergi-hadapi-potensi-bencana-nataru,"
Senin, 01 Des 2025 17:54 WIB "
"Update Data Korban Bencana Sumatera: 593 Orang Meninggal, 468 Masih Hilang",https://news.detik.com/berita/d-8238083/update-data-korban-bencana-sumatera-593-orang-meninggal-468-masih-hilang,"
Senin, 01 Des 2025 17:51 WIB "
Kabasarnas Ungkap Beratnya Bencana di Sumatera: Tim SAR Ekstra Kelelahan,https://news.detik.com/berita/d-8238070/kabasarnas-ungkap-beratnya-bencana-di-sumatera-tim-sar-ekstra-kelelahan,"
Senin, 01 Des 2025 17:48 WIB "
Alam Berteriak di Bagian Barat Indonesia dan Kita Perlu Mendengar,https://news.detik.com/kolom/d-8238060/alam-berteriak-di-bagian-barat-indonesia-dan-kita-perlu-mendengar,"
Senin, 01 Des 2025 17:41 WIB "
Mendagri soal Status Bencana Aceh-Sumut-Sumbar: Perlakuannya Sudah Nasional,https://news.detik.com/berita/d-8238028/mendagri-soal-status-bencana-aceh-sumut-sumbar-perlakuannya-sudah-nasional,"
Senin, 01 Des 2025 17:26 WIB "
Alat Berat dari Polda Riau Buka Akses Jalan yang Terisolir Bencana di Agam,https://news.detik.com/melindungi-tuah-marwah/d-8238014/alat-berat-dari-polda-riau-buka-akses-jalan-yang-terisolir-bencana-di-agam,"
Senin, 01 Des 2025 17:19 WIB "
Prabowo Janji Segera Benahi Air Bersih-Jembatan Rusak Akibat Bencana di Sumbar,https://news.detik.com/berita/d-8238013/prabowo-janji-segera-benahi-air-bersih-jembatan-rusak-akibat-bencana-di-sumbar,"
Senin, 01 Des 2025 17:18 WIB "
"Gerak Cepat Brimob Polda Riau, Jasad Ibu-Anak Korban Banjir Agam Ditemukan",https://news.detik.com/melindungi-tuah-marwah/d-8238011/gerak-cepat-brimob-polda-riau-jasad-ibu-anak-korban-banjir-agam-ditemukan,"
Senin, 01 Des 2025 17:15 WIB "
BMKG: Hujan Bulanan Turun dalam Sehari di Sumatera Terjadi 3 Hari,https://news.detik.com/berita/d-8237996/bmkg-hujan-bulanan-turun-dalam-sehari-di-sumatera-terjadi-3-hari,"
Senin, 01 Des 2025 17:08 WIB "
10 Kecamatan di Aceh Tamiang Belum Terjangkau Bantuan karena Banjir-Longsor,https://news.detik.com/berita/d-8237940/10-kecamatan-di-aceh-tamiang-belum-terjangkau-bantuan-karena-banjir-longsor,"
Senin, 01 Des 2025 16:49 WIB "
Kementerian LH Panggil 8 Perusahaan Usut Sumber Gelondongan Kayu di Sumut,https://news.detik.com/berita/d-8237877/kementerian-lh-panggil-8-perusahaan-usut-sumber-gelondongan-kayu-di-sumut,"
Senin, 01 Des 2025 16:37 WIB "
"BMKG soal Banjir Bandang Sumatera: Curah Hujan 1 Bulan, Tumpah dalam Sehari",https://news.detik.com/berita/d-8237826/bmkg-soal-banjir-bandang-sumatera-curah-hujan-1-bulan-tumpah-dalam-sehari,"
Senin, 01 Des 2025 16:24 WIB "
"Listrik di Aceh-Sumut Masih Terputus, Tower Sementara Segera Didirikan",https://news.detik.com/berita/d-8237694/listrik-di-aceh-sumut-masih-terputus-tower-sementara-segera-didirikan,"
Senin, 01 Des 2025 15:56 WIB "
"Kabasarnas: 33.620 Jiwa Terdampak Bencana Sumatera, 447 Orang Meninggal",https://news.detik.com/berita/d-8237648/kabasarnas-33-620-jiwa-terdampak-bencana-sumatera-447-orang-meninggal,"
Senin, 01 Des 2025 15:32 WIB "
"Beredar Surat Sejumlah Daerah Tak Mampu Tangani Bencana, Ini Kata Pemprov Aceh",https://news.detik.com/berita/d-8237636/beredar-surat-sejumlah-daerah-tak-mampu-tangani-bencana-ini-kata-pemprov-aceh,"
Senin, 01 Des 2025 15:25 WIB "
Andre Rosiade Tinjau Dapur Gerindra Sumbar yang Sediakan Ribuan Nasi Bungkus,https://news.detik.com/berita/d-8237620/andre-rosiade-tinjau-dapur-gerindra-sumbar-yang-sediakan-ribuan-nasi-bungkus,"
Senin, 01 Des 2025 15:21 WIB "
Desakan ke Pemerintah Soal Status Bencana Nasional di Sumatera,https://news.detik.com/berita/d-8237480/desakan-ke-pemerintah-soal-status-bencana-nasional-di-sumatera,"
Senin, 01 Des 2025 14:45 WIB "
"Hari-hari Warga Aceh: Listrik-PDAM Mati, Sinyal Susah, BBM Antre",https://news.detik.com/berita/d-8237511/hari-hari-warga-aceh-listrik-pdam-mati-sinyal-susah-bbm-antre,"
Senin, 01 Des 2025 14:31 WIB "
BMKG Sudah Ingatkan Cuaca Ekstrem 8 Hari Sebelum Bencana di Sumatera,https://news.detik.com/berita/d-8237465/bmkg-sudah-ingatkan-cuaca-ekstrem-8-hari-sebelum-bencana-di-sumatera,"
Senin, 01 Des 2025 14:09 WIB "
"Dunia Hari Ini: Lebih dari 800 Warga Meninggal Akibat Cuaca Ekstrem Asia, Termasuk RI",https://news.detik.com/abc-australia/d-8237430/dunia-hari-ini-lebih-dari-800-warga-meninggal-akibat-cuaca-ekstrem-asia-termasuk-ri,"
Senin, 01 Des 2025 13:47 WIB "
Kementerian PU Kerahkan Personel & Alat Berat Atasi Bencana Aceh-Sumatera,https://news.detik.com/berita/d-8237390/kementerian-pu-kerahkan-personel-alat-berat-atasi-bencana-aceh-sumatera,"
Senin, 01 Des 2025 13:29 WIB "
CT ARSA Salurkan Donasi Ratusan Juta untuk Bencana Banjir dan Longsor Sumatera,https://news.detik.com/berita/d-8237389/ct-arsa-salurkan-donasi-ratusan-juta-untuk-bencana-banjir-dan-longsor-sumatera,"
Senin, 01 Des 2025 13:28 WIB "
Update Korban Banjir-Longsor di Sumut: 240 Orang Tewas dan 182 Hilang,https://news.detik.com/berita/d-8237343/update-korban-banjir-longsor-di-sumut-240-orang-tewas-dan-182-hilang,"
Senin, 01 Des 2025 13:14 WIB "
Kementerian PU Perbaiki Tol Medan-Kualanamu-Tebing Tinggi Terdampak Longsor,https://news.detik.com/berita/d-8237255/kementerian-pu-perbaiki-tol-medan-kualanamu-tebing-tinggi-terdampak-longsor,"
Senin, 01 Des 2025 12:41 WIB "
"Kapolri Patroli Udara, Tinjau Area Terdampak Banjir di Tapanuli Tengah",https://news.detik.com/berita/d-8237254/kapolri-patroli-udara-tinjau-area-terdampak-banjir-di-tapanuli-tengah,"
Senin, 01 Des 2025 12:41 WIB "
DPD Gerindra Sumbar Salurkan Bantuan Air Bersih ke Korban Banjir Padang,https://news.detik.com/berita/d-8237241/dpd-gerindra-sumbar-salurkan-bantuan-air-bersih-ke-korban-banjir-padang,"
Senin, 01 Des 2025 12:36 WIB "
"Prabowo Tinjau Jembatan Pantai Dona Aceh yang Terputus, Begini Kondisinya",https://news.detik.com/berita/d-8237237/prabowo-tinjau-jembatan-pantai-dona-aceh-yang-terputus-begini-kondisinya,"
Senin, 01 Des 2025 12:35 WIB "
"Hari Jadi Polairud, Polda Jateng Doa Bersama untuk Korban Bencana Aceh-Sumut-Sumbar",https://news.detik.com/berita/d-8237232/hari-jadi-polairud-polda-jateng-doa-bersama-untuk-korban-bencana-aceh-sumut-sumbar,"
Senin, 01 Des 2025 12:31 WIB "
"Dampak Banjir-Longsor di Sibolga: 44 Tewas, 13 Hilang, dan 231 Rumah Rusak",https://news.detik.com/berita/d-8237226/dampak-banjir-longsor-di-sibolga-44-tewas-13-hilang-dan-231-rumah-rusak,"
Senin, 01 Des 2025 12:28 WIB "
"BMKG: Walau Siklon Senyar Kategori Paling Rendah, Dampak Bencana Sangat Besar",https://news.detik.com/berita/d-8237206/bmkg-walau-siklon-senyar-kategori-paling-rendah-dampak-bencana-sangat-besar,"
Senin, 01 Des 2025 12:15 WIB "
"Kemensos Gelar HUT ke-54 Korpri, Tekankan Kesiapsiagaan ASN Hadapi Bencana",https://news.detik.com/berita/d-8237195/kemensos-gelar-hut-ke-54-korpri-tekankan-kesiapsiagaan-asn-hadapi-bencana,"
Senin, 01 Des 2025 12:09 WIB "
"Agam Luluh Lantak Pascabencana: Rumah Terbenam Lumpur, Kayu Berserakan",https://news.detik.com/berita/d-8237194/agam-luluh-lantak-pascabencana-rumah-terbenam-lumpur-kayu-berserakan,"
Senin, 01 Des 2025 12:09 WIB "
PKB Soroti Gelondongan Kayu di Bencana Sumatera: Itu Bukan Alamiah,https://news.detik.com/berita/d-8237178/pkb-soroti-gelondongan-kayu-di-bencana-sumatera-itu-bukan-alamiah,"
Senin, 01 Des 2025 12:04 WIB "
"Prabowo Tiba di Bandara Alas Leuser, Bakal Cek Jembatan Putus di Kutacane",https://news.detik.com/berita/d-8237156/prabowo-tiba-di-bandara-alas-leuser-bakal-cek-jembatan-putus-di-kutacane,"
Senin, 01 Des 2025 11:56 WIB "
"Mendagri soal Bencana Sumut: Terjadi Sangat Cepat, Mungkin Kita Kurang Siap",https://news.detik.com/berita/d-8237081/mendagri-soal-bencana-sumut-terjadi-sangat-cepat-mungkin-kita-kurang-siap,"
Senin, 01 Des 2025 11:21 WIB "
Kapolri Dampingi Presiden Cek Lokasi Pengungsian Korban Banjir di Tapanuli Tengah,https://news.detik.com/berita/d-8237055/kapolri-dampingi-presiden-cek-lokasi-pengungsian-korban-banjir-di-tapanuli-tengah,"
Senin, 01 Des 2025 11:09 WIB "
Prabowo: Semua Daerah Harus Siap Menghadapi Perubahan Iklim,https://news.detik.com/berita/d-8237045/prabowo-semua-daerah-harus-siap-menghadapi-perubahan-iklim,"
Senin, 01 Des 2025 11:05 WIB "
"6 Jenazah Korban Banjir di Agam Sumbar Teridentifikasi, Ini Daftarnya",https://news.detik.com/melindungi-tuah-marwah/d-8237043/6-jenazah-korban-banjir-di-agam-sumbar-teridentifikasi-ini-daftarnya,"
Senin, 01 Des 2025 11:03 WIB "
"Usai Tapteng, Prabowo Lanjut Tinjau Pengungsian di Kutacane Aceh",https://news.detik.com/berita/d-8237039/usai-tapteng-prabowo-lanjut-tinjau-pengungsian-di-kutacane-aceh,"
Senin, 01 Des 2025 10:59 WIB "
BNPB: 40 Km Jalur Tarutung-Sibolga Sudah Bisa Ditembus Alat Berat,https://news.detik.com/berita/d-8237010/bnpb-40-km-jalur-tarutung-sibolga-sudah-bisa-ditembus-alat-berat,"
Senin, 01 Des 2025 10:40 WIB "
Prabowo Sempat Temui Pengungsi di Tapteng: Mereka Masih Syok,https://news.detik.com/berita/d-8236945/prabowo-sempat-temui-pengungsi-di-tapteng-mereka-masih-syok,"
Senin, 01 Des 2025 10:15 WIB "
"Prabowo Tinjau Korban Bencana di Tapteng, Janji Segera Atasi Kesulitan",https://news.detik.com/berita/d-8236913/prabowo-tinjau-korban-bencana-di-tapteng-janji-segera-atasi-kesulitan,"
Senin, 01 Des 2025 09:51 WIB "
Mendagri Gelar Rakor Bahas Antisipasi Bencana-Persiapan Natal dan Tahun Baru,https://news.detik.com/berita/d-8236896/mendagri-gelar-rakor-bahas-antisipasi-bencana-persiapan-natal-dan-tahun-baru,"
Senin, 01 Des 2025 09:42 WIB "
PKB Nilai Banjir Aceh-Sumut Sudah Penuhi Kriteria Bencana Nasional,https://news.detik.com/berita/d-8236824/pkb-nilai-banjir-aceh-sumut-sudah-penuhi-kriteria-bencana-nasional,"
Senin, 01 Des 2025 08:49 WIB "
"Tiba di Silangit Sumut, Prabowo Lanjut Naik Helikopter Menuju Tapteng",https://news.detik.com/berita/d-8236802/tiba-di-silangit-sumut-prabowo-lanjut-naik-helikopter-menuju-tapteng,"
Senin, 01 Des 2025 08:28 WIB "
"Korban Meninggal Akibat Bencana di Agam 120 Orang, 74 Masih dalam Pencarian",https://news.detik.com/berita/d-8236792/korban-meninggal-akibat-bencana-di-agam-120-orang-74-masih-dalam-pencarian,"
Senin, 01 Des 2025 08:14 WIB "
Gelondongan Kayu di Bencana Sumatera Dalam Sorotan Senayan,https://news.detik.com/berita/d-8236789/gelondongan-kayu-di-bencana-sumatera-dalam-sorotan-senayan,"
Senin, 01 Des 2025 08:02 WIB "
Sejumlah Wilayah Masih Terisolasi Akibat Banjir Aceh-Sumut-Sumbar,https://news.detik.com/berita/d-8236597/sejumlah-wilayah-masih-terisolasi-akibat-banjir-aceh-sumut-sumbar,"
Senin, 01 Des 2025 07:58 WIB "
"Kapolri Pimpin Rakor Bencana di Tapanuli Utara, Pastikan Penanganan Terkoordinasi",https://news.detik.com/berita/d-8236784/kapolri-pimpin-rakor-bencana-di-tapanuli-utara-pastikan-penanganan-terkoordinasi,"
Senin, 01 Des 2025 07:54 WIB "
Waka Komisi VIII DPR Bicara Urgensi Penetapan Bencana Nasional Sumatera,https://news.detik.com/berita/d-8236782/waka-komisi-viii-dpr-bicara-urgensi-penetapan-bencana-nasional-sumatera,"
Senin, 01 Des 2025 07:46 WIB "
"Update Korban Bencana Aceh-Sumut-Sumbar: 442 Orang Tewas, 402 Masih Hilang",https://news.detik.com/berita/d-8236769/update-korban-bencana-aceh-sumut-sumbar-442-orang-tewas-402-masih-hilang,"
Senin, 01 Des 2025 07:19 WIB "
"Bertolak ke Sumut, Prabowo Tinjau Lokasi Terdampak Banjir-Longsor",https://news.detik.com/berita/d-8236758/bertolak-ke-sumut-prabowo-tinjau-lokasi-terdampak-banjir-longsor,"
Senin, 01 Des 2025 07:01 WIB "
"Update Korban Jiwa Bencana Sumatera: Aceh 96, Sumbar 129, Sumut 217",https://news.detik.com/berita/d-8236755/update-korban-jiwa-bencana-sumatera-aceh-96-sumbar-129-sumut-217,"
Senin, 01 Des 2025 06:36 WIB "
Komisi IV DPR Dorong Fokus Percepatan Tangani Bencana Sumatera,https://news.detik.com/berita/d-8236737/komisi-iv-dpr-dorong-fokus-percepatan-tangani-bencana-sumatera,"
Senin, 01 Des 2025 05:36 WIB "
Pemerintah Siapkan Hunian Sementara untuk Korban Terdampak Bencana di Sumatera,https://news.detik.com/berita/d-8236713/pemerintah-siapkan-hunian-sementara-untuk-korban-terdampak-bencana-di-sumatera,"
Senin, 01 Des 2025 00:09 WIB "
"Bahlil Ajak Kader Bantu Warga Sumatera, Minta Kantor Golkar Daerah Jadi Posko",https://news.detik.com/berita/d-8236709/bahlil-ajak-kader-bantu-warga-sumatera-minta-kantor-golkar-daerah-jadi-posko,"
Minggu, 30 Nov 2025 23:51 WIB "
"BKO Polda Riau Mulai Turun ke Lokasi Bencana di Agam, Evakuasi Jenazah",https://news.detik.com/melindungi-tuah-marwah/d-8236680/bko-polda-riau-mulai-turun-ke-lokasi-bencana-di-agam-evakuasi-jenazah,"
Minggu, 30 Nov 2025 22:33 WIB "
Posko DVI Identifikasi Ratusan Jenazah Korban Bencana di Agam Sumbar,https://news.detik.com/berita/d-8236656/posko-dvi-identifikasi-ratusan-jenazah-korban-bencana-di-agam-sumbar,"
Minggu, 30 Nov 2025 22:14 WIB "
Jalur Padang Panjang-Sicincin Masih Terputus Usai Banjir Bandang,https://news.detik.com/berita/d-8236623/jalur-padang-panjang-sicincin-masih-terputus-usai-banjir-bandang,"
Minggu, 30 Nov 2025 21:40 WIB "
"BNPB Ungkap Akses ke Aceh Gayo Masih Terputus, Ini Sebarannya",https://news.detik.com/berita/d-8236605/bnpb-ungkap-akses-ke-aceh-gayo-masih-terputus-ini-sebarannya,"
Minggu, 30 Nov 2025 21:23 WIB "
"Perintah Terbaru Prabowo Tangani Bencana di Aceh, Sumut hingga Sumbar",https://news.detik.com/berita/d-8236602/perintah-terbaru-prabowo-tangani-bencana-di-aceh-sumut-hingga-sumbar,"
Minggu, 30 Nov 2025 21:15 WIB "
"MenPAN-RB Ajak ASN Perkuat Solidaritas, Siaga, & Ketahanan Hadapi Bencana",https://news.detik.com/berita/d-8236589/menpan-rb-ajak-asn-perkuat-solidaritas-siaga-ketahanan-hadapi-bencana,"
Minggu, 30 Nov 2025 21:01 WIB "
BNPB Ungkap 2 Desa di Tapsel Terdampak Parah: Kayu Gelondongan Masuk Rumah,https://news.detik.com/berita/d-8236579/bnpb-ungkap-2-desa-di-tapsel-terdampak-parah-kayu-gelondongan-masuk-rumah,"
Minggu, 30 Nov 2025 20:54 WIB "
"15.700 Jiwa di Tapanuli Utara Terdampak Bencana, Ratusan Rumah Warga Rusak",https://news.detik.com/berita/d-8236564/15-700-jiwa-di-tapanuli-utara-terdampak-bencana-ratusan-rumah-warga-rusak,"
Minggu, 30 Nov 2025 20:38 WIB "
Warga Menanti Titik Terisolir di Sumatera Pulih Pascabencana,https://news.detik.com/berita/d-8236552/warga-menanti-titik-terisolir-di-sumatera-pulih-pascabencana,"
Minggu, 30 Nov 2025 20:18 WIB "
"Update Korban Tewas Bencana di Sumatera: Sumut 217, Aceh 96, Sumbar 129",https://news.detik.com/berita/d-8236549/update-korban-tewas-bencana-di-sumatera-sumut-217-aceh-96-sumbar-129,"
Minggu, 30 Nov 2025 20:15 WIB "
"Ikuti Arahan Presiden, Kapolri Kerahkan Bantuan ke Wilayah Terisolir Bencana Sumatera",https://news.detik.com/berita/d-8236538/ikuti-arahan-presiden-kapolri-kerahkan-bantuan-ke-wilayah-terisolir-bencana-sumatera,"
Minggu, 30 Nov 2025 20:06 WIB "
Putin Ucapkan Belasungkawa ke Prabowo Atas Bencana di Sumatera,https://news.detik.com/berita/d-8236452/putin-ucapkan-belasungkawa-ke-prabowo-atas-bencana-di-sumatera,"
Minggu, 30 Nov 2025 18:58 WIB "
PB HMI Minta Pemerintah Tetapkan Status Bencana Nasional di Aceh-Sumut-Sumbar,https://news.detik.com/berita/d-8236350/pb-hmi-minta-pemerintah-tetapkan-status-bencana-nasional-di-aceh-sumut-sumbar,"
Minggu, 30 Nov 2025 17:37 WIB "
"Viral Gelondongan Kayu di Banjir Sumatera, Anggota DPR Dorong Audit",https://news.detik.com/berita/d-8236345/viral-gelondongan-kayu-di-banjir-sumatera-anggota-dpr-dorong-audit,"
Minggu, 30 Nov 2025 17:34 WIB "
"BNPB Ungkap Masih Banyak Jalan Putus di Aceh Buntut Banjir, Ini Titiknya",https://news.detik.com/berita/d-8236325/bnpb-ungkap-masih-banyak-jalan-putus-di-aceh-buntut-banjir-ini-titiknya,"
Minggu, 30 Nov 2025 17:26 WIB "
AirNav Tambah Personel-Fasilitas agar Bantuan untuk Banjir Sumatera Lancar,https://news.detik.com/berita/d-8236293/airnav-tambah-personel-fasilitas-agar-bantuan-untuk-banjir-sumatera-lancar,"
Minggu, 30 Nov 2025 17:02 WIB "
"Tapanuli-Sibolga Belum Bisa Ditembus, Banyak Warga Terjebak Berhari-hari",https://news.detik.com/berita/d-8236289/tapanuli-sibolga-belum-bisa-ditembus-banyak-warga-terjebak-berhari-hari,"
Minggu, 30 Nov 2025 16:57 WIB "
"Tapanuli Tengah dan Sibolga Masih Terisolasi, Tim Gabungan Fokus Buka Jalur",https://news.detik.com/berita/d-8236288/tapanuli-tengah-dan-sibolga-masih-terisolasi-tim-gabungan-fokus-buka-jalur,"
Minggu, 30 Nov 2025 16:57 WIB "
Menhut Fokus Penanganan Bencana di Sumatera: Setelah Ini Terbuka Evaluasi,https://news.detik.com/berita/d-8236172/menhut-fokus-penanganan-bencana-di-sumatera-setelah-ini-terbuka-evaluasi,"
Minggu, 30 Nov 2025 15:56 WIB "
Dua Jenazah Korban Bencana di Agam Sumbar Kembali Dievakuasi,https://news.detik.com/berita/d-8236125/dua-jenazah-korban-bencana-di-agam-sumbar-kembali-dievakuasi,"
Minggu, 30 Nov 2025 15:36 WIB "
Kepala BNPB Bicara soal Viral Minimarket di Sibolga Dijarah Warga,https://news.detik.com/berita/d-8236118/kepala-bnpb-bicara-soal-viral-minimarket-di-sibolga-dijarah-warga,"
Minggu, 30 Nov 2025 15:29 WIB "
Pertamina Patra Niaga All Out Pulihkan Distribusi Energi di Sumatera,https://news.detik.com/berita/d-8236087/pertamina-patra-niaga-all-out-pulihkan-distribusi-energi-di-sumatera,"
Minggu, 30 Nov 2025 15:09 WIB "
DPR Minta Penerbitan Kembali Dokumen Imigrasi Korban Bencana Dipermudah,https://news.detik.com/berita/d-8236070/dpr-minta-penerbitan-kembali-dokumen-imigrasi-korban-bencana-dipermudah,"
Minggu, 30 Nov 2025 15:01 WIB "
Polda Riau Turunkan 2 Ekskavator Bantu Evakuasi Bencana di Sumbar,https://news.detik.com/melindungi-tuah-marwah/d-8236033/polda-riau-turunkan-2-ekskavator-bantu-evakuasi-bencana-di-sumbar,"
Minggu, 30 Nov 2025 14:43 WIB "
27 Ton Logistik Dikirim Via Laut ke Wilayah Tedampak Banjir-Longsor di Aceh,https://news.detik.com/berita/d-8235999/27-ton-logistik-dikirim-via-laut-ke-wilayah-tedampak-banjir-longsor-di-aceh,"
Minggu, 30 Nov 2025 14:29 WIB "
Prabowo Perintahkan Seluruh Kekuatan Nasional Tangani Banjir Aceh-Sumut-Sumbar,https://news.detik.com/berita/d-8235977/prabowo-perintahkan-seluruh-kekuatan-nasional-tangani-banjir-aceh-sumut-sumbar,"
Minggu, 30 Nov 2025 14:18 WIB "
"Polisi Siapkan Perangkat WiFi di Lokasi Banjir, Warga Kembali Terhubung",https://news.detik.com/berita/d-8235975/polisi-siapkan-perangkat-wifi-di-lokasi-banjir-warga-kembali-terhubung,"
Minggu, 30 Nov 2025 14:18 WIB "
Eddy Soeparno Sebut Bencana di Aceh & Sumatera Jadi Alarm Krisis Iklim,https://news.detik.com/berita/d-8235943/eddy-soeparno-sebut-bencana-di-aceh-sumatera-jadi-alarm-krisis-iklim,"
Minggu, 30 Nov 2025 13:52 WIB "
"Aceh Gayo Masih Terisolasi Imbas Banjir, Warga Butuh Makanan",https://news.detik.com/berita/d-8235941/aceh-gayo-masih-terisolasi-imbas-banjir-warga-butuh-makanan,"
Minggu, 30 Nov 2025 13:50 WIB "
Update Korban Bencana di Aceh-Sumut-Sumbar: 316 Orang Tewas,https://news.detik.com/berita/d-8235894/update-korban-bencana-di-aceh-sumut-sumbar-316-orang-tewas,"
Minggu, 30 Nov 2025 13:18 WIB "
"Jalur Sibolga-Tarutung Putus Total Dampak Bencana, 7 Wilayah Madina Terisolasi",https://news.detik.com/berita/d-8235858/jalur-sibolga-tarutung-putus-total-dampak-bencana-7-wilayah-madina-terisolasi,"
Minggu, 30 Nov 2025 12:56 WIB "
Upaya Pertamina Patra Niaga Salurkan Energi ke Sumatera Terdampak Bencana,https://news.detik.com/berita/d-8235838/upaya-pertamina-patra-niaga-salurkan-energi-ke-sumatera-terdampak-bencana,"
Minggu, 30 Nov 2025 12:51 WIB "
Komisi IV DPR Panggil Kemenhut 4 Desember Dalami 5 Hal soal Bencana Sumatera,https://news.detik.com/berita/d-8235713/komisi-iv-dpr-panggil-kemenhut-4-desember-dalami-5-hal-soal-bencana-sumatera,"
Minggu, 30 Nov 2025 11:13 WIB "
Polda Riau Gandeng 30 Psikolog Kampus untuk Trauma Healing Korban Bencana Sumatera,https://news.detik.com/melindungi-tuah-marwah/d-8235630/polda-riau-gandeng-30-psikolog-kampus-untuk-trauma-healing-korban-bencana-sumatera,"
Minggu, 30 Nov 2025 10:23 WIB "
Malaysia Konfirmasi 1 Warganya Hilang di Sumbar Diduga Terdampak Longsor,https://news.detik.com/berita/d-8235621/malaysia-konfirmasi-1-warganya-hilang-di-sumbar-diduga-terdampak-longsor,"
Minggu, 30 Nov 2025 10:19 WIB "
Wagub Jakarta Rano Ajak Warga Donasi Bantu Korban Bencana di Sumatera,https://news.detik.com/berita/d-8235559/wagub-jakarta-rano-ajak-warga-donasi-bantu-korban-bencana-di-sumatera,"
Minggu, 30 Nov 2025 09:25 WIB "
"Data Korban Tewas Bencana Sumatera: dari Aceh, Sumut hingga Sumbar",https://news.detik.com/berita/d-8235506/data-korban-tewas-bencana-sumatera-dari-aceh-sumut-hingga-sumbar,"
Minggu, 30 Nov 2025 08:57 WIB "
Komisi IV DPR Akan Bahas Kayu Gelondongan di Banjir Sumatera dengan Kemenhut,https://news.detik.com/berita/d-8235459/komisi-iv-dpr-akan-bahas-kayu-gelondongan-di-banjir-sumatera-dengan-kemenhut,"
Minggu, 30 Nov 2025 07:55 WIB "
"Akses ke Sibolga Masih Putus, Bantuan Difokuskan Lewat Udara dan Laut",https://news.detik.com/berita/d-8235438/akses-ke-sibolga-masih-putus-bantuan-difokuskan-lewat-udara-dan-laut,"
Minggu, 30 Nov 2025 07:35 WIB "
Polda Riau Kirim Tim Trauma Healing Bantu Pemulihan Psikis Korban Bencana Sumbar,https://news.detik.com/berita/d-8235430/polda-riau-kirim-tim-trauma-healing-bantu-pemulihan-psikis-korban-bencana-sumbar,"
Minggu, 30 Nov 2025 07:14 WIB "
Teka-teki Gelondongan Kayu Terbawa Banjir di Sumatera,https://news.detik.com/berita/d-8235414/teka-teki-gelondongan-kayu-terbawa-banjir-di-sumatera,"
Minggu, 30 Nov 2025 06:37 WIB "
"Gubsu Bobby Fokus Evakuasi-Buka Jalur di Tapteng, Pastikan Bantuan Masuk",https://news.detik.com/berita/d-8235397/gubsu-bobby-fokus-evakuasi-buka-jalur-di-tapteng-pastikan-bantuan-masuk,"
Minggu, 30 Nov 2025 05:02 WIB "
"Update Korban Banjir-Longsor di Taput: 23 Orang Tewas, 28 Masih Hilang",https://news.detik.com/berita/d-8235378/update-korban-banjir-longsor-di-taput-23-orang-tewas-28-masih-hilang,"
Minggu, 30 Nov 2025 01:01 WIB "
Puan Ajak Doa Bersama bagi Korban Bencana Banjir dan Longsor di Tanah Air,https://news.detik.com/berita/d-8235311/puan-ajak-doa-bersama-bagi-korban-bencana-banjir-dan-longsor-di-tanah-air,"
Sabtu, 29 Nov 2025 22:30 WIB "
Anjing Pelacak Polda Riau Dikerahkan Cari Korban Longsor di Sumbar,https://news.detik.com/melindungi-tuah-marwah/d-8235284/anjing-pelacak-polda-riau-dikerahkan-cari-korban-longsor-di-sumbar,"
Sabtu, 29 Nov 2025 21:50 WIB "
"Kemensos Distribusikan Logistik Senilai Rp 12,1 M ke 3 Provinsi di Sumatera",https://news.detik.com/berita/d-8235278/kemensos-distribusikan-logistik-senilai-rp-12-1-m-ke-3-provinsi-di-sumatera,"
Sabtu, 29 Nov 2025 21:43 WIB "
Kisah Walkot Sibolga Terjebak Longsor hingga 3 Hari Jalan Kaki,https://news.detik.com/berita/d-8235263/kisah-walkot-sibolga-terjebak-longsor-hingga-3-hari-jalan-kaki,"
Sabtu, 29 Nov 2025 21:33 WIB "
Pemprov DKI Kirim 1.000 Paket Bantuan untuk Korban Banjir-Longsor di Sumatera,https://news.detik.com/berita/d-8235217/pemprov-dki-kirim-1-000-paket-bantuan-untuk-korban-banjir-longsor-di-sumatera,"
Sabtu, 29 Nov 2025 20:39 WIB "
Azizah Salsha dan Sang Ayah Bagikan Bantuan untuk Korban Banjir di Padang,https://news.detik.com/berita/d-8235208/azizah-salsha-dan-sang-ayah-bagikan-bantuan-untuk-korban-banjir-di-padang,"
Sabtu, 29 Nov 2025 20:34 WIB "
28 Ribu Orang Mengungsi Imbas Banjir dan Longsor di Sumut,https://news.detik.com/berita/d-8235168/28-ribu-orang-mengungsi-imbas-banjir-dan-longsor-di-sumut,"
Sabtu, 29 Nov 2025 19:45 WIB "
Jalur Komunikasi di Tapteng-Sibolga Berangsur Lancar Meski Belum 100 Persen,https://news.detik.com/berita/d-8235149/jalur-komunikasi-di-tapteng-sibolga-berangsur-lancar-meski-belum-100-persen,"
Sabtu, 29 Nov 2025 19:31 WIB "
Komisi IV DPR Minta Pemda Sumbar Percepat Pendataan Kerusakan Dampak Banjir,https://news.detik.com/berita/d-8235145/komisi-iv-dpr-minta-pemda-sumbar-percepat-pendataan-kerusakan-dampak-banjir,"
Sabtu, 29 Nov 2025 19:29 WIB "
Korban Banjir-Longsor di Sumbar: 90 Orang Meninggal-85 Hilang,https://news.detik.com/berita/d-8235119/korban-banjir-longsor-di-sumbar-90-orang-meninggal-85-hilang,"
Sabtu, 29 Nov 2025 19:07 WIB "
"Akses Sibolga-Tapteng Masih Putus, Target BNPB 3 Hari Sudah Dibuka",https://news.detik.com/berita/d-8235116/akses-sibolga-tapteng-masih-putus-target-bnpb-3-hari-sudah-dibuka,"
Sabtu, 29 Nov 2025 19:06 WIB "
"2 Prajurit TNI Tewas Akibat Longsor di Padang, 1 Hilang",https://news.detik.com/berita/d-8235100/2-prajurit-tni-tewas-akibat-longsor-di-padang-1-hilang,"
Sabtu, 29 Nov 2025 18:57 WIB "
Legislator Minta Pemerintah Investigasi Viral Kayu Gelondongan di Banjir Sumut,https://news.detik.com/berita/d-8235094/legislator-minta-pemerintah-investigasi-viral-kayu-gelondongan-di-banjir-sumut,"
Sabtu, 29 Nov 2025 18:53 WIB "
"BNPB Ungkap Data Terbaru Pengungsi Korban Banjir-Longsor Sumut, Ini Daftarnya",https://news.detik.com/berita/d-8235084/bnpb-ungkap-data-terbaru-pengungsi-korban-banjir-longsor-sumut-ini-daftarnya,"
Sabtu, 29 Nov 2025 18:31 WIB "
BNPB Update Korban Bencana di Sumut: 166 Orang Tewas-143 Masih Hilang,https://news.detik.com/berita/d-8235082/bnpb-update-korban-bencana-di-sumut-166-orang-tewas-143-masih-hilang,"
Sabtu, 29 Nov 2025 18:29 WIB "
Momen Haru Bhayangkari Jadi Ibu Susu Bayi Korban Longsor di Tapsel,https://news.detik.com/berita/d-8235026/momen-haru-bhayangkari-jadi-ibu-susu-bayi-korban-longsor-di-tapsel,"
Sabtu, 29 Nov 2025 17:39 WIB "
Cak Imin Bicara Peluang Status Bencana Nasional Ditetapkan di Aceh-Sumut,https://news.detik.com/berita/d-8234995/cak-imin-bicara-peluang-status-bencana-nasional-ditetapkan-di-aceh-sumut,"
Sabtu, 29 Nov 2025 17:23 WIB "
Polisi Ungkap 448 Kejadian-1.076 Korban Bencana di Sumut Sejak 24 November,https://news.detik.com/berita/d-8234958/polisi-ungkap-448-kejadian-1-076-korban-bencana-di-sumut-sejak-24-november,"
Sabtu, 29 Nov 2025 16:54 WIB "
"Pakai Heli, Polresta Pekanbaru Kirim Bantuan 1 Ton Beras ke Sumbar",https://news.detik.com/melindungi-tuah-marwah/d-8234887/pakai-heli-polresta-pekanbaru-kirim-bantuan-1-ton-beras-ke-sumbar,"
Sabtu, 29 Nov 2025 15:57 WIB "
Update Data Korban Banjir-Longsor di Sumut: 127 Meninggal dan 104 Hilang,https://news.detik.com/berita/d-8234872/update-data-korban-banjir-longsor-di-sumut-127-meninggal-dan-104-hilang,"
Sabtu, 29 Nov 2025 15:50 WIB "
Kapolri Beri Kenaikan Pangkat Anggota Polda Riau yang Gugur di Sumbar,https://news.detik.com/melindungi-tuah-marwah/d-8234813/kapolri-beri-kenaikan-pangkat-anggota-polda-riau-yang-gugur-di-sumbar,"
Sabtu, 29 Nov 2025 15:13 WIB "
Polri Siapkan 28 Dapur Lapangan untuk Korban Bencana di Sumatera,https://news.detik.com/berita/d-8234720/polri-siapkan-28-dapur-lapangan-untuk-korban-bencana-di-sumatera,"
Sabtu, 29 Nov 2025 14:15 WIB "
Kapolda Riau Beri Penghormatan Terakhir Anggota Korban Longsor di Sumbar,https://news.detik.com/melindungi-tuah-marwah/d-8234704/kapolda-riau-beri-penghormatan-terakhir-anggota-korban-longsor-di-sumbar,"
Sabtu, 29 Nov 2025 13:56 WIB "
Polri Siagakan Tim K9 untuk Pencarian Korban Bencana di Sumatera,https://news.detik.com/berita/d-8234702/polri-siagakan-tim-k9-untuk-pencarian-korban-bencana-di-sumatera,"
Sabtu, 29 Nov 2025 13:55 WIB "
Potret Kayu Gelondongan Berserakan di Pantai Usai Banjir di Padang,https://news.detik.com/berita/d-8234647/potret-kayu-gelondongan-berserakan-di-pantai-usai-banjir-di-padang,"
Sabtu, 29 Nov 2025 13:12 WIB "
InJourney Group Beri Bantuan Pangan-Obat ke Korban Banjir Sumatera-Aceh,https://news.detik.com/berita/d-8234610/injourney-group-beri-bantuan-pangan-obat-ke-korban-banjir-sumatera-aceh,"
Sabtu, 29 Nov 2025 12:58 WIB "
Kemenhut Telusuri Asal Kayu Gelondongan yang Terbawa Banjir di Sumut,https://news.detik.com/berita/d-8234547/kemenhut-telusuri-asal-kayu-gelondongan-yang-terbawa-banjir-di-sumut,"
Sabtu, 29 Nov 2025 12:01 WIB "
"Kirim Bantuan Bencana, 11 Helikopter Kelilingi Daerah Terisolasi di Sumatera",https://news.detik.com/berita/d-8234536/kirim-bantuan-bencana-11-helikopter-kelilingi-daerah-terisolasi-di-sumatera,"
Sabtu, 29 Nov 2025 11:49 WIB "
Polda Riau Kerahkan Drone hingga Starlink Bantu Evakuasi Bencana Sumbar,https://news.detik.com/melindungi-tuah-marwah/d-8234500/polda-riau-kerahkan-drone-hingga-starlink-bantu-evakuasi-bencana-sumbar,"
Sabtu, 29 Nov 2025 11:35 WIB "
Pertamina Kawal Distribusi Energi ke Lokasi Terdampak Banjir di Sumut & Aceh,https://news.detik.com/berita/d-8234482/pertamina-kawal-distribusi-energi-ke-lokasi-terdampak-banjir-di-sumut-aceh,"
Sabtu, 29 Nov 2025 11:15 WIB "
Kapolda Riau Lepas 290 Personel dan Bantuan ke Lokasi Bencana di Sumbar,https://news.detik.com/melindungi-tuah-marwah/d-8234467/kapolda-riau-lepas-290-personel-dan-bantuan-ke-lokasi-bencana-di-sumbar,"
Sabtu, 29 Nov 2025 11:01 WIB "
"Data Korban Banjir-Longsor Agam Sumbar: 86 Orang Tewas, 88 Hilang",https://news.detik.com/berita/d-8234457/data-korban-banjir-longsor-agam-sumbar-86-orang-tewas-88-hilang,"
Sabtu, 29 Nov 2025 10:53 WIB "
"Banjir Sumut, Dapur MBG Diubah Jadi Dapur Umum Bantu Warga Terdampak",https://news.detik.com/berita/d-8234428/banjir-sumut-dapur-mbg-diubah-jadi-dapur-umum-bantu-warga-terdampak,"
Sabtu, 29 Nov 2025 10:36 WIB "
"21 Jenazah Ditemukan di Sungai Padang Pariaman, Diduga Korban Banjir",https://news.detik.com/berita/d-8234406/21-jenazah-ditemukan-di-sungai-padang-pariaman-diduga-korban-banjir,"
Sabtu, 29 Nov 2025 10:25 WIB "
"Doa Prabowo untuk Korban Bencana di Sumatera, Sentil Masalah Lingkungan",https://news.detik.com/berita/d-8234405/doa-prabowo-untuk-korban-bencana-di-sumatera-sentil-masalah-lingkungan,"
Sabtu, 29 Nov 2025 10:23 WIB "
Cerita Walkot Sibolga Jalan Kaki 3 Hari Lewati Area Longsor Taput-Tapteng,https://news.detik.com/berita/d-8234326/cerita-walkot-sibolga-jalan-kaki-3-hari-lewati-area-longsor-taput-tapteng,"
Sabtu, 29 Nov 2025 09:21 WIB "
Komunikasi Terakhir Anggota Polda Riau Korban Longsor di Sumbar,https://news.detik.com/berita/d-8234304/komunikasi-terakhir-anggota-polda-riau-korban-longsor-di-sumbar,"
Sabtu, 29 Nov 2025 09:11 WIB "
Dompet Dhuafa Bantu 10.000 Liter Air Bersih ke Warga Terdampak Banjir Medan,https://news.detik.com/berita/d-8234276/dompet-dhuafa-bantu-10-000-liter-air-bersih-ke-warga-terdampak-banjir-medan,"
Sabtu, 29 Nov 2025 08:40 WIB "
"1 Anggota Polda Riau Tewas Akibat Longsor di Sumbar, 2 Hilang",https://news.detik.com/berita/d-8234257/1-anggota-polda-riau-tewas-akibat-longsor-di-sumbar-2-hilang,"
Sabtu, 29 Nov 2025 08:33 WIB "
"Duka di Utara Sumatera, Korban Jiwa Akibat Bencana Terus Bertambah",https://news.detik.com/berita/d-8234232/duka-di-utara-sumatera-korban-jiwa-akibat-bencana-terus-bertambah,"
Sabtu, 29 Nov 2025 07:39 WIB "
Komisi I DPR Minta Pemerintah Segera Pulihkan Sinyal di Aceh-Sumut-Sumbar,https://news.detik.com/berita/d-8234217/komisi-i-dpr-minta-pemerintah-segera-pulihkan-sinyal-di-aceh-sumut-sumbar,"
Sabtu, 29 Nov 2025 06:44 WIB "
"Jaringan Telekomunikasi di Sumut Putus, Prabowo Kirim 17 Starlink",https://news.detik.com/berita/d-8234170/jaringan-telekomunikasi-di-sumut-putus-prabowo-kirim-17-starlink,"
Sabtu, 29 Nov 2025 04:09 WIB "
Data Terkini Korban Tewas Akibat Banjir di Sumbar Bertambah Jadi 26 Orang,https://news.detik.com/berita/d-8234152/data-terkini-korban-tewas-akibat-banjir-di-sumbar-bertambah-jadi-26-orang,"
Sabtu, 29 Nov 2025 00:07 WIB "
"Prabowo Buka Suara soal Darurat Bencana Nasional di Aceh, Sumbar dan Sumut",https://news.detik.com/berita/d-8234054/prabowo-buka-suara-soal-darurat-bencana-nasional-di-aceh-sumbar-dan-sumut,"
Jumat, 28 Nov 2025 21:53 WIB "
Andre Rosiade Salurkan Bantuan untuk Korban Banjir dan Longsor di Padang,https://news.detik.com/berita/d-8234006/andre-rosiade-salurkan-bantuan-untuk-korban-banjir-dan-longsor-di-padang,"
Jumat, 28 Nov 2025 21:13 WIB "
Bahlil Sebut Tower Listrik Dikirim ke Lokasi Terdampak Banjir di Sumatera,https://news.detik.com/berita/d-8233939/bahlil-sebut-tower-listrik-dikirim-ke-lokasi-terdampak-banjir-di-sumatera,"
Jumat, 28 Nov 2025 20:39 WIB "
BNPB Kerahkan Alat Berat Buka Akses Sumut-Aceh yang Terputus Imbas Banjir,https://news.detik.com/berita/d-8233857/bnpb-kerahkan-alat-berat-buka-akses-sumut-aceh-yang-terputus-imbas-banjir,"
Jumat, 28 Nov 2025 19:46 WIB "
"Percepat Bantuan, Kemensos Kirim Logistik ke Aceh-Sumut Pakai Pesawat",https://news.detik.com/berita/d-8233684/percepat-bantuan-kemensos-kirim-logistik-ke-aceh-sumut-pakai-pesawat,"
Jumat, 28 Nov 2025 18:01 WIB "
"Pray for Sumatera, Mari Bantu Korban Banjir Lewat Donasi di berbuatbaik",https://news.detik.com/berita/d-8233683/pray-for-sumatera-mari-bantu-korban-banjir-lewat-donasi-di-berbuatbaik,"
Jumat, 28 Nov 2025 18:00 WIB "
Mengapa Kita Sibuk pada Tumbler Ketika Sumatera Tenggelam?,https://news.detik.com/kolom/d-8233676/mengapa-kita-sibuk-pada-tumbler-ketika-sumatera-tenggelam,"
Jumat, 28 Nov 2025 17:56 WIB "
Update Korban Tewas Bencana di Sumbar: 23 Orang Tewas-12 Hilang,https://news.detik.com/berita/d-8233661/update-korban-tewas-bencana-di-sumbar-23-orang-tewas-12-hilang,"
Jumat, 28 Nov 2025 17:49 WIB "
"Bener Meriah Aceh Terisolasi gegara Banjir-Longsor, Logistik Menipis",https://news.detik.com/berita/d-8233451/bener-meriah-aceh-terisolasi-gegara-banjir-longsor-logistik-menipis,"
Jumat, 28 Nov 2025 16:27 WIB "
Prabowo Pastikan Pemerintah Gerak Cepat Tangani Bencana di Sumatera,https://news.detik.com/berita/d-8233449/prabowo-pastikan-pemerintah-gerak-cepat-tangani-bencana-di-sumatera,"
Jumat, 28 Nov 2025 16:25 WIB "
Puan Dorong Pemerintah Sigap Tanggap Darurat Bencana di Sumatera,https://news.detik.com/berita/d-8233341/puan-dorong-pemerintah-sigap-tanggap-darurat-bencana-di-sumatera,"
Jumat, 28 Nov 2025 15:50 WIB "
Komisi V DPR Desak Segera Modifikasi Cuaca di Aceh-Sumut Cegah Bencana Susulan,https://news.detik.com/berita/d-8233336/komisi-v-dpr-desak-segera-modifikasi-cuaca-di-aceh-sumut-cegah-bencana-susulan,"
Jumat, 28 Nov 2025 15:47 WIB "
"Desa di Agam Ini Terisolir Imbas Banjir, Butuh Obat untuk Korban Luka",https://news.detik.com/berita/d-8233251/desa-di-agam-ini-terisolir-imbas-banjir-butuh-obat-untuk-korban-luka,"
Jumat, 28 Nov 2025 14:59 WIB "
Kapolri Kerahkan Personel-Bantuan ke Lokasi Banjir dan Longsor di Sumut-Aceh-Sumbar,https://news.detik.com/berita/d-8233247/kapolri-kerahkan-personel-bantuan-ke-lokasi-banjir-dan-longsor-di-sumut-aceh-sumbar,"
Jumat, 28 Nov 2025 14:58 WIB "
Puan Minta Percepat Pembukaan Jalan Terdampak Longsor Aceh-Sumut-Sumbar,https://news.detik.com/berita/d-8233214/puan-minta-percepat-pembukaan-jalan-terdampak-longsor-aceh-sumut-sumbar,"
Jumat, 28 Nov 2025 14:41 WIB "
Andre Rosiade Sebut Gerindra Salurkan Rp500 Juta untuk Korban Banjir Sumbar,https://news.detik.com/berita/d-8233136/andre-rosiade-sebut-gerindra-salurkan-rp500-juta-untuk-korban-banjir-sumbar,"
Jumat, 28 Nov 2025 14:16 WIB "
Banjir Terjang Perumahan Lumin Park Padang Imbas Sungai Lubuk Minturun Meluap,https://news.detik.com/berita/d-8233076/banjir-terjang-perumahan-lumin-park-padang-imbas-sungai-lubuk-minturun-meluap,"
Jumat, 28 Nov 2025 13:57 WIB "
BNPB: Jalan hingga Sekolah Rusak Akibat Banjir-Longsor di Padang Pariaman,https://news.detik.com/berita/d-8233075/bnpb-jalan-hingga-sekolah-rusak-akibat-banjir-longsor-di-padang-pariaman,"
Jumat, 28 Nov 2025 13:57 WIB "
Data BNPB: 72 Orang Meninggal Akibat Banjir di Aceh-Sumut-Sumbar,https://news.detik.com/berita/d-8233059/data-bnpb-72-orang-meninggal-akibat-banjir-di-aceh-sumut-sumbar,"
Jumat, 28 Nov 2025 13:54 WIB "
Komisi VIII DPR Dorong Status Bencana Nasional Aceh-Sumut-Sumbar,https://news.detik.com/berita/d-8233055/komisi-viii-dpr-dorong-status-bencana-nasional-aceh-sumut-sumbar,"
Jumat, 28 Nov 2025 13:50 WIB "
Polda Riau Luncurkan Drone Bantu Pencarian Korban Bencana di Sumbar,https://news.detik.com/melindungi-tuah-marwah/d-8233054/polda-riau-luncurkan-drone-bantu-pencarian-korban-bencana-di-sumbar,"
Jumat, 28 Nov 2025 13:50 WIB "
"Banjir Tapteng, Pria Ini 2 Hari Jalan Kaki Cari Anak dan Istri",https://news.detik.com/berita/d-8233052/banjir-tapteng-pria-ini-2-hari-jalan-kaki-cari-anak-dan-istri,"
Jumat, 28 Nov 2025 13:46 WIB "
"100 Rumah di Nagan Raya Aceh Terdampak Banjir, Akses Jalan Masih Terputus",https://news.detik.com/berita/d-8232996/100-rumah-di-nagan-raya-aceh-terdampak-banjir-akses-jalan-masih-terputus,"
Jumat, 28 Nov 2025 13:20 WIB "
Komisi IX DPR Minta Kemenkes Cegah Penyakit Dampak Banjir Aceh-Sumut-Sumbar,https://news.detik.com/berita/d-8232993/komisi-ix-dpr-minta-kemenkes-cegah-penyakit-dampak-banjir-aceh-sumut-sumbar,"
Jumat, 28 Nov 2025 13:17 WIB "
Dini Hari Mencekam Kala Banjir Kepung Pasar Baru-Unand Padang,https://news.detik.com/berita/d-8232989/dini-hari-mencekam-kala-banjir-kepung-pasar-baru-unand-padang,"
Jumat, 28 Nov 2025 13:14 WIB "
Komisi XII DPR Serahkan Bantuan untuk Korban Bencana di Sumut,https://news.detik.com/berita/d-8232961/komisi-xii-dpr-serahkan-bantuan-untuk-korban-bencana-di-sumut,"
Jumat, 28 Nov 2025 12:56 WIB "
"Kapolda Riau Berduka atas Bencana, Beri Dukungan Penuh untuk Aceh-Sumbar",https://news.detik.com/melindungi-tuah-marwah/d-8232943/kapolda-riau-berduka-atas-bencana-beri-dukungan-penuh-untuk-aceh-sumbar,"
Jumat, 28 Nov 2025 12:44 WIB "
"Jembatan di Pariaman Ambruk Diterjang Banjir, Pemotor Ibu dan Anak Hanyut",https://news.detik.com/berita/d-8232874/jembatan-di-pariaman-ambruk-diterjang-banjir-pemotor-ibu-dan-anak-hanyut,"
Jumat, 28 Nov 2025 12:04 WIB "
"7 Orang Tertimbun Longsor di Pasaman Barat Sumbar, 1 Selamat",https://news.detik.com/berita/d-8232851/7-orang-tertimbun-longsor-di-pasaman-barat-sumbar-1-selamat,"
Jumat, 28 Nov 2025 11:46 WIB "
Korban Tewas Akibat Banjir-Longsor di Sumut Jadi 62 Orang,https://news.detik.com/berita/d-8232809/korban-tewas-akibat-banjir-longsor-di-sumut-jadi-62-orang,"
Jumat, 28 Nov 2025 11:33 WIB "
"Bedah Buku Biografi, Anggota MPR Prihatin Banjir-Longsor Landa Sumut",https://news.detik.com/berita/d-8232710/bedah-buku-biografi-anggota-mpr-prihatin-banjir-longsor-landa-sumut,"
Jumat, 28 Nov 2025 10:41 WIB "
Bobby Tetapkan Status Sumut Tanggap Darurat Bencana!,https://news.detik.com/berita/d-8232680/bobby-tetapkan-status-sumut-tanggap-darurat-bencana,"
Jumat, 28 Nov 2025 10:22 WIB "
"BMKG Jelaskan Siklon Senyar di Indonesia Sudah Melemah, Kini Ada di Malaysia",https://news.detik.com/berita/d-8232614/bmkg-jelaskan-siklon-senyar-di-indonesia-sudah-melemah-kini-ada-di-malaysia,"
Jumat, 28 Nov 2025 09:49 WIB "
Andre Rosiade Salurkan Bantuan ke Korban Bencana Alam di Padang,https://news.detik.com/berita/d-8232599/andre-rosiade-salurkan-bantuan-ke-korban-bencana-alam-di-padang,"
Jumat, 28 Nov 2025 09:44 WIB "
"Pratikno: Siklon Tropis Senyar Memang Dahsyat, tapi Sudah Mulai Menurun",https://news.detik.com/berita/d-8232567/pratikno-siklon-tropis-senyar-memang-dahsyat-tapi-sudah-mulai-menurun,"
Jumat, 28 Nov 2025 09:21 WIB "
Pemerintah Kirim Hercules Bawa Tenda-Makanan ke Aceh-Sumut-Sumbar,https://news.detik.com/berita/d-8232547/pemerintah-kirim-hercules-bawa-tenda-makanan-ke-aceh-sumut-sumbar,"
Jumat, 28 Nov 2025 08:48 WIB "
"Polri Kerahkan Personel Tangani Banjir Sumut, Fokus Evakuasi-Cari Korban",https://news.detik.com/berita/d-8232523/polri-kerahkan-personel-tangani-banjir-sumut-fokus-evakuasi-cari-korban,"
Jumat, 28 Nov 2025 08:24 WIB "
Siklon Senyar Picu Cuaca Ekstrem di Aceh-Sumut?,https://news.detik.com/berita/d-8232273/siklon-senyar-picu-cuaca-ekstrem-di-aceh-sumut,"
Jumat, 28 Nov 2025 07:58 WIB "
"2 Siklon Masih Aktif, BMKG Minta Aceh-Sumut-Sumbar-Riau Siaga Cuaca Ekstrem",https://news.detik.com/berita/d-8232470/2-siklon-masih-aktif-bmkg-minta-aceh-sumut-sumbar-riau-siaga-cuaca-ekstrem,"
Jumat, 28 Nov 2025 07:18 WIB "
"Kayu Gelondongan Terbawa Banjir di Sumut, Ini Kata Bobby",https://news.detik.com/berita/d-8232405/kayu-gelondongan-terbawa-banjir-di-sumut-ini-kata-bobby,"
Jumat, 28 Nov 2025 05:09 WIB "
"Pemerintah Buka Posko di Tapanuli Utara, Bantuan Disalurkan Via Udara",https://news.detik.com/berita/d-8232385/pemerintah-buka-posko-di-tapanuli-utara-bantuan-disalurkan-via-udara,"
Jumat, 28 Nov 2025 01:57 WIB "
"Akses Darat Lumpuh, Basarnas Kerahkan Personel Bantuan ke Aceh-Sumut via Laut",https://news.detik.com/berita/d-8232353/akses-darat-lumpuh-basarnas-kerahkan-personel-bantuan-ke-aceh-sumut-via-laut,"
Kamis, 27 Nov 2025 23:08 WIB "
Cerita Nenek Sulasih Selamat dari Banjir Usai Terjebak 5 Jam di Loteng,https://news.detik.com/berita/d-8232327/cerita-nenek-sulasih-selamat-dari-banjir-usai-terjebak-5-jam-di-loteng,"
Kamis, 27 Nov 2025 22:38 WIB "
Menteri PU: Akses ke Sibolga Belum Bisa Tembus karena Masih Longsor,https://news.detik.com/berita/d-8232314/menteri-pu-akses-ke-sibolga-belum-bisa-tembus-karena-masih-longsor,"
Kamis, 27 Nov 2025 22:19 WIB "
Wamendagri Sebut Prabowo Beri Instruksi Gerak Cepat Tangani Bencana,https://news.detik.com/berita/d-8232013/wamendagri-sebut-prabowo-beri-instruksi-gerak-cepat-tangani-bencana,"
Kamis, 27 Nov 2025 18:47 WIB "
"34 Orang Tewas Akibat Banjir-Longsor di Sumut, Terbanyak di Tapsel",https://news.detik.com/berita/d-8231966/34-orang-tewas-akibat-banjir-longsor-di-sumut-terbanyak-di-tapsel,"
Kamis, 27 Nov 2025 18:22 WIB "
"Banyak Akses Jalan Putus di Aceh-Sumut-Sumbar, Bantuan Dikirim via Udara",https://news.detik.com/berita/d-8231879/banyak-akses-jalan-putus-di-aceh-sumut-sumbar-bantuan-dikirim-via-udara,"
Kamis, 27 Nov 2025 17:31 WIB "
Kemensos Salurkan Bantuan Logistik-Bangun Dapur Umum di Sumatera-Aceh,https://news.detik.com/berita/d-8231864/kemensos-salurkan-bantuan-logistik-bangun-dapur-umum-di-sumatera-aceh,"
Kamis, 27 Nov 2025 17:20 WIB "
Anggota DPR Minta Prabowo Tetapkan Banjir Aceh-Sumut Jadi Bencana Nasional,https://news.detik.com/berita/d-8231850/anggota-dpr-minta-prabowo-tetapkan-banjir-aceh-sumut-jadi-bencana-nasional,"
Kamis, 27 Nov 2025 17:11 WIB "
"Update Banjir-Longsor di Sumbar: 12 Korban Tewas, 12 Ribu Orang Terdampak",https://news.detik.com/berita/d-8231813/update-banjir-longsor-di-sumbar-12-korban-tewas-12-ribu-orang-terdampak,"
Kamis, 27 Nov 2025 16:55 WIB "
"Bantu Korban Bencana Alam, Andre Rosiade Serahkan Bantuan ke Polda Sumbar",https://news.detik.com/berita/d-8231725/bantu-korban-bencana-alam-andre-rosiade-serahkan-bantuan-ke-polda-sumbar,"
Kamis, 27 Nov 2025 16:32 WIB "
Data Terbaru 10 Kabupaten/Kota Terdampak Banjir dan Longsor di Aceh-Sumut,https://news.detik.com/berita/d-8231717/data-terbaru-10-kabupaten-kota-terdampak-banjir-dan-longsor-di-aceh-sumut,"
Kamis, 27 Nov 2025 16:26 WIB "
"Prabowo Kumpulkan Menteri di Istana, Penanganan Banjir Sumut-Aceh Dibahas",https://news.detik.com/berita/d-8231664/prabowo-kumpulkan-menteri-di-istana-penanganan-banjir-sumut-aceh-dibahas,"
Kamis, 27 Nov 2025 16:04 WIB "
BNI Salurkan Bantuan Darurat bagi Korban Banjir Bandang di Padang & Sibolga,https://news.detik.com/berita/d-8231647/bni-salurkan-bantuan-darurat-bagi-korban-banjir-bandang-di-padang-sibolga,"
Kamis, 27 Nov 2025 15:58 WIB "
Menkomdigi Pastikan Jaringan Operator Seluler Terdampak Bencana Diperbaiki,https://news.detik.com/berita/d-8231633/menkomdigi-pastikan-jaringan-operator-seluler-terdampak-bencana-diperbaiki,"
Kamis, 27 Nov 2025 15:51 WIB "
Akses Jalan di Perbatasan Jambi-Sumbar Putus Imbas Longsor,https://news.detik.com/berita/d-8231573/akses-jalan-di-perbatasan-jambi-sumbar-putus-imbas-longsor,"
Kamis, 27 Nov 2025 15:33 WIB "
Kementerian PU Kerahkan Alat Berat ke Lokasi Banjir-Longsor di Sumut,https://news.detik.com/berita/d-8231499/kementerian-pu-kerahkan-alat-berat-ke-lokasi-banjir-longsor-di-sumut,"
Kamis, 27 Nov 2025 15:10 WIB "
Adakah Islah di PBNU?,https://news.detik.com/berita/d-8231364/adakah-islah-di-pbnu,"
Kamis, 27 Nov 2025 14:45 WIB "
Warga Pasaman Barat yang Terjebak Banjir Dievakuasi Pakai Sampan,https://news.detik.com/berita/d-8231436/warga-pasaman-barat-yang-terjebak-banjir-dievakuasi-pakai-sampan,"
Kamis, 27 Nov 2025 14:40 WIB "
"Korban Tewas Imbas Banjir-Longsor di Sumut Jadi 34 Orang, 52 Hilang",https://news.detik.com/berita/d-8231078/korban-tewas-imbas-banjir-longsor-di-sumut-jadi-34-orang-52-hilang,"
Kamis, 27 Nov 2025 11:51 WIB "
Apa Itu Siklon Senyar di Selat Malaka? Picu Cuaca Ekstrem di Aceh-Sumut,https://news.detik.com/berita/d-8231069/apa-itu-siklon-senyar-di-selat-malaka-picu-cuaca-ekstrem-di-aceh-sumut,"
Kamis, 27 Nov 2025 11:44 WIB "
"Medan Banjir Parah, Rumah Warga Terendam Air hingga Atap",https://news.detik.com/berita/d-8230924/medan-banjir-parah-rumah-warga-terendam-air-hingga-atap,"
Kamis, 27 Nov 2025 10:25 WIB "
"Akses Terputus, Evakuasi Korban Banjir di Malalak Sumbar Sulit",https://news.detik.com/berita/d-8230922/akses-terputus-evakuasi-korban-banjir-di-malalak-sumbar-sulit,"
Kamis, 27 Nov 2025 10:25 WIB "
"Longsor di Lembah Anai Sumbar, Akses Jalan Padang-Bukittinggi Terputus",https://news.detik.com/berita/d-8230892/longsor-di-lembah-anai-sumbar-akses-jalan-padang-bukittinggi-terputus,"
Kamis, 27 Nov 2025 10:03 WIB "
"Jalinsum Tarutung-Sipirok Sumut Lumpuh Akibat Longsor, Kendaraan Terjebak",https://news.detik.com/berita/d-8230865/jalinsum-tarutung-sipirok-sumut-lumpuh-akibat-longsor-kendaraan-terjebak,"
Kamis, 27 Nov 2025 09:47 WIB "
"Banjir Bandang Landa Agam Sumbar, 2 Orang Hilang-135 Keluarga Mengungsi",https://news.detik.com/berita/d-8230844/banjir-bandang-landa-agam-sumbar-2-orang-hilang-135-keluarga-mengungsi,"
Kamis, 27 Nov 2025 09:38 WIB "
"Sumbar Tanggap Darurat Banjir, BMKG Ingatkan Potensi Cuaca Ekstrem Masih Ada",https://news.detik.com/berita/d-8230777/sumbar-tanggap-darurat-banjir-bmkg-ingatkan-potensi-cuaca-ekstrem-masih-ada,"
Kamis, 27 Nov 2025 08:49 WIB "
Banjir Bandang di Sumut: 24 Orang Meninggal dan 11 Kabupaten/Kota Terdampak,https://news.detik.com/berita/d-8230432/banjir-bandang-di-sumut-24-orang-meninggal-dan-11-kabupaten-kota-terdampak,"
Kamis, 27 Nov 2025 07:58 WIB "
"Akses ke Sibolga-Tapteng Tertutup, Pemprov Sumut Kirim Bantuan Pakai Hercules",https://news.detik.com/berita/d-8230675/akses-ke-sibolga-tapteng-tertutup-pemprov-sumut-kirim-bantuan-pakai-hercules,"
Kamis, 27 Nov 2025 07:57 WIB "
BNPB Bakal Evakuasi Korban Bencana Via Udara-Modifikasi Cuaca di Sumut,https://news.detik.com/berita/d-8230293/bnpb-bakal-evakuasi-korban-bencana-via-udara-modifikasi-cuaca-di-sumut,"
Rabu, 26 Nov 2025 19:43 WIB "
"Sampaikan Duka Cita, Puan Harap Korban Banjir-Longsor Sumut Dapat Bantuan",https://news.detik.com/berita/d-8230269/sampaikan-duka-cita-puan-harap-korban-banjir-longsor-sumut-dapat-bantuan,"
Rabu, 26 Nov 2025 19:39 WIB "
Polisi: 24 Orang Meninggal Akibat Bencana Alam di Sumut,https://news.detik.com/berita/d-8229989/polisi-24-orang-meninggal-akibat-bencana-alam-di-sumut,"
Rabu, 26 Nov 2025 17:23 WIB "
Puan Minta Pemerintah Percepat Evakuasi Korban Banjir Bandang Sumut,https://news.detik.com/berita/d-8229937/puan-minta-pemerintah-percepat-evakuasi-korban-banjir-bandang-sumut,"
Rabu, 26 Nov 2025 17:00 WIB "
"Titik Banjir-Longsor Meluas, Pemprov Sumbar Tetapkan Status Tanggap Darurat",https://news.detik.com/berita/d-8229834/titik-banjir-longsor-meluas-pemprov-sumbar-tetapkan-status-tanggap-darurat,"
Rabu, 26 Nov 2025 16:28 WIB "
"Longsor di Kampus UIN Imam Bonjol Timbun Mobil-Motor, Kuliah Beralih Daring",https://news.detik.com/berita/d-8229251/longsor-di-kampus-uin-imam-bonjol-timbun-mobil-motor-kuliah-beralih-daring,"
Rabu, 26 Nov 2025 11:39 WIB "
Update Dampak Banjir Bandang-Longsor di Sumut: 13 Orang Tewas dan 37 Luka,https://news.detik.com/berita/d-8229199/update-dampak-banjir-bandang-longsor-di-sumut-13-orang-tewas-dan-37-luka,"
Rabu, 26 Nov 2025 11:19 WIB "
"Dampak Banjir Bandang-Longsor di Sumut: Ribuan Rumah Rusak, 2 Jembatan Putus",https://news.detik.com/berita/d-8229144/dampak-banjir-bandang-longsor-di-sumut-ribuan-rumah-rusak-2-jembatan-putus,"
Rabu, 26 Nov 2025 10:53 WIB "
Jembatan di Jalan Nasional Tapanuli Utara Sumut Ambruk Akibat Banjir-Longsor,https://news.detik.com/berita/d-8228923/jembatan-di-jalan-nasional-tapanuli-utara-sumut-ambruk-akibat-banjir-longsor,"
Rabu, 26 Nov 2025 08:25 WIB "
"Banjir Bandang dan Longsor Terjang 6 Wilayah di Sumut, 10 Warga Tewas",https://news.detik.com/berita/d-8228900/banjir-bandang-dan-longsor-terjang-6-wilayah-di-sumut-10-warga-tewas,"
Rabu, 26 Nov 2025 08:04 WIB "
Ibu dan 3 Anaknya Tewas Akibat Longsor di Tapteng Sumut,https://news.detik.com/berita/d-8228116/ibu-dan-3-anaknya-tewas-akibat-longsor-di-tapteng-sumut,"
Selasa, 25 Nov 2025 17:11 WIB "
"Banjir Bandang Terjang Tapsel, Ketinggian Air Capai Atap Rumah",https://news.detik.com/berita/d-8228017/banjir-bandang-terjang-tapsel-ketinggian-air-capai-atap-rumah,"
Selasa, 25 Nov 2025 16:43 WIB "
