title,url,date
9 Capaian Kapolri Transformasi Polri Dibeberkan di Senayan,https://news.detik.com/berita/d-6670320/9-capaian-kapolri-transformasi-polri-dibeberkan-di-senayan,"
Kamis, 13 Apr 2023 07:17 WIB "
Kapolri Beberkan Pelatihan Pengamanan Stadion Tindak Lanjut Kanjuruhan,https://news.detik.com/berita/d-6668680/kapolri-beberkan-pelatihan-pengamanan-stadion-tindak-lanjut-kanjuruhan,"
Rabu, 12 Apr 2023 11:41 WIB "
Kejagung Pelajari Aduan soal Pelanggaran HAM Berat di Tragedi Kanjuruhan,https://news.detik.com/berita/d-6668378/kejagung-pelajari-aduan-soal-pelanggaran-ham-berat-di-tragedi-kanjuruhan,"
Rabu, 12 Apr 2023 08:43 WIB "
"Merasa Diintimidasi, Korban Tragedi Kanjuruhan Minta Perlindungan LPSK",https://news.detik.com/berita/d-6667881/merasa-diintimidasi-korban-tragedi-kanjuruhan-minta-perlindungan-lpsk,"
Selasa, 11 Apr 2023 19:28 WIB "
Polri Tepis Tolak Laporan Korban Kanjuruhan: Proses Hukum Masih Jalan,https://news.detik.com/berita/d-6667879/polri-tepis-tolak-laporan-korban-kanjuruhan-proses-hukum-masih-jalan,"
Selasa, 11 Apr 2023 19:27 WIB "
Keluarga Korban Adukan Dugaan Pelanggaran HAM Berat Kanjuruhan ke Kejagung,https://news.detik.com/berita/d-6667753/keluarga-korban-adukan-dugaan-pelanggaran-ham-berat-kanjuruhan-ke-kejagung,"
Selasa, 11 Apr 2023 18:11 WIB "
"Dianggap Tak Cukup Bukti, Laporan Korban Kanjuruhan Ditolak Bareskrim",https://news.detik.com/berita/d-6665985/dianggap-tak-cukup-bukti-laporan-korban-kanjuruhan-ditolak-bareskrim,"
Senin, 10 Apr 2023 21:02 WIB "
dr Erwinn Gagas Bhayangkara Prioritas hingga Layanan Kesehatan Luar Biasa,https://news.detik.com/berita/d-6664853/dr-erwinn-gagas-bhayangkara-prioritas-hingga-layanan-kesehatan-luar-biasa,"
Senin, 10 Apr 2023 13:04 WIB "
Menpora Mau Kembangkan Sport Industry Ecosystem: Saya Belajar dari Kanjuruhan,https://news.detik.com/berita/d-6655593/menpora-mau-kembangkan-sport-industry-ecosystem-saya-belajar-dari-kanjuruhan,"
Selasa, 04 Apr 2023 16:35 WIB "
Donasi berbuatbaik.id Bantu Kuatkan Para Korban Tragedi Kanjuruhan,https://news.detik.com/berita/d-6654852/donasi-berbuatbaik-id-bantu-kuatkan-para-korban-tragedi-kanjuruhan,"
Selasa, 04 Apr 2023 12:18 WIB "
Informasi Intelijen dan Gagalnya Piala Dunia,https://news.detik.com/x/detail/spotlight/20230403/Informasi-Intelijen-dan-Gagalnya-Piala-Dunia/,"
Senin, 03 Apr 2023 15:57 WIB "
"RI Batal Jadi Host Pildun U-20, Jurnalis Inggris Beberkan Alasannya",https://news.detik.com/berita/d-6652821/ri-batal-jadi-host-pildun-u-20-jurnalis-inggris-beberkan-alasannya,"
Senin, 03 Apr 2023 13:13 WIB "
"Bola, Identitas dan Industri",https://news.detik.com/kolom/d-6649861/bola-identitas-dan-industri,"
Sabtu, 01 Apr 2023 16:26 WIB "
"Sebut FIFA Bersikap Diskriminatif, HNW Dorong Indonesia 'Melawan'",https://news.detik.com/berita/d-6647999/sebut-fifa-bersikap-diskriminatif-hnw-dorong-indonesia-melawan,"
Jumat, 31 Mar 2023 11:36 WIB "
Reaksi Ganjar hingga Koster Usai Piala Dunia U-20 Batal di Indonesia,https://news.detik.com/berita/d-6647658/reaksi-ganjar-hingga-koster-usai-piala-dunia-u-20-batal-di-indonesia,"
Jumat, 31 Mar 2023 07:59 WIB "
NasDem: RI Batal Tuan Rumah Piala Dunia U-20 Jadi Introspeksi,https://news.detik.com/berita/d-6647650/nasdem-ri-batal-tuan-rumah-piala-dunia-u-20-jadi-introspeksi,"
Jumat, 31 Mar 2023 07:43 WIB "
Fahri Hamzah Minta PSSI-Pemerintah Jelaskan Alasan FIFA Batalkan Pildun U-20 RI,https://news.detik.com/berita/d-6647083/fahri-hamzah-minta-pssi-pemerintah-jelaskan-alasan-fifa-batalkan-pildun-u-20-ri,"
Kamis, 30 Mar 2023 18:41 WIB "
PAN Tepis Anggapan Ganjar Antitesis Jokowi soal Piala Dunia U20,https://news.detik.com/pemilu/d-6646943/pan-tepis-anggapan-ganjar-antitesis-jokowi-soal-piala-dunia-u20,"
Kamis, 30 Mar 2023 17:36 WIB "
Bonong dan Riuh Bola Kebenaran,https://news.detik.com/kolom/d-6646883/bonong-dan-riuh-bola-kebenaran,"
Kamis, 30 Mar 2023 17:05 WIB "
Komisi X DPR: Pemain Timnas Gagal Dapat Pengalaman Lolos Piala Dunia,https://news.detik.com/berita/d-6646285/komisi-x-dpr-pemain-timnas-gagal-dapat-pengalaman-lolos-piala-dunia,"
Kamis, 30 Mar 2023 13:27 WIB "
4 Poin Respons Hasto PDIP soal Batalnya Piala Dunia U-20 di Indonesia,https://news.detik.com/berita/d-6646185/4-poin-respons-hasto-pdip-soal-batalnya-piala-dunia-u-20-di-indonesia,"
Kamis, 30 Mar 2023 12:52 WIB "
"Piala Dunia U-20 Batal di RI, PPP: FIFA Tak Sebut Israel tapi Kanjuruhan",https://news.detik.com/berita/d-6646049/piala-dunia-u-20-batal-di-ri-ppp-fifa-tak-sebut-israel-tapi-kanjuruhan,"
Kamis, 30 Mar 2023 11:58 WIB "
"Piala Dunia U-20 Batal di RI, Golkar Tunjuk Hidung Pemda!",https://news.detik.com/berita/d-6645977/piala-dunia-u-20-batal-di-ri-golkar-tunjuk-hidung-pemda,"
Kamis, 30 Mar 2023 11:21 WIB "
"Piala Dunia U-20 Batal di RI, Andre Rosiade: Kita Dukung Timnas di SEA Games!",https://news.detik.com/berita/d-6645916/piala-dunia-u-20-batal-di-ri-andre-rosiade-kita-dukung-timnas-di-sea-games,"
Kamis, 30 Mar 2023 10:49 WIB "
"Piala Dunia U-20 Batal di RI, Begini Dampak Politis ke Prabowo dan Ganjar?",https://news.detik.com/pemilu/d-6645788/piala-dunia-u-20-batal-di-ri-begini-dampak-politis-ke-prabowo-dan-ganjar,"
Kamis, 30 Mar 2023 09:54 WIB "
"RI Batal Jadi Tuan Rumah Piala Dunia U20, Andre Rosiade: Ini Menyedihkan",https://news.detik.com/berita/d-6645528/ri-batal-jadi-tuan-rumah-piala-dunia-u20-andre-rosiade-ini-menyedihkan,"
Kamis, 30 Mar 2023 02:31 WIB "
"FIFA Batalkan Piala Dunia U-20 di RI, Gibran Tak Mau Bahas Lagi",https://news.detik.com/berita/d-6645480/fifa-batalkan-piala-dunia-u-20-di-ri-gibran-tak-mau-bahas-lagi,"
Rabu, 29 Mar 2023 23:36 WIB "
FIFA: Indonesia Batal jadi Tuan Rumah Piala Dunia U-20,https://news.detik.com/berita/d-6645420/fifa-indonesia-batal-jadi-tuan-rumah-piala-dunia-u-20,"
Rabu, 29 Mar 2023 22:12 WIB "
Propam Klarifikasi Pelapor soal Dugaan Pelanggaran Etik Kapolda Jatim,https://news.detik.com/berita/d-6641967/propam-klarifikasi-pelapor-soal-dugaan-pelanggaran-etik-kapolda-jatim,"
Selasa, 28 Mar 2023 11:37 WIB "
HNW Sebut Penolakan Israel di Piala Dunia U-20 Bentuk Taat Konstitusi,https://news.detik.com/berita/d-6639622/hnw-sebut-penolakan-israel-di-piala-dunia-u-20-bentuk-taat-konstitusi,"
Senin, 27 Mar 2023 09:40 WIB "
Eks Komisioner Komnas HAM Dukung Jaksa Ajukan Kasasi Vonis Bebas Kanjuruhan,https://news.detik.com/berita/d-6638153/eks-komisioner-komnas-ham-dukung-jaksa-ajukan-kasasi-vonis-bebas-kanjuruhan,"
Minggu, 26 Mar 2023 00:33 WIB "
Komnas HAM Ungkap Ada Intimidasi ke Jaksa di Sidang Kanjuruhan,https://news.detik.com/berita/d-6636081/komnas-ham-ungkap-ada-intimidasi-ke-jaksa-di-sidang-kanjuruhan,"
Jumat, 24 Mar 2023 15:56 WIB "
Pakar Pidana Dorong Jaksa Ajukan Kasasi di Vonis Bebas Kasus Kanjuruhan,https://news.detik.com/berita/d-6635205/pakar-pidana-dorong-jaksa-ajukan-kasasi-di-vonis-bebas-kasus-kanjuruhan,"
Jumat, 24 Mar 2023 10:27 WIB "
YLBHI dkk Kritik Proses Sidang Tragedi Kanjuruhan,https://news.detik.com/berita/d-6631009/ylbhi-dkk-kritik-proses-sidang-tragedi-kanjuruhan,"
Selasa, 21 Mar 2023 16:12 WIB "
Ancang-ancang Jaksa Kasasi Vonis Bebas 2 Terdakwa Tragedi Kanjuruhan,https://news.detik.com/berita/d-6627354/ancang-ancang-jaksa-kasasi-vonis-bebas-2-terdakwa-tragedi-kanjuruhan,"
Minggu, 19 Mar 2023 17:01 WIB "
Jaksa Bakal Kasasi Vonis Bebas 2 Perwira Polisi di Kasus Kanjuruhan,https://news.detik.com/berita/d-6626532/jaksa-bakal-kasasi-vonis-bebas-2-perwira-polisi-di-kasus-kanjuruhan,"
Sabtu, 18 Mar 2023 21:28 WIB "
Kata Polri soal Hakim Bebaskan 2 Polisi Terdakwa Kasus Tragedi Kanjuruhan,https://news.detik.com/berita/d-6624554/kata-polri-soal-hakim-bebaskan-2-polisi-terdakwa-kasus-tragedi-kanjuruhan,"
Jumat, 17 Mar 2023 15:37 WIB "
Vonis 5 Terdakwa Kanjuruhan Bikin Aremania dan Keluarga Korban Kehilangan Kata,https://news.detik.com/berita/d-6623977/vonis-5-terdakwa-kanjuruhan-bikin-aremania-dan-keluarga-korban-kehilangan-kata,"
Jumat, 17 Mar 2023 11:00 WIB "
"2 Polisi Terdakwa Kanjuruhan Divonis Bebas, Kompolnas Hormati Putusan Hakim",https://news.detik.com/berita/d-6623773/2-polisi-terdakwa-kanjuruhan-divonis-bebas-kompolnas-hormati-putusan-hakim,"
Jumat, 17 Mar 2023 08:57 WIB "
Arah Angin Ubah Gas Air Mata di Kanjuruhan Bikin 2 Polisi Divonis Bebas,https://news.detik.com/berita/d-6623335/arah-angin-ubah-gas-air-mata-di-kanjuruhan-bikin-2-polisi-divonis-bebas,"
Kamis, 16 Mar 2023 20:13 WIB "
"5 Terdakwa Tragedi Kanjuruhan Telah Divonis, 2 Polisi Bebas",https://news.detik.com/berita/d-6622546/5-terdakwa-tragedi-kanjuruhan-telah-divonis-2-polisi-bebas,"
Kamis, 16 Mar 2023 15:49 WIB "
Hakim Bebaskan AKP Bambang di Tragedi Kanjuruhan: Angin Ubah Arah Gas Air Mata,https://news.detik.com/berita/d-6622506/hakim-bebaskan-akp-bambang-di-tragedi-kanjuruhan-angin-ubah-arah-gas-air-mata,"
Kamis, 16 Mar 2023 15:32 WIB "
Eks Kabag Ops Polres Malang Juga Divonis Bebas di Kasus Tragedi Kanjuruhan!,https://news.detik.com/berita/d-6622464/eks-kabag-ops-polres-malang-juga-divonis-bebas-di-kasus-tragedi-kanjuruhan,"
Kamis, 16 Mar 2023 15:08 WIB "
Eks Kasat Samapta Polres Malang Divonis Bebas di Kasus Tragedi Kanjuruhan!,https://news.detik.com/berita/d-6622019/eks-kasat-samapta-polres-malang-divonis-bebas-di-kasus-tragedi-kanjuruhan,"
Kamis, 16 Mar 2023 11:59 WIB "
"Eks Danki Brimob Hasdarman Divonis 1,5 Tahun Bui Terkait Tragedi Kanjuruhan",https://news.detik.com/berita/d-6621988/eks-danki-brimob-hasdarman-divonis-1-5-tahun-bui-terkait-tragedi-kanjuruhan,"
Kamis, 16 Mar 2023 11:42 WIB "
Security Officer Arema Divonis 1 Tahun Bui di Sidang Tragedi Kanjuruhan,https://news.detik.com/berita/d-6609541/security-officer-arema-divonis-1-tahun-bui-di-sidang-tragedi-kanjuruhan,"
Kamis, 09 Mar 2023 14:43 WIB "
"Profil Kombes Budi Hermanto, Sosok di Balik Penangkapan Wahyu Kenzo",https://news.detik.com/berita/d-6609479/profil-kombes-budi-hermanto-sosok-di-balik-penangkapan-wahyu-kenzo,"
Kamis, 09 Mar 2023 14:29 WIB "
"Panpel Arema Abdul Haris Divonis 1,5 Tahun Bui Terkait Tragedi Kanjuruhan",https://news.detik.com/berita/d-6609126/panpel-arema-abdul-haris-divonis-1-5-tahun-bui-terkait-tragedi-kanjuruhan,"
Kamis, 09 Mar 2023 12:00 WIB "
Meninjau Usulan Perluasan Kodam,https://news.detik.com/kolom/d-6607184/meninjau-usulan-perluasan-kodam,"
Rabu, 08 Mar 2023 15:10 WIB "
"Puji Polrestabes, Pemkot Surabaya Beri Bantuan 11 Mobil Operasional",https://news.detik.com/berita/d-6604903/puji-polrestabes-pemkot-surabaya-beri-bantuan-11-mobil-operasional,"
Selasa, 07 Mar 2023 10:40 WIB "
Iwan Bule: Saya Hanya Cari Nama dan Pahala,https://news.detik.com/x/detail/spotlight/20230301/Saya-Hanya-Cari-Nama-dan-Pahala/,"
Rabu, 01 Mar 2023 14:39 WIB "
Waketum Golkar Beri PR ke Menpora Baru Termasuk Penuntasan Tragedi Kanjuruhan,https://news.detik.com/berita/d-6593333/waketum-golkar-beri-pr-ke-menpora-baru-termasuk-penuntasan-tragedi-kanjuruhan,"
Selasa, 28 Feb 2023 16:25 WIB "
Iwan Bule di PSSI: Dari Naikkan Gaji Wasit-Tragedi Kanjuruhan,https://news.detik.com/x/detail/spotlight/20230228/Dari-Naikkan-Gaji-Wasit-Tragedi-Kanjuruhan/,"
Selasa, 28 Feb 2023 13:40 WIB "
YLBHI dkk Laporkan Kapolda Jatim-Kapolrestabes Surabaya ke Propam Polri,https://news.detik.com/berita/d-6591641/ylbhi-dkk-laporkan-kapolda-jatim-kapolrestabes-surabaya-ke-propam-polri,"
Senin, 27 Feb 2023 17:59 WIB "
Menakar Peluang Iwan Bule di Pilgub Jabar,https://news.detik.com/x/detail/spotlight/20230227/Menakar-Peluang-Iwan-Bule-di-Pilgub-Jabar/,"
Senin, 27 Feb 2023 15:33 WIB "
"Jokowi Paparkan Hasil Audit 22 Stadion Sepakbola, 5 Stadion Rusak Berat",https://news.detik.com/berita/d-6586111/jokowi-paparkan-hasil-audit-22-stadion-sepakbola-5-stadion-rusak-berat,"
Jumat, 24 Feb 2023 09:56 WIB "
3 Polisi Terdakwa Kasus Tragedi Kanjuruhan Dituntut 3 Tahun Bui,https://news.detik.com/berita/d-6585677/3-polisi-terdakwa-kasus-tragedi-kanjuruhan-dituntut-3-tahun-bui,"
Kamis, 23 Feb 2023 20:57 WIB "
Polda Jateng: Pengamanan PSIS Vs Persis di Stadion Jatidiri Sesuai SOP,https://news.detik.com/berita/d-6575802/polda-jateng-pengamanan-psis-vs-persis-di-stadion-jatidiri-sesuai-sop,"
Sabtu, 18 Feb 2023 14:10 WIB "
Komisi X DPR Minta Erick Thohir Evaluasi Total Buntut Kericuhan di Jatidiri,https://news.detik.com/berita/d-6575279/komisi-x-dpr-minta-erick-thohir-evaluasi-total-buntut-kericuhan-di-jatidiri,"
Sabtu, 18 Feb 2023 06:45 WIB "
"Erick Thohir: PSIS-Persis Seduluran, Suporter dan Polisi Tenangkan Diri",https://news.detik.com/berita/d-6574855/erick-thohir-psis-persis-seduluran-suporter-dan-polisi-tenangkan-diri,"
Jumat, 17 Feb 2023 19:07 WIB "
Mahfud Yakin Erick Thohir Tak Akan Korupsi di PSSI,https://news.detik.com/berita/d-6573574/mahfud-yakin-erick-thohir-tak-akan-korupsi-di-pssi,"
Jumat, 17 Feb 2023 10:14 WIB "
"Erick Thohir Jadi Ketum PSSI, Zulhas Yakin Sepakbola Indonesia Membaik",https://news.detik.com/berita/d-6573146/erick-thohir-jadi-ketum-pssi-zulhas-yakin-sepakbola-indonesia-membaik,"
Kamis, 16 Feb 2023 20:39 WIB "
Kapolri Tegur Kapolda Jatim Usai Anggota Brimob Bikin Gaduh Sidang Kanjuruhan,https://news.detik.com/berita/d-6572674/kapolri-tegur-kapolda-jatim-usai-anggota-brimob-bikin-gaduh-sidang-kanjuruhan,"
Kamis, 16 Feb 2023 17:02 WIB "
Polisi Minta Maaf soal Yel-yel Brimob Saat Sidang Kanjuruhan,https://news.detik.com/pemilu/d-6571016/polisi-minta-maaf-soal-yel-yel-brimob-saat-sidang-kanjuruhan,"
Rabu, 15 Feb 2023 19:06 WIB "
Yel-yel Anggota Brimob Saat Sidang Kanjuruhan Berujung Teguran,https://news.detik.com/berita/d-6569459/yel-yel-anggota-brimob-saat-sidang-kanjuruhan-berujung-teguran,"
Rabu, 15 Feb 2023 09:18 WIB "
Terdakwa Kasus Kanjuruhan Minta Ketua PSSI-Dirut PT LIB Turut Diadili,https://news.detik.com/berita/d-6563714/terdakwa-kasus-kanjuruhan-minta-ketua-pssi-dirut-pt-lib-turut-diadili,"
Sabtu, 11 Feb 2023 17:20 WIB "
"Anggaran Bansos Bencana Non-alam Lebih dari 100%, Mensos: Ada Kanjuruhan",https://news.detik.com/berita/d-6557838/anggaran-bansos-bencana-non-alam-lebih-dari-100-mensos-ada-kanjuruhan,"
Rabu, 08 Feb 2023 12:14 WIB "
"Akses JIS Dikeluhkan Penonton Dewa 19, PDIP DKI Sindir Proses Pembangunan",https://news.detik.com/berita/d-6553544/akses-jis-dikeluhkan-penonton-dewa-19-pdip-dki-sindir-proses-pembangunan,"
Senin, 06 Feb 2023 09:10 WIB "
Polri Akan Pelajari Aplikasi Deteksi Insiden yang Digunakan Polisi AS,https://news.detik.com/berita/d-6545912/polri-akan-pelajari-aplikasi-deteksi-insiden-yang-digunakan-polisi-as,"
Rabu, 01 Feb 2023 15:52 WIB "
Kapolri Tingkatkan Kemampuan Pengamanan Sepakbola: Wujudkan Standar FIFA,https://news.detik.com/berita/d-6545743/kapolri-tingkatkan-kemampuan-pengamanan-sepakbola-wujudkan-standar-fifa,"
Rabu, 01 Feb 2023 14:41 WIB "
Kapolri Tutup Kursus Manajemen Pengamanan: Kanjuruhan Tak Boleh Terulang,https://news.detik.com/berita/d-6545466/kapolri-tutup-kursus-manajemen-pengamanan-kanjuruhan-tak-boleh-terulang,"
Rabu, 01 Feb 2023 12:37 WIB "
Pasal yang Ancam 7 Tersangka Rusuh Demo Kantor Arema: 6-7 Tahun Bui,https://news.detik.com/berita/d-6545450/pasal-yang-ancam-7-tersangka-rusuh-demo-kantor-arema-6-7-tahun-bui,"
Rabu, 01 Feb 2023 12:32 WIB "
Duduk Perkara Demo Ricuh Aremania hingga 107 Orang Diamankan,https://news.detik.com/berita/d-6541170/duduk-perkara-demo-ricuh-aremania-hingga-107-orang-diamankan,"
Senin, 30 Jan 2023 08:33 WIB "
6 Fakta Bus Persis Solo Dilempari Batu Sampai Gibran-Kaesang Bersuara,https://news.detik.com/berita/d-6540876/6-fakta-bus-persis-solo-dilempari-batu-sampai-gibran-kaesang-bersuara,"
Minggu, 29 Jan 2023 20:37 WIB "
"Demo Ricuh di Kantor Arema FC, 3 Orang Dievakuasi ke RS",https://news.detik.com/berita/d-6540685/demo-ricuh-di-kantor-arema-fc-3-orang-dievakuasi-ke-rs,"
Minggu, 29 Jan 2023 18:45 WIB "
Kaca Kantor Arema FC Pecah Dilempari Massa Pendemo yang Ricuh,https://news.detik.com/berita/d-6540477/kaca-kantor-arema-fc-pecah-dilempari-massa-pendemo-yang-ricuh,"
Minggu, 29 Jan 2023 16:11 WIB "
Bus Persis Solo Dilempari Batu: Awal Mula Hingga Penangkapan Pelaku,https://news.detik.com/berita/d-6540361/bus-persis-solo-dilempari-batu-awal-mula-hingga-penangkapan-pelaku,"
Minggu, 29 Jan 2023 15:07 WIB "
"Bus Persis Solo Dilempari Batu, Gibran dan Kaesang Buka Suara",https://news.detik.com/berita/d-6539955/bus-persis-solo-dilempari-batu-gibran-dan-kaesang-buka-suara,"
Minggu, 29 Jan 2023 09:10 WIB "
"Daftar Jadi Caketum PSSI, Erick Thohir Singgung 'Bersih-bersih'",https://news.detik.com/berita/d-6538402/daftar-jadi-caketum-pssi-erick-thohir-singgung-bersih-bersih,"
Jumat, 27 Jan 2023 20:25 WIB "
"Polri Gelar Kursus Pengamanan Sepakbola, Datangkan Instruktur dari Inggris",https://news.detik.com/berita/d-6533077/polri-gelar-kursus-pengamanan-sepakbola-datangkan-instruktur-dari-inggris,"
Rabu, 25 Jan 2023 10:59 WIB "
Kesaksian Steward di Tragedi Kanjuruhan Direkrut dari Komunitas Gym,https://news.detik.com/berita/d-6525583/kesaksian-steward-di-tragedi-kanjuruhan-direkrut-dari-komunitas-gym,"
Jumat, 20 Jan 2023 11:45 WIB "
Terkuak 5 Menit Mencekam Tragedi Kanjuruhan: Ada Wanita Terjepit,https://news.detik.com/berita/d-6524266/terkuak-5-menit-mencekam-tragedi-kanjuruhan-ada-wanita-terjepit,"
Kamis, 19 Jan 2023 16:03 WIB "
"Audiensi di DPR, Korban Tragedi Kanjuruhan Lapor Bantuan Pengobatan Disetop",https://news.detik.com/berita/d-6523110/audiensi-di-dpr-korban-tragedi-kanjuruhan-lapor-bantuan-pengobatan-disetop,"
Rabu, 18 Jan 2023 23:28 WIB "
Ketua Komisi X Tak Setuju Spanduk Tragedi Kanjuruhan Dilarang Membentang,https://news.detik.com/berita/d-6522849/ketua-komisi-x-tak-setuju-spanduk-tragedi-kanjuruhan-dilarang-membentang,"
Rabu, 18 Jan 2023 19:27 WIB "
"Rapat di DPR, Anggota DPRD Malang Ungkit Sidang Kasus Kanjuruhan Tertutup",https://news.detik.com/berita/d-6522640/rapat-di-dpr-anggota-dprd-malang-ungkit-sidang-kasus-kanjuruhan-tertutup,"
Rabu, 18 Jan 2023 18:07 WIB "
"DPRD Malang Temui Komisi X DPR, Bawa Aspirasi Keluarga Korban Kanjuruhan",https://news.detik.com/berita/d-6522284/dprd-malang-temui-komisi-x-dpr-bawa-aspirasi-keluarga-korban-kanjuruhan,"
Rabu, 18 Jan 2023 16:16 WIB "
Kisah Pilu 2 Balita Tak Tahu Ibunya Wafat Jadi Korban Tragedi Kanjuruhan,https://news.detik.com/berita/d-6520049/kisah-pilu-2-balita-tak-tahu-ibunya-wafat-jadi-korban-tragedi-kanjuruhan,"
Selasa, 17 Jan 2023 14:29 WIB "
Jaksa Ungkap Peran 3 Oknum Polisi di Tragedi Kanjuruhan,https://news.detik.com/berita/d-6518660/jaksa-ungkap-peran-3-oknum-polisi-di-tragedi-kanjuruhan,"
Senin, 16 Jan 2023 17:46 WIB "
"Sidang Tragedi Kanjuruhan, Kendaraan Pelat N Masuk Surabaya Dicek Polisi",https://news.detik.com/berita/d-6517919/sidang-tragedi-kanjuruhan-kendaraan-pelat-n-masuk-surabaya-dicek-polisi,"
Senin, 16 Jan 2023 13:17 WIB "
"5 Terdakwa Kanjuruhan Didakwa Lalai Bikin Orang Tewas, Terancam 5 Tahun Bui",https://news.detik.com/berita/d-6517771/5-terdakwa-kanjuruhan-didakwa-lalai-bikin-orang-tewas-terancam-5-tahun-bui,"
Senin, 16 Jan 2023 12:32 WIB "
5 Rantis dan Polisi Bersenjata Gas Air Mata Siaga Jelang Sidang Kanjuruhan,https://news.detik.com/berita/d-6517548/5-rantis-dan-polisi-bersenjata-gas-air-mata-siaga-jelang-sidang-kanjuruhan,"
Senin, 16 Jan 2023 11:07 WIB "
Sidang Perdana Tragedi Kanjuruhan,https://news.detik.com/detiktv/d-6517413/sidang-perdana-tragedi-kanjuruhan,"
Senin, 16 Jan 2023 10:12 WIB "
"Kapan Sidang Tragedi Kanjuruhan? Waktu, Lokasi, Aturan Pelaksanaan",https://news.detik.com/berita/d-6516825/kapan-sidang-tragedi-kanjuruhan-waktu-lokasi-aturan-pelaksanaan,"
Minggu, 15 Jan 2023 18:39 WIB "
Aturan dan Fakta-fakta Jelang Sidang Perdana Tragedi Kanjuruhan Besok,https://news.detik.com/berita/d-6516245/aturan-dan-fakta-fakta-jelang-sidang-perdana-tragedi-kanjuruhan-besok,"
Minggu, 15 Jan 2023 09:58 WIB "
"Sidang Tragedi Kanjuruhan Dilarang Disiarkan Live, Begini Respons Mahfud",https://news.detik.com/berita/d-6516186/sidang-tragedi-kanjuruhan-dilarang-disiarkan-live-begini-respons-mahfud,"
Minggu, 15 Jan 2023 08:45 WIB "
"Liga Disetop, Komisi X DPR Akan Pertimbangkan Panggil PSSI dan Kemenpora",https://news.detik.com/berita/d-6516104/liga-disetop-komisi-x-dpr-akan-pertimbangkan-panggil-pssi-dan-kemenpora,"
Minggu, 15 Jan 2023 06:16 WIB "
Andre Rosiade Kecewa Liga 2 Disetop: Tidak Masuk Akal!,https://news.detik.com/berita/d-6515303/andre-rosiade-kecewa-liga-2-disetop-tidak-masuk-akal,"
Sabtu, 14 Jan 2023 12:31 WIB "
"Mahfud soal Tragedi Kanjuruhan: Kalau Mau Saya Hukum Mati, Tapi Tak Ada Pasal",https://news.detik.com/berita/d-6504698/mahfud-soal-tragedi-kanjuruhan-kalau-mau-saya-hukum-mati-tapi-tak-ada-pasal,"
Minggu, 08 Jan 2023 18:19 WIB "
"Keluarga Korban Tragedi Kanjuruhan Temui Mahfud Md, Harap Ada Keadilan",https://news.detik.com/berita/d-6502324/keluarga-korban-tragedi-kanjuruhan-temui-mahfud-md-harap-ada-keadilan,"
Jumat, 06 Jan 2023 18:31 WIB "
"Ditemui Aremania, KSP Janji Dukung Korban Kanjuruhan Cari Keadilan",https://news.detik.com/berita/d-6500536/ditemui-aremania-ksp-janji-dukung-korban-kanjuruhan-cari-keadilan,"
Kamis, 05 Jan 2023 18:47 WIB "
"Kepercayaan ke Polri Meningkat, Anggota Komisi III DPR: Kemajuan Spektakuler",https://news.detik.com/berita/d-6498636/kepercayaan-ke-polri-meningkat-anggota-komisi-iii-dpr-kemajuan-spektakuler,"
Rabu, 04 Jan 2023 18:14 WIB "
Mahfud Tertawa: Masyarakat Sipil Sering Keliru soal Pelanggaran HAM Berat,https://news.detik.com/berita/d-6497497/mahfud-tertawa-masyarakat-sipil-sering-keliru-soal-pelanggaran-ham-berat,"
Rabu, 04 Jan 2023 10:50 WIB "
Kasus Tragedi Maut Kanjuruhan Segera Disidangkan,https://news.detik.com/berita/d-6496520/kasus-tragedi-maut-kanjuruhan-segera-disidangkan,"
Selasa, 03 Jan 2023 16:41 WIB "
Apresiasi dan Masukan Dewan Pers untuk Polri,https://news.detik.com/berita/d-6492459/apresiasi-dan-masukan-dewan-pers-untuk-polri,"
Minggu, 01 Jan 2023 10:19 WIB "
Komisi X Nilai Suporter Naik Sound GBK Tak Usah Dipolisikan: Cukup Dibina,https://news.detik.com/berita/d-6492407/komisi-x-nilai-suporter-naik-sound-gbk-tak-usah-dipolisikan-cukup-dibina,"
Minggu, 01 Jan 2023 09:36 WIB "
Syukur Kapolri di Ujung 2022: MIT Poso Diberantas-Kepercayaan Publik Naik,https://news.detik.com/berita/d-6492333/syukur-kapolri-di-ujung-2022-mit-poso-diberantas-kepercayaan-publik-naik,"
Minggu, 01 Jan 2023 08:11 WIB "
Indonesia Indikator Nilai Upaya Kapolri Berbenah Pulihkan Kepercayaan Publik,https://news.detik.com/berita/d-6492092/indonesia-indikator-nilai-upaya-kapolri-berbenah-pulihkan-kepercayaan-publik,"
Sabtu, 31 Des 2022 22:36 WIB "
Hermawan Kertajaya Puji Sikap Tenang Kapolri Hadapi 3 Masalah Besar di Polri,https://news.detik.com/berita/d-6491985/hermawan-kertajaya-puji-sikap-tenang-kapolri-hadapi-3-masalah-besar-di-polri,"
Sabtu, 31 Des 2022 21:21 WIB "
"Hermawan Sulistyo: Jika Tak Ada Kasus Sambo, Kinerja Polri 2022 Sempurna",https://news.detik.com/berita/d-6491871/hermawan-sulistyo-jika-tak-ada-kasus-sambo-kinerja-polri-2022-sempurna,"
Sabtu, 31 Des 2022 20:06 WIB "
"Kapolri: Kepercayaan terhadap Polri Naik Jadi 62,4% pada Akhir 2022",https://news.detik.com/berita/d-6491837/kapolri-kepercayaan-terhadap-polri-naik-jadi-62-4-pada-akhir-2022,"
Sabtu, 31 Des 2022 19:45 WIB "
Kapolri Jelaskan soal Tragedi Kanjuruhan Tak Bisa Penuhi Pasal Pembunuhan,https://news.detik.com/berita/d-6491795/kapolri-jelaskan-soal-tragedi-kanjuruhan-tak-bisa-penuhi-pasal-pembunuhan,"
Sabtu, 31 Des 2022 19:18 WIB "
"Kapolri Minta Maaf atas Perilaku Anggota, Termasuk soal Sambo-Teddy Minahasa",https://news.detik.com/berita/d-6491746/kapolri-minta-maaf-atas-perilaku-anggota-termasuk-soal-sambo-teddy-minahasa,"
Sabtu, 31 Des 2022 18:41 WIB "
Utusan Khusus Presiden dan Kerja Sama Pengentasan Kemiskinan,https://news.detik.com/kolom/d-6489443/utusan-khusus-presiden-dan-kerja-sama-pengentasan-kemiskinan,"
Jumat, 30 Des 2022 13:50 WIB "
Paguyuban Suporter Timnas Minta Maaf ke Thailand soal Bus Dilempari Batu,https://news.detik.com/berita/d-6488658/paguyuban-suporter-timnas-minta-maaf-ke-thailand-soal-bus-dilempari-batu,"
Kamis, 29 Des 2022 22:37 WIB "
Refleksi Akhir Tahun F-PDIP MPR: Urgensi PPHN-Ancaman Resesi,https://news.detik.com/kolom/d-6487626/refleksi-akhir-tahun-f-pdip-mpr-urgensi-pphn-ancaman-resesi,"
Kamis, 29 Des 2022 14:38 WIB "
"Refleksi Akhir 2022, Cipayung Plus DKI Kritik Heru Budi hingga Soal HAM",https://news.detik.com/berita/d-6487273/refleksi-akhir-2022-cipayung-plus-dki-kritik-heru-budi-hingga-soal-ham,"
Kamis, 29 Des 2022 12:20 WIB "
"Ramai Dibahas Terkait Tragedi Kanjuruhan, Apa Itu Pelanggaran HAM Berat?",https://news.detik.com/berita/d-6485728/ramai-dibahas-terkait-tragedi-kanjuruhan-apa-itu-pelanggaran-ham-berat,"
Rabu, 28 Des 2022 15:31 WIB "
Mahfud Jelaskan Alasan Sebut Tragedi Kanjuruhan Bukan Pelanggaran HAM Berat,https://news.detik.com/berita/d-6485028/mahfud-jelaskan-alasan-sebut-tragedi-kanjuruhan-bukan-pelanggaran-ham-berat,"
Rabu, 28 Des 2022 10:53 WIB "
Tahun Penuh Tragedi: Catatan Peristiwa Sepanjang Tahun 2022,https://news.detik.com/x/detail/spotlight/20221227/Tahun-Penuh-Tragedi-Catatan-Peristiwa-Sepanjang-Tahun-2022/,"
Rabu, 28 Des 2022 10:51 WIB "
Pihak Korban Tragedi Kanjuruhan Desak Komnas HAM Bentuk Tim Ad Hoc,https://news.detik.com/berita/d-6484794/pihak-korban-tragedi-kanjuruhan-desak-komnas-ham-bentuk-tim-ad-hoc,"
Rabu, 28 Des 2022 08:56 WIB "
Aremania Kecewa Mahfud Sebut Tragedi Kanjuruhan Bukan Pelanggaran HAM Berat,https://news.detik.com/berita/d-6484764/aremania-kecewa-mahfud-sebut-tragedi-kanjuruhan-bukan-pelanggaran-ham-berat,"
Rabu, 28 Des 2022 08:01 WIB "
Mahfud Md Tegaskan Tragedi Kanjuruhan Bukan Pelanggaran HAM Berat,https://news.detik.com/berita/d-6483867/mahfud-md-tegaskan-tragedi-kanjuruhan-bukan-pelanggaran-ham-berat,"
Selasa, 27 Des 2022 16:08 WIB "
Jokowi soal Protokol Baru Pengamanan Polri di Piala AFF: Insyaallah Lebih Baik,https://news.detik.com/berita/d-6478606/jokowi-soal-protokol-baru-pengamanan-polri-di-piala-aff-insyaallah-lebih-baik,"
Sabtu, 24 Des 2022 10:32 WIB "
Prof Indriyanto: Kepercayaan Publik ke Polri Membaik Berkat Reformasi Internal,https://news.detik.com/berita/d-6476680/prof-indriyanto-kepercayaan-publik-ke-polri-membaik-berkat-reformasi-internal,"
Jumat, 23 Des 2022 09:59 WIB "
Pihak Korban Kanjuruhan Harap Polisi Lengkapi Berkas Eks Dirut LIB Agar P21,https://news.detik.com/berita/d-6476554/pihak-korban-kanjuruhan-harap-polisi-lengkapi-berkas-eks-dirut-lib-agar-p21,"
Jumat, 23 Des 2022 08:15 WIB "
Ini Alasan Berkas Kasus Kanjuruhan Eks Dirut LIB Dikembalikan ke Polisi,https://news.detik.com/berita/d-6476447/ini-alasan-berkas-kasus-kanjuruhan-eks-dirut-lib-dikembalikan-ke-polisi,"
Jumat, 23 Des 2022 06:45 WIB "
Polda Jatim: Eks Dirut LIB Masih Tersangka tapi Kena Wajib Lapor,https://news.detik.com/berita/d-6475713/polda-jatim-eks-dirut-lib-masih-tersangka-tapi-kena-wajib-lapor,"
Kamis, 22 Des 2022 16:52 WIB "
Polda Jatim: Status Eks Dirut PT LIB Sudah Tidak Tersangka,https://news.detik.com/berita/d-6475223/polda-jatim-status-eks-dirut-pt-lib-sudah-tidak-tersangka,"
Kamis, 22 Des 2022 13:42 WIB "
Polri: Jaksa Simpulkan Eks Dirut LIB Tak Dapat Dituntut di Tragedi Kanjuruhan,https://news.detik.com/berita/d-6475047/polri-jaksa-simpulkan-eks-dirut-lib-tak-dapat-dituntut-di-tragedi-kanjuruhan,"
Kamis, 22 Des 2022 12:34 WIB "
"Masa Penahanan Habis, Eks Dirut LIB Tersangka Kanjuruhan ke Luar Tahanan",https://news.detik.com/berita/d-6474913/masa-penahanan-habis-eks-dirut-lib-tersangka-kanjuruhan-ke-luar-tahanan,"
Kamis, 22 Des 2022 11:33 WIB "
"Berkas Perkara Lengkap, 5 Tersangka Tragedi Kanjuruhan Segera Disidang",https://news.detik.com/berita/d-6474571/berkas-perkara-lengkap-5-tersangka-tragedi-kanjuruhan-segera-disidang,"
Kamis, 22 Des 2022 07:49 WIB "
Polisi Tetapkan 2 Tersangka Kasus Pembongkaran Stadion Kanjuruhan,https://news.detik.com/berita/d-6471872/polisi-tetapkan-2-tersangka-kasus-pembongkaran-stadion-kanjuruhan,"
Selasa, 20 Des 2022 16:35 WIB "
Andre Rosiade: Erick Thohir Dukung Semen Padang Promosi ke Liga 1,https://news.detik.com/berita/d-6471749/andre-rosiade-erick-thohir-dukung-semen-padang-promosi-ke-liga-1,"
Selasa, 20 Des 2022 15:41 WIB "
Kapolri Pastikan Polisi Tak Bawa Gas Air Mata di Piala AFF 2022,https://news.detik.com/berita/d-6471711/kapolri-pastikan-polisi-tak-bawa-gas-air-mata-di-piala-aff-2022,"
Selasa, 20 Des 2022 15:26 WIB "
Kapolri Upayakan Liga 1 Dihadiri Penonton Lagi: Kita Sedang Asesmen Stadion,https://news.detik.com/berita/d-6471677/kapolri-upayakan-liga-1-dihadiri-penonton-lagi-kita-sedang-asesmen-stadion,"
Selasa, 20 Des 2022 15:17 WIB "
Komnas HAM: Korban Kanjuruhan Belum Diberi Trauma Healing,https://news.detik.com/berita/d-6454021/komnas-ham-korban-kanjuruhan-belum-diberi-trauma-healing,"
Sabtu, 10 Des 2022 16:08 WIB "
Pagar Pembatas Stadion Kanjuruhan Dibongkar Tanpa Izin,https://news.detik.com/berita/d-6453282/pagar-pembatas-stadion-kanjuruhan-dibongkar-tanpa-izin,"
Sabtu, 10 Des 2022 07:10 WIB "
"Aduan Korban Kanjuruhan Diterima Bareskrim, Minta Kasus Diusut Tuntas",https://news.detik.com/berita/d-6450738/aduan-korban-kanjuruhan-diterima-bareskrim-minta-kasus-diusut-tuntas,"
Kamis, 08 Des 2022 18:56 WIB "
Aremania Sujud-Menangis di Depan Mako Brimob: 135 Ini Nyawa Manusia Pak!,https://news.detik.com/berita/d-6450613/aremania-sujud-menangis-di-depan-mako-brimob-135-ini-nyawa-manusia-pak,"
Kamis, 08 Des 2022 17:59 WIB "
"Laporan Kembali Belum Diterima, Korban Kanjuruhan Akan Buat Aduan Masyarakat",https://news.detik.com/berita/d-6446262/laporan-kembali-belum-diterima-korban-kanjuruhan-akan-buat-aduan-masyarakat,"
Selasa, 06 Des 2022 17:57 WIB "
"Korban Kanjuruhan Datangi Bareskrim Lagi, Bawa 2 Saksi Kunci",https://news.detik.com/berita/d-6445267/korban-kanjuruhan-datangi-bareskrim-lagi-bawa-2-saksi-kunci,"
Selasa, 06 Des 2022 11:52 WIB "
"Dukung Liga 1 Lanjut, Dede Yusuf Bicara Nasib Pekerja Industri Sepakbola",https://news.detik.com/berita/d-6444980/dukung-liga-1-lanjut-dede-yusuf-bicara-nasib-pekerja-industri-sepakbola,"
Selasa, 06 Des 2022 09:02 WIB "
"Liga 1 Lanjut, Iwan Bule Klaim Sudah Banyak Perbaikan",https://news.detik.com/berita/d-6444931/liga-1-lanjut-iwan-bule-klaim-sudah-banyak-perbaikan,"
Selasa, 06 Des 2022 08:19 WIB "
3 Hal Terkait Liga 1 yang Lanjut Lagi Pasca-Tragedi Kanjuruhan,https://news.detik.com/detiktv/d-6444863/3-hal-terkait-liga-1-yang-lanjut-lagi-pasca-tragedi-kanjuruhan,"
Selasa, 06 Des 2022 07:03 WIB "
Berlanjut Liga 1 Tanpa Penonton tapi Tragedi Kanjuruhan Tetap Diusut,https://news.detik.com/berita/d-6444817/berlanjut-liga-1-tanpa-penonton-tapi-tragedi-kanjuruhan-tetap-diusut,"
Selasa, 06 Des 2022 06:00 WIB "
Menpora Beberkan Alasan Liga 1 Harus Kembali Dilanjutkan,https://news.detik.com/berita/d-6444122/menpora-beberkan-alasan-liga-1-harus-kembali-dilanjutkan,"
Senin, 05 Des 2022 17:33 WIB "
"Kapolri Keluarkan Perpol 10/2022, Pastikan Pengamanan Liga 1 Maksimal",https://news.detik.com/berita/d-6443995/kapolri-keluarkan-perpol-10-2022-pastikan-pengamanan-liga-1-maksimal,"
Senin, 05 Des 2022 16:54 WIB "
"Liga 1 Tanpa Penonton, Proses Hukum Tragedi Kanjuruhan Tetap Berjalan",https://news.detik.com/berita/d-6443881/liga-1-tanpa-penonton-proses-hukum-tragedi-kanjuruhan-tetap-berjalan,"
Senin, 05 Des 2022 16:19 WIB "
Pemerintah Putuskan Kembali Gulirkan Liga 1 Tanpa Penonton,https://news.detik.com/berita/d-6443797/pemerintah-putuskan-kembali-gulirkan-liga-1-tanpa-penonton,"
Senin, 05 Des 2022 15:51 WIB "
Korban Kanjuruhan Laporkan Bareskrim ke Ombudsman soal Dugaan Maladministrasi,https://news.detik.com/berita/d-6443735/korban-kanjuruhan-laporkan-bareskrim-ke-ombudsman-soal-dugaan-maladministrasi,"
Senin, 05 Des 2022 15:29 WIB "
Pihak Keluarga Korban Kanjuruhan Ragukan Hasil Autopsi PDFI Jatim,https://news.detik.com/berita/d-6440237/pihak-keluarga-korban-kanjuruhan-ragukan-hasil-autopsi-pdfi-jatim,"
Sabtu, 03 Des 2022 06:19 WIB "
"Survei Indopol: Tren Kepercayaan Publik ke Polri Naik, Kini di Atas 60%",https://news.detik.com/berita/d-6439374/survei-indopol-tren-kepercayaan-publik-ke-polri-naik-kini-di-atas-60,"
Jumat, 02 Des 2022 16:30 WIB "
PDFI Jatim Tak Temukan Residu Gas Air Mata di Jasad Korban Kanjuruhan,https://news.detik.com/berita/d-6438769/pdfi-jatim-tak-temukan-residu-gas-air-mata-di-jasad-korban-kanjuruhan,"
Jumat, 02 Des 2022 11:45 WIB "
Keluarga Korban Kanjuruhan Minta Autopsi Ulang Libatkan Forensik Independen,https://news.detik.com/berita/d-6436397/keluarga-korban-kanjuruhan-minta-autopsi-ulang-libatkan-forensik-independen,"
Kamis, 01 Des 2022 09:51 WIB "
PDFI Jatim Umumkan Hasil Autopsi 2 Korban Tragedi Kanjuruhan,https://news.detik.com/berita/d-6435440/pdfi-jatim-umumkan-hasil-autopsi-2-korban-tragedi-kanjuruhan,"
Rabu, 30 Nov 2022 17:24 WIB "
Jenderal Andika Minta Komandan TNI Pengamanan Kanjuruhan Juga Diperiksa,https://news.detik.com/berita/d-6430581/jenderal-andika-minta-komandan-tni-pengamanan-kanjuruhan-juga-diperiksa,"
Senin, 28 Nov 2022 12:56 WIB "
4 Prajurit TNI Akui Lakukan Kekerasan di Tragedi Kanjuruhan,https://news.detik.com/berita/d-6430479/4-prajurit-tni-akui-lakukan-kekerasan-di-tragedi-kanjuruhan,"
Senin, 28 Nov 2022 12:17 WIB "
IPW Minta Polri Tak Keluarkan Izin Kompetisi Liga 1 Sebelum Ada KLB PSSI,https://news.detik.com/berita/d-6427566/ipw-minta-polri-tak-keluarkan-izin-kompetisi-liga-1-sebelum-ada-klb-pssi,"
Sabtu, 26 Nov 2022 10:19 WIB "
Komnas HAM Masih Dalami Aduan Keluarga Korban Kanjuruhan,https://news.detik.com/berita/d-6426646/komnas-ham-masih-dalami-aduan-keluarga-korban-kanjuruhan,"
Jumat, 25 Nov 2022 17:48 WIB "
Jaksa Agung Singgung Kasus Sambo hingga Irjen Teddy Saat Rapat di DPR,https://news.detik.com/berita/d-6421844/jaksa-agung-singgung-kasus-sambo-hingga-irjen-teddy-saat-rapat-di-dpr,"
Rabu, 23 Nov 2022 12:51 WIB "
Irjen Nico Afinta dan AKBP Ferli Diadukan ke Propam di Kasus Kanjuruhan,https://news.detik.com/berita/d-6420677/irjen-nico-afinta-dan-akbp-ferli-diadukan-ke-propam-di-kasus-kanjuruhan,"
Selasa, 22 Nov 2022 19:05 WIB "
"Laporan Belum Diterima Bareskrim, Korban Kanjuruhan Akan Konsul Pekan Depan",https://news.detik.com/berita/d-6418580/laporan-belum-diterima-bareskrim-korban-kanjuruhan-akan-konsul-pekan-depan,"
Senin, 21 Nov 2022 19:33 WIB "
Kompolnas: Kapolri Benar-benar Total Pastikan Situasi Aman saat G20 Bali,https://news.detik.com/berita/d-6418122/kompolnas-kapolri-benar-benar-total-pastikan-situasi-aman-saat-g20-bali,"
Senin, 21 Nov 2022 15:16 WIB "
"Penyintas Kanjuruhan Datangi Bareskrim Lagi, Minta Kejelasan Laporan",https://news.detik.com/berita/d-6417254/penyintas-kanjuruhan-datangi-bareskrim-lagi-minta-kejelasan-laporan,"
Senin, 21 Nov 2022 10:25 WIB "
Aremania Turun ke Jalan di Malang Hari Ini Usut Tragedi Kanjuruhan,https://news.detik.com/berita/d-6415657/aremania-turun-ke-jalan-di-malang-hari-ini-usut-tragedi-kanjuruhan,"
Minggu, 20 Nov 2022 05:19 WIB "
Asa Penyintas Tragedi Kanjuruhan Kejar Keadilan hingga Ibu Kota,https://news.detik.com/berita/d-6415579/asa-penyintas-tragedi-kanjuruhan-kejar-keadilan-hingga-ibu-kota,"
Sabtu, 19 Nov 2022 22:45 WIB "
Penyintas: Bareskrim Janji Terbitkan Laporan Polisi Kasus Kanjuruhan,https://news.detik.com/berita/d-6415253/penyintas-bareskrim-janji-terbitkan-laporan-polisi-kasus-kanjuruhan,"
Sabtu, 19 Nov 2022 18:10 WIB "
Ayah Korban Tragedi Kanjuruhan ke Mabes Polri: Saya Minta Keadilan!,https://news.detik.com/berita/d-6415198/ayah-korban-tragedi-kanjuruhan-ke-mabes-polri-saya-minta-keadilan,"
Sabtu, 19 Nov 2022 17:35 WIB "
Pihak Penyintas Tragedi Kanjuruhan Mengaku Ditelepon Pejabat Polri,https://news.detik.com/berita/d-6415045/pihak-penyintas-tragedi-kanjuruhan-mengaku-ditelepon-pejabat-polri,"
Sabtu, 19 Nov 2022 16:06 WIB "
"Penyintas Tragedi Kanjuruhan Demo Mabes Polri, Ada yang Berkursi Roda",https://news.detik.com/berita/d-6414884/penyintas-tragedi-kanjuruhan-demo-mabes-polri-ada-yang-berkursi-roda,"
Sabtu, 19 Nov 2022 14:26 WIB "
"Komnas HAM Disebut Minim Libatkan Korban Kanjuruhan, Eks Komisioner Menepis",https://news.detik.com/berita/d-6414783/komnas-ham-disebut-minim-libatkan-korban-kanjuruhan-eks-komisioner-menepis,"
Sabtu, 19 Nov 2022 13:29 WIB "
Penyintas Tragedi Kanjuruhan Mau Ngadu ke Propam Polri Hari Ini,https://news.detik.com/berita/d-6414508/penyintas-tragedi-kanjuruhan-mau-ngadu-ke-propam-polri-hari-ini,"
Sabtu, 19 Nov 2022 10:05 WIB "
Penyintas Kanjuruhan Ngadu ke Bareskrim Minta Kasus Diambil Alih Mabes Polri,https://news.detik.com/berita/d-6413988/penyintas-kanjuruhan-ngadu-ke-bareskrim-minta-kasus-diambil-alih-mabes-polri,"
Jumat, 18 Nov 2022 19:15 WIB "
"Datangi Bareskrim, Penyintas Tragedi Kanjuruhan Minta Rekonstruksi Ulang",https://news.detik.com/berita/d-6413875/datangi-bareskrim-penyintas-tragedi-kanjuruhan-minta-rekonstruksi-ulang,"
Jumat, 18 Nov 2022 18:38 WIB "
Respons Mahfud soal Desakan Tragedi Kanjuruhan Jadi Pelanggaran HAM Berat,https://news.detik.com/berita/d-6413378/respons-mahfud-soal-desakan-tragedi-kanjuruhan-jadi-pelanggaran-ham-berat,"
Jumat, 18 Nov 2022 15:44 WIB "
Bagaimana Konser Musik di Indonesia ke Depan?,https://news.detik.com/kolom/d-6412876/bagaimana-konser-musik-di-indonesia-ke-depan,"
Jumat, 18 Nov 2022 13:10 WIB "
"Massa Aremania ke Bareskrim, Ingin Laporkan soal Tragedi Kanjuruhan",https://news.detik.com/berita/d-6412849/massa-aremania-ke-bareskrim-ingin-laporkan-soal-tragedi-kanjuruhan,"
Jumat, 18 Nov 2022 11:43 WIB "
"Tabir ""Kelalaian"" dalam Tragedi Kanjuruhan",https://news.detik.com/kolom/d-6412714/tabir-kelalaian-dalam-tragedi-kanjuruhan,"
Jumat, 18 Nov 2022 11:15 WIB "
KontraS Sebut Investigasi Komnas HAM Minim Libatkan Korban Kanjuruhan,https://news.detik.com/berita/d-6412386/kontras-sebut-investigasi-komnas-ham-minim-libatkan-korban-kanjuruhan,"
Kamis, 17 Nov 2022 22:53 WIB "
Keluarga Korban Tuntut Tragedi Kanjuruhan Dinyatakan Pelanggaran HAM Berat,https://news.detik.com/berita/d-6412051/keluarga-korban-tuntut-tragedi-kanjuruhan-dinyatakan-pelanggaran-ham-berat,"
Kamis, 17 Nov 2022 18:55 WIB "
Keluarga Korban Tragedi Kanjuruhan Datangi Komnas HAM,https://news.detik.com/berita/d-6411572/keluarga-korban-tragedi-kanjuruhan-datangi-komnas-ham,"
Kamis, 17 Nov 2022 15:53 WIB "
"Keluarga Korban Tragedi Kanjuruhan Tiba di DKI, Bakal ke Komnas HAM-Polri",https://news.detik.com/berita/d-6411037/keluarga-korban-tragedi-kanjuruhan-tiba-di-dki-bakal-ke-komnas-ham-polri,"
Kamis, 17 Nov 2022 11:58 WIB "
Audit Total Stadion Jangan Setengah Hati,https://news.detik.com/kolom/d-6406834/audit-total-stadion-jangan-setengah-hati,"
Selasa, 15 Nov 2022 11:20 WIB "
PDIP Buka Suara soal Puan ke Itaewon tapi Tak ke Kanjuruhan,https://news.detik.com/pemilu/d-6406157/pdip-buka-suara-soal-puan-ke-itaewon-tapi-tak-ke-kanjuruhan,"
Senin, 14 Nov 2022 20:12 WIB "
Tragedi Kanjuruhan dan Desakan PSSI Mundur dalam Kacamata Survei,https://news.detik.com/berita/d-6404184/tragedi-kanjuruhan-dan-desakan-pssi-mundur-dalam-kacamata-survei,"
Minggu, 13 Nov 2022 22:13 WIB "
Siapa Pantas Pimpin PSSI? Survei Indikator Ungkap Pilihan Responden,https://news.detik.com/berita/d-6403882/siapa-pantas-pimpin-pssi-survei-indikator-ungkap-pilihan-responden,"
Minggu, 13 Nov 2022 17:45 WIB "
"Survei Indikator: 60,2% Responden Setuju Ketum-Jajaran PSSI Mundur",https://news.detik.com/berita/d-6403734/survei-indikator-60-2-responden-setuju-ketum-jajaran-pssi-mundur,"
Minggu, 13 Nov 2022 16:01 WIB "
"Survei Indikator: 65,6% Responden Percaya Kapolri Usut Tuntas Kanjuruhan",https://news.detik.com/berita/d-6403670/survei-indikator-65-6-responden-percaya-kapolri-usut-tuntas-kanjuruhan,"
Minggu, 13 Nov 2022 15:17 WIB "
Pilu Dian Masih Hilang Ingatan Pasca 40 Hari Tragedi Kanjuruhan,https://news.detik.com/berita/d-6399108/pilu-dian-masih-hilang-ingatan-pasca-40-hari-tragedi-kanjuruhan,"
Kamis, 10 Nov 2022 18:28 WIB "
"40 Hari Tragedi Kanjuruhan, Aremania Aksi Arak 135 Keranda di Malang",https://news.detik.com/berita/d-6398321/40-hari-tragedi-kanjuruhan-aremania-aksi-arak-135-keranda-di-malang,"
Kamis, 10 Nov 2022 14:23 WIB "
Megawati dan Puan Datangi Lokasi Tragedi Itaewon di Seoul,https://news.detik.com/berita/d-6397845/megawati-dan-puan-datangi-lokasi-tragedi-itaewon-di-seoul,"
Kamis, 10 Nov 2022 11:09 WIB "
Waspada Konser Musik Usai Tragedi Kanjuruhan,https://news.detik.com/x/detail/spotlight/20221109/Waspada-Konser-Musik-Usai-Tragedi-Kanjuruhan-/,"
Rabu, 09 Nov 2022 13:08 WIB "
"Pimpin Apel di Polsek Muara Gembong, Kapolda Metro Wanti-wanti soal Pungli",https://news.detik.com/berita/d-6395607/pimpin-apel-di-polsek-muara-gembong-kapolda-metro-wanti-wanti-soal-pungli,"
Rabu, 09 Nov 2022 08:23 WIB "
Komisi X DPR Tunda Rapat soal Rekomendasi Kanjuruhan: TGIPF Sudah Bubar,https://news.detik.com/berita/d-6392230/komisi-x-dpr-tunda-rapat-soal-rekomendasi-kanjuruhan-tgipf-sudah-bubar,"
Senin, 07 Nov 2022 14:24 WIB "
"Diterapkan untuk Korban Tragedi Kanjuruhan, Apa Itu Ekshumasi?",https://news.detik.com/berita/d-6389451/diterapkan-untuk-korban-tragedi-kanjuruhan-apa-itu-ekshumasi,"
Sabtu, 05 Nov 2022 15:15 WIB "
"Kawal Autopsi Korban Kanjuruhan, TGIPF Harap Penyebab Kematian Jadi Terang",https://news.detik.com/berita/d-6389340/kawal-autopsi-korban-kanjuruhan-tgipf-harap-penyebab-kematian-jadi-terang,"
Sabtu, 05 Nov 2022 14:14 WIB "
Ayah Korban Tragedi Kanjuruhan Pingsan Saat Ekshumasi Jasad 2 Putrinya,https://news.detik.com/berita/d-6389215/ayah-korban-tragedi-kanjuruhan-pingsan-saat-ekshumasi-jasad-2-putrinya,"
Sabtu, 05 Nov 2022 12:53 WIB "
"Halloween, Kucing Hitam, dan Ketakutan Kita",https://news.detik.com/kolom/d-6388999/halloween-kucing-hitam-dan-ketakutan-kita,"
Sabtu, 05 Nov 2022 10:08 WIB "
"5 Fakta Tak Ada Bom di Konser NCT 127, Penyebar Isu Kini Diburu",https://news.detik.com/berita/d-6388898/5-fakta-tak-ada-bom-di-konser-nct-127-penyebar-isu-kini-diburu,"
Sabtu, 05 Nov 2022 08:14 WIB "
Cerita NCTZen Panik Usai Dengar Teror Bom di Lokasi Konser NCT 127,https://news.detik.com/berita/d-6387890/cerita-nctzen-panik-usai-dengar-teror-bom-di-lokasi-konser-nct-127,"
Jumat, 04 Nov 2022 15:59 WIB "
Mahfud Bicara Kemungkinan Tersangka Kanjuruhan Tambah Jadi 10 Orang,https://news.detik.com/berita/d-6386614/mahfud-bicara-kemungkinan-tersangka-kanjuruhan-tambah-jadi-10-orang,"
Kamis, 03 Nov 2022 21:25 WIB "
Mahfud: TGIPF Tragedi Sepakbola di Masa Lalu Selalu 'Ompong',https://news.detik.com/berita/d-6386072/mahfud-tgipf-tragedi-sepakbola-di-masa-lalu-selalu-ompong,"
Kamis, 03 Nov 2022 16:44 WIB "
Mahfud: Laporan Komnas HAM soal Kanjuruan Lebih Keras Ketimbang TGIPF,https://news.detik.com/berita/d-6385926/mahfud-laporan-komnas-ham-soal-kanjuruan-lebih-keras-ketimbang-tgipf,"
Kamis, 03 Nov 2022 15:52 WIB "
Komnas HAM Ancam Rekomendasikan Bekukan PSSI Jika Tak Benahi Internal,https://news.detik.com/berita/d-6385829/komnas-ham-ancam-rekomendasikan-bekukan-pssi-jika-tak-benahi-internal,"
Kamis, 03 Nov 2022 15:19 WIB "
Komnas HAM Serahkan Laporan Investigasi Tragedi Kanjuruhan ke Mahfud,https://news.detik.com/berita/d-6385640/komnas-ham-serahkan-laporan-investigasi-tragedi-kanjuruhan-ke-mahfud,"
Kamis, 03 Nov 2022 14:09 WIB "
"Pelanggaran PSSI, LIB hingga Indosiar soal Kanjuruhan Diungkap Komnas HAM",https://news.detik.com/berita/d-6385520/pelanggaran-pssi-lib-hingga-indosiar-soal-kanjuruhan-diungkap-komnas-ham,"
Kamis, 03 Nov 2022 13:17 WIB "
"Vicky Korban Kanjuruhan Cedera Otak Berat, Trauma Lihat Orang Banyak",https://news.detik.com/berita/d-6385342/vicky-korban-kanjuruhan-cedera-otak-berat-trauma-lihat-orang-banyak,"
Kamis, 03 Nov 2022 12:13 WIB "
Komnas HAM Serahkan Laporan Investigasi Kanjuruhan,https://news.detik.com/detiktv/d-6385304/komnas-ham-serahkan-laporan-investigasi-kanjuruhan,"
Kamis, 03 Nov 2022 11:45 WIB "
Iwan Bule Kembali Diperiksa Polisi Terkait Tragedi Kanjuruhan,https://news.detik.com/berita/d-6385280/iwan-bule-kembali-diperiksa-polisi-terkait-tragedi-kanjuruhan,"
Kamis, 03 Nov 2022 11:37 WIB "
Komisi X DPR Minta Pemerintah Respons Rekomendasi Komnas HAM soal Kanjuruhan,https://news.detik.com/berita/d-6384950/komisi-x-dpr-minta-pemerintah-respons-rekomendasi-komnas-ham-soal-kanjuruhan,"
Kamis, 03 Nov 2022 08:40 WIB "
Anggota DPR Minta Polri Usut Temuan 45 Tembakan Gas Air Mata di Kanjuruhan,https://news.detik.com/berita/d-6384874/anggota-dpr-minta-polri-usut-temuan-45-tembakan-gas-air-mata-di-kanjuruhan,"
Kamis, 03 Nov 2022 07:23 WIB "
7 Hal Mengejutkan Diungkap Komnas HAM di Tragedi Kanjuruhan,https://news.detik.com/berita/d-6384865/7-hal-mengejutkan-diungkap-komnas-ham-di-tragedi-kanjuruhan,"
Kamis, 03 Nov 2022 07:06 WIB "
Komnas HAM Laporkan Hasil Investigasi Tragedi Kanjuruhan ke Mahfud Hari Ini,https://news.detik.com/berita/d-6384823/komnas-ham-laporkan-hasil-investigasi-tragedi-kanjuruhan-ke-mahfud-hari-ini,"
Kamis, 03 Nov 2022 06:23 WIB "
"Tragedi Kanjuruhan, Saat Aspek Komersial Lebih Penting dari Nyawa",https://news.detik.com/detiktv/d-6384822/tragedi-kanjuruhan-saat-aspek-komersial-lebih-penting-dari-nyawa,"
Kamis, 03 Nov 2022 06:21 WIB "
Komnas HAM Harap Tragedi Kanjuruhan Bisa Terang: 6 Tersangka Tidak Cukup,https://news.detik.com/pemilu/d-6384800/komnas-ham-harap-tragedi-kanjuruhan-bisa-terang-6-tersangka-tidak-cukup,"
Kamis, 03 Nov 2022 05:30 WIB "
"Komnas HAM Bakal Datangi Kantor FIFA, Bicarakan Tragedi Kanjuruhan",https://news.detik.com/berita/d-6384701/komnas-ham-bakal-datangi-kantor-fifa-bicarakan-tragedi-kanjuruhan,"
Kamis, 03 Nov 2022 00:02 WIB "
Komnas HAM Laporkan Hasil Investigasi Tragedi Kanjuruhan ke Mahfud Besok,https://news.detik.com/berita/d-6384697/komnas-ham-laporkan-hasil-investigasi-tragedi-kanjuruhan-ke-mahfud-besok,"
Rabu, 02 Nov 2022 23:54 WIB "
Komnas HAM: 6 Tersangka Tragedi Kanjuruhan Tidak Cukup!,https://news.detik.com/berita/d-6384659/komnas-ham-6-tersangka-tragedi-kanjuruhan-tidak-cukup,"
Rabu, 02 Nov 2022 22:37 WIB "
Kesimpulan Lengkap Hasil Investigasi Komnas HAM Terkait Tragedi Kanjuruhan,https://news.detik.com/berita/d-6384657/kesimpulan-lengkap-hasil-investigasi-komnas-ham-terkait-tragedi-kanjuruhan,"
Rabu, 02 Nov 2022 22:25 WIB "
Rekomendasi Lengkap Komnas HAM Terkait Tragedi Kanjuruhan,https://news.detik.com/berita/d-6384446/rekomendasi-lengkap-komnas-ham-terkait-tragedi-kanjuruhan,"
Rabu, 02 Nov 2022 20:12 WIB "
Komnas HAM Jabarkan 7 Pelanggaran HAM di Tragedi Kanjuruhan,https://news.detik.com/berita/d-6383981/komnas-ham-jabarkan-7-pelanggaran-ham-di-tragedi-kanjuruhan,"
Rabu, 02 Nov 2022 17:04 WIB "
Komnas HAM: Ketum PSSI Punya Wewenang Batalkan Laga Kanjuruhan,https://news.detik.com/berita/d-6383882/komnas-ham-ketum-pssi-punya-wewenang-batalkan-laga-kanjuruhan,"
Rabu, 02 Nov 2022 16:38 WIB "
Komnas HAM: Gas Air Mata Pemicu Utama Jatuh Korban Jiwa Kanjuruhan!,https://news.detik.com/berita/d-6383875/komnas-ham-gas-air-mata-pemicu-utama-jatuh-korban-jiwa-kanjuruhan,"
Rabu, 02 Nov 2022 16:34 WIB "
"Asumsikan 135 Amunisi Gas Air Mata di Kanjuruhan, Ini Penjelasan Komnas HAM",https://news.detik.com/berita/d-6383860/asumsikan-135-amunisi-gas-air-mata-di-kanjuruhan-ini-penjelasan-komnas-ham,"
Rabu, 02 Nov 2022 16:31 WIB "
Komnas HAM: PT LIB Ngotot Laga Arema Malam karena Komersialisasi,https://news.detik.com/berita/d-6383807/komnas-ham-pt-lib-ngotot-laga-arema-malam-karena-komersialisasi,"
Rabu, 02 Nov 2022 16:08 WIB "
Komnas HAM: Keterangan PSSI dan Match Commissioner Kanjuruhan Beda soal Lisensi,https://news.detik.com/berita/d-6383792/komnas-ham-keterangan-pssi-dan-match-commissioner-kanjuruhan-beda-soal-lisensi,"
Rabu, 02 Nov 2022 16:01 WIB "
Komnas HAM: Broadcaster Ngeluh Sponsor Hilang Jika Laga Arema Ganti Sore,https://news.detik.com/berita/d-6383789/komnas-ham-broadcaster-ngeluh-sponsor-hilang-jika-laga-arema-ganti-sore,"
Rabu, 02 Nov 2022 15:59 WIB "
Komnas HAM: CCTV Kanjuruhan Tidak Dihapus,https://news.detik.com/berita/d-6383768/komnas-ham-cctv-kanjuruhan-tidak-dihapus,"
Rabu, 02 Nov 2022 15:52 WIB "
4 Kelemahan Verifikasi PT LIB terhadap Stadion Kanjuruhan di 2020,https://news.detik.com/berita/d-6383761/4-kelemahan-verifikasi-pt-lib-terhadap-stadion-kanjuruhan-di-2020,"
Rabu, 02 Nov 2022 15:49 WIB "
Komnas HAM Nyatakan PSSI Langgar Aturan Sendiri Terkait Tragedi Kanjuruhan,https://news.detik.com/berita/d-6383753/komnas-ham-nyatakan-pssi-langgar-aturan-sendiri-terkait-tragedi-kanjuruhan,"
Rabu, 02 Nov 2022 15:43 WIB "
"Komnas HAM Beberkan Kondisi Korban Tewas, Ada yang Kepala Retak",https://news.detik.com/berita/d-6383749/komnas-ham-beberkan-kondisi-korban-tewas-ada-yang-kepala-retak,"
Rabu, 02 Nov 2022 15:41 WIB "
Komnas HAM: PSSI Tak Jelaskan Larangan FIFA dalam Kerja Sama dengan Polri,https://news.detik.com/berita/d-6383732/komnas-ham-pssi-tak-jelaskan-larangan-fifa-dalam-kerja-sama-dengan-polri,"
Rabu, 02 Nov 2022 15:34 WIB "
Komnas HAM: Total 45 Tembakan Gas Air Mata Saat Tragedi Kanjuruhan!,https://news.detik.com/berita/d-6383729/komnas-ham-total-45-tembakan-gas-air-mata-saat-tragedi-kanjuruhan,"
Rabu, 02 Nov 2022 15:32 WIB "
Awal Mula Insiden Maut Korban Tergencet di Pintu 13 Stadion Kanjuruhan,https://news.detik.com/berita/d-6383722/awal-mula-insiden-maut-korban-tergencet-di-pintu-13-stadion-kanjuruhan,"
Rabu, 02 Nov 2022 15:29 WIB "
Komnas HAM soal Kanjuruhan: Match Commissioner Tak tahu Gas Air Mata Dilarang!,https://news.detik.com/berita/d-6383690/komnas-ham-soal-kanjuruhan-match-commissioner-tak-tahu-gas-air-mata-dilarang,"
Rabu, 02 Nov 2022 15:22 WIB "
Komnas HAM Bongkar Kesalahan Match Commissioner Terkait Tragedi Kanjuruhan,https://news.detik.com/berita/d-6383683/komnas-ham-bongkar-kesalahan-match-commissioner-terkait-tragedi-kanjuruhan,"
Rabu, 02 Nov 2022 15:19 WIB "
Komnas HAM Tentukan Status Pelanggaran Tragedi Kanjuruhan,https://news.detik.com/detiktv/d-6383633/komnas-ham-tentukan-status-pelanggaran-tragedi-kanjuruhan,"
Rabu, 02 Nov 2022 14:48 WIB "
Polri: Ekshumasi 2 Korban Tragedi Kanjuruhan Akan Ditangani PDFI Jatim,https://news.detik.com/berita/d-6382447/polri-ekshumasi-2-korban-tragedi-kanjuruhan-akan-ditangani-pdfi-jatim,"
Selasa, 01 Nov 2022 20:29 WIB "
Polri Kembali Periksa Ketum PSSI Terkait Tragedi Kanjuruhan Lusa,https://news.detik.com/berita/d-6382423/polri-kembali-periksa-ketum-pssi-terkait-tragedi-kanjuruhan-lusa,"
Selasa, 01 Nov 2022 20:16 WIB "
Mahfud Md Sebut Ketum PSSI Akan Mundur Melalui KLB,https://news.detik.com/berita/d-6382049/mahfud-md-sebut-ketum-pssi-akan-mundur-melalui-klb,"
Selasa, 01 Nov 2022 17:17 WIB "
Mahfud: Komnas HAM Umumkan Hasil Penyelidikan Tragedi Kanjuruhan Besok,https://news.detik.com/berita/d-6381764/mahfud-komnas-ham-umumkan-hasil-penyelidikan-tragedi-kanjuruhan-besok,"
Selasa, 01 Nov 2022 15:46 WIB "
Cak Imin Dukung Polisi Periksa EO Konser Musik Berdendang Bergoyang,https://news.detik.com/berita/d-6381696/cak-imin-dukung-polisi-periksa-eo-konser-musik-berdendang-bergoyang,"
Selasa, 01 Nov 2022 15:17 WIB "
Puan Sorot Kasus Gagal Ginjal Akut-Ancaman Omicron XBB di Paripurna,https://news.detik.com/berita/d-6381685/puan-sorot-kasus-gagal-ginjal-akut-ancaman-omicron-xbb-di-paripurna,"
Selasa, 01 Nov 2022 15:13 WIB "
Autopsi 2 Jasad Korban Kanjuruhan Akan Digelar 5 November,https://news.detik.com/berita/d-6378753/autopsi-2-jasad-korban-kanjuruhan-akan-digelar-5-november,"
Senin, 31 Okt 2022 10:39 WIB "
"Temui Mahfud, Alumni Kelompok Cipayung Jatim Beri Saran-Solusi Masalah Bangsa",https://news.detik.com/berita/d-6378323/temui-mahfud-alumni-kelompok-cipayung-jatim-beri-saran-solusi-masalah-bangsa,"
Minggu, 30 Okt 2022 23:22 WIB "
Debat BEM SI Vs Polda Metro Jaya Gegara Tantangan Tes Urine Narkoba,https://news.detik.com/berita/d-6377187/debat-bem-si-vs-polda-metro-jaya-gegara-tantangan-tes-urine-narkoba,"
Minggu, 30 Okt 2022 07:10 WIB "
Paguyuban Suporter Ragu Percepatan KLB: Di PSSI Masih Ada Orang Lama!,https://news.detik.com/berita/d-6377145/paguyuban-suporter-ragu-percepatan-klb-di-pssi-masih-ada-orang-lama,"
Minggu, 30 Okt 2022 05:45 WIB "
Kompolnas: Keluarga Berhak Tahu Sebab Kematian Korban Kanjuruhan,https://news.detik.com/berita/d-6376687/kompolnas-keluarga-berhak-tahu-sebab-kematian-korban-kanjuruhan,"
Sabtu, 29 Okt 2022 19:21 WIB "
Zulhas Tabur Bunga di Stadion Kanjuruhan dan Doakan Para Korban,https://news.detik.com/berita/d-6376515/zulhas-tabur-bunga-di-stadion-kanjuruhan-dan-doakan-para-korban,"
Sabtu, 29 Okt 2022 17:17 WIB "
Polda Metro Juga Siap Tes Urine di Perkantoran Jika Perusahaan Meminta,https://news.detik.com/berita/d-6376452/polda-metro-juga-siap-tes-urine-di-perkantoran-jika-perusahaan-meminta,"
Sabtu, 29 Okt 2022 16:29 WIB "
Komnas HAM Terima Undangan Polri soal Ekshumasi Korban Tragedi Kanjuruhan,https://news.detik.com/berita/d-6376324/komnas-ham-terima-undangan-polri-soal-ekshumasi-korban-tragedi-kanjuruhan,"
Sabtu, 29 Okt 2022 14:59 WIB "
ISESS: Polisi Harusnya Bisa Terima Ajuan Autopsi 2 Korban Kanjuruhan,https://news.detik.com/berita/d-6376266/isess-polisi-harusnya-bisa-terima-ajuan-autopsi-2-korban-kanjuruhan,"
Sabtu, 29 Okt 2022 14:15 WIB "
Jawaban Menohok Polda Metro soal Tantangan BEM SI Tes Urine Duluan,https://news.detik.com/berita/d-6376158/jawaban-menohok-polda-metro-soal-tantangan-bem-si-tes-urine-duluan,"
Sabtu, 29 Okt 2022 13:09 WIB "
Penjelasan Polisi soal Tersangka Tragedi Kanjuruhan Dijerat Pasal Berbeda,https://news.detik.com/berita/d-6376140/penjelasan-polisi-soal-tersangka-tragedi-kanjuruhan-dijerat-pasal-berbeda,"
Sabtu, 29 Okt 2022 13:01 WIB "
Polda Metro Bilang BEM SI Salah Persepsi soal Tes Urine Masuk Kampus,https://news.detik.com/berita/d-6376041/polda-metro-bilang-bem-si-salah-persepsi-soal-tes-urine-masuk-kampus,"
Sabtu, 29 Okt 2022 11:39 WIB "
"Dasco Terima Jakmania, Pastikan Awasi Perbaikan Tata Kelola Sepakbola",https://news.detik.com/berita/d-6376061/dasco-terima-jakmania-pastikan-awasi-perbaikan-tata-kelola-sepakbola,"
Sabtu, 29 Okt 2022 11:38 WIB "
Polisi Sebut Ada Potensi Tersangka Baru di Tragedi Kanjuruhan,https://news.detik.com/berita/d-6376004/polisi-sebut-ada-potensi-tersangka-baru-di-tragedi-kanjuruhan,"
Sabtu, 29 Okt 2022 11:04 WIB "
"Wacana Tes Narkoba di Kampus, BEM SI Tantang Polisi Dites Urine Duluan",https://news.detik.com/berita/d-6375920/wacana-tes-narkoba-di-kampus-bem-si-tantang-polisi-dites-urine-duluan,"
Sabtu, 29 Okt 2022 09:44 WIB "
Mahasiswa Pertanyakan Alasan Rencana Tes Urine di Kampus Jakarta,https://news.detik.com/berita/d-6375672/mahasiswa-pertanyakan-alasan-rencana-tes-urine-di-kampus-jakarta,"
Sabtu, 29 Okt 2022 00:40 WIB "
Kaki Polisi Terlindas Mobil Saat Dorong-dorongan dengan Pendemo di Patung Kuda,https://news.detik.com/berita/d-6375017/kaki-polisi-terlindas-mobil-saat-dorong-dorongan-dengan-pendemo-di-patung-kuda,"
Jumat, 28 Okt 2022 17:25 WIB "
19 Tuntutan Massa Demo BEM SI di Patung Kuda,https://news.detik.com/berita/d-6374970/19-tuntutan-massa-demo-bem-si-di-patung-kuda,"
Jumat, 28 Okt 2022 17:11 WIB "
Demo BEM SI di Patung Kuda Jakpus Diwarnai Saling Dorong dengan Polisi,https://news.detik.com/berita/d-6374859/demo-bem-si-di-patung-kuda-jakpus-diwarnai-saling-dorong-dengan-polisi,"
Jumat, 28 Okt 2022 16:36 WIB "
Ortu 2 Korban Tragedi Kanjuruhan Kembali Ajukan Autopsi Jenazah,https://news.detik.com/berita/d-6374781/ortu-2-korban-tragedi-kanjuruhan-kembali-ajukan-autopsi-jenazah,"
Jumat, 28 Okt 2022 16:06 WIB "
Setneg Tepis Isu Pertemuan Pratikno dan Iwan Bule Bahas Dukungan Ketua PSSI,https://news.detik.com/berita/d-6373683/setneg-tepis-isu-pertemuan-pratikno-dan-iwan-bule-bahas-dukungan-ketua-pssi,"
Jumat, 28 Okt 2022 06:44 WIB "
"Absen Pemeriksaan soal Kanjuruhan, Iwan Bule Akan Dipanggil 3 November",https://news.detik.com/berita/d-6373658/absen-pemeriksaan-soal-kanjuruhan-iwan-bule-akan-dipanggil-3-november,"
Jumat, 28 Okt 2022 05:45 WIB "
"Presiden Arema FC Diperiksa 5 Jam soal Kanjuruhan, Ini Penjelasannya",https://news.detik.com/berita/d-6373516/presiden-arema-fc-diperiksa-5-jam-soal-kanjuruhan-ini-penjelasannya,"
Kamis, 27 Okt 2022 22:16 WIB "
"Ada Agenda FIFA, Iwan Bule Tak Penuhi Panggilan Polisi soal Kanjuruhan",https://news.detik.com/berita/d-6373244/ada-agenda-fifa-iwan-bule-tak-penuhi-panggilan-polisi-soal-kanjuruhan,"
Kamis, 27 Okt 2022 19:12 WIB "
Kritik Formappi ke DPR: Kasus Sambo hingga Pencopotan Hakim Aswanto,https://news.detik.com/berita/d-6372867/kritik-formappi-ke-dpr-kasus-sambo-hingga-pencopotan-hakim-aswanto,"
Kamis, 27 Okt 2022 16:46 WIB "
Humas Bank Jatim Raih Dinobatkan Sebagai Inovasi Luar Biasa,https://news.detik.com/adv-nhl-detikcom/d-6372956/humas-bank-jatim-raih-dinobatkan-sebagai-inovasi-luar-biasa,"
Kamis, 27 Okt 2022 16:00 WIB "
Presiden Arema FC Diperiksa Polisi Terkait Tragedi Kanjuruhan,https://news.detik.com/berita/d-6372545/presiden-arema-fc-diperiksa-polisi-terkait-tragedi-kanjuruhan,"
Kamis, 27 Okt 2022 15:17 WIB "
Tim Gabungan Aremania Kritik Lambannya Penegakan Hukum Tragedi Kanjuruhan,https://news.detik.com/berita/d-6368861/tim-gabungan-aremania-kritik-lambannya-penegakan-hukum-tragedi-kanjuruhan,"
Selasa, 25 Okt 2022 19:23 WIB "
Polisi Serahkan Berkas Perkara 6 Tersangka Kanjuruhan ke Jaksa,https://news.detik.com/berita/d-6368284/polisi-serahkan-berkas-perkara-6-tersangka-kanjuruhan-ke-jaksa,"
Selasa, 25 Okt 2022 16:05 WIB "
IPW Minta Polri Tak Ragu Tersangkakan Ketua PSSI di Tragedi Kanjuruhan,https://news.detik.com/berita/d-6367149/ipw-minta-polri-tak-ragu-tersangkakan-ketua-pssi-di-tragedi-kanjuruhan,"
Selasa, 25 Okt 2022 08:57 WIB "
"Polri Periksa 93 Orang Terkait Tragedi Kanjuruhan, Termasuk 11 Saksi Ahli",https://news.detik.com/berita/d-6366551/polri-periksa-93-orang-terkait-tragedi-kanjuruhan-termasuk-11-saksi-ahli,"
Senin, 24 Okt 2022 18:53 WIB "
Polri Segera Limpahkan Berkas Perkara 6 Tersangka Kanjuruhan ke JPU,https://news.detik.com/berita/d-6366535/polri-segera-limpahkan-berkas-perkara-6-tersangka-kanjuruhan-ke-jpu,"
Senin, 24 Okt 2022 18:44 WIB "
6 Tersangka Tragedi Kanjuruhan Ditahan!,https://news.detik.com/berita/d-6366404/6-tersangka-tragedi-kanjuruhan-ditahan,"
Senin, 24 Okt 2022 17:56 WIB "
Komnas HAM Akan Bawa Kasus Kanjuruhan ke Dewan HAM PBB,https://news.detik.com/berita/d-6366294/komnas-ham-akan-bawa-kasus-kanjuruhan-ke-dewan-ham-pbb,"
Senin, 24 Okt 2022 17:17 WIB "
Komnas HAM Ungkap Alasan 2 Putri Devi Athok Korban Kanjuruhan Belum Diautopsi,https://news.detik.com/berita/d-6366041/komnas-ham-ungkap-alasan-2-putri-devi-athok-korban-kanjuruhan-belum-diautopsi,"
Senin, 24 Okt 2022 16:02 WIB "
"RSSA Malang Bantah 'COVID-kan' Korban Kanjuruhan, Ini Penjelasannya",https://news.detik.com/berita/d-6366000/rssa-malang-bantah-covid-kan-korban-kanjuruhan-ini-penjelasannya,"
Senin, 24 Okt 2022 15:51 WIB "
Komnas HAM Periksa H soal Viral CCTV Kanjuruhan: Tak Ada Larangan Download,https://news.detik.com/berita/d-6365913/komnas-ham-periksa-h-soal-viral-cctv-kanjuruhan-tak-ada-larangan-download,"
Senin, 24 Okt 2022 15:19 WIB "
Ini Hal yang Bikin Komnas HAM Yakin Gas Air Mata Picu Tragedi Kanjuruhan,https://news.detik.com/berita/d-6365911/ini-hal-yang-bikin-komnas-ham-yakin-gas-air-mata-picu-tragedi-kanjuruhan,"
Senin, 24 Okt 2022 15:18 WIB "
"Komnas HAM Surati FIFA Terkait Tragedi Kanjuruhan, Mau Dalami 5 Poin Ini",https://news.detik.com/berita/d-6365887/komnas-ham-surati-fifa-terkait-tragedi-kanjuruhan-mau-dalami-5-poin-ini,"
Senin, 24 Okt 2022 15:13 WIB "
Komnas HAM Ungkap Masalah CCTV di Parkiran Stadion Kanjuruhan,https://news.detik.com/berita/d-6365858/komnas-ham-ungkap-masalah-cctv-di-parkiran-stadion-kanjuruhan,"
Senin, 24 Okt 2022 15:04 WIB "
Aremania Beri Donasi ke Keluarga 2 Polisi dan Bonek Korban Tragedi Kanjuruhan,https://news.detik.com/berita/d-6365812/aremania-beri-donasi-ke-keluarga-2-polisi-dan-bonek-korban-tragedi-kanjuruhan,"
Senin, 24 Okt 2022 14:46 WIB "
Polri Pastikan Tak Ada CCTV Stadion Kanjuruhan yang Dihapus,https://news.detik.com/berita/d-6365273/polri-pastikan-tak-ada-cctv-stadion-kanjuruhan-yang-dihapus,"
Senin, 24 Okt 2022 11:14 WIB "
Farzah Korban Jiwa Ke-135 Tragedi Kanjuruhan Dikenal Mahasiswa Cerdas,https://news.detik.com/berita/d-6365271/farzah-korban-jiwa-ke-135-tragedi-kanjuruhan-dikenal-mahasiswa-cerdas,"
Senin, 24 Okt 2022 11:12 WIB "
"Korban Tewas Tragedi Kanjuruhan Bertambah 1, Total Jadi 135 Orang",https://news.detik.com/berita/d-6364965/korban-tewas-tragedi-kanjuruhan-bertambah-1-total-jadi-135-orang,"
Senin, 24 Okt 2022 07:18 WIB "
Beda TGIPF dan Komnas HAM soal Rekaman CCTV Tragedi Kanjuruhan,https://news.detik.com/berita/d-6363721/beda-tgipf-dan-komnas-ham-soal-rekaman-cctv-tragedi-kanjuruhan,"
Minggu, 23 Okt 2022 09:03 WIB "
Mahfud Tegaskan Ketum PSSI Bisa Dianggap Amoral Jika Tak Mundur!,https://news.detik.com/berita/d-6363145/mahfud-tegaskan-ketum-pssi-bisa-dianggap-amoral-jika-tak-mundur,"
Sabtu, 22 Okt 2022 17:42 WIB "
"Soal CCTV Kanjuruhan: TGIPF Bilang Terhapus, Komnas HAM Nyatakan Utuh",https://news.detik.com/berita/d-6362891/soal-cctv-kanjuruhan-tgipf-bilang-terhapus-komnas-ham-nyatakan-utuh,"
Sabtu, 22 Okt 2022 14:35 WIB "
Reyvano Korban Tewas Kanjuruhan ke-134: Sosok dan Perjuangannya,https://news.detik.com/berita/d-6362659/reyvano-korban-tewas-kanjuruhan-ke-134-sosok-dan-perjuangannya,"
Sabtu, 22 Okt 2022 11:51 WIB "
Hasil Lab Gas Air Mata Akan Dicocokkan jika Korban Kanjuruhan Diautopsi,https://news.detik.com/berita/d-6361938/hasil-lab-gas-air-mata-akan-dicocokkan-jika-korban-kanjuruhan-diautopsi,"
Jumat, 21 Okt 2022 19:00 WIB "
Komnas HAM: Gas Air Mata Penyebab Utama Tragedi Kanjuruhan,https://news.detik.com/berita/d-6361819/komnas-ham-gas-air-mata-penyebab-utama-tragedi-kanjuruhan,"
Jumat, 21 Okt 2022 18:03 WIB "
Mahfud: BRIN Sudah Serahkan Hasil Uji Gas Air Mata Tragedi Kanjuruhan,https://news.detik.com/berita/d-6361784/mahfud-brin-sudah-serahkan-hasil-uji-gas-air-mata-tragedi-kanjuruhan,"
Jumat, 21 Okt 2022 17:48 WIB "
Pemerintah Tak Akan Intervensi Rekomendasi TGIPF soal Iwan Bule Mundur,https://news.detik.com/berita/d-6361278/pemerintah-tak-akan-intervensi-rekomendasi-tgipf-soal-iwan-bule-mundur,"
Jumat, 21 Okt 2022 14:26 WIB "
Kekerasan dalam Sepak Bola Indonesia dan Politik Media,https://news.detik.com/kolom/d-6360098/kekerasan-dalam-sepak-bola-indonesia-dan-politik-media,"
Jumat, 21 Okt 2022 14:20 WIB "
Broadcaster Sebut Tak Ada Perbedaan Keterangan dan Dokumen soal Kanjuruhan,https://news.detik.com/berita/d-6361218/broadcaster-sebut-tak-ada-perbedaan-keterangan-dan-dokumen-soal-kanjuruhan,"
Jumat, 21 Okt 2022 13:59 WIB "
Sepak Bola dan Asuransi,https://news.detik.com/kolom/d-6360069/sepak-bola-dan-asuransi,"
Jumat, 21 Okt 2022 13:00 WIB "
Reyvano Korban Tragedi Kanjuruhan Meninggal karena Cedera Kepala,https://news.detik.com/berita/d-6360998/reyvano-korban-tragedi-kanjuruhan-meninggal-karena-cedera-kepala,"
Jumat, 21 Okt 2022 11:59 WIB "
"TGIPF Soroti Tak Ada Adegan Tembakan Gas Air Mata ke Tribun, Ini Kata Polri",https://news.detik.com/berita/d-6360995/tgipf-soroti-tak-ada-adegan-tembakan-gas-air-mata-ke-tribun-ini-kata-polri,"
Jumat, 21 Okt 2022 11:58 WIB "
Fandom dan Wacana Transformasi Sepak Bola Indonesia,https://news.detik.com/kolom/d-6360047/fandom-dan-wacana-transformasi-sepak-bola-indonesia,"
Jumat, 21 Okt 2022 11:10 WIB "
Korban Meninggal Tragedi Kanjuruhan Bertambah Jadi 134 Orang,https://news.detik.com/berita/d-6360609/korban-meninggal-tragedi-kanjuruhan-bertambah-jadi-134-orang,"
Jumat, 21 Okt 2022 08:58 WIB "
PKS Soroti Penegakan Hukum-Ekonomi di 3 Tahun Pemerintahan Jokowi-Ma'ruf,https://news.detik.com/berita/d-6360482/pks-soroti-penegakan-hukum-ekonomi-di-3-tahun-pemerintahan-jokowi-maruf,"
Jumat, 21 Okt 2022 06:16 WIB "
Mahfud soal Gas Air Mata Kanjuruhan: Penembakannya Bikin Panik Lalu Mati,https://news.detik.com/berita/d-6360425/mahfud-soal-gas-air-mata-kanjuruhan-penembakannya-bikin-panik-lalu-mati,"
Jumat, 21 Okt 2022 02:34 WIB "
PSSI soal Desakan Revolusi Usai Tragedi Kanjuruhan: Kita Akan Transformasi,https://news.detik.com/berita/d-6360416/pssi-soal-desakan-revolusi-usai-tragedi-kanjuruhan-kita-akan-transformasi,"
Jumat, 21 Okt 2022 01:30 WIB "
"Diperiksa Terkait Tragedi Kanjuruhan, Iwan Bule Dicecar 45 Pertanyaan",https://news.detik.com/berita/d-6360306/diperiksa-terkait-tragedi-kanjuruhan-iwan-bule-dicecar-45-pertanyaan,"
Kamis, 20 Okt 2022 22:31 WIB "
"Selesai Diperiksa Polisi, Iwan Bule Minta Maaf soal Panggilan Pertama",https://news.detik.com/berita/d-6360020/selesai-diperiksa-polisi-iwan-bule-minta-maaf-soal-panggilan-pertama,"
Kamis, 20 Okt 2022 19:04 WIB "
"TGIPF Kanjuruhan: Fakta di Lapangan Gas Air Mata ke Tribun, Harus Transparan",https://news.detik.com/berita/d-6360008/tgipf-kanjuruhan-fakta-di-lapangan-gas-air-mata-ke-tribun-harus-transparan,"
Kamis, 20 Okt 2022 19:00 WIB "
Aturan PSSI: 'Senjata Pengurai Massa' Dilarang Saat Amankan Pertandingan,https://news.detik.com/berita/d-6359964/aturan-pssi-senjata-pengurai-massa-dilarang-saat-amankan-pertandingan,"
Kamis, 20 Okt 2022 18:44 WIB "
Buruh Gelar Aksi 1.000 Lilin Tragedi Kanjuruhan di Patung Kuda Jakpus,https://news.detik.com/berita/d-6359957/buruh-gelar-aksi-1-000-lilin-tragedi-kanjuruhan-di-patung-kuda-jakpus,"
Kamis, 20 Okt 2022 18:37 WIB "
Komnas HAM ke Stadion Kanjuruhan Cek Dugaan Rekaman CCTV Dihapus,https://news.detik.com/berita/d-6359833/komnas-ham-ke-stadion-kanjuruhan-cek-dugaan-rekaman-cctv-dihapus,"
Kamis, 20 Okt 2022 17:52 WIB "
Polri Tunggu Ahli soal Dugaan Penghapusan Rekaman CCTV Kanjuruhan,https://news.detik.com/berita/d-6359829/polri-tunggu-ahli-soal-dugaan-penghapusan-rekaman-cctv-kanjuruhan,"
Kamis, 20 Okt 2022 17:50 WIB "
"TGIPF Kanjuruhan: Semua Gas Air Mata Harus Direkonstruksi, Termasuk di Tribun",https://news.detik.com/berita/d-6359680/tgipf-kanjuruhan-semua-gas-air-mata-harus-direkonstruksi-termasuk-di-tribun,"
Kamis, 20 Okt 2022 17:04 WIB "
"6 Tersangka Tragedi Kanjuruhan Belum Ditahan, Ini Kata Polisi",https://news.detik.com/berita/d-6359486/6-tersangka-tragedi-kanjuruhan-belum-ditahan-ini-kata-polisi,"
Kamis, 20 Okt 2022 15:49 WIB "
"Beda dengan Rekonstruksi, Ini Temuan Komnas HAM soal Gas Air Mata Kanjuruhan",https://news.detik.com/berita/d-6359289/beda-dengan-rekonstruksi-ini-temuan-komnas-ham-soal-gas-air-mata-kanjuruhan,"
Kamis, 20 Okt 2022 14:38 WIB "
"Diperiksa Polisi Terkait Tragedi Kanjuruhan, Iwan Bule: Saya Saksi",https://news.detik.com/berita/d-6359188/diperiksa-polisi-terkait-tragedi-kanjuruhan-iwan-bule-saya-saksi,"
Kamis, 20 Okt 2022 14:03 WIB "
Komnas HAM Targetkan Laporan Tragedi Kanjuruhan Tuntas Pekan Depan,https://news.detik.com/berita/d-6359179/komnas-ham-targetkan-laporan-tragedi-kanjuruhan-tuntas-pekan-depan,"
Kamis, 20 Okt 2022 13:59 WIB "
Anggota TGIPF Sebut Rekaman CCTV Kanjuruhan Terhapus karena Gangguan Internet,https://news.detik.com/berita/d-6359135/anggota-tgipf-sebut-rekaman-cctv-kanjuruhan-terhapus-karena-gangguan-internet,"
Kamis, 20 Okt 2022 13:38 WIB "
Iwan Bule Diperiksa Polisi Terkait Kanjuruhan Hari Ini,https://news.detik.com/berita/d-6359121/iwan-bule-diperiksa-polisi-terkait-kanjuruhan-hari-ini,"
Kamis, 20 Okt 2022 13:32 WIB "
"Verifikasi Data Tragedi Kanjuruhan, Komnas HAM Terbang ke Malang",https://news.detik.com/berita/d-6358906/verifikasi-data-tragedi-kanjuruhan-komnas-ham-terbang-ke-malang,"
Kamis, 20 Okt 2022 12:20 WIB "
TGIPF Pastikan Polisi Tak Intimidasi Keluarga Korban Kanjuruhan soal Autopsi,https://news.detik.com/berita/d-6358822/tgipf-pastikan-polisi-tak-intimidasi-keluarga-korban-kanjuruhan-soal-autopsi,"
Kamis, 20 Okt 2022 11:54 WIB "
Polri Percepat Penuntasan Rekomendasi TGIPF soal Tragedi Kanjuruhan,https://news.detik.com/berita/d-6358721/polri-percepat-penuntasan-rekomendasi-tgipf-soal-tragedi-kanjuruhan,"
Kamis, 20 Okt 2022 11:05 WIB "
"Komisi X DPR Kritik Fun Football PSSI-FIFA, Singgung Verifikasi Stadion",https://news.detik.com/berita/d-6358409/komisi-x-dpr-kritik-fun-football-pssi-fifa-singgung-verifikasi-stadion,"
Kamis, 20 Okt 2022 08:10 WIB "
Mahfud Kritik PSSI-FIFA Fun Football: Tanggung Jawab Moral Kanjuruhan!,https://news.detik.com/berita/d-6358395/mahfud-kritik-pssi-fifa-fun-football-tanggung-jawab-moral-kanjuruhan,"
Kamis, 20 Okt 2022 07:37 WIB "
Paguyuban Suporter Timnas: Fun Football Blunder Fatal PSSI dan FIFA,https://news.detik.com/berita/d-6358348/paguyuban-suporter-timnas-fun-football-blunder-fatal-pssi-dan-fifa,"
Kamis, 20 Okt 2022 06:02 WIB "
Komnas HAM: Match Commissioner Tahu Polisi Bawa Benda Dilarang tapi Tak Lapor,https://news.detik.com/berita/d-6358202/komnas-ham-match-commissioner-tahu-polisi-bawa-benda-dilarang-tapi-tak-lapor,"
Rabu, 19 Okt 2022 22:47 WIB "
"Stadion Kanjuruhan Dibangun Ulang, Komnas HAM: Spirit Perubahan Sepakbola RI",https://news.detik.com/berita/d-6358179/stadion-kanjuruhan-dibangun-ulang-komnas-ham-spirit-perubahan-sepakbola-ri,"
Rabu, 19 Okt 2022 22:22 WIB "
Komnas HAM Usut Latar Belakang Pemilihan Jadwal Siaran Arema Vs Persebaya,https://news.detik.com/berita/d-6358161/komnas-ham-usut-latar-belakang-pemilihan-jadwal-siaran-arema-vs-persebaya,"
Rabu, 19 Okt 2022 22:00 WIB "
Temuan Terbaru Dihapusnya Durasi 3 Jam CCTV di Kanjuruhan,https://news.detik.com/berita/d-6358135/temuan-terbaru-dihapusnya-durasi-3-jam-cctv-di-kanjuruhan,"
Rabu, 19 Okt 2022 21:46 WIB "
Sentilan bagi Bos FIFA-PSSI Main Sepakbola Saat Duka Kanjuruhan,https://news.detik.com/berita/d-6358006/sentilan-bagi-bos-fifa-pssi-main-sepakbola-saat-duka-kanjuruhan,"
Rabu, 19 Okt 2022 20:38 WIB "
Komnas HAM Kritik Bos PSSI-FIFA Fun Football: Hormati Korban Kanjuruhan!,https://news.detik.com/berita/d-6357744/komnas-ham-kritik-bos-pssi-fifa-fun-football-hormati-korban-kanjuruhan,"
Rabu, 19 Okt 2022 18:25 WIB "
Keluarga Korban Tragedi Kanjuruhan Bicara Alasan Batal Ajukan Autopsi,https://news.detik.com/berita/d-6357618/keluarga-korban-tragedi-kanjuruhan-bicara-alasan-batal-ajukan-autopsi,"
Rabu, 19 Okt 2022 17:37 WIB "
"Diperiksa Komnas HAM, Asops Polri Jelaskan Kerja Sama Pengamanan dengan PSSI",https://news.detik.com/berita/d-6357574/diperiksa-komnas-ham-asops-polri-jelaskan-kerja-sama-pengamanan-dengan-pssi,"
Rabu, 19 Okt 2022 17:23 WIB "
"Rekonstruksi Tragedi Kanjuruhan, Polri Telisik 3 Peran Tersangka",https://news.detik.com/berita/d-6357277/rekonstruksi-tragedi-kanjuruhan-polri-telisik-3-peran-tersangka,"
Rabu, 19 Okt 2022 15:47 WIB "
PT LIB Sebut Jam Tayang Arema vs Persebaya Keputusan Bersama,https://news.detik.com/berita/d-6357231/pt-lib-sebut-jam-tayang-arema-vs-persebaya-keputusan-bersama,"
Rabu, 19 Okt 2022 15:28 WIB "
"Rekonstruksi Kanjuruhan, Tak Ada Adegan Penembakan Gas Air Mata ke Tribun",https://news.detik.com/berita/d-6357206/rekonstruksi-kanjuruhan-tak-ada-adegan-penembakan-gas-air-mata-ke-tribun,"
Rabu, 19 Okt 2022 15:18 WIB "
Komisi X DPR Kritik Bos FIFA-PSSI Main Sepakbola Saat Duka Kanjuruhan,https://news.detik.com/berita/d-6357179/komisi-x-dpr-kritik-bos-fifa-pssi-main-sepakbola-saat-duka-kanjuruhan,"
Rabu, 19 Okt 2022 15:06 WIB "
PT LIB Diperiksa Komnas HAM soal Jam Tayang Arema vs Persebaya,https://news.detik.com/berita/d-6357140/pt-lib-diperiksa-komnas-ham-soal-jam-tayang-arema-vs-persebaya,"
Rabu, 19 Okt 2022 14:52 WIB "
TGIPF Sayangkan Presiden FIFA-Ketum PSSI Main Sepakbola Saat Duka Kanjuruhan,https://news.detik.com/berita/d-6357020/tgipf-sayangkan-presiden-fifa-ketum-pssi-main-sepakbola-saat-duka-kanjuruhan,"
Rabu, 19 Okt 2022 14:02 WIB "
"Stadion Kanjuruhan Akan Diruntuhkan, Ini 3 Hal Diketahui",https://news.detik.com/berita/d-6357025/stadion-kanjuruhan-akan-diruntuhkan-ini-3-hal-diketahui,"
Rabu, 19 Okt 2022 13:58 WIB "
Asops Polri Tiba di Komnas HAM Diperiksa soal Tragedi Kanjuruhan,https://news.detik.com/berita/d-6356959/asops-polri-tiba-di-komnas-ham-diperiksa-soal-tragedi-kanjuruhan,"
Rabu, 19 Okt 2022 13:43 WIB "
Polri Cek Rekaman CCTV Durasi 3 Jam di Stadion Kanjuruhan yang Dihapus,https://news.detik.com/berita/d-6356926/polri-cek-rekaman-cctv-durasi-3-jam-di-stadion-kanjuruhan-yang-dihapus,"
Rabu, 19 Okt 2022 13:38 WIB "
Terungkap! AKP Has Darmawan Perintahkan Penembakan Gas Air Mata di Kanjuruhan,https://news.detik.com/berita/d-6356909/terungkap-akp-has-darmawan-perintahkan-penembakan-gas-air-mata-di-kanjuruhan,"
Rabu, 19 Okt 2022 13:27 WIB "
Ahli Hukum UAI: Ketegasan Kapolri Berantas Judi Patut Diapresiasi,https://news.detik.com/berita/d-6357019/ahli-hukum-uai-ketegasan-kapolri-berantas-judi-patut-diapresiasi,"
Rabu, 19 Okt 2022 13:05 WIB "
Beda Kapolda Jatim dan Kabiddokkes soal Izin Autopsi Korban Kanjuruhan,https://news.detik.com/berita/d-6356732/beda-kapolda-jatim-dan-kabiddokkes-soal-izin-autopsi-korban-kanjuruhan,"
Rabu, 19 Okt 2022 12:24 WIB "
Kapolda Bantah Ada Intimidasi ke Keluarga Korban Kanjuruhan soal Autopsi,https://news.detik.com/berita/d-6356691/kapolda-bantah-ada-intimidasi-ke-keluarga-korban-kanjuruhan-soal-autopsi,"
Rabu, 19 Okt 2022 12:12 WIB "
"Andi Korban Kanjuruhan Ke-133, Ini Perjuangannya Sebelum Meninggal",https://news.detik.com/berita/d-6356662/andi-korban-kanjuruhan-ke-133-ini-perjuangannya-sebelum-meninggal,"
Rabu, 19 Okt 2022 11:58 WIB "
"Autopsi 2 Jenazah Tragedi Kanjuruhan Mendadak Batal, Ini Penyebabnya",https://news.detik.com/berita/d-6356647/autopsi-2-jenazah-tragedi-kanjuruhan-mendadak-batal-ini-penyebabnya,"
Rabu, 19 Okt 2022 11:51 WIB "
"Siang Ini, Komnas HAM Periksa Match Commissioner-Asops Polri soal Kanjuruhan",https://news.detik.com/berita/d-6356566/siang-ini-komnas-ham-periksa-match-commissioner-asops-polri-soal-kanjuruhan,"
Rabu, 19 Okt 2022 11:08 WIB "
"Rekonstruksi Tragedi Kanjuruhan Hari Ini, Berikut 3 Hal yang Diketahui",https://news.detik.com/berita/d-6356543/rekonstruksi-tragedi-kanjuruhan-hari-ini-berikut-3-hal-yang-diketahui,"
Rabu, 19 Okt 2022 10:57 WIB "
PT LIB Penuhi Panggilan Komnas HAM Terkait Tragedi Kanjuruhan,https://news.detik.com/berita/d-6356462/pt-lib-penuhi-panggilan-komnas-ham-terkait-tragedi-kanjuruhan,"
Rabu, 19 Okt 2022 10:27 WIB "
Korpus BEM Nusantara: Dukung-Kawal Polri Membuktikan Presisinya,https://news.detik.com/berita/d-6356377/korpus-bem-nusantara-dukung-kawal-polri-membuktikan-presisinya,"
Rabu, 19 Okt 2022 07:54 WIB "
Komnas HAM Jelaskan Peran CCTV Stadion Kanjuruhan yang Dihapus,https://news.detik.com/berita/d-6355602/komnas-ham-jelaskan-peran-cctv-stadion-kanjuruhan-yang-dihapus,"
Selasa, 18 Okt 2022 18:32 WIB "
Gerilya Erick Thohir di Balik Terhindarnya Indonesia dari Sanksi FIFA,https://news.detik.com/berita/d-6355496/gerilya-erick-thohir-di-balik-terhindarnya-indonesia-dari-sanksi-fifa,"
Selasa, 18 Okt 2022 17:50 WIB "
Komnas HAM Singgung Kasus Sambo Terkait Hilangnya CCTV Stadion Kanjuruhan,https://news.detik.com/berita/d-6355428/komnas-ham-singgung-kasus-sambo-terkait-hilangnya-cctv-stadion-kanjuruhan,"
Selasa, 18 Okt 2022 17:23 WIB "
Komnas HAM Usut Penghapusan 3 Jam Rekaman CCTV di Stadion Kanjuruhan,https://news.detik.com/berita/d-6355340/komnas-ham-usut-penghapusan-3-jam-rekaman-cctv-di-stadion-kanjuruhan,"
Selasa, 18 Okt 2022 16:50 WIB "
"Sempat Batal, Komnas HAM Akan Periksa PT LIB Besok Terkait Kanjuruhan",https://news.detik.com/berita/d-6355322/sempat-batal-komnas-ham-akan-periksa-pt-lib-besok-terkait-kanjuruhan,"
Selasa, 18 Okt 2022 16:41 WIB "
Jokowi: FIFA Akan Berkantor Lama di Indonesia,https://news.detik.com/berita/d-6355307/jokowi-fifa-akan-berkantor-lama-di-indonesia,"
Selasa, 18 Okt 2022 16:33 WIB "
Jokowi: Stadion Kanjuruhan Akan Diruntuhkan,https://news.detik.com/berita/d-6355133/jokowi-stadion-kanjuruhan-akan-diruntuhkan,"
Selasa, 18 Okt 2022 15:38 WIB "
Jokowi Bicara soal Tak Ada PSSI di Pertemuan dengan Presiden FIFA,https://news.detik.com/berita/d-6355077/jokowi-bicara-soal-tak-ada-pssi-di-pertemuan-dengan-presiden-fifa,"
Selasa, 18 Okt 2022 15:15 WIB "
"Ditanya Rekomendasi TGIPF agar Ketum PSSI Mundur, Begini Respons Jokowi",https://news.detik.com/berita/d-6355033/ditanya-rekomendasi-tgipf-agar-ketum-pssi-mundur-begini-respons-jokowi,"
Selasa, 18 Okt 2022 15:02 WIB "
Dunia Hari Ini: Anggota Band K-Pop BTS Pastikan Akan Ikuti Wajib Militer,https://news.detik.com/abc-australia/d-6355021/dunia-hari-ini-anggota-band-k-pop-bts-pastikan-akan-ikuti-wajib-militer,"
Selasa, 18 Okt 2022 14:53 WIB "
Komnas HAM: Pemprov Jatim Tak Setop Biaya Pengobatan Korban Kanjuruhan,https://news.detik.com/berita/d-6355019/komnas-ham-pemprov-jatim-tak-setop-biaya-pengobatan-korban-kanjuruhan,"
Selasa, 18 Okt 2022 14:53 WIB "
Jokowi dan Presiden FIFA Kaji Ulang Stakeholder Sepakbola Indonesia!,https://news.detik.com/berita/d-6354971/jokowi-dan-presiden-fifa-kaji-ulang-stakeholder-sepakbola-indonesia,"
Selasa, 18 Okt 2022 14:35 WIB "
"Korban Tewas Tragedi Kanjuruhan Bertambah Jadi 133 Orang, Ini Identitasnya",https://news.detik.com/berita/d-6354954/korban-tewas-tragedi-kanjuruhan-bertambah-jadi-133-orang-ini-identitasnya,"
Selasa, 18 Okt 2022 14:32 WIB "
Perintangan Investigasi dan Penghapusan CCTV Kanjuruhan,https://news.detik.com/x/detail/investigasi/20221018/Perintangan-Investigasi-dan-Penghapusan-CCTV-Kanjuruhan/,"
Selasa, 18 Okt 2022 14:23 WIB "
Jokowi-Presiden FIFA Sepakati Transformasi Sepakbola Indonesia Menyeluruh,https://news.detik.com/berita/d-6354926/jokowi-presiden-fifa-sepakati-transformasi-sepakbola-indonesia-menyeluruh,"
Selasa, 18 Okt 2022 14:21 WIB "
"Presiden Jokowi-Presiden FIFA Bahas Tragedi Kanjuruhan, Ini Hasilnya",https://news.detik.com/detiktv/d-6354809/presiden-jokowi-presiden-fifa-bahas-tragedi-kanjuruhan-ini-hasilnya,"
Selasa, 18 Okt 2022 13:37 WIB "
Jokowi Sambut Presiden FIFA di Istana Merdeka,https://news.detik.com/berita/d-6354559/jokowi-sambut-presiden-fifa-di-istana-merdeka,"
Selasa, 18 Okt 2022 12:13 WIB "
IPW: Kepercayaan Publik Meningkat saat Polri Tangkap Bos Judi Online,https://news.detik.com/berita/d-6354608/ipw-kepercayaan-publik-meningkat-saat-polri-tangkap-bos-judi-online,"
Selasa, 18 Okt 2022 11:52 WIB "
Kegagalan Intelijen di Kanjuruhan,https://news.detik.com/kolom/d-6354362/kegagalan-intelijen-di-kanjuruhan,"
Selasa, 18 Okt 2022 11:15 WIB "
Jokowi Bertemu Presiden FIFA di Istana Siang Ini,https://news.detik.com/berita/d-6354109/jokowi-bertemu-presiden-fifa-di-istana-siang-ini,"
Selasa, 18 Okt 2022 08:38 WIB "
Paguyuban Suporter Timnas Harap Ada Asuransi Keamanan Saat Nonton Bola,https://news.detik.com/berita/d-6353555/paguyuban-suporter-timnas-harap-ada-asuransi-keamanan-saat-nonton-bola,"
Senin, 17 Okt 2022 19:33 WIB "
Jokowi Bertemu Presiden FIFA di Istana Jakarta Besok,https://news.detik.com/berita/d-6353532/jokowi-bertemu-presiden-fifa-di-istana-jakarta-besok,"
Senin, 17 Okt 2022 19:21 WIB "
TGIPF Ungkap 3 Jam Rekaman CCTV di Stadion Kanjuruhan Dihapus,https://news.detik.com/berita/d-6353387/tgipf-ungkap-3-jam-rekaman-cctv-di-stadion-kanjuruhan-dihapus,"
Senin, 17 Okt 2022 18:13 WIB "
Paguyuban Suporter: PSSI-Polisi Harus Tanggung Jawab atas Tragedi Kanjuruhan,https://news.detik.com/berita/d-6353348/paguyuban-suporter-pssi-polisi-harus-tanggung-jawab-atas-tragedi-kanjuruhan,"
Senin, 17 Okt 2022 17:58 WIB "
Polri Gelar Rekonstruksi Tragedi Kanjuruhan di Lapangan Polda Jatim Lusa,https://news.detik.com/berita/d-6353202/polri-gelar-rekonstruksi-tragedi-kanjuruhan-di-lapangan-polda-jatim-lusa,"
Senin, 17 Okt 2022 16:57 WIB "
"Komnas HAM Selesai Periksa Paguyuban Suporter, Ini yang Didalami",https://news.detik.com/berita/d-6353160/komnas-ham-selesai-periksa-paguyuban-suporter-ini-yang-didalami,"
Senin, 17 Okt 2022 16:41 WIB "
Polri Panggil Ketum PSSI Iwan Bule Terkait Tragedi Kanjuruhan Besok,https://news.detik.com/berita/d-6353156/polri-panggil-ketum-pssi-iwan-bule-terkait-tragedi-kanjuruhan-besok,"
Senin, 17 Okt 2022 16:40 WIB "
Paguyuban Suporter Desak PSSI Patuhi Rekomendasi TGIPF Tragedi Kanjuruhan,https://news.detik.com/berita/d-6353058/paguyuban-suporter-desak-pssi-patuhi-rekomendasi-tgipf-tragedi-kanjuruhan,"
Senin, 17 Okt 2022 16:05 WIB "
Mayat-mayat di Selasar Tribun Kanjuruhan,https://news.detik.com/x/detail/investigasi/20221017/Mayat-mayat-di-Selasar-Tribun-Kanjuruhan/,"
Senin, 17 Okt 2022 16:01 WIB "
Menko PMK Tepis Kabar Pemerintah Setop Biayai Korban Tragedi Kanjuruhan,https://news.detik.com/berita/d-6352996/menko-pmk-tepis-kabar-pemerintah-setop-biayai-korban-tragedi-kanjuruhan,"
Senin, 17 Okt 2022 15:42 WIB "
Paguyuban Suporter Timnas Ngadu ke Komnas HAM: Minim Edukasi,https://news.detik.com/berita/d-6352957/paguyuban-suporter-timnas-ngadu-ke-komnas-ham-minim-edukasi,"
Senin, 17 Okt 2022 15:26 WIB "
Komnas HAM Bakal Awasi Ekshumasi 2 Jenazah Korban Tragedi Kanjuruhan,https://news.detik.com/berita/d-6352700/komnas-ham-bakal-awasi-ekshumasi-2-jenazah-korban-tragedi-kanjuruhan,"
Senin, 17 Okt 2022 14:18 WIB "
Komnas HAM Cek Info Pemprov Jatim Setop Biayai Pengobatan Korban Kanjuruhan,https://news.detik.com/berita/d-6352441/komnas-ham-cek-info-pemprov-jatim-setop-biayai-pengobatan-korban-kanjuruhan,"
Senin, 17 Okt 2022 12:57 WIB "
Paguyuban Suporter Penuhi Panggilan Komnas HAM Terkait Tragedi Kanjuruhan,https://news.detik.com/berita/d-6352307/paguyuban-suporter-penuhi-panggilan-komnas-ham-terkait-tragedi-kanjuruhan,"
Senin, 17 Okt 2022 12:04 WIB "
"Komnas HAM Periksa Pesebaya, Gali Kronologi Tragedi Kanjuruhan",https://news.detik.com/berita/d-6352198/komnas-ham-periksa-pesebaya-gali-kronologi-tragedi-kanjuruhan,"
Senin, 17 Okt 2022 11:18 WIB "
"Lusa, Komnas HAM Periksa PT Liga Indonesia Baru Soal Tragedi Kanjuruhan",https://news.detik.com/berita/d-6352177/lusa-komnas-ham-periksa-pt-liga-indonesia-baru-soal-tragedi-kanjuruhan,"
Senin, 17 Okt 2022 11:12 WIB "
"Komnas HAM Panggil Suporter Timnas, Gali Keterangan soal Kanjuruhan",https://news.detik.com/berita/d-6351920/komnas-ham-panggil-suporter-timnas-gali-keterangan-soal-kanjuruhan,"
Senin, 17 Okt 2022 09:23 WIB "
Sosok Pengganti Teddy Minahasa: Ini Profil Irjen Toni Kapolda Jatim Baru,https://news.detik.com/berita/d-6350982/sosok-pengganti-teddy-minahasa-ini-profil-irjen-toni-kapolda-jatim-baru,"
Minggu, 16 Okt 2022 14:13 WIB "
Komisi X DPR: Jokowi Harus Respons Rekomendasi TGIPF agar Ketum PSSI Mundur,https://news.detik.com/berita/d-6350475/komisi-x-dpr-jokowi-harus-respons-rekomendasi-tgipf-agar-ketum-pssi-mundur,"
Minggu, 16 Okt 2022 07:51 WIB "
Mahfud Apresiasi Kapolri: Tak Mudah Cokot Bandar Judi dari Luar Negeri,https://news.detik.com/berita/d-6350404/mahfud-apresiasi-kapolri-tak-mudah-cokot-bandar-judi-dari-luar-negeri,"
Minggu, 16 Okt 2022 05:00 WIB "
Mahfud Nilai Kapolri Tegas: Bisa Saja Kasus Teddy Minahasa Tidak Diungkap,https://news.detik.com/berita/d-6350391/mahfud-nilai-kapolri-tegas-bisa-saja-kasus-teddy-minahasa-tidak-diungkap,"
Minggu, 16 Okt 2022 03:41 WIB "
SETARA Institute: Kasus Irjen Teddy Minahasa Momentum Reformasi Polri,https://news.detik.com/berita/d-6350341/setara-institute-kasus-irjen-teddy-minahasa-momentum-reformasi-polri,"
Minggu, 16 Okt 2022 00:26 WIB "
Fadli Zon Desak Ketum PSSI Mundur: Pertanggungjawaban Moral,https://news.detik.com/berita/d-6349958/fadli-zon-desak-ketum-pssi-mundur-pertanggungjawaban-moral,"
Sabtu, 15 Okt 2022 19:02 WIB "
Ketua DPD RI Apresiasi Jenderal Listyo Sigit yang Serius Benahi Polri,https://news.detik.com/berita/d-6349749/ketua-dpd-ri-apresiasi-jenderal-listyo-sigit-yang-serius-benahi-polri,"
Sabtu, 15 Okt 2022 17:21 WIB "
Komisi X DPR soal Hasil Investigasi TGIPF: Ketum PSSI Mundur Jadi Opsi Terbaik,https://news.detik.com/berita/d-6349647/komisi-x-dpr-soal-hasil-investigasi-tgipf-ketum-pssi-mundur-jadi-opsi-terbaik,"
Sabtu, 15 Okt 2022 15:59 WIB "
"Respons Rekomendasi TGIPF Tragedi Kanjuruhan, Polri Akan Periksa 16 Saksi",https://news.detik.com/berita/d-6349359/respons-rekomendasi-tgipf-tragedi-kanjuruhan-polri-akan-periksa-16-saksi,"
Sabtu, 15 Okt 2022 12:30 WIB "
Polri Gelar Rekonstruksi Tragedi Kanjuruhan Kamis Depan,https://news.detik.com/berita/d-6349349/polri-gelar-rekonstruksi-tragedi-kanjuruhan-kamis-depan,"
Sabtu, 15 Okt 2022 12:22 WIB "
Lengkap! Ini Kesimpulan dan Rekomendasi TGIPF soal Tragedi Kanjuruhan,https://news.detik.com/berita/d-6349317/lengkap-ini-kesimpulan-dan-rekomendasi-tgipf-soal-tragedi-kanjuruhan,"
Sabtu, 15 Okt 2022 11:49 WIB "
Polri Ekshumasi 2 Jenazah Korban Tragedi Kanjuruhan Pekan Depan,https://news.detik.com/berita/d-6349234/polri-ekshumasi-2-jenazah-korban-tragedi-kanjuruhan-pekan-depan,"
Sabtu, 15 Okt 2022 10:40 WIB "
Fakta Baru Tragedi Kanjuruhan Diungkap TGIPF Terkait Gas Air Mata,https://news.detik.com/berita/d-6349129/fakta-baru-tragedi-kanjuruhan-diungkap-tgipf-terkait-gas-air-mata,"
Sabtu, 15 Okt 2022 09:08 WIB "
"Mahfud Sebut Tak Bisa Paksa Ketum PSSI Mundur, Singgung Tanggung Jawab Moral",https://news.detik.com/berita/d-6349124/mahfud-sebut-tak-bisa-paksa-ketum-pssi-mundur-singgung-tanggung-jawab-moral,"
Sabtu, 15 Okt 2022 09:03 WIB "
Polri Pastikan Tak Akan Pakai Gas Air Mata Lagi di Pertandingan Sepakbola,https://news.detik.com/berita/d-6349057/polri-pastikan-tak-akan-pakai-gas-air-mata-lagi-di-pertandingan-sepakbola,"
Sabtu, 15 Okt 2022 07:10 WIB "
Rekomendasi TGIPF Kanjuruhan agar Ketum PSSI Mundur dari Jabatan,https://news.detik.com/berita/d-6348772/rekomendasi-tgipf-kanjuruhan-agar-ketum-pssi-mundur-dari-jabatan,"
Jumat, 14 Okt 2022 21:44 WIB "
5 Catatan Said Abdullah soal Penanganan Masalah Internal di Polri,https://news.detik.com/berita/d-6348456/5-catatan-said-abdullah-soal-penanganan-masalah-internal-di-polri,"
Jumat, 14 Okt 2022 18:44 WIB "
Komnas HAM Minta PT LIB Segera Datang Beri Keterangan Tragedi Kanjuruhan,https://news.detik.com/berita/d-6348381/komnas-ham-minta-pt-lib-segera-datang-beri-keterangan-tragedi-kanjuruhan,"
Jumat, 14 Okt 2022 18:12 WIB "
TGIPF Apresiasi Kapolri Demosi-Tindak Pidana Pelaku Tragedi Kanjuruhan,https://news.detik.com/berita/d-6348278/tgipf-apresiasi-kapolri-demosi-tindak-pidana-pelaku-tragedi-kanjuruhan,"
Jumat, 14 Okt 2022 17:37 WIB "
Mahfud: Presiden Jokowi dan FIFA Sepakat Lakukan Tranformasi PSSI,https://news.detik.com/berita/d-6348222/mahfud-presiden-jokowi-dan-fifa-sepakat-lakukan-tranformasi-pssi,"
Jumat, 14 Okt 2022 17:16 WIB "
TGIPF Minta Polri Hentikan Penggunaan Gas Air Mata di Pertandingan Sepakbola,https://news.detik.com/berita/d-6348183/tgipf-minta-polri-hentikan-penggunaan-gas-air-mata-di-pertandingan-sepakbola,"
Jumat, 14 Okt 2022 17:07 WIB "
TGIPF Kanjuruhan: Polisi Tembak Gas Air Mata Membabi Buta,https://news.detik.com/berita/d-6348162/tgipf-kanjuruhan-polisi-tembak-gas-air-mata-membabi-buta,"
Jumat, 14 Okt 2022 17:01 WIB "
Mahfud Ungkap Peluang Adanya Tersangka Baru di Tragedi Kanjuruhan,https://news.detik.com/berita/d-6348150/mahfud-ungkap-peluang-adanya-tersangka-baru-di-tragedi-kanjuruhan,"
Jumat, 14 Okt 2022 17:00 WIB "
Komnas HAM Desak Trauma Healing Korban Kanjuruhan Segera Diberikan,https://news.detik.com/berita/d-6348147/komnas-ham-desak-trauma-healing-korban-kanjuruhan-segera-diberikan,"
Jumat, 14 Okt 2022 16:59 WIB "
"Mahfud: Tugas TGIPF Kanjuruhan Selesai, Sudah Foto dengan Presiden",https://news.detik.com/berita/d-6348051/mahfud-tugas-tgipf-kanjuruhan-selesai-sudah-foto-dengan-presiden,"
Jumat, 14 Okt 2022 16:24 WIB "
Rekomendasi TGIPF Kanjuruhan: Sepatutnya Ketum PSSI-Komite Eksekutif Mundur,https://news.detik.com/berita/d-6348022/rekomendasi-tgipf-kanjuruhan-sepatutnya-ketum-pssi-komite-eksekutif-mundur,"
Jumat, 14 Okt 2022 16:08 WIB "
Alasan Pengurus PSSI Harus Tanggung Jawab atas Tragedi Kanjuruhan,https://news.detik.com/berita/d-6347957/alasan-pengurus-pssi-harus-tanggung-jawab-atas-tragedi-kanjuruhan,"
Jumat, 14 Okt 2022 15:48 WIB "
"Komnas HAM Akan Bertemu Pemain Persebaya, Gali Cerita Tragedi Kanjuruhan",https://news.detik.com/berita/d-6347950/komnas-ham-akan-bertemu-pemain-persebaya-gali-cerita-tragedi-kanjuruhan,"
Jumat, 14 Okt 2022 15:45 WIB "
Komnas HAM Sudah Periksa Polisi Penembak Gas Air Mata Tragedi Kanjuruhan,https://news.detik.com/berita/d-6347896/komnas-ham-sudah-periksa-polisi-penembak-gas-air-mata-tragedi-kanjuruhan,"
Jumat, 14 Okt 2022 15:28 WIB "
Mahfud Sebut BRIN Masih Cek Bahaya Tidaknya Gas Air Mata,https://news.detik.com/berita/d-6347866/mahfud-sebut-brin-masih-cek-bahaya-tidaknya-gas-air-mata,"
Jumat, 14 Okt 2022 15:20 WIB "
TGIPF Ceritakan Momen Dramatis Penyelamatan Korban Kanjuruhan,https://news.detik.com/berita/d-6347864/tgipf-ceritakan-momen-dramatis-penyelamatan-korban-kanjuruhan,"
Jumat, 14 Okt 2022 15:20 WIB "
Mahfud: Presiden Minta Polri Lanjutkan Penyelidikan Kanjuruhan ke Pihak Lain,https://news.detik.com/berita/d-6347824/mahfud-presiden-minta-polri-lanjutkan-penyelidikan-kanjuruhan-ke-pihak-lain,"
Jumat, 14 Okt 2022 14:55 WIB "
Mahfud: Jatuhnya Korban Kanjuruhan Lebih Mengerikan di CCTV daripada di Medsos,https://news.detik.com/berita/d-6347803/mahfud-jatuhnya-korban-kanjuruhan-lebih-mengerikan-di-cctv-daripada-di-medsos,"
Jumat, 14 Okt 2022 14:42 WIB "
"Mahfud Pimpin TGIPF ke Istana, Serahkan Investigasi Kanjuruhan ke Jokowi",https://news.detik.com/berita/d-6347681/mahfud-pimpin-tgipf-ke-istana-serahkan-investigasi-kanjuruhan-ke-jokowi,"
Jumat, 14 Okt 2022 13:54 WIB "
Kapolres Malang yang Baru Sampaikan Permohonan Maaf ke Korban Kanjuruhan,https://news.detik.com/berita/d-6347621/kapolres-malang-yang-baru-sampaikan-permohonan-maaf-ke-korban-kanjuruhan,"
Jumat, 14 Okt 2022 13:26 WIB "
PSI: Suprapti Ngaku Memang Jual Dawet di Kanjuruhan,https://news.detik.com/berita/d-6347314/psi-suprapti-ngaku-memang-jual-dawet-di-kanjuruhan,"
Jumat, 14 Okt 2022 11:08 WIB "
TGIPF Lapor Hasil Investigasi Tragedi Kanjuruhan ke Jokowi Pagi Ini,https://news.detik.com/berita/d-6346998/tgipf-lapor-hasil-investigasi-tragedi-kanjuruhan-ke-jokowi-pagi-ini,"
Jumat, 14 Okt 2022 07:37 WIB "
PSI Pecat Wanita Ngaku Penjual Dawet Kanjuruhan: Dia Kacaukan Fakta,https://news.detik.com/berita/d-6346969/psi-pecat-wanita-ngaku-penjual-dawet-kanjuruhan-dia-kacaukan-fakta,"
Jumat, 14 Okt 2022 07:01 WIB "
Komnas HAM Dalami Kewenangan PSSI-PT LIB Terkait Tragedi Kanjuruhan,https://news.detik.com/berita/d-6346838/komnas-ham-dalami-kewenangan-pssi-pt-lib-terkait-tragedi-kanjuruhan,"
Kamis, 13 Okt 2022 23:07 WIB "
Komnas HAM: Pemain Arema-Persebaya Juga Trauma Pasca-Tragedi Kanjuruhan,https://news.detik.com/berita/d-6346811/komnas-ham-pemain-arema-persebaya-juga-trauma-pasca-tragedi-kanjuruhan,"
Kamis, 13 Okt 2022 22:22 WIB "
PSSI soal Tragedi Kanjuruhan: Kehendak Allah,https://news.detik.com/berita/d-6346687/pssi-soal-tragedi-kanjuruhan-kehendak-allah,"
Kamis, 13 Okt 2022 20:40 WIB "
PSSI: Ketum Datangi Rumah Korban Tragedi Kanjuruhan Bentuk Tanggung Jawab,https://news.detik.com/berita/d-6346635/pssi-ketum-datangi-rumah-korban-tragedi-kanjuruhan-bentuk-tanggung-jawab,"
Kamis, 13 Okt 2022 20:09 WIB "
PSI Pecat Suprapti 'Penjual Dawet' Kanjuruhan!,https://news.detik.com/berita/d-6346615/psi-pecat-suprapti-penjual-dawet-kanjuruhan,"
Kamis, 13 Okt 2022 19:53 WIB "
PSSI Bangun Posko Trauma Healing Korban Tragedi Kanjuruhan Senin Depan,https://news.detik.com/berita/d-6346569/pssi-bangun-posko-trauma-healing-korban-tragedi-kanjuruhan-senin-depan,"
Kamis, 13 Okt 2022 19:31 WIB "
Iwan Bule soal Desakan Mundur Usai Tragedi Kanjuruhan: Nanti Ada Jubir,https://news.detik.com/berita/d-6346520/iwan-bule-soal-desakan-mundur-usai-tragedi-kanjuruhan-nanti-ada-jubir,"
Kamis, 13 Okt 2022 19:15 WIB "
Komnas HAM Update Tragedi Kanjuruhan,https://news.detik.com/detiktv/d-6346492/komnas-ham-update-tragedi-kanjuruhan,"
Kamis, 13 Okt 2022 18:56 WIB "
5 Hal soal Renovasi Total Stadion Kanjuruhan Usai Tragedi Maut,https://news.detik.com/berita/d-6346336/5-hal-soal-renovasi-total-stadion-kanjuruhan-usai-tragedi-maut,"
Kamis, 13 Okt 2022 18:18 WIB "
PSSI Bicara soal Tragedi Kanjuruhan,https://news.detik.com/detiktv/d-6346236/pssi-bicara-soal-tragedi-kanjuruhan,"
Kamis, 13 Okt 2022 17:48 WIB "
Kapolri: Ahli-ahli Dilibatkan Dalami Gas Air Mata Kedaluwarsa di Kanjuruhan,https://news.detik.com/berita/d-6346191/kapolri-ahli-ahli-dilibatkan-dalami-gas-air-mata-kedaluwarsa-di-kanjuruhan,"
Kamis, 13 Okt 2022 17:33 WIB "
Penjelasan Broadcaster ke Komnas HAM soal Tragedi Kanjuruhan,https://news.detik.com/berita/d-6346062/penjelasan-broadcaster-ke-komnas-ham-soal-tragedi-kanjuruhan,"
Kamis, 13 Okt 2022 16:59 WIB "
Analisis Ahli Paru-paru FK Unair soal Efek Terpapar Gas Air Mata,https://news.detik.com/berita/d-6346006/analisis-ahli-paru-paru-fk-unair-soal-efek-terpapar-gas-air-mata,"
Kamis, 13 Okt 2022 16:47 WIB "
"Iwan Bule Tiba di Komnas HAM, Diperiksa soal Tragedi Kanjuruhan",https://news.detik.com/berita/d-6345758/iwan-bule-tiba-di-komnas-ham-diperiksa-soal-tragedi-kanjuruhan,"
Kamis, 13 Okt 2022 15:25 WIB "
Broadcaster Penuhi Panggilan Komnas HAM soal Tragedi Kanjuruhan,https://news.detik.com/berita/d-6345717/broadcaster-penuhi-panggilan-komnas-ham-soal-tragedi-kanjuruhan,"
Kamis, 13 Okt 2022 15:03 WIB "
KontraS: Ada Keluarga Korban Kanjuruhan Diminta Polisi Tak Tempuh Jalur Hukum,https://news.detik.com/berita/d-6345673/kontras-ada-keluarga-korban-kanjuruhan-diminta-polisi-tak-tempuh-jalur-hukum,"
Kamis, 13 Okt 2022 14:51 WIB "
Kapolri Perintahkan Layanan Medis ke Korban Kanjuruhan Dilakukan Maksimal,https://news.detik.com/berita/d-6345565/kapolri-perintahkan-layanan-medis-ke-korban-kanjuruhan-dilakukan-maksimal,"
Kamis, 13 Okt 2022 13:57 WIB "
LPSK: Eks Kapolres Malang Tak Tahu Aturan FIFA soal Gas Air Mata,https://news.detik.com/berita/d-6345563/lpsk-eks-kapolres-malang-tak-tahu-aturan-fifa-soal-gas-air-mata,"
Kamis, 13 Okt 2022 13:57 WIB "
"Komnas HAM Sebut Botol Diduga Miras di Kanjuruhan Obat Sapi, Ini Kata Polri",https://news.detik.com/berita/d-6345550/komnas-ham-sebut-botol-diduga-miras-di-kanjuruhan-obat-sapi-ini-kata-polri,"
Kamis, 13 Okt 2022 13:53 WIB "
Salam Satu Jiwa Arema itu Kekuatan Sekaligus Titik Rawan,https://news.detik.com/kolom/d-6345492/salam-satu-jiwa-arema-itu-kekuatan-sekaligus-titik-rawan,"
Kamis, 13 Okt 2022 13:29 WIB "
LPSK Soroti Pengamanan Saat Penonton Pertama Masuk Lapangan di Kanjuruhan,https://news.detik.com/berita/d-6345490/lpsk-soroti-pengamanan-saat-penonton-pertama-masuk-lapangan-di-kanjuruhan,"
Kamis, 13 Okt 2022 13:28 WIB "
LPSK Ungkap Kronologi Penonton Masuk Stadion hingga Tembakan Gas Air Mata,https://news.detik.com/berita/d-6345474/lpsk-ungkap-kronologi-penonton-masuk-stadion-hingga-tembakan-gas-air-mata,"
Kamis, 13 Okt 2022 13:18 WIB "
Bareskrim soal Penambahan Tersangka Tragedi Kanjuruhan: Mudah-mudahan,https://news.detik.com/berita/d-6345470/bareskrim-soal-penambahan-tersangka-tragedi-kanjuruhan-mudah-mudahan,"
Kamis, 13 Okt 2022 13:15 WIB "
Komnas HAM: Iwan Bule Akan Hadir Pemeriksaan Tragedi Kanjuruhan Hari Ini,https://news.detik.com/berita/d-6345426/komnas-ham-iwan-bule-akan-hadir-pemeriksaan-tragedi-kanjuruhan-hari-ini,"
Kamis, 13 Okt 2022 12:59 WIB "
Komnas HAM Batal Periksa Dirut PT LIB soal Tragedi Kanjuruhan,https://news.detik.com/berita/d-6345344/komnas-ham-batal-periksa-dirut-pt-lib-soal-tragedi-kanjuruhan,"
Kamis, 13 Okt 2022 12:28 WIB "
Komisi X DPR Minta Izin Rapat Bareng PSSI-Panpel Kanjuruhan saat Reses,https://news.detik.com/berita/d-6345308/komisi-x-dpr-minta-izin-rapat-bareng-pssi-panpel-kanjuruhan-saat-reses,"
Kamis, 13 Okt 2022 12:10 WIB "
Ini Puluhan Botol Obat Ternak di Kanjuruhan yang Diduga Polisi Miras,https://news.detik.com/berita/d-6345203/ini-puluhan-botol-obat-ternak-di-kanjuruhan-yang-diduga-polisi-miras,"
Kamis, 13 Okt 2022 11:34 WIB "
Ini yang Akan Digali Komnas HAM di Pemeriksaan Dirut LIB-Broadcaster,https://news.detik.com/berita/d-6345170/ini-yang-akan-digali-komnas-ham-di-pemeriksaan-dirut-lib-broadcaster,"
Kamis, 13 Okt 2022 11:14 WIB "
Komnas HAM Buka Peluang Periksa Eks Kapolda Jatim soal Tragedi Kanjuruhan,https://news.detik.com/berita/d-6345147/komnas-ham-buka-peluang-periksa-eks-kapolda-jatim-soal-tragedi-kanjuruhan,"
Kamis, 13 Okt 2022 11:02 WIB "
"Wanita Ngaku Ibu Penjual Dawet Kanjuruhan Terbongkar, Ini 4 Faktanya",https://news.detik.com/berita/d-6345146/wanita-ngaku-ibu-penjual-dawet-kanjuruhan-terbongkar-ini-4-faktanya,"
Kamis, 13 Okt 2022 11:00 WIB "
Komnas HAM Akan Periksa Pihak LIB hingga PSSI Secara Bergantian,https://news.detik.com/berita/d-6345061/komnas-ham-akan-periksa-pihak-lib-hingga-pssi-secara-bergantian,"
Kamis, 13 Okt 2022 10:32 WIB "
"Besok, Mahfud Md Lapor Temuan TGIPF Kanjuruhan ke Jokowi",https://news.detik.com/berita/d-6345030/besok-mahfud-md-lapor-temuan-tgipf-kanjuruhan-ke-jokowi,"
Kamis, 13 Okt 2022 10:22 WIB "
Wanita Ngaku Penjual Dawet Kanjuruhan: Saya Bukan Suruhan Siapa-siapa,https://news.detik.com/berita/d-6345019/wanita-ngaku-penjual-dawet-kanjuruhan-saya-bukan-suruhan-siapa-siapa,"
Kamis, 13 Okt 2022 10:16 WIB "
Dirut LIB Tak Ditahan Usai 11 Jam Diperiksa soal Tragedi Kanjuruhan,https://news.detik.com/berita/d-6344929/dirut-lib-tak-ditahan-usai-11-jam-diperiksa-soal-tragedi-kanjuruhan,"
Kamis, 13 Okt 2022 09:10 WIB "
Komisi III DPR Desak PSSI dan LIB Tanggung Jawab Atas Tragedi Kanjuruhan,https://news.detik.com/berita/d-6344896/komisi-iii-dpr-desak-pssi-dan-lib-tanggung-jawab-atas-tragedi-kanjuruhan,"
Kamis, 13 Okt 2022 08:45 WIB "
Terbongkarnya Sosok Ngaku Penjual Dawet Kanjuruhan Ternyata Kader PSI,https://news.detik.com/berita/d-6344895/terbongkarnya-sosok-ngaku-penjual-dawet-kanjuruhan-ternyata-kader-psi,"
Kamis, 13 Okt 2022 08:43 WIB "
"Komisi X DPR: Kalau Tak Ada yang Merasa Bersalah, Audit Liga Indonesia!",https://news.detik.com/berita/d-6344824/komisi-x-dpr-kalau-tak-ada-yang-merasa-bersalah-audit-liga-indonesia,"
Kamis, 13 Okt 2022 07:26 WIB "
Mengemuka Video 'Kunci' Tragedi Kanjuruhan dari Korban yang Meninggal,https://news.detik.com/berita/d-6344793/mengemuka-video-kunci-tragedi-kanjuruhan-dari-korban-yang-meninggal,"
Kamis, 13 Okt 2022 06:31 WIB "
Investigasi Komnas Ham: Gas Air Mata-Temuan Baru Botol Diduga Miras,https://news.detik.com/detiktv/d-6344766/investigasi-komnas-ham-gas-air-mata-temuan-baru-botol-diduga-miras,"
Kamis, 13 Okt 2022 05:17 WIB "
"Permintaan Maaf 'Penjual Dawet' Kanjuruhan, Ternyata Kader PSI",https://news.detik.com/detiktv/d-6344735/permintaan-maaf-penjual-dawet-kanjuruhan-ternyata-kader-psi,"
Kamis, 13 Okt 2022 02:27 WIB "
Temuan Baru soal Botol Diduga Miras di Stadion Kanjuruhan,https://news.detik.com/berita/d-6344552/temuan-baru-soal-botol-diduga-miras-di-stadion-kanjuruhan,"
Rabu, 12 Okt 2022 21:04 WIB "
"Tragedi Kanjuruhan, Amnesty Internasional: Gas Air Mata Bisa Mematikan",https://news.detik.com/detiktv/d-6344456/tragedi-kanjuruhan-amnesty-internasional-gas-air-mata-bisa-mematikan,"
Rabu, 12 Okt 2022 20:19 WIB "
Komnas HAM soal Botol Diduga Miras di Kanjuruhan: Itu Obat Sapi,https://news.detik.com/berita/d-6344390/komnas-ham-soal-botol-diduga-miras-di-kanjuruhan-itu-obat-sapi,"
Rabu, 12 Okt 2022 19:38 WIB "
Pengakuan Suprapti 'Penjual Dawet' Kanjuruhan ke PSI soal Voice Note,https://news.detik.com/berita/d-6344264/pengakuan-suprapti-penjual-dawet-kanjuruhan-ke-psi-soal-voice-note,"
Rabu, 12 Okt 2022 18:41 WIB "
"PSI: 'Penjual Dawet' Bukan Pengurus, Jika Masih Kader Akan Dipecat",https://news.detik.com/pemilu/d-6344200/psi-penjual-dawet-bukan-pengurus-jika-masih-kader-akan-dipecat,"
Rabu, 12 Okt 2022 18:10 WIB "
PSI Buka Suara soal Viral Suara Penjual Dawet di Kanjuruhan,https://news.detik.com/berita/d-6344077/psi-buka-suara-soal-viral-suara-penjual-dawet-di-kanjuruhan,"
Rabu, 12 Okt 2022 17:23 WIB "
"Diperiksa Polisi, Ketua Komdis PSSI Jelaskan Abdul Haris Pernah Disanksi",https://news.detik.com/berita/d-6343964/diperiksa-polisi-ketua-komdis-pssi-jelaskan-abdul-haris-pernah-disanksi,"
Rabu, 12 Okt 2022 16:52 WIB "
Komnas HAM soal Botol Diduga Miras: Itu Produk UMKM Bukan untuk Diminum,https://news.detik.com/berita/d-6343874/komnas-ham-soal-botol-diduga-miras-itu-produk-umkm-bukan-untuk-diminum,"
Rabu, 12 Okt 2022 16:27 WIB "
Komnas HAM: Gas Air Mata di Kanjuruhan Pertama Ditembakkan Pukul 22.08 WIB,https://news.detik.com/berita/d-6343857/komnas-ham-gas-air-mata-di-kanjuruhan-pertama-ditembakkan-pukul-22-08-wib,"
Rabu, 12 Okt 2022 16:20 WIB "
Kisah Tragis Aremania Korban Tewas Rekam Video Krusial di Kanjuruhan,https://news.detik.com/berita/d-6343809/kisah-tragis-aremania-korban-tewas-rekam-video-krusial-di-kanjuruhan,"
Rabu, 12 Okt 2022 16:10 WIB "
Komnas HAM Temukan Banyak Sepatu di Kanjuruhan: Dilempar karena Panik,https://news.detik.com/berita/d-6343797/komnas-ham-temukan-banyak-sepatu-di-kanjuruhan-dilempar-karena-panik,"
Rabu, 12 Okt 2022 16:03 WIB "
Wakil Ketua MPR Minta Kemensos Bantu Korban Luka Tragedi Kanjuruhan,https://news.detik.com/berita/d-6343774/wakil-ketua-mpr-minta-kemensos-bantu-korban-luka-tragedi-kanjuruhan,"
Rabu, 12 Okt 2022 15:56 WIB "
Momen Sedih Komnas HAM Kisahkan Perekam Video 'Kunci' Kanjuruhan Meninggal,https://news.detik.com/berita/d-6343659/momen-sedih-komnas-ham-kisahkan-perekam-video-kunci-kanjuruhan-meninggal,"
Rabu, 12 Okt 2022 15:23 WIB "
"Helen Korban Kanjuruhan Ke-132, Sosok dan Perjuangannya Sebelum Meninggal",https://news.detik.com/berita/d-6343654/helen-korban-kanjuruhan-ke-132-sosok-dan-perjuangannya-sebelum-meninggal,"
Rabu, 12 Okt 2022 15:20 WIB "
Komnas HAM Bakal Panggil Direktur PT LIB hingga Dirut Indosiar Besok,https://news.detik.com/berita/d-6343489/komnas-ham-bakal-panggil-direktur-pt-lib-hingga-dirut-indosiar-besok,"
Rabu, 12 Okt 2022 14:22 WIB "
Komnas HAM: Polisi Minta Jumlah Tiket Dikurangi tapi Telanjur Dicetak 43 Ribu,https://news.detik.com/berita/d-6343473/komnas-ham-polisi-minta-jumlah-tiket-dikurangi-tapi-telanjur-dicetak-43-ribu,"
Rabu, 12 Okt 2022 14:16 WIB "
Komnas HAM Sebut Overkapasitas Kanjuruhan Akibatkan Banyak Jatuh Korban,https://news.detik.com/berita/d-6343467/komnas-ham-sebut-overkapasitas-kanjuruhan-akibatkan-banyak-jatuh-korban,"
Rabu, 12 Okt 2022 14:14 WIB "
Video Kunci Komnas HAM soal Kanjuruhan Direkam Korban yang Tewas,https://news.detik.com/berita/d-6343461/video-kunci-komnas-ham-soal-kanjuruhan-direkam-korban-yang-tewas,"
Rabu, 12 Okt 2022 14:11 WIB "
Tragedi Sepakbola di Indonesia,https://news.detik.com/x/detail/investigasi/20221012/Tragedi-Sepak-Bola-di-Indonesia/,"
Rabu, 12 Okt 2022 14:10 WIB "
"Komnas HAM: Pintu Tribun 13 Kanjuruhan Terbuka, tapi Pintu Kecil",https://news.detik.com/berita/d-6343438/komnas-ham-pintu-tribun-13-kanjuruhan-terbuka-tapi-pintu-kecil,"
Rabu, 12 Okt 2022 14:00 WIB "
Perjuangan 10 Hari Helen Korban Tragedi Kanjuruhan Sebelum Meninggal,https://news.detik.com/berita/d-6343407/perjuangan-10-hari-helen-korban-tragedi-kanjuruhan-sebelum-meninggal,"
Rabu, 12 Okt 2022 13:41 WIB "
Temuan Komnas HAM Terkait Tragedi Kanjuruhan,https://news.detik.com/berita/d-6343378/temuan-komnas-ham-terkait-tragedi-kanjuruhan,"
Rabu, 12 Okt 2022 13:27 WIB "
"Panpel Arema: Polisi Awalnya Batasi Tiket, Akhirnya Persilakan 43 Ribu",https://news.detik.com/berita/d-6343358/panpel-arema-polisi-awalnya-batasi-tiket-akhirnya-persilakan-43-ribu,"
Rabu, 12 Okt 2022 13:17 WIB "
"Ade Armando Belum Berani ke Malang, Minta Pemeriksaan Polisi Via Zoom",https://news.detik.com/berita/d-6343252/ade-armando-belum-berani-ke-malang-minta-pemeriksaan-polisi-via-zoom,"
Rabu, 12 Okt 2022 12:41 WIB "
Polri Akan Cecar Indosiar soal Siaran Arema Vs Persebaya Malam,https://news.detik.com/berita/d-6343216/polri-akan-cecar-indosiar-soal-siaran-arema-vs-persebaya-malam,"
Rabu, 12 Okt 2022 12:19 WIB "
"Dipolisikan, Ade Armando Jelaskan soal Sebut Aremania 'Sok Jagoan'",https://news.detik.com/berita/d-6343215/dipolisikan-ade-armando-jelaskan-soal-sebut-aremania-sok-jagoan,"
Rabu, 12 Okt 2022 12:18 WIB "
Andre Rosiade Dukung Erick Thohir Pimpin Reformasi PSSI,https://news.detik.com/berita/d-6343225/andre-rosiade-dukung-erick-thohir-pimpin-reformasi-pssi,"
Rabu, 12 Okt 2022 12:18 WIB "
Dirut PT LIB Tersangka Tragedi Kanjuruhan Penuhi Panggilan Polisi,https://news.detik.com/berita/d-6343103/dirut-pt-lib-tersangka-tragedi-kanjuruhan-penuhi-panggilan-polisi,"
Rabu, 12 Okt 2022 11:35 WIB "
Jokowi Tanya Temuan TGIPF Kanjuruhan ke Mahfud di Sela Acara Lemhannas,https://news.detik.com/berita/d-6343093/jokowi-tanya-temuan-tgipf-kanjuruhan-ke-mahfud-di-sela-acara-lemhannas,"
Rabu, 12 Okt 2022 11:28 WIB "
Polri Periksa Deputi PSSI-Indosiar soal Tragedi Kanjuruhan Pekan Depan,https://news.detik.com/berita/d-6343075/polri-periksa-deputi-pssi-indosiar-soal-tragedi-kanjuruhan-pekan-depan,"
Rabu, 12 Okt 2022 11:18 WIB "
3 Polisi Tersangka Tragedi Kanjuruhan Diperiksa Siang Ini,https://news.detik.com/berita/d-6343073/3-polisi-tersangka-tragedi-kanjuruhan-diperiksa-siang-ini,"
Rabu, 12 Okt 2022 11:15 WIB "
Dirut LIB Diperiksa Polisi Terkait Tragedi Kanjuruhan Hari Ini,https://news.detik.com/berita/d-6343031/dirut-lib-diperiksa-polisi-terkait-tragedi-kanjuruhan-hari-ini,"
Rabu, 12 Okt 2022 11:01 WIB "
Sahroni Apresiasi Polisi di Malang Sujud Massal Minta Maaf: Mereka Tulus,https://news.detik.com/berita/d-6343030/sahroni-apresiasi-polisi-di-malang-sujud-massal-minta-maaf-mereka-tulus,"
Rabu, 12 Okt 2022 11:00 WIB "
Komnas HAM Beberkan Hasil Temuan Awal soal Tragedi Kanjuruhan Siang Ini,https://news.detik.com/berita/d-6342972/komnas-ham-beberkan-hasil-temuan-awal-soal-tragedi-kanjuruhan-siang-ini,"
Rabu, 12 Okt 2022 10:39 WIB "
Mahfud: Saling Lempar Tanggung Jawab Kanjuruhan Bukti Liga Agak Kacau,https://news.detik.com/berita/d-6342779/mahfud-saling-lempar-tanggung-jawab-kanjuruhan-bukti-liga-agak-kacau,"
Rabu, 12 Okt 2022 08:18 WIB "
Anggota DPR Nilai Tragedi Kanjuruhan Bukan Penyebab Kapolda Jatim Diganti,https://news.detik.com/berita/d-6342747/anggota-dpr-nilai-tragedi-kanjuruhan-bukan-penyebab-kapolda-jatim-diganti,"
Rabu, 12 Okt 2022 07:50 WIB "
Saling Tunjuk PT LIB-Indosiar soal Arema Vs Persebaya Digelar Malam,https://news.detik.com/berita/d-6342721/saling-tunjuk-pt-lib-indosiar-soal-arema-vs-persebaya-digelar-malam,"
Rabu, 12 Okt 2022 07:24 WIB "
Saat PSSI Jawab Desakan Agar Iwan Bule Mundur dari Kursi Ketua Umum,https://news.detik.com/berita/d-6342712/saat-pssi-jawab-desakan-agar-iwan-bule-mundur-dari-kursi-ketua-umum,"
Rabu, 12 Okt 2022 07:13 WIB "
Ade Armando Dipolisikan Gegara Sebut Aremania 'Sok Jagoan',https://news.detik.com/berita/d-6342699/ade-armando-dipolisikan-gegara-sebut-aremania-sok-jagoan,"
Rabu, 12 Okt 2022 06:50 WIB "
"Diperiksa 12 Jam, 2 Orang Tersangka Tragedi Kanjuruhan Tak Ditahan",https://news.detik.com/berita/d-6342649/diperiksa-12-jam-2-orang-tersangka-tragedi-kanjuruhan-tak-ditahan,"
Rabu, 12 Okt 2022 03:30 WIB "
TGIPF: PSSI Tak Merasa Punya Tanggung Jawab dalam Tragedi Kanjuruhan,https://news.detik.com/berita/d-6342641/tgipf-pssi-tak-merasa-punya-tanggung-jawab-dalam-tragedi-kanjuruhan,"
Rabu, 12 Okt 2022 01:59 WIB "
PT LIB Ngaku Pertandingan Arema Vs Persebaya Malam Hari Permintaan Indosiar,https://news.detik.com/berita/d-6342625/pt-lib-ngaku-pertandingan-arema-vs-persebaya-malam-hari-permintaan-indosiar,"
Rabu, 12 Okt 2022 00:50 WIB "
Komnas HAM Sebut Gas Air Mata Jadi Penyebab Utama Tragedi Kanjuruhan,https://news.detik.com/berita/d-6342591/komnas-ham-sebut-gas-air-mata-jadi-penyebab-utama-tragedi-kanjuruhan,"
Selasa, 11 Okt 2022 23:46 WIB "
Komnas HAM Kantongi Video Kunci Terkait Tragedi Kanjuruhan,https://news.detik.com/berita/d-6342571/komnas-ham-kantongi-video-kunci-terkait-tragedi-kanjuruhan,"
Selasa, 11 Okt 2022 23:22 WIB "
Menteri PUPR Targetkan Audit Stadion Kanjuruhan Selesai Pekan Ini,https://news.detik.com/berita/d-6342559/menteri-pupr-targetkan-audit-stadion-kanjuruhan-selesai-pekan-ini,"
Selasa, 11 Okt 2022 23:05 WIB "
Indosiar Tegaskan Tak Ada Penalti Bila Jadwal Arema Vs Persebaya Diubah,https://news.detik.com/berita/d-6342551/indosiar-tegaskan-tak-ada-penalti-bila-jadwal-arema-vs-persebaya-diubah,"
Selasa, 11 Okt 2022 22:48 WIB "
Indosiar Bantah Liga 1 Digelar Malam untuk Akomodasi Iklan Rokok,https://news.detik.com/berita/d-6342525/indosiar-bantah-liga-1-digelar-malam-untuk-akomodasi-iklan-rokok,"
Selasa, 11 Okt 2022 22:08 WIB "
Indosiar soal Jadwal Tayang Liga 1 Arema Vs Persebaya: Kami Ikuti PT LIB,https://news.detik.com/berita/d-6342421/indosiar-soal-jadwal-tayang-liga-1-arema-vs-persebaya-kami-ikuti-pt-lib,"
Selasa, 11 Okt 2022 20:32 WIB "
"Sebut Aremania Sok Jagoan, Ade Armando Dipolisikan",https://news.detik.com/berita/d-6342420/sebut-aremania-sok-jagoan-ade-armando-dipolisikan,"
Selasa, 11 Okt 2022 20:32 WIB "
PSSI Klaim Arema Vs Persebaya Digelar Malam karena Ada Rekomendasi Polisi,https://news.detik.com/berita/d-6342362/pssi-klaim-arema-vs-persebaya-digelar-malam-karena-ada-rekomendasi-polisi,"
Selasa, 11 Okt 2022 19:43 WIB "
Dirut PT LIB Tersangka Tragedi Kanjuruhan Janji Akan Bertanggung Jawab,https://news.detik.com/berita/d-6342354/dirut-pt-lib-tersangka-tragedi-kanjuruhan-janji-akan-bertanggung-jawab,"
Selasa, 11 Okt 2022 19:34 WIB "
PSSI Jelaskan ke TGIPF Tindakan Sebelum hingga Tragedi Kanjuruhan Terjadi,https://news.detik.com/berita/d-6342342/pssi-jelaskan-ke-tgipf-tindakan-sebelum-hingga-tragedi-kanjuruhan-terjadi,"
Selasa, 11 Okt 2022 19:17 WIB "
Dr Mas Ayu Elita Ungkap Efek Paparan Gas Air Mata,https://news.detik.com/berita/d-6342303/dr-mas-ayu-elita-ungkap-efek-paparan-gas-air-mata,"
Selasa, 11 Okt 2022 18:58 WIB "
5 Perwira Polres Malang Diperiksa Terkait Tragedi Kanjuruhan,https://news.detik.com/berita/d-6342224/5-perwira-polres-malang-diperiksa-terkait-tragedi-kanjuruhan,"
Selasa, 11 Okt 2022 18:30 WIB "
"Korban Tragedi Kanjuruhan Bertambah 1, Dokter Jelaskan Kondisi Terakhirnya",https://news.detik.com/berita/d-6342193/korban-tragedi-kanjuruhan-bertambah-1-dokter-jelaskan-kondisi-terakhirnya,"
Selasa, 11 Okt 2022 18:23 WIB "
Helen Korban Tewas Tragedi Kanjuruhan Sempat Dijenguk Presiden Jokowi,https://news.detik.com/berita/d-6342165/helen-korban-tewas-tragedi-kanjuruhan-sempat-dijenguk-presiden-jokowi,"
Selasa, 11 Okt 2022 18:12 WIB "
"Jokowi Tak Sebut PSSI soal Transformasi Bola, Ini Kata Menpora",https://news.detik.com/berita/d-6342156/jokowi-tak-sebut-pssi-soal-transformasi-bola-ini-kata-menpora,"
Selasa, 11 Okt 2022 18:08 WIB "
3 Polisi Tersangka Kanjuruhan Batal Diperiksa Meski Penuhi Panggilan,https://news.detik.com/berita/d-6342090/3-polisi-tersangka-kanjuruhan-batal-diperiksa-meski-penuhi-panggilan,"
Selasa, 11 Okt 2022 17:47 WIB "
2 Opsi Rekomendasi TGIPF Tragedi Kanjuruhan,https://news.detik.com/berita/d-6342053/2-opsi-rekomendasi-tgipf-tragedi-kanjuruhan,"
Selasa, 11 Okt 2022 17:37 WIB "
Panpel Arema FC Minta Ketua PSSI Ikut Tanggung Jawab Terkait Kanjuruhan,https://news.detik.com/berita/d-6342016/panpel-arema-fc-minta-ketua-pssi-ikut-tanggung-jawab-terkait-kanjuruhan,"
Selasa, 11 Okt 2022 17:29 WIB "
Twitter Polresta Malang Diretas Usai Unggah Foto Sujud Massal,https://news.detik.com/berita/d-6342014/twitter-polresta-malang-diretas-usai-unggah-foto-sujud-massal,"
Selasa, 11 Okt 2022 17:29 WIB "
TGIPF Serahkan Laporan Investigasi Tragedi Kanjuruhan ke Jokowi Jumat Ini,https://news.detik.com/berita/d-6342007/tgipf-serahkan-laporan-investigasi-tragedi-kanjuruhan-ke-jokowi-jumat-ini,"
Selasa, 11 Okt 2022 17:25 WIB "
Korban Tewas Tragedi Kanjuruhan Bertambah Jadi 132 Orang,https://news.detik.com/berita/d-6341986/korban-tewas-tragedi-kanjuruhan-bertambah-jadi-132-orang,"
Selasa, 11 Okt 2022 17:17 WIB "
Mahfud: Gas Air Mata Tragedi Kanjuruhan Diperiksa di Laboratorium,https://news.detik.com/berita/d-6341985/mahfud-gas-air-mata-tragedi-kanjuruhan-diperiksa-di-laboratorium,"
Selasa, 11 Okt 2022 17:17 WIB "
LPSK Terima 19 Permohonan Perlindungan Terkait Tragedi Kanjuruhan,https://news.detik.com/berita/d-6341933/lpsk-terima-19-permohonan-perlindungan-terkait-tragedi-kanjuruhan,"
Selasa, 11 Okt 2022 17:01 WIB "
Pemeriksaan TGIPF soal Tragedi Kanjuruhan,https://news.detik.com/berita/d-6341852/pemeriksaan-tgipf-soal-tragedi-kanjuruhan,"
Selasa, 11 Okt 2022 16:35 WIB "
Erick Thohir Beberkan 4 Poin Komunikasi Jokowi dan Presiden FIFA,https://news.detik.com/berita/d-6341837/erick-thohir-beberkan-4-poin-komunikasi-jokowi-dan-presiden-fifa,"
Selasa, 11 Okt 2022 16:30 WIB "
Jawaban PSSI soal Desakan Iwan Bule Mundur dari Ketua Umum,https://news.detik.com/berita/d-6341826/jawaban-pssi-soal-desakan-iwan-bule-mundur-dari-ketua-umum,"
Selasa, 11 Okt 2022 16:26 WIB "
"Temui TGIPF, LPSK Sampaikan Hasil Investigasi Tragedi Kanjuruhan",https://news.detik.com/berita/d-6341722/temui-tgipf-lpsk-sampaikan-hasil-investigasi-tragedi-kanjuruhan,"
Selasa, 11 Okt 2022 16:01 WIB "
Gas Beracun Pengepung Aremania,https://news.detik.com/x/detail/investigasi/20221011/Gas-Beracun-Pengepung-Aremania/,"
Selasa, 11 Okt 2022 15:26 WIB "
Menko PMK Apresiasi Kapolri Ganti Kapolda Jatim,https://news.detik.com/berita/d-6341518/menko-pmk-apresiasi-kapolri-ganti-kapolda-jatim,"
Selasa, 11 Okt 2022 14:38 WIB "
Efek Gas Air Mata Kedaluwarsa Menurut Ahli Diungkap Polri,https://news.detik.com/berita/d-6341327/efek-gas-air-mata-kedaluwarsa-menurut-ahli-diungkap-polri,"
Selasa, 11 Okt 2022 13:31 WIB "
Menko PMK: Presiden Santuni Korban Kanjuruhan Rp 15 Juta Pakai Uang Pribadi,https://news.detik.com/berita/d-6341323/menko-pmk-presiden-santuni-korban-kanjuruhan-rp-15-juta-pakai-uang-pribadi,"
Selasa, 11 Okt 2022 13:29 WIB "
Ketua Panpel dan Security Officer Arema Diperiksa soal Tragedi Kanjuruhan,https://news.detik.com/berita/d-6341266/ketua-panpel-dan-security-officer-arema-diperiksa-soal-tragedi-kanjuruhan,"
Selasa, 11 Okt 2022 12:58 WIB "
Ketum PSSI Iwan Bule Penuhi Panggilan TGIPF Kanjuruhan,https://news.detik.com/berita/d-6341215/ketum-pssi-iwan-bule-penuhi-panggilan-tgipf-kanjuruhan,"
Selasa, 11 Okt 2022 12:23 WIB "
"5 Tersangka Tragedi Kanjuruhan Diperiksa Hari Ini, Dirut LIB Besok",https://news.detik.com/berita/d-6340922/5-tersangka-tragedi-kanjuruhan-diperiksa-hari-ini-dirut-lib-besok,"
Selasa, 11 Okt 2022 10:09 WIB "
Mahfud Cari Bukti soal Suara Penjual Dawet Misterius di Kanjuruhan,https://news.detik.com/berita/d-6340844/mahfud-cari-bukti-soal-suara-penjual-dawet-misterius-di-kanjuruhan,"
Selasa, 11 Okt 2022 08:55 WIB "
"'Penjual Dawet' Kanjuruhan Masih Misteri, Dicari Komnas HAM tapi Tak Ketemu",https://news.detik.com/berita/d-6340829/penjual-dawet-kanjuruhan-masih-misteri-dicari-komnas-ham-tapi-tak-ketemu,"
Selasa, 11 Okt 2022 08:43 WIB "
Sorotan ke Gas Air Mata Kedaluwarsa di Tragedi Kanjuruhan,https://news.detik.com/berita/d-6340782/sorotan-ke-gas-air-mata-kedaluwarsa-di-tragedi-kanjuruhan,"
Selasa, 11 Okt 2022 07:53 WIB "
TGIPF Nilai Pintu Stadion Kanjuruhan Seperti Penjara: Sangat Sempit,https://news.detik.com/berita/d-6340476/tgipf-nilai-pintu-stadion-kanjuruhan-seperti-penjara-sangat-sempit,"
Senin, 10 Okt 2022 20:41 WIB "
Komnas HAM Cari Bakul Dawet Misterius Stadion Kanjuruhan: Nggak Ketemu,https://news.detik.com/berita/d-6340467/komnas-ham-cari-bakul-dawet-misterius-stadion-kanjuruhan-nggak-ketemu,"
Senin, 10 Okt 2022 20:32 WIB "
"Soroti soal Keamanan, TGIPF Dorong Tiap Klub Bola Punya Stadion Sendiri",https://news.detik.com/berita/d-6340461/soroti-soal-keamanan-tgipf-dorong-tiap-klub-bola-punya-stadion-sendiri,"
Senin, 10 Okt 2022 20:20 WIB "
TGIPF Belum Tahu Siapa Beri Komando PHH Masuk Bawa Gas Air Mata ke Stadion,https://news.detik.com/berita/d-6340438/tgipf-belum-tahu-siapa-beri-komando-phh-masuk-bawa-gas-air-mata-ke-stadion,"
Senin, 10 Okt 2022 20:03 WIB "
6 Tersangka Tragedi Kanjuruhan Diperiksa Besok di Polda Jatim,https://news.detik.com/berita/d-6340366/6-tersangka-tragedi-kanjuruhan-diperiksa-besok-di-polda-jatim,"
Senin, 10 Okt 2022 19:12 WIB "
TGIPF Duga Arema Vs Persebaya Dimulai Malam Gegara Akomodir Iklan Rokok,https://news.detik.com/berita/d-6340360/tgipf-duga-arema-vs-persebaya-dimulai-malam-gegara-akomodir-iklan-rokok,"
Senin, 10 Okt 2022 19:07 WIB "
TGIPF Bakal Periksa PSSI dan PT LIB Terkait Tragedi Kanjuruhan Besok,https://news.detik.com/berita/d-6340357/tgipf-bakal-periksa-pssi-dan-pt-lib-terkait-tragedi-kanjuruhan-besok,"
Senin, 10 Okt 2022 19:05 WIB "
Tersangka Tragedi Kanjuruhan Bantah Beri Perintah Tutup Pintu Stadion,https://news.detik.com/berita/d-6340266/tersangka-tragedi-kanjuruhan-bantah-beri-perintah-tutup-pintu-stadion,"
Senin, 10 Okt 2022 18:35 WIB "
"Ada Gas Air Mata Kedaluwarsa di Tragedi Kanjuruhan, TGIPF: Itu Pelanggaran",https://news.detik.com/berita/d-6340214/ada-gas-air-mata-kedaluwarsa-di-tragedi-kanjuruhan-tgipf-itu-pelanggaran,"
Senin, 10 Okt 2022 18:11 WIB "
4 Hal Tentang Gas Air Mata Kedaluwarsa di Tragedi Kanjuruhan,https://news.detik.com/berita/d-6340134/4-hal-tentang-gas-air-mata-kedaluwarsa-di-tragedi-kanjuruhan,"
Senin, 10 Okt 2022 17:55 WIB "
Jumlah Korban Kanjuruhan Terbaru: Total 714 Orang Termasuk 131 Tewas,https://news.detik.com/berita/d-6339908/jumlah-korban-kanjuruhan-terbaru-total-714-orang-termasuk-131-tewas,"
Senin, 10 Okt 2022 16:38 WIB "
APPI: Rantis Tak Cukup Janjikan Keamanan-Kenyamanan bagi Pesepakbola,https://news.detik.com/berita/d-6339887/appi-rantis-tak-cukup-janjikan-keamanan-kenyamanan-bagi-pesepakbola,"
Senin, 10 Okt 2022 16:31 WIB "
Polri: Pertandingan Arema FC Vs Persebaya Berisiko Cukup Tinggi,https://news.detik.com/berita/d-6339818/polri-pertandingan-arema-fc-vs-persebaya-berisiko-cukup-tinggi,"
Senin, 10 Okt 2022 16:14 WIB "
"Gas Air Mata Kanjuruhan Kedaluwarsa, Mahfud Undang Ahli Kimia",https://news.detik.com/berita/d-6339784/gas-air-mata-kanjuruhan-kedaluwarsa-mahfud-undang-ahli-kimia,"
Senin, 10 Okt 2022 16:06 WIB "
Polri Akui Ada Gas Air Mata Kedaluwarsa Ditemukan di Tragedi Kanjuruhan,https://news.detik.com/berita/d-6339723/polri-akui-ada-gas-air-mata-kedaluwarsa-ditemukan-di-tragedi-kanjuruhan,"
Senin, 10 Okt 2022 15:41 WIB "
Polisi Malang Sujud Massal Minta Maaf ke Korban Tragedi Kanjuruhan,https://news.detik.com/berita/d-6339715/polisi-malang-sujud-massal-minta-maaf-ke-korban-tragedi-kanjuruhan,"
Senin, 10 Okt 2022 15:38 WIB "
Polisi Kantongi Identitas Perusuh di Luar Stadion Kanjuruhan,https://news.detik.com/berita/d-6339704/polisi-kantongi-identitas-perusuh-di-luar-stadion-kanjuruhan,"
Senin, 10 Okt 2022 15:32 WIB "
Polri: Batas Waktu Evakuasi Penonton Keluar Stadion Saat Ricuh 10 Menit,https://news.detik.com/berita/d-6339647/polri-batas-waktu-evakuasi-penonton-keluar-stadion-saat-ricuh-10-menit,"
Senin, 10 Okt 2022 15:12 WIB "
Polri: Kabag Ops Polres Malang Seharusnya Larang Anggota Bawa Gas Air Mata,https://news.detik.com/berita/d-6339616/polri-kabag-ops-polres-malang-seharusnya-larang-anggota-bawa-gas-air-mata,"
Senin, 10 Okt 2022 15:06 WIB "
Polri: Dokter Sampaikan Penyebab Kematian di Kanjuruhan Bukan Gas Air Mata,https://news.detik.com/berita/d-6339607/polri-dokter-sampaikan-penyebab-kematian-di-kanjuruhan-bukan-gas-air-mata,"
Senin, 10 Okt 2022 15:01 WIB "
Polri: Justru Kemampuan Gas Air Mata Berkurang Jika Sudah Expired,https://news.detik.com/berita/d-6339590/polri-justru-kemampuan-gas-air-mata-berkurang-jika-sudah-expired,"
Senin, 10 Okt 2022 14:53 WIB "
Polri: 8 Pintu Darurat di Stadion Kanjuruhan Harusnya Bisa Dibuka,https://news.detik.com/berita/d-6339578/polri-8-pintu-darurat-di-stadion-kanjuruhan-harusnya-bisa-dibuka,"
Senin, 10 Okt 2022 14:51 WIB "
"Polri Jelaskan 3 Jenis Gas Air Mata Milik Brimob, Diatur Protokol Jenewa",https://news.detik.com/berita/d-6339546/polri-jelaskan-3-jenis-gas-air-mata-milik-brimob-diatur-protokol-jenewa,"
Senin, 10 Okt 2022 14:39 WIB "
"Polri: Kata Ahli, Gas Air Mata dalam Skala Tinggi Pun Tidak Mematikan",https://news.detik.com/berita/d-6339516/polri-kata-ahli-gas-air-mata-dalam-skala-tinggi-pun-tidak-mematikan,"
Senin, 10 Okt 2022 14:28 WIB "
Kompolnas Serahkan Hasil Temuan Tragedi Kanjuruhan ke TGIPF,https://news.detik.com/berita/d-6339393/kompolnas-serahkan-hasil-temuan-tragedi-kanjuruhan-ke-tgipf,"
Senin, 10 Okt 2022 13:40 WIB "
Lobi-lobi Jadwal dan Tiket Pemicu Tragedi Kanjuruhan,https://news.detik.com/x/detail/investigasi/20221010/Lobi-lobi-Jadwal-dan-Tiket-Pemicu-Tragedi-Kanjuruhan-/,"
Senin, 10 Okt 2022 13:30 WIB "
Respons Polri soal Info Gas Air Mata Kedaluwarsa di Tragedi Kanjuruhan,https://news.detik.com/berita/d-6339171/respons-polri-soal-info-gas-air-mata-kedaluwarsa-di-tragedi-kanjuruhan,"
Senin, 10 Okt 2022 12:29 WIB "
"11 Korban Tragedi Kanjuruhan Dirawat di RSSA Kota Malang, 6 Kritis",https://news.detik.com/berita/d-6339105/11-korban-tragedi-kanjuruhan-dirawat-di-rssa-kota-malang-6-kritis,"
Senin, 10 Okt 2022 12:09 WIB "
Komnas HAM Temukan Info Gas Air Mata Kedaluwarsa di Tragedi Kanjuruhan,https://news.detik.com/berita/d-6338943/komnas-ham-temukan-info-gas-air-mata-kedaluwarsa-di-tragedi-kanjuruhan,"
Senin, 10 Okt 2022 10:36 WIB "
4 Hal Temuan Terkini TGIPF di Tragedi Kanjuruhan,https://news.detik.com/berita/d-6338681/4-hal-temuan-terkini-tgipf-di-tragedi-kanjuruhan,"
Senin, 10 Okt 2022 06:54 WIB "
Detik-detik Ngeri Tragedi Kanjuruhan Terekam CCTV,https://news.detik.com/berita/d-6338658/detik-detik-ngeri-tragedi-kanjuruhan-terekam-cctv,"
Senin, 10 Okt 2022 06:08 WIB "
"Kondisi Terkini Korban Kanjuruhan, Mata Merah Akibat Gas Air Mata",https://news.detik.com/berita/d-6338419/kondisi-terkini-korban-kanjuruhan-mata-merah-akibat-gas-air-mata,"
Minggu, 09 Okt 2022 21:03 WIB "
"12 Temuan KontraS dkk soal Kanjuruhan, Ada soal Gas Air Mata di Luar Stadion",https://news.detik.com/berita/d-6338236/12-temuan-kontras-dkk-soal-kanjuruhan-ada-soal-gas-air-mata-di-luar-stadion,"
Minggu, 09 Okt 2022 18:50 WIB "
Menko PMK Beri Santunan ke Keluarga Korban Tragedi Kanjuruhan,https://news.detik.com/berita/d-6338084/menko-pmk-beri-santunan-ke-keluarga-korban-tragedi-kanjuruhan,"
Minggu, 09 Okt 2022 16:59 WIB "
"TGIPF: Efek Gas Air Mata Luar Biasa, Recovery Korban Kanjuruhan 1 Bulan",https://news.detik.com/berita/d-6338008/tgipf-efek-gas-air-mata-luar-biasa-recovery-korban-kanjuruhan-1-bulan,"
Minggu, 09 Okt 2022 16:14 WIB "
Dirut PT LIB Tersangka Tragedi Kanjuruhan Diperiksa Selasa,https://news.detik.com/berita/d-6338002/dirut-pt-lib-tersangka-tragedi-kanjuruhan-diperiksa-selasa,"
Minggu, 09 Okt 2022 16:10 WIB "
CCTV Rekam Detik-detik Ngeri Penonton Meregang Nyawa di Pintu 13 Kanjuruhan,https://news.detik.com/berita/d-6337992/cctv-rekam-detik-detik-ngeri-penonton-meregang-nyawa-di-pintu-13-kanjuruhan,"
Minggu, 09 Okt 2022 15:58 WIB "
Menpora Soroti Fanatisme Suporter hingga Kelayakan Stadion Kanjuruhan,https://news.detik.com/berita/d-6337984/menpora-soroti-fanatisme-suporter-hingga-kelayakan-stadion-kanjuruhan,"
Minggu, 09 Okt 2022 15:46 WIB "
Investigasi Sementara TGIPF: Kanjuruhan Tak Layak Gelar High Risk Match,https://news.detik.com/berita/d-6337960/investigasi-sementara-tgipf-kanjuruhan-tak-layak-gelar-high-risk-match,"
Minggu, 09 Okt 2022 15:33 WIB "
7 Tembakan Gas Air Mata ke Tribun Selatan dan Mencekam di Gate 13 Kanjuruhan,https://news.detik.com/berita/d-6337708/7-tembakan-gas-air-mata-ke-tribun-selatan-dan-mencekam-di-gate-13-kanjuruhan,"
Minggu, 09 Okt 2022 11:45 WIB "
TGIPF Periksa 13 Kendaraan Rusak Saat Tragedi Kanjuruhan,https://news.detik.com/berita/d-6337630/tgipf-periksa-13-kendaraan-rusak-saat-tragedi-kanjuruhan,"
Minggu, 09 Okt 2022 10:52 WIB "
Pengakuan Sopir Ambulans Disebut Minta Biaya Antar Jenazah Tragedi Kanjuruhan,https://news.detik.com/berita/d-6337569/pengakuan-sopir-ambulans-disebut-minta-biaya-antar-jenazah-tragedi-kanjuruhan,"
Minggu, 09 Okt 2022 09:53 WIB "
Temuan Terbaru Polisi soal Tragedi Kanjuruhan,https://news.detik.com/berita/d-6337491/temuan-terbaru-polisi-soal-tragedi-kanjuruhan,"
Minggu, 09 Okt 2022 08:01 WIB "
PSSI Diminta Tak Sia-siakan Kesempatan Saat FIFA Berkantor di RI,https://news.detik.com/berita/d-6337488/pssi-diminta-tak-sia-siakan-kesempatan-saat-fifa-berkantor-di-ri,"
Minggu, 09 Okt 2022 07:52 WIB "
Berita Terpopuler: Sambo Cs Diserahkan ke Jaksa-RI Tak Disanksi FIFA,https://news.detik.com/detiktv/d-6337475/berita-terpopuler-sambo-cs-diserahkan-ke-jaksa-ri-tak-disanksi-fifa,"
Minggu, 09 Okt 2022 07:11 WIB "
Misteri Suara Penjual Dawet di Tragedi Kanjuruhan Kini Diusut Polisi,https://news.detik.com/berita/d-6337462/misteri-suara-penjual-dawet-di-tragedi-kanjuruhan-kini-diusut-polisi,"
Minggu, 09 Okt 2022 07:00 WIB "
Gate 13 Stadion Kanjuruhan: Saksi Bisu Kematian Massal Suporter Arema,https://news.detik.com/berita/d-6337460/gate-13-stadion-kanjuruhan-saksi-bisu-kematian-massal-suporter-arema,"
Minggu, 09 Okt 2022 06:53 WIB "
Beda Polisi dan Komnas HAM Soal Suporter Masuk Lapangan di Tragedi Kanjuruhan,https://news.detik.com/berita/d-6337130/beda-polisi-dan-komnas-ham-soal-suporter-masuk-lapangan-di-tragedi-kanjuruhan,"
Sabtu, 08 Okt 2022 19:30 WIB "
Pelaku Perusakan-Pembakaran di Luar Stadion Kanjuruhan Diimbau Menyerah,https://news.detik.com/berita/d-6337032/pelaku-perusakan-pembakaran-di-luar-stadion-kanjuruhan-diimbau-menyerah,"
Sabtu, 08 Okt 2022 18:37 WIB "
"Jenguk Korban Tragedi Kanjuruhan, Cak Imin Usul Ada UU tentang Suporter",https://news.detik.com/berita/d-6337026/jenguk-korban-tragedi-kanjuruhan-cak-imin-usul-ada-uu-tentang-suporter,"
Sabtu, 08 Okt 2022 18:32 WIB "
Ketua Panpel Tersangka Tragedi Kanjuruhan Minta Korban Tewas Diautopsi!,https://news.detik.com/berita/d-6336912/ketua-panpel-tersangka-tragedi-kanjuruhan-minta-korban-tewas-diautopsi,"
Sabtu, 08 Okt 2022 17:04 WIB "
Hasil Analisis Sementara 34 CCTV Terkait Tragedi Kanjuruhan,https://news.detik.com/berita/d-6336886/hasil-analisis-sementara-34-cctv-terkait-tragedi-kanjuruhan,"
Sabtu, 08 Okt 2022 16:47 WIB "
Labfor Polri Periksa 46 Botol Diduga Miras Oplosan di Stadion Kanjuruhan,https://news.detik.com/berita/d-6336794/labfor-polri-periksa-46-botol-diduga-miras-oplosan-di-stadion-kanjuruhan,"
Sabtu, 08 Okt 2022 15:45 WIB "
"Diusut Polri, Ini Suara Penjual Dawet Misterius Viral Bicara Kanjuruhan",https://news.detik.com/berita/d-6336642/diusut-polri-ini-suara-penjual-dawet-misterius-viral-bicara-kanjuruhan,"
Sabtu, 08 Okt 2022 14:16 WIB "
2 Polisi Tersangka Pemberi Perintah Tembak Gas Air Mata Tragedi Kanjuruhan,https://news.detik.com/berita/d-6336585/2-polisi-tersangka-pemberi-perintah-tembak-gas-air-mata-tragedi-kanjuruhan,"
Sabtu, 08 Okt 2022 13:29 WIB "
TGIPF Akan Autopsi Korban Tragedi Kanjuruhan,https://news.detik.com/berita/d-6336568/tgipf-akan-autopsi-korban-tragedi-kanjuruhan,"
Sabtu, 08 Okt 2022 13:23 WIB "
Update Kondisi Korban Tragedi Kanjuruhan: 37 Orang Masih Dirawat di RS,https://news.detik.com/berita/d-6336483/update-kondisi-korban-tragedi-kanjuruhan-37-orang-masih-dirawat-di-rs,"
Sabtu, 08 Okt 2022 12:28 WIB "
Polri Usut Viral Suara Penjual Dawet Misterius Bicarakan Tragedi Kanjuruhan,https://news.detik.com/berita/d-6336431/polri-usut-viral-suara-penjual-dawet-misterius-bicarakan-tragedi-kanjuruhan,"
Sabtu, 08 Okt 2022 12:10 WIB "
"Enam Tersangka Tragedi Kanjuruhan, Berikut Nama-namanya",https://news.detik.com/berita/d-6336371/enam-tersangka-tragedi-kanjuruhan-berikut-nama-namanya,"
Sabtu, 08 Okt 2022 11:20 WIB "
Syukur Jokowi dan 5 Langkah Perbaiki Sepakbola Indonesia Bareng FIFA,https://news.detik.com/berita/d-6336333/syukur-jokowi-dan-5-langkah-perbaiki-sepakbola-indonesia-bareng-fifa,"
Sabtu, 08 Okt 2022 10:49 WIB "
"Polri: Dari 8 Pintu Darurat Stadion Kanjuruhan, yang Terbuka Hanya 2",https://news.detik.com/berita/d-6336285/polri-dari-8-pintu-darurat-stadion-kanjuruhan-yang-terbuka-hanya-2,"
Sabtu, 08 Okt 2022 10:14 WIB "
TGIPF Kantongi Alat Bukti Penting Terkait Tragedi Kanjuruhan,https://news.detik.com/berita/d-6336248/tgipf-kantongi-alat-bukti-penting-terkait-tragedi-kanjuruhan,"
Sabtu, 08 Okt 2022 09:37 WIB "
Jokowi: FIFA Berkantor di RI Selama Proses Transformasi Sepakbola Indonesia,https://news.detik.com/berita/d-6336211/jokowi-fifa-berkantor-di-ri-selama-proses-transformasi-sepakbola-indonesia,"
Sabtu, 08 Okt 2022 08:47 WIB "
5 Langkah Pemerintah RI-FIFA Transformasi Sepakbola Indonesia,https://news.detik.com/berita/d-6336183/5-langkah-pemerintah-ri-fifa-transformasi-sepakbola-indonesia,"
Sabtu, 08 Okt 2022 07:51 WIB "
Mahfud: Jokowi Tak Sederhanakan Tragedi Kanjuruhan hanya soal Bangunan,https://news.detik.com/berita/d-6336130/mahfud-jokowi-tak-sederhanakan-tragedi-kanjuruhan-hanya-soal-bangunan,"
Sabtu, 08 Okt 2022 06:54 WIB "
Lampu Hijau Mahfud Md untuk Media Asing Investigasi Tragedi Kanjuruhan,https://news.detik.com/berita/d-6336128/lampu-hijau-mahfud-md-untuk-media-asing-investigasi-tragedi-kanjuruhan,"
Sabtu, 08 Okt 2022 06:41 WIB "
7 Update Terbaru Tragedi Kanjuruhan Usai Tersangka Diumumkan,https://news.detik.com/berita/d-6336123/7-update-terbaru-tragedi-kanjuruhan-usai-tersangka-diumumkan,"
Sabtu, 08 Okt 2022 06:23 WIB "
Polisi Ungkap Ada 2 Kejadian Saat Tragedi Kanjuruhan,https://news.detik.com/berita/d-6336084/polisi-ungkap-ada-2-kejadian-saat-tragedi-kanjuruhan,"
Sabtu, 08 Okt 2022 02:52 WIB "
Jokowi: Alhamdulillah Sepakbola Indonesia Tak Disanksi FIFA,https://news.detik.com/berita/d-6335982/jokowi-alhamdulillah-sepakbola-indonesia-tak-disanksi-fifa,"
Jumat, 07 Okt 2022 22:10 WIB "
Pemerintah dan FIFA Akan Bentuk Tim Transformasi Sepakbola Indonesia,https://news.detik.com/berita/d-6335978/pemerintah-dan-fifa-akan-bentuk-tim-transformasi-sepakbola-indonesia,"
Jumat, 07 Okt 2022 22:05 WIB "
Kompol Wahyu-AKP Bambang Tersangka Kanjuruhan Belum Dicopot dari Jabatannya,https://news.detik.com/berita/d-6335815/kompol-wahyu-akp-bambang-tersangka-kanjuruhan-belum-dicopot-dari-jabatannya,"
Jumat, 07 Okt 2022 20:18 WIB "
"Update Data Korban Tragedi Kanjuruhan: 131 Orang Meninggal, 547 Luka",https://news.detik.com/berita/d-6335770/update-data-korban-tragedi-kanjuruhan-131-orang-meninggal-547-luka,"
Jumat, 07 Okt 2022 19:51 WIB "
Kapolri Harap Penggunaan Produk Dalam Negeri Tingkatkan Ekonomi Nasional,https://news.detik.com/berita/d-6335745/kapolri-harap-penggunaan-produk-dalam-negeri-tingkatkan-ekonomi-nasional,"
Jumat, 07 Okt 2022 19:35 WIB "
Polri Bantah Washington Post soal 40 Tembakan Gas Air Mata di Kanjuruhan,https://news.detik.com/berita/d-6335475/polri-bantah-washington-post-soal-40-tembakan-gas-air-mata-di-kanjuruhan,"
Jumat, 07 Okt 2022 17:37 WIB "
Sekum Arema hingga Anggota Polres Malang Diperiksa Terkait Tragedi Kanjuruhan,https://news.detik.com/berita/d-6335393/sekum-arema-hingga-anggota-polres-malang-diperiksa-terkait-tragedi-kanjuruhan,"
Jumat, 07 Okt 2022 17:23 WIB "
"6 Tersangka Tragedi Kanjuruhan Belum Ditahan, Dipanggil Minggu Depan",https://news.detik.com/berita/d-6335337/6-tersangka-tragedi-kanjuruhan-belum-ditahan-dipanggil-minggu-depan,"
Jumat, 07 Okt 2022 17:11 WIB "
Ketua Panpel Arema Minta Periksa Kandungan Gas Air Mata: Beda dengan 2018,https://news.detik.com/berita/d-6335273/ketua-panpel-arema-minta-periksa-kandungan-gas-air-mata-beda-dengan-2018,"
Jumat, 07 Okt 2022 16:46 WIB "
10 Saksi dan Korban Tragedi Kanjuruhan Minta Perlindungan LPSK,https://news.detik.com/berita/d-6335237/10-saksi-dan-korban-tragedi-kanjuruhan-minta-perlindungan-lpsk,"
Jumat, 07 Okt 2022 16:35 WIB "
"Jadi Tersangka Kanjuruhan, Abdul Haris Ketua Panpel Arema Menangis",https://news.detik.com/berita/d-6335151/jadi-tersangka-kanjuruhan-abdul-haris-ketua-panpel-arema-menangis,"
Jumat, 07 Okt 2022 15:58 WIB "
LPSK Dampingi Kelpin Aremania Pengunggah Video Tragedi Kanjuruhan,https://news.detik.com/berita/d-6335123/lpsk-dampingi-kelpin-aremania-pengunggah-video-tragedi-kanjuruhan,"
Jumat, 07 Okt 2022 15:50 WIB "
Polri Periksa 34 CCTV Terkait Tragedi Stadion Kanjuruhan,https://news.detik.com/berita/d-6335032/polri-periksa-34-cctv-terkait-tragedi-stadion-kanjuruhan,"
Jumat, 07 Okt 2022 15:18 WIB "
Mahfud: Gas Air Mata-Regulasi Jadi Perhatian Presiden di Tragedi Kanjuruhan,https://news.detik.com/berita/d-6335013/mahfud-gas-air-mata-regulasi-jadi-perhatian-presiden-di-tragedi-kanjuruhan,"
Jumat, 07 Okt 2022 15:10 WIB "
"Usai Kapolri, Kapolres-Bhabinkamtibmas Takziah ke Keluarga Korban Kanjuruhan",https://news.detik.com/berita/d-6335008/usai-kapolri-kapolres-bhabinkamtibmas-takziah-ke-keluarga-korban-kanjuruhan,"
Jumat, 07 Okt 2022 15:06 WIB "
Melacak Ulang Jumlah Korban Tragedi Kanjuruhan,https://news.detik.com/x/detail/investigasi/20221007/Melacak-Ulang-Jumlah-Korban-Tragedi-Kanjuruhan/,"
Jumat, 07 Okt 2022 14:37 WIB "
6 Tersangka Tragedi Kanjuruhan Belum Ditahan,https://news.detik.com/berita/d-6334895/6-tersangka-tragedi-kanjuruhan-belum-ditahan,"
Jumat, 07 Okt 2022 14:35 WIB "
"Dirut PT LIB Tersangka Tragedi Kanjuruhan, Ini Tanggapan Menpora",https://news.detik.com/berita/d-6334889/dirut-pt-lib-tersangka-tragedi-kanjuruhan-ini-tanggapan-menpora,"
Jumat, 07 Okt 2022 14:30 WIB "
Mahfud Tak Masalah Media Asing Bikin Investigasi Tragedi Kanjuruhan,https://news.detik.com/berita/d-6334802/mahfud-tak-masalah-media-asing-bikin-investigasi-tragedi-kanjuruhan,"
Jumat, 07 Okt 2022 14:07 WIB "
TGIPF Targetkan Investigasi Tragedi Kanjuruhan Rampung Pekan Depan,https://news.detik.com/berita/d-6334792/tgipf-targetkan-investigasi-tragedi-kanjuruhan-rampung-pekan-depan,"
Jumat, 07 Okt 2022 14:06 WIB "
Mahfud Md: TGIPF Akan Gali Lebih Jauh Penyakit-penyakit PSSI,https://news.detik.com/berita/d-6334778/mahfud-md-tgipf-akan-gali-lebih-jauh-penyakit-penyakit-pssi,"
Jumat, 07 Okt 2022 14:04 WIB "
TGIPF Masih Urus CCTV terkait Tragedi Stadion Kanjuruhan,https://news.detik.com/berita/d-6334743/tgipf-masih-urus-cctv-terkait-tragedi-stadion-kanjuruhan,"
Jumat, 07 Okt 2022 13:48 WIB "
Mahfud Bicara Kemungkinan Ada Tersangka Baru Tragedi Kanjuruhan,https://news.detik.com/berita/d-6334741/mahfud-bicara-kemungkinan-ada-tersangka-baru-tragedi-kanjuruhan,"
Jumat, 07 Okt 2022 13:48 WIB "
Daftar 20 Polisi Langgar Etik Terkait Tragedi Kanjuruhan,https://news.detik.com/berita/d-6334668/daftar-20-polisi-langgar-etik-terkait-tragedi-kanjuruhan,"
Jumat, 07 Okt 2022 13:10 WIB "
Mahfud Md Jelaskan soal Jokowi Tak Singgung Gas Air Mata di Kanjuruhan,https://news.detik.com/berita/d-6334577/mahfud-md-jelaskan-soal-jokowi-tak-singgung-gas-air-mata-di-kanjuruhan,"
Jumat, 07 Okt 2022 12:23 WIB "
"Profil Akhmad Hadian Lukita, Dirut PT LIB Tersangka Tragedi Kanjuruhan",https://news.detik.com/berita/d-6334528/profil-akhmad-hadian-lukita-dirut-pt-lib-tersangka-tragedi-kanjuruhan,"
Jumat, 07 Okt 2022 11:57 WIB "
34 Korban Tragedi Kanjuruhan Masih Dirawat di RSSA Malang,https://news.detik.com/berita/d-6334444/34-korban-tragedi-kanjuruhan-masih-dirawat-di-rssa-malang,"
Jumat, 07 Okt 2022 11:17 WIB "
Bunyi Pasal 359 dan 360 KUHP yang Jerat Tersangka Kanjuruhan,https://news.detik.com/berita/d-6334394/bunyi-pasal-359-dan-360-kuhp-yang-jerat-tersangka-kanjuruhan,"
Jumat, 07 Okt 2022 10:50 WIB "
Sahroni Minta Pengusutan Tragedi Kanjuruhan Tak Berhenti di 6 Tersangka,https://news.detik.com/berita/d-6334388/sahroni-minta-pengusutan-tragedi-kanjuruhan-tak-berhenti-di-6-tersangka,"
Jumat, 07 Okt 2022 10:47 WIB "
"Fadli Zon: Dunia Soroti soal Gas Air Mata, Jangan Sampai Kita Menyangkal",https://news.detik.com/berita/d-6334359/fadli-zon-dunia-soroti-soal-gas-air-mata-jangan-sampai-kita-menyangkal,"
Jumat, 07 Okt 2022 10:37 WIB "
Terbuka Kemungkinan Tersangka Tragedi Kanjuruhan Bertambah,https://news.detik.com/berita/d-6334352/terbuka-kemungkinan-tersangka-tragedi-kanjuruhan-bertambah,"
Jumat, 07 Okt 2022 10:36 WIB "
"Terungkap Pemberi Komando Gas Air Mata di Kanjuruhan, Kini Jadi Tersangka",https://news.detik.com/berita/d-6334248/terungkap-pemberi-komando-gas-air-mata-di-kanjuruhan-kini-jadi-tersangka,"
Jumat, 07 Okt 2022 09:29 WIB "
"Abdul Haris Panpel Arema: Disanksi Komdis PSSI, Kini Tersangka Kanjuruhan",https://news.detik.com/berita/d-6334183/abdul-haris-panpel-arema-disanksi-komdis-pssi-kini-tersangka-kanjuruhan,"
Jumat, 07 Okt 2022 08:49 WIB "
Habiburokhman Puji Polri soal 6 Tersangka Tragedi Kanjuruhan: Sangat Tepat,https://news.detik.com/berita/d-6334147/habiburokhman-puji-polri-soal-6-tersangka-tragedi-kanjuruhan-sangat-tepat,"
Jumat, 07 Okt 2022 08:11 WIB "
"5 Fakta Baru Tragedi Kanjuruhan, 6 Tersangka hingga soal Gas Air Mata",https://news.detik.com/berita/d-6334129/5-fakta-baru-tragedi-kanjuruhan-6-tersangka-hingga-soal-gas-air-mata,"
Jumat, 07 Okt 2022 07:54 WIB "
NasDem Apresiasi Kecepatan Kapolri Tetapkan 6 Tersangka Tragedi Kanjuruhan,https://news.detik.com/berita/d-6334107/nasdem-apresiasi-kecepatan-kapolri-tetapkan-6-tersangka-tragedi-kanjuruhan,"
Jumat, 07 Okt 2022 07:27 WIB "
Pernyataan Lengkap Kapolri Umumkan 6 Tersangka Tragedi Kanjuruhan,https://news.detik.com/berita/d-6334088/pernyataan-lengkap-kapolri-umumkan-6-tersangka-tragedi-kanjuruhan,"
Jumat, 07 Okt 2022 06:54 WIB "
Kapolri Ceritakan Detik-detik 11 Tembakan Gas Air Mata di Kanjuruhan,https://news.detik.com/detiktv/d-6334084/kapolri-ceritakan-detik-detik-11-tembakan-gas-air-mata-di-kanjuruhan,"
Jumat, 07 Okt 2022 06:47 WIB "
"Daftar Pasal Jerat Tersangka Kanjuruhan, Salah Satunya soal Kealpaan",https://news.detik.com/berita/d-6334077/daftar-pasal-jerat-tersangka-kanjuruhan-salah-satunya-soal-kealpaan,"
Jumat, 07 Okt 2022 06:34 WIB "
Terungkap Asal Perintah Tembak Gas Air Mata di Tragedi Kanjuruhan,https://news.detik.com/detiktv/d-6334039/terungkap-asal-perintah-tembak-gas-air-mata-di-tragedi-kanjuruhan,"
Jumat, 07 Okt 2022 05:22 WIB "
Tanggapan Dirut LIB Usai Ditetapkan Jadi Tersangka Tragedi Kanjuruhan,https://news.detik.com/berita/d-6334038/tanggapan-dirut-lib-usai-ditetapkan-jadi-tersangka-tragedi-kanjuruhan,"
Jumat, 07 Okt 2022 05:21 WIB "
Kabag Ops Polres Malang Tahu Aturan FIFA tapi Tak Cegah Gas Air Mata,https://news.detik.com/berita/d-6333800/kabag-ops-polres-malang-tahu-aturan-fifa-tapi-tak-cegah-gas-air-mata,"
Kamis, 06 Okt 2022 21:18 WIB "
Ini Peran Dirut PT LIB Akhmad Hadian Lukita Tersangka Tragedi Kanjuruhan,https://news.detik.com/berita/d-6333759/ini-peran-dirut-pt-lib-akhmad-hadian-lukita-tersangka-tragedi-kanjuruhan,"
Kamis, 06 Okt 2022 21:03 WIB "
Kapolri: Suporter Terhambat Keluar Kanjuruhan karena Ada Besi Melintang,https://news.detik.com/berita/d-6333742/kapolri-suporter-terhambat-keluar-kanjuruhan-karena-ada-besi-melintang,"
Kamis, 06 Okt 2022 20:52 WIB "
Daftar Lengkap 6 Tersangka Tragedi Kanjuruhan dan Perannya,https://news.detik.com/berita/d-6333736/daftar-lengkap-6-tersangka-tragedi-kanjuruhan-dan-perannya,"
Kamis, 06 Okt 2022 20:46 WIB "
Kapolri: Pelanggar Etik dan Tersangka Tragedi Kanjuruhan Bisa Bertambah,https://news.detik.com/berita/d-6333710/kapolri-pelanggar-etik-dan-tersangka-tragedi-kanjuruhan-bisa-bertambah,"
Kamis, 06 Okt 2022 20:41 WIB "
6 Tersangka Tragedi Kanjuruhan Terancam Maksimal 5 Tahun Penjara,https://news.detik.com/berita/d-6333707/6-tersangka-tragedi-kanjuruhan-terancam-maksimal-5-tahun-penjara,"
Kamis, 06 Okt 2022 20:40 WIB "
Kapolri Paparkan Kronologi Lengkap Terjadinya Tragedi Kanjuruhan,https://news.detik.com/berita/d-6333701/kapolri-paparkan-kronologi-lengkap-terjadinya-tragedi-kanjuruhan,"
Kamis, 06 Okt 2022 20:34 WIB "
"Tragedi Kanjuruhan, Kapolri Sebut Panpel Tak Siapkan Rencana Darurat",https://news.detik.com/berita/d-6333690/tragedi-kanjuruhan-kapolri-sebut-panpel-tak-siapkan-rencana-darurat,"
Kamis, 06 Okt 2022 20:25 WIB "
"Kapolri Ungkap Pintu Kanjuruhan Tak Dibuka Sepenuhnya, Penjaga Tak di Tempat",https://news.detik.com/berita/d-6333682/kapolri-ungkap-pintu-kanjuruhan-tak-dibuka-sepenuhnya-penjaga-tak-di-tempat,"
Kamis, 06 Okt 2022 20:23 WIB "
Kapolri: 11 Personel Polri Tembak Gas Air Mata saat Tragedi Kanjuruhan,https://news.detik.com/berita/d-6333681/kapolri-11-personel-polri-tembak-gas-air-mata-saat-tragedi-kanjuruhan,"
Kamis, 06 Okt 2022 20:23 WIB "
"Tragedi Kanjuruhan, 20 Polisi Diduga Melanggar hingga Tembak Gas Air Mata",https://news.detik.com/berita/d-6333677/tragedi-kanjuruhan-20-polisi-diduga-melanggar-hingga-tembak-gas-air-mata,"
Kamis, 06 Okt 2022 20:20 WIB "
Kapolri Ungkap Alasan PT LIB Tolak Rekomendasi Ubah Jadwal: Ada Ganti Rugi,https://news.detik.com/berita/d-6333675/kapolri-ungkap-alasan-pt-lib-tolak-rekomendasi-ubah-jadwal-ada-ganti-rugi,"
Kamis, 06 Okt 2022 20:20 WIB "
"3 Polisi Tersangka Kanjuruhan, Termasuk yang Perintahkan Tembak Gas Air Mata",https://news.detik.com/berita/d-6333672/3-polisi-tersangka-kanjuruhan-termasuk-yang-perintahkan-tembak-gas-air-mata,"
Kamis, 06 Okt 2022 20:18 WIB "
Kapolri: Sebagian Besar Korban Tewas Tragedi Kanjuruhan Alami Asfiksia,https://news.detik.com/berita/d-6333671/kapolri-sebagian-besar-korban-tewas-tragedi-kanjuruhan-alami-asfiksia,"
Kamis, 06 Okt 2022 20:18 WIB "
Kapolri: Tembakan Gas Air Mata di Kanjuruhan Demi Cegah Penonton ke Lapangan,https://news.detik.com/berita/d-6333661/kapolri-tembakan-gas-air-mata-di-kanjuruhan-demi-cegah-penonton-ke-lapangan,"
Kamis, 06 Okt 2022 20:17 WIB "
"Kapolri: PT LIB Lalai Tak Verifikasi Kanjuruhan, Terakhir Dilakukan 2020",https://news.detik.com/berita/d-6333660/kapolri-pt-lib-lalai-tak-verifikasi-kanjuruhan-terakhir-dilakukan-2020,"
Kamis, 06 Okt 2022 20:14 WIB "
"Cerita Korban Tragedi Kanjuruhan, Abaikan Larangan Orang Tua",https://news.detik.com/detiktv/d-6333651/cerita-korban-tragedi-kanjuruhan-abaikan-larangan-orang-tua,"
Kamis, 06 Okt 2022 20:11 WIB "
"Kapolri Umumkan 6 Tersangka Tragedi Kanjuruhan, Termasuk Dirut PT LIB!",https://news.detik.com/berita/d-6333648/kapolri-umumkan-6-tersangka-tragedi-kanjuruhan-termasuk-dirut-pt-lib,"
Kamis, 06 Okt 2022 20:05 WIB "
Menpora Jamin Audit Seluruh Stadion Tak Bebani Klub Sepakbola,https://news.detik.com/berita/d-6333627/menpora-jamin-audit-seluruh-stadion-tak-bebani-klub-sepakbola,"
Kamis, 06 Okt 2022 19:48 WIB "
"Termasuk Dirut PT LIB, Ini 6 Tersangka Tragedi Kanjuruhan!",https://news.detik.com/berita/d-6333624/termasuk-dirut-pt-lib-ini-6-tersangka-tragedi-kanjuruhan,"
Kamis, 06 Okt 2022 19:47 WIB "
TGIPF Kanjuruhan: Bukan Ranah Kami untuk Gulingkan Kepemimpinan PSSI,https://news.detik.com/berita/d-6333615/tgipf-kanjuruhan-bukan-ranah-kami-untuk-gulingkan-kepemimpinan-pssi,"
Kamis, 06 Okt 2022 19:43 WIB "
"Didesak Jokowi Percepat Investigasi, TGIPF Kerja Maraton",https://news.detik.com/berita/d-6333602/didesak-jokowi-percepat-investigasi-tgipf-kerja-maraton,"
Kamis, 06 Okt 2022 19:30 WIB "
Polri Siapkan SOP Pengamanan Sepakbola Sesuai Standar FIFA dan PSSI,https://news.detik.com/berita/d-6333586/polri-siapkan-sop-pengamanan-sepakbola-sesuai-standar-fifa-dan-pssi,"
Kamis, 06 Okt 2022 19:23 WIB "
"PSSI: Tak Bicara Sanksi, FIFA Bakal Support Finansial Sepakbola Indonesia",https://news.detik.com/berita/d-6333557/pssi-tak-bicara-sanksi-fifa-bakal-support-finansial-sepakbola-indonesia,"
Kamis, 06 Okt 2022 19:07 WIB "
Mahfud Md: Kapolri Umumkan Tersangka Tragedi Kanjuruhan Malam Ini,https://news.detik.com/berita/d-6333492/mahfud-md-kapolri-umumkan-tersangka-tragedi-kanjuruhan-malam-ini,"
Kamis, 06 Okt 2022 18:49 WIB "
PSSI: Presiden FIFA Akan Datang ke Indonesia Beberapa Hari ke Depan,https://news.detik.com/berita/d-6333488/pssi-presiden-fifa-akan-datang-ke-indonesia-beberapa-hari-ke-depan,"
Kamis, 06 Okt 2022 18:48 WIB "
Supporter Bola Desak TGIPF Selesaikan Tragedi Kanjuruhan Terang Benderang,https://news.detik.com/berita/d-6333300/supporter-bola-desak-tgipf-selesaikan-tragedi-kanjuruhan-terang-benderang,"
Kamis, 06 Okt 2022 18:04 WIB "
"Polri Segera Umumkan Tersangka Kanjuruhan, Arema FC Harap Ada Titik Terang",https://news.detik.com/berita/d-6333244/polri-segera-umumkan-tersangka-kanjuruhan-arema-fc-harap-ada-titik-terang,"
Kamis, 06 Okt 2022 17:50 WIB "
5 Update Tragedi Kanjuruhan Jelang Pengumuman Tersangka,https://news.detik.com/berita/d-6333204/5-update-tragedi-kanjuruhan-jelang-pengumuman-tersangka,"
Kamis, 06 Okt 2022 17:36 WIB "
"Rakor Evaluasi Gelaran Sepakbola, Menpora: Tak Bahas Tragedi Kanjuruhan",https://news.detik.com/berita/d-6333166/rakor-evaluasi-gelaran-sepakbola-menpora-tak-bahas-tragedi-kanjuruhan,"
Kamis, 06 Okt 2022 17:25 WIB "
Sanksi Prajurit TNI Penendang Kungfu ke Aremania Ditentukan Usai Pemeriksaan,https://news.detik.com/berita/d-6333005/sanksi-prajurit-tni-penendang-kungfu-ke-aremania-ditentukan-usai-pemeriksaan,"
Kamis, 06 Okt 2022 16:18 WIB "
Suporter Sepakbola Indonesia Temui TGIPF Bahas Tragedi Kanjuruhan,https://news.detik.com/berita/d-6332976/suporter-sepakbola-indonesia-temui-tgipf-bahas-tragedi-kanjuruhan,"
Kamis, 06 Okt 2022 16:02 WIB "
Komnas HAM soal Tragedi Kanjuruhan: Ada Indikasi Pelanggaran HAM,https://news.detik.com/berita/d-6332935/komnas-ham-soal-tragedi-kanjuruhan-ada-indikasi-pelanggaran-ham,"
Kamis, 06 Okt 2022 15:52 WIB "
Pemkot Tangsel-Forkopimda Gelar Doa Bersama untuk Korban Kanjuruhan,https://news.detik.com/berita/d-6332929/pemkot-tangsel-forkopimda-gelar-doa-bersama-untuk-korban-kanjuruhan,"
Kamis, 06 Okt 2022 15:49 WIB "
"Tragedi Kanjuruhan Disorot Dunia, Mahfud Md: Ini Pukulan bagi Kita",https://news.detik.com/berita/d-6332909/tragedi-kanjuruhan-disorot-dunia-mahfud-md-ini-pukulan-bagi-kita,"
Kamis, 06 Okt 2022 15:37 WIB "
Kadispora Malang: 32 CCTV di Stadion Kanjuruhan Aktif Semua,https://news.detik.com/berita/d-6332860/kadispora-malang-32-cctv-di-stadion-kanjuruhan-aktif-semua,"
Kamis, 06 Okt 2022 15:22 WIB "
Polri Segera Umumkan Tersangka Tragedi Kanjuruhan,https://news.detik.com/berita/d-6332802/polri-segera-umumkan-tersangka-tragedi-kanjuruhan,"
Kamis, 06 Okt 2022 15:06 WIB "
Mahfud Ungkap Temuan Awal Penyebab Tragedi Kanjuruhan Tewaskan 131 Orang,https://news.detik.com/berita/d-6332800/mahfud-ungkap-temuan-awal-penyebab-tragedi-kanjuruhan-tewaskan-131-orang,"
Kamis, 06 Okt 2022 15:05 WIB "
Kondisi Saguwanto Korban Tragedi Kanjuruhan: Kaki Patah-Wajah Melepuh,https://news.detik.com/berita/d-6332773/kondisi-saguwanto-korban-tragedi-kanjuruhan-kaki-patah-wajah-melepuh,"
Kamis, 06 Okt 2022 14:56 WIB "
Malam Jahanam di Pintu 13,https://news.detik.com/x/detail/investigasi/20221006/Malam-Jahanam-di-Pintu-13/,"
Kamis, 06 Okt 2022 14:54 WIB "
Menpora Pimpin Rakor Evaluasi Penyelenggaraan Sepakbola Buntut Kanjuruhan,https://news.detik.com/berita/d-6332735/menpora-pimpin-rakor-evaluasi-penyelenggaraan-sepakbola-buntut-kanjuruhan,"
Kamis, 06 Okt 2022 14:29 WIB "
Begini Arahan Eks Kapolres Malang Sebelum Tragedi Kanjuruhan,https://news.detik.com/detiktv/d-6332721/begini-arahan-eks-kapolres-malang-sebelum-tragedi-kanjuruhan,"
Kamis, 06 Okt 2022 14:21 WIB "
Ketum PSSI Temui Keluarga Korban Kanjuruhan: Saya Sangat Terpukul,https://news.detik.com/berita/d-6332717/ketum-pssi-temui-keluarga-korban-kanjuruhan-saya-sangat-terpukul,"
Kamis, 06 Okt 2022 14:18 WIB "
KSAD soal Oknum Prajurit Tendang Aremania: Justru Lebih Banyak yang Menolong,https://news.detik.com/berita/d-6332592/ksad-soal-oknum-prajurit-tendang-aremania-justru-lebih-banyak-yang-menolong,"
Kamis, 06 Okt 2022 13:31 WIB "
Dunia Hari Ini: Tanggapan Presiden Jokowi soal Tragedi Sepak Bola Sejauh Ini,https://news.detik.com/abc-australia/d-6332512/dunia-hari-ini-tanggapan-presiden-jokowi-soal-tragedi-sepak-bola-sejauh-ini,"
Kamis, 06 Okt 2022 12:50 WIB "
"Jokowi Kirim Surat Khusus ke Presiden FIFA, Apa Isinya?",https://news.detik.com/berita/d-6332391/jokowi-kirim-surat-khusus-ke-presiden-fifa-apa-isinya,"
Kamis, 06 Okt 2022 12:12 WIB "
Cerita Pilu Para Orang Tua Kehilangan Anak yang Meninggal di Kanjuruhan,https://news.detik.com/berita/d-6332313/cerita-pilu-para-orang-tua-kehilangan-anak-yang-meninggal-di-kanjuruhan,"
Kamis, 06 Okt 2022 11:45 WIB "
PMII Desak Kapolda Jatim Dicopot Buntut Tragedi Kanjuruhan,https://news.detik.com/berita/d-6332303/pmii-desak-kapolda-jatim-dicopot-buntut-tragedi-kanjuruhan,"
Kamis, 06 Okt 2022 11:37 WIB "
"Bupati Malang Sebut Arema FC Tunggak Pajak Rp 1 M, Manajemen Membantah",https://news.detik.com/berita/d-6332235/bupati-malang-sebut-arema-fc-tunggak-pajak-rp-1-m-manajemen-membantah,"
Kamis, 06 Okt 2022 11:03 WIB "
7 Instruksi Jokowi Usai Bertemu Korban dan Tinjau Stadion Kanjuruhan,https://news.detik.com/berita/d-6332210/7-instruksi-jokowi-usai-bertemu-korban-dan-tinjau-stadion-kanjuruhan,"
Kamis, 06 Okt 2022 10:56 WIB "
"Ditawari Jadi TNI, Aremania yang Kena Tendangan Kungfu Pilih Wirausaha",https://news.detik.com/berita/d-6332205/ditawari-jadi-tni-aremania-yang-kena-tendangan-kungfu-pilih-wirausaha,"
Kamis, 06 Okt 2022 10:54 WIB "
Andre Rosiade & Ribuan Suporter Salat Gaib di GHAS untuk Korban Kanjuruhan,https://news.detik.com/berita/d-6332188/andre-rosiade-ribuan-suporter-salat-gaib-di-ghas-untuk-korban-kanjuruhan,"
Kamis, 06 Okt 2022 10:43 WIB "
Kesaksian Aremania Saat Gas Air Mata Pertama Ditembakkan di Kanjuruhan,https://news.detik.com/berita/d-6332183/kesaksian-aremania-saat-gas-air-mata-pertama-ditembakkan-di-kanjuruhan,"
Kamis, 06 Okt 2022 10:41 WIB "
Polisi Bantah Tangkap Perekam Video Viral Tragedi Kanjuruhan,https://news.detik.com/detiktv/d-6331770/polisi-bantah-tangkap-perekam-video-viral-tragedi-kanjuruhan,"
Kamis, 06 Okt 2022 01:31 WIB "
Komnas HAM Dalami Kesiapan Aparat Sebelum Laga Arema di Kanjuruhan,https://news.detik.com/berita/d-6331707/komnas-ham-dalami-kesiapan-aparat-sebelum-laga-arema-di-kanjuruhan,"
Rabu, 05 Okt 2022 23:31 WIB "
"Temuan Komnas HAM, Tragedi Kanjuruhan Dipicu Tembakan Gas Air Mata",https://news.detik.com/berita/d-6331676/temuan-komnas-ham-tragedi-kanjuruhan-dipicu-tembakan-gas-air-mata,"
Rabu, 05 Okt 2022 23:00 WIB "
Kapolri Minta Penetapan Tersangka Tragedi Kanjuruhan Fokus Unsur Kelalaian,https://news.detik.com/berita/d-6331643/kapolri-minta-penetapan-tersangka-tragedi-kanjuruhan-fokus-unsur-kelalaian,"
Rabu, 05 Okt 2022 22:31 WIB "
"Sedih Akan Tragedi Kanjuruhan, Ini Pesan Raja Charles III",https://news.detik.com/internasional/d-6331625/sedih-akan-tragedi-kanjuruhan-ini-pesan-raja-charles-iii,"
Rabu, 05 Okt 2022 22:05 WIB "
"Pimpin Rapat Tragedi Kanjuruhan, Kapolri Minta Penyidik Cermat-Teliti",https://news.detik.com/berita/d-6331597/pimpin-rapat-tragedi-kanjuruhan-kapolri-minta-penyidik-cermat-teliti,"
Rabu, 05 Okt 2022 21:33 WIB "
Polri Akan Ungkap Hasil Pemeriksaan CCTV Stadion Kanjuruhan Besok,https://news.detik.com/berita/d-6331588/polri-akan-ungkap-hasil-pemeriksaan-cctv-stadion-kanjuruhan-besok,"
Rabu, 05 Okt 2022 21:21 WIB "
"Bertambah, 31 Polisi Diperiksa Terkait Tragedi Kanjuruhan",https://news.detik.com/berita/d-6331527/bertambah-31-polisi-diperiksa-terkait-tragedi-kanjuruhan,"
Rabu, 05 Okt 2022 20:45 WIB "
"Jokowi Resmi Teken Keppres TGIPF Kanjuruhan, Ini Tugas-Wewenangnya",https://news.detik.com/berita/d-6331508/jokowi-resmi-teken-keppres-tgipf-kanjuruhan-ini-tugas-wewenangnya,"
Rabu, 05 Okt 2022 20:29 WIB "
Investigasi Polri Terkait Tragedi Kanjuruhan: 31 Polisi Diperiksa,https://news.detik.com/berita/d-6331505/investigasi-polri-terkait-tragedi-kanjuruhan-31-polisi-diperiksa,"
Rabu, 05 Okt 2022 20:26 WIB "
"Investigasi Komnas HAM: Aremania Mau Semangati Pemain, Bukan Menyerang",https://news.detik.com/berita/d-6331503/investigasi-komnas-ham-aremania-mau-semangati-pemain-bukan-menyerang,"
Rabu, 05 Okt 2022 20:23 WIB "
Komnas HAM: Korban Kanjuruhan Meninggal Akibat Gas Air Mata-Kurang Oksigen,https://news.detik.com/berita/d-6331465/komnas-ham-korban-kanjuruhan-meninggal-akibat-gas-air-mata-kurang-oksigen,"
Rabu, 05 Okt 2022 19:58 WIB "
"Dipimpin Doni Monardo, TGIPF Tragedi Kanjuruhan Bertolak ke Malang",https://news.detik.com/berita/d-6331391/dipimpin-doni-monardo-tgipf-tragedi-kanjuruhan-bertolak-ke-malang,"
Rabu, 05 Okt 2022 18:50 WIB "
Pangdam Minta Maaf Anggota Tendang Aremania: Banyak Juga yang Tolong Korban,https://news.detik.com/berita/d-6331294/pangdam-minta-maaf-anggota-tendang-aremania-banyak-juga-yang-tolong-korban,"
Rabu, 05 Okt 2022 18:23 WIB "
Anggota TNI Penendang Kungfu Aremania Terancam Sanksi Tunda Naik Pangkat,https://news.detik.com/berita/d-6331258/anggota-tni-penendang-kungfu-aremania-terancam-sanksi-tunda-naik-pangkat,"
Rabu, 05 Okt 2022 18:07 WIB "
Respons Ibu Aremania soal Prajurit TNI Penendang Kungfu Minta Maaf,https://news.detik.com/berita/d-6331230/respons-ibu-aremania-soal-prajurit-tni-penendang-kungfu-minta-maaf,"
Rabu, 05 Okt 2022 17:56 WIB "
"Total Korban Jiwa Tragedi Kanjuruhan dan Rinciannya, Data 5 Oktober 2022",https://news.detik.com/berita/d-6331229/total-korban-jiwa-tragedi-kanjuruhan-dan-rinciannya-data-5-oktober-2022,"
Rabu, 05 Okt 2022 17:55 WIB "
Prajurit TNI Penendang Kungfu ke Aremania Ngaku Khilaf,https://news.detik.com/berita/d-6331192/prajurit-tni-penendang-kungfu-ke-aremania-ngaku-khilaf,"
Rabu, 05 Okt 2022 17:39 WIB "
Jokowi: FIFA Siap Bantu Perbaiki Manajemen Sepakbola Indonesia,https://news.detik.com/berita/d-6331153/jokowi-fifa-siap-bantu-perbaiki-manajemen-sepakbola-indonesia,"
Rabu, 05 Okt 2022 17:29 WIB "
"Usai Tinjau Stadion Kanjuruhan, Jokowi Berangkat Menuju Bali",https://news.detik.com/berita/d-6331105/usai-tinjau-stadion-kanjuruhan-jokowi-berangkat-menuju-bali,"
Rabu, 05 Okt 2022 17:03 WIB "
Jokowi Respons Deadline Sepekan Ungkap Tersangka Tragedi Kanjuruhan,https://news.detik.com/berita/d-6331103/jokowi-respons-deadline-sepekan-ungkap-tersangka-tragedi-kanjuruhan,"
Rabu, 05 Okt 2022 17:02 WIB "
Kondisi Stadion Kanjuruhan Terkini: Bunga Duka dan Coretan Kemarahan,https://news.detik.com/berita/d-6331046/kondisi-stadion-kanjuruhan-terkini-bunga-duka-dan-coretan-kemarahan,"
Rabu, 05 Okt 2022 16:46 WIB "
"Diantar Pangdam, Prajurit TNI Penendang Kungfu ke Aremania Minta Maaf",https://news.detik.com/berita/d-6331041/diantar-pangdam-prajurit-tni-penendang-kungfu-ke-aremania-minta-maaf,"
Rabu, 05 Okt 2022 16:43 WIB "
Jokowi Cek Stadion Kanjuruhan: Problemnya di Pintu Terkunci dan Tangga,https://news.detik.com/berita/d-6330996/jokowi-cek-stadion-kanjuruhan-problemnya-di-pintu-terkunci-dan-tangga,"
Rabu, 05 Okt 2022 16:25 WIB "
"Mahasiswa Demo di Polda, Pasang Spanduk 'Copot Kapolda Jatim'",https://news.detik.com/berita/d-6330975/mahasiswa-demo-di-polda-pasang-spanduk-copot-kapolda-jatim,"
Rabu, 05 Okt 2022 16:13 WIB "
"Jokowi Perintahkan Semua Stadion Liga 1, 2 dan 3 Diaudit Total!",https://news.detik.com/berita/d-6330947/jokowi-perintahkan-semua-stadion-liga-1-2-dan-3-diaudit-total,"
Rabu, 05 Okt 2022 15:58 WIB "
Saat Jokowi Amati Pintu Terkunci Kanjuruhan Tempat Korban Tewas Berdesakan,https://news.detik.com/berita/d-6330914/saat-jokowi-amati-pintu-terkunci-kanjuruhan-tempat-korban-tewas-berdesakan,"
Rabu, 05 Okt 2022 15:47 WIB "
Jokowi Minta Tragedi Kanjuruhan Cepat Diungkap: Barangnya Kelihatan Semua,https://news.detik.com/berita/d-6330902/jokowi-minta-tragedi-kanjuruhan-cepat-diungkap-barangnya-kelihatan-semua,"
Rabu, 05 Okt 2022 15:44 WIB "
Fadli Zon Desak Kapolda Jatim Diganti Buntut Tragedi Kanjuruhan,https://news.detik.com/berita/d-6330900/fadli-zon-desak-kapolda-jatim-diganti-buntut-tragedi-kanjuruhan,"
Rabu, 05 Okt 2022 15:41 WIB "
Haedar Nashir soal Kanjuruhan: Lebih Baik Akui Salah daripada Ditutupi,https://news.detik.com/berita/d-6330862/haedar-nashir-soal-kanjuruhan-lebih-baik-akui-salah-daripada-ditutupi,"
Rabu, 05 Okt 2022 15:24 WIB "
Jokowi ke Korban Kanjuruhan di RS: Semua Biaya Ditanggung Pemerintah,https://news.detik.com/berita/d-6330717/jokowi-ke-korban-kanjuruhan-di-rs-semua-biaya-ditanggung-pemerintah,"
Rabu, 05 Okt 2022 14:49 WIB "
"Temui Korban, Jokowi Cari Tahu Akar Masalah Tragedi Kanjuruhan",https://news.detik.com/berita/d-6330691/temui-korban-jokowi-cari-tahu-akar-masalah-tragedi-kanjuruhan,"
Rabu, 05 Okt 2022 14:37 WIB "
"Pilu di Pintu 13 Kanjuruhan, Kesaksian Korban tentang Jeritan Minta Tolong",https://news.detik.com/berita/d-6330671/pilu-di-pintu-13-kanjuruhan-kesaksian-korban-tentang-jeritan-minta-tolong,"
Rabu, 05 Okt 2022 14:28 WIB "
Cerita Emilia Terpisah Selamanya dengan Suami-Anak di Tribun 13 Kanjuruhan,https://news.detik.com/berita/d-6330637/cerita-emilia-terpisah-selamanya-dengan-suami-anak-di-tribun-13-kanjuruhan,"
Rabu, 05 Okt 2022 14:17 WIB "
Jokowi Jenguk Korban Luka Tragedi Kanjuruhan,https://news.detik.com/berita/d-6330623/jokowi-jenguk-korban-luka-tragedi-kanjuruhan,"
Rabu, 05 Okt 2022 14:13 WIB "
Jokowi Tinjau Lokasi Tragedi Kanjuruhan,https://news.detik.com/berita/d-6330607/jokowi-tinjau-lokasi-tragedi-kanjuruhan,"
Rabu, 05 Okt 2022 14:04 WIB "
"Selamat dari Tragedi Kanjuruhan, Revo Kini Trauma Nonton Bola di Stadion",https://news.detik.com/berita/d-6330547/selamat-dari-tragedi-kanjuruhan-revo-kini-trauma-nonton-bola-di-stadion,"
Rabu, 05 Okt 2022 13:43 WIB "
Panglima TNI Jelaskan Pasal Jerat Prajurit Terlibat Tragedi Kanjuruhan,https://news.detik.com/berita/d-6330418/panglima-tni-jelaskan-pasal-jerat-prajurit-terlibat-tragedi-kanjuruhan,"
Rabu, 05 Okt 2022 13:00 WIB "
"Penampakan Pintu 13 Saksi Bisu Tragedi Kanjuruhan, Muncul Coretan 1312",https://news.detik.com/berita/d-6330408/penampakan-pintu-13-saksi-bisu-tragedi-kanjuruhan-muncul-coretan-1312,"
Rabu, 05 Okt 2022 12:56 WIB "
Panglima TNI Usut Komandan Batalion di Tragedi Kanjuruhan,https://news.detik.com/berita/d-6330333/panglima-tni-usut-komandan-batalion-di-tragedi-kanjuruhan,"
Rabu, 05 Okt 2022 12:32 WIB "
"Zulfan Lindan Balas Ngabalin, Jelaskan Lagi soal Jokowi dan Suasana Duka",https://news.detik.com/pemilu/d-6330307/zulfan-lindan-balas-ngabalin-jelaskan-lagi-soal-jokowi-dan-suasana-duka,"
Rabu, 05 Okt 2022 12:23 WIB "
"PSSI Jatim: Polisi Tahu FIFA Larang Gas Air Mata di Stadion, tapi...",https://news.detik.com/berita/d-6330283/pssi-jatim-polisi-tahu-fifa-larang-gas-air-mata-di-stadion-tapi,"
Rabu, 05 Okt 2022 12:12 WIB "
Panglima TNI: 5 Prajurit Diperiksa soal Tragedi Kanjuruhan,https://news.detik.com/berita/d-6330273/panglima-tni-5-prajurit-diperiksa-soal-tragedi-kanjuruhan,"
Rabu, 05 Okt 2022 12:05 WIB "
Air Mata dan Bunga Duka Banjiri Patung Singa Stadion Kanjuruhan,https://news.detik.com/berita/d-6330233/air-mata-dan-bunga-duka-banjiri-patung-singa-stadion-kanjuruhan,"
Rabu, 05 Okt 2022 11:51 WIB "
Aremania Bentuk Tim Independen Hitung Total Korban Tragedi Kanjuruhan,https://news.detik.com/berita/d-6330203/aremania-bentuk-tim-independen-hitung-total-korban-tragedi-kanjuruhan,"
Rabu, 05 Okt 2022 11:35 WIB "
"Kelpin Perekam Video Kanjuruhan Ngaku Dijemput Polisi, Bantah Dijebak",https://news.detik.com/berita/d-6330201/kelpin-perekam-video-kanjuruhan-ngaku-dijemput-polisi-bantah-dijebak,"
Rabu, 05 Okt 2022 11:35 WIB "
MK Aljazair dan Rumania Puji Pembukaan UUD 1945 soal Perdamaian Dunia,https://news.detik.com/berita/d-6330170/mk-aljazair-dan-rumania-puji-pembukaan-uud-1945-soal-perdamaian-dunia,"
Rabu, 05 Okt 2022 11:25 WIB "
"Komdis PSSI Ngaku Temukan 42 Botol Miras di Kanjuruhan, Aremania Bantah",https://news.detik.com/berita/d-6330156/komdis-pssi-ngaku-temukan-42-botol-miras-di-kanjuruhan-aremania-bantah,"
Rabu, 05 Okt 2022 11:23 WIB "
"Harta, Tahta, Arema",https://news.detik.com/kolom/d-6330088/harta-tahta-arema,"
Rabu, 05 Okt 2022 11:10 WIB "
Komdis PSSI Nilai Security Officer Lalai Tak Buka Pintu Tribun Kanjuruhan,https://news.detik.com/berita/d-6330135/komdis-pssi-nilai-security-officer-lalai-tak-buka-pintu-tribun-kanjuruhan,"
Rabu, 05 Okt 2022 11:05 WIB "
Arti Kode 1312 ACAB yang Muncul Usai Tragedi Kanjuruhan,https://news.detik.com/berita/d-6330126/arti-kode-1312-acab-yang-muncul-usai-tragedi-kanjuruhan,"
Rabu, 05 Okt 2022 11:02 WIB "
Khofifah Beberkan Penyebab Korban Kanjuruhan Bertambah Jadi 131 Orang,https://news.detik.com/berita/d-6330093/khofifah-beberkan-penyebab-korban-kanjuruhan-bertambah-jadi-131-orang,"
Rabu, 05 Okt 2022 10:50 WIB "
"Jokowi Telepon Presiden FIFA soal Tragedi Kanjuruhan, Ini Isinya",https://news.detik.com/berita/d-6330085/jokowi-telepon-presiden-fifa-soal-tragedi-kanjuruhan-ini-isinya,"
Rabu, 05 Okt 2022 10:45 WIB "
"131 Tewas, Tragedi Kanjuruhan Laga Sepakbola Paling Mematikan Ke-2 di Dunia",https://news.detik.com/berita/d-6330029/131-tewas-tragedi-kanjuruhan-laga-sepakbola-paling-mematikan-ke-2-di-dunia,"
Rabu, 05 Okt 2022 10:22 WIB "
Ngabalin ke Zulfan NasDem soal Jokowi Suasana Duka: Ada Politikus Nyinyir,https://news.detik.com/pemilu/d-6330009/ngabalin-ke-zulfan-nasdem-soal-jokowi-suasana-duka-ada-politikus-nyinyir,"
Rabu, 05 Okt 2022 10:09 WIB "
Tragedi Kanjuruhan dalam Pusaran Pengambilan Keputusan,https://news.detik.com/kolom/d-6329987/tragedi-kanjuruhan-dalam-pusaran-pengambilan-keputusan,"
Rabu, 05 Okt 2022 10:00 WIB "
"Jokowi ke Malang Siang Ini, Beri Santunan ke Korban Tragedi Kanjuruhan",https://news.detik.com/berita/d-6329843/jokowi-ke-malang-siang-ini-beri-santunan-ke-korban-tragedi-kanjuruhan,"
Rabu, 05 Okt 2022 08:32 WIB "
Polri: Korban Meninggal Tragedi Kanjuruhan Jadi 131 Orang,https://news.detik.com/berita/d-6329806/polri-korban-meninggal-tragedi-kanjuruhan-jadi-131-orang,"
Rabu, 05 Okt 2022 07:55 WIB "
Hasil Rapat Perdana TGIPF Kanjuruhan: Liga PSSI Disetop Sementara,https://news.detik.com/berita/d-6329731/hasil-rapat-perdana-tgipf-kanjuruhan-liga-pssi-disetop-sementara,"
Rabu, 05 Okt 2022 06:30 WIB "
Cerita Mengerikan Para Saksi Selamat dari Tragedi Kanjuruhan,https://news.detik.com/berita/d-6329723/cerita-mengerikan-para-saksi-selamat-dari-tragedi-kanjuruhan,"
Rabu, 05 Okt 2022 06:08 WIB "
Teriakan Nama Tuhan dan Minta Tolong dalam Tragedi Kanjuruhan,https://news.detik.com/detiktv/d-6329719/teriakan-nama-tuhan-dan-minta-tolong-dalam-tragedi-kanjuruhan,"
Rabu, 05 Okt 2022 05:53 WIB "
"Momen Usung Anies Capres Dikaitkan Duka Kanjuruhan, Ini Kata NasDem",https://news.detik.com/pemilu/d-6329716/momen-usung-anies-capres-dikaitkan-duka-kanjuruhan-ini-kata-nasdem,"
Rabu, 05 Okt 2022 05:49 WIB "
"Hasil Rapat TGIPF Kanjuruhan, Seluruh Liga PSSI Disetop Sementara",https://news.detik.com/detiktv/d-6329705/hasil-rapat-tgipf-kanjuruhan-seluruh-liga-pssi-disetop-sementara,"
Rabu, 05 Okt 2022 04:58 WIB "
"Mahfud: TGIPF Kanjuruhan Kerja 3 Pekan, Seluruh Liga PSSI Disetop Sementara",https://news.detik.com/berita/d-6329653/mahfud-tgipf-kanjuruhan-kerja-3-pekan-seluruh-liga-pssi-disetop-sementara,"
Rabu, 05 Okt 2022 00:24 WIB "
Risma Kirim 30 Psikolog Dampingi Keluarga Korban Tragedi Kanjuruhan,https://news.detik.com/berita/d-6329623/risma-kirim-30-psikolog-dampingi-keluarga-korban-tragedi-kanjuruhan,"
Selasa, 04 Okt 2022 23:57 WIB "
"Zulhas soal NasDem Usung Anies Capres: Selamat, tapi Sekarang Lagi Berduka",https://news.detik.com/pemilu/d-6329601/zulhas-soal-nasdem-usung-anies-capres-selamat-tapi-sekarang-lagi-berduka,"
Selasa, 04 Okt 2022 23:19 WIB "
HNW Minta Kemensos-KemenPPPA Verifikasi Data Korban Tragedi Kanjuruhan,https://news.detik.com/berita/d-6329573/hnw-minta-kemensos-kemenpppa-verifikasi-data-korban-tragedi-kanjuruhan,"
Selasa, 04 Okt 2022 22:40 WIB "
Kemensos Akan Beri Bantuan Kewirausahaan ke Keluarga Korban Kanjuruhan,https://news.detik.com/berita/d-6329523/kemensos-akan-beri-bantuan-kewirausahaan-ke-keluarga-korban-kanjuruhan,"
Selasa, 04 Okt 2022 21:42 WIB "
Polri Jawab Desakan Copot Kapolda Jatim Buntut Tragedi Kanjuruhan,https://news.detik.com/berita/d-6329337/polri-jawab-desakan-copot-kapolda-jatim-buntut-tragedi-kanjuruhan,"
Selasa, 04 Okt 2022 19:38 WIB "
Narasi TV Tak Pernah Undang Kelpin yang Diviralkan Diculik Intel,https://news.detik.com/berita/d-6329280/narasi-tv-tak-pernah-undang-kelpin-yang-diviralkan-diculik-intel,"
Selasa, 04 Okt 2022 19:02 WIB "
Menpora Tak Libatkan Aremania di TGIPF Tragedi Kanjuruhan,https://news.detik.com/berita/d-6329279/menpora-tak-libatkan-aremania-di-tgipf-tragedi-kanjuruhan,"
Selasa, 04 Okt 2022 19:02 WIB "
Anggota Aremania soal Ade Armando: Jangan Sok Tahu,https://news.detik.com/berita/d-6329266/anggota-aremania-soal-ade-armando-jangan-sok-tahu,"
Selasa, 04 Okt 2022 18:52 WIB "
Mahfud Pimpin Rapat Perdana TGIPF Tragedi Kanjuruhan Malam Ini,https://news.detik.com/berita/d-6329253/mahfud-pimpin-rapat-perdana-tgipf-tragedi-kanjuruhan-malam-ini,"
Selasa, 04 Okt 2022 18:41 WIB "
Cerita Aremania Selamatkan Balita hingga Tertimpa Pagar Besi Tribun 12,https://news.detik.com/berita/d-6329053/cerita-aremania-selamatkan-balita-hingga-tertimpa-pagar-besi-tribun-12,"
Selasa, 04 Okt 2022 17:23 WIB "
Polri Akan Segera Tetapkan Tersangka Terkait Tragedi Kanjuruhan,https://news.detik.com/berita/d-6328971/polri-akan-segera-tetapkan-tersangka-terkait-tragedi-kanjuruhan,"
Selasa, 04 Okt 2022 16:53 WIB "
Polri: Jumlah Korban Meninggal Tragedi Kanjuruhan Tetap 125 Orang,https://news.detik.com/berita/d-6328942/polri-jumlah-korban-meninggal-tragedi-kanjuruhan-tetap-125-orang,"
Selasa, 04 Okt 2022 16:45 WIB "
"Polisi Cek 6 CCTV di Stadion Kanjuruhan, Termasuk di Gerbang 13",https://news.detik.com/berita/d-6328897/polisi-cek-6-cctv-di-stadion-kanjuruhan-termasuk-di-gerbang-13,"
Selasa, 04 Okt 2022 16:24 WIB "
29 Polisi Diperiksa Terkait Tragedi Kanjuruhan,https://news.detik.com/berita/d-6328885/29-polisi-diperiksa-terkait-tragedi-kanjuruhan,"
Selasa, 04 Okt 2022 16:20 WIB "
Polisi Periksa Saksi dari Masyarakat Terkait Tragedi Kanjuruhan,https://news.detik.com/berita/d-6328865/polisi-periksa-saksi-dari-masyarakat-terkait-tragedi-kanjuruhan,"
Selasa, 04 Okt 2022 16:15 WIB "
Polri Periksa Panitia Pelaksana Terkait Tragedi Kanjuruhan Besok,https://news.detik.com/berita/d-6328856/polri-periksa-panitia-pelaksana-terkait-tragedi-kanjuruhan-besok,"
Selasa, 04 Okt 2022 16:11 WIB "
Kongres Advokat Indonesia Harap Polri Usut Tuntas Tragedi Kanjuruhan,https://news.detik.com/berita/d-6328841/kongres-advokat-indonesia-harap-polri-usut-tuntas-tragedi-kanjuruhan,"
Selasa, 04 Okt 2022 16:08 WIB "
Puan Tindak Lanjuti Usulan Fraksi Bentuk Pansus Tragedi Kanjuruhan,https://news.detik.com/berita/d-6328795/puan-tindak-lanjuti-usulan-fraksi-bentuk-pansus-tragedi-kanjuruhan,"
Selasa, 04 Okt 2022 15:48 WIB "
"Gelar Salat Gaib, Gus Halim Doakan Korban Tragedi Kanjuruhan Malang",https://news.detik.com/berita/d-6328759/gelar-salat-gaib-gus-halim-doakan-korban-tragedi-kanjuruhan-malang,"
Selasa, 04 Okt 2022 15:41 WIB "
Kompolnas: Tak Ada Perintah Penggunaan Gas Air Mata dari AKBP Ferli,https://news.detik.com/berita/d-6328742/kompolnas-tak-ada-perintah-penggunaan-gas-air-mata-dari-akbp-ferli,"
Selasa, 04 Okt 2022 15:33 WIB "
"Ade Armando Sebut Suporter Bergaya Preman, Apung Widadi: Jangan Menyalahkan!",https://news.detik.com/berita/d-6328685/ade-armando-sebut-suporter-bergaya-preman-apung-widadi-jangan-menyalahkan,"
Selasa, 04 Okt 2022 15:21 WIB "
"Tak Ada Sepakbola Seharga Nyawa, Mari Bantu Pulihkan Luka Korban Kanjuruhan",https://news.detik.com/berita/d-6328646/tak-ada-sepakbola-seharga-nyawa-mari-bantu-pulihkan-luka-korban-kanjuruhan,"
Selasa, 04 Okt 2022 15:01 WIB "
"'Gerbang 13 Bagai Kuburan Massal', Cerita Mencekam Saksi Tragedi Kanjuruhan",https://news.detik.com/berita/d-6328599/gerbang-13-bagai-kuburan-massal-cerita-mencekam-saksi-tragedi-kanjuruhan,"
Selasa, 04 Okt 2022 14:45 WIB "
Tembakan Gas Air Mata ke Tribun dan Pencopotan 9 Komandan Brimob,https://news.detik.com/berita/d-6328488/tembakan-gas-air-mata-ke-tribun-dan-pencopotan-9-komandan-brimob,"
Selasa, 04 Okt 2022 14:08 WIB "
Puan soal Anies Diusung NasDem: Kita Sedang Berduka Tragedi Kanjuruhan,https://news.detik.com/pemilu/d-6328468/puan-soal-anies-diusung-nasdem-kita-sedang-berduka-tragedi-kanjuruhan,"
Selasa, 04 Okt 2022 14:02 WIB "
TGIPF Usut Pemberi Komando dan Jaringan Bisnis di Tragedi Kanjuruhan,https://news.detik.com/berita/d-6328381/tgipf-usut-pemberi-komando-dan-jaringan-bisnis-di-tragedi-kanjuruhan,"
Selasa, 04 Okt 2022 13:29 WIB "
"Cerita Korban Selamat Kanjuruhan: Saya Terinjak-injak, Susah Ambil Napas",https://news.detik.com/berita/d-6328354/cerita-korban-selamat-kanjuruhan-saya-terinjak-injak-susah-ambil-napas,"
Selasa, 04 Okt 2022 13:19 WIB "
Momen Memilukan Anak Muda Meninggal di Pelukan Para Pemain Arema,https://news.detik.com/berita/d-6328281/momen-memilukan-anak-muda-meninggal-di-pelukan-para-pemain-arema,"
Selasa, 04 Okt 2022 12:59 WIB "
"Tim Pencari Fakta Kanjuruhan, Daftar Lengkap Anggota dan Arahan Terbaru",https://news.detik.com/berita/d-6328228/tim-pencari-fakta-kanjuruhan-daftar-lengkap-anggota-dan-arahan-terbaru,"
Selasa, 04 Okt 2022 12:29 WIB "
Jokowi Perintahkan Kerja TGIPF Kanjuruhan Tuntas Kurang dari Sebulan,https://news.detik.com/berita/d-6328191/jokowi-perintahkan-kerja-tgipf-kanjuruhan-tuntas-kurang-dari-sebulan,"
Selasa, 04 Okt 2022 12:20 WIB "
Legislator Dorong Polisi Bersalah di Tragedi Kanjuruhan Juga Dipidana,https://news.detik.com/berita/d-6328144/legislator-dorong-polisi-bersalah-di-tragedi-kanjuruhan-juga-dipidana,"
Selasa, 04 Okt 2022 12:03 WIB "
Jokowi Bakal Terbitkan Keppres Pembentukan TGIPF Kanjuruhan Hari Ini,https://news.detik.com/berita/d-6328139/jokowi-bakal-terbitkan-keppres-pembentukan-tgipf-kanjuruhan-hari-ini,"
Selasa, 04 Okt 2022 11:57 WIB "
Kapolda Jatim Minta Maaf atas Kekurangan Pengamanan di Kanjuruhan,https://news.detik.com/berita/d-6328103/kapolda-jatim-minta-maaf-atas-kekurangan-pengamanan-di-kanjuruhan,"
Selasa, 04 Okt 2022 11:41 WIB "
Puspomad Periksa Sejumlah Anggota TNI AD Terkait Tragedi Kanjuruhan,https://news.detik.com/berita/d-6328087/puspomad-periksa-sejumlah-anggota-tni-ad-terkait-tragedi-kanjuruhan,"
Selasa, 04 Okt 2022 11:34 WIB "
Update Terkini Tragedi Kanjuruhan,https://news.detik.com/berita/d-6328020/update-terkini-tragedi-kanjuruhan,"
Selasa, 04 Okt 2022 11:05 WIB "
"Kesaksian Korban Selamat Kanjuruhan: Nggak Bisa Napas, Pintu Terkunci",https://news.detik.com/berita/d-6327985/kesaksian-korban-selamat-kanjuruhan-nggak-bisa-napas-pintu-terkunci,"
Selasa, 04 Okt 2022 10:57 WIB "
Salat Gaib untuk Korban Tragedi Kanjuruhan Bakal Digelar di Istiqlal,https://news.detik.com/berita/d-6327974/salat-gaib-untuk-korban-tragedi-kanjuruhan-bakal-digelar-di-istiqlal,"
Selasa, 04 Okt 2022 10:53 WIB "
Anggota DPR Pakai Pita Hitam Duka Kanjuruhan dan Berdoa saat Paripurna,https://news.detik.com/berita/d-6327968/anggota-dpr-pakai-pita-hitam-duka-kanjuruhan-dan-berdoa-saat-paripurna,"
Selasa, 04 Okt 2022 10:49 WIB "
"Kapolda Metro ke Jajaran: Berkaca dari Kanjuruhan, Evaluasi Sistem Pengamanan",https://news.detik.com/berita/d-6327945/kapolda-metro-ke-jajaran-berkaca-dari-kanjuruhan-evaluasi-sistem-pengamanan,"
Selasa, 04 Okt 2022 10:32 WIB "
"Profil AKBP Ferli Hidayat, Kapolres Malang Dicopot Terkait Kanjuruhan",https://news.detik.com/berita/d-6327917/profil-akbp-ferli-hidayat-kapolres-malang-dicopot-terkait-kanjuruhan,"
Selasa, 04 Okt 2022 10:18 WIB "
Polisi Tulis Cuitan Tak Pantas soal Tragedi Kanjuruhan Dikurung 21 Hari,https://news.detik.com/berita/d-6327904/polisi-tulis-cuitan-tak-pantas-soal-tragedi-kanjuruhan-dikurung-21-hari,"
Selasa, 04 Okt 2022 10:08 WIB "
Pilu Sulastri Kehilangan Suami Selama-lamanya di Tribun 12 Kanjuruhan,https://news.detik.com/berita/d-6327878/pilu-sulastri-kehilangan-suami-selama-lamanya-di-tribun-12-kanjuruhan,"
Selasa, 04 Okt 2022 09:54 WIB "
Detik-detik Mencekam di Rumah Sakit Usai Tragedi Kanjuruhan,https://news.detik.com/berita/d-6327872/detik-detik-mencekam-di-rumah-sakit-usai-tragedi-kanjuruhan,"
Selasa, 04 Okt 2022 09:50 WIB "
Nurul Arifin: Kabar Pertemuan Airlangga & Megawati 2 Oktober adalah Hoax,https://news.detik.com/pemilu/d-6327815/nurul-arifin-kabar-pertemuan-airlangga-megawati-2-oktober-adalah-hoax,"
Selasa, 04 Okt 2022 09:09 WIB "
5 Arahan Terkini Pemerintah Bikin Tim Pencari Fakta Tragedi Kanjuruhan,https://news.detik.com/berita/d-6327806/5-arahan-terkini-pemerintah-bikin-tim-pencari-fakta-tragedi-kanjuruhan,"
Selasa, 04 Okt 2022 09:02 WIB "
Daftar 10 Anggota Polri yang Dicopot Buntut Tragedi Kanjuruhan,https://news.detik.com/berita/d-6327793/daftar-10-anggota-polri-yang-dicopot-buntut-tragedi-kanjuruhan,"
Selasa, 04 Okt 2022 08:48 WIB "
Komisi III DPR Bersyukur Tak Ada PSSI-LIB di TGIPF Tragedi Kanjuruhan,https://news.detik.com/berita/d-6327755/komisi-iii-dpr-bersyukur-tak-ada-pssi-lib-di-tgipf-tragedi-kanjuruhan,"
Selasa, 04 Okt 2022 08:12 WIB "
"Fahri Hamzah Usul Semua Stadion Sepak Bola Dijual, Termasuk JIS",https://news.detik.com/berita/d-6327743/fahri-hamzah-usul-semua-stadion-sepak-bola-dijual-termasuk-jis,"
Selasa, 04 Okt 2022 07:55 WIB "
Perintah Tegas Panglima Agar Oknum TNI Tendang Suporter Diusut Pidana,https://news.detik.com/berita/d-6327724/perintah-tegas-panglima-agar-oknum-tni-tendang-suporter-diusut-pidana,"
Selasa, 04 Okt 2022 07:42 WIB "
Apung Widadi Ungkap Satu Pertandingan Sepak Bola Hasilkan Miliaran Rupiah,https://news.detik.com/berita/d-6327710/apung-widadi-ungkap-satu-pertandingan-sepak-bola-hasilkan-miliaran-rupiah,"
Selasa, 04 Okt 2022 07:19 WIB "
Gas Air Mata di Tragedi Maut Kanjuruhan Disorot Dunia,https://news.detik.com/internasional/d-6327705/gas-air-mata-di-tragedi-maut-kanjuruhan-disorot-dunia,"
Selasa, 04 Okt 2022 07:08 WIB "
Penjelasan PSI soal Kontradiksi Cuitan Giring dan Deklarasi Ganjar Capres,https://news.detik.com/berita/d-6327704/penjelasan-psi-soal-kontradiksi-cuitan-giring-dan-deklarasi-ganjar-capres,"
Selasa, 04 Okt 2022 07:07 WIB "
Rapat Perdana TGIPF Tragedi Kanjuruhan Digelar Hari Ini,https://news.detik.com/berita/d-6327696/rapat-perdana-tgipf-tragedi-kanjuruhan-digelar-hari-ini,"
Selasa, 04 Okt 2022 06:51 WIB "
Fahri Hamzah soal Tragedi Kanjuruhan: Negara Harus Menjauh dari Sepak Bola,https://news.detik.com/berita/d-6327687/fahri-hamzah-soal-tragedi-kanjuruhan-negara-harus-menjauh-dari-sepak-bola,"
Selasa, 04 Okt 2022 06:32 WIB "
Dede Yusuf: Konon LIB Tolak Percepat Laga Arema Vs Persebaya Karena Rating TV,https://news.detik.com/berita/d-6327677/dede-yusuf-konon-lib-tolak-percepat-laga-arema-vs-persebaya-karena-rating-tv,"
Selasa, 04 Okt 2022 06:17 WIB "
"Tragedi Kanjuruhan Naik Penyidikan, Kapolres Malang Dicopot",https://news.detik.com/detiktv/d-6327671/tragedi-kanjuruhan-naik-penyidikan-kapolres-malang-dicopot,"
Selasa, 04 Okt 2022 06:04 WIB "
Nyala Lilin di Alun-alun Bogor Untuk Korban Tragedi Kanjuruhan,https://news.detik.com/berita/d-6327651/nyala-lilin-di-alun-alun-bogor-untuk-korban-tragedi-kanjuruhan,"
Selasa, 04 Okt 2022 04:43 WIB "
Polda Metro Dukung Penuh Penunjukan AKBP Putu Jadi Kapolres Malang,https://news.detik.com/berita/d-6327576/polda-metro-dukung-penuh-penunjukan-akbp-putu-jadi-kapolres-malang,"
Senin, 03 Okt 2022 23:34 WIB "
"Kapolres Malang Dicopot, Dede Yusuf: Kapolri Bertindak Tegas",https://news.detik.com/berita/d-6327531/kapolres-malang-dicopot-dede-yusuf-kapolri-bertindak-tegas,"
Senin, 03 Okt 2022 23:01 WIB "
Dede Yusuf Ingatkan Aturan FIFA Berlaku di Dalam Stadion,https://news.detik.com/berita/d-6327519/dede-yusuf-ingatkan-aturan-fifa-berlaku-di-dalam-stadion,"
Senin, 03 Okt 2022 22:47 WIB "
26 Korban Tragedi Kanjuruhan Masih Dirawat di RSSA Malang,https://news.detik.com/berita/d-6327478/26-korban-tragedi-kanjuruhan-masih-dirawat-di-rssa-malang,"
Senin, 03 Okt 2022 22:16 WIB "
"Sampaikan Duka, Syarief Hasan Minta Tragedi Kanjuruhan Diusut Tuntas",https://news.detik.com/berita/d-6327443/sampaikan-duka-syarief-hasan-minta-tragedi-kanjuruhan-diusut-tuntas,"
Senin, 03 Okt 2022 21:52 WIB "
NasDem Respons Jokowi soal Suasana Duka: Tapi Resmikan Kawasan Industri,https://news.detik.com/berita/d-6327434/nasdem-respons-jokowi-soal-suasana-duka-tapi-resmikan-kawasan-industri,"
Senin, 03 Okt 2022 21:38 WIB "
Pengumuman Tersangka Tragedi Kanjuruhan Dinanti,https://news.detik.com/berita/d-6327336/pengumuman-tersangka-tragedi-kanjuruhan-dinanti,"
Senin, 03 Okt 2022 20:34 WIB "
"Tragedi Kanjuruhan, Megawati Perintahkan Tiga Pilar PDIP Bantu Korban",https://news.detik.com/berita/d-6327335/tragedi-kanjuruhan-megawati-perintahkan-tiga-pilar-pdip-bantu-korban,"
Senin, 03 Okt 2022 20:34 WIB "
Kata PSI soal Cuitan Giring Ogah Ngomong Politik di Tengah Tragedi Kanjuruhan,https://news.detik.com/pemilu/d-6327248/kata-psi-soal-cuitan-giring-ogah-ngomong-politik-di-tengah-tragedi-kanjuruhan,"
Senin, 03 Okt 2022 19:48 WIB "
Polres Bantul Minta Maaf Anggota Lalai Nge-twit Tak Pantas soal Kanjuruhan,https://news.detik.com/berita/d-6327203/polres-bantul-minta-maaf-anggota-lalai-nge-twit-tak-pantas-soal-kanjuruhan,"
Senin, 03 Okt 2022 19:31 WIB "
Kompolnas Awasi Kerja Tim Investigasi Polri Usut Tragedi Kanjuruhan,https://news.detik.com/berita/d-6327128/kompolnas-awasi-kerja-tim-investigasi-polri-usut-tragedi-kanjuruhan,"
Senin, 03 Okt 2022 19:05 WIB "
125 Jenazah Korban Tragedi Kanjuruhan Sudah Diambil Keluarga,https://news.detik.com/berita/d-6327121/125-jenazah-korban-tragedi-kanjuruhan-sudah-diambil-keluarga,"
Senin, 03 Okt 2022 19:03 WIB "
"9 Komandan Brimob di Polda Jatim Juga Dicopot, Ini Daftarnya!",https://news.detik.com/berita/d-6327081/9-komandan-brimob-di-polda-jatim-juga-dicopot-ini-daftarnya,"
Senin, 03 Okt 2022 18:51 WIB "
28 Anggota Polri Diperiksa Terkait Dugaan Pelanggaran Kode Etik di Kanjuruhan,https://news.detik.com/berita/d-6327059/28-anggota-polri-diperiksa-terkait-dugaan-pelanggaran-kode-etik-di-kanjuruhan,"
Senin, 03 Okt 2022 18:43 WIB "
"33 Anak Meninggal dalam Tragedi Kanjuruhan, Paling Muda 4 Tahun",https://news.detik.com/berita/d-6327057/33-anak-meninggal-dalam-tragedi-kanjuruhan-paling-muda-4-tahun,"
Senin, 03 Okt 2022 18:43 WIB "
AKBP Putu Kholis Jadi Kapolres Malang yang Baru Gantikan Ferli Hidayat,https://news.detik.com/berita/d-6327051/akbp-putu-kholis-jadi-kapolres-malang-yang-baru-gantikan-ferli-hidayat,"
Senin, 03 Okt 2022 18:41 WIB "
Kasus Tragedi Kanjuruhan Naik Tahap Penyidikan,https://news.detik.com/berita/d-6327047/kasus-tragedi-kanjuruhan-naik-tahap-penyidikan,"
Senin, 03 Okt 2022 18:37 WIB "
"Hasil Investigasi Kanjuruhan Terbaru, Ini 4 Hal yang Diketahui",https://news.detik.com/berita/d-6327045/hasil-investigasi-kanjuruhan-terbaru-ini-4-hal-yang-diketahui,"
Senin, 03 Okt 2022 18:35 WIB "
PKB: Seluruh Fraksi DPR Sepakat Bentuk Pansus Tragedi Kanjuruhan,https://news.detik.com/berita/d-6327013/pkb-seluruh-fraksi-dpr-sepakat-bentuk-pansus-tragedi-kanjuruhan,"
Senin, 03 Okt 2022 18:28 WIB "
Kapolres Malang AKBP Ferli Hidayat Dicopot!,https://news.detik.com/berita/d-6327004/kapolres-malang-akbp-ferli-hidayat-dicopot,"
Senin, 03 Okt 2022 18:21 WIB "
Pengakuan Polisi Nge-twit Tak Pantas soal Kanjuruhan Via @polseksrandakan,https://news.detik.com/berita/d-6326972/pengakuan-polisi-nge-twit-tak-pantas-soal-kanjuruhan-via-polseksrandakan,"
Senin, 03 Okt 2022 18:10 WIB "
PDIP Dorong Pemerintah Tegas Pidanakan Pihak Bersalah di Tragedi Kanjuruhan,https://news.detik.com/berita/d-6326960/pdip-dorong-pemerintah-tegas-pidanakan-pihak-bersalah-di-tragedi-kanjuruhan,"
Senin, 03 Okt 2022 18:05 WIB "
"Gerindra Dukung Jokowi, Minta Tragedi Kanjuruhan Malang Diusut Tuntas",https://news.detik.com/pemilu/d-6326959/gerindra-dukung-jokowi-minta-tragedi-kanjuruhan-malang-diusut-tuntas,"
Senin, 03 Okt 2022 18:04 WIB "
"Tragedi Kanjuruhan, Dapatkah Gas Air Mata Picu Kematian?",https://news.detik.com/dw/d-6326936/tragedi-kanjuruhan-dapatkah-gas-air-mata-picu-kematian,"
Senin, 03 Okt 2022 17:55 WIB "
Senyum Iwan Bule soal Desakan Mundur dari Kursi Ketua Umum PSSI,https://news.detik.com/berita/d-6326917/senyum-iwan-bule-soal-desakan-mundur-dari-kursi-ketua-umum-pssi,"
Senin, 03 Okt 2022 17:50 WIB "
Ridwan Kamil: Jangan Paksakan Laga Sepakbola Malam,https://news.detik.com/berita/d-6326896/ridwan-kamil-jangan-paksakan-laga-sepakbola-malam,"
Senin, 03 Okt 2022 17:46 WIB "
Semua Pihak Perlu Samakan Persepsi Sebelum Pertandingan Sepak Bola Agar Bisa Berjalan Aman,https://news.detik.com/abc-australia/d-6326872/semua-pihak-perlu-samakan-persepsi-sebelum-pertandingan-sepak-bola-agar-bisa-berjalan-aman,"
Senin, 03 Okt 2022 17:34 WIB "
5 Berita Terpopuler Internasional Hari Ini,https://news.detik.com/internasional/d-6326869/5-berita-terpopuler-internasional-hari-ini,"
Senin, 03 Okt 2022 17:30 WIB "
Gubsu soal Kanjuruhan: Tak Mungkin Bola Kaki Dihilangkan dari Indonesia,https://news.detik.com/berita/d-6326864/gubsu-soal-kanjuruhan-tak-mungkin-bola-kaki-dihilangkan-dari-indonesia,"
Senin, 03 Okt 2022 17:27 WIB "
"Cuitan Kanjuruhan di Akun Polsek Srandakan Jadi Sorotan, Pelaku Terungkap!",https://news.detik.com/berita/d-6326820/cuitan-kanjuruhan-di-akun-polsek-srandakan-jadi-sorotan-pelaku-terungkap,"
Senin, 03 Okt 2022 17:15 WIB "
"Tragedi Kanjuruhan, Pemerintah Minta Pejabat Polisi di Jatim Dievaluasi!",https://news.detik.com/berita/d-6326815/tragedi-kanjuruhan-pemerintah-minta-pejabat-polisi-di-jatim-dievaluasi,"
Senin, 03 Okt 2022 17:13 WIB "
Penyebab Begitu Banyak yang Meninggal di Stadion Kanjuruhan,https://news.detik.com/berita/d-6326811/penyebab-begitu-banyak-yang-meninggal-di-stadion-kanjuruhan,"
Senin, 03 Okt 2022 17:11 WIB "
Mahfud Minta Polri Segera Tetapkan Tersangka Kasus Tragedi Kanjuruhan,https://news.detik.com/berita/d-6326764/mahfud-minta-polri-segera-tetapkan-tersangka-kasus-tragedi-kanjuruhan,"
Senin, 03 Okt 2022 16:52 WIB "
Mahfud: TGIPF Tragedi Kanjuruhan Paling Lama Bekerja 1 Bulan,https://news.detik.com/berita/d-6326761/mahfud-tgipf-tragedi-kanjuruhan-paling-lama-bekerja-1-bulan,"
Senin, 03 Okt 2022 16:50 WIB "
"32 Anak Tewas dalam Tragedi Kanjuruhan, Termuda Usia 3 Tahun",https://news.detik.com/berita/d-6326751/32-anak-tewas-dalam-tragedi-kanjuruhan-termuda-usia-3-tahun,"
Senin, 03 Okt 2022 16:50 WIB "
Nugroho Setiawan Eks PSSI Pemegang Lisensi FIFA Security Masuk TGIPF,https://news.detik.com/berita/d-6326740/nugroho-setiawan-eks-pssi-pemegang-lisensi-fifa-security-masuk-tgipf,"
Senin, 03 Okt 2022 16:47 WIB "
"Jokowi: Investigasi Tuntas Tragedi Kanjuruhan, Sanksi yang Bersalah!",https://news.detik.com/berita/d-6326736/jokowi-investigasi-tuntas-tragedi-kanjuruhan-sanksi-yang-bersalah,"
Senin, 03 Okt 2022 16:46 WIB "
Menpora Janji Beberkan Hasil Investigasi Tragedi Kanjuruhan ke Publik,https://news.detik.com/berita/d-6326734/menpora-janji-beberkan-hasil-investigasi-tragedi-kanjuruhan-ke-publik,"
Senin, 03 Okt 2022 16:46 WIB "
"Mata Anak Bengkak Akibat Tragedi Kanjuruhan, Ayah Larang Nonton Bola Lagi",https://news.detik.com/berita/d-6326729/mata-anak-bengkak-akibat-tragedi-kanjuruhan-ayah-larang-nonton-bola-lagi,"
Senin, 03 Okt 2022 16:42 WIB "
"Daftar Anggota TGIPF Kanjuruhan, Ada Legenda Sepakbola Kurniawan Dwi Yulianto",https://news.detik.com/berita/d-6326697/daftar-anggota-tgipf-kanjuruhan-ada-legenda-sepakbola-kurniawan-dwi-yulianto,"
Senin, 03 Okt 2022 16:31 WIB "
Jokowi Enggan Komentari NasDem Usung Anies Capres: Masih Suasana Duka,https://news.detik.com/berita/d-6326695/jokowi-enggan-komentari-nasdem-usung-anies-capres-masih-suasana-duka,"
Senin, 03 Okt 2022 16:31 WIB "
Jokowi Beri Santunan Rp 50 Juta untuk Tiap Korban Tewas Tragedi Kanjuruhan,https://news.detik.com/berita/d-6326652/jokowi-beri-santunan-rp-50-juta-untuk-tiap-korban-tewas-tragedi-kanjuruhan,"
Senin, 03 Okt 2022 16:15 WIB "
Sepak Bola Dunia Ikut Berduka Atas 'Insiden Tragis' di Stadion Kanjuruhan,https://news.detik.com/abc-australia/d-6326634/sepak-bola-dunia-ikut-berduka-atas-insiden-tragis-di-stadion-kanjuruhan,"
Senin, 03 Okt 2022 16:07 WIB "
Catatan Sejarah Kelam Tragedi Stadion Sepak Bola di Dunia,https://news.detik.com/detiktv/d-6326567/catatan-sejarah-kelam-tragedi-stadion-sepak-bola-di-dunia,"
Senin, 03 Okt 2022 15:44 WIB "
"Kabar Pintu Stadion Kanjuruhan Tertutup Saat Tragedi, Ini Kata Pihak Arema",https://news.detik.com/berita/d-6326561/kabar-pintu-stadion-kanjuruhan-tertutup-saat-tragedi-ini-kata-pihak-arema,"
Senin, 03 Okt 2022 15:40 WIB "
Update Tragedi Kanjuruhan,https://news.detik.com/berita/d-6326549/update-tragedi-kanjuruhan,"
Senin, 03 Okt 2022 15:36 WIB "
"Komnas HAM: Terjadi Kekerasan di Kanjuruhan, Ditendang hingga Kena Kungfu",https://news.detik.com/berita/d-6326523/komnas-ham-terjadi-kekerasan-di-kanjuruhan-ditendang-hingga-kena-kungfu,"
Senin, 03 Okt 2022 15:29 WIB "
Potret Terkini Tribun Maut Kanjuruhan Saksi Bisu Tewasnya 125 Orang,https://news.detik.com/berita/d-6326511/potret-terkini-tribun-maut-kanjuruhan-saksi-bisu-tewasnya-125-orang,"
Senin, 03 Okt 2022 15:23 WIB "
"Pos Polantas Makassar Dilempar Molotov, Bawa-bawa Tragedi Kanjuruhan",https://news.detik.com/berita/d-6326470/pos-polantas-makassar-dilempar-molotov-bawa-bawa-tragedi-kanjuruhan,"
Senin, 03 Okt 2022 15:03 WIB "
Pemulihan Dampak Peristiwa Kanjuruhan Harus Menyeluruh,https://news.detik.com/berita/d-6326468/pemulihan-dampak-peristiwa-kanjuruhan-harus-menyeluruh,"
Senin, 03 Okt 2022 15:03 WIB "
"Bocah Ini Jadi Yatim Piatu Akibat Tragedi Kanjuruhan, Ingin Jadi Polisi",https://news.detik.com/berita/d-6326439/bocah-ini-jadi-yatim-piatu-akibat-tragedi-kanjuruhan-ingin-jadi-polisi,"
Senin, 03 Okt 2022 14:55 WIB "
"Update Jumlah Korban Tragedi Kanjuruhan: 125 Meninggal, 21 Luka Berat",https://news.detik.com/berita/d-6326428/update-jumlah-korban-tragedi-kanjuruhan-125-meninggal-21-luka-berat,"
Senin, 03 Okt 2022 14:54 WIB "
Hadi Tjahjanto-Andre Rosiade Ucapkan Duka untuk Tragedi Kanjuruhan,https://news.detik.com/berita/d-6326442/hadi-tjahjanto-andre-rosiade-ucapkan-duka-untuk-tragedi-kanjuruhan,"
Senin, 03 Okt 2022 14:51 WIB "
Manajemen Arema Klaim Stadion Tak Overkapasitas Saat Tragedi Kanjuruhan,https://news.detik.com/berita/d-6326414/manajemen-arema-klaim-stadion-tak-overkapasitas-saat-tragedi-kanjuruhan,"
Senin, 03 Okt 2022 14:44 WIB "
18 Polisi Operator Senjata Pelontar di Kanjuruhan Diperiksa Propam!,https://news.detik.com/berita/d-6326310/18-polisi-operator-senjata-pelontar-di-kanjuruhan-diperiksa-propam,"
Senin, 03 Okt 2022 14:09 WIB "
Apa Kegunaan Gas Air Mata Sebenarnya? Kini Disorot di Tragedi Kanjuruhan,https://news.detik.com/berita/d-6326291/apa-kegunaan-gas-air-mata-sebenarnya-kini-disorot-di-tragedi-kanjuruhan,"
Senin, 03 Okt 2022 14:02 WIB "
"Investigasi Tragedi Kanjuruhan, Tim Labfor Cek 32 CCTV dan 6 HP",https://news.detik.com/berita/d-6326281/investigasi-tragedi-kanjuruhan-tim-labfor-cek-32-cctv-dan-6-hp,"
Senin, 03 Okt 2022 13:59 WIB "
"Adu Perspektif: Pekan Duka, Tak Ada Sepakbola Seharga Nyawa",https://news.detik.com/berita/d-6326238/adu-perspektif-pekan-duka-tak-ada-sepakbola-seharga-nyawa,"
Senin, 03 Okt 2022 13:50 WIB "
Dunia Sorot Penggunaan Gas Air Mata dalam Tragedi Kanjuruhan,https://news.detik.com/internasional/d-6326234/dunia-sorot-penggunaan-gas-air-mata-dalam-tragedi-kanjuruhan,"
Senin, 03 Okt 2022 13:48 WIB "
Bareskrim Akan Periksa Direktur LIB-Ketua PSSI Jatim soal Kanjuruhan,https://news.detik.com/berita/d-6326216/bareskrim-akan-periksa-direktur-lib-ketua-pssi-jatim-soal-kanjuruhan,"
Senin, 03 Okt 2022 13:41 WIB "
Bencana Stadion Paling Mematikan di Dunia Masih Sisakan Misteri,https://news.detik.com/bbc-world/d-6326174/bencana-stadion-paling-mematikan-di-dunia-masih-sisakan-misteri,"
Senin, 03 Okt 2022 13:26 WIB "
Ayah Korban Tragedi Kanjuruhan Pingsan Saat Dipeluk Menko PMK,https://news.detik.com/berita/d-6326166/ayah-korban-tragedi-kanjuruhan-pingsan-saat-dipeluk-menko-pmk,"
Senin, 03 Okt 2022 13:20 WIB "
Komisi X DPR Panggil Kemenpora hingga PSSI Buntut Tragedi Kanjuruhan,https://news.detik.com/berita/d-6326164/komisi-x-dpr-panggil-kemenpora-hingga-pssi-buntut-tragedi-kanjuruhan,"
Senin, 03 Okt 2022 13:19 WIB "
Kata Malaysia Soal Tragedi Kanjuruhan: Pelajaran Bagi Semua Pihak!,https://news.detik.com/internasional/d-6326163/kata-malaysia-soal-tragedi-kanjuruhan-pelajaran-bagi-semua-pihak,"
Senin, 03 Okt 2022 13:19 WIB "
"Presiden Arema: Saya Bertanggung Jawab Penuh, Siap Terima Sanksi Apapun",https://news.detik.com/berita/d-6326161/presiden-arema-saya-bertanggung-jawab-penuh-siap-terima-sanksi-apapun,"
Senin, 03 Okt 2022 13:19 WIB "
Gus Halim Ajak Pegawai Kemendes Salat Gaib bagi Korban Tragedi Kanjuruhan,https://news.detik.com/berita/d-6326086/gus-halim-ajak-pegawai-kemendes-salat-gaib-bagi-korban-tragedi-kanjuruhan,"
Senin, 03 Okt 2022 13:04 WIB "
Admin Akun Polsek Srandakan Diperiksa Propam soal Cuitan Kanjuruhan,https://news.detik.com/berita/d-6326004/admin-akun-polsek-srandakan-diperiksa-propam-soal-cuitan-kanjuruhan,"
Senin, 03 Okt 2022 12:29 WIB "
Mahfud: Negara Urus Seluruh Perawatan Korban Tragedi Kanjuruhan,https://news.detik.com/berita/d-6325935/mahfud-negara-urus-seluruh-perawatan-korban-tragedi-kanjuruhan,"
Senin, 03 Okt 2022 12:12 WIB "
Komnas HAM Minta Pengusutan Menyeluruh soal Gas Air Mata di Kanjuruhan,https://news.detik.com/berita/d-6325930/komnas-ham-minta-pengusutan-menyeluruh-soal-gas-air-mata-di-kanjuruhan,"
Senin, 03 Okt 2022 12:10 WIB "
Panglima TNI Usut Kekerasan Prajurit di Kanjuruhan: Kirim Video ke Kami,https://news.detik.com/berita/d-6325929/panglima-tni-usut-kekerasan-prajurit-di-kanjuruhan-kirim-video-ke-kami,"
Senin, 03 Okt 2022 12:09 WIB "
Paus Fransiskus Berdoa untuk Korban Tragedi Kanjuruhan,https://news.detik.com/internasional/d-6325910/paus-fransiskus-berdoa-untuk-korban-tragedi-kanjuruhan,"
Senin, 03 Okt 2022 12:02 WIB "
"Total yang Meninggal di Kanjuruhan, Ini Update Data dan Rinciannya",https://news.detik.com/berita/d-6325906/total-yang-meninggal-di-kanjuruhan-ini-update-data-dan-rinciannya,"
Senin, 03 Okt 2022 11:59 WIB "
"Di Konser Westlife, Cak Imin Pimpin Doa bagi Korban Tragedi Kanjuruhan",https://news.detik.com/berita/d-6325890/di-konser-westlife-cak-imin-pimpin-doa-bagi-korban-tragedi-kanjuruhan,"
Senin, 03 Okt 2022 11:56 WIB "
Paus Fransiskus Sampaikan Duka untuk Korban Tragedi Kanjuruhan,https://news.detik.com/detiktv/d-6325878/paus-fransiskus-sampaikan-duka-untuk-korban-tragedi-kanjuruhan,"
Senin, 03 Okt 2022 11:51 WIB "
Pernyataan Lengkap Mahfud Md Bentuk Tim Independen Pencari Fakta Kanjuruhan,https://news.detik.com/berita/d-6325858/pernyataan-lengkap-mahfud-md-bentuk-tim-independen-pencari-fakta-kanjuruhan,"
Senin, 03 Okt 2022 11:46 WIB "
Panglima TNI soal Viral Oknum Tendang Suporter: Itu Bukan Mempertahankan Diri,https://news.detik.com/berita/d-6325854/panglima-tni-soal-viral-oknum-tendang-suporter-itu-bukan-mempertahankan-diri,"
Senin, 03 Okt 2022 11:42 WIB "
BEM Pesantren Tagih Pertanggungjawaban Polisi Wilayah soal Kanjuruhan,https://news.detik.com/berita/d-6325866/bem-pesantren-tagih-pertanggungjawaban-polisi-wilayah-soal-kanjuruhan,"
Senin, 03 Okt 2022 11:27 WIB "
Rentetan Memilukan Tragedi Kanjuruhan hingga 125 Nyawa Melayang,https://news.detik.com/berita/d-6325811/rentetan-memilukan-tragedi-kanjuruhan-hingga-125-nyawa-melayang,"
Senin, 03 Okt 2022 11:27 WIB "
Mahfud: Menpora Segera Panggil PSSI dan Panpel Terkait Tragedi Kanjuruhan!,https://news.detik.com/berita/d-6325785/mahfud-menpora-segera-panggil-pssi-dan-panpel-terkait-tragedi-kanjuruhan,"
Senin, 03 Okt 2022 11:15 WIB "
Panglima TNI Janji Proses Pidana Oknum Prajurit Tendang Warga di Kanjuruhan!,https://news.detik.com/berita/d-6325753/panglima-tni-janji-proses-pidana-oknum-prajurit-tendang-warga-di-kanjuruhan,"
Senin, 03 Okt 2022 11:05 WIB "
Teriakan Histeris Suporter Arema Lihat Jenazah Berjejer: Balekno Nyowoe!,https://news.detik.com/berita/d-6325728/teriakan-histeris-suporter-arema-lihat-jenazah-berjejer-balekno-nyowoe,"
Senin, 03 Okt 2022 10:57 WIB "
Mahfud Minta Polri Evaluasi Penanganan Pertandingan Buntut Tragedi Kanjuruhan,https://news.detik.com/berita/d-6325707/mahfud-minta-polri-evaluasi-penanganan-pertandingan-buntut-tragedi-kanjuruhan,"
Senin, 03 Okt 2022 10:50 WIB "
"Takziah Korban Kanjuruhan, Sekjen PPP Instruksikan Kader Salat Ghaib",https://news.detik.com/berita/d-6325690/takziah-korban-kanjuruhan-sekjen-ppp-instruksikan-kader-salat-ghaib,"
Senin, 03 Okt 2022 10:47 WIB "
"Pilu Keluarga Korban Tragedi Kanjuruhan, Kehilangan 2 Adiknya Sekaligus",https://news.detik.com/detiktv/d-6325689/pilu-keluarga-korban-tragedi-kanjuruhan-kehilangan-2-adiknya-sekaligus,"
Senin, 03 Okt 2022 10:46 WIB "
Mahfud Minta Panglima TNI Cek Tindakan Prajurit Berlebihan di Kanjuruhan,https://news.detik.com/berita/d-6325687/mahfud-minta-panglima-tni-cek-tindakan-prajurit-berlebihan-di-kanjuruhan,"
Senin, 03 Okt 2022 10:46 WIB "
Aremania Akan Gugat Panpel Arema Vs Persebaya soal Tragedi Kanjuruhan,https://news.detik.com/berita/d-6325671/aremania-akan-gugat-panpel-arema-vs-persebaya-soal-tragedi-kanjuruhan,"
Senin, 03 Okt 2022 10:41 WIB "
"Pemerintah Bentuk Tim Independen Pencari Fakta Kanjuruhan, Dipimpin Mahfud",https://news.detik.com/berita/d-6325669/pemerintah-bentuk-tim-independen-pencari-fakta-kanjuruhan-dipimpin-mahfud,"
Senin, 03 Okt 2022 10:41 WIB "
Pemerintah Minta Polri Segera Ungkap Pelaku Pidana Tragedi Kanjuruhan,https://news.detik.com/berita/d-6325665/pemerintah-minta-polri-segera-ungkap-pelaku-pidana-tragedi-kanjuruhan,"
Senin, 03 Okt 2022 10:39 WIB "
"Tragedi Kanjuruhan, Posko BPBD Kota Malang Terima Laporan 62 Orang Hilang",https://news.detik.com/berita/d-6325658/tragedi-kanjuruhan-posko-bpbd-kota-malang-terima-laporan-62-orang-hilang,"
Senin, 03 Okt 2022 10:34 WIB "
Mahfud: RI Negara Ketiga dengan Jumlah Korban Tragedi Sepakbola Terbesar,https://news.detik.com/berita/d-6325656/mahfud-ri-negara-ketiga-dengan-jumlah-korban-tragedi-sepakbola-terbesar,"
Senin, 03 Okt 2022 10:34 WIB "
Partai Garuda Minta Agar Tragedi Kanjuruhan Tak Dipolitisasi,https://news.detik.com/berita/d-6325799/partai-garuda-minta-agar-tragedi-kanjuruhan-tak-dipolitisasi,"
Senin, 03 Okt 2022 10:11 WIB "
3 Hal yang Disorot di Tragedi Kanjuruhan,https://news.detik.com/berita/d-6325609/3-hal-yang-disorot-di-tragedi-kanjuruhan,"
Senin, 03 Okt 2022 10:06 WIB "
Duka Mengalir dari Manchester hingga Madrid untuk Korban Kanjuruhan,https://news.detik.com/bbc-world/d-6325547/duka-mengalir-dari-manchester-hingga-madrid-untuk-korban-kanjuruhan,"
Senin, 03 Okt 2022 09:33 WIB "
Mahfud Gelar Rakor soal Tragedi Kanjuruhan Hari Ini,https://news.detik.com/berita/d-6325495/mahfud-gelar-rakor-soal-tragedi-kanjuruhan-hari-ini,"
Senin, 03 Okt 2022 08:58 WIB "
"Ada Gas Air Mata di Kanjuruhan Padahal Dilarang FIFA, Ini Respons Polri",https://news.detik.com/berita/d-6325483/ada-gas-air-mata-di-kanjuruhan-padahal-dilarang-fifa-ini-respons-polri,"
Senin, 03 Okt 2022 08:47 WIB "
Update Korban Tragedi Kanjuruhan,https://news.detik.com/berita/d-6325471/update-korban-tragedi-kanjuruhan,"
Senin, 03 Okt 2022 08:34 WIB "
Cerita Mencekam Tribun 12 Kanjuruhan saat Ditembak Gas Air Mata,https://news.detik.com/berita/d-6325440/cerita-mencekam-tribun-12-kanjuruhan-saat-ditembak-gas-air-mata,"
Senin, 03 Okt 2022 08:18 WIB "
Sorotan Tajam Penggunaan Gas Air Mata di Tragedi Maut Kanjuruhan,https://news.detik.com/berita/d-6325414/sorotan-tajam-penggunaan-gas-air-mata-di-tragedi-maut-kanjuruhan,"
Senin, 03 Okt 2022 07:45 WIB "
Negara Diminta Tanggung Nasib Anak Yatim Piatu Dampak Tragedi Kanjuruhan,https://news.detik.com/berita/d-6325408/negara-diminta-tanggung-nasib-anak-yatim-piatu-dampak-tragedi-kanjuruhan,"
Senin, 03 Okt 2022 07:31 WIB "
7 Fakta Terkini Laga Arema Vs Persebaya Berujung Tragedi,https://news.detik.com/berita/d-6325405/7-fakta-terkini-laga-arema-vs-persebaya-berujung-tragedi,"
Senin, 03 Okt 2022 07:30 WIB "
"Tragedi Kanjuruhan: Larangan FIFA Tak Diacuhkan, Ratusan Nyawa Hilang",https://news.detik.com/detiktv/d-6325380/tragedi-kanjuruhan-larangan-fifa-tak-diacuhkan-ratusan-nyawa-hilang,"
Senin, 03 Okt 2022 06:55 WIB "
Soal Rekomendasi Polisi dan Laga di Kanjuruhan yang Berakhir Tragedi,https://news.detik.com/berita/d-6325365/soal-rekomendasi-polisi-dan-laga-di-kanjuruhan-yang-berakhir-tragedi,"
Senin, 03 Okt 2022 06:43 WIB "
Aksi Aremania Masuk Lagi Ke Stadion Kanjuruhan Demi Selamatkan Teman,https://news.detik.com/berita/d-6325342/aksi-aremania-masuk-lagi-ke-stadion-kanjuruhan-demi-selamatkan-teman,"
Senin, 03 Okt 2022 06:08 WIB "
Pemprov Jatim Akan Beri Trauma Healing ke Para Korban Tragedi Kanjuruhan,https://news.detik.com/berita/d-6325327/pemprov-jatim-akan-beri-trauma-healing-ke-para-korban-tragedi-kanjuruhan,"
Senin, 03 Okt 2022 05:45 WIB "
"Menko PMK soal Tragedi Kanjuruhan: 448 Korban, 125 di Antaranya Tewas",https://news.detik.com/detiktv/d-6325325/menko-pmk-soal-tragedi-kanjuruhan-448-korban-125-di-antaranya-tewas,"
Senin, 03 Okt 2022 05:40 WIB "
Pemerintah Akan Teliti Pelanggaran Hukum dalam Tragedi Kanjuruhan,https://news.detik.com/berita/d-6325320/pemerintah-akan-teliti-pelanggaran-hukum-dalam-tragedi-kanjuruhan,"
Senin, 03 Okt 2022 05:23 WIB "
"Bahas Tragedi Kanjuruhan, Mahfud Panggil Kapolri-PSSI Hari Ini",https://news.detik.com/detiktv/d-6325311/bahas-tragedi-kanjuruhan-mahfud-panggil-kapolri-pssi-hari-ini,"
Senin, 03 Okt 2022 05:14 WIB "
Menko PMK: Total Korban Meninggal-Luka Tragedi Tanjuruhan 448 Orang,https://news.detik.com/berita/d-6325295/menko-pmk-total-korban-meninggal-luka-tragedi-tanjuruhan-448-orang,"
Senin, 03 Okt 2022 04:22 WIB "
"Tragedi Kanjuruhan, SIJ Minta Pemerintah Buat Aturan Perlindungan Supporter",https://news.detik.com/berita/d-6325293/tragedi-kanjuruhan-sij-minta-pemerintah-buat-aturan-perlindungan-supporter,"
Senin, 03 Okt 2022 04:00 WIB "
Aksi Heroik Aremania Rela Patah Tulang Selamatkan Balita di Kanjuruhan,https://news.detik.com/berita/d-6325255/aksi-heroik-aremania-rela-patah-tulang-selamatkan-balita-di-kanjuruhan,"
Senin, 03 Okt 2022 02:40 WIB "
Polri Audit SOP Penggunaan Gas Air Mata saat Tragedi Kanjuruhan,https://news.detik.com/berita/d-6325240/polri-audit-sop-penggunaan-gas-air-mata-saat-tragedi-kanjuruhan,"
Senin, 03 Okt 2022 02:13 WIB "
Pemerintah Gelar Rakor Lintas Kementerian Bahas Tragedi Kanjuruhan Besok,https://news.detik.com/berita/d-6325219/pemerintah-gelar-rakor-lintas-kementerian-bahas-tragedi-kanjuruhan-besok,"
Minggu, 02 Okt 2022 23:43 WIB "
"Sampaikan Belasungkawa, Anies Harap Tragedi Kanjuruhan Tak Terjadi Lagi",https://news.detik.com/berita/d-6325214/sampaikan-belasungkawa-anies-harap-tragedi-kanjuruhan-tak-terjadi-lagi,"
Minggu, 02 Okt 2022 23:37 WIB "
Kapolri Jenguk Korban Luka Tragedi Kanjuruhan di Rumah Sakit,https://news.detik.com/berita/d-6325211/kapolri-jenguk-korban-luka-tragedi-kanjuruhan-di-rumah-sakit,"
Minggu, 02 Okt 2022 23:19 WIB "
Kapolri Tawarkan Anak Korban Tragedi Kanjuruhan Masuk Polisi,https://news.detik.com/berita/d-6325210/kapolri-tawarkan-anak-korban-tragedi-kanjuruhan-masuk-polisi,"
Minggu, 02 Okt 2022 23:10 WIB "
Kapolri Takziah ke Rumah Korban Tragedi Kanjuruhan Malang,https://news.detik.com/berita/d-6325200/kapolri-takziah-ke-rumah-korban-tragedi-kanjuruhan-malang,"
Minggu, 02 Okt 2022 22:57 WIB "
5 Perintah Jokowi Usut Tragedi Kanjuruhan ke PSSI hingga Kapolri,https://news.detik.com/berita/d-6325162/5-perintah-jokowi-usut-tragedi-kanjuruhan-ke-pssi-hingga-kapolri,"
Minggu, 02 Okt 2022 22:08 WIB "
"Kapolri, Menteri, PSSI, Bicara Tragedi Kanjuruhan",https://news.detik.com/berita/d-6325102/kapolri-menteri-pssi-bicara-tragedi-kanjuruhan,"
Minggu, 02 Okt 2022 21:30 WIB "
Ratusan Pecinta Sepak Bola Gelar Aksi Duka Tragedi Kanjuruhan di GBK,https://news.detik.com/berita/d-6325091/ratusan-pecinta-sepak-bola-gelar-aksi-duka-tragedi-kanjuruhan-di-gbk,"
Minggu, 02 Okt 2022 21:23 WIB "
"Tindak Lanjut Arahan Jokowi, Kapolri Usut Tuntas Tragedi Kanjuruhan",https://news.detik.com/berita/d-6325072/tindak-lanjut-arahan-jokowi-kapolri-usut-tuntas-tragedi-kanjuruhan,"
Minggu, 02 Okt 2022 21:03 WIB "
Anies Baswedan Berharap Tragedi Kanjuruhan Tak Terulang Lagi,https://news.detik.com/detiktv/d-6325060/anies-baswedan-berharap-tragedi-kanjuruhan-tak-terulang-lagi,"
Minggu, 02 Okt 2022 20:47 WIB "
Pusdokkes Polri: Korban Luka-luka Tragedi Kanjuruhan 323 Orang,https://news.detik.com/berita/d-6325037/pusdokkes-polri-korban-luka-luka-tragedi-kanjuruhan-323-orang,"
Minggu, 02 Okt 2022 20:36 WIB "
Paramedis Ungkap Kondisi Memilukan Korban Tragedi Kanjuruhan,https://news.detik.com/detiktv/d-6325027/paramedis-ungkap-kondisi-memilukan-korban-tragedi-kanjuruhan,"
Minggu, 02 Okt 2022 20:30 WIB "
Pemerintah Konsentrasi Tolong Korban Tragedi Kanjuruhan dalam 2-3 Hari,https://news.detik.com/berita/d-6324984/pemerintah-konsentrasi-tolong-korban-tragedi-kanjuruhan-dalam-2-3-hari,"
Minggu, 02 Okt 2022 20:07 WIB "
"Tangis Warga Malang dalam Tragedi Kanjuruhan, Berharap Tak Terulang",https://news.detik.com/detiktv/d-6324976/tangis-warga-malang-dalam-tragedi-kanjuruhan-berharap-tak-terulang,"
Minggu, 02 Okt 2022 19:56 WIB "
Janji Kapolri Usut Tuntas Tragedi Maut Kanjuruhan,https://news.detik.com/berita/d-6324974/janji-kapolri-usut-tuntas-tragedi-maut-kanjuruhan,"
Minggu, 02 Okt 2022 19:56 WIB "
PBNU Dorong Evaluasi Penggunaan Gas Air Mata di Tragedi Kanjuruhan,https://news.detik.com/berita/d-6324971/pbnu-dorong-evaluasi-penggunaan-gas-air-mata-di-tragedi-kanjuruhan,"
Minggu, 02 Okt 2022 19:49 WIB "
Pecah Tangis Keluarga Briptu Fajar Yoyok Korban Tewas Tragedi Kanjuruhan,https://news.detik.com/berita/d-6324970/pecah-tangis-keluarga-briptu-fajar-yoyok-korban-tewas-tragedi-kanjuruhan,"
Minggu, 02 Okt 2022 19:47 WIB "
Kapolri: Korban Tewas Tragedi Kanjuruhan Terverifikasi 125 Orang,https://news.detik.com/berita/d-6324961/kapolri-korban-tewas-tragedi-kanjuruhan-terverifikasi-125-orang,"
Minggu, 02 Okt 2022 19:43 WIB "
Ketua KPAI Minta Penyelenggara Evaluasi Total Buntut Tragedi Kanjuruhan,https://news.detik.com/berita/d-6324828/ketua-kpai-minta-penyelenggara-evaluasi-total-buntut-tragedi-kanjuruhan,"
Minggu, 02 Okt 2022 18:20 WIB "
Ketua Banggar DPR Saran Kemenpora-PSSI Urunan untuk Korban Kanjuruhan,https://news.detik.com/berita/d-6324797/ketua-banggar-dpr-saran-kemenpora-pssi-urunan-untuk-korban-kanjuruhan,"
Minggu, 02 Okt 2022 18:04 WIB "
KSP Minta Warga Tahan Diri Tak Sebar Konten Sensitif Tragedi Kanjuruhan,https://news.detik.com/berita/d-6324779/ksp-minta-warga-tahan-diri-tak-sebar-konten-sensitif-tragedi-kanjuruhan,"
Minggu, 02 Okt 2022 17:53 WIB "
Wagub Jatim: Data Dinkes Malang Korban Tewas Tragedi Kanjuruhan 131 Orang,https://news.detik.com/berita/d-6324771/wagub-jatim-data-dinkes-malang-korban-tewas-tragedi-kanjuruhan-131-orang,"
Minggu, 02 Okt 2022 17:47 WIB "
LaNyalla Minta Pengamanan Sepakbola Dievaluasi Usai Tragedi Kanjuruhan,https://news.detik.com/berita/d-6324754/lanyalla-minta-pengamanan-sepakbola-dievaluasi-usai-tragedi-kanjuruhan,"
Minggu, 02 Okt 2022 17:29 WIB "
IPW Desak Kapolres Malang Dicopot Buntut Tragedi Kanjuruhan,https://news.detik.com/detiktv/d-6324752/ipw-desak-kapolres-malang-dicopot-buntut-tragedi-kanjuruhan,"
Minggu, 02 Okt 2022 17:28 WIB "
RK soal Kanjuruhan: Jangan demi Rating TV Paksa Pertandingan Malam Hari,https://news.detik.com/berita/d-6324706/rk-soal-kanjuruhan-jangan-demi-rating-tv-paksa-pertandingan-malam-hari,"
Minggu, 02 Okt 2022 17:11 WIB "
Komnas HAM Dalami Tembakan Gas Air Mata di Tragedi Kanjuruhan,https://news.detik.com/berita/d-6324700/komnas-ham-dalami-tembakan-gas-air-mata-di-tragedi-kanjuruhan,"
Minggu, 02 Okt 2022 17:03 WIB "
Gas Air Mata Tragedi Kanjuruhan: Aturan FIFA dan Penjelasan Polisi,https://news.detik.com/berita/d-6324694/gas-air-mata-tragedi-kanjuruhan-aturan-fifa-dan-penjelasan-polisi,"
Minggu, 02 Okt 2022 16:59 WIB "
"Prabowo Berduka Tragedi Kanjuruhan, Sampaikan Doa bagi Keluarga Korban",https://news.detik.com/berita/d-6324657/prabowo-berduka-tragedi-kanjuruhan-sampaikan-doa-bagi-keluarga-korban,"
Minggu, 02 Okt 2022 16:39 WIB "
Kisah Pilu 2 Sahabat Tewas dalam Tragedi Kanjuruhan Malang,https://news.detik.com/berita/d-6324651/kisah-pilu-2-sahabat-tewas-dalam-tragedi-kanjuruhan-malang,"
Minggu, 02 Okt 2022 16:34 WIB "
Menko PMK: Tragedi Kanjuruhan Harus Ada yang Tanggung Jawab,https://news.detik.com/berita/d-6324628/menko-pmk-tragedi-kanjuruhan-harus-ada-yang-tanggung-jawab,"
Minggu, 02 Okt 2022 16:06 WIB "
Polri soal Gas Air Mata di Tragedi Kanjuruhan: Kita Evaluasi,https://news.detik.com/detiktv/d-6324626/polri-soal-gas-air-mata-di-tragedi-kanjuruhan-kita-evaluasi,"
Minggu, 02 Okt 2022 16:05 WIB "
Pasutri Blitar Belum Ditemukan Usai Tragedi Maut Kanjuruhan,https://news.detik.com/berita/d-6324607/pasutri-blitar-belum-ditemukan-usai-tragedi-maut-kanjuruhan,"
Minggu, 02 Okt 2022 15:56 WIB "
Situasi Mencekam di Kanjuruhan dan 2 Polisi Juga Ikut Tewas,https://news.detik.com/berita/d-6324602/situasi-mencekam-di-kanjuruhan-dan-2-polisi-juga-ikut-tewas,"
Minggu, 02 Okt 2022 15:51 WIB "
Mahfud Md Ungkap Alasan Polisi Pakai Gas Air Mata di Kanjuruhan,https://news.detik.com/berita/d-6324600/mahfud-md-ungkap-alasan-polisi-pakai-gas-air-mata-di-kanjuruhan,"
Minggu, 02 Okt 2022 15:50 WIB "
Situasi Terkini TKP Tragedi Kanjuruhan,https://news.detik.com/berita/d-6324597/situasi-terkini-tkp-tragedi-kanjuruhan,"
Minggu, 02 Okt 2022 15:47 WIB "
Pernyataan Lengkap PSSI soal Tragedi Stadion Kanjuruhan,https://news.detik.com/detiktv/d-6324589/pernyataan-lengkap-pssi-soal-tragedi-stadion-kanjuruhan,"
Minggu, 02 Okt 2022 15:39 WIB "
Kapolri Rapat Bersama Menpora dan Pemda Malang Evaluasi Tragedi Kanjuruhan,https://news.detik.com/berita/d-6324560/kapolri-rapat-bersama-menpora-dan-pemda-malang-evaluasi-tragedi-kanjuruhan,"
Minggu, 02 Okt 2022 15:17 WIB "
Komnas HAM Minta Polisi Usut Tuntas Tragedi Kanjuruhan!,https://news.detik.com/berita/d-6324493/komnas-ham-minta-polisi-usut-tuntas-tragedi-kanjuruhan,"
Minggu, 02 Okt 2022 14:31 WIB "
KemenPPPA soal Tragedi Kanjuruhan: Data Masuk 17 Anak Meninggal,https://news.detik.com/berita/d-6324491/kemenpppa-soal-tragedi-kanjuruhan-data-masuk-17-anak-meninggal,"
Minggu, 02 Okt 2022 14:30 WIB "
"Kesaksian Aremania di Kanjuruhan: Suporter Bergelimpangan, Sesak Napas",https://news.detik.com/berita/d-6324488/kesaksian-aremania-di-kanjuruhan-suporter-bergelimpangan-sesak-napas,"
Minggu, 02 Okt 2022 14:27 WIB "
"Tragedi Kanjuruhan, Komnas HAM Kantongi Video-VN dari Aremania",https://news.detik.com/berita/d-6324484/tragedi-kanjuruhan-komnas-ham-kantongi-video-vn-dari-aremania,"
Minggu, 02 Okt 2022 14:25 WIB "
"Bertambah Lagi, Korban Tewas Tragedi Kanjuruhan Jadi 174 Orang",https://news.detik.com/berita/d-6324481/bertambah-lagi-korban-tewas-tragedi-kanjuruhan-jadi-174-orang,"
Minggu, 02 Okt 2022 14:21 WIB "
Polri Evaluasi soal Gas Air Mata di Tragedi Kanjuruhan Malang,https://news.detik.com/berita/d-6324457/polri-evaluasi-soal-gas-air-mata-di-tragedi-kanjuruhan-malang,"
Minggu, 02 Okt 2022 14:12 WIB "
Dinkes Malang Ungkap Penyebab Medis Korban Tewas Tragedi Kanjuruhan,https://news.detik.com/berita/d-6324419/dinkes-malang-ungkap-penyebab-medis-korban-tewas-tragedi-kanjuruhan,"
Minggu, 02 Okt 2022 14:03 WIB "
PSSI Buka Suara soal Rekomendasi Polisi Ditolak Sebelum Tragedi Kanjuruhan,https://news.detik.com/berita/d-6324418/pssi-buka-suara-soal-rekomendasi-polisi-ditolak-sebelum-tragedi-kanjuruhan,"
Minggu, 02 Okt 2022 14:01 WIB "
"Ketum PAN Berduka Atas Tragedi Kanjuruhan, Kecam Penggunaan Gas Air Mata",https://news.detik.com/berita/d-6324396/ketum-pan-berduka-atas-tragedi-kanjuruhan-kecam-penggunaan-gas-air-mata,"
Minggu, 02 Okt 2022 13:47 WIB "
"Deret Tragedi Sepakbola Terkelam di Dunia, Kanjuruhan Malang Termasuk",https://news.detik.com/internasional/d-6324368/deret-tragedi-sepakbola-terkelam-di-dunia-kanjuruhan-malang-termasuk,"
Minggu, 02 Okt 2022 13:23 WIB "
"Wagub DKI Berduka Tragedi Kanjuruhan, Harap Tak Terjadi di Daerah Lain",https://news.detik.com/berita/d-6324351/wagub-dki-berduka-tragedi-kanjuruhan-harap-tak-terjadi-di-daerah-lain,"
Minggu, 02 Okt 2022 13:13 WIB "
Menpora-Kapolri Siang Ini Terbang ke Malang Usai Tragedi Kanjuruhan,https://news.detik.com/berita/d-6324339/menpora-kapolri-siang-ini-terbang-ke-malang-usai-tragedi-kanjuruhan,"
Minggu, 02 Okt 2022 13:06 WIB "
"Soal Tragedi Kanjuruhan, Waket MPR: Perbedaan Bukan untuk Bermusuhan!",https://news.detik.com/berita/d-6324311/soal-tragedi-kanjuruhan-waket-mpr-perbedaan-bukan-untuk-bermusuhan,"
Minggu, 02 Okt 2022 12:50 WIB "
LPSK soal Tragedi Kerusuhan Kanjuruhan: Harus Ada yang Tanggung Jawab,https://news.detik.com/berita/d-6324291/lpsk-soal-tragedi-kerusuhan-kanjuruhan-harus-ada-yang-tanggung-jawab,"
Minggu, 02 Okt 2022 12:35 WIB "
"Tragedi Kanjuruhan, Cak Imin: Sepakbola Tak Boleh Hilangkan Rasa Kemanusiaan",https://news.detik.com/berita/d-6324290/tragedi-kanjuruhan-cak-imin-sepakbola-tak-boleh-hilangkan-rasa-kemanusiaan,"
Minggu, 02 Okt 2022 12:34 WIB "
"Tragedi Kanjuruhan: Kronologi, Penyebab dan Jumlah Korban",https://news.detik.com/berita/d-6324274/tragedi-kanjuruhan-kronologi-penyebab-dan-jumlah-korban,"
Minggu, 02 Okt 2022 12:29 WIB "
PSSI soal Tragedi di Stadion Kanjuruhan,https://news.detik.com/berita/d-6324253/pssi-soal-tragedi-di-stadion-kanjuruhan,"
Minggu, 02 Okt 2022 12:09 WIB "
Airlangga Minta Kader Golkar Beri Bantuan Korban Tragedi Kanjuruhan,https://news.detik.com/berita/d-6324250/airlangga-minta-kader-golkar-beri-bantuan-korban-tragedi-kanjuruhan,"
Minggu, 02 Okt 2022 12:05 WIB "
ISESS dan IPW Minta Kapolri Copot Kapolres Malang Buntut Tragedi Kanjuruhan,https://news.detik.com/berita/d-6324249/isess-dan-ipw-minta-kapolri-copot-kapolres-malang-buntut-tragedi-kanjuruhan,"
Minggu, 02 Okt 2022 12:05 WIB "
Sahroni soal Tragedi Kanjuruhan: Penggunaan Gas Air Mata Telak Dilanggar,https://news.detik.com/berita/d-6324240/sahroni-soal-tragedi-kanjuruhan-penggunaan-gas-air-mata-telak-dilanggar,"
Minggu, 02 Okt 2022 11:55 WIB "
Wakil Ketua MPR Ajak Semua Pihak Kerja Sama Tangani Tragedi Kanjuruhan,https://news.detik.com/berita/d-6324207/wakil-ketua-mpr-ajak-semua-pihak-kerja-sama-tangani-tragedi-kanjuruhan,"
Minggu, 02 Okt 2022 11:32 WIB "
Komnas HAM Terjunkan Tim Pantau Penanganan Tragedi Maut Kanjuruhan,https://news.detik.com/berita/d-6324201/komnas-ham-terjunkan-tim-pantau-penanganan-tragedi-maut-kanjuruhan,"
Minggu, 02 Okt 2022 11:30 WIB "
"Update Korban Tragedi Kanjuruhan: 130 Tewas, 186 Masih Dirawat",https://news.detik.com/berita/d-6324199/update-korban-tragedi-kanjuruhan-130-tewas-186-masih-dirawat,"
Minggu, 02 Okt 2022 11:29 WIB "
Puan Soroti Panpel hingga Pengamanan di Tragedi Kanjuruhan,https://news.detik.com/berita/d-6324168/puan-soroti-panpel-hingga-pengamanan-di-tragedi-kanjuruhan,"
Minggu, 02 Okt 2022 11:16 WIB "
"Tragedi Kanjuruhan, Ketua Komisi X DPR dan Fadli Zon Soroti Gas Air Mata",https://news.detik.com/berita/d-6324162/tragedi-kanjuruhan-ketua-komisi-x-dpr-dan-fadli-zon-soroti-gas-air-mata,"
Minggu, 02 Okt 2022 11:10 WIB "
Pernyataan Lengkap Jokowi Berduka Tragedi Kanjuruhan Tewaskan 129 Orang,https://news.detik.com/berita/d-6324160/pernyataan-lengkap-jokowi-berduka-tragedi-kanjuruhan-tewaskan-129-orang,"
Minggu, 02 Okt 2022 11:09 WIB "
Jokowi: Jangan Sampai Ada Lagi Tragedi Kemanusiaan Seperti Kanjuruhan,https://news.detik.com/berita/d-6324149/jokowi-jangan-sampai-ada-lagi-tragedi-kemanusiaan-seperti-kanjuruhan,"
Minggu, 02 Okt 2022 11:00 WIB "
Iwan Bule soal Tragedi Kanjuruhan: Saya Beserta PSSI Minta Maaf,https://news.detik.com/berita/d-6324148/iwan-bule-soal-tragedi-kanjuruhan-saya-beserta-pssi-minta-maaf,"
Minggu, 02 Okt 2022 10:59 WIB "
Jokowi Minta Menkes-Gubernur Jatim Monitor Perawatan Korban Kanjuruhan,https://news.detik.com/berita/d-6324134/jokowi-minta-menkes-gubernur-jatim-monitor-perawatan-korban-kanjuruhan,"
Minggu, 02 Okt 2022 10:50 WIB "
Arahan Khusus Jokowi ke Kapolri: Usut Tuntas Tragedi Kanjuruhan!,https://news.detik.com/berita/d-6324126/arahan-khusus-jokowi-ke-kapolri-usut-tuntas-tragedi-kanjuruhan,"
Minggu, 02 Okt 2022 10:43 WIB "
Jokowi Minta PSSI Setop Sementara Liga 1 Buntut Tragedi Kanjuruhan!,https://news.detik.com/berita/d-6324110/jokowi-minta-pssi-setop-sementara-liga-1-buntut-tragedi-kanjuruhan,"
Minggu, 02 Okt 2022 10:36 WIB "
Jokowi: Saya Berduka atas Meninggalnya 129 Korban Tragedi Kanjuruhan,https://news.detik.com/berita/d-6324109/jokowi-saya-berduka-atas-meninggalnya-129-korban-tragedi-kanjuruhan,"
Minggu, 02 Okt 2022 10:35 WIB "
Menpora soal Tragedi Kanjuruhan: Investigasi Kenapa Ini Bisa Terjadi!,https://news.detik.com/berita/d-6324089/menpora-soal-tragedi-kanjuruhan-investigasi-kenapa-ini-bisa-terjadi,"
Minggu, 02 Okt 2022 10:17 WIB "
"Tragedi Kanjuruhan, Ridwan Kamil Sentil Rating TV",https://news.detik.com/berita/d-6324085/tragedi-kanjuruhan-ridwan-kamil-sentil-rating-tv,"
Minggu, 02 Okt 2022 10:15 WIB "
Legislator Kecam PT LIB Abaikan Polisi soal Percepat Arema Vs Persebaya,https://news.detik.com/berita/d-6324033/legislator-kecam-pt-lib-abaikan-polisi-soal-percepat-arema-vs-persebaya,"
Minggu, 02 Okt 2022 09:43 WIB "
Pilu Tragedi Kanjuruhan: Anak-anak hingga Satu Keluarga Korban Tewas,https://news.detik.com/berita/d-6324028/pilu-tragedi-kanjuruhan-anak-anak-hingga-satu-keluarga-korban-tewas,"
Minggu, 02 Okt 2022 09:39 WIB "
Mahfud Md: Tragedi Kanjuruhan Bukan Bentrok Antarsuporter,https://news.detik.com/berita/d-6323988/mahfud-md-tragedi-kanjuruhan-bukan-bentrok-antarsuporter,"
Minggu, 02 Okt 2022 09:15 WIB "
Tim DVI Polri Dikerahkan ke Malang Identifikasi Korban Tragedi Kanjuruhan,https://news.detik.com/berita/d-6323981/tim-dvi-polri-dikerahkan-ke-malang-identifikasi-korban-tragedi-kanjuruhan,"
Minggu, 02 Okt 2022 09:09 WIB "
"Ini Bukti Polisi Minta Percepat Arema Vs Persebaya, Ditolak PT LIB",https://news.detik.com/berita/d-6323976/ini-bukti-polisi-minta-percepat-arema-vs-persebaya-ditolak-pt-lib,"
Minggu, 02 Okt 2022 09:05 WIB "
"127 Orang Tewas, Panpel Tolak Usul Polisi Percepat Pertandingan ke Sore Hari",https://news.detik.com/berita/d-6323920/127-orang-tewas-panpel-tolak-usul-polisi-percepat-pertandingan-ke-sore-hari,"
Minggu, 02 Okt 2022 08:34 WIB "
Mahfud Posting Foto Hitam Putih: Pemerintah Sesalkan Tragedi Kanjuruhan,https://news.detik.com/berita/d-6323915/mahfud-posting-foto-hitam-putih-pemerintah-sesalkan-tragedi-kanjuruhan,"
Minggu, 02 Okt 2022 08:30 WIB "
Larangan FIFA dan Alasan Polisi Gunakan Gas Air Mata di Kanjuruhan,https://news.detik.com/berita/d-6323894/larangan-fifa-dan-alasan-polisi-gunakan-gas-air-mata-di-kanjuruhan,"
Minggu, 02 Okt 2022 08:23 WIB "
2 Polisi Tewas di Tragedi Kanjuruhan: Brigadir Andik dan Briptu Fajar Yoyok,https://news.detik.com/berita/d-6323877/2-polisi-tewas-di-tragedi-kanjuruhan-brigadir-andik-dan-briptu-fajar-yoyok,"
Minggu, 02 Okt 2022 08:11 WIB "
7 Fakta Tragedi Kanjuruhan Tewaskan 127 Orang,https://news.detik.com/berita/d-6323869/7-fakta-tragedi-kanjuruhan-tewaskan-127-orang,"
Minggu, 02 Okt 2022 08:05 WIB "
Polisi soal Tembakan Gas Air Mata di Kerusuhan Kanjuruhan: Sudah Anarkis,https://news.detik.com/berita/d-6323860/polisi-soal-tembakan-gas-air-mata-di-kerusuhan-kanjuruhan-sudah-anarkis,"
Minggu, 02 Okt 2022 07:50 WIB "
Detik-detik Kerusuhan Maut di Kanjuruhan Tewaskan 127 Orang,https://news.detik.com/berita/d-6323847/detik-detik-kerusuhan-maut-di-kanjuruhan-tewaskan-127-orang,"
Minggu, 02 Okt 2022 07:19 WIB "
Ini Penyebab Tewasnya 127 Korban Kerusuhan di Stadion Kanjuruhan,https://news.detik.com/berita/d-6323831/ini-penyebab-tewasnya-127-korban-kerusuhan-di-stadion-kanjuruhan,"
Minggu, 02 Okt 2022 06:44 WIB "
"Kerusuhan Suporter Arema di Stadion Kanjuruhan Malang, 13 Mobil Rusak",https://news.detik.com/berita/d-6323823/kerusuhan-suporter-arema-di-stadion-kanjuruhan-malang-13-mobil-rusak,"
Minggu, 02 Okt 2022 06:23 WIB "
2 Anggota Polisi Turut Jadi Korban Tewas Kerusuhan di Stadion Kanjuruhan,https://news.detik.com/berita/d-6323819/2-anggota-polisi-turut-jadi-korban-tewas-kerusuhan-di-stadion-kanjuruhan,"
Minggu, 02 Okt 2022 06:13 WIB "
180 Orang Terluka Akibat Kerusuhan di Kanjuruhan Masih Dirawat di RS,https://news.detik.com/berita/d-6323817/180-orang-terluka-akibat-kerusuhan-di-kanjuruhan-masih-dirawat-di-rs,"
Minggu, 02 Okt 2022 06:00 WIB "
127 Orang Tewas dalam Kerusuhan di Stadion Kanjuruhan Malang,https://news.detik.com/berita/d-6323804/127-orang-tewas-dalam-kerusuhan-di-stadion-kanjuruhan-malang,"
Minggu, 02 Okt 2022 05:20 WIB "
8 Kendaraan Polisi Dirusak dan Dibakar Imbas Rusuh Aremania di Kanjuruhan,https://news.detik.com/berita/d-6323787/8-kendaraan-polisi-dirusak-dan-dibakar-imbas-rusuh-aremania-di-kanjuruhan,"
Minggu, 02 Okt 2022 04:00 WIB "
Belasan Suporter Arema Diduga Jadi Korban Jiwa Kerusuhan di Kanjuruhan,https://news.detik.com/berita/d-6323780/belasan-suporter-arema-diduga-jadi-korban-jiwa-kerusuhan-di-kanjuruhan,"
Minggu, 02 Okt 2022 02:55 WIB "
Puluhan Suporter Arema Korban Rusuh di Kanjuruhan Dibawa ke Sejumlah RS,https://news.detik.com/berita/d-6323775/puluhan-suporter-arema-korban-rusuh-di-kanjuruhan-dibawa-ke-sejumlah-rs,"
Minggu, 02 Okt 2022 02:23 WIB "
"Suporter Arema Rusuh di Kanjuruhan, 2 Mobil-Barang Stadion Dirusak",https://news.detik.com/berita/d-6323773/suporter-arema-rusuh-di-kanjuruhan-2-mobil-barang-stadion-dirusak,"
Minggu, 02 Okt 2022 02:05 WIB "
