title,url,date
Kapolri soal Kasus Firli Bahuri: Ini PR yang Harus Dituntaskan,https://news.detik.com/berita/d-7723098/kapolri-soal-kasus-firli-bahuri-ini-pr-yang-harus-dituntaskan,"
Rabu, 08 Jan 2025 14:59 WIB "
"Firli Bahuri Minta Kasus Disetop, Polda Metro Tegaskan Bakal Usut Tuntas",https://news.detik.com/berita/d-7715263/firli-bahuri-minta-kasus-disetop-polda-metro-tegaskan-bakal-usut-tuntas,"
Kamis, 02 Jan 2025 23:42 WIB "
Polisi Bicara Peluang Jemput Paksa Firli Usai 2 Kali Absen Pemeriksaan,https://news.detik.com/berita/d-7712079/polisi-bicara-peluang-jemput-paksa-firli-usai-2-kali-absen-pemeriksaan,"
Selasa, 31 Des 2024 19:30 WIB "
"Kasus Firli Peras SYL Jadi PR di 2024, Kapolda Metro: 1-2 Bulan Selesai",https://news.detik.com/berita/d-7711994/kasus-firli-peras-syl-jadi-pr-di-2024-kapolda-metro-1-2-bulan-selesai,"
Selasa, 31 Des 2024 18:57 WIB "
"LMND Turun ke Jalan, Dukung Pimpinan Baru KPK Tangkap Harun Masiku",https://news.detik.com/berita/d-7700691/lmnd-turun-ke-jalan-dukung-pimpinan-baru-kpk-tangkap-harun-masiku,"
Senin, 23 Des 2024 19:53 WIB "
"Menang Lawan MAKI, Polda Metro Tegaskan Kasus Firli Belum Berhenti",https://news.detik.com/berita/d-7692983/menang-lawan-maki-polda-metro-tegaskan-kasus-firli-belum-berhenti,"
Rabu, 18 Des 2024 17:42 WIB "
"Praperadilan Kasus Firli Ditolak, MAKI: Kasus Century Menang di Gugatan Ke-6",https://news.detik.com/berita/d-7692393/praperadilan-kasus-firli-ditolak-maki-kasus-century-menang-di-gugatan-ke-6,"
Rabu, 18 Des 2024 13:55 WIB "
Hakim Tolak Praperadilan MAKI Terkait Dugaan Kasus Firli Bahuri Mangkrak,https://news.detik.com/berita/d-7692195/hakim-tolak-praperadilan-maki-terkait-dugaan-kasus-firli-bahuri-mangkrak,"
Rabu, 18 Des 2024 12:07 WIB "
Ketua KPK Minta Deputi Korsup Koordinasi-Supervisi Kasus Firli Bahuri,https://news.detik.com/berita/d-7691715/ketua-kpk-minta-deputi-korsup-koordinasi-supervisi-kasus-firli-bahuri,"
Rabu, 18 Des 2024 03:28 WIB "
Suara Sengau Harun Masiku yang Masih Jadi Pekerjaan Rumah KPK,https://news.detik.com/berita/d-7681955/suara-sengau-harun-masiku-yang-masih-jadi-pekerjaan-rumah-kpk,"
Rabu, 11 Des 2024 17:15 WIB "
Novel Baswedan Harap Proses Kasus Firli Bahuri Tak Berlama-lama,https://news.detik.com/berita/d-7677778/novel-baswedan-harap-proses-kasus-firli-bahuri-tak-berlama-lama,"
Senin, 09 Des 2024 12:32 WIB "
Alasan MAKI Gugat Polda Metro hingga Kejati DKI Terkait Kasus Firli Bahuri,https://news.detik.com/berita/d-7669476/alasan-maki-gugat-polda-metro-hingga-kejati-dki-terkait-kasus-firli-bahuri,"
Selasa, 03 Des 2024 20:19 WIB "
Pengacara Jelaskan Alasan Firli Absen Pemeriksaan Lagi: Pengajian,https://news.detik.com/berita/d-7661850/pengacara-jelaskan-alasan-firli-absen-pemeriksaan-lagi-pengajian,"
Kamis, 28 Nov 2024 18:50 WIB "
"Firli Bahuri Tak Hadir Lagi, Polisi Bakal Jemput Paksa?",https://news.detik.com/berita/d-7661374/firli-bahuri-tak-hadir-lagi-polisi-bakal-jemput-paksa,"
Kamis, 28 Nov 2024 15:18 WIB "
Firli Bahuri Kembali Mangkir Pemeriksaan Polisi Terkait Pemerasan SYL,https://news.detik.com/berita/d-7661065/firli-bahuri-kembali-mangkir-pemeriksaan-polisi-terkait-pemerasan-syl,"
Kamis, 28 Nov 2024 13:14 WIB "
Pengacara Klaim Firli Bakal Penuhi Panggilan di Bareskrim Hari Ini,https://news.detik.com/berita/d-7660902/pengacara-klaim-firli-bakal-penuhi-panggilan-di-bareskrim-hari-ini,"
Kamis, 28 Nov 2024 11:54 WIB "
Kata Polisi soal Peluang Jemput Paksa Firli Jika Mangkir Pemeriksaan Kedua,https://news.detik.com/berita/d-7654125/kata-polisi-soal-peluang-jemput-paksa-firli-jika-mangkir-pemeriksaan-kedua,"
Minggu, 24 Nov 2024 11:29 WIB "
Firli Bahuri Diperiksa Lagi di Kasus Pemerasan SYL 28 November,https://news.detik.com/berita/d-7653009/firli-bahuri-diperiksa-lagi-di-kasus-pemerasan-syl-28-november,"
Sabtu, 23 Nov 2024 13:28 WIB "
Polisi Bakal Periksa Lagi Firli Bahuri di Kasus Pemerasan SYL Pekan Depan,https://news.detik.com/berita/d-7651738/polisi-bakal-periksa-lagi-firli-bahuri-di-kasus-pemerasan-syl-pekan-depan,"
Jumat, 22 Nov 2024 15:28 WIB "
Cadewas KPK Hamdi: Indeks Korupsi RI Turun Ada Kaitan dengan Kasus Etik Firli,https://news.detik.com/berita/d-7649143/cadewas-kpk-hamdi-indeks-korupsi-ri-turun-ada-kaitan-dengan-kasus-etik-firli,"
Kamis, 21 Nov 2024 09:52 WIB "
"Firli Hampir Setahun Jadi Tersangka, Kapolda Metro Jamin Kasus Bakal Tuntas",https://news.detik.com/berita/d-7648191/firli-hampir-setahun-jadi-tersangka-kapolda-metro-jamin-kasus-bakal-tuntas,"
Rabu, 20 Nov 2024 16:10 WIB "
MAKI dan LP3HI Gugat Polda Metro hingga Kejati DKI soal Kasus Firli Bahuri,https://news.detik.com/berita/d-7647630/maki-dan-lp3hi-gugat-polda-metro-hingga-kejati-dki-soal-kasus-firli-bahuri,"
Rabu, 20 Nov 2024 12:46 WIB "
Capim Poengky Ungkit Ada Pimpinan KPK Tersangka: Integritas Harusnya Nomor 1,https://news.detik.com/berita/d-7644958/capim-poengky-ungkit-ada-pimpinan-kpk-tersangka-integritas-harusnya-nomor-1,"
Senin, 18 Nov 2024 18:51 WIB "
Babak Baru Alex Marwata Kini Gugat UU KPK ke MK,https://news.detik.com/berita/d-7628001/babak-baru-alex-marwata-kini-gugat-uu-kpk-ke-mk,"
Jumat, 08 Nov 2024 07:51 WIB "
"Gugat Pasal 36 UU KPK ke MK, Alex Marwata Singgung Momen Firli Bertemu SYL",https://news.detik.com/berita/d-7626879/gugat-pasal-36-uu-kpk-ke-mk-alex-marwata-singgung-momen-firli-bertemu-syl,"
Kamis, 07 Nov 2024 13:31 WIB "
Kajati Jakarta Tunggu Polisi soal Berkas Perkara Firli Bahuri,https://news.detik.com/berita/d-7617154/kajati-jakarta-tunggu-polisi-soal-berkas-perkara-firli-bahuri,"
Jumat, 01 Nov 2024 12:54 WIB "
Polisi Segera Tentukan Nasib Firli Bahuri di Kasus Pertemuan dengan SYL,https://news.detik.com/berita/d-7613552/polisi-segera-tentukan-nasib-firli-bahuri-di-kasus-pertemuan-dengan-syl,"
Rabu, 30 Okt 2024 12:38 WIB "
IM57 Apresiasi Janji Kapolda Metro Tuntaskan Kasus Firli hingga Alex Marwata,https://news.detik.com/berita/d-7584206/im57-apresiasi-janji-kapolda-metro-tuntaskan-kasus-firli-hingga-alex-marwata,"
Sabtu, 12 Okt 2024 08:31 WIB "
Janji Kapolda Metro Tuntaskan Kasus Alex Marwata dan Firli Bahuri,https://news.detik.com/berita/d-7584194/janji-kapolda-metro-tuntaskan-kasus-alex-marwata-dan-firli-bahuri,"
Sabtu, 12 Okt 2024 08:04 WIB "
Kapolda Metro Janji Tuntaskan Kasus Firli-Alex Marwata: Itu Utang Saya,https://news.detik.com/berita/d-7583127/kapolda-metro-janji-tuntaskan-kasus-firli-alex-marwata-itu-utang-saya,"
Jumat, 11 Okt 2024 13:57 WIB "
Naik Turun Indeks Persepsi Korupsi Indonesia Selama 10 Tahun Era Jokowi,https://news.detik.com/berita/d-7577566/naik-turun-indeks-persepsi-korupsi-indonesia-selama-10-tahun-era-jokowi,"
Selasa, 08 Okt 2024 11:55 WIB "
4 Kabar Terkini Kasus Baru Firli Bahuri,https://news.detik.com/berita/d-7569544/4-kabar-terkini-kasus-baru-firli-bahuri,"
Kamis, 03 Okt 2024 07:54 WIB "
"Polda Metro Periksa 37 Saksi Kasus Baru Firli Bahuri, Termasuk Pegawai KPK",https://news.detik.com/berita/d-7568291/polda-metro-periksa-37-saksi-kasus-baru-firli-bahuri-termasuk-pegawai-kpk,"
Rabu, 02 Okt 2024 13:19 WIB "
MAKI Minta Polisi Percepat Kasus Alex Marwata: Pengalaman Menyidik Firli,https://news.detik.com/berita/d-7567794/maki-minta-polisi-percepat-kasus-alex-marwata-pengalaman-menyidik-firli,"
Rabu, 02 Okt 2024 07:52 WIB "
Kata Pengacara soal Firli Akan Diperiksa Polisi soal 2 Perkara Baru,https://news.detik.com/berita/d-7567770/kata-pengacara-soal-firli-akan-diperiksa-polisi-soal-2-perkara-baru,"
Rabu, 02 Okt 2024 07:13 WIB "
Polda Metro Bakal Periksa Firli Bahuri soal 2 Perkara Baru,https://news.detik.com/berita/d-7567277/polda-metro-bakal-periksa-firli-bahuri-soal-2-perkara-baru,"
Selasa, 01 Okt 2024 18:18 WIB "
Kontroversi Alexander Marwata KPK: Sebut OTT Hiburan hingga Dipolisikan,https://news.detik.com/berita/d-7560408/kontroversi-alexander-marwata-kpk-sebut-ott-hiburan-hingga-dipolisikan,"
Jumat, 27 Sep 2024 10:21 WIB "
IM57 Respons Review Jujur Nawawi: Kinerja KPK Saat Ini Nilainya 1 dari 10,https://news.detik.com/berita/d-7556755/im57-respons-review-jujur-nawawi-kinerja-kpk-saat-ini-nilainya-1-dari-10,"
Rabu, 25 Sep 2024 06:15 WIB "
Kasus Firli hingga Dugaan Korupsi di Lapas dari Kaca Mata Cadewas KPK,https://news.detik.com/berita/d-7550577/kasus-firli-hingga-dugaan-korupsi-di-lapas-dari-kaca-mata-cadewas-kpk,"
Jumat, 20 Sep 2024 21:47 WIB "
"Ditanya Pansel soal Firli, Cadewas KPK Iskandar Tegaskan Transparansi",https://news.detik.com/berita/d-7549249/ditanya-pansel-soal-firli-cadewas-kpk-iskandar-tegaskan-transparansi,"
Jumat, 20 Sep 2024 10:42 WIB "
Polda Metro Jaya Janji Tuntaskan 2 Perkara Firli Bahuri,https://news.detik.com/berita/d-7500894/polda-metro-jaya-janji-tuntaskan-2-perkara-firli-bahuri,"
Rabu, 21 Agu 2024 12:53 WIB "
Wanti-wanti ke Pansel Capim KPK Agar Tak Terulang Kasus Firli,https://news.detik.com/berita/d-7492359/wanti-wanti-ke-pansel-capim-kpk-agar-tak-terulang-kasus-firli,"
Jumat, 16 Agu 2024 06:06 WIB "
Polda Metro Jelaskan Perkembangan Terkini Kasus Firli Bahuri Peras SYL,https://news.detik.com/berita/d-7487480/polda-metro-jelaskan-perkembangan-terkini-kasus-firli-bahuri-peras-syl,"
Selasa, 13 Agu 2024 13:28 WIB "
Perkara Baru Jerat Firli Bahuri Naik ke Tahap Penyidikan!,https://news.detik.com/berita/d-7487350/perkara-baru-jerat-firli-bahuri-naik-ke-tahap-penyidikan,"
Selasa, 13 Agu 2024 12:21 WIB "
Respons Polisi soal Penarikan Paspor Firli Usai Pencekalan Diperpanjang,https://news.detik.com/berita/d-7443333/respons-polisi-soal-penarikan-paspor-firli-usai-pencekalan-diperpanjang,"
Rabu, 17 Jul 2024 14:50 WIB "
Imigrasi Tarik Paspor Firli Bahuri Usai Pencegahan ke LN Diperpanjang,https://news.detik.com/berita/d-7441258/imigrasi-tarik-paspor-firli-bahuri-usai-pencegahan-ke-ln-diperpanjang,"
Selasa, 16 Jul 2024 13:09 WIB "
"Ramai Video Firli Main Badminton, Pukat UGM: Lukai Keadilan Masyarakat",https://news.detik.com/berita/d-7429793/ramai-video-firli-main-badminton-pukat-ugm-lukai-keadilan-masyarakat,"
Selasa, 09 Jul 2024 11:15 WIB "
Ramai Video Firli Santai Main Badminton di Tengah Kasusnya Diusut Polisi,https://news.detik.com/berita/d-7428257/ramai-video-firli-santai-main-badminton-di-tengah-kasusnya-diusut-polisi,"
Senin, 08 Jul 2024 12:54 WIB "
Perkara Baru Bagi Firli Bahuri Meski Belum Diadili,https://news.detik.com/berita/d-7421887/perkara-baru-bagi-firli-bahuri-meski-belum-diadili,"
Kamis, 04 Jul 2024 06:01 WIB "
KPK Yakin Polda Metro Independen Proses Kasus Firli Bahuri,https://news.detik.com/berita/d-7421558/kpk-yakin-polda-metro-independen-proses-kasus-firli-bahuri,"
Rabu, 03 Jul 2024 19:29 WIB "
"Polisi Kebut Kasus Firli Bahuri Selain Pemerasan SYL, Segera Gelar Perkara",https://news.detik.com/berita/d-7420354/polisi-kebut-kasus-firli-bahuri-selain-pemerasan-syl-segera-gelar-perkara,"
Rabu, 03 Jul 2024 10:25 WIB "
"Firli Minta Hentikan, Polisi Jamin Tuntaskan",https://news.detik.com/berita/d-7418428/firli-minta-hentikan-polisi-jamin-tuntaskan,"
Selasa, 02 Jul 2024 06:50 WIB "
Jawaban Polisi Diminta Firli Setop Kasus Pemerasan SYL: Kita Tuntaskan!,https://news.detik.com/berita/d-7417299/jawaban-polisi-diminta-firli-setop-kasus-pemerasan-syl-kita-tuntaskan,"
Senin, 01 Jul 2024 13:53 WIB "
"Jawaban Tegas Polisi Kala Firli Bahuri Tepis Aliran Rp 1,3 M dari SYL",https://news.detik.com/berita/d-7416673/jawaban-tegas-polisi-kala-firli-bahuri-tepis-aliran-rp-1-3-m-dari-syl,"
Senin, 01 Jul 2024 07:40 WIB "
"Makin Lama Dicegah ke LN, Firli Kini Minta Kasus Pemerasan SYL Disetop",https://news.detik.com/berita/d-7416401/makin-lama-dicegah-ke-ln-firli-kini-minta-kasus-pemerasan-syl-disetop,"
Minggu, 30 Jun 2024 20:39 WIB "
"Firli Bahuri Tepis Aliran Rp 1,3 M dari SYL, Polda Metro Tegaskan Punya Bukti",https://news.detik.com/berita/d-7415658/firli-bahuri-tepis-aliran-rp-1-3-m-dari-syl-polda-metro-tegaskan-punya-bukti,"
Minggu, 30 Jun 2024 10:08 WIB "
"Penjelasan Jaksa KPK Tak Ada Pemberian Rp 1,3 M ke Firli di Tuntutan SYL",https://news.detik.com/berita/d-7414152/penjelasan-jaksa-kpk-tak-ada-pemberian-rp-1-3-m-ke-firli-di-tuntutan-syl,"
Jumat, 28 Jun 2024 22:01 WIB "
Ditjen Imigrasi Perpanjang Pencegahan ke Luar Negeri Firli Bahuri,https://news.detik.com/berita/d-7413974/ditjen-imigrasi-perpanjang-pencegahan-ke-luar-negeri-firli-bahuri,"
Jumat, 28 Jun 2024 19:58 WIB "
Seiya Sekata di Sidang dan Polda soal Duit Miliaran SYL ke Firli,https://news.detik.com/berita/d-7410667/seiya-sekata-di-sidang-dan-polda-soal-duit-miliaran-syl-ke-firli,"
Kamis, 27 Jun 2024 07:01 WIB "
"Kapolda Metro: Firli Mungkin Diperiksa Lagi Usai SYL Ngaku Serahkan Rp 1,3 M",https://news.detik.com/berita/d-7410105/kapolda-metro-firli-mungkin-diperiksa-lagi-usai-syl-ngaku-serahkan-rp-1-3-m,"
Rabu, 26 Jun 2024 17:47 WIB "
"Respons Kapolda Metro Jaya soal SYL Ngaku Serahkan Rp 1,3 M ke Firli",https://news.detik.com/berita/d-7409829/respons-kapolda-metro-jaya-soal-syl-ngaku-serahkan-rp-1-3-m-ke-firli,"
Rabu, 26 Jun 2024 16:14 WIB "
"Polda Metro: Pengakuan SYL soal Rp 1,3 M ke Firli Sudah Tercatat dalam BAP",https://news.detik.com/berita/d-7409778/polda-metro-pengakuan-syl-soal-rp-1-3-m-ke-firli-sudah-tercatat-dalam-bap,"
Rabu, 26 Jun 2024 15:56 WIB "
"Pendaftaran Capim KPK Dibuka, Pukat UGM Minta Pansel 'Tak Jatuh di Lubang Sama'",https://news.detik.com/berita/d-7409483/pendaftaran-capim-kpk-dibuka-pukat-ugm-minta-pansel-tak-jatuh-di-lubang-sama,"
Rabu, 26 Jun 2024 14:03 WIB "
"Dalih Persahabatan di Balik Rp 1,3 M SYL ke Firli Bahuri",https://news.detik.com/berita/d-7408938/dalih-persahabatan-di-balik-rp-1-3-m-syl-ke-firli-bahuri,"
Rabu, 26 Jun 2024 09:59 WIB "
Firli Menepis Aliran Duit SYL di GOR Bulu Tangkis,https://news.detik.com/berita/d-7408507/firli-menepis-aliran-duit-syl-di-gor-bulu-tangkis,"
Selasa, 25 Jun 2024 20:02 WIB "
"SYL Ngaku Beri Rp 1,3 M ke Firli, Polda Metro: Terdakwa dkk Telah Kami BAP",https://news.detik.com/berita/d-7407743/syl-ngaku-beri-rp-1-3-m-ke-firli-polda-metro-terdakwa-dkk-telah-kami-bap,"
Selasa, 25 Jun 2024 14:32 WIB "
"Firli Berkelit soal Rp 1,3 Miliar dari SYL: Bohong!",https://news.detik.com/berita/d-7407254/firli-berkelit-soal-rp-1-3-miliar-dari-syl-bohong,"
Selasa, 25 Jun 2024 11:15 WIB "
Ada Rp 500 Juta di Balik Foto Viral SYL-Firli di GOR Badminton,https://news.detik.com/berita/d-7407126/ada-rp-500-juta-di-balik-foto-viral-syl-firli-di-gor-badminton,"
Selasa, 25 Jun 2024 10:05 WIB "
SYL: Firli Bahuri Proaktif WA Saya,https://news.detik.com/berita/d-7406308/syl-firli-bahuri-proaktif-wa-saya,"
Senin, 24 Jun 2024 16:58 WIB "
"SYL Akui Beri Uang Rp 1,3 Miliar ke Firli Bahuri",https://news.detik.com/berita/d-7406287/syl-akui-beri-uang-rp-1-3-miliar-ke-firli-bahuri,"
Senin, 24 Jun 2024 16:51 WIB "
"Citra KPK Terendah di Survei Litbang Kompas, IM57 Singgung Efek Kasus Firli",https://news.detik.com/berita/d-7402600/citra-kpk-terendah-di-survei-litbang-kompas-im57-singgung-efek-kasus-firli,"
Sabtu, 22 Jun 2024 04:38 WIB "
Masa Cegah Firli Bahuri ke Luar Negeri Diperpanjang,https://news.detik.com/berita/d-7402580/masa-cegah-firli-bahuri-ke-luar-negeri-diperpanjang,"
Sabtu, 22 Jun 2024 00:18 WIB "
Alex Marwata: KPK Ditinggal Dukungan Publik karena Satu Sosok Pimpinan,https://news.detik.com/berita/d-7402341/alex-marwata-kpk-ditinggal-dukungan-publik-karena-satu-sosok-pimpinan,"
Jumat, 21 Jun 2024 20:14 WIB "
"Citra KPK Terbawah di Survei, ICW Singgung Efek Kasus Firli Bahuri",https://news.detik.com/berita/d-7401251/citra-kpk-terbawah-di-survei-icw-singgung-efek-kasus-firli-bahuri,"
Jumat, 21 Jun 2024 12:47 WIB "
Buka-bukaan di Sidang SYL soal Duit hingga 'Cawe-cawe' Pimpinan KPK,https://news.detik.com/berita/d-7398862/buka-bukaan-di-sidang-syl-soal-duit-hingga-cawe-cawe-pimpinan-kpk,"
Kamis, 20 Jun 2024 06:21 WIB "
Mengemuka Lagi Urusan Firli-SYL dan Duit Rp 800 Juta,https://news.detik.com/berita/d-7398702/mengemuka-lagi-urusan-firli-syl-dan-duit-rp-800-juta,"
Rabu, 19 Jun 2024 22:16 WIB "
Lika-liku Harun Masiku: Isu Jadi Marbut hingga Menyaru Jadi Guru,https://news.detik.com/berita/d-7397275/lika-liku-harun-masiku-isu-jadi-marbut-hingga-menyaru-jadi-guru,"
Rabu, 19 Jun 2024 11:19 WIB "
Eks Penyidik KPK Ungkap TWK Era Firli 'Gagalkan' Tangkap Harun Masiku,https://news.detik.com/berita/d-7393371/eks-penyidik-kpk-ungkap-twk-era-firli-gagalkan-tangkap-harun-masiku,"
Minggu, 16 Jun 2024 08:51 WIB "
Eks Penyidik KPK: Harun Masiku Pernah Nyamar Jadi Guru Bahasa Inggris,https://news.detik.com/berita/d-7393313/eks-penyidik-kpk-harun-masiku-pernah-nyamar-jadi-guru-bahasa-inggris,"
Minggu, 16 Jun 2024 06:51 WIB "
"Polisi Kembali Periksa SYL Terkait Dugaan Pemerasan Firli, Apa yang Digali?",https://news.detik.com/berita/d-7386750/polisi-kembali-periksa-syl-terkait-dugaan-pemerasan-firli-apa-yang-digali,"
Rabu, 12 Jun 2024 09:35 WIB "
Polda Metro Periksa SYL Lagi Terkait Dugaan Pemerasan Firli Bahuri,https://news.detik.com/berita/d-7383661/polda-metro-periksa-syl-lagi-terkait-dugaan-pemerasan-firli-bahuri,"
Senin, 10 Jun 2024 15:13 WIB "
"SYL Akan Diperiksa Polisi soal Pemerasan Firli Besok, Tapi Batal Gegara Sidang",https://news.detik.com/berita/d-7361475/syl-akan-diperiksa-polisi-soal-pemerasan-firli-besok-tapi-batal-gegara-sidang,"
Selasa, 28 Mei  2024 13:59 WIB "
Menyambut Pemerintahan Baru Tanpa Orang-Orang Toxic,https://news.detik.com/kolom/d-7341150/menyambut-pemerintahan-baru-tanpa-orang-orang-toxic,"
Rabu, 15 Mei  2024 13:42 WIB "
Pilah Pilih demi Berantas Korupsi Tak Pilih Kasih,https://news.detik.com/berita/d-7340903/pilah-pilih-demi-berantas-korupsi-tak-pilih-kasih,"
Rabu, 15 Mei  2024 11:56 WIB "
Permintaan Maaf Ketua KPK Nawawi Jika Internal Bikin Kegaduhan,https://news.detik.com/berita/d-7340483/permintaan-maaf-ketua-kpk-nawawi-jika-internal-bikin-kegaduhan,"
Rabu, 15 Mei  2024 07:30 WIB "
Polda Metro Tegaskan Kasus Firli Bahuri Masih Lanjut,https://news.detik.com/berita/d-7339877/polda-metro-tegaskan-kasus-firli-bahuri-masih-lanjut,"
Selasa, 14 Mei  2024 17:40 WIB "
"Ketua KPK: Jika Ada Kegaduhan dari Internal, Saya Minta Maaf",https://news.detik.com/berita/d-7339319/ketua-kpk-jika-ada-kegaduhan-dari-internal-saya-minta-maaf,"
Selasa, 14 Mei  2024 13:54 WIB "
Bos Indikator Harap Jokowi Pilih Pansel Capim Berintegritas demi Benahi KPK,https://news.detik.com/berita/d-7336181/bos-indikator-harap-jokowi-pilih-pansel-capim-berintegritas-demi-benahi-kpk,"
Minggu, 12 Mei  2024 16:46 WIB "
"MAKI soal Pansel Capim KPK: Harus Berkapasitas, Jangan Ada Titip-titipan",https://news.detik.com/berita/d-7332051/maki-soal-pansel-capim-kpk-harus-berkapasitas-jangan-ada-titip-titipan,"
Kamis, 09 Mei  2024 09:00 WIB "
Jokowi Godok 9 Nama Calon Anggota Pansel Capim KPK,https://news.detik.com/berita/d-7332006/jokowi-godok-9-nama-calon-anggota-pansel-capim-kpk,"
Kamis, 09 Mei  2024 08:33 WIB "
Menanti Sosok Pansel Capim KPK Pilihan Jokowi,https://news.detik.com/berita/d-7331939/menanti-sosok-pansel-capim-kpk-pilihan-jokowi,"
Kamis, 09 Mei  2024 06:34 WIB "
Koalisi Masyarakat Sipil Minta Jokowi Lihat Rekam Jejak Pansel Capim KPK,https://news.detik.com/berita/d-7331195/koalisi-masyarakat-sipil-minta-jokowi-lihat-rekam-jejak-pansel-capim-kpk,"
Rabu, 08 Mei  2024 16:39 WIB "
Istana: Pembentukan Pansel Capim KPK Diumumkan Bulan Ini,https://news.detik.com/berita/d-7330414/istana-pembentukan-pansel-capim-kpk-diumumkan-bulan-ini,"
Rabu, 08 Mei  2024 11:11 WIB "
"Jabatan Pimpinan dan Dewas KPK Habis Tahun Ini, Kapan Pansel Dibentuk?",https://news.detik.com/berita/d-7327697/jabatan-pimpinan-dan-dewas-kpk-habis-tahun-ini-kapan-pansel-dibentuk,"
Senin, 06 Mei  2024 17:54 WIB "
Pukat UGM: Nurul Ghufron Lebih Banyak Berpolemik daripada Berantas Korupsi,https://news.detik.com/berita/d-7311277/pukat-ugm-nurul-ghufron-lebih-banyak-berpolemik-daripada-berantas-korupsi,"
Jumat, 26 Apr 2024 08:13 WIB "
"Konflik Pimpinan KPK dan Dewas, MAKI Sarankan Nawawi Lakukan Koordinasi",https://news.detik.com/berita/d-7311207/konflik-pimpinan-kpk-dan-dewas-maki-sarankan-nawawi-lakukan-koordinasi,"
Jumat, 26 Apr 2024 06:15 WIB "
Urutan Konflik Pimpinan KPK dan Dewas: Nurul Ghufron Vs Albertina Ho,https://news.detik.com/berita/d-7309870/urutan-konflik-pimpinan-kpk-dan-dewas-nurul-ghufron-vs-albertina-ho,"
Kamis, 25 Apr 2024 12:47 WIB "
Pukat UGM Sebut Kesaksian Persidangan SYL Perkuat Sangkaan Polda ke Firli,https://news.detik.com/berita/d-7301317/pukat-ugm-sebut-kesaksian-persidangan-syl-perkuat-sangkaan-polda-ke-firli,"
Sabtu, 20 Apr 2024 08:16 WIB "
"Heboh Firli Minta Rp 50 M ke SYL, YLBHI Dorong Polisi Lakukan Penahanan",https://news.detik.com/berita/d-7301279/heboh-firli-minta-rp-50-m-ke-syl-ylbhi-dorong-polisi-lakukan-penahanan,"
Sabtu, 20 Apr 2024 05:48 WIB "
Janji Polisi Tuntaskan Perkara Usai Peran Firli Terungkap di Sidang SYL,https://news.detik.com/berita/d-7301218/janji-polisi-tuntaskan-perkara-usai-peran-firli-terungkap-di-sidang-syl,"
Jumat, 19 Apr 2024 23:20 WIB "
"Peran Firli Mulai Muncul di Sidang SYL, Apa Kabar Berkasnya?",https://news.detik.com/berita/d-7300093/peran-firli-mulai-muncul-di-sidang-syl-apa-kabar-berkasnya,"
Jumat, 19 Apr 2024 14:13 WIB "
Benang Merah Peran Firli di Kasus SYL dari Kesaksian di Sidang,https://news.detik.com/berita/d-7299146/benang-merah-peran-firli-di-kasus-syl-dari-kesaksian-di-sidang,"
Kamis, 18 Apr 2024 21:18 WIB "
ICW Nilai Kesaksian Eks Ajudan SYL Jadi Modal Polisi Tuntaskan Kasus Firli,https://news.detik.com/berita/d-7298883/icw-nilai-kesaksian-eks-ajudan-syl-jadi-modal-polisi-tuntaskan-kasus-firli,"
Kamis, 18 Apr 2024 18:18 WIB "
Paniknya SYL Saat Rumah Dinas Digeledah KPK sampai Chat Firli Bahuri,https://news.detik.com/berita/d-7298360/paniknya-syl-saat-rumah-dinas-digeledah-kpk-sampai-chat-firli-bahuri,"
Kamis, 18 Apr 2024 14:42 WIB "
Misteri Chat Firli ke SYL hingga Obrolan Rahasia Minta Rp 50 Miliar,https://news.detik.com/berita/d-7298023/misteri-chat-firli-ke-syl-hingga-obrolan-rahasia-minta-rp-50-miliar,"
Kamis, 18 Apr 2024 12:06 WIB "
Mengemuka soal Firli Minta Duit Miliaran dari Kesaksian di Sidang SYL,https://news.detik.com/berita/d-7297629/mengemuka-soal-firli-minta-duit-miliaran-dari-kesaksian-di-sidang-syl,"
Kamis, 18 Apr 2024 08:00 WIB "
Eks Ajudan Ungkap Firli Bahuri Pernah Minta Rp 50 M ke Syahrul Yasin Limpo,https://news.detik.com/berita/d-7296522/eks-ajudan-ungkap-firli-bahuri-pernah-minta-rp-50-m-ke-syahrul-yasin-limpo,"
Rabu, 17 Apr 2024 14:38 WIB "
"Selain di GOR Bulutangkis, SYL Pernah Temui Firli di Rumah Bekasi",https://news.detik.com/berita/d-7296379/selain-di-gor-bulutangkis-syl-pernah-temui-firli-di-rumah-bekasi,"
Rabu, 17 Apr 2024 13:45 WIB "
Eks Ajudan SYL Ungkap Perintah Serahkan Tas Berisi Dolar ke Ajudan Firli,https://news.detik.com/berita/d-7296300/eks-ajudan-syl-ungkap-perintah-serahkan-tas-berisi-dolar-ke-ajudan-firli,"
Rabu, 17 Apr 2024 13:16 WIB "
"Kesaksian Ajudan soal Chat WA SYL Dibalas Firli, tapi Langsung Dihapus",https://news.detik.com/berita/d-7296230/kesaksian-ajudan-soal-chat-wa-syl-dibalas-firli-tapi-langsung-dihapus,"
Rabu, 17 Apr 2024 12:39 WIB "
ICW Minta KPK Tak Tutup-tutupi Kasus Jaksa Peras Saksi Rp 3 M,https://news.detik.com/berita/d-7268872/icw-minta-kpk-tak-tutup-tutupi-kasus-jaksa-peras-saksi-rp-3-m,"
Sabtu, 30 Mar 2024 08:17 WIB "
Dalih SYL Jadi Tersangka karena Firli Dimentahkan Hakim,https://news.detik.com/berita/d-7265442/dalih-syl-jadi-tersangka-karena-firli-dimentahkan-hakim,"
Kamis, 28 Mar 2024 04:02 WIB "
Hakim Tak Terima Dalih Eksepsi SYL soal Jadi Tersangka gegara Firli Bahuri,https://news.detik.com/berita/d-7264282/hakim-tak-terima-dalih-eksepsi-syl-soal-jadi-tersangka-gegara-firli-bahuri,"
Rabu, 27 Mar 2024 14:06 WIB "
Boyamin Janji Bubarkan MAKI Jika Gugatan Penahanan Firli Bahuri Dikabulkan,https://news.detik.com/berita/d-7263686/boyamin-janji-bubarkan-maki-jika-gugatan-penahanan-firli-bahuri-dikabulkan,"
Rabu, 27 Mar 2024 09:41 WIB "
Kapolda Metro Respons Desakan Firli Segera Ditahan di Kasus Pemerasan,https://news.detik.com/berita/d-7256597/kapolda-metro-respons-desakan-firli-segera-ditahan-di-kasus-pemerasan,"
Jumat, 22 Mar 2024 19:29 WIB "
Kapolda Metro Sebut Kasus Firli Tinggal Fase Akhir: Saya Akan Tuntaskan,https://news.detik.com/berita/d-7256556/kapolda-metro-sebut-kasus-firli-tinggal-fase-akhir-saya-akan-tuntaskan,"
Jumat, 22 Mar 2024 19:08 WIB "
'Korupsi Sistemik' Disorot Usai Firli hingga Karutan KPK Terjerat Kasus,https://news.detik.com/berita/d-7247017/korupsi-sistemik-disorot-usai-firli-hingga-karutan-kpk-terjerat-kasus,"
Senin, 18 Mar 2024 06:39 WIB "
Sidang Praperadilan MAKI soal Penahanan Firli Ditunda,https://news.detik.com/berita/d-7239354/sidang-praperadilan-maki-soal-penahanan-firli-ditunda,"
Rabu, 13 Mar 2024 14:36 WIB "
"Muncul Desakan Tahan Firli, Lemkapi: Percayakan ke Penyidik, Mereka Independen",https://news.detik.com/berita/d-7227804/muncul-desakan-tahan-firli-lemkapi-percayakan-ke-penyidik-mereka-independen,"
Rabu, 06 Mar 2024 12:23 WIB "
Respons Kapolri soal Desakan Firli Bahuri Segera Ditahan,https://news.detik.com/berita/d-7225381/respons-kapolri-soal-desakan-firli-bahuri-segera-ditahan,"
Senin, 04 Mar 2024 22:25 WIB "
"MAKI Gugat Praperadilan Minta Firli Ditahan, Polri Yakin Bekerja Prosedural",https://news.detik.com/berita/d-7224754/maki-gugat-praperadilan-minta-firli-ditahan-polri-yakin-bekerja-prosedural,"
Senin, 04 Mar 2024 16:59 WIB "
Desakan agar Firli Segera Ditahan Biar Tak Berkeliaran,https://news.detik.com/berita/d-7220940/desakan-agar-firli-segera-ditahan-biar-tak-berkeliaran,"
Jumat, 01 Mar 2024 20:53 WIB "
Para Eks Pimpinan KPK Minta Firli Ditahan: Jangan Dibiarin Berkeliaran,https://news.detik.com/berita/d-7219814/para-eks-pimpinan-kpk-minta-firli-ditahan-jangan-dibiarin-berkeliaran,"
Jumat, 01 Mar 2024 13:02 WIB "
"Kompolnas: Firli Bahuri Patut Ditahan, Apa Lagi yang Ditunggu?",https://news.detik.com/berita/d-7217904/kompolnas-firli-bahuri-patut-ditahan-apa-lagi-yang-ditunggu,"
Kamis, 29 Feb 2024 13:06 WIB "
Pengacara Jelaskan Alasan Firli Bahuri Absen Pemeriksaan di Bareskrim,https://news.detik.com/berita/d-7216501/pengacara-jelaskan-alasan-firli-bahuri-absen-pemeriksaan-di-bareskrim,"
Rabu, 28 Feb 2024 16:25 WIB "
Absennya Firli Diperiksa Polisi usai Desakan Ditahan Mengemuka,https://news.detik.com/berita/d-7213511/absennya-firli-diperiksa-polisi-usai-desakan-ditahan-mengemuka,"
Selasa, 27 Feb 2024 06:30 WIB "
Polisi: Firli Bahuri Tak Hadiri Pemeriksaan di Bareskrim,https://news.detik.com/berita/d-7212580/polisi-firli-bahuri-tak-hadiri-pemeriksaan-di-bareskrim,"
Senin, 26 Feb 2024 15:19 WIB "
"Pengacara Bilang Firli Sudah Hadir Pemeriksaan Hari Ini, Polisi Bantah",https://news.detik.com/berita/d-7212136/pengacara-bilang-firli-sudah-hadir-pemeriksaan-hari-ini-polisi-bantah,"
Senin, 26 Feb 2024 12:26 WIB "
Diam-diam Firli Bahuri Penuhi Panggilan Pemeriksaan Kasus Pemerasan SYL,https://news.detik.com/berita/d-7211914/diam-diam-firli-bahuri-penuhi-panggilan-pemeriksaan-kasus-pemerasan-syl,"
Senin, 26 Feb 2024 10:41 WIB "
Polri Tunggu Firli Bahuri Untuk Diperiksa di Kasus Pemerasan SYL Hari Ini,https://news.detik.com/berita/d-7211754/polri-tunggu-firli-bahuri-untuk-diperiksa-di-kasus-pemerasan-syl-hari-ini,"
Senin, 26 Feb 2024 08:27 WIB "
Eks Penyidik KPK Jelaskan 4 Alasan Firli Harus Ditahan di Kasus SYL,https://news.detik.com/berita/d-7211719/eks-penyidik-kpk-jelaskan-4-alasan-firli-harus-ditahan-di-kasus-syl,"
Senin, 26 Feb 2024 07:49 WIB "
MAKI Desak Firli Ditahan di Kasus SYL: Unsur Objektif-Subjektif Terpenuhi,https://news.detik.com/berita/d-7211703/maki-desak-firli-ditahan-di-kasus-syl-unsur-objektif-subjektif-terpenuhi,"
Senin, 26 Feb 2024 07:11 WIB "
Firli Kembali Diperiksa sebagai Tersangka Hari Ini di Kasus Pemerasan SYL,https://news.detik.com/berita/d-7211696/firli-kembali-diperiksa-sebagai-tersangka-hari-ini-di-kasus-pemerasan-syl,"
Senin, 26 Feb 2024 06:48 WIB "
"Firli Bakal Diperiksa Lagi, Berakhir Ditahan Atau Melenggang Lagi?",https://news.detik.com/berita/d-7210562/firli-bakal-diperiksa-lagi-berakhir-ditahan-atau-melenggang-lagi,"
Minggu, 25 Feb 2024 07:17 WIB "
Firli Bakal Diperiksa Lagi saat Kasus Tak Kunjung Diadili,https://news.detik.com/berita/d-7209494/firli-bakal-diperiksa-lagi-saat-kasus-tak-kunjung-diadili,"
Sabtu, 24 Feb 2024 11:27 WIB "
Polisi Bakal Periksa Kembali Firli Terkait Kasus Pemerasan SYL Pekan Depan,https://news.detik.com/berita/d-7207771/polisi-bakal-periksa-kembali-firli-terkait-kasus-pemerasan-syl-pekan-depan,"
Jumat, 23 Feb 2024 11:33 WIB "
ICW Dorong Dadan Tri Lapor Dewas soal Pemerasan oleh 'Oknum' KPK,https://news.detik.com/berita/d-7205486/icw-dorong-dadan-tri-lapor-dewas-soal-pemerasan-oleh-oknum-kpk,"
Kamis, 22 Feb 2024 06:19 WIB "
Polisi Jelaskan Progres Terkini Kasus Dugaan Firli Bahuri Peras SYL,https://news.detik.com/berita/d-7204505/polisi-jelaskan-progres-terkini-kasus-dugaan-firli-bahuri-peras-syl,"
Rabu, 21 Feb 2024 15:09 WIB "
"Lengkapi Berkas Pemerasan Firli, Polisi Periksa SYL dan 2 Anak Buahnya",https://news.detik.com/berita/d-7195213/lengkapi-berkas-pemerasan-firli-polisi-periksa-syl-dan-2-anak-buahnya,"
Kamis, 15 Feb 2024 15:47 WIB "
Polisi Bakal Periksa Lagi SYL di Kasus Pemerasan Usai Pencoblosan,https://news.detik.com/berita/d-7190813/polisi-bakal-periksa-lagi-syl-di-kasus-pemerasan-usai-pencoblosan,"
Selasa, 13 Feb 2024 15:00 WIB "
"Bolak-balik Berkas Perkara Firli, Kapan Diadili?",https://news.detik.com/berita/d-7179300/bolak-balik-berkas-perkara-firli-kapan-diadili,"
Selasa, 06 Feb 2024 06:32 WIB "
"Berkas Kasus Firli Dikembalikan Lagi oleh Jaksa, Polda Metro Siap Lengkapi",https://news.detik.com/berita/d-7175969/berkas-kasus-firli-dikembalikan-lagi-oleh-jaksa-polda-metro-siap-lengkapi,"
Minggu, 04 Feb 2024 10:04 WIB "
Jaksa Kembalikan Lagi Berkas Perkara Firli Diduga Peras SYL ke Polisi,https://news.detik.com/berita/d-7174679/jaksa-kembalikan-lagi-berkas-perkara-firli-diduga-peras-syl-ke-polisi,"
Sabtu, 03 Feb 2024 08:59 WIB "
"Kapolda Sebut Kasus Firli Tunggu Tanggal Main, Pukat UGM Desak Penahanan",https://news.detik.com/berita/d-7174659/kapolda-sebut-kasus-firli-tunggu-tanggal-main-pukat-ugm-desak-penahanan,"
Sabtu, 03 Feb 2024 08:45 WIB "
MAKI Ancam Gugat Kapolda-Kajati Jika Berkas Kasus Firli Tak Kunjung P21,https://news.detik.com/berita/d-7174609/maki-ancam-gugat-kapolda-kajati-jika-berkas-kasus-firli-tak-kunjung-p21,"
Sabtu, 03 Feb 2024 07:20 WIB "
Perkara Firli Tinggal Tunggu Tanggal Mainnya,https://news.detik.com/berita/d-7172773/perkara-firli-tinggal-tunggu-tanggal-mainnya,"
Jumat, 02 Feb 2024 07:01 WIB "
Kapolda Metro soal Nasib Kasus Firli: Tunggu Aja Tanggal Mainnya,https://news.detik.com/berita/d-7171203/kapolda-metro-soal-nasib-kasus-firli-tunggu-aja-tanggal-mainnya,"
Kamis, 01 Feb 2024 10:50 WIB "
MAKI Bersyukur Indeks Korupsi RI Stagnan: Tertolong Kasus Firli Bahuri,https://news.detik.com/berita/d-7169068/maki-bersyukur-indeks-korupsi-ri-stagnan-tertolong-kasus-firli-bahuri,"
Rabu, 31 Jan 2024 07:33 WIB "
"Praperadilan Firli Bahuri Resmi Dicabut, Pengacara: Untuk Penyempurnaan Berkas",https://news.detik.com/berita/d-7167652/praperadilan-firli-bahuri-resmi-dicabut-pengacara-untuk-penyempurnaan-berkas,"
Selasa, 30 Jan 2024 12:13 WIB "
Hakim PN Jaksel Kabulkan Pencabutan Gugatan Praperadilan Firli Bahuri,https://news.detik.com/berita/d-7167494/hakim-pn-jaksel-kabulkan-pencabutan-gugatan-praperadilan-firli-bahuri,"
Selasa, 30 Jan 2024 11:00 WIB "
"Diperiksa 1 Jam, SYL Dicecar Polisi soal Kasus Pemerasan Firli",https://news.detik.com/berita/d-7166537/diperiksa-1-jam-syl-dicecar-polisi-soal-kasus-pemerasan-firli,"
Senin, 29 Jan 2024 16:49 WIB "
"Pakai Rompi Tahanan KPK, SYL Tiba di Polda Metro untuk Diperiksa",https://news.detik.com/berita/d-7166005/pakai-rompi-tahanan-kpk-syl-tiba-di-polda-metro-untuk-diperiksa,"
Senin, 29 Jan 2024 13:47 WIB "
Pengacara: SYL Diperiksa di Polda Metro Hari Ini,https://news.detik.com/berita/d-7165976/pengacara-syl-diperiksa-di-polda-metro-hari-ini,"
Senin, 29 Jan 2024 13:23 WIB "
PN Jaksel Bacakan Pencabutan Praperadilan Firli Besok,https://news.detik.com/berita/d-7165960/pn-jaksel-bacakan-pencabutan-praperadilan-firli-besok,"
Senin, 29 Jan 2024 13:11 WIB "
"Jejak Praperadilan Firli Bahuri: Tak Diterima, Ajukan Lagi, Kini Dicabut",https://news.detik.com/berita/d-7162909/jejak-praperadilan-firli-bahuri-tak-diterima-ajukan-lagi-kini-dicabut,"
Sabtu, 27 Jan 2024 06:29 WIB "
PN Jaksel Belum Terima Surat Pencabutan Gugatan Praperadilan Firl Bahuri,https://news.detik.com/berita/d-7162537/pn-jaksel-belum-terima-surat-pencabutan-gugatan-praperadilan-firl-bahuri,"
Jumat, 26 Jan 2024 19:43 WIB "
Ini Alasan Firli Cabut Gugatan Praperadilan Status Tersangka Pemerasan SYL,https://news.detik.com/berita/d-7162271/ini-alasan-firli-cabut-gugatan-praperadilan-status-tersangka-pemerasan-syl,"
Jumat, 26 Jan 2024 17:36 WIB "
Firli Bahuri Cabut Gugatan Praperadilan Tersangka Kasus Pemerasan SYL,https://news.detik.com/berita/d-7161964/firli-bahuri-cabut-gugatan-praperadilan-tersangka-kasus-pemerasan-syl,"
Jumat, 26 Jan 2024 15:48 WIB "
Pakar Hukum Soroti Sikap Firli Kembali Ajukan Gugatan Praperadilan,https://news.detik.com/berita/d-7159134/pakar-hukum-soroti-sikap-firli-kembali-ajukan-gugatan-praperadilan,"
Kamis, 25 Jan 2024 01:02 WIB "
"Polisi Kirim Lagi Berkas Kasus Firli ke Jaksa, Diangkut Pakai 2 Koper",https://news.detik.com/berita/d-7158231/polisi-kirim-lagi-berkas-kasus-firli-ke-jaksa-diangkut-pakai-2-koper,"
Rabu, 24 Jan 2024 14:57 WIB "
Ini Alasan Firli Kembali Ajukan Praperadilan Usai Jadi Tersangka Pemerasan SYL,https://news.detik.com/berita/d-7158224/ini-alasan-firli-kembali-ajukan-praperadilan-usai-jadi-tersangka-pemerasan-syl,"
Rabu, 24 Jan 2024 14:41 WIB "
"Firli Kembali Ajukan Praperadilan, MAKI Desak Polisi Segera Tahan",https://news.detik.com/berita/d-7157470/firli-kembali-ajukan-praperadilan-maki-desak-polisi-segera-tahan,"
Rabu, 24 Jan 2024 08:40 WIB "
Firli Melawan Status Tersangka Lagi,https://news.detik.com/berita/d-7157118/firli-melawan-status-tersangka-lagi,"
Selasa, 23 Jan 2024 20:32 WIB "
Pihak SYL soal Firli Praperadilan Lagi: Dia Cari Kambing Hitam,https://news.detik.com/berita/d-7156980/pihak-syl-soal-firli-praperadilan-lagi-dia-cari-kambing-hitam,"
Selasa, 23 Jan 2024 19:06 WIB "
Survei Indikator: Mayoritas Responden Puas Kinerja Polisi Usut Kasus Firli,https://news.detik.com/berita/d-7156381/survei-indikator-mayoritas-responden-puas-kinerja-polisi-usut-kasus-firli,"
Selasa, 23 Jan 2024 15:00 WIB "
Polda Metro Siap Hadapi Gugatan Praperadilan Firli Bahuri,https://news.detik.com/berita/d-7155664/polda-metro-siap-hadapi-gugatan-praperadilan-firli-bahuri,"
Selasa, 23 Jan 2024 09:27 WIB "
Eks Ketua KPK Firli Bahuri Ajukan Praperadilan Lagi!,https://news.detik.com/berita/d-7155561/eks-ketua-kpk-firli-bahuri-ajukan-praperadilan-lagi,"
Selasa, 23 Jan 2024 07:11 WIB "
Nama Pengganti Firli di KPK Masih Proses Konfirmasi Jokowi,https://news.detik.com/berita/d-7155291/nama-pengganti-firli-di-kpk-masih-proses-konfirmasi-jokowi,"
Senin, 22 Jan 2024 20:33 WIB "
Polisi Masih Dalami Laporan soal Firli Bawa Dokumen KPK ke Praperadilan,https://news.detik.com/berita/d-7155098/polisi-masih-dalami-laporan-soal-firli-bawa-dokumen-kpk-ke-praperadilan,"
Senin, 22 Jan 2024 18:36 WIB "
"Jokowi Belum Ajukan Nama Pengganti Firli ke DPR, Istana: Proses Konfirmasi",https://news.detik.com/berita/d-7154519/jokowi-belum-ajukan-nama-pengganti-firli-ke-dpr-istana-proses-konfirmasi,"
Senin, 22 Jan 2024 15:06 WIB "
"Diperiksa 3 Jam, Firli Bahuri Dicecar 13 Pertanyaan soal Pemerasan SYL",https://news.detik.com/berita/d-7149680/diperiksa-3-jam-firli-bahuri-dicecar-13-pertanyaan-soal-pemerasan-syl,"
Jumat, 19 Jan 2024 13:26 WIB "
Firli Belum Ditahan Usai 3 Jam Diperiksa Sebagai Tersangka Kasus Peras SYL,https://news.detik.com/berita/d-7149661/firli-belum-ditahan-usai-3-jam-diperiksa-sebagai-tersangka-kasus-peras-syl,"
Jumat, 19 Jan 2024 13:11 WIB "
"Firli Tiba di Bareskrim, Penuhi Panggilan Pemeriksaan Dugaan Pemerasan SYL",https://news.detik.com/berita/d-7149279/firli-tiba-di-bareskrim-penuhi-panggilan-pemeriksaan-dugaan-pemerasan-syl,"
Jumat, 19 Jan 2024 09:00 WIB "
Polisi Kembali Periksa Firli Bahuri di Kasus Pemerasan SYL Hari Ini,https://news.detik.com/berita/d-7149265/polisi-kembali-periksa-firli-bahuri-di-kasus-pemerasan-syl-hari-ini,"
Jumat, 19 Jan 2024 08:54 WIB "
KPK Serahkan Pengganti Firli ke Jokowi dan DPR,https://news.detik.com/berita/d-7145185/kpk-serahkan-pengganti-firli-ke-jokowi-dan-dpr,"
Selasa, 16 Jan 2024 21:22 WIB "
Kapolda Respons Yusril Ihza Minta Kasus Firli Bahuri Peras SYL Disetop,https://news.detik.com/berita/d-7144090/kapolda-respons-yusril-ihza-minta-kasus-firli-bahuri-peras-syl-disetop,"
Selasa, 16 Jan 2024 12:58 WIB "
"Pengacara Klaim SYL Sudah Diperiksa Dugaan TPPU Firli, Ini Kata Polda Metro",https://news.detik.com/berita/d-7143915/pengacara-klaim-syl-sudah-diperiksa-dugaan-tppu-firli-ini-kata-polda-metro,"
Selasa, 16 Jan 2024 11:46 WIB "
Firli Bakal Diperiksa Lagi di Kasus Pemerasan SYL Jumat 19 Januari,https://news.detik.com/berita/d-7143854/firli-bakal-diperiksa-lagi-di-kasus-pemerasan-syl-jumat-19-januari,"
Selasa, 16 Jan 2024 11:11 WIB "
Anggota Komisi III DPR Perkuat Usul Pengganti Firli Ditentukan Lewat Pansel,https://news.detik.com/berita/d-7143671/anggota-komisi-iii-dpr-perkuat-usul-pengganti-firli-ditentukan-lewat-pansel,"
Selasa, 16 Jan 2024 09:20 WIB "
"Dewas Bantah Lamban Tangani Etik di KPK, Bandingkan Kasus Firli di Polda",https://news.detik.com/berita/d-7143270/dewas-bantah-lamban-tangani-etik-di-kpk-bandingkan-kasus-firli-di-polda,"
Senin, 15 Jan 2024 20:39 WIB "
"Usai Diperiksa, Yusril Sebut Foto Firli-SYL Tak Bisa Jadi Bukti Pemerasan",https://news.detik.com/berita/d-7142691/usai-diperiksa-yusril-sebut-foto-firli-syl-tak-bisa-jadi-bukti-pemerasan,"
Senin, 15 Jan 2024 15:58 WIB "
Yusril Beberkan Alasan Bersedia Jadi Saksi Meringankan Firli Bahuri,https://news.detik.com/berita/d-7142107/yusril-beberkan-alasan-bersedia-jadi-saksi-meringankan-firli-bahuri,"
Senin, 15 Jan 2024 12:03 WIB "
"Yusril ke Bareskrim, Bawa Keterangan Tertulis Kesaksiannya soal Firli",https://news.detik.com/berita/d-7141898/yusril-ke-bareskrim-bawa-keterangan-tertulis-kesaksiannya-soal-firli,"
Senin, 15 Jan 2024 10:52 WIB "
"Tiba di Polda Metro, Yusril Diperiksa Jadi Saksi Meringankan Firli",https://news.detik.com/berita/d-7141810/tiba-di-polda-metro-yusril-diperiksa-jadi-saksi-meringankan-firli,"
Senin, 15 Jan 2024 10:11 WIB "
ICW Usul Jokowi Hanya Kirim Nama Calon Tunggal Pengganti Firli ke DPR,https://news.detik.com/berita/d-7141758/icw-usul-jokowi-hanya-kirim-nama-calon-tunggal-pengganti-firli-ke-dpr,"
Senin, 15 Jan 2024 09:35 WIB "
Yusril Bakal Diperiksa Jadi Saksi Meringankan Firli di Kasus SYL Hari Ini,https://news.detik.com/berita/d-7141603/yusril-bakal-diperiksa-jadi-saksi-meringankan-firli-di-kasus-syl-hari-ini,"
Senin, 15 Jan 2024 07:09 WIB "
Pengacara Klaim SYL Telah Diperiksa Terkait Dugaan TPPU Firli Bahuri,https://news.detik.com/berita/d-7138502/pengacara-klaim-syl-telah-diperiksa-terkait-dugaan-tppu-firli-bahuri,"
Jumat, 12 Jan 2024 17:42 WIB "
"2 Jam Diperiksa soal Pemerasan oleh Firli, SYL: Saya Kooperatif",https://news.detik.com/berita/d-7138298/2-jam-diperiksa-soal-pemerasan-oleh-firli-syl-saya-kooperatif,"
Jumat, 12 Jan 2024 16:27 WIB "
Pengacara SYL soal Firli Bahuri Belum Ditahan: Penyidik Tahu Kebutuhan,https://news.detik.com/berita/d-7138114/pengacara-syl-soal-firli-bahuri-belum-ditahan-penyidik-tahu-kebutuhan,"
Jumat, 12 Jan 2024 15:23 WIB "
"SYL Tiba di Bareskrim, Kembali Diperiksa soal Kasus Pemerasan oleh Firli",https://news.detik.com/berita/d-7137970/syl-tiba-di-bareskrim-kembali-diperiksa-soal-kasus-pemerasan-oleh-firli,"
Jumat, 12 Jan 2024 14:29 WIB "
Polisi Juga Periksa Eks Ajudan-Walpri Firli di Kasus Pemerasan SYL Hari Ini,https://news.detik.com/berita/d-7137914/polisi-juga-periksa-eks-ajudan-walpri-firli-di-kasus-pemerasan-syl-hari-ini,"
Jumat, 12 Jan 2024 14:03 WIB "
"93 Pegawai KPK Terlibat Pungli Rutan, Eks Penyidik: Ikan Busuk dari Kepala",https://news.detik.com/berita/d-7137661/93-pegawai-kpk-terlibat-pungli-rutan-eks-penyidik-ikan-busuk-dari-kepala,"
Jumat, 12 Jan 2024 11:35 WIB "
SYL Bakal Diperiksa Lagi Terkait Dugaan Diperas Firli Bahuri Hari Ini,https://news.detik.com/berita/d-7137614/syl-bakal-diperiksa-lagi-terkait-dugaan-diperas-firli-bahuri-hari-ini,"
Jumat, 12 Jan 2024 11:10 WIB "
Pengacara: SYL Dikonfrontir dengan 7 Orang Soal Kasus Pemerasan,https://news.detik.com/berita/d-7137190/pengacara-syl-dikonfrontir-dengan-7-orang-soal-kasus-pemerasan,"
Jumat, 12 Jan 2024 00:22 WIB "
"13 Jam Diperiksa soal Pemerasan, SYL Nyatakan Sudah Beri Semua Jawaban",https://news.detik.com/berita/d-7137181/13-jam-diperiksa-soal-pemerasan-syl-nyatakan-sudah-beri-semua-jawaban,"
Kamis, 11 Jan 2024 23:44 WIB "
"93 Pegawai Terlibat Pungli Rutan, IM57+: Restart KPK!",https://news.detik.com/berita/d-7136982/93-pegawai-terlibat-pungli-rutan-im57-restart-kpk,"
Kamis, 11 Jan 2024 20:22 WIB "
OTT Bupati Labuhanbatu Jadi OTT Pertama KPK pada 2024,https://news.detik.com/berita/d-7136809/ott-bupati-labuhanbatu-jadi-ott-pertama-kpk-pada-2024,"
Kamis, 11 Jan 2024 18:40 WIB "
"SYL Tiba di Bareskrim, Diperiksa soal Kasus Pemerasan Firli Bahuri",https://news.detik.com/berita/d-7135664/syl-tiba-di-bareskrim-diperiksa-soal-kasus-pemerasan-firli-bahuri,"
Kamis, 11 Jan 2024 10:49 WIB "
Polisi Panggil Eks Anak Buah SYL dan Irwan Anwar Jadi Saksi Kasus Firli,https://news.detik.com/berita/d-7135508/polisi-panggil-eks-anak-buah-syl-dan-irwan-anwar-jadi-saksi-kasus-firli,"
Kamis, 11 Jan 2024 09:24 WIB "
SYL Kembali Diperiksa di Bareskrim Hari Ini Terkait Kasus Pemerasan,https://news.detik.com/berita/d-7135467/syl-kembali-diperiksa-di-bareskrim-hari-ini-terkait-kasus-pemerasan,"
Kamis, 11 Jan 2024 08:49 WIB "
SYL Kembali Diperiksa Dewas Terkait Dugaan Pelanggaran Etik Pimpinan KPK,https://news.detik.com/berita/d-7134992/syl-kembali-diperiksa-dewas-terkait-dugaan-pelanggaran-etik-pimpinan-kpk,"
Rabu, 10 Jan 2024 19:31 WIB "
"Dikembalikan Jaksa, Berkas Perkara Firli Peras SYL Masih Dilengkapi Polisi",https://news.detik.com/berita/d-7134954/dikembalikan-jaksa-berkas-perkara-firli-peras-syl-masih-dilengkapi-polisi,"
Rabu, 10 Jan 2024 19:03 WIB "
KPK Dalami Proyek Pengadaan Pupuk di Kementan Terkait Kasus SYL,https://news.detik.com/berita/d-7132130/kpk-dalami-proyek-pengadaan-pupuk-di-kementan-terkait-kasus-syl,"
Selasa, 09 Jan 2024 12:42 WIB "
Kapan Firli Bahuri Bakal Diperiksa Lagi? Ini Kata Polisi,https://news.detik.com/berita/d-7129750/kapan-firli-bahuri-bakal-diperiksa-lagi-ini-kata-polisi,"
Senin, 08 Jan 2024 08:05 WIB "
KPK Periksa GM Prambors Jadi Saksi Terkait Kepemilikan Aset dari SYL,https://news.detik.com/berita/d-7127904/kpk-periksa-gm-prambors-jadi-saksi-terkait-kepemilikan-aset-dari-syl,"
Sabtu, 06 Jan 2024 19:46 WIB "
Alasan Yusril Bersedia Jadi Saksi Meringankan Firli Bahuri di Kasus SYL,https://news.detik.com/berita/d-7127312/alasan-yusril-bersedia-jadi-saksi-meringankan-firli-bahuri-di-kasus-syl,"
Sabtu, 06 Jan 2024 12:53 WIB "
Respons Yusril soal Dipanggil Jadi Saksi Meringankan Firli di Kasus SYL,https://news.detik.com/berita/d-7127102/respons-yusril-soal-dipanggil-jadi-saksi-meringankan-firli-di-kasus-syl,"
Sabtu, 06 Jan 2024 09:20 WIB "
Ancang-ancang Polisi Bakal Periksa Firli Bahuri Lagi,https://news.detik.com/berita/d-7127046/ancang-ancang-polisi-bakal-periksa-firli-bahuri-lagi,"
Sabtu, 06 Jan 2024 07:59 WIB "
Yusril Akan Diperiksa Terkait Jadi Saksi Meringankan Firli 15 Januari,https://news.detik.com/berita/d-7125204/yusril-akan-diperiksa-terkait-jadi-saksi-meringankan-firli-15-januari,"
Jumat, 05 Jan 2024 06:22 WIB "
Pengacara Hormati Prof Romli yang Tak Mau Jadi Saksi Meringankan Firli Bahuri,https://news.detik.com/berita/d-7123800/pengacara-hormati-prof-romli-yang-tak-mau-jadi-saksi-meringankan-firli-bahuri,"
Kamis, 04 Jan 2024 11:51 WIB "
Prof Romli Bakal Surati Polda Metro soal Keberatan Jadi Saksi Ringankan Firli,https://news.detik.com/berita/d-7123620/prof-romli-bakal-surati-polda-metro-soal-keberatan-jadi-saksi-ringankan-firli,"
Kamis, 04 Jan 2024 10:34 WIB "
Prof Romli Pilih Jadi Ahli Usai Enggan Jadi Saksi Ringankan Firli,https://news.detik.com/berita/d-7123182/prof-romli-pilih-jadi-ahli-usai-enggan-jadi-saksi-ringankan-firli,"
Rabu, 03 Jan 2024 21:31 WIB "
Pelapor Harap Firli Segera Diperiksa Terkait Bawa Dokumen KPK ke Praperadilan,https://news.detik.com/berita/d-7123160/pelapor-harap-firli-segera-diperiksa-terkait-bawa-dokumen-kpk-ke-praperadilan,"
Rabu, 03 Jan 2024 21:04 WIB "
Polisi Harap Prof Romli Kirim Surat Jika Keberatan Jadi Saksi Ringankan Firli,https://news.detik.com/berita/d-7122301/polisi-harap-prof-romli-kirim-surat-jika-keberatan-jadi-saksi-ringankan-firli,"
Rabu, 03 Jan 2024 14:30 WIB "
Pakar Hukum Romli Atmasasmita Tolak Jadi Saksi Meringankan Firli Bahuri,https://news.detik.com/berita/d-7122091/pakar-hukum-romli-atmasasmita-tolak-jadi-saksi-meringankan-firli-bahuri,"
Rabu, 03 Jan 2024 13:06 WIB "
Trimedya PDIP Ungkap Potensi Tarik-menarik Politik Pengganti Firli di KPK,https://news.detik.com/berita/d-7121576/trimedya-pdip-ungkap-potensi-tarik-menarik-politik-pengganti-firli-di-kpk,"
Rabu, 03 Jan 2024 07:59 WIB "
Sahroni Usul Pengganti Firli Dibahas Usai Pemilu Demi Hindari Politisasi,https://news.detik.com/berita/d-7121525/sahroni-usul-pengganti-firli-dibahas-usai-pemilu-demi-hindari-politisasi,"
Rabu, 03 Jan 2024 06:48 WIB "
Mahfud Md: Ancaman Pidana Firli Bahuri Penuhi Syarat Penahanan,https://news.detik.com/berita/d-7121050/mahfud-md-ancaman-pidana-firli-bahuri-penuhi-syarat-penahanan,"
Selasa, 02 Jan 2024 18:18 WIB "
"Babak Baru Firli Bahuri, Aset-aset Tak Tercatat Kini dalam Radar Polisi",https://news.detik.com/berita/d-7118825/babak-baru-firli-bahuri-aset-aset-tak-tercatat-kini-dalam-radar-polisi,"
Senin, 01 Jan 2024 11:58 WIB "
Novel Bicara Perbaikan KPK di 2024: Standar Etik Pimpinan Harus Tinggi,https://news.detik.com/berita/d-7117160/novel-bicara-perbaikan-kpk-di-2024-standar-etik-pimpinan-harus-tinggi,"
Minggu, 31 Des 2023 08:55 WIB "
Pengganti Firli di KPK Masih Diproses Jokowi,https://news.detik.com/berita/d-7116936/pengganti-firli-di-kpk-masih-diproses-jokowi,"
Sabtu, 30 Des 2023 22:23 WIB "
Polisi Lengkapi Berkas Perkara Firli Peras SYL Usai Dikembalikan Jaksa,https://news.detik.com/berita/d-7116234/polisi-lengkapi-berkas-perkara-firli-peras-syl-usai-dikembalikan-jaksa,"
Sabtu, 30 Des 2023 14:15 WIB "
Menanti Calon Pimpinan KPK Pilihan Jokowi untuk Gantikan Firli,https://news.detik.com/berita/d-7115805/menanti-calon-pimpinan-kpk-pilihan-jokowi-untuk-gantikan-firli,"
Sabtu, 30 Des 2023 08:46 WIB "
Berakhir Jabatan Firli di KPK Usai Pengunduran Diri Disetujui Jokowi,https://news.detik.com/berita/d-7115761/berakhir-jabatan-firli-di-kpk-usai-pengunduran-diri-disetujui-jokowi,"
Sabtu, 30 Des 2023 07:42 WIB "
Mencegah Kematian KPK,https://news.detik.com/kolom/d-7113002/mencegah-kematian-kpk,"
Jumat, 29 Des 2023 14:30 WIB "
Akhir Drama Firli Bahuri di KPK,https://news.detik.com/berita/d-7114211/akhir-drama-firli-bahuri-di-kpk,"
Jumat, 29 Des 2023 10:48 WIB "
3 Pertimbangan Jokowi Resmi Berhentikan Firli Bahuri dari Ketua KPK,https://news.detik.com/berita/d-7114080/3-pertimbangan-jokowi-resmi-berhentikan-firli-bahuri-dari-ketua-kpk,"
Jumat, 29 Des 2023 10:15 WIB "
"Yusril Jadi Saksi Meringankan Kasus Firli Peras SYL, Bakal Segera Diperiksa",https://news.detik.com/berita/d-7114010/yusril-jadi-saksi-meringankan-kasus-firli-peras-syl-bakal-segera-diperiksa,"
Jumat, 29 Des 2023 09:40 WIB "
Pukat UGM Bicara Risiko Firli Hilangkan Barang Bukti Bila Tak Ditahan,https://news.detik.com/berita/d-7113839/pukat-ugm-bicara-risiko-firli-hilangkan-barang-bukti-bila-tak-ditahan,"
Jumat, 29 Des 2023 06:12 WIB "
Ada Perkara-perkara Lain di Balik Belum Ditahannya Firli Bahuri,https://news.detik.com/berita/d-7113694/ada-perkara-perkara-lain-di-balik-belum-ditahannya-firli-bahuri,"
Kamis, 28 Des 2023 21:57 WIB "
Polisi Telusuri Dugaan Pencucian Uang Firli Bahuri!,https://news.detik.com/berita/d-7113198/polisi-telusuri-dugaan-pencucian-uang-firli-bahuri,"
Kamis, 28 Des 2023 17:20 WIB "
Kapolda Metro soal Putusan Etik Firli: Publik Bisa Nilai Siapa Bohong,https://news.detik.com/berita/d-7113109/kapolda-metro-soal-putusan-etik-firli-publik-bisa-nilai-siapa-bohong,"
Kamis, 28 Des 2023 16:47 WIB "
Kasus Menonjol Dibongkar Polda Metro di 2023: Mario Dandy hingga Film Porno,https://news.detik.com/berita/d-7113081/kasus-menonjol-dibongkar-polda-metro-di-2023-mario-dandy-hingga-film-porno,"
Kamis, 28 Des 2023 16:35 WIB "
Kapolda Metro soal Firli: Kita Punya Taktik dan Strategi Menahan Orang,https://news.detik.com/berita/d-7113080/kapolda-metro-soal-firli-kita-punya-taktik-dan-strategi-menahan-orang,"
Kamis, 28 Des 2023 16:35 WIB "
"Bantah Firli Bahuri, Kapolda Metro Tegaskan Tak Pernah Bertemu SYL",https://news.detik.com/berita/d-7112956/bantah-firli-bahuri-kapolda-metro-tegaskan-tak-pernah-bertemu-syl,"
Kamis, 28 Des 2023 15:41 WIB "
Polisi: Tanah dan Bangunan Firli Tak Terdaftar di LHKPN Tersebar di Jogja-DKI,https://news.detik.com/berita/d-7112418/polisi-tanah-dan-bangunan-firli-tak-terdaftar-di-lhkpn-tersebar-di-jogja-dki,"
Kamis, 28 Des 2023 11:40 WIB "
Putusan Sanksi Etik Firli hingga Survei Zonasi Capres di Penghujung 2023,https://news.detik.com/berita/d-7111723/putusan-sanksi-etik-firli-hingga-survei-zonasi-capres-di-penghujung-2023,"
Kamis, 28 Des 2023 07:57 WIB "
Polisi Klarifikasi Aset Tak Terdaftar LHKPN Firli di Jogja hingga Jakarta,https://news.detik.com/berita/d-7111834/polisi-klarifikasi-aset-tak-terdaftar-lhkpn-firli-di-jogja-hingga-jakarta,"
Rabu, 27 Des 2023 21:44 WIB "
Polisi Cecar 22 Pertanyaan ke Firli yang Diduga Peras Syahrul Yasin Limpo,https://news.detik.com/berita/d-7111828/polisi-cecar-22-pertanyaan-ke-firli-yang-diduga-peras-syahrul-yasin-limpo,"
Rabu, 27 Des 2023 21:35 WIB "
Firli Bungkam Usai Diperiksa di Bareskrim Terkait Kasus Dugaan Peras SYL,https://news.detik.com/berita/d-7111771/firli-bungkam-usai-diperiksa-di-bareskrim-terkait-kasus-dugaan-peras-syl,"
Rabu, 27 Des 2023 20:53 WIB "
Firli Bahuri Belum Ditahan Usai Diperiksa 11 Jam di Bareskrim,https://news.detik.com/berita/d-7111752/firli-bahuri-belum-ditahan-usai-diperiksa-11-jam-di-bareskrim,"
Rabu, 27 Des 2023 20:37 WIB "
"Sudah 8 Jam, Firli Bahuri Masih Diperiksa di Bareskrim",https://news.detik.com/berita/d-7111592/sudah-8-jam-firli-bahuri-masih-diperiksa-di-bareskrim,"
Rabu, 27 Des 2023 19:06 WIB "
Pengacara Akui Apartemen di Darmawangsa Belum Masuk LHKPN Firli,https://news.detik.com/berita/d-7110356/pengacara-akui-apartemen-di-darmawangsa-belum-masuk-lhkpn-firli,"
Rabu, 27 Des 2023 10:13 WIB "
Polisi Juga Periksa 5 Saksi Terkait Kasus Firli Bahuri Hari Ini,https://news.detik.com/berita/d-7110350/polisi-juga-periksa-5-saksi-terkait-kasus-firli-bahuri-hari-ini,"
Rabu, 27 Des 2023 10:09 WIB "
Pengacara Yakin Firli Bahuri Tak Ditahan Hari Ini: Kita Kooperatif,https://news.detik.com/berita/d-7110280/pengacara-yakin-firli-bahuri-tak-ditahan-hari-ini-kita-kooperatif,"
Rabu, 27 Des 2023 09:40 WIB "
"Firli Hadir di Bareskrim, Kembali Diperiksa Terkait Kasus Pemerasan SYL",https://news.detik.com/berita/d-7110276/firli-hadir-di-bareskrim-kembali-diperiksa-terkait-kasus-pemerasan-syl,"
Rabu, 27 Des 2023 09:35 WIB "
Eks Penyidik KPK Harap Firli Bahuri Langsung Ditahan Usai Diperiksa Polisi,https://news.detik.com/berita/d-7110253/eks-penyidik-kpk-harap-firli-bahuri-langsung-ditahan-usai-diperiksa-polisi,"
Rabu, 27 Des 2023 09:15 WIB "
Polisi Bakal Dalami soal Aset Firli Bahuri yang Tak Terdaftar di LHKPN,https://news.detik.com/berita/d-7110237/polisi-bakal-dalami-soal-aset-firli-bahuri-yang-tak-terdaftar-di-lhkpn,"
Rabu, 27 Des 2023 09:01 WIB "
Pengacara: Firli Akan Hadiri Sidang Putusan Dewas KPK Usai dari Bareskrim,https://news.detik.com/berita/d-7110203/pengacara-firli-akan-hadiri-sidang-putusan-dewas-kpk-usai-dari-bareskrim,"
Rabu, 27 Des 2023 08:21 WIB "
ICW ke Dewas KPK: Sanksi Berat Bagi Firli Bahuri Harga Mati!,https://news.detik.com/berita/d-7110198/icw-ke-dewas-kpk-sanksi-berat-bagi-firli-bahuri-harga-mati,"
Rabu, 27 Des 2023 08:14 WIB "
Polisi Sebut Firli Akan Penuhi Pemeriksaan sebagai Tersangka Hari Ini,https://news.detik.com/berita/d-7110181/polisi-sebut-firli-akan-penuhi-pemeriksaan-sebagai-tersangka-hari-ini,"
Rabu, 27 Des 2023 07:32 WIB "
Pengacara Pastikan Firli Bahuri Penuhi Pemeriksaan di Bareskrim Hari Ini,https://news.detik.com/berita/d-7110156/pengacara-pastikan-firli-bahuri-penuhi-pemeriksaan-di-bareskrim-hari-ini,"
Rabu, 27 Des 2023 06:51 WIB "
"Hari Ini Diperiksa Polisi Lagi Sebagai Tersangka, Firli Bakal Hadir?",https://news.detik.com/berita/d-7110151/hari-ini-diperiksa-polisi-lagi-sebagai-tersangka-firli-bakal-hadir,"
Rabu, 27 Des 2023 06:34 WIB "
"MAKI Desak Firli Segera Ditahan: Sudah Lecehkan Hukum, Sering Mangkir",https://news.detik.com/berita/d-7110143/maki-desak-firli-segera-ditahan-sudah-lecehkan-hukum-sering-mangkir,"
Rabu, 27 Des 2023 06:11 WIB "
"Surat Mundur Firli Tak Diproses Jokowi, IM57+: Momentum untuk Penahanan!",https://news.detik.com/berita/d-7106301/surat-mundur-firli-tak-diproses-jokowi-im57-momentum-untuk-penahanan,"
Minggu, 24 Des 2023 09:04 WIB "
Dewas KPK Tak Wajibkan Firli Hadir di Sidang Pembacaan Putusan Etik,https://news.detik.com/berita/d-7106255/dewas-kpk-tak-wajibkan-firli-hadir-di-sidang-pembacaan-putusan-etik,"
Minggu, 24 Des 2023 07:47 WIB "
Kritikan Tertuju ke Firli Usai Ajukan Pengunduran Diri,https://news.detik.com/berita/d-7104884/kritikan-tertuju-ke-firli-usai-ajukan-pengunduran-diri,"
Sabtu, 23 Des 2023 06:05 WIB "
"Polisi Periksa 2 Saksi Meringankan Firli, Tak Ada Yusril Ihza Mahendra",https://news.detik.com/berita/d-7104153/polisi-periksa-2-saksi-meringankan-firli-tak-ada-yusril-ihza-mahendra,"
Jumat, 22 Des 2023 18:53 WIB "
Firli Ajukan Romli Atmasasmita hingga Yusril Jadi Saksi Meringankan,https://news.detik.com/pemilu/d-7104081/firli-ajukan-romli-atmasasmita-hingga-yusril-jadi-saksi-meringankan,"
Jumat, 22 Des 2023 18:22 WIB "
Jaksa Minta Polisi Lengkapi Berkas Perkara Firli Bahuri Peras SYL,https://news.detik.com/berita/d-7103507/jaksa-minta-polisi-lengkapi-berkas-perkara-firli-bahuri-peras-syl,"
Jumat, 22 Des 2023 14:43 WIB "
Waka Komisi III DPR Harap Pengganti Firli Bahuri di KPK Segera Diproses,https://news.detik.com/berita/d-7103177/waka-komisi-iii-dpr-harap-pengganti-firli-bahuri-di-kpk-segera-diproses,"
Jumat, 22 Des 2023 11:58 WIB "
Polisi Siapkan Surat Penangkapan Firli Bila Absen Pemeriksaan Lagi,https://news.detik.com/berita/d-7103101/polisi-siapkan-surat-penangkapan-firli-bila-absen-pemeriksaan-lagi,"
Jumat, 22 Des 2023 11:21 WIB "
"Firli dalam 3 Babak: Absen Diperiksa, Surat Penangkapan, Mundur dari KPK",https://news.detik.com/berita/d-7102975/firli-dalam-3-babak-absen-diperiksa-surat-penangkapan-mundur-dari-kpk,"
Jumat, 22 Des 2023 10:14 WIB "
Perjalanan Firli di Kasus Dugaan Pemerasan SYL: Praperadilan-Mundur dari KPK,https://news.detik.com/berita/d-7102893/perjalanan-firli-di-kasus-dugaan-pemerasan-syl-praperadilan-mundur-dari-kpk,"
Jumat, 22 Des 2023 09:05 WIB "
"Dulu Lili Kini Firli, Mundur dari KPK saat Proses Etik di Depan Mata",https://news.detik.com/berita/d-7102796/dulu-lili-kini-firli-mundur-dari-kpk-saat-proses-etik-di-depan-mata,"
Jumat, 22 Des 2023 07:45 WIB "
Terungkap Surat Perintah Penangkapan Usai Firli Absen Pemeriksaan,https://news.detik.com/berita/d-7102760/terungkap-surat-perintah-penangkapan-usai-firli-absen-pemeriksaan,"
Jumat, 22 Des 2023 07:01 WIB "
MAKI Dukung Polisi Terbitkan Surat Penangkapan: Firli Hina Penegakan Hukum,https://news.detik.com/berita/d-7102714/maki-dukung-polisi-terbitkan-surat-penangkapan-firli-hina-penegakan-hukum,"
Jumat, 22 Des 2023 05:23 WIB "
Eks Penyidik KPK Kritik Firli Mundur di Tengah Kasus Etik: Sikap Pengecut!,https://news.detik.com/berita/d-7102635/eks-penyidik-kpk-kritik-firli-mundur-di-tengah-kasus-etik-sikap-pengecut,"
Kamis, 21 Des 2023 23:24 WIB "
Firli Kembali Diperiksa sebagai Tersangka Kasus Pemerasan SYL 27 Desember,https://news.detik.com/berita/d-7102551/firli-kembali-diperiksa-sebagai-tersangka-kasus-pemerasan-syl-27-desember,"
Kamis, 21 Des 2023 21:24 WIB "
Alasan Tak Wajar di Balik Firli Absen Diperiksa Polisi,https://news.detik.com/berita/d-7102536/alasan-tak-wajar-di-balik-firli-absen-diperiksa-polisi,"
Kamis, 21 Des 2023 21:12 WIB "
"Forum 'KPK Mendengar', ICW Kritik Alex Marwata Tak Malu Saat Firli Tersangka",https://news.detik.com/berita/d-7101965/forum-kpk-mendengar-icw-kritik-alex-marwata-tak-malu-saat-firli-tersangka,"
Kamis, 21 Des 2023 16:57 WIB "
"Ditolak Alex Marwata, Firli Ajukan Saksi Meringankan Lain di Kasus Pemerasan",https://news.detik.com/berita/d-7101732/ditolak-alex-marwata-firli-ajukan-saksi-meringankan-lain-di-kasus-pemerasan,"
Kamis, 21 Des 2023 15:20 WIB "
Tujuan Polisi Hendak Periksa Firli: Usut Harta Miliknya hingga Istri dan Anak,https://news.detik.com/berita/d-7101717/tujuan-polisi-hendak-periksa-firli-usut-harta-miliknya-hingga-istri-dan-anak,"
Kamis, 21 Des 2023 15:16 WIB "
Polisi Sudah Siapkan Surat Penangkapan Firli Bahuri!,https://news.detik.com/berita/d-7101365/polisi-sudah-siapkan-surat-penangkapan-firli-bahuri,"
Kamis, 21 Des 2023 12:39 WIB "
Kapolda Metro Tegaskan Penyidik Profesional Usut Firli: Saya Tak Intervensi,https://news.detik.com/berita/d-7101202/kapolda-metro-tegaskan-penyidik-profesional-usut-firli-saya-tak-intervensi,"
Kamis, 21 Des 2023 11:33 WIB "
Alasan Firli Minta Pemeriksaan di Bareskrim Ditunda: Ada Kegiatan Urgen,https://news.detik.com/berita/d-7101185/alasan-firli-minta-pemeriksaan-di-bareskrim-ditunda-ada-kegiatan-urgen,"
Kamis, 21 Des 2023 11:23 WIB "
Polisi Pastikan Usut Laporan soal Firli Bawa Dokumen KPK ke Praperadilan,https://news.detik.com/berita/d-7101179/polisi-pastikan-usut-laporan-soal-firli-bawa-dokumen-kpk-ke-praperadilan,"
Kamis, 21 Des 2023 11:20 WIB "
Respons Kapolda Metro soal Praperadilan Firli Tak Diterima Hakim,https://news.detik.com/berita/d-7101172/respons-kapolda-metro-soal-praperadilan-firli-tak-diterima-hakim,"
Kamis, 21 Des 2023 11:14 WIB "
Kapolda Metro Bicara Upaya Jemput Paksa Usai Firli Absen Pemeriksaan,https://news.detik.com/berita/d-7101165/kapolda-metro-bicara-upaya-jemput-paksa-usai-firli-absen-pemeriksaan,"
Kamis, 21 Des 2023 11:09 WIB "
"Tak Hadir di Bareskrim, Firli Minta Polisi Tunda Pemeriksaan",https://news.detik.com/berita/d-7101002/tak-hadir-di-bareskrim-firli-minta-polisi-tunda-pemeriksaan,"
Kamis, 21 Des 2023 10:01 WIB "
Pukat UGM Minta Firli Ditahan Cegah Potensi Larikan Diri-Hilangkan Bukti,https://news.detik.com/berita/d-7100856/pukat-ugm-minta-firli-ditahan-cegah-potensi-larikan-diri-hilangkan-bukti,"
Kamis, 21 Des 2023 07:39 WIB "
Firli Kembali Diperiksa sebagai Tersangka Kasus Pemerasan SYL Hari Ini,https://news.detik.com/berita/d-7100832/firli-kembali-diperiksa-sebagai-tersangka-kasus-pemerasan-syl-hari-ini,"
Kamis, 21 Des 2023 07:07 WIB "
MAKI Minta Firli Segera Ditahan: Kalau Nggak Akan Banyak Ulah,https://news.detik.com/berita/d-7100811/maki-minta-firli-segera-ditahan-kalau-nggak-akan-banyak-ulah,"
Kamis, 21 Des 2023 06:15 WIB "
Dewas KPK Panggil 13 Saksi untuk Sidang Etik Firli Besok,https://news.detik.com/berita/d-7100383/dewas-kpk-panggil-13-saksi-untuk-sidang-etik-firli-besok,"
Rabu, 20 Des 2023 18:50 WIB "
Ketua Dewas KPK: Firli Rugi Tak Bisa Bela Diri di Sidang Etik,https://news.detik.com/berita/d-7100300/ketua-dewas-kpk-firli-rugi-tak-bisa-bela-diri-di-sidang-etik,"
Rabu, 20 Des 2023 18:17 WIB "
Dewas KPK Cecar 12 Saksi Sidang Etik Terkait Pertemuan Firli dengan SYL,https://news.detik.com/berita/d-7100284/dewas-kpk-cecar-12-saksi-sidang-etik-terkait-pertemuan-firli-dengan-syl,"
Rabu, 20 Des 2023 18:09 WIB "
"SYL: Saya Terus Diborgol, Capek Banget",https://news.detik.com/berita/d-7099904/syl-saya-terus-diborgol-capek-banget,"
Rabu, 20 Des 2023 15:54 WIB "
Firli Bahuri Bakal Diperiksa Lagi di Bareskrim Terkait Pemerasan SYL Besok,https://news.detik.com/berita/d-7099144/firli-bahuri-bakal-diperiksa-lagi-di-bareskrim-terkait-pemerasan-syl-besok,"
Rabu, 20 Des 2023 10:10 WIB "
Pimpinan Komisi III DPR Apresiasi Hakim Tak Terima Gugatan Praperadilan Firli,https://news.detik.com/berita/d-7099046/pimpinan-komisi-iii-dpr-apresiasi-hakim-tak-terima-gugatan-praperadilan-firli,"
Rabu, 20 Des 2023 08:43 WIB "
MAKI Nilai Putusan Praperadilan Firli Bahuri Sudah Sesuai Rasa Keadilan,https://news.detik.com/berita/d-7098996/maki-nilai-putusan-praperadilan-firli-bahuri-sudah-sesuai-rasa-keadilan,"
Rabu, 20 Des 2023 08:08 WIB "
"Firli Hadir atau Tidak, Dewas KPK Tetap Gelar Sidang Etik",https://news.detik.com/berita/d-7098981/firli-hadir-atau-tidak-dewas-kpk-tetap-gelar-sidang-etik,"
Rabu, 20 Des 2023 07:31 WIB "
Berakhir Perlawanan Firli Bahuri Lewat Praperadilan,https://news.detik.com/berita/d-7098964/berakhir-perlawanan-firli-bahuri-lewat-praperadilan,"
Rabu, 20 Des 2023 07:00 WIB "
Respons Firli usai Dipolisikan Buntut Bawa Dokumen KPK ke Praperadilan,https://news.detik.com/berita/d-7098889/respons-firli-usai-dipolisikan-buntut-bawa-dokumen-kpk-ke-praperadilan,"
Rabu, 20 Des 2023 00:58 WIB "
"Firli: Praperadilan Saya Bukan Ditolak, tapi Tidak Diterima",https://news.detik.com/berita/d-7098817/firli-praperadilan-saya-bukan-ditolak-tapi-tidak-diterima,"
Selasa, 19 Des 2023 22:39 WIB "
Firli Bahuri Dipolisikan Buntut Bawa Dokumen KPK ke Praperadilan,https://news.detik.com/berita/d-7098793/firli-bahuri-dipolisikan-buntut-bawa-dokumen-kpk-ke-praperadilan,"
Selasa, 19 Des 2023 22:11 WIB "
Firli Bahuri Hadir Jelang Jumpa Pers Usai Gugatan Praperadilan Ditolak,https://news.detik.com/berita/d-7098787/firli-bahuri-hadir-jelang-jumpa-pers-usai-gugatan-praperadilan-ditolak,"
Selasa, 19 Des 2023 22:03 WIB "
"Novel Baswedan Hadiri Sidang Putusan Firli, Bersyukur Gugatan Ditolak",https://news.detik.com/berita/d-7098392/novel-baswedan-hadiri-sidang-putusan-firli-bersyukur-gugatan-ditolak,"
Selasa, 19 Des 2023 17:59 WIB "
"Berkas Perkara Firli Bahuri Peras SYL Capai Ribuan Halaman, Tinggi 0,85 Meter",https://news.detik.com/berita/d-7098335/berkas-perkara-firli-bahuri-peras-syl-capai-ribuan-halaman-tinggi-0-85-meter,"
Selasa, 19 Des 2023 17:33 WIB "
"Alex Marwata Surati Polda Metro, Tolak Jadi Saksi Meringankan Firli",https://news.detik.com/berita/d-7098269/alex-marwata-surati-polda-metro-tolak-jadi-saksi-meringankan-firli,"
Selasa, 19 Des 2023 17:22 WIB "
Hakim Nyatakan Dokumen KPK Dibawa Firli Tak Nyambung dengan Praperadilan,https://news.detik.com/berita/d-7098258/hakim-nyatakan-dokumen-kpk-dibawa-firli-tak-nyambung-dengan-praperadilan,"
Selasa, 19 Des 2023 17:14 WIB "
Kata Polda Metro soal Penahanan Firli Usai Praperadilan Ditolak,https://news.detik.com/berita/d-7098222/kata-polda-metro-soal-penahanan-firli-usai-praperadilan-ditolak,"
Selasa, 19 Des 2023 17:03 WIB "
Pertimbangan Hakim Tolak Gugatan Praperadilan Firli: Permohonan Tidak Jelas,https://news.detik.com/berita/d-7098197/pertimbangan-hakim-tolak-gugatan-praperadilan-firli-permohonan-tidak-jelas,"
Selasa, 19 Des 2023 16:52 WIB "
"Praperadilan Firli Bahuri Ditolak, Polda Metro: Bukti Penyidik Profesional",https://news.detik.com/berita/d-7098104/praperadilan-firli-bahuri-ditolak-polda-metro-bukti-penyidik-profesional,"
Selasa, 19 Des 2023 16:16 WIB "
Hakim Tolak Gugatan Praperadilan Firli Bahuri!,https://news.detik.com/berita/d-7097980/hakim-tolak-gugatan-praperadilan-firli-bahuri,"
Selasa, 19 Des 2023 15:28 WIB "
Jokowi soal Pencopotan Firli Bahuri dari Ketua KPK: Ikuti Proses Hukum,https://news.detik.com/berita/d-7097600/jokowi-soal-pencopotan-firli-bahuri-dari-ketua-kpk-ikuti-proses-hukum,"
Selasa, 19 Des 2023 12:39 WIB "
Sidang Putusan Praperadilan Firli Bahuri Digelar di PN Jaksel Hari Ini,https://news.detik.com/berita/d-7097159/sidang-putusan-praperadilan-firli-bahuri-digelar-di-pn-jaksel-hari-ini,"
Selasa, 19 Des 2023 08:20 WIB "
Menanti Ramainya Debat Kedua hingga Putusan Praperadilan Firli,https://news.detik.com/berita/d-7096902/menanti-ramainya-debat-kedua-hingga-putusan-praperadilan-firli,"
Selasa, 19 Des 2023 07:58 WIB "
Menanti Vonis Hakim soal Sah Tidaknya Status Tersangka Firli Bahuri,https://news.detik.com/berita/d-7096831/menanti-vonis-hakim-soal-sah-tidaknya-status-tersangka-firli-bahuri,"
Senin, 18 Des 2023 21:04 WIB "
Pengacara Firli Tak Masalah MAKI Mau Lapor ke Dewas KPK soal Dokumen Kasus,https://news.detik.com/berita/d-7096081/pengacara-firli-tak-masalah-maki-mau-lapor-ke-dewas-kpk-soal-dokumen-kasus,"
Senin, 18 Des 2023 15:04 WIB "
Misteri Dokumen KPK di Tangan Firli Bahuri,https://news.detik.com/berita/d-7095823/misteri-dokumen-kpk-di-tangan-firli-bahuri,"
Senin, 18 Des 2023 13:12 WIB "
6 Jaksa Teliti Berkas Perkara Firli Bahuri Terkait Kasus Pemerasan SYL,https://news.detik.com/berita/d-7095776/6-jaksa-teliti-berkas-perkara-firli-bahuri-terkait-kasus-pemerasan-syl,"
Senin, 18 Des 2023 12:58 WIB "
"Optimistis Menang Lawan Firli, Polda Metro Tegaskan Punya 4 Bukti",https://news.detik.com/berita/d-7095685/optimistis-menang-lawan-firli-polda-metro-tegaskan-punya-4-bukti,"
Senin, 18 Des 2023 12:18 WIB "
"Putusan Praperadilan Firli Digelar Besok, Ini Harapan Polda Metro",https://news.detik.com/berita/d-7095631/putusan-praperadilan-firli-digelar-besok-ini-harapan-polda-metro,"
Senin, 18 Des 2023 11:55 WIB "
ICW: Dari Mana Firli Bisa Dapat Dokumen KPK yang Dibawa ke Praperadilan?,https://news.detik.com/berita/d-7093935/icw-dari-mana-firli-bisa-dapat-dokumen-kpk-yang-dibawa-ke-praperadilan,"
Minggu, 17 Des 2023 06:50 WIB "
Kritikan Tertuju ke Firli Buntut Bawa Dokumen KPK ke Praperadilan,https://news.detik.com/berita/d-7093928/kritikan-tertuju-ke-firli-buntut-bawa-dokumen-kpk-ke-praperadilan,"
Minggu, 17 Des 2023 06:05 WIB "
MAKI Bakal Laporkan Firli ke Dewas soal Bawa Dokumen KPK di Praperadilan,https://news.detik.com/berita/d-7093363/maki-bakal-laporkan-firli-ke-dewas-soal-bawa-dokumen-kpk-di-praperadilan,"
Sabtu, 16 Des 2023 15:30 WIB "
MAKI Sebut Firli Langgar 3 Aturan Bawa Dokumen Rahasia KPK ke Praperadilan,https://news.detik.com/berita/d-7093298/maki-sebut-firli-langgar-3-aturan-bawa-dokumen-rahasia-kpk-ke-praperadilan,"
Sabtu, 16 Des 2023 14:55 WIB "
Tebalnya Berkas Kasus Firli Bahuri Kini Diserahkan Polisi ke Jaksa,https://news.detik.com/berita/d-7092697/tebalnya-berkas-kasus-firli-bahuri-kini-diserahkan-polisi-ke-jaksa,"
Sabtu, 16 Des 2023 06:37 WIB "
Polda Metro Bingung Firli Bawa Dokumen Kasus Suap Proyek KA di Praperadilan,https://news.detik.com/berita/d-7092143/polda-metro-bingung-firli-bawa-dokumen-kasus-suap-proyek-ka-di-praperadilan,"
Jumat, 15 Des 2023 18:21 WIB "
Penampakan Tebalnya Berkas Firli Bahuri Tersangka Kasus Pemerasan SYL,https://news.detik.com/berita/d-7091985/penampakan-tebalnya-berkas-firli-bahuri-tersangka-kasus-pemerasan-syl,"
Jumat, 15 Des 2023 17:41 WIB "
Polisi Limpahkan Berkas Firli Tersangka Pemerasan SYL ke Jaksa,https://news.detik.com/berita/d-7091964/polisi-limpahkan-berkas-firli-tersangka-pemerasan-syl-ke-jaksa,"
Jumat, 15 Des 2023 17:30 WIB "
Penyidik Ungkap Proses Hati-hati Usut Kasus Firli di Sidang Praperadilan,https://news.detik.com/berita/d-7091875/penyidik-ungkap-proses-hati-hati-usut-kasus-firli-di-sidang-praperadilan,"
Jumat, 15 Des 2023 16:49 WIB "
Dewas KPK Akan Tetap Gelar Sidang Etik 20 Desember Meski Firli Absen,https://news.detik.com/berita/d-7091537/dewas-kpk-akan-tetap-gelar-sidang-etik-20-desember-meski-firli-absen,"
Jumat, 15 Des 2023 14:36 WIB "
"Di Sidang Praperadilan, Penyidik Jelaskan Sprindik Penetapan Tersangka Firli",https://news.detik.com/berita/d-7091306/di-sidang-praperadilan-penyidik-jelaskan-sprindik-penetapan-tersangka-firli,"
Jumat, 15 Des 2023 13:15 WIB "
Penyidik Bareskrim Sebut Penetapan Tersangka Firli Didasari 4 Alat Bukti,https://news.detik.com/berita/d-7091177/penyidik-bareskrim-sebut-penetapan-tersangka-firli-didasari-4-alat-bukti,"
Jumat, 15 Des 2023 11:49 WIB "
MAKI Tak Kaget Alexander Marwata Jadi Saksi Meringankan Firli: Mereka Bestie,https://news.detik.com/berita/d-7090978/maki-tak-kaget-alexander-marwata-jadi-saksi-meringankan-firli-mereka-bestie,"
Jumat, 15 Des 2023 10:14 WIB "
Sorotan ke Pimpinan KPK Alex Marwata yang 'Bela' Firli di Praperadilan,https://news.detik.com/berita/d-7090806/sorotan-ke-pimpinan-kpk-alex-marwata-yang-bela-firli-di-praperadilan,"
Jumat, 15 Des 2023 07:32 WIB "
Dalih Firli Fokus Praperadilan Bikin Tertunda Pemeriksaan Dewas KPK,https://news.detik.com/berita/d-7090582/dalih-firli-fokus-praperadilan-bikin-tertunda-pemeriksaan-dewas-kpk,"
Kamis, 14 Des 2023 21:34 WIB "
"Yusril Jadi Ahli Pihak Firli Bahuri, Beri Pandangan soal Foto Pertemuan",https://news.detik.com/berita/d-7090208/yusril-jadi-ahli-pihak-firli-bahuri-beri-pandangan-soal-foto-pertemuan,"
Kamis, 14 Des 2023 18:02 WIB "
Firli Bahuri Hadirkan Yusril Ihza Mahendra Jadi Saksi Ahli di Praperadilan,https://news.detik.com/berita/d-7089956/firli-bahuri-hadirkan-yusril-ihza-mahendra-jadi-saksi-ahli-di-praperadilan,"
Kamis, 14 Des 2023 16:37 WIB "
Novel Baswedan Heran Alex Marwata Jadi Saksi Firli Bahuri di Praperadilan,https://news.detik.com/berita/d-7089850/novel-baswedan-heran-alex-marwata-jadi-saksi-firli-bahuri-di-praperadilan,"
Kamis, 14 Des 2023 16:05 WIB "
Eks Penyidik KPK Sarankan Dewas Tetap Gelar Sidang Etik Meski Firli Absen,https://news.detik.com/berita/d-7089846/eks-penyidik-kpk-sarankan-dewas-tetap-gelar-sidang-etik-meski-firli-absen,"
Kamis, 14 Des 2023 16:04 WIB "
Polisi Jadwal Ulang Pemeriksaan Alex Marwata di Kasus Firli Peras SYL,https://news.detik.com/berita/d-7089771/polisi-jadwal-ulang-pemeriksaan-alex-marwata-di-kasus-firli-peras-syl,"
Kamis, 14 Des 2023 15:34 WIB "
Kata Alex Marwata Soal Jadi Saksi Meringankan Firli di Kasus Peras SYL,https://news.detik.com/berita/d-7089699/kata-alex-marwata-soal-jadi-saksi-meringankan-firli-di-kasus-peras-syl,"
Kamis, 14 Des 2023 15:02 WIB "
Penuhi Panggilan Polisi untuk Kasus Firli? Alex Marwata: Lihat Agenda Dulu,https://news.detik.com/berita/d-7089678/penuhi-panggilan-polisi-untuk-kasus-firli-alex-marwata-lihat-agenda-dulu,"
Kamis, 14 Des 2023 14:55 WIB "
"KPK Fasilitasi Firli Minta Dokumen, Meski Tak Beri Bantuan Hukum",https://news.detik.com/berita/d-7089545/kpk-fasilitasi-firli-minta-dokumen-meski-tak-beri-bantuan-hukum,"
Kamis, 14 Des 2023 14:14 WIB "
Ketua KPK Nawawi Tepis Firli soal Ancaman Kapolda Metro,https://news.detik.com/berita/d-7089489/ketua-kpk-nawawi-tepis-firli-soal-ancaman-kapolda-metro,"
Kamis, 14 Des 2023 13:59 WIB "
KPK Sebut Alex Marwata Akan ke Bareskrim Usai Jadi Saksi Praperadilan Firli,https://news.detik.com/berita/d-7089253/kpk-sebut-alex-marwata-akan-ke-bareskrim-usai-jadi-saksi-praperadilan-firli,"
Kamis, 14 Des 2023 12:25 WIB "
Dewas: Firli Minta Tunda Sidang Etik karena Konsentrasi Praperadilan,https://news.detik.com/berita/d-7089229/dewas-firli-minta-tunda-sidang-etik-karena-konsentrasi-praperadilan,"
Kamis, 14 Des 2023 12:10 WIB "
Firli Hadirkan Wakil Ketua KPK Alex Marwata di Sidang Praperadilan,https://news.detik.com/berita/d-7089218/firli-hadirkan-wakil-ketua-kpk-alex-marwata-di-sidang-praperadilan,"
Kamis, 14 Des 2023 12:05 WIB "
"Ditunda, Sidang Etik Firli Bahuri Digelar 20 Desember",https://news.detik.com/berita/d-7089187/ditunda-sidang-etik-firli-bahuri-digelar-20-desember,"
Kamis, 14 Des 2023 11:50 WIB "
Polisi Ungkap Ada Bukti Disita dari Apartemen Firli di Darmawangsa,https://news.detik.com/berita/d-7088998/polisi-ungkap-ada-bukti-disita-dari-apartemen-firli-di-darmawangsa,"
Kamis, 14 Des 2023 10:23 WIB "
Polisi Bakal Periksa Alexander Marwata di Kasus Dugaan Firli Bahuri Peras SYL,https://news.detik.com/berita/d-7088970/polisi-bakal-periksa-alexander-marwata-di-kasus-dugaan-firli-bahuri-peras-syl,"
Kamis, 14 Des 2023 10:08 WIB "
Dewas KPK Gelar Sidang Etik Firli Bahuri Hari Ini,https://news.detik.com/berita/d-7088874/dewas-kpk-gelar-sidang-etik-firli-bahuri-hari-ini,"
Kamis, 14 Des 2023 08:57 WIB "
"Tak Lagi Aktif di KPK Usai Jadi Tersangka, Firli Bahuri Ngapain Aja?",https://news.detik.com/berita/d-7088032/tak-lagi-aktif-di-kpk-usai-jadi-tersangka-firli-bahuri-ngapain-aja,"
Rabu, 13 Des 2023 17:18 WIB "
Polisi Segera Rampungkan Berkas Perkara Kasus Dugaan Firli Bahuri Peras SYL,https://news.detik.com/berita/d-7087715/polisi-segera-rampungkan-berkas-perkara-kasus-dugaan-firli-bahuri-peras-syl,"
Rabu, 13 Des 2023 15:25 WIB "
Kapolda Metro Minta Hakim Tolak Gugatan Firli: Penetapan Tersangka Sah,https://news.detik.com/berita/d-7085964/kapolda-metro-minta-hakim-tolak-gugatan-firli-penetapan-tersangka-sah,"
Selasa, 12 Des 2023 18:08 WIB "
"Polisi Yakin Pertemuan Firli-SYL di GOR Bukan Hal Biasa, Ini Penjelasannya",https://news.detik.com/berita/d-7085911/polisi-yakin-pertemuan-firli-syl-di-gor-bukan-hal-biasa-ini-penjelasannya,"
Selasa, 12 Des 2023 17:40 WIB "
Dewas KPK Siap Gelar Sidang Etik Firli Bahuri pada 14 Desember,https://news.detik.com/berita/d-7085829/dewas-kpk-siap-gelar-sidang-etik-firli-bahuri-pada-14-desember,"
Selasa, 12 Des 2023 17:06 WIB "
"Firli Tersangka Pemerasan Diundang ke Hakordia, KPK: Tak Ada Undangan Khusus",https://news.detik.com/berita/d-7085238/firli-tersangka-pemerasan-diundang-ke-hakordia-kpk-tak-ada-undangan-khusus,"
Selasa, 12 Des 2023 13:36 WIB "
Polisi Periksa Total 98 Saksi Kasus Dugaan Firli Bahuri Peras SYL,https://news.detik.com/berita/d-7084788/polisi-periksa-total-98-saksi-kasus-dugaan-firli-bahuri-peras-syl,"
Selasa, 12 Des 2023 09:54 WIB "
Perlawanan Perdana Firli Bahuri: Minta SP3 dan Tersangka Dibatalkan,https://news.detik.com/berita/d-7084651/perlawanan-perdana-firli-bahuri-minta-sp3-dan-tersangka-dibatalkan,"
Selasa, 12 Des 2023 08:17 WIB "
Pengacara Bantah 'Surat Kronologi' Firli Terima Rp 1 M dari SYL Lewat Ajudan,https://news.detik.com/berita/d-7083645/pengacara-bantah-surat-kronologi-firli-terima-rp-1-m-dari-syl-lewat-ajudan,"
Senin, 11 Des 2023 15:56 WIB "
"Firli Tuding Karyoto di Balik Kasus Pemerasan, Polda Metro Bilang Begini",https://news.detik.com/berita/d-7083561/firli-tuding-karyoto-di-balik-kasus-pemerasan-polda-metro-bilang-begini,"
Senin, 11 Des 2023 15:19 WIB "
Pihak Firli Bahuri Tuding SYL Lapor Diperas Usai Diberi Petunjuk Karyoto,https://news.detik.com/berita/d-7083555/pihak-firli-bahuri-tuding-syl-lapor-diperas-usai-diberi-petunjuk-karyoto,"
Senin, 11 Des 2023 15:16 WIB "
Pengacara Anggap Foto Pertemuan Firli dan SYL di GOR Bukan Bukti Pemerasan,https://news.detik.com/berita/d-7083374/pengacara-anggap-foto-pertemuan-firli-dan-syl-di-gor-bukan-bukti-pemerasan,"
Senin, 11 Des 2023 14:23 WIB "
Firli Minta Hakim Praperadilan Batalkan Status Tersangka Kasus Pemerasan SYL,https://news.detik.com/berita/d-7083072/firli-minta-hakim-praperadilan-batalkan-status-tersangka-kasus-pemerasan-syl,"
Senin, 11 Des 2023 12:05 WIB "
Polisi Periksa Ahli Kriminologi dan Hukum Pidana Terkait Kasus Firli Bahuri,https://news.detik.com/berita/d-7082777/polisi-periksa-ahli-kriminologi-dan-hukum-pidana-terkait-kasus-firli-bahuri,"
Senin, 11 Des 2023 09:51 WIB "
Polda Metro Siapkan Tim Advokasi Melawan Praperadilan Firli Hari Ini,https://news.detik.com/berita/d-7082704/polda-metro-siapkan-tim-advokasi-melawan-praperadilan-firli-hari-ini,"
Senin, 11 Des 2023 09:14 WIB "
Sekali Lagi Pelanggaran Etik Firli Bahuri Segera Diadili,https://news.detik.com/berita/d-7079893/sekali-lagi-pelanggaran-etik-firli-bahuri-segera-diadili,"
Jumat, 08 Des 2023 22:09 WIB "
"Sidang Etik Firli Digelar Pekan Depan, Dewas KPK Bakal Beri Sanksi Terberat",https://news.detik.com/berita/d-7079688/sidang-etik-firli-digelar-pekan-depan-dewas-kpk-bakal-beri-sanksi-terberat,"
Jumat, 08 Des 2023 19:19 WIB "
"Dewas Kebut Sidang Etik Firli Bahuri, Targetkan Sebelum Natal Selesai",https://news.detik.com/berita/d-7079262/dewas-kebut-sidang-etik-firli-bahuri-targetkan-sebelum-natal-selesai,"
Jumat, 08 Des 2023 15:51 WIB "
Dewas KPK Jamin Sidang Etik Lanjut Meski Firli Nantinya Ditahan Polisi,https://news.detik.com/berita/d-7079185/dewas-kpk-jamin-sidang-etik-lanjut-meski-firli-nantinya-ditahan-polisi,"
Jumat, 08 Des 2023 15:17 WIB "
"Dewas KPK Lanjut Adili Pelanggaran Etik Firli Bahuri, Ini Kasus-kasusnya",https://news.detik.com/berita/d-7079100/dewas-kpk-lanjut-adili-pelanggaran-etik-firli-bahuri-ini-kasus-kasusnya,"
Jumat, 08 Des 2023 14:55 WIB "
"Dewas KPK: Ada Pelanggaran Etik, Pertemuan Firli dan SYL Dilanjut ke Sidang",https://news.detik.com/berita/d-7079030/dewas-kpk-ada-pelanggaran-etik-pertemuan-firli-dan-syl-dilanjut-ke-sidang,"
Jumat, 08 Des 2023 14:16 WIB "
Dewas KPK Putuskan Kelanjutan Kasus Etik Firli Bahuri Hari Ini,https://news.detik.com/berita/d-7078359/dewas-kpk-putuskan-kelanjutan-kasus-etik-firli-bahuri-hari-ini,"
Jumat, 08 Des 2023 08:19 WIB "
"Firli Bahuri Belum Ditahan, Polri: Penyidik Punya Pertimbangan",https://news.detik.com/berita/d-7077506/firli-bahuri-belum-ditahan-polri-penyidik-punya-pertimbangan,"
Kamis, 07 Des 2023 16:37 WIB "
"Pihak SYL Klaim Petinggi Parpol Terlibat di Kasus Firli, KPK Bilang Begini",https://news.detik.com/berita/d-7076848/pihak-syl-klaim-petinggi-parpol-terlibat-di-kasus-firli-kpk-bilang-begini,"
Kamis, 07 Des 2023 12:04 WIB "
"Firli Bahuri Tidak Ditahan Usai Diperiksa, MAKI Kecewa",https://news.detik.com/berita/d-7076504/firli-bahuri-tidak-ditahan-usai-diperiksa-maki-kecewa,"
Kamis, 07 Des 2023 08:53 WIB "
Polisi Cecar Firli 29 Pertanyaan soal Penukaran Valas-Penggeledahan Apartemen,https://news.detik.com/berita/d-7076337/polisi-cecar-firli-29-pertanyaan-soal-penukaran-valas-penggeledahan-apartemen,"
Rabu, 06 Des 2023 23:15 WIB "
Firli Bahuri Tak Ditahan Usai Diperiksa di Bareskrim,https://news.detik.com/berita/d-7076111/firli-bahuri-tak-ditahan-usai-diperiksa-di-bareskrim,"
Rabu, 06 Des 2023 20:24 WIB "
"6 Jam Berlalu, Firli Masih Diperiksa sebagai Tersangka di Bareskrim",https://news.detik.com/berita/d-7075335/6-jam-berlalu-firli-masih-diperiksa-sebagai-tersangka-di-bareskrim,"
Rabu, 06 Des 2023 15:24 WIB "
"Penuhi Panggilan Pemeriksaan, Kini Firli Bahuri Lewat Lobi Bareskrim Polri",https://news.detik.com/berita/d-7074649/penuhi-panggilan-pemeriksaan-kini-firli-bahuri-lewat-lobi-bareskrim-polri,"
Rabu, 06 Des 2023 10:11 WIB "
Firli Bahuri Penuhi Panggilan Polisi soal Pemerasan SYL,https://news.detik.com/berita/d-7074609/firli-bahuri-penuhi-panggilan-polisi-soal-pemerasan-syl,"
Rabu, 06 Des 2023 09:34 WIB "
Misteri Apartemen Firli Bahuri yang Digeledah Polisi,https://news.detik.com/berita/d-7074598/misteri-apartemen-firli-bahuri-yang-digeledah-polisi,"
Rabu, 06 Des 2023 07:24 WIB "
Polisi Periksa Lagi Firli Bahuri sebagai Tersangka Pemerasan SYL Hari Ini,https://news.detik.com/berita/d-7074433/polisi-periksa-lagi-firli-bahuri-sebagai-tersangka-pemerasan-syl-hari-ini,"
Rabu, 06 Des 2023 06:34 WIB "
Sekejap Saja Firli Bahuri Diperiksa di Dewas KPK,https://news.detik.com/berita/d-7074292/sekejap-saja-firli-bahuri-diperiksa-di-dewas-kpk,"
Selasa, 05 Des 2023 22:37 WIB "
Firli Bakal Diperiksa Lagi sebagai Tersangka di Gedung Bareskrim Besok,https://news.detik.com/berita/d-7073763/firli-bakal-diperiksa-lagi-sebagai-tersangka-di-gedung-bareskrim-besok,"
Selasa, 05 Des 2023 17:14 WIB "
"Firli Bahuri Masih Dikawal Saat Diperiksa di Dewas, Ini Kata KPK",https://news.detik.com/berita/d-7073687/firli-bahuri-masih-dikawal-saat-diperiksa-di-dewas-ini-kata-kpk,"
Selasa, 05 Des 2023 16:57 WIB "
"Digeledah Polisi, Apartemen Firli Bahuri Tak Ada di LHKPN",https://news.detik.com/berita/d-7073651/digeledah-polisi-apartemen-firli-bahuri-tak-ada-di-lhkpn,"
Selasa, 05 Des 2023 16:44 WIB "
Begini Respons Firli Bahuri soal Apartemennya di Darmawangsa Digeledah,https://news.detik.com/berita/d-7073241/begini-respons-firli-bahuri-soal-apartemennya-di-darmawangsa-digeledah,"
Selasa, 05 Des 2023 14:19 WIB "
Apartemen Diduga Milik Firli Bahuri di Darmawangsa Digeledah Polisi,https://news.detik.com/berita/d-7073143/apartemen-diduga-milik-firli-bahuri-di-darmawangsa-digeledah-polisi,"
Selasa, 05 Des 2023 13:43 WIB "
Firli Bahuri Irit Bicara Usai 2 Jam Diperiksa Dewas KPK,https://news.detik.com/berita/d-7072940/firli-bahuri-irit-bicara-usai-2-jam-diperiksa-dewas-kpk,"
Selasa, 05 Des 2023 12:02 WIB "
"Sudah Diberhentikan Sementara, Firli Bahuri Masih Dikawal ke Dewas KPK",https://news.detik.com/berita/d-7072730/sudah-diberhentikan-sementara-firli-bahuri-masih-dikawal-ke-dewas-kpk,"
Selasa, 05 Des 2023 10:40 WIB "
Dewas KPK Tentukan Kelanjutkan Kasus Etik Firli Bahuri Hari Ini,https://news.detik.com/berita/d-7072666/dewas-kpk-tentukan-kelanjutkan-kasus-etik-firli-bahuri-hari-ini,"
Selasa, 05 Des 2023 10:07 WIB "
Firli Bahuri Penuhi Panggilan Dewas KPK Terkait Dugaan Pelanggaran Etik,https://news.detik.com/berita/d-7072634/firli-bahuri-penuhi-panggilan-dewas-kpk-terkait-dugaan-pelanggaran-etik,"
Selasa, 05 Des 2023 09:47 WIB "
Desakan Segera Ditahan bagi Firli Bahuri yang Segera Diperiksa Lagi,https://news.detik.com/berita/d-7072538/desakan-segera-ditahan-bagi-firli-bahuri-yang-segera-diperiksa-lagi,"
Selasa, 05 Des 2023 08:33 WIB "
Jawaban Kapolri soal Desakan Firli Bahuri Harus Segera Ditahan,https://news.detik.com/berita/d-7071285/jawaban-kapolri-soal-desakan-firli-bahuri-harus-segera-ditahan,"
Senin, 04 Des 2023 14:32 WIB "
Polisi Bakal Periksa Lagi Firli Tersangka Kasus Pemerasan SYL 6 Desember,https://news.detik.com/berita/d-7071052/polisi-bakal-periksa-lagi-firli-tersangka-kasus-pemerasan-syl-6-desember,"
Senin, 04 Des 2023 13:09 WIB "
Dewas KPK Kembali Periksa Firli Soal Pertemuan dengan SYL 5 Desember,https://news.detik.com/berita/d-7070160/dewas-kpk-kembali-periksa-firli-soal-pertemuan-dengan-syl-5-desember,"
Minggu, 03 Des 2023 20:43 WIB "
Firli Vs SYL Buntut Tudingan Nama Dicatut,https://news.detik.com/berita/d-7069211/firli-vs-syl-buntut-tudingan-nama-dicatut,"
Minggu, 03 Des 2023 08:42 WIB "
Beda Firli Usai Diperiksa: Dulu Tutupi Wajah Kini Minta Tak Dihakimi,https://news.detik.com/berita/d-7068060/beda-firli-usai-diperiksa-dulu-tutupi-wajah-kini-minta-tak-dihakimi,"
Sabtu, 02 Des 2023 10:25 WIB "
Satire MAKI Usai Firli Bahuri Tak Lagi Tutupi Wajah,https://news.detik.com/berita/d-7067929/satire-maki-usai-firli-bahuri-tak-lagi-tutupi-wajah,"
Sabtu, 02 Des 2023 08:35 WIB "
"Usai Diperiksa di Bareskrim, Firli Bicara Pengabdiannya di Polri",https://news.detik.com/berita/d-7067800/usai-diperiksa-di-bareskrim-firli-bicara-pengabdiannya-di-polri,"
Sabtu, 02 Des 2023 02:55 WIB "
Polisi Cecar Firli 40 Pertanyaan Terkait Penukaran Valas hingga LHKPN,https://news.detik.com/berita/d-7067771/polisi-cecar-firli-40-pertanyaan-terkait-penukaran-valas-hingga-lhkpn,"
Sabtu, 02 Des 2023 01:35 WIB "
Polisi Periksa Brigjen Anom Pejabat Kemenkumham sebagai Saksi Kasus Firli,https://news.detik.com/berita/d-7067665/polisi-periksa-brigjen-anom-pejabat-kemenkumham-sebagai-saksi-kasus-firli,"
Jumat, 01 Des 2023 22:14 WIB "
Polisi Ungkap Alasan Tak Tahan Firli Bahuri Meski Sudah Jadi Tersangka,https://news.detik.com/berita/d-7067623/polisi-ungkap-alasan-tak-tahan-firli-bahuri-meski-sudah-jadi-tersangka,"
Jumat, 01 Des 2023 21:46 WIB "
"Diperiksa sebagai Tersangka, Firli Minta Tak Dihakimi",https://news.detik.com/berita/d-7067620/diperiksa-sebagai-tersangka-firli-minta-tak-dihakimi,"
Jumat, 01 Des 2023 21:41 WIB "
Pernyataan Firli Usai Diperiksa 10 Jam Terkait Kasus Pemerasan SYL,https://news.detik.com/berita/d-7067555/pernyataan-firli-usai-diperiksa-10-jam-terkait-kasus-pemerasan-syl,"
Jumat, 01 Des 2023 20:43 WIB "
"Firli dan Alex Tirta Saling Pandang di Bareskrim, Sempat Bahas Sesuatu?",https://news.detik.com/berita/d-7067487/firli-dan-alex-tirta-saling-pandang-di-bareskrim-sempat-bahas-sesuatu,"
Jumat, 01 Des 2023 20:08 WIB "
"Firli Selesai Diperiksa sebagai Tersangka Kasus Pemerasan, Belum Ditahan",https://news.detik.com/berita/d-7067449/firli-selesai-diperiksa-sebagai-tersangka-kasus-pemerasan-belum-ditahan,"
Jumat, 01 Des 2023 19:55 WIB "
Alex Tirta Ngaku Terima Uang Tunai dari Firli Bahuri untuk Sewa Rumah,https://news.detik.com/berita/d-7067372/alex-tirta-ngaku-terima-uang-tunai-dari-firli-bahuri-untuk-sewa-rumah,"
Jumat, 01 Des 2023 19:18 WIB "
Alex Tirta Cerita Bertemu Firli di Sela Pemeriksaan: Sebatas Salam Saja,https://news.detik.com/berita/d-7067310/alex-tirta-cerita-bertemu-firli-di-sela-pemeriksaan-sebatas-salam-saja,"
Jumat, 01 Des 2023 18:48 WIB "
Mahfud Md Janji Bangkitkan Kembali KPK dari Keterpurukan,https://news.detik.com/pemilu/d-7066758/mahfud-md-janji-bangkitkan-kembali-kpk-dari-keterpurukan,"
Jumat, 01 Des 2023 15:11 WIB "
"Sudah 5 Jam, Firli Masih Diperiksa sebagai Tersangka Kasus Pemerasan SYL",https://news.detik.com/berita/d-7066643/sudah-5-jam-firli-masih-diperiksa-sebagai-tersangka-kasus-pemerasan-syl,"
Jumat, 01 Des 2023 14:30 WIB "
MAKI Harap Dewas KPK Tuntaskan Kasus Etik Sebelum Firli Jadi Terdakwa,https://news.detik.com/berita/d-7066394/maki-harap-dewas-kpk-tuntaskan-kasus-etik-sebelum-firli-jadi-terdakwa,"
Jumat, 01 Des 2023 12:59 WIB "
Penampakan Firli Diperiksa Sebagai Tersangka Kasus Pemerasan SYL di Bareskrim,https://news.detik.com/berita/d-7066249/penampakan-firli-diperiksa-sebagai-tersangka-kasus-pemerasan-syl-di-bareskrim,"
Jumat, 01 Des 2023 11:35 WIB "
Eks Pimpinan KPK Minta Polisi Tahan Firli Usai Diperiksa sebagai Tersangka,https://news.detik.com/berita/d-7066135/eks-pimpinan-kpk-minta-polisi-tahan-firli-usai-diperiksa-sebagai-tersangka,"
Jumat, 01 Des 2023 10:38 WIB "
MAKI Penuhi Panggilan Dewas KPK soal Dugaan Pelanggaran Etik Firli,https://news.detik.com/berita/d-7066085/maki-penuhi-panggilan-dewas-kpk-soal-dugaan-pelanggaran-etik-firli,"
Jumat, 01 Des 2023 10:15 WIB "
Tepuk Tangan untuk Firli Bahuri,https://news.detik.com/kolom/d-7064658/tepuk-tangan-untuk-firli-bahuri,"
Jumat, 01 Des 2023 10:15 WIB "
Firli Bahuri Penuhi Panggilan Sebagai Tersangka Pemerasan SYL di Bareskrim,https://news.detik.com/berita/d-7066025/firli-bahuri-penuhi-panggilan-sebagai-tersangka-pemerasan-syl-di-bareskrim,"
Jumat, 01 Des 2023 09:40 WIB "
Alex Tirta Penuhi Panggilan Jadi Saksi Kasus Firli Bahuri Hari Ini,https://news.detik.com/berita/d-7066023/alex-tirta-penuhi-panggilan-jadi-saksi-kasus-firli-bahuri-hari-ini,"
Jumat, 01 Des 2023 09:39 WIB "
"Pukat UGM Khawatir Firli Pengaruhi Saksi, Usul Polisi Lakukan Penahanan",https://news.detik.com/berita/d-7065911/pukat-ugm-khawatir-firli-pengaruhi-saksi-usul-polisi-lakukan-penahanan,"
Jumat, 01 Des 2023 08:17 WIB "
MAKI Harap Polisi Tak Istimewakan Firli: Penahanan Sangat Dibutuhkan,https://news.detik.com/berita/d-7065904/maki-harap-polisi-tak-istimewakan-firli-penahanan-sangat-dibutuhkan,"
Jumat, 01 Des 2023 08:03 WIB "
Hari Ini Firli Perdana Diperiksa sebagai Tersangka hingga Siaga Banjir Jakarta,https://news.detik.com/berita/d-7065654/hari-ini-firli-perdana-diperiksa-sebagai-tersangka-hingga-siaga-banjir-jakarta,"
Jumat, 01 Des 2023 07:44 WIB "
"Abraham Samad: Firli Harus Segera Ditahan, Bahaya Kalau Dia di Luar",https://news.detik.com/berita/d-7065883/abraham-samad-firli-harus-segera-ditahan-bahaya-kalau-dia-di-luar,"
Jumat, 01 Des 2023 07:41 WIB "
Firli Bahuri Diperiksa Sebagai Tersangka Pemerasan SYL Hari Ini,https://news.detik.com/berita/d-7065862/firli-bahuri-diperiksa-sebagai-tersangka-pemerasan-syl-hari-ini,"
Jumat, 01 Des 2023 07:32 WIB "
Dewas KPK Sudah Periksa 30 Saksi Terkait Dugaan Pelanggaran Etik Firli,https://news.detik.com/berita/d-7065849/dewas-kpk-sudah-periksa-30-saksi-terkait-dugaan-pelanggaran-etik-firli,"
Jumat, 01 Des 2023 07:12 WIB "
Nawawi Angkat Bicara soal Firli Masih Terima Gaji,https://news.detik.com/berita/d-7065825/nawawi-angkat-bicara-soal-firli-masih-terima-gaji,"
Jumat, 01 Des 2023 06:10 WIB "
Polisi Juga Panggil Alex Tirta Jadi Saksi Kasus Firli Besok,https://news.detik.com/berita/d-7065658/polisi-juga-panggil-alex-tirta-jadi-saksi-kasus-firli-besok,"
Kamis, 30 Nov 2023 21:39 WIB "
Polisi: Pengacara Konfirmasi Firli Bahuri Hadiri Pemeriksaan Besok,https://news.detik.com/berita/d-7065279/polisi-pengacara-konfirmasi-firli-bahuri-hadiri-pemeriksaan-besok,"
Kamis, 30 Nov 2023 18:19 WIB "
Saut Jelaskan Prinsip KPK yang Dilanggar di Kasus SYL: Pun Dewas Tak Awasi,https://news.detik.com/berita/d-7065168/saut-jelaskan-prinsip-kpk-yang-dilanggar-di-kasus-syl-pun-dewas-tak-awasi,"
Kamis, 30 Nov 2023 17:33 WIB "
KPK soal Firli: Akan Diberhentikan Tetap Bila Statusnya Terdakwa,https://news.detik.com/berita/d-7065019/kpk-soal-firli-akan-diberhentikan-tetap-bila-statusnya-terdakwa,"
Kamis, 30 Nov 2023 16:47 WIB "
Penyanyi Nayunda Nabila Absen dari Panggil KPK Terkait Kasus SYL,https://news.detik.com/berita/d-7064898/penyanyi-nayunda-nabila-absen-dari-panggil-kpk-terkait-kasus-syl,"
Kamis, 30 Nov 2023 16:08 WIB "
Saut Situmorang Penuhi Panggilan Bareskrim Terkait Kasus Firli Bahuri,https://news.detik.com/berita/d-7064619/saut-situmorang-penuhi-panggilan-bareskrim-terkait-kasus-firli-bahuri,"
Kamis, 30 Nov 2023 14:35 WIB "
KPK Panggil Penyanyi Nayunda Nabila Nizrinah Jadi Saksi Kasus SYL,https://news.detik.com/berita/d-7064310/kpk-panggil-penyanyi-nayunda-nabila-nizrinah-jadi-saksi-kasus-syl,"
Kamis, 30 Nov 2023 12:14 WIB "
SYL Serahkan Kasus Dugaan Pemerasan oleh Firli Bahuri ke Penyidik,https://news.detik.com/berita/d-7064067/syl-serahkan-kasus-dugaan-pemerasan-oleh-firli-bahuri-ke-penyidik,"
Kamis, 30 Nov 2023 10:12 WIB "
Firli Bukan Lagi Ketua KPK tapi Tetap Digaji Meski Tak Sepenuhnya,https://news.detik.com/berita/d-7063857/firli-bukan-lagi-ketua-kpk-tapi-tetap-digaji-meski-tak-sepenuhnya,"
Kamis, 30 Nov 2023 08:13 WIB "
"Firli Masih Terima Rp 86,3 Juta Per Bulan, MAKI: Mengusik Keadilan Publik",https://news.detik.com/berita/d-7063764/firli-masih-terima-rp-86-3-juta-per-bulan-maki-mengusik-keadilan-publik,"
Kamis, 30 Nov 2023 06:22 WIB "
"8 Jam Diperiksa, SYL Ngaku Sampaikan Fakta Dugaan Pemerasan ke Penyidik",https://news.detik.com/berita/d-7063636/8-jam-diperiksa-syl-ngaku-sampaikan-fakta-dugaan-pemerasan-ke-penyidik,"
Rabu, 29 Nov 2023 22:36 WIB "
"KPK Tolak Beri Bantuan Hukum ke Firli, Trimedya Bandingkan dengan Antasari",https://news.detik.com/berita/d-7062780/kpk-tolak-beri-bantuan-hukum-ke-firli-trimedya-bandingkan-dengan-antasari,"
Rabu, 29 Nov 2023 15:06 WIB "
Anggota Komisi III DPR Dukung Nawawi Tegas Tak Beri Bantuan Hukum ke Firli,https://news.detik.com/berita/d-7062640/anggota-komisi-iii-dpr-dukung-nawawi-tegas-tak-beri-bantuan-hukum-ke-firli,"
Rabu, 29 Nov 2023 14:16 WIB "
SYL Tiba di Bareskrim untuk Diperiksa Jadi Saksi Kasus Firli Bahuri,https://news.detik.com/berita/d-7062554/syl-tiba-di-bareskrim-untuk-diperiksa-jadi-saksi-kasus-firli-bahuri,"
Rabu, 29 Nov 2023 13:39 WIB "
Menelisik Pemberhentian Sementara Firli Bahuri,https://news.detik.com/kolom/d-7060837/menelisik-pemberhentian-sementara-firli-bahuri,"
Rabu, 29 Nov 2023 11:15 WIB "
KPK Cabut Pengawalan Firli Bahuri,https://news.detik.com/berita/d-7062224/kpk-cabut-pengawalan-firli-bahuri,"
Rabu, 29 Nov 2023 10:57 WIB "
"SYL Bakal Diperiksa Terkait Kasus Pemerasan, Bawa Sejumlah Dokumen",https://news.detik.com/berita/d-7062217/syl-bakal-diperiksa-terkait-kasus-pemerasan-bawa-sejumlah-dokumen,"
Rabu, 29 Nov 2023 10:49 WIB "
"Firli Bahuri Bukan Ketua KPK Lagi, Pengawalan dari TNI Dicabut?",https://news.detik.com/berita/d-7062162/firli-bahuri-bukan-ketua-kpk-lagi-pengawalan-dari-tni-dicabut,"
Rabu, 29 Nov 2023 10:24 WIB "
Sahroni soal Praperadilan Firli: Penetapan Tersangka Clear,https://news.detik.com/berita/d-7062068/sahroni-soal-praperadilan-firli-penetapan-tersangka-clear,"
Rabu, 29 Nov 2023 09:31 WIB "
Beda Nasib SYL dengan 3 Pegawai Kementan soal Perlindungan LPSK,https://news.detik.com/berita/d-7061958/beda-nasib-syl-dengan-3-pegawai-kementan-soal-perlindungan-lpsk,"
Rabu, 29 Nov 2023 08:16 WIB "
Menanti Pemeriksaan Perdana Firli Bahuri sebagai Tersangka,https://news.detik.com/berita/d-7061939/menanti-pemeriksaan-perdana-firli-bahuri-sebagai-tersangka,"
Rabu, 29 Nov 2023 07:58 WIB "
KPK Hormati Panggilan Polisi Terhadap 4 Pimpinan Usai Firli Jadi Tersangka,https://news.detik.com/berita/d-7061813/kpk-hormati-panggilan-polisi-terhadap-4-pimpinan-usai-firli-jadi-tersangka,"
Selasa, 28 Nov 2023 23:35 WIB "
Kombes Irwan Anwar Diperiksa Lagi terkait Kasus Firli Bahuri Peras SYL,https://news.detik.com/berita/d-7061630/kombes-irwan-anwar-diperiksa-lagi-terkait-kasus-firli-bahuri-peras-syl,"
Selasa, 28 Nov 2023 20:49 WIB "
KPK-Polda Metro Koordinasi Terkait Pemeriksaan SYL dan 2 Anak Buahnya Besok,https://news.detik.com/berita/d-7061618/kpk-polda-metro-koordinasi-terkait-pemeriksaan-syl-dan-2-anak-buahnya-besok,"
Selasa, 28 Nov 2023 20:39 WIB "
KPK: Pimpinan Sepakat Tak Beri Bantuan Hukum ke Firli Bahuri,https://news.detik.com/berita/d-7061530/kpk-pimpinan-sepakat-tak-beri-bantuan-hukum-ke-firli-bahuri,"
Selasa, 28 Nov 2023 19:40 WIB "
Polisi Panggil 2 Eks Anak Buah SYL Jadi Saksi Kasus Firli Besok,https://news.detik.com/berita/d-7061074/polisi-panggil-2-eks-anak-buah-syl-jadi-saksi-kasus-firli-besok,"
Selasa, 28 Nov 2023 16:33 WIB "
Firli Bakal Diperiksa sebagai Tersangka pada 1 Desember di Bareskrim,https://news.detik.com/berita/d-7060983/firli-bakal-diperiksa-sebagai-tersangka-pada-1-desember-di-bareskrim,"
Selasa, 28 Nov 2023 15:58 WIB "
"Beda dari SYL, 3 Pegawai Kementan Diberi Perlindungan LPSK karena Diteror",https://news.detik.com/berita/d-7060839/beda-dari-syl-3-pegawai-kementan-diberi-perlindungan-lpsk-karena-diteror,"
Selasa, 28 Nov 2023 15:06 WIB "
SYL Bakal Diperiksa Terkait Kasus Pemerasan Firli Bahuri Besok,https://news.detik.com/berita/d-7060722/syl-bakal-diperiksa-terkait-kasus-pemerasan-firli-bahuri-besok,"
Selasa, 28 Nov 2023 14:20 WIB "
Beda Pimpinan KPK soal Penetapan Tersangka Baru di Kasus Proyek Jalur KA,https://news.detik.com/berita/d-7060602/beda-pimpinan-kpk-soal-penetapan-tersangka-baru-di-kasus-proyek-jalur-ka,"
Selasa, 28 Nov 2023 13:32 WIB "
Pengacara: SYL Diperiksa Terkait Kasus Pemerasan Firli Bahuri Besok,https://news.detik.com/berita/d-7060589/pengacara-syl-diperiksa-terkait-kasus-pemerasan-firli-bahuri-besok,"
Selasa, 28 Nov 2023 13:25 WIB "
"Nawawi Sementara Pimpin KPK, Perburuan Harun Masiku Jadi yang Utama",https://news.detik.com/berita/d-7059952/nawawi-sementara-pimpin-kpk-perburuan-harun-masiku-jadi-yang-utama,"
Selasa, 28 Nov 2023 07:04 WIB "
"Firli Resmi Diberhentikan, Ini Siasat Pimpinan Cegah Kebusukan di KPK",https://news.detik.com/berita/d-7059802/firli-resmi-diberhentikan-ini-siasat-pimpinan-cegah-kebusukan-di-kpk,"
Senin, 27 Nov 2023 22:06 WIB "
Arahan Kapolri ke Penyidik untuk Siap Lawan Praperadilan Firli Bahuri,https://news.detik.com/berita/d-7059661/arahan-kapolri-ke-penyidik-untuk-siap-lawan-praperadilan-firli-bahuri,"
Senin, 27 Nov 2023 20:39 WIB "
Alasan LPSK Tolak Lindungi Syahrul Yasin Limpo: Tersangka KPK,https://news.detik.com/berita/d-7059650/alasan-lpsk-tolak-lindungi-syahrul-yasin-limpo-tersangka-kpk,"
Senin, 27 Nov 2023 20:35 WIB "
"Akses Khusus ke Gedung KPK Disetop, Firli Bakal Diperlakukan Seperti Tamu",https://news.detik.com/berita/d-7059480/akses-khusus-ke-gedung-kpk-disetop-firli-bakal-diperlakukan-seperti-tamu,"
Senin, 27 Nov 2023 18:43 WIB "
"Tinjau Ulang Bantuan Hukum Firli, Nawawi: KPK Zero Tolerance ke Isu Korupsi",https://news.detik.com/berita/d-7059445/tinjau-ulang-bantuan-hukum-firli-nawawi-kpk-zero-tolerance-ke-isu-korupsi,"
Senin, 27 Nov 2023 18:21 WIB "
"Polisi Bakal Periksa 4 Pimpinan KPK Usai Firli Tersangka, Ini Kata Nawawi",https://news.detik.com/berita/d-7058831/polisi-bakal-periksa-4-pimpinan-kpk-usai-firli-tersangka-ini-kata-nawawi,"
Senin, 27 Nov 2023 14:39 WIB "
"Nawawi Jadi Ketua Sementara KPK, Bantuan Hukum ke Firli Ditinjau Ulang",https://news.detik.com/berita/d-7058736/nawawi-jadi-ketua-sementara-kpk-bantuan-hukum-ke-firli-ditinjau-ulang,"
Senin, 27 Nov 2023 14:10 WIB "
"Berbanding Terbalik dengan Firli, Ini Harta Nawawi Ketua KPK Baru",https://news.detik.com/berita/d-7058718/berbanding-terbalik-dengan-firli-ini-harta-nawawi-ketua-kpk-baru,"
Senin, 27 Nov 2023 14:00 WIB "
Nawawi Tegaskan Komitmen dan Prioritas KPK Tangkap Harun Masiku,https://news.detik.com/berita/d-7058605/nawawi-tegaskan-komitmen-dan-prioritas-kpk-tangkap-harun-masiku,"
Senin, 27 Nov 2023 13:19 WIB "
"Nawawi Bakal Pimpin Rapat KPK, Bahas soal Bantuan Hukum untuk Firli",https://news.detik.com/berita/d-7058469/nawawi-bakal-pimpin-rapat-kpk-bahas-soal-bantuan-hukum-untuk-firli,"
Senin, 27 Nov 2023 12:14 WIB "
"Firli Bahuri Ajukan Praperadilan, Kapolri: Itu Hak, Biar Diuji oleh Hakim",https://news.detik.com/berita/d-7058450/firli-bahuri-ajukan-praperadilan-kapolri-itu-hak-biar-diuji-oleh-hakim,"
Senin, 27 Nov 2023 12:03 WIB "
SYL Siap Diperiksa Polda Metro Terkait Kasus Pemerasan Firli Bahuri,https://news.detik.com/berita/d-7058447/syl-siap-diperiksa-polda-metro-terkait-kasus-pemerasan-firli-bahuri,"
Senin, 27 Nov 2023 12:01 WIB "
Dewas KPK Jamin Pengusutan Dugaan Pelanggaran Etik Firli Dilanjutkan,https://news.detik.com/berita/d-7058404/dewas-kpk-jamin-pengusutan-dugaan-pelanggaran-etik-firli-dilanjutkan,"
Senin, 27 Nov 2023 11:43 WIB "
"Usai Ucap Sumpah, Nawawi Akan Rapat Bersama 3 Pimpinan Bahas Situasi KPK",https://news.detik.com/berita/d-7058025/usai-ucap-sumpah-nawawi-akan-rapat-bersama-3-pimpinan-bahas-situasi-kpk,"
Senin, 27 Nov 2023 08:00 WIB "
Nawawi Pomolango Ucapkan Sumpah Ketua KPK di Hadapan Jokowi Hari Ini,https://news.detik.com/berita/d-7057960/nawawi-pomolango-ucapkan-sumpah-ketua-kpk-di-hadapan-jokowi-hari-ini,"
Senin, 27 Nov 2023 06:16 WIB "
"Daftar Kontroversi Firli, Kini Diberhentikan dari Ketua KPK karena Tersangka",https://news.detik.com/berita/d-7057258/daftar-kontroversi-firli-kini-diberhentikan-dari-ketua-kpk-karena-tersangka,"
Minggu, 26 Nov 2023 14:16 WIB "
Polisi Bakal Periksa Lagi SYL Usai Firli Bahuri Ditetapkan Jadi Tersangka,https://news.detik.com/berita/d-7057065/polisi-bakal-periksa-lagi-syl-usai-firli-bahuri-ditetapkan-jadi-tersangka,"
Minggu, 26 Nov 2023 11:46 WIB "
KPK Sudah Terima Keppres Pemberhentian Sementara Firli Bahuri,https://news.detik.com/berita/d-7056900/kpk-sudah-terima-keppres-pemberhentian-sementara-firli-bahuri,"
Minggu, 26 Nov 2023 09:27 WIB "
Harapan Jokowi untuk KPK Usai Tunjuk Nawawi Pomolango Gantikan Firli,https://news.detik.com/berita/d-7056860/harapan-jokowi-untuk-kpk-usai-tunjuk-nawawi-pomolango-gantikan-firli,"
Minggu, 26 Nov 2023 09:04 WIB "
Ada Pertimbangan Rahasia Jokowi di Balik Nawawi Gantikan Firli,https://news.detik.com/berita/d-7056817/ada-pertimbangan-rahasia-jokowi-di-balik-nawawi-gantikan-firli,"
Minggu, 26 Nov 2023 08:34 WIB "
Jokowi Ungkap Alasan Tunjuk Nawawi Jadi Ketua KPK Sementara,https://news.detik.com/berita/d-7056153/jokowi-ungkap-alasan-tunjuk-nawawi-jadi-ketua-kpk-sementara,"
Sabtu, 25 Nov 2023 16:56 WIB "
Anies Ingin Pimpinan KPK Teken Komitmen Mundur Bila Langgar Kode Etik,https://news.detik.com/pemilu/d-7055893/anies-ingin-pimpinan-kpk-teken-komitmen-mundur-bila-langgar-kode-etik,"
Sabtu, 25 Nov 2023 13:20 WIB "
MAKI Heran Sikap Alex Marwata soal Firli Tersangka: Kita Rakyat Saja Malu!,https://news.detik.com/berita/d-7055506/maki-heran-sikap-alex-marwata-soal-firli-tersangka-kita-rakyat-saja-malu,"
Sabtu, 25 Nov 2023 08:03 WIB "
Tak Jadi Persoalan bagi Polisi Usai Firli Bahuri Melawan,https://news.detik.com/berita/d-7055452/tak-jadi-persoalan-bagi-polisi-usai-firli-bahuri-melawan,"
Sabtu, 25 Nov 2023 07:04 WIB "
Sahroni Soroti Alex Marwata Tak Malu Firli Tersangka: KPK Harusnya Prihatin,https://news.detik.com/berita/d-7055450/sahroni-soroti-alex-marwata-tak-malu-firli-tersangka-kpk-harusnya-prihatin,"
Sabtu, 25 Nov 2023 06:47 WIB "
Sikap Berbeda 2 Pimpinan KPK soal Firli: Tak Malu dan Minta Maaf,https://news.detik.com/berita/d-7055447/sikap-berbeda-2-pimpinan-kpk-soal-firli-tak-malu-dan-minta-maaf,"
Sabtu, 25 Nov 2023 06:35 WIB "
Kata KPK soal Bantuan Hukum untuk Firli Usai Jadi Tersangka Pemerasan SYL,https://news.detik.com/berita/d-7055429/kata-kpk-soal-bantuan-hukum-untuk-firli-usai-jadi-tersangka-pemerasan-syl,"
Sabtu, 25 Nov 2023 05:41 WIB "
Johanis Tanak Siap Penuhi Panggilan Polda Metro sebagai Saksi Kasus Firli,https://news.detik.com/berita/d-7055412/johanis-tanak-siap-penuhi-panggilan-polda-metro-sebagai-saksi-kasus-firli,"
Sabtu, 25 Nov 2023 04:55 WIB "
Gerak-gerik Firli Bahuri Terbatasi Usai Dicegah ke Luar Negeri,https://news.detik.com/berita/d-7055229/gerak-gerik-firli-bahuri-terbatasi-usai-dicegah-ke-luar-negeri,"
Jumat, 24 Nov 2023 21:03 WIB "
Polda Metro Siap Hadapi Praperadilan Status Tersangka Firli Bahuri,https://news.detik.com/berita/d-7055049/polda-metro-siap-hadapi-praperadilan-status-tersangka-firli-bahuri,"
Jumat, 24 Nov 2023 18:57 WIB "
Sidang Perdana Praperadilan Status Tersangka Firli Digelar 11 Desember,https://news.detik.com/berita/d-7054762/sidang-perdana-praperadilan-status-tersangka-firli-digelar-11-desember,"
Jumat, 24 Nov 2023 17:04 WIB "
"Firli Tersangka Pemerasan, Ini Harapan Kaesang untuk Ketua KPK Selanjutnya",https://news.detik.com/berita/d-7054736/firli-tersangka-pemerasan-ini-harapan-kaesang-untuk-ketua-kpk-selanjutnya,"
Jumat, 24 Nov 2023 16:56 WIB "
Firli Bahuri Ajukan Praperadilan Lawan Kapolda Metro!,https://news.detik.com/berita/d-7054731/firli-bahuri-ajukan-praperadilan-lawan-kapolda-metro,"
Jumat, 24 Nov 2023 16:52 WIB "
Polisi Jelaskan Alasan Belum Tahan Firli Tersangka Dugaan Pemerasan SYL,https://news.detik.com/berita/d-7054655/polisi-jelaskan-alasan-belum-tahan-firli-tersangka-dugaan-pemerasan-syl,"
Jumat, 24 Nov 2023 16:26 WIB "
"Kejati DKI Terima SPDP Firli Tersangka, Tunjuk 4 Jaksa Teliti Berkas",https://news.detik.com/berita/d-7054616/kejati-dki-terima-spdp-firli-tersangka-tunjuk-4-jaksa-teliti-berkas,"
Jumat, 24 Nov 2023 16:16 WIB "
Polisi soal Firli Tersangka Pemerasan SYL: Ada Beberapa Kali Penyerahan Uang,https://news.detik.com/berita/d-7054447/polisi-soal-firli-tersangka-pemerasan-syl-ada-beberapa-kali-penyerahan-uang,"
Jumat, 24 Nov 2023 14:46 WIB "
Polisi Tak Masalah Firli Mau Lawan Penetapan Tersangka Kasus Pemerasan SYL,https://news.detik.com/berita/d-7054347/polisi-tak-masalah-firli-mau-lawan-penetapan-tersangka-kasus-pemerasan-syl,"
Jumat, 24 Nov 2023 14:07 WIB "
ICW: Alexander Marwata Lebih Seperti Pengacara Firli Ketimbang Pimpinan KPK,https://news.detik.com/berita/d-7054322/icw-alexander-marwata-lebih-seperti-pengacara-firli-ketimbang-pimpinan-kpk,"
Jumat, 24 Nov 2023 13:58 WIB "
Polisi Akan Panggil 4 Pimpinan KPK Usai Firli Jadi Tersangka Pemerasan SYL,https://news.detik.com/berita/d-7054274/polisi-akan-panggil-4-pimpinan-kpk-usai-firli-jadi-tersangka-pemerasan-syl,"
Jumat, 24 Nov 2023 13:36 WIB "
"Firli Bahuri Tersangka, Cak Imin Bersyukur Hukum Tegak Tak Pandang Bulu",https://news.detik.com/pemilu/d-7054242/firli-bahuri-tersangka-cak-imin-bersyukur-hukum-tegak-tak-pandang-bulu,"
Jumat, 24 Nov 2023 13:25 WIB "
"Firli Bahuri Dicegah ke Luar Negeri Selama 20 Hari, Ini Alasan Polisi",https://news.detik.com/berita/d-7054183/firli-bahuri-dicegah-ke-luar-negeri-selama-20-hari-ini-alasan-polisi,"
Jumat, 24 Nov 2023 12:55 WIB "
Ketua KPK Firli Bahuri Dicegah ke Luar Negeri!,https://news.detik.com/berita/d-7054166/ketua-kpk-firli-bahuri-dicegah-ke-luar-negeri,"
Jumat, 24 Nov 2023 12:43 WIB "
Beda Sikap 2 Pimpinan KPK Usai Firli Bahuri Jadi Tersangka Pemerasan SYL,https://news.detik.com/berita/d-7053999/beda-sikap-2-pimpinan-kpk-usai-firli-bahuri-jadi-tersangka-pemerasan-syl,"
Jumat, 24 Nov 2023 11:12 WIB "
"Fakta-fakta OTT KPK di Kaltim Sejauh Ini, 11 Orang Diamankan",https://news.detik.com/berita/d-7053921/fakta-fakta-ott-kpk-di-kaltim-sejauh-ini-11-orang-diamankan,"
Jumat, 24 Nov 2023 10:40 WIB "
"KPK: Sepanjang Belum Ada Keppres Pemberhentian, Firli Bahuri Tetap Ketua",https://news.detik.com/berita/d-7053837/kpk-sepanjang-belum-ada-keppres-pemberhentian-firli-bahuri-tetap-ketua,"
Jumat, 24 Nov 2023 10:02 WIB "
"Firli Bahuri Tersangka Dugaan Pemerasan SYL, Eks Pimpinan KPK: Memalukan!",https://news.detik.com/berita/d-7053744/firli-bahuri-tersangka-dugaan-pemerasan-syl-eks-pimpinan-kpk-memalukan,"
Jumat, 24 Nov 2023 08:56 WIB "
IM57+ Dorong Jokowi Segera Berhentikan Firli Bahuri dari Ketua KPK,https://news.detik.com/berita/d-7053707/im57-dorong-jokowi-segera-berhentikan-firli-bahuri-dari-ketua-kpk,"
Jumat, 24 Nov 2023 08:31 WIB "
Efek Kasus Firli: Sikap Keras Para Capres hingga Aksi Cukur Rambut Eks Pegawai KPK,https://news.detik.com/berita/d-7053442/efek-kasus-firli-sikap-keras-para-capres-hingga-aksi-cukur-rambut-eks-pegawai-kpk,"
Jumat, 24 Nov 2023 07:58 WIB "
Ghufron Klaim OTT di Kaltim Bukti KPK Tak Terganggu Usai Firli Tersangka,https://news.detik.com/berita/d-7053683/ghufron-klaim-ott-di-kaltim-bukti-kpk-tak-terganggu-usai-firli-tersangka,"
Jumat, 24 Nov 2023 07:55 WIB "
Saut Situmorang Apresiasi Polri Tetapkan Firli Bahuri Tersangka Pemerasan SYL,https://news.detik.com/berita/d-7053660/saut-situmorang-apresiasi-polri-tetapkan-firli-bahuri-tersangka-pemerasan-syl,"
Jumat, 24 Nov 2023 07:42 WIB "
11 Orang Diamankan Terkait OTT KPK di Kaltim,https://news.detik.com/berita/d-7053639/11-orang-diamankan-terkait-ott-kpk-di-kaltim,"
Jumat, 24 Nov 2023 07:16 WIB "
"Firli Jadi Tersangka, Ghufron: Saya Minta Maaf Peristiwa itu Bikin Gaduh",https://news.detik.com/berita/d-7053634/firli-jadi-tersangka-ghufron-saya-minta-maaf-peristiwa-itu-bikin-gaduh,"
Jumat, 24 Nov 2023 07:08 WIB "
Desakan dari Mana-mana Agar Firli Mundur dari KPK Usai Jadi Tersangka,https://news.detik.com/berita/d-7053610/desakan-dari-mana-mana-agar-firli-mundur-dari-kpk-usai-jadi-tersangka,"
Jumat, 24 Nov 2023 06:37 WIB "
Samad Curiga Alex Marwata Lindungi Firli Usai Bilang Tak Merasa Malu,https://news.detik.com/berita/d-7053554/samad-curiga-alex-marwata-lindungi-firli-usai-bilang-tak-merasa-malu,"
Jumat, 24 Nov 2023 00:35 WIB "
Dua Kali Anggukan Kepala SYL: Jumpa di Kertanegara dan Firli Tersangka,https://news.detik.com/berita/d-7053380/dua-kali-anggukan-kepala-syl-jumpa-di-kertanegara-dan-firli-tersangka,"
Kamis, 23 Nov 2023 21:03 WIB "
Ma'ruf Amin soal Firli Tersangka: Silakan Berjalan Sesuai Koridor Hukum,https://news.detik.com/berita/d-7053331/maruf-amin-soal-firli-tersangka-silakan-berjalan-sesuai-koridor-hukum,"
Kamis, 23 Nov 2023 20:35 WIB "
Firli Bahuri Siapkan Perlawanan Usai Jadi Tersangka Pemerasan,https://news.detik.com/berita/d-7053318/firli-bahuri-siapkan-perlawanan-usai-jadi-tersangka-pemerasan,"
Kamis, 23 Nov 2023 20:23 WIB "
"Pimpinan KPK Tersangka Bukan Kali Ini Saja, tapi Kini Ada yang Beda",https://news.detik.com/berita/d-7053180/pimpinan-kpk-tersangka-bukan-kali-ini-saja-tapi-kini-ada-yang-beda,"
Kamis, 23 Nov 2023 19:08 WIB "
Abraham Samad soal Firli Tersangka: Sekarang Bukan Cicak Vs Buaya,https://news.detik.com/berita/d-7053142/abraham-samad-soal-firli-tersangka-sekarang-bukan-cicak-vs-buaya,"
Kamis, 23 Nov 2023 18:47 WIB "
3 Langkah Polisi Usai Tetapkan Firli Bahuri Tersangka Pemerasan,https://news.detik.com/berita/d-7053095/3-langkah-polisi-usai-tetapkan-firli-bahuri-tersangka-pemerasan,"
Kamis, 23 Nov 2023 18:20 WIB "
"Muhammadiyah Dukung Polri, Minta Tak Ragu Usut Kasus Firli Peras SYL",https://news.detik.com/berita/d-7053069/muhammadiyah-dukung-polri-minta-tak-ragu-usut-kasus-firli-peras-syl,"
Kamis, 23 Nov 2023 18:00 WIB "
Anies soal Firli Bahuri Tersangka: KPK Harusnya Jadi Contoh,https://news.detik.com/berita/d-7052903/anies-soal-firli-bahuri-tersangka-kpk-harusnya-jadi-contoh,"
Kamis, 23 Nov 2023 17:02 WIB "
Samad hingga Eks Raja OTT Cukur Gundul di KPK Usai Firli Jadi Tersangka,https://news.detik.com/berita/d-7052811/samad-hingga-eks-raja-ott-cukur-gundul-di-kpk-usai-firli-jadi-tersangka,"
Kamis, 23 Nov 2023 16:21 WIB "
"Firli Bahuri Bakal Melawan Usai Jadi Tersangka, Mahfud Md: Itu Hak Dia",https://news.detik.com/berita/d-7052775/firli-bahuri-bakal-melawan-usai-jadi-tersangka-mahfud-md-itu-hak-dia,"
Kamis, 23 Nov 2023 16:06 WIB "
"Resmi Jadi Tersangka, Berapa Nominal Firli Bahuri Peras SYL?",https://news.detik.com/berita/d-7052746/resmi-jadi-tersangka-berapa-nominal-firli-bahuri-peras-syl,"
Kamis, 23 Nov 2023 15:56 WIB "
Mahfud Minta KPK Tetap Jalan Meski Firli Bahuri Berstatus Tersangka,https://news.detik.com/berita/d-7052742/mahfud-minta-kpk-tetap-jalan-meski-firli-bahuri-berstatus-tersangka,"
Kamis, 23 Nov 2023 15:54 WIB "
"Ketua KPK Firli Bahuri Tersangka, Begini Reaksi Syahrul Yasin Limpo",https://news.detik.com/berita/d-7052725/ketua-kpk-firli-bahuri-tersangka-begini-reaksi-syahrul-yasin-limpo,"
Kamis, 23 Nov 2023 15:46 WIB "
KPK Klaim Kasus SYL Tak Cacat Hukum Usai Firli Resmi Tersangka Pemerasan,https://news.detik.com/berita/d-7052692/kpk-klaim-kasus-syl-tak-cacat-hukum-usai-firli-resmi-tersangka-pemerasan,"
Kamis, 23 Nov 2023 15:40 WIB "
Alex Marwata KPK Tak Malu Meski Firli Bahuri Jadi Tersangka,https://news.detik.com/berita/d-7052638/alex-marwata-kpk-tak-malu-meski-firli-bahuri-jadi-tersangka,"
Kamis, 23 Nov 2023 15:20 WIB "
Ketua KPK Firli Bahuri Masih Ngantor Usai Resmi Jadi Tersangka,https://news.detik.com/berita/d-7052559/ketua-kpk-firli-bahuri-masih-ngantor-usai-resmi-jadi-tersangka,"
Kamis, 23 Nov 2023 14:48 WIB "
KPK Tunggu Keputusan Presiden soal Pemberhentian Sementara Firli Bahuri,https://news.detik.com/berita/d-7052478/kpk-tunggu-keputusan-presiden-soal-pemberhentian-sementara-firli-bahuri,"
Kamis, 23 Nov 2023 14:16 WIB "
Alex Marwata Tegaskan Firli Masih Ketua KPK Aktif Meski Jadi Tersangka,https://news.detik.com/berita/d-7052471/alex-marwata-tegaskan-firli-masih-ketua-kpk-aktif-meski-jadi-tersangka,"
Kamis, 23 Nov 2023 14:13 WIB "
"Firli Tersangka Pemerasan SYL, KPK Beri Bantuan Hukum",https://news.detik.com/berita/d-7052467/firli-tersangka-pemerasan-syl-kpk-beri-bantuan-hukum,"
Kamis, 23 Nov 2023 14:11 WIB "
Alexander Marwata Jawab soal Siapa Jadi Ketua KPK Usai Firli Tersangka,https://news.detik.com/berita/d-7052466/alexander-marwata-jawab-soal-siapa-jadi-ketua-kpk-usai-firli-tersangka,"
Kamis, 23 Nov 2023 14:10 WIB "
KPK Solid Tuntaskan Kasus Korupsi Meski Firli Bahuri Jadi Tersangka,https://news.detik.com/berita/d-7052462/kpk-solid-tuntaskan-kasus-korupsi-meski-firli-bahuri-jadi-tersangka,"
Kamis, 23 Nov 2023 14:05 WIB "
"Firli Bahuri Tersangka, Bambang Pacul Teringat 'Robohnya Surau Kami'",https://news.detik.com/berita/d-7052459/firli-bahuri-tersangka-bambang-pacul-teringat-robohnya-surau-kami,"
Kamis, 23 Nov 2023 14:05 WIB "
"Firli Bahuri Tersangka Pemerasan, KPK Hormati Proses Hukum di Polda Metro",https://news.detik.com/berita/d-7052455/firli-bahuri-tersangka-pemerasan-kpk-hormati-proses-hukum-di-polda-metro,"
Kamis, 23 Nov 2023 14:03 WIB "
"Jadi Tersangka Pemerasan, Firli Bahuri Pimpinan KPK Paling Kaya",https://news.detik.com/berita/d-7052424/jadi-tersangka-pemerasan-firli-bahuri-pimpinan-kpk-paling-kaya,"
Kamis, 23 Nov 2023 13:47 WIB "
Komisi III DPR Rapat Malam Ini Bahas Firli Tersangka: Kejadian Luar Biasa,https://news.detik.com/berita/d-7052378/komisi-iii-dpr-rapat-malam-ini-bahas-firli-tersangka-kejadian-luar-biasa,"
Kamis, 23 Nov 2023 13:30 WIB "
Ganjar-Mahfud Buka Suara soal Ketua KPK Firli Tersangka Pemerasan SYL,https://news.detik.com/pemilu/d-7052303/ganjar-mahfud-buka-suara-soal-ketua-kpk-firli-tersangka-pemerasan-syl,"
Kamis, 23 Nov 2023 13:03 WIB "
Polisi Sita Baju-Sepatu SYL Saat Bertemu Firli di GOR Badminton,https://news.detik.com/berita/d-7052257/polisi-sita-baju-sepatu-syl-saat-bertemu-firli-di-gor-badminton,"
Kamis, 23 Nov 2023 12:42 WIB "
Polri Kirim Surat Penetapan Tersangka Firli Bahuri ke Setneg Hari Ini,https://news.detik.com/berita/d-7052231/polri-kirim-surat-penetapan-tersangka-firli-bahuri-ke-setneg-hari-ini,"
Kamis, 23 Nov 2023 12:31 WIB "
Dewas KPK Akan Surati Presiden Terkait Pemberhentian Sementara Firli Bahuri,https://news.detik.com/berita/d-7052223/dewas-kpk-akan-surati-presiden-terkait-pemberhentian-sementara-firli-bahuri,"
Kamis, 23 Nov 2023 12:26 WIB "
Profil Ketua KPK Firli Bahuri Tersangka Kasus Pemerasan SYL,https://news.detik.com/berita/d-7052220/profil-ketua-kpk-firli-bahuri-tersangka-kasus-pemerasan-syl,"
Kamis, 23 Nov 2023 12:26 WIB "
ICW Desak Akses Firli Bahuri Masuk ke KPK Dicabut Usai Jadi Tersangka,https://news.detik.com/berita/d-7052184/icw-desak-akses-firli-bahuri-masuk-ke-kpk-dicabut-usai-jadi-tersangka,"
Kamis, 23 Nov 2023 12:18 WIB "
PSI Minta Firli Bahuri Mundur,https://news.detik.com/pemilu/d-7052181/psi-minta-firli-bahuri-mundur,"
Kamis, 23 Nov 2023 12:16 WIB "
Ketua KPK Firli Bahuri Akan Melawan Usai Jadi Tersangka Pemerasan,https://news.detik.com/berita/d-7052065/ketua-kpk-firli-bahuri-akan-melawan-usai-jadi-tersangka-pemerasan,"
Kamis, 23 Nov 2023 11:29 WIB "
Sahroni Minta Ketua KPK Firli Mundur Usai Jadi Tersangka Pemerasan SYL,https://news.detik.com/berita/d-7052054/sahroni-minta-ketua-kpk-firli-mundur-usai-jadi-tersangka-pemerasan-syl,"
Kamis, 23 Nov 2023 11:25 WIB "
Rekam Jejak Firli Bahuri Selalu Lolos Etik Kini Jadi Tersangka Pemerasan,https://news.detik.com/berita/d-7052029/rekam-jejak-firli-bahuri-selalu-lolos-etik-kini-jadi-tersangka-pemerasan,"
Kamis, 23 Nov 2023 11:08 WIB "
Dewas KPK soal Pemberhentian Sementara Firli: Ada di Tangan Presiden,https://news.detik.com/berita/d-7052000/dewas-kpk-soal-pemberhentian-sementara-firli-ada-di-tangan-presiden,"
Kamis, 23 Nov 2023 10:52 WIB "
Dewas KPK Tetap Lanjut Proses Etik Usai Firli Bahuri Jadi Tersangka,https://news.detik.com/berita/d-7051963/dewas-kpk-tetap-lanjut-proses-etik-usai-firli-bahuri-jadi-tersangka,"
Kamis, 23 Nov 2023 10:30 WIB "
Jokowi soal Firli Bahuri Tersangka: Hormati Semua Proses Hukum,https://news.detik.com/berita/d-7051895/jokowi-soal-firli-bahuri-tersangka-hormati-semua-proses-hukum,"
Kamis, 23 Nov 2023 09:49 WIB "
Kapan Firli Bahuri Dicegah ke Luar Negeri? Ini Kata Polda Metro,https://news.detik.com/berita/d-7051894/kapan-firli-bahuri-dicegah-ke-luar-negeri-ini-kata-polda-metro,"
Kamis, 23 Nov 2023 09:49 WIB "
Setneg Tunggu Surat dari Polri untuk Proses Pemberhentian Sementara Firli,https://news.detik.com/berita/d-7051885/setneg-tunggu-surat-dari-polri-untuk-proses-pemberhentian-sementara-firli,"
Kamis, 23 Nov 2023 09:39 WIB "
Wakil Ketua KPK soal Firli Bahuri Tersangka: Harus Taat Hukum,https://news.detik.com/berita/d-7051860/wakil-ketua-kpk-soal-firli-bahuri-tersangka-harus-taat-hukum,"
Kamis, 23 Nov 2023 09:22 WIB "
"Firli Bahuri Tersangka, UU KPK Sebut Pemberhentian Sementara Lewat Keppres",https://news.detik.com/berita/d-7051851/firli-bahuri-tersangka-uu-kpk-sebut-pemberhentian-sementara-lewat-keppres,"
Kamis, 23 Nov 2023 09:13 WIB "
"Firli Jadi Tersangka Pemerasan SYL, MAKI: Hilangkan Beban KPK",https://news.detik.com/berita/d-7051835/firli-jadi-tersangka-pemerasan-syl-maki-hilangkan-beban-kpk,"
Kamis, 23 Nov 2023 09:03 WIB "
5 Fakta Ketua KPK Firli Bahuri Dijerat Polisi Jadi Tersangka,https://news.detik.com/berita/d-7051771/5-fakta-ketua-kpk-firli-bahuri-dijerat-polisi-jadi-tersangka,"
Kamis, 23 Nov 2023 08:35 WIB "
Firli Bahuri Tersangka! Hingga Belajar dari Kasus Bayi Prematur,https://news.detik.com/berita/d-7051447/firli-bahuri-tersangka-hingga-belajar-dari-kasus-bayi-prematur,"
Kamis, 23 Nov 2023 08:05 WIB "
Jejak Perkara Peras SYL Berujung Firli Bahuri Jadi Tersangka,https://news.detik.com/berita/d-7051675/jejak-perkara-peras-syl-berujung-firli-bahuri-jadi-tersangka,"
Kamis, 23 Nov 2023 06:52 WIB "
"Jadi Tersangka, Firli Bahuri Harus Diberhentikan Sementara dari Ketua KPK",https://news.detik.com/berita/d-7051667/jadi-tersangka-firli-bahuri-harus-diberhentikan-sementara-dari-ketua-kpk,"
Kamis, 23 Nov 2023 06:38 WIB "
Ancaman Penjara Seumur Hidup bagi Firli Bahuri Usai Jadi Tersangka,https://news.detik.com/berita/d-7051660/ancaman-penjara-seumur-hidup-bagi-firli-bahuri-usai-jadi-tersangka,"
Kamis, 23 Nov 2023 06:19 WIB "
Polisi Segera Periksa Firli Bahuri sebagai Tersangka Kasus Pemerasan SYL,https://news.detik.com/berita/d-7051609/polisi-segera-periksa-firli-bahuri-sebagai-tersangka-kasus-pemerasan-syl,"
Kamis, 23 Nov 2023 01:04 WIB "
Daftar Lengkap Barang Bukti Disita Polisi di Kasus Firli Peras SYL,https://news.detik.com/berita/d-7051606/daftar-lengkap-barang-bukti-disita-polisi-di-kasus-firli-peras-syl,"
Kamis, 23 Nov 2023 00:53 WIB "
"Tersangka Pemerasan-Gratifikasi, Firli Terancam Hukuman Penjara Seumur Hidup",https://news.detik.com/berita/d-7051604/tersangka-pemerasan-gratifikasi-firli-terancam-hukuman-penjara-seumur-hidup,"
Kamis, 23 Nov 2023 00:48 WIB "
Ketua KPK Firli Bahuri Ditetapkan Jadi Tersangka Pemerasan SYL!,https://news.detik.com/berita/d-7051581/ketua-kpk-firli-bahuri-ditetapkan-jadi-tersangka-pemerasan-syl,"
Rabu, 22 Nov 2023 23:55 WIB "
"""Contante Justitie"" dalam Perkara Firli Bahuri vs Yasin Limpo",https://news.detik.com/kolom/d-7050510/contante-justitie-dalam-perkara-firli-bahuri-vs-yasin-limpo,"
Rabu, 22 Nov 2023 14:15 WIB "
"Pimpinan KPK Menepis, Apa Maksud Wamenkumham Lapor 'Koreksi' ke Yasonna?",https://news.detik.com/berita/d-7050280/pimpinan-kpk-menepis-apa-maksud-wamenkumham-lapor-koreksi-ke-yasonna,"
Rabu, 22 Nov 2023 12:20 WIB "
ICW: Firli Sedang Main Peran Seolah Dia Korban Kriminalisasi,https://news.detik.com/berita/d-7049945/icw-firli-sedang-main-peran-seolah-dia-korban-kriminalisasi,"
Rabu, 22 Nov 2023 09:12 WIB "
Terbuka Peluang Konfrontasi Firli Vs SYL di Dewas KPK,https://news.detik.com/berita/d-7049822/terbuka-peluang-konfrontasi-firli-vs-syl-di-dewas-kpk,"
Rabu, 22 Nov 2023 06:59 WIB "
Urusan Sewa Rumah Rehat Firli Bahuri Kini Diusut Dewas KPK,https://news.detik.com/berita/d-7049476/urusan-sewa-rumah-rehat-firli-bahuri-kini-diusut-dewas-kpk,"
Selasa, 21 Nov 2023 20:00 WIB "
"Dewas KPK Sambangi Bareskrim, Terkait Kasus Firli Bahuri?",https://news.detik.com/berita/d-7049117/dewas-kpk-sambangi-bareskrim-terkait-kasus-firli-bahuri,"
Selasa, 21 Nov 2023 17:21 WIB "
Dewas KPK Usut Laporan MAKI soal Sewa Rumah Rehat Firli Rp 650 Juta/Tahun,https://news.detik.com/berita/d-7048244/dewas-kpk-usut-laporan-maki-soal-sewa-rumah-rehat-firli-rp-650-juta-tahun,"
Selasa, 21 Nov 2023 11:31 WIB "
MAKI: Firli Merasa Asing di Mabes karena Diperlakukan Sama dengan Saksi Lain,https://news.detik.com/berita/d-7048232/maki-firli-merasa-asing-di-mabes-karena-diperlakukan-sama-dengan-saksi-lain,"
Selasa, 21 Nov 2023 11:20 WIB "
4 Klaim Firli Bahuri di Balik Aksi Tutup Wajah di Bareskrim Polri,https://news.detik.com/berita/d-7047824/4-klaim-firli-bahuri-di-balik-aksi-tutup-wajah-di-bareskrim-polri,"
Selasa, 21 Nov 2023 05:56 WIB "
Polisi Respons Firli Bahuri yang Merasa Asing Saat Diperiksa di Bareskrim,https://news.detik.com/berita/d-7047312/polisi-respons-firli-bahuri-yang-merasa-asing-saat-diperiksa-di-bareskrim,"
Senin, 20 Nov 2023 17:59 WIB "
Alasan Firli Tutup Wajah di Bareskrim: Situasi Abnormal Tak Bisa Dijelaskan,https://news.detik.com/berita/d-7046527/alasan-firli-tutup-wajah-di-bareskrim-situasi-abnormal-tak-bisa-dijelaskan,"
Senin, 20 Nov 2023 13:05 WIB "
"Firli Klaim Polisi Salah Geledah 3 Rumah: Dianggap Rumah Saya, Padahal Bukan",https://news.detik.com/berita/d-7046439/firli-klaim-polisi-salah-geledah-3-rumah-dianggap-rumah-saya-padahal-bukan,"
Senin, 20 Nov 2023 12:29 WIB "
Firli Bahuri Klaim Mobilnya 'Hilang' Usai Diperiksa di Bareskrim Polri,https://news.detik.com/berita/d-7046415/firli-bahuri-klaim-mobilnya-hilang-usai-diperiksa-di-bareskrim-polri,"
Senin, 20 Nov 2023 12:22 WIB "
Firli Buka Suara Usai Heboh Aksi Tutup Wajah Pakai Tas,https://news.detik.com/berita/d-7046175/firli-buka-suara-usai-heboh-aksi-tutup-wajah-pakai-tas,"
Senin, 20 Nov 2023 11:10 WIB "
Firli Buka Suara Usai Heboh Aksi Tutup Wajah Pakai Tas,https://news.detik.com/berita/d-7046174/firli-buka-suara-usai-heboh-aksi-tutup-wajah-pakai-tas,"
Senin, 20 Nov 2023 11:10 WIB "
"LHKPN, Kunci Mobil hingga Dompet Firli dalam Sitaan Polisi",https://news.detik.com/berita/d-7043258/lhkpn-kunci-mobil-hingga-dompet-firli-dalam-sitaan-polisi,"
Sabtu, 18 Nov 2023 06:36 WIB "
"Firli Bantah Lakukan Pemerasan, SYL Balas 'Aku Masih Diborgol'",https://news.detik.com/berita/d-7042486/firli-bantah-lakukan-pemerasan-syl-balas-aku-masih-diborgol,"
Jumat, 17 Nov 2023 16:37 WIB "
Polisi Jelaskan Alasan Sita Kunci Mobil-Dompet dari Rumah Rehat Firli,https://news.detik.com/berita/d-7042150/polisi-jelaskan-alasan-sita-kunci-mobil-dompet-dari-rumah-rehat-firli,"
Jumat, 17 Nov 2023 14:31 WIB "
"Polisi Sebut KPK Tak Supervisi Kasus Dugaan SYL Diperas, Ini Alasannya",https://news.detik.com/berita/d-7041959/polisi-sebut-kpk-tak-supervisi-kasus-dugaan-syl-diperas-ini-alasannya,"
Jumat, 17 Nov 2023 13:13 WIB "
"Rapat dengan Polda Metro soal Dugaan SYL Diperas, KPK: Masih Tahap Koordinasi",https://news.detik.com/berita/d-7041937/rapat-dengan-polda-metro-soal-dugaan-syl-diperas-kpk-masih-tahap-koordinasi,"
Jumat, 17 Nov 2023 13:07 WIB "
Polisi Juga Sita Dokumen Selain LHKPN Firli Terkait Dugaan SYL Diperas,https://news.detik.com/berita/d-7041917/polisi-juga-sita-dokumen-selain-lhkpn-firli-terkait-dugaan-syl-diperas,"
Jumat, 17 Nov 2023 13:02 WIB "
Firli Akui Kunci Mobil-Dompet Disita Polisi Terkait Dugaan Pemerasan SYL,https://news.detik.com/berita/d-7041823/firli-akui-kunci-mobil-dompet-disita-polisi-terkait-dugaan-pemerasan-syl,"
Jumat, 17 Nov 2023 11:49 WIB "
Polisi Gelar Anev Penyidikan Kasus Dugaan SYL Diperas Usai Periksa Firli,https://news.detik.com/berita/d-7041715/polisi-gelar-anev-penyidikan-kasus-dugaan-syl-diperas-usai-periksa-firli,"
Jumat, 17 Nov 2023 11:05 WIB "
"LHKPN Disita Polisi Terkait Dugaan SYL Diperas, Firli Bicara Hak Keadilan",https://news.detik.com/berita/d-7041672/lhkpn-disita-polisi-terkait-dugaan-syl-diperas-firli-bicara-hak-keadilan,"
Jumat, 17 Nov 2023 10:52 WIB "
Firli: Saya Tak Pernah Memeras Terkait Penanganan Masalah Hukum di Kementan,https://news.detik.com/berita/d-7041632/firli-saya-tak-pernah-memeras-terkait-penanganan-masalah-hukum-di-kementan,"
Jumat, 17 Nov 2023 10:30 WIB "
ICW Kritik Firli Tutupi Wajah Usai Diperiksa Polisi: Seperti Koruptor,https://news.detik.com/berita/d-7041580/icw-kritik-firli-tutupi-wajah-usai-diperiksa-polisi-seperti-koruptor,"
Jumat, 17 Nov 2023 09:58 WIB "
Kala Firli Bahuri Tutupi Muka Usai Diperiksa,https://news.detik.com/berita/d-7041376/kala-firli-bahuri-tutupi-muka-usai-diperiksa,"
Jumat, 17 Nov 2023 07:03 WIB "
MAKI Soal Firli yang Tutupi Wajah Usai Diperiksa Polisi: Memalukan!,https://news.detik.com/berita/d-7041347/maki-soal-firli-yang-tutupi-wajah-usai-diperiksa-polisi-memalukan,"
Jumat, 17 Nov 2023 06:24 WIB "
Firli Bahuri Dicecar 15 Pertanyaan Terkait Kasus Dugaan SYL Diperas,https://news.detik.com/berita/d-7040718/firli-bahuri-dicecar-15-pertanyaan-terkait-kasus-dugaan-syl-diperas,"
Kamis, 16 Nov 2023 17:55 WIB "
Polda Metro Pastikan Hadir Rapat Koordinasi KPK Terkait Dugaan SYL Diperas,https://news.detik.com/berita/d-7040646/polda-metro-pastikan-hadir-rapat-koordinasi-kpk-terkait-dugaan-syl-diperas,"
Kamis, 16 Nov 2023 17:27 WIB "
Polisi Sita Dokumen LHKPN Firli Bahuri di Kasus Dugaan Pemerasan SYL,https://news.detik.com/berita/d-7040553/polisi-sita-dokumen-lhkpn-firli-bahuri-di-kasus-dugaan-pemerasan-syl,"
Kamis, 16 Nov 2023 16:44 WIB "
"Tutupi Wajah dengan Tas, Firli Keluar dari Bareskrim Usai Diperiksa",https://news.detik.com/berita/d-7040367/tutupi-wajah-dengan-tas-firli-keluar-dari-bareskrim-usai-diperiksa,"
Kamis, 16 Nov 2023 15:22 WIB "
Kapolda Metro Datangi Bareskrim di Tengah Pemeriksaan Firli Bahuri,https://news.detik.com/berita/d-7040208/kapolda-metro-datangi-bareskrim-di-tengah-pemeriksaan-firli-bahuri,"
Kamis, 16 Nov 2023 14:21 WIB "
"Selain Firli, 3 Pegawai KPK Diperiksa di Bareskrim Terkait Dugaan SYL Diperas",https://news.detik.com/berita/d-7039611/selain-firli-3-pegawai-kpk-diperiksa-di-bareskrim-terkait-dugaan-syl-diperas,"
Kamis, 16 Nov 2023 09:59 WIB "
"Sempat Absen, Firli Penuhi Panggilan Pemeriksaan Kasus Dugaan SYL Diperas",https://news.detik.com/detiknews/d-7039589/sempat-absen-firli-penuhi-panggilan-pemeriksaan-kasus-dugaan-syl-diperas,"
Kamis, 16 Nov 2023 09:47 WIB "
Firli Bahuri Diperiksa Terkait Dugaan Pemerasan SYL di Bareskrim Hari Ini,https://news.detik.com/berita/d-7039469/firli-bahuri-diperiksa-terkait-dugaan-pemerasan-syl-di-bareskrim-hari-ini,"
Kamis, 16 Nov 2023 07:45 WIB "
Sentilan MAKI soal Pengalihan Isu Usai Firli Bicara Harun Masiku,https://news.detik.com/berita/d-7039160/sentilan-maki-soal-pengalihan-isu-usai-firli-bicara-harun-masiku,"
Rabu, 15 Nov 2023 21:23 WIB "
MAKI Sentil Firli Bahuri soal Surat Tangkap Harun Masiku: Pengalihan Isu,https://news.detik.com/berita/d-7037747/maki-sentil-firli-bahuri-soal-surat-tangkap-harun-masiku-pengalihan-isu,"
Rabu, 15 Nov 2023 11:09 WIB "
KPK Undang Polda Metro Rapat Koordinasi Bahas Dugaan SYL Diperas Lusa,https://news.detik.com/berita/d-7037659/kpk-undang-polda-metro-rapat-koordinasi-bahas-dugaan-syl-diperas-lusa,"
Rabu, 15 Nov 2023 10:34 WIB "
Polisi Periksa Direktur Gratifikasi KPK Terkait Kasus Dugaan SYL Diperas,https://news.detik.com/berita/d-7037569/polisi-periksa-direktur-gratifikasi-kpk-terkait-kasus-dugaan-syl-diperas,"
Rabu, 15 Nov 2023 09:35 WIB "
"Firli Absen Panggilan Polisi soal Pemerasan SYL, MAKI: Pembangkangan Hukum",https://news.detik.com/berita/d-7037492/firli-absen-panggilan-polisi-soal-pemerasan-syl-maki-pembangkangan-hukum,"
Rabu, 15 Nov 2023 08:37 WIB "
Tarik Ulur Firli Bahuri soal Diperiksa Dewas KPK atau Polisi,https://news.detik.com/berita/d-7037412/tarik-ulur-firli-bahuri-soal-diperiksa-dewas-kpk-atau-polisi,"
Rabu, 15 Nov 2023 07:03 WIB "
Timeline Firli Bahuri Dipanggil Dewas dan Polda Lagi tapi Belum Dihadiri,https://news.detik.com/berita/d-7037396/timeline-firli-bahuri-dipanggil-dewas-dan-polda-lagi-tapi-belum-dihadiri,"
Rabu, 15 Nov 2023 06:22 WIB "
Polda Metro: Firli Bahuri Minta Diperiksa di Bareskrim 16 November,https://news.detik.com/berita/d-7036815/polda-metro-firli-bahuri-minta-diperiksa-di-bareskrim-16-november,"
Selasa, 14 Nov 2023 18:20 WIB "
Polisi Sudah Periksa 86 Saksi Terkait Kasus Dugaan Pemerasan SYL,https://news.detik.com/berita/d-7036328/polisi-sudah-periksa-86-saksi-terkait-kasus-dugaan-pemerasan-syl,"
Selasa, 14 Nov 2023 15:08 WIB "
Firli Singgung Karyoto: Ada Laporan Pengadaan Sapi SYL tapi Tak Dilaporkan,https://news.detik.com/berita/d-7036326/firli-singgung-karyoto-ada-laporan-pengadaan-sapi-syl-tapi-tak-dilaporkan,"
Selasa, 14 Nov 2023 15:07 WIB "
Polisi Jelaskan Alasan Tak Jemput Paksa Firli untuk Diperiksa sebagai Saksi,https://news.detik.com/berita/d-7036194/polisi-jelaskan-alasan-tak-jemput-paksa-firli-untuk-diperiksa-sebagai-saksi,"
Selasa, 14 Nov 2023 14:22 WIB "
Polisi Tegaskan Tak Ada Kendala Usut Kasus Dugaan Pimpinan KPK Peras SYL,https://news.detik.com/berita/d-7036184/polisi-tegaskan-tak-ada-kendala-usut-kasus-dugaan-pimpinan-kpk-peras-syl,"
Selasa, 14 Nov 2023 14:16 WIB "
Kata Polisi soal Firli Absen Panggilan dengan Alasan Diperiksa Dewas KPK,https://news.detik.com/berita/d-7036090/kata-polisi-soal-firli-absen-panggilan-dengan-alasan-diperiksa-dewas-kpk,"
Selasa, 14 Nov 2023 13:34 WIB "
Firli Bantah Pernah Bertemu SYL di Rumah Kertanegara,https://news.detik.com/berita/d-7036000/firli-bantah-pernah-bertemu-syl-di-rumah-kertanegara,"
Selasa, 14 Nov 2023 13:03 WIB "
Firli Bantah Menunda-nunda Diperiksa Polisi soal Dugaan SYL Diperas,https://news.detik.com/berita/d-7035973/firli-bantah-menunda-nunda-diperiksa-polisi-soal-dugaan-syl-diperas,"
Selasa, 14 Nov 2023 12:50 WIB "
KPK Kembali Surati Polda Metro Minta Firli Diperiksa di Gedung Bareskrim,https://news.detik.com/berita/d-7035914/kpk-kembali-surati-polda-metro-minta-firli-diperiksa-di-gedung-bareskrim,"
Selasa, 14 Nov 2023 12:33 WIB "
Firli Bahuri: Saya Tak Pernah Mangkir Pemeriksaan di Polda Metro Jaya,https://news.detik.com/berita/d-7035821/firli-bahuri-saya-tak-pernah-mangkir-pemeriksaan-di-polda-metro-jaya,"
Selasa, 14 Nov 2023 12:04 WIB "
"Firli Absen Panggilan Polisi soal Pemerasan SYL, Ngaku Diperiksa Dewas KPK",https://news.detik.com/berita/d-7035763/firli-absen-panggilan-polisi-soal-pemerasan-syl-ngaku-diperiksa-dewas-kpk,"
Selasa, 14 Nov 2023 11:28 WIB "
Firli Pimpin Konferensi Pers Penetapan Tersangka Pj Bupati Sorong di KPK,https://news.detik.com/berita/d-7035667/firli-pimpin-konferensi-pers-penetapan-tersangka-pj-bupati-sorong-di-kpk,"
Selasa, 14 Nov 2023 10:49 WIB "
"ICW: Jika Firli Merasa Bersih, Harusnya Berani Hadapi Proses Hukum",https://news.detik.com/berita/d-7035547/icw-jika-firli-merasa-bersih-harusnya-berani-hadapi-proses-hukum,"
Selasa, 14 Nov 2023 09:48 WIB "
Polda Metro Panggil Firli Bahuri soal Kasus SYL Diperas Hari Ini,https://news.detik.com/berita/d-7035431/polda-metro-panggil-firli-bahuri-soal-kasus-syl-diperas-hari-ini,"
Selasa, 14 Nov 2023 08:27 WIB "
MAKI: Polda Metro Bisa Jemput Paksa Jika Firli Tak Penuhi Panggilan Lagi,https://news.detik.com/berita/d-7035415/maki-polda-metro-bisa-jemput-paksa-jika-firli-tak-penuhi-panggilan-lagi,"
Selasa, 14 Nov 2023 08:05 WIB "
Pukat UGM Minta Firli Kooperatif Penuhi Panggilan Polda Metro Hari Ini,https://news.detik.com/berita/d-7035362/pukat-ugm-minta-firli-kooperatif-penuhi-panggilan-polda-metro-hari-ini,"
Selasa, 14 Nov 2023 07:21 WIB "
Dewas KPK Jadwalkan Ulang Pemeriksaan Firli Bahuri Pekan Depan,https://news.detik.com/berita/d-7034537/dewas-kpk-jadwalkan-ulang-pemeriksaan-firli-bahuri-pekan-depan,"
Senin, 13 Nov 2023 17:21 WIB "
Kapolda Metro soal Penetapan Tersangka Kasus SYL Diperas: Segera,https://news.detik.com/berita/d-7034017/kapolda-metro-soal-penetapan-tersangka-kasus-syl-diperas-segera,"
Senin, 13 Nov 2023 13:54 WIB "
"Firli Dipanggil Dewas KPK dan Polisi Besok, Kapolda Metro Bilang Begini",https://news.detik.com/berita/d-7033951/firli-dipanggil-dewas-kpk-dan-polisi-besok-kapolda-metro-bilang-begini,"
Senin, 13 Nov 2023 13:36 WIB "
"Tak Jadi Dipercepat Hari Ini, Pemeriksaan Firli di Dewas KPK Dilakukan Besok",https://news.detik.com/berita/d-7033881/tak-jadi-dipercepat-hari-ini-pemeriksaan-firli-di-dewas-kpk-dilakukan-besok,"
Senin, 13 Nov 2023 13:13 WIB "
"Sempat Absen, Firli Bahuri Diperiksa soal Pemerasan SYL di Polda Metro Besok",https://news.detik.com/berita/d-7033683/sempat-absen-firli-bahuri-diperiksa-soal-pemerasan-syl-di-polda-metro-besok,"
Senin, 13 Nov 2023 11:51 WIB "
"Tentang Firli Bahuri di Aceh, Diserbu Kritik hingga Tiba-tiba Pulang",https://news.detik.com/berita/d-7030751/tentang-firli-bahuri-di-aceh-diserbu-kritik-hingga-tiba-tiba-pulang,"
Sabtu, 11 Nov 2023 08:00 WIB "
"MAKI: Firli Main Bulutangkis di Aceh, Harusnya Penuhi Panggilan Polisi",https://news.detik.com/berita/d-7029933/maki-firli-main-bulutangkis-di-aceh-harusnya-penuhi-panggilan-polisi,"
Jumat, 10 Nov 2023 17:00 WIB "
Rakor KPK dengan Polda Metro Bakal Bahas Supervisi Kasus Dugaan SYL Diperas,https://news.detik.com/berita/d-7029702/rakor-kpk-dengan-polda-metro-bakal-bahas-supervisi-kasus-dugaan-syl-diperas,"
Jumat, 10 Nov 2023 15:48 WIB "
Dewas KPK Periksa Firli soal Pertemuan dengan SYL 14 November,https://news.detik.com/berita/d-7029313/dewas-kpk-periksa-firli-soal-pertemuan-dengan-syl-14-november,"
Jumat, 10 Nov 2023 13:15 WIB "
"MAKI Tak Kaget Wamenkumham Tersangka, Sebut Ada Penerimaan Rp 8 M",https://news.detik.com/berita/d-7029107/maki-tak-kaget-wamenkumham-tersangka-sebut-ada-penerimaan-rp-8-m,"
Jumat, 10 Nov 2023 11:31 WIB "
Polda Metro Sebut Sudah Sita Semua Dokumen dari KPK terkait Kasus SYL Diperas,https://news.detik.com/berita/d-7029105/polda-metro-sebut-sudah-sita-semua-dokumen-dari-kpk-terkait-kasus-syl-diperas,"
Jumat, 10 Nov 2023 11:31 WIB "
"Bukti Digital Dugaan Pemerasan oleh Pimpinan KPK Diteliti, Termasuk HP SYL",https://news.detik.com/berita/d-7028992/bukti-digital-dugaan-pemerasan-oleh-pimpinan-kpk-diteliti-termasuk-hp-syl,"
Jumat, 10 Nov 2023 10:48 WIB "
"Firli Absen Diperiksa Polisi Jadi Contoh Buruk, Bisa Jadi Bumerang KPK",https://news.detik.com/berita/d-7028765/firli-absen-diperiksa-polisi-jadi-contoh-buruk-bisa-jadi-bumerang-kpk,"
Jumat, 10 Nov 2023 08:19 WIB "
Polda Metro Surati KPK Minta Rapat Bahas Kasus SYL Diperas Hari Ini Ditunda,https://news.detik.com/berita/d-7028718/polda-metro-surati-kpk-minta-rapat-bahas-kasus-syl-diperas-hari-ini-ditunda,"
Jumat, 10 Nov 2023 07:14 WIB "
ICW Desak Polisi Gerak Cepat Tetapkan Tersangka Kasus SYL Diperas,https://news.detik.com/berita/d-7028695/icw-desak-polisi-gerak-cepat-tetapkan-tersangka-kasus-syl-diperas,"
Jumat, 10 Nov 2023 06:12 WIB "
Alexander Marwata Bantah Firli Bahuri Kerja One Man Show di KPK,https://news.detik.com/berita/d-7028655/alexander-marwata-bantah-firli-bahuri-kerja-one-man-show-di-kpk,"
Jumat, 10 Nov 2023 04:11 WIB "
KPK Undang Polda Metro-Mabes Polri Rapat soal Kasus Pemerasan SYL Besok,https://news.detik.com/berita/d-7028545/kpk-undang-polda-metro-mabes-polri-rapat-soal-kasus-pemerasan-syl-besok,"
Kamis, 09 Nov 2023 22:14 WIB "
Polda Metro Bakal Rapat Bareng KPK Bahas Supervisi Kasus Pemerasan SYL,https://news.detik.com/berita/d-7027760/polda-metro-bakal-rapat-bareng-kpk-bahas-supervisi-kasus-pemerasan-syl,"
Kamis, 09 Nov 2023 15:38 WIB "
Polda Metro Gas Terus Penyidikan Kasus SYL Diperas Meski Firli Absen,https://news.detik.com/berita/d-7027703/polda-metro-gas-terus-penyidikan-kasus-syl-diperas-meski-firli-absen,"
Kamis, 09 Nov 2023 15:13 WIB "
Firli Bahuri Klaim ke Aceh karena Tugas: Tak Ada Kata Menghindar,https://news.detik.com/berita/d-7027513/firli-bahuri-klaim-ke-aceh-karena-tugas-tak-ada-kata-menghindar,"
Kamis, 09 Nov 2023 14:01 WIB "
Dewas KPK Ungkap Kendala Usut Dugaan Etik Firli: Jadwal Panggilan Molor,https://news.detik.com/berita/d-7027349/dewas-kpk-ungkap-kendala-usut-dugaan-etik-firli-jadwal-panggilan-molor,"
Kamis, 09 Nov 2023 12:58 WIB "
Polda Metro Sudah Terima Balasan KPK Soal Supervisi Kasus SYL Diperas,https://news.detik.com/berita/d-7027240/polda-metro-sudah-terima-balasan-kpk-soal-supervisi-kasus-syl-diperas,"
Kamis, 09 Nov 2023 12:25 WIB "
"Firli Absen Pemeriksaan Kasus Dugaan Pemerasan SYL, Ini Kata Polda Metro",https://news.detik.com/berita/d-7026301/firli-absen-pemeriksaan-kasus-dugaan-pemerasan-syl-ini-kata-polda-metro,"
Rabu, 08 Nov 2023 18:49 WIB "
"MAKI: Pak Firli, Segera Pulang ke Jakarta dan Penuhi Panggilan Polda Metro",https://news.detik.com/berita/d-7026075/maki-pak-firli-segera-pulang-ke-jakarta-dan-penuhi-panggilan-polda-metro,"
Rabu, 08 Nov 2023 17:18 WIB "
"Firli Bahuri di Aceh, Bagaimana Nasib Pemeriksaan Etiknya di Dewas?",https://news.detik.com/berita/d-7025307/firli-bahuri-di-aceh-bagaimana-nasib-pemeriksaan-etiknya-di-dewas,"
Rabu, 08 Nov 2023 12:44 WIB "
"Firli ke Aceh Absen Pemeriksaan Polisi Hari Ini, Ternyata Acaranya Lusa",https://news.detik.com/berita/d-7024017/firli-ke-aceh-absen-pemeriksaan-polisi-hari-ini-ternyata-acaranya-lusa,"
Selasa, 07 Nov 2023 17:15 WIB "
Firli Oh Firli,https://news.detik.com/x/detail/spotlight/20231107/Firli-Oh-Firli/,"
Selasa, 07 Nov 2023 15:19 WIB "
MAKI Laporkan Firli Bahuri ke Dewas KPK soal Dugaan Tak Patuh LHKPN,https://news.detik.com/berita/d-7023412/maki-laporkan-firli-bahuri-ke-dewas-kpk-soal-dugaan-tak-patuh-lhkpn,"
Selasa, 07 Nov 2023 13:18 WIB "
MAKI Nilai Polisi Bisa Umumkan Tersangka Kasus SYL Diperas Tanpa Firli Hadir,https://news.detik.com/berita/d-7022786/maki-nilai-polisi-bisa-umumkan-tersangka-kasus-syl-diperas-tanpa-firli-hadir,"
Selasa, 07 Nov 2023 05:58 WIB "
"Firli ke Aceh Absen Diperiksa Kasus SYL Diperas, KPK: Bukan Mengada-ada",https://news.detik.com/berita/d-7022688/firli-ke-aceh-absen-diperiksa-kasus-syl-diperas-kpk-bukan-mengada-ada,"
Senin, 06 Nov 2023 22:20 WIB "
"Ke Aceh, Firli Absen Pemeriksaan Polisi Terkait Dugaan SYL Diperas Besok",https://news.detik.com/berita/d-7021729/ke-aceh-firli-absen-pemeriksaan-polisi-terkait-dugaan-syl-diperas-besok,"
Senin, 06 Nov 2023 14:51 WIB "
Hari-hari Panjang Firli Bahuri,https://news.detik.com/x/detail/spotlight/20231106/Hari-hari-Panjang-Firli-Bahuri/,"
Senin, 06 Nov 2023 14:09 WIB "
Rencana MAKI Laporkan Firli ke Dewas KPK soal Sewa Rumah Rp 650 Juta,https://news.detik.com/berita/d-7019430/rencana-maki-laporkan-firli-ke-dewas-kpk-soal-sewa-rumah-rp-650-juta,"
Sabtu, 04 Nov 2023 21:31 WIB "
MAKI Bakal Laporkan Firli ke Dewas KPK soal Sewa Rumah Rehat Rp 650 Juta/Tahun,https://news.detik.com/berita/d-7018921/maki-bakal-laporkan-firli-ke-dewas-kpk-soal-sewa-rumah-rehat-rp-650-juta-tahun,"
Sabtu, 04 Nov 2023 14:10 WIB "
Alex Tirta Ngaku Sudah Lama Kenal Firli Bahuri: Dia Sahabat Saya,https://news.detik.com/pemilu/d-7018376/alex-tirta-ngaku-sudah-lama-kenal-firli-bahuri-dia-sahabat-saya,"
Jumat, 03 Nov 2023 23:57 WIB "
"12 Jam Diperiksa Polisi, Alex Tirta Akui Sewakan Rumah Rp 650 Juta ke Firli",https://news.detik.com/berita/d-7018358/12-jam-diperiksa-polisi-alex-tirta-akui-sewakan-rumah-rp-650-juta-ke-firli,"
Jumat, 03 Nov 2023 23:35 WIB "
Polisi Pastikan Firli Bahuri dan SYL Pernah Bertemu di Rumah Kertanegara,https://news.detik.com/berita/d-7017821/polisi-pastikan-firli-bahuri-dan-syl-pernah-bertemu-di-rumah-kertanegara,"
Jumat, 03 Nov 2023 17:08 WIB "
Polisi Ungkap Alasan Periksa Alex Tirta Terkait Dugaan Pimpinan KPK Peras SYL,https://news.detik.com/berita/d-7017671/polisi-ungkap-alasan-periksa-alex-tirta-terkait-dugaan-pimpinan-kpk-peras-syl,"
Jumat, 03 Nov 2023 16:14 WIB "
"Total 72 Saksi Diperiksa soal Dugaan SYL Diperas, Termasuk 11 Pegawai KPK",https://news.detik.com/berita/d-7017629/total-72-saksi-diperiksa-soal-dugaan-syl-diperas-termasuk-11-pegawai-kpk,"
Jumat, 03 Nov 2023 15:56 WIB "
"Pihak Firli Bantah Sewa Rumah sampai Rp 650 Juta, Polisi: Kami Punya Faktanya",https://news.detik.com/berita/d-7017576/pihak-firli-bantah-sewa-rumah-sampai-rp-650-juta-polisi-kami-punya-faktanya,"
Jumat, 03 Nov 2023 15:35 WIB "
Polisi Surati Pimpinan KPK Minta Penyerahan Dokumen Terkait Kasus SYL Diperas,https://news.detik.com/berita/d-7017491/polisi-surati-pimpinan-kpk-minta-penyerahan-dokumen-terkait-kasus-syl-diperas,"
Jumat, 03 Nov 2023 15:06 WIB "
Polisi Bakal Tetapkan Tersangka Kasus SYL Diperas Usai Pemeriksaan Firli,https://news.detik.com/berita/d-7017366/polisi-bakal-tetapkan-tersangka-kasus-syl-diperas-usai-pemeriksaan-firli,"
Jumat, 03 Nov 2023 14:18 WIB "
Firli Bahuri Diperiksa Lagi soal Dugaan SYL Diperas Selasa 7 November,https://news.detik.com/berita/d-7017189/firli-bahuri-diperiksa-lagi-soal-dugaan-syl-diperas-selasa-7-november,"
Jumat, 03 Nov 2023 13:02 WIB "
Dewas KPK Sudah Periksa 10 Orang Terkait Dugaan Pelanggaran Etik Firli,https://news.detik.com/berita/d-7016847/dewas-kpk-sudah-periksa-10-orang-terkait-dugaan-pelanggaran-etik-firli,"
Jumat, 03 Nov 2023 10:12 WIB "
Alex Tirta Penuhi Panggilan Diperiksa Soal Sewakan Rumah Kertanegara ke Firli,https://news.detik.com/berita/d-7016788/alex-tirta-penuhi-panggilan-diperiksa-soal-sewakan-rumah-kertanegara-ke-firli,"
Jumat, 03 Nov 2023 09:38 WIB "
Pengacara: Firli Kenal Alex Tirta sebagai Penyewa Pertama Rumah di Kertanegara,https://news.detik.com/berita/d-7016729/pengacara-firli-kenal-alex-tirta-sebagai-penyewa-pertama-rumah-di-kertanegara,"
Jumat, 03 Nov 2023 08:57 WIB "
SYL soal Kasus Dugaan Diperas Pimpinan KPK: Harapannya Berjalan Baik,https://news.detik.com/berita/d-7015783/syl-soal-kasus-dugaan-diperas-pimpinan-kpk-harapannya-berjalan-baik,"
Kamis, 02 Nov 2023 16:05 WIB "
"MAKI Ragukan Klaim Firli Bahuri Tak Kenal Alex Tirta, Tunjukkan Foto Ini",https://news.detik.com/berita/d-7015236/maki-ragukan-klaim-firli-bahuri-tak-kenal-alex-tirta-tunjukkan-foto-ini,"
Kamis, 02 Nov 2023 12:04 WIB "
"Alex Tirta Absen, Pemeriksaan soal Rumah Rehat Firli Dijadwal Ulang Jumat",https://news.detik.com/berita/d-7013625/alex-tirta-absen-pemeriksaan-soal-rumah-rehat-firli-dijadwal-ulang-jumat,"
Rabu, 01 Nov 2023 14:29 WIB "
"ICW Duga Ada Potensi Korupsi Terkait Rumah Rehat Firli, Minta Polisi Dalami",https://news.detik.com/berita/d-7013200/icw-duga-ada-potensi-korupsi-terkait-rumah-rehat-firli-minta-polisi-dalami,"
Rabu, 01 Nov 2023 11:26 WIB "
Eks Penyidik KPK Sebut Rumah Rehat Firli Bisa Jadi Bukti Dugaan SYL Diperas,https://news.detik.com/berita/d-7013104/eks-penyidik-kpk-sebut-rumah-rehat-firli-bisa-jadi-bukti-dugaan-syl-diperas,"
Rabu, 01 Nov 2023 10:48 WIB "
"Polisi Panggil 3 Saksi Terkait Kasus Dugaan SYL Diperas, Termasuk Alex Tirta",https://news.detik.com/berita/d-7012975/polisi-panggil-3-saksi-terkait-kasus-dugaan-syl-diperas-termasuk-alex-tirta,"
Rabu, 01 Nov 2023 09:39 WIB "
Beda Pengacara Firli Vs Alex Tirta soal Sewa Rumah Rehat di Kertanegara,https://news.detik.com/berita/d-7012951/beda-pengacara-firli-vs-alex-tirta-soal-sewa-rumah-rehat-di-kertanegara,"
Rabu, 01 Nov 2023 09:22 WIB "
Fakta Baru di Balik Rumah Rehat Firli Bahuri di Kertanegara,https://news.detik.com/berita/d-7012890/fakta-baru-di-balik-rumah-rehat-firli-bahuri-di-kertanegara,"
Rabu, 01 Nov 2023 08:03 WIB "
"Alex Tirta: Firli Sewa Rumah Rehat Mulai Februari 2021, Bayar Rp 650 Juta",https://news.detik.com/berita/d-7012875/alex-tirta-firli-sewa-rumah-rehat-mulai-februari-2021-bayar-rp-650-juta,"
Rabu, 01 Nov 2023 07:42 WIB "
Penjelasan Alex Tirta soal Sewa Rumah yang Digunakan Rehat Ketua KPK,https://news.detik.com/berita/d-7012724/penjelasan-alex-tirta-soal-sewa-rumah-yang-digunakan-rehat-ketua-kpk,"
Selasa, 31 Okt 2023 23:13 WIB "
Pengacara Klaim Harga Sewa Rumah Rehat Firli Tak Sampai Rp 100 Juta/Tahun,https://news.detik.com/berita/d-7012660/pengacara-klaim-harga-sewa-rumah-rehat-firli-tak-sampai-rp-100-juta-tahun,"
Selasa, 31 Okt 2023 22:07 WIB "
Pengacara Ungkap SYL Dicecar soal Bertemu Firli-Dugaan Penyerahan Uang,https://news.detik.com/berita/d-7012599/pengacara-ungkap-syl-dicecar-soal-bertemu-firli-dugaan-penyerahan-uang,"
Selasa, 31 Okt 2023 20:48 WIB "
SYL Irit Bicara Usai 5 Jam Diperiksa soal Dugaan Diperas Pimpinan KPK,https://news.detik.com/berita/d-7012504/syl-irit-bicara-usai-5-jam-diperiksa-soal-dugaan-diperas-pimpinan-kpk,"
Selasa, 31 Okt 2023 19:48 WIB "
Dewas KPK Periksa Sopir-Asisten SYL Terkait Pertemuan dengan Firli Bahuri,https://news.detik.com/berita/d-7012190/dewas-kpk-periksa-sopir-asisten-syl-terkait-pertemuan-dengan-firli-bahuri,"
Selasa, 31 Okt 2023 17:21 WIB "
Kombes Irwan Anwar Bakal Diperiksa di Kasus Pimpinan KPK Peras SYL Hari Ini,https://news.detik.com/berita/d-7011614/kombes-irwan-anwar-bakal-diperiksa-di-kasus-pimpinan-kpk-peras-syl-hari-ini,"
Selasa, 31 Okt 2023 13:49 WIB "
SYL Tiba di Bareskrim untuk Diperiksa soal Dugaan Diperas Pimpinan KPK,https://news.detik.com/berita/d-7011578/syl-tiba-di-bareskrim-untuk-diperiksa-soal-dugaan-diperas-pimpinan-kpk,"
Selasa, 31 Okt 2023 13:27 WIB "
SYL Bakal Diperiksa di Bareskrim Terkait Dugaan Diperas Pimpinan KPK,https://news.detik.com/berita/d-7011490/syl-bakal-diperiksa-di-bareskrim-terkait-dugaan-diperas-pimpinan-kpk,"
Selasa, 31 Okt 2023 12:48 WIB "
Dewas KPK Panggil 4 Pegawai Kementan Terkait Pertemuan Firli dengan SYL,https://news.detik.com/berita/d-7011053/dewas-kpk-panggil-4-pegawai-kementan-terkait-pertemuan-firli-dengan-syl,"
Selasa, 31 Okt 2023 10:02 WIB "
Klaim Firli Bahuri Tak 'Main Mata' Dibalas Anggukan SYL soal Pertemuan,https://news.detik.com/berita/d-7010691/klaim-firli-bahuri-tak-main-mata-dibalas-anggukan-syl-soal-pertemuan,"
Senin, 30 Okt 2023 22:14 WIB "
Alexander Marwata: 1 Pimpinan Mbalelo Tak Akan Hentikan Proses Hukum di KPK,https://news.detik.com/berita/d-7009860/alexander-marwata-1-pimpinan-mbalelo-tak-akan-hentikan-proses-hukum-di-kpk,"
Senin, 30 Okt 2023 15:14 WIB "
Alexander Marwata Penuhi Panggilan Dewas KPK Terkait Pertemuan Firli dan SYL,https://news.detik.com/berita/d-7009237/alexander-marwata-penuhi-panggilan-dewas-kpk-terkait-pertemuan-firli-dan-syl,"
Senin, 30 Okt 2023 11:26 WIB "
Dewas Panggil 2 Pimpinan KPK Terkait Pertemuan Firli dengan SYL,https://news.detik.com/berita/d-7009053/dewas-panggil-2-pimpinan-kpk-terkait-pertemuan-firli-dengan-syl,"
Senin, 30 Okt 2023 10:22 WIB "
Klaim Firli Bahuri Bantah 'Main Mata' di Rumah Rehat Kertanegara,https://news.detik.com/berita/d-7008772/klaim-firli-bahuri-bantah-main-mata-di-rumah-rehat-kertanegara,"
Senin, 30 Okt 2023 05:59 WIB "
Firli Bahuri Bantah Pernah Bertemu SYL di Rumah Rehat Kertanegara,https://news.detik.com/berita/d-7008092/firli-bahuri-bantah-pernah-bertemu-syl-di-rumah-rehat-kertanegara,"
Minggu, 29 Okt 2023 14:53 WIB "
Firli Bahuri Keok Tanding Bulu Tangkis Lawan Jenderal Dudung,https://news.detik.com/berita/d-7008064/firli-bahuri-keok-tanding-bulu-tangkis-lawan-jenderal-dudung,"
Minggu, 29 Okt 2023 14:33 WIB "
Ironi Rumah Firli Bahuri Digeledah Sebulan Usai KPK Obok-obok Kediaman SYL,https://news.detik.com/berita/d-7008027/ironi-rumah-firli-bahuri-digeledah-sebulan-usai-kpk-obok-obok-kediaman-syl,"
Minggu, 29 Okt 2023 13:58 WIB "
Jaminan Polisi Kasus SYL Diperas Tak Berhenti Meski KPK Belum Supervisi,https://news.detik.com/berita/d-7007542/jaminan-polisi-kasus-syl-diperas-tak-berhenti-meski-kpk-belum-supervisi,"
Minggu, 29 Okt 2023 06:00 WIB "
"KPK Belum Respons Supervisi, Polisi Jamin Tak Ganggu Penyidikan Pemerasan SYL",https://news.detik.com/berita/d-7006672/kpk-belum-respons-supervisi-polisi-jamin-tak-ganggu-penyidikan-pemerasan-syl,"
Sabtu, 28 Okt 2023 14:21 WIB "
"Babak Baru Kasus Pemerasan SYL, Bakal Ada Tersangka",https://news.detik.com/berita/d-7006140/babak-baru-kasus-pemerasan-syl-bakal-ada-tersangka,"
Sabtu, 28 Okt 2023 06:31 WIB "
Firli Bahuri Minta Pemeriksaan Diundur tapi Dewas KPK Anggap Kelamaan,https://news.detik.com/berita/d-7006134/firli-bahuri-minta-pemeriksaan-diundur-tapi-dewas-kpk-anggap-kelamaan,"
Sabtu, 28 Okt 2023 06:00 WIB "
5 Hal tentang Rumah Rehat Ketua KPK Firli Bahuri di Kertanegara 46,https://news.detik.com/berita/d-7005960/5-hal-tentang-rumah-rehat-ketua-kpk-firli-bahuri-di-kertanegara-46,"
Jumat, 27 Okt 2023 21:33 WIB "
Serangan Balik Koruptor dan Pelemahan KPK,https://news.detik.com/kolom/d-7005648/serangan-balik-koruptor-dan-pelemahan-kpk,"
Jumat, 27 Okt 2023 19:00 WIB "
BW soal Kasus SYL Diperas: Bisa Jadi Dasar Tak Perpanjang Masa Jabatan Firli,https://news.detik.com/berita/d-7005638/bw-soal-kasus-syl-diperas-bisa-jadi-dasar-tak-perpanjang-masa-jabatan-firli,"
Jumat, 27 Okt 2023 18:04 WIB "
KPK Ungkap Timeline Pengusutan Kasus Korupsi Kementan hingga SYL Tersangka,https://news.detik.com/berita/d-7005545/kpk-ungkap-timeline-pengusutan-kasus-korupsi-kementan-hingga-syl-tersangka,"
Jumat, 27 Okt 2023 17:33 WIB "
"Diperiksa Dewas KPK, Ghufron Ngaku Tak Tahu soal Pertemuan Firli dengan SYL",https://news.detik.com/berita/d-7005418/diperiksa-dewas-kpk-ghufron-ngaku-tak-tahu-soal-pertemuan-firli-dengan-syl,"
Jumat, 27 Okt 2023 16:47 WIB "
Nurul Ghufron Bantah Rumah Rehat Firli di Kertanegara 46 Safe House KPK,https://news.detik.com/berita/d-7005329/nurul-ghufron-bantah-rumah-rehat-firli-di-kertanegara-46-safe-house-kpk,"
Jumat, 27 Okt 2023 16:24 WIB "
Polisi Libatkan Ahli Mikro Ekspresi Usut Dugaan Pimpinan KPK Peras SYL,https://news.detik.com/berita/d-7005187/polisi-libatkan-ahli-mikro-ekspresi-usut-dugaan-pimpinan-kpk-peras-syl,"
Jumat, 27 Okt 2023 15:41 WIB "
Polisi Bakal Gelar Perkara Tetapkan Tersangka Kasus Pimpinan KPK Peras SYL,https://news.detik.com/berita/d-7005038/polisi-bakal-gelar-perkara-tetapkan-tersangka-kasus-pimpinan-kpk-peras-syl,"
Jumat, 27 Okt 2023 14:43 WIB "
Polisi Akan Periksa Kembali Firli Bahuri Terkait Dugaan Pemerasan SYL,https://news.detik.com/berita/d-7005033/polisi-akan-periksa-kembali-firli-bahuri-terkait-dugaan-pemerasan-syl,"
Jumat, 27 Okt 2023 14:41 WIB "
Dewas KPK Bakal Panggil Eks Ajudan Usut Pertemuan Firli dengan SYL,https://news.detik.com/berita/d-7005007/dewas-kpk-bakal-panggil-eks-ajudan-usut-pertemuan-firli-dengan-syl,"
Jumat, 27 Okt 2023 14:28 WIB "
Polisi Teliti Bukti Elektronik Terkait Dugaan Pimpinan KPK Peras SYL,https://news.detik.com/berita/d-7004934/polisi-teliti-bukti-elektronik-terkait-dugaan-pimpinan-kpk-peras-syl,"
Jumat, 27 Okt 2023 14:06 WIB "
Ini yang Ditelusuri Dewas KPK Saat Periksa SYL soal Pertemuan dengan Firli,https://news.detik.com/berita/d-7004877/ini-yang-ditelusuri-dewas-kpk-saat-periksa-syl-soal-pertemuan-dengan-firli,"
Jumat, 27 Okt 2023 13:37 WIB "
Pemilik Rumah di Kertanegara 46 yang Disewa Firli Bahuri Diperiksa Polisi,https://news.detik.com/berita/d-7004847/pemilik-rumah-di-kertanegara-46-yang-disewa-firli-bahuri-diperiksa-polisi,"
Jumat, 27 Okt 2023 13:16 WIB "
"Firli Minta Pemeriksaan Diundur Usai 8 November, Dewas KPK: Kelamaan!",https://news.detik.com/berita/d-7004844/firli-minta-pemeriksaan-diundur-usai-8-november-dewas-kpk-kelamaan,"
Jumat, 27 Okt 2023 13:16 WIB "
Alasan Firli Absen Pemeriksaan Terkait Pertemuan dengan SYL di Dewas KPK,https://news.detik.com/berita/d-7004743/alasan-firli-absen-pemeriksaan-terkait-pertemuan-dengan-syl-di-dewas-kpk,"
Jumat, 27 Okt 2023 12:24 WIB "
Firli Minta Dewas KPK Undur Pemeriksaan Terkait Pertemuan dengan SYL,https://news.detik.com/berita/d-7004462/firli-minta-dewas-kpk-undur-pemeriksaan-terkait-pertemuan-dengan-syl,"
Jumat, 27 Okt 2023 10:03 WIB "
Dewas KPK Sudah Periksa Eks Mentan SYL Terkait Pertemuan dengan Firli Bahuri,https://news.detik.com/berita/d-7004454/dewas-kpk-sudah-periksa-eks-mentan-syl-terkait-pertemuan-dengan-firli-bahuri,"
Jumat, 27 Okt 2023 09:54 WIB "
"Hari Ini, Dewas KPK Periksa Firli Bahuri Terkait Pertemuan dengan SYL",https://news.detik.com/berita/d-7004307/hari-ini-dewas-kpk-periksa-firli-bahuri-terkait-pertemuan-dengan-syl,"
Jumat, 27 Okt 2023 08:04 WIB "
Penggeledahan Rumah Ketua KPK hingga Viral Video Hoax Jokowi Fasih Bahasa Mandarin,https://news.detik.com/berita/d-7004073/penggeledahan-rumah-ketua-kpk-hingga-viral-video-hoax-jokowi-fasih-bahasa-mandarin,"
Jumat, 27 Okt 2023 07:58 WIB "
6 Fakta Rumah Ketua KPK Digeledah Polisi di Kasus Pemerasan SYL,https://news.detik.com/berita/d-7004290/6-fakta-rumah-ketua-kpk-digeledah-polisi-di-kasus-pemerasan-syl,"
Jumat, 27 Okt 2023 07:40 WIB "
MAKI: Penggeledahan di Rumah Firli Bentuk Tak Ada Perlakuan Khusus,https://news.detik.com/berita/d-7004256/maki-penggeledahan-di-rumah-firli-bentuk-tak-ada-perlakuan-khusus,"
Jumat, 27 Okt 2023 06:51 WIB "
Nurul Ghufron soal Rumah Firli Digeledah: KPK Tetap Semangat Kerja,https://news.detik.com/berita/d-7004254/nurul-ghufron-soal-rumah-firli-digeledah-kpk-tetap-semangat-kerja,"
Jumat, 27 Okt 2023 06:40 WIB "
Kompolnas Harap Polda Metro Temukan Bukti Usai Geledah Rumah Firli,https://news.detik.com/berita/d-7004246/kompolnas-harap-polda-metro-temukan-bukti-usai-geledah-rumah-firli,"
Jumat, 27 Okt 2023 06:11 WIB "
"Pengacara: Firli, Istri, dan Anak Ikut Saksikan Rumah di Bekasi Digeledah",https://news.detik.com/berita/d-7003818/pengacara-firli-istri-dan-anak-ikut-saksikan-rumah-di-bekasi-digeledah,"
Kamis, 26 Okt 2023 18:37 WIB "
Kata KPK soal Pegawai Ikut Geledah Rumah Rehat Firli di Jaksel,https://news.detik.com/berita/d-7003759/kata-kpk-soal-pegawai-ikut-geledah-rumah-rehat-firli-di-jaksel,"
Kamis, 26 Okt 2023 18:09 WIB "
Pengacara Ngaku Tak Ada Barang Bukti yang Disita Polisi dari Rumah Firli,https://news.detik.com/berita/d-7003711/pengacara-ngaku-tak-ada-barang-bukti-yang-disita-polisi-dari-rumah-firli,"
Kamis, 26 Okt 2023 17:53 WIB "
"Kuasa Hukum Firli Klaim Rumah di Kertanegara Sewaan, Dipakai untuk Rehat",https://news.detik.com/berita/d-7003642/kuasa-hukum-firli-klaim-rumah-di-kertanegara-sewaan-dipakai-untuk-rehat,"
Kamis, 26 Okt 2023 17:25 WIB "
Pengacara Ungkap SYL-Firli Pernah Bertemu di Rumah Kertanegara yang Digeledah,https://news.detik.com/berita/d-7003625/pengacara-ungkap-syl-firli-pernah-bertemu-di-rumah-kertanegara-yang-digeledah,"
Kamis, 26 Okt 2023 17:17 WIB "
KPK Hormati Polisi Geledah Rumah Firli Sepanjang Sesuai Aturan,https://news.detik.com/berita/d-7003457/kpk-hormati-polisi-geledah-rumah-firli-sepanjang-sesuai-aturan,"
Kamis, 26 Okt 2023 16:41 WIB "
Penampakan Rumah di Jaksel Digeledah Polisi Terkait Dugaan Pemerasan SYL,https://news.detik.com/berita/d-7003379/penampakan-rumah-di-jaksel-digeledah-polisi-terkait-dugaan-pemerasan-syl,"
Kamis, 26 Okt 2023 16:13 WIB "
"Geledah Rumah Firli Bahuri, Polisi Cari Bukti Terkait Pemerasan SYL",https://news.detik.com/berita/d-7003225/geledah-rumah-firli-bahuri-polisi-cari-bukti-terkait-pemerasan-syl,"
Kamis, 26 Okt 2023 15:18 WIB "
"Polisi Benarkan 2 Rumah Digeledah di Kasus SYL Diperas, Termasuk Rumah Firli",https://news.detik.com/berita/d-7003211/polisi-benarkan-2-rumah-digeledah-di-kasus-syl-diperas-termasuk-rumah-firli,"
Kamis, 26 Okt 2023 15:12 WIB "
Polisi Bawa 1 Koper Usai Geledah Rumah di Jaksel Terkait Kasus Pemerasan SYL,https://news.detik.com/berita/d-7003194/polisi-bawa-1-koper-usai-geledah-rumah-di-jaksel-terkait-kasus-pemerasan-syl,"
Kamis, 26 Okt 2023 15:04 WIB "
"Rumah Firli di Bekasi Digeledah, Polisi Bersenjata Lengkap Berjaga di Gerbang",https://news.detik.com/berita/d-7002911/rumah-firli-di-bekasi-digeledah-polisi-bersenjata-lengkap-berjaga-di-gerbang,"
Kamis, 26 Okt 2023 13:23 WIB "
Ketua RT Sebut Firli Bahuri Hadir Saat Polisi Geledah Rumahnya di Bekasi,https://news.detik.com/berita/d-7002905/ketua-rt-sebut-firli-bahuri-hadir-saat-polisi-geledah-rumahnya-di-bekasi,"
Kamis, 26 Okt 2023 13:21 WIB "
"Rumah di Jaksel Digeledah Terkait SYL Diperas, Polisi Bawa Masuk Koper-Printer",https://news.detik.com/berita/d-7002831/rumah-di-jaksel-digeledah-terkait-syl-diperas-polisi-bawa-masuk-koper-printer,"
Kamis, 26 Okt 2023 12:44 WIB "
"Rumah Firli Bahuri di Bekasi Digeledah, RW Sebut Tetangga-RT Diperiksa",https://news.detik.com/berita/d-7002663/rumah-firli-bahuri-di-bekasi-digeledah-rw-sebut-tetangga-rt-diperiksa,"
Kamis, 26 Okt 2023 11:40 WIB "
"Kasus Dugaan Pemerasan SYL, Polisi Juga Geledah Rumah di Jaksel",https://news.detik.com/berita/d-7002599/kasus-dugaan-pemerasan-syl-polisi-juga-geledah-rumah-di-jaksel,"
Kamis, 26 Okt 2023 11:14 WIB "
Polisi Geledah Rumah Ketua KPK Firli Bahuri!,https://news.detik.com/berita/d-7002555/polisi-geledah-rumah-ketua-kpk-firli-bahuri,"
Kamis, 26 Okt 2023 10:48 WIB "
Klaim KPK di Balik Request Lokasi Pemeriksaan Firli Bahuri,https://news.detik.com/berita/d-7002154/klaim-kpk-di-balik-request-lokasi-pemeriksaan-firli-bahuri,"
Rabu, 25 Okt 2023 22:08 WIB "
Kata Polisi soal Kemungkinan Periksa Pimpinan KPK Lainnya di Kasus SYL,https://news.detik.com/berita/d-7001596/kata-polisi-soal-kemungkinan-periksa-pimpinan-kpk-lainnya-di-kasus-syl,"
Rabu, 25 Okt 2023 16:52 WIB "
Polisi Masih Tunggu Respons KPK soal Ajakan Supervisi Kasus Pemerasan SYL,https://news.detik.com/berita/d-7001486/polisi-masih-tunggu-respons-kpk-soal-ajakan-supervisi-kasus-pemerasan-syl,"
Rabu, 25 Okt 2023 15:59 WIB "
KPK Jelaskan Alasan Minta Pemeriksaan Firli Dilakukan di Bareskrim,https://news.detik.com/berita/d-7001290/kpk-jelaskan-alasan-minta-pemeriksaan-firli-dilakukan-di-bareskrim,"
Rabu, 25 Okt 2023 14:56 WIB "
Penampakan Firli Diperiksa Terkait Kasus Pemerasan SYL di Bareskrim,https://news.detik.com/berita/d-7000509/penampakan-firli-diperiksa-terkait-kasus-pemerasan-syl-di-bareskrim,"
Rabu, 25 Okt 2023 09:39 WIB "
7 Fakta Firli Bahuri Diperiksa di Bareskrim Soal Dugaan Peras SYL,https://news.detik.com/berita/d-7000312/7-fakta-firli-bahuri-diperiksa-di-bareskrim-soal-dugaan-peras-syl,"
Rabu, 25 Okt 2023 06:34 WIB "
Polisi Buka Kans Periksa Firli Lagi di Kasus Dugaan Pemerasan SYL,https://news.detik.com/berita/d-7000246/polisi-buka-kans-periksa-firli-lagi-di-kasus-dugaan-pemerasan-syl,"
Rabu, 25 Okt 2023 00:26 WIB "
Polisi Konsolidasi Hasil Pemeriksaan Firli di Kasus Dugaan SYL Diperas,https://news.detik.com/berita/d-7000193/polisi-konsolidasi-hasil-pemeriksaan-firli-di-kasus-dugaan-syl-diperas,"
Selasa, 24 Okt 2023 22:39 WIB "
Polisi Ungkap Firli Bahuri Akui Pernah Bertemu SYL pada Maret 2022,https://news.detik.com/berita/d-7000171/polisi-ungkap-firli-bahuri-akui-pernah-bertemu-syl-pada-maret-2022,"
Selasa, 24 Okt 2023 22:18 WIB "
"Sempat Diperiksa di Kasus SYL, Ajudan Firli Kini Dimutasi ke Polri",https://news.detik.com/berita/d-7000135/sempat-diperiksa-di-kasus-syl-ajudan-firli-kini-dimutasi-ke-polri,"
Selasa, 24 Okt 2023 21:38 WIB "
Alasan Biro Hukum KPK Dampingi Firli Bahuri Selama Pemeriksaan di Bareskrim,https://news.detik.com/berita/d-7000121/alasan-biro-hukum-kpk-dampingi-firli-bahuri-selama-pemeriksaan-di-bareskrim,"
Selasa, 24 Okt 2023 21:24 WIB "
Firli Bahuri Selesai Diperiksa di Kasus Dugaan Pemerasan terhadap SYL,https://news.detik.com/berita/d-7000072/firli-bahuri-selesai-diperiksa-di-kasus-dugaan-pemerasan-terhadap-syl,"
Selasa, 24 Okt 2023 20:34 WIB "
Firli Didampingi Biro Hukum KPK Selama Pemeriksaan di Bareskrim,https://news.detik.com/berita/d-6999821/firli-didampingi-biro-hukum-kpk-selama-pemeriksaan-di-bareskrim,"
Selasa, 24 Okt 2023 18:08 WIB "
"6 Jam Berlalu, Firli Masih Diperiksa di Bareskrim Terkait Kasus Pemerasan SYL",https://news.detik.com/berita/d-6999555/6-jam-berlalu-firli-masih-diperiksa-di-bareskrim-terkait-kasus-pemerasan-syl,"
Selasa, 24 Okt 2023 16:41 WIB "
Polisi Cecar Firli Bahuri soal Pertemuan dengan SYL di Lapangan Bulu Tangkis,https://news.detik.com/berita/d-6999028/polisi-cecar-firli-bahuri-soal-pertemuan-dengan-syl-di-lapangan-bulu-tangkis,"
Selasa, 24 Okt 2023 13:03 WIB "
Pemeriksaan Firli di Bareskrim Polri atas Permintaan Pimpinan KPK,https://news.detik.com/berita/d-6998901/pemeriksaan-firli-di-bareskrim-polri-atas-permintaan-pimpinan-kpk,"
Selasa, 24 Okt 2023 11:56 WIB "
"Firli Bahuri Diperiksa di Bareskrim, Polri: Tak Ada Perlakuan Khusus",https://news.detik.com/berita/d-6998891/firli-bahuri-diperiksa-di-bareskrim-polri-tak-ada-perlakuan-khusus,"
Selasa, 24 Okt 2023 11:50 WIB "
Firli Penuhi Panggilan Pemeriksaan Kasus Dugaan Pemerasan Terhadap SYL,https://news.detik.com/berita/d-6998728/firli-penuhi-panggilan-pemeriksaan-kasus-dugaan-pemerasan-terhadap-syl,"
Selasa, 24 Okt 2023 10:24 WIB "
KPK Sebut Tak Bela Firli di Kasus Pemerasan: Proses Hukum Silakan Berjalan,https://news.detik.com/berita/d-6998708/kpk-sebut-tak-bela-firli-di-kasus-pemerasan-proses-hukum-silakan-berjalan,"
Selasa, 24 Okt 2023 10:10 WIB "
Ini yang Digali Tim Gabungan di Pemeriksaan Firli soal Dugaan SYL Diperas,https://news.detik.com/berita/d-6998651/ini-yang-digali-tim-gabungan-di-pemeriksaan-firli-soal-dugaan-syl-diperas,"
Selasa, 24 Okt 2023 09:42 WIB "
"Dugaan SYL Diperas, Firli Diperiksa Penyidik Gabungan Polda Metro-Bareskrim",https://news.detik.com/berita/d-6998564/dugaan-syl-diperas-firli-diperiksa-penyidik-gabungan-polda-metro-bareskrim,"
Selasa, 24 Okt 2023 08:13 WIB "
Firli Bahuri Dipastikan Hadiri Pemeriksaan di Bareskrim Pagi Ini,https://news.detik.com/berita/d-6998552/firli-bahuri-dipastikan-hadiri-pemeriksaan-di-bareskrim-pagi-ini,"
Selasa, 24 Okt 2023 07:54 WIB "
Kritik Aktivis Antikorupsi Usai Firli Surati Polisi Tembusan Mahfud-Kapolri,https://news.detik.com/berita/d-6995379/kritik-aktivis-antikorupsi-usai-firli-surati-polisi-tembusan-mahfud-kapolri,"
Minggu, 22 Okt 2023 08:12 WIB "
Daftar 52 Saksi di Kasus Pemerasan Pimpinan KPK: 14 Orang dari Kementan,https://news.detik.com/berita/d-6995124/daftar-52-saksi-di-kasus-pemerasan-pimpinan-kpk-14-orang-dari-kementan,"
Sabtu, 21 Okt 2023 21:27 WIB "
"Polisi Ajak Supervisi Pemerasan SYL, Dewas Teruskan Surat ke Pimpinan KPK",https://news.detik.com/berita/d-6994570/polisi-ajak-supervisi-pemerasan-syl-dewas-teruskan-surat-ke-pimpinan-kpk,"
Sabtu, 21 Okt 2023 14:33 WIB "
MAKI soal Surat Tembusan Firli ke Kapolri-Mahfud: Cari Perlindungan,https://news.detik.com/berita/d-6994131/maki-soal-surat-tembusan-firli-ke-kapolri-mahfud-cari-perlindungan,"
Sabtu, 21 Okt 2023 09:14 WIB "
ICW: Surat Tembusan Firli ke Kapolri-Menko Polhukam Nggak Nyambung,https://news.detik.com/berita/d-6994076/icw-surat-tembusan-firli-ke-kapolri-menko-polhukam-nggak-nyambung,"
Sabtu, 21 Okt 2023 08:35 WIB "
5 Fakta Terkini Kasus SYL Diduga Diperas tapi Firli Absen Diperiksa,https://news.detik.com/berita/d-6994034/5-fakta-terkini-kasus-syl-diduga-diperas-tapi-firli-absen-diperiksa,"
Sabtu, 21 Okt 2023 07:49 WIB "
Firli Bahuri Absen Diperiksa Polda Metro Berujung Kritik di Sana-sini,https://news.detik.com/berita/d-6993984/firli-bahuri-absen-diperiksa-polda-metro-berujung-kritik-di-sana-sini,"
Sabtu, 21 Okt 2023 06:15 WIB "
Ragam Alasan Ketua KPK Firli Bahuri saat Absen Diperiksa Polisi,https://news.detik.com/berita/d-6993750/ragam-alasan-ketua-kpk-firli-bahuri-saat-absen-diperiksa-polisi,"
Jumat, 20 Okt 2023 21:05 WIB "
Eks Penyidik KPK: Kesaksian Firli Akan Buka Kotak Pandora soal Pemerasan SYL,https://news.detik.com/berita/d-6993701/eks-penyidik-kpk-kesaksian-firli-akan-buka-kotak-pandora-soal-pemerasan-syl,"
Jumat, 20 Okt 2023 20:36 WIB "
Polda Metro Bicara soal Sosok Terlapor Kasus Pimpinan KPK Diduga Peras SYL,https://news.detik.com/berita/d-6993625/polda-metro-bicara-soal-sosok-terlapor-kasus-pimpinan-kpk-diduga-peras-syl,"
Jumat, 20 Okt 2023 19:52 WIB "
Respons KPK Usai Polisi Minta Serahkan Dokumen Terkait Pemerasan SYL,https://news.detik.com/berita/d-6993508/respons-kpk-usai-polisi-minta-serahkan-dokumen-terkait-pemerasan-syl,"
Jumat, 20 Okt 2023 18:35 WIB "
"KPK Gelar Jumpa Pers Kasus Korupsi Stadion di DIY, Tak Ada Pimpinan Hadir",https://news.detik.com/berita/d-6993434/kpk-gelar-jumpa-pers-kasus-korupsi-stadion-di-diy-tak-ada-pimpinan-hadir,"
Jumat, 20 Okt 2023 17:59 WIB "
"Firli Bahuri Dijadwal Ulang Polda Metro, Bakal Diperiksa Selasa 24 Oktober",https://news.detik.com/berita/d-6993296/firli-bahuri-dijadwal-ulang-polda-metro-bakal-diperiksa-selasa-24-oktober,"
Jumat, 20 Okt 2023 16:56 WIB "
IM57+ Bakal Hadiahi Firli Bahuri Raket Jika Penuhi Panggilan Polda Metro,https://news.detik.com/berita/d-6993258/im57-bakal-hadiahi-firli-bahuri-raket-jika-penuhi-panggilan-polda-metro,"
Jumat, 20 Okt 2023 16:41 WIB "
Polda Metro Minta Dokumen ke KPK Terkait Dugaan SYL Diperas,https://news.detik.com/berita/d-6993088/polda-metro-minta-dokumen-ke-kpk-terkait-dugaan-syl-diperas,"
Jumat, 20 Okt 2023 15:39 WIB "
"Firli Absen Dipanggil Polisi, NasDem Harap Ketua KPK Beri Contoh Baik",https://news.detik.com/berita/d-6993045/firli-absen-dipanggil-polisi-nasdem-harap-ketua-kpk-beri-contoh-baik,"
Jumat, 20 Okt 2023 15:24 WIB "
Polisi Ungkap Pentingnya Periksa Firli Bahuri di Kasus SYL Diperas,https://news.detik.com/berita/d-6993018/polisi-ungkap-pentingnya-periksa-firli-bahuri-di-kasus-syl-diperas,"
Jumat, 20 Okt 2023 15:11 WIB "
"Absen Dipanggil Polisi, Firli Bahuri Kirim Tembusan ke Kapolri dan Mahfud",https://news.detik.com/berita/d-6992961/absen-dipanggil-polisi-firli-bahuri-kirim-tembusan-ke-kapolri-dan-mahfud,"
Jumat, 20 Okt 2023 14:44 WIB "
"Polisi Periksa 52 Saksi Kasus Pemerasan Pimpinan KPK, Firli Pekan Depan",https://news.detik.com/berita/d-6992891/polisi-periksa-52-saksi-kasus-pemerasan-pimpinan-kpk-firli-pekan-depan,"
Jumat, 20 Okt 2023 14:21 WIB "
MAKI: Alasan Firli Absen Diperiksa Polda Metro Hanya Mengada-ada,https://news.detik.com/berita/d-6992869/maki-alasan-firli-absen-diperiksa-polda-metro-hanya-mengada-ada,"
Jumat, 20 Okt 2023 14:08 WIB "
Polda Metro: Firli Bahuri Bilang Perlu Waktu Dalami Materi Pemeriksaan,https://news.detik.com/berita/d-6992820/polda-metro-firli-bahuri-bilang-perlu-waktu-dalami-materi-pemeriksaan,"
Jumat, 20 Okt 2023 13:51 WIB "
Polisi Panggil Firli Bahuri Lagi Pekan Depan Usai Absen Diperiksa Hari Ini,https://news.detik.com/berita/d-6992785/polisi-panggil-firli-bahuri-lagi-pekan-depan-usai-absen-diperiksa-hari-ini,"
Jumat, 20 Okt 2023 13:30 WIB "
Alasan Firli Bahuri Absen Diperiksa Polisi soal Kasus SYL Diperas,https://news.detik.com/berita/d-6992568/alasan-firli-bahuri-absen-diperiksa-polisi-soal-kasus-syl-diperas,"
Jumat, 20 Okt 2023 11:32 WIB "
Firli Bahuri Absen Dipanggil Polda Metro Terkait Kasus SYL Diperas,https://news.detik.com/berita/d-6992491/firli-bahuri-absen-dipanggil-polda-metro-terkait-kasus-syl-diperas,"
Jumat, 20 Okt 2023 10:55 WIB "
ICW Minta Firli Tak Cari-cari Alasan Hindari Pemeriksaan di Polda Metro,https://news.detik.com/berita/d-6992394/icw-minta-firli-tak-cari-cari-alasan-hindari-pemeriksaan-di-polda-metro,"
Jumat, 20 Okt 2023 10:10 WIB "
"MAKI Minta Firli Penuhi Panggilan Polisi: Kalau Tak Merasa Salah, Datang",https://news.detik.com/berita/d-6992204/maki-minta-firli-penuhi-panggilan-polisi-kalau-tak-merasa-salah-datang,"
Jumat, 20 Okt 2023 08:02 WIB "
"Ketua KPK Firli Bahuri Dipanggil Polda Metro Jaya Hari Ini, Bakal Hadir?",https://news.detik.com/berita/d-6992196/ketua-kpk-firli-bahuri-dipanggil-polda-metro-jaya-hari-ini-bakal-hadir,"
Jumat, 20 Okt 2023 07:52 WIB "
IM57+ Desak Firli Hadir Diperiksa Polda Metro Besok: Tak Ada Keistimewaan,https://news.detik.com/berita/d-6990929/im57-desak-firli-hadir-diperiksa-polda-metro-besok-tak-ada-keistimewaan,"
Kamis, 19 Okt 2023 13:51 WIB "
"Termasuk Pegawai KPK, 8 Saksi Diperiksa Polisi soal Pemerasan SYL Hari Ini",https://news.detik.com/berita/d-6990294/termasuk-pegawai-kpk-8-saksi-diperiksa-polisi-soal-pemerasan-syl-hari-ini,"
Kamis, 19 Okt 2023 09:45 WIB "
"3 Saksi Absen Panggilan soal Pemerasan SYL, Termasuk Ajudan Pejabat Kementan",https://news.detik.com/berita/d-6989732/3-saksi-absen-panggilan-soal-pemerasan-syl-termasuk-ajudan-pejabat-kementan,"
Rabu, 18 Okt 2023 19:23 WIB "
Polisi Sudah Periksa 45 Saksi Terkait Dugaan Pimpinan KPK Peras SYL,https://news.detik.com/berita/d-6989601/polisi-sudah-periksa-45-saksi-terkait-dugaan-pimpinan-kpk-peras-syl,"
Rabu, 18 Okt 2023 18:20 WIB "
Kapolrestabes Semarang Diperiksa Lagi soal Kasus Pimpinan KPK Peras SYL,https://news.detik.com/berita/d-6989188/kapolrestabes-semarang-diperiksa-lagi-soal-kasus-pimpinan-kpk-peras-syl,"
Rabu, 18 Okt 2023 16:19 WIB "
Firli Bahuri Ngotot 'Pertemuan Bulutangkis' Terjadi Saat SYL Belum Beperkara,https://news.detik.com/berita/d-6988905/firli-bahuri-ngotot-pertemuan-bulutangkis-terjadi-saat-syl-belum-beperkara,"
Rabu, 18 Okt 2023 14:35 WIB "
Eks Wakil Ketua KPK M Jasin Diperiksa soal Kasus Pimpinan KPK Temui SYL,https://news.detik.com/berita/d-6988262/eks-wakil-ketua-kpk-m-jasin-diperiksa-soal-kasus-pimpinan-kpk-temui-syl,"
Rabu, 18 Okt 2023 10:31 WIB "
Polisi Kembali Panggil Ajudan Firli Terkait Kasus Pemerasan SYL Hari Ini,https://news.detik.com/berita/d-6988039/polisi-kembali-panggil-ajudan-firli-terkait-kasus-pemerasan-syl-hari-ini,"
Rabu, 18 Okt 2023 08:06 WIB "
Polisi Panggil Wakil Ketua KPK 2007-2011 Terkait Kasus Pemerasan SYL,https://news.detik.com/berita/d-6988016/polisi-panggil-wakil-ketua-kpk-2007-2011-terkait-kasus-pemerasan-syl,"
Rabu, 18 Okt 2023 07:51 WIB "
"Kabar Terkini Kasus SYL Diperas, Saut Situmorang Diperiksa Jadi Ahli",https://news.detik.com/berita/d-6987725/kabar-terkini-kasus-syl-diperas-saut-situmorang-diperiksa-jadi-ahli,"
Selasa, 17 Okt 2023 21:10 WIB "
Saut Situmorang Minta Dewas KPK Beri Sanksi Etik ke Firli,https://news.detik.com/berita/d-6987580/saut-situmorang-minta-dewas-kpk-beri-sanksi-etik-ke-firli,"
Selasa, 17 Okt 2023 19:12 WIB "
Saut Situmorang Yakin Ada Tersangka Kasus Pimpinan KPK Temui SYL,https://news.detik.com/berita/d-6987345/saut-situmorang-yakin-ada-tersangka-kasus-pimpinan-kpk-temui-syl,"
Selasa, 17 Okt 2023 18:02 WIB "
"Saut Situmorang Duga Ada Pelanggaran Saat Firli Bertemu SYL, Ini Argumennya",https://news.detik.com/berita/d-6987282/saut-situmorang-duga-ada-pelanggaran-saat-firli-bertemu-syl-ini-argumennya,"
Selasa, 17 Okt 2023 17:39 WIB "
Saut Duga Pimpinan KPK Lain Tahu Firli Bertemu SYL: Kan Mesti Pamit,https://news.detik.com/berita/d-6986610/saut-duga-pimpinan-kpk-lain-tahu-firli-bertemu-syl-kan-mesti-pamit,"
Selasa, 17 Okt 2023 13:14 WIB "
Eks Wakil Ketua KPK Yakin Kapolri Usut Tuntas Kasus Pemerasan SYL,https://news.detik.com/berita/d-6986492/eks-wakil-ketua-kpk-yakin-kapolri-usut-tuntas-kasus-pemerasan-syl,"
Selasa, 17 Okt 2023 12:26 WIB "
Kapolri Minta Dugaan Pemerasan Pimpinan KPK ke SYL Ditangani Profesional,https://news.detik.com/berita/d-6986375/kapolri-minta-dugaan-pemerasan-pimpinan-kpk-ke-syl-ditangani-profesional,"
Selasa, 17 Okt 2023 11:35 WIB "
Polisi: Total 23 Orang Sudah Diperiksa soal Pemerasan SYL,https://news.detik.com/berita/d-6986061/polisi-total-23-orang-sudah-diperiksa-soal-pemerasan-syl,"
Selasa, 17 Okt 2023 08:40 WIB "
"Cegah Konflik Kepentingan, Firli Diminta Tak Supervisi Kasus Pemerasan SYL",https://news.detik.com/berita/d-6982311/cegah-konflik-kepentingan-firli-diminta-tak-supervisi-kasus-pemerasan-syl,"
Sabtu, 14 Okt 2023 16:02 WIB "
Kompolnas: Kewenangan Penyidik Periksa Firli terkait Dugaan Pemerasan SYL,https://news.detik.com/berita/d-6981719/kompolnas-kewenangan-penyidik-periksa-firli-terkait-dugaan-pemerasan-syl,"
Sabtu, 14 Okt 2023 08:22 WIB "
Pukat UGM Kritik Firli Bahuri Teken Surat Penangkapan SYL: Cacat Formil!,https://news.detik.com/berita/d-6981708/pukat-ugm-kritik-firli-bahuri-teken-surat-penangkapan-syl-cacat-formil,"
Sabtu, 14 Okt 2023 08:02 WIB "
MAKI Desak Polda Metro Tetapkan Tersangka Dugaan Pimpinan KPK Peras SYL,https://news.detik.com/berita/d-6981696/maki-desak-polda-metro-tetapkan-tersangka-dugaan-pimpinan-kpk-peras-syl,"
Sabtu, 14 Okt 2023 07:41 WIB "
Polda Metro Gandeng Dittipidkor Bareskrim Usut Pemerasan SYL,https://news.detik.com/berita/d-6981651/polda-metro-gandeng-dittipidkor-bareskrim-usut-pemerasan-syl,"
Sabtu, 14 Okt 2023 06:43 WIB "
Ancang-ancang Firli Bahuri Diperiksa Polisi soal Dugaan SYL Diperas,https://news.detik.com/berita/d-6981646/ancang-ancang-firli-bahuri-diperiksa-polisi-soal-dugaan-syl-diperas,"
Sabtu, 14 Okt 2023 06:32 WIB "
"Ajudan Firli Akan Diperiksa Lagi, Telisik Lebih Dalam soal Pemerasan SYL",https://news.detik.com/berita/d-6981638/ajudan-firli-akan-diperiksa-lagi-telisik-lebih-dalam-soal-pemerasan-syl,"
Sabtu, 14 Okt 2023 06:12 WIB "
"Diperiksa Polda Metro Jaya, Ajudan Firli Dicecar soal Pemerasan SYL",https://news.detik.com/berita/d-6981610/diperiksa-polda-metro-jaya-ajudan-firli-dicecar-soal-pemerasan-syl,"
Sabtu, 14 Okt 2023 02:22 WIB "
Ajudan Firli Bahuri Bungkam Usai Diperiksa Polda Metro Selama 8 Jam,https://news.detik.com/berita/d-6981576/ajudan-firli-bahuri-bungkam-usai-diperiksa-polda-metro-selama-8-jam,"
Jumat, 13 Okt 2023 23:38 WIB "
Tanda Tanya Surat Penangkapan SYL Diteken Firli Bahuri sebagai Penyidik,https://news.detik.com/berita/d-6981404/tanda-tanya-surat-penangkapan-syl-diteken-firli-bahuri-sebagai-penyidik,"
Jumat, 13 Okt 2023 20:40 WIB "
Ada di Mana Firli Saat KPK Konpers Penahanan Eks Mentan SYL?,https://news.detik.com/berita/d-6981388/ada-di-mana-firli-saat-kpk-konpers-penahanan-eks-mentan-syl,"
Jumat, 13 Okt 2023 20:26 WIB "
KPK Tepis Isu Ancam SYL Cabut Laporan Dugaan Pemerasan di Polda,https://news.detik.com/berita/d-6981360/kpk-tepis-isu-ancam-syl-cabut-laporan-dugaan-pemerasan-di-polda,"
Jumat, 13 Okt 2023 20:05 WIB "
Ini Pegawai KPK yang Absen Panggilan Pemeriksaan Kasus Dugaan Pemerasan SYL,https://news.detik.com/berita/d-6980957/ini-pegawai-kpk-yang-absen-panggilan-pemeriksaan-kasus-dugaan-pemerasan-syl,"
Jumat, 13 Okt 2023 17:01 WIB "
Kapolda Metro Tegaskan Usut Pemerasan oleh Pimpinan KPK Meski SYL Ditangkap,https://news.detik.com/berita/d-6980539/kapolda-metro-tegaskan-usut-pemerasan-oleh-pimpinan-kpk-meski-syl-ditangkap,"
Jumat, 13 Okt 2023 14:22 WIB "
Ketua KPK Firli Bakal Diperiksa Polisi Terkait Dugaan Pemerasan SYL!,https://news.detik.com/berita/d-6980298/ketua-kpk-firli-bakal-diperiksa-polisi-terkait-dugaan-pemerasan-syl,"
Jumat, 13 Okt 2023 13:00 WIB "
Ajudan Firli Ngaku Tak Ada Arahan Jelang Diperiksa di Kasus Pemerasan SYL,https://news.detik.com/berita/d-6980191/ajudan-firli-ngaku-tak-ada-arahan-jelang-diperiksa-di-kasus-pemerasan-syl,"
Jumat, 13 Okt 2023 11:52 WIB "
Ajudan Ketua KPK Firli Penuhi Panggilan Pemeriksaan Kasus Pemerasan SYL,https://news.detik.com/berita/d-6980133/ajudan-ketua-kpk-firli-penuhi-panggilan-pemeriksaan-kasus-pemerasan-syl,"
Jumat, 13 Okt 2023 11:26 WIB "
"Muncul Lagi Kabar Rumah Firli Digeledah, Polda Metro Buka Suara",https://news.detik.com/berita/d-6979920/muncul-lagi-kabar-rumah-firli-digeledah-polda-metro-buka-suara,"
Jumat, 13 Okt 2023 09:42 WIB "
"4 Fakta Baru Kasus Pemerasan SYL, Ajudan Firli Mangkir",https://news.detik.com/berita/d-6979729/4-fakta-baru-kasus-pemerasan-syl-ajudan-firli-mangkir,"
Jumat, 13 Okt 2023 06:35 WIB "
"Sempat Mangkir, Ajudan Firli Bahuri Diperiksa Polda Metro Besok",https://news.detik.com/berita/d-6979317/sempat-mangkir-ajudan-firli-bahuri-diperiksa-polda-metro-besok,"
Kamis, 12 Okt 2023 19:27 WIB "
"Ada Desakan Firli Dicopot, Mahfud: Biar Disikapi Sendiri oleh KPK",https://news.detik.com/berita/d-6978685/ada-desakan-firli-dicopot-mahfud-biar-disikapi-sendiri-oleh-kpk,"
Kamis, 12 Okt 2023 15:03 WIB "
Ajudan Firli Mangkir Panggilan Polisi soal Kasus Pemerasan SYL,https://news.detik.com/berita/d-6978034/ajudan-firli-mangkir-panggilan-polisi-soal-kasus-pemerasan-syl,"
Kamis, 12 Okt 2023 10:03 WIB "
Jaminan Kapolda Metro Jaya Usut Tuntas Dugaan SYL Diperas Pimpinan KPK,https://news.detik.com/berita/d-6977900/jaminan-kapolda-metro-jaya-usut-tuntas-dugaan-syl-diperas-pimpinan-kpk,"
Kamis, 12 Okt 2023 08:04 WIB "
KPK Jawab ICW soal Tak Libatkan Firli di Penanganan Korupsi Kementan,https://news.detik.com/berita/d-6977587/kpk-jawab-icw-soal-tak-libatkan-firli-di-penanganan-korupsi-kementan,"
Rabu, 11 Okt 2023 21:04 WIB "
"KPK soal Kabar Ruangan Firli Digeledah: Kalau Ada, Pasti Kami Publikasikan",https://news.detik.com/berita/d-6977402/kpk-soal-kabar-ruangan-firli-digeledah-kalau-ada-pasti-kami-publikasikan,"
Rabu, 11 Okt 2023 19:13 WIB "
Massa Front Indonesia Timur Bersatu Demo Desak Firli Dicopot dari KPK,https://news.detik.com/berita/d-6976943/massa-front-indonesia-timur-bersatu-demo-desak-firli-dicopot-dari-kpk,"
Rabu, 11 Okt 2023 16:14 WIB "
Jual Beli Serangan Firli Vs Syahrul Limpo,https://news.detik.com/x/detail/spotlight/20231011/Jual-Beli-Serangan-Firli-Vs-Syahrul-Limpo/,"
Rabu, 11 Okt 2023 15:53 WIB "
Kata Kapolda Metro soal Kabar Rumah Firli Bahuri Digeledah,https://news.detik.com/berita/d-6976272/kata-kapolda-metro-soal-kabar-rumah-firli-bahuri-digeledah,"
Rabu, 11 Okt 2023 11:48 WIB "
Kapolda Metro Bicara Sosok Pimpinan KPK di Kasus Pemerasan SYL,https://news.detik.com/berita/d-6976224/kapolda-metro-bicara-sosok-pimpinan-kpk-di-kasus-pemerasan-syl,"
Rabu, 11 Okt 2023 11:26 WIB "
"Kapolrestabes Semarang Temani SYL Bertemu Firli di 2021, Bahas Apa?",https://news.detik.com/berita/d-6976054/kapolrestabes-semarang-temani-syl-bertemu-firli-di-2021-bahas-apa,"
Rabu, 11 Okt 2023 10:01 WIB "
Legislator PKB Pilih Percaya ke Polisi dan Dewas KPK Usut Pertemuan Firli-SYL,https://news.detik.com/berita/d-6975971/legislator-pkb-pilih-percaya-ke-polisi-dan-dewas-kpk-usut-pertemuan-firli-syl,"
Rabu, 11 Okt 2023 08:50 WIB "
Terungkap Hubungan Kombes Irwan Anwar dengan Firli dan SYL,https://news.detik.com/berita/d-6975939/terungkap-hubungan-kombes-irwan-anwar-dengan-firli-dan-syl,"
Rabu, 11 Okt 2023 08:20 WIB "
ICW Desak KPK Tak Libatkan Firli dalam Penanganan Kasus Korupsi Kementan,https://news.detik.com/berita/d-6975918/icw-desak-kpk-tak-libatkan-firli-dalam-penanganan-kasus-korupsi-kementan,"
Rabu, 11 Okt 2023 08:10 WIB "
Boyamin MAKI: Saya Harap Firli Mengundurkan Diri dari KPK,https://news.detik.com/berita/d-6975849/boyamin-maki-saya-harap-firli-mengundurkan-diri-dari-kpk,"
Rabu, 11 Okt 2023 06:31 WIB "
Habiburokhman: Belum Ada Pembahasan Pemanggilan KPK Terkait Kasus SYL,https://news.detik.com/berita/d-6975822/habiburokhman-belum-ada-pembahasan-pemanggilan-kpk-terkait-kasus-syl,"
Rabu, 11 Okt 2023 05:43 WIB "
"Kombes Irwan Anwar: Firli Dulu Atasan Langsung Saya, SYL Paman Saya",https://news.detik.com/berita/d-6975117/kombes-irwan-anwar-firli-dulu-atasan-langsung-saya-syl-paman-saya,"
Selasa, 10 Okt 2023 16:49 WIB "
Kapolrestabes Semarang Buka Suara soal Jadi Saksi Dugaan Firli Peras SYL,https://news.detik.com/berita/d-6975091/kapolrestabes-semarang-buka-suara-soal-jadi-saksi-dugaan-firli-peras-syl,"
Selasa, 10 Okt 2023 16:34 WIB "
Polda Metro Buka Suara soal Kabar Penggeledahan di Rumah Firli Bahuri,https://news.detik.com/berita/d-6974760/polda-metro-buka-suara-soal-kabar-penggeledahan-di-rumah-firli-bahuri,"
Selasa, 10 Okt 2023 14:28 WIB "
Ketua RW Tepis Kabar Rumah Ketua KPK Firli Bahuri Digeledah,https://news.detik.com/berita/d-6974411/ketua-rw-tepis-kabar-rumah-ketua-kpk-firli-bahuri-digeledah,"
Selasa, 10 Okt 2023 11:49 WIB "
Komisi III DPR Akan Panggil KPK Buntut Pertemuan Firli dan Eks Mentan SYL,https://news.detik.com/berita/d-6974017/komisi-iii-dpr-akan-panggil-kpk-buntut-pertemuan-firli-dan-eks-mentan-syl,"
Selasa, 10 Okt 2023 07:45 WIB "
Pimpinan KPK soal Kasus SYL Diperas Naik Penyidikan: Kita Hormati Hukum,https://news.detik.com/berita/d-6972980/pimpinan-kpk-soal-kasus-syl-diperas-naik-penyidikan-kita-hormati-hukum,"
Senin, 09 Okt 2023 15:35 WIB "
Sprindik Kasus Korupsi Kementan Terbit Saat Firli Bahuri ke Korsel,https://news.detik.com/berita/d-6972709/sprindik-kasus-korupsi-kementan-terbit-saat-firli-bahuri-ke-korsel,"
Senin, 09 Okt 2023 13:37 WIB "
"Kasus Pemerasan Pimpinan KPK ke SYL Naik Penyidikan, Begini Respons Mahfud",https://news.detik.com/berita/d-6972494/kasus-pemerasan-pimpinan-kpk-ke-syl-naik-penyidikan-begini-respons-mahfud,"
Senin, 09 Okt 2023 12:02 WIB "
Firli Bahuri Buka Suara soal Foto Bareng SYL di Lapangan Bulutangkis,https://news.detik.com/berita/d-6972168/firli-bahuri-buka-suara-soal-foto-bareng-syl-di-lapangan-bulutangkis,"
Senin, 09 Okt 2023 09:07 WIB "
Perkembangan Terkini Kasus Dugaan Pimpinan KPK Peras SYL,https://news.detik.com/berita/d-6972051/perkembangan-terkini-kasus-dugaan-pimpinan-kpk-peras-syl,"
Senin, 09 Okt 2023 06:02 WIB "
"Kasus Naik Penyidikan, Siapa Pimpinan KPK yang Dilaporkan Diduga Peras SYL?",https://news.detik.com/berita/d-6971181/kasus-naik-penyidikan-siapa-pimpinan-kpk-yang-dilaporkan-diduga-peras-syl,"
Minggu, 08 Okt 2023 13:26 WIB "
Sudah 2 Kasus Pimpinan KPK Dilaporkan ke Polda Metro Naik Penyidikan,https://news.detik.com/berita/d-6970829/sudah-2-kasus-pimpinan-kpk-dilaporkan-ke-polda-metro-naik-penyidikan,"
Minggu, 08 Okt 2023 07:00 WIB "
"Kapolri Pantau Kasus Pemerasan Pimpinan KPK, Kirim Tim Asistensi Mabes Polri",https://news.detik.com/berita/d-6970368/kapolri-pantau-kasus-pemerasan-pimpinan-kpk-kirim-tim-asistensi-mabes-polri,"
Sabtu, 07 Okt 2023 18:17 WIB "
Jokowi Jawab Desakan Nonaktifkan Pimpinan KPK soal Isu Pemerasan SYL,https://news.detik.com/berita/d-6970328/jokowi-jawab-desakan-nonaktifkan-pimpinan-kpk-soal-isu-pemerasan-syl,"
Sabtu, 07 Okt 2023 17:51 WIB "
Polisi Janji Profesional di Kasus Pemerasan Pimpinan KPK ke SYL,https://news.detik.com/berita/d-6970318/polisi-janji-profesional-di-kasus-pemerasan-pimpinan-kpk-ke-syl,"
Sabtu, 07 Okt 2023 17:38 WIB "
"Eks Penyelidik Singgung Pelanggaran Etik Firli di KPK, Minta Jokowi Bersikap",https://news.detik.com/berita/d-6970273/eks-penyelidik-singgung-pelanggaran-etik-firli-di-kpk-minta-jokowi-bersikap,"
Sabtu, 07 Okt 2023 16:58 WIB "
Polda Metro Kumpulkan Bukti Kasus Pemerasan Pimpinan KPK ke SYL,https://news.detik.com/berita/d-6970162/polda-metro-kumpulkan-bukti-kasus-pemerasan-pimpinan-kpk-ke-syl,"
Sabtu, 07 Okt 2023 15:39 WIB "
Jokowi Diminta Bertindak soal Dugaan Pemerasan oleh Ketua KPK Firli Bahuri,https://news.detik.com/berita/d-6970040/jokowi-diminta-bertindak-soal-dugaan-pemerasan-oleh-ketua-kpk-firli-bahuri,"
Sabtu, 07 Okt 2023 14:14 WIB "
Eks Pegawai: Firli Punya Track Record Bagus dalam Melanggar Etik di KPK,https://news.detik.com/berita/d-6969800/eks-pegawai-firli-punya-track-record-bagus-dalam-melanggar-etik-di-kpk,"
Sabtu, 07 Okt 2023 10:34 WIB "
Tanda Tanya di Balik Pertemuan Firli dan SYL di Lapangan Bulutangkis,https://news.detik.com/berita/d-6969697/tanda-tanya-di-balik-pertemuan-firli-dan-syl-di-lapangan-bulutangkis,"
Sabtu, 07 Okt 2023 08:49 WIB "
Kritik Bermunculan Usai Firli Bahuri Bantah Peras Mentan,https://news.detik.com/berita/d-6969650/kritik-bermunculan-usai-firli-bahuri-bantah-peras-mentan,"
Sabtu, 07 Okt 2023 07:41 WIB "
Respons NasDem soal Foto Ketua KPK Firli Bertemu Syahrul Yasin Limpo,https://news.detik.com/berita/d-6969618/respons-nasdem-soal-foto-ketua-kpk-firli-bertemu-syahrul-yasin-limpo,"
Sabtu, 07 Okt 2023 06:19 WIB "
"Firli Dilaporkan ke Dewas Buntut Pertemuan dengan SYL, KPK Respons Begini",https://news.detik.com/berita/d-6969507/firli-dilaporkan-ke-dewas-buntut-pertemuan-dengan-syl-kpk-respons-begini,"
Jumat, 06 Okt 2023 22:17 WIB "
Pengakuan Penjaga Lapangan Bulu Tangkis Lihat Firli dan SYL Bertemu,https://news.detik.com/berita/d-6969364/pengakuan-penjaga-lapangan-bulu-tangkis-lihat-firli-dan-syl-bertemu,"
Jumat, 06 Okt 2023 20:15 WIB "
ICW: Komunikasi Pimpinan KPK dan Pihak Beperkara Bukan Pertama Kali Terjadi,https://news.detik.com/berita/d-6969345/icw-komunikasi-pimpinan-kpk-dan-pihak-beperkara-bukan-pertama-kali-terjadi,"
Jumat, 06 Okt 2023 20:03 WIB "
Klaim Firli Bahuri Tepis Peras SYL dan Munculnya Foto di Sela Bulu Tangkis,https://news.detik.com/berita/d-6969043/klaim-firli-bahuri-tepis-peras-syl-dan-munculnya-foto-di-sela-bulu-tangkis,"
Jumat, 06 Okt 2023 17:54 WIB "
Mahasiswa Laporkan Firli Bahuri ke Dewas KPK Buntut Pertemuan dengan SYL,https://news.detik.com/berita/d-6968797/mahasiswa-laporkan-firli-bahuri-ke-dewas-kpk-buntut-pertemuan-dengan-syl,"
Jumat, 06 Okt 2023 16:33 WIB "
Pukat UGM Desak Dewas KPK Investigasi Pertemuan Firli dengan SYL,https://news.detik.com/berita/d-6968559/pukat-ugm-desak-dewas-kpk-investigasi-pertemuan-firli-dengan-syl,"
Jumat, 06 Okt 2023 14:54 WIB "
Jokowi Buka Suara soal Dugaan Pimpinan KPK Peras Syahrul Yasin Limpo,https://news.detik.com/berita/d-6968421/jokowi-buka-suara-soal-dugaan-pimpinan-kpk-peras-syahrul-yasin-limpo,"
Jumat, 06 Okt 2023 14:16 WIB "
Dugaan Internal KPK Peras Pihak Beperkara Bukan Kali Ini Saja,https://news.detik.com/berita/d-6968188/dugaan-internal-kpk-peras-pihak-beperkara-bukan-kali-ini-saja,"
Jumat, 06 Okt 2023 12:34 WIB "
Beredar Foto Pertemuan Firli Bahuri dan Mentan SYL di Lapangan Bulutangkis,https://news.detik.com/berita/d-6968180/beredar-foto-pertemuan-firli-bahuri-dan-mentan-syl-di-lapangan-bulutangkis,"
Jumat, 06 Okt 2023 12:28 WIB "
Bantahan Firli soal 1 Miliar Dolar Saat Mentan Sudah 3 Kali Diperiksa Polisi,https://news.detik.com/berita/d-6968055/bantahan-firli-soal-1-miliar-dolar-saat-mentan-sudah-3-kali-diperiksa-polisi,"
Jumat, 06 Okt 2023 11:27 WIB "
Firli Tegaskan Tak Ada Paksaan Tetapkan Tersangka di Kasus Korupsi Kementan,https://news.detik.com/berita/d-6967487/firli-tegaskan-tak-ada-paksaan-tetapkan-tersangka-di-kasus-korupsi-kementan,"
Kamis, 05 Okt 2023 21:35 WIB "
"Mahfud Dapat Info Mentan SYL Sudah Tersangka, Begini Respons Firli",https://news.detik.com/berita/d-6967482/mahfud-dapat-info-mentan-syl-sudah-tersangka-begini-respons-firli,"
Kamis, 05 Okt 2023 21:32 WIB "
"Timeline Pimpinan KPK Diadukan Dugaan Peras Mentan, Kini Diusut Polisi",https://news.detik.com/berita/d-6967454/timeline-pimpinan-kpk-diadukan-dugaan-peras-mentan-kini-diusut-polisi,"
Kamis, 05 Okt 2023 21:22 WIB "
Firli Bahuri Tepis Dugaan Pemerasan: Siapa Mau Ngasih 1 Miliar Dolar?,https://news.detik.com/berita/d-6967383/firli-bahuri-tepis-dugaan-pemerasan-siapa-mau-ngasih-1-miliar-dolar,"
Kamis, 05 Okt 2023 20:15 WIB "
"Dugaan Pemerasan ke Mentan SYL, Firli Bahuri Singgung Banyak yang Catut KPK",https://news.detik.com/berita/d-6967377/dugaan-pemerasan-ke-mentan-syl-firli-bahuri-singgung-banyak-yang-catut-kpk,"
Kamis, 05 Okt 2023 20:07 WIB "
Respons Dewas soal Pimpinan KPK Diduga Terlibat Pemerasan Mentan,https://news.detik.com/berita/d-6967200/respons-dewas-soal-pimpinan-kpk-diduga-terlibat-pemerasan-mentan,"
Kamis, 05 Okt 2023 18:28 WIB "
Jokowi Didesak Nonaktifkan Pimpinan KPK Terkait Isu Pemerasan Mentan,https://news.detik.com/berita/d-6967145/jokowi-didesak-nonaktifkan-pimpinan-kpk-terkait-isu-pemerasan-mentan,"
Kamis, 05 Okt 2023 18:08 WIB "
SYL soal Diperiksa Terkait Pemerasan: Saya Sudah Sampaikan Seterang-terangnya,https://news.detik.com/berita/d-6967095/syl-soal-diperiksa-terkait-pemerasan-saya-sudah-sampaikan-seterang-terangnya,"
Kamis, 05 Okt 2023 17:49 WIB "
"Diperiksa terkait Dugaan Diperas, Mentan Singgung Peristiwa 12 Agustus 2023",https://news.detik.com/berita/d-6967016/diperiksa-terkait-dugaan-diperas-mentan-singgung-peristiwa-12-agustus-2023,"
Kamis, 05 Okt 2023 17:30 WIB "
Mentan SYL Diperiksa di Polda Metro Selama 3 Jam soal Dugaan Pemerasan,https://news.detik.com/berita/d-6966985/mentan-syl-diperiksa-di-polda-metro-selama-3-jam-soal-dugaan-pemerasan,"
Kamis, 05 Okt 2023 17:21 WIB "
Mobil Mentan SYL Tinggalkan Polda Metro Jaya,https://news.detik.com/berita/d-6966757/mobil-mentan-syl-tinggalkan-polda-metro-jaya,"
Kamis, 05 Okt 2023 15:40 WIB "
Dugaan Pemerasan Pimpinan KPK Dinilai Nodai Pengusutan Korupsi di Kementan,https://news.detik.com/berita/d-6966436/dugaan-pemerasan-pimpinan-kpk-dinilai-nodai-pengusutan-korupsi-di-kementan,"
Kamis, 05 Okt 2023 13:31 WIB "
"Mentan Syahrul Yasin Limpo Sambangi Polda Metro, Ada Apa?",https://news.detik.com/berita/d-6966358/mentan-syahrul-yasin-limpo-sambangi-polda-metro-ada-apa,"
Kamis, 05 Okt 2023 12:53 WIB "
Kapolri Cek Laporan Dugaan Pemerasan oleh Pimpinan KPK ke Mentan,https://news.detik.com/berita/d-6966277/kapolri-cek-laporan-dugaan-pemerasan-oleh-pimpinan-kpk-ke-mentan,"
Kamis, 05 Okt 2023 12:23 WIB "
Muncul Surat Pemeriksaan Ajudan Mentan soal Dugaan Pemerasan oleh Pimpinan KPK,https://news.detik.com/berita/d-6965954/muncul-surat-pemeriksaan-ajudan-mentan-soal-dugaan-pemerasan-oleh-pimpinan-kpk,"
Kamis, 05 Okt 2023 10:10 WIB "
Beredar Kabar Ajudan Mentan Diperiksa Polda Metro soal Dugaan Pemerasan,https://news.detik.com/berita/d-6965656/beredar-kabar-ajudan-mentan-diperiksa-polda-metro-soal-dugaan-pemerasan,"
Kamis, 05 Okt 2023 01:49 WIB "
Novel Khawatir Pungli Rutan KPK Terkait Pembocoran Informasi di Luar Sel,https://news.detik.com/berita/d-6792569/novel-khawatir-pungli-rutan-kpk-terkait-pembocoran-informasi-di-luar-sel,"
Senin, 26 Jun 2023 11:20 WIB "
Pungli di Rutan KPK Diyakini Puncak Gunung Es dan Dilakukan Berjamaah,https://news.detik.com/berita/d-6791947/pungli-di-rutan-kpk-diyakini-puncak-gunung-es-dan-dilakukan-berjamaah,"
Minggu, 25 Jun 2023 20:09 WIB "
Pukat UGM soal Pungli Rp 4 M: KPK Harus Tinjau Ulang Pengelolaan Rutan,https://news.detik.com/berita/d-6791106/pukat-ugm-soal-pungli-rp-4-m-kpk-harus-tinjau-ulang-pengelolaan-rutan,"
Minggu, 25 Jun 2023 08:45 WIB "
Anggota DPR Kaget Ada Pungli di Rutan KPK: Tugas Firli Mengungkap,https://news.detik.com/berita/d-6784525/anggota-dpr-kaget-ada-pungli-di-rutan-kpk-tugas-firli-mengungkap,"
Rabu, 21 Jun 2023 12:53 WIB "
"Ironi di KPK Bikin Gempar, dalam 4 Bulan Pungli Rp 4 Miliar",https://news.detik.com/berita/d-6783303/ironi-di-kpk-bikin-gempar-dalam-4-bulan-pungli-rp-4-miliar,"
Selasa, 20 Jun 2023 17:46 WIB "
