title,url,date
"Eks Anggota BPK Achsanul Qosasi Tetap Dibui 2,5 Tahun Usai Kasasi Ditolak",https://news.detik.com/berita/d-7647730/eks-anggota-bpk-achsanul-qosasi-tetap-dibui-2-5-tahun-usai-kasasi-ditolak,"
Rabu, 20 Nov 2024 13:19 WIB "
Andre Rosiade Apresiasi Telkom Group Bantu Atasi Blank Spot di Sumbar,https://news.detik.com/berita/d-7636025/andre-rosiade-apresiasi-telkom-group-bantu-atasi-blank-spot-di-sumbar,"
Rabu, 13 Nov 2024 11:18 WIB "
Bakti Kominfo Raih GCG Awards dari Kejagung Kategori Best Transition Leader,https://news.detik.com/berita/d-7590055/bakti-kominfo-raih-gcg-awards-dari-kejagung-kategori-best-transition-leader,"
Rabu, 16 Okt 2024 09:39 WIB "
"Dipimpin Burhanuddin, Kejagung Dinilai Punya Keberanian Ungkap Kasus Besar",https://news.detik.com/berita/d-7589189/dipimpin-burhanuddin-kejagung-dinilai-punya-keberanian-ungkap-kasus-besar,"
Selasa, 15 Okt 2024 16:16 WIB "
Jaksa Agung ST Burhanuddin Bangun Legacy Bongkar Korupsi Besar,https://news.detik.com/berita/d-7583187/jaksa-agung-st-burhanuddin-bangun-legacy-bongkar-korupsi-besar,"
Jumat, 11 Okt 2024 14:23 WIB "
Sandra Dewi Nangis di Sidang: Saya Bilang ke Anak-anak Ayahnya Wamil,https://news.detik.com/berita/d-7581737/sandra-dewi-nangis-di-sidang-saya-bilang-ke-anak-anak-ayahnya-wamil,"
Kamis, 10 Okt 2024 16:47 WIB "
3 Eks Anak Buah Johnny Plate Divonis 3 hingga 6 Tahun Penjara,https://news.detik.com/berita/d-7474768/3-eks-anak-buah-johnny-plate-divonis-3-hingga-6-tahun-penjara,"
Senin, 05 Agu 2024 17:54 WIB "
Jemy Sutjiawan Divonis 3 Tahun Penjara di Kasus Korupsi BTS,https://news.detik.com/berita/d-7465364/jemy-sutjiawan-divonis-3-tahun-penjara-di-kasus-korupsi-bts,"
Selasa, 30 Jul 2024 20:22 WIB "
MA Sunat Vonis 18 Tahun Eks Dirut Bakti Kominfo Jadi 10 Tahun Penjara,https://news.detik.com/berita/d-7458923/ma-sunat-vonis-18-tahun-eks-dirut-bakti-kominfo-jadi-10-tahun-penjara,"
Jumat, 26 Jul 2024 17:32 WIB "
Sidang Vonis Jemy Sutjiawan di Kasus Korupsi BTS Digelar 30 Juli,https://news.detik.com/berita/d-7456994/sidang-vonis-jemy-sutjiawan-di-kasus-korupsi-bts-digelar-30-juli,"
Kamis, 25 Jul 2024 16:16 WIB "
"Baca Replik, Jaksa Ingin Jemy Sutjiawan Tetap Divonis 4 Tahun Bui di Kasus BTS",https://news.detik.com/berita/d-7455043/baca-replik-jaksa-ingin-jemy-sutjiawan-tetap-divonis-4-tahun-bui-di-kasus-bts,"
Rabu, 24 Jul 2024 15:51 WIB "
"Jemy Sutjiawan Minta Dibebaskan di Kasus BTS, Klaim Tak Pernah Beri Suap",https://news.detik.com/berita/d-7453335/jemy-sutjiawan-minta-dibebaskan-di-kasus-bts-klaim-tak-pernah-beri-suap,"
Selasa, 23 Jul 2024 16:45 WIB "
3 Anak Buah Johnny Plate Dituntut 4-7 Tahun Penjara di Kasus Korupsi BTS,https://news.detik.com/berita/d-7445408/3-anak-buah-johnny-plate-dituntut-4-7-tahun-penjara-di-kasus-korupsi-bts,"
Kamis, 18 Jul 2024 16:05 WIB "
Jemy Sutjiawan Dituntut 4 Tahun Penjara di Kasus Korupsi Proyek BTS,https://news.detik.com/berita/d-7441581/jemy-sutjiawan-dituntut-4-tahun-penjara-di-kasus-korupsi-proyek-bts,"
Selasa, 16 Jul 2024 15:32 WIB "
"Sidang Tuntutan Terdakwa Kasus BTS Ditunda Lagi, Hakim Sentil Jaksa",https://news.detik.com/berita/d-7435935/sidang-tuntutan-terdakwa-kasus-bts-ditunda-lagi-hakim-sentil-jaksa,"
Jumat, 12 Jul 2024 16:49 WIB "
MA Tolak Kasasi Johnny Plate: Vonis Tetap 15 Tahun-Land Rover Dirampas,https://news.detik.com/berita/d-7430772/ma-tolak-kasasi-johnny-plate-vonis-tetap-15-tahun-land-rover-dirampas,"
Selasa, 09 Jul 2024 17:32 WIB "
"Jaksa Belum Siap, Sidang Tuntutan Terdakwa Kasus BTS Ditunda",https://news.detik.com/berita/d-7430423/jaksa-belum-siap-sidang-tuntutan-terdakwa-kasus-bts-ditunda,"
Selasa, 09 Jul 2024 15:29 WIB "
"Raih Adhyaksa Awards, Kuntadi: Jadi Penyemangat Ungkap Kejahatan Korupsi",https://news.detik.com/berita/d-7425353/raih-adhyaksa-awards-kuntadi-jadi-penyemangat-ungkap-kejahatan-korupsi,"
Jumat, 05 Jul 2024 23:08 WIB "
Kuntadi Raih Adhyaksa Awards 2024 Kategori Jaksa Tangguh Pemberantas Korupsi,https://news.detik.com/berita/d-7425247/kuntadi-raih-adhyaksa-awards-2024-kategori-jaksa-tangguh-pemberantas-korupsi,"
Jumat, 05 Jul 2024 21:32 WIB "
Alasan Hakim Hukum Edward Terdakwa Kasus BTS Bayar Uang Pengganti Rp 15 M,https://news.detik.com/berita/d-7422942/alasan-hakim-hukum-edward-terdakwa-kasus-bts-bayar-uang-pengganti-rp-15-m,"
Kamis, 04 Jul 2024 16:41 WIB "
"Divonis 5 Tahun Penjara, Edward Terdakwa Kasus Korupsi BTS Ajukan Banding",https://news.detik.com/berita/d-7422897/divonis-5-tahun-penjara-edward-terdakwa-kasus-korupsi-bts-ajukan-banding,"
Kamis, 04 Jul 2024 16:22 WIB "
Terdakwa Kasus Korupsi BTS Edward Hutahaean Divonis 5 Tahun Penjara,https://news.detik.com/berita/d-7422755/terdakwa-kasus-korupsi-bts-edward-hutahaean-divonis-5-tahun-penjara,"
Kamis, 04 Jul 2024 15:19 WIB "
"Putusan Belum Siap, Sidang Vonis Edward Terdakwa Kasus BTS Ditunda",https://news.detik.com/berita/d-7411658/putusan-belum-siap-sidang-vonis-edward-terdakwa-kasus-bts-ditunda,"
Kamis, 27 Jun 2024 16:10 WIB "
"Jaksa Ajukan Banding Vonis 2,5 Tahun Bui Eks Anggota BPK Achsanul Qosasi",https://news.detik.com/berita/d-7411273/jaksa-ajukan-banding-vonis-2-5-tahun-bui-eks-anggota-bpk-achsanul-qosasi,"
Kamis, 27 Jun 2024 13:28 WIB "
"Alex Marwata Pede Vonis Achsanul Qosasi Lebih 2,5 Tahun Jika Ditangani KPK",https://news.detik.com/berita/d-7402398/alex-marwata-pede-vonis-achsanul-qosasi-lebih-2-5-tahun-jika-ditangani-kpk,"
Jumat, 21 Jun 2024 20:41 WIB "
Vonis Ringan Eks Anggota BPK Sebab Balikin Rp 40 M dan Sopan,https://news.detik.com/berita/d-7400736/vonis-ringan-eks-anggota-bpk-sebab-balikin-rp-40-m-dan-sopan,"
Jumat, 21 Jun 2024 06:30 WIB "
Pakar Bicara Pentingnya Integritas Terkait Seleksi Calon Anggota BPK,https://news.detik.com/berita/d-7400686/pakar-bicara-pentingnya-integritas-terkait-seleksi-calon-anggota-bpk,"
Jumat, 21 Jun 2024 01:26 WIB "
Hakim Tak Pertimbangkan Permohonan Buka Blokir Rekening Achsanul Qosasi,https://news.detik.com/berita/d-7400297/hakim-tak-pertimbangkan-permohonan-buka-blokir-rekening-achsanul-qosasi,"
Kamis, 20 Jun 2024 18:26 WIB "
"Alasan Hakim Vonis Ringan 2,5 Tahun Eks Anggota BPK Achsanul Qosasi",https://news.detik.com/berita/d-7399734/alasan-hakim-vonis-ringan-2-5-tahun-eks-anggota-bpk-achsanul-qosasi,"
Kamis, 20 Jun 2024 15:04 WIB "
"Terbukti Jadi Perantara Achsanul Qosasi, Sadikin Rusli Divonis 2,5 Tahun Bui",https://news.detik.com/berita/d-7399571/terbukti-jadi-perantara-achsanul-qosasi-sadikin-rusli-divonis-2-5-tahun-bui,"
Kamis, 20 Jun 2024 13:49 WIB "
"Eks Anggota BPK Achsanul Qosasi Divonis 2,5 Tahun Penjara",https://news.detik.com/berita/d-7399533/eks-anggota-bpk-achsanul-qosasi-divonis-2-5-tahun-penjara,"
Kamis, 20 Jun 2024 13:33 WIB "
"MAKI Harap DPR Cermat Pilih Anggota BPK, Ingatkan Calon Selundupan",https://news.detik.com/berita/d-7398855/maki-harap-dpr-cermat-pilih-anggota-bpk-ingatkan-calon-selundupan,"
Kamis, 20 Jun 2024 05:39 WIB "
Tapera dan Makna Kehadiran (Peran) Negara,https://news.detik.com/kolom/d-7387227/tapera-dan-makna-kehadiran-peran-negara,"
Rabu, 12 Jun 2024 14:15 WIB "
"Eks Anggota BPK Klaim Tak Niat Memeras, Rp 40 M Sudah Dibalikin",https://news.detik.com/berita/d-7385208/eks-anggota-bpk-klaim-tak-niat-memeras-rp-40-m-sudah-dibalikin,"
Selasa, 11 Jun 2024 12:51 WIB "
Sidang Vonis Eks Anggota BPK di Kasus BTS Digelar Kamis 20 Juni,https://news.detik.com/berita/d-7385114/sidang-vonis-eks-anggota-bpk-di-kasus-bts-digelar-kamis-20-juni,"
Selasa, 11 Jun 2024 12:16 WIB "
"Kasus Korupsi BTS, Edward Hutahaean Dituntut 3 Tahun Penjara",https://news.detik.com/berita/d-7384172/kasus-korupsi-bts-edward-hutahaean-dituntut-3-tahun-penjara,"
Senin, 10 Jun 2024 18:22 WIB "
"Mengenal Kuntadi, Jaksa Pembongkar Kasus Korupsi Super Kakap di Indonesia",https://news.detik.com/berita/d-7383077/mengenal-kuntadi-jaksa-pembongkar-kasus-korupsi-super-kakap-di-indonesia,"
Senin, 10 Jun 2024 11:25 WIB "
Jaksa: Achsanul Qosasi Tak Ada Iktikad Baik Balikin Rp 40 M Terkait BTS,https://news.detik.com/berita/d-7373075/jaksa-achsanul-qosasi-tak-ada-iktikad-baik-balikin-rp-40-m-terkait-bts,"
Selasa, 04 Jun 2024 11:43 WIB "
Terdakwa Kasus BTS Sadikin Rusli Minta Ditahan di Jatim agar Dekat Cucu,https://news.detik.com/berita/d-7361679/terdakwa-kasus-bts-sadikin-rusli-minta-ditahan-di-jatim-agar-dekat-cucu,"
Selasa, 28 Mei  2024 15:11 WIB "
"Achsanul Qosasi Ngaku Khilaf Terima Duit Rp 40 M, Ungkit Bintang Jasa",https://news.detik.com/berita/d-7361619/achsanul-qosasi-ngaku-khilaf-terima-duit-rp-40-m-ungkit-bintang-jasa,"
Selasa, 28 Mei  2024 14:46 WIB "
Achsanul Klaim Tak Lakukan Kontra Prestasi: 17 Temuan BPK Terkait BTS Utuh,https://news.detik.com/berita/d-7361464/achsanul-klaim-tak-lakukan-kontra-prestasi-17-temuan-bpk-terkait-bts-utuh,"
Selasa, 28 Mei  2024 13:57 WIB "
Achsanul Qosasi Akui Terima Rp 40 M tapi Terkejut Dituntut 5 Tahun Bui,https://news.detik.com/berita/d-7361265/achsanul-qosasi-akui-terima-rp-40-m-tapi-terkejut-dituntut-5-tahun-bui,"
Selasa, 28 Mei  2024 12:31 WIB "
Eks Anggota BPK Achsanul Qosasi Dituntut 5 Tahun Penjara,https://news.detik.com/berita/d-7350685/eks-anggota-bpk-achsanul-qosasi-dituntut-5-tahun-penjara,"
Selasa, 21 Mei  2024 11:36 WIB "
Eks Anggota BPK Achsanul Qosasi Jalani Sidang Tuntutan Hari Ini,https://news.detik.com/berita/d-7350398/eks-anggota-bpk-achsanul-qosasi-jalani-sidang-tuntutan-hari-ini,"
Selasa, 21 Mei  2024 08:20 WIB "
Menyambut Pemerintahan Baru Tanpa Orang-Orang Toxic,https://news.detik.com/kolom/d-7341150/menyambut-pemerintahan-baru-tanpa-orang-orang-toxic,"
Rabu, 15 Mei  2024 13:42 WIB "
Terbongkar 'Paket Garuda' Eks Anggota BPK Berisi Rp 40 Miliar,https://news.detik.com/berita/d-7340462/terbongkar-paket-garuda-eks-anggota-bpk-berisi-rp-40-miliar,"
Rabu, 15 Mei  2024 07:15 WIB "
Terdakwa Korupsi Achsanul Qosasi Singgung Bintang Jasa dari Jokowi,https://news.detik.com/berita/d-7340190/terdakwa-korupsi-achsanul-qosasi-singgung-bintang-jasa-dari-jokowi,"
Selasa, 14 Mei  2024 20:11 WIB "
Sidang Tuntutan Eks Anggota BPK Achsanul Qosasi Digelar Selasa 21 Mei,https://news.detik.com/berita/d-7339973/sidang-tuntutan-eks-anggota-bpk-achsanul-qosasi-digelar-selasa-21-mei,"
Selasa, 14 Mei  2024 18:22 WIB "
Achsanul Nyesal Terima Rp 40 M Terkait BTS: Saya Tak Pernah Rencanakan Ini,https://news.detik.com/berita/d-7339892/achsanul-nyesal-terima-rp-40-m-terkait-bts-saya-tak-pernah-rencanakan-ini,"
Selasa, 14 Mei  2024 17:52 WIB "
Canda Hakim soal Eks Anggota BPK Sewa Kamar Rp 3 Juta Hanya untuk Kencing,https://news.detik.com/berita/d-7339812/canda-hakim-soal-eks-anggota-bpk-sewa-kamar-rp-3-juta-hanya-untuk-kencing,"
Selasa, 14 Mei  2024 17:17 WIB "
Ucapan Eks Anggota BPK ke Perantara soal Rp 40 M: Tolong Terima Paket Garuda,https://news.detik.com/berita/d-7339709/ucapan-eks-anggota-bpk-ke-perantara-soal-rp-40-m-tolong-terima-paket-garuda,"
Selasa, 14 Mei  2024 16:45 WIB "
Eks Anggota BPK Sewa Rumah Khusus Simpan Duit Suap Rp 40 M Terkait Proyek BTS,https://news.detik.com/berita/d-7339296/eks-anggota-bpk-sewa-rumah-khusus-simpan-duit-suap-rp-40-m-terkait-proyek-bts,"
Selasa, 14 Mei  2024 13:51 WIB "
Hakim Cecar Achsanul soal Upaya Eks Dirut Bakti Hilangkan Temuan BPK,https://news.detik.com/berita/d-7339252/hakim-cecar-achsanul-soal-upaya-eks-dirut-bakti-hilangkan-temuan-bpk,"
Selasa, 14 Mei  2024 13:36 WIB "
"Di Sidang Achsanul Qosasi, Hakim Sentil Kesaksian Galumbang Menak Licik",https://news.detik.com/berita/d-7339229/di-sidang-achsanul-qosasi-hakim-sentil-kesaksian-galumbang-menak-licik,"
Selasa, 14 Mei  2024 13:27 WIB "
Hakim Cecar Eks Anggota BPK soal Tujuan Sandi 'Garuda' di Transaksi Rp 40 M,https://news.detik.com/berita/d-7339223/hakim-cecar-eks-anggota-bpk-soal-tujuan-sandi-garuda-di-transaksi-rp-40-m,"
Selasa, 14 Mei  2024 13:21 WIB "
Pejabat Pembuat Komitmen Proyek BTS 4G Didakwa Rugikan Negara Rp 8 T,https://news.detik.com/berita/d-7266780/pejabat-pembuat-komitmen-proyek-bts-4g-didakwa-rugikan-negara-rp-8-t,"
Kamis, 28 Mar 2024 17:03 WIB "
Pengusaha Pemenang Tender Proyek BTS 4G Didakwa Korupsi Rugikan Negara Rp 8 T,https://news.detik.com/berita/d-7266593/pengusaha-pemenang-tender-proyek-bts-4g-didakwa-korupsi-rugikan-negara-rp-8-t,"
Kamis, 28 Mar 2024 16:04 WIB "
2 Anak Buah Johnny Plate Didakwa Korupsi Rugikan Negara Rp 8 T,https://news.detik.com/berita/d-7265270/2-anak-buah-johnny-plate-didakwa-korupsi-rugikan-negara-rp-8-t,"
Rabu, 27 Mar 2024 21:55 WIB "
Windi Purnama Divonis 3 Tahun Penjara di Kasus Korupsi Proyek BTS,https://news.detik.com/berita/d-7260840/windi-purnama-divonis-3-tahun-penjara-di-kasus-korupsi-proyek-bts,"
Senin, 25 Mar 2024 17:02 WIB "
Golkar Rebound dan Jokowi yang Tahu Diri,https://news.detik.com/kolom/d-7254300/golkar-rebound-dan-jokowi-yang-tahu-diri,"
Kamis, 21 Mar 2024 17:00 WIB "
"Indonesia Emas, Kepemudaan, dan Budaya Antikorupsi",https://news.detik.com/kolom/d-7254028/indonesia-emas-kepemudaan-dan-budaya-antikorupsi,"
Kamis, 21 Mar 2024 16:00 WIB "
"Bacakan Pleidoi di Sidang BTS, Windi Purnama Ngaku Sebatas Kurir Uang",https://news.detik.com/berita/d-7240044/bacakan-pleidoi-di-sidang-bts-windi-purnama-ngaku-sebatas-kurir-uang,"
Rabu, 13 Mar 2024 19:07 WIB "
Sandi 'Garuda' Muluskan Rp 40 Miliar dalam Koper bagi Eks Anggota BPK,https://news.detik.com/berita/d-7231038/sandi-garuda-muluskan-rp-40-miliar-dalam-koper-bagi-eks-anggota-bpk,"
Kamis, 07 Mar 2024 22:33 WIB "
Sandi 'Garuda' Saat Koper Isi Rp 40 M untuk Eks Anggota BPK Berpindah Tangan,https://news.detik.com/berita/d-7230149/sandi-garuda-saat-koper-isi-rp-40-m-untuk-eks-anggota-bpk-berpindah-tangan,"
Kamis, 07 Mar 2024 15:43 WIB "
Eks Anggota BPK Achsanul Qosasi Didakwa Terima Suap Rp 40 Miliar,https://news.detik.com/berita/d-7229908/eks-anggota-bpk-achsanul-qosasi-didakwa-terima-suap-rp-40-miliar,"
Kamis, 07 Mar 2024 13:38 WIB "
Windi Purnama Dituntut 4 Tahun Penjara di Kasus BTS Kominfo,https://news.detik.com/berita/d-7224411/windi-purnama-dituntut-4-tahun-penjara-di-kasus-bts-kominfo,"
Senin, 04 Mar 2024 14:54 WIB "
Yusrizki Muliawan Divonis 2 Tahun Penjara di Kasus BTS Kominfo,https://news.detik.com/berita/d-7216196/yusrizki-muliawan-divonis-2-tahun-penjara-di-kasus-bts-kominfo,"
Rabu, 28 Feb 2024 14:30 WIB "
Kejagung Jelaskan Perkembangan Terkini Kasus Proyek BTS,https://news.detik.com/berita/d-7199302/kejagung-jelaskan-perkembangan-terkini-kasus-proyek-bts,"
Minggu, 18 Feb 2024 13:36 WIB "
Hukuman Bayar Uang Pengganti Plate Ditambah Jadi Rp 16 M dan USD 10 Ribu,https://news.detik.com/berita/d-7191450/hukuman-bayar-uang-pengganti-plate-ditambah-jadi-rp-16-m-dan-usd-10-ribu,"
Selasa, 13 Feb 2024 19:41 WIB "
"Bertemu Relawan di Ende, Kaesang Bicara Kasus BTS: Semoga Tak Dikorupsi Lagi",https://news.detik.com/berita/d-7113824/bertemu-relawan-di-ende-kaesang-bicara-kasus-bts-semoga-tak-dikorupsi-lagi,"
Jumat, 29 Des 2023 05:17 WIB "
Jokowi Resmikan Pengoperasian BTS 4G dan Satelit Satria-1 di Talaud,https://news.detik.com/berita/d-7112672/jokowi-resmikan-pengoperasian-bts-4g-dan-satelit-satria-1-di-talaud,"
Kamis, 28 Des 2023 13:45 WIB "
"Daftar Barang Hasil Korupsi Dilelang KPK di Hakordia, Ada Album Blackpink-BTS",https://news.detik.com/berita/d-7083228/daftar-barang-hasil-korupsi-dilelang-kpk-di-hakordia-ada-album-blackpink-bts,"
Senin, 11 Des 2023 13:11 WIB "
Kejagung Sita Mobil Mewah Porsche Milik Istri Tersangka Edward Hutahaean,https://news.detik.com/berita/d-7067295/kejagung-sita-mobil-mewah-porsche-milik-istri-tersangka-edward-hutahaean,"
Jumat, 01 Des 2023 18:45 WIB "
Kesaksian Pengurus Pokja di Sidang Kasus Korupsi BTS,https://news.detik.com/berita/d-7051408/kesaksian-pengurus-pokja-di-sidang-kasus-korupsi-bts,"
Rabu, 22 Nov 2023 20:25 WIB "
"Achsanul Qosasi Balikin Rp 40 M, Jaksa Pastikan Proses Hukum Lanjut",https://news.detik.com/berita/d-7049093/achsanul-qosasi-balikin-rp-40-m-jaksa-pastikan-proses-hukum-lanjut,"
Selasa, 21 Nov 2023 17:10 WIB "
Kejagung: Achsanul Qosasi Akui Terima Uang Terkait Proyek BTS Kominfo,https://news.detik.com/berita/d-7041290/kejagung-achsanul-qosasi-akui-terima-uang-terkait-proyek-bts-kominfo,"
Kamis, 16 Nov 2023 23:57 WIB "
Kejagung Sebut Achsanul Qosasi Terima Duit untuk Kondisikan Hasil Audit BPK,https://news.detik.com/berita/d-7041237/kejagung-sebut-achsanul-qosasi-terima-duit-untuk-kondisikan-hasil-audit-bpk,"
Kamis, 16 Nov 2023 22:44 WIB "
Achsanul Qosasi dan Sadikin Rusli Kembalikan Uang USD 2 Juta ke Kejagung,https://news.detik.com/berita/d-7040980/achsanul-qosasi-dan-sadikin-rusli-kembalikan-uang-usd-2-juta-ke-kejagung,"
Kamis, 16 Nov 2023 20:00 WIB "
Yusrizki Didakwa Korupsi Proyek BTS Rp 8 Triliun Bareng Johnny Plate dkk,https://news.detik.com/berita/d-7040196/yusrizki-didakwa-korupsi-proyek-bts-rp-8-triliun-bareng-johnny-plate-dkk,"
Kamis, 16 Nov 2023 14:15 WIB "
"Windi Didakwa TPPU Rp 243 M Terkait Korupsi BTS, Mengalir ke Plate-Dito",https://news.detik.com/berita/d-7040038/windi-didakwa-tppu-rp-243-m-terkait-korupsi-bts-mengalir-ke-plate-dito,"
Kamis, 16 Nov 2023 13:20 WIB "
"Klaster Kedua Kasus BTS Mulai Disidangkan, Windi Purnama Diadili Besok",https://news.detik.com/berita/d-7038616/klaster-kedua-kasus-bts-mulai-disidangkan-windi-purnama-diadili-besok,"
Rabu, 15 Nov 2023 16:58 WIB "
Jaksa Sita Duit 9 Mata Uang dari Achsanul Qosasi Tersangka BTS,https://news.detik.com/berita/d-7036698/jaksa-sita-duit-9-mata-uang-dari-achsanul-qosasi-tersangka-bts,"
Selasa, 14 Nov 2023 17:27 WIB "
"Johnny Plate Lawan Vonis 15 Tahun Bui, Jaksa Tak Tinggal Diam",https://news.detik.com/berita/d-7036408/johnny-plate-lawan-vonis-15-tahun-bui-jaksa-tak-tinggal-diam,"
Selasa, 14 Nov 2023 15:35 WIB "
Kata Menpora Dito soal Namanya Muncul di Putusan Kasus Korupsi BTS Kominfo,https://news.detik.com/berita/d-7029181/kata-menpora-dito-soal-namanya-muncul-di-putusan-kasus-korupsi-bts-kominfo,"
Jumat, 10 Nov 2023 12:06 WIB "
"Jungkat-jungkit Vonis 2 Terdakwa Kasus BTS, Beda Tuntutan Beda Putusan",https://news.detik.com/berita/d-7028673/jungkat-jungkit-vonis-2-terdakwa-kasus-bts-beda-tuntutan-beda-putusan,"
Jumat, 10 Nov 2023 05:21 WIB "
Pengacara Heran Irwan Hermawan Divonis 12 Tahun di Kasus BTS: Dia Cuma Kurir,https://news.detik.com/berita/d-7028386/pengacara-heran-irwan-hermawan-divonis-12-tahun-di-kasus-bts-dia-cuma-kurir,"
Kamis, 09 Nov 2023 19:50 WIB "
"Daftar Vonis Terdakwa Kasus BTS, Semua Sesuai Tuntutan Kecuali 2 Orang",https://news.detik.com/berita/d-7028335/daftar-vonis-terdakwa-kasus-bts-semua-sesuai-tuntutan-kecuali-2-orang,"
Kamis, 09 Nov 2023 19:05 WIB "
Irwan dkk Terdakwa Kasus BTS Pikir-pikir Ajukan Banding atas Vonis Hakim,https://news.detik.com/berita/d-7028221/irwan-dkk-terdakwa-kasus-bts-pikir-pikir-ajukan-banding-atas-vonis-hakim,"
Kamis, 09 Nov 2023 18:19 WIB "
"Vonis Ringan Galumbang di Kasus BTS: Tuntutan 15 Tahun, Diketok 6 Tahun",https://news.detik.com/berita/d-7028159/vonis-ringan-galumbang-di-kasus-bts-tuntutan-15-tahun-diketok-6-tahun,"
Kamis, 09 Nov 2023 17:48 WIB "
Terdakwa Kasus BTS Mukti Ali Divonis 6 Tahun Penjara,https://news.detik.com/berita/d-7028023/terdakwa-kasus-bts-mukti-ali-divonis-6-tahun-penjara,"
Kamis, 09 Nov 2023 17:04 WIB "
Galumbang Menak Divonis 6 Tahun Penjara Terkait Kasus Korupsi BTS,https://news.detik.com/berita/d-7027926/galumbang-menak-divonis-6-tahun-penjara-terkait-kasus-korupsi-bts,"
Kamis, 09 Nov 2023 16:32 WIB "
Irwan Hermawan Tak Terbukti Lakukan TPPU di Kasus BTS Kemenkominfo,https://news.detik.com/berita/d-7027634/irwan-hermawan-tak-terbukti-lakukan-tppu-di-kasus-bts-kemenkominfo,"
Kamis, 09 Nov 2023 14:48 WIB "
Hakim Tolak Permohonan Justice Collaborator Irwan Hermawan di Kasus BTS,https://news.detik.com/berita/d-7027627/hakim-tolak-permohonan-justice-collaborator-irwan-hermawan-di-kasus-bts,"
Kamis, 09 Nov 2023 14:46 WIB "
Irwan Hermawan Terdakwa Kasus BTS Divonis 12 Tahun Penjara,https://news.detik.com/berita/d-7027520/irwan-hermawan-terdakwa-kasus-bts-divonis-12-tahun-penjara,"
Kamis, 09 Nov 2023 14:04 WIB "
"Johnny Pakai Duit Korupsi BTS untuk Sosial, MAKI: Tetap Harus Dikembalikan",https://news.detik.com/berita/d-7026825/johnny-pakai-duit-korupsi-bts-untuk-sosial-maki-tetap-harus-dikembalikan,"
Kamis, 09 Nov 2023 08:40 WIB "
Irwan dkk Terdakwa Kasus Korupsi BTS Jalani Sidang Vonis Hari Ini,https://news.detik.com/berita/d-7026743/irwan-dkk-terdakwa-kasus-korupsi-bts-jalani-sidang-vonis-hari-ini,"
Kamis, 09 Nov 2023 06:48 WIB "
Johnny Plate Tak Terima Usai Diganjar 15 Tahun Penjara,https://news.detik.com/berita/d-7026504/johnny-plate-tak-terima-usai-diganjar-15-tahun-penjara,"
Rabu, 08 Nov 2023 21:05 WIB "
Aliran Duit ke Dito Ariotedjo-Komisi I DPR Juga Muncul di Putusan Kasus BTS,https://news.detik.com/berita/d-7026275/aliran-duit-ke-dito-ariotedjo-komisi-i-dpr-juga-muncul-di-putusan-kasus-bts,"
Rabu, 08 Nov 2023 18:41 WIB "
"Hakim: Johnny Plate Terima Rp 15,5 M, Rp 1,5 M Disalurkan ke Keuskupan",https://news.detik.com/berita/d-7026099/hakim-johnny-plate-terima-rp-15-5-m-rp-1-5-m-disalurkan-ke-keuskupan,"
Rabu, 08 Nov 2023 17:26 WIB "
"Kasus Korupsi Proyek BTS 4G Johnny Plate dkk Rugikan Negara Rp 6,2 T",https://news.detik.com/berita/d-7025998/kasus-korupsi-proyek-bts-4g-johnny-plate-dkk-rugikan-negara-rp-6-2-t,"
Rabu, 08 Nov 2023 16:59 WIB "
Hal Meringankan Vonis Johnny G Plate: Uang Korupsi BTS untuk Bantuan Sosial,https://news.detik.com/berita/d-7025843/hal-meringankan-vonis-johnny-g-plate-uang-korupsi-bts-untuk-bantuan-sosial,"
Rabu, 08 Nov 2023 16:17 WIB "
"Johnny G Plate Juga Dihukum Bayar Uang Pengganti Rp 15,5 Miliar",https://news.detik.com/berita/d-7025812/johnny-g-plate-juga-dihukum-bayar-uang-pengganti-rp-15-5-miliar,"
Rabu, 08 Nov 2023 16:07 WIB "
"Divonis 15 Tahun Penjara, Johnny Plate Langsung Melawan!",https://news.detik.com/berita/d-7025799/divonis-15-tahun-penjara-johnny-plate-langsung-melawan,"
Rabu, 08 Nov 2023 16:00 WIB "
Yohan Suryanto Divonis 5 Tahun Penjara dalam Kasus Korupsi BTS,https://news.detik.com/berita/d-7025765/yohan-suryanto-divonis-5-tahun-penjara-dalam-kasus-korupsi-bts,"
Rabu, 08 Nov 2023 15:46 WIB "
Mantan Menkominfo Johnny G Plate Divonis 15 Tahun Penjara!,https://news.detik.com/berita/d-7025757/mantan-menkominfo-johnny-g-plate-divonis-15-tahun-penjara,"
Rabu, 08 Nov 2023 15:43 WIB "
"Korupsi Proyek BTS, Mantan Dirut Bakti Kominfo Divonis 18 Tahun Penjara!",https://news.detik.com/berita/d-7025749/korupsi-proyek-bts-mantan-dirut-bakti-kominfo-divonis-18-tahun-penjara,"
Rabu, 08 Nov 2023 15:40 WIB "
Kejagung Yakin Johnny Plate Divonis 15 Tahun Penjara,https://news.detik.com/berita/d-7024854/kejagung-yakin-johnny-plate-divonis-15-tahun-penjara,"
Rabu, 08 Nov 2023 08:52 WIB "
"Akan Hadapi Sidang Vonis Hari Ini, Johnny G Plate Minta Dibebaskan",https://news.detik.com/berita/d-7024692/akan-hadapi-sidang-vonis-hari-ini-johnny-g-plate-minta-dibebaskan,"
Rabu, 08 Nov 2023 06:46 WIB "
Johnny G Plate Jalani Sidang Vonis Kasus Korupsi BTS Hari Ini,https://news.detik.com/berita/d-7024651/johnny-g-plate-jalani-sidang-vonis-kasus-korupsi-bts-hari-ini,"
Rabu, 08 Nov 2023 05:30 WIB "
MAKI Dukung Kejagung Berantas Korupsi Meski Diserang Balik,https://news.detik.com/berita/d-7023796/maki-dukung-kejagung-berantas-korupsi-meski-diserang-balik,"
Selasa, 07 Nov 2023 15:55 WIB "
Jaksa Minta Irwan dkk Terdakwa BTS Tetap Divonis Sesuai Tuntutan,https://news.detik.com/berita/d-7023759/jaksa-minta-irwan-dkk-terdakwa-bts-tetap-divonis-sesuai-tuntutan,"
Selasa, 07 Nov 2023 15:40 WIB "
"Kasus Korupsi BTS, Kejagung Periksa Ajudan hingga Sopir Achsanul Qosasi",https://news.detik.com/berita/d-7022713/kasus-korupsi-bts-kejagung-periksa-ajudan-hingga-sopir-achsanul-qosasi,"
Senin, 06 Nov 2023 22:51 WIB "
Johnny Plate Minta 24 Rekening Istri hingga Anaknya yang Diblokir Dibuka,https://news.detik.com/berita/d-7022415/johnny-plate-minta-24-rekening-istri-hingga-anaknya-yang-diblokir-dibuka,"
Senin, 06 Nov 2023 19:09 WIB "
"Profil Achsanul Qosasi, Anggota BPK yang Jadi Tersangka Kasus Korupsi BTS",https://news.detik.com/berita/d-7018860/profil-achsanul-qosasi-anggota-bpk-yang-jadi-tersangka-kasus-korupsi-bts,"
Sabtu, 04 Nov 2023 13:21 WIB "
5 Fakta Anggota BPK Diduga Terima Rp 40 M Pengaruhi Audit Kasus BTS,https://news.detik.com/berita/d-7018477/5-fakta-anggota-bpk-diduga-terima-rp-40-m-pengaruhi-audit-kasus-bts,"
Sabtu, 04 Nov 2023 06:44 WIB "
MAKI Harap Kejagung Usut Aliran Duit Kasus BTS Selain ke Achsanul Qosasi,https://news.detik.com/berita/d-7017368/maki-harap-kejagung-usut-aliran-duit-kasus-bts-selain-ke-achsanul-qosasi,"
Jumat, 03 Nov 2023 14:18 WIB "
"Achsanul Qosasi Tersangka, Kejagung Tegaskan Audit Kasus BTS Bukan dari BPK",https://news.detik.com/berita/d-7017202/achsanul-qosasi-tersangka-kejagung-tegaskan-audit-kasus-bts-bukan-dari-bpk,"
Jumat, 03 Nov 2023 13:06 WIB "
Kejagung Usut Dugaan Rp 40 M ke Achsanul Qosasi demi Pengaruhi Audit BTS,https://news.detik.com/berita/d-7017131/kejagung-usut-dugaan-rp-40-m-ke-achsanul-qosasi-demi-pengaruhi-audit-bts,"
Jumat, 03 Nov 2023 12:40 WIB "
"Jadi Tersangka Kasus Korupsi BTS, Achsanul Qosasi Punya Harta Rp 24,8 M",https://news.detik.com/berita/d-7017108/jadi-tersangka-kasus-korupsi-bts-achsanul-qosasi-punya-harta-rp-24-8-m,"
Jumat, 03 Nov 2023 12:24 WIB "
"Rekam Jejak Achsanul Qosasi, Anggota BPK Tersangka Kasus BTS",https://news.detik.com/berita/d-7017092/rekam-jejak-achsanul-qosasi-anggota-bpk-tersangka-kasus-bts,"
Jumat, 03 Nov 2023 12:08 WIB "
"Tersangka Kasus BTS, Achsanul Diduga Terima Rp 40 M di Hotel via Sadikin",https://news.detik.com/berita/d-7017091/tersangka-kasus-bts-achsanul-diduga-terima-rp-40-m-di-hotel-via-sadikin,"
Jumat, 03 Nov 2023 12:08 WIB "
"Johnny Plate dkk Ajukan Duplik, Sidang Korupsi BTS Ditunda 6 November",https://news.detik.com/berita/d-7017083/johnny-plate-dkk-ajukan-duplik-sidang-korupsi-bts-ditunda-6-november,"
Jumat, 03 Nov 2023 11:59 WIB "
"Daftar Panjang 16 Tersangka Kasus BTS, Terbaru Anggota BPK Achsanul Qosasi",https://news.detik.com/berita/d-7017057/daftar-panjang-16-tersangka-kasus-bts-terbaru-anggota-bpk-achsanul-qosasi,"
Jumat, 03 Nov 2023 11:44 WIB "
"Anggota BPK Achsanul Qosasi Dijerat Pasal Gratifikasi, Pemerasan dan TPPU!",https://news.detik.com/berita/d-7017051/anggota-bpk-achsanul-qosasi-dijerat-pasal-gratifikasi-pemerasan-dan-tppu,"
Jumat, 03 Nov 2023 11:41 WIB "
"Jadi Tersangka Kasus BTS, Anggota BPK Achsanul Qosasi Diduga Terima Rp 40 M",https://news.detik.com/berita/d-7016999/jadi-tersangka-kasus-bts-anggota-bpk-achsanul-qosasi-diduga-terima-rp-40-m,"
Jumat, 03 Nov 2023 11:20 WIB "
Kejagung Tahan Anggota BPK Achsanul Qosasi!,https://news.detik.com/berita/d-7016957/kejagung-tahan-anggota-bpk-achsanul-qosasi,"
Jumat, 03 Nov 2023 11:06 WIB "
Jaksa Tetap Tuntut Johnny G Plate Divonis 15 Tahun Penjara!,https://news.detik.com/berita/d-7016952/jaksa-tetap-tuntut-johnny-g-plate-divonis-15-tahun-penjara,"
Jumat, 03 Nov 2023 11:03 WIB "
Anggota BPK Achsanul Qosasi Penuhi Panggilan Kejagung soal Kasus BTS Kominfo,https://news.detik.com/berita/d-7016727/anggota-bpk-achsanul-qosasi-penuhi-panggilan-kejagung-soal-kasus-bts-kominfo,"
Jumat, 03 Nov 2023 08:56 WIB "
Pengacara Minta Aset Johnny Plate Berupa Mobil hingga Tanah Dikembalikan,https://news.detik.com/berita/d-7016580/pengacara-minta-aset-johnny-plate-berupa-mobil-hingga-tanah-dikembalikan,"
Jumat, 03 Nov 2023 00:11 WIB "
Yohan Terdakwa Kasus Korupsi BTS Menangis Minta Dihukum Ringan,https://news.detik.com/berita/d-7015750/yohan-terdakwa-kasus-korupsi-bts-menangis-minta-dihukum-ringan,"
Kamis, 02 Nov 2023 15:54 WIB "
"Sudah Dapat Izin Jokowi, Kejagung Periksa Anggota BPK Achsanul Qosasi Besok",https://news.detik.com/berita/d-7015668/sudah-dapat-izin-jokowi-kejagung-periksa-anggota-bpk-achsanul-qosasi-besok,"
Kamis, 02 Nov 2023 15:13 WIB "
Klaim Johnny Plate Jadi Keranjang Sampah hingga Aliran Suap Dibantah,https://news.detik.com/berita/d-7014773/klaim-johnny-plate-jadi-keranjang-sampah-hingga-aliran-suap-dibantah,"
Kamis, 02 Nov 2023 06:37 WIB "
Jaksa Tanggapi Pleidoi Johnny G Plate Lusa,https://news.detik.com/berita/d-7014578/jaksa-tanggapi-pleidoi-johnny-g-plate-lusa,"
Rabu, 01 Nov 2023 21:53 WIB "
Emosi Sesaat Eks Anak Buah Sebut Johnny Plate Pengecut,https://news.detik.com/berita/d-7014524/emosi-sesaat-eks-anak-buah-sebut-johnny-plate-pengecut,"
Rabu, 01 Nov 2023 21:06 WIB "
Sederet Bantahan Johnny Plate Saat Bacakan Pembelaan di Kasus BTS,https://news.detik.com/berita/d-7014281/sederet-bantahan-johnny-plate-saat-bacakan-pembelaan-di-kasus-bts,"
Rabu, 01 Nov 2023 19:00 WIB "
"Proyek BTS Kominfo Mangkrak, Johnny Plate Minta Maaf ke Jokowi",https://news.detik.com/berita/d-7014064/proyek-bts-kominfo-mangkrak-johnny-plate-minta-maaf-ke-jokowi,"
Rabu, 01 Nov 2023 17:09 WIB "
"Johnny Plate Bantah Terima Rp 17 M, Klaim Jadi Keranjang Sampah Kesalahan",https://news.detik.com/berita/d-7013905/johnny-plate-bantah-terima-rp-17-m-klaim-jadi-keranjang-sampah-kesalahan,"
Rabu, 01 Nov 2023 16:21 WIB "
Johnny Plate: Apa Benar Pendapat bahwa Saya Jadi Tersangka karena Politik?,https://news.detik.com/berita/d-7013828/johnny-plate-apa-benar-pendapat-bahwa-saya-jadi-tersangka-karena-politik,"
Rabu, 01 Nov 2023 15:48 WIB "
"Terdakwa Kasus BTS Tuduh BPKP Ceroboh Hitung Kerugian, Minta Dihukum Ringan",https://news.detik.com/berita/d-7013516/terdakwa-kasus-bts-tuduh-bpkp-ceroboh-hitung-kerugian-minta-dihukum-ringan,"
Rabu, 01 Nov 2023 13:32 WIB "
"Usai Emosi dan Sebut Pengecut, Eks Anak Buah Minta Maaf ke Johnny Plate",https://news.detik.com/berita/d-7013480/usai-emosi-dan-sebut-pengecut-eks-anak-buah-minta-maaf-ke-johnny-plate,"
Rabu, 01 Nov 2023 13:11 WIB "
Eks Anak Buah Johnny Plate Merasa Ditumbalkan Terdakwa Lain Kasus BTS,https://news.detik.com/berita/d-7013439/eks-anak-buah-johnny-plate-merasa-ditumbalkan-terdakwa-lain-kasus-bts,"
Rabu, 01 Nov 2023 12:53 WIB "
Eks Anak Buah Emosi Johnny Plate Cari Selamat Sendiri: Pengecut!,https://news.detik.com/berita/d-7013321/eks-anak-buah-emosi-johnny-plate-cari-selamat-sendiri-pengecut,"
Rabu, 01 Nov 2023 12:14 WIB "
Kepala Hudev UI Ditetapkan Jadi Tersangka Baru Terkait Kasus BTS 4G,https://news.detik.com/berita/d-7013204/kepala-hudev-ui-ditetapkan-jadi-tersangka-baru-terkait-kasus-bts-4g,"
Rabu, 01 Nov 2023 11:28 WIB "
Achsanul Qosasi Klaim Korupsi BTS 4G Terungkap dari Temuan Audit BPK,https://news.detik.com/berita/d-7012865/achsanul-qosasi-klaim-korupsi-bts-4g-terungkap-dari-temuan-audit-bpk,"
Rabu, 01 Nov 2023 07:25 WIB "
Achsanul Qosasi Siap Diperiksa Kejagung Terkait Korupsi BTS 4G,https://news.detik.com/berita/d-7012767/achsanul-qosasi-siap-diperiksa-kejagung-terkait-korupsi-bts-4g,"
Rabu, 01 Nov 2023 00:15 WIB "
5 Hal di Kasus BTS Dibongkar Jaksa saat Tuntut Penjara 3 Terdakwa,https://news.detik.com/berita/d-7010666/5-hal-di-kasus-bts-dibongkar-jaksa-saat-tuntut-penjara-3-terdakwa,"
Senin, 30 Okt 2023 21:51 WIB "
Jaksa Ungkap Aliran Duit Mafia Perkara dan Dito Ariotedjo di Tuntutan BTS,https://news.detik.com/berita/d-7010239/jaksa-ungkap-aliran-duit-mafia-perkara-dan-dito-ariotedjo-di-tuntutan-bts,"
Senin, 30 Okt 2023 17:25 WIB "
Sidang Pleidoi Terdakwa Korupsi BTS Irwan dkk Digelar Pekan Depan,https://news.detik.com/berita/d-7010115/sidang-pleidoi-terdakwa-korupsi-bts-irwan-dkk-digelar-pekan-depan,"
Senin, 30 Okt 2023 16:52 WIB "
"Jaksa Minta Irwan Jadi JC di Kasus Korupsi BTS: Sudah Balikin Rp 9,3 M",https://news.detik.com/berita/d-7010024/jaksa-minta-irwan-jadi-jc-di-kasus-korupsi-bts-sudah-balikin-rp-9-3-m,"
Senin, 30 Okt 2023 16:30 WIB "
Jaksa Tuntut Mukti Ali 6 Tahun Penjara di Kasus Korupsi BTS,https://news.detik.com/berita/d-7009961/jaksa-tuntut-mukti-ali-6-tahun-penjara-di-kasus-korupsi-bts,"
Senin, 30 Okt 2023 16:01 WIB "
"Kasus Korupsi BTS Kominfo, Galumbang Menak Dituntut 15 Tahun Penjara",https://news.detik.com/berita/d-7009935/kasus-korupsi-bts-kominfo-galumbang-menak-dituntut-15-tahun-penjara,"
Senin, 30 Okt 2023 15:49 WIB "
Irwan Terdakwa Korupsi BTS Dituntut 6 Tahun Bui dan Bayar Rp 7 Miliar,https://news.detik.com/berita/d-7009910/irwan-terdakwa-korupsi-bts-dituntut-6-tahun-bui-dan-bayar-rp-7-miliar,"
Senin, 30 Okt 2023 15:40 WIB "
Sidang Tuntutan Terdakwa Kasus Korupsi BTS Irwan dkk Digelar Hari Ini,https://news.detik.com/berita/d-7008762/sidang-tuntutan-terdakwa-kasus-korupsi-bts-irwan-dkk-digelar-hari-ini,"
Senin, 30 Okt 2023 05:23 WIB "
Lampu Hijau Jokowi Ditunggu Jaksa demi Periksa Anggota BPK,https://news.detik.com/berita/d-7008682/lampu-hijau-jokowi-ditunggu-jaksa-demi-periksa-anggota-bpk,"
Minggu, 29 Okt 2023 22:58 WIB "
"Panggil Anggota BPK Achsanul Qosasi, Kejagung Tunggu Persetujuan Jokowi",https://news.detik.com/berita/d-7007794/panggil-anggota-bpk-achsanul-qosasi-kejagung-tunggu-persetujuan-jokowi,"
Minggu, 29 Okt 2023 11:06 WIB "
"Johnny G Plate Dituntut 15 Tahun Penjara, MAKI: Harusnya 20 Tahun",https://news.detik.com/berita/d-7002357/johnny-g-plate-dituntut-15-tahun-penjara-maki-harusnya-20-tahun,"
Kamis, 26 Okt 2023 08:31 WIB "
Johnny G Plate Dituntut 15 Tahun Penjara hingga Dita Karang Kenalkan Tari Bali ke Korea,https://news.detik.com/berita/d-7002099/johnny-g-plate-dituntut-15-tahun-penjara-hingga-dita-karang-kenalkan-tari-bali-ke-korea,"
Kamis, 26 Okt 2023 08:17 WIB "
"Tuding Jaksa Cuma Copas Dakwaan, Plate Bakal Lawan Tuntutan 15 Tahun Bui",https://news.detik.com/berita/d-7002076/tuding-jaksa-cuma-copas-dakwaan-plate-bakal-lawan-tuntutan-15-tahun-bui,"
Rabu, 25 Okt 2023 20:44 WIB "
3 Fakta Johnny G Plate dan Eks Bawahan Dituntut Belasan Tahun Penjara,https://news.detik.com/berita/d-7002066/3-fakta-johnny-g-plate-dan-eks-bawahan-dituntut-belasan-tahun-penjara,"
Rabu, 25 Okt 2023 20:38 WIB "
Jaksa Ungkap Aliran Duit Miliaran Kasus BTS : Komisi I hingga Dito Ariotedjo,https://news.detik.com/berita/d-7001879/jaksa-ungkap-aliran-duit-miliaran-kasus-bts-komisi-i-hingga-dito-ariotedjo,"
Rabu, 25 Okt 2023 19:11 WIB "
"Jaksa: Eks Dirut Bakti Beli Rumah Tunai Rp 6,7 M, Tak Sesuai Profilnya",https://news.detik.com/berita/d-7001708/jaksa-eks-dirut-bakti-beli-rumah-tunai-rp-6-7-m-tak-sesuai-profilnya,"
Rabu, 25 Okt 2023 17:31 WIB "
Jaksa Tuntut Eks Dirut Bakti Kominfo Bayar Uang Pengganti Rp 5 M,https://news.detik.com/berita/d-7001448/jaksa-tuntut-eks-dirut-bakti-kominfo-bayar-uang-pengganti-rp-5-m,"
Rabu, 25 Okt 2023 15:43 WIB "
"Johnny G Plate Juga Dituntut Bayar Uang Pengganti Rp 17,8 Miliar",https://news.detik.com/berita/d-7001424/johnny-g-plate-juga-dituntut-bayar-uang-pengganti-rp-17-8-miliar,"
Rabu, 25 Okt 2023 15:37 WIB "
Terdakwa Kasus Korupsi BTS Yohan Suryanto Dituntut 6 Tahun Penjara,https://news.detik.com/berita/d-7001415/terdakwa-kasus-korupsi-bts-yohan-suryanto-dituntut-6-tahun-penjara,"
Rabu, 25 Okt 2023 15:31 WIB "
Eks Menkominfo Johnny G Plate Dituntut 15 Tahun Penjara!,https://news.detik.com/berita/d-7001389/eks-menkominfo-johnny-g-plate-dituntut-15-tahun-penjara,"
Rabu, 25 Okt 2023 15:22 WIB "
Eks Dirut Bakti Kominfo Dituntut 18 Tahun Penjara dalam Kasus Korupsi BTS,https://news.detik.com/berita/d-7001345/eks-dirut-bakti-kominfo-dituntut-18-tahun-penjara-dalam-kasus-korupsi-bts,"
Rabu, 25 Okt 2023 15:13 WIB "
Johnny G Plate Jalani Sidang Tuntutan Kasus BTS Kominfo Hari Ini,https://news.detik.com/berita/d-7000325/johnny-g-plate-jalani-sidang-tuntutan-kasus-bts-kominfo-hari-ini,"
Rabu, 25 Okt 2023 06:39 WIB "
Kejagung Bakal Panggil Anggota BPK Achsanul Qosasi Terkait Kasus Korupsi BTS,https://news.detik.com/berita/d-6998670/kejagung-bakal-panggil-anggota-bpk-achsanul-qosasi-terkait-kasus-korupsi-bts,"
Selasa, 24 Okt 2023 09:57 WIB "
"Saksi Kasus BTS Ngaku Sebar Duit ke Komisi I, Anggota DPR: Jangan Fitnah",https://news.detik.com/berita/d-6998533/saksi-kasus-bts-ngaku-sebar-duit-ke-komisi-i-anggota-dpr-jangan-fitnah,"
Selasa, 24 Okt 2023 07:17 WIB "
Sidang Tuntutan Terdakwa Kasus Korupsi BTS Irwan dkk Digelar Senin Depan,https://news.detik.com/berita/d-6998337/sidang-tuntutan-terdakwa-kasus-korupsi-bts-irwan-dkk-digelar-senin-depan,"
Senin, 23 Okt 2023 21:45 WIB "
Ini Alasan Irwan Hermawan Ajukan Justice Collaborator di Kasus BTS,https://news.detik.com/berita/d-6998289/ini-alasan-irwan-hermawan-ajukan-justice-collaborator-di-kasus-bts,"
Senin, 23 Okt 2023 20:47 WIB "
"Saksi Kasus BTS Blak-blakan Sebar Duit Miliaran: Ke Komisi I, Menpora, BPK",https://news.detik.com/berita/d-6998271/saksi-kasus-bts-blak-blakan-sebar-duit-miliaran-ke-komisi-i-menpora-bpk,"
Senin, 23 Okt 2023 20:28 WIB "
"Eks Dirut Bakti Minta Rp 3 M ke Pengusaha Terkait BTS, Dalihnya 'Pinjam Dulu'",https://news.detik.com/berita/d-6998237/eks-dirut-bakti-minta-rp-3-m-ke-pengusaha-terkait-bts-dalihnya-pinjam-dulu,"
Senin, 23 Okt 2023 20:01 WIB "
Terdakwa Ungkap Sosok 'AQ dari BPK' Terkait Kasus BTS: Achsanul Qosasi,https://news.detik.com/berita/d-6998198/terdakwa-ungkap-sosok-aq-dari-bpk-terkait-kasus-bts-achsanul-qosasi,"
Senin, 23 Okt 2023 19:29 WIB "
Terdakwa Kasus Korupsi BTS Irwan Hermawan Ajukan Justice Collaborator,https://news.detik.com/berita/d-6998013/terdakwa-kasus-korupsi-bts-irwan-hermawan-ajukan-justice-collaborator,"
Senin, 23 Okt 2023 17:53 WIB "
"Saksi Kasus BTS Ungkap Aliran Duit Johnny Plate, Ada Rp 1,5 M Sumbang Gereja",https://news.detik.com/berita/d-6997781/saksi-kasus-bts-ungkap-aliran-duit-johnny-plate-ada-rp-1-5-m-sumbang-gereja,"
Senin, 23 Okt 2023 16:47 WIB "
Terdakwa Ngaku Takut Buka-bukaan gegara Kasus BTS Libatkan Banyak Orang Kuat,https://news.detik.com/berita/d-6997632/terdakwa-ngaku-takut-buka-bukaan-gegara-kasus-bts-libatkan-banyak-orang-kuat,"
Senin, 23 Okt 2023 16:03 WIB "
Jaksa Ungkap Chat Terdakwa Kasus Korupsi BTS soal Menghadap 'AQ dari BPK',https://news.detik.com/berita/d-6997404/jaksa-ungkap-chat-terdakwa-kasus-korupsi-bts-soal-menghadap-aq-dari-bpk,"
Senin, 23 Okt 2023 14:38 WIB "
Mukti Ali Diperiksa sebagai Terdakwa Kasus Korupsi BTS Pekan Depan,https://news.detik.com/berita/d-6993488/mukti-ali-diperiksa-sebagai-terdakwa-kasus-korupsi-bts-pekan-depan,"
Jumat, 20 Okt 2023 18:24 WIB "
Irwan Hermawan Diperiksa sebagai Terdakwa Kasus Korupsi BTS Pekan Depan,https://news.detik.com/berita/d-6992830/irwan-hermawan-diperiksa-sebagai-terdakwa-kasus-korupsi-bts-pekan-depan,"
Jumat, 20 Okt 2023 13:55 WIB "
Saksi Ngaku Pernah Temani Tersangka Kasus BTS Ini Antar Koper ke Depok-Sentul,https://news.detik.com/berita/d-6992754/saksi-ngaku-pernah-temani-tersangka-kasus-bts-ini-antar-koper-ke-depok-sentul,"
Jumat, 20 Okt 2023 13:12 WIB "
"Ditanya Proyek BTS Tak Tuntas, Johnny Plate Minta Maaf ke Jokowi-Rakyat",https://news.detik.com/berita/d-6991703/ditanya-proyek-bts-tak-tuntas-johnny-plate-minta-maaf-ke-jokowi-rakyat,"
Kamis, 19 Okt 2023 18:20 WIB "
Sidang Tuntutan Johnny Plate dkk Digelar Rabu 25 Oktober,https://news.detik.com/berita/d-6991634/sidang-tuntutan-johnny-plate-dkk-digelar-rabu-25-oktober,"
Kamis, 19 Okt 2023 17:53 WIB "
Jaksa Tanya Johnny Plate: Ada Pembayaran Kaus NasDem Rp 100 Juta?,https://news.detik.com/berita/d-6991221/jaksa-tanya-johnny-plate-ada-pembayaran-kaus-nasdem-rp-100-juta,"
Kamis, 19 Okt 2023 15:40 WIB "
"Jaksa ke Eks Dirut Bakti: Tak Banyak Ingat, Tadi Nggak Jatuh Kepentok Kan?",https://news.detik.com/berita/d-6990025/jaksa-ke-eks-dirut-bakti-tak-banyak-ingat-tadi-nggak-jatuh-kepentok-kan,"
Kamis, 19 Okt 2023 00:27 WIB "
Amarah Johnny Plate Tuding Eks Anak Buah Jadikan Menteri Tempat Sampah,https://news.detik.com/berita/d-6989932/amarah-johnny-plate-tuding-eks-anak-buah-jadikan-menteri-tempat-sampah,"
Rabu, 18 Okt 2023 22:13 WIB "
Alasan Eks Dirut Kominfo Komunikasi Via Aplikasi Signal ke Plate: Ikonnya Lucu,https://news.detik.com/berita/d-6989876/alasan-eks-dirut-kominfo-komunikasi-via-aplikasi-signal-ke-plate-ikonnya-lucu,"
Rabu, 18 Okt 2023 21:09 WIB "
Eks Dirut Bakti Ngaku Kaget Plate Minta Rp 500 Juta/Bulan untuk Anak Buah,https://news.detik.com/berita/d-6989853/eks-dirut-bakti-ngaku-kaget-plate-minta-rp-500-juta-bulan-untuk-anak-buah,"
Rabu, 18 Okt 2023 20:53 WIB "
Johnny Plate Emosi ke Eks Jubir Kominfo: Saudara Jadikan Menteri Tempat Sampah!,https://news.detik.com/berita/d-6989044/johnny-plate-emosi-ke-eks-jubir-kominfo-saudara-jadikan-menteri-tempat-sampah,"
Rabu, 18 Okt 2023 15:25 WIB "
Eks Jubir Kominfo Ungkap Johnny Plate Beri Insentif Rp 100 Juta Per Bulan,https://news.detik.com/berita/d-6988650/eks-jubir-kominfo-ungkap-johnny-plate-beri-insentif-rp-100-juta-per-bulan,"
Rabu, 18 Okt 2023 12:53 WIB "
Ahli Ungkap Alasan Uang Pengembalian Proyek BTS Tak Kurangi Kerugian Negara,https://news.detik.com/berita/d-6987935/ahli-ungkap-alasan-uang-pengembalian-proyek-bts-tak-kurangi-kerugian-negara,"
Rabu, 18 Okt 2023 01:07 WIB "
"Ahli: 1.112 Tower BTS Dilaporkan Sudah Terbangun, Nyatanya Hanya Ada 958",https://news.detik.com/berita/d-6987748/ahli-1-112-tower-bts-dilaporkan-sudah-terbangun-nyatanya-hanya-ada-958,"
Selasa, 17 Okt 2023 21:29 WIB "
Jaksa Ajukan Penyitaan Sabuk Hermes Terkait Kasus Korupsi BTS Kominfo,https://news.detik.com/berita/d-6987694/jaksa-ajukan-penyitaan-sabuk-hermes-terkait-kasus-korupsi-bts-kominfo,"
Selasa, 17 Okt 2023 20:43 WIB "
Ahli Sebut Penyimpangan Proyek BTS 4G Sudah Ada Sejak Perencanaan,https://news.detik.com/berita/d-6987385/ahli-sebut-penyimpangan-proyek-bts-4g-sudah-ada-sejak-perencanaan,"
Selasa, 17 Okt 2023 18:18 WIB "
Ahli Sebut Kerugian Negara Akibat Korupsi Proyek BTS Kominfo Capai Rp 8 T,https://news.detik.com/berita/d-6987196/ahli-sebut-kerugian-negara-akibat-korupsi-proyek-bts-kominfo-capai-rp-8-t,"
Selasa, 17 Okt 2023 17:08 WIB "
Kejagung Telusuri Aliran Dana Rp 15 M ke Edward Hutahaean,https://news.detik.com/berita/d-6985607/kejagung-telusuri-aliran-dana-rp-15-m-ke-edward-hutahaean,"
Senin, 16 Okt 2023 19:12 WIB "
Kejagung: Jangan Percaya Jika Ada yang Ngaku Bisa Urus Perkara,https://news.detik.com/berita/d-6985404/kejagung-jangan-percaya-jika-ada-yang-ngaku-bisa-urus-perkara,"
Senin, 16 Okt 2023 17:42 WIB "
Kejagung Akan Sita Uang yang Diterima Tersangka BTS Edward dan Sadikin,https://news.detik.com/berita/d-6985227/kejagung-akan-sita-uang-yang-diterima-tersangka-bts-edward-dan-sadikin,"
Senin, 16 Okt 2023 16:35 WIB "
Kejagung Ungkap Latar Belakang Tersangka Kasus BTS yang Hendak Setop Perkara,https://news.detik.com/berita/d-6984987/kejagung-ungkap-latar-belakang-tersangka-kasus-bts-yang-hendak-setop-perkara,"
Senin, 16 Okt 2023 14:57 WIB "
"Kejagung Geledah Rumah Tersangka BTS Sadikin Rusli, Temukan Bukti Elektronik",https://news.detik.com/berita/d-6984699/kejagung-geledah-rumah-tersangka-bts-sadikin-rusli-temukan-bukti-elektronik,"
Senin, 16 Okt 2023 12:48 WIB "
5 Fakta Kasus BTS Kominfo hingga Tersangka Gaya-gayaan Setop Perkara,https://news.detik.com/berita/d-6984146/5-fakta-kasus-bts-kominfo-hingga-tersangka-gaya-gayaan-setop-perkara,"
Senin, 16 Okt 2023 07:00 WIB "
Sosok Edward Hutahaean yang Gaya-gayaan Setop Kasus BTS Kini Terancam Bui,https://news.detik.com/berita/d-6983223/sosok-edward-hutahaean-yang-gaya-gayaan-setop-kasus-bts-kini-terancam-bui,"
Minggu, 15 Okt 2023 11:33 WIB "
Kejagung Usut Kaitan Sadikin Rusli dengan BPK di Kasus BTS Kominfo,https://news.detik.com/berita/d-6983175/kejagung-usut-kaitan-sadikin-rusli-dengan-bpk-di-kasus-bts-kominfo,"
Minggu, 15 Okt 2023 10:37 WIB "
Kejagung Tangkap Tersangka Baru Kasus BTS Kominfo Sadikin Rusli,https://news.detik.com/berita/d-6983072/kejagung-tangkap-tersangka-baru-kasus-bts-kominfo-sadikin-rusli,"
Minggu, 15 Okt 2023 09:15 WIB "
NasDem Tetap Dukung Pemerintahan Jokowi Sekalipun Tak Ada Kadernya di Kabinet,https://news.detik.com/pemilu/d-6982622/nasdem-tetap-dukung-pemerintahan-jokowi-sekalipun-tak-ada-kadernya-di-kabinet,"
Sabtu, 14 Okt 2023 19:22 WIB "
"Kini Tersangka Kasus BTS, Edward Hutahaean Dulu Ancam Buldoser Kominfo",https://news.detik.com/berita/d-6982103/kini-tersangka-kasus-bts-edward-hutahaean-dulu-ancam-buldoser-kominfo,"
Sabtu, 14 Okt 2023 13:46 WIB "
Gaya-gayaan Edward Hutahaean Setop Perkara BTS Kini Jadi Tersangka,https://news.detik.com/berita/d-6982085/gaya-gayaan-edward-hutahaean-setop-perkara-bts-kini-jadi-tersangka,"
Sabtu, 14 Okt 2023 13:29 WIB "
"Tambah Banyak, Ini Daftar 13 Tersangka Korupsi BTS Kominfo",https://news.detik.com/berita/d-6981681/tambah-banyak-ini-daftar-13-tersangka-korupsi-bts-kominfo,"
Sabtu, 14 Okt 2023 07:33 WIB "
Kejagung Geledah Rumah-Kantor Edward Hutahaean Tersangka Baru Korupsi BTS,https://news.detik.com/berita/d-6981597/kejagung-geledah-rumah-kantor-edward-hutahaean-tersangka-baru-korupsi-bts,"
Sabtu, 14 Okt 2023 00:31 WIB "
Edward Hutahaean Dijerat gegara Diduga Terima Rp 15 M dari Korupsi BTS,https://news.detik.com/berita/d-6981575/edward-hutahaean-dijerat-gegara-diduga-terima-rp-15-m-dari-korupsi-bts,"
Jumat, 13 Okt 2023 23:34 WIB "
Kejagung Tetapkan Edward Hutahaean Tersangka Baru Kasus Korupsi BTS Kominfo,https://news.detik.com/berita/d-6981468/kejagung-tetapkan-edward-hutahaean-tersangka-baru-kasus-korupsi-bts-kominfo,"
Jumat, 13 Okt 2023 21:36 WIB "
Kejagung Umumkan Tersangka Baru Korupsi BTS Kominfo Malam Ini,https://news.detik.com/berita/d-6981219/kejagung-umumkan-tersangka-baru-korupsi-bts-kominfo-malam-ini,"
Jumat, 13 Okt 2023 18:44 WIB "
Kejagung Periksa Stafsus Menkominfo Terkait Kasus Korupsi BTS 4G,https://news.detik.com/berita/d-6978906/kejagung-periksa-stafsus-menkominfo-terkait-kasus-korupsi-bts-4g,"
Kamis, 12 Okt 2023 16:36 WIB "
Kejagung Buka Opsi Pengembangan Kasus soal Rp 27 M yang Dikembalikan Maqdir,https://news.detik.com/berita/d-6978614/kejagung-buka-opsi-pengembangan-kasus-soal-rp-27-m-yang-dikembalikan-maqdir,"
Kamis, 12 Okt 2023 14:37 WIB "
Bantahan Menpora Dito Terima Duit Pelicin Amankan Perkara BTS Kominfo,https://news.detik.com/berita/d-6977836/bantahan-menpora-dito-terima-duit-pelicin-amankan-perkara-bts-kominfo,"
Kamis, 12 Okt 2023 06:30 WIB "
Johnny Plate dan Menpora Dito Sama-sama Klaim Belum Pernah Jabat Tangan,https://news.detik.com/berita/d-6976688/johnny-plate-dan-menpora-dito-sama-sama-klaim-belum-pernah-jabat-tangan,"
Rabu, 11 Okt 2023 14:55 WIB "
Johnny Plate Klaim Baru Pertama Kali Ketemu Menpora Dito,https://news.detik.com/berita/d-6976562/johnny-plate-klaim-baru-pertama-kali-ketemu-menpora-dito,"
Rabu, 11 Okt 2023 14:02 WIB "
"Menpora Dito di Sidang: Nama Saya Dipertaruhkan, Tanggung Jawab ke Presiden",https://news.detik.com/berita/d-6976509/menpora-dito-di-sidang-nama-saya-dipertaruhkan-tanggung-jawab-ke-presiden,"
Rabu, 11 Okt 2023 13:37 WIB "
Dito Ariotedjo Ngaku Tak Tahu Siapa Balikin Rp 27 M Terkait Kasus BTS,https://news.detik.com/berita/d-6976501/dito-ariotedjo-ngaku-tak-tahu-siapa-balikin-rp-27-m-terkait-kasus-bts,"
Rabu, 11 Okt 2023 13:31 WIB "
Dito Ariotedjo Bantah Terima Rp 27 M untuk Amankan Perkara BTS,https://news.detik.com/berita/d-6976399/dito-ariotedjo-bantah-terima-rp-27-m-untuk-amankan-perkara-bts,"
Rabu, 11 Okt 2023 12:40 WIB "
Hakim Kaget Dito Ariotedjo Jadi Menteri di Usia 33 Tahun: Perlu Disyukuri,https://news.detik.com/berita/d-6976229/hakim-kaget-dito-ariotedjo-jadi-menteri-di-usia-33-tahun-perlu-disyukuri,"
Rabu, 11 Okt 2023 11:28 WIB "
Dito Ariotedjo Penuhi Panggilan Jadi Saksi Sidang Kasus Korupsi BTS,https://news.detik.com/berita/d-6976116/dito-ariotedjo-penuhi-panggilan-jadi-saksi-sidang-kasus-korupsi-bts,"
Rabu, 11 Okt 2023 10:33 WIB "
Dito Ariotedjo Dipanggil Jadi Saksi Sidang Kasus Korupsi BTS Hari Ini,https://news.detik.com/berita/d-6975874/dito-ariotedjo-dipanggil-jadi-saksi-sidang-kasus-korupsi-bts-hari-ini,"
Rabu, 11 Okt 2023 07:00 WIB "
PPATK di Sidang Kasus BTS: Tax Amnesty Tak Bisa Hilangkan TPPU,https://news.detik.com/berita/d-6974668/ppatk-di-sidang-kasus-bts-tax-amnesty-tak-bisa-hilangkan-tppu,"
Selasa, 10 Okt 2023 14:03 WIB "
Sentilan Hakim Pengadil Plate soal Tiada Iktikad Baik Meski Duit Balik,https://news.detik.com/berita/d-6973788/sentilan-hakim-pengadil-plate-soal-tiada-iktikad-baik-meski-duit-balik,"
Senin, 09 Okt 2023 21:10 WIB "
Anak Buah Terdakwa Kasus BTS Ngaku Antar Bingkisan Sebelum Dito Jadi Menteri,https://news.detik.com/berita/d-6973482/anak-buah-terdakwa-kasus-bts-ngaku-antar-bingkisan-sebelum-dito-jadi-menteri,"
Senin, 09 Okt 2023 18:20 WIB "
Hakim Nggak Yakin Anak Buah Terdakwa Kasus BTS Tak Kenal Baik Dito Ariotedjo,https://news.detik.com/berita/d-6973328/hakim-nggak-yakin-anak-buah-terdakwa-kasus-bts-tak-kenal-baik-dito-ariotedjo,"
Senin, 09 Okt 2023 17:30 WIB "
Kesaksian Anak Buah Terdakwa Kasus BTS Antar Bingkisan ke Dito Ariotedjo,https://news.detik.com/berita/d-6973053/kesaksian-anak-buah-terdakwa-kasus-bts-antar-bingkisan-ke-dito-ariotedjo,"
Senin, 09 Okt 2023 16:02 WIB "
Hakim Sidang Plate: Pengembalian Duit Usai Kasus Disidik Bukan Itikad Baik,https://news.detik.com/berita/d-6972787/hakim-sidang-plate-pengembalian-duit-usai-kasus-disidik-bukan-itikad-baik,"
Senin, 09 Okt 2023 14:28 WIB "
"Kasus Yasin Limpo, Hukum atau Politik?",https://news.detik.com/kolom/d-6968528/kasus-yasin-limpo-hukum-atau-politik,"
Jumat, 06 Okt 2023 14:44 WIB "
"Semua Konsorium Dapat Proyek BTS, Ahli: Kontrak Tak Sah-Harus Batal",https://news.detik.com/berita/d-6967407/semua-konsorium-dapat-proyek-bts-ahli-kontrak-tak-sah-harus-batal,"
Kamis, 05 Okt 2023 20:43 WIB "
"Syahrul Yasin Limpo Mundur, Menteri NasDem di Kabinet Jokowi Sisa 1",https://news.detik.com/berita/d-6967283/syahrul-yasin-limpo-mundur-menteri-nasdem-di-kabinet-jokowi-sisa-1,"
Kamis, 05 Okt 2023 19:06 WIB "
Ahli Tegaskan Syarat Pemenang Proyek BTS Dibuat-buat Melanggar Perpres,https://news.detik.com/berita/d-6967244/ahli-tegaskan-syarat-pemenang-proyek-bts-dibuat-buat-melanggar-perpres,"
Kamis, 05 Okt 2023 18:48 WIB "
Ahli Nilai Mantan Dirut BAKTI Kominfo Lakukan Pencucian Uang Aktif,https://news.detik.com/berita/d-6966766/ahli-nilai-mantan-dirut-bakti-kominfo-lakukan-pencucian-uang-aktif,"
Kamis, 05 Okt 2023 15:43 WIB "
Terungkap Aliran Rp 66 M Korupsi BTS ke Eks Kiper Klub Bola di Bandung,https://news.detik.com/berita/d-6965394/terungkap-aliran-rp-66-m-korupsi-bts-ke-eks-kiper-klub-bola-di-bandung,"
Rabu, 04 Okt 2023 19:49 WIB "
"Jokowi Singgung Kasus BTS: Sudah Dipikirin untuk Area Jauh, tapi Masalah",https://news.detik.com/berita/d-6964638/jokowi-singgung-kasus-bts-sudah-dipikirin-untuk-area-jauh-tapi-masalah,"
Rabu, 04 Okt 2023 14:34 WIB "
Terkuak Makelar Perkara BTS Kominfo Minta Imbalan Jutaan Dolar,https://news.detik.com/berita/d-6963799/terkuak-makelar-perkara-bts-kominfo-minta-imbalan-jutaan-dolar,"
Rabu, 04 Okt 2023 06:02 WIB "
Johnny G Plate Bantah Saksi Mahkota Kasus Korupsi BTS: Kami Tak Kenal Dia,https://news.detik.com/berita/d-6963641/johnny-g-plate-bantah-saksi-mahkota-kasus-korupsi-bts-kami-tak-kenal-dia,"
Selasa, 03 Okt 2023 22:12 WIB "
Saksi Mahkota Ungkap Obrolan Johnny G Plate untuk Selesaikan Kasus BTS,https://news.detik.com/berita/d-6963608/saksi-mahkota-ungkap-obrolan-johnny-g-plate-untuk-selesaikan-kasus-bts,"
Selasa, 03 Okt 2023 21:35 WIB "
Saksi Mahkota Kasus Korupsi BTS Ditanyai soal Sponsor Kejurnas Tandoku,https://news.detik.com/berita/d-6963552/saksi-mahkota-kasus-korupsi-bts-ditanyai-soal-sponsor-kejurnas-tandoku,"
Selasa, 03 Okt 2023 20:52 WIB "
"Hakim Semprot Saksi Sidang BTS: Kayak Tak Punya Salah, Bilang yang Benar!",https://news.detik.com/berita/d-6963513/hakim-semprot-saksi-sidang-bts-kayak-tak-punya-salah-bilang-yang-benar,"
Selasa, 03 Okt 2023 20:25 WIB "
"Pemenang Lelang Dapat Proyek BTS Rp 800 M, tapi Harus Setor Fee Rp 32 M",https://news.detik.com/berita/d-6963270/pemenang-lelang-dapat-proyek-bts-rp-800-m-tapi-harus-setor-fee-rp-32-m,"
Selasa, 03 Okt 2023 18:17 WIB "
Menpora Dito Dipanggil Jadi Saksi Sidang Kasus BTS pada 11 Oktober,https://news.detik.com/berita/d-6963152/menpora-dito-dipanggil-jadi-saksi-sidang-kasus-bts-pada-11-oktober,"
Selasa, 03 Okt 2023 17:31 WIB "
Terungkap Permintaan USD 2 Juta dari Makelar Kasus demi Amankan Perkara BTS,https://news.detik.com/berita/d-6962763/terungkap-permintaan-usd-2-juta-dari-makelar-kasus-demi-amankan-perkara-bts,"
Selasa, 03 Okt 2023 14:49 WIB "
Menpora Dito Akan Dihadirkan Jadi Saksi Sidang Korupsi BTS Kominfo,https://news.detik.com/berita/d-6962694/menpora-dito-akan-dihadirkan-jadi-saksi-sidang-korupsi-bts-kominfo,"
Selasa, 03 Okt 2023 14:18 WIB "
Saksi Sidang Johnny Plate Ungkap Aliran Rp 60 M untuk Selesaikan Kasus BTS,https://news.detik.com/berita/d-6962548/saksi-sidang-johnny-plate-ungkap-aliran-rp-60-m-untuk-selesaikan-kasus-bts,"
Selasa, 03 Okt 2023 13:24 WIB "
"Kejagung: Semua Terkait BTS Kominfo Diperiksa, Kalau Perlu Dipanggil Paksa",https://news.detik.com/berita/d-6962518/kejagung-semua-terkait-bts-kominfo-diperiksa-kalau-perlu-dipanggil-paksa,"
Selasa, 03 Okt 2023 13:07 WIB "
Galumbang Menak Bantah Minta Commitment Fee 10 Persen Terkait Kasus BTS,https://news.detik.com/berita/d-6962469/galumbang-menak-bantah-minta-commitment-fee-10-persen-terkait-kasus-bts,"
Selasa, 03 Okt 2023 12:30 WIB "
Menpora Dito Bicara Risiko di Balik Rp 27 M Kasus BTS Kominfo,https://news.detik.com/berita/d-6960082/menpora-dito-bicara-risiko-di-balik-rp-27-m-kasus-bts-kominfo,"
Senin, 02 Okt 2023 07:36 WIB "
Jokowi Respons Isu Bakal Kembali Reshuffle Kabinet,https://news.detik.com/pemilu/d-6959853/jokowi-respons-isu-bakal-kembali-reshuffle-kabinet,"
Minggu, 01 Okt 2023 21:45 WIB "
Kejagung: Semua yang Terungkap di Sidang BTS Kominfo akan Dipanggil Lagi,https://news.detik.com/berita/d-6959753/kejagung-semua-yang-terungkap-di-sidang-bts-kominfo-akan-dipanggil-lagi,"
Minggu, 01 Okt 2023 20:51 WIB "
Menpora Dito Angkat Bicara Usai Disebut di Sidang BTS Terkait Rp 27 M,https://news.detik.com/berita/d-6958954/menpora-dito-angkat-bicara-usai-disebut-di-sidang-bts-terkait-rp-27-m,"
Minggu, 01 Okt 2023 10:38 WIB "
Hakim Cecar Plate soal Pengawasan Proyek BTS: Apa Tindakan Konkretnya?,https://news.detik.com/berita/d-6954192/hakim-cecar-plate-soal-pengawasan-proyek-bts-apa-tindakan-konkretnya,"
Rabu, 27 Sep 2023 22:59 WIB "
Eks Dirut Anang Klaim Ada Makelar Kasus Ancam Buldoser Gedung Bakti Kominfo,https://news.detik.com/berita/d-6954144/eks-dirut-anang-klaim-ada-makelar-kasus-ancam-buldoser-gedung-bakti-kominfo,"
Rabu, 27 Sep 2023 21:53 WIB "
"Johnny Plate Ungkit Surat Rahasia ke Presiden di Proyek BTS, Dipotong Hakim",https://news.detik.com/berita/d-6953955/johnny-plate-ungkit-surat-rahasia-ke-presiden-di-proyek-bts-dipotong-hakim,"
Rabu, 27 Sep 2023 19:45 WIB "
Johnny Plate Bawa-bawa Arahan Presiden dan Ngaku Marah Lihat Proyek BTS Molor,https://news.detik.com/berita/d-6953670/johnny-plate-bawa-bawa-arahan-presiden-dan-ngaku-marah-lihat-proyek-bts-molor,"
Rabu, 27 Sep 2023 17:36 WIB "
Johnny Plate Minta Rp 500 Juta/Bulan Pakai Dalih untuk Kerja Keras Anak Buah,https://news.detik.com/berita/d-6953481/johnny-plate-minta-rp-500-juta-bulan-pakai-dalih-untuk-kerja-keras-anak-buah,"
Rabu, 27 Sep 2023 16:38 WIB "
Johnny Plate Jadi Saksi Mahkota di Sidang Kasus Korupsi BTS 4G Hari Ini,https://news.detik.com/berita/d-6952623/johnny-plate-jadi-saksi-mahkota-di-sidang-kasus-korupsi-bts-4g-hari-ini,"
Rabu, 27 Sep 2023 10:12 WIB "
Gebrakan Meja dari Hakim Usai Terungkap Dugaan Duit BTS ke Orang BPK,https://news.detik.com/berita/d-6952467/gebrakan-meja-dari-hakim-usai-terungkap-dugaan-duit-bts-ke-orang-bpk,"
Rabu, 27 Sep 2023 07:35 WIB "
Mengemuka soal Makelar Tawarkan Setop Perkara Johnny Plate Dkk,https://news.detik.com/berita/d-6952281/mengemuka-soal-makelar-tawarkan-setop-perkara-johnny-plate-dkk,"
Selasa, 26 Sep 2023 22:08 WIB "
Saksi Mahkota: Duit Rp 40 M Diberikan ke BPK karena Proyek BTS Bermasalah,https://news.detik.com/berita/d-6952025/saksi-mahkota-duit-rp-40-m-diberikan-ke-bpk-karena-proyek-bts-bermasalah,"
Selasa, 26 Sep 2023 19:20 WIB "
Saksi Sidang Johnny Plate Blak-blakan Ada Makelar Kasus Tawarkan Setop Perkara,https://news.detik.com/berita/d-6951686/saksi-sidang-johnny-plate-blak-blakan-ada-makelar-kasus-tawarkan-setop-perkara,"
Selasa, 26 Sep 2023 16:39 WIB "
Hakim Kaget Gebrak Meja Dengar Ada Orang BPK Terima Rp 40 M di Kasus BTS,https://news.detik.com/berita/d-6951637/hakim-kaget-gebrak-meja-dengar-ada-orang-bpk-terima-rp-40-m-di-kasus-bts,"
Selasa, 26 Sep 2023 16:15 WIB "
Saksi di Sidang BTS Kominfo Sebut Aliran Rp 70 Miliar ke Komisi I DPR,https://news.detik.com/berita/d-6951520/saksi-di-sidang-bts-kominfo-sebut-aliran-rp-70-miliar-ke-komisi-i-dpr,"
Selasa, 26 Sep 2023 15:33 WIB "
Saksi Mahkota di Sidang Johnny Plate dkk Akui Beri Rp 27 M ke Dito Ariotedjo,https://news.detik.com/berita/d-6951507/saksi-mahkota-di-sidang-johnny-plate-dkk-akui-beri-rp-27-m-ke-dito-ariotedjo,"
Selasa, 26 Sep 2023 15:28 WIB "
"Saksi Ungkap Eks Dirut Bakti Kominfo Beli Rumah Rp 10,2 M di Lebak Bulus",https://news.detik.com/berita/d-6951202/saksi-ungkap-eks-dirut-bakti-kominfo-beli-rumah-rp-10-2-m-di-lebak-bulus,"
Selasa, 26 Sep 2023 13:17 WIB "
"Kejagung Periksa 6 Pejabat Kominfo di Kasus BTS, Ada Sespri Johnny Plate",https://news.detik.com/berita/d-6950395/kejagung-periksa-6-pejabat-kominfo-di-kasus-bts-ada-sespri-johnny-plate,"
Senin, 25 Sep 2023 21:43 WIB "
Jaksa Agung ST Burhanuddin Dinobatkan Jadi Tokoh Restorative Justice,https://news.detik.com/berita/d-6944168/jaksa-agung-st-burhanuddin-dinobatkan-jadi-tokoh-restorative-justice,"
Kamis, 21 Sep 2023 21:36 WIB "
Kejagung Resmi Tetapkan Tenaga Ahli Kominfo Tersangka di Kasus BTS!,https://news.detik.com/berita/d-6941310/kejagung-resmi-tetapkan-tenaga-ahli-kominfo-tersangka-di-kasus-bts,"
Rabu, 20 Sep 2023 15:14 WIB "
Johnny Plate Tepis Sespri Terima Rp 500 Juta/Bulan: Ngarang Kamu!,https://news.detik.com/berita/d-6940244/johnny-plate-tepis-sespri-terima-rp-500-juta-bulan-ngarang-kamu,"
Selasa, 19 Sep 2023 21:41 WIB "
Saksi Cerita Biaya Tinggi Hotel Pilihan Plate di LN Sampai Tak Ter-cover,https://news.detik.com/berita/d-6940204/saksi-cerita-biaya-tinggi-hotel-pilihan-plate-di-ln-sampai-tak-ter-cover,"
Selasa, 19 Sep 2023 21:10 WIB "
Pengakuan Sespri Johnny Plate 20 Kali Kantongi Rp 500 Juta/Bulan,https://news.detik.com/berita/d-6940198/pengakuan-sespri-johnny-plate-20-kali-kantongi-rp-500-juta-bulan,"
Selasa, 19 Sep 2023 21:07 WIB "
Hakim Tanya Saksi soal Johnny Plate ke Barcelona: Nonton Messi Dulu?,https://news.detik.com/berita/d-6940107/hakim-tanya-saksi-soal-johnny-plate-ke-barcelona-nonton-messi-dulu,"
Selasa, 19 Sep 2023 20:24 WIB "
"Ditangkap Usai Bersaksi, Tenaga Ahli Kominfo Sempat Bantah Terima Rp 350 Juta",https://news.detik.com/berita/d-6940076/ditangkap-usai-bersaksi-tenaga-ahli-kominfo-sempat-bantah-terima-rp-350-juta,"
Selasa, 19 Sep 2023 20:09 WIB "
Tenaga Ahli Kominfo Tiba di Kejagung Usai Ditangkap di PN Jakpus,https://news.detik.com/berita/d-6940004/tenaga-ahli-kominfo-tiba-di-kejagung-usai-ditangkap-di-pn-jakpus,"
Selasa, 19 Sep 2023 19:17 WIB "
Tenaga Ahli Kominfo Ditangkap Terkait Keterangan Palsu Kasus BTS,https://news.detik.com/berita/d-6939975/tenaga-ahli-kominfo-ditangkap-terkait-keterangan-palsu-kasus-bts,"
Selasa, 19 Sep 2023 19:00 WIB "
Saksi Korupsi BTS Ungkap Adik Johnny Plate Ikut Perjalanan Dinas ke Eropa,https://news.detik.com/berita/d-6939938/saksi-korupsi-bts-ungkap-adik-johnny-plate-ikut-perjalanan-dinas-ke-eropa,"
Selasa, 19 Sep 2023 18:35 WIB "
Detik-detik Tenaga Ahli Kominfo Ditangkap Usai Sidang Johnny Plate,https://news.detik.com/berita/d-6939933/detik-detik-tenaga-ahli-kominfo-ditangkap-usai-sidang-johnny-plate,"
Selasa, 19 Sep 2023 18:32 WIB "
"Ditangkap di PN Jakpus, Saksi Sidang Johnny Plate Langsung Dibawa ke Kejagung",https://news.detik.com/berita/d-6939923/ditangkap-di-pn-jakpus-saksi-sidang-johnny-plate-langsung-dibawa-ke-kejagung,"
Selasa, 19 Sep 2023 18:31 WIB "
Tenaga Ahli Kominfo Ditangkap Usai Jadi Saksi di Sidang Johnny Plate!,https://news.detik.com/berita/d-6939904/tenaga-ahli-kominfo-ditangkap-usai-jadi-saksi-di-sidang-johnny-plate,"
Selasa, 19 Sep 2023 18:19 WIB "
Cerita di Balik Johnny Plate Donasi Miliaran tapi Sempat Belum Ada Realisasi,https://news.detik.com/berita/d-6939727/cerita-di-balik-johnny-plate-donasi-miliaran-tapi-sempat-belum-ada-realisasi,"
Selasa, 19 Sep 2023 17:15 WIB "
"Sespri Sebut Johnny Plate ke LN Tak Pakai Duit Kominfo, Hakim: Jangan Ngarang!",https://news.detik.com/berita/d-6939463/sespri-sebut-johnny-plate-ke-ln-tak-pakai-duit-kominfo-hakim-jangan-ngarang,"
Selasa, 19 Sep 2023 15:48 WIB "
"Kejagung Jerat Tersangka Baru di Kasus BTS dan Tol MBZ, Siapa?",https://news.detik.com/berita/d-6939399/kejagung-jerat-tersangka-baru-di-kasus-bts-dan-tol-mbz-siapa,"
Selasa, 19 Sep 2023 15:24 WIB "
Sespri Johnny Plate Ngaku Bagi-bagi Lagi Rp 500 Juta yang 20 Kali Diterimanya,https://news.detik.com/berita/d-6939321/sespri-johnny-plate-ngaku-bagi-bagi-lagi-rp-500-juta-yang-20-kali-diterimanya,"
Selasa, 19 Sep 2023 14:45 WIB "
"Hakim Cecar Sespri Johnny Plate: Kok Pakai Aplikasi Signal, Ada yang Rahasia?",https://news.detik.com/berita/d-6939173/hakim-cecar-sespri-johnny-plate-kok-pakai-aplikasi-signal-ada-yang-rahasia,"
Selasa, 19 Sep 2023 13:47 WIB "
Pengakuan Sespri Johnny Plate Minta Rp 50 Juta Malah Dikasih Rp 500 Juta,https://news.detik.com/berita/d-6939067/pengakuan-sespri-johnny-plate-minta-rp-50-juta-malah-dikasih-rp-500-juta,"
Selasa, 19 Sep 2023 12:56 WIB "
Sespri Johnny Plate Akui Terima Rp 500 Juta/Bulan Sebanyak 20 Kali,https://news.detik.com/berita/d-6939033/sespri-johnny-plate-akui-terima-rp-500-juta-bulan-sebanyak-20-kali,"
Selasa, 19 Sep 2023 12:36 WIB "
Bisa-bisanya Para Tersangka Korupsi BTS Kominfo Punya Grup Main Judi,https://news.detik.com/berita/d-6938184/bisa-bisanya-para-tersangka-korupsi-bts-kominfo-punya-grup-main-judi,"
Senin, 18 Sep 2023 20:31 WIB "
"Terungkap Grup Judi Para Tersangka Kasus BTS Kominfo, Hakim: Menkominfo Ada?",https://news.detik.com/berita/d-6937692/terungkap-grup-judi-para-tersangka-kasus-bts-kominfo-hakim-menkominfo-ada,"
Senin, 18 Sep 2023 16:34 WIB "
Hakim Heran Bos Perusahaan Tak Bisa Bahasa Indonesia Dapat Proyek BTS: Lucu,https://news.detik.com/berita/d-6930983/hakim-heran-bos-perusahaan-tak-bisa-bahasa-indonesia-dapat-proyek-bts-lucu,"
Kamis, 14 Sep 2023 15:00 WIB "
Windi Purnama Segera Disidang Terkait Kasus BTS 4G,https://news.detik.com/berita/d-6927642/windi-purnama-segera-disidang-terkait-kasus-bts-4g,"
Selasa, 12 Sep 2023 20:04 WIB "
Ini Peran 3 Tersangka Baru Kasus Korupsi BTS Kominfo,https://news.detik.com/berita/d-6925624/ini-peran-3-tersangka-baru-kasus-korupsi-bts-kominfo,"
Senin, 11 Sep 2023 18:49 WIB "
Akhirnya Kejagung Sita Rp 27 Miliar di Kasus BTS Kominfo,https://news.detik.com/berita/d-6925558/akhirnya-kejagung-sita-rp-27-miliar-di-kasus-bts-kominfo,"
Senin, 11 Sep 2023 18:17 WIB "
Kejagung Tetapkan 3 Tersangka Baru Kasus Korupsi BTS Kominfo,https://news.detik.com/berita/d-6925506/kejagung-tetapkan-3-tersangka-baru-kasus-korupsi-bts-kominfo,"
Senin, 11 Sep 2023 17:55 WIB "
"Berkas Lengkap, Dirut PT Basis Utama Prima Segera Disidang Kasus BTS",https://news.detik.com/berita/d-6917140/berkas-lengkap-dirut-pt-basis-utama-prima-segera-disidang-kasus-bts,"
Rabu, 06 Sep 2023 18:40 WIB "
Saksi Kasus BTS Mencla-mencle Langsung Kena Gas Pengadil Johnny Plate,https://news.detik.com/berita/d-6906774/saksi-kasus-bts-mencla-mencle-langsung-kena-gas-pengadil-johnny-plate,"
Kamis, 31 Agu 2023 22:14 WIB "
Hakim Geram Konsorsium Proyek BTS Disebut Rugi Rp 77 M,https://news.detik.com/berita/d-6906585/hakim-geram-konsorsium-proyek-bts-disebut-rugi-rp-77-m,"
Kamis, 31 Agu 2023 20:04 WIB "
MAKI Lapor KPPU soal Dugaan Persekongkolan di Proyek BTS Bakti Kominfo,https://news.detik.com/berita/d-6906364/maki-lapor-kppu-soal-dugaan-persekongkolan-di-proyek-bts-bakti-kominfo,"
Kamis, 31 Agu 2023 18:16 WIB "
"Saksi Ungkap Yusrizki Balikin Rp 56,4 M Terkait BTS usai Kasus Diusut Kejagung",https://news.detik.com/berita/d-6905514/saksi-ungkap-yusrizki-balikin-rp-56-4-m-terkait-bts-usai-kasus-diusut-kejagung,"
Kamis, 31 Agu 2023 13:08 WIB "
"Hakim Pengadil Johnny Plate Semprot Saksi: Mencla-mencle, Jadi Tersangka Aja!",https://news.detik.com/berita/d-6905432/hakim-pengadil-johnny-plate-semprot-saksi-mencla-mencle-jadi-tersangka-aja,"
Kamis, 31 Agu 2023 12:30 WIB "
"Survei LSI: 86,1% Responden Puas Kinerja Polri Ungkap TPPO Ginjal di Kamboja",https://news.detik.com/berita/d-6904460/survei-lsi-86-1-responden-puas-kinerja-polri-ungkap-tppo-ginjal-di-kamboja,"
Rabu, 30 Agu 2023 19:16 WIB "
Hakim Geram Saksi Sidang BTS Tak Jujur soal Uang Rp 75 M,https://news.detik.com/berita/d-6902550/hakim-geram-saksi-sidang-bts-tak-jujur-soal-uang-rp-75-m,"
Selasa, 29 Agu 2023 19:18 WIB "
"Saksi Ngaku Beri Rp 5 M untuk Terdakwa Korupsi BTS, tapi Tak Tahu untuk Apa",https://news.detik.com/berita/d-6902348/saksi-ngaku-beri-rp-5-m-untuk-terdakwa-korupsi-bts-tapi-tak-tahu-untuk-apa,"
Selasa, 29 Agu 2023 17:28 WIB "
"Hakim ke Saksi Kasus BTS: Nggak Usah Muter-muter, Saya Mainnya Tajam!",https://news.detik.com/berita/d-6902212/hakim-ke-saksi-kasus-bts-nggak-usah-muter-muter-saya-mainnya-tajam,"
Selasa, 29 Agu 2023 16:38 WIB "
Hakim Tolak Praperadilan Terkait Penghentian Penyidikan Kasus BTS Kominfo,https://news.detik.com/berita/d-6901709/hakim-tolak-praperadilan-terkait-penghentian-penyidikan-kasus-bts-kominfo,"
Selasa, 29 Agu 2023 13:28 WIB "
"Hakim Tegur Saksi Sidang Johnny Plate: Turunkan Kakimu, Bukan di Lapo!",https://news.detik.com/berita/d-6901642/hakim-tegur-saksi-sidang-johnny-plate-turunkan-kakimu-bukan-di-lapo,"
Selasa, 29 Agu 2023 12:49 WIB "
PDIP Bertanya-tanya ke Giring soal PSI Deklarasi tapi Tak Dianggap,https://news.detik.com/pemilu/d-6893401/pdip-bertanya-tanya-ke-giring-soal-psi-deklarasi-tapi-tak-dianggap,"
Kamis, 24 Agu 2023 14:40 WIB "
"Emosi Hakim Pengadil Johnny Plate, Tak Habis Pikir Proyek BTS Dikorupsi",https://news.detik.com/berita/d-6890707/emosi-hakim-pengadil-johnny-plate-tak-habis-pikir-proyek-bts-dikorupsi,"
Rabu, 23 Agu 2023 07:45 WIB "
"Giring: Kita Deklarasi Nggak Dianggap, Orang Besar Datang Jadi Heboh",https://news.detik.com/pemilu/d-6890442/giring-kita-deklarasi-nggak-dianggap-orang-besar-datang-jadi-heboh,"
Selasa, 22 Agu 2023 21:04 WIB "
Johnny Plate Ngaku Tak Tahu Difasilitasi Bakti Kominfo ke Paris-USA,https://news.detik.com/berita/d-6890392/johnny-plate-ngaku-tak-tahu-difasilitasi-bakti-kominfo-ke-paris-usa,"
Selasa, 22 Agu 2023 20:30 WIB "
Eks Dirut Bakti Bantah Anak Buah Mundur gegara Proyek BTS Terlalu Berat,https://news.detik.com/berita/d-6890336/eks-dirut-bakti-bantah-anak-buah-mundur-gegara-proyek-bts-terlalu-berat,"
Selasa, 22 Agu 2023 19:30 WIB "
Eks Anak Buah Johnny Plate Ngaku Undur Diri gegara Proyek BTS Terlalu Berat,https://news.detik.com/berita/d-6890045/eks-anak-buah-johnny-plate-ngaku-undur-diri-gegara-proyek-bts-terlalu-berat,"
Selasa, 22 Agu 2023 17:37 WIB "
"Proyek BTS Ternyata Sudah Diprediksi Tak Tuntas, Hakim: Ngapain Dikerjakan!",https://news.detik.com/berita/d-6889619/proyek-bts-ternyata-sudah-diprediksi-tak-tuntas-hakim-ngapain-dikerjakan,"
Selasa, 22 Agu 2023 15:11 WIB "
"Hakim Tatap Johnny Plate: Anak Buah Anda Nggak Jelas, Jadikan Tersangka Aja!",https://news.detik.com/berita/d-6889466/hakim-tatap-johnny-plate-anak-buah-anda-nggak-jelas-jadikan-tersangka-aja,"
Selasa, 22 Agu 2023 14:08 WIB "
"Hakim yang Adili Johnny Plate: Nah, Mulai Terkuak Ini Barang",https://news.detik.com/berita/d-6889439/hakim-yang-adili-johnny-plate-nah-mulai-terkuak-ini-barang,"
Selasa, 22 Agu 2023 13:54 WIB "
"Ada Lebih Bayar Rp 1,7 Triliun di Proyek BTS Kominfo, Hakim Sampai Heran",https://news.detik.com/berita/d-6889294/ada-lebih-bayar-rp-1-7-triliun-di-proyek-bts-kominfo-hakim-sampai-heran,"
Selasa, 22 Agu 2023 12:47 WIB "
Hakim Ngegas ke Eks Pejabat Bakti yang Akui Tak Survei Semua Lokasi BTS,https://news.detik.com/berita/d-6889248/hakim-ngegas-ke-eks-pejabat-bakti-yang-akui-tak-survei-semua-lokasi-bts,"
Selasa, 22 Agu 2023 12:23 WIB "
Kadiv Bendahara-Eks Senior Manager Bakti Kominfo Jadi Saksi Sidang Kasus BTS,https://news.detik.com/berita/d-6889044/kadiv-bendahara-eks-senior-manager-bakti-kominfo-jadi-saksi-sidang-kasus-bts,"
Selasa, 22 Agu 2023 10:51 WIB "
Tak Ada Nama Johnny G Plate di Daftar Caleg Sementara DPR NasDem,https://news.detik.com/pemilu/d-6887860/tak-ada-nama-johnny-g-plate-di-daftar-caleg-sementara-dpr-nasdem,"
Senin, 21 Agu 2023 15:35 WIB "
Apa yang Didapat Kejagung Usai Konfrontasi soal Rp 27 M di Kasus BTS?,https://news.detik.com/berita/d-6886219/apa-yang-didapat-kejagung-usai-konfrontasi-soal-rp-27-m-di-kasus-bts,"
Minggu, 20 Agu 2023 16:08 WIB "
"Konfrontir Maqdir soal Rp 27 M Kasus BTS Kominfo, Ini yang Didalami Kejagung",https://news.detik.com/berita/d-6884121/konfrontir-maqdir-soal-rp-27-m-kasus-bts-kominfo-ini-yang-didalami-kejagung,"
Jumat, 18 Agu 2023 22:48 WIB "
"6 Jam Ditanyai Kejagung, Maqdir Ismail Bicara soal Rp 27 M di Kasus BTS",https://news.detik.com/berita/d-6883822/6-jam-ditanyai-kejagung-maqdir-ismail-bicara-soal-rp-27-m-di-kasus-bts,"
Jumat, 18 Agu 2023 19:37 WIB "
"Penuhi Panggilan Kejagung, Maqdir Akan Dikonfrontir soal Rp 27 M Kasus BTS",https://news.detik.com/berita/d-6882996/penuhi-panggilan-kejagung-maqdir-akan-dikonfrontir-soal-rp-27-m-kasus-bts,"
Jumat, 18 Agu 2023 13:47 WIB "
"Usut Pemberi Rp 27 M di Kasus BTS, Kejagung Konfrontasi 6 Orang Hari Ini",https://news.detik.com/berita/d-6882877/usut-pemberi-rp-27-m-di-kasus-bts-kejagung-konfrontasi-6-orang-hari-ini,"
Jumat, 18 Agu 2023 12:59 WIB "
3 Tenaga Ahli Hudev UI Ngaku Tak Terima Honor dan Dicatut di Proyek BTS,https://news.detik.com/berita/d-6878649/3-tenaga-ahli-hudev-ui-ngaku-tak-terima-honor-dan-dicatut-di-proyek-bts,"
Rabu, 16 Agu 2023 00:25 WIB "
"Kejagung Konfrontasi Sejumlah Pihak, Segera Pastikan soal Rp 27 M di Kasus BTS",https://news.detik.com/berita/d-6878216/kejagung-konfrontasi-sejumlah-pihak-segera-pastikan-soal-rp-27-m-di-kasus-bts,"
Selasa, 15 Agu 2023 18:41 WIB "
Johnny G Plate Bantah Minta Rp 250 Juta ke Vendor Proyek BTS untuk Natal,https://news.detik.com/berita/d-6878153/johnny-g-plate-bantah-minta-rp-250-juta-ke-vendor-proyek-bts-untuk-natal,"
Selasa, 15 Agu 2023 18:09 WIB "
"Eks Dirut Bakti Kominfo Bantah Beri Rp 2,4 M ke Pejabat PPK Proyek BTS",https://news.detik.com/berita/d-6878075/eks-dirut-bakti-kominfo-bantah-beri-rp-2-4-m-ke-pejabat-ppk-proyek-bts,"
Selasa, 15 Agu 2023 17:36 WIB "
"Baru 2.190 dari 4.200 BTS Kominfo Tuntas, Hakim: Sisanya Gimana Nasibnya?",https://news.detik.com/berita/d-6877563/baru-2-190-dari-4-200-bts-kominfo-tuntas-hakim-sisanya-gimana-nasibnya,"
Selasa, 15 Agu 2023 14:20 WIB "
Hakim Miris Dana Triliunan Proyek BTS untuk Pendidikan Malah Dikorupsi,https://news.detik.com/berita/d-6877447/hakim-miris-dana-triliunan-proyek-bts-untuk-pendidikan-malah-dikorupsi,"
Selasa, 15 Agu 2023 13:38 WIB "
Hakim Heran Denda Konsorsium Proyek BTS Menciut dari Rp 346 M Jadi Rp 87 M,https://news.detik.com/berita/d-6877356/hakim-heran-denda-konsorsium-proyek-bts-menciut-dari-rp-346-m-jadi-rp-87-m,"
Selasa, 15 Agu 2023 12:56 WIB "
"Kejagung Tak hadir, Sidang Praperadilan Terkait Kasus BTS Ditunda Lagi",https://news.detik.com/berita/d-6875767/kejagung-tak-hadir-sidang-praperadilan-terkait-kasus-bts-ditunda-lagi,"
Senin, 14 Agu 2023 15:59 WIB "
Saksi Sebut Ada Dokumen Proyek BTS yang Dipalsukan Konsorsium,https://news.detik.com/berita/d-6869773/saksi-sebut-ada-dokumen-proyek-bts-yang-dipalsukan-konsorsium,"
Kamis, 10 Agu 2023 18:59 WIB "
"Pekerjaan Utama Proyek BTS Disubkontrakkan, Hakim: Lah, Kenapa Bisa?",https://news.detik.com/berita/d-6869619/pekerjaan-utama-proyek-bts-disubkontrakkan-hakim-lah-kenapa-bisa,"
Kamis, 10 Agu 2023 17:56 WIB "
"Pejabat Pembuat Komitmen Proyek BTS BAKTI Kominfo Akui Terima Rp 2,4 M",https://news.detik.com/berita/d-6869331/pejabat-pembuat-komitmen-proyek-bts-bakti-kominfo-akui-terima-rp-2-4-m,"
Kamis, 10 Agu 2023 16:09 WIB "
"Hakim Cecar soal Perkembangan Proyek BTS, PPK Kominfo Ngaku Nggak Tahu",https://news.detik.com/berita/d-6869146/hakim-cecar-soal-perkembangan-proyek-bts-ppk-kominfo-ngaku-nggak-tahu,"
Kamis, 10 Agu 2023 14:58 WIB "
Hakim Heran Kontrak Proyek BTS Berubah Setiap Bulan sampai 7 Kali,https://news.detik.com/berita/d-6868926/hakim-heran-kontrak-proyek-bts-berubah-setiap-bulan-sampai-7-kali,"
Kamis, 10 Agu 2023 13:43 WIB "
Hakim di Sidang BTS Cecar Saksi soal 9 Orang Ahli Nggak Kerja Tapi Dibayar,https://news.detik.com/berita/d-6868814/hakim-di-sidang-bts-cecar-saksi-soal-9-orang-ahli-nggak-kerja-tapi-dibayar,"
Kamis, 10 Agu 2023 12:37 WIB "
Pejabat PPK dan Direktur Bakti Bersaksi di Sidang Korupsi BTS Hari Ini,https://news.detik.com/berita/d-6868651/pejabat-ppk-dan-direktur-bakti-bersaksi-di-sidang-korupsi-bts-hari-ini,"
Kamis, 10 Agu 2023 11:56 WIB "
Kejagung: Uang Rp 27 M dari Terdakwa Korupsi BTS Masih Bersifat Titipan,https://news.detik.com/berita/d-6867876/kejagung-uang-rp-27-m-dari-terdakwa-korupsi-bts-masih-bersifat-titipan,"
Rabu, 09 Agu 2023 20:28 WIB "
Johnny Plate di Sidang: Saya Marah Proyek BTS Kominfo Tak Selesai,https://news.detik.com/berita/d-6865832/johnny-plate-di-sidang-saya-marah-proyek-bts-kominfo-tak-selesai,"
Selasa, 08 Agu 2023 19:29 WIB "
Hakim yang Adili Johnny Plate Geram: Habisin Duit Negara Aja Kalian!,https://news.detik.com/berita/d-6865542/hakim-yang-adili-johnny-plate-geram-habisin-duit-negara-aja-kalian,"
Selasa, 08 Agu 2023 17:45 WIB "
Hakim Heran Konsultan Cuma Usul Jadwal Lelang BTS Kominfo Dibayar Rp 340 Juta,https://news.detik.com/berita/d-6865288/hakim-heran-konsultan-cuma-usul-jadwal-lelang-bts-kominfo-dibayar-rp-340-juta,"
Selasa, 08 Agu 2023 16:07 WIB "
"Konsultan Proyek BTS Manut Eks Dirut BAKTI, Hakim: Saudara Nggak Berguna!",https://news.detik.com/berita/d-6865014/konsultan-proyek-bts-manut-eks-dirut-bakti-hakim-saudara-nggak-berguna,"
Selasa, 08 Agu 2023 14:24 WIB "
Maksud 'Keep Silent' Terkait Proyek BTS 4G Kominfo Akhirnya Terungkap,https://news.detik.com/berita/d-6864744/maksud-keep-silent-terkait-proyek-bts-4g-kominfo-akhirnya-terungkap,"
Selasa, 08 Agu 2023 12:18 WIB "
Edward Hutahaean Diperiksa Jadi Saksi Kasus Korupsi BTS 4G,https://news.detik.com/berita/d-6863944/edward-hutahaean-diperiksa-jadi-saksi-kasus-korupsi-bts-4g,"
Senin, 07 Agu 2023 20:58 WIB "
"Menkominfo Bakal Tetapkan Dirut BAKTI Pekan Depan, Ini 3 Kandidatnya",https://news.detik.com/berita/d-6860992/menkominfo-bakal-tetapkan-dirut-bakti-pekan-depan-ini-3-kandidatnya,"
Minggu, 06 Agu 2023 00:03 WIB "
Analogi Arisan Lingkaran Setan Proyek BTS Kominfo yang Dikorupsi,https://news.detik.com/berita/d-6858083/analogi-arisan-lingkaran-setan-proyek-bts-kominfo-yang-dikorupsi,"
Jumat, 04 Agu 2023 08:34 WIB "
Hakim di Sidang Johnny Plate: Ada yang Disembunyikan Ini,https://news.detik.com/berita/d-6857865/hakim-di-sidang-johnny-plate-ada-yang-disembunyikan-ini,"
Kamis, 03 Agu 2023 23:06 WIB "
Hakim Pengadil Johnny Plate Penasaran soal 'Keep Silent': Apa Maksudnya?,https://news.detik.com/berita/d-6857864/hakim-pengadil-johnny-plate-penasaran-soal-keep-silent-apa-maksudnya,"
Kamis, 03 Agu 2023 23:05 WIB "
Pengawas Ungkap Banyak Proyek BTS Mangkrak Sejak 2021: Beda dari Laporan,https://news.detik.com/berita/d-6857684/pengawas-ungkap-banyak-proyek-bts-mangkrak-sejak-2021-beda-dari-laporan,"
Kamis, 03 Agu 2023 20:22 WIB "
"Saksi Ngaku Terima Kardus dari Tersangka Kasus BTS, Isinya Rp 500 Juta",https://news.detik.com/berita/d-6857152/saksi-ngaku-terima-kardus-dari-tersangka-kasus-bts-isinya-rp-500-juta,"
Kamis, 03 Agu 2023 16:29 WIB "
"Tender BTS Kominfo bak Arisan Lingkaran Setan, Peserta Lelang Itu-itu Saja",https://news.detik.com/berita/d-6856892/tender-bts-kominfo-bak-arisan-lingkaran-setan-peserta-lelang-itu-itu-saja,"
Kamis, 03 Agu 2023 15:00 WIB "
Hakim Tanya Saksi Kasus Korupsi BTS 4G Kominfo: Ada yang Nitip-nitip?,https://news.detik.com/berita/d-6856816/hakim-tanya-saksi-kasus-korupsi-bts-4g-kominfo-ada-yang-nitip-nitip,"
Kamis, 03 Agu 2023 14:43 WIB "
"Hakim Tegur Jaksa dan Saksi Kasus BTS: Pertanyaan Lembek, Jawaban Lembek!",https://news.detik.com/berita/d-6856639/hakim-tegur-jaksa-dan-saksi-kasus-bts-pertanyaan-lembek-jawaban-lembek,"
Kamis, 03 Agu 2023 13:23 WIB "
Problematika Proyek BTS Kominfo Ternyata Sejak dari Rencana,https://news.detik.com/berita/d-6855984/problematika-proyek-bts-kominfo-ternyata-sejak-dari-rencana,"
Kamis, 03 Agu 2023 06:33 WIB "
Terdakwa Korupsi BTS Bantah Beri iPhone-Sabuk Hermes ke Pejabat Bakti Kominfo,https://news.detik.com/berita/d-6855863/terdakwa-korupsi-bts-bantah-beri-iphone-sabuk-hermes-ke-pejabat-bakti-kominfo,"
Rabu, 02 Agu 2023 22:43 WIB "
Jaksa Ogah Tanggapi Maqdir soal Bukti Pengembalian Rp 300 Juta di Kasus BTS,https://news.detik.com/berita/d-6855795/jaksa-ogah-tanggapi-maqdir-soal-bukti-pengembalian-rp-300-juta-di-kasus-bts,"
Rabu, 02 Agu 2023 22:03 WIB "
Jaksa Protes Maqdir Ismail Tanya Saksi soal Keraguan Proyek BTS Bisa Tuntas,https://news.detik.com/berita/d-6855772/jaksa-protes-maqdir-ismail-tanya-saksi-soal-keraguan-proyek-bts-bisa-tuntas,"
Rabu, 02 Agu 2023 21:48 WIB "
"Itjen Kominfo Ternyata Labeli Proyek BTS 'Berisiko Tinggi', Ini Pemicunya",https://news.detik.com/berita/d-6855394/itjen-kominfo-ternyata-labeli-proyek-bts-berisiko-tinggi-ini-pemicunya,"
Rabu, 02 Agu 2023 17:52 WIB "
Eks Dirut Bakti Kominfo Sampaikan Persyaratan Lelang Proyek BTS di WA Group,https://news.detik.com/berita/d-6855068/eks-dirut-bakti-kominfo-sampaikan-persyaratan-lelang-proyek-bts-di-wa-group,"
Rabu, 02 Agu 2023 16:03 WIB "
Saksi Sebut Eks Dirut Bakti Kominfo Bentuk Tim Bayangan Kawal Pokja Proyek BTS,https://news.detik.com/berita/d-6855024/saksi-sebut-eks-dirut-bakti-kominfo-bentuk-tim-bayangan-kawal-pokja-proyek-bts,"
Rabu, 02 Agu 2023 15:35 WIB "
Saksi: Eks Dirut Bakti Kominfo Buat Grup WA 'The A Team' untuk Proyek BTS,https://news.detik.com/berita/d-6854901/saksi-eks-dirut-bakti-kominfo-buat-grup-wa-the-a-team-untuk-proyek-bts,"
Rabu, 02 Agu 2023 15:03 WIB "
"Saat Hakim 'Bekingi' Saksi: Jangan Takut, Johnny Plate Bukan Menteri Lagi",https://news.detik.com/berita/d-6854393/saat-hakim-bekingi-saksi-jangan-takut-johnny-plate-bukan-menteri-lagi,"
Rabu, 02 Agu 2023 11:33 WIB "
"Terungkap, Proyek BTS Kominfo Ternyata Bermasalah Sejak di Perencanaan",https://news.detik.com/berita/d-6854187/terungkap-proyek-bts-kominfo-ternyata-bermasalah-sejak-di-perencanaan,"
Rabu, 02 Agu 2023 09:21 WIB "
"Hakim Minta Saksi Tak Ragu Jawab Plate: Jangan Takut, Bukan Menteri Lagi",https://news.detik.com/berita/d-6853930/hakim-minta-saksi-tak-ragu-jawab-plate-jangan-takut-bukan-menteri-lagi,"
Selasa, 01 Agu 2023 22:54 WIB "
"Hakim Cecar Pejabat Kominfo: Jangan Berkelit, Bisa Dipidana 7 Tahun",https://news.detik.com/berita/d-6853568/hakim-cecar-pejabat-kominfo-jangan-berkelit-bisa-dipidana-7-tahun,"
Selasa, 01 Agu 2023 18:58 WIB "
"Digugat soal Dugaan SP3 Kasus BTS Kominfo, Begini Respons Kejagung",https://news.detik.com/berita/d-6852893/digugat-soal-dugaan-sp3-kasus-bts-kominfo-begini-respons-kejagung,"
Selasa, 01 Agu 2023 14:40 WIB "
Hakim Sentil Saksi Berbelit-belit soal Proyek BTS Mangkrak: Netizen Aja Tahu!,https://news.detik.com/berita/d-6852771/hakim-sentil-saksi-berbelit-belit-soal-proyek-bts-mangkrak-netizen-aja-tahu,"
Selasa, 01 Agu 2023 13:47 WIB "
Sidang Praperadilan LP3HI terhadap Kejagung-KPK soal Korupsi BTS 3G Ditunda,https://news.detik.com/berita/d-6851066/sidang-praperadilan-lp3hi-terhadap-kejagung-kpk-soal-korupsi-bts-3g-ditunda,"
Senin, 31 Jul 2023 15:54 WIB "
Kejagung Tegaskan Pemanggilan Eks Mendag M Lutfi di Kasus Migor Tak Politis,https://news.detik.com/berita/d-6849163/kejagung-tegaskan-pemanggilan-eks-mendag-m-lutfi-di-kasus-migor-tak-politis,"
Minggu, 30 Jul 2023 12:28 WIB "
Kemenpora Bakal Launching Mental Health Center 2 Agustus,https://news.detik.com/berita/d-6848723/kemenpora-bakal-launching-mental-health-center-2-agustus,"
Sabtu, 29 Jul 2023 23:28 WIB "
"Suara Meninggi, Emosi hingga Hati Hello Kitty di Sidang Johnny Plate",https://news.detik.com/berita/d-6841850/suara-meninggi-emosi-hingga-hati-hello-kitty-di-sidang-johnny-plate,"
Rabu, 26 Jul 2023 10:02 WIB "
Kelakar Hakim soal Hati Hello Kitty Saat Tegur Intonasi Suara Plate,https://news.detik.com/berita/d-6841695/kelakar-hakim-soal-hati-hello-kitty-saat-tegur-intonasi-suara-plate,"
Rabu, 26 Jul 2023 07:33 WIB "
Babak Baru Sidang Korupsi BTS Sampai Disebut Hakim Proyek Mangkrak,https://news.detik.com/berita/d-6841655/babak-baru-sidang-korupsi-bts-sampai-disebut-hakim-proyek-mangkrak,"
Rabu, 26 Jul 2023 06:45 WIB "
Johnny Plate Bantah Terima Setoran Rp 500 Juta Per Bulan: Bukan Buat Saya,https://news.detik.com/berita/d-6841586/johnny-plate-bantah-terima-setoran-rp-500-juta-per-bulan-bukan-buat-saya,"
Rabu, 26 Jul 2023 00:44 WIB "
Hakim Tegur Johnny Plate Gegara Suara Meninggi: Intonasinya Santai Saja,https://news.detik.com/berita/d-6841571/hakim-tegur-johnny-plate-gegara-suara-meninggi-intonasinya-santai-saja,"
Rabu, 26 Jul 2023 00:03 WIB "
Eks Dirut BAKTI Kominfo Disebut Setor Rp 500 Juta Per Bulan ke Sekretaris Plate,https://news.detik.com/berita/d-6841532/eks-dirut-bakti-kominfo-disebut-setor-rp-500-juta-per-bulan-ke-sekretaris-plate,"
Selasa, 25 Jul 2023 22:26 WIB "
"Sambil Tertawa, Pejabat BAKTI Akui Dapat Tas LV-Sabuk Hermes Terkait BTS 4G",https://news.detik.com/berita/d-6841013/sambil-tertawa-pejabat-bakti-akui-dapat-tas-lv-sabuk-hermes-terkait-bts-4g,"
Selasa, 25 Jul 2023 17:33 WIB "
"Pejabat Bakti Berbelit soal Rp 300 Juta di Kasus BTS, Hakim sampai Istigfar",https://news.detik.com/berita/d-6840666/pejabat-bakti-berbelit-soal-rp-300-juta-di-kasus-bts-hakim-sampai-istigfar,"
Selasa, 25 Jul 2023 15:11 WIB "
Jaksa Cecar Pejabat Bakti Kominfo: Apa Mungkin Bikin 4.200 BTS dalam 9 Bulan?,https://news.detik.com/berita/d-6840588/jaksa-cecar-pejabat-bakti-kominfo-apa-mungkin-bikin-4-200-bts-dalam-9-bulan,"
Selasa, 25 Jul 2023 14:41 WIB "
"Saksi Ungkap Baru 1.795 BTS Tuntas dari Target 4.200, Hakim: Berarti Mangkrak",https://news.detik.com/berita/d-6840441/saksi-ungkap-baru-1-795-bts-tuntas-dari-target-4-200-hakim-berarti-mangkrak,"
Selasa, 25 Jul 2023 13:32 WIB "
"Saksi Sebut Anggaran Proyek BTS 4G Rp 10,8 T Tak Libatkan Ahli, Hakim Heran",https://news.detik.com/berita/d-6840389/saksi-sebut-anggaran-proyek-bts-4g-rp-10-8-t-tak-libatkan-ahli-hakim-heran,"
Selasa, 25 Jul 2023 13:08 WIB "
Kejagung Periksa Sopir Edward Hutahaean Terkait Kasus Korupsi BTS 4G,https://news.detik.com/berita/d-6839291/kejagung-periksa-sopir-edward-hutahaean-terkait-kasus-korupsi-bts-4g,"
Senin, 24 Jul 2023 18:14 WIB "
"Bertemu Jaksa Agung, Menkominfo Budi Arie Bahas Percepatan Proyek BTS 4G",https://news.detik.com/berita/d-6838663/bertemu-jaksa-agung-menkominfo-budi-arie-bahas-percepatan-proyek-bts-4g,"
Senin, 24 Jul 2023 14:35 WIB "
"Menkominfo Sambangi Kejagung, Pastikan Proyek BTS Lanjut Terus",https://news.detik.com/berita/d-6838473/menkominfo-sambangi-kejagung-pastikan-proyek-bts-lanjut-terus,"
Senin, 24 Jul 2023 12:53 WIB "
"Tanya soal Kelanjutan Proyek BTS, Menkominfo Sambangi Kejagung Hari Ini",https://news.detik.com/berita/d-6837826/tanya-soal-kelanjutan-proyek-bts-menkominfo-sambangi-kejagung-hari-ini,"
Senin, 24 Jul 2023 07:30 WIB "
Pujian dan Wanti-wanti dari Jokowi bagi Korps Adhyaksa,https://news.detik.com/berita/d-6836293/pujian-dan-wanti-wanti-dari-jokowi-bagi-korps-adhyaksa,"
Sabtu, 22 Jul 2023 20:32 WIB "
Jokowi Puji Kerja Keras Kejagung Kembalikan Kerugian Negara,https://news.detik.com/berita/d-6835419/jokowi-puji-kerja-keras-kejagung-kembalikan-kerugian-negara,"
Sabtu, 22 Jul 2023 08:47 WIB "
Kejagung Tangani Kasus Kerugian Negara Capai Rp 152 T,https://news.detik.com/berita/d-6835251/kejagung-tangani-kasus-kerugian-negara-capai-rp-152-t,"
Jumat, 21 Jul 2023 23:39 WIB "
Menkominfo Targetkan Proyek BTS Rampung Tahun Ini,https://news.detik.com/berita/d-6832570/menkominfo-targetkan-proyek-bts-rampung-tahun-ini,"
Kamis, 20 Jul 2023 15:34 WIB "
Menelisik Terseretnya Dito Ariotedjo,https://news.detik.com/kolom/d-6832270/menelisik-terseretnya-dito-ariotedjo,"
Kamis, 20 Jul 2023 15:30 WIB "
"Menkominfo Dijabat Budi Arie, NasDem Ngaku Tak Sodorkan Nama ke Istana",https://news.detik.com/pemilu/d-6832427/menkominfo-dijabat-budi-arie-nasdem-ngaku-tak-sodorkan-nama-ke-istana,"
Kamis, 20 Jul 2023 14:36 WIB "
Pertanyaan Jokowi soal Cawapres Anies Diungkap Surya Paloh,https://news.detik.com/pemilu/d-6830444/pertanyaan-jokowi-soal-cawapres-anies-diungkap-surya-paloh,"
Rabu, 19 Jul 2023 08:40 WIB "
Kejagung soal Kasus Korupsi BTS: Sebentar Lagi Proses Pra-penuntutan,https://news.detik.com/berita/d-6830162/kejagung-soal-kasus-korupsi-bts-sebentar-lagi-proses-pra-penuntutan,"
Selasa, 18 Jul 2023 22:15 WIB "
Kejagung Bicara soal Kaitan Windu Aji Sutanto dengan Kasus BTS,https://news.detik.com/berita/d-6829942/kejagung-bicara-soal-kaitan-windu-aji-sutanto-dengan-kasus-bts,"
Selasa, 18 Jul 2023 19:59 WIB "
NasDem Sambut Pertemuan Paloh dan Jokowi: All Out Dukung Pemerintah,https://news.detik.com/pemilu/d-6828749/nasdem-sambut-pertemuan-paloh-dan-jokowi-all-out-dukung-pemerintah,"
Selasa, 18 Jul 2023 12:05 WIB "
"Hakim di Sidang Kasus BTS: Kami di Tengah, Tak Terpengaruh Intrik Politik",https://news.detik.com/berita/d-6828730/hakim-di-sidang-kasus-bts-kami-di-tengah-tak-terpengaruh-intrik-politik,"
Selasa, 18 Jul 2023 11:58 WIB "
Hakim Juga Tolak Eksepsi Terdakwa Kasus Korupsi BTS 4G Yohan Suryanto,https://news.detik.com/berita/d-6828685/hakim-juga-tolak-eksepsi-terdakwa-kasus-korupsi-bts-4g-yohan-suryanto,"
Selasa, 18 Jul 2023 11:39 WIB "
Apa Isi Pertemuan 1 Jam Jokowi-Surya Paloh?,https://news.detik.com/pemilu/d-6828659/apa-isi-pertemuan-1-jam-jokowi-surya-paloh,"
Selasa, 18 Jul 2023 11:31 WIB "
Hakim di Putusan Sela Johnny Plate: Perintah Presiden Tak Boleh Disimpangi,https://news.detik.com/berita/d-6828656/hakim-di-putusan-sela-johnny-plate-perintah-presiden-tak-boleh-disimpangi,"
Selasa, 18 Jul 2023 11:30 WIB "
"Hakim Tolak Eksepsi Johnny Plate, Sidang Kasus BTS Lanjut Pembuktian",https://news.detik.com/berita/d-6828597/hakim-tolak-eksepsi-johnny-plate-sidang-kasus-bts-lanjut-pembuktian,"
Selasa, 18 Jul 2023 11:09 WIB "
Hakim Tolak Eksepsi Eks Dirut BAKTI Kominfo di Kasus Korupsi BTS Rp 8 T,https://news.detik.com/berita/d-6828555/hakim-tolak-eksepsi-eks-dirut-bakti-kominfo-di-kasus-korupsi-bts-rp-8-t,"
Selasa, 18 Jul 2023 10:43 WIB "
Respons Kejagung soal Protes Advokat Terkait Penggeledahan Kantor Maqdir,https://news.detik.com/berita/d-6828466/respons-kejagung-soal-protes-advokat-terkait-penggeledahan-kantor-maqdir,"
Selasa, 18 Jul 2023 10:03 WIB "
Peluang Reshuffle Masih Terbuka di Tangan Jokowi,https://news.detik.com/berita/d-6828304/peluang-reshuffle-masih-terbuka-di-tangan-jokowi,"
Selasa, 18 Jul 2023 07:33 WIB "
Eks Menkominfo Johnny Plate Jalani Sidang Putusan Sela Kasus BTS Hari Ini,https://news.detik.com/berita/d-6828300/eks-menkominfo-johnny-plate-jalani-sidang-putusan-sela-kasus-bts-hari-ini,"
Selasa, 18 Jul 2023 07:27 WIB "
Kursi Panas Menkominfo Kini Diisi Ketum PROJO,https://news.detik.com/berita/d-6828280/kursi-panas-menkominfo-kini-diisi-ketum-projo,"
Selasa, 18 Jul 2023 06:46 WIB "
"Beredar Isu Liar Jaksa Agung Mundur, Kejagung Pastikan Hoax",https://news.detik.com/berita/d-6828133/beredar-isu-liar-jaksa-agung-mundur-kejagung-pastikan-hoax,"
Senin, 17 Jul 2023 21:52 WIB "
PDIP soal Relawan Jokowi Jadi Menkominfo: Tak Sibuk Urusan Pemilu,https://news.detik.com/pemilu/d-6828094/pdip-soal-relawan-jokowi-jadi-menkominfo-tak-sibuk-urusan-pemilu,"
Senin, 17 Jul 2023 21:21 WIB "
"Menteri Nasdem Hilang Satu, Begini Komposisi Kabinet Jokowi Saat Ini",https://news.detik.com/pemilu/d-6827819/menteri-nasdem-hilang-satu-begini-komposisi-kabinet-jokowi-saat-ini,"
Senin, 17 Jul 2023 18:34 WIB "
Tersangka Kasus Korupsi BTS Windi Purnama Cabut Gugatan Praperadilan,https://news.detik.com/berita/d-6827581/tersangka-kasus-korupsi-bts-windi-purnama-cabut-gugatan-praperadilan,"
Senin, 17 Jul 2023 17:11 WIB "
"Jokowi Tunjuk Budi Arie Jadi Menkominfo, Senior PDIP Tafsirkan Hal Ini",https://news.detik.com/pemilu/d-6827342/jokowi-tunjuk-budi-arie-jadi-menkominfo-senior-pdip-tafsirkan-hal-ini,"
Senin, 17 Jul 2023 15:41 WIB "
Menkominfo Budi Arie Ungkap Jokowi Akan Bentuk Satgas Percepatan Digitalisasi,https://news.detik.com/berita/d-6827279/menkominfo-budi-arie-ungkap-jokowi-akan-bentuk-satgas-percepatan-digitalisasi,"
Senin, 17 Jul 2023 15:14 WIB "
"Menkominfo Diganti, Menteri NasDem di Kabinet Jokowi Tinggal Dua Kursi",https://news.detik.com/pemilu/d-6827184/menkominfo-diganti-menteri-nasdem-di-kabinet-jokowi-tinggal-dua-kursi,"
Senin, 17 Jul 2023 14:37 WIB "
Mahfud Ungkap Perintah Jokowi ke Budi Arie Terkait Kasus BTS Kominfo,https://news.detik.com/berita/d-6827085/mahfud-ungkap-perintah-jokowi-ke-budi-arie-terkait-kasus-bts-kominfo,"
Senin, 17 Jul 2023 13:43 WIB "
Menkominfo Budi Minta Anak Buahnya Tak Patah Semangat gegara Ada Kasus BTS,https://news.detik.com/berita/d-6826969/menkominfo-budi-minta-anak-buahnya-tak-patah-semangat-gegara-ada-kasus-bts,"
Senin, 17 Jul 2023 12:59 WIB "
"Budi Arie Dilantik Jadi Menkominfo, Bupati Sumenep Pesan Hal Ini",https://news.detik.com/berita/d-6826858/budi-arie-dilantik-jadi-menkominfo-bupati-sumenep-pesan-hal-ini,"
Senin, 17 Jul 2023 12:13 WIB "
"Jokowi Tunjuk Budi Arie Jadi Menkominfo, NasDem: Bagus Sekali",https://news.detik.com/pemilu/d-6826799/jokowi-tunjuk-budi-arie-jadi-menkominfo-nasdem-bagus-sekali,"
Senin, 17 Jul 2023 11:55 WIB "
"Pelantikan Menteri 17 Juli 2023, Ini 4 Fakta Terbaru Kabinet Jokowi",https://news.detik.com/berita/d-6826787/pelantikan-menteri-17-juli-2023-ini-4-fakta-terbaru-kabinet-jokowi,"
Senin, 17 Jul 2023 11:51 WIB "
Jokowi Minta Menkominfo Budi Arie Selesaikan Proyek BTS,https://news.detik.com/berita/d-6826531/jokowi-minta-menkominfo-budi-arie-selesaikan-proyek-bts,"
Senin, 17 Jul 2023 10:05 WIB "
Budi Arie Hingga Paiman Raharjo Tiba di Istana Jelang Pelantikan,https://news.detik.com/berita/d-6826410/budi-arie-hingga-paiman-raharjo-tiba-di-istana-jelang-pelantikan,"
Senin, 17 Jul 2023 08:25 WIB "
Jokowi Reshuffle Kabinet Baru Hari Ini hingga Emoji Baru Segera Rilis!,https://news.detik.com/berita/d-6826126/jokowi-reshuffle-kabinet-baru-hari-ini-hingga-emoji-baru-segera-rilis,"
Senin, 17 Jul 2023 07:45 WIB "
"Ini Menkominfo, 5 Wamen dan Wantimpres yang Bakal Dilantik Jokowi Hari Ini",https://news.detik.com/berita/d-6826330/ini-menkominfo-5-wamen-dan-wantimpres-yang-bakal-dilantik-jokowi-hari-ini,"
Senin, 17 Jul 2023 06:53 WIB "
Tersangka Kasus BTS Kominfo Windi Purnama Ajukan Praperadilan,https://news.detik.com/berita/d-6825628/tersangka-kasus-bts-kominfo-windi-purnama-ajukan-praperadilan,"
Minggu, 16 Jul 2023 14:56 WIB "
Desakan ke Jaksa Usut Tuntas Rp 27 M Terkait Korupsi BTS,https://news.detik.com/berita/d-6823525/desakan-ke-jaksa-usut-tuntas-rp-27-m-terkait-korupsi-bts,"
Jumat, 14 Jul 2023 20:33 WIB "
Kejagung Didesak Usut Rp 27 M yang Dibalikin Terkait Korupsi BTS,https://news.detik.com/berita/d-6822799/kejagung-didesak-usut-rp-27-m-yang-dibalikin-terkait-korupsi-bts,"
Jumat, 14 Jul 2023 15:52 WIB "
MAKI Kritik Kejagung Nggak Gercep Usut Pidana soal Uang Rp 27 M Kasus BTS,https://news.detik.com/berita/d-6821999/maki-kritik-kejagung-nggak-gercep-usut-pidana-soal-uang-rp-27-m-kasus-bts,"
Jumat, 14 Jul 2023 08:41 WIB "
Tanda Tanya Inisial S di Balik Rp 27 Miliar Terkait Kasus BTS,https://news.detik.com/berita/d-6821905/tanda-tanya-inisial-s-di-balik-rp-27-miliar-terkait-kasus-bts,"
Jumat, 14 Jul 2023 06:29 WIB "
Kejagung Periksa Tersangka Kasus Korupsi BTS Windi Purnama,https://news.detik.com/berita/d-6821709/kejagung-periksa-tersangka-kasus-korupsi-bts-windi-purnama,"
Kamis, 13 Jul 2023 20:54 WIB "
Pihak yang Balikin Rp 27 M di Kasus BTS Diyakini Bakal Diusut Jaksa,https://news.detik.com/berita/d-6821590/pihak-yang-balikin-rp-27-m-di-kasus-bts-diyakini-bakal-diusut-jaksa,"
Kamis, 13 Jul 2023 19:39 WIB "
"Jaksa Jamin Usut Tuntas Kasus BTS, Termasuk Lewat Penelusuran Nomor Seri Uang",https://news.detik.com/berita/d-6821354/jaksa-jamin-usut-tuntas-kasus-bts-termasuk-lewat-penelusuran-nomor-seri-uang,"
Kamis, 13 Jul 2023 17:54 WIB "
Kejagung Nilai Maqdir Harusnya Tak Gegabah soal Rp 27 M di Kasus BTS,https://news.detik.com/berita/d-6821310/kejagung-nilai-maqdir-harusnya-tak-gegabah-soal-rp-27-m-di-kasus-bts,"
Kamis, 13 Jul 2023 17:37 WIB "
Kejagung Geledah Kantor Don Adam Terkait Kasus Korupsi BTS,https://news.detik.com/berita/d-6821156/kejagung-geledah-kantor-don-adam-terkait-kasus-korupsi-bts,"
Kamis, 13 Jul 2023 16:50 WIB "
"Maqdir Klaim Juga Serahkan Rp 8 M di Kasus BTS, Kejagung Ngaku Belum Tahu",https://news.detik.com/berita/d-6821079/maqdir-klaim-juga-serahkan-rp-8-m-di-kasus-bts-kejagung-ngaku-belum-tahu,"
Kamis, 13 Jul 2023 16:09 WIB "
Kejagung Periksa 6 Orang-Geledah 3 Kantor Terkait Kasus Korupsi BTS,https://news.detik.com/berita/d-6821061/kejagung-periksa-6-orang-geledah-3-kantor-terkait-kasus-korupsi-bts,"
Kamis, 13 Jul 2023 16:03 WIB "
Kejagung Sebut Maqdir Tak Singgung Nama Menpora soal Rp 27 M di Kasus BTS,https://news.detik.com/berita/d-6821052/kejagung-sebut-maqdir-tak-singgung-nama-menpora-soal-rp-27-m-di-kasus-bts,"
Kamis, 13 Jul 2023 15:58 WIB "
"Terdakwa Korupsi BTS Serahkan Rp 27 M, Kejagung Tegaskan Kasus Tak Disetop!",https://news.detik.com/berita/d-6821011/terdakwa-korupsi-bts-serahkan-rp-27-m-kejagung-tegaskan-kasus-tak-disetop,"
Kamis, 13 Jul 2023 15:42 WIB "
Kejagung Geledah Kantor Maqdir Ismail Buntut Uang Rp 27 M Kasus Korupsi BTS,https://news.detik.com/berita/d-6820901/kejagung-geledah-kantor-maqdir-ismail-buntut-uang-rp-27-m-kasus-korupsi-bts,"
Kamis, 13 Jul 2023 15:01 WIB "
Kejagung Sebut Sosok S yang Balikin Rp 27 M Terkait Korupsi BTS Kominfo,https://news.detik.com/berita/d-6820711/kejagung-sebut-sosok-s-yang-balikin-rp-27-m-terkait-korupsi-bts-kominfo,"
Kamis, 13 Jul 2023 14:03 WIB "
Tanda Tanya Sosok X Y Z Terima Rp 119 Miliar di Kasus BTS Kominfo,https://news.detik.com/berita/d-6820620/tanda-tanya-sosok-x-y-z-terima-rp-119-miliar-di-kasus-bts-kominfo,"
Kamis, 13 Jul 2023 13:24 WIB "
Maqdir Bawa Cash Rp 27 M Terkait Kasus BTS ke Kejagung dalam Pecahan Dolar AS,https://news.detik.com/berita/d-6820400/maqdir-bawa-cash-rp-27-m-terkait-kasus-bts-ke-kejagung-dalam-pecahan-dolar-as,"
Kamis, 13 Jul 2023 11:34 WIB "
"Maqdir Bawa Rp 27 M Terkait Korupsi BTS ke Kejagung, Ini Penampakan Duitnya",https://news.detik.com/berita/d-6820272/maqdir-bawa-rp-27-m-terkait-korupsi-bts-ke-kejagung-ini-penampakan-duitnya,"
Kamis, 13 Jul 2023 10:38 WIB "
Maqdir Akan Serahkan Uang Rp 27 M Kasus BTS ke Kejagung Hari Ini,https://news.detik.com/berita/d-6820030/maqdir-akan-serahkan-uang-rp-27-m-kasus-bts-ke-kejagung-hari-ini,"
Kamis, 13 Jul 2023 07:47 WIB "
Polisi Proses Laporan Politikus PD yang Tak Terima Dituduh Terlibat Kasus BTS,https://news.detik.com/berita/d-6818400/polisi-proses-laporan-politikus-pd-yang-tak-terima-dituduh-terlibat-kasus-bts,"
Rabu, 12 Jul 2023 10:09 WIB "
"Menpora Dipanggil Kejagung di Kasus BTS, Jokowi: Tanyakan ke Penegak Hukum",https://news.detik.com/berita/d-6816828/menpora-dipanggil-kejagung-di-kasus-bts-jokowi-tanyakan-ke-penegak-hukum,"
Selasa, 11 Jul 2023 12:54 WIB "
Sidang Putusan Eksepsi Johnny Plate dkk di Kasus BTS 4G Digelar Pekan Depan,https://news.detik.com/berita/d-6816775/sidang-putusan-eksepsi-johnny-plate-dkk-di-kasus-bts-4g-digelar-pekan-depan,"
Selasa, 11 Jul 2023 12:30 WIB "
Jaksa Minta Hakim Tolak Eksepsi Johnny G Plate di Kasus Korupsi BTS,https://news.detik.com/berita/d-6816614/jaksa-minta-hakim-tolak-eksepsi-johnny-g-plate-di-kasus-korupsi-bts,"
Selasa, 11 Jul 2023 11:22 WIB "
PDIP Sindir Eksepsi Johnny Plate: Korupsi Tak Terjadi Kalau Menteri Disiplin,https://news.detik.com/berita/d-6815680/pdip-sindir-eksepsi-johnny-plate-korupsi-tak-terjadi-kalau-menteri-disiplin,"
Senin, 10 Jul 2023 17:54 WIB "
"Dituduh Terima Aliran Dana Korupsi BTS, Politisi Demokrat Lapor Bareskrim",https://news.detik.com/berita/d-6815538/dituduh-terima-aliran-dana-korupsi-bts-politisi-demokrat-lapor-bareskrim,"
Senin, 10 Jul 2023 16:53 WIB "
Maqdir Ngaku Bakal Serahkan Rp 27 M Terkait Kasus BTS ke Kejagung Secara Cash,https://news.detik.com/berita/d-6814904/maqdir-ngaku-bakal-serahkan-rp-27-m-terkait-kasus-bts-ke-kejagung-secara-cash,"
Senin, 10 Jul 2023 12:42 WIB "
Eks Kepala PPATK Dorong Kejagung Jerat 8 Tersangka BTS Pakai Pasal TPPU,https://news.detik.com/berita/d-6812533/eks-kepala-ppatk-dorong-kejagung-jerat-8-tersangka-bts-pakai-pasal-tppu,"
Sabtu, 08 Jul 2023 15:18 WIB "
Rp 27 M yang Dibalikin ke Terdakwa Kasus BTS Kini Ditagih Kejagung,https://news.detik.com/berita/d-6812001/rp-27-m-yang-dibalikin-ke-terdakwa-kasus-bts-kini-ditagih-kejagung,"
Sabtu, 08 Jul 2023 06:01 WIB "
"Maqdir Akan Penuhi Panggilan Jaksa Terkait Kasus BTS, Siap Bawa Rp 27 M",https://news.detik.com/berita/d-6811618/maqdir-akan-penuhi-panggilan-jaksa-terkait-kasus-bts-siap-bawa-rp-27-m,"
Jumat, 07 Jul 2023 18:50 WIB "
"Dipanggil Jaksa soal Pihak Balikin Rp 27 M Kasus BTS, Maqdir Ngaku Belum Tahu",https://news.detik.com/berita/d-6810765/dipanggil-jaksa-soal-pihak-balikin-rp-27-m-kasus-bts-maqdir-ngaku-belum-tahu,"
Jumat, 07 Jul 2023 13:21 WIB "
Kejagung Tagih Maqdir Rp 27 M yang Diklaim Dibalikin Pihak Terkait Kasus BTS,https://news.detik.com/berita/d-6810368/kejagung-tagih-maqdir-rp-27-m-yang-diklaim-dibalikin-pihak-terkait-kasus-bts,"
Jumat, 07 Jul 2023 09:46 WIB "
Pengacara Terdakwa Kasus BTS Dipanggil Terkait Klaim Ada Pihak Balikin Rp 27 M,https://news.detik.com/berita/d-6810291/pengacara-terdakwa-kasus-bts-dipanggil-terkait-klaim-ada-pihak-balikin-rp-27-m,"
Jumat, 07 Jul 2023 08:35 WIB "
"MAKI Apresiasi Kejagung Telusuri Aset Terdakwa, Minta Usut Tuntas Korupsi BTS",https://news.detik.com/berita/d-6808691/maki-apresiasi-kejagung-telusuri-aset-terdakwa-minta-usut-tuntas-korupsi-bts,"
Kamis, 06 Jul 2023 11:47 WIB "
Pengacara: Tak Benar Johnny Plate Lempar Tanggung Jawab Kasus BTS ke Jokowi,https://news.detik.com/berita/d-6808323/pengacara-tak-benar-johnny-plate-lempar-tanggung-jawab-kasus-bts-ke-jokowi,"
Kamis, 06 Jul 2023 08:31 WIB "
"Ada Pihak Balikin Rp 27 M Kasus BTS, Menpora Dito Ngaku Tak Tahu",https://news.detik.com/berita/d-6808086/ada-pihak-balikin-rp-27-m-kasus-bts-menpora-dito-ngaku-tak-tahu,"
Rabu, 05 Jul 2023 21:13 WIB "
"Rp 27 M Misterius di Kasus BTS Dikembalikan, Tak Hapus Pidana!",https://news.detik.com/berita/d-6806759/rp-27-m-misterius-di-kasus-bts-dikembalikan-tak-hapus-pidana,"
Rabu, 05 Jul 2023 11:29 WIB "
"Johnny Plate Melawan Dakwaan, Minta Segera Dibebaskan",https://news.detik.com/berita/d-6806455/johnny-plate-melawan-dakwaan-minta-segera-dibebaskan,"
Rabu, 05 Jul 2023 07:26 WIB "
Mahfud Akui Proyek BTS Arahan Jokowi: Beliau Selalu Wanti-wanti Jangan Korupsi,https://news.detik.com/berita/d-6806167/mahfud-akui-proyek-bts-arahan-jokowi-beliau-selalu-wanti-wanti-jangan-korupsi,"
Selasa, 04 Jul 2023 20:35 WIB "
"Pengacara Terdakwa Kasus BTS Klaim Ada Pihak Balikin Rp 27 Miliar, Siapa?",https://news.detik.com/berita/d-6805746/pengacara-terdakwa-kasus-bts-klaim-ada-pihak-balikin-rp-27-miliar-siapa,"
Selasa, 04 Jul 2023 17:10 WIB "
Johnny Plate Protes Perhitungan BPKP soal Kerugian Rp 8 T di Kasus BTS,https://news.detik.com/berita/d-6805485/johnny-plate-protes-perhitungan-bpkp-soal-kerugian-rp-8-t-di-kasus-bts,"
Selasa, 04 Jul 2023 15:40 WIB "
Irwan Hermawan Didakwa TPPU dan Rugikan Negara Rp 8 T di Korupsi BTS Kominfo,https://news.detik.com/berita/d-6805456/irwan-hermawan-didakwa-tppu-dan-rugikan-negara-rp-8-t-di-korupsi-bts-kominfo,"
Selasa, 04 Jul 2023 15:30 WIB "
Hakim ke Johnny Plate: Jangan Anggap Pengadilan Alat Politik,https://news.detik.com/berita/d-6805249/hakim-ke-johnny-plate-jangan-anggap-pengadilan-alat-politik,"
Selasa, 04 Jul 2023 13:46 WIB "
Johnny G Plate Minta Dibebaskan dari Kasus Korupsi BTS Kominfo,https://news.detik.com/berita/d-6805191/johnny-g-plate-minta-dibebaskan-dari-kasus-korupsi-bts-kominfo,"
Selasa, 04 Jul 2023 13:16 WIB "
Johnny Plate Bantah Terima Duit dan Fasilitas Terkait Korupsi BTS,https://news.detik.com/berita/d-6805118/johnny-plate-bantah-terima-duit-dan-fasilitas-terkait-korupsi-bts,"
Selasa, 04 Jul 2023 12:48 WIB "
Eks Dirut Bakti Kominfo Sebut Dakwaan Jaksa soal TPPU Tak Logis,https://news.detik.com/berita/d-6805026/eks-dirut-bakti-kominfo-sebut-dakwaan-jaksa-soal-tppu-tak-logis,"
Selasa, 04 Jul 2023 12:06 WIB "
Plt Sekjen NasDem Hadiri Sidang Kasus Korupsi BTS Johnny G Plate,https://news.detik.com/berita/d-6804956/plt-sekjen-nasdem-hadiri-sidang-kasus-korupsi-bts-johnny-g-plate,"
Selasa, 04 Jul 2023 11:31 WIB "
Menpora Dito Bakal Serahkan LHKPN Minggu Ini,https://news.detik.com/berita/d-6804942/menpora-dito-bakal-serahkan-lhkpn-minggu-ini,"
Selasa, 04 Jul 2023 11:24 WIB "
Asa Menpora Dito Usai Diperiksa Jaksa dan Bersihkan Nama,https://news.detik.com/berita/d-6804303/asa-menpora-dito-usai-diperiksa-jaksa-dan-bersihkan-nama,"
Senin, 03 Jul 2023 20:06 WIB "
Kejagung Telusuri Dugaan Pengumpulan Uang untuk Hentikan Kasus BTS,https://news.detik.com/berita/d-6804265/kejagung-telusuri-dugaan-pengumpulan-uang-untuk-hentikan-kasus-bts,"
Senin, 03 Jul 2023 19:38 WIB "
PSI Dukung Kejagung Periksa Menpora di Kasus Korupsi BTS: Jangan Pilih-pilih,https://news.detik.com/berita/d-6804107/psi-dukung-kejagung-periksa-menpora-di-kasus-korupsi-bts-jangan-pilih-pilih,"
Senin, 03 Jul 2023 18:23 WIB "
Menpora Dito Diperiksa Kejagung Hampir 3 Jam dengan 24 Pertanyaan,https://news.detik.com/berita/d-6803999/menpora-dito-diperiksa-kejagung-hampir-3-jam-dengan-24-pertanyaan,"
Senin, 03 Jul 2023 17:51 WIB "
Kejagung soal Aliran Uang ke Menpora: Kalau Toh Benar Itu di Luar Kasus BTS,https://news.detik.com/berita/d-6803860/kejagung-soal-aliran-uang-ke-menpora-kalau-toh-benar-itu-di-luar-kasus-bts,"
Senin, 03 Jul 2023 16:46 WIB "
Menpora Dito Berharap Klarifikasinya Bisa Pulihkan Kepercayaan Publik,https://news.detik.com/berita/d-6803721/menpora-dito-berharap-klarifikasinya-bisa-pulihkan-kepercayaan-publik,"
Senin, 03 Jul 2023 15:56 WIB "
Menpora Dito: Saya Pengin Cepat Klarifikasi Tuduhan Rp 27 M Terkait Kasus BTS,https://news.detik.com/berita/d-6803720/menpora-dito-saya-pengin-cepat-klarifikasi-tuduhan-rp-27-m-terkait-kasus-bts,"
Senin, 03 Jul 2023 15:55 WIB "
Menpora Bicara soal Beban Moral dan Amanah Jokowi Usai Diperiksa Kejagung,https://news.detik.com/berita/d-6803716/menpora-bicara-soal-beban-moral-dan-amanah-jokowi-usai-diperiksa-kejagung,"
Senin, 03 Jul 2023 15:51 WIB "
Kejagung Jelaskan Alasan Periksa Menpora sebagai Saksi Kasus Korupsi BTS,https://news.detik.com/berita/d-6803429/kejagung-jelaskan-alasan-periksa-menpora-sebagai-saksi-kasus-korupsi-bts,"
Senin, 03 Jul 2023 13:54 WIB "
"Menpora Dito Tiba di Kejagung, Siap Diperiksa Jadi Saksi Kasus Korupsi BTS",https://news.detik.com/berita/d-6803351/menpora-dito-tiba-di-kejagung-siap-diperiksa-jadi-saksi-kasus-korupsi-bts,"
Senin, 03 Jul 2023 13:11 WIB "
"Menpora Dipanggil Kejagung Jadi Saksi, Jokowi: Datang Berikan Klarifikasi",https://news.detik.com/berita/d-6803083/menpora-dipanggil-kejagung-jadi-saksi-jokowi-datang-berikan-klarifikasi,"
Senin, 03 Jul 2023 11:15 WIB "
"Dipanggil Kejagung Jadi Saksi, Menpora Dito Ariotedjo Lapor Mensesneg",https://news.detik.com/berita/d-6802879/dipanggil-kejagung-jadi-saksi-menpora-dito-ariotedjo-lapor-mensesneg,"
Senin, 03 Jul 2023 09:24 WIB "
Menpora Dito Bantah Tudingan Terima Duit Miliaran soal Kasus BTS Kominfo,https://news.detik.com/berita/d-6802839/menpora-dito-bantah-tudingan-terima-duit-miliaran-soal-kasus-bts-kominfo,"
Senin, 03 Jul 2023 09:10 WIB "
Menpora Dito Pastikan Penuhi Panggilan Kejagung soal Kasus BTS Siang Nanti,https://news.detik.com/berita/d-6802816/menpora-dito-pastikan-penuhi-panggilan-kejagung-soal-kasus-bts-siang-nanti,"
Senin, 03 Jul 2023 08:50 WIB "
Kejagung Panggil Menpora Jadi Saksi Kasus BTS Kominfo Hari Ini,https://news.detik.com/berita/d-6802749/kejagung-panggil-menpora-jadi-saksi-kasus-bts-kominfo-hari-ini,"
Senin, 03 Jul 2023 07:45 WIB "
Panggilan Kejagung Bikin Menpora Bilang 'Pelajaran Politisi Muda',https://news.detik.com/berita/d-6802723/panggilan-kejagung-bikin-menpora-bilang-pelajaran-politisi-muda,"
Senin, 03 Jul 2023 06:29 WIB "
PSI Minta Penegak Hukum Kejar Semua Pelaku Kasus Korupsi BTS,https://news.detik.com/berita/d-6802679/psi-minta-penegak-hukum-kejar-semua-pelaku-kasus-korupsi-bts,"
Senin, 03 Jul 2023 01:55 WIB "
"Indikator: 50,4% Masyarakat Percaya Kasus Johnny Plate Murni soal Hukum",https://news.detik.com/berita/d-6802281/indikator-50-4-masyarakat-percaya-kasus-johnny-plate-murni-soal-hukum,"
Minggu, 02 Jul 2023 18:08 WIB "
Kejagung Siap Hadapi Sidang Eksepsi Johnny Plate Terkait Kasus BTS 4G,https://news.detik.com/berita/d-6801959/kejagung-siap-hadapi-sidang-eksepsi-johnny-plate-terkait-kasus-bts-4g,"
Minggu, 02 Jul 2023 13:34 WIB "
"Dipanggil Kejagung Jadi Saksi Kasus BTS, Begini Respons Menpora Dito",https://news.detik.com/berita/d-6801887/dipanggil-kejagung-jadi-saksi-kasus-bts-begini-respons-menpora-dito,"
Minggu, 02 Jul 2023 13:03 WIB "
Kejagung Panggil Menpora Dito Jadi Saksi Kasus Korupsi BTS Kominfo Besok,https://news.detik.com/berita/d-6801862/kejagung-panggil-menpora-dito-jadi-saksi-kasus-korupsi-bts-kominfo-besok,"
Minggu, 02 Jul 2023 12:35 WIB "
Bancakan Korupsi BTS Johnny G Plate Cs Bikin Negara Rugi Rp 8 T,https://news.detik.com/berita/d-6796092/bancakan-korupsi-bts-johnny-g-plate-cs-bikin-negara-rugi-rp-8-t,"
Rabu, 28 Jun 2023 06:52 WIB "
Aliran Duit ke Johnny G Plate dari Korupsi BTS Terungkap di Dakwaan,https://news.detik.com/berita/d-6795760/aliran-duit-ke-johnny-g-plate-dari-korupsi-bts-terungkap-di-dakwaan,"
Selasa, 27 Jun 2023 20:11 WIB "
"Jokowi Kantongi Nama Menkominfo, PPP Tak Masalah Jika dari Nonparpol",https://news.detik.com/pemilu/d-6795274/jokowi-kantongi-nama-menkominfo-ppp-tak-masalah-jika-dari-nonparpol,"
Selasa, 27 Jun 2023 16:37 WIB "
Pengacara Bantah Terdakwa Yohan Terima Uang: Cuma 'Cuci Piring' di Kasus BTS,https://news.detik.com/berita/d-6795159/pengacara-bantah-terdakwa-yohan-terima-uang-cuma-cuci-piring-di-kasus-bts,"
Selasa, 27 Jun 2023 15:49 WIB "
Johnny G Plate Melawan Dakwaan Jaksa: Saya Akan Buktikan,https://news.detik.com/berita/d-6794887/johnny-g-plate-melawan-dakwaan-jaksa-saya-akan-buktikan,"
Selasa, 27 Jun 2023 14:09 WIB "
"Didakwa TPPU, Eks Dirut Bakti Beli Rumah hingga BMW X5 Pakai Duit Korupsi BTS",https://news.detik.com/berita/d-6794878/didakwa-tppu-eks-dirut-bakti-beli-rumah-hingga-bmw-x5-pakai-duit-korupsi-bts,"
Selasa, 27 Jun 2023 14:03 WIB "
Begini Perhitungan Kerugian Rp 8 T dalam Dakwaan Kasus BTS Johnny Plate cs,https://news.detik.com/berita/d-6794811/begini-perhitungan-kerugian-rp-8-t-dalam-dakwaan-kasus-bts-johnny-plate-cs,"
Selasa, 27 Jun 2023 13:33 WIB "
"Jaksa: Baru 958 BTS Tuntas dari Target 4.200 BTS, Padahal Sudah Dibayar 100%",https://news.detik.com/berita/d-6794785/jaksa-baru-958-bts-tuntas-dari-target-4-200-bts-padahal-sudah-dibayar-100,"
Selasa, 27 Jun 2023 13:27 WIB "
Jaksa: Johnny Plate Minta Terdakwa Kasus BTS Kirim Duit ke Korban Banjir,https://news.detik.com/berita/d-6794780/jaksa-johnny-plate-minta-terdakwa-kasus-bts-kirim-duit-ke-korban-banjir,"
Selasa, 27 Jun 2023 13:26 WIB "
Jaksa Sebut Johnny Plate Tetap Bayar 100% Meski Tahu Proyek BTS Kritis,https://news.detik.com/berita/d-6794611/jaksa-sebut-johnny-plate-tetap-bayar-100-meski-tahu-proyek-bts-kritis,"
Selasa, 27 Jun 2023 12:18 WIB "
"Aliran Duit BTS Kominfo: Eks Dirut Bakti Terima Rp 5 M, Dirut PT BUP Rp 88 M",https://news.detik.com/berita/d-6794601/aliran-duit-bts-kominfo-eks-dirut-bakti-terima-rp-5-m-dirut-pt-bup-rp-88-m,"
Selasa, 27 Jun 2023 12:10 WIB "
Johnny G Plate Difasilitasi Main Golf hingga Hotel di Paris dan Barcelona,https://news.detik.com/berita/d-6794521/johnny-g-plate-difasilitasi-main-golf-hingga-hotel-di-paris-dan-barcelona,"
Selasa, 27 Jun 2023 11:29 WIB "
Johnny G Plate cs Didakwa Rugikan Negara Rp 8 T di Korupsi BTS Kominfo,https://news.detik.com/berita/d-6794461/johnny-g-plate-cs-didakwa-rugikan-negara-rp-8-t-di-korupsi-bts-kominfo,"
Selasa, 27 Jun 2023 11:06 WIB "
Sidang Dakwaan Johnny G Plate Cs dalam Kasus Korupsi BTS Dimulai,https://news.detik.com/berita/d-6794405/sidang-dakwaan-johnny-g-plate-cs-dalam-kasus-korupsi-bts-dimulai,"
Selasa, 27 Jun 2023 10:39 WIB "
NasDem Tak Sodorkan Nama Menkominfo Pengganti Johnny Plate ke Jokowi,https://news.detik.com/berita/d-6794216/nasdem-tak-sodorkan-nama-menkominfo-pengganti-johnny-plate-ke-jokowi,"
Selasa, 27 Jun 2023 08:30 WIB "
Mengawal Johnny G. Plate di Meja Hijau hingga Cara Perpanjang SIM Saat Liburan,https://news.detik.com/berita/d-6793797/mengawal-johnny-g-plate-di-meja-hijau-hingga-cara-perpanjang-sim-saat-liburan,"
Selasa, 27 Jun 2023 07:45 WIB "
Johnny G Plate Hadapi Sidang Dakwaan Kasus Korupsi BTS Hari Ini,https://news.detik.com/berita/d-6794163/johnny-g-plate-hadapi-sidang-dakwaan-kasus-korupsi-bts-hari-ini,"
Selasa, 27 Jun 2023 07:31 WIB "
NasDem Harap Sidang Johnny Plate Buka Tabir Kasus Korupsi BTS,https://news.detik.com/berita/d-6794151/nasdem-harap-sidang-johnny-plate-buka-tabir-kasus-korupsi-bts,"
Selasa, 27 Jun 2023 07:10 WIB "
Pengganti Johnny G Plate Sudah di Kantong Jokowi,https://news.detik.com/berita/d-6794120/pengganti-johnny-g-plate-sudah-di-kantong-jokowi,"
Selasa, 27 Jun 2023 06:09 WIB "
Jokowi Sudah Kantongi Nama Menkominfo Pengganti Johnny G Plate,https://news.detik.com/berita/d-6792380/jokowi-sudah-kantongi-nama-menkominfo-pengganti-johnny-g-plate,"
Senin, 26 Jun 2023 09:44 WIB "
Menanti Babak Baru Johnny Plate cs Terkuak di Meja Hijau,https://news.detik.com/berita/d-6791472/menanti-babak-baru-johnny-plate-cs-terkuak-di-meja-hijau,"
Minggu, 25 Jun 2023 13:55 WIB "
PT Basis Utama Prima Bantah Terlibat Kasus BTS Kominfo,https://news.detik.com/berita/d-6788706/pt-basis-utama-prima-bantah-terlibat-kasus-bts-kominfo,"
Jumat, 23 Jun 2023 15:25 WIB "
Pegawai PT Basis Utama Prima Diperiksa Terkait Kasus TPPU BTS Kominfo,https://news.detik.com/berita/d-6785299/pegawai-pt-basis-utama-prima-diperiksa-terkait-kasus-tppu-bts-kominfo,"
Rabu, 21 Jun 2023 18:14 WIB "
Jejak Johnny Plate di Kasus Korupsi BTS hingga Diadili Pekan Depan,https://news.detik.com/berita/d-6785197/jejak-johnny-plate-di-kasus-korupsi-bts-hingga-diadili-pekan-depan,"
Rabu, 21 Jun 2023 17:36 WIB "
Sidang Perdana Johnny Plate Digelar Selasa 27 Juni!,https://news.detik.com/berita/d-6784866/sidang-perdana-johnny-plate-digelar-selasa-27-juni,"
Rabu, 21 Jun 2023 15:26 WIB "
Kejagung Usut TPPU oleh Tersangka Korupsi BTS Kominfo Windi Purnama,https://news.detik.com/berita/d-6781341/kejagung-usut-tppu-oleh-tersangka-korupsi-bts-kominfo-windi-purnama,"
Senin, 19 Jun 2023 17:30 WIB "
Penyidikan Korupsi BTS Hingga Emas Terancam 'Wasalam',https://news.detik.com/x/detail/spotlight/20230619/Penyidikan-Korupsi-BTS-Hingga-Emas-Terancam-Wasalam/,"
Senin, 19 Jun 2023 14:56 WIB "
Sosok Yusrizki Tersangka Baru Kasus BTS yang Juga Ketua Komite Kadin,https://news.detik.com/berita/d-6775968/sosok-yusrizki-tersangka-baru-kasus-bts-yang-juga-ketua-komite-kadin,"
Jumat, 16 Jun 2023 11:54 WIB "
MAKI Gugat Kejagung ke PN Jaksel karena Tak Jerat Plate dkk dengan TPPU,https://news.detik.com/berita/d-6774920/maki-gugat-kejagung-ke-pn-jaksel-karena-tak-jerat-plate-dkk-dengan-tppu,"
Kamis, 15 Jun 2023 18:43 WIB "
Kejagung Gandeng PPATK Usut Kasus TPPU Terkait Johnny Plate,https://news.detik.com/berita/d-6774883/kejagung-gandeng-ppatk-usut-kasus-tppu-terkait-johnny-plate,"
Kamis, 15 Jun 2023 18:24 WIB "
Kejagung Tak Akan Berhenti di Yusrizki: Kami Telusuri Sampai Ujung,https://news.detik.com/berita/d-6774810/kejagung-tak-akan-berhenti-di-yusrizki-kami-telusuri-sampai-ujung,"
Kamis, 15 Jun 2023 17:59 WIB "
Kejagung Ungkap Peran Yusrizki di Kasus Korupsi BTS: Sediakan Panel Surya,https://news.detik.com/berita/d-6774782/kejagung-ungkap-peran-yusrizki-di-kasus-korupsi-bts-sediakan-panel-surya,"
Kamis, 15 Jun 2023 17:53 WIB "
Kejagung Tetapkan Yusrizki Dirut PT Basis Utama Prima Tersangka Kasus BTS,https://news.detik.com/berita/d-6774721/kejagung-tetapkan-yusrizki-dirut-pt-basis-utama-prima-tersangka-kasus-bts,"
Kamis, 15 Jun 2023 17:26 WIB "
Mahfud Serahkan ke Kejaksaan soal Johnny Plate Siap Jadi Justice Collaborator,https://news.detik.com/berita/d-6770362/mahfud-serahkan-ke-kejaksaan-soal-johnny-plate-siap-jadi-justice-collaborator,"
Selasa, 13 Jun 2023 15:28 WIB "
"Johnny Plate Bakal Lawan Penyitaan Tanah 11,7 Ha, Ini Respons Kejagung",https://news.detik.com/berita/d-6769441/johnny-plate-bakal-lawan-penyitaan-tanah-11-7-ha-ini-respons-kejagung,"
Selasa, 13 Jun 2023 08:31 WIB "
"Johnny Plate Siap Jadi 'Pembongkar' Perkara, Siapa Disasar?",https://news.detik.com/berita/d-6769346/johnny-plate-siap-jadi-pembongkar-perkara-siapa-disasar,"
Selasa, 13 Jun 2023 07:02 WIB "
Respons Kejagung soal Johnny Plate Siap Jadi Justice Collaborator,https://news.detik.com/berita/d-6768764/respons-kejagung-soal-johnny-plate-siap-jadi-justice-collaborator,"
Senin, 12 Jun 2023 17:46 WIB "
Johnny Plate Siap Jadi Justice Collaborator di Kasus Korupsi BTS,https://news.detik.com/berita/d-6768050/johnny-plate-siap-jadi-justice-collaborator-di-kasus-korupsi-bts,"
Senin, 12 Jun 2023 13:19 WIB "
"Johnny Plate Tak Sangka Tanah 11,7 Hektare Disita Kejagung: Kita Akan Lawan!",https://news.detik.com/berita/d-6767766/johnny-plate-tak-sangka-tanah-11-7-hektare-disita-kejagung-kita-akan-lawan,"
Senin, 12 Jun 2023 11:37 WIB "
"Johnny G Plate Batal Lawan Status Tersangka Via Praperadilan, Kenapa?",https://news.detik.com/berita/d-6767715/johnny-g-plate-batal-lawan-status-tersangka-via-praperadilan-kenapa,"
Senin, 12 Jun 2023 11:13 WIB "
Kejagung Serahkan Johnny Plate-Bukti Kasus Korupsi BTS ke Kejari Jaksel,https://news.detik.com/berita/d-6764696/kejagung-serahkan-johnny-plate-bukti-kasus-korupsi-bts-ke-kejari-jaksel,"
Jumat, 09 Jun 2023 20:56 WIB "
Kejagung Telusuri Aset dan Aliran Dana 7 Tersangka Kasus Korupsi BTS,https://news.detik.com/berita/d-6762823/kejagung-telusuri-aset-dan-aliran-dana-7-tersangka-kasus-korupsi-bts,"
Kamis, 08 Jun 2023 21:31 WIB "
"Saut Sambangi Komisi III DPR, Suarakan Penyelesaian Kasus Korupsi BTS",https://news.detik.com/berita/d-6761439/saut-sambangi-komisi-iii-dpr-suarakan-penyelesaian-kasus-korupsi-bts,"
Kamis, 08 Jun 2023 11:41 WIB "
"Tanah 11,7 Hektare Milik Johnny Plate di NTT Disita Kejagung!",https://news.detik.com/berita/d-6761154/tanah-11-7-hektare-milik-johnny-plate-di-ntt-disita-kejagung,"
Kamis, 08 Jun 2023 09:36 WIB "
Gregorius Adik Johnny G Plate Diperiksa Kejagung Terkait Korupsi BTS,https://news.detik.com/berita/d-6760094/gregorius-adik-johnny-g-plate-diperiksa-kejagung-terkait-korupsi-bts,"
Rabu, 07 Jun 2023 16:15 WIB "
Kasus 8 Triliun dan Isu Penjegalan Capres,https://news.detik.com/kolom/d-6757922/kasus-8-triliun-dan-isu-penjegalan-capres,"
Rabu, 07 Jun 2023 14:00 WIB "
Apakah Kursi Menkominfo Akan Diisi Politikus NasDem Lagi? Ini Kata Jokowi,https://news.detik.com/berita/d-6759145/apakah-kursi-menkominfo-akan-diisi-politikus-nasdem-lagi-ini-kata-jokowi,"
Rabu, 07 Jun 2023 08:52 WIB "
MAKI Dukung Johnny Plate Jadi JC: Bisa Buka-bukaan Aliran Dana,https://news.detik.com/berita/d-6759017/maki-dukung-johnny-plate-jadi-jc-bisa-buka-bukaan-aliran-dana,"
Rabu, 07 Jun 2023 06:46 WIB "
Pegawai Bakti Kominfo Diperiksa Terkait Kasus Korupsi BTS 4G,https://news.detik.com/berita/d-6758126/pegawai-bakti-kominfo-diperiksa-terkait-kasus-korupsi-bts-4g,"
Selasa, 06 Jun 2023 15:48 WIB "
Penyiksaan Sadis ART Jaksel hingga Isu Lionel Messi Ingin Kembali ke Barcelona,https://news.detik.com/berita/d-6756969/penyiksaan-sadis-art-jaksel-hingga-isu-lionel-messi-ingin-kembali-ke-barcelona,"
Selasa, 06 Jun 2023 07:45 WIB "
Dirjen Kominfo hingga Stafsus Menkominfo Diperiksa Terkait Kasus Korupsi BTS,https://news.detik.com/berita/d-6756453/dirjen-kominfo-hingga-stafsus-menkominfo-diperiksa-terkait-kasus-korupsi-bts,"
Senin, 05 Jun 2023 17:25 WIB "
"Di DPR, Mahfud Ungkap Arahan Jokowi agar Program BTS Dilanjutkan",https://news.detik.com/berita/d-6755918/di-dpr-mahfud-ungkap-arahan-jokowi-agar-program-bts-dilanjutkan,"
Senin, 05 Jun 2023 13:59 WIB "
"NasDem Klarifikasi soal Gugatan Praperadilan, Sarankan Johnny Plate Jadi JC",https://news.detik.com/berita/d-6755504/nasdem-klarifikasi-soal-gugatan-praperadilan-sarankan-johnny-plate-jadi-jc,"
Senin, 05 Jun 2023 10:54 WIB "
Kejagung Siap Hadapi Praperadilan Status Tersangka Johnny G Plate,https://news.detik.com/berita/d-6752504/kejagung-siap-hadapi-praperadilan-status-tersangka-johnny-g-plate,"
Jumat, 02 Jun 2023 21:46 WIB "
NasDem Akan Ajukan Gugatan Praperadilan Status Tersangka Johnny G Plate,https://news.detik.com/berita/d-6752293/nasdem-akan-ajukan-gugatan-praperadilan-status-tersangka-johnny-g-plate,"
Jumat, 02 Jun 2023 18:45 WIB "
Isu Penjegalan hingga Cawapres Dibahas Pro Anies di Pulau Pribadi Paloh,https://news.detik.com/pemilu/d-6750017/isu-penjegalan-hingga-cawapres-dibahas-pro-anies-di-pulau-pribadi-paloh,"
Kamis, 01 Jun 2023 08:06 WIB "
MAKI Layangkan Surat ke DPR soal Aliran Uang Kasus Proyek BTS,https://news.detik.com/berita/d-6749601/maki-layangkan-surat-ke-dpr-soal-aliran-uang-kasus-proyek-bts,"
Rabu, 31 Mei  2023 19:01 WIB "
Menyuburnya Repetisi Korupsi,https://news.detik.com/kolom/d-6748737/menyuburnya-repetisi-korupsi,"
Rabu, 31 Mei  2023 14:10 WIB "
Makna Borgol Johnny G Plate,https://news.detik.com/kolom/d-6748714/makna-borgol-johnny-g-plate,"
Rabu, 31 Mei  2023 13:04 WIB "
Kejagung Periksa Ajudan Johnny Plate Terkait Kasus Korupsi BTS,https://news.detik.com/berita/d-6746896/kejagung-periksa-ajudan-johnny-plate-terkait-kasus-korupsi-bts,"
Selasa, 30 Mei  2023 14:32 WIB "
Demokrat ke Hasto: Anggapan Pak SBY Menakut-takuti Rakyat Menyesatkan!,https://news.detik.com/pemilu/d-6745858/demokrat-ke-hasto-anggapan-pak-sby-menakut-takuti-rakyat-menyesatkan,"
Senin, 29 Mei  2023 21:47 WIB "
PDIP Tepis Isu Suami Puan Maharani Terlibat Kasus BTS,https://news.detik.com/berita/d-6745802/pdip-tepis-isu-suami-puan-maharani-terlibat-kasus-bts,"
Senin, 29 Mei  2023 21:12 WIB "
Rumor MK Izinkan Pemilu Coblos Partai hingga Darurat Polusi di DKI,https://news.detik.com/berita/d-6743697/rumor-mk-izinkan-pemilu-coblos-partai-hingga-darurat-polusi-di-dki,"
Senin, 29 Mei  2023 07:55 WIB "
NasDem Desak Kejagung Blokir Rekening Perusahaan Diduga Terlibat Kasus BTS,https://news.detik.com/berita/d-6741958/nasdem-desak-kejagung-blokir-rekening-perusahaan-diduga-terlibat-kasus-bts,"
Sabtu, 27 Mei  2023 14:48 WIB "
Mahfud Undang Profesional-Ahli Daftar Seleksi Dirut Bakti: Tak Usah Takut,https://news.detik.com/berita/d-6740656/mahfud-undang-profesional-ahli-daftar-seleksi-dirut-bakti-tak-usah-takut,"
Jumat, 26 Mei  2023 16:26 WIB "
"Tak Ada Peserta Penuhi Syarat, Proses Seleksi Dirut Bakti Kominfo Diulang",https://news.detik.com/berita/d-6740509/tak-ada-peserta-penuhi-syarat-proses-seleksi-dirut-bakti-kominfo-diulang,"
Jumat, 26 Mei  2023 15:33 WIB "
"Irjen Kominfo Jadi Plt Dirut Bakti, Mahfud: Arahan Presiden Proyek BTS Lanjut",https://news.detik.com/berita/d-6740448/irjen-kominfo-jadi-plt-dirut-bakti-mahfud-arahan-presiden-proyek-bts-lanjut,"
Jumat, 26 Mei  2023 15:14 WIB "
Bambang Pacul soal Isu Aliran Dana BTS ke Parpol: Kalau Spekulatif Susah,https://news.detik.com/berita/d-6739076/bambang-pacul-soal-isu-aliran-dana-bts-ke-parpol-kalau-spekulatif-susah,"
Kamis, 25 Mei  2023 18:46 WIB "
PSI Dukung Kejagung Bongkar Semua yang Terima Aliran Duit Korupsi BTS,https://news.detik.com/berita/d-6738118/psi-dukung-kejagung-bongkar-semua-yang-terima-aliran-duit-korupsi-bts,"
Kamis, 25 Mei  2023 13:30 WIB "
Penampakan Land Rover Johnny Plate yang Disita Kejagung,https://news.detik.com/berita/d-6738066/penampakan-land-rover-johnny-plate-yang-disita-kejagung,"
Kamis, 25 Mei  2023 13:03 WIB "
"Daftar Tunggangan Mewah Disita di Kasus BTS, Termasuk Land Rover Johnny Plate",https://news.detik.com/berita/d-6737713/daftar-tunggangan-mewah-disita-di-kasus-bts-termasuk-land-rover-johnny-plate,"
Kamis, 25 Mei  2023 10:37 WIB "
"Respons Mahfud, Benny PD Desak Kasus Korupsi BTS Diusut Tanpa Pilih Kasih",https://news.detik.com/berita/d-6737599/respons-mahfud-benny-pd-desak-kasus-korupsi-bts-diusut-tanpa-pilih-kasih,"
Kamis, 25 Mei  2023 09:33 WIB "
Mahfud Tegaskan Tak Pernah Sebut Dana Proyek BTS Mengalir ke Parpol,https://news.detik.com/berita/d-6737333/mahfud-tegaskan-tak-pernah-sebut-dana-proyek-bts-mengalir-ke-parpol,"
Rabu, 24 Mei  2023 23:19 WIB "
Land Rover Johnny Plate Disita Kejagung!,https://news.detik.com/berita/d-6737088/land-rover-johnny-plate-disita-kejagung,"
Rabu, 24 Mei  2023 19:16 WIB "
Kejagung Periksa 4 Orang Pihak Swasta Terkait Kasus Korupsi BTS Kominfo,https://news.detik.com/berita/d-6736895/kejagung-periksa-4-orang-pihak-swasta-terkait-kasus-korupsi-bts-kominfo,"
Rabu, 24 Mei  2023 18:00 WIB "
Gerindra Bantah Isu Aliran Dana BTS: Faktanya Itu Gosip,https://news.detik.com/berita/d-6736722/gerindra-bantah-isu-aliran-dana-bts-faktanya-itu-gosip,"
Rabu, 24 Mei  2023 17:00 WIB "
Mahfud Buka Lebar-lebar Pintu Kominfo demi Kasus BTS Tuntas Diusut,https://news.detik.com/berita/d-6735247/mahfud-buka-lebar-lebar-pintu-kominfo-demi-kasus-bts-tuntas-diusut,"
Selasa, 23 Mei  2023 21:31 WIB "
"Sahroni Apresiasi Mahfud, Yakin Tak Cuma Plate Terlibat Korupsi BTS",https://news.detik.com/berita/d-6734909/sahroni-apresiasi-mahfud-yakin-tak-cuma-plate-terlibat-korupsi-bts,"
Selasa, 23 Mei  2023 18:20 WIB "
Kursi Panas di Merdeka Barat,https://news.detik.com/x/detail/spotlight/20230523/Kursi-Panas-di-Merdeka-Barat/,"
Selasa, 23 Mei  2023 16:43 WIB "
"Usut Kasus Korupsi BTS, Kejagung Periksa Tenaga Ahli Kominfo",https://news.detik.com/berita/d-6734612/usut-kasus-korupsi-bts-kejagung-periksa-tenaga-ahli-kominfo,"
Selasa, 23 Mei  2023 16:29 WIB "
Kejagung Tetapkan 1 Tersangka Baru Kasus Korupsi BTS Kominfo,https://news.detik.com/berita/d-6734523/kejagung-tetapkan-1-tersangka-baru-kasus-korupsi-bts-kominfo,"
Selasa, 23 Mei  2023 15:54 WIB "
"Pesan Mahfud ke Pegawai Kominfo: Terus Bekerja, Tetap Tenang Tak Usah Gelisah",https://news.detik.com/berita/d-6734279/pesan-mahfud-ke-pegawai-kominfo-terus-bekerja-tetap-tenang-tak-usah-gelisah,"
Selasa, 23 Mei  2023 14:02 WIB "
"Usut Kasus BTS, Mahfud: BPKP-Kejaksaan Tak Akan Dihalangi Masuk Kominfo",https://news.detik.com/berita/d-6734270/usut-kasus-bts-mahfud-bpkp-kejaksaan-tak-akan-dihalangi-masuk-kominfo,"
Selasa, 23 Mei  2023 13:59 WIB "
Mahfud Anggap Dugaan Aliran Dana Proyek BTS ke Parpol Gosip Politik,https://news.detik.com/berita/d-6734153/mahfud-anggap-dugaan-aliran-dana-proyek-bts-ke-parpol-gosip-politik,"
Selasa, 23 Mei  2023 13:03 WIB "
Mahfud Lantik Inspektur Jenderal hingga Staf Ahli Kominfo,https://news.detik.com/berita/d-6734025/mahfud-lantik-inspektur-jenderal-hingga-staf-ahli-kominfo,"
Selasa, 23 Mei  2023 12:12 WIB "
Sengkarut Johnny Plate Tersangka tapi Jokowi Minta Proyek BTS Lanjut,https://news.detik.com/berita/d-6733512/sengkarut-johnny-plate-tersangka-tapi-jokowi-minta-proyek-bts-lanjut,"
Selasa, 23 Mei  2023 06:13 WIB "
"2 Tersangka Korupsi BTS Kominfo Dilimpahkan ke JPU, Segera Disidang",https://news.detik.com/berita/d-6733420/2-tersangka-korupsi-bts-kominfo-dilimpahkan-ke-jpu-segera-disidang,"
Senin, 22 Mei  2023 22:31 WIB "
"Usut Kasus BTS, Kejagung Periksa Sekjen Kominfo hingga Stafsus Johnny Plate",https://news.detik.com/berita/d-6733147/usut-kasus-bts-kejagung-periksa-sekjen-kominfo-hingga-stafsus-johnny-plate,"
Senin, 22 Mei  2023 19:15 WIB "
Kejagung Telusuri Aliran Duit Korupsi BTS: Kita Cek untuk Kepentingan Siapa,https://news.detik.com/berita/d-6733140/kejagung-telusuri-aliran-duit-korupsi-bts-kita-cek-untuk-kepentingan-siapa,"
Senin, 22 Mei  2023 19:05 WIB "
"Johnny G Plate Tersangka, Bagaimana Nasib Adiknya yang Balikin Duit?",https://news.detik.com/berita/d-6733105/johnny-g-plate-tersangka-bagaimana-nasib-adiknya-yang-balikin-duit,"
Senin, 22 Mei  2023 18:49 WIB "
Tertimpa Proyek Menara Johnny,https://news.detik.com/x/detail/spotlight/20230522/Tertimpa-Proyek-Menara-Johnny/,"
Senin, 22 Mei  2023 16:11 WIB "
Mahfud Persilakan Kejagung Periksa Pejabat Kominfo Terkait Kasus Korupsi BTS,https://news.detik.com/berita/d-6732430/mahfud-persilakan-kejagung-periksa-pejabat-kominfo-terkait-kasus-korupsi-bts,"
Senin, 22 Mei  2023 15:05 WIB "
Mahfud Lantik Pejabat Eselon I Kominfo Besok: Bukan karena Kasus BTS,https://news.detik.com/berita/d-6732397/mahfud-lantik-pejabat-eselon-i-kominfo-besok-bukan-karena-kasus-bts,"
Senin, 22 Mei  2023 14:48 WIB "
Mahfud Md: Kasus Korupsi BTS Johnny Plate Tak Terkait Calon Pilpres,https://news.detik.com/berita/d-6732240/mahfud-md-kasus-korupsi-bts-johnny-plate-tak-terkait-calon-pilpres,"
Senin, 22 Mei  2023 13:53 WIB "
"Arahan Jokowi, Mahfud Upayakan Agar Proyek BTS Kominfo Tetap Jalan",https://news.detik.com/berita/d-6732184/arahan-jokowi-mahfud-upayakan-agar-proyek-bts-kominfo-tetap-jalan,"
Senin, 22 Mei  2023 13:37 WIB "
Pakar Hukum: Kejagung Punya Alat Bukti Kuat Tahan Johnny G Plate,https://news.detik.com/berita/d-6731448/pakar-hukum-kejagung-punya-alat-bukti-kuat-tahan-johnny-g-plate,"
Senin, 22 Mei  2023 01:52 WIB "
"Ray Rangkuti: Kasus BTS Kominfo Sudah Lama Diselidiki Kejagung, Murni Hukum",https://news.detik.com/berita/d-6731442/ray-rangkuti-kasus-bts-kominfo-sudah-lama-diselidiki-kejagung-murni-hukum,"
Senin, 22 Mei  2023 01:16 WIB "
Mahfud Sempat Panggil Kepala BPKP Saat Tahu Proyek BTS Mangkrak,https://news.detik.com/berita/d-6731161/mahfud-sempat-panggil-kepala-bpkp-saat-tahu-proyek-bts-mangkrak,"
Minggu, 21 Mei  2023 18:16 WIB "
"Anies Singgung Mafia Pemilu hingga Bansos: Termasuk Mafia BTS, Tuntaskan!",https://news.detik.com/pemilu/d-6730848/anies-singgung-mafia-pemilu-hingga-bansos-termasuk-mafia-bts-tuntaskan,"
Minggu, 21 Mei  2023 14:37 WIB "
PDIP Nilai Tak Ada Politisasi di Penetapan Tersangka Johnny Plate,https://news.detik.com/pemilu/d-6730158/pdip-nilai-tak-ada-politisasi-di-penetapan-tersangka-johnny-plate,"
Sabtu, 20 Mei  2023 21:30 WIB "
Sekjen PDIP soal Reshuffle Menkominfo: Kita Bernafas Dulu,https://news.detik.com/pemilu/d-6730020/sekjen-pdip-soal-reshuffle-menkominfo-kita-bernafas-dulu,"
Sabtu, 20 Mei  2023 19:44 WIB "
"Presiden PKS Salut Sikap Paloh Hadapi Kasus Plate, Tegaskan Koalisi Solid",https://news.detik.com/pemilu/d-6729650/presiden-pks-salut-sikap-paloh-hadapi-kasus-plate-tegaskan-koalisi-solid,"
Sabtu, 20 Mei  2023 15:11 WIB "
Titik Terendah Hubungan Paloh dan Jokowi,https://news.detik.com/kolom/d-6729502/titik-terendah-hubungan-paloh-dan-jokowi,"
Sabtu, 20 Mei  2023 13:02 WIB "
Jokowi Resmi Berhentikan Johnny G Plate sebagai Menkominfo,https://news.detik.com/berita/d-6729366/jokowi-resmi-berhentikan-johnny-g-plate-sebagai-menkominfo,"
Sabtu, 20 Mei  2023 10:38 WIB "
KPU: Johnny Plate Masih Berhak Jadi Bacaleg Sebelum Ada Putusan Inkrah,https://news.detik.com/pemilu/d-6729247/kpu-johnny-plate-masih-berhak-jadi-bacaleg-sebelum-ada-putusan-inkrah,"
Sabtu, 20 Mei  2023 09:01 WIB "
Kursi Panas Menkominfo Usai Johnny Plate Jadi Tersangka Korupsi,https://news.detik.com/pemilu/d-6729208/kursi-panas-menkominfo-usai-johnny-plate-jadi-tersangka-korupsi,"
Sabtu, 20 Mei  2023 08:07 WIB "
Sorotan ke Aktor Lain di Kasus Johnny Plate Diusut Kejaksaan,https://news.detik.com/berita/d-6729123/sorotan-ke-aktor-lain-di-kasus-johnny-plate-diusut-kejaksaan,"
Sabtu, 20 Mei  2023 06:31 WIB "
Tentang Deretan Polisi Militer di Kejagung Saat Johnny Plate Ditahan,https://news.detik.com/berita/d-6728933/tentang-deretan-polisi-militer-di-kejagung-saat-johnny-plate-ditahan,"
Jumat, 19 Mei  2023 21:03 WIB "
Farhan NasDem Minta Kejagung Transparan ke Mana Aliran Dana Korupsi Plate,https://news.detik.com/berita/d-6728862/farhan-nasdem-minta-kejagung-transparan-ke-mana-aliran-dana-korupsi-plate,"
Jumat, 19 Mei  2023 20:10 WIB "
MAKI Dukung Kejagung Usut Dugaan Aliran Dana Korupsi BTS ke Parpol,https://news.detik.com/berita/d-6728773/maki-dukung-kejagung-usut-dugaan-aliran-dana-korupsi-bts-ke-parpol,"
Jumat, 19 Mei  2023 19:07 WIB "
"Amien Rais Dorong Surya Paloh Pukul Balik soal Plate, Ngabalin: Provokator!",https://news.detik.com/pemilu/d-6728643/amien-rais-dorong-surya-paloh-pukul-balik-soal-plate-ngabalin-provokator,"
Jumat, 19 Mei  2023 18:04 WIB "
Kejagung Periksa 2 Pejabat Kominfo di Kasus Korupsi BTS,https://news.detik.com/berita/d-6728352/kejagung-periksa-2-pejabat-kominfo-di-kasus-korupsi-bts,"
Jumat, 19 Mei  2023 16:11 WIB "
Respons Kejagung soal NasDem Sebut Ada Aktor Lain di Kasus Johnny Plate,https://news.detik.com/berita/d-6728181/respons-kejagung-soal-nasdem-sebut-ada-aktor-lain-di-kasus-johnny-plate,"
Jumat, 19 Mei  2023 14:51 WIB "
Penjelasan Kejagung soal Polisi Militer Kawal Johnny Plate Saat Ditahan,https://news.detik.com/berita/d-6728097/penjelasan-kejagung-soal-polisi-militer-kawal-johnny-plate-saat-ditahan,"
Jumat, 19 Mei  2023 14:19 WIB "
Sejak Kapan Jaksa Usut Korupsi BTS Kominfo hingga Johnny Plate Tersangka?,https://news.detik.com/berita/d-6727884/sejak-kapan-jaksa-usut-korupsi-bts-kominfo-hingga-johnny-plate-tersangka,"
Jumat, 19 Mei  2023 12:48 WIB "
"NasDem Sebut Ada Aktor Lain di Kasus Korupsi BTS, Tak Cuma Johnny Plate",https://news.detik.com/berita/d-6727883/nasdem-sebut-ada-aktor-lain-di-kasus-korupsi-bts-tak-cuma-johnny-plate,"
Jumat, 19 Mei  2023 12:48 WIB "
Kata Perindo soal Rumor Hary Tanoe Jadi Menkominfo Gantikan Johnny Plate,https://news.detik.com/berita/d-6727812/kata-perindo-soal-rumor-hary-tanoe-jadi-menkominfo-gantikan-johnny-plate,"
Jumat, 19 Mei  2023 12:06 WIB "
Sahroni Tegaskan Johnny Plate Tersangka Tak Ujug-ujug dan Tak Politis,https://news.detik.com/pemilu/d-6727652/sahroni-tegaskan-johnny-plate-tersangka-tak-ujug-ujug-dan-tak-politis,"
Jumat, 19 Mei  2023 10:46 WIB "
Jawaban Jokowi Saat Ditanya Rumor Hary Tanoe Gantikan Johnny Plate,https://news.detik.com/berita/d-6727526/jawaban-jokowi-saat-ditanya-rumor-hary-tanoe-gantikan-johnny-plate,"
Jumat, 19 Mei  2023 09:36 WIB "
"Jokowi Tepis Isu Intervensi Politik Kasus Plate, Yakin Kejagung Profesional",https://news.detik.com/berita/d-6727491/jokowi-tepis-isu-intervensi-politik-kasus-plate-yakin-kejagung-profesional,"
Jumat, 19 Mei  2023 09:21 WIB "
"Johnny Plate Tersangka, Jokowi Tunjuk Mahfud Md Jadi Plt Menkominfo",https://news.detik.com/berita/d-6727461/johnny-plate-tersangka-jokowi-tunjuk-mahfud-md-jadi-plt-menkominfo,"
Jumat, 19 Mei  2023 09:00 WIB "
Saat Pro Anies Kompak Bilang Kasus Johnny Plate Tak Pengaruhi Koalisi,https://news.detik.com/pemilu/d-6727432/saat-pro-anies-kompak-bilang-kasus-johnny-plate-tak-pengaruhi-koalisi,"
Jumat, 19 Mei  2023 08:08 WIB "
Bos PPI Nilai Kursi Menkominfo Bisa Jadi Momen Hukuman Politik Jokowi ke Paloh,https://news.detik.com/pemilu/d-6727426/bos-ppi-nilai-kursi-menkominfo-bisa-jadi-momen-hukuman-politik-jokowi-ke-paloh,"
Jumat, 19 Mei  2023 08:03 WIB "
Wanti-wanti Mahfud Soal Plate jadi Tersangka hingga Potensi Resesi Seks RI,https://news.detik.com/berita/d-6727109/wanti-wanti-mahfud-soal-plate-jadi-tersangka-hingga-potensi-resesi-seks-ri,"
Jumat, 19 Mei  2023 07:45 WIB "
"Johnny Plate Jadi Tersangka, AHY Yakin Koalisi Perubahan Makin Solid",https://news.detik.com/pemilu/d-6727282/johnny-plate-jadi-tersangka-ahy-yakin-koalisi-perubahan-makin-solid,"
Kamis, 18 Mei  2023 23:17 WIB "
"Johnny Plate Dijaga Ketat PM saat Hendak Ditahan, Kejagung Beri Penjelasan",https://news.detik.com/berita/d-6727276/johnny-plate-dijaga-ketat-pm-saat-hendak-ditahan-kejagung-beri-penjelasan,"
Kamis, 18 Mei  2023 22:50 WIB "
Tak Ada Pemecatan Johnny Plate dari NasDem Usai Jadi Tersangka,https://news.detik.com/berita/d-6727267/tak-ada-pemecatan-johnny-plate-dari-nasdem-usai-jadi-tersangka,"
Kamis, 18 Mei  2023 22:17 WIB "
Mahfud Pastikan Tak Ada Politisasi Penetapan Tersangka Johnny Plate,https://news.detik.com/berita/d-6727238/mahfud-pastikan-tak-ada-politisasi-penetapan-tersangka-johnny-plate,"
Kamis, 18 Mei  2023 21:36 WIB "
Mahfud Md Sebut Proyek BTS yang Dikorupsi Johnny Plate Mangkrak,https://news.detik.com/berita/d-6727210/mahfud-md-sebut-proyek-bts-yang-dikorupsi-johnny-plate-mangkrak,"
Kamis, 18 Mei  2023 21:01 WIB "
Cerita Mahfud soal Kehati-hatian Jaksa Tetapkan Johnny Plate Tersangka,https://news.detik.com/berita/d-6727192/cerita-mahfud-soal-kehati-hatian-jaksa-tetapkan-johnny-plate-tersangka,"
Kamis, 18 Mei  2023 20:42 WIB "
Anies soal Johnny Plate Jadi Tersangka: Semangat Koalisi Makin Besar,https://news.detik.com/pemilu/d-6727007/anies-soal-johnny-plate-jadi-tersangka-semangat-koalisi-makin-besar,"
Kamis, 18 Mei  2023 18:29 WIB "
Mahfud Ungkap Penetapan Plate Jadi Tersangka Agak Tertunda: Jaksa Hati-hati,https://news.detik.com/berita/d-6726750/mahfud-ungkap-penetapan-plate-jadi-tersangka-agak-tertunda-jaksa-hati-hati,"
Kamis, 18 Mei  2023 15:41 WIB "
Siapa Pengganti Menkominfo Johnny G Plate? Ini Jawaban Terkini Setneg,https://news.detik.com/berita/d-6726469/siapa-pengganti-menkominfo-johnny-g-plate-ini-jawaban-terkini-setneg,"
Kamis, 18 Mei  2023 11:57 WIB "
Anies Usai Bertemu Paloh: Kita Makin Yakin Keadilan Harus Ditegakkan,https://news.detik.com/pemilu/d-6726440/anies-usai-bertemu-paloh-kita-makin-yakin-keadilan-harus-ditegakkan,"
Kamis, 18 Mei  2023 11:43 WIB "
"Johnny Plate Jadi Tersangka, PKS Tegaskan Koalisi Pro Anies Tetap Solid",https://news.detik.com/pemilu/d-6726347/johnny-plate-jadi-tersangka-pks-tegaskan-koalisi-pro-anies-tetap-solid,"
Kamis, 18 Mei  2023 10:45 WIB "
Waketum Partai Garuda Heran Ada Isu Intervensi Kasus Johnny Plate,https://news.detik.com/berita/d-6726332/waketum-partai-garuda-heran-ada-isu-intervensi-kasus-johnny-plate,"
Kamis, 18 Mei  2023 10:32 WIB "
Surya Paloh Tegaskan NasDem Tak Pecat Johnny Plate Usai Jadi Tersangka,https://news.detik.com/pemilu/d-6726236/surya-paloh-tegaskan-nasdem-tak-pecat-johnny-plate-usai-jadi-tersangka,"
Kamis, 18 Mei  2023 09:24 WIB "
Klaim Tak Ada Kaitan Politik di Balik Johnny Plate Tersangka,https://news.detik.com/pemilu/d-6726227/klaim-tak-ada-kaitan-politik-di-balik-johnny-plate-tersangka,"
Kamis, 18 Mei  2023 09:00 WIB "
Johnny Plate Sempat Lapor ke NasDem Sebelum Diperiksa dan Jadi Tersangka,https://news.detik.com/berita/d-6726220/johnny-plate-sempat-lapor-ke-nasdem-sebelum-diperiksa-dan-jadi-tersangka,"
Kamis, 18 Mei  2023 08:45 WIB "
8 Poin Pernyataan Surya Paloh Usai Johnny Plate Tersangka,https://news.detik.com/berita/d-6726217/8-poin-pernyataan-surya-paloh-usai-johnny-plate-tersangka,"
Kamis, 18 Mei  2023 08:41 WIB "
"Anies Temui Paloh Usai Johnny Plate Tersangka, NasDem Anggap Adab",https://news.detik.com/berita/d-6726210/anies-temui-paloh-usai-johnny-plate-tersangka-nasdem-anggap-adab,"
Kamis, 18 Mei  2023 08:32 WIB "
Paloh Bicara Intervensi hingga Hukum Alam Usai Johnny Plate Tersangka,https://news.detik.com/berita/d-6726200/paloh-bicara-intervensi-hingga-hukum-alam-usai-johnny-plate-tersangka,"
Kamis, 18 Mei  2023 08:21 WIB "
Legislator Harap Kejagung Periksa Semua Pihak terkait Kasus Johnny Plate,https://news.detik.com/berita/d-6726135/legislator-harap-kejagung-periksa-semua-pihak-terkait-kasus-johnny-plate,"
Kamis, 18 Mei  2023 07:04 WIB "
7 Fakta Johnny Plate Tersangka di Balik Baju Tahanan Merah Muda,https://news.detik.com/berita/d-6726132/7-fakta-johnny-plate-tersangka-di-balik-baju-tahanan-merah-muda,"
Kamis, 18 Mei  2023 06:45 WIB "
MAKI Minta Kejagung Juga Proses Hukum Adik Johnny Plate,https://news.detik.com/berita/d-6726129/maki-minta-kejagung-juga-proses-hukum-adik-johnny-plate,"
Kamis, 18 Mei  2023 06:31 WIB "
Mahfud Yakin Penetapan Tersangka Johnny Plate oleh Kejagung Sesuai Hukum,https://news.detik.com/berita/d-6726113/mahfud-yakin-penetapan-tersangka-johnny-plate-oleh-kejagung-sesuai-hukum,"
Kamis, 18 Mei  2023 05:00 WIB "
"Kejagung Tahan Johnny G Plate, Pakar: Hukum Berlaku Bagi Semua Jabatan",https://news.detik.com/berita/d-6726096/kejagung-tahan-johnny-g-plate-pakar-hukum-berlaku-bagi-semua-jabatan,"
Kamis, 18 Mei  2023 01:43 WIB "
Respons Anies soal Dugaan Penjegalan Capresnya Lewat Kasus Johnny,https://news.detik.com/pemilu/d-6726071/respons-anies-soal-dugaan-penjegalan-capresnya-lewat-kasus-johnny,"
Rabu, 17 Mei  2023 23:39 WIB "
Johnny Plate Jadi Tersangka Dinilai Tak Akan Pengaruhi Elektabilitas Anies,https://news.detik.com/pemilu/d-6726058/johnny-plate-jadi-tersangka-dinilai-tak-akan-pengaruhi-elektabilitas-anies,"
Rabu, 17 Mei  2023 23:28 WIB "
Anies Baswedan: Saya Bangga Punya Abang Seperti Surya Paloh,https://news.detik.com/pemilu/d-6726051/anies-baswedan-saya-bangga-punya-abang-seperti-surya-paloh,"
Rabu, 17 Mei  2023 23:05 WIB "
"Anies Usai Ngobrol Bareng Paloh: Jalan Terus, Tak Ada yang Berubah",https://news.detik.com/pemilu/d-6725974/anies-usai-ngobrol-bareng-paloh-jalan-terus-tak-ada-yang-berubah,"
Rabu, 17 Mei  2023 21:52 WIB "
"Demokrat soal Kasus Johnny Plate: Kami Pro-pemberantasan Korupsi, tapi...",https://news.detik.com/berita/d-6725906/demokrat-soal-kasus-johnny-plate-kami-pro-pemberantasan-korupsi-tapi,"
Rabu, 17 Mei  2023 20:59 WIB "
Anies Baswedan Merapat ke NasDem Tower,https://news.detik.com/pemilu/d-6725660/anies-baswedan-merapat-ke-nasdem-tower,"
Rabu, 17 Mei  2023 18:44 WIB "
"Menkominfo Johnny Jadi Tersangka, Gerindra Serahkan Reshuffle ke Jokowi",https://news.detik.com/pemilu/d-6725651/menkominfo-johnny-jadi-tersangka-gerindra-serahkan-reshuffle-ke-jokowi,"
Rabu, 17 Mei  2023 18:39 WIB "
"2 Sekjen NasDem Pernah Jadi Tersangka, Ini Kata Surya Paloh",https://news.detik.com/berita/d-6725618/2-sekjen-nasdem-pernah-jadi-tersangka-ini-kata-surya-paloh,"
Rabu, 17 Mei  2023 18:31 WIB "
"Berkali-kali Dialog, Surya Paloh Awalnya Pede Johnny Plate Tak Korupsi",https://news.detik.com/berita/d-6725557/berkali-kali-dialog-surya-paloh-awalnya-pede-johnny-plate-tak-korupsi,"
Rabu, 17 Mei  2023 17:59 WIB "
NasDem Konsultasi ke KPU soal Nasib Caleg Johnny Plate yang Jadi Tersangka,https://news.detik.com/pemilu/d-6725553/nasdem-konsultasi-ke-kpu-soal-nasib-caleg-johnny-plate-yang-jadi-tersangka,"
Rabu, 17 Mei  2023 17:56 WIB "
NasDem Beri Bantuan Hukum ke Johnny Plate yang Jadi Tersangka Korupsi,https://news.detik.com/berita/d-6725537/nasdem-beri-bantuan-hukum-ke-johnny-plate-yang-jadi-tersangka-korupsi,"
Rabu, 17 Mei  2023 17:53 WIB "
Paloh Yakin Kasus Johnny G Plate Berefek ke Elektabilitas NasDem-Anies,https://news.detik.com/pemilu/d-6725525/paloh-yakin-kasus-johnny-g-plate-berefek-ke-elektabilitas-nasdem-anies,"
Rabu, 17 Mei  2023 17:47 WIB "
Paloh Masih Positive Thinking Tak Ada Intervensi Kasus Plate: Nggak Tahu Besok,https://news.detik.com/berita/d-6725515/paloh-masih-positive-thinking-tak-ada-intervensi-kasus-plate-nggak-tahu-besok,"
Rabu, 17 Mei  2023 17:45 WIB "
Surya Paloh soal Johnny Plate Tersangka: Terlalu Mahal untuk Diborgol,https://news.detik.com/berita/d-6725512/surya-paloh-soal-johnny-plate-tersangka-terlalu-mahal-untuk-diborgol,"
Rabu, 17 Mei  2023 17:41 WIB "
Paloh Tantang Kejagung Periksa NasDem soal Dugaan Aliran Duit Johnny Plate,https://news.detik.com/berita/d-6725505/paloh-tantang-kejagung-periksa-nasdem-soal-dugaan-aliran-duit-johnny-plate,"
Rabu, 17 Mei  2023 17:36 WIB "
"Paloh soal Kasus Plate: Ada yang Bilang Intervensi Politik, Semoga Tak Benar",https://news.detik.com/berita/d-6725487/paloh-soal-kasus-plate-ada-yang-bilang-intervensi-politik-semoga-tak-benar,"
Rabu, 17 Mei  2023 17:34 WIB "
Paloh Bilang Hak Jokowi Reshuffle Menteri Usai Johnny Plate Tersangka,https://news.detik.com/pemilu/d-6725478/paloh-bilang-hak-jokowi-reshuffle-menteri-usai-johnny-plate-tersangka,"
Rabu, 17 Mei  2023 17:33 WIB "
"Johnny Plate Tersangka, Hermawi Taslim Ditunjuk Jadi Plt Sekjen NasDem",https://news.detik.com/pemilu/d-6725461/johnny-plate-tersangka-hermawi-taslim-ditunjuk-jadi-plt-sekjen-nasdem,"
Rabu, 17 Mei  2023 17:21 WIB "
"Johnny Plate Jadi Tersangka Kasus Korupsi, Surya Paloh Sedih dan Berduka",https://news.detik.com/berita/d-6725458/johnny-plate-jadi-tersangka-kasus-korupsi-surya-paloh-sedih-dan-berduka,"
Rabu, 17 Mei  2023 17:18 WIB "
"Johnny Plate Tersangka Korupsi BTS, Kominfo Siap Taati Proses Hukum",https://news.detik.com/berita/d-6725371/johnny-plate-tersangka-korupsi-bts-kominfo-siap-taati-proses-hukum,"
Rabu, 17 Mei  2023 16:34 WIB "
Kejagung Bawa 4 Boks Usai Geledah Rumah Dinas Menkominfo Johnny G Plate,https://news.detik.com/berita/d-6725298/kejagung-bawa-4-boks-usai-geledah-rumah-dinas-menkominfo-johnny-g-plate,"
Rabu, 17 Mei  2023 16:00 WIB "
"Johnny Plate Tersangka: Kasus, Ancaman Hukuman, Lokasi Penahanan",https://news.detik.com/berita/d-6725272/johnny-plate-tersangka-kasus-ancaman-hukuman-lokasi-penahanan,"
Rabu, 17 Mei  2023 15:53 WIB "
"Menkominfo Johnny G Plate Tersangka, PPP Singgung Reshuffle Kabinet",https://news.detik.com/berita/d-6725241/menkominfo-johnny-g-plate-tersangka-ppp-singgung-reshuffle-kabinet,"
Rabu, 17 Mei  2023 15:38 WIB "
KSP Tegaskan Penetapan Tersangka Johnny Plate Tak Terkait dengan Politik,https://news.detik.com/berita/d-6725234/ksp-tegaskan-penetapan-tersangka-johnny-plate-tak-terkait-dengan-politik,"
Rabu, 17 Mei  2023 15:34 WIB "
Jaksa Bawa 2 Boks Kontainer Usai Geledah Kantor Menkominfo Johnny Plate,https://news.detik.com/berita/d-6725233/jaksa-bawa-2-boks-kontainer-usai-geledah-kantor-menkominfo-johnny-plate,"
Rabu, 17 Mei  2023 15:34 WIB "
Tangan Terborgol Johnny Plate Saat Digiring Jaksa ke Mobil Tahanan,https://news.detik.com/berita/d-6725222/tangan-terborgol-johnny-plate-saat-digiring-jaksa-ke-mobil-tahanan,"
Rabu, 17 Mei  2023 15:28 WIB "
Momen Penggeledahan di Kantor Johnny Plate,https://news.detik.com/berita/d-6725193/momen-penggeledahan-di-kantor-johnny-plate,"
Rabu, 17 Mei  2023 15:18 WIB "
"MAKI Apresiasi Kejagung Tahan Johnny G Plate, Dorong Cepat Tuntaskan Perkara",https://news.detik.com/berita/d-6725172/maki-apresiasi-kejagung-tahan-johnny-g-plate-dorong-cepat-tuntaskan-perkara,"
Rabu, 17 Mei  2023 15:08 WIB "
Status Johnny Plate Berubah dari Saksi Jadi Tersangka dalam Hitungan Jam,https://news.detik.com/berita/d-6725138/status-johnny-plate-berubah-dari-saksi-jadi-tersangka-dalam-hitungan-jam,"
Rabu, 17 Mei  2023 14:55 WIB "
"Digeledah, Begini Suasana di Rumah Dinas Menkominfo Johnny G Plate",https://news.detik.com/berita/d-6725123/digeledah-begini-suasana-di-rumah-dinas-menkominfo-johnny-g-plate,"
Rabu, 17 Mei  2023 14:51 WIB "
PDIP Prihatin Johnny Plate Tersangka: Jangan Berpikir Ada Kaitan Politik,https://news.detik.com/pemilu/d-6725114/pdip-prihatin-johnny-plate-tersangka-jangan-berpikir-ada-kaitan-politik,"
Rabu, 17 Mei  2023 14:46 WIB "
Kejagung Tegaskan Tak Ada Unsur Politik Saat Jerat Johnny Plate Tersangka,https://news.detik.com/berita/d-6725109/kejagung-tegaskan-tak-ada-unsur-politik-saat-jerat-johnny-plate-tersangka,"
Rabu, 17 Mei  2023 14:43 WIB "
KPU soal Nasib Pencalegan Johnny Plate: Partai Bisa Lakukan Pergantian,https://news.detik.com/pemilu/d-6725100/kpu-soal-nasib-pencalegan-johnny-plate-partai-bisa-lakukan-pergantian,"
Rabu, 17 Mei  2023 14:37 WIB "
"Johnny Plate Ditahan Kejagung, Menkominfo Bakal Dijabat Plt",https://news.detik.com/berita/d-6725097/johnny-plate-ditahan-kejagung-menkominfo-bakal-dijabat-plt,"
Rabu, 17 Mei  2023 14:37 WIB "
Alur Lengkap dan Peran Johnny G Plate di Kasus Korupsi Rp 8 Triliun,https://news.detik.com/berita/d-6725094/alur-lengkap-dan-peran-johnny-g-plate-di-kasus-korupsi-rp-8-triliun,"
Rabu, 17 Mei  2023 14:37 WIB "
"Termasuk Menkominfo, Ini Daftar 6 Tersangka Korupsi Proyek BTS Kominfo",https://news.detik.com/berita/d-6725070/termasuk-menkominfo-ini-daftar-6-tersangka-korupsi-proyek-bts-kominfo,"
Rabu, 17 Mei  2023 14:25 WIB "
Daftar Sitaan Kasus BTS yang Bikin Menkominfo Tersangka: BMW X5-Motor Ducati,https://news.detik.com/berita/d-6725033/daftar-sitaan-kasus-bts-yang-bikin-menkominfo-tersangka-bmw-x5-motor-ducati,"
Rabu, 17 Mei  2023 14:08 WIB "
Surya Paloh Kumpulkan Elite NasDem Usai Johnny G Plate Jadi Tersangka,https://news.detik.com/pemilu/d-6725021/surya-paloh-kumpulkan-elite-nasdem-usai-johnny-g-plate-jadi-tersangka,"
Rabu, 17 Mei  2023 14:08 WIB "
"Menkominfo Johnny Plate Tersangka, Kantor Kominfo Digeledah Kejagung",https://news.detik.com/berita/d-6724995/menkominfo-johnny-plate-tersangka-kantor-kominfo-digeledah-kejagung,"
Rabu, 17 Mei  2023 13:58 WIB "
"Menkominfo Johnny G Plate Tersangka, NasDem Legowo Di-reshuffle",https://news.detik.com/pemilu/d-6724982/menkominfo-johnny-g-plate-tersangka-nasdem-legowo-di-reshuffle,"
Rabu, 17 Mei  2023 13:51 WIB "
Penjelasan Lengkap Kejagung soal Menkominfo Johnny Plate Tersangka,https://news.detik.com/berita/d-6724971/penjelasan-lengkap-kejagung-soal-menkominfo-johnny-plate-tersangka,"
Rabu, 17 Mei  2023 13:44 WIB "
"Menkominfo Johnny Plate Tersangka, PAN Dorong Jokowi Reshuffle Kabinet",https://news.detik.com/berita/d-6724912/menkominfo-johnny-plate-tersangka-pan-dorong-jokowi-reshuffle-kabinet,"
Rabu, 17 Mei  2023 13:22 WIB "
"Johnny Plate Tersangka, Pengurus NasDem ke DPP Tunggu Arahan Surya Paloh",https://news.detik.com/berita/d-6724884/johnny-plate-tersangka-pengurus-nasdem-ke-dpp-tunggu-arahan-surya-paloh,"
Rabu, 17 Mei  2023 13:12 WIB "
Menkominfo Johnny Plate Dijerat Jadi Tersangka Usai 3 Kali Diperiksa Kejagung,https://news.detik.com/berita/d-6724855/menkominfo-johnny-plate-dijerat-jadi-tersangka-usai-3-kali-diperiksa-kejagung,"
Rabu, 17 Mei  2023 12:59 WIB "
"Menkominfo Tersangka, Ini Proyek BTS Kominfo yang Rugikan Negara Rp 8 T",https://news.detik.com/berita/d-6724837/menkominfo-tersangka-ini-proyek-bts-kominfo-yang-rugikan-negara-rp-8-t,"
Rabu, 17 Mei  2023 12:56 WIB "
"Menkominfo Johnny Plate Tersangka, Terancam Hukuman Penjara Seumur Hidup",https://news.detik.com/berita/d-6724832/menkominfo-johnny-plate-tersangka-terancam-hukuman-penjara-seumur-hidup,"
Rabu, 17 Mei  2023 12:49 WIB "
Profil Menkominfo Johnny G Plate Tersangka Kasus Korupsi BTS,https://news.detik.com/berita/d-6724827/profil-menkominfo-johnny-g-plate-tersangka-kasus-korupsi-bts,"
Rabu, 17 Mei  2023 12:47 WIB "
"Kasus BTS Kominfo Rugikan Negara Rp 8 T, Johnny G Plate Nikmati Berapa?",https://news.detik.com/berita/d-6724765/kasus-bts-kominfo-rugikan-negara-rp-8-t-johnny-g-plate-nikmati-berapa,"
Rabu, 17 Mei  2023 12:33 WIB "
Menkominfo Johnny G Plate Bungkam Ketika Ditahan Kejagung,https://news.detik.com/berita/d-6724750/menkominfo-johnny-g-plate-bungkam-ketika-ditahan-kejagung,"
Rabu, 17 Mei  2023 12:30 WIB "
Ini Peran Johnny G Plate yang Jadi Tersangka Korupsi BTS Kominfo Rp 8 T,https://news.detik.com/berita/d-6724748/ini-peran-johnny-g-plate-yang-jadi-tersangka-korupsi-bts-kominfo-rp-8-t,"
Rabu, 17 Mei  2023 12:29 WIB "
Kejagung Geledah Rumah Dinas Johnny G Plate dan Kantor Kominfo,https://news.detik.com/berita/d-6724741/kejagung-geledah-rumah-dinas-johnny-g-plate-dan-kantor-kominfo,"
Rabu, 17 Mei  2023 12:27 WIB "
"Menkominfo Johnny Plate Tersangka, Ditahan 20 Hari Pertama di Rutan Kejagung",https://news.detik.com/berita/d-6724736/menkominfo-johnny-plate-tersangka-ditahan-20-hari-pertama-di-rutan-kejagung,"
Rabu, 17 Mei  2023 12:24 WIB "
Jejak Korupsi BTS Kominfo Rp 8 Triliun hingga Johnny Plate Jadi Tersangka,https://news.detik.com/berita/d-6724735/jejak-korupsi-bts-kominfo-rp-8-triliun-hingga-johnny-plate-jadi-tersangka,"
Rabu, 17 Mei  2023 12:24 WIB "
Kejagung Pastikan Temukan Bukti Johnny G Plate Terlibat Korupsi BTS,https://news.detik.com/berita/d-6724733/kejagung-pastikan-temukan-bukti-johnny-g-plate-terlibat-korupsi-bts,"
Rabu, 17 Mei  2023 12:20 WIB "
"Ditahan Kejagung, Menkominfo Johnny Plate Punya Harta Rp 191 Miliar",https://news.detik.com/berita/d-6724729/ditahan-kejagung-menkominfo-johnny-plate-punya-harta-rp-191-miliar,"
Rabu, 17 Mei  2023 12:18 WIB "
Penampakan Menkominfo Johnny Plate Pakai Rompi Pink Tahanan Kejagung,https://news.detik.com/berita/d-6724716/penampakan-menkominfo-johnny-plate-pakai-rompi-pink-tahanan-kejagung,"
Rabu, 17 Mei  2023 12:12 WIB "
"Jaksa Geledah Mobil Johnny Plate di Kejagung, Cek HP hingga Amplop",https://news.detik.com/berita/d-6724710/jaksa-geledah-mobil-johnny-plate-di-kejagung-cek-hp-hingga-amplop,"
Rabu, 17 Mei  2023 12:09 WIB "
Menkominfo Johnny G Plate Jadi Tersangka dan Ditahan di Kasus BTS Rp 8 T!,https://news.detik.com/berita/d-6724709/menkominfo-johnny-g-plate-jadi-tersangka-dan-ditahan-di-kasus-bts-rp-8-t,"
Rabu, 17 Mei  2023 12:08 WIB "
Mobil Menkominfo Johnny Plate di Kejagung Digeledah!,https://news.detik.com/berita/d-6724683/mobil-menkominfo-johnny-plate-di-kejagung-digeledah,"
Rabu, 17 Mei  2023 11:51 WIB "
"Menkominfo Johnny Plate Diperiksa, Mobil Tahanan Disiagakan di Kejagung",https://news.detik.com/berita/d-6724670/menkominfo-johnny-plate-diperiksa-mobil-tahanan-disiagakan-di-kejagung,"
Rabu, 17 Mei  2023 11:41 WIB "
Ketiga Kalinya Johnny G Plate Diperiksa Kejagung di Kasus BTS Kominfo,https://news.detik.com/berita/d-6724640/ketiga-kalinya-johnny-g-plate-diperiksa-kejagung-di-kasus-bts-kominfo,"
Rabu, 17 Mei  2023 11:26 WIB "
"Menkominfo Diperiksa, Kejagung Bicara Potensi Tersangka Baru Korupsi BTS",https://news.detik.com/berita/d-6724634/menkominfo-diperiksa-kejagung-bicara-potensi-tersangka-baru-korupsi-bts,"
Rabu, 17 Mei  2023 11:24 WIB "
"Menkominfo Tiba di Kejagung, Diperiksa soal Kerugian Negara Rp 8 T Kasus BTS",https://news.detik.com/berita/d-6724509/menkominfo-tiba-di-kejagung-diperiksa-soal-kerugian-negara-rp-8-t-kasus-bts,"
Rabu, 17 Mei  2023 10:23 WIB "
Menkominfo Johnny G Plate Dipanggil Kejagung Lagi di Kasus BTS Kominfo,https://news.detik.com/berita/d-6724362/menkominfo-johnny-g-plate-dipanggil-kejagung-lagi-di-kasus-bts-kominfo,"
Rabu, 17 Mei  2023 08:36 WIB "
"Kasus BTS Kominfo Rugikan Negara Rp 8 T, MAKI: Proyek Ugal-ugalan!",https://news.detik.com/berita/d-6722513/kasus-bts-kominfo-rugikan-negara-rp-8-t-maki-proyek-ugal-ugalan,"
Selasa, 16 Mei  2023 08:10 WIB "
Babak Baru Kasus BTS Kominfo Bikin Rugi Negara Rp 8 Triliun,https://news.detik.com/berita/d-6722224/babak-baru-kasus-bts-kominfo-bikin-rugi-negara-rp-8-triliun,"
Senin, 15 Mei  2023 20:38 WIB "
Kejagung Dalami Peran Adik Menkominfo di Kasus Korupsi BTS Kominfo,https://news.detik.com/berita/d-6722198/kejagung-dalami-peran-adik-menkominfo-di-kasus-korupsi-bts-kominfo,"
Senin, 15 Mei  2023 20:20 WIB "
Kata Jaksa Agung soal Potensi Tersangka Baru Korupsi Rp 8 T BTS Kominfo,https://news.detik.com/berita/d-6721256/kata-jaksa-agung-soal-potensi-tersangka-baru-korupsi-rp-8-t-bts-kominfo,"
Senin, 15 Mei  2023 14:07 WIB "
"Kasus Korupsi BTS Kominfo Rp 8 Triliun, 5 Tersangka Segera Diadili",https://news.detik.com/berita/d-6721165/kasus-korupsi-bts-kominfo-rp-8-triliun-5-tersangka-segera-diadili,"
Senin, 15 Mei  2023 13:28 WIB "
"BPKP: Kerugian Keuangan Negara Kasus BTS Kominfo Rp 8,03 Triliun!",https://news.detik.com/berita/d-6721074/bpkp-kerugian-keuangan-negara-kasus-bts-kominfo-rp-8-03-triliun,"
Senin, 15 Mei  2023 12:49 WIB "
"Survei Capres LSI: Pemilih Jokowi-Ma'ruf 39,3% Pilih Ganjar Pranowo",https://news.detik.com/pemilu/d-6663863/survei-capres-lsi-pemilih-jokowi-maruf-39-3-pilih-ganjar-pranowo,"
Minggu, 09 Apr 2023 19:18 WIB "
Kejagung: Total 25 Orang Dicegah ke Luar Negeri Terkait Korupsi BTS Kominfo,https://news.detik.com/berita/d-6646184/kejagung-total-25-orang-dicegah-ke-luar-negeri-terkait-korupsi-bts-kominfo,"
Kamis, 30 Mar 2023 12:51 WIB "
Kejagung Apresiasi Survei Indikator soal Tingkat Kepercayaan Publik,https://news.detik.com/berita/d-6639165/kejagung-apresiasi-survei-indikator-soal-tingkat-kepercayaan-publik,"
Minggu, 26 Mar 2023 19:24 WIB "
Alasan Adik Johnny Plate Balikin Ratusan Juta ke Jaksa Usai Ketahuan,https://news.detik.com/berita/d-6623630/alasan-adik-johnny-plate-balikin-ratusan-juta-ke-jaksa-usai-ketahuan,"
Jumat, 17 Mar 2023 06:14 WIB "
Kejagung Ungkap Alasan Adik Johnny G Plate Kembalikan Uang Rp 534 Juta,https://news.detik.com/berita/d-6621679/kejagung-ungkap-alasan-adik-johnny-g-plate-kembalikan-uang-rp-534-juta,"
Kamis, 16 Mar 2023 08:42 WIB "
Nasib Johnny Plate di Tangan Jaksa Usai Gelar Perkara,https://news.detik.com/berita/d-6621619/nasib-johnny-plate-di-tangan-jaksa-usai-gelar-perkara,"
Kamis, 16 Mar 2023 07:58 WIB "
Adik Johnny Plate di Kominfo Bukan Siapa-siapa tapi Dapat Ratusan Juta,https://news.detik.com/berita/d-6621568/adik-johnny-plate-di-kominfo-bukan-siapa-siapa-tapi-dapat-ratusan-juta,"
Kamis, 16 Mar 2023 06:55 WIB "
Kejagung Bakal Kembali Periksa Adik Johnny Plate Terkait Dugaan Korupsi BTS,https://news.detik.com/berita/d-6621205/kejagung-bakal-kembali-periksa-adik-johnny-plate-terkait-dugaan-korupsi-bts,"
Rabu, 15 Mar 2023 19:36 WIB "
Tentang Bakti Kominfo yang Duitnya Mengalir ke Adik Johnny Plate,https://news.detik.com/berita/d-6620921/tentang-bakti-kominfo-yang-duitnya-mengalir-ke-adik-johnny-plate,"
Rabu, 15 Mar 2023 17:48 WIB "
"Johnny Plate Diperiksa Kejagung Lagi, Ma'ruf: Kalau Dia Clean, Tak Jadi Soal",https://news.detik.com/berita/d-6620892/johnny-plate-diperiksa-kejagung-lagi-maruf-kalau-dia-clean-tak-jadi-soal,"
Rabu, 15 Mar 2023 17:40 WIB "
"Selain Menkominfo, Kejagung Juga Periksa 6 Saksi Kasus Korupsi BTS Hari Ini",https://news.detik.com/berita/d-6620845/selain-menkominfo-kejagung-juga-periksa-6-saksi-kasus-korupsi-bts-hari-ini,"
Rabu, 15 Mar 2023 17:25 WIB "
Kejagung Cek Proyek BTS Kominfo di Daerah: Hasil Tak Sesuai Laporan Resmi,https://news.detik.com/berita/d-6620554/kejagung-cek-proyek-bts-kominfo-di-daerah-hasil-tak-sesuai-laporan-resmi,"
Rabu, 15 Mar 2023 15:56 WIB "
Terungkap Duit yang Dibalikin Adik Johnny Plate dari Bakti Kominfo,https://news.detik.com/berita/d-6620542/terungkap-duit-yang-dibalikin-adik-johnny-plate-dari-bakti-kominfo,"
Rabu, 15 Mar 2023 15:52 WIB "
"6 Jam di Kejagung, Johnny Plate Jawab 26 Pertanyaan soal Korupsi BTS",https://news.detik.com/berita/d-6620507/6-jam-di-kejagung-johnny-plate-jawab-26-pertanyaan-soal-korupsi-bts,"
Rabu, 15 Mar 2023 15:44 WIB "
Posisi Johnny Plate Segera Ditentukan Kejagung Lewat Gelar Perkara,https://news.detik.com/berita/d-6620491/posisi-johnny-plate-segera-ditentukan-kejagung-lewat-gelar-perkara,"
Rabu, 15 Mar 2023 15:37 WIB "
Johnny G Plate Tinggalkan Kejagung Usai 6 Jam Diperiksa soal Korupsi BTS,https://news.detik.com/berita/d-6620458/johnny-g-plate-tinggalkan-kejagung-usai-6-jam-diperiksa-soal-korupsi-bts,"
Rabu, 15 Mar 2023 15:21 WIB "
Kejagung: Adik Johhny G Plate Sukarela Kembalikan Rp 534 Juta,https://news.detik.com/berita/d-6620017/kejagung-adik-johhny-g-plate-sukarela-kembalikan-rp-534-juta,"
Rabu, 15 Mar 2023 12:23 WIB "
Kejagung Heran Adik Johnny Plate Bukan Pejabat Kominfo tapi Terima Duit,https://news.detik.com/berita/d-6619941/kejagung-heran-adik-johnny-plate-bukan-pejabat-kominfo-tapi-terima-duit,"
Rabu, 15 Mar 2023 11:43 WIB "
"Johnny Plate Kembali Diperiksa Kejagung, Jokowi Hormati Proses Hukum",https://news.detik.com/berita/d-6619792/johnny-plate-kembali-diperiksa-kejagung-jokowi-hormati-proses-hukum,"
Rabu, 15 Mar 2023 10:49 WIB "
Johnny G Plate Penuhi Panggilan Kejagung Jadi Saksi Kasus Korupsi BTS,https://news.detik.com/berita/d-6619577/johnny-g-plate-penuhi-panggilan-kejagung-jadi-saksi-kasus-korupsi-bts,"
Rabu, 15 Mar 2023 08:59 WIB "
Kejagung Kembali Periksa Johnny G Plate Hari Ini,https://news.detik.com/berita/d-6619553/kejagung-kembali-periksa-johnny-g-plate-hari-ini,"
Rabu, 15 Mar 2023 08:41 WIB "
4 Hal Bakal Didalami Kejagung Saat Periksa Johnny G Plate Besok,https://news.detik.com/berita/d-6617628/4-hal-bakal-didalami-kejagung-saat-periksa-johnny-g-plate-besok,"
Selasa, 14 Mar 2023 10:05 WIB "
Babak Baru Plate Bersaudara di Kejaksaan,https://news.detik.com/berita/d-6617441/babak-baru-plate-bersaudara-di-kejaksaan,"
Selasa, 14 Mar 2023 06:36 WIB "
Kata Kejagung soal Pejabat Kadin Diperiksa di Kasus Korupsi BTS Kominfo,https://news.detik.com/berita/d-6617218/kata-kejagung-soal-pejabat-kadin-diperiksa-di-kasus-korupsi-bts-kominfo,"
Senin, 13 Mar 2023 20:51 WIB "
Kejagung Sita Mobil BMW hingga Rp 10 M Terkait Kasus Korupsi BTS,https://news.detik.com/berita/d-6617117/kejagung-sita-mobil-bmw-hingga-rp-10-m-terkait-kasus-korupsi-bts,"
Senin, 13 Mar 2023 19:40 WIB "
Kejagung Telusuri Jejak Pencucian Uang Terkait Kasus Korupsi BTS Kominfo,https://news.detik.com/berita/d-6617011/kejagung-telusuri-jejak-pencucian-uang-terkait-kasus-korupsi-bts-kominfo,"
Senin, 13 Mar 2023 19:06 WIB "
Gregorius Adik Johnny Plate Balikin Rp 534 Juta Terkait Kasus Korupsi BTS,https://news.detik.com/berita/d-6616406/gregorius-adik-johnny-plate-balikin-rp-534-juta-terkait-kasus-korupsi-bts,"
Senin, 13 Mar 2023 15:48 WIB "
"Johnny G Plate Dipanggil Kejagung Rabu 15 Maret, Ini yang Ditelusuri",https://news.detik.com/berita/d-6616277/johnny-g-plate-dipanggil-kejagung-rabu-15-maret-ini-yang-ditelusuri,"
Senin, 13 Mar 2023 14:57 WIB "
Kejagung Periksa Johnny G Plate Lagi Terkait Kasus BTS 4G Pekan Depan,https://news.detik.com/berita/d-6610750/kejagung-periksa-johnny-g-plate-lagi-terkait-kasus-bts-4g-pekan-depan,"
Jumat, 10 Mar 2023 08:13 WIB "
Kejagung Gandeng PPATK Telusuri Aliran Dana Kasus Korupsi BTS 4G,https://news.detik.com/berita/d-6569087/kejagung-gandeng-ppatk-telusuri-aliran-dana-kasus-korupsi-bts-4g,"
Selasa, 14 Feb 2023 20:04 WIB "
Kejagung Telusuri Peran Johnny Plate Terkait Penggunaan Anggaran BTS 4G,https://news.detik.com/berita/d-6569034/kejagung-telusuri-peran-johnny-plate-terkait-penggunaan-anggaran-bts-4g,"
Selasa, 14 Feb 2023 19:36 WIB "
"Johnny G Plate Tuntas Diperiksa Kejagung, Begini Kasus yang Melatarinya",https://news.detik.com/berita/d-6569002/johnny-g-plate-tuntas-diperiksa-kejagung-begini-kasus-yang-melatarinya,"
Selasa, 14 Feb 2023 19:14 WIB "
"Gregorius Adik Jhonny G Plate Juga Diperiksa Kejagung, Perannya Ditelusuri",https://news.detik.com/berita/d-6568930/gregorius-adik-jhonny-g-plate-juga-diperiksa-kejagung-perannya-ditelusuri,"
Selasa, 14 Feb 2023 18:37 WIB "
Menkominfo Johnny Plate Siap Diperiksa Lagi Jika Dipanggil Kejagung,https://news.detik.com/berita/d-6568889/menkominfo-johnny-plate-siap-diperiksa-lagi-jika-dipanggil-kejagung,"
Selasa, 14 Feb 2023 18:22 WIB "
Johnny G Plate Selesai Diperiksa Kejagung Selama 9 Jam di Kasus BTS 4G,https://news.detik.com/berita/d-6568872/johnny-g-plate-selesai-diperiksa-kejagung-selama-9-jam-di-kasus-bts-4g,"
Selasa, 14 Feb 2023 18:17 WIB "
Alasan Kejagung Periksa Johnny G Plate: Perkuat Bukti Kasus Bakti Kominfo,https://news.detik.com/berita/d-6568633/alasan-kejagung-periksa-johnny-g-plate-perkuat-bukti-kasus-bakti-kominfo,"
Selasa, 14 Feb 2023 17:07 WIB "
"5 Jam Berlalu, Johnny G Plate Masih Diperiksa Kejagung",https://news.detik.com/berita/d-6568317/5-jam-berlalu-johnny-g-plate-masih-diperiksa-kejagung,"
Selasa, 14 Feb 2023 15:00 WIB "
"Gregorius Alex Plate Sudah Diperiksa Kejagung, Apa yang Digali?",https://news.detik.com/berita/d-6567808/gregorius-alex-plate-sudah-diperiksa-kejagung-apa-yang-digali,"
Selasa, 14 Feb 2023 11:43 WIB "
Johnny G Plate Penuhi Panggilan Kejagung Jadi Saksi Kasus Korupsi BTS,https://news.detik.com/berita/d-6567515/johnny-g-plate-penuhi-panggilan-kejagung-jadi-saksi-kasus-korupsi-bts,"
Selasa, 14 Feb 2023 09:11 WIB "
Kejagung Panggil Menkominfo Johnny Plate terkait Kasus Korupsi BTS Hari Ini,https://news.detik.com/berita/d-6567423/kejagung-panggil-menkominfo-johnny-plate-terkait-kasus-korupsi-bts-hari-ini,"
Selasa, 14 Feb 2023 07:32 WIB "
Sekretaris Dirut BAKTI Kominfo Diperiksa Kejagung Terkait Kasus Korupsi BTS,https://news.detik.com/berita/d-6566651/sekretaris-dirut-bakti-kominfo-diperiksa-kejagung-terkait-kasus-korupsi-bts,"
Senin, 13 Feb 2023 17:16 WIB "
"Tersangka Kasus Korupsi BTS Kominfo Buka Suara, Bantah Terima Suap",https://news.detik.com/berita/d-6562504/tersangka-kasus-korupsi-bts-kominfo-buka-suara-bantah-terima-suap,"
Jumat, 10 Feb 2023 18:01 WIB "
Jokowi soal Johnny Plate Dipanggil Kejagung: Harus Hormati Proses Hukum,https://news.detik.com/berita/d-6559709/jokowi-soal-johnny-plate-dipanggil-kejagung-harus-hormati-proses-hukum,"
Kamis, 09 Feb 2023 11:50 WIB "
Kejagung Sebut Johnny Plate Batal Diperiksa karena Dampingi Jokowi di Medan,https://news.detik.com/berita/d-6559674/kejagung-sebut-johnny-plate-batal-diperiksa-karena-dampingi-jokowi-di-medan,"
Kamis, 09 Feb 2023 11:30 WIB "
"Johnny Plate Batal Diperiksa Kejagung, Dijadwalkan Ulang 14 Februari",https://news.detik.com/berita/d-6559464/johnny-plate-batal-diperiksa-kejagung-dijadwalkan-ulang-14-februari,"
Kamis, 09 Feb 2023 09:55 WIB "
Bagi NasDem Tiada Politisasi Saat Menterinya Dipanggil di Kasus Korupsi,https://news.detik.com/berita/d-6559358/bagi-nasdem-tiada-politisasi-saat-menterinya-dipanggil-di-kasus-korupsi,"
Kamis, 09 Feb 2023 08:40 WIB "
Menkominfo Johnny Plate Dipanggil Kejagung soal Kasus Korupsi BTS Pagi Ini,https://news.detik.com/berita/d-6559293/menkominfo-johnny-plate-dipanggil-kejagung-soal-kasus-korupsi-bts-pagi-ini,"
Kamis, 09 Feb 2023 07:35 WIB "
NasDem Tak Anggap Politis soal Pemanggilan Johnny Plate Terkait Korupsi BTS,https://news.detik.com/berita/d-6558612/nasdem-tak-anggap-politis-soal-pemanggilan-johnny-plate-terkait-korupsi-bts,"
Rabu, 08 Feb 2023 17:15 WIB "
Staf Ahli Kominfo Diperiksa Jadi Saksi Terkait Kasus Korupsi BTS,https://news.detik.com/berita/d-6558419/staf-ahli-kominfo-diperiksa-jadi-saksi-terkait-kasus-korupsi-bts,"
Rabu, 08 Feb 2023 16:12 WIB "
Ini yang Bikin Johnny G Plate Dipanggil Kejagung Besok,https://news.detik.com/berita/d-6557877/ini-yang-bikin-johnny-g-plate-dipanggil-kejagung-besok,"
Rabu, 08 Feb 2023 12:38 WIB "
Respons Johnny G Plate soal Dipanggil Kejagung Terkait Korupsi BTS Besok,https://news.detik.com/berita/d-6557858/respons-johnny-g-plate-soal-dipanggil-kejagung-terkait-korupsi-bts-besok,"
Rabu, 08 Feb 2023 12:23 WIB "
Kejagung Panggil Menkominfo Johnny Plate Terkait Kasus Korupsi BTS Besok,https://news.detik.com/berita/d-6557633/kejagung-panggil-menkominfo-johnny-plate-terkait-kasus-korupsi-bts-besok,"
Rabu, 08 Feb 2023 10:53 WIB "
Jaksa Agung soal Panggil Menkominfo di Kasus BTS: Tunggu Saja Waktunya,https://news.detik.com/berita/d-6556660/jaksa-agung-soal-panggil-menkominfo-di-kasus-bts-tunggu-saja-waktunya,"
Selasa, 07 Feb 2023 17:42 WIB "
"Kasus Korupsi BTS Kominfo, Kejagung Tetapkan 1 Tersangka Baru",https://news.detik.com/berita/d-6555751/kasus-korupsi-bts-kominfo-kejagung-tetapkan-1-tersangka-baru,"
Selasa, 07 Feb 2023 12:02 WIB "
Dirjen Anggaran Kemenkeu Diperiksa Terkait Kasus Korupsi BTS 4G Kominfo,https://news.detik.com/berita/d-6554368/dirjen-anggaran-kemenkeu-diperiksa-terkait-kasus-korupsi-bts-4g-kominfo,"
Senin, 06 Feb 2023 16:26 WIB "
Kejagung Buka Peluang Tersangka Baru di Kasus Korupsi BTS Kominfo,https://news.detik.com/berita/d-6544206/kejagung-buka-peluang-tersangka-baru-di-kasus-korupsi-bts-kominfo,"
Selasa, 31 Jan 2023 17:15 WIB "
Dirjen di Kominfo Diperiksa Kejagung Terkait Kasus BTS 4G,https://news.detik.com/berita/d-6535919/dirjen-di-kominfo-diperiksa-kejagung-terkait-kasus-bts-4g,"
Kamis, 26 Jan 2023 16:33 WIB "
Kejagung Periksa Staf Ahli Menkominfo di Kasus Korupsi BTS,https://news.detik.com/berita/d-6534486/kejagung-periksa-staf-ahli-menkominfo-di-kasus-korupsi-bts,"
Rabu, 25 Jan 2023 20:36 WIB "
Kejagung Ungkap Peran Tersangka Baru Kasus Korupsi BTS Kominfo,https://news.detik.com/berita/d-6532856/kejagung-ungkap-peran-tersangka-baru-kasus-korupsi-bts-kominfo,"
Rabu, 25 Jan 2023 08:32 WIB "
Kejagung Tetapkan 1 Tersangka Baru Kasus Korupsi BTS Kominfo,https://news.detik.com/berita/d-6532720/kejagung-tetapkan-1-tersangka-baru-kasus-korupsi-bts-kominfo,"
Rabu, 25 Jan 2023 01:35 WIB "
Dirut BAKTI Kominfo dan 22 Orang Lainnya Dicegah ke Luar Negeri,https://news.detik.com/berita/d-6521350/dirut-bakti-kominfo-dan-22-orang-lainnya-dicegah-ke-luar-negeri,"
Rabu, 18 Jan 2023 10:06 WIB "
Sekjen Kominfo Diperiksa Kejagung di Kasus TPPU BTS!,https://news.detik.com/berita/d-6520583/sekjen-kominfo-diperiksa-kejagung-di-kasus-tppu-bts,"
Selasa, 17 Jan 2023 17:45 WIB "
3 Fakta Tersangka Korupsi BTS Bakti Kominfo beserta Perannya,https://news.detik.com/berita/d-6500440/3-fakta-tersangka-korupsi-bts-bakti-kominfo-beserta-perannya,"
Kamis, 05 Jan 2023 18:09 WIB "
Kejagung Ungkap Peran Dirut Bakti Kominfo Tersangka Korupsi BTS,https://news.detik.com/berita/d-6498974/kejagung-ungkap-peran-dirut-bakti-kominfo-tersangka-korupsi-bts,"
Rabu, 04 Jan 2023 21:55 WIB "
Kejagung Tetapkan Dirut Bakti Kominfo Jadi Tersangka Kasus Korupsi BTS,https://news.detik.com/berita/d-6498924/kejagung-tetapkan-dirut-bakti-kominfo-jadi-tersangka-kasus-korupsi-bts,"
Rabu, 04 Jan 2023 20:49 WIB "
