title,url,date
Timnas AMIN Sangat Puas dengan Penampilan Anies di Debat Perdana,https://news.detik.com/pemilu/d-7086677/timnas-amin-sangat-puas-dengan-penampilan-anies-di-debat-perdana,"
Rabu, 13 Des 2023 03:56 WIB "
Tanya Jawab Anies dan Ganjar Soal Kasus KM 50 & Kanjuruhan,https://news.detik.com/pemilu/d-7086584/tanya-jawab-anies-dan-ganjar-soal-kasus-km-50-kanjuruhan,"
Selasa, 12 Des 2023 22:56 WIB "
"Sanjung Prabowo, Novel Bamukmin Tunggu Ijtimak Ulama soal Dukungan",https://news.detik.com/berita/d-6762416/sanjung-prabowo-novel-bamukmin-tunggu-ijtimak-ulama-soal-dukungan,"
Kamis, 08 Jun 2023 17:52 WIB "
"Pelintasan Liar di Jatinegara Ditutup, Warga Minta Dibangun JPO",https://news.detik.com/berita/d-6723314/pelintasan-liar-di-jatinegara-ditutup-warga-minta-dibangun-jpo,"
Selasa, 16 Mei  2023 15:22 WIB "
Beda Versi Ira Riswana-Keluarga Korban Soal Kecelakaan Mercy,https://news.detik.com/berita/d-6714507/beda-versi-ira-riswana-keluarga-korban-soal-kecelakaan-mercy,"
Kamis, 11 Mei  2023 08:03 WIB "
Beda Pendapat Pihak Ira Riswana-Korban Kecelakaan saat CCTV Diputar,https://news.detik.com/berita/d-6712685/beda-pendapat-pihak-ira-riswana-korban-kecelakaan-saat-cctv-diputar,"
Rabu, 10 Mei  2023 09:34 WIB "
Ibunda Harap Keadilan bagi Korban Tewas Kecelakaan Anak Ira Riswana,https://news.detik.com/berita/d-6712371/ibunda-harap-keadilan-bagi-korban-tewas-kecelakaan-anak-ira-riswana,"
Selasa, 09 Mei  2023 22:06 WIB "
Pengacara Klaim Kecepatan Mobil Anak Ira Riswana di Bawah 50 Km/Jam,https://news.detik.com/berita/d-6712232/pengacara-klaim-kecepatan-mobil-anak-ira-riswana-di-bawah-50-km-jam,"
Selasa, 09 Mei  2023 20:01 WIB "
5 Fakta Terkini Remaja Pemotor R25 Tabrak Vito Raditya hingga Tewas,https://news.detik.com/berita/d-6638334/5-fakta-terkini-remaja-pemotor-r25-tabrak-vito-raditya-hingga-tewas,"
Minggu, 26 Mar 2023 09:11 WIB "
Partai Garuda Sebut Penyebar Hoax Kasus KM 50 Harus Ditindak,https://news.detik.com/berita/d-6590764/partai-garuda-sebut-penyebar-hoax-kasus-km-50-harus-ditindak,"
Senin, 27 Feb 2023 12:43 WIB "
Kecemburuan Pria Jakbar Berujung Istri-Anak Tewas Disiram Air Keras,https://news.detik.com/berita/d-6490526/kecemburuan-pria-jakbar-berujung-istri-anak-tewas-disiram-air-keras,"
Jumat, 30 Des 2022 22:21 WIB "
"Dissenting Opinion, Hakim Agung Desnayeti Sebut Kasus Km 50 Pembunuhan",https://news.detik.com/berita/d-6489582/dissenting-opinion-hakim-agung-desnayeti-sebut-kasus-km-50-pembunuhan,"
Jumat, 30 Des 2022 14:27 WIB "
Pria Siram Air Keras ke Istri-Anak hingga Meninggal di Jakbar Ditangkap,https://news.detik.com/berita/d-6489419/pria-siram-air-keras-ke-istri-anak-hingga-meninggal-di-jakbar-ditangkap,"
Jumat, 30 Des 2022 13:17 WIB "
Pengacara Kombes Agus Cecar AKP Irfan soal Statusnya di Satgassus Merah Putih,https://news.detik.com/berita/d-6462869/pengacara-kombes-agus-cecar-akp-irfan-soal-statusnya-di-satgassus-merah-putih,"
Kamis, 15 Des 2022 13:05 WIB "
Kala Hakim Sebut Peran Acay di Balik Peraih Adhi Makayasa Jadi Tersangka,https://news.detik.com/berita/d-6427976/kala-hakim-sebut-peran-acay-di-balik-peraih-adhi-makayasa-jadi-tersangka,"
Sabtu, 26 Nov 2022 15:18 WIB "
Acay Tim CCTV Km 50 Ungkap Arahan 'Informasi Satu Pintu' di Kasus Yosua,https://news.detik.com/berita/d-6425345/acay-tim-cctv-km-50-ungkap-arahan-informasi-satu-pintu-di-kasus-yosua,"
Kamis, 24 Nov 2022 23:44 WIB "
Jaksa Cecar Acay Tim CCTV Km 50 soal Kepergian ke Bali: Ada Buktinya?,https://news.detik.com/berita/d-6425319/jaksa-cecar-acay-tim-cctv-km-50-soal-kepergian-ke-bali-ada-buktinya,"
Kamis, 24 Nov 2022 23:01 WIB "
Pengacara Kombes Agus ke Saksi: Pernah Diminta Ganti CCTV Km 50?,https://news.detik.com/berita/d-6385608/pengacara-kombes-agus-ke-saksi-pernah-diminta-ganti-cctv-km-50,"
Kamis, 03 Nov 2022 13:47 WIB "
Sidang Sambo dkk dalam Sepekan: Air Mata Keluarga dan Penampakan Yosua,https://news.detik.com/berita/d-6376110/sidang-sambo-dkk-dalam-sepekan-air-mata-keluarga-dan-penampakan-yosua,"
Sabtu, 29 Okt 2022 12:30 WIB "
Terungkap 6 Fakta Baru soal Acay Mantan Anak Buah Ferdy Sambo,https://news.detik.com/berita/d-6373662/terungkap-6-fakta-baru-soal-acay-mantan-anak-buah-ferdy-sambo,"
Jumat, 28 Okt 2022 06:01 WIB "
Ada Tidaknya Perintah Sambo Bikin 2 Eks Anak Buah Saling Bantah,https://news.detik.com/berita/d-6373448/ada-tidaknya-perintah-sambo-bikin-2-eks-anak-buah-saling-bantah,"
Kamis, 27 Okt 2022 21:10 WIB "
Kesaksian Acay Lihat Ferdy Sambo Teleponan Cukup Lama Usai Yosua Tewas,https://news.detik.com/berita/d-6372721/kesaksian-acay-lihat-ferdy-sambo-teleponan-cukup-lama-usai-yosua-tewas,"
Kamis, 27 Okt 2022 16:00 WIB "
Beda Acay Vs Brigjen Hendra soal Perintah Sambo untuk Skrining CCTV,https://news.detik.com/berita/d-6372548/beda-acay-vs-brigjen-hendra-soal-perintah-sambo-untuk-skrining-cctv,"
Kamis, 27 Okt 2022 15:18 WIB "
Acay Tim Km 50 Ngaku Kaget AKP Irfan Lepas CCTV Kompleks Sambo: Waduh!,https://news.detik.com/berita/d-6372493/acay-tim-km-50-ngaku-kaget-akp-irfan-lepas-cctv-kompleks-sambo-waduh,"
Kamis, 27 Okt 2022 14:58 WIB "
Acay Tim CCTV Km 50 Ternyata Eks Anggota Satgassus Pimpinan Ferdy Sambo,https://news.detik.com/berita/d-6372378/acay-tim-cctv-km-50-ternyata-eks-anggota-satgassus-pimpinan-ferdy-sambo,"
Kamis, 27 Okt 2022 14:12 WIB "
"Jawaban Acay di BAP Kasus Sambo dan Sidang Beda, Jaksa: Jangan Bohong!",https://news.detik.com/berita/d-6372319/jawaban-acay-di-bap-kasus-sambo-dan-sidang-beda-jaksa-jangan-bohong,"
Kamis, 27 Okt 2022 13:47 WIB "
"Acay Bilang Alhamdulillah Bukan Penyidik Km 50, Jaksa: Yang Benar?",https://news.detik.com/berita/d-6372158/acay-bilang-alhamdulillah-bukan-penyidik-km-50-jaksa-yang-benar,"
Kamis, 27 Okt 2022 12:45 WIB "
Sidang Obstruction of Justice Kasus Yosua,https://news.detik.com/detiktv/d-6371711/sidang-obstruction-of-justice-kasus-yosua,"
Kamis, 27 Okt 2022 09:40 WIB "
5 Pengakuan Acay Tim CCTV Km 50 soal Arahan Ferdy Sambo,https://news.detik.com/berita/d-6371591/5-pengakuan-acay-tim-cctv-km-50-soal-arahan-ferdy-sambo,"
Kamis, 27 Okt 2022 08:12 WIB "
Tim CCTV Km 50-Ketua RT Kompleks Sambo Akan Bersaksi di Sidang Brigjen Hendra,https://news.detik.com/berita/d-6371535/tim-cctv-km-50-ketua-rt-kompleks-sambo-akan-bersaksi-di-sidang-brigjen-hendra,"
Kamis, 27 Okt 2022 07:31 WIB "
Mengemuka Telepon Ferdy Sambo ke Tim CCTV Km 50 Usai Terbunuhnya Yosua,https://news.detik.com/berita/d-6371322/mengemuka-telepon-ferdy-sambo-ke-tim-cctv-km-50-usai-terbunuhnya-yosua,"
Rabu, 26 Okt 2022 22:00 WIB "
Hakim Heran Acay Diam Saat Anak Buah Disuruh Ganti CCTV Kompleks Sambo,https://news.detik.com/berita/d-6371136/hakim-heran-acay-diam-saat-anak-buah-disuruh-ganti-cctv-kompleks-sambo,"
Rabu, 26 Okt 2022 19:31 WIB "
Acay Tim Km 50 Klaim AKP Irfan Tak Langsung Lapor soal CCTV Kompleks Sambo,https://news.detik.com/berita/d-6371032/acay-tim-km-50-klaim-akp-irfan-tak-langsung-lapor-soal-cctv-kompleks-sambo,"
Rabu, 26 Okt 2022 18:37 WIB "
Ferdy Sambo Perintahkan Acay Tim CCTV Km 50 Bantu Angkat Jenazah Yosua,https://news.detik.com/berita/d-6370891/ferdy-sambo-perintahkan-acay-tim-cctv-km-50-bantu-angkat-jenazah-yosua,"
Rabu, 26 Okt 2022 17:57 WIB "
Acay Tim CCTV Km 50 Tanya Eliezer di Rumah Sambo: Kamu Tembak Yosua?,https://news.detik.com/berita/d-6370847/acay-tim-cctv-km-50-tanya-eliezer-di-rumah-sambo-kamu-tembak-yosua,"
Rabu, 26 Okt 2022 17:43 WIB "
Momen Sambo Merokok dengan Wajah Marah Usai Yosua Tewas Terungkap di Sidang,https://news.detik.com/berita/d-6370844/momen-sambo-merokok-dengan-wajah-marah-usai-yosua-tewas-terungkap-di-sidang,"
Rabu, 26 Okt 2022 17:42 WIB "
Acay Tim Km 50 Ngaku Tak Dengar Arahan Anak Buah Sambo karena Sinyal Buruk,https://news.detik.com/berita/d-6370775/acay-tim-km-50-ngaku-tak-dengar-arahan-anak-buah-sambo-karena-sinyal-buruk,"
Rabu, 26 Okt 2022 17:08 WIB "
Anak Buah Sambo Telepon Acay Tim CCTV Km 50: Enak Sekali Kamu di Bali,https://news.detik.com/berita/d-6370759/anak-buah-sambo-telepon-acay-tim-cctv-km-50-enak-sekali-kamu-di-bali,"
Rabu, 26 Okt 2022 17:04 WIB "
"Tiba di Rumah Ferdy Sambo, Acay Tim CCTV Km 50 Sempat Lihat Jasad Yosua",https://news.detik.com/berita/d-6370705/tiba-di-rumah-ferdy-sambo-acay-tim-cctv-km-50-sempat-lihat-jasad-yosua,"
Rabu, 26 Okt 2022 16:46 WIB "
"Ferdy Sambo Telepon Tim CCTV Km 50, Suruh ke Rumahnya Usai Yosua Tewas",https://news.detik.com/berita/d-6370628/ferdy-sambo-telepon-tim-cctv-km-50-suruh-ke-rumahnya-usai-yosua-tewas,"
Rabu, 26 Okt 2022 16:29 WIB "
Tim CCTV Km 50 Jadi Saksi Sidang Rintangi Penyidikan Pembunuhan Yosua,https://news.detik.com/berita/d-6369595/tim-cctv-km-50-jadi-saksi-sidang-rintangi-penyidikan-pembunuhan-yosua,"
Rabu, 26 Okt 2022 10:38 WIB "
Sopir Tersangka Penabrak Pesepeda di PIK Tangerang Terancam 5 Tahun Bui,https://news.detik.com/berita/d-6361210/sopir-tersangka-penabrak-pesepeda-di-pik-tangerang-terancam-5-tahun-bui,"
Jumat, 21 Okt 2022 13:54 WIB "
PKS Soroti Penegakan Hukum-Ekonomi di 3 Tahun Pemerintahan Jokowi-Ma'ruf,https://news.detik.com/berita/d-6360482/pks-soroti-penegakan-hukum-ekonomi-di-3-tahun-pemerintahan-jokowi-maruf,"
Jumat, 21 Okt 2022 06:16 WIB "
Bisa-bisanya Sambo Dkk Kasak-kusuk Usai Timsus Kasus Yosua Dibentuk,https://news.detik.com/berita/d-6358419/bisa-bisanya-sambo-dkk-kasak-kusuk-usai-timsus-kasus-yosua-dibentuk,"
Kamis, 20 Okt 2022 08:24 WIB "
Lengkap! Ini Peran 6 Anak Buah Sambo Rintangi Penyidikan Pembunuhan Yosua,https://news.detik.com/berita/d-6358034/lengkap-ini-peran-6-anak-buah-sambo-rintangi-penyidikan-pembunuhan-yosua,"
Rabu, 19 Okt 2022 20:46 WIB "
Awal Mula AKP Irfan Peraih Adhi Makayasa Terseret di Kasus Sambo,https://news.detik.com/berita/d-6357909/awal-mula-akp-irfan-peraih-adhi-makayasa-terseret-di-kasus-sambo,"
Rabu, 19 Okt 2022 19:36 WIB "
Hal-hal yang Terjadi Selama 3 Hari Sebelum Kasus Yosua Terungkap ke Publik,https://news.detik.com/berita/d-6356760/hal-hal-yang-terjadi-selama-3-hari-sebelum-kasus-yosua-terungkap-ke-publik,"
Rabu, 19 Okt 2022 12:42 WIB "
Peran Kombes Agus Nurpatria di Kasus Sambo: Sisir CCTV Duren Tiga,https://news.detik.com/berita/d-6356753/peran-kombes-agus-nurpatria-di-kasus-sambo-sisir-cctv-duren-tiga,"
Rabu, 19 Okt 2022 12:40 WIB "
5 Hal Ini Dilakukan Anak Buah Sambo Saat Ambil CCTV Duren Tiga,https://news.detik.com/berita/d-6356657/5-hal-ini-dilakukan-anak-buah-sambo-saat-ambil-cctv-duren-tiga,"
Rabu, 19 Okt 2022 11:56 WIB "
"Ini Tim CCTV KM 50 yang Ditelepon Anak Buah Sambo, tapi Ternyata di Bali",https://news.detik.com/berita/d-6356484/ini-tim-cctv-km-50-yang-ditelepon-anak-buah-sambo-tapi-ternyata-di-bali,"
Rabu, 19 Okt 2022 10:33 WIB "
Sambo ke Hendra Kurniawan Sehari Usai Yosua Dibunuh: Tolong Cek CCTV!,https://news.detik.com/berita/d-6356480/sambo-ke-hendra-kurniawan-sehari-usai-yosua-dibunuh-tolong-cek-cctv,"
Rabu, 19 Okt 2022 10:31 WIB "
Cerita Lengkap Obstruction of Justice Kasus Yosua yang Dilakukan Ferdy Sambo,https://news.detik.com/berita/d-6352479/cerita-lengkap-obstruction-of-justice-kasus-yosua-yang-dilakukan-ferdy-sambo,"
Senin, 17 Okt 2022 13:11 WIB "
Jaksa Ungkap Anak Buah Sambo Minta Tim CCTV KM 50 Cek CCTV Duren Tiga,https://news.detik.com/berita/d-6352311/jaksa-ungkap-anak-buah-sambo-minta-tim-cctv-km-50-cek-cctv-duren-tiga,"
Senin, 17 Okt 2022 12:07 WIB "
"Kini Tangani Ferdy Sambo cs, PN Jaksel Pernah Adili Kasus-kasus Besar Ini",https://news.detik.com/berita/d-6338022/kini-tangani-ferdy-sambo-cs-pn-jaksel-pernah-adili-kasus-kasus-besar-ini,"
Minggu, 09 Okt 2022 16:19 WIB "
"Situs PN Jakpus Diretas, Hacker Bawa-bawa Bjorka hingga Kasus Sambo",https://news.detik.com/berita/d-6329880/situs-pn-jakpus-diretas-hacker-bawa-bawa-bjorka-hingga-kasus-sambo,"
Rabu, 05 Okt 2022 09:10 WIB "
Kegembiraan Warga Desa Ukraina yang Baru Dibebaskan dari Pasukan Rusia,https://news.detik.com/bbc-world/d-6288718/kegembiraan-warga-desa-ukraina-yang-baru-dibebaskan-dari-pasukan-rusia,"
Selasa, 13 Sep 2022 12:43 WIB "
Jaksa Hormati Putusan MA Tolak Kasasi Kasus Penembakan Laskar FPI,https://news.detik.com/berita/d-6288045/jaksa-hormati-putusan-ma-tolak-kasasi-kasus-penembakan-laskar-fpi,"
Senin, 12 Sep 2022 22:03 WIB "
"Kasasi Jaksa Ditolak, Briptu Fikri-Ipda Yusmin Bebas di Kasus KM 50!",https://news.detik.com/berita/d-6287578/kasasi-jaksa-ditolak-briptu-fikri-ipda-yusmin-bebas-di-kasus-km-50,"
Senin, 12 Sep 2022 18:03 WIB "
Menantu HRS di Demo 1209 Serukan Kawal Kasus Brigadir J dan Km 50,https://news.detik.com/berita/d-6287573/menantu-hrs-di-demo-1209-serukan-kawal-kasus-brigadir-j-dan-km-50,"
Senin, 12 Sep 2022 18:01 WIB "
Sentilan ke Komnas HAM-Komnas Perempuan soal Dugaan Putri Dilecehkan,https://news.detik.com/berita/d-6276766/sentilan-ke-komnas-ham-komnas-perempuan-soal-dugaan-putri-dilecehkan,"
Selasa, 06 Sep 2022 20:37 WIB "
Komnas HAM Ungkap Dasar Nyatakan Ada Dugaan Kuat Putri Candrawathi Dilecehkan,https://news.detik.com/berita/d-6273448/komnas-ham-ungkap-dasar-nyatakan-ada-dugaan-kuat-putri-candrawathi-dilecehkan,"
Senin, 05 Sep 2022 13:34 WIB "
"Komnas HAM Duga Putri Candrawathi Dilecehkan, Pengacara Brigadir J: Sesat!",https://news.detik.com/berita/d-6273139/komnas-ham-duga-putri-candrawathi-dilecehkan-pengacara-brigadir-j-sesat,"
Senin, 05 Sep 2022 11:30 WIB "
Beda Komnas HAM dan LPSK soal Dugaan Pelecehan Putri Candrawathi,https://news.detik.com/berita/d-6272944/beda-komnas-ham-dan-lpsk-soal-dugaan-pelecehan-putri-candrawathi,"
Senin, 05 Sep 2022 10:00 WIB "
Rekomendasi untuk Kasus Ferdy Sambo,https://news.detik.com/kolom/d-6266363/rekomendasi-untuk-kasus-ferdy-sambo,"
Kamis, 01 Sep 2022 12:00 WIB "
Mahfud Md: Amien Rais dkk Tak Serahkan Selembar Kertas Pun Saat ke Istana,https://news.detik.com/berita/d-6263081/mahfud-md-amien-rais-dkk-tak-serahkan-selembar-kertas-pun-saat-ke-istana,"
Selasa, 30 Agu 2022 17:31 WIB "
Kala Mahfud Jawab Kritik Amien Rais soal Kasus Km 50,https://news.detik.com/berita/d-6261648/kala-mahfud-jawab-kritik-amien-rais-soal-kasus-km-50,"
Selasa, 30 Agu 2022 06:24 WIB "
Mahfud Jawab Kritik Amien Rais soal Kutipan Tak Lengkap Terkait Kasus Km 50,https://news.detik.com/berita/d-6261516/mahfud-jawab-kritik-amien-rais-soal-kutipan-tak-lengkap-terkait-kasus-km-50,"
Senin, 29 Agu 2022 22:42 WIB "
Melihat Lagi Pernyataan Amien Rais yang Dikutip Mahfud soal Kasus Km 50,https://news.detik.com/berita/d-6260603/melihat-lagi-pernyataan-amien-rais-yang-dikutip-mahfud-soal-kasus-km-50,"
Senin, 29 Agu 2022 15:57 WIB "
Amien Rais Koreksi Mahfud soal Kasus Km 50: Jangan Kutip Setengah-setengah!,https://news.detik.com/berita/d-6260335/amien-rais-koreksi-mahfud-soal-kasus-km-50-jangan-kutip-setengah-setengah,"
Senin, 29 Agu 2022 14:10 WIB "
"Disebut-sebut Lagi Seiring Kasus Ferdy Sambo, Ini Kronologi Kasus Km 50",https://news.detik.com/berita/d-6257520/disebut-sebut-lagi-seiring-kasus-ferdy-sambo-ini-kronologi-kasus-km-50,"
Sabtu, 27 Agu 2022 15:15 WIB "
Komnas HAM Sebut Pembunuhan Brigadir J Bukan Pelanggaran HAM Berat!,https://news.detik.com/detiktv/d-6256384/komnas-ham-sebut-pembunuhan-brigadir-j-bukan-pelanggaran-ham-berat,"
Jumat, 26 Agu 2022 18:08 WIB "
Komnas HAM Samakan Pelanggaran HAM di Kasus Brigadir J dengan KM 50,https://news.detik.com/berita/d-6256367/komnas-ham-samakan-pelanggaran-ham-di-kasus-brigadir-j-dengan-km-50,"
Jumat, 26 Agu 2022 17:54 WIB "
Komnas HAM: Kasus Tewasnya Brigadir J Bukan Pelanggaran HAM Berat,https://news.detik.com/berita/d-6256233/komnas-ham-kasus-tewasnya-brigadir-j-bukan-pelanggaran-ham-berat,"
Jumat, 26 Agu 2022 17:15 WIB "
Pengacara Harap Kapolri Pelajari Lagi Vonis Polisi Penembak Laskar FPI,https://news.detik.com/berita/d-6256026/pengacara-harap-kapolri-pelajari-lagi-vonis-polisi-penembak-laskar-fpi,"
Jumat, 26 Agu 2022 16:02 WIB "
Kapolri Pastikan Akan Proses Kasus Km 50 Jika Ada Novum,https://news.detik.com/berita/d-6252877/kapolri-pastikan-akan-proses-kasus-km-50-jika-ada-novum,"
Kamis, 25 Agu 2022 07:20 WIB "
"Kapolri Jawab soal Km 50: Kalau Ada Novum, Kami Proses",https://news.detik.com/berita/d-6252410/kapolri-jawab-soal-km-50-kalau-ada-novum-kami-proses,"
Rabu, 24 Agu 2022 19:44 WIB "
Legislator Singgung Kasus Km 50 di Rapat Bahas Kasus Sambo Bareng Kapolri,https://news.detik.com/berita/d-6252231/legislator-singgung-kasus-km-50-di-rapat-bahas-kasus-sambo-bareng-kapolri,"
Rabu, 24 Agu 2022 18:21 WIB "
Aktivisme Medsos dan Runtuhnya Skenario Kejahatan,https://news.detik.com/kolom/d-6251476/aktivisme-medsos-dan-runtuhnya-skenario-kejahatan,"
Rabu, 24 Agu 2022 13:35 WIB "
"Jelang Vonis Bahar bin Smith, Pendukung Orasi Naik Pagar PN Bandung",https://news.detik.com/berita/d-6237171/jelang-vonis-bahar-bin-smith-pendukung-orasi-naik-pagar-pn-bandung,"
Selasa, 16 Agu 2022 11:11 WIB "
Pimpinan Forum Mahasiswa: Kasus Brigadir J Harus Jadi Evaluasi Besar,https://news.detik.com/berita/d-6232156/pimpinan-forum-mahasiswa-kasus-brigadir-j-harus-jadi-evaluasi-besar,"
Jumat, 12 Agu 2022 23:08 WIB "
Sentimen di Twitter Berubah Setelah Ferdy Sambo Jadi Tersangka,https://news.detik.com/berita/d-6229476/sentimen-di-twitter-berubah-setelah-ferdy-sambo-jadi-tersangka,"
Kamis, 11 Agu 2022 17:35 WIB "
"Puji Polri di Kasus Brigadir J, HNW Harap Usut Tuntas Juga Kasus KM 50",https://news.detik.com/berita/d-6226272/puji-polri-di-kasus-brigadir-j-hnw-harap-usut-tuntas-juga-kasus-km-50,"
Rabu, 10 Agu 2022 10:13 WIB "
Kontroversi Brigjen Hendra Kurniawan di Kasus Brigadir J hingga Dimutasi,https://news.detik.com/berita/d-6218852/kontroversi-brigjen-hendra-kurniawan-di-kasus-brigadir-j-hingga-dimutasi,"
Jumat, 05 Agu 2022 18:24 WIB "
Profil Brigjen Benny Ali-Brigjen Hendra Kurniawan yang Juga Dicopot Kapolri,https://news.detik.com/berita/d-6217712/profil-brigjen-benny-ali-brigjen-hendra-kurniawan-yang-juga-dicopot-kapolri,"
Jumat, 05 Agu 2022 11:01 WIB "
Pakar Pidana Sarankan Pengacara Keluarga Brigadir J 'Tak ke Luar Jalur',https://news.detik.com/berita/d-6208477/pakar-pidana-sarankan-pengacara-keluarga-brigadir-j-tak-ke-luar-jalur,"
Minggu, 31 Jul 2022 11:51 WIB "
Pakar Pidana Minta Spekulasi Liar soal Brigadir J Dihentikan,https://news.detik.com/berita/d-6204036/pakar-pidana-minta-spekulasi-liar-soal-brigadir-j-dihentikan,"
Kamis, 28 Jul 2022 15:40 WIB "
"Profil Brigjen Hendra Kurniawan, Karo Paminal Dicopot Terkait Brigadir J",https://news.detik.com/berita/d-6190920/profil-brigjen-hendra-kurniawan-karo-paminal-dicopot-terkait-brigadir-j,"
Kamis, 21 Jul 2022 13:55 WIB "
4 Kesamaan Kecelakaan Maut Truk di Balikpapan dan Cibubur,https://news.detik.com/berita/d-6186762/4-kesamaan-kecelakaan-maut-truk-di-balikpapan-dan-cibubur,"
Selasa, 19 Jul 2022 11:51 WIB "
"'Putraku Bukan Anakku', Kisah Tuan Tanah India Bertahun-tahun Ditipu",https://news.detik.com/internasional/d-6184124/putraku-bukan-anakku-kisah-tuan-tanah-india-bertahun-tahun-ditipu,"
Minggu, 17 Jul 2022 22:01 WIB "
Muslihat Penipu Ulung Tega 41 Tahun Pura-pura Jadi Anak Tuan Tanah,https://news.detik.com/internasional/d-6183396/muslihat-penipu-ulung-tega-41-tahun-pura-pura-jadi-anak-tuan-tanah,"
Minggu, 17 Jul 2022 11:38 WIB "
Kisah Pilu Ayah Ditipu 41 Tahun: Putraku Ternyata Bukan Anak Kandungku,https://news.detik.com/internasional/d-6183278/kisah-pilu-ayah-ditipu-41-tahun-putraku-ternyata-bukan-anak-kandungku,"
Minggu, 17 Jul 2022 09:48 WIB "
"Cerita Sulitnya Menangkap Bechi, Diduga Sembunyi di Rumah Bibi",https://news.detik.com/berita/d-6173153/cerita-sulitnya-menangkap-bechi-diduga-sembunyi-di-rumah-bibi,"
Senin, 11 Jul 2022 12:45 WIB "
Aksi Pemotor Rekayasa Ditabrak Pajero demi Klaim Miliaran Asuransi,https://news.detik.com/berita/d-6113916/aksi-pemotor-rekayasa-ditabrak-pajero-demi-klaim-miliaran-asuransi,"
Selasa, 07 Jun 2022 08:03 WIB "
Basarnas Akhiri Pencarian Korban Kapal Ladang Pertiwi,https://news.detik.com/berita/d-6113582/basarnas-akhiri-pencarian-korban-kapal-ladang-pertiwi,"
Senin, 06 Jun 2022 20:44 WIB "
Awal Mula Kecurigaan Polisi soal Kecelakaan Motor di Bekasi Direkayasa,https://news.detik.com/berita/d-6112926/awal-mula-kecurigaan-polisi-soal-kecelakaan-motor-di-bekasi-direkayasa,"
Senin, 06 Jun 2022 15:50 WIB "
Sekeluarga Disiram Air Keras-Aksi KPK Usai OTT Eks Wali Kota Jogja,https://news.detik.com/berita/d-6109186/sekeluarga-disiram-air-keras-aksi-kpk-usai-ott-eks-wali-kota-jogja,"
Jumat, 03 Jun 2022 19:00 WIB "
Menjawab Keraguan Beralih ke Kendaraan Listrik,https://news.detik.com/kolom/d-6106284/menjawab-keraguan-beralih-ke-kendaraan-listrik,"
Kamis, 02 Jun 2022 10:37 WIB "
Pengalaman Warga Asal Indonesia Memilih Caleg dalam Pemilu Australia,https://news.detik.com/abc-australia/d-6052168/pengalaman-warga-asal-indonesia-memilih-caleg-dalam-pemilu-australia,"
Selasa, 26 Apr 2022 16:34 WIB "
Jaksa Serahkan Memori Kasasi Vonis Lepas 2 Penembak Laskar FPI,https://news.detik.com/berita/d-6019251/jaksa-serahkan-memori-kasasi-vonis-lepas-2-penembak-laskar-fpi,"
Rabu, 06 Apr 2022 14:45 WIB "
"Temukan Keganjilan di Vonis Penembak Eks Laskar FPI, KontraS Surati MA",https://news.detik.com/berita/d-6006574/temukan-keganjilan-di-vonis-penembak-eks-laskar-fpi-kontras-surati-ma,"
Selasa, 29 Mar 2022 17:04 WIB "
"Momen Sejumlah Massa 212 Tolak Bubar, Sempat Injak Poster Jokowi",https://news.detik.com/berita/d-6001165/momen-sejumlah-massa-212-tolak-bubar-sempat-injak-poster-jokowi,"
Jumat, 25 Mar 2022 18:54 WIB "
"Massa 212 Tinggalkan Patung Kuda, Lalu Lintas Normal",https://news.detik.com/berita/d-6000961/massa-212-tinggalkan-patung-kuda-lalu-lintas-normal,"
Jumat, 25 Mar 2022 17:43 WIB "
"Menantu HRS Orasi di Demo PA 212, Tuntut Semua Penista Agama Ditangkap",https://news.detik.com/berita/d-6000878/menantu-hrs-orasi-di-demo-pa-212-tuntut-semua-penista-agama-ditangkap,"
Jumat, 25 Mar 2022 17:09 WIB "
"2 Penembak Eks Laskar FPI Divonis Lepas, Jaksa Ajukan Kasasi",https://news.detik.com/berita/d-5999323/2-penembak-eks-laskar-fpi-divonis-lepas-jaksa-ajukan-kasasi,"
Kamis, 24 Mar 2022 18:44 WIB "
Polda Metro Pastikan 2 Polisi Penembak Laskar FPI Akan Ditugaskan Kembali,https://news.detik.com/berita/d-5994411/polda-metro-pastikan-2-polisi-penembak-laskar-fpi-akan-ditugaskan-kembali,"
Senin, 21 Mar 2022 22:05 WIB "
Kejutan Vonis Lepas Bagi 2 Polisi di Kasus Penembakan Laskar FPI,https://news.detik.com/berita/d-5990594/kejutan-vonis-lepas-bagi-2-polisi-di-kasus-penembakan-laskar-fpi,"
Sabtu, 19 Mar 2022 06:35 WIB "
Anggota DPR Kaget 2 Polisi Penembak Laskar FPI Divonis Lepas,https://news.detik.com/berita/d-5990033/anggota-dpr-kaget-2-polisi-penembak-laskar-fpi-divonis-lepas,"
Jumat, 18 Mar 2022 17:40 WIB "
Tentang Putusan Lepas untuk 2 Polisi Penembak Laskar FPI,https://news.detik.com/berita/d-5990009/tentang-putusan-lepas-untuk-2-polisi-penembak-laskar-fpi,"
Jumat, 18 Mar 2022 17:18 WIB "
Polri Hargai Vonis Hakim yang Lepaskan 2 Polisi Penembak Laskar FPI,https://news.detik.com/berita/d-5989926/polri-hargai-vonis-hakim-yang-lepaskan-2-polisi-penembak-laskar-fpi,"
Jumat, 18 Mar 2022 16:40 WIB "
Respons Kejagung soal Vonis Lepas 2 Polisi Penembak Laskar FPI,https://news.detik.com/berita/d-5989925/respons-kejagung-soal-vonis-lepas-2-polisi-penembak-laskar-fpi,"
Jumat, 18 Mar 2022 16:40 WIB "
Sikap Jaksa Jadi Penentu Kapan 2 Polisi Penembak Laskar FPI Dinas Lagi,https://news.detik.com/berita/d-5989790/sikap-jaksa-jadi-penentu-kapan-2-polisi-penembak-laskar-fpi-dinas-lagi,"
Jumat, 18 Mar 2022 15:46 WIB "
Pengacara Keluarga Anggap Vonis Lepas 2 Polisi Penembak Laskar FPI Sesat,https://news.detik.com/berita/d-5989741/pengacara-keluarga-anggap-vonis-lepas-2-polisi-penembak-laskar-fpi-sesat,"
Jumat, 18 Mar 2022 15:21 WIB "
Tanggapan Polda Metro Terkait Vonis Lepas 2 Anggota Penembak Laskar FPI,https://news.detik.com/berita/d-5989739/tanggapan-polda-metro-terkait-vonis-lepas-2-anggota-penembak-laskar-fpi,"
Jumat, 18 Mar 2022 15:18 WIB "
2 Polisi Penembak Laskar FPI Sujud Syukur-Menangis Divonis Lepas,https://news.detik.com/berita/d-5989645/2-polisi-penembak-laskar-fpi-sujud-syukur-menangis-divonis-lepas,"
Jumat, 18 Mar 2022 14:43 WIB "
Pertimbangan Lengkap Hakim Vonis Lepas Polisi Penembak Eks Laskar FPI,https://news.detik.com/berita/d-5989622/pertimbangan-lengkap-hakim-vonis-lepas-polisi-penembak-eks-laskar-fpi,"
Jumat, 18 Mar 2022 14:34 WIB "
TP3 soal 2 Polisi Penembak Laskar FPI Divonis Lepas: Pengadilan Dagelan Sesat,https://news.detik.com/berita/d-5989496/tp3-soal-2-polisi-penembak-laskar-fpi-divonis-lepas-pengadilan-dagelan-sesat,"
Jumat, 18 Mar 2022 13:35 WIB "
"Polisi Penembak Laskar FPI Divonis Lepas, Jaksa Belum Tentukan Sikap",https://news.detik.com/berita/d-5989330/polisi-penembak-laskar-fpi-divonis-lepas-jaksa-belum-tentukan-sikap,"
Jumat, 18 Mar 2022 12:24 WIB "
Jejak Perkara Polisi Tembak Laskar FPI Berujung Divonis Lepas,https://news.detik.com/berita/d-5989327/jejak-perkara-polisi-tembak-laskar-fpi-berujung-divonis-lepas,"
Jumat, 18 Mar 2022 12:23 WIB "
Hakim Vonis Lepas 2 Polisi Penembak Laskar FPI: Mereka Terpaksa Bela Diri,https://news.detik.com/berita/d-5989314/hakim-vonis-lepas-2-polisi-penembak-laskar-fpi-mereka-terpaksa-bela-diri,"
Jumat, 18 Mar 2022 12:12 WIB "
2 Polisi Penembak Laskar FPI Divonis Lepas!,https://news.detik.com/berita/d-5989256/2-polisi-penembak-laskar-fpi-divonis-lepas,"
Jumat, 18 Mar 2022 11:33 WIB "
2 Polisi Penembak Laskar FPI Hadapi Sidang Vonis Hari Ini,https://news.detik.com/berita/d-5988852/2-polisi-penembak-laskar-fpi-hadapi-sidang-vonis-hari-ini,"
Jumat, 18 Mar 2022 06:06 WIB "
Sidang Vonis 2 Polisi Penembak Laskar FPI Digelar 18 Maret,https://news.detik.com/berita/d-5968059/sidang-vonis-2-polisi-penembak-laskar-fpi-digelar-18-maret,"
Jumat, 04 Mar 2022 13:53 WIB "
"Bacakan Replik, Jaksa Tetap Tuntut 2 Polisi Penembak Laskar FPI 6 Tahun Bui",https://news.detik.com/berita/d-5968020/bacakan-replik-jaksa-tetap-tuntut-2-polisi-penembak-laskar-fpi-6-tahun-bui,"
Jumat, 04 Mar 2022 13:25 WIB "
Pengacara Kesal HRS Disalahkan Kubu 2 Polisi Penembak Laskar FPI: Halusinasi!,https://news.detik.com/berita/d-5959714/pengacara-kesal-hrs-disalahkan-kubu-2-polisi-penembak-laskar-fpi-halusinasi,"
Sabtu, 26 Feb 2022 07:53 WIB "
"Pengacara Klaim 2 Polisi Tembak Laskar FPI demi Bela Diri, Minta Vonis Bebas",https://news.detik.com/berita/d-5959161/pengacara-klaim-2-polisi-tembak-laskar-fpi-demi-bela-diri-minta-vonis-bebas,"
Jumat, 25 Feb 2022 18:35 WIB "
"Bacakan Pleidoi, Pengacara 2 Polisi Salahkan HRS-Laskar FPI di Kasus Km 50",https://news.detik.com/berita/d-5959072/bacakan-pleidoi-pengacara-2-polisi-salahkan-hrs-laskar-fpi-di-kasus-km-50,"
Jumat, 25 Feb 2022 18:04 WIB "
4 Hal Diketahui Usai Polisi Penembak Laskar FPI Dituntut 6 Tahun Bui,https://news.detik.com/berita/d-5954586/4-hal-diketahui-usai-polisi-penembak-laskar-fpi-dituntut-6-tahun-bui,"
Rabu, 23 Feb 2022 06:31 WIB "
Kejagung Respons TP3 soal Tuntutan Polisi Penembak Laskar FPI Dagelan Sesat,https://news.detik.com/berita/d-5954187/kejagung-respons-tp3-soal-tuntutan-polisi-penembak-laskar-fpi-dagelan-sesat,"
Selasa, 22 Feb 2022 19:03 WIB "
Pihak Eks Laskar FPI Tuding Tuntutan 6 Tahun Bui ke Polisi Dagelan Sesat,https://news.detik.com/berita/d-5953727/pihak-eks-laskar-fpi-tuding-tuntutan-6-tahun-bui-ke-polisi-dagelan-sesat,"
Selasa, 22 Feb 2022 15:55 WIB "
Alasan Jaksa Tuntut Penembak Laskar FPI 6 Tahun Penjara,https://news.detik.com/berita/d-5953474/alasan-jaksa-tuntut-penembak-laskar-fpi-6-tahun-penjara,"
Selasa, 22 Feb 2022 14:04 WIB "
2 Polisi Penembak Laskar FPI Dituntut Penjara 6 Tahun!,https://news.detik.com/berita/d-5953348/2-polisi-penembak-laskar-fpi-dituntut-penjara-6-tahun,"
Selasa, 22 Feb 2022 12:59 WIB "
"Sopir Bus Maut di Bukit Bego Bantul Jadi Tersangka, Penyidikan Disetop",https://news.detik.com/berita/d-5945324/sopir-bus-maut-di-bukit-bego-bantul-jadi-tersangka-penyidikan-disetop,"
Rabu, 16 Feb 2022 18:02 WIB "
"2 Polisi Penembak Eks Laskar FPI Positif Corona, Sidang Tuntutan Ditunda",https://news.detik.com/berita/d-5943052/2-polisi-penembak-eks-laskar-fpi-positif-corona-sidang-tuntutan-ditunda,"
Selasa, 15 Feb 2022 12:36 WIB "
Polisi Penembak Laskar FPI Jalani Sidang Tuntutan Hari Ini,https://news.detik.com/berita/d-5942691/polisi-penembak-laskar-fpi-jalani-sidang-tuntutan-hari-ini,"
Selasa, 15 Feb 2022 08:53 WIB "
Pemuda Perkosa Berulang Kali Gadis di Bengkulu Ditangkap Polisi,https://news.detik.com/berita/d-5938116/pemuda-perkosa-berulang-kali-gadis-di-bengkulu-ditangkap-polisi,"
Jumat, 11 Feb 2022 14:46 WIB "
Sidang Tuntutan Polisi Penembak Eks Laskar FPI Digelar 15 Februari,https://news.detik.com/berita/d-5925303/sidang-tuntutan-polisi-penembak-eks-laskar-fpi-digelar-15-februari,"
Rabu, 02 Feb 2022 17:18 WIB "
Ipda Yusmin Ceritakan Suasana Mencekam di Mobil Saat Insiden Penembakan,https://news.detik.com/berita/d-5925289/ipda-yusmin-ceritakan-suasana-mencekam-di-mobil-saat-insiden-penembakan,"
Rabu, 02 Feb 2022 17:09 WIB "
Jaksa Cecar Polisi soal Cekikan hingga Tembakan Tepat di Dada Eks Laskar FPI,https://news.detik.com/berita/d-5924917/jaksa-cecar-polisi-soal-cekikan-hingga-tembakan-tepat-di-dada-eks-laskar-fpi,"
Rabu, 02 Feb 2022 14:20 WIB "
Polisi Penembak Eks Laskar FPI: Kami Tidak Ingin Mati Konyol,https://news.detik.com/berita/d-5924854/polisi-penembak-eks-laskar-fpi-kami-tidak-ingin-mati-konyol,"
Rabu, 02 Feb 2022 13:37 WIB "
Deretan Kontroversi Edy Mulyadi yang Kini Jadi Tahanan Polisi,https://news.detik.com/berita/d-5923240/deretan-kontroversi-edy-mulyadi-yang-kini-jadi-tahanan-polisi,"
Selasa, 01 Feb 2022 08:01 WIB "
Koalisi Ulama Anti Penodaan Agama Laporkan Jenderal Dudung ke Puspomad,https://news.detik.com/berita/d-5920331/koalisi-ulama-anti-penodaan-agama-laporkan-jenderal-dudung-ke-puspomad,"
Sabtu, 29 Jan 2022 20:27 WIB "
Sidang Pemeriksaan Terdakwa Penembakan Laskar FPI Ditunda,https://news.detik.com/berita/d-5913469/sidang-pemeriksaan-terdakwa-penembakan-laskar-fpi-ditunda,"
Selasa, 25 Jan 2022 12:53 WIB "
Ahli: Selain Tersangka Tak Ada Keharusan Diborgol,https://news.detik.com/berita/d-5903869/ahli-selain-tersangka-tak-ada-keharusan-diborgol,"
Selasa, 18 Jan 2022 18:16 WIB "
Ahli di Sidang Km 50: Lebih Baik Penjahat Mati daripada Petugas,https://news.detik.com/berita/d-5903607/ahli-di-sidang-km-50-lebih-baik-penjahat-mati-daripada-petugas,"
Selasa, 18 Jan 2022 16:18 WIB "
Telisik Masalah Jalan Tol Trans Sumatera,https://news.detik.com/kolom/d-5901197/telisik-masalah-jalan-tol-trans-sumatera,"
Senin, 17 Jan 2022 10:33 WIB "
Dua Ahli Pidana Beda Pendapat soal Polisi Bela Diri Tembak Eks Laskar FPI,https://news.detik.com/berita/d-5893981/dua-ahli-pidana-beda-pendapat-soal-polisi-bela-diri-tembak-eks-laskar-fpi,"
Selasa, 11 Jan 2022 21:44 WIB "
Ahli Pindad Paparkan Kondisi Barang Bukti 5 Senpi-17 Peluru di Kasus Km 50,https://news.detik.com/berita/d-5893905/ahli-pindad-paparkan-kondisi-barang-bukti-5-senpi-17-peluru-di-kasus-km-50,"
Selasa, 11 Jan 2022 20:20 WIB "
Heboh Akun Twitter Pemkot Depok Retweet Cari Keluarga Polisi Penembak Laskar FPI,https://news.detik.com/berita/d-5890409/heboh-akun-twitter-pemkot-depok-retweet-cari-keluarga-polisi-penembak-laskar-fpi,"
Minggu, 09 Jan 2022 15:10 WIB "
"Yakin Polisi Punya Bukti, Ini Analisa Pakar Pidana soal Kasus Bahar Smith",https://news.detik.com/berita/d-5885373/yakin-polisi-punya-bukti-ini-analisa-pakar-pidana-soal-kasus-bahar-smith,"
Rabu, 05 Jan 2022 15:47 WIB "
"Banyak Bercak Darah, Begini Kerja Ahli DNA Analisis Penembakan Laskar FPI",https://news.detik.com/berita/d-5884202/banyak-bercak-darah-begini-kerja-ahli-dna-analisis-penembakan-laskar-fpi,"
Selasa, 04 Jan 2022 20:30 WIB "
Ahli Forensik Ungkap Penyebab Kematian Laskar FPI: Luka Tembak di Dada,https://news.detik.com/berita/d-5883785/ahli-forensik-ungkap-penyebab-kematian-laskar-fpi-luka-tembak-di-dada,"
Selasa, 04 Jan 2022 16:38 WIB "
Hasil Visum Briptu Fikri: Ada Luka Lecet dan Memar Akibat Benda Tumpul,https://news.detik.com/berita/d-5883526/hasil-visum-briptu-fikri-ada-luka-lecet-dan-memar-akibat-benda-tumpul,"
Selasa, 04 Jan 2022 14:38 WIB "
Pengacara Ungkap Isi Ucapan Habib Bahar soal Penyebaran Berita Bohong,https://news.detik.com/berita-jawa-barat/d-5883161/pengacara-ungkap-isi-ucapan-habib-bahar-soal-penyebaran-berita-bohong,"
Selasa, 04 Jan 2022 10:59 WIB "
Kasus Ujaran Kebencian Habib Bahar Dilimpahkan ke Polda Jabar,https://news.detik.com/berita/d-5882564/kasus-ujaran-kebencian-habib-bahar-dilimpahkan-ke-polda-jabar,"
Senin, 03 Jan 2022 18:26 WIB "
Polisi Urai Kesulitan Ungkap Kasus Pembunuhan Ibu-Anak di Subang,https://news.detik.com/berita-jawa-barat/d-5878502/polisi-urai-kesulitan-ungkap-kasus-pembunuhan-ibu-anak-di-subang,"
Jumat, 31 Des 2021 14:35 WIB "
Polisi Segera Panggil Bahar Smith dan Eggi Sudjana soal Ujaran Kebencian,https://news.detik.com/berita/d-5867532/polisi-segera-panggil-bahar-smith-dan-eggi-sudjana-soal-ujaran-kebencian,"
Kamis, 23 Des 2021 15:13 WIB "
Jaksa Tepis Klaim Munarman soal Jadi Target Operasi di Kasus Terorisme,https://news.detik.com/berita/d-5865595/jaksa-tepis-klaim-munarman-soal-jadi-target-operasi-di-kasus-terorisme,"
Rabu, 22 Des 2021 12:51 WIB "
Ahli Polri Temukan Residu Peluru di Baju 6 Eks Laskar FPI yang Ditembak,https://news.detik.com/berita/d-5864654/ahli-polri-temukan-residu-peluru-di-baju-6-eks-laskar-fpi-yang-ditembak,"
Selasa, 21 Des 2021 17:16 WIB "
Ahli Balistik Polri Paparkan 11 Lubang Tembakan di Mobil Eks Laskar FPI Ditembak,https://news.detik.com/berita/d-5864548/ahli-balistik-polri-paparkan-11-lubang-tembakan-di-mobil-eks-laskar-fpi-ditembak,"
Selasa, 21 Des 2021 16:39 WIB "
Dugaan Pelintir Ucapan Jenderal Dudung Bikin Habib Bahar Dipolisikan,https://news.detik.com/berita/d-5863683/dugaan-pelintir-ucapan-jenderal-dudung-bikin-habib-bahar-dipolisikan,"
Selasa, 21 Des 2021 06:35 WIB "
Tangis Tertahan Munarman Saat Sampaikan Nota Keberatan,https://news.detik.com/berita/d-5857127/tangis-tertahan-munarman-saat-sampaikan-nota-keberatan,"
Kamis, 16 Des 2021 09:00 WIB "
"Baca Keberatan, Munarman Minta Dibebaskan dari Dakwaan Terorisme",https://news.detik.com/berita/d-5855791/baca-keberatan-munarman-minta-dibebaskan-dari-dakwaan-terorisme,"
Rabu, 15 Des 2021 11:55 WIB "
3 Alasan Sopir TransJ Tak Jadi Tersangka Kasus Tabrak Pejalan Kaki,https://news.detik.com/berita/d-5855557/3-alasan-sopir-transj-tak-jadi-tersangka-kasus-tabrak-pejalan-kaki,"
Rabu, 15 Des 2021 09:13 WIB "
"Sopir TransJ Penabrak Pejalan Kaki Tak Jadi Tersangka, Ini Alasannya",https://news.detik.com/berita/d-5855327/sopir-transj-penabrak-pejalan-kaki-tak-jadi-tersangka-ini-alasannya,"
Selasa, 14 Des 2021 22:51 WIB "
Pengelola YIA Kulon Progo Setuju Wacana Polsek Bandara tapi...,https://news.detik.com/berita-jawa-tengah/d-5846534/pengelola-yia-kulon-progo-setuju-wacana-polsek-bandara-tapi,"
Rabu, 08 Des 2021 18:02 WIB "
Jawaban-jawaban Briptu Fikri di Sidang Penembakan Eks Laskar FPI,https://news.detik.com/berita/d-5845443/jawaban-jawaban-briptu-fikri-di-sidang-penembakan-eks-laskar-fpi,"
Rabu, 08 Des 2021 06:04 WIB "
Ahli Polri: Kalau Ada Perlawanan Harusnya Diborgol,https://news.detik.com/berita/d-5845285/ahli-polri-kalau-ada-perlawanan-harusnya-diborgol,"
Selasa, 07 Des 2021 21:29 WIB "
Cekcok Jaksa Vs Briptu Fikri Pecah soal Siapa Tembak Laskar FPI,https://news.detik.com/berita/d-5845054/cekcok-jaksa-vs-briptu-fikri-pecah-soal-siapa-tembak-laskar-fpi,"
Selasa, 07 Des 2021 19:05 WIB "
Briptu Fikri Ngaku Tak Tahu Siapa Tarik Pelatuk Pistol: Kondisi Saya Dicekik,https://news.detik.com/berita/d-5844794/briptu-fikri-ngaku-tak-tahu-siapa-tarik-pelatuk-pistol-kondisi-saya-dicekik,"
Selasa, 07 Des 2021 17:25 WIB "
"Briptu Fikri Peragakan Tembak 4 Laskar FPI, Jaksa: Kok Bisa Tepat di Dada?",https://news.detik.com/berita/d-5844497/briptu-fikri-peragakan-tembak-4-laskar-fpi-jaksa-kok-bisa-tepat-di-dada,"
Selasa, 07 Des 2021 15:16 WIB "
Jaksa Ingatkan 1 Tahun Insiden Penembakan Km 50 Hari Ini,https://news.detik.com/berita/d-5844204/jaksa-ingatkan-1-tahun-insiden-penembakan-km-50-hari-ini,"
Selasa, 07 Des 2021 12:58 WIB "
"Dua Kecelakaan Bus dalam 2 Hari, Dirut TransJakarta Minta Maaf",https://news.detik.com/berita/d-5840437/dua-kecelakaan-bus-dalam-2-hari-dirut-transjakarta-minta-maaf,"
Sabtu, 04 Des 2021 16:07 WIB "
Hakim Tanya Ipda Yusmin: Kenapa Masih Tembak 1 Laskar FPI Jika 3 Telah Tewas?,https://news.detik.com/berita/d-5834529/hakim-tanya-ipda-yusmin-kenapa-masih-tembak-1-laskar-fpi-jika-3-telah-tewas,"
Selasa, 30 Nov 2021 20:02 WIB "
Saksi Komnas HAM di Sidang Km 50: Warga Diminta Hapus Foto,https://news.detik.com/berita/d-5834124/saksi-komnas-ham-di-sidang-km-50-warga-diminta-hapus-foto,"
Selasa, 30 Nov 2021 17:12 WIB "
"Komnas HAM Jelaskan Unlawful Killing, Pengacara Sebut Polisi Bela Diri",https://news.detik.com/berita/d-5833918/komnas-ham-jelaskan-unlawful-killing-pengacara-sebut-polisi-bela-diri,"
Selasa, 30 Nov 2021 15:43 WIB "
"Masa Lalu Gunung Kemukus, Geger Ritual Seks hingga Disorot Media Asing",https://news.detik.com/berita-jawa-tengah/d-5830977/masa-lalu-gunung-kemukus-geger-ritual-seks-hingga-disorot-media-asing,"
Minggu, 28 Nov 2021 18:30 WIB "
Pekik Ancaman Habib Bahar 'Habisi' Pengkhianat Habib Rizieq,https://news.detik.com/berita/d-5829265/pekik-ancaman-habib-bahar-habisi-pengkhianat-habib-rizieq,"
Jumat, 26 Nov 2021 21:10 WIB "
"Jumat, Polisi Kembali Periksa Haikal Hassan soal 'Mimpi Ketemu Rasul'",https://news.detik.com/berita/d-5825175/jumat-polisi-kembali-periksa-haikal-hassan-soal-mimpi-ketemu-rasul,"
Rabu, 24 Nov 2021 14:26 WIB "
Keamanan Jakarta Setahun Terakhir di Mata Warga,https://news.detik.com/berita/d-5823993/keamanan-jakarta-setahun-terakhir-di-mata-warga,"
Selasa, 23 Nov 2021 15:42 WIB "
"Ortu Terdakwa Kasus Penembakan Eks Laskar FPI Meninggal, Sidang Ditunda",https://news.detik.com/berita/d-5823330/ortu-terdakwa-kasus-penembakan-eks-laskar-fpi-meninggal-sidang-ditunda,"
Selasa, 23 Nov 2021 11:51 WIB "
Sektor Pendidikan Australia Berada di Persimpangan Jalan dalam Persaingan Global,https://news.detik.com/abc-australia/d-5817252/sektor-pendidikan-australia-berada-di-persimpangan-jalan-dalam-persaingan-global,"
Kamis, 18 Nov 2021 18:15 WIB "
"Germany Covid 19: Gelombang Keempat Menerjang, Kasus Cetak Rekor",https://news.detik.com/internasional/d-5817037/germany-covid-19-gelombang-keempat-menerjang-kasus-cetak-rekor,"
Kamis, 18 Nov 2021 16:22 WIB "
Indikasi Sabotase CCTV Ditepis Saat Eks Laskar FPI Ditembak Mati,https://news.detik.com/berita/d-5814819/indikasi-sabotase-cctv-ditepis-saat-eks-laskar-fpi-ditembak-mati,"
Rabu, 17 Nov 2021 10:50 WIB "
Eks Laskar FPI Ditembak di Dalam Mobil oleh Briptu Fikri-Ipda Elwira,https://news.detik.com/berita/d-5814530/eks-laskar-fpi-ditembak-di-dalam-mobil-oleh-briptu-fikri-ipda-elwira,"
Rabu, 17 Nov 2021 00:20 WIB "
Jabar Hari Ini: Merokok di Braga Didenda-Netizen Posting Bandung Kumuh Diancam,https://news.detik.com/berita-jawa-barat/d-5814458/jabar-hari-ini-merokok-di-braga-didenda-netizen-posting-bandung-kumuh-diancam,"
Selasa, 16 Nov 2021 21:45 WIB "
Atasan 2 Terdakwa Penembak Eks Laskar FPI: Mereka Anggota Terbaik Saya,https://news.detik.com/berita/d-5814037/atasan-2-terdakwa-penembak-eks-laskar-fpi-mereka-anggota-terbaik-saya,"
Selasa, 16 Nov 2021 17:07 WIB "
Direktur Jasa Marga Tollroad Pastikan Tak Ada Sabotase Terkait Matinya CCTV di Km 50,https://news.detik.com/berita/d-5813858/direktur-jasa-marga-tollroad-pastikan-tak-ada-sabotase-terkait-matinya-cctv-di-km-50,"
Selasa, 16 Nov 2021 15:58 WIB "
Jaksa Cecar Direktur Jasa Marga Tollroad soal Alasan Rest Area Km 50 Ditutup,https://news.detik.com/berita/d-5813816/jaksa-cecar-direktur-jasa-marga-tollroad-soal-alasan-rest-area-km-50-ditutup,"
Selasa, 16 Nov 2021 15:31 WIB "
Direktur Jasa Marga Tollroad Dicecar soal CCTV Mati Saat Eks Laskar FPI Ditembak,https://news.detik.com/berita/d-5813652/direktur-jasa-marga-tollroad-dicecar-soal-cctv-mati-saat-eks-laskar-fpi-ditembak,"
Selasa, 16 Nov 2021 14:14 WIB "
Akhir Sengketa Kemhan Vs Angkasa Pura II soal Lahan Bandara Palembang,https://news.detik.com/berita/d-5811762/akhir-sengketa-kemhan-vs-angkasa-pura-ii-soal-lahan-bandara-palembang,"
Senin, 15 Nov 2021 10:55 WIB "
"Sabu dari Malaysia Gagal Diselundupkan, 2 Napi Lapas Tarakan Terlibat",https://news.detik.com/berita/d-5807547/sabu-dari-malaysia-gagal-diselundupkan-2-napi-lapas-tarakan-terlibat,"
Kamis, 11 Nov 2021 19:01 WIB "
Senjata Polisi di Tangan Laskar FPI hingga Merah di Leher Briptu Fikri,https://news.detik.com/berita/d-5804971/senjata-polisi-di-tangan-laskar-fpi-hingga-merah-di-leher-briptu-fikri,"
Rabu, 10 Nov 2021 13:44 WIB "
Detik Menegangkan di Mobil: Eks Laskar FPI Cekik Polisi hingga Ditembak Mati,https://news.detik.com/berita/d-5804783/detik-menegangkan-di-mobil-eks-laskar-fpi-cekik-polisi-hingga-ditembak-mati,"
Rabu, 10 Nov 2021 11:46 WIB "
Seruan Habib Rizieq Boikot Irjen Fadil-Letjen Dudung dari Tahanan,https://news.detik.com/berita/d-5804470/seruan-habib-rizieq-boikot-irjen-fadil-letjen-dudung-dari-tahanan,"
Rabu, 10 Nov 2021 06:44 WIB "
Saksi dari Polda Metro: Eks Laskar FPI Rebut Senjata Polisi Sebelum Ditembak,https://news.detik.com/berita/d-5804283/saksi-dari-polda-metro-eks-laskar-fpi-rebut-senjata-polisi-sebelum-ditembak,"
Selasa, 09 Nov 2021 20:34 WIB "
"Sidang Kasus Km 50, Saksi dari Polda Metro Dicecar soal Prosedur Pengintaian",https://news.detik.com/berita/d-5804185/sidang-kasus-km-50-saksi-dari-polda-metro-dicecar-soal-prosedur-pengintaian,"
Selasa, 09 Nov 2021 19:38 WIB "
Jaksa Ditegur Hakim Gegara Tanya Saksi Kasus Km 50 soal Tembak Organ Vital,https://news.detik.com/berita/d-5804170/jaksa-ditegur-hakim-gegara-tanya-saksi-kasus-km-50-soal-tembak-organ-vital,"
Selasa, 09 Nov 2021 19:27 WIB "
Dirkrimum Polda Cerita soal Eks Laskar FPI Cekik Polisi Sebelum Ditembak Mati,https://news.detik.com/berita/d-5803868/dirkrimum-polda-cerita-soal-eks-laskar-fpi-cekik-polisi-sebelum-ditembak-mati,"
Selasa, 09 Nov 2021 16:52 WIB "
Dirkrimum Polda soal Anak Buah Tembak Mati Eks Laskar FPI: Situasinya Spontan,https://news.detik.com/berita/d-5803767/dirkrimum-polda-soal-anak-buah-tembak-mati-eks-laskar-fpi-situasinya-spontan,"
Selasa, 09 Nov 2021 16:12 WIB "
Jaksa Cecar Dirkrimum Polda Metro soal Perintah Intai Habib Rizieq,https://news.detik.com/berita/d-5803624/jaksa-cecar-dirkrimum-polda-metro-soal-perintah-intai-habib-rizieq,"
Selasa, 09 Nov 2021 14:58 WIB "
"PKB: Seruan HRS Boikot Irjen Fadil-Letjen Dudung Sia-sia, Belum Tentu Diikuti",https://news.detik.com/berita/d-5803566/pkb-seruan-hrs-boikot-irjen-fadil-letjen-dudung-sia-sia-belum-tentu-diikuti,"
Selasa, 09 Nov 2021 14:29 WIB "
Dirkrimum Polda Metro Jadi Saksi di Sidang Penembakan Eks Laskar FPI,https://news.detik.com/berita/d-5803381/dirkrimum-polda-metro-jadi-saksi-di-sidang-penembakan-eks-laskar-fpi,"
Selasa, 09 Nov 2021 12:42 WIB "
Habib Rizieq Serukan Boikot Irjen Fadil-Letjen Dudung,https://news.detik.com/berita/d-5803049/habib-rizieq-serukan-boikot-irjen-fadil-letjen-dudung,"
Selasa, 09 Nov 2021 08:46 WIB "
Jaksa-Hakim Debat soal Pemeriksaan Saksi Unlawful Killing Laskar FPI,https://news.detik.com/detiktv/d-5793677/jaksa-hakim-debat-soal-pemeriksaan-saksi-unlawful-killing-laskar-fpi,"
Selasa, 02 Nov 2021 16:03 WIB "
"Alasan Prokes, Hakim Sidang Kasus Km 50 Minta Pengunjung Keluar Ruangan",https://news.detik.com/berita/d-5793545/alasan-prokes-hakim-sidang-kasus-km-50-minta-pengunjung-keluar-ruangan,"
Selasa, 02 Nov 2021 15:12 WIB "
"Fakta Baru Kasus KM 50 Laskar FPI, Cuti Bersama Nataru Dihapus",https://news.detik.com/detiktv/d-5790079/fakta-baru-kasus-km-50-laskar-fpi-cuti-bersama-nataru-dihapus,"
Minggu, 31 Okt 2021 08:19 WIB "
Terungkapnya Fakta-fakta Baru Kasus KM 50 Laskar FPI,https://news.detik.com/berita/d-5784204/terungkapnya-fakta-fakta-baru-kasus-km-50-laskar-fpi,"
Rabu, 27 Okt 2021 06:36 WIB "
Alasan Polisi Tak Bawa Borgol di Insiden Km 50: Kami Bertugas Mengamati,https://news.detik.com/berita/d-5783998/alasan-polisi-tak-bawa-borgol-di-insiden-km-50-kami-bertugas-mengamati,"
Selasa, 26 Okt 2021 20:33 WIB "
Saksi Ngaku Lihat Samurai Saat Mobil Eks Laskar FPI Digeledah di Km 50,https://news.detik.com/berita/d-5783368/saksi-ngaku-lihat-samurai-saat-mobil-eks-laskar-fpi-digeledah-di-km-50,"
Selasa, 26 Okt 2021 15:30 WIB "
Sorotan dari Sana-Sini Jelang 2 Tahun Jokowi-Ma'ruf Pimpin RI,https://news.detik.com/berita/d-5774392/sorotan-dari-sana-sini-jelang-2-tahun-jokowi-maruf-pimpin-ri,"
Selasa, 19 Okt 2021 21:47 WIB "
Pengacara Laskar FPI Kritik Dakwaan Ipda Yusmin-Briptu Fikri di Kasus Km 50,https://news.detik.com/berita/d-5773416/pengacara-laskar-fpi-kritik-dakwaan-ipda-yusmin-briptu-fikri-di-kasus-km-50,"
Selasa, 19 Okt 2021 11:51 WIB "
"2 Tahun Kepemimpinan Jokowi, PKB dan PPP Sorot Penegakan Hukum-Ekonomi",https://news.detik.com/berita/d-5773389/2-tahun-kepemimpinan-jokowi-pkb-dan-ppp-sorot-penegakan-hukum-ekonomi,"
Selasa, 19 Okt 2021 11:27 WIB "
6Â Hal Terungkap di Dakwaan 2 Polisi yang Bunuh 4 Eks Laskar FPI,https://news.detik.com/berita/d-5773110/6-hal-terungkap-di-dakwaan-2-polisi-yang-bunuh-4-eks-laskar-fpi,"
Selasa, 19 Okt 2021 07:23 WIB "
Pengacara 2 Polisi: Kasus Km 50 Tak Terjadi Kalau Habib Rizieq Kooperatif,https://news.detik.com/berita/d-5772525/pengacara-2-polisi-kasus-km-50-tak-terjadi-kalau-habib-rizieq-kooperatif,"
Senin, 18 Okt 2021 16:57 WIB "
Jaksa: Briptu Fikri Tembak Eks Laskar FPI dari Jarak Dekat,https://news.detik.com/berita/d-5772326/jaksa-briptu-fikri-tembak-eks-laskar-fpi-dari-jarak-dekat,"
Senin, 18 Okt 2021 15:42 WIB "
Jaksa Beberkan Upaya Eks Laskar FPI Rebut Senjata Polisi hingga Ditembak Mati,https://news.detik.com/berita/d-5772254/jaksa-beberkan-upaya-eks-laskar-fpi-rebut-senjata-polisi-hingga-ditembak-mati,"
Senin, 18 Okt 2021 15:01 WIB "
Kronologi Insiden Km 50: Diwarnai Kejar-kejaran hingga Penembakan,https://news.detik.com/berita/d-5772223/kronologi-insiden-km-50-diwarnai-kejar-kejaran-hingga-penembakan,"
Senin, 18 Okt 2021 14:50 WIB "
Ipda Yusmin-Briptu Fikri Didakwa Bunuh 4 Eks Laskar FPI,https://news.detik.com/berita/d-5772176/ipda-yusmin-briptu-fikri-didakwa-bunuh-4-eks-laskar-fpi,"
Senin, 18 Okt 2021 14:19 WIB "
Ipda Yusmin-Briptu Fikri Jalani Sidang Perdana Kasus Km 50 Hari Ini,https://news.detik.com/berita/d-5771593/ipda-yusmin-briptu-fikri-jalani-sidang-perdana-kasus-km-50-hari-ini,"
Senin, 18 Okt 2021 07:52 WIB "
Menanti Fakta Kasus Km 50 di Sidang Perdana 2 Polisi,https://news.detik.com/berita/d-5756260/menanti-fakta-kasus-km-50-di-sidang-perdana-2-polisi,"
Kamis, 07 Okt 2021 06:03 WIB "
Sidang Perdana Kasus Km 50 Ipda Yusmin dan Briptu Fikri Digelar 18 Oktober,https://news.detik.com/berita/d-5755282/sidang-perdana-kasus-km-50-ipda-yusmin-dan-briptu-fikri-digelar-18-oktober,"
Rabu, 06 Okt 2021 14:16 WIB "
"Kasus KM 50, Ipda Yusmin dan Briptu Fikri Segera Disidang",https://news.detik.com/berita/d-5754657/kasus-km-50-ipda-yusmin-dan-briptu-fikri-segera-disidang,"
Rabu, 06 Okt 2021 05:34 WIB "
2 Polisi Tersangka Penembak Laskar FPI Segera Disidang di PN Jaksel,https://news.detik.com/berita/d-5754532/2-polisi-tersangka-penembak-laskar-fpi-segera-disidang-di-pn-jaksel,"
Selasa, 05 Okt 2021 21:52 WIB "
Polemik KPK dan Titik Bara Kekecewaan,https://news.detik.com/kolom/d-5744661/polemik-kpk-dan-titik-bara-kekecewaan,"
Rabu, 29 Sep 2021 09:55 WIB "
"Sebelum Ditangkap Kasus Sabu, PNS Dispora Pasuruan Sering Kena Tegur Disiplin",https://news.detik.com/berita-jawa-timur/d-5743129/sebelum-ditangkap-kasus-sabu-pns-dispora-pasuruan-sering-kena-tegur-disiplin,"
Selasa, 28 Sep 2021 10:10 WIB "
Produsen Upal Nyaris Setengah Miliar di Boyolali Dibongkar!,https://news.detik.com/berita-jawa-tengah/d-5738212/produsen-upal-nyaris-setengah-miliar-di-boyolali-dibongkar,"
Jumat, 24 Sep 2021 14:18 WIB "
"Jabar Hari Ini: Warga Cikampek Gugat Cellica-Ridwan Kamil Nambah Rp 6,6 M",https://news.detik.com/berita-jawa-barat/d-5717227/jabar-hari-ini-warga-cikampek-gugat-cellica-ridwan-kamil-nambah-rp-6-6-m,"
Kamis, 09 Sep 2021 21:02 WIB "
"Segera Disidang, Tersangka Penembak Laskar FPI Tak Ditahan",https://news.detik.com/berita/d-5694723/segera-disidang-tersangka-penembak-laskar-fpi-tak-ditahan,"
Selasa, 24 Agu 2021 18:05 WIB "
"Kasus Unlawful Killing, Tersangka Penembak Laskar FPI Segera Disidang",https://news.detik.com/berita/d-5693792/kasus-unlawful-killing-tersangka-penembak-laskar-fpi-segera-disidang,"
Selasa, 24 Agu 2021 06:45 WIB "
Tersangka Penembak Laskar FPI Dilimpahkan ke Kejari Jaktim,https://news.detik.com/berita/d-5693472/tersangka-penembak-laskar-fpi-dilimpahkan-ke-kejari-jaktim,"
Senin, 23 Agu 2021 20:04 WIB "
"Menhub: di Isoter Ada Udara Mengandung Klorin, Bisa Percepat Penyembuhan",https://news.detik.com/berita/d-5691188/menhub-di-isoter-ada-udara-mengandung-klorin-bisa-percepat-penyembuhan,"
Sabtu, 21 Agu 2021 20:29 WIB "
"Tersangka Penembak Laskar FPI Positif COVID, Pelimpahan ke Jaksa Ditunda",https://news.detik.com/berita/d-5666510/tersangka-penembak-laskar-fpi-positif-covid-pelimpahan-ke-jaksa-ditunda,"
Senin, 02 Agu 2021 16:02 WIB "
Lokasi Sidang Bikin 2 Polisi Penembak Laskar FPI Belum Diserahkan ke Jaksa,https://news.detik.com/berita/d-5652782/lokasi-sidang-bikin-2-polisi-penembak-laskar-fpi-belum-diserahkan-ke-jaksa,"
Kamis, 22 Jul 2021 16:35 WIB "
TP3 Menafsirkan Maksud Amien Rais soal Skenario KM 50,https://news.detik.com/berita/d-5649670/tp3-menafsirkan-maksud-amien-rais-soal-skenario-km-50,"
Selasa, 20 Jul 2021 08:19 WIB "
Progres Kasus Km 50 yang Diributkan Habib Rizieq Vs Amien,https://news.detik.com/berita/d-5649641/progres-kasus-km-50-yang-diributkan-habib-rizieq-vs-amien,"
Selasa, 20 Jul 2021 07:17 WIB "
Pecah Kongsi HRS dan Amien Gegara Testimoni soal TNI-Polri,https://news.detik.com/berita/d-5649622/pecah-kongsi-hrs-dan-amien-gegara-testimoni-soal-tni-polri,"
Selasa, 20 Jul 2021 06:31 WIB "
Amien Rais vs Habib Rizieq Soal Kasus Km 50,https://news.detik.com/pro-kontra/d-5649251/amien-rais-vs-habib-rizieq-soal-kasus-km-50,"
Senin, 19 Jul 2021 18:23 WIB "
Panas! Amien Rais Vs Habib Rizieq soal Kasus Km 50 Laskar FPI,https://news.detik.com/berita/d-5648847/panas-amien-rais-vs-habib-rizieq-soal-kasus-km-50-laskar-fpi,"
Senin, 19 Jul 2021 14:36 WIB "
Jejak Mesra Amien Rais dan Habib Rizieq yang Kini Memanas,https://news.detik.com/berita/d-5648819/jejak-mesra-amien-rais-dan-habib-rizieq-yang-kini-memanas,"
Senin, 19 Jul 2021 14:13 WIB "
HRS: Pernyataan Amien Rais soal TNI-Polri Tak Terlibat Km 50 Blunder!,https://news.detik.com/berita/d-5648558/hrs-pernyataan-amien-rais-soal-tni-polri-tak-terlibat-km-50-blunder,"
Senin, 19 Jul 2021 11:11 WIB "
"Pantau CikarangÂ Barat,Â Menhub Pastikan Penyekatan Mobilitas Lancar",https://news.detik.com/berita/d-5647954/pantau-cikarang-barat-menhub-pastikan-penyekatan-mobilitas-lancar,"
Minggu, 18 Jul 2021 16:46 WIB "
Pengacara HRS Ragu Proses Hukum Tewasnya Pengawal HRS Dilakukan Segera,https://news.detik.com/berita/d-5643606/pengacara-hrs-ragu-proses-hukum-tewasnya-pengawal-hrs-dilakukan-segera,"
Rabu, 14 Jul 2021 19:11 WIB "
Sorotan Tajam ke Komnas HAM dalam Bedah Buku Pembunuhan 6 Pengawal HRS,https://news.detik.com/berita/d-5643591/sorotan-tajam-ke-komnas-ham-dalam-bedah-buku-pembunuhan-6-pengawal-hrs,"
Rabu, 14 Jul 2021 18:56 WIB "
Sepekan PPKM Darurat: Mobilitas Warga-Kasus Corona Masih Tinggi,https://news.detik.com/berita/d-5638193/sepekan-ppkm-darurat-mobilitas-warga-kasus-corona-masih-tinggi,"
Sabtu, 10 Jul 2021 10:35 WIB "
"Amien Sebut TNI-Polri Tak Terlibat, Mahfud: 'Km 50' Bukan Pelanggaran HAM Berat",https://news.detik.com/berita/d-5635531/amien-sebut-tni-polri-tak-terlibat-mahfud-km-50-bukan-pelanggaran-ham-berat,"
Kamis, 08 Jul 2021 10:53 WIB "
TP3 Bantah Mahfud Lewat Buku Penembakan Laskar FPI: Ini Bukan Khayalan,https://news.detik.com/berita/d-5635167/tp3-bantah-mahfud-lewat-buku-penembakan-laskar-fpi-ini-bukan-khayalan,"
Rabu, 07 Jul 2021 21:35 WIB "
Peluncuran Buku Putih TP3 Laskar FPI Diganggu Tayangan Video Porno,https://news.detik.com/berita/d-5635121/peluncuran-buku-putih-tp3-laskar-fpi-diganggu-tayangan-video-porno,"
Rabu, 07 Jul 2021 20:54 WIB "
TP3 Tuding Ada Kekuatan Bersenjata Lain Terlibat di Kasus Km 50,https://news.detik.com/berita/d-5635113/tp3-tuding-ada-kekuatan-bersenjata-lain-terlibat-di-kasus-km-50,"
Rabu, 07 Jul 2021 20:47 WIB "
"Amien Rais: Penting, Lembaga TNI-Polri Tak Terlibat Kasus Km 50",https://news.detik.com/berita/d-5634903/amien-rais-penting-lembaga-tni-polri-tak-terlibat-kasus-km-50,"
Rabu, 07 Jul 2021 18:33 WIB "
Alumni COVID-19: Perjalanan Mental & Spiritual Melawan Virus Corona,https://news.detik.com/kolom/d-5622107/alumni-covid-19-perjalanan-mental-spiritual-melawan-virus-corona,"
Minggu, 27 Jun 2021 18:51 WIB "
"Berkas Kasus Unlawful Killing Eks Laskar FPI Lengkap, Segera Disidang",https://news.detik.com/berita/d-5620162/berkas-kasus-unlawful-killing-eks-laskar-fpi-lengkap-segera-disidang,"
Jumat, 25 Jun 2021 17:46 WIB "
Kapolri Pastikan Kasus Unlawful Killing Laskar FPI Terus Berjalan,https://news.detik.com/berita/d-5610757/kapolri-pastikan-kasus-unlawful-killing-laskar-fpi-terus-berjalan,"
Jumat, 18 Jun 2021 10:21 WIB "
Kapolri Ungkap Perkembangan Penanganan Kasus Unlawful Killing Laskar FPI,https://news.detik.com/berita/d-5608025/kapolri-ungkap-perkembangan-penanganan-kasus-unlawful-killing-laskar-fpi,"
Rabu, 16 Jun 2021 13:29 WIB "
Jabar Hari Ini: Lagi! Aa Gym Gugat Cerai Teh Ninih-Ruang Isolasi BPSDM Nyaris Penuh,https://news.detik.com/berita-jawa-barat/d-5602637/jabar-hari-ini-lagi-aa-gym-gugat-cerai-teh-ninih-ruang-isolasi-bpsdm-nyaris-penuh,"
Jumat, 11 Jun 2021 21:17 WIB "
"Atas Permintaan Jaksa, Polri Kembali Gelar Rekonstruksi Kasus 'Km 50'",https://news.detik.com/berita/d-5602152/atas-permintaan-jaksa-polri-kembali-gelar-rekonstruksi-kasus-km-50,"
Jumat, 11 Jun 2021 16:28 WIB "
Polri Kirim Lagi Berkas Unlawful Killing Laskar FPI di Km 50 ke Jaksa,https://news.detik.com/berita/d-5597722/polri-kirim-lagi-berkas-unlawful-killing-laskar-fpi-di-km-50-ke-jaksa,"
Selasa, 08 Jun 2021 14:13 WIB "
"Viral Wanita Dipukul Saat Cekcok soal Serempetan di PIK, Polisi Selidiki",https://news.detik.com/berita/d-5586714/viral-wanita-dipukul-saat-cekcok-soal-serempetan-di-pik-polisi-selidiki,"
Sabtu, 29 Mei  2021 16:37 WIB "
2 Oknum Polisi Jual Senpi ke KKB Papua Dituntut 10 Tahun Bui,https://news.detik.com/berita/d-5577477/2-oknum-polisi-jual-senpi-ke-kkb-papua-dituntut-10-tahun-bui,"
Jumat, 21 Mei  2021 14:16 WIB "
Momen Pleidoi Habib Rizieq: Air Mata hingga Atribut Palestina,https://news.detik.com/berita/d-5577040/momen-pleidoi-habib-rizieq-air-mata-hingga-atribut-palestina,"
Jumat, 21 Mei  2021 07:30 WIB "
Ini Alasan Habib Rizieq Menangis saat Baca Pleidoi,https://news.detik.com/berita/d-5577013/ini-alasan-habib-rizieq-menangis-saat-baca-pleidoi,"
Jumat, 21 Mei  2021 06:46 WIB "
Pleidoi Habib Rizieq Menyasar Jenderal-jenderal,https://news.detik.com/berita/d-5576877/pleidoi-habib-rizieq-menyasar-jenderal-jenderal,"
Kamis, 20 Mei  2021 21:48 WIB "
"Larangan Mudik Berlaku, Catat 73 Titik Penyekatan di Sumut",https://news.detik.com/berita/d-5560010/larangan-mudik-berlaku-catat-73-titik-penyekatan-di-sumut,"
Kamis, 06 Mei  2021 11:38 WIB "
Kejagung Kembalikan Berkas Tersangka Penembak Laskar FPI ke Penyidik Polri,https://news.detik.com/berita/d-5558048/kejagung-kembalikan-berkas-tersangka-penembak-laskar-fpi-ke-penyidik-polri,"
Rabu, 05 Mei  2021 00:10 WIB "
Jabar Banten Hari Ini: Istri Habib Bahar Digoda-Sampah Tangsel Ditampung Serang,https://news.detik.com/berita-jawa-barat/d-5548916/jabar-banten-hari-ini-istri-habib-bahar-digoda-sampah-tangsel-ditampung-serang,"
Selasa, 27 Apr 2021 21:57 WIB "
Kabar Terkini 2 Polisi Tersangka Penembak Laskar FPI Segera Diadili,https://news.detik.com/berita/d-5548777/kabar-terkini-2-polisi-tersangka-penembak-laskar-fpi-segera-diadili,"
Selasa, 27 Apr 2021 20:06 WIB "
2 Polisi Tersangka Penembak Laskar FPI Tak Ditahan karena Kooperatif,https://news.detik.com/berita/d-5548231/2-polisi-tersangka-penembak-laskar-fpi-tak-ditahan-karena-kooperatif,"
Selasa, 27 Apr 2021 15:15 WIB "
"Berkas Unlawful Killing Laskar FPI Dilimpahkan ke Jaksa, Tersangka Tak Ditahan",https://news.detik.com/berita/d-5548127/berkas-unlawful-killing-laskar-fpi-dilimpahkan-ke-jaksa-tersangka-tak-ditahan,"
Selasa, 27 Apr 2021 13:57 WIB "
Polri Ungkap Identitas-Peran 2 Polisi Tersangka Penembak Laskar FPI,https://news.detik.com/berita/d-5548088/polri-ungkap-identitas-peran-2-polisi-tersangka-penembak-laskar-fpi,"
Selasa, 27 Apr 2021 13:32 WIB "
Menuju Modernisasi Militer Indonesia,https://news.detik.com/kolom/d-5547901/menuju-modernisasi-militer-indonesia,"
Selasa, 27 Apr 2021 11:10 WIB "
Masyumi 'Reborn' Larang Kader Tepuk Tangan dan Bikin Rekening Bank Riba,https://news.detik.com/berita/d-5544795/masyumi-reborn-larang-kader-tepuk-tangan-dan-bikin-rekening-bank-riba,"
Sabtu, 24 Apr 2021 14:10 WIB "
Bareskrim Targetkan Kasus Unlawful Killing Dilimpahkan Sebelum Lebaran,https://news.detik.com/berita/d-5540990/bareskrim-targetkan-kasus-unlawful-killing-dilimpahkan-sebelum-lebaran,"
Rabu, 21 Apr 2021 15:28 WIB "
Komnas HAM Kembali Ingatkan Polri soal Rekomendasi Kasus Km 50,https://news.detik.com/berita/d-5536069/komnas-ham-kembali-ingatkan-polri-soal-rekomendasi-kasus-km-50,"
Sabtu, 17 Apr 2021 14:57 WIB "
Hehamahua Jelaskan Pemicu Analogi 'Musa-Firaun' Saat Ketemu Jokowi,https://news.detik.com/berita/d-5535173/hehamahua-jelaskan-pemicu-analogi-musa-firaun-saat-ketemu-jokowi,"
Jumat, 16 Apr 2021 16:47 WIB "
"Ikuti Arahan Jokowi, Bupati Ipuk: Fokus Pandemi dan Pemulihan Ekonomi",https://news.detik.com/berita-jawa-timur/d-5532754/ikuti-arahan-jokowi-bupati-ipuk-fokus-pandemi-dan-pemulihan-ekonomi,"
Rabu, 14 Apr 2021 20:43 WIB "
Setelah 3 Polisi Jadi Tersangka Unlawful Killing,https://news.detik.com/berita/d-5524105/setelah-3-polisi-jadi-tersangka-unlawful-killing,"
Rabu, 07 Apr 2021 20:01 WIB "
Polri Tolak Usul TP3 agar Eks Penyidik KPK Dilibatkan Usut Kasus Km 50,https://news.detik.com/berita/d-5523940/polri-tolak-usul-tp3-agar-eks-penyidik-kpk-dilibatkan-usut-kasus-km-50,"
Rabu, 07 Apr 2021 18:07 WIB "
TP3 Usul Mantan Penyidik KPK Dilibatkan Bantu Usut Kasus Km 50,https://news.detik.com/berita/d-5523401/tp3-usul-mantan-penyidik-kpk-dilibatkan-bantu-usut-kasus-km-50,"
Rabu, 07 Apr 2021 13:21 WIB "
TP3 Minta Polri Ungkap Identitas Polisi Tersangka Unlawful Killing Laskar FPI,https://news.detik.com/berita/d-5523317/tp3-minta-polri-ungkap-identitas-polisi-tersangka-unlawful-killing-laskar-fpi,"
Rabu, 07 Apr 2021 12:32 WIB "
Kabareskrim Pastikan Tindak Lanjuti 3 Rekomendasi Lain Komnas HAM soal 'Km 50',https://news.detik.com/berita/d-5522832/kabareskrim-pastikan-tindak-lanjuti-3-rekomendasi-lain-komnas-ham-soal-km-50,"
Selasa, 06 Apr 2021 21:47 WIB "
2 Polisi Tersangka Kasus Unlawful Killing Laskar FPI Belum Ditahan,https://news.detik.com/berita/d-5522710/2-polisi-tersangka-kasus-unlawful-killing-laskar-fpi-belum-ditahan,"
Selasa, 06 Apr 2021 19:44 WIB "
"3 Polisi Penembak Laskar FPI Jadi Tersangka, 2 Diproses Hukum!",https://news.detik.com/berita/d-5522540/3-polisi-penembak-laskar-fpi-jadi-tersangka-2-diproses-hukum,"
Selasa, 06 Apr 2021 18:09 WIB "
Komnas HAM: Polri Baru Laksanakan 1 dari 4 Rekomendasi soal 'KM 50',https://news.detik.com/berita/d-5522513/komnas-ham-polri-baru-laksanakan-1-dari-4-rekomendasi-soal-km-50,"
Selasa, 06 Apr 2021 18:00 WIB "
2 Anggota DPR Minta Komnas HAM Selidiki Tewasnya Polisi Penembak Laskar FPI,https://news.detik.com/berita/d-5522045/2-anggota-dpr-minta-komnas-ham-selidiki-tewasnya-polisi-penembak-laskar-fpi,"
Selasa, 06 Apr 2021 14:31 WIB "
Safari TP3 ke Senayan Desak Hak Angket Penembakan Laskar FPI,https://news.detik.com/berita/d-5521329/safari-tp3-ke-senayan-desak-hak-angket-penembakan-laskar-fpi,"
Senin, 05 Apr 2021 21:13 WIB "
"TP3 6 Laskar FPI Kini Temui Fraksi PAN DPR, Dorong Lagi Hak Angket",https://news.detik.com/berita/d-5520731/tp3-6-laskar-fpi-kini-temui-fraksi-pan-dpr-dorong-lagi-hak-angket,"
Senin, 05 Apr 2021 15:31 WIB "
IPW: Serangan Zakiah Aini untuk Buktikan Mabes Polri Bisa Diserang dari Dalam,https://news.detik.com/berita/d-5518659/ipw-serangan-zakiah-aini-untuk-buktikan-mabes-polri-bisa-diserang-dari-dalam,"
Sabtu, 03 Apr 2021 14:07 WIB "
"Minus Amien Rais, Tokoh TP3 Laskar FPI Temui Fraksi PKS di DPR",https://news.detik.com/berita/d-5513397/minus-amien-rais-tokoh-tp3-laskar-fpi-temui-fraksi-pks-di-dpr,"
Selasa, 30 Mar 2021 11:06 WIB "
Kapal Raksasa Ever Given Nyangkut di Terusan Suez Berhasil Mengapung Kembali,https://news.detik.com/bbc-world/d-5512128/kapal-raksasa-ever-given-nyangkut-di-terusan-suez-berhasil-mengapung-kembali,"
Senin, 29 Mar 2021 13:35 WIB "
Polisi Terlapor Penembak Laskar FPI Kecelakaan di Setu Tangsel,https://news.detik.com/berita/d-5510536/polisi-terlapor-penembak-laskar-fpi-kecelakaan-di-setu-tangsel,"
Sabtu, 27 Mar 2021 18:23 WIB "
Pemilik Yakin Kapal Raksasa Nyangkut di Terusan Suez Bisa Segera Dilepaskan,https://news.detik.com/bbc-world/d-5510327/pemilik-yakin-kapal-raksasa-nyangkut-di-terusan-suez-bisa-segera-dilepaskan,"
Sabtu, 27 Mar 2021 16:06 WIB "
Fakta Baru Polisi Penembak FPI Ternyata Tewas 2 Bulan Lalu,https://news.detik.com/berita/d-5509883/fakta-baru-polisi-penembak-fpi-ternyata-tewas-2-bulan-lalu,"
Sabtu, 27 Mar 2021 07:37 WIB "
"Bertemu dan Maafkan Penghinanya, Mahfud Md: Semangatnya Sesuai SE Kapolri",https://news.detik.com/berita/d-5509609/bertemu-dan-maafkan-penghinanya-mahfud-md-semangatnya-sesuai-se-kapolri,"
Jumat, 26 Mar 2021 20:40 WIB "
"Polisi Penembak Laskar FPI Tewas 4 Januari, Kenapa Baru Diungkap?",https://news.detik.com/berita/d-5509097/polisi-penembak-laskar-fpi-tewas-4-januari-kenapa-baru-diungkap,"
Jumat, 26 Mar 2021 16:46 WIB "
Polisi Penembak Laskar FPI Tewas Kecelakaan Tunggal 4 Januari,https://news.detik.com/berita/d-5508942/polisi-penembak-laskar-fpi-tewas-kecelakaan-tunggal-4-januari,"
Jumat, 26 Mar 2021 15:16 WIB "
"1 Penembak Laskar FPI Tewas Kecelakaan, PD Minta Polisi Terbuka",https://news.detik.com/berita/d-5508725/1-penembak-laskar-fpi-tewas-kecelakaan-pd-minta-polisi-terbuka,"
Jumat, 26 Mar 2021 13:15 WIB "
Habiburokhman Cari Detail 1 Polisi Penembak Laskar FPI Tewas Kecelakaan,https://news.detik.com/berita/d-5508378/habiburokhman-cari-detail-1-polisi-penembak-laskar-fpi-tewas-kecelakaan,"
Jumat, 26 Mar 2021 08:55 WIB "
Kompolnas Desak Polri Transparan soal 1 Penembak Laskar FPI Tewas Kecelakaan,https://news.detik.com/berita/d-5508307/kompolnas-desak-polri-transparan-soal-1-penembak-laskar-fpi-tewas-kecelakaan,"
Jumat, 26 Mar 2021 07:21 WIB "
"Kapal Raksasa Kandas Bikin Terusan Suez Macet, Kerugian Rp 43 T per Hari",https://news.detik.com/bbc-world/d-5507963/kapal-raksasa-kandas-bikin-terusan-suez-macet-kerugian-rp-43-t-per-hari,"
Kamis, 25 Mar 2021 19:08 WIB "
"1 Polisi Penembak Laskar FPI Tewas Kecelakaan, TP3 Minta Penjelasan Utuh",https://news.detik.com/berita/d-5507925/1-polisi-penembak-laskar-fpi-tewas-kecelakaan-tp3-minta-penjelasan-utuh,"
Kamis, 25 Mar 2021 18:50 WIB "
"Ditagih Utang Rp 51 M oleh Negara, Bambang Trihatmodjo Pilih Gugat PT Tata",https://news.detik.com/berita/d-5507781/ditagih-utang-rp-51-m-oleh-negara-bambang-trihatmodjo-pilih-gugat-pt-tata,"
Kamis, 25 Mar 2021 17:49 WIB "
Harga Minyak Naik Gegara Kapal Kontainer Raksasa Kandas di Terusan Suez,https://news.detik.com/bbc-world/d-5506910/harga-minyak-naik-gegara-kapal-kontainer-raksasa-kandas-di-terusan-suez,"
Kamis, 25 Mar 2021 09:36 WIB "
"Termasuk Polisi Punya 7 Anak, Ini Identitas Korban Penembakan Brutal di AS",https://news.detik.com/bbc-world/d-5506402/termasuk-polisi-punya-7-anak-ini-identitas-korban-penembakan-brutal-di-as,"
Rabu, 24 Mar 2021 19:09 WIB "
Bareskrim Sudah Kantongi Bukti soal Kasus Dugaan Unlawful Killing Laskar FPI,https://news.detik.com/berita/d-5502624/bareskrim-sudah-kantongi-bukti-soal-kasus-dugaan-unlawful-killing-laskar-fpi,"
Senin, 22 Mar 2021 12:33 WIB "
"Kasus Dugaan Unlawful Killing 4 Laskar FPI, Polisi akan Periksa Saksi Pekan Ini",https://news.detik.com/berita/d-5494179/kasus-dugaan-unlawful-killing-4-laskar-fpi-polisi-akan-periksa-saksi-pekan-ini,"
Senin, 15 Mar 2021 16:45 WIB "
"TP3 Duga Ada Eksekutor Lain di Kasus Km 50, Polri: Bawa Buktinya ke Penyidik",https://news.detik.com/berita/d-5493711/tp3-duga-ada-eksekutor-lain-di-kasus-km-50-polri-bawa-buktinya-ke-penyidik,"
Senin, 15 Mar 2021 12:32 WIB "
"Besok, Amien Rais Gelar Doa dan Tahlil Nasional Secara Virtual",https://news.detik.com/berita/d-5493620/besok-amien-rais-gelar-doa-dan-tahlil-nasional-secara-virtual,"
Senin, 15 Mar 2021 11:58 WIB "
Sniper dan Kekalahan Ahok di Pilkada DKI dalam Kasus Km 50,https://news.detik.com/berita/d-5492600/sniper-dan-kekalahan-ahok-di-pilkada-dki-dalam-kasus-km-50,"
Minggu, 14 Mar 2021 08:39 WIB "
"Komnas HAM: Jika TP3 Ada Bukti Eksekutor Lain Kasus Km 50, Bawa ke Polisi",https://news.detik.com/berita/d-5490454/komnas-ham-jika-tp3-ada-bukti-eksekutor-lain-kasus-km-50-bawa-ke-polisi,"
Jumat, 12 Mar 2021 10:46 WIB "
TP3 Tarik Unsur Pelanggaran HAM Berat di Km 50 hingga Pilkada DKI,https://news.detik.com/berita/d-5490443/tp3-tarik-unsur-pelanggaran-ham-berat-di-km-50-hingga-pilkada-dki,"
Jumat, 12 Mar 2021 10:38 WIB "
TP3 Sebut Ada Eksekutor Lain di Kasus Pembunuhan 6 Laskar FPI,https://news.detik.com/berita/d-5490241/tp3-sebut-ada-eksekutor-lain-di-kasus-pembunuhan-6-laskar-fpi,"
Jumat, 12 Mar 2021 06:44 WIB "
Di Balik Layar Pertemuan Jokowi dan TP3,https://news.detik.com/berita/d-5489209/di-balik-layar-pertemuan-jokowi-dan-tp3,"
Kamis, 11 Mar 2021 07:10 WIB "
"Gelar Perkara Kasus Unlawful Killing Laskar FPI, Polri Belum Tetapkan Tersangka",https://news.detik.com/berita/d-5488682/gelar-perkara-kasus-unlawful-killing-laskar-fpi-polri-belum-tetapkan-tersangka,"
Rabu, 10 Mar 2021 18:05 WIB "
"TP3 Mau Bawa Kasus Km 50 ke Pengadilan HAM, Komnas HAM: Silakan Saja",https://news.detik.com/berita/d-5488628/tp3-mau-bawa-kasus-km-50-ke-pengadilan-ham-komnas-ham-silakan-saja,"
Rabu, 10 Mar 2021 17:35 WIB "
"Polri Akan Gelar Perkara Kasus 'Km 50', Komnas HAM Tekankan Transparansi",https://news.detik.com/berita/d-5488509/polri-akan-gelar-perkara-kasus-km-50-komnas-ham-tekankan-transparansi,"
Rabu, 10 Mar 2021 16:29 WIB "
Cerita di Balik Pertemuan Jokowi dan Amien Rais dkk di Istana,https://news.detik.com/berita/d-5488352/cerita-di-balik-pertemuan-jokowi-dan-amien-rais-dkk-di-istana,"
Rabu, 10 Mar 2021 15:23 WIB "
"TP3 Mau Bawa Kasus Km 50 ke Pengadilan HAM, Gerindra Jelaskan Ketentuan UU",https://news.detik.com/berita/d-5487796/tp3-mau-bawa-kasus-km-50-ke-pengadilan-ham-gerindra-jelaskan-ketentuan-uu,"
Rabu, 10 Mar 2021 08:37 WIB "
TP3 Targetkan Bukti Pelanggaran HAM Berat Kasus Km 50 Rampung Akhir Maret,https://news.detik.com/berita/d-5487741/tp3-targetkan-bukti-pelanggaran-ham-berat-kasus-km-50-rampung-akhir-maret,"
Rabu, 10 Mar 2021 07:38 WIB "
"Kasus Km 50 Tak Bisa Dibawa ke Pengadilan HAM, Ini Penjelasan Komnas HAM",https://news.detik.com/berita/d-5487688/kasus-km-50-tak-bisa-dibawa-ke-pengadilan-ham-ini-penjelasan-komnas-ham,"
Rabu, 10 Mar 2021 06:23 WIB "
"TP3 Yakin Kasus Km 50 Pelanggaran HAM Berat, PPP: Alat Bukti Harus Jelas!",https://news.detik.com/berita/d-5487678/tp3-yakin-kasus-km-50-pelanggaran-ham-berat-ppp-alat-bukti-harus-jelas,"
Rabu, 10 Mar 2021 05:52 WIB "
6 Hal yang Diketahui dari Pertemuan Singkat Amien Rais dkk dan Jokowi,https://news.detik.com/berita/d-5487535/6-hal-yang-diketahui-dari-pertemuan-singkat-amien-rais-dkk-dan-jokowi,"
Selasa, 09 Mar 2021 21:32 WIB "
TP3: Presiden Jokowi Janji Tangani Kasus Km 50 dengan Transparan,https://news.detik.com/berita/d-5487229/tp3-presiden-jokowi-janji-tangani-kasus-km-50-dengan-transparan,"
Selasa, 09 Mar 2021 17:57 WIB "
Loyalis soal Amien Rais Temui Jokowi: Bukan Berarti Jadi Pendukung,https://news.detik.com/berita/d-5487071/loyalis-soal-amien-rais-temui-jokowi-bukan-berarti-jadi-pendukung,"
Selasa, 09 Mar 2021 16:11 WIB "
Bareskrim Polri Gelar Perkara Kasus 3 Polisi Tembak Laskar FPI Besok,https://news.detik.com/berita/d-5486849/bareskrim-polri-gelar-perkara-kasus-3-polisi-tembak-laskar-fpi-besok,"
Selasa, 09 Mar 2021 14:15 WIB "
Pernyataan Lengkap Pemerintah soal Amien Rais dkk Bertemu Jokowi Bahas Km 50,https://news.detik.com/berita/d-5486716/pernyataan-lengkap-pemerintah-soal-amien-rais-dkk-bertemu-jokowi-bahas-km-50,"
Selasa, 09 Mar 2021 12:59 WIB "
TP3 Laskar FPI Minta Kasus KM 50 Dibawa ke Pengadilan HAM,https://tv.detik.com/readvideo/2021/03/09/120547/210309051/170724519/tp3-laskar-fpi-minta-kasus-km-50-dibawa-ke-pengadilan-ham,"
Selasa, 09 Mar 2021 12:54 WIB "
Amien Rais dkk Klaim Punya Bukti Pelanggaran HAM Berat Km 50,https://news.detik.com/berita/d-5486677/amien-rais-dkk-klaim-punya-bukti-pelanggaran-ham-berat-km-50,"
Selasa, 09 Mar 2021 12:36 WIB "
Timeline TP3 Laskar FPI Surati Jokowi hingga Akhirnya Bertemu di Istana,https://news.detik.com/berita/d-5486658/timeline-tp3-laskar-fpi-surati-jokowi-hingga-akhirnya-bertemu-di-istana,"
Selasa, 09 Mar 2021 12:23 WIB "
"TP3 Yakin Kasus Km 50 Pelanggaran HAM Berat, Ini Aturannya Menurut UU",https://news.detik.com/berita/d-5486653/tp3-yakin-kasus-km-50-pelanggaran-ham-berat-ini-aturannya-menurut-uu,"
Selasa, 09 Mar 2021 12:17 WIB "
"Mahfud: TP3 Yakin Kasus Km 50 Pelanggaran HAM Berat, Tak Ada Bukti",https://news.detik.com/berita/d-5486583/mahfud-tp3-yakin-kasus-km-50-pelanggaran-ham-berat-tak-ada-bukti,"
Selasa, 09 Mar 2021 11:23 WIB "
"Mahfud Md Bicara Ejekan soal Orang Mati Jadi Tersangka, Beri Penjelasan",https://news.detik.com/berita/d-5486580/mahfud-md-bicara-ejekan-soal-orang-mati-jadi-tersangka-beri-penjelasan,"
Selasa, 09 Mar 2021 11:21 WIB "
Mahfud ke TP3: Sampaikan Kalau Ada Bukti Km 50 Pelanggaran HAM Berat,https://news.detik.com/berita/d-5486556/mahfud-ke-tp3-sampaikan-kalau-ada-bukti-km-50-pelanggaran-ham-berat,"
Selasa, 09 Mar 2021 11:07 WIB "
"Amien Rais dkk Ketemu Jokowi Tak Sampai 15 Menit, Bicara Pendek dan Serius",https://news.detik.com/berita/d-5486553/amien-rais-dkk-ketemu-jokowi-tak-sampai-15-menit-bicara-pendek-dan-serius,"
Selasa, 09 Mar 2021 11:05 WIB "
"Bertemu Jokowi, Amien Rais Minta Kasus Km 50 Dibawa ke Pengadilan HAM",https://news.detik.com/berita/d-5486548/bertemu-jokowi-amien-rais-minta-kasus-km-50-dibawa-ke-pengadilan-ham,"
Selasa, 09 Mar 2021 11:01 WIB "
"TP3 Bertemu Jokowi di Istana Bahas Kasus Km 50, Amien Rais Ikut Serta",https://news.detik.com/berita/d-5486487/tp3-bertemu-jokowi-di-istana-bahas-kasus-km-50-amien-rais-ikut-serta,"
Selasa, 09 Mar 2021 09:59 WIB "
PTUN Jakarta Beberkan Kemenangan Sri Mulyani Vs Bambang Trihatmodjo,https://news.detik.com/berita/d-5485283/ptun-jakarta-beberkan-kemenangan-sri-mulyani-vs-bambang-trihatmodjo,"
Senin, 08 Mar 2021 12:55 WIB "
KSP Sangkal TP3 soal Jokowi Tak Mau Tuntaskan Kasus Tewasnya Laskar FPI,https://news.detik.com/berita/d-5484307/ksp-sangkal-tp3-soal-jokowi-tak-mau-tuntaskan-kasus-tewasnya-laskar-fpi,"
Minggu, 07 Mar 2021 13:54 WIB "
"Myanmar Makin Mencekam, Puluhan Warga Coba Kabur ke India",https://news.detik.com/internasional/d-5484261/myanmar-makin-mencekam-puluhan-warga-coba-kabur-ke-india,"
Minggu, 07 Mar 2021 13:14 WIB "
"Meski Berakhir Damai, Petugas Kemenhub di Pasuruan Bantah Lempar Batu ke Truk",https://news.detik.com/berita-jawa-timur/d-5483843/meski-berakhir-damai-petugas-kemenhub-di-pasuruan-bantah-lempar-batu-ke-truk,"
Sabtu, 06 Mar 2021 19:29 WIB "
TP3: Jokowi Tunjukkan Sikap Unwilling Tuntaskan Kasus Tewasnya Laskar FPI,https://news.detik.com/berita/d-5483479/tp3-jokowi-tunjukkan-sikap-unwilling-tuntaskan-kasus-tewasnya-laskar-fpi,"
Sabtu, 06 Mar 2021 13:22 WIB "
"Amien Rais: Pak Jokowi Buka Dong Pintu Istana, TP3 Bukan Ingin Huru-hara",https://news.detik.com/berita/d-5483465/amien-rais-pak-jokowi-buka-dong-pintu-istana-tp3-bukan-ingin-huru-hara,"
Sabtu, 06 Mar 2021 12:59 WIB "
"Tak Puas Dibalas Kemenko Polhukam, TP3 6 Laskar FPI Surati Jokowi Lagi",https://news.detik.com/berita/d-5483439/tak-puas-dibalas-kemenko-polhukam-tp3-6-laskar-fpi-surati-jokowi-lagi,"
Sabtu, 06 Mar 2021 12:40 WIB "
Prediksi Kubu Bambang Trihatmodjo soal Gugatan vs Sri Mulyani Terbukti,https://news.detik.com/berita/d-5483187/prediksi-kubu-bambang-trihatmodjo-soal-gugatan-vs-sri-mulyani-terbukti,"
Sabtu, 06 Mar 2021 06:52 WIB "
Ketika Vaksinasi Monyet Dapat Menghentikan Pandemi,https://news.detik.com/bbc-world/d-5482788/ketika-vaksinasi-monyet-dapat-menghentikan-pandemi,"
Jumat, 05 Mar 2021 19:16 WIB "
Bareskrim Gelar Perkara Kasus 3 Polisi Tembak Laskar FPI Pekan Depan,https://news.detik.com/berita/d-5482319/bareskrim-gelar-perkara-kasus-3-polisi-tembak-laskar-fpi-pekan-depan,"
Jumat, 05 Mar 2021 15:17 WIB "
"Gugatan Ditolak PTUN, Kubu Bambang Trihatmodjo: Sudah Diprediksi",https://news.detik.com/berita/d-5481983/gugatan-ditolak-ptun-kubu-bambang-trihatmodjo-sudah-diprediksi,"
Jumat, 05 Mar 2021 11:50 WIB "
"Kasus 3 Polisi 'KM 50' Naik Penyidikan, PPP: Komitmen Kapolri Dilaksanakan",https://news.detik.com/berita/d-5481671/kasus-3-polisi-km-50-naik-penyidikan-ppp-komitmen-kapolri-dilaksanakan,"
Jumat, 05 Mar 2021 07:29 WIB "
Komisi III Yakin Kasus 3 Polisi 'KM 50' Naik Penyidikan Berdasar Bukti Valid,https://news.detik.com/berita/d-5481648/komisi-iii-yakin-kasus-3-polisi-km-50-naik-penyidikan-berdasar-bukti-valid,"
Jumat, 05 Mar 2021 06:42 WIB "
Polemik Mengemuka Kala Laskar FPI Hilang Nyawa tapi Jadi Tersangka,https://news.detik.com/berita/d-5481616/polemik-mengemuka-kala-laskar-fpi-hilang-nyawa-tapi-jadi-tersangka,"
Jumat, 05 Mar 2021 06:01 WIB "
Kasus Unlawful Killing Laskar FPI Mengarah ke 3 Polisi,https://news.detik.com/berita/d-5481607/kasus-unlawful-killing-laskar-fpi-mengarah-ke-3-polisi,"
Jumat, 05 Mar 2021 05:33 WIB "
Komisi III DPR Segera Rapat Bareng Kapolri soal 6 Laskar FPI yang Tewas,https://news.detik.com/berita/d-5481154/komisi-iii-dpr-segera-rapat-bareng-kapolri-soal-6-laskar-fpi-yang-tewas,"
Kamis, 04 Mar 2021 18:08 WIB "
Kejagung soal Status Tersangka 6 Laskar FPI: SPDP Sejak 20 Desember 2020,https://news.detik.com/berita/d-5481090/kejagung-soal-status-tersangka-6-laskar-fpi-spdp-sejak-20-desember-2020,"
Kamis, 04 Mar 2021 17:32 WIB "
3 Anggota Polda Metro Jaya Diduga Aniaya-Bunuh Laskar FPI Berstatus Terlapor,https://news.detik.com/berita/d-5480979/3-anggota-polda-metro-jaya-diduga-aniaya-bunuh-laskar-fpi-berstatus-terlapor,"
Kamis, 04 Mar 2021 16:35 WIB "
Pakar UGM: 6 Laskar FPI Tak Perlu Jadi Tersangka Meski Kemudian Digugurkan,https://news.detik.com/berita-jawa-tengah/d-5480770/pakar-ugm-6-laskar-fpi-tak-perlu-jadi-tersangka-meski-kemudian-digugurkan,"
Kamis, 04 Mar 2021 14:37 WIB "
Status Tersangka 6 Laskar FPI yang Tewas Gugur,https://news.detik.com/berita/d-5480634/status-tersangka-6-laskar-fpi-yang-tewas-gugur,"
Kamis, 04 Mar 2021 13:30 WIB "
PPP Kritik soal 6 Laskar FPI Tewas Jadi Tersangka: Tak Tepat Menurut Hukum,https://news.detik.com/berita/d-5480563/ppp-kritik-soal-6-laskar-fpi-tewas-jadi-tersangka-tak-tepat-menurut-hukum,"
Kamis, 04 Mar 2021 12:41 WIB "
"6 Laskar FPI Tewas Jadi Tersangka, Kabareskrim: Nanti Kita SP3",https://news.detik.com/berita/d-5480505/6-laskar-fpi-tewas-jadi-tersangka-kabareskrim-nanti-kita-sp3,"
Kamis, 04 Mar 2021 12:00 WIB "
"6 Laskar FPI Tewas Jadi Tersangka, Gerindra: Tak Bisa Lanjut ke Penuntutan",https://news.detik.com/berita/d-5480497/6-laskar-fpi-tewas-jadi-tersangka-gerindra-tak-bisa-lanjut-ke-penuntutan,"
Kamis, 04 Mar 2021 11:54 WIB "
Pakar Hukum Trisakti Kritik soal 6 Laskar FPI Tewas Jadi Tersangka: Konyol!,https://news.detik.com/berita/d-5480452/pakar-hukum-trisakti-kritik-soal-6-laskar-fpi-tewas-jadi-tersangka-konyol,"
Kamis, 04 Mar 2021 11:38 WIB "
"Diselidiki Bareskrim, 3 Anggota Polda Metro Diduga Aniaya-Bunuh Laskar FPI",https://news.detik.com/berita/d-5480404/diselidiki-bareskrim-3-anggota-polda-metro-diduga-aniaya-bunuh-laskar-fpi,"
Kamis, 04 Mar 2021 11:06 WIB "
"6 Laskar FPI yang Tewas Jadi Tersangka, Tim Advokasi: Mau Diapain?",https://news.detik.com/berita/d-5480232/6-laskar-fpi-yang-tewas-jadi-tersangka-tim-advokasi-mau-diapain,"
Kamis, 04 Mar 2021 09:10 WIB "
Polri Gunakan Pasal Pembunuhan-Penganiayaan di Kasus Unlawful Killing Km 50,https://news.detik.com/berita/d-5480192/polri-gunakan-pasal-pembunuhan-penganiayaan-di-kasus-unlawful-killing-km-50,"
Kamis, 04 Mar 2021 08:27 WIB "
Keluarga Korban Peristiwa KM 50 Mubahalah Sendiri tanpa Kehadiran Polisi,https://news.detik.com/berita/d-5480105/keluarga-korban-peristiwa-km-50-mubahalah-sendiri-tanpa-kehadiran-polisi,"
Kamis, 04 Mar 2021 04:13 WIB "
Bareskrim Polri Mulai Selidiki Dugaan Unlawful Killing 4 Laskar FPI,https://news.detik.com/berita/d-5480046/bareskrim-polri-mulai-selidiki-dugaan-unlawful-killing-4-laskar-fpi,"
Rabu, 03 Mar 2021 22:50 WIB "
6 Laskar FPI yang Tewas Jadi Tersangka Kasus 'Km 50',https://news.detik.com/berita/d-5480022/6-laskar-fpi-yang-tewas-jadi-tersangka-kasus-km-50,"
Rabu, 03 Mar 2021 22:09 WIB "
"Bareskrim Polri Ekspose Kasus 'Km 50' Bareng Kejagung, Ini Hasilnya",https://news.detik.com/berita/d-5479745/bareskrim-polri-ekspose-kasus-km-50-bareng-kejagung-ini-hasilnya,"
Rabu, 03 Mar 2021 18:49 WIB "
TP3 Undang Kapolda Metro dan 4 Polisi Lain Mubahalah soal Km 50,https://news.detik.com/berita/d-5479001/tp3-undang-kapolda-metro-dan-4-polisi-lain-mubahalah-soal-km-50,"
Rabu, 03 Mar 2021 12:16 WIB "
Polisi Nyatakan Pemotor yang Ditendang Paspampres Terindikasi Kebut-kebutan,https://news.detik.com/berita/d-5474056/polisi-nyatakan-pemotor-yang-ditendang-paspampres-terindikasi-kebut-kebutan,"
Sabtu, 27 Feb 2021 10:52 WIB "
Janji Kabareskrim Baru soal Kasus KM 50,https://news.detik.com/berita/d-5468795/janji-kabareskrim-baru-soal-kasus-km-50,"
Kamis, 25 Feb 2021 05:50 WIB "
Kabareskrim soal Kasus Km 50: Kapolri Tekankan Lakukan Rekomendasi Komnas HAM,https://news.detik.com/berita/d-5436058/kabareskrim-soal-kasus-km-50-kapolri-tekankan-lakukan-rekomendasi-komnas-ham,"
Rabu, 24 Feb 2021 17:14 WIB "
Bareskrim Akan Pilah-Pelajari Barang Bukti Hasil Investigasi Km 50 Komnas HAM,https://news.detik.com/berita/d-5376003/bareskrim-akan-pilah-pelajari-barang-bukti-hasil-investigasi-km-50-komnas-ham,"
Selasa, 16 Feb 2021 16:59 WIB "
"Serahkan Barang Bukti ke Polri, Komnas HAM Harap Kasus Km 50 Segera Selesai",https://news.detik.com/berita/d-5375998/serahkan-barang-bukti-ke-polri-komnas-ham-harap-kasus-km-50-segera-selesai,"
Selasa, 16 Feb 2021 16:57 WIB "
Komnas HAM Serahkan 16 Barang Bukti Investigasi Kasus Km 50 ke Polri,https://news.detik.com/berita/d-5375867/komnas-ham-serahkan-16-barang-bukti-investigasi-kasus-km-50-ke-polri,"
Selasa, 16 Feb 2021 15:32 WIB "
"Rapim di Mabes, Kapolri Minta Kasus Km 50 Segera Diselesaikan",https://news.detik.com/berita/d-5375796/rapim-di-mabes-kapolri-minta-kasus-km-50-segera-diselesaikan,"
Selasa, 16 Feb 2021 15:08 WIB "
Polri Akan Terima Barang Bukti Hasil Investigasi Komnas HAM soal Kasus Km 50,https://news.detik.com/berita/d-5375382/polri-akan-terima-barang-bukti-hasil-investigasi-komnas-ham-soal-kasus-km-50,"
Selasa, 16 Feb 2021 10:34 WIB "
Komnas HAM Serahkan Barang Bukti Hasil Investigasi Kasus Km 50 ke Polri Besok,https://news.detik.com/berita/d-5374050/komnas-ham-serahkan-barang-bukti-hasil-investigasi-kasus-km-50-ke-polri-besok,"
Senin, 15 Feb 2021 10:40 WIB "
Kualitas Jalan Tol Kita,https://news.detik.com/kolom/d-5372421/kualitas-jalan-tol-kita,"
Sabtu, 13 Feb 2021 09:46 WIB "
"Kasus 'Km 50', Polri Koordinasi ke Komnas HAM Minta Barang Bukti",https://news.detik.com/berita/d-5370614/kasus-km-50-polri-koordinasi-ke-komnas-ham-minta-barang-bukti,"
Kamis, 11 Feb 2021 16:46 WIB "
LPSK Kirim Tim Investigasi Terkait Kasus Tewasnya Herman di Balikpapan,https://news.detik.com/berita/d-5370609/lpsk-kirim-tim-investigasi-terkait-kasus-tewasnya-herman-di-balikpapan,"
Kamis, 11 Feb 2021 16:42 WIB "
Pengacara Hormati Putusan Hakim soal Gugatan Keluarga Laskar FPI,https://news.detik.com/berita/d-5367557/pengacara-hormati-putusan-hakim-soal-gugatan-keluarga-laskar-fpi,"
Selasa, 09 Feb 2021 15:51 WIB "
Dewan Pers Dorong Pemerintah Bentuk Regulasi bagi Media Sosial,https://news.detik.com/berita/d-5361124/dewan-pers-dorong-pemerintah-bentuk-regulasi-bagi-media-sosial,"
Kamis, 04 Feb 2021 14:40 WIB "
Polisi Bongkar Peredaran Liquid Cair Isi Narkoba di Riau,https://news.detik.com/berita/d-5361079/polisi-bongkar-peredaran-liquid-cair-isi-narkoba-di-riau,"
Kamis, 04 Feb 2021 14:14 WIB "
"Sidang Praperadilan, Polisi Sebut Penyitaan Barang Milik Laskar FPI Sah",https://news.detik.com/berita/d-5358272/sidang-praperadilan-polisi-sebut-penyitaan-barang-milik-laskar-fpi-sah,"
Selasa, 02 Feb 2021 15:54 WIB "
HNW Minta Kapolri Listyo Selesaikan Kasus Penembakan Laskar FPI,https://news.detik.com/berita/d-5352711/hnw-minta-kapolri-listyo-selesaikan-kasus-penembakan-laskar-fpi,"
Kamis, 28 Jan 2021 21:23 WIB "
Siapa Bergerak Sistemik Desak Komnas HAM Bikin 'KM 50' Langgar HAM Berat?,https://news.detik.com/berita/d-5351419/siapa-bergerak-sistemik-desak-komnas-ham-bikin-km-50-langgar-ham-berat,"
Kamis, 28 Jan 2021 06:11 WIB "
Kata Pengacara Laskar FPI soal Upaya Sistemik Desak 'Km 50' Langgar HAM Berat,https://news.detik.com/berita/d-5349947/kata-pengacara-laskar-fpi-soal-upaya-sistemik-desak-km-50-langgar-ham-berat,"
Rabu, 27 Jan 2021 07:15 WIB "
Geliat Gerakan Sistematis ke Komnas HAM agar 'KM 50' Langgar HAM Berat,https://news.detik.com/berita/d-5349918/geliat-gerakan-sistematis-ke-komnas-ham-agar-km-50-langgar-ham-berat,"
Rabu, 27 Jan 2021 06:30 WIB "
Ada Upaya Sistematis Desak Komnas HAM Simpulkan 'Km 50' Langgar HAM Berat,https://news.detik.com/berita/d-5349037/ada-upaya-sistematis-desak-komnas-ham-simpulkan-km-50-langgar-ham-berat,"
Selasa, 26 Jan 2021 14:13 WIB "
"Amien Rais dkk Bikin TP3, Gerindra: Jangan Politisasi Penembakan 6 Laskar FPI",https://news.detik.com/berita/d-5344203/amien-rais-dkk-bikin-tp3-gerindra-jangan-politisasi-penembakan-6-laskar-fpi,"
Jumat, 22 Jan 2021 12:24 WIB "
Munculnya TP3 Gugat Tewasnya 6 Laskar FPI Sebab Negara Tak Berduka,https://news.detik.com/berita/d-5343897/munculnya-tp3-gugat-tewasnya-6-laskar-fpi-sebab-negara-tak-berduka,"
Jumat, 22 Jan 2021 07:30 WIB "
"Kumpulkan Fakta Penembakan 6 Laskar FPI, TP3 Akan Buat Buku Putih",https://news.detik.com/berita/d-5343200/kumpulkan-fakta-penembakan-6-laskar-fpi-tp3-akan-buat-buku-putih,"
Kamis, 21 Jan 2021 17:03 WIB "
"Marah Putranya Diautopsi Polisi, Ayah Faiz Laskar FPI: Jahatnya Luar Biasa!",https://news.detik.com/berita/d-5343185/marah-putranya-diautopsi-polisi-ayah-faiz-laskar-fpi-jahatnya-luar-biasa,"
Kamis, 21 Jan 2021 16:58 WIB "
Polisi Sempat Datangi Konpers TP3 di Hotel Tanah Abang: Cek Prokes,https://news.detik.com/berita/d-5343159/polisi-sempat-datangi-konpers-tp3-di-hotel-tanah-abang-cek-prokes,"
Kamis, 21 Jan 2021 16:51 WIB "
TP3 soal Tewasnya 6 Laskar FPI: Apa Pun Alasannya Polisi Lampaui Kewenangan,https://news.detik.com/berita/d-5342859/tp3-soal-tewasnya-6-laskar-fpi-apa-pun-alasannya-polisi-lampaui-kewenangan,"
Kamis, 21 Jan 2021 13:51 WIB "
"Komjen Sigit Janji Lanjutkan Rekomendasi Km 50, Komnas HAM: Segera Lidik",https://news.detik.com/berita/d-5342272/komjen-sigit-janji-lanjutkan-rekomendasi-km-50-komnas-ham-segera-lidik,"
Kamis, 21 Jan 2021 05:38 WIB "
"PKS Tanya Insiden Km 50, Begini Jawaban Komjen Listyo Sigit",https://news.detik.com/berita/d-5341660/pks-tanya-insiden-km-50-begini-jawaban-komjen-listyo-sigit,"
Rabu, 20 Jan 2021 16:26 WIB "
"Di DPR, Listyo Sigit Prabowo Pastikan Tindak Lanjuti Komnas HAM soal Km 50",https://news.detik.com/berita/d-5341232/di-dpr-listyo-sigit-prabowo-pastikan-tindak-lanjuti-komnas-ham-soal-km-50,"
Rabu, 20 Jan 2021 12:57 WIB "
Mencuat Kasus Plagiat hingga Dugaan Korupsi Jelang Rektor USU Berganti,https://news.detik.com/berita/d-5340940/mencuat-kasus-plagiat-hingga-dugaan-korupsi-jelang-rektor-usu-berganti,"
Rabu, 20 Jan 2021 07:59 WIB "
Presidium Alumni 212 Harap Kapolri Baru Bisa Tuntaskan Kasus Pelanggaran HAM,https://news.detik.com/berita/d-5339156/presidium-alumni-212-harap-kapolri-baru-bisa-tuntaskan-kasus-pelanggaran-ham,"
Senin, 18 Jan 2021 18:57 WIB "
PP Muhammadiyah soal Tewasnya Laskar FPI: Harusnya Pelanggaran HAM Berat,https://news.detik.com/berita/d-5338837/pp-muhammadiyah-soal-tewasnya-laskar-fpi-harusnya-pelanggaran-ham-berat,"
Senin, 18 Jan 2021 16:57 WIB "
Babak Baru Investigasi Tewasnya Laskar FPI dari Titah Jokowi,https://news.detik.com/berita/d-5334697/babak-baru-investigasi-tewasnya-laskar-fpi-dari-titah-jokowi,"
Jumat, 15 Jan 2021 05:02 WIB "
"Tim Advokasi FPI Tak Puas Komnas HAM, Sebut Laskar Tewas Pelanggaran HAM Berat",https://news.detik.com/berita/d-5334643/tim-advokasi-fpi-tak-puas-komnas-ham-sebut-laskar-tewas-pelanggaran-ham-berat,"
Kamis, 14 Jan 2021 22:50 WIB "
Lisa Montgomery Jadi Perempuan Pertama yang Dieksekusi di AS dalam 70 Tahun,https://news.detik.com/bbc-world/d-5333888/lisa-montgomery-jadi-perempuan-pertama-yang-dieksekusi-di-as-dalam-70-tahun,"
Kamis, 14 Jan 2021 15:22 WIB "
"Mahfud soal Kasus Laskar FPI: Jika Kala Itu Bentuk TGPF, Nanti Dinyinyirin",https://news.detik.com/berita/d-5333665/mahfud-soal-kasus-laskar-fpi-jika-kala-itu-bentuk-tgpf-nanti-dinyinyirin,"
Kamis, 14 Jan 2021 13:30 WIB "
"Serahkan Laporan Detail Kasus Km 50 ke Jokowi, Ini Harapan Komnas HAM",https://news.detik.com/berita/d-5333650/serahkan-laporan-detail-kasus-km-50-ke-jokowi-ini-harapan-komnas-ham,"
Kamis, 14 Jan 2021 13:18 WIB "
Komnas HAM Tak Temukan Indikasi Pelanggaran HAM Berat soal Insiden Km 50,https://news.detik.com/berita/d-5333624/komnas-ham-tak-temukan-indikasi-pelanggaran-ham-berat-soal-insiden-km-50,"
Kamis, 14 Jan 2021 13:01 WIB "
Rektor hingga Dosen USU Terjerat Isu Plagiat,https://news.detik.com/berita/d-5333086/rektor-hingga-dosen-usu-terjerat-isu-plagiat,"
Rabu, 13 Jan 2021 23:04 WIB "
Lika-liku Komnas HAM Ungkap Kasus Laskar FPI di KM 50,https://news.detik.com/berita/d-5328656/lika-liku-komnas-ham-ungkap-kasus-laskar-fpi-di-km-50,"
Senin, 11 Jan 2021 07:05 WIB "
Desakan Dewan Agar Temuan Komnas HAM soal Laskar FPI Naik ke Meja Hijau,https://news.detik.com/berita/d-5327691/desakan-dewan-agar-temuan-komnas-ham-soal-laskar-fpi-naik-ke-meja-hijau,"
Minggu, 10 Jan 2021 06:14 WIB "
"Tindak Lanjuti Temuan Komnas HAM, Ini yang Akan Dilakukan Tim Khusus Polri",https://news.detik.com/berita/d-5327456/tindak-lanjuti-temuan-komnas-ham-ini-yang-akan-dilakukan-tim-khusus-polri,"
Sabtu, 09 Jan 2021 20:17 WIB "
"FPI Sebut Sumber Komnas HAM soal 6 Laskar Ditembak dari 1 Pihak, Faktanya?",https://news.detik.com/berita/d-5327223/fpi-sebut-sumber-komnas-ham-soal-6-laskar-ditembak-dari-1-pihak-faktanya,"
Sabtu, 09 Jan 2021 16:21 WIB "
Komnas HAM Kawal Timsus Polri Tindak Lanjuti Temuan soal Tewasnya Laskar FPI,https://news.detik.com/berita/d-5327172/komnas-ham-kawal-timsus-polri-tindak-lanjuti-temuan-soal-tewasnya-laskar-fpi,"
Sabtu, 09 Jan 2021 15:05 WIB "
Polri Jelaskan soal Pengambilan CCTV di Km 50: Untuk Kepentingan Penyidikan,https://news.detik.com/berita/d-5327152/polri-jelaskan-soal-pengambilan-cctv-di-km-50-untuk-kepentingan-penyidikan,"
Sabtu, 09 Jan 2021 14:39 WIB "
"Komnas HAM Ungkap Temuan Tewasnya Laskar FPI, Kapolri Bentuk Tim Khusus",https://news.detik.com/berita/d-5326868/komnas-ham-ungkap-temuan-tewasnya-laskar-fpi-kapolri-bentuk-tim-khusus,"
Sabtu, 09 Jan 2021 09:07 WIB "
6 Simpulan Komnas HAM Sebut Polisi Langgar HAM soal Tewasnya 4 Laskar,https://news.detik.com/berita/d-5326773/6-simpulan-komnas-ham-sebut-polisi-langgar-ham-soal-tewasnya-4-laskar,"
Sabtu, 09 Jan 2021 05:30 WIB "
Kapolri Bentuk Tim Khusus Usai Temuan Komnas HAM soal Tewasnya Laskar FPI,https://news.detik.com/berita/d-5326706/kapolri-bentuk-tim-khusus-usai-temuan-komnas-ham-soal-tewasnya-laskar-fpi,"
Jumat, 08 Jan 2021 23:02 WIB "
Komnas HAM: Polisi Perintahkan Saksi Hapus Rekaman di Rest Area Km 50 Tol Japek,https://news.detik.com/berita/d-5326702/komnas-ham-polisi-perintahkan-saksi-hapus-rekaman-di-rest-area-km-50-tol-japek,"
Jumat, 08 Jan 2021 22:51 WIB "
Harapan Ketua Presidium 212 Pasca Komnas HAM Ungkap Investigasi KM 50,https://news.detik.com/berita/d-5326683/harapan-ketua-presidium-212-pasca-komnas-ham-ungkap-investigasi-km-50,"
Jumat, 08 Jan 2021 21:03 WIB "
Konklusi Bentrokan Tak Terjadi Bila Laskar FPI Tak Tunggu Polisi,https://news.detik.com/berita/d-5326621/konklusi-bentrokan-tak-terjadi-bila-laskar-fpi-tak-tunggu-polisi,"
Jumat, 08 Jan 2021 21:03 WIB "
PKB soal Hasil Investigasi Komnas HAM: Jadi Tantangan Aparat Penegak Hukum,https://news.detik.com/berita/d-5326610/pkb-soal-hasil-investigasi-komnas-ham-jadi-tantangan-aparat-penegak-hukum,"
Jumat, 08 Jan 2021 20:55 WIB "
PPP Minta Polri Bawa Temuan Komnas HAM ke Ranah Pidana dan Etik,https://news.detik.com/berita/d-5326557/ppp-minta-polri-bawa-temuan-komnas-ham-ke-ranah-pidana-dan-etik,"
Jumat, 08 Jan 2021 20:27 WIB "
"Komnas HAM: Cukup Investigasi Kami, Tak Perlu Mahkamah Internasional",https://news.detik.com/berita/d-5326534/komnas-ham-cukup-investigasi-kami-tak-perlu-mahkamah-internasional,"
Jumat, 08 Jan 2021 20:13 WIB "
Polri Tindaklanjuti Rekomendasi Komnas HAM soal Tewasnya Laskar FPI,https://news.detik.com/berita/d-5326494/polri-tindaklanjuti-rekomendasi-komnas-ham-soal-tewasnya-laskar-fpi,"
Jumat, 08 Jan 2021 19:52 WIB "
"Lengkap, Ini Hasil Investigasi Komnas HAM soal Tewasnya Laskar FPI",https://news.detik.com/berita/d-5326469/lengkap-ini-hasil-investigasi-komnas-ham-soal-tewasnya-laskar-fpi,"
Jumat, 08 Jan 2021 19:24 WIB "
Komnas HAM Ungkap Ada Land Cruiser Jadi Perhatian Saksi Tewasnya 6 Laskar FPI,https://news.detik.com/berita/d-5326316/komnas-ham-ungkap-ada-land-cruiser-jadi-perhatian-saksi-tewasnya-6-laskar-fpi,"
Jumat, 08 Jan 2021 18:08 WIB "
Komnas HAM: Peristiwa Km 50 Tak Akan Terjadi Jika FPI Tak Tunggu Polisi,https://news.detik.com/berita/d-5326282/komnas-ham-peristiwa-km-50-tak-akan-terjadi-jika-fpi-tak-tunggu-polisi,"
Jumat, 08 Jan 2021 17:58 WIB "
Kesimpulan Lengkap dan Rekomendasi Komnas HAM soal Penembakan Laskar FPI,https://news.detik.com/berita/d-5326226/kesimpulan-lengkap-dan-rekomendasi-komnas-ham-soal-penembakan-laskar-fpi,"
Jumat, 08 Jan 2021 17:43 WIB "
Komnas HAM Rekomendasikan Tewasnya Laskar FPI Dilanjutkan ke Pengadilan,https://news.detik.com/berita/d-5326168/komnas-ham-rekomendasikan-tewasnya-laskar-fpi-dilanjutkan-ke-pengadilan,"
Jumat, 08 Jan 2021 17:14 WIB "
Begini Beda Konteks Penembakan Laskar FPI Sebelum dan Pasca Km 50,https://news.detik.com/berita/d-5326165/begini-beda-konteks-penembakan-laskar-fpi-sebelum-dan-pasca-km-50,"
Jumat, 08 Jan 2021 17:12 WIB "
Komnas HAM: Petugas Langgar HAM dalam Penembakan 4 Laskar FPI Pasca Km 50,https://news.detik.com/berita/d-5326138/komnas-ham-petugas-langgar-ham-dalam-penembakan-4-laskar-fpi-pasca-km-50,"
Jumat, 08 Jan 2021 16:51 WIB "
Komnas HAM Segera Sampaikan Hasil Temuan Insiden Km 50 Tol Japek ke Presiden,https://news.detik.com/berita/d-5325632/komnas-ham-segera-sampaikan-hasil-temuan-insiden-km-50-tol-japek-ke-presiden,"
Jumat, 08 Jan 2021 10:37 WIB "
Polri Telah Periksa 83 Saksi Kasus Penembakan Pengikut HRS di Km 50,https://news.detik.com/berita/d-5323420/polri-telah-periksa-83-saksi-kasus-penembakan-pengikut-hrs-di-km-50,"
Rabu, 06 Jan 2021 16:49 WIB "
"Pekan Ini, Komnas HAM Akan Tampilkan Screenshot soal Insiden Km 50 Tol Japek",https://news.detik.com/berita/d-5323395/pekan-ini-komnas-ham-akan-tampilkan-screenshot-soal-insiden-km-50-tol-japek,"
Rabu, 06 Jan 2021 16:35 WIB "
Kronologi Kejadian Km 50 Tol Japek Versi Komnas HAM Beda dengan Polri,https://news.detik.com/berita/d-5322242/kronologi-kejadian-km-50-tol-japek-versi-komnas-ham-beda-dengan-polri,"
Selasa, 05 Jan 2021 19:17 WIB "
Polri: Anggota Polda Metro Sudah Diperiksa Propam soal Insiden di Km 50,https://news.detik.com/berita/d-5320414/polri-anggota-polda-metro-sudah-diperiksa-propam-soal-insiden-di-km-50,"
Senin, 04 Jan 2021 15:41 WIB "
Komnas HAM-Polisi Gelar Uji Rekonstruksi Terkait Tewasnya 6 Pengikut HRS,https://news.detik.com/berita/d-5320413/komnas-ham-polisi-gelar-uji-rekonstruksi-terkait-tewasnya-6-pengikut-hrs,"
Senin, 04 Jan 2021 15:40 WIB "
Eks Ketua FPI Jabar Minta Kasus Penembakan 6 Laskar Diusut Tuntas,https://news.detik.com/berita-jawa-barat/d-5320274/eks-ketua-fpi-jabar-minta-kasus-penembakan-6-laskar-diusut-tuntas,"
Senin, 04 Jan 2021 14:38 WIB "
Polisi Penuhi Panggilan Komnas HAM Terkait Tewasnya 6 Pengikut HRS,https://news.detik.com/berita/d-5319949/polisi-penuhi-panggilan-komnas-ham-terkait-tewasnya-6-pengikut-hrs,"
Senin, 04 Jan 2021 11:32 WIB "
"Hari Ini, Komnas HAM Minta Keterangan Polisi soal Tewasnya 6 Pengikut HRS",https://news.detik.com/berita/d-5319775/hari-ini-komnas-ham-minta-keterangan-polisi-soal-tewasnya-6-pengikut-hrs,"
Senin, 04 Jan 2021 08:33 WIB "
Komnas HAM Umumkan Hasil Investigasi Insiden Km 50 Tol Japek 2 Pekan Lagi,https://news.detik.com/berita/d-5318547/komnas-ham-umumkan-hasil-investigasi-insiden-km-50-tol-japek-2-pekan-lagi,"
Sabtu, 02 Jan 2021 17:12 WIB "
"Dilarang Pemerintah, FPI Kuningan: Pengalihan Isu Penembakan 6 Laskar",https://news.detik.com/berita-jawa-barat/d-5316028/dilarang-pemerintah-fpi-kuningan-pengalihan-isu-penembakan-6-laskar,"
Kamis, 31 Des 2020 09:58 WIB "
"Uji Balistik Insiden Km 50 Tol Japek, Komnas HAM Libatkan Ahli dari Pindad",https://news.detik.com/berita/d-5315814/uji-balistik-insiden-km-50-tol-japek-komnas-ham-libatkan-ahli-dari-pindad,"
Rabu, 30 Des 2020 23:27 WIB "
Bareskrim Dampingi Komnas HAM Uji Balistik Terkait Tewasnya 6 Laskar FPI,https://news.detik.com/berita/d-5314997/bareskrim-dampingi-komnas-ham-uji-balistik-terkait-tewasnya-6-laskar-fpi,"
Rabu, 30 Des 2020 15:01 WIB "
"Komnas HAM Ungkap Temuan soal Tewasnya Laskar FPI, Polri: Kami Terbuka",https://news.detik.com/berita/d-5312209/komnas-ham-ungkap-temuan-soal-tewasnya-laskar-fpi-polri-kami-terbuka,"
Senin, 28 Des 2020 16:26 WIB "
Mahfud Md Dukung Komnas HAM di Kasus 6 Laskar FPI: Katakan Kalau Polisi Salah,https://news.detik.com/berita/d-5311911/mahfud-md-dukung-komnas-ham-di-kasus-6-laskar-fpi-katakan-kalau-polisi-salah,"
Senin, 28 Des 2020 13:34 WIB "
Pemerintah Tak Akan Bikin TGPF Tewasnya 6 Laskar FPI: Urusan Komnas HAM,https://news.detik.com/berita/d-5311891/pemerintah-tak-akan-bikin-tgpf-tewasnya-6-laskar-fpi-urusan-komnas-ham,"
Senin, 28 Des 2020 13:18 WIB "
"Selidiki 6 Laskar FPI Tewas, Komnas HAM Terima Doxing dan Serangan Personal",https://news.detik.com/berita/d-5311869/selidiki-6-laskar-fpi-tewas-komnas-ham-terima-doxing-dan-serangan-personal,"
Senin, 28 Des 2020 13:09 WIB "
Wisatawan Antre Tes Rapid Antigen di Rest Area Km 57 Tol Cikampek,https://news.detik.com/berita-jawa-barat/d-5307990/wisatawan-antre-tes-rapid-antigen-di-rest-area-km-57-tol-cikampek,"
Kamis, 24 Des 2020 13:30 WIB "
"6 Keluarga Laskar Tolak Diperiksa, Polri: Tak Pengaruhi Perkara",https://news.detik.com/berita/d-5305834/6-keluarga-laskar-tolak-diperiksa-polri-tak-pengaruhi-perkara,"
Selasa, 22 Des 2020 19:49 WIB "
"Komnas HAM-Polisi Cek Mobil Laskar FPI, Komisi III: Bukti Transparansi",https://news.detik.com/berita/d-5304689/komnas-ham-polisi-cek-mobil-laskar-fpi-komisi-iii-bukti-transparansi,"
Selasa, 22 Des 2020 08:06 WIB "
"Cek Mobil Penembakan 6 Laskar FPI, Ini Hasil yang Dikantongi Komnas HAM",https://news.detik.com/berita/d-5304670/cek-mobil-penembakan-6-laskar-fpi-ini-hasil-yang-dikantongi-komnas-ham,"
Selasa, 22 Des 2020 07:15 WIB "
Menanti Investigasi Komnas HAM soal Mobil 6 Laskar FPI,https://news.detik.com/berita/d-5304659/menanti-investigasi-komnas-ham-soal-mobil-6-laskar-fpi,"
Selasa, 22 Des 2020 06:31 WIB "
Adu Bukti soal Tewasnya Laskar di Komnas HAM antara Polri dan FPI,https://news.detik.com/berita/d-5304427/adu-bukti-soal-tewasnya-laskar-di-komnas-ham-antara-polri-dan-fpi,"
Senin, 21 Des 2020 20:09 WIB "
Komnas HAM Minta FPI Hadirkan 4 Laskar Beri Kesaksian soal Insiden Km 50,https://news.detik.com/berita/d-5304319/komnas-ham-minta-fpi-hadirkan-4-laskar-beri-kesaksian-soal-insiden-km-50,"
Senin, 21 Des 2020 18:56 WIB "
Komnas HAM Tunggu Hasil Uji Balistik-Cek Darah soal Tewasnya 6 Laskar FPI,https://news.detik.com/berita/d-5304169/komnas-ham-tunggu-hasil-uji-balistik-cek-darah-soal-tewasnya-6-laskar-fpi,"
Senin, 21 Des 2020 18:02 WIB "
FPI Sampaikan Keluhan Keluarga 6 Laskar FPI ke Komnas HAM: Ada Tekanan-Teror,https://news.detik.com/berita/d-5304103/fpi-sampaikan-keluhan-keluarga-6-laskar-fpi-ke-komnas-ham-ada-tekanan-teror,"
Senin, 21 Des 2020 17:22 WIB "
"Cek Mobil Penembakan 6 Laskar FPI, Komnas HAM Apresiasi Transparansi Polri",https://news.detik.com/berita/d-5304066/cek-mobil-penembakan-6-laskar-fpi-komnas-ham-apresiasi-transparansi-polri,"
Senin, 21 Des 2020 17:10 WIB "
Kabareskrim soal Tewasnya 6 Laskar FPI: Kami Analisa CCTV yang Ada,https://news.detik.com/berita/d-5304028/kabareskrim-soal-tewasnya-6-laskar-fpi-kami-analisa-cctv-yang-ada,"
Senin, 21 Des 2020 16:51 WIB "
"78 Saksi, Ini Pihak-pihak yang Diperiksa soal Tewasnya 6 Laskar FPI",https://news.detik.com/berita/d-5304023/78-saksi-ini-pihak-pihak-yang-diperiksa-soal-tewasnya-6-laskar-fpi,"
Senin, 21 Des 2020 16:49 WIB "
"Bareskrim Tunggu Komnas HAM soal 6 Laskar FPI Tewas, Siap Beri Data",https://news.detik.com/berita/d-5304022/bareskrim-tunggu-komnas-ham-soal-6-laskar-fpi-tewas-siap-beri-data,"
Senin, 21 Des 2020 16:48 WIB "
"FPI Datangi Komnas HAM, Serahkan Bukti Penembakan 6 Laskar di Km 50 Tol Japek",https://news.detik.com/berita/d-5303388/fpi-datangi-komnas-ham-serahkan-bukti-penembakan-6-laskar-di-km-50-tol-japek,"
Senin, 21 Des 2020 10:39 WIB "
Bareskrim Akan Tunjukkan Bukti Insiden Bentrok Laskar FPI-Polisi ke Komnas HAM,https://news.detik.com/berita/d-5303350/bareskrim-akan-tunjukkan-bukti-insiden-bentrok-laskar-fpi-polisi-ke-komnas-ham,"
Senin, 21 Des 2020 10:19 WIB "
Komnas HAM Surati Kabareskrim untuk Periksa Mobil 6 Laskar FPI yang Tewas,https://news.detik.com/berita/d-5302927/komnas-ham-surati-kabareskrim-untuk-periksa-mobil-6-laskar-fpi-yang-tewas,"
Minggu, 20 Des 2020 18:44 WIB "
Polri: Senjata Api Diduga Milik Laskar FPI Bukan Pabrikan,https://news.detik.com/berita/d-5302579/polri-senjata-api-diduga-milik-laskar-fpi-bukan-pabrikan,"
Minggu, 20 Des 2020 13:46 WIB "
Komnas HAM Akan Periksa Mobil Polisi dan FPI soal 6 Laskar Tewas Ditembak,https://news.detik.com/berita/d-5301938/komnas-ham-akan-periksa-mobil-polisi-dan-fpi-soal-6-laskar-tewas-ditembak,"
Sabtu, 19 Des 2020 17:24 WIB "
Potensi Tersangka di Tewasnya 6 Laskar FPI Ditelisik Polisi dari Ahli,https://news.detik.com/berita/d-5301340/potensi-tersangka-di-tewasnya-6-laskar-fpi-ditelisik-polisi-dari-ahli,"
Sabtu, 19 Des 2020 05:18 WIB "
Pakar ISSES Membedah Aksi 1812,https://news.detik.com/berita/d-5301307/pakar-isses-membedah-aksi-1812,"
Sabtu, 19 Des 2020 00:03 WIB "
Massa Muslim Malang Bersatu Tuntut Habib Rizieq Dibebaskan,https://news.detik.com/berita-jawa-timur/d-5300519/massa-muslim-malang-bersatu-tuntut-habib-rizieq-dibebaskan,"
Jumat, 18 Des 2020 15:31 WIB "
"Emak-emak Berkaus HRS ke Komnas HAM, Dukung Pengusutan Penembakan Laskar FPI",https://news.detik.com/berita/d-5300471/emak-emak-berkaus-hrs-ke-komnas-ham-dukung-pengusutan-penembakan-laskar-fpi,"
Jumat, 18 Des 2020 15:08 WIB "
NasDem: Kabareskrim Transparan soal Penembakan 6 Laskar FPI,https://news.detik.com/berita/d-5300396/nasdem-kabareskrim-transparan-soal-penembakan-6-laskar-fpi,"
Jumat, 18 Des 2020 14:28 WIB "
Bareskrim Surati Dewan Pers soal Status Wartawan Edy Mulyadi,https://news.detik.com/berita/d-5300352/bareskrim-surati-dewan-pers-soal-status-wartawan-edy-mulyadi,"
Jumat, 18 Des 2020 14:07 WIB "
"Panggil Ahli, Polisi Dalami Potensi Tersangka Lain di Tewasnya 6 Laskar FPI",https://news.detik.com/berita/d-5300207/panggil-ahli-polisi-dalami-potensi-tersangka-lain-di-tewasnya-6-laskar-fpi,"
Jumat, 18 Des 2020 13:00 WIB "
Bareskrim Periksa 15 Saksi Baru dari Lokasi Penembakan 6 Laskar FPI,https://news.detik.com/berita/d-5300121/bareskrim-periksa-15-saksi-baru-dari-lokasi-penembakan-6-laskar-fpi,"
Jumat, 18 Des 2020 11:27 WIB "
Wartawan Edy Mulyadi Bantah Bayar Saksi untuk Wawancara soal Laskar FPI,https://news.detik.com/berita/d-5299716/wartawan-edy-mulyadi-bantah-bayar-saksi-untuk-wawancara-soal-laskar-fpi,"
Jumat, 18 Des 2020 00:13 WIB "
"Dicecar 26 Pertanyaan soal Km 50, Wartawan Edy Mulyadi Sempat Tolak Diperiksa",https://news.detik.com/berita/d-5299680/dicecar-26-pertanyaan-soal-km-50-wartawan-edy-mulyadi-sempat-tolak-diperiksa,"
Kamis, 17 Des 2020 22:53 WIB "
Jabar Hari Ini: Artis TA Diduga Terlibat Prostitusi-Gelombang Aksi Bela HRS,https://news.detik.com/berita-jawa-barat/d-5299491/jabar-hari-ini-artis-ta-diduga-terlibat-prostitusi-gelombang-aksi-bela-hrs,"
Kamis, 17 Des 2020 19:55 WIB "
"Kerumunan di Aksi Bela HRS, Ini Kata Plt Walkot Cimahi",https://news.detik.com/berita-jawa-barat/d-5299196/kerumunan-di-aksi-bela-hrs-ini-kata-plt-walkot-cimahi,"
Kamis, 17 Des 2020 17:11 WIB "
Massa Kembali Geruduk Polres Kuningan Desak Habib Rizieq Dibebaskan,https://news.detik.com/berita-jawa-barat/d-5299021/massa-kembali-geruduk-polres-kuningan-desak-habib-rizieq-dibebaskan,"
Kamis, 17 Des 2020 16:12 WIB "
LPPI Apresiasi Komitmen Kabareskrim untuk Terbuka di Kasus 'KM 50',https://news.detik.com/berita/d-5299007/lppi-apresiasi-komitmen-kabareskrim-untuk-terbuka-di-kasus-km-50,"
Kamis, 17 Des 2020 14:57 WIB "
Polri Periksa Vendor CCTV Tol Japek-Edy Mulyadi soal Penembakan Laskar FPI,https://news.detik.com/berita/d-5298738/polri-periksa-vendor-cctv-tol-japek-edy-mulyadi-soal-penembakan-laskar-fpi,"
Kamis, 17 Des 2020 13:37 WIB "
PKB Yakin Bareskrim Kerja Cepat-Transparan Ungkap Insiden Tewasnya 6 Laskar FPI,https://news.detik.com/berita/d-5298609/pkb-yakin-bareskrim-kerja-cepat-transparan-ungkap-insiden-tewasnya-6-laskar-fpi,"
Kamis, 17 Des 2020 12:08 WIB "
Live d'Rooftalk: Tewasnya 6 Laskar FPI Pengawal Habib Rizieq,https://news.detik.com/berita/d-5297355/live-drooftalk-tewasnya-6-laskar-fpi-pengawal-habib-rizieq,"
Rabu, 16 Des 2020 14:26 WIB "
"Lanjut Usut Penembakan 6 Laskar FPI, Komnas HAM Akan Panggil Dirkrimum PMJ",https://news.detik.com/berita/d-5296840/lanjut-usut-penembakan-6-laskar-fpi-komnas-ham-akan-panggil-dirkrimum-pmj,"
Rabu, 16 Des 2020 08:34 WIB "
Polisi Panggil Ulang Wartawan Edy Mulyadi soal Penembakan 6 Laskar FPI,https://news.detik.com/berita/d-5296615/polisi-panggil-ulang-wartawan-edy-mulyadi-soal-penembakan-6-laskar-fpi,"
Selasa, 15 Des 2020 22:41 WIB "
"Pernyataan Lengkap Kabareskrim, Tegaskan Profesional Tangani Kasus 'KM 50'",https://news.detik.com/berita/d-5296371/pernyataan-lengkap-kabareskrim-tegaskan-profesional-tangani-kasus-km-50,"
Selasa, 15 Des 2020 19:23 WIB "
2 Perbedaan Rekonstruksi Polisi dan Komnas HAM soal Penembakan Laskar FPI,https://news.detik.com/berita/d-5296303/2-perbedaan-rekonstruksi-polisi-dan-komnas-ham-soal-penembakan-laskar-fpi,"
Selasa, 15 Des 2020 18:42 WIB "
"Desak Habib Rizieq Dibebaskan, Massa Datangi Polresta Bogor",https://news.detik.com/berita-jawa-barat/d-5296138/desak-habib-rizieq-dibebaskan-massa-datangi-polresta-bogor,"
Selasa, 15 Des 2020 17:48 WIB "
"Soal Laskar FPI Tewas, Kabareskrim: Kami Selalu Buka Ruang Informasi Baru",https://news.detik.com/berita/d-5295860/soal-laskar-fpi-tewas-kabareskrim-kami-selalu-buka-ruang-informasi-baru,"
Selasa, 15 Des 2020 15:18 WIB "
Kabareskrim Jamin Transparan di Kasus 'Km 50': Libatkan Pengawas Eksternal,https://news.detik.com/berita/d-5295850/kabareskrim-jamin-transparan-di-kasus-km-50-libatkan-pengawas-eksternal,"
Selasa, 15 Des 2020 15:12 WIB "
Kabareskrim soal Rekonstruksi Tewasnya 6 Laskar FPI: Belum Hasil Final,https://news.detik.com/berita/d-5295832/kabareskrim-soal-rekonstruksi-tewasnya-6-laskar-fpi-belum-hasil-final,"
Selasa, 15 Des 2020 14:59 WIB "
Suara Seiya Sekata Saat Jokowi Serukan Warga Tak Boleh Semena-mena,https://news.detik.com/berita/d-5295117/suara-seiya-sekata-saat-jokowi-serukan-warga-tak-boleh-semena-mena,"
Senin, 14 Des 2020 21:35 WIB "
9 Hal Terungkap dari Rekonstruksi Penembakan 6 Laskar FPI di 4 Lokasi,https://news.detik.com/berita/d-5295079/9-hal-terungkap-dari-rekonstruksi-penembakan-6-laskar-fpi-di-4-lokasi,"
Senin, 14 Des 2020 21:02 WIB "
Jabar Hari Ini: Remaja Tewas Dikeroyok Geng Motor-8 Daerah Zona Merah,https://news.detik.com/berita-jawa-barat/d-5295005/jabar-hari-ini-remaja-tewas-dikeroyok-geng-motor-8-daerah-zona-merah,"
Senin, 14 Des 2020 20:00 WIB "
Wartawan Edy Mulyadi Absen Panggilan Polisi soal Penembakan 6 Laskar FPI,https://news.detik.com/berita/d-5295004/wartawan-edy-mulyadi-absen-panggilan-polisi-soal-penembakan-6-laskar-fpi,"
Senin, 14 Des 2020 19:59 WIB "
Komnas HAM Hormati Polri Rekonstruksi Penembakan Laskar FPI: Itu Versi Mereka,https://news.detik.com/berita/d-5294391/komnas-ham-hormati-polri-rekonstruksi-penembakan-laskar-fpi-itu-versi-mereka,"
Senin, 14 Des 2020 14:14 WIB "
Bareskrim Panggil Wartawan Edy Mulyadi soal Penembakan 6 Laskar FPI,https://news.detik.com/berita/d-5294191/bareskrim-panggil-wartawan-edy-mulyadi-soal-penembakan-6-laskar-fpi,"
Senin, 14 Des 2020 12:27 WIB "
"Polri Rekonstruksi Penembakan 6 Laskar, Ini Kata Pengacara FPI",https://news.detik.com/berita/d-5294079/polri-rekonstruksi-penembakan-6-laskar-ini-kata-pengacara-fpi,"
Senin, 14 Des 2020 11:00 WIB "
PKB soal Jokowi Sebut Warga Tak Boleh Semena-mena: Semua Harus Taat Hukum,https://news.detik.com/berita/d-5293903/pkb-soal-jokowi-sebut-warga-tak-boleh-semena-mena-semua-harus-taat-hukum,"
Senin, 14 Des 2020 08:38 WIB "
Polisi Jelaskan Detik-detik Penembakan 6 Laskar FPI di 4 Titik,https://news.detik.com/berita/d-5293902/polisi-jelaskan-detik-detik-penembakan-6-laskar-fpi-di-4-titik,"
Senin, 14 Des 2020 08:31 WIB "
Muhammadiyah Setuju Pernyataan Jokowi: Semua Pihak Harus Patuhi Hukum,https://news.detik.com/berita/d-5293896/muhammadiyah-setuju-pernyataan-jokowi-semua-pihak-harus-patuhi-hukum,"
Senin, 14 Des 2020 08:21 WIB "
"Jokowi Minta Warga Tak Boleh Semena-mena, NasDem: Jelas dan Proporsional",https://news.detik.com/berita/d-5293890/jokowi-minta-warga-tak-boleh-semena-mena-nasdem-jelas-dan-proporsional,"
Senin, 14 Des 2020 08:06 WIB "
Elite PDIP soal Pernyataan Jokowi: Negara Tak Boleh Kalah dengan Penekan,https://news.detik.com/berita/d-5293885/elite-pdip-soal-pernyataan-jokowi-negara-tak-boleh-kalah-dengan-penekan,"
Senin, 14 Des 2020 07:57 WIB "
"Gelar Rekonstruksi Kontak Tembak Polisi-FPI, Polri: Polisi Transparan",https://news.detik.com/berita/d-5293853/gelar-rekonstruksi-kontak-tembak-polisi-fpi-polri-polisi-transparan,"
Senin, 14 Des 2020 07:22 WIB "
"Pernyataan Jokowi Soal Warga Tak Boleh Semena-mena, PGI: Negara Ini Punya Hukum",https://news.detik.com/berita/d-5293848/pernyataan-jokowi-soal-warga-tak-boleh-semena-mena-pgi-negara-ini-punya-hukum,"
Senin, 14 Des 2020 07:15 WIB "
"Jokowi Minta Aparat Lindungi HAM, Ini Tanggapan Pengacara FPI",https://news.detik.com/berita/d-5293842/jokowi-minta-aparat-lindungi-ham-ini-tanggapan-pengacara-fpi,"
Senin, 14 Des 2020 06:54 WIB "
Komnas HAM soal Pernyataan Jokowi: Kami Akan Tindaklanjuti Setiap Aduan,https://news.detik.com/berita/d-5293824/komnas-ham-soal-pernyataan-jokowi-kami-akan-tindaklanjuti-setiap-aduan,"
Senin, 14 Des 2020 06:00 WIB "
PHDI Setuju Pernyataan Jokowi Soal Penegakkan Hukum Secara Tegas dan Adil,https://news.detik.com/berita/d-5293806/phdi-setuju-pernyataan-jokowi-soal-penegakkan-hukum-secara-tegas-dan-adil,"
Senin, 14 Des 2020 04:23 WIB "
Polda Metro: Rekonstruksi Kontak Tembak Polisi-FPI Ada 4 Titik,https://news.detik.com/berita/d-5293776/polda-metro-rekonstruksi-kontak-tembak-polisi-fpi-ada-4-titik,"
Senin, 14 Des 2020 00:20 WIB "
Komnas HAM Panggil Kapolda Metro Soal Kontak Senjata di Tol Japek Besok,https://news.detik.com/berita/d-5293747/komnas-ham-panggil-kapolda-metro-soal-kontak-senjata-di-tol-japek-besok,"
Minggu, 13 Des 2020 22:58 WIB "
Polisi Gelar Rekonstruksi Penembakan 6 Laskar FPI Nanti Malam,https://news.detik.com/berita/d-5293580/polisi-gelar-rekonstruksi-penembakan-6-laskar-fpi-nanti-malam,"
Minggu, 13 Des 2020 17:48 WIB "
"Jokowi: Masyarakat Tak Boleh Semena-mena, Aparat Wajib Lindungi HAM",https://news.detik.com/berita/d-5293376/jokowi-masyarakat-tak-boleh-semena-mena-aparat-wajib-lindungi-ham,"
Minggu, 13 Des 2020 13:54 WIB "
Kompolnas Akan Kawal Pengusutan Kasus Penembakan 6 Laskar FPI,https://news.detik.com/berita/d-5292994/kompolnas-akan-kawal-pengusutan-kasus-penembakan-6-laskar-fpi,"
Minggu, 13 Des 2020 05:04 WIB "
Deretan Hoax Meliputi FPI,https://news.detik.com/berita/d-5292864/deretan-hoax-meliputi-fpi,"
Sabtu, 12 Des 2020 21:34 WIB "
"6 Laskar FPI Tewas Tertembak, PWNU Jatim Minta Polisi Lebih Humanis",https://news.detik.com/berita-jawa-timur/d-5292719/6-laskar-fpi-tewas-tertembak-pwnu-jatim-minta-polisi-lebih-humanis,"
Sabtu, 12 Des 2020 18:34 WIB "
"Viral Foto Dinarasikan 'Jenazah Laskar FPI Tersenyum', Ini Faktanya",https://news.detik.com/berita/d-5292009/viral-foto-dinarasikan-jenazah-laskar-fpi-tersenyum-ini-faktanya,"
Sabtu, 12 Des 2020 00:28 WIB "
4 Kabar Terbaru soal Tewasnya 6 Laskar FPI,https://news.detik.com/berita/d-5291849/4-kabar-terbaru-soal-tewasnya-6-laskar-fpi,"
Jumat, 11 Des 2020 21:00 WIB "
Polri Akan Usut Penyebar Video Hoax Penembakan 6 Pengikut Habib Rizieq,https://news.detik.com/berita/d-5291501/polri-akan-usut-penyebar-video-hoax-penembakan-6-pengikut-habib-rizieq,"
Jumat, 11 Des 2020 17:19 WIB "
Arteria Dahlan soal Habib Rizieq Akan Ditangkap: Biarkan Polisi Bekerja,https://news.detik.com/berita/d-5291332/arteria-dahlan-soal-habib-rizieq-akan-ditangkap-biarkan-polisi-bekerja,"
Jumat, 11 Des 2020 15:46 WIB "
Polri: Saksi dalam Kasus Penembakan Km 50 Dilengkapi Bukti Pendukung,https://news.detik.com/berita/d-5291033/polri-saksi-dalam-kasus-penembakan-km-50-dilengkapi-bukti-pendukung,"
Jumat, 11 Des 2020 13:30 WIB "
"Usut Kasus Penembakan 6 Pengikut HRS, Polisi Telah Periksa 14 Saksi",https://news.detik.com/berita/d-5291025/usut-kasus-penembakan-6-pengikut-hrs-polisi-telah-periksa-14-saksi,"
Jumat, 11 Des 2020 13:23 WIB "
Polisi: Saksi Kasus Penembakan 6 Pengikut Habib Rizieq Terus Bertambah,https://news.detik.com/berita/d-5290983/polisi-saksi-kasus-penembakan-6-pengikut-habib-rizieq-terus-bertambah,"
Jumat, 11 Des 2020 12:56 WIB "
Janji Transparan Usut Kasus 6 Laskar FPI Saat Mabes Polri Turun Tangan,https://news.detik.com/berita/d-5290658/janji-transparan-usut-kasus-6-laskar-fpi-saat-mabes-polri-turun-tangan,"
Jumat, 11 Des 2020 08:01 WIB "
FPI Minta Kapolri-Kapolda Metro Mundur Bila Ada Kelalaian soal 6 Laskar Tewas,https://news.detik.com/berita/d-5290149/fpi-minta-kapolri-kapolda-metro-mundur-bila-ada-kelalaian-soal-6-laskar-tewas,"
Kamis, 10 Des 2020 18:07 WIB "
Komnas HAM Panggil Kapolda Metro-Dirut Jasa Marga soal Penembakan,https://news.detik.com/berita/d-5289959/komnas-ham-panggil-kapolda-metro-dirut-jasa-marga-soal-penembakan,"
Kamis, 10 Des 2020 16:49 WIB "
"6 Laskar FPI Tewas Ditembak, Santri-Ulama Ciamis Gelar Salat Gaib",https://news.detik.com/berita-jawa-barat/d-5289941/6-laskar-fpi-tewas-ditembak-santri-ulama-ciamis-gelar-salat-gaib,"
Kamis, 10 Des 2020 16:39 WIB "
Kabareskrim Janji Transparan Usut Kasus Penembakan 6 Laskar FPI,https://news.detik.com/berita/d-5289860/kabareskrim-janji-transparan-usut-kasus-penembakan-6-laskar-fpi,"
Kamis, 10 Des 2020 15:50 WIB "
"Soal TPF, PAN Dukung Komnas HAM Usut 6 Laskar FPI Tewas Ditembak",https://news.detik.com/berita/d-5289504/soal-tpf-pan-dukung-komnas-ham-usut-6-laskar-fpi-tewas-ditembak,"
Kamis, 10 Des 2020 12:22 WIB "
Bareskrim Periksa Saksi-Ahli Terkait Kasus Penembakan 6 Pengikut Habib Rizieq,https://news.detik.com/berita/d-5289421/bareskrim-periksa-saksi-ahli-terkait-kasus-penembakan-6-pengikut-habib-rizieq,"
Kamis, 10 Des 2020 11:28 WIB "
Nasib Kasus Tewasnya 6 Anggota FPI Kini di Tangan Mabes Polri,https://news.detik.com/berita/d-5289186/nasib-kasus-tewasnya-6-anggota-fpi-kini-di-tangan-mabes-polri,"
Kamis, 10 Des 2020 08:01 WIB "
PA 212 Ikuti Arahan Habib Rizieq yang Minta Pendukung Sabar,https://news.detik.com/berita/d-5289161/pa-212-ikuti-arahan-habib-rizieq-yang-minta-pendukung-sabar,"
Kamis, 10 Des 2020 07:14 WIB "
"Polemik FPI dan Polisi Terkait Senpi, Anggota DPR Minta TPF Dibentuk",https://news.detik.com/berita/d-5289147/polemik-fpi-dan-polisi-terkait-senpi-anggota-dpr-minta-tpf-dibentuk,"
Kamis, 10 Des 2020 06:36 WIB "
FPI Setuju soal Tempuh Proses Hukum 6 Laskar Tewas: Biar Komnas HAM Kerja,https://news.detik.com/berita/d-5289130/fpi-setuju-soal-tempuh-proses-hukum-6-laskar-tewas-biar-komnas-ham-kerja,"
Kamis, 10 Des 2020 05:32 WIB "
Polri Pastikan Propam Profesional soal Investigasi Penembakan 6 Laskar FPI,https://news.detik.com/berita/d-5288332/polri-pastikan-propam-profesional-soal-investigasi-penembakan-6-laskar-fpi,"
Rabu, 09 Des 2020 15:36 WIB "
Mabes Polri Ambil Alih Kasus Bentrok Laskar FPI-Polisi di Tol,https://news.detik.com/berita/d-5288032/mabes-polri-ambil-alih-kasus-bentrok-laskar-fpi-polisi-di-tol,"
Rabu, 09 Des 2020 13:07 WIB "
Komnas HAM Kantongi Informasi Detail soal Penembakan 6 Pengikut HRS,https://news.detik.com/berita/d-5287531/komnas-ham-kantongi-informasi-detail-soal-penembakan-6-pengikut-hrs,"
Rabu, 09 Des 2020 07:57 WIB "
Fakta Terbaru 6 Pengawal Habib Rizieq Tewas Ditembak Polisi,https://news.detik.com/berita/d-5287492/fakta-terbaru-6-pengawal-habib-rizieq-tewas-ditembak-polisi,"
Rabu, 09 Des 2020 06:35 WIB "
Ini yang Diinvestigasi Propam Polri soal Penembakan 6 Laskar FPI,https://news.detik.com/berita/d-5287400/ini-yang-diinvestigasi-propam-polri-soal-penembakan-6-laskar-fpi,"
Selasa, 08 Des 2020 22:48 WIB "
Polisi Kumpulkan CCTV di Sekitar TKP Kontak Tembak dengan 6 Laskar FPI,https://news.detik.com/berita/d-5286817/polisi-kumpulkan-cctv-di-sekitar-tkp-kontak-tembak-dengan-6-laskar-fpi,"
Selasa, 08 Des 2020 16:51 WIB "
PPP Dorong Komnas HAM Usut Penembakan 6 Pengikut HRS,https://news.detik.com/berita/d-5286735/ppp-dorong-komnas-ham-usut-penembakan-6-pengikut-hrs,"
Selasa, 08 Des 2020 16:07 WIB "
"Sebut Jakarta Aman, Kapolda Metro Belum Mau Bahas soal Penembakan Pengikut HRS",https://news.detik.com/berita/d-5286681/sebut-jakarta-aman-kapolda-metro-belum-mau-bahas-soal-penembakan-pengikut-hrs,"
Selasa, 08 Des 2020 15:47 WIB "
"6 Pengikut Habib Rizieq Tewas Ditembak, FPI Sulsel cs Datangi DPRD",https://news.detik.com/berita/d-5286656/6-pengikut-habib-rizieq-tewas-ditembak-fpi-sulsel-cs-datangi-dprd,"
Selasa, 08 Des 2020 15:30 WIB "
Komisi V DPR Sesalkan CCTV di Lokasi Bentrok Polisi-Laskar FPI Mati,https://news.detik.com/berita/d-5286491/komisi-v-dpr-sesalkan-cctv-di-lokasi-bentrok-polisi-laskar-fpi-mati,"
Selasa, 08 Des 2020 13:48 WIB "
NasDem Yakin Polisi Sesuai SOP Saat Tembak Pengikut Habib Rizieq,https://news.detik.com/berita/d-5286483/nasdem-yakin-polisi-sesuai-sop-saat-tembak-pengikut-habib-rizieq,"
Selasa, 08 Des 2020 13:47 WIB "
"6 Pengikut Habib Rizieq Tewas Ditembak, PKB Harap Tak Ada Provokasi",https://news.detik.com/berita/d-5286362/6-pengikut-habib-rizieq-tewas-ditembak-pkb-harap-tak-ada-provokasi,"
Selasa, 08 Des 2020 12:28 WIB "
Demokrat Dorong Jokowi Bentuk TPF Usut Tewasnya 6 Pengikut Habib Rizieq,https://news.detik.com/berita/d-5286268/demokrat-dorong-jokowi-bentuk-tpf-usut-tewasnya-6-pengikut-habib-rizieq,"
Selasa, 08 Des 2020 11:41 WIB "
Pimpinan DPR Dukung Komnas HAM Usut Insiden 6 Pengikut Habib Rizieq Tewas,https://news.detik.com/berita/d-5286180/pimpinan-dpr-dukung-komnas-ham-usut-insiden-6-pengikut-habib-rizieq-tewas,"
Selasa, 08 Des 2020 10:23 WIB "
PAN Dukung Komnas HAM Selidiki Penembakan 6 Pengikut Habib Rizieq,https://news.detik.com/berita/d-5286101/pan-dukung-komnas-ham-selidiki-penembakan-6-pengikut-habib-rizieq,"
Selasa, 08 Des 2020 09:10 WIB "
Gerindra Minta Dibentuk Tim Independen Investigasi Tewasnya 6 Pengikut HRS,https://news.detik.com/berita/d-5285403/gerindra-minta-dibentuk-tim-independen-investigasi-tewasnya-6-pengikut-hrs,"
Senin, 07 Des 2020 17:15 WIB "
"Polisi Tindak Pengikut HRS, Waka DPR: Kalau Sesuai Aturan Kita Dukung",https://news.detik.com/berita/d-5285324/polisi-tindak-pengikut-hrs-waka-dpr-kalau-sesuai-aturan-kita-dukung,"
Senin, 07 Des 2020 16:24 WIB "
Kapolda Metro: Kelompok Habib Rizieq yang Serang Polisi Laskar Khusus,https://news.detik.com/berita/d-5284945/kapolda-metro-kelompok-habib-rizieq-yang-serang-polisi-laskar-khusus,"
Senin, 07 Des 2020 13:24 WIB "
