title,url,date
Akhir Cerita Mario Dandy di Perkara Cabuli Eks Pacar,https://news.detik.com/berita/d-8226959/akhir-cerita-mario-dandy-di-perkara-cabuli-eks-pacar,"
Selasa, 25 Nov 2025 07:15 WIB "
Total Hukuman Mario Dandy: 18 Tahun Penjara dari 2 Perkara,https://news.detik.com/berita/d-8226427/total-hukuman-mario-dandy-18-tahun-penjara-dari-2-perkara,"
Senin, 24 Nov 2025 18:01 WIB "
Mario Dandy Juga Dihukum Bayar Rp 1 M di Kasus Pencabulan,https://news.detik.com/berita/d-8226186/mario-dandy-juga-dihukum-bayar-rp-1-m-di-kasus-pencabulan,"
Senin, 24 Nov 2025 16:38 WIB "
"Kasasi Ditolak, Mario Dandy Dihukum 6 Tahun Bui di Kasus Pencabulan Eks Pacar",https://news.detik.com/berita/d-8226158/kasasi-ditolak-mario-dandy-dihukum-6-tahun-bui-di-kasus-pencabulan-eks-pacar,"
Senin, 24 Nov 2025 16:19 WIB "
MA Tolak Kasasi Mario Dandy di Kasus Pencabulan Mantan Pacar,https://news.detik.com/berita/d-8225565/ma-tolak-kasasi-mario-dandy-di-kasus-pencabulan-mantan-pacar,"
Senin, 24 Nov 2025 12:03 WIB "
Tragedi Era Digital,https://news.detik.com/kolom/d-8150784/tragedi-era-digital,"
Rabu, 08 Okt 2025 13:29 WIB "
Mario Dandy Juga Dapat Remisi HUT Ke-80 RI,https://news.detik.com/berita/d-8067277/mario-dandy-juga-dapat-remisi-hut-ke-80-ri,"
Senin, 18 Agu 2025 16:49 WIB "
"Banyak yang Pacaran di KP3B Serang, Pintu Gerbang Ditutup Jam 8 Malam",https://news.detik.com/berita/d-8028441/banyak-yang-pacaran-di-kp3b-serang-pintu-gerbang-ditutup-jam-8-malam,"
Jumat, 25 Jul 2025 10:53 WIB "
"3 Moge Milik Rafael Alun-Eko Darmanto Dilelang, Begini Penampakannya",https://news.detik.com/berita/d-7798122/3-moge-milik-rafael-alun-eko-darmanto-dilelang-begini-penampakannya,"
Kamis, 27 Feb 2025 13:19 WIB "
Mario Dandy Bungkam Usai Sidang Terkait Pencabulan Eks Pacar,https://news.detik.com/berita/d-7797198/mario-dandy-bungkam-usai-sidang-terkait-pencabulan-eks-pacar,"
Rabu, 26 Feb 2025 19:12 WIB "
"Tampil Beda, Mario Dandy Hadir Sidang Terkait Pencabulan Eks Pacar",https://news.detik.com/berita/d-7796898/tampil-beda-mario-dandy-hadir-sidang-terkait-pencabulan-eks-pacar,"
Rabu, 26 Feb 2025 17:02 WIB "
Sidang Lanjutan Mario Dandy Terkait Pencabulan Eks Pacar Digelar Besok,https://news.detik.com/berita/d-7794095/sidang-lanjutan-mario-dandy-terkait-pencabulan-eks-pacar-digelar-besok,"
Selasa, 25 Feb 2025 07:01 WIB "
"Tas Mewah Rafael Alun-Eko Darmanto Dilelang KPK, Ada LV hingga Hermes",https://news.detik.com/berita/d-7793148/tas-mewah-rafael-alun-eko-darmanto-dilelang-kpk-ada-lv-hingga-hermes,"
Senin, 24 Feb 2025 15:13 WIB "
KPK Kirim Undangan Klarifikasi ke Kepala BPJN Kalbar soal Aset di LHKPN,https://news.detik.com/berita/d-7743294/kpk-kirim-undangan-klarifikasi-ke-kepala-bpjn-kalbar-soal-aset-di-lhkpn,"
Selasa, 21 Jan 2025 18:45 WIB "
KPK: Aset Dedy Kepala BPJN Kalbar yang Tak Dilaporkan Tanah dan Bangunan,https://news.detik.com/berita/d-7714322/kpk-aset-dedy-kepala-bpjn-kalbar-yang-tak-dilaporkan-tanah-dan-bangunan,"
Kamis, 02 Jan 2025 13:52 WIB "
KPK Segera Panggil Kepala BPJN Kalbar Dedy Mandarsyah Usut Aset Tak Dilapor,https://news.detik.com/berita/d-7705780/kpk-segera-panggil-kepala-bpjn-kalbar-dedy-mandarsyah-usut-aset-tak-dilapor,"
Jumat, 27 Des 2024 14:28 WIB "
Ketahuan! Ada Aset Kepala BPJN Kalbar Dedy Mandarsyah Tak Dilaporkan di LHKPN,https://news.detik.com/berita/d-7705456/ketahuan-ada-aset-kepala-bpjn-kalbar-dedy-mandarsyah-tak-dilaporkan-di-lhkpn,"
Jumat, 27 Des 2024 11:09 WIB "
KPK Cek Benar Tidaknya LHKPN Kepala BPJN Kalbar Dedy Mandarsyah,https://news.detik.com/berita/d-7690998/kpk-cek-benar-tidaknya-lhkpn-kepala-bpjn-kalbar-dedy-mandarsyah,"
Selasa, 17 Des 2024 16:29 WIB "
KPK Buka Peluang Panggil Kepala BPJN Kalbar Dedy Klarifikasi LHKPN,https://news.detik.com/berita/d-7688784/kpk-buka-peluang-panggil-kepala-bpjn-kalbar-dedy-klarifikasi-lhkpn,"
Senin, 16 Des 2024 13:31 WIB "
KPK Analisis LHKPN Dedy Mandarsyah gegara Info Masyarakat Viral,https://news.detik.com/berita/d-7687670/kpk-analisis-lhkpn-dedy-mandarsyah-gegara-info-masyarakat-viral,"
Minggu, 15 Des 2024 17:03 WIB "
KPK Sebut Analisis LHKPN Kepala BPJN Kalbar Dedy Mandarsyah Berjalan Sepekan,https://news.detik.com/berita/d-7687395/kpk-sebut-analisis-lhkpn-kepala-bpjn-kalbar-dedy-mandarsyah-berjalan-sepekan,"
Minggu, 15 Des 2024 13:00 WIB "
KPK Ternyata Analisis LHKPN Kepala BPJN Kalbar Dedy Mandarsyah,https://news.detik.com/berita/d-7686874/kpk-ternyata-analisis-lhkpn-kepala-bpjn-kalbar-dedy-mandarsyah,"
Sabtu, 14 Des 2024 21:04 WIB "
"Masih Tentang Mario Dandy, Kini Kasus Pencabulan Diadili",https://news.detik.com/berita/d-7682554/masih-tentang-mario-dandy-kini-kasus-pencabulan-diadili,"
Kamis, 12 Des 2024 06:02 WIB "
Sidang Kasus Pencabulan Mario Dandy ke Mantan Pacar Dilanjut Pekan Depan,https://news.detik.com/berita/d-7682228/sidang-kasus-pencabulan-mario-dandy-ke-mantan-pacar-dilanjut-pekan-depan,"
Rabu, 11 Des 2024 19:03 WIB "
"Kasus Pencabulan oleh Mario Dandy, 2 Saksi Diperiksa Termasuk Korban",https://news.detik.com/berita/d-7682026/kasus-pencabulan-oleh-mario-dandy-2-saksi-diperiksa-termasuk-korban,"
Rabu, 11 Des 2024 17:43 WIB "
"Mario Dandy Jalani Sidang Pencabulan, AG Mantan Pacarnya Hadir di PN Jaksel",https://news.detik.com/berita/d-7681147/mario-dandy-jalani-sidang-pencabulan-ag-mantan-pacarnya-hadir-di-pn-jaksel,"
Rabu, 11 Des 2024 11:36 WIB "
Sidang Kasus Pencabulan Mantan Pacar Mario Dandy Digelar Tertutup,https://news.detik.com/berita/d-7680983/sidang-kasus-pencabulan-mantan-pacar-mario-dandy-digelar-tertutup,"
Rabu, 11 Des 2024 09:55 WIB "
Mario Dandy Jalani Sidang Kasus Pencabulan Mantan Pacar Hari Ini,https://news.detik.com/berita/d-7680928/mario-dandy-jalani-sidang-kasus-pencabulan-mantan-pacar-hari-ini,"
Rabu, 11 Des 2024 09:21 WIB "
Rumah Rp 35 Miliar Rafael Alun Akan Jatuh ke Tangan Siapa?,https://news.detik.com/berita/d-7673278/rumah-rp-35-miliar-rafael-alun-akan-jatuh-ke-tangan-siapa,"
Jumat, 06 Des 2024 06:56 WIB "
Cerita KPK Jerat Eks Pejabat Bea Cukai: BMW Mencurigakan dan Utang Rp 7 M,https://news.detik.com/berita/d-7637961/cerita-kpk-jerat-eks-pejabat-bea-cukai-bmw-mencurigakan-dan-utang-rp-7-m,"
Kamis, 14 Nov 2024 12:42 WIB "
Flexing Pesawat Eko Darmanto Ternyata Sempat Dibahas Saat Temui Alex Marwata,https://news.detik.com/berita/d-7590409/flexing-pesawat-eko-darmanto-ternyata-sempat-dibahas-saat-temui-alex-marwata,"
Rabu, 16 Okt 2024 13:01 WIB "
"Pimpinan KPK Alex Akui Bertemu Eko, Ini Pasal Larang Temui Pihak Beperkara",https://news.detik.com/berita/d-7589018/pimpinan-kpk-alex-akui-bertemu-eko-ini-pasal-larang-temui-pihak-beperkara,"
Selasa, 15 Okt 2024 15:02 WIB "
KPK Jelaskan Perbedaan Kasus Mario Dandy dengan Jet Pribadi Kaesang,https://news.detik.com/berita/d-7547025/kpk-jelaskan-perbedaan-kasus-mario-dandy-dengan-jet-pribadi-kaesang,"
Rabu, 18 Sep 2024 21:12 WIB "
Kabar Terbaru Mario Dandy Bakal Digugat Perdata Rp 24 Miliar,https://news.detik.com/berita/d-7469338/kabar-terbaru-mario-dandy-bakal-digugat-perdata-rp-24-miliar,"
Kamis, 01 Agu 2024 22:32 WIB "
David Ozora Akan Gugat Perdata Mario Dandy Satriyo Rp 24 M,https://news.detik.com/berita/d-7468085/david-ozora-akan-gugat-perdata-mario-dandy-satriyo-rp-24-m,"
Kamis, 01 Agu 2024 12:13 WIB "
Ayah Ungkap Kondisi Terkini David Ozora Usai Dianiaya Mario Dandy,https://news.detik.com/berita/d-7468021/ayah-ungkap-kondisi-terkini-david-ozora-usai-dianiaya-mario-dandy,"
Kamis, 01 Agu 2024 11:44 WIB "
David Ozora Terima Uang Restitusi Rp 706 Juta Hasil Lelang Rubicon Mario Dandy,https://news.detik.com/berita/d-7467867/david-ozora-terima-uang-restitusi-rp-706-juta-hasil-lelang-rubicon-mario-dandy,"
Kamis, 01 Agu 2024 10:36 WIB "
Ini Sosok Pemenang Lelang Rubicon Bekas Mario Dandy,https://news.detik.com/berita/d-7408082/ini-sosok-pemenang-lelang-rubicon-bekas-mario-dandy,"
Selasa, 25 Jun 2024 16:38 WIB "
Rubicon Eks Mario Dandy Akhirnya Laku Usai Turun Harga 3 Kali,https://news.detik.com/berita/d-7386564/rubicon-eks-mario-dandy-akhirnya-laku-usai-turun-harga-3-kali,"
Rabu, 12 Jun 2024 06:04 WIB "
"Rubicon Eks Mario Dandy Laku Rp 725 Juta, Duitnya buat David Ozora",https://news.detik.com/berita/d-7385917/rubicon-eks-mario-dandy-laku-rp-725-juta-duitnya-buat-david-ozora,"
Selasa, 11 Jun 2024 17:18 WIB "
Jejak Rubicon Eks Mario Dandy yang 3 Kali Turun Harga hingga Akhirnya Laku,https://news.detik.com/berita/d-7385790/jejak-rubicon-eks-mario-dandy-yang-3-kali-turun-harga-hingga-akhirnya-laku,"
Selasa, 11 Jun 2024 16:51 WIB "
Jeep Rubicon Eks Mario Dandy Laku Dilelang Rp 725 Juta,https://news.detik.com/berita/d-7385694/jeep-rubicon-eks-mario-dandy-laku-dilelang-rp-725-juta,"
Selasa, 11 Jun 2024 16:13 WIB "
"Belum Laku Dilelang, Harga Rubicon Mario Dandy Diturunkan Jadi Rp 600 Juta",https://news.detik.com/berita/d-7373691/belum-laku-dilelang-harga-rubicon-mario-dandy-diturunkan-jadi-rp-600-juta,"
Selasa, 04 Jun 2024 15:42 WIB "
"Dilelang Rp 700 Juta, Rubicon Mario Dandy Masih Belum Laku",https://news.detik.com/berita/d-7353751/dilelang-rp-700-juta-rubicon-mario-dandy-masih-belum-laku,"
Rabu, 22 Mei  2024 19:27 WIB "
Akankah Rubicon Eks Mario Dandy Laku Usai Dilelang Lebih Murah?,https://news.detik.com/berita/d-7338540/akankah-rubicon-eks-mario-dandy-laku-usai-dilelang-lebih-murah,"
Selasa, 14 Mei  2024 06:04 WIB "
"Lebih Murah Rp 100 Juta, Rubicon Eks Mario Dandy Dilelang Lagi 20 Mei",https://news.detik.com/berita/d-7337286/lebih-murah-rp-100-juta-rubicon-eks-mario-dandy-dilelang-lagi-20-mei,"
Senin, 13 Mei  2024 13:23 WIB "
Penampakan Terkini Rubicon Bekas Mario Dandy yang Belum Laku Dilelang,https://news.detik.com/berita/d-7315538/penampakan-terkini-rubicon-bekas-mario-dandy-yang-belum-laku-dilelang,"
Senin, 29 Apr 2024 10:47 WIB "
Rubicon Bekas Mario Dandy Turun Harga Usai Tak Laku Dilelang Jaksa,https://news.detik.com/berita/d-7312738/rubicon-bekas-mario-dandy-turun-harga-usai-tak-laku-dilelang-jaksa,"
Jumat, 26 Apr 2024 21:05 WIB "
"Tak Laku, Rubicon Eks Mario Dandy Dilelang Lagi Lebih Murah",https://news.detik.com/berita/d-7311760/tak-laku-rubicon-eks-mario-dandy-dilelang-lagi-lebih-murah,"
Jumat, 26 Apr 2024 13:06 WIB "
"Rubicon Bekas Mario Dandy Nggak Laku Terjual, Bakal Dilelang Ulang",https://news.detik.com/berita/d-7311686/rubicon-bekas-mario-dandy-nggak-laku-terjual-bakal-dilelang-ulang,"
Jumat, 26 Apr 2024 12:21 WIB "
Menanti Siapa Bawa Pulang Rubicon Bekas Mario Dandy,https://news.detik.com/berita/d-7311213/menanti-siapa-bawa-pulang-rubicon-bekas-mario-dandy,"
Jumat, 26 Apr 2024 06:30 WIB "
Pemenang Lelang Rubicon Bekas Mario Dandy Diumumkan Besok,https://news.detik.com/berita/d-7309649/pemenang-lelang-rubicon-bekas-mario-dandy-diumumkan-besok,"
Kamis, 25 Apr 2024 11:05 WIB "
Ke Mana Duit Hasil Lelang Rubicon Bekas Mario Dandy Jika Laku?,https://news.detik.com/berita/d-7302010/ke-mana-duit-hasil-lelang-rubicon-bekas-mario-dandy-jika-laku,"
Sabtu, 20 Apr 2024 18:30 WIB "
Potret Rubicon Bekas Mario Dandy yang Dilelang Akhir Bulan Ini,https://news.detik.com/berita/d-7301462/potret-rubicon-bekas-mario-dandy-yang-dilelang-akhir-bulan-ini,"
Sabtu, 20 Apr 2024 11:04 WIB "
"Kejaksaan Lelang Mobil Rubicon Mario Dandy, Harga Limit Rp 809 Juta",https://news.detik.com/berita/d-7299653/kejaksaan-lelang-mobil-rubicon-mario-dandy-harga-limit-rp-809-juta,"
Jumat, 19 Apr 2024 10:59 WIB "
Senyuman Mario Dandy saat Dijebloskan ke Bui,https://news.detik.com/berita/d-7263528/senyuman-mario-dandy-saat-dijebloskan-ke-bui,"
Rabu, 27 Mar 2024 07:38 WIB "
Potret Mario Dandy Tersenyum Saat Dijebloskan ke Lapas Salemba,https://news.detik.com/berita/d-7261791/potret-mario-dandy-tersenyum-saat-dijebloskan-ke-lapas-salemba,"
Selasa, 26 Mar 2024 10:38 WIB "
Mario Dandy Dijebloskan ke Lapas Salemba Jalani 12 Tahun Bui,https://news.detik.com/berita/d-7261761/mario-dandy-dijebloskan-ke-lapas-salemba-jalani-12-tahun-bui,"
Selasa, 26 Mar 2024 10:14 WIB "
Pengacara David Ozora Minta Rubicon Mario Dandy Segera Dilelang,https://news.detik.com/berita/d-7244462/pengacara-david-ozora-minta-rubicon-mario-dandy-segera-dilelang,"
Sabtu, 16 Mar 2024 07:19 WIB "
"Jejak Rubicon Mario Dandy: Muncul di 2 Kasus, Kini Bakal Dilelang",https://news.detik.com/berita/d-7244456/jejak-rubicon-mario-dandy-muncul-di-2-kasus-kini-bakal-dilelang,"
Sabtu, 16 Mar 2024 07:03 WIB "
Kejari Jaksel Bakal Segera Lelang Rubicon Mario Dandy,https://news.detik.com/berita/d-7243539/kejari-jaksel-bakal-segera-lelang-rubicon-mario-dandy,"
Jumat, 15 Mar 2024 15:43 WIB "
Kejari Jaksel Segera Eksekusi Putusan 12 Tahun Bui Mario Dandy,https://news.detik.com/berita/d-7242917/kejari-jaksel-segera-eksekusi-putusan-12-tahun-bui-mario-dandy,"
Jumat, 15 Mar 2024 12:09 WIB "
Hukuman Rafael Alun: Tetap 14 Tahun Penjara tapi Rumah Istri Disita,https://news.detik.com/berita/d-7242566/hukuman-rafael-alun-tetap-14-tahun-penjara-tapi-rumah-istri-disita,"
Jumat, 15 Mar 2024 09:06 WIB "
Kejagung Segera Eksekusi Putusan 12 Tahun Penjara untuk Mario Dandy,https://news.detik.com/berita/d-7233043/kejagung-segera-eksekusi-putusan-12-tahun-penjara-untuk-mario-dandy,"
Sabtu, 09 Mar 2024 06:19 WIB "
"Kasasi Ditolak, Mario Dandy Tetap Dihukum 12 Tahun Penjara",https://news.detik.com/berita/d-7220424/kasasi-ditolak-mario-dandy-tetap-dihukum-12-tahun-penjara,"
Jumat, 01 Mar 2024 16:42 WIB "
"Mario Dandy Nyoblos di Lapas Salemba, Kalapas Sebut Tak Ada Perlakuan Khusus",https://news.detik.com/pemilu/d-7192958/mario-dandy-nyoblos-di-lapas-salemba-kalapas-sebut-tak-ada-perlakuan-khusus,"
Rabu, 14 Feb 2024 14:20 WIB "
Belum Berhenti Mario Dandy Lawan Vonis 12 Tahun Bui,https://news.detik.com/berita/d-7135367/belum-berhenti-mario-dandy-lawan-vonis-12-tahun-bui,"
Kamis, 11 Jan 2024 07:12 WIB "
Mario Dandy Resmi Ajukan Kasasi Lawan Vonis 12 Tahun Penjara,https://news.detik.com/berita/d-7133702/mario-dandy-resmi-ajukan-kasasi-lawan-vonis-12-tahun-penjara,"
Rabu, 10 Jan 2024 10:53 WIB "
Penjara 14 Tahun dan Bayar Rp 10 M bagi Rafael Alun,https://news.detik.com/berita/d-7131582/penjara-14-tahun-dan-bayar-rp-10-m-bagi-rafael-alun,"
Selasa, 09 Jan 2024 07:28 WIB "
"Vonis Ayah-Anak di 2 Kasus Berbeda: Rafael Alun 14 Tahun, Dandy 12 Tahun",https://news.detik.com/berita/d-7130599/vonis-ayah-anak-di-2-kasus-berbeda-rafael-alun-14-tahun-dandy-12-tahun,"
Senin, 08 Jan 2024 15:16 WIB "
Rafael Alun Trisambodo Divonis 14 Tahun Penjara!,https://news.detik.com/berita/d-7130423/rafael-alun-trisambodo-divonis-14-tahun-penjara,"
Senin, 08 Jan 2024 14:16 WIB "
Kilas Balik Peristiwa Penting di Indonesia Sepanjang 2023,https://news.detik.com/berita/d-7124918/kilas-balik-peristiwa-penting-di-indonesia-sepanjang-2023,"
Kamis, 04 Jan 2024 19:30 WIB "
9 Kasus Besar Dibongkar Hengki Haryadi yang Kini Berpangkat Brigjen,https://news.detik.com/berita/d-7114760/9-kasus-besar-dibongkar-hengki-haryadi-yang-kini-berpangkat-brigjen,"
Jumat, 29 Des 2023 15:16 WIB "
Kasus Menonjol Dibongkar Polda Metro di 2023: Mario Dandy hingga Film Porno,https://news.detik.com/berita/d-7113081/kasus-menonjol-dibongkar-polda-metro-di-2023-mario-dandy-hingga-film-porno,"
Kamis, 28 Des 2023 16:35 WIB "
Curahan Hati Rafael Alun soal Jabatan dan Bawa-bawa Kasus Mario Dandy,https://news.detik.com/berita/d-7111912/curahan-hati-rafael-alun-soal-jabatan-dan-bawa-bawa-kasus-mario-dandy,"
Rabu, 27 Des 2023 23:18 WIB "
"Rafael Alun Bantah Gratifikasi, Ungkit Pernah Bikin Video Bareng Pimpinan KPK",https://news.detik.com/berita/d-7110951/rafael-alun-bantah-gratifikasi-ungkit-pernah-bikin-video-bareng-pimpinan-kpk,"
Rabu, 27 Des 2023 14:42 WIB "
Rafael Alun Curhat Gagal Naik Jabatan Usai Mario Dandy Aniaya David,https://news.detik.com/berita/d-7110773/rafael-alun-curhat-gagal-naik-jabatan-usai-mario-dandy-aniaya-david,"
Rabu, 27 Des 2023 13:26 WIB "
Hakim Potong Ucapan Rafael Alun yang Klaim Kasusnya karena Mario Dandy,https://news.detik.com/berita/d-7059668/hakim-potong-ucapan-rafael-alun-yang-klaim-kasusnya-karena-mario-dandy,"
Senin, 27 Nov 2023 20:50 WIB "
Kisah Berbeda soal Rubicon Mario Dandy Versi Kakak Rafael Alun,https://news.detik.com/berita/d-7039098/kisah-berbeda-soal-rubicon-mario-dandy-versi-kakak-rafael-alun,"
Rabu, 15 Nov 2023 20:37 WIB "
Kakak Rafael Alun Ngaku Titip Rubicon tapi Dipakai Mario Dandy,https://news.detik.com/berita/d-7038325/kakak-rafael-alun-ngaku-titip-rubicon-tapi-dipakai-mario-dandy,"
Rabu, 15 Nov 2023 15:14 WIB "
"Kakak Ngaku Beli Rubicon Rafael Alun, tapi Belum Diambil gegara Istri Marah",https://news.detik.com/berita/d-7038128/kakak-ngaku-beli-rubicon-rafael-alun-tapi-belum-diambil-gegara-istri-marah,"
Rabu, 15 Nov 2023 14:03 WIB "
Istri-Anak Perempuan Jadi Saksi Sidang Kasus Korupsi Rafael Alun Hari Ini,https://news.detik.com/berita/d-7024924/istri-anak-perempuan-jadi-saksi-sidang-kasus-korupsi-rafael-alun-hari-ini,"
Rabu, 08 Nov 2023 09:52 WIB "
MER-C Bantah Tudingan soal Terowongan Hamas hingga Tangis Mario Dandy di Sidang Ayahnya,https://news.detik.com/berita/d-7022540/mer-c-bantah-tudingan-soal-terowongan-hamas-hingga-tangis-mario-dandy-di-sidang-ayahnya,"
Selasa, 07 Nov 2023 07:57 WIB "
Peluk Cium Rafael Alun ke Mario Dandy Saat Reuni di Sidang,https://news.detik.com/berita/d-7022503/peluk-cium-rafael-alun-ke-mario-dandy-saat-reuni-di-sidang,"
Senin, 06 Nov 2023 20:13 WIB "
Mario Dandy Ngaku Tak Tahu Bisnis Rafael Alun dan Ibunya Jadi Komisaris,https://news.detik.com/berita/d-7022383/mario-dandy-ngaku-tak-tahu-bisnis-rafael-alun-dan-ibunya-jadi-komisaris,"
Senin, 06 Nov 2023 18:56 WIB "
"Jadi Saksi Rafael Alun, Mario Dandy: Terima Kasih Sudah Ketemu Ayah",https://news.detik.com/berita/d-7022172/jadi-saksi-rafael-alun-mario-dandy-terima-kasih-sudah-ketemu-ayah,"
Senin, 06 Nov 2023 17:36 WIB "
Rafael Alun Terima Kasih Mario Dandy Dijadikan Saksi: 8 Bulan Tak Ketemu,https://news.detik.com/berita/d-7022039/rafael-alun-terima-kasih-mario-dandy-dijadikan-saksi-8-bulan-tak-ketemu,"
Senin, 06 Nov 2023 16:45 WIB "
Mario Dandy Jadi Saksi Tanpa Disumpah di Sidang Kasus Korupsi Rafael Alun,https://news.detik.com/berita/d-7021758/mario-dandy-jadi-saksi-tanpa-disumpah-di-sidang-kasus-korupsi-rafael-alun,"
Senin, 06 Nov 2023 14:59 WIB "
Rafael Alun Peluk dan Cium Mario Dandy Jelang Sidang Kasus Korupsi,https://news.detik.com/berita/d-7021641/rafael-alun-peluk-dan-cium-mario-dandy-jelang-sidang-kasus-korupsi,"
Senin, 06 Nov 2023 14:21 WIB "
Mario Dandy Jadi Saksi Sidang Kasus Korupsi Rafael Alun Hari Ini,https://news.detik.com/berita/d-7021025/mario-dandy-jadi-saksi-sidang-kasus-korupsi-rafael-alun-hari-ini,"
Senin, 06 Nov 2023 09:37 WIB "
Rafael Alun Menolak Kakak Mario Dandy Disumpah Bersaksi di Pengadilan,https://news.detik.com/berita/d-7010469/rafael-alun-menolak-kakak-mario-dandy-disumpah-bersaksi-di-pengadilan,"
Senin, 30 Okt 2023 19:04 WIB "
Vonis 12 Tahun Bui Masih Terus Dilawan Mario Dandy,https://news.detik.com/berita/d-6992002/vonis-12-tahun-bui-masih-terus-dilawan-mario-dandy,"
Kamis, 19 Okt 2023 22:03 WIB "
"Kandas di Tingkat Banding, Mario Dandy Lawan Vonis 12 Tahun Bui ke MA!",https://news.detik.com/berita/d-6990949/kandas-di-tingkat-banding-mario-dandy-lawan-vonis-12-tahun-bui-ke-ma,"
Kamis, 19 Okt 2023 14:04 WIB "
Mario Dandy Tetap Dihukum Bayar Restitusi Rp 25 M ke David Ozora,https://news.detik.com/berita/d-6990765/mario-dandy-tetap-dihukum-bayar-restitusi-rp-25-m-ke-david-ozora,"
Kamis, 19 Okt 2023 12:51 WIB "
Hakim Banding Tetap Vonis Shane Lukas 5 Tahun Bui di Kasus Aniaya David,https://news.detik.com/berita/d-6990548/hakim-banding-tetap-vonis-shane-lukas-5-tahun-bui-di-kasus-aniaya-david,"
Kamis, 19 Okt 2023 11:28 WIB "
Mario Dandy Tetap Divonis 12 Tahun Penjara di Kasus Aniaya David Ozora!,https://news.detik.com/berita/d-6990442/mario-dandy-tetap-divonis-12-tahun-penjara-di-kasus-aniaya-david-ozora,"
Kamis, 19 Okt 2023 10:42 WIB "
Sidang Putusan Banding Mario Dandy Melawan Vonis 12 Tahun Bui Dimulai,https://news.detik.com/berita/d-6990389/sidang-putusan-banding-mario-dandy-melawan-vonis-12-tahun-bui-dimulai,"
Kamis, 19 Okt 2023 10:23 WIB "
Sidang Vonis Banding Mario Dandy di Kasus Penganiayaan David Digelar Hari Ini,https://news.detik.com/berita/d-6990117/sidang-vonis-banding-mario-dandy-di-kasus-penganiayaan-david-digelar-hari-ini,"
Kamis, 19 Okt 2023 07:19 WIB "
"Sosok Hakim yang Adili Praperadilan SYL, Pernah Jadi Majelis Kasus Sambo",https://news.detik.com/berita/d-6977218/sosok-hakim-yang-adili-praperadilan-syl-pernah-jadi-majelis-kasus-sambo,"
Rabu, 11 Okt 2023 17:37 WIB "
Sidang Vonis Banding Mario Dandy di Kasus Aniaya David Digelar 19 Oktober,https://news.detik.com/berita/d-6960279/sidang-vonis-banding-mario-dandy-di-kasus-aniaya-david-digelar-19-oktober,"
Senin, 02 Okt 2023 10:16 WIB "
Jaksa Bertanya-tanya Dari Mana Rafael Alun Bisa Dapat Klien Wajib Pajak,https://news.detik.com/berita/d-6952935/jaksa-bertanya-tanya-dari-mana-rafael-alun-bisa-dapat-klien-wajib-pajak,"
Rabu, 27 Sep 2023 12:31 WIB "
Jaksa Pasang Kuda-kuda Usai Mario Dandy Melawan Vonis Penjara,https://news.detik.com/berita/d-6932090/jaksa-pasang-kuda-kuda-usai-mario-dandy-melawan-vonis-penjara,"
Jumat, 15 Sep 2023 07:27 WIB "
Pihak David Ozora Yakin Tak Ada Celah Ringankan Vonis Mario Dandy,https://news.detik.com/berita/d-6931225/pihak-david-ozora-yakin-tak-ada-celah-ringankan-vonis-mario-dandy,"
Kamis, 14 Sep 2023 16:15 WIB "
Jaksa Tak Tinggal Diam Usai Mario Dandy Melawan Vonis 12 Tahun Bui,https://news.detik.com/berita/d-6930612/jaksa-tak-tinggal-diam-usai-mario-dandy-melawan-vonis-12-tahun-bui,"
Kamis, 14 Sep 2023 12:26 WIB "
Mario Dandy Melawan Vonis 12 Tahun Bui!,https://news.detik.com/berita/d-6930488/mario-dandy-melawan-vonis-12-tahun-bui,"
Kamis, 14 Sep 2023 11:39 WIB "
"Mario Dandy Divonis 12 Tahun Bui-Restitusi Rp 25 M, Ini Respons Rafael Alun",https://news.detik.com/berita/d-6929730/mario-dandy-divonis-12-tahun-bui-restitusi-rp-25-m-ini-respons-rafael-alun,"
Rabu, 13 Sep 2023 19:44 WIB "
"Mario Dandy Divonis, PSI Puji Terobosan Hukum Terkait Restitusi",https://news.detik.com/berita/d-6919776/mario-dandy-divonis-psi-puji-terobosan-hukum-terkait-restitusi,"
Jumat, 08 Sep 2023 08:54 WIB "
LPSK Hormati Putusan Hakim soal Mario Dandy Divonis 12 Tahun Penjara,https://news.detik.com/berita/d-6919728/lpsk-hormati-putusan-hakim-soal-mario-dandy-divonis-12-tahun-penjara,"
Jumat, 08 Sep 2023 07:55 WIB "
7 Fakta Vonis 12 Tahun Bui bagi Mario Dandy,https://news.detik.com/berita/d-6919711/7-fakta-vonis-12-tahun-bui-bagi-mario-dandy,"
Jumat, 08 Sep 2023 07:45 WIB "
Bolehkah Rubicon Mario Dandy Hasil TPPU Rafael Alun Dilelang?,https://news.detik.com/berita/d-6919692/bolehkah-rubicon-mario-dandy-hasil-tppu-rafael-alun-dilelang,"
Jumat, 08 Sep 2023 07:12 WIB "
Tentang Vonis Mario Dandy: Rubicon Dilelang dan Ganti Rugi 'Berkurang',https://news.detik.com/berita/d-6919662/tentang-vonis-mario-dandy-rubicon-dilelang-dan-ganti-rugi-berkurang,"
Jumat, 08 Sep 2023 06:03 WIB "
Beda Reaksi Mario Dandy dan Shane Usai Divonis Penjara,https://news.detik.com/berita/d-6919396/beda-reaksi-mario-dandy-dan-shane-usai-divonis-penjara,"
Kamis, 07 Sep 2023 20:25 WIB "
'Siu' dari Ayah David Ozora Usai Mario Dandy Divonis 12 Tahun Penjara,https://news.detik.com/berita/d-6919363/siu-dari-ayah-david-ozora-usai-mario-dandy-divonis-12-tahun-penjara,"
Kamis, 07 Sep 2023 20:02 WIB "
Ayah David Ozora Ngaku Puas Mario Dandy Divonis 12 Tahun Penjara,https://news.detik.com/berita/d-6919189/ayah-david-ozora-ngaku-puas-mario-dandy-divonis-12-tahun-penjara,"
Kamis, 07 Sep 2023 18:15 WIB "
"Hakim Bebani Mario Dandy Bayar Restitusi Rp 25 M, Begini Perhitungannya",https://news.detik.com/berita/d-6919114/hakim-bebani-mario-dandy-bayar-restitusi-rp-25-m-begini-perhitungannya,"
Kamis, 07 Sep 2023 17:50 WIB "
Hakim Yakin Mario Dandy Aniaya David Lebih Parah Jika Tak Dihentikan Shane,https://news.detik.com/berita/d-6918930/hakim-yakin-mario-dandy-aniaya-david-lebih-parah-jika-tak-dihentikan-shane,"
Kamis, 07 Sep 2023 16:42 WIB "
Vonis Mario Dandy: Tuntutan Bui Diamini tapi Turun Jauh Angka Ganti Rugi,https://news.detik.com/berita/d-6918709/vonis-mario-dandy-tuntutan-bui-diamini-tapi-turun-jauh-angka-ganti-rugi,"
Kamis, 07 Sep 2023 15:29 WIB "
Mario Dandy soal Rubiconnya Dilelang untuk Restitusi: Nggak Apa-apa,https://news.detik.com/berita/d-6918657/mario-dandy-soal-rubiconnya-dilelang-untuk-restitusi-nggak-apa-apa,"
Kamis, 07 Sep 2023 15:14 WIB "
Ayah David Ozora Teriak 'Siu' Usai Mario Dandy Divonis 12 Tahun Penjara,https://news.detik.com/berita/d-6918644/ayah-david-ozora-teriak-siu-usai-mario-dandy-divonis-12-tahun-penjara,"
Kamis, 07 Sep 2023 15:06 WIB "
Jejak Kasus Mario Dandy hingga Divonis 12 Tahun Bui Usai Aniaya David Ozora,https://news.detik.com/berita/d-6918584/jejak-kasus-mario-dandy-hingga-divonis-12-tahun-bui-usai-aniaya-david-ozora,"
Kamis, 07 Sep 2023 14:47 WIB "
Tak Ada Hal Meringankan Vonis 12 Tahun Penjara Mario Dandy,https://news.detik.com/berita/d-6918541/tak-ada-hal-meringankan-vonis-12-tahun-penjara-mario-dandy,"
Kamis, 07 Sep 2023 14:33 WIB "
Hal Memberatkan Vonis Mario Dandy: Menikmati Aniaya David hingga Selebrasi,https://news.detik.com/berita/d-6918527/hal-memberatkan-vonis-mario-dandy-menikmati-aniaya-david-hingga-selebrasi,"
Kamis, 07 Sep 2023 14:29 WIB "
Hakim Putuskan Rubicon Mario Dandy Dilelang untuk Ganti Rugi David!,https://news.detik.com/berita/d-6918520/hakim-putuskan-rubicon-mario-dandy-dilelang-untuk-ganti-rugi-david,"
Kamis, 07 Sep 2023 14:26 WIB "
Helaan Napas Mario Dandy Usai Dengar Vonis 12 Tahun Penjara,https://news.detik.com/berita/d-6918504/helaan-napas-mario-dandy-usai-dengar-vonis-12-tahun-penjara,"
Kamis, 07 Sep 2023 14:20 WIB "
Mario Dandy Dihukum Bayar Restitusi Rp 25 Miliar ke David Ozora,https://news.detik.com/berita/d-6918465/mario-dandy-dihukum-bayar-restitusi-rp-25-miliar-ke-david-ozora,"
Kamis, 07 Sep 2023 14:04 WIB "
Mario Dandy Divonis 12 Tahun Penjara di Kasus Penganiayaan David Ozora!,https://news.detik.com/berita/d-6918461/mario-dandy-divonis-12-tahun-penjara-di-kasus-penganiayaan-david-ozora,"
Kamis, 07 Sep 2023 14:02 WIB "
Shane Lukas Menangis Usai Divonis 5 Tahun Penjara,https://news.detik.com/berita/d-6918413/shane-lukas-menangis-usai-divonis-5-tahun-penjara,"
Kamis, 07 Sep 2023 13:40 WIB "
Sidang Vonis Mario Dandy di Kasus Penganiayaan David Ozora Dimulai,https://news.detik.com/berita/d-6918328/sidang-vonis-mario-dandy-di-kasus-penganiayaan-david-ozora-dimulai,"
Kamis, 07 Sep 2023 13:03 WIB "
Hakim: Keikutsertaan Shane Lukas Telah Merusak Masa Depan David Ozora,https://news.detik.com/berita/d-6918305/hakim-keikutsertaan-shane-lukas-telah-merusak-masa-depan-david-ozora,"
Kamis, 07 Sep 2023 12:50 WIB "
"Divonis 5 Tahun Penjara, Shane Lukas Ajukan Banding",https://news.detik.com/berita/d-6918302/divonis-5-tahun-penjara-shane-lukas-ajukan-banding,"
Kamis, 07 Sep 2023 12:49 WIB "
Hakim Tak Bebani Shane Lukas Restitusi Rp 120 M ke David Ozora,https://news.detik.com/berita/d-6918250/hakim-tak-bebani-shane-lukas-restitusi-rp-120-m-ke-david-ozora,"
Kamis, 07 Sep 2023 12:29 WIB "
Shane Lukas Divonis 5 Tahun Penjara di Kasus Penganiayaan David Ozora,https://news.detik.com/berita/d-6918227/shane-lukas-divonis-5-tahun-penjara-di-kasus-penganiayaan-david-ozora,"
Kamis, 07 Sep 2023 12:16 WIB "
Shane Lukas Dinyatakan Terbukti Sengaja Terlibat Penganiayaan David Ozora,https://news.detik.com/berita/d-6918202/shane-lukas-dinyatakan-terbukti-sengaja-terlibat-penganiayaan-david-ozora,"
Kamis, 07 Sep 2023 12:00 WIB "
Ayah David Ozora Harap Mario Dandy Divonis Sesuai Tuntutan Jaksa,https://news.detik.com/berita/d-6917920/ayah-david-ozora-harap-mario-dandy-divonis-sesuai-tuntutan-jaksa,"
Kamis, 07 Sep 2023 10:14 WIB "
"Pakai Kemeja Putih, Mario Dandy Tiba di PN Jaksel Jelang Vonis",https://news.detik.com/berita/d-6917860/pakai-kemeja-putih-mario-dandy-tiba-di-pn-jaksel-jelang-vonis,"
Kamis, 07 Sep 2023 09:37 WIB "
Jelang Vonis Mario Dandy hingga Putri Ariani Pikat Juri di AGT 2023,https://news.detik.com/berita/d-6917388/jelang-vonis-mario-dandy-hingga-putri-ariani-pikat-juri-di-agt-2023,"
Kamis, 07 Sep 2023 07:59 WIB "
"Rafael Alun Anggap Kasusnya Kedaluwarsa, KPK Bakal Bantah di Sidang Lanjutan",https://news.detik.com/berita/d-6917662/rafael-alun-anggap-kasusnya-kedaluwarsa-kpk-bakal-bantah-di-sidang-lanjutan,"
Kamis, 07 Sep 2023 06:28 WIB "
Mario Dandy Hadapi Sidang Vonis Kasus Penganiayaan David Hari Ini,https://news.detik.com/berita/d-6917657/mario-dandy-hadapi-sidang-vonis-kasus-penganiayaan-david-hari-ini,"
Kamis, 07 Sep 2023 06:07 WIB "
"Rafael Alun Klaim Ikut Tax Amnesty, Bawa-bawa Hak Imunitas dari Hukum",https://news.detik.com/berita/d-6916233/rafael-alun-klaim-ikut-tax-amnesty-bawa-bawa-hak-imunitas-dari-hukum,"
Rabu, 06 Sep 2023 12:53 WIB "
Rafael Alun Jelang Vonis Mario Dandy: Saya Cintai Dia Apa Pun yang Terjadi,https://news.detik.com/berita/d-6916077/rafael-alun-jelang-vonis-mario-dandy-saya-cintai-dia-apa-pun-yang-terjadi,"
Rabu, 06 Sep 2023 12:00 WIB "
"Rafael Alun Minta Dibebaskan, Tuding Kasusnya Sudah Kedaluwarsa",https://news.detik.com/berita/d-6915962/rafael-alun-minta-dibebaskan-tuding-kasusnya-sudah-kedaluwarsa,"
Rabu, 06 Sep 2023 11:27 WIB "
Babak Akhir Mario Dandy saat Rafael Alun Mulai Diadili,https://news.detik.com/berita/d-6910976/babak-akhir-mario-dandy-saat-rafael-alun-mulai-diadili,"
Minggu, 03 Sep 2023 16:41 WIB "
Rubicon 'Gang Sempit' Mario Dandy Ternyata dari Duit Gratifikasi,https://news.detik.com/berita/d-6906932/rubicon-gang-sempit-mario-dandy-ternyata-dari-duit-gratifikasi,"
Jumat, 01 Sep 2023 05:58 WIB "
Terungkap Rubicon Mario Dandy Dibeli Pakai Duit Gratifikasi Rafael Alun,https://news.detik.com/berita/d-6905721/terungkap-rubicon-mario-dandy-dibeli-pakai-duit-gratifikasi-rafael-alun,"
Kamis, 31 Agu 2023 14:24 WIB "
Menelusuri Harta Rafael Alun yang Disembunyikan Bertahun-tahun,https://news.detik.com/berita/d-6905575/menelusuri-harta-rafael-alun-yang-disembunyikan-bertahun-tahun,"
Kamis, 31 Agu 2023 13:27 WIB "
5 Hal di Dakwaan Rafael Alun: Tas Mewah KW hingga Rubicon Mario Dandy,https://news.detik.com/berita/d-6904927/5-hal-di-dakwaan-rafael-alun-tas-mewah-kw-hingga-rubicon-mario-dandy,"
Kamis, 31 Agu 2023 07:52 WIB "
Istri Rafael Alun Bungkam soal Namanya Masuk Dakwaan Gratifikasi dan TPPU,https://news.detik.com/berita/d-6903458/istri-rafael-alun-bungkam-soal-namanya-masuk-dakwaan-gratifikasi-dan-tppu,"
Rabu, 30 Agu 2023 12:32 WIB "
Daftar Lengkap Aset Mewah Rp 100 M Hasil Pencucian Uang Rafael Alun,https://news.detik.com/berita/d-6903412/daftar-lengkap-aset-mewah-rp-100-m-hasil-pencucian-uang-rafael-alun,"
Rabu, 30 Agu 2023 12:13 WIB "
Rubicon Mario Dandy Masuk di Daftar Aset Hasil TPPU Rafael Alun,https://news.detik.com/berita/d-6903388/rubicon-mario-dandy-masuk-di-daftar-aset-hasil-tppu-rafael-alun,"
Rabu, 30 Agu 2023 12:05 WIB "
"Trik Rafael Alun Sembunyikan Aset: Pakai Nama Istri, Ibu hingga Orang Lain",https://news.detik.com/berita/d-6903383/trik-rafael-alun-sembunyikan-aset-pakai-nama-istri-ibu-hingga-orang-lain,"
Rabu, 30 Agu 2023 12:03 WIB "
Istri Datang di Sidang Gratifikasi-TPPU Rafael Alun Trisambodo,https://news.detik.com/berita/d-6903354/istri-datang-di-sidang-gratifikasi-tppu-rafael-alun-trisambodo,"
Rabu, 30 Agu 2023 11:50 WIB "
Nama Mario Dandy Muncul di Dakwaan Pencucian Uang Rafael Alun,https://news.detik.com/berita/d-6903332/nama-mario-dandy-muncul-di-dakwaan-pencucian-uang-rafael-alun,"
Rabu, 30 Agu 2023 11:44 WIB "
"Rafael Alun Didakwa Terima Gratifikasi Rp 16,6 M Bersama Istrinya",https://news.detik.com/berita/d-6903180/rafael-alun-didakwa-terima-gratifikasi-rp-16-6-m-bersama-istrinya,"
Rabu, 30 Agu 2023 10:35 WIB "
Rafael Alun Ayah Mario Dandy Pakai Kemeja Putih Bersiap Hadapi Dakwaan,https://news.detik.com/berita/d-6903139/rafael-alun-ayah-mario-dandy-pakai-kemeja-putih-bersiap-hadapi-dakwaan,"
Rabu, 30 Agu 2023 10:16 WIB "
Rafael Alun Trisambodo Jalani Sidang Perdana Kasus TPPU-Gratifikasi Hari Ini,https://news.detik.com/berita/d-6903013/rafael-alun-trisambodo-jalani-sidang-perdana-kasus-tppu-gratifikasi-hari-ini,"
Rabu, 30 Agu 2023 08:21 WIB "
Balasan Menohok LPSK Usai Restitusi Bikin Mario Dandy Buang Badan,https://news.detik.com/berita/d-6902974/balasan-menohok-lpsk-usai-restitusi-bikin-mario-dandy-buang-badan,"
Rabu, 30 Agu 2023 07:55 WIB "
LPSK Tegaskan Restitusi Rp 120 M terhadap David Tanggung Jawab Mario Dandy,https://news.detik.com/berita/d-6902111/lpsk-tegaskan-restitusi-rp-120-m-terhadap-david-tanggung-jawab-mario-dandy,"
Selasa, 29 Agu 2023 16:05 WIB "
Ayah David Ozora Serahkan Buku 'Rapor Merah' Mario Dandy dkk di Sidang,https://news.detik.com/berita/d-6901811/ayah-david-ozora-serahkan-buku-rapor-merah-mario-dandy-dkk-di-sidang,"
Selasa, 29 Agu 2023 14:10 WIB "
"Pengacara: Mario Dandy Masih Muda, Masih Bisa Perbaiki Perilaku",https://news.detik.com/berita/d-6901690/pengacara-mario-dandy-masih-muda-masih-bisa-perbaiki-perilaku,"
Selasa, 29 Agu 2023 13:18 WIB "
Sidang Vonis Shane Lukas Terkait Penganiayaan David Ozora Digelar 7 September,https://news.detik.com/berita/d-6901632/sidang-vonis-shane-lukas-terkait-penganiayaan-david-ozora-digelar-7-september,"
Selasa, 29 Agu 2023 12:42 WIB "
Pihak Mario Dandy Tolak Restitusi Rp 120 M: Bantuan Bisa Dibebankan ke LPSK,https://news.detik.com/berita/d-6901624/pihak-mario-dandy-tolak-restitusi-rp-120-m-bantuan-bisa-dibebankan-ke-lpsk,"
Selasa, 29 Agu 2023 12:35 WIB "
Sidang Vonis Mario Dandy Satriyo Digelar 7 September,https://news.detik.com/berita/d-6901384/sidang-vonis-mario-dandy-satriyo-digelar-7-september,"
Selasa, 29 Agu 2023 11:05 WIB "
Balasan Jaksa ke Mario Dandy soal Restitusi dan Tuntutan,https://news.detik.com/berita/d-6894607/balasan-jaksa-ke-mario-dandy-soal-restitusi-dan-tuntutan,"
Jumat, 25 Agu 2023 07:49 WIB "
Balasan Jaksa ke Mario Dandy yang Minta Dijerat Pasal Penganiayaan Anak,https://news.detik.com/berita/d-6894305/balasan-jaksa-ke-mario-dandy-yang-minta-dijerat-pasal-penganiayaan-anak,"
Kamis, 24 Agu 2023 21:05 WIB "
"Shane Merasa Dirinya Juga Korban Mario Dandy, Jaksa Yakini Hal Berbeda",https://news.detik.com/berita/d-6893894/shane-merasa-dirinya-juga-korban-mario-dandy-jaksa-yakini-hal-berbeda,"
Kamis, 24 Agu 2023 17:21 WIB "
"Shane Lukas Ajukan Duplik Usai Pleidoi Ditolak, Digelar Bareng Mario Dandy",https://news.detik.com/berita/d-6893738/shane-lukas-ajukan-duplik-usai-pleidoi-ditolak-digelar-bareng-mario-dandy,"
Kamis, 24 Agu 2023 16:24 WIB "
"Tolak Pleidoi, Jaksa Minta Hakim Tetap Vonis Shane Lukas 5 Tahun Penjara",https://news.detik.com/berita/d-6893650/tolak-pleidoi-jaksa-minta-hakim-tetap-vonis-shane-lukas-5-tahun-penjara,"
Kamis, 24 Agu 2023 16:02 WIB "
Jaksa Bantah Pengacara Mario Dandy: Restitusi Rp 120 M Sesuai Aturan,https://news.detik.com/berita/d-6893411/jaksa-bantah-pengacara-mario-dandy-restitusi-rp-120-m-sesuai-aturan,"
Kamis, 24 Agu 2023 14:42 WIB "
KPK Jadikan Rafael Alun Contoh Usut Kasus Lewat LHKPN: Ini Terobosan,https://news.detik.com/berita/d-6893368/kpk-jadikan-rafael-alun-contoh-usut-kasus-lewat-lhkpn-ini-terobosan,"
Kamis, 24 Agu 2023 14:27 WIB "
"Jaksa Minta Hakim Tetap Vonis 12 Tahun Bui, Mario Dandy Ajukan Duplik",https://news.detik.com/berita/d-6893332/jaksa-minta-hakim-tetap-vonis-12-tahun-bui-mario-dandy-ajukan-duplik,"
Kamis, 24 Agu 2023 14:10 WIB "
"Bacakan Replik, Jaksa Tetap Minta Hakim Vonis Mario 12 Tahun Bui",https://news.detik.com/berita/d-6893222/bacakan-replik-jaksa-tetap-minta-hakim-vonis-mario-12-tahun-bui,"
Kamis, 24 Agu 2023 13:31 WIB "
Jaksa Sebut Emosi Mario Dandy Terekam CCTV Jadi Bukti Tak Terbantahkan,https://news.detik.com/berita/d-6893203/jaksa-sebut-emosi-mario-dandy-terekam-cctv-jadi-bukti-tak-terbantahkan,"
Kamis, 24 Agu 2023 13:22 WIB "
"Balas Pleidoi, Jaksa Tegaskan Mario Dandy Bikin Alibi agar Lolos dari Hukum",https://news.detik.com/berita/d-6893072/balas-pleidoi-jaksa-tegaskan-mario-dandy-bikin-alibi-agar-lolos-dari-hukum,"
Kamis, 24 Agu 2023 12:27 WIB "
Mario Dandy dan Shane Lukas Tiba di PN Jaksel Jelang Sidang Replik,https://news.detik.com/berita/d-6892806/mario-dandy-dan-shane-lukas-tiba-di-pn-jaksel-jelang-sidang-replik,"
Kamis, 24 Agu 2023 10:14 WIB "
Mario Dandy Bacakan Pleidoi hingga Aktor Valak 'Hantui' Warner Bros,https://news.detik.com/berita/d-6890437/mario-dandy-bacakan-pleidoi-hingga-aktor-valak-hantui-warner-bros,"
Rabu, 23 Agu 2023 07:56 WIB "
Mario Dandy Bawa-bawa Usia Muda Saat Kecewa Dituntut 12 Tahun Penjara,https://news.detik.com/berita/d-6890661/mario-dandy-bawa-bawa-usia-muda-saat-kecewa-dituntut-12-tahun-penjara,"
Rabu, 23 Agu 2023 06:08 WIB "
Penyesalan Mario Dandy ke Rafael Alun hingga AG di Nota Pembelaan,https://news.detik.com/berita/d-6890370/penyesalan-mario-dandy-ke-rafael-alun-hingga-ag-di-nota-pembelaan,"
Selasa, 22 Agu 2023 20:05 WIB "
Sidang Perdana Rafael Alun Trisambodo Digelar 30 Agustus,https://news.detik.com/berita/d-6889891/sidang-perdana-rafael-alun-trisambodo-digelar-30-agustus,"
Selasa, 22 Agu 2023 16:53 WIB "
Shane Lukas Minta Dibebaskan di Kasus Penganiayaan David Ozora,https://news.detik.com/berita/d-6889794/shane-lukas-minta-dibebaskan-di-kasus-penganiayaan-david-ozora,"
Selasa, 22 Agu 2023 16:15 WIB "
"Shane Terisak-isak Bacakan Pleidoi, Merasa Dijerumuskan Mario Dandy",https://news.detik.com/berita/d-6889757/shane-terisak-isak-bacakan-pleidoi-merasa-dijerumuskan-mario-dandy,"
Selasa, 22 Agu 2023 16:08 WIB "
"Baca Pleidoi, Shane Lukas Nangis Merasa Korban Juga di Kasus Aniaya David",https://news.detik.com/berita/d-6889690/baca-pleidoi-shane-lukas-nangis-merasa-korban-juga-di-kasus-aniaya-david,"
Selasa, 22 Agu 2023 15:39 WIB "
Mario Dandy: Hati Saya Tersayat Ada Berita Menyatakan Saya Kebal Hukum,https://news.detik.com/berita/d-6889654/mario-dandy-hati-saya-tersayat-ada-berita-menyatakan-saya-kebal-hukum,"
Selasa, 22 Agu 2023 15:24 WIB "
"Pengacara Beda dari Mario Dandy, Minta Hakim Tolak Tuntutan Bayar Restitusi",https://news.detik.com/berita/d-6889597/pengacara-beda-dari-mario-dandy-minta-hakim-tolak-tuntutan-bayar-restitusi,"
Selasa, 22 Agu 2023 15:02 WIB "
"Mario Dandy Minta Dijerat Pasal Penganiayaan Anak, Bukan Terencana",https://news.detik.com/berita/d-6889572/mario-dandy-minta-dijerat-pasal-penganiayaan-anak-bukan-terencana,"
Selasa, 22 Agu 2023 14:54 WIB "
Mario Dandy Menyesal dan Minta Maaf ke David: Semoga Cepat Pulih,https://news.detik.com/berita/d-6889518/mario-dandy-menyesal-dan-minta-maaf-ke-david-semoga-cepat-pulih,"
Selasa, 22 Agu 2023 14:27 WIB "
Mario Dandy Kecewa Dituntut 12 Tahun Penjara: Saya Masih 19 Tahun,https://news.detik.com/berita/d-6889494/mario-dandy-kecewa-dituntut-12-tahun-penjara-saya-masih-19-tahun,"
Selasa, 22 Agu 2023 14:16 WIB "
Mario Dandy Minta Maaf ke AG: Tak Terbayangkan Hubungan Kita Diberi Cobaan,https://news.detik.com/berita/d-6889360/mario-dandy-minta-maaf-ke-ag-tak-terbayangkan-hubungan-kita-diberi-cobaan,"
Selasa, 22 Agu 2023 13:26 WIB "
"Mario Dandy Terisak, Menyesal Tindakannya Berdampak pada Rafael Alun",https://news.detik.com/berita/d-6889306/mario-dandy-terisak-menyesal-tindakannya-berdampak-pada-rafael-alun,"
Selasa, 22 Agu 2023 12:52 WIB "
Mario Dandy Terkejut Dituntut Rp 120 M: Saya Bersedia Bayar Sesuai Kemampuan,https://news.detik.com/berita/d-6889240/mario-dandy-terkejut-dituntut-rp-120-m-saya-bersedia-bayar-sesuai-kemampuan,"
Selasa, 22 Agu 2023 12:14 WIB "
"AG Tak Dibebani Bayar Restitusi Rp 120 M Seperti Mario Dandy, Kenapa?",https://news.detik.com/berita/d-6886146/ag-tak-dibebani-bayar-restitusi-rp-120-m-seperti-mario-dandy-kenapa,"
Minggu, 20 Agu 2023 15:22 WIB "
Terungkap Nilai Fantastis TPPU Rafael Alun Menjelang Sidang,https://news.detik.com/berita/d-6885584/terungkap-nilai-fantastis-tppu-rafael-alun-menjelang-sidang,"
Minggu, 20 Agu 2023 05:58 WIB "
Perbandingan LHKPN Rafael Alun dengan Dugaan Gratifikasi dan TPPU-nya,https://news.detik.com/berita/d-6884755/perbandingan-lhkpn-rafael-alun-dengan-dugaan-gratifikasi-dan-tppu-nya,"
Sabtu, 19 Agu 2023 14:15 WIB "
"Nilai Pencucian Uang Rafael Alun Selama 20 Tahun Capai Rp 94,6 Miliar!",https://news.detik.com/berita/d-6884466/nilai-pencucian-uang-rafael-alun-selama-20-tahun-capai-rp-94-6-miliar,"
Sabtu, 19 Agu 2023 10:50 WIB "
Rafael Alun Segera Disidang di Kasus Gratifikasi dan Pencucian Uang,https://news.detik.com/berita/d-6884440/rafael-alun-segera-disidang-di-kasus-gratifikasi-dan-pencucian-uang,"
Sabtu, 19 Agu 2023 10:23 WIB "
Penjelasan Beda Sanksi Pengganti Mario dan Shane Jika Tak Bayar Restitusi,https://news.detik.com/berita/d-6883302/penjelasan-beda-sanksi-pengganti-mario-dan-shane-jika-tak-bayar-restitusi,"
Jumat, 18 Agu 2023 16:08 WIB "
Kejagung soal Mario Dituntut Restitusi Rp 120 M: Perlindungan Hak Korban,https://news.detik.com/berita/d-6883070/kejagung-soal-mario-dituntut-restitusi-rp-120-m-perlindungan-hak-korban,"
Jumat, 18 Agu 2023 14:33 WIB "
Alasan Jaksa Juga Tuntut Mario Dandy Bayar Rp 120 M atau Ganti 7 Tahun Bui,https://news.detik.com/berita/d-6878788/alasan-jaksa-juga-tuntut-mario-dandy-bayar-rp-120-m-atau-ganti-7-tahun-bui,"
Rabu, 16 Agu 2023 08:25 WIB "
Tuntutan 12 Tahun Penjara Bikin Mario Dandy Geleng-geleng Kepala,https://news.detik.com/berita/d-6878734/tuntutan-12-tahun-penjara-bikin-mario-dandy-geleng-geleng-kepala,"
Rabu, 16 Agu 2023 06:43 WIB "
Sederet Tuntutan Jaksa ke Mario Dandy-Shane: Bui hingga Restitusi Rp 120 M,https://news.detik.com/detiktv/d-6878723/sederet-tuntutan-jaksa-ke-mario-dandy-shane-bui-hingga-restitusi-rp-120-m,"
Rabu, 16 Agu 2023 06:34 WIB "
"Yang Beda di Tuntutan Mario Dandy, Rp 120 Miliar Jadi Nilai Restitusi",https://news.detik.com/berita/d-6878466/yang-beda-di-tuntutan-mario-dandy-rp-120-miliar-jadi-nilai-restitusi,"
Selasa, 15 Agu 2023 21:03 WIB "
6 Fakta Hasil Sidang Tuntutan Mario Dandy di Kasus Penganiayaan David Ozora,https://news.detik.com/berita/d-6878226/6-fakta-hasil-sidang-tuntutan-mario-dandy-di-kasus-penganiayaan-david-ozora,"
Selasa, 15 Agu 2023 18:46 WIB "
Ortu Shane Ngaku Tak Sanggup Bayar Restitusi Rp 120 Miliar ke David Ozora,https://news.detik.com/berita/d-6878130/ortu-shane-ngaku-tak-sanggup-bayar-restitusi-rp-120-miliar-ke-david-ozora,"
Selasa, 15 Agu 2023 17:58 WIB "
Shane Lukas Peluk Ayahnya Usai Dituntut 5 Tahun Penjara di Kasus Aniaya David,https://news.detik.com/berita/d-6878028/shane-lukas-peluk-ayahnya-usai-dituntut-5-tahun-penjara-di-kasus-aniaya-david,"
Selasa, 15 Agu 2023 17:14 WIB "
Jaksa: Shane Lukas Ikut Melancarkan Tindakan Sadis Mario Dandy ke David,https://news.detik.com/berita/d-6877884/jaksa-shane-lukas-ikut-melancarkan-tindakan-sadis-mario-dandy-ke-david,"
Selasa, 15 Agu 2023 16:25 WIB "
Shane Lukas Juga Dituntut Bayar Restitusi Rp 120 M ke David Ozora,https://news.detik.com/berita/d-6877811/shane-lukas-juga-dituntut-bayar-restitusi-rp-120-m-ke-david-ozora,"
Selasa, 15 Agu 2023 16:01 WIB "
Shane Lukas Dituntut 5 Tahun Penjara di Kasus Penganiayaan David Ozora!,https://news.detik.com/berita/d-6877800/shane-lukas-dituntut-5-tahun-penjara-di-kasus-penganiayaan-david-ozora,"
Selasa, 15 Agu 2023 15:52 WIB "
Begini Pertimbangan Jaksa Tuntut Mario Dandy Dkk Bayar Restitusi Rp 120 M,https://news.detik.com/berita/d-6877700/begini-pertimbangan-jaksa-tuntut-mario-dandy-dkk-bayar-restitusi-rp-120-m,"
Selasa, 15 Agu 2023 15:04 WIB "
Jaksa: Mario Dandy Putar Balikkan Fakta Rangkai Cerita Bohong Aniaya David,https://news.detik.com/berita/d-6877424/jaksa-mario-dandy-putar-balikkan-fakta-rangkai-cerita-bohong-aniaya-david,"
Selasa, 15 Agu 2023 13:26 WIB "
Mario Dandy Geleng-geleng Kepala Dituntut 12 Tahun Bui dan Restitusi Rp 120 M,https://news.detik.com/berita/d-6877373/mario-dandy-geleng-geleng-kepala-dituntut-12-tahun-bui-dan-restitusi-rp-120-m,"
Selasa, 15 Agu 2023 13:03 WIB "
Hal Memberatkan Mario Dandy yang Dituntut 12 Tahun Bui: Sadis dan Brutal,https://news.detik.com/berita/d-6877350/hal-memberatkan-mario-dandy-yang-dituntut-12-tahun-bui-sadis-dan-brutal,"
Selasa, 15 Agu 2023 12:51 WIB "
Tak Ada Hal Meringankan dalam Tuntutan 12 Tahun Penjara Mario Dandy,https://news.detik.com/berita/d-6877336/tak-ada-hal-meringankan-dalam-tuntutan-12-tahun-penjara-mario-dandy,"
Selasa, 15 Agu 2023 12:46 WIB "
Mario Dandy dkk Dituntut Bayar Restitusi Rp 120 M atau Diganti 7 Tahun Bui,https://news.detik.com/berita/d-6877326/mario-dandy-dkk-dituntut-bayar-restitusi-rp-120-m-atau-diganti-7-tahun-bui,"
Selasa, 15 Agu 2023 12:41 WIB "
Mario Dandy Dituntut 12 Tahun Penjara di Kasus Penganiayaan David Ozora!,https://news.detik.com/berita/d-6877287/mario-dandy-dituntut-12-tahun-penjara-di-kasus-penganiayaan-david-ozora,"
Selasa, 15 Agu 2023 12:32 WIB "
"Jaksa: Mario Dandy Bukan Sekadar Lakukan Penganiayaan Berat, tapi Sadisme",https://news.detik.com/berita/d-6877203/jaksa-mario-dandy-bukan-sekadar-lakukan-penganiayaan-berat-tapi-sadisme,"
Selasa, 15 Agu 2023 11:53 WIB "
Sidang Tuntutan Mario Dandy di Kasus Penganiayaan David Dimulai,https://news.detik.com/berita/d-6877037/sidang-tuntutan-mario-dandy-di-kasus-penganiayaan-david-dimulai,"
Selasa, 15 Agu 2023 10:44 WIB "
Sidang Tuntutan Mario Dandy hingga Film The Moon Banjir Respons Positif,https://news.detik.com/berita/d-6876530/sidang-tuntutan-mario-dandy-hingga-film-the-moon-banjir-respons-positif,"
Selasa, 15 Agu 2023 07:57 WIB "
"Sempat Ditunda, Sidang Tuntutan Mario Dandy akan Digelar Hari Ini",https://news.detik.com/berita/d-6876743/sempat-ditunda-sidang-tuntutan-mario-dandy-akan-digelar-hari-ini,"
Selasa, 15 Agu 2023 06:31 WIB "
Ayah David Minta Jaksa Tuntut Hak Remisi-Bebas Bersyarat Mario Dandy Dicabut,https://news.detik.com/berita/d-6875579/ayah-david-minta-jaksa-tuntut-hak-remisi-bebas-bersyarat-mario-dandy-dicabut,"
Senin, 14 Agu 2023 14:45 WIB "
PN Jaksel: Tak Ada Kesengajaan Sidang Tuntutan Mario Dandy Ditunda,https://news.detik.com/berita/d-6875150/pn-jaksel-tak-ada-kesengajaan-sidang-tuntutan-mario-dandy-ditunda,"
Senin, 14 Agu 2023 11:52 WIB "
Tuntutan Mario Dandy Tertunda Bikin Ayah David Kecewa,https://news.detik.com/berita/d-6869998/tuntutan-mario-dandy-tertunda-bikin-ayah-david-kecewa,"
Kamis, 10 Agu 2023 21:43 WIB "
David Ozora Tanya Jokowi Saat Video Call: Bapak Suka Metal Juga?,https://news.detik.com/berita/d-6868849/david-ozora-tanya-jokowi-saat-video-call-bapak-suka-metal-juga,"
Kamis, 10 Agu 2023 13:01 WIB "
"Jokowi Video Call David Ozora, Doakan Cepat Sembuh",https://news.detik.com/berita/d-6868735/jokowi-video-call-david-ozora-doakan-cepat-sembuh,"
Kamis, 10 Agu 2023 12:29 WIB "
Ayah Jelaskan Kondisi Terkini David Ozora Korban Penganiayaan Mario Dandy,https://news.detik.com/berita/d-6868688/ayah-jelaskan-kondisi-terkini-david-ozora-korban-penganiayaan-mario-dandy,"
Kamis, 10 Agu 2023 12:04 WIB "
Ayah David Ozora Kecewa Sidang Tuntutan Mario Dandy Ditunda,https://news.detik.com/berita/d-6868594/ayah-david-ozora-kecewa-sidang-tuntutan-mario-dandy-ditunda,"
Kamis, 10 Agu 2023 11:33 WIB "
"Jaksa Belum Siap, Sidang Tuntutan Mario Dandy Ditunda",https://news.detik.com/berita/d-6868441/jaksa-belum-siap-sidang-tuntutan-mario-dandy-ditunda,"
Kamis, 10 Agu 2023 10:41 WIB "
Ayah David Harap Mario Dandy Dituntut Maksimal di Kasus Penganiayaan Anaknya,https://news.detik.com/berita/d-6868430/ayah-david-harap-mario-dandy-dituntut-maksimal-di-kasus-penganiayaan-anaknya,"
Kamis, 10 Agu 2023 10:36 WIB "
"Tangan Diborgol, Mario Dandy Tiba di PN Jaksel Jelang Sidang Tuntutan",https://news.detik.com/berita/d-6868364/tangan-diborgol-mario-dandy-tiba-di-pn-jaksel-jelang-sidang-tuntutan,"
Kamis, 10 Agu 2023 10:12 WIB "
Sidang Tuntutan Mario Dandy Hari Ini hingga Emeron Hijab Hunt 2023 Unjuk Gigi,https://news.detik.com/berita/d-6868003/sidang-tuntutan-mario-dandy-hari-ini-hingga-emeron-hijab-hunt-2023-unjuk-gigi,"
Kamis, 10 Agu 2023 07:57 WIB "
Mario Dandy Hadapi Sidang Tuntutan Kasus Penganiayaan David Hari Ini,https://news.detik.com/berita/d-6868182/mario-dandy-hadapi-sidang-tuntutan-kasus-penganiayaan-david-hari-ini,"
Kamis, 10 Agu 2023 06:54 WIB "
LPSK Sebut Keluarga Yoshua Bisa Ajukan Restitusi ke Ferdy Sambo,https://news.detik.com/berita/d-6866468/lpsk-sebut-keluarga-yoshua-bisa-ajukan-restitusi-ke-ferdy-sambo,"
Rabu, 09 Agu 2023 10:45 WIB "
"KPK Periksa Kakak Mario Dandy di Kasus TPPU, Usut Aset Mewah Rafael Alun",https://news.detik.com/berita/d-6864921/kpk-periksa-kakak-mario-dandy-di-kasus-tppu-usut-aset-mewah-rafael-alun,"
Selasa, 08 Agu 2023 13:36 WIB "
Jaksa Bertanya Penasaran 'Se-powerful Itukah Mario Dandy di Tongkrongan?',https://news.detik.com/berita/d-6861288/jaksa-bertanya-penasaran-se-powerful-itukah-mario-dandy-di-tongkrongan,"
Minggu, 06 Agu 2023 11:30 WIB "
"Shane Lukas Nangis, Cita-cita Masuk Akmil Kandas karena Kasus Aniaya David",https://news.detik.com/berita/d-6857606/shane-lukas-nangis-cita-cita-masuk-akmil-kandas-karena-kasus-aniaya-david,"
Kamis, 03 Agu 2023 19:24 WIB "
Sidang Tuntutan Kasus Shane Lukas Terlibat Aniaya David Digelar 10 Agustus,https://news.detik.com/berita/d-6857569/sidang-tuntutan-kasus-shane-lukas-terlibat-aniaya-david-digelar-10-agustus,"
Kamis, 03 Agu 2023 19:02 WIB "
"Mario Dandy Pernah Bilang ke Shane 'Kalau Ditilang, Ngomong Aja ke Gua'",https://news.detik.com/berita/d-6857434/mario-dandy-pernah-bilang-ke-shane-kalau-ditilang-ngomong-aja-ke-gua,"
Kamis, 03 Agu 2023 18:10 WIB "
Alasan Shane Chat Pacar 'Mau Temani Dandy Fighting': Biar Dibilang Keren,https://news.detik.com/berita/d-6857360/alasan-shane-chat-pacar-mau-temani-dandy-fighting-biar-dibilang-keren,"
Kamis, 03 Agu 2023 17:43 WIB "
Jaksa Heran Shane Ngaku Syok tapi Bisa Rekam Mario Dandy Aniaya David,https://news.detik.com/berita/d-6857084/jaksa-heran-shane-ngaku-syok-tapi-bisa-rekam-mario-dandy-aniaya-david,"
Kamis, 03 Agu 2023 16:08 WIB "
"Tak Setop Mario Dandy Aniaya David, Shane Ngaku Takut Dipukul",https://news.detik.com/berita/d-6856969/tak-setop-mario-dandy-aniaya-david-shane-ngaku-takut-dipukul,"
Kamis, 03 Agu 2023 15:28 WIB "
Pacar Ngaku Sempat Marah ke Shane karena Lebih Pilih Temani Mario Dandy,https://news.detik.com/berita/d-6856794/pacar-ngaku-sempat-marah-ke-shane-karena-lebih-pilih-temani-mario-dandy,"
Kamis, 03 Agu 2023 14:36 WIB "
Kejati DKI Teliti Berkas Perkara Mario Dandy Terkait Dugaan Pencabulan AG,https://news.detik.com/berita/d-6856585/kejati-dki-teliti-berkas-perkara-mario-dandy-terkait-dugaan-pencabulan-ag,"
Kamis, 03 Agu 2023 12:46 WIB "
Shane Chat Pacar 'Mau Temani Dandy Fighting' Sebelum Penganiayaan David Ozora,https://news.detik.com/berita/d-6856532/shane-chat-pacar-mau-temani-dandy-fighting-sebelum-penganiayaan-david-ozora,"
Kamis, 03 Agu 2023 12:23 WIB "
Jaksa Serahkan Sepatu hingga Baju Mario Dandy Saat Aniaya David ke Hakim,https://news.detik.com/berita/d-6856436/jaksa-serahkan-sepatu-hingga-baju-mario-dandy-saat-aniaya-david-ke-hakim,"
Kamis, 03 Agu 2023 11:47 WIB "
Sidang Tuntutan Kasus Mario Dandy Aniaya David Digelar 10 Agustus,https://news.detik.com/berita/d-6856389/sidang-tuntutan-kasus-mario-dandy-aniaya-david-digelar-10-agustus,"
Kamis, 03 Agu 2023 11:28 WIB "
"Babak Baru Pencabulan Mario Dandy ke AG, Kini Berkas Dilimpahkan ke Jaksa",https://news.detik.com/berita/d-6856231/babak-baru-pencabulan-mario-dandy-ke-ag-kini-berkas-dilimpahkan-ke-jaksa,"
Kamis, 03 Agu 2023 10:07 WIB "
Akhirnya Mario Dandy Jawab soal Viral Disebut Kabur Usai Isi BBM,https://news.detik.com/berita/d-6854682/akhirnya-mario-dandy-jawab-soal-viral-disebut-kabur-usai-isi-bbm,"
Rabu, 02 Agu 2023 13:31 WIB "
"Komentar Hakim Hadapi Mario Dandy, Dari 'Yaudah' hingga 'Terserah'",https://news.detik.com/berita/d-6854543/komentar-hakim-hadapi-mario-dandy-dari-yaudah-hingga-terserah,"
Rabu, 02 Agu 2023 12:37 WIB "
Anak Pejabat Kembali Terlibat Aksi Kekerasan dan Filosofi Hari Raya Galungan,https://news.detik.com/berita/d-6853756/anak-pejabat-kembali-terlibat-aksi-kekerasan-dan-filosofi-hari-raya-galungan,"
Rabu, 02 Agu 2023 07:45 WIB "
Jawaban Berbelit Mario Dandy soal Rubicon Sampai Hakim Bilang Terserah,https://news.detik.com/berita/d-6854065/jawaban-berbelit-mario-dandy-soal-rubicon-sampai-hakim-bilang-terserah,"
Rabu, 02 Agu 2023 07:26 WIB "
Pengakuan Mario Dandy Tak Sangka 'Sehebat Itu' Aniaya David Ozora,https://news.detik.com/berita/d-6854046/pengakuan-mario-dandy-tak-sangka-sehebat-itu-aniaya-david-ozora,"
Rabu, 02 Agu 2023 07:01 WIB "
Pengacara Jelaskan Alasan David Turuti Perintah Push Up Mario Dandy,https://news.detik.com/berita/d-6853921/pengacara-jelaskan-alasan-david-turuti-perintah-push-up-mario-dandy,"
Selasa, 01 Agu 2023 22:40 WIB "
Hakim Tanya Mario Dandy: Di Pom Bensin Nggak Bayar?,https://news.detik.com/berita/d-6853859/hakim-tanya-mario-dandy-di-pom-bensin-nggak-bayar,"
Selasa, 01 Agu 2023 21:58 WIB "
Mario Dandy Akui Tak Bayar Tol di Hari Aniaya David,https://news.detik.com/berita/d-6853828/mario-dandy-akui-tak-bayar-tol-di-hari-aniaya-david,"
Selasa, 01 Agu 2023 21:34 WIB "
Dalih Mario Dandy soal Ancam Tembak David: Nggak Serius,https://news.detik.com/berita/d-6853809/dalih-mario-dandy-soal-ancam-tembak-david-nggak-serius,"
Selasa, 01 Agu 2023 21:19 WIB "
Hakim Tegur Mario Dandy di Sidang: Jaga Sikap Saudara!,https://news.detik.com/berita/d-6853741/hakim-tegur-mario-dandy-di-sidang-jaga-sikap-saudara,"
Selasa, 01 Agu 2023 20:44 WIB "
"Mario Dandy Sebut Rubicon B-120-DEN Milik Pakde, tapi Merasa Memiliki",https://news.detik.com/berita/d-6853618/mario-dandy-sebut-rubicon-b-120-den-milik-pakde-tapi-merasa-memiliki,"
Selasa, 01 Agu 2023 19:17 WIB "
"Alasan Mario Dandy Ajak Shane Aniaya David: Gabut, AG Lagi Facial",https://news.detik.com/berita/d-6853483/alasan-mario-dandy-ajak-shane-aniaya-david-gabut-ag-lagi-facial,"
Selasa, 01 Agu 2023 18:29 WIB "
"Mario Dandy: Saya Gak Nyangka Lakukan Perbuatan Sehebat Itu, di Luar Bayangan",https://news.detik.com/berita/d-6853285/mario-dandy-saya-gak-nyangka-lakukan-perbuatan-sehebat-itu-di-luar-bayangan,"
Selasa, 01 Agu 2023 17:00 WIB "
"Mario Dandy Akui 2 Kali Free Kick Kepala David Lalu Selebrasi, Berdalih Kesal",https://news.detik.com/berita/d-6853176/mario-dandy-akui-2-kali-free-kick-kepala-david-lalu-selebrasi-berdalih-kesal,"
Selasa, 01 Agu 2023 16:22 WIB "
Mario Dandy Ancam Panggil Brimob Saat David Ozora Tolak Bertemu,https://news.detik.com/berita/d-6853128/mario-dandy-ancam-panggil-brimob-saat-david-ozora-tolak-bertemu,"
Selasa, 01 Agu 2023 16:06 WIB "
Mario Dandy Ternyata Sebar Video Aniaya David dengan Label 'Kenang-kenangan',https://news.detik.com/berita/d-6853106/mario-dandy-ternyata-sebar-video-aniaya-david-dengan-label-kenang-kenangan,"
Selasa, 01 Agu 2023 15:54 WIB "
Mario Dandy Langsung Diperiksa Sebagai Terdakwa Usai Hadirkan 2 Ahli,https://news.detik.com/berita/d-6853007/mario-dandy-langsung-diperiksa-sebagai-terdakwa-usai-hadirkan-2-ahli,"
Selasa, 01 Agu 2023 15:16 WIB "
Ahli Pihak Mario Dandy Singgung Restitusi Jangan Jadi Ajang Pemerasan,https://news.detik.com/berita/d-6852866/ahli-pihak-mario-dandy-singgung-restitusi-jangan-jadi-ajang-pemerasan,"
Selasa, 01 Agu 2023 14:32 WIB "
Ahli di Kasus Sambo dan Teddy Minahasa Jadi Saksi Meringankan Mario Dandy,https://news.detik.com/berita/d-6852544/ahli-di-kasus-sambo-dan-teddy-minahasa-jadi-saksi-meringankan-mario-dandy,"
Selasa, 01 Agu 2023 12:04 WIB "
Mario Dandy Kembali Tak Pakai Kemeja Putih di Sidang Hari Ini,https://news.detik.com/berita/d-6852309/mario-dandy-kembali-tak-pakai-kemeja-putih-di-sidang-hari-ini,"
Selasa, 01 Agu 2023 10:21 WIB "
Rafael Alun Segera Disidang di Kasus Gratifikasi!,https://news.detik.com/berita/d-6851245/rafael-alun-segera-disidang-di-kasus-gratifikasi,"
Senin, 31 Jul 2023 16:56 WIB "
Ayah Shane Lukas Keberatan Bayar Restitusi: Tak Mampu Secara Ekonomi,https://news.detik.com/berita/d-6844570/ayah-shane-lukas-keberatan-bayar-restitusi-tak-mampu-secara-ekonomi,"
Kamis, 27 Jul 2023 14:53 WIB "
Panas! Jaksa dan Pengacara Shane Adu Mulut di Sidang Penganiayaan David,https://news.detik.com/berita/d-6844450/panas-jaksa-dan-pengacara-shane-adu-mulut-di-sidang-penganiayaan-david,"
Kamis, 27 Jul 2023 14:02 WIB "
Buka-bukaan Rafael Alun Kini Tak Mau Ikut-ikutan Urusan Mario Dandy,https://news.detik.com/berita/d-6841671/buka-bukaan-rafael-alun-kini-tak-mau-ikut-ikutan-urusan-mario-dandy,"
Rabu, 26 Jul 2023 07:00 WIB "
"Pihak David soal Rafael Tolak Bayar Restitusi: Cuci Tangan, Hanya Ingin Damai",https://news.detik.com/berita/d-6841652/pihak-david-soal-rafael-tolak-bayar-restitusi-cuci-tangan-hanya-ingin-damai,"
Rabu, 26 Jul 2023 06:27 WIB "
"Rafael Tolak Bayar Restitusi, Ayah David: Lebih Cinta Harta Dibanding Mario",https://news.detik.com/berita/d-6841432/rafael-tolak-bayar-restitusi-ayah-david-lebih-cinta-harta-dibanding-mario,"
Selasa, 25 Jul 2023 20:33 WIB "
Alasan Aset Disita KPK Bikin Rafael Alun Tak Mampu Bantu David Ozora,https://news.detik.com/berita/d-6841367/alasan-aset-disita-kpk-bikin-rafael-alun-tak-mampu-bantu-david-ozora,"
Selasa, 25 Jul 2023 20:09 WIB "
"Rafael Alun Ngaku Tak Mampu Bantu Pengobatan David, Ini Asetnya yang Disita",https://news.detik.com/berita/d-6840505/rafael-alun-ngaku-tak-mampu-bantu-pengobatan-david-ini-asetnya-yang-disita,"
Selasa, 25 Jul 2023 14:10 WIB "
PN Jaksel: Kesempatan Mario Dandy Hadirkan Saksi Meringankan Sisa 1 Kali,https://news.detik.com/berita/d-6840450/pn-jaksel-kesempatan-mario-dandy-hadirkan-saksi-meringankan-sisa-1-kali,"
Selasa, 25 Jul 2023 13:35 WIB "
Rafael Alun Nyatakan Tak Mampu Bantu Pengobatan David Ozora: Aset Disita KPK,https://news.detik.com/berita/d-6840373/rafael-alun-nyatakan-tak-mampu-bantu-pengobatan-david-ozora-aset-disita-kpk,"
Selasa, 25 Jul 2023 13:04 WIB "
Alasan Rafael Alun Tolak Tanggung Restitusi David: Mario Dandy Telah Dewasa,https://news.detik.com/berita/d-6840321/alasan-rafael-alun-tolak-tanggung-restitusi-david-mario-dandy-telah-dewasa,"
Selasa, 25 Jul 2023 12:44 WIB "
"Saksi Meringankan Tak Hadir, Sidang Mario Dandy Ditunda",https://news.detik.com/berita/d-6840264/saksi-meringankan-tak-hadir-sidang-mario-dandy-ditunda,"
Selasa, 25 Jul 2023 12:24 WIB "
Rafael Alun Tak Akan Jadi Saksi Meringankan bagi Mario Dandy,https://news.detik.com/berita/d-6840253/rafael-alun-tak-akan-jadi-saksi-meringankan-bagi-mario-dandy,"
Selasa, 25 Jul 2023 12:17 WIB "
Rafael Alun Ortu Mario Dandy Tolak Tanggung Pembayaran Restitusi David Ozora,https://news.detik.com/berita/d-6840230/rafael-alun-ortu-mario-dandy-tolak-tanggung-pembayaran-restitusi-david-ozora,"
Selasa, 25 Jul 2023 12:02 WIB "
Mario Dandy Kembali Pakai Kemeja Putih di Sidang Hari Ini,https://news.detik.com/berita/d-6840034/mario-dandy-kembali-pakai-kemeja-putih-di-sidang-hari-ini,"
Selasa, 25 Jul 2023 10:38 WIB "
4 Kesaksian Dokter soal Parahnya Kondisi David Ozora Usai Dianiaya,https://news.detik.com/berita/d-6833619/4-kesaksian-dokter-soal-parahnya-kondisi-david-ozora-usai-dianiaya,"
Jumat, 21 Jul 2023 08:02 WIB "
Ayah David Bicara Tambahan Bui Bila Mario Dandy Ogah Bayar Restitusi,https://news.detik.com/berita/d-6833566/ayah-david-bicara-tambahan-bui-bila-mario-dandy-ogah-bayar-restitusi,"
Jumat, 21 Jul 2023 06:33 WIB "
Ayah Ungkap Kondisi Terkini David Ozora: Emosi Belum Stabil,https://news.detik.com/berita/d-6833243/ayah-ungkap-kondisi-terkini-david-ozora-emosi-belum-stabil,"
Kamis, 20 Jul 2023 19:43 WIB "
Dokter: David Tak Ada Perkembangan 5 Pekan Awal tapi Tuhan Punya Jalan,https://news.detik.com/berita/d-6833212/dokter-david-tak-ada-perkembangan-5-pekan-awal-tapi-tuhan-punya-jalan,"
Kamis, 20 Jul 2023 19:21 WIB "
Ternyata Separah Ini Diffuse Axonal Injury yang Dialami David Ozora,https://news.detik.com/berita/d-6832702/ternyata-separah-ini-diffuse-axonal-injury-yang-dialami-david-ozora,"
Kamis, 20 Jul 2023 16:28 WIB "
"Kondisi David Ozora Bisa Membaik Usai Dianiaya Mario, Dokter: Itu Mukjizat",https://news.detik.com/berita/d-6832531/kondisi-david-ozora-bisa-membaik-usai-dianiaya-mario-dokter-itu-mukjizat,"
Kamis, 20 Jul 2023 15:17 WIB "
Hakim Tanya ke Dokter soal Mario Dandy Bisa Sebabkan David Cacat Permanen,https://news.detik.com/berita/d-6832316/hakim-tanya-ke-dokter-soal-mario-dandy-bisa-sebabkan-david-cacat-permanen,"
Kamis, 20 Jul 2023 13:37 WIB "
Dokter Jelaskan Pemulihan Otak David Tak Bisa 100% Usai Dianiaya Mario Dandy,https://news.detik.com/berita/d-6832248/dokter-jelaskan-pemulihan-otak-david-tak-bisa-100-usai-dianiaya-mario-dandy,"
Kamis, 20 Jul 2023 13:01 WIB "
Dokter Cerita Kondisi Awal David Ozora di RS: Tak Ada Respons Sama Sekali,https://news.detik.com/berita/d-6832174/dokter-cerita-kondisi-awal-david-ozora-di-rs-tak-ada-respons-sama-sekali,"
Kamis, 20 Jul 2023 12:29 WIB "
"Ayah David: Kalau Dandy Nggak Mau Bayar Restitusi, Ganti Kurungan Saja",https://news.detik.com/berita/d-6832107/ayah-david-kalau-dandy-nggak-mau-bayar-restitusi-ganti-kurungan-saja,"
Kamis, 20 Jul 2023 11:57 WIB "
"Pernah Ditegur Jaksa untuk Pakai Kemeja Putih, Dandy Kembali Berkemeja Hitam",https://news.detik.com/berita/d-6832017/pernah-ditegur-jaksa-untuk-pakai-kemeja-putih-dandy-kembali-berkemeja-hitam,"
Kamis, 20 Jul 2023 11:11 WIB "
"Dokter Bersaksi, Ayah David Kembali Hadir di Sidang Mario Dandy",https://news.detik.com/berita/d-6832009/dokter-bersaksi-ayah-david-kembali-hadir-di-sidang-mario-dandy,"
Kamis, 20 Jul 2023 11:05 WIB "
Pengacara David: Strategi Pembelaan Mario Dandy-Shane Lukas Tak Beradab,https://news.detik.com/berita/d-6830241/pengacara-david-strategi-pembelaan-mario-dandy-shane-lukas-tak-beradab,"
Selasa, 18 Jul 2023 23:13 WIB "
Bantahan Mario Dandy soal Main HP Bukan di Ruang Tahanan,https://news.detik.com/berita/d-6830014/bantahan-mario-dandy-soal-main-hp-bukan-di-ruang-tahanan,"
Selasa, 18 Jul 2023 20:41 WIB "
Respons Pengacara soal Hakim Minta Ortu Mario Dandy Hadir di Sidang,https://news.detik.com/berita/d-6829973/respons-pengacara-soal-hakim-minta-ortu-mario-dandy-hadir-di-sidang,"
Selasa, 18 Jul 2023 20:22 WIB "
"Mario Tetap Aniaya David yang Tak Berdaya, Ahli: Itu Penganiayaan Berat",https://news.detik.com/berita/d-6829695/mario-tetap-aniaya-david-yang-tak-berdaya-ahli-itu-penganiayaan-berat,"
Selasa, 18 Jul 2023 18:10 WIB "
Hakim Minta Ortu Mario Dandy Dihadirkan ke Sidang Bahas Restitusi David,https://news.detik.com/berita/d-6829628/hakim-minta-ortu-mario-dandy-dihadirkan-ke-sidang-bahas-restitusi-david,"
Selasa, 18 Jul 2023 17:44 WIB "
"Paman Sebut David Alami Keterbelakangan Mental, Pengacara Shane Keberatan",https://news.detik.com/berita/d-6829561/paman-sebut-david-alami-keterbelakangan-mental-pengacara-shane-keberatan,"
Selasa, 18 Jul 2023 17:16 WIB "
Mario Dandy Bantah Main HP di Tahanan Polsek Usai Aniaya David Ozora,https://news.detik.com/berita/d-6829463/mario-dandy-bantah-main-hp-di-tahanan-polsek-usai-aniaya-david-ozora,"
Selasa, 18 Jul 2023 16:40 WIB "
"Paman David Ngaku Tak Bisa Lupa Pelat Rubicon Mario Dandy: BRODEN, B-120-DEN",https://news.detik.com/berita/d-6829354/paman-david-ngaku-tak-bisa-lupa-pelat-rubicon-mario-dandy-broden-b-120-den,"
Selasa, 18 Jul 2023 16:03 WIB "
Paman David Heran Mario Dandy Santai Main HP di Polsek Usai Penganiayaan,https://news.detik.com/berita/d-6829172/paman-david-heran-mario-dandy-santai-main-hp-di-polsek-usai-penganiayaan,"
Selasa, 18 Jul 2023 15:00 WIB "
"Paman David Ozora Jadi Saksi Sidang Mario Dandy, Hadir Virtual dari Saudi",https://news.detik.com/berita/d-6828972/paman-david-ozora-jadi-saksi-sidang-mario-dandy-hadir-virtual-dari-saudi,"
Selasa, 18 Jul 2023 13:39 WIB "
Ahli Jelaskan 2 Turut Serta dalam Pidana di Sidang Mario Dandy dan Shane,https://news.detik.com/berita/d-6828787/ahli-jelaskan-2-turut-serta-dalam-pidana-di-sidang-mario-dandy-dan-shane,"
Selasa, 18 Jul 2023 12:18 WIB "
Akhirnya Mario Dandy Berkemeja Putih Saat Diadili,https://news.detik.com/berita/d-6817962/akhirnya-mario-dandy-berkemeja-putih-saat-diadili,"
Selasa, 11 Jul 2023 21:06 WIB "
Pengacara Minta Hakim Izinkan Mario Dandy Diperiksa Psikiater di Lapas,https://news.detik.com/berita/d-6817580/pengacara-minta-hakim-izinkan-mario-dandy-diperiksa-psikiater-di-lapas,"
Selasa, 11 Jul 2023 17:57 WIB "
Panas! Ahli Pidana dan Pengacara Shane Lukas Adu Mulut di Sidang Mario Dandy,https://news.detik.com/berita/d-6817075/panas-ahli-pidana-dan-pengacara-shane-lukas-adu-mulut-di-sidang-mario-dandy,"
Selasa, 11 Jul 2023 14:39 WIB "
Ahli Pidana soal Mario Dandy Minta David Sikap Tobat: Termasuk Penganiayaan,https://news.detik.com/berita/d-6816943/ahli-pidana-soal-mario-dandy-minta-david-sikap-tobat-termasuk-penganiayaan,"
Selasa, 11 Jul 2023 13:47 WIB "
Teguran Jaksa soal Pakaian Baru Dipatuhi Mario Dandy Usai 3 Sidang Berlalu,https://news.detik.com/berita/d-6816927/teguran-jaksa-soal-pakaian-baru-dipatuhi-mario-dandy-usai-3-sidang-berlalu,"
Selasa, 11 Jul 2023 13:38 WIB "
Ahli Jelaskan Restitusi di Sidang Mario Dandy: Tak Bisa Dibebankan ke Ortu,https://news.detik.com/berita/d-6816825/ahli-jelaskan-restitusi-di-sidang-mario-dandy-tak-bisa-dibebankan-ke-ortu,"
Selasa, 11 Jul 2023 12:50 WIB "
"Pernah Ditegur Jaksa, Mario Dandy Kini Pakai Kemeja Putih ke Persidangan",https://news.detik.com/berita/d-6816469/pernah-ditegur-jaksa-mario-dandy-kini-pakai-kemeja-putih-ke-persidangan,"
Selasa, 11 Jul 2023 10:09 WIB "
"Trik Andhi Pramono hingga Rafael Alun, Isi Kocek Bertahun-tahun",https://news.detik.com/berita/d-6814361/trik-andhi-pramono-hingga-rafael-alun-isi-kocek-bertahun-tahun,"
Senin, 10 Jul 2023 06:00 WIB "
Berkuasa Bertahun-tahun ala Andhi Pramono dan Rafael Alun,https://news.detik.com/berita/d-6813722/berkuasa-bertahun-tahun-ala-andhi-pramono-dan-rafael-alun,"
Minggu, 09 Jul 2023 15:24 WIB "
Kondisi Miris David Diungkap Ahli di Sidang Mario Dandy,https://news.detik.com/berita/d-6809992/kondisi-miris-david-diungkap-ahli-di-sidang-mario-dandy,"
Kamis, 06 Jul 2023 21:32 WIB "
Pengacara Sebut Hasil Poligraf Dandy Tak Bohong soal Amanda Jadi Pembisik,https://news.detik.com/berita/d-6809109/pengacara-sebut-hasil-poligraf-dandy-tak-bohong-soal-amanda-jadi-pembisik,"
Kamis, 06 Jul 2023 15:05 WIB "
"Dokter: David Alami Kekacauan Motorik, Tak Bisa Gerakkan Tubuh",https://news.detik.com/berita/d-6808766/dokter-david-alami-kekacauan-motorik-tak-bisa-gerakkan-tubuh,"
Kamis, 06 Jul 2023 12:19 WIB "
Begini Kondisi David Saat Pertama Kali Masuk RS Usai Dianiaya Mario Dandy,https://news.detik.com/berita/d-6808701/begini-kondisi-david-saat-pertama-kali-masuk-rs-usai-dianiaya-mario-dandy,"
Kamis, 06 Jul 2023 11:51 WIB "
"Korlantas Usul Pelat Nomor Nama Bayar Rp 500 Juta, Ini Kata Komisi III DPR",https://news.detik.com/berita/d-6807708/korlantas-usul-pelat-nomor-nama-bayar-rp-500-juta-ini-kata-komisi-iii-dpr,"
Rabu, 05 Jul 2023 17:56 WIB "
Nopol Palsu B 120 DEN Diakui Mario Dandy biar Keren,https://news.detik.com/berita/d-6806723/nopol-palsu-b-120-den-diakui-mario-dandy-biar-keren,"
Rabu, 05 Jul 2023 11:01 WIB "
Gerah Hakim Dengar Jawaban Mario Dandy hingga Bilang 'Yaudah Terserahmu Lah',https://news.detik.com/berita/d-6806703/gerah-hakim-dengar-jawaban-mario-dandy-hingga-bilang-yaudah-terserahmu-lah,"
Rabu, 05 Jul 2023 10:51 WIB "
"Viral Rumah Rafael Alun di Simprug Masih Ditempati Kakak Mario, Ini Kata KPK",https://news.detik.com/berita/d-6806700/viral-rumah-rafael-alun-di-simprug-masih-ditempati-kakak-mario-ini-kata-kpk,"
Rabu, 05 Jul 2023 10:48 WIB "
Pengakuan Mario di Sidang Penganiayaan David: Bohong di BAP Polisi,https://news.detik.com/berita/d-6806530/pengakuan-mario-di-sidang-penganiayaan-david-bohong-di-bap-polisi,"
Rabu, 05 Jul 2023 08:38 WIB "
Kata Hakim Tak Ada Arti Saat Shane Berdalih Lerai Mario Dandy,https://news.detik.com/berita/d-6806496/kata-hakim-tak-ada-arti-saat-shane-berdalih-lerai-mario-dandy,"
Rabu, 05 Jul 2023 08:09 WIB "
Mario Dandy Tak Kasihan Meski David Sudah Terkapar,https://news.detik.com/berita/d-6806494/mario-dandy-tak-kasihan-meski-david-sudah-terkapar,"
Rabu, 05 Jul 2023 08:03 WIB "
Buka-bukaan Amanda soal Mario Dandy Temperamen di Persidangan,https://news.detik.com/berita/d-6806448/buka-bukaan-amanda-soal-mario-dandy-temperamen-di-persidangan,"
Rabu, 05 Jul 2023 07:17 WIB "
Terungkap Alasan Mario Dandy Ajak Shane Lukas saat Aniaya David,https://news.detik.com/berita/d-6806381/terungkap-alasan-mario-dandy-ajak-shane-lukas-saat-aniaya-david,"
Rabu, 05 Jul 2023 00:41 WIB "
"Mario Ngaku Bohong di BAP, Pengacara David: Bisa Jadi Persoalan Hukum Baru",https://news.detik.com/berita/d-6806368/mario-ngaku-bohong-di-bap-pengacara-david-bisa-jadi-persoalan-hukum-baru,"
Rabu, 05 Jul 2023 00:17 WIB "
Mario Dandy Akui Hapus Audio di Video Penganiayaan untuk Hilangkan Jejak,https://news.detik.com/berita/d-6806364/mario-dandy-akui-hapus-audio-di-video-penganiayaan-untuk-hilangkan-jejak,"
Selasa, 04 Jul 2023 23:55 WIB "
Hakim Bentak Mario Dandy saat Potong Pertanyaan: Saudara Diam Dulu!,https://news.detik.com/berita/d-6806363/hakim-bentak-mario-dandy-saat-potong-pertanyaan-saudara-diam-dulu,"
Selasa, 04 Jul 2023 23:51 WIB "
"Mario Dandy Ngaku Bohong di BAP Polisi, Hakim: Berani Amat Kamu!",https://news.detik.com/berita/d-6806352/mario-dandy-ngaku-bohong-di-bap-polisi-hakim-berani-amat-kamu,"
Selasa, 04 Jul 2023 23:33 WIB "
Mario Dandy Tetap Aniaya David yang Terkapar: Saya Tak Merasa Kasihan,https://news.detik.com/berita/d-6806318/mario-dandy-tetap-aniaya-david-yang-terkapar-saya-tak-merasa-kasihan,"
Selasa, 04 Jul 2023 22:34 WIB "
Mario Dandy Juga Bikin Pelat Palsu Pakai Nama Tengah Amanda,https://news.detik.com/berita/d-6806260/mario-dandy-juga-bikin-pelat-palsu-pakai-nama-tengah-amanda,"
Selasa, 04 Jul 2023 21:35 WIB "
Mario Dandy Akui Nopol Rubicon B-120-DEN Palsu: Biar Keren Aja,https://news.detik.com/berita/d-6806241/mario-dandy-akui-nopol-rubicon-b-120-den-palsu-biar-keren-aja,"
Selasa, 04 Jul 2023 21:18 WIB "
Hakim Cecar Mario Dandy Tetap Aniaya David yang Terkapar: Supaya Mati?,https://news.detik.com/berita/d-6806233/hakim-cecar-mario-dandy-tetap-aniaya-david-yang-terkapar-supaya-mati,"
Selasa, 04 Jul 2023 21:11 WIB "
Cerita Ayah soal David Diancam Ditembak Mario Dandy Dikuatkan Amanda,https://news.detik.com/berita/d-6806148/cerita-ayah-soal-david-diancam-ditembak-mario-dandy-dikuatkan-amanda,"
Selasa, 04 Jul 2023 20:09 WIB "
Shane Ungkap Mario Dandy Langsung Telepon Rafael Alun Usai Aniaya David,https://news.detik.com/berita/d-6806056/shane-ungkap-mario-dandy-langsung-telepon-rafael-alun-usai-aniaya-david,"
Selasa, 04 Jul 2023 19:10 WIB "
"Pengacara Mario Dandy Ungkap Chat 'Masih Sayang', Amanda: Sebagai Teman",https://news.detik.com/berita/d-6805942/pengacara-mario-dandy-ungkap-chat-masih-sayang-amanda-sebagai-teman,"
Selasa, 04 Jul 2023 18:25 WIB "
Shane Peragakan Cara Mario Dandy Tendang Kepala David di Depan Hakim,https://news.detik.com/berita/d-6805843/shane-peragakan-cara-mario-dandy-tendang-kepala-david-di-depan-hakim,"
Selasa, 04 Jul 2023 17:40 WIB "
Shane Akui Disuruh Mario Dandy Ganti Pelat Rubicon Saat di Kantor Polisi,https://news.detik.com/berita/d-6805775/shane-akui-disuruh-mario-dandy-ganti-pelat-rubicon-saat-di-kantor-polisi,"
Selasa, 04 Jul 2023 17:17 WIB "
"Shane Berdalih Bingung Usai Penganiayaan David, Akhirnya Main Gitar di Polsek",https://news.detik.com/berita/d-6805676/shane-berdalih-bingung-usai-penganiayaan-david-akhirnya-main-gitar-di-polsek,"
Selasa, 04 Jul 2023 16:46 WIB "
Shane Ngaku Takut Hentikan Mario Dandy Saat Hajar David: Saya Ada Utang Budi,https://news.detik.com/berita/d-6805554/shane-ngaku-takut-hentikan-mario-dandy-saat-hajar-david-saya-ada-utang-budi,"
Selasa, 04 Jul 2023 16:05 WIB "
"Ngaku Menyesal Tak Lerai Mario Aniaya David, Shane Lukas Menangis di Sidang",https://news.detik.com/berita/d-6805510/ngaku-menyesal-tak-lerai-mario-aniaya-david-shane-lukas-menangis-di-sidang,"
Selasa, 04 Jul 2023 15:50 WIB "
Hakim Tegur Shane yang Ngaku Hentikan Mario Dandy: Nggak Ada Artinya!,https://news.detik.com/berita/d-6805494/hakim-tegur-shane-yang-ngaku-hentikan-mario-dandy-nggak-ada-artinya,"
Selasa, 04 Jul 2023 15:43 WIB "
Ayah David Kecewa Ancaman Tembak dari Mario Dandy Tak Dibahas Mendalam,https://news.detik.com/berita/d-6805419/ayah-david-kecewa-ancaman-tembak-dari-mario-dandy-tak-dibahas-mendalam,"
Selasa, 04 Jul 2023 15:09 WIB "
Amanda Ungkap David Ozora Curhat Diancam Ditembak oleh Mario Dandy,https://news.detik.com/berita/d-6805370/amanda-ungkap-david-ozora-curhat-diancam-ditembak-oleh-mario-dandy,"
Selasa, 04 Jul 2023 14:50 WIB "
Mario Dandy Bantah Kesaksian Eks Pacar soal Bahas AG Menghilang,https://news.detik.com/berita/d-6805269/mario-dandy-bantah-kesaksian-eks-pacar-soal-bahas-ag-menghilang,"
Selasa, 04 Jul 2023 14:00 WIB "
Hakim Peringatkan Amanda Tak Bohong soal Sakit di Sidang Mario Dandy,https://news.detik.com/berita/d-6805241/hakim-peringatkan-amanda-tak-bohong-soal-sakit-di-sidang-mario-dandy,"
Selasa, 04 Jul 2023 13:43 WIB "
Amanda Ngaku Diperingatkan Teman gegara Mario Dandy Sering Banyak Kasus,https://news.detik.com/berita/d-6805187/amanda-ngaku-diperingatkan-teman-gegara-mario-dandy-sering-banyak-kasus,"
Selasa, 04 Jul 2023 13:11 WIB "
Amanda Ungkap Awal Mula Shane Lukas Selalu Turuti Mario Dandy,https://news.detik.com/berita/d-6805149/amanda-ungkap-awal-mula-shane-lukas-selalu-turuti-mario-dandy,"
Selasa, 04 Jul 2023 13:01 WIB "
"Amanda Diperiksa Dokter di Tengah Sidang Mario Dandy, Ada Apa?",https://news.detik.com/berita/d-6804985/amanda-diperiksa-dokter-di-tengah-sidang-mario-dandy-ada-apa,"
Selasa, 04 Jul 2023 11:41 WIB "
"Jaksa Tanya Watak Mario Dandy, Eks Pacar Bilang Temperamen dan Meledak-ledak",https://news.detik.com/berita/d-6804944/jaksa-tanya-watak-mario-dandy-eks-pacar-bilang-temperamen-dan-meledak-ledak,"
Selasa, 04 Jul 2023 11:24 WIB "
Amanda Eks Pacar Mario Dandy Cerita soal AG 2 Kali Menghilang,https://news.detik.com/berita/d-6804917/amanda-eks-pacar-mario-dandy-cerita-soal-ag-2-kali-menghilang,"
Selasa, 04 Jul 2023 11:07 WIB "
Amanda Sempat Menangis Sebelum Sidang Mario Dandy Dimulai,https://news.detik.com/berita/d-6804870/amanda-sempat-menangis-sebelum-sidang-mario-dandy-dimulai,"
Selasa, 04 Jul 2023 10:37 WIB "
Ayah David Hadiri Langsung Sidang Mario Dandy Di Kala Amanda Bersaksi,https://news.detik.com/berita/d-6804864/ayah-david-hadiri-langsung-sidang-mario-dandy-di-kala-amanda-bersaksi,"
Selasa, 04 Jul 2023 10:35 WIB "
"Pakai Kursi Roda, Amanda Tiba di PN Jaksel Jadi Saksi Sidang Mario Dandy",https://news.detik.com/berita/d-6804734/pakai-kursi-roda-amanda-tiba-di-pn-jaksel-jadi-saksi-sidang-mario-dandy,"
Selasa, 04 Jul 2023 09:28 WIB "
"Babak Baru Mario Dandy, Kini Jadi Tersangka Kasus Dugaan Pencabulan AG",https://news.detik.com/berita/d-6804640/babak-baru-mario-dandy-kini-jadi-tersangka-kasus-dugaan-pencabulan-ag,"
Selasa, 04 Jul 2023 08:02 WIB "
Mario Dandy Jadi Tersangka Pencabulan hingga Angkot Bandung Berlantai Keramik,https://news.detik.com/berita/d-6804350/mario-dandy-jadi-tersangka-pencabulan-hingga-angkot-bandung-berlantai-keramik,"
Selasa, 04 Jul 2023 07:45 WIB "
Amanda Bakal Jadi Saksi di Sidang Mario Dandy Hari Ini,https://news.detik.com/berita/d-6804611/amanda-bakal-jadi-saksi-di-sidang-mario-dandy-hari-ini,"
Selasa, 04 Jul 2023 07:29 WIB "
Respons Pihak AG soal Mario Dandy Jadi Tersangka Kasus Pencabulan,https://news.detik.com/berita/d-6804294/respons-pihak-ag-soal-mario-dandy-jadi-tersangka-kasus-pencabulan,"
Senin, 03 Jul 2023 19:59 WIB "
"Jadi Tersangka Pencabulan AG, Mario Dandy Terancam 15 Tahun Bui",https://news.detik.com/berita/d-6804231/jadi-tersangka-pencabulan-ag-mario-dandy-terancam-15-tahun-bui,"
Senin, 03 Jul 2023 19:06 WIB "
Mario Dandy Ditetapkan Jadi Tersangka Dugaan Pencabulan AG!,https://news.detik.com/berita/d-6804178/mario-dandy-ditetapkan-jadi-tersangka-dugaan-pencabulan-ag,"
Senin, 03 Jul 2023 18:41 WIB "
"Indonesia Indicator: Rapor Kinerja Polri Naik dari Angka 63,8 Jadi 76",https://news.detik.com/berita/d-6802166/indonesia-indicator-rapor-kinerja-polri-naik-dari-angka-63-8-jadi-76,"
Minggu, 02 Jul 2023 16:40 WIB "
Komisi X DPR Minta Untirta-Kemendikbud Segera DO Terdakwa Revenge Porn,https://news.detik.com/berita/d-6801596/komisi-x-dpr-minta-untirta-kemendikbud-segera-do-terdakwa-revenge-porn,"
Minggu, 02 Jul 2023 07:28 WIB "
Teguran Jaksa Tak Bikin Kemeja Mario Dandy Berganti,https://news.detik.com/berita/d-6796138/teguran-jaksa-tak-bikin-kemeja-mario-dandy-berganti,"
Rabu, 28 Jun 2023 07:50 WIB "
Pengacara David Sesalkan Banyak Info Tak Digali Saat AG Bersaksi,https://news.detik.com/berita/d-6795988/pengacara-david-sesalkan-banyak-info-tak-digali-saat-ag-bersaksi,"
Selasa, 27 Jun 2023 22:55 WIB "
Ditjen Pas Buka Suara soal Mario Dandy Disebut Telepon Saksi dari Tahanan,https://news.detik.com/berita/d-6795982/ditjen-pas-buka-suara-soal-mario-dandy-disebut-telepon-saksi-dari-tahanan,"
Selasa, 27 Jun 2023 22:46 WIB "
Kuasa Hukum David Sebut Mario Dandy Sempat Telepon Saksi dari Tahanan,https://news.detik.com/berita/d-6795843/kuasa-hukum-david-sebut-mario-dandy-sempat-telepon-saksi-dari-tahanan,"
Selasa, 27 Jun 2023 20:54 WIB "
Amanda Vs Jaksa soal Jemput Paksa di Sidang Mario Dandy,https://news.detik.com/berita/d-6795826/amanda-vs-jaksa-soal-jemput-paksa-di-sidang-mario-dandy,"
Selasa, 27 Jun 2023 20:37 WIB "
Reaksi Mario Dandy Saat Rekaman CCTV Penganiayaan David Diputar di Sidang,https://news.detik.com/berita/d-6795741/reaksi-mario-dandy-saat-rekaman-cctv-penganiayaan-david-diputar-di-sidang,"
Selasa, 27 Jun 2023 20:02 WIB "
Saksi Ungkap Shane Sempat Kirim Voice Note Sebelum Mario Dandy Aniaya David,https://news.detik.com/berita/d-6795723/saksi-ungkap-shane-sempat-kirim-voice-note-sebelum-mario-dandy-aniaya-david,"
Selasa, 27 Jun 2023 19:54 WIB "
Reaksi Mario Dandy Nonton Aksi Free Kicknya ke David Ozora,https://news.detik.com/detiktv/d-6795656/reaksi-mario-dandy-nonton-aksi-free-kicknya-ke-david-ozora,"
Selasa, 27 Jun 2023 19:09 WIB "
Jaksa Hadirkan Ahli Digital Forensic di Sidang Mario Dandy,https://news.detik.com/berita/d-6795536/jaksa-hadirkan-ahli-digital-forensic-di-sidang-mario-dandy,"
Selasa, 27 Jun 2023 18:19 WIB "
Pengacara: Ada Kesaksian AG yang Dibantah Mario Dandy dalam Sidang,https://news.detik.com/berita/d-6795239/pengacara-ada-kesaksian-ag-yang-dibantah-mario-dandy-dalam-sidang,"
Selasa, 27 Jun 2023 16:19 WIB "
"AG Bakal Ajukan PK Vonis 3,5 Tahun Penjara Kasus Penganiayaan David Ozora",https://news.detik.com/berita/d-6795190/ag-bakal-ajukan-pk-vonis-3-5-tahun-penjara-kasus-penganiayaan-david-ozora,"
Selasa, 27 Jun 2023 16:01 WIB "
Tante Jelaskan Kondisi Amanda yang Tak Bisa Hadiri Sidang Mario Dandy,https://news.detik.com/berita/d-6794946/tante-jelaskan-kondisi-amanda-yang-tak-bisa-hadiri-sidang-mario-dandy,"
Selasa, 27 Jun 2023 14:30 WIB "
Respons Pengacara Amanda soal Jaksa Minta Hakim Panggil Paksa Kliennya,https://news.detik.com/berita/d-6794925/respons-pengacara-amanda-soal-jaksa-minta-hakim-panggil-paksa-kliennya,"
Selasa, 27 Jun 2023 14:23 WIB "
Momen Mario Dandy Bertemu AG di Sidang Kasus Penganiayaan David Ozora,https://news.detik.com/berita/d-6794760/momen-mario-dandy-bertemu-ag-di-sidang-kasus-penganiayaan-david-ozora,"
Selasa, 27 Jun 2023 13:13 WIB "
"AG Jadi Saksi, Sidang Mario Dandy Digelar Tertutup",https://news.detik.com/berita/d-6794606/ag-jadi-saksi-sidang-mario-dandy-digelar-tertutup,"
Selasa, 27 Jun 2023 12:13 WIB "
Jaksa Minta Hakim Panggil Paksa Amanda Bersaksi di Sidang Mario Dandy,https://news.detik.com/berita/d-6794581/jaksa-minta-hakim-panggil-paksa-amanda-bersaksi-di-sidang-mario-dandy,"
Selasa, 27 Jun 2023 11:56 WIB "
Mario Dandy Tetap Tak Pakai Kemeja Putih Meski Sudah Ditegur Jaksa,https://news.detik.com/berita/d-6794472/mario-dandy-tetap-tak-pakai-kemeja-putih-meski-sudah-ditegur-jaksa,"
Selasa, 27 Jun 2023 11:13 WIB "
AG Tiba di PN Jaksel untuk Jadi Saksi di Sidang Mario Dandy,https://news.detik.com/berita/d-6794336/ag-tiba-di-pn-jaksel-untuk-jadi-saksi-di-sidang-mario-dandy,"
Selasa, 27 Jun 2023 09:55 WIB "
AG Bakal jadi Saksi di Sidang Mario Dandy Hari Ini,https://news.detik.com/berita/d-6794114/ag-bakal-jadi-saksi-di-sidang-mario-dandy-hari-ini,"
Selasa, 27 Jun 2023 06:00 WIB "
Optimalisasi Komunikasi Publik Pemerintah,https://news.detik.com/kolom/d-6786531/optimalisasi-komunikasi-publik-pemerintah,"
Kamis, 22 Jun 2023 16:40 WIB "
Hitungan LPSK soal Restitusi 2 Kali dari yang Diminta Ayah David Ozora,https://news.detik.com/berita/d-6783625/hitungan-lpsk-soal-restitusi-2-kali-dari-yang-diminta-ayah-david-ozora,"
Selasa, 20 Jun 2023 20:33 WIB "
LPSK Hitung Restitusi Penderitaan David Akibat Dianiaya Mario hingga 71 Tahun,https://news.detik.com/berita/d-6783621/lpsk-hitung-restitusi-penderitaan-david-akibat-dianiaya-mario-hingga-71-tahun,"
Selasa, 20 Jun 2023 20:30 WIB "
LPSK Konsultasi ke KPK soal Harta Ayah Mario Dandy yang Bisa Dipakai Restitusi,https://news.detik.com/berita/d-6783583/lpsk-konsultasi-ke-kpk-soal-harta-ayah-mario-dandy-yang-bisa-dipakai-restitusi,"
Selasa, 20 Jun 2023 20:10 WIB "
"Hakim Pertanyakan Pengakuan Sakit Amanda, Minta Dihadirkan ke Sidang Mario",https://news.detik.com/berita/d-6783510/hakim-pertanyakan-pengakuan-sakit-amanda-minta-dihadirkan-ke-sidang-mario,"
Selasa, 20 Jun 2023 19:06 WIB "
Jaksa Tegur Mario Dandy Pakai Batik ke Pengadilan: Pakaian Hitam Putih Saja,https://news.detik.com/berita/d-6783246/jaksa-tegur-mario-dandy-pakai-batik-ke-pengadilan-pakaian-hitam-putih-saja,"
Selasa, 20 Jun 2023 17:24 WIB "
"Jaksa Tanya Nasib Mario Dandy Jika Tak Bisa Bayar Rp 120 M, LPSK Jawab Begini",https://news.detik.com/berita/d-6783200/jaksa-tanya-nasib-mario-dandy-jika-tak-bisa-bayar-rp-120-m-lpsk-jawab-begini,"
Selasa, 20 Jun 2023 17:09 WIB "
"LPSK Nilai Biaya Penderitaan David Ozora Rp 118 M, Begini Perhitungannya",https://news.detik.com/berita/d-6783044/lpsk-nilai-biaya-penderitaan-david-ozora-rp-118-m-begini-perhitungannya,"
Selasa, 20 Jun 2023 16:10 WIB "
"LPSK: Ayah David Ajukan Restitusi Rp 52 M, Hitungan Kami Harusnya Rp 120 M",https://news.detik.com/berita/d-6782958/lpsk-ayah-david-ajukan-restitusi-rp-52-m-hitungan-kami-harusnya-rp-120-m,"
Selasa, 20 Jun 2023 15:32 WIB "
"Ibunda Sebut Amanda Tak Akan Hadiri Sidang Mario Dandy, Kenapa?",https://news.detik.com/berita/d-6782292/ibunda-sebut-amanda-tak-akan-hadiri-sidang-mario-dandy-kenapa,"
Selasa, 20 Jun 2023 10:38 WIB "
Pengacara Sebut AG Batal Diperiksa Hari Ini: Jadi Saksi Mahkota di Sidang Mario,https://news.detik.com/berita/d-6782110/pengacara-sebut-ag-batal-diperiksa-hari-ini-jadi-saksi-mahkota-di-sidang-mario,"
Selasa, 20 Jun 2023 08:46 WIB "
Pengacara Klaim AG Belum Terima Surat Panggilan Saksi Sidang Mario Dandy,https://news.detik.com/berita/d-6781177/pengacara-klaim-ag-belum-terima-surat-panggilan-saksi-sidang-mario-dandy,"
Senin, 19 Jun 2023 16:27 WIB "
Narasi 'Incar Harta Rafael Alun' Ditepis Pihak David soal Restitusi,https://news.detik.com/berita/d-6777255/narasi-incar-harta-rafael-alun-ditepis-pihak-david-soal-restitusi,"
Jumat, 16 Jun 2023 21:35 WIB "
Saling Bentak Antara Mario Dandy dan Satpam Terungkap di Sidang,https://news.detik.com/berita/d-6775482/saling-bentak-antara-mario-dandy-dan-satpam-terungkap-di-sidang,"
Jumat, 16 Jun 2023 06:43 WIB "
Terungkap Mario Dandy dkk Pakai Rubicon ke Polsek Usai Aniaya David,https://news.detik.com/berita/d-6775255/terungkap-mario-dandy-dkk-pakai-rubicon-ke-polsek-usai-aniaya-david,"
Kamis, 15 Jun 2023 21:03 WIB "
Respons Pengacara David Usai Disinggung Pihak Mario 'Incar Harta Rafael Alun',https://news.detik.com/berita/d-6774796/respons-pengacara-david-usai-disinggung-pihak-mario-incar-harta-rafael-alun,"
Kamis, 15 Jun 2023 17:58 WIB "
Amanda Tak Bisa Bersaksi di Sidang Mario Dandy Pekan Depan gegara Sakit,https://news.detik.com/berita/d-6774747/amanda-tak-bisa-bersaksi-di-sidang-mario-dandy-pekan-depan-gegara-sakit,"
Kamis, 15 Jun 2023 17:39 WIB "
Pengacara soal Restitusi: Kalau Incar Harta Ayah Mario Dandy Bukan Lewat Sini,https://news.detik.com/berita/d-6774615/pengacara-soal-restitusi-kalau-incar-harta-ayah-mario-dandy-bukan-lewat-sini,"
Kamis, 15 Jun 2023 16:49 WIB "
Mario Dandy Bantah Bentak Satpam Kompleks Usai Aniaya David: Saya Bingung,https://news.detik.com/berita/d-6774446/mario-dandy-bantah-bentak-satpam-kompleks-usai-aniaya-david-saya-bingung,"
Kamis, 15 Jun 2023 15:50 WIB "
AG dan Amanda Akan Jadi Saksi di Sidang Mario Dandy 20 Juni,https://news.detik.com/berita/d-6774360/ag-dan-amanda-akan-jadi-saksi-di-sidang-mario-dandy-20-juni,"
Kamis, 15 Jun 2023 15:20 WIB "
"Dicecar Satpam Usai Aniaya David, Mario Dandy Berdalih 'Adik Dilecehkan'",https://news.detik.com/berita/d-6774315/dicecar-satpam-usai-aniaya-david-mario-dandy-berdalih-adik-dilecehkan,"
Kamis, 15 Jun 2023 15:05 WIB "
Kesaksian Satpam Lihat Mario Dandy dkk Dibawa ke Polsek Pakai Rubicon,https://news.detik.com/berita/d-6774182/kesaksian-satpam-lihat-mario-dandy-dkk-dibawa-ke-polsek-pakai-rubicon,"
Kamis, 15 Jun 2023 14:11 WIB "
Satpam Kompleks: Mario Dandy 3 Kali Ganti Baju Usai Aniaya David,https://news.detik.com/berita/d-6773994/satpam-kompleks-mario-dandy-3-kali-ganti-baju-usai-aniaya-david,"
Kamis, 15 Jun 2023 13:03 WIB "
Satpam Cerita Dibentak Mario Dandy di TKP David Dianiaya: Saya Bentak Balik,https://news.detik.com/berita/d-6773895/satpam-cerita-dibentak-mario-dandy-di-tkp-david-dianiaya-saya-bentak-balik,"
Kamis, 15 Jun 2023 12:22 WIB "
"Tampilan Beda Mario Dandy Jalani Sidang, Kini Pakai Batik",https://news.detik.com/berita/d-6773738/tampilan-beda-mario-dandy-jalani-sidang-kini-pakai-batik,"
Kamis, 15 Jun 2023 11:04 WIB "
Paman David Ozora-Satpam Kompleks Jadi Saksi Sidang Mario Dandy Hari Ini,https://news.detik.com/berita/d-6773431/paman-david-ozora-satpam-kompleks-jadi-saksi-sidang-mario-dandy-hari-ini,"
Kamis, 15 Jun 2023 07:57 WIB "
AG Resmi Huni Lapas Anak Usai Segala Upaya Hukum Kandas,https://news.detik.com/berita/d-6773377/ag-resmi-huni-lapas-anak-usai-segala-upaya-hukum-kandas,"
Kamis, 15 Jun 2023 06:38 WIB "
LPSK Ajukan ke Jaksa: Nilai Restitusi bagi David Ozora Lebih dari Rp 100 M,https://news.detik.com/berita/d-6772027/lpsk-ajukan-ke-jaksa-nilai-restitusi-bagi-david-ozora-lebih-dari-rp-100-m,"
Rabu, 14 Jun 2023 13:15 WIB "
"AG Dijebloskan ke LPKA Tangerang Jalani 3,5 Tahun Penjara!",https://news.detik.com/berita/d-6771891/ag-dijebloskan-ke-lpka-tangerang-jalani-3-5-tahun-penjara,"
Rabu, 14 Jun 2023 12:28 WIB "
Kesaksian Krusial Ayah David Ozora Hingga Heboh Kabar Messi Absen ke Jakarta,https://news.detik.com/berita/d-6771152/kesaksian-krusial-ayah-david-ozora-hingga-heboh-kabar-messi-absen-ke-jakarta,"
Rabu, 14 Jun 2023 07:45 WIB "
5 Kejanggalan Perkara Mario Dandy Diungkap Ayah David Ozora,https://news.detik.com/berita/d-6771384/5-kejanggalan-perkara-mario-dandy-diungkap-ayah-david-ozora,"
Rabu, 14 Jun 2023 07:36 WIB "
Emosi Saksi Lihat Shane Gitaran dan Dandy-AG Mesra Saat David Koma,https://news.detik.com/berita/d-6771375/emosi-saksi-lihat-shane-gitaran-dan-dandy-ag-mesra-saat-david-koma,"
Rabu, 14 Jun 2023 07:20 WIB "
Terungkap Chat Ancaman Nembak dan Brimob dari Mario Dandy ke David,https://news.detik.com/berita/d-6771365/terungkap-chat-ancaman-nembak-dan-brimob-dari-mario-dandy-ke-david,"
Rabu, 14 Jun 2023 07:02 WIB "
"Bantah Saksi, Mario Dandy Ngaku Sempat Teriak Minta David Dibawa ke RS",https://news.detik.com/berita/d-6771229/bantah-saksi-mario-dandy-ngaku-sempat-teriak-minta-david-dibawa-ke-rs,"
Selasa, 13 Jun 2023 22:22 WIB "
"Shane Akui Main Gitar di Polsek Usai David Dianiaya: Saya Pusing, Bingung",https://news.detik.com/berita/d-6771131/shane-akui-main-gitar-di-polsek-usai-david-dianiaya-saya-pusing-bingung,"
Selasa, 13 Jun 2023 21:08 WIB "
Mengemuka soal 'Diurus Papa' Usai Mario Dandy Aniaya David Ozora,https://news.detik.com/berita/d-6771093/mengemuka-soal-diurus-papa-usai-mario-dandy-aniaya-david-ozora,"
Selasa, 13 Jun 2023 20:39 WIB "
Saksi Sebut Mario Dandy Tak Ada Inisiatif Bawa Korban ke RS usai Aniaya David,https://news.detik.com/berita/d-6771088/saksi-sebut-mario-dandy-tak-ada-inisiatif-bawa-korban-ke-rs-usai-aniaya-david,"
Selasa, 13 Jun 2023 20:35 WIB "
Saksi Penganiayaan David: Mario Dandy-AG-Shane Nuraninya ke Mana?,https://news.detik.com/berita/d-6770987/saksi-penganiayaan-david-mario-dandy-ag-shane-nuraninya-ke-mana,"
Selasa, 13 Jun 2023 19:35 WIB "
Dalih Mario Dandy Saat Kepergok Aniaya David Bikin Bingung Saksi Kunci,https://news.detik.com/berita/d-6770807/dalih-mario-dandy-saat-kepergok-aniaya-david-bikin-bingung-saksi-kunci,"
Selasa, 13 Jun 2023 18:09 WIB "
"Dipergoki Usai Aniaya David, Mario Dandy Ngaku 'Cuma Pukul 2 Kali'",https://news.detik.com/berita/d-6770783/dipergoki-usai-aniaya-david-mario-dandy-ngaku-cuma-pukul-2-kali,"
Selasa, 13 Jun 2023 18:04 WIB "
Isak Tangis Saksi Saat Ceritakan Kondisi David Berlumuran Darah Usai Dianiaya,https://news.detik.com/berita/d-6770714/isak-tangis-saksi-saat-ceritakan-kondisi-david-berlumuran-darah-usai-dianiaya,"
Selasa, 13 Jun 2023 17:47 WIB "
"Berbadan Tegap dan Rambut Cepak, Mario Dandy Sempat Dikira 'Anggota'",https://news.detik.com/berita/d-6770690/berbadan-tegap-dan-rambut-cepak-mario-dandy-sempat-dikira-anggota,"
Selasa, 13 Jun 2023 17:43 WIB "
"Saksi Lihat Mario Dandy-AG Gandengan Usai David Dianiaya, Shane Main Gitar",https://news.detik.com/berita/d-6770663/saksi-lihat-mario-dandy-ag-gandengan-usai-david-dianiaya-shane-main-gitar,"
Selasa, 13 Jun 2023 17:33 WIB "
"Tok! MA Tetap Pidanakan AG 3,5 Tahun di Kasus Penganiayaan David Ozora",https://news.detik.com/berita/d-6770610/tok-ma-tetap-pidanakan-ag-3-5-tahun-di-kasus-penganiayaan-david-ozora,"
Selasa, 13 Jun 2023 17:14 WIB "
"Di Tengah Sidang, Hakim Minta Mario Dandy Buka Masker",https://news.detik.com/berita/d-6770592/di-tengah-sidang-hakim-minta-mario-dandy-buka-masker,"
Selasa, 13 Jun 2023 17:06 WIB "
Detik-detik 'Utusan Keluarga' Nongol di RS Bikin Ayah David Marah,https://news.detik.com/berita/d-6770590/detik-detik-utusan-keluarga-nongol-di-rs-bikin-ayah-david-marah,"
Selasa, 13 Jun 2023 17:05 WIB "
Momen Emosional Ortu Teman Ungkap Tubuh David Mengejang dan Kaku,https://news.detik.com/berita/d-6770573/momen-emosional-ortu-teman-ungkap-tubuh-david-mengejang-dan-kaku,"
Selasa, 13 Jun 2023 16:58 WIB "
Jaksa Ungkap Alasan David Ozora Tak Jadi Saksi di Sidang Mario Dandy,https://news.detik.com/berita/d-6770357/jaksa-ungkap-alasan-david-ozora-tak-jadi-saksi-di-sidang-mario-dandy,"
Selasa, 13 Jun 2023 15:24 WIB "
Sidang Riuh Saat Pihak Mario Dandy Tanya soal Rafael Alun ke Ayah David,https://news.detik.com/berita/d-6770309/sidang-riuh-saat-pihak-mario-dandy-tanya-soal-rafael-alun-ke-ayah-david,"
Selasa, 13 Jun 2023 15:08 WIB "
"Arti Restitusi dalam Hukum, Seperti yang Disebut di Sidang Mario Dandy",https://news.detik.com/berita/d-6770237/arti-restitusi-dalam-hukum-seperti-yang-disebut-di-sidang-mario-dandy,"
Selasa, 13 Jun 2023 14:45 WIB "
"Cerita Miris Ayah: David Ozora Dulu Jago Basket, Kini Mandi Nggak Bisa",https://news.detik.com/berita/d-6770178/cerita-miris-ayah-david-ozora-dulu-jago-basket-kini-mandi-nggak-bisa,"
Selasa, 13 Jun 2023 14:18 WIB "
"Mario Dandy Tak Terima Disebut Pernah Bilang 'Tenang, Nanti Diurus Papa'",https://news.detik.com/berita/d-6770147/mario-dandy-tak-terima-disebut-pernah-bilang-tenang-nanti-diurus-papa,"
Selasa, 13 Jun 2023 14:13 WIB "
"Mario Dandy Minta Maaf, Ayah David: Lanjut Pengadilan Saja",https://news.detik.com/berita/d-6770142/mario-dandy-minta-maaf-ayah-david-lanjut-pengadilan-saja,"
Selasa, 13 Jun 2023 14:09 WIB "
Ayah David Sebut Mario Dandy Pernah Bilang Cuma Akan Dihukum 2 Tahun 8 Bulan,https://news.detik.com/berita/d-6770075/ayah-david-sebut-mario-dandy-pernah-bilang-cuma-akan-dihukum-2-tahun-8-bulan,"
Selasa, 13 Jun 2023 13:48 WIB "
"Ayah Minta Ancaman Penembakan David Didalami, Bandingkan Canda Bom di Bandara",https://news.detik.com/berita/d-6770048/ayah-minta-ancaman-penembakan-david-didalami-bandingkan-canda-bom-di-bandara,"
Selasa, 13 Jun 2023 13:35 WIB "
Balasan Menohok Ayah David ke Pihak Shane yang Doakan Kesembuhan,https://news.detik.com/berita/d-6769966/balasan-menohok-ayah-david-ke-pihak-shane-yang-doakan-kesembuhan,"
Selasa, 13 Jun 2023 13:00 WIB "
"Ayah David soal Restitusi: Tak Sebanding, Kecuali Pelaku Dibikin Koma Juga",https://news.detik.com/berita/d-6769955/ayah-david-soal-restitusi-tak-sebanding-kecuali-pelaku-dibikin-koma-juga,"
Selasa, 13 Jun 2023 12:54 WIB "
Pengacara ke Ayah David: Tahu Mario Dandy Diperlakukan Khusus dari Mana?,https://news.detik.com/berita/d-6769920/pengacara-ke-ayah-david-tahu-mario-dandy-diperlakukan-khusus-dari-mana,"
Selasa, 13 Jun 2023 12:40 WIB "
Ayah David Ungkap Rubicon Mario Dandy Berubah Pelat Usai Kasus Penganiayaan,https://news.detik.com/berita/d-6769858/ayah-david-ungkap-rubicon-mario-dandy-berubah-pelat-usai-kasus-penganiayaan,"
Selasa, 13 Jun 2023 12:15 WIB "
"David Ozora Alami Amnesia, Ayahnya Dipanggil 'Mas'",https://news.detik.com/berita/d-6769782/david-ozora-alami-amnesia-ayahnya-dipanggil-mas,"
Selasa, 13 Jun 2023 11:47 WIB "
"Ayah David Dengar Informasi Mario Dandy Bilang 'Tenang, Nanti Diurus Papa'",https://news.detik.com/berita/d-6769760/ayah-david-dengar-informasi-mario-dandy-bilang-tenang-nanti-diurus-papa,"
Selasa, 13 Jun 2023 11:43 WIB "
Ayah Ungkap Chat Ancaman Mario Dandy ke David: Mau Nembak dan Telepon Brimob,https://news.detik.com/berita/d-6769727/ayah-ungkap-chat-ancaman-mario-dandy-ke-david-mau-nembak-dan-telepon-brimob,"
Selasa, 13 Jun 2023 11:28 WIB "
Ayah Cerita Kondisi David Usai Dipukuli Mario Dandy: Darah di Telinga-Kejang,https://news.detik.com/berita/d-6769712/ayah-cerita-kondisi-david-usai-dipukuli-mario-dandy-darah-di-telinga-kejang,"
Selasa, 13 Jun 2023 11:23 WIB "
Ayah Sebut Asuransi Sempat Ditolak: David Disebut Memulai Perkelahian,https://news.detik.com/berita/d-6769703/ayah-sebut-asuransi-sempat-ditolak-david-disebut-memulai-perkelahian,"
Selasa, 13 Jun 2023 11:17 WIB "
Ayah Cerita Parahnya Kondisi Koma David Usai Dianiaya Sadis Mario Dandy,https://news.detik.com/berita/d-6769693/ayah-cerita-parahnya-kondisi-koma-david-usai-dianiaya-sadis-mario-dandy,"
Selasa, 13 Jun 2023 11:14 WIB "
"Ayah David Ozora Tiba di PN Jaksel, Bakal Jadi Saksi Sidang Mario Dandy",https://news.detik.com/berita/d-6769554/ayah-david-ozora-tiba-di-pn-jaksel-bakal-jadi-saksi-sidang-mario-dandy,"
Selasa, 13 Jun 2023 09:59 WIB "
Ayah David Ozora Bakal Bersaksi di Sidang Mario Dandy Hari Ini,https://news.detik.com/berita/d-6769388/ayah-david-ozora-bakal-bersaksi-di-sidang-mario-dandy-hari-ini,"
Selasa, 13 Jun 2023 07:56 WIB "
Ayah David Ozora Siap Bersaksi di Sidang Mario Dandy Besok,https://news.detik.com/berita/d-6768767/ayah-david-ozora-siap-bersaksi-di-sidang-mario-dandy-besok,"
Senin, 12 Jun 2023 17:48 WIB "
Pisah Jalan Mario Dandy dan Shane Lukas Usai Kini Beda Ruang Tahanan,https://news.detik.com/berita/d-6767237/pisah-jalan-mario-dandy-dan-shane-lukas-usai-kini-beda-ruang-tahanan,"
Minggu, 11 Jun 2023 22:13 WIB "
Mario Dandy dan Shane Lukas Sudah Beda Sel,https://news.detik.com/berita/d-6766447/mario-dandy-dan-shane-lukas-sudah-beda-sel,"
Minggu, 11 Jun 2023 11:26 WIB "
"Sepak Terjang Kombes Hengki Haryadi, 3 Kali Tangkap Hercules",https://news.detik.com/berita/d-6765097/sepak-terjang-kombes-hengki-haryadi-3-kali-tangkap-hercules,"
Sabtu, 10 Jun 2023 09:16 WIB "
"MA Mulai Adili AG yang Dipidana 3,5 Tahun di Kasus Penganiayaan David Ozora",https://news.detik.com/berita/d-6764027/ma-mulai-adili-ag-yang-dipidana-3-5-tahun-di-kasus-penganiayaan-david-ozora,"
Jumat, 09 Jun 2023 15:52 WIB "
4 Fakta Moge Rafael Alun Dulu Dipamerkan Mario Dandy Kini Disita KPK,https://news.detik.com/berita/d-6760977/4-fakta-moge-rafael-alun-dulu-dipamerkan-mario-dandy-kini-disita-kpk,"
Kamis, 08 Jun 2023 06:35 WIB "
Penampakan Harley yang Dulu Viral Dipakai Mario Dandy Ngebut Kini Disita KPK,https://news.detik.com/berita/d-6759607/penampakan-harley-yang-dulu-viral-dipakai-mario-dandy-ngebut-kini-disita-kpk,"
Rabu, 07 Jun 2023 13:03 WIB "
KPK Sita Harley-Davidson yang Dulu Viral Dipakai Ngebut Mario Dandy!,https://news.detik.com/berita/d-6759356/kpk-sita-harley-davidson-yang-dulu-viral-dipakai-ngebut-mario-dandy,"
Rabu, 07 Jun 2023 11:15 WIB "
"Geledah Rumah Adik Rafael Alun di Tangsel, KPK Sita Dokumen-Moge Mario Dandy",https://news.detik.com/berita/d-6759226/geledah-rumah-adik-rafael-alun-di-tangsel-kpk-sita-dokumen-moge-mario-dandy,"
Rabu, 07 Jun 2023 10:06 WIB "
Julukan 'Penguasa Jaksel' dari Ayah David ke Mario Dandy,https://news.detik.com/berita/d-6759007/julukan-penguasa-jaksel-dari-ayah-david-ke-mario-dandy,"
Rabu, 07 Jun 2023 06:33 WIB "
5 Kelakuan Sadis Mario Dandy Aniaya David Terkuak di Dakwaan,https://news.detik.com/berita/d-6758830/5-kelakuan-sadis-mario-dandy-aniaya-david-terkuak-di-dakwaan,"
Selasa, 06 Jun 2023 21:12 WIB "
Pengacara Ungkap Bukti yang Akan Dibawa Keluarga David di Sidang Mario Dandy,https://news.detik.com/berita/d-6758708/pengacara-ungkap-bukti-yang-akan-dibawa-keluarga-david-di-sidang-mario-dandy,"
Selasa, 06 Jun 2023 19:27 WIB "
Ayah Ungkap Kondisi Terkini David: Sudah Bisa Jalan tapi Hanya 6 Menit,https://news.detik.com/berita/d-6758552/ayah-ungkap-kondisi-terkini-david-sudah-bisa-jalan-tapi-hanya-6-menit,"
Selasa, 06 Jun 2023 18:27 WIB "
"Ayah David: Kalau Ada yang Bilang Bukan Penganiayaan Berat, Saya Lawan",https://news.detik.com/berita/d-6758514/ayah-david-kalau-ada-yang-bilang-bukan-penganiayaan-berat-saya-lawan,"
Selasa, 06 Jun 2023 18:11 WIB "
Ayah dan Paman David Ozora Bakal Jadi Saksi di Sidang Mario Dandy,https://news.detik.com/berita/d-6758497/ayah-dan-paman-david-ozora-bakal-jadi-saksi-di-sidang-mario-dandy,"
Selasa, 06 Jun 2023 18:04 WIB "
Pengacara Mario soal Rencana Aniaya David: Kami Buktikan di Pengadilan,https://news.detik.com/berita/d-6758367/pengacara-mario-soal-rencana-aniaya-david-kami-buktikan-di-pengadilan,"
Selasa, 06 Jun 2023 17:15 WIB "
Pengacara Jelaskan Mario Dandy Minta Maaf Aniaya David tapi Tersenyum,https://news.detik.com/berita/d-6758343/pengacara-jelaskan-mario-dandy-minta-maaf-aniaya-david-tapi-tersenyum,"
Selasa, 06 Jun 2023 17:10 WIB "
Hakim Batasi Jumlah Jaksa-Pengacara Shane di Ruang Sidang Penganiayaan David,https://news.detik.com/berita/d-6758194/hakim-batasi-jumlah-jaksa-pengacara-shane-di-ruang-sidang-penganiayaan-david,"
Selasa, 06 Jun 2023 16:12 WIB "
Celetukan Ayah David ke Mario Dandy Saat Disidang: Penguasa Jaksel!,https://news.detik.com/berita/d-6758026/celetukan-ayah-david-ke-mario-dandy-saat-disidang-penguasa-jaksel,"
Selasa, 06 Jun 2023 15:25 WIB "
Sidang Mario Dandy Dikebut 2 Kali Seminggu,https://news.detik.com/berita/d-6757903/sidang-mario-dandy-dikebut-2-kali-seminggu,"
Selasa, 06 Jun 2023 14:39 WIB "
Hakim Kabulkan Permintaan Shane Lukas Tak Satu Sel Tahanan dengan Mario Dandy,https://news.detik.com/berita/d-6757845/hakim-kabulkan-permintaan-shane-lukas-tak-satu-sel-tahanan-dengan-mario-dandy,"
Selasa, 06 Jun 2023 14:08 WIB "
"Berkaus Putih, Keluarga Shane Lukas Hadiri Sidang Penganiayaan David",https://news.detik.com/berita/d-6757768/berkaus-putih-keluarga-shane-lukas-hadiri-sidang-penganiayaan-david,"
Selasa, 06 Jun 2023 13:32 WIB "
Momen Mario Dandy Aniaya David Seakan Main Bola dan Selebrasi ala Ronaldo,https://news.detik.com/berita/d-6757705/momen-mario-dandy-aniaya-david-seakan-main-bola-dan-selebrasi-ala-ronaldo,"
Selasa, 06 Jun 2023 13:10 WIB "
Shane Lukas Didakwa Aniaya Berat David Ozora Bareng Mario Dandy dan AG,https://news.detik.com/berita/d-6757661/shane-lukas-didakwa-aniaya-berat-david-ozora-bareng-mario-dandy-dan-ag,"
Selasa, 06 Jun 2023 12:52 WIB "
Keluarga David Bakal Bersaksi di Sidang Mario Dandy,https://news.detik.com/berita/d-6757654/keluarga-david-bakal-bersaksi-di-sidang-mario-dandy,"
Selasa, 06 Jun 2023 12:49 WIB "
Jaksa: Mario Dandy Sengaja Arahkan Tendangan ke Kepala David,https://news.detik.com/berita/d-6757651/jaksa-mario-dandy-sengaja-arahkan-tendangan-ke-kepala-david,"
Selasa, 06 Jun 2023 12:47 WIB "
Mario Dandy Tak Ajukan Eksepsi atas Dakwaan Aniaya David Ozora,https://news.detik.com/berita/d-6757609/mario-dandy-tak-ajukan-eksepsi-atas-dakwaan-aniaya-david-ozora,"
Selasa, 06 Jun 2023 12:31 WIB "
"Saat Aniaya David Ozora, Mario Dandy Bilang Tak Takut Anak Orang Mati",https://news.detik.com/berita/d-6757527/saat-aniaya-david-ozora-mario-dandy-bilang-tak-takut-anak-orang-mati,"
Selasa, 06 Jun 2023 12:00 WIB "
Jaksa: Mario Dandy Tampak Bersenang-senang Aniaya Sadis David Ozora,https://news.detik.com/berita/d-6757517/jaksa-mario-dandy-tampak-bersenang-senang-aniaya-sadis-david-ozora,"
Selasa, 06 Jun 2023 11:54 WIB "
Mario Dandy Didakwa Penganiayaan Berat Terencana ke David Ozora!,https://news.detik.com/berita/d-6757462/mario-dandy-didakwa-penganiayaan-berat-terencana-ke-david-ozora,"
Selasa, 06 Jun 2023 11:33 WIB "
Pengacara Klaim Mario Dandy Ditahan di Ruangan Berisi 10 Orang,https://news.detik.com/berita/d-6757451/pengacara-klaim-mario-dandy-ditahan-di-ruangan-berisi-10-orang,"
Selasa, 06 Jun 2023 11:30 WIB "
Hakim Perintahkan Mario Dandy Buka Masker di Sidang Penganiayaan David,https://news.detik.com/berita/d-6757405/hakim-perintahkan-mario-dandy-buka-masker-di-sidang-penganiayaan-david,"
Selasa, 06 Jun 2023 11:13 WIB "
Hakim Minta Isi Dakwaan Mario Dandy Terkait Kesusilaan Tak Dipublikasikan,https://news.detik.com/berita/d-6757376/hakim-minta-isi-dakwaan-mario-dandy-terkait-kesusilaan-tak-dipublikasikan,"
Selasa, 06 Jun 2023 11:05 WIB "
Ayah David Pantau Langsung Sidang Perdana Mario Dandy di PN Jaksel,https://news.detik.com/berita/d-6757362/ayah-david-pantau-langsung-sidang-perdana-mario-dandy-di-pn-jaksel,"
Selasa, 06 Jun 2023 10:57 WIB "
"Sidang Penganiayaan David Dimulai, Mario Dandy Duduk di Kursi Terdakwa",https://news.detik.com/berita/d-6757352/sidang-penganiayaan-david-dimulai-mario-dandy-duduk-di-kursi-terdakwa,"
Selasa, 06 Jun 2023 10:48 WIB "
"Diborgol, Mario Dandy-Shane Tiba di PN Jaksel Jelang Sidang Penganiayaan David",https://news.detik.com/berita/d-6757301/diborgol-mario-dandy-shane-tiba-di-pn-jaksel-jelang-sidang-penganiayaan-david,"
Selasa, 06 Jun 2023 10:29 WIB "
"Jelang Sidang, Muncul Karangan Bunga Dukungan untuk Shane di PN Jaksel",https://news.detik.com/berita/d-6757266/jelang-sidang-muncul-karangan-bunga-dukungan-untuk-shane-di-pn-jaksel,"
Selasa, 06 Jun 2023 10:12 WIB "
Daftar Majelis Hakim yang Bakal Adili Mario Dandy Hari Ini,https://news.detik.com/berita/d-6757121/daftar-majelis-hakim-yang-bakal-adili-mario-dandy-hari-ini,"
Selasa, 06 Jun 2023 07:56 WIB "
Perjalanan Kasus Penganiayaan Mario Dandy hingga Diadili Hari Ini,https://news.detik.com/berita/d-6757110/perjalanan-kasus-penganiayaan-mario-dandy-hingga-diadili-hari-ini,"
Selasa, 06 Jun 2023 07:34 WIB "
4 Hal Jelang Sidang Perdana Kasus Mario Dandy Aniaya David Ozora,https://news.detik.com/berita/d-6757092/4-hal-jelang-sidang-perdana-kasus-mario-dandy-aniaya-david-ozora,"
Selasa, 06 Jun 2023 06:59 WIB "
Mario Dandy dan Shane Jalani Sidang Kasus Penganiayaan David Hari Ini,https://news.detik.com/berita/d-6757079/mario-dandy-dan-shane-jalani-sidang-kasus-penganiayaan-david-hari-ini,"
Selasa, 06 Jun 2023 06:25 WIB "
Polres Jaksel Kerahkan 200 Personel Kawal Sidang Perdana Mario Dandy Besok,https://news.detik.com/berita/d-6756858/polres-jaksel-kerahkan-200-personel-kawal-sidang-perdana-mario-dandy-besok,"
Senin, 05 Jun 2023 21:07 WIB "
Sidang Mario Dandy Bakal Digelar Tertutup Saat AG Bersaksi,https://news.detik.com/berita/d-6756206/sidang-mario-dandy-bakal-digelar-tertutup-saat-ag-bersaksi,"
Senin, 05 Jun 2023 15:49 WIB "
Ayah David Ozora Bakal Hadiri Sidang Perdana Mario Dandy Besok,https://news.detik.com/berita/d-6755658/ayah-david-ozora-bakal-hadiri-sidang-perdana-mario-dandy-besok,"
Senin, 05 Jun 2023 11:56 WIB "
"Sidang Perdana Mario Dandy Digelar 6 Juni, Tak Ada Pengamanan Khusus",https://news.detik.com/berita/d-6752918/sidang-perdana-mario-dandy-digelar-6-juni-tak-ada-pengamanan-khusus,"
Sabtu, 03 Jun 2023 11:11 WIB "
Aset Rafael Alun Tersebar Kini Terungkap Hampir Rp 100 Miliar,https://news.detik.com/berita/d-6751087/aset-rafael-alun-tersebar-kini-terungkap-hampir-rp-100-miliar,"
Kamis, 01 Jun 2023 20:32 WIB "
Ternyata Ini Alasan Mahfud Sering 'Spill' Kasus-kasus Tersembunyi,https://news.detik.com/berita/d-6750570/ternyata-ini-alasan-mahfud-sering-spill-kasus-kasus-tersembunyi,"
Kamis, 01 Jun 2023 14:41 WIB "
Aset Mewah Rafael Alun Mulai Terkuak Usai Disita KPK,https://news.detik.com/berita/d-6749983/aset-mewah-rafael-alun-mulai-terkuak-usai-disita-kpk,"
Kamis, 01 Jun 2023 07:03 WIB "
"Mario Dandy Dipindah ke Salemba, Yasonna Bilang Tak Ada yang Istimewa",https://news.detik.com/berita/d-6749684/mario-dandy-dipindah-ke-salemba-yasonna-bilang-tak-ada-yang-istimewa,"
Rabu, 31 Mei  2023 20:01 WIB "
Yasonna Tepis Kabar Mario Dandy Dapat Perlakuan Istimewa di Rutan,https://news.detik.com/berita/d-6748889/yasonna-tepis-kabar-mario-dandy-dapat-perlakuan-istimewa-di-rutan,"
Rabu, 31 Mei  2023 14:20 WIB "
Daftar Lengkap Aset Mewah Rafael Alun Disita KPK di Simprug hingga Jogja,https://news.detik.com/berita/d-6748345/daftar-lengkap-aset-mewah-rafael-alun-disita-kpk-di-simprug-hingga-jogja,"
Rabu, 31 Mei  2023 10:37 WIB "
Ditjen Pas Jelaskan Alasan Mario Dandy Dipindah ke Lapas Salemba,https://news.detik.com/berita/d-6747753/ditjen-pas-jelaskan-alasan-mario-dandy-dipindah-ke-lapas-salemba,"
Selasa, 30 Mei  2023 20:15 WIB "
Mario Dandy Dipindah dari Rutan Cipinang ke Lapas Salemba,https://news.detik.com/berita/d-6747734/mario-dandy-dipindah-dari-rutan-cipinang-ke-lapas-salemba,"
Selasa, 30 Mei  2023 20:02 WIB "
Daftar Majelis Hakim yang Akan Adili Mario Dandy di PN Jaksel,https://news.detik.com/berita/d-6747469/daftar-majelis-hakim-yang-akan-adili-mario-dandy-di-pn-jaksel,"
Selasa, 30 Mei  2023 18:01 WIB "
Sidang Perdana Mario Dandy Digelar 6 Juni!,https://news.detik.com/berita/d-6747358/sidang-perdana-mario-dandy-digelar-6-juni,"
Selasa, 30 Mei  2023 17:31 WIB "
Ditjen Pas Buka Suara soal Kabar Mario Dandy Diperlakukan Istimewa di Rutan,https://news.detik.com/berita/d-6746749/ditjen-pas-buka-suara-soal-kabar-mario-dandy-diperlakukan-istimewa-di-rutan,"
Selasa, 30 Mei  2023 13:37 WIB "
5 Pernyataan Kapolda Metro Usai Viral Mario Dandy Pasang Tali Ties Sendiri,https://news.detik.com/berita/d-6744005/5-pernyataan-kapolda-metro-usai-viral-mario-dandy-pasang-tali-ties-sendiri,"
Senin, 29 Mei  2023 08:10 WIB "
Permintaan Maaf Kapolda Metro Buntut Mario Dandy Pakai Cable Ties Sendiri,https://news.detik.com/berita/d-6743961/permintaan-maaf-kapolda-metro-buntut-mario-dandy-pakai-cable-ties-sendiri,"
Senin, 29 Mei  2023 07:00 WIB "
Dua Perkara Bagi Mario Dandy Sudah di Depan Mata,https://news.detik.com/berita/d-6743944/dua-perkara-bagi-mario-dandy-sudah-di-depan-mata,"
Senin, 29 Mei  2023 06:31 WIB "
"Mario Dandy Pasang Sendiri Cable Ties, Pihak David: Cari Perhatian",https://news.detik.com/berita/d-6743505/mario-dandy-pasang-sendiri-cable-ties-pihak-david-cari-perhatian,"
Minggu, 28 Mei  2023 17:46 WIB "
Kapolda Pastikan Tak Ada Perlakuan Istimewa ke Mario Dandy: Pasalnya Berat,https://news.detik.com/berita/d-6743401/kapolda-pastikan-tak-ada-perlakuan-istimewa-ke-mario-dandy-pasalnya-berat,"
Minggu, 28 Mei  2023 16:31 WIB "
Kapolda Terjunkan Propam Usut soal Mario Dandy Pasang Cable Ties Sendiri,https://news.detik.com/berita/d-6743326/kapolda-terjunkan-propam-usut-soal-mario-dandy-pasang-cable-ties-sendiri,"
Minggu, 28 Mei  2023 15:43 WIB "
Polisi Kantongi Bukti Digital Kasus Dugaan Pencabulan Mario Dandy ke AG,https://news.detik.com/berita/d-6743303/polisi-kantongi-bukti-digital-kasus-dugaan-pencabulan-mario-dandy-ke-ag,"
Minggu, 28 Mei  2023 15:18 WIB "
Polisi Tegaskan Tak Ada Perlakuan Khusus ke Mario Dandy,https://news.detik.com/berita/d-6743296/polisi-tegaskan-tak-ada-perlakuan-khusus-ke-mario-dandy,"
Minggu, 28 Mei  2023 15:07 WIB "
Kapolda Metro Minta Maaf soal Heboh Mario Dandy Pasang Cable Ties Sendiri,https://news.detik.com/berita/d-6743290/kapolda-metro-minta-maaf-soal-heboh-mario-dandy-pasang-cable-ties-sendiri,"
Minggu, 28 Mei  2023 14:58 WIB "
Kenapa Mario Dandy Pasang Cable Ties Sendiri? Ini Penjelasan Polda Metro,https://news.detik.com/berita/d-6743230/kenapa-mario-dandy-pasang-cable-ties-sendiri-ini-penjelasan-polda-metro,"
Minggu, 28 Mei  2023 14:22 WIB "
Selangkah Lagi Mario Dandy Diadili,https://news.detik.com/berita/d-6743075/selangkah-lagi-mario-dandy-diadili,"
Minggu, 28 Mei  2023 12:22 WIB "
Karutan Cipinang: Mario Dandy-Shane Satu Sel Bersama Tahanan Lain,https://news.detik.com/berita/d-6742904/karutan-cipinang-mario-dandy-shane-satu-sel-bersama-tahanan-lain,"
Minggu, 28 Mei  2023 10:05 WIB "
Mario Dandy Terancam 15 Tahun Bui di Kasus Dugaan Pencabulan ke AG,https://news.detik.com/berita/d-6742831/mario-dandy-terancam-15-tahun-bui-di-kasus-dugaan-pencabulan-ke-ag,"
Minggu, 28 Mei  2023 09:17 WIB "
Geger Mario Dandy Pasang Sendiri Kabel Ties Dinyatakan Polisi Cuma Editan,https://news.detik.com/berita/d-6742714/geger-mario-dandy-pasang-sendiri-kabel-ties-dinyatakan-polisi-cuma-editan,"
Minggu, 28 Mei  2023 06:32 WIB "
Polisi Jelaskan Momen di Balik Viral Mario Dandy Pakai Kabel Ties Sendiri,https://news.detik.com/berita/d-6741728/polisi-jelaskan-momen-di-balik-viral-mario-dandy-pakai-kabel-ties-sendiri,"
Sabtu, 27 Mei  2023 12:00 WIB "
"Viral Video Mario Dandy Pakai Kabel Ties Sendiri, Polisi Tegaskan Editan",https://news.detik.com/berita/d-6741675/viral-video-mario-dandy-pakai-kabel-ties-sendiri-polisi-tegaskan-editan,"
Sabtu, 27 Mei  2023 11:10 WIB "
Polisi Bakal Periksa AG Korban Dugaan Pencabulan oleh Mario Dandy,https://news.detik.com/berita/d-6741544/polisi-bakal-periksa-ag-korban-dugaan-pencabulan-oleh-mario-dandy,"
Sabtu, 27 Mei  2023 09:02 WIB "
8 Kabar Terbaru Kasus Mario Dandy Jelang Masuk Meja Hijau,https://news.detik.com/berita/d-6741444/8-kabar-terbaru-kasus-mario-dandy-jelang-masuk-meja-hijau,"
Sabtu, 27 Mei  2023 07:46 WIB "
5 Fakta Terkini Laporan AG soal Dugaan Pencabulan oleh Mario Dandy,https://news.detik.com/berita/d-6741423/5-fakta-terkini-laporan-ag-soal-dugaan-pencabulan-oleh-mario-dandy,"
Sabtu, 27 Mei  2023 06:42 WIB "
Beda Ekspresi Mario Dandy dan Shane Lukas Jelang Diadili,https://news.detik.com/berita/d-6741417/beda-ekspresi-mario-dandy-dan-shane-lukas-jelang-diadili,"
Sabtu, 27 Mei  2023 06:24 WIB "
"Mario Dandy Segera Disidang, Pasal yang Diterapkan Dinilai Tepat",https://news.detik.com/berita/d-6741390/mario-dandy-segera-disidang-pasal-yang-diterapkan-dinilai-tepat,"
Sabtu, 27 Mei  2023 02:01 WIB "
"Dugaan Pencabulan Mario Dandy ke AG, Penyidik Lengkapi 2 Alat Bukti",https://news.detik.com/berita/d-6741226/dugaan-pencabulan-mario-dandy-ke-ag-penyidik-lengkapi-2-alat-bukti,"
Jumat, 26 Mei  2023 21:28 WIB "
Kasus Dugaan Pencabulan Mario Dandy ke AG Naik Penyidikan!,https://news.detik.com/berita/d-6741191/kasus-dugaan-pencabulan-mario-dandy-ke-ag-naik-penyidikan,"
Jumat, 26 Mei  2023 20:54 WIB "
9 Saksi Sudah Diperiksa Terkait Dugaan Pencabulan Mario Dandy ke AG,https://news.detik.com/berita/d-6740899/9-saksi-sudah-diperiksa-terkait-dugaan-pencabulan-mario-dandy-ke-ag,"
Jumat, 26 Mei  2023 18:07 WIB "
"12 Jaksa Kawal Sidang Mario Dandy, Ada yang Pernah Tangani Kasus Sambo",https://news.detik.com/berita/d-6740672/12-jaksa-kawal-sidang-mario-dandy-ada-yang-pernah-tangani-kasus-sambo,"
Jumat, 26 Mei  2023 16:33 WIB "
Jaksa Siapkan 17 Orang Saksi untuk Sidang Mario Dandy,https://news.detik.com/berita/d-6740668/jaksa-siapkan-17-orang-saksi-untuk-sidang-mario-dandy,"
Jumat, 26 Mei  2023 16:31 WIB "
Alasan Polisi Lamanya Pemberkasan Mario Dandy: Agar Tak Ada Celah Hukum,https://news.detik.com/berita/d-6740609/alasan-polisi-lamanya-pemberkasan-mario-dandy-agar-tak-ada-celah-hukum,"
Jumat, 26 Mei  2023 16:19 WIB "
Mario Dandy dan Shane Ditahan di Rutan Cipinang Selama 20 Hari,https://news.detik.com/berita/d-6740590/mario-dandy-dan-shane-ditahan-di-rutan-cipinang-selama-20-hari,"
Jumat, 26 Mei  2023 16:10 WIB "
Tangis dan Doa Shane Lukas Jelang Diadili di Kasus Penganiayaan David,https://news.detik.com/berita/d-6740524/tangis-dan-doa-shane-lukas-jelang-diadili-di-kasus-penganiayaan-david,"
Jumat, 26 Mei  2023 15:40 WIB "
"Resmi Dilimpahkan ke Jaksa, Mario Dandy dan Shane Pakai Rompi Tahanan Merah",https://news.detik.com/berita/d-6740520/resmi-dilimpahkan-ke-jaksa-mario-dandy-dan-shane-pakai-rompi-tahanan-merah,"
Jumat, 26 Mei  2023 15:38 WIB "
"Mario Dandy Minta Maaf Aniaya David, tapi Tersenyum",https://news.detik.com/berita/d-6740476/mario-dandy-minta-maaf-aniaya-david-tapi-tersenyum,"
Jumat, 26 Mei  2023 15:23 WIB "
"Dilimpahkan ke Jaksa, Mario Dandy dan Shane Tiba di Kejari Jaksel",https://news.detik.com/berita/d-6740430/dilimpahkan-ke-jaksa-mario-dandy-dan-shane-tiba-di-kejari-jaksel,"
Jumat, 26 Mei  2023 15:08 WIB "
Nasib Laporan AG soal Dugaan Pencabulan Mario Dandy Ditentukan Siang Ini,https://news.detik.com/berita/d-6740374/nasib-laporan-ag-soal-dugaan-pencabulan-mario-dandy-ditentukan-siang-ini,"
Jumat, 26 Mei  2023 14:56 WIB "
Mario Dandy Siapkan Pembelaan Hadapi Sidang Penganiayaan David Ozora,https://news.detik.com/berita/d-6740351/mario-dandy-siapkan-pembelaan-hadapi-sidang-penganiayaan-david-ozora,"
Jumat, 26 Mei  2023 14:51 WIB "
Mario Dandy Dilimpahkan ke Jaksa Usai Ditahan 94 Hari di Polda Metro,https://news.detik.com/berita/d-6740323/mario-dandy-dilimpahkan-ke-jaksa-usai-ditahan-94-hari-di-polda-metro,"
Jumat, 26 Mei  2023 14:38 WIB "
"Dilimpahkan ke Jaksa Siang Ini, Mario Dandy Dinyatakan Sehat",https://news.detik.com/berita/d-6740258/dilimpahkan-ke-jaksa-siang-ini-mario-dandy-dinyatakan-sehat,"
Jumat, 26 Mei  2023 14:17 WIB "
Siap Diadili? Begini Reaksi Mario Dandy Penganiaya David Ozora,https://news.detik.com/berita/d-6740227/siap-diadili-begini-reaksi-mario-dandy-penganiaya-david-ozora,"
Jumat, 26 Mei  2023 14:10 WIB "
"Pakai Sandal Jepit, Penampakan Mario Dandy Jelang Dibawa ke Kejari Jaksel",https://news.detik.com/berita/d-6740195/pakai-sandal-jepit-penampakan-mario-dandy-jelang-dibawa-ke-kejari-jaksel,"
Jumat, 26 Mei  2023 13:52 WIB "
Mario Dandy Akan Dicek Kesehatan Sebelum Dilimpahkan ke Jaksa,https://news.detik.com/berita/d-6739875/mario-dandy-akan-dicek-kesehatan-sebelum-dilimpahkan-ke-jaksa,"
Jumat, 26 Mei  2023 11:10 WIB "
Pengacara Sebut AG Sudah Visum Terkait Dugaan Pencabulan oleh Mario Dandy,https://news.detik.com/berita/d-6739602/pengacara-sebut-ag-sudah-visum-terkait-dugaan-pencabulan-oleh-mario-dandy,"
Jumat, 26 Mei  2023 08:18 WIB "
"Segera Sidang, Pengacara Minta Mario Dandy Jujur soal Posisi AG",https://news.detik.com/berita/d-6739540/segera-sidang-pengacara-minta-mario-dandy-jujur-soal-posisi-ag,"
Jumat, 26 Mei  2023 06:54 WIB "
Mario Dandy Satriyo Diserahkan ke Jaksa Hari Ini,https://news.detik.com/berita/d-6739514/mario-dandy-satriyo-diserahkan-ke-jaksa-hari-ini,"
Jumat, 26 Mei  2023 05:52 WIB "
Pihak David Harap Persidangan Mario Dandy Berjalan Transparan,https://news.detik.com/berita/d-6739443/pihak-david-harap-persidangan-mario-dandy-berjalan-transparan,"
Jumat, 26 Mei  2023 01:28 WIB "
"Keluarga Tak Izinkan David Bersaksi di Sidang Mario Dandy, Ini Alasannya",https://news.detik.com/berita/d-6739117/keluarga-tak-izinkan-david-bersaksi-di-sidang-mario-dandy-ini-alasannya,"
Kamis, 25 Mei  2023 19:14 WIB "
Pihak David Ozora Minta Jaksa Transparan Adili Mario Dandy di Persidangan,https://news.detik.com/berita/d-6739096/pihak-david-ozora-minta-jaksa-transparan-adili-mario-dandy-di-persidangan,"
Kamis, 25 Mei  2023 19:00 WIB "
KY Periksa Laporan Dugaan Pelanggaran Etik 2 Hakim Tunggal di Sidang AG,https://news.detik.com/berita/d-6738681/ky-periksa-laporan-dugaan-pelanggaran-etik-2-hakim-tunggal-di-sidang-ag,"
Kamis, 25 Mei  2023 16:40 WIB "
2 Hakim yang Adili AG di Kasus Penganiayaan David Ozora Dilaporkan ke KY,https://news.detik.com/berita/d-6738610/2-hakim-yang-adili-ag-di-kasus-penganiayaan-david-ozora-dilaporkan-ke-ky,"
Kamis, 25 Mei  2023 16:16 WIB "
Menanti Mario Dandy Diadili,https://news.detik.com/berita/d-6737440/menanti-mario-dandy-diadili,"
Kamis, 25 Mei  2023 06:24 WIB "
Melihat Beda Pasal untuk Mario Dandy Usai Perkara Dinyatakan Lengkap Jaksa,https://news.detik.com/berita/d-6736768/melihat-beda-pasal-untuk-mario-dandy-usai-perkara-dinyatakan-lengkap-jaksa,"
Rabu, 24 Mei  2023 17:11 WIB "
"Berkas Mario Dandy Lengkap, Jaksa Segera Susun Dakwaan",https://news.detik.com/berita/d-6736639/berkas-mario-dandy-lengkap-jaksa-segera-susun-dakwaan,"
Rabu, 24 Mei  2023 16:41 WIB "
Jaksa Tepis Nyatakan Berkas Mario Dandy Lengkap karena Adanya Desakan,https://news.detik.com/berita/d-6736509/jaksa-tepis-nyatakan-berkas-mario-dandy-lengkap-karena-adanya-desakan,"
Rabu, 24 Mei  2023 16:01 WIB "
"Kejati DKI: Tak Ada Bolak-balik Berkas Mario Dandy, Semua Sesuai KUHAP",https://news.detik.com/berita/d-6736473/kejati-dki-tak-ada-bolak-balik-berkas-mario-dandy-semua-sesuai-kuhap,"
Rabu, 24 Mei  2023 15:48 WIB "
Penyidikan hingga Berkas Perkara Mario Dandy Lengkap Makan Waktu 82 Hari,https://news.detik.com/berita/d-6736472/penyidikan-hingga-berkas-perkara-mario-dandy-lengkap-makan-waktu-82-hari,"
Rabu, 24 Mei  2023 15:47 WIB "
"Berkas Mario Dandy Lengkap, 17 Saksi Sudah Diperiksa Termasuk Ayah David",https://news.detik.com/berita/d-6736427/berkas-mario-dandy-lengkap-17-saksi-sudah-diperiksa-termasuk-ayah-david,"
Rabu, 24 Mei  2023 15:28 WIB "
7 Jaksa Kawal Sidang Kasus Mario Dandy Aniaya David Ozora,https://news.detik.com/berita/d-6736273/7-jaksa-kawal-sidang-kasus-mario-dandy-aniaya-david-ozora,"
Rabu, 24 Mei  2023 14:45 WIB "
Akhirnya! Berkas Perkara Mario Dandy Dinyatakan Lengkap,https://news.detik.com/berita/d-6736224/akhirnya-berkas-perkara-mario-dandy-dinyatakan-lengkap,"
Rabu, 24 Mei  2023 14:18 WIB "
Pengacara Apresiasi Polda Metro Tangani Kasus David On the Track,https://news.detik.com/berita/d-6735787/pengacara-apresiasi-polda-metro-tangani-kasus-david-on-the-track,"
Rabu, 24 Mei  2023 11:08 WIB "
Pihak David Dapat Info 1-2 Hari Lagi Mario Dandy Diserahkan ke Jaksa,https://news.detik.com/berita/d-6735672/pihak-david-dapat-info-1-2-hari-lagi-mario-dandy-diserahkan-ke-jaksa,"
Rabu, 24 Mei  2023 10:05 WIB "
"Mereka Flexing Harta, Akhirnya Dipanggil KPK",https://news.detik.com/berita/d-6735454/mereka-flexing-harta-akhirnya-dipanggil-kpk,"
Rabu, 24 Mei  2023 06:59 WIB "
Perkara Mario Dandy Tak Kunjung Diadili Tuai Tanda Tanya,https://news.detik.com/berita/d-6735161/perkara-mario-dandy-tak-kunjung-diadili-tuai-tanda-tanya,"
Selasa, 23 Mei  2023 20:37 WIB "
"Mario Dandy Belum Diadili, Pihak David Desak Pelimpahan Berkas Dipercepat",https://news.detik.com/berita/d-6734906/mario-dandy-belum-diadili-pihak-david-desak-pelimpahan-berkas-dipercepat,"
Selasa, 23 Mei  2023 18:19 WIB "
Daftar Pejabat Flexing Harta yang Berujung Dipanggil KPK,https://news.detik.com/berita/d-6734207/daftar-pejabat-flexing-harta-yang-berujung-dipanggil-kpk,"
Selasa, 23 Mei  2023 13:29 WIB "
Pengacara AG Heran Mario Dandy Belum Diadili: Dia Pelaku Utama,https://news.detik.com/berita/d-6734073/pengacara-ag-heran-mario-dandy-belum-diadili-dia-pelaku-utama,"
Selasa, 23 Mei  2023 12:34 WIB "
Ternyata Mario Dandy Dicecar KPK soal Rubicon Terkait Rafael Alun,https://news.detik.com/berita/d-6733832/ternyata-mario-dandy-dicecar-kpk-soal-rubicon-terkait-rafael-alun,"
Selasa, 23 Mei  2023 10:58 WIB "
"AG Serahkan Memori Kasasi ke PN Jaksel, Lawan Vonis 3,5 Tahun Bui",https://news.detik.com/berita/d-6733774/ag-serahkan-memori-kasasi-ke-pn-jaksel-lawan-vonis-3-5-tahun-bui,"
Selasa, 23 Mei  2023 10:26 WIB "
Gaya Beda Mario Dandy Saat Diperiksa Jadi Saksi KPK,https://news.detik.com/berita/d-6733547/gaya-beda-mario-dandy-saat-diperiksa-jadi-saksi-kpk,"
Selasa, 23 Mei  2023 07:33 WIB "
Mario Dandy Segera Diperiksa Terkait Laporan AG soal Dugaan Pencabulan,https://news.detik.com/berita/d-6732823/mario-dandy-segera-diperiksa-terkait-laporan-ag-soal-dugaan-pencabulan,"
Senin, 22 Mei  2023 17:09 WIB "
Polisi Targetkan Mario Dandy Diserahkan ke Jaksa Pekan Ini,https://news.detik.com/berita/d-6732306/polisi-targetkan-mario-dandy-diserahkan-ke-jaksa-pekan-ini,"
Senin, 22 Mei  2023 14:22 WIB "
"Mario Dandy Ngaku Menyesal Aniaya David Ozora, Siap Jalani Proses Hukum",https://news.detik.com/berita/d-6731954/mario-dandy-ngaku-menyesal-aniaya-david-ozora-siap-jalani-proses-hukum,"
Senin, 22 Mei  2023 12:05 WIB "
Respons Mario Dandy Dipolisikan AG Terkait Dugaan Pencabulan,https://news.detik.com/berita/d-6731930/respons-mario-dandy-dipolisikan-ag-terkait-dugaan-pencabulan,"
Senin, 22 Mei  2023 11:50 WIB "
Mario Dandy Klaim Tak Tahu Apa-apa soal Kasus Korupsi Rafael Alun,https://news.detik.com/berita/d-6731909/mario-dandy-klaim-tak-tahu-apa-apa-soal-kasus-korupsi-rafael-alun,"
Senin, 22 Mei  2023 11:41 WIB "
"Potret Mario Dandy Diperiksa KPK, Pakai Celana Panjang dan Sepatu Pantofel",https://news.detik.com/berita/d-6731805/potret-mario-dandy-diperiksa-kpk-pakai-celana-panjang-dan-sepatu-pantofel,"
Senin, 22 Mei  2023 11:12 WIB "
"Digiring Penyidik, Mario Dandy Diperiksa KPK di Polda Metro",https://news.detik.com/berita/d-6731783/digiring-penyidik-mario-dandy-diperiksa-kpk-di-polda-metro,"
Senin, 22 Mei  2023 10:56 WIB "
"Mario Dandy Diperiksa KPK Soal Kasus Rafael Alun, Polda Metro Fasilitasi",https://news.detik.com/berita/d-6731697/mario-dandy-diperiksa-kpk-soal-kasus-rafael-alun-polda-metro-fasilitasi,"
Senin, 22 Mei  2023 10:04 WIB "
KPK Periksa Mario Dandy di Kasus Gratifikasi-TPPU Rafael Alun,https://news.detik.com/berita/d-6731666/kpk-periksa-mario-dandy-di-kasus-gratifikasi-tppu-rafael-alun,"
Senin, 22 Mei  2023 09:43 WIB "
Apa Kabar Laporan Dugaan Pencabulan AG oleh Mario Dandy?,https://news.detik.com/berita/d-6730982/apa-kabar-laporan-dugaan-pencabulan-ag-oleh-mario-dandy,"
Minggu, 21 Mei  2023 16:04 WIB "
"'Rumus' Jadi Tersangka KPK, Pamer Harta Ditambah Data PPATK",https://news.detik.com/berita/d-6728889/rumus-jadi-tersangka-kpk-pamer-harta-ditambah-data-ppatk,"
Jumat, 19 Mei  2023 20:33 WIB "
Penjelasan Polisi soal Kasus Mario Dandy Tak Kunjung Disidangkan,https://news.detik.com/berita/d-6728500/penjelasan-polisi-soal-kasus-mario-dandy-tak-kunjung-disidangkan,"
Jumat, 19 Mei  2023 17:20 WIB "
Kombinasi Viral Pamer Harta dan Data PPATK Akhirnya Jadi Tersangka KPK,https://news.detik.com/berita/d-6727921/kombinasi-viral-pamer-harta-dan-data-ppatk-akhirnya-jadi-tersangka-kpk,"
Jumat, 19 Mei  2023 13:09 WIB "
Terungkap soal Grace Tahir di KPK gegara Rafael Alun Beli Rumahnya,https://news.detik.com/berita/d-6718158/terungkap-soal-grace-tahir-di-kpk-gegara-rafael-alun-beli-rumahnya,"
Sabtu, 13 Mei  2023 06:33 WIB "
"AG Terus Melawan Vonis 3,5 Tahun Penjara",https://news.detik.com/berita/d-6716064/ag-terus-melawan-vonis-3-5-tahun-penjara,"
Kamis, 11 Mei  2023 20:05 WIB "
"Tetap Dipidana 3,5 Tahun, AG Ajukan Kasasi",https://news.detik.com/berita/d-6715442/tetap-dipidana-3-5-tahun-ag-ajukan-kasasi,"
Kamis, 11 Mei  2023 15:58 WIB "
Jeratan Tersangka Cuci Uang Bikin Rafael Alun Terancam Dimiskinkan,https://news.detik.com/berita/d-6714443/jeratan-tersangka-cuci-uang-bikin-rafael-alun-terancam-dimiskinkan,"
Kamis, 11 Mei  2023 07:00 WIB "
"Jaksa Teliti Lagi Berkas Mario Dandy, Jika Lengkap Segera Diadili",https://news.detik.com/berita/d-6713951/jaksa-teliti-lagi-berkas-mario-dandy-jika-lengkap-segera-diadili,"
Rabu, 10 Mei  2023 18:28 WIB "
"Rafael Alun Jadi Tersangka KPK, Kasus Gratifikasi dan Kini Pencucian Uang",https://news.detik.com/berita/d-6713511/rafael-alun-jadi-tersangka-kpk-kasus-gratifikasi-dan-kini-pencucian-uang,"
Rabu, 10 Mei  2023 15:43 WIB "
Pengacara: David Ozora Diminta Bersaksi tapi Kondisinya Belum Normal,https://news.detik.com/berita/d-6713474/pengacara-david-ozora-diminta-bersaksi-tapi-kondisinya-belum-normal,"
Rabu, 10 Mei  2023 15:28 WIB "
Fakta-fakta AG Polisikan Mario Dandy atas Dugaan Pencabulan,https://news.detik.com/berita/d-6711246/fakta-fakta-ag-polisikan-mario-dandy-atas-dugaan-pencabulan,"
Selasa, 09 Mei  2023 12:56 WIB "
Babak Baru Mario Dandy Kini Dipolisikan AG soal Dugaan Pencabulan,https://news.detik.com/berita/d-6710941/babak-baru-mario-dandy-kini-dipolisikan-ag-soal-dugaan-pencabulan,"
Selasa, 09 Mei  2023 10:54 WIB "
AG Perkarakan Mario Dandy Hingga Heboh 'Konten Mistis' Dokter Forensik,https://news.detik.com/berita/d-6710403/ag-perkarakan-mario-dandy-hingga-heboh-konten-mistis-dokter-forensik,"
Selasa, 09 Mei  2023 07:45 WIB "
Polisi Selidiki Laporan AG soal Dugaan Pencabulan Mario Dandy,https://news.detik.com/berita/d-6710310/polisi-selidiki-laporan-ag-soal-dugaan-pencabulan-mario-dandy,"
Senin, 08 Mei  2023 19:15 WIB "
Alasan AG Baru Polisikan Mario Dandy soal Dugaan Pencabulan,https://news.detik.com/berita/d-6710205/alasan-ag-baru-polisikan-mario-dandy-soal-dugaan-pencabulan,"
Senin, 08 Mei  2023 18:26 WIB "
AG Resmi Polisikan Mario Dandy soal Dugaan Pencabulan!,https://news.detik.com/berita/d-6709901/ag-resmi-polisikan-mario-dandy-soal-dugaan-pencabulan,"
Senin, 08 Mei  2023 16:31 WIB "
Kapolda Metro Cek Alasan Laporan AG soal Pencabulan Mario Dandy Ditolak,https://news.detik.com/berita/d-6709256/kapolda-metro-cek-alasan-laporan-ag-soal-pencabulan-mario-dandy-ditolak,"
Senin, 08 Mei  2023 12:15 WIB "
"Pihak David Siapkan Daftar Kebohongan Mario, Bakal Dibongkar di Persidangan",https://news.detik.com/berita/d-6705179/pihak-david-siapkan-daftar-kebohongan-mario-bakal-dibongkar-di-persidangan,"
Jumat, 05 Mei  2023 13:33 WIB "
"AG Laporkan Mario Dandy terkait Pencabulan, Pengacara: 2 Kali Ditolak Polisi",https://news.detik.com/berita/d-6704888/ag-laporkan-mario-dandy-terkait-pencabulan-pengacara-2-kali-ditolak-polisi,"
Jumat, 05 Mei  2023 11:19 WIB "
"Lengkapi Berkas Mario Dandy, Polisi Bakal Periksa Saksi Kembali",https://news.detik.com/berita/d-6704015/lengkapi-berkas-mario-dandy-polisi-bakal-periksa-saksi-kembali,"
Kamis, 04 Mei  2023 17:52 WIB "
"Jaksa Tagih Berkas Mario Dandy ke Polisi, Ingatkan Waktu Penyidikan Habis",https://news.detik.com/berita/d-6703030/jaksa-tagih-berkas-mario-dandy-ke-polisi-ingatkan-waktu-penyidikan-habis,"
Kamis, 04 Mei  2023 10:27 WIB "
David Ozora Korban Penganiayaan Mario Dandy Mulai Masuk Sekolah,https://news.detik.com/berita/d-6702424/david-ozora-korban-penganiayaan-mario-dandy-mulai-masuk-sekolah,"
Rabu, 03 Mei  2023 19:08 WIB "
Tuntaskan Skandal Rp 349 Triliun,https://news.detik.com/kolom/d-6697923/tuntaskan-skandal-rp-349-triliun,"
Senin, 01 Mei  2023 09:17 WIB "
"Anggota DPR Dipuji Usai Viralkan Aspirasi Publik, Ini Kata Pengamat",https://news.detik.com/berita/d-6695044/anggota-dpr-dipuji-usai-viralkan-aspirasi-publik-ini-kata-pengamat,"
Jumat, 28 Apr 2023 19:21 WIB "
"Sidang 'Kilat' Disorot Kala AG Tetap Dihukum 3,5 Tahun Bui",https://news.detik.com/berita/d-6693716/sidang-kilat-disorot-kala-ag-tetap-dihukum-3-5-tahun-bui,"
Jumat, 28 Apr 2023 07:00 WIB "
Mahfud Md Jawab Kritik Medsos soal Kebiasaannya Angkat Kasus Viral,https://news.detik.com/berita/d-6692885/mahfud-md-jawab-kritik-medsos-soal-kebiasaannya-angkat-kasus-viral,"
Kamis, 27 Apr 2023 16:18 WIB "
"PT DKI: Vonis 3,5 Tahun Bui AG Sudah Penuhi Rasa Keadilan",https://news.detik.com/berita/d-6692758/pt-dki-vonis-3-5-tahun-bui-ag-sudah-penuhi-rasa-keadilan,"
Kamis, 27 Apr 2023 15:24 WIB "
Pihak David Bakal Laporkan Hakim Banding Perkara AG ke Komisi Yudisial,https://news.detik.com/berita/d-6692693/pihak-david-bakal-laporkan-hakim-banding-perkara-ag-ke-komisi-yudisial,"
Kamis, 27 Apr 2023 14:59 WIB "
"Respons Pihak AG soal PT DKI Kuatkan Vonis 3,5 Tahun Bui di Kasus David",https://news.detik.com/berita/d-6692660/respons-pihak-ag-soal-pt-dki-kuatkan-vonis-3-5-tahun-bui-di-kasus-david,"
Kamis, 27 Apr 2023 14:44 WIB "
Hakim Banding: AG Beri Jalan Mario Dandy Bertemu David Lampiaskan Amarah,https://news.detik.com/berita/d-6692247/hakim-banding-ag-beri-jalan-mario-dandy-bertemu-david-lampiaskan-amarah,"
Kamis, 27 Apr 2023 12:01 WIB "
"PT DKI Tetap Hukum AG 3,5 Tahun Bui di Kasus Penganiayaan David Ozora!",https://news.detik.com/berita/d-6692141/pt-dki-tetap-hukum-ag-3-5-tahun-bui-di-kasus-penganiayaan-david-ozora,"
Kamis, 27 Apr 2023 11:18 WIB "
"Putusan Banding Dimulai, AG Tak Hadir di PT DKI",https://news.detik.com/berita/d-6692117/putusan-banding-dimulai-ag-tak-hadir-di-pt-dki,"
Kamis, 27 Apr 2023 11:08 WIB "
AKBP Achiruddin Terancam Demosi Hingga Ganjar Genap Didukung 4 Parpol,https://news.detik.com/berita/d-6691523/akbp-achiruddin-terancam-demosi-hingga-ganjar-genap-didukung-4-parpol,"
Kamis, 27 Apr 2023 07:45 WIB "
Pihak David Protes Putusan Banding AG Langsung Digelar Besok: Ada Apa Ini?,https://news.detik.com/berita/d-6691621/pihak-david-protes-putusan-banding-ag-langsung-digelar-besok-ada-apa-ini,"
Rabu, 26 Apr 2023 22:24 WIB "
"Kuasa Hukum AG Kaget Sidang Putusan Banding Digelar Besok, Tak Akan Hadir",https://news.detik.com/berita/d-6691601/kuasa-hukum-ag-kaget-sidang-putusan-banding-digelar-besok-tak-akan-hadir,"
Rabu, 26 Apr 2023 21:55 WIB "
Sidang Putusan Banding AG di Kasus Mario Dandy Digelar Terbuka Besok,https://news.detik.com/berita/d-6691422/sidang-putusan-banding-ag-di-kasus-mario-dandy-digelar-terbuka-besok,"
Rabu, 26 Apr 2023 19:31 WIB "
"PN Jaksel Limpahkan Berkas Banding AG Lawan Vonis 3,5 Tahun Bui ke PT DKI",https://news.detik.com/berita/d-6691324/pn-jaksel-limpahkan-berkas-banding-ag-lawan-vonis-3-5-tahun-bui-ke-pt-dki,"
Rabu, 26 Apr 2023 18:24 WIB "
Putusan Banding AG di Kasus Mario Dandy Akan Digelar Terbuka,https://news.detik.com/berita/d-6690207/putusan-banding-ag-di-kasus-mario-dandy-akan-digelar-terbuka,"
Rabu, 26 Apr 2023 10:39 WIB "
"PT DKI Belum Terima Berkas Banding AG Lawan Vonis 3,5 Tahun Bui",https://news.detik.com/berita/d-6690133/pt-dki-belum-terima-berkas-banding-ag-lawan-vonis-3-5-tahun-bui,"
Rabu, 26 Apr 2023 10:04 WIB "
Pakar Nilai Jaksa Ikut Banding Vonis AG demi Lawan Bukti Baru Kuasa Hukum,https://news.detik.com/berita/d-6683911/pakar-nilai-jaksa-ikut-banding-vonis-ag-demi-lawan-bukti-baru-kuasa-hukum,"
Jumat, 21 Apr 2023 03:01 WIB "
Anggota Komisi III DPR Dukung Jaksa Banding Vonis AG: Sesuai Prosedur,https://news.detik.com/berita/d-6682470/anggota-komisi-iii-dpr-dukung-jaksa-banding-vonis-ag-sesuai-prosedur,"
Kamis, 20 Apr 2023 01:32 WIB "
KY Persilakan KPAI Lapor soal Dugaan Pelanggaran Etik Hakim Sidang AG,https://news.detik.com/berita/d-6679385/ky-persilakan-kpai-lapor-soal-dugaan-pelanggaran-etik-hakim-sidang-ag,"
Selasa, 18 Apr 2023 12:14 WIB "
"KPAI Desak Hakim Sidang AG Diperiksa, Pihak David Ozora Heran",https://news.detik.com/berita/d-6679241/kpai-desak-hakim-sidang-ag-diperiksa-pihak-david-ozora-heran,"
Selasa, 18 Apr 2023 11:12 WIB "
"Analisis Pakar Hukum soal AG Melawan Vonis 3,5 Tahun Penjara",https://news.detik.com/berita/d-6678930/analisis-pakar-hukum-soal-ag-melawan-vonis-3-5-tahun-penjara,"
Selasa, 18 Apr 2023 07:17 WIB "
"Pihak David Harap Banding Jaksa soal Vonis 3,5 Tahun AG Diterima",https://news.detik.com/berita/d-6678881/pihak-david-harap-banding-jaksa-soal-vonis-3-5-tahun-ag-diterima,"
Selasa, 18 Apr 2023 03:46 WIB "
"AG Melawan Vonis 3,5 Tahun Bui, Jaksa Juga Ajukan Banding",https://news.detik.com/berita/d-6677393/ag-melawan-vonis-3-5-tahun-bui-jaksa-juga-ajukan-banding,"
Senin, 17 Apr 2023 12:20 WIB "
"AG Melawan Vonis 3,5 Tahun Penjara!",https://news.detik.com/berita/d-6677335/ag-melawan-vonis-3-5-tahun-penjara,"
Senin, 17 Apr 2023 11:52 WIB "
4 Penjelasan Dokter soal David Ozora Kini Tinggalkan Rumah Sakit,https://news.detik.com/berita/d-6676633/4-penjelasan-dokter-soal-david-ozora-kini-tinggalkan-rumah-sakit,"
Minggu, 16 Apr 2023 21:47 WIB "
Pengacara: David hingga Kini Belum Tahu Kenapa Dirawat di Rumah Sakit,https://news.detik.com/berita/d-6676321/pengacara-david-hingga-kini-belum-tahu-kenapa-dirawat-di-rumah-sakit,"
Minggu, 16 Apr 2023 17:18 WIB "
"Pengobatan Hampir Rp 2 M, Pihak David Bakal Minta Ganti Rugi ke Dandy?",https://news.detik.com/berita/d-6676288/pengobatan-hampir-rp-2-m-pihak-david-bakal-minta-ganti-rugi-ke-dandy,"
Minggu, 16 Apr 2023 16:53 WIB "
David Ozora Pulang dari RS Usai 53 Hari Dirawat karena Dianiaya,https://news.detik.com/berita/d-6676229/david-ozora-pulang-dari-rs-usai-53-hari-dirawat-karena-dianiaya,"
Minggu, 16 Apr 2023 16:12 WIB "
Dokter Beberkan Kondisi David Ozora yang Kini Diperbolehkan Pulang dari RS,https://news.detik.com/berita/d-6676078/dokter-beberkan-kondisi-david-ozora-yang-kini-diperbolehkan-pulang-dari-rs,"
Minggu, 16 Apr 2023 14:46 WIB "
Kuasa Hukum Tegaskan Keluarga Tak Buka Donasi Biaya Perawatan David,https://news.detik.com/berita/d-6676077/kuasa-hukum-tegaskan-keluarga-tak-buka-donasi-biaya-perawatan-david,"
Minggu, 16 Apr 2023 14:46 WIB "
"Dokter Ungkap Memori David Ozora Masih Pendek, Bakal Fisioterapi Berkala",https://news.detik.com/berita/d-6676061/dokter-ungkap-memori-david-ozora-masih-pendek-bakal-fisioterapi-berkala,"
Minggu, 16 Apr 2023 14:41 WIB "
"Kondisi Membaik, David Ozora Diperbolehkan Keluar RS Hari Ini",https://news.detik.com/berita/d-6676042/kondisi-membaik-david-ozora-diperbolehkan-keluar-rs-hari-ini,"
Minggu, 16 Apr 2023 14:31 WIB "
"David Ozora Keluar dari RS Besok, Jalani Perawatan Lanjutan di Rumah",https://news.detik.com/berita/d-6674759/david-ozora-keluar-dari-rs-besok-jalani-perawatan-lanjutan-di-rumah,"
Sabtu, 15 Apr 2023 15:07 WIB "
Mario Dandy Cabut Kuasa Pengacara Jelang Disidang di Kasus Penganiayaan David,https://news.detik.com/berita/d-6672481/mario-dandy-cabut-kuasa-pengacara-jelang-disidang-di-kasus-penganiayaan-david,"
Jumat, 14 Apr 2023 10:22 WIB "
Hidup Sederhana Pejabat Negara,https://news.detik.com/kolom/d-6669380/hidup-sederhana-pejabat-negara,"
Kamis, 13 Apr 2023 15:00 WIB "
Problem Inheren Pengelolaan Pajak,https://news.detik.com/kolom/d-6669330/problem-inheren-pengelolaan-pajak,"
Kamis, 13 Apr 2023 13:10 WIB "
KPAI: Sidang Vonis AG Sudah Sesuai dengan Sistem Peradilan Anak,https://news.detik.com/berita/d-6667700/kpai-sidang-vonis-ag-sudah-sesuai-dengan-sistem-peradilan-anak,"
Selasa, 11 Apr 2023 17:50 WIB "
"AG Sudah Divonis, Kapan Mario Dandy Diadili?",https://news.detik.com/berita/d-6667017/ag-sudah-divonis-kapan-mario-dandy-diadili,"
Selasa, 11 Apr 2023 13:53 WIB "
"7 Hal Diketahui di Vonis AG: Awal Mula dan Biaya Berobat David Rp 1,2 M",https://news.detik.com/berita/d-6666466/7-hal-diketahui-di-vonis-ag-awal-mula-dan-biaya-berobat-david-rp-1-2-m,"
Selasa, 11 Apr 2023 10:17 WIB "
"5 Fakta AG Terlibat Aniaya David Berujung Vonis 3,5 Tahun Penjara",https://news.detik.com/berita/d-6666249/5-fakta-ag-terlibat-aniaya-david-berujung-vonis-3-5-tahun-penjara,"
Selasa, 11 Apr 2023 06:01 WIB "
Hakim Ungkap Awal Mula AG Bersama Mario Dandy Aniaya David dengan Sadis,https://news.detik.com/berita/d-6665762/hakim-ungkap-awal-mula-ag-bersama-mario-dandy-aniaya-david-dengan-sadis,"
Senin, 10 Apr 2023 18:39 WIB "
"AG Divonis 3,5 Tahun Bui di Kasus Aniaya David, Jaksa Pikir-pikir Banding",https://news.detik.com/berita/d-6665663/ag-divonis-3-5-tahun-bui-di-kasus-aniaya-david-jaksa-pikir-pikir-banding,"
Senin, 10 Apr 2023 18:01 WIB "
Jaksa Kembali Terima Berkas Perkara Mario Dandy dari Polisi,https://news.detik.com/berita/d-6665648/jaksa-kembali-terima-berkas-perkara-mario-dandy-dari-polisi,"
Senin, 10 Apr 2023 17:49 WIB "
"Keluarga David Minta Jaksa Banding atas Vonis 3,5 Tahun Bui AG",https://news.detik.com/berita/d-6665473/keluarga-david-minta-jaksa-banding-atas-vonis-3-5-tahun-bui-ag,"
Senin, 10 Apr 2023 16:55 WIB "
"Hakim: Biaya Pengobatan David Rp 1,2 M, Tak Ada Bantuan dari Mario Dandy",https://news.detik.com/berita/d-6665397/hakim-biaya-pengobatan-david-rp-1-2-m-tak-ada-bantuan-dari-mario-dandy,"
Senin, 10 Apr 2023 16:27 WIB "
"AG Divonis 3,5 Tahun Bui, Pengacara Serahkan ke Keluarga soal Langkah banding",https://news.detik.com/berita/d-6665360/ag-divonis-3-5-tahun-bui-pengacara-serahkan-ke-keluarga-soal-langkah-banding,"
Senin, 10 Apr 2023 16:17 WIB "
"AG Divonis 3,5 Tahun Bui, Ini Perannya di Kasus Penganiayaan David",https://news.detik.com/berita/d-6665206/ag-divonis-3-5-tahun-bui-ini-perannya-di-kasus-penganiayaan-david,"
Senin, 10 Apr 2023 15:19 WIB "
"Hal Memberatkan Vonis 3,5 Tahun Bui AG: David Alami Kerusakan Otak",https://news.detik.com/berita/d-6665142/hal-memberatkan-vonis-3-5-tahun-bui-ag-david-alami-kerusakan-otak,"
Senin, 10 Apr 2023 14:48 WIB "
"AG Divonis 3,5 Tahun Penjara Terkait Penganiayaan David Ozora!",https://news.detik.com/berita/d-6665065/ag-divonis-3-5-tahun-penjara-terkait-penganiayaan-david-ozora,"
Senin, 10 Apr 2023 14:24 WIB "
"Kondisi Terkini David Ozora: Memori Tak Stabil, Lupa Penyebab Dirawat",https://news.detik.com/berita/d-6664577/kondisi-terkini-david-ozora-memori-tak-stabil-lupa-penyebab-dirawat,"
Senin, 10 Apr 2023 11:22 WIB "
AG Bakal Dihadirkan Jaksa di Sidang Vonis Hari Ini!,https://news.detik.com/berita/d-6664454/ag-bakal-dihadirkan-jaksa-di-sidang-vonis-hari-ini,"
Senin, 10 Apr 2023 10:30 WIB "
Sidang Vonis AG di Kasus Penganiayaan David Digelar Terbuka Hari Ini,https://news.detik.com/berita/d-6664240/sidang-vonis-ag-di-kasus-penganiayaan-david-digelar-terbuka-hari-ini,"
Senin, 10 Apr 2023 07:16 WIB "
Pihak David Harap AG Divonis Melebihi Tuntutan 4 Tahun Penjara,https://news.detik.com/berita/d-6664209/pihak-david-harap-ag-divonis-melebihi-tuntutan-4-tahun-penjara,"
Senin, 10 Apr 2023 06:20 WIB "
Pengacara Klaim Ada Oknum Ngaku Jadi Lawyer Mario Dandy,https://news.detik.com/berita/d-6663742/pengacara-klaim-ada-oknum-ngaku-jadi-lawyer-mario-dandy,"
Minggu, 09 Apr 2023 17:05 WIB "
"AG Penganiaya David Divonis Besok, Ini 7 Hal yang Diketahui",https://news.detik.com/berita/d-6663464/ag-penganiaya-david-divonis-besok-ini-7-hal-yang-diketahui,"
Minggu, 09 Apr 2023 13:53 WIB "
Analisis Pakar Pidana soal Tuntutan 4 Tahun Penjara Eks Pacar Mario Dandy,https://news.detik.com/berita/d-6662876/analisis-pakar-pidana-soal-tuntutan-4-tahun-penjara-eks-pacar-mario-dandy,"
Minggu, 09 Apr 2023 00:35 WIB "
David Korban Penganiayaan Mario Dandy Jalani Terapi Stem Cell Hari ini,https://news.detik.com/berita/d-6661967/david-korban-penganiayaan-mario-dandy-jalani-terapi-stem-cell-hari-ini,"
Sabtu, 08 Apr 2023 11:10 WIB "
Jaksa Tetap Tuntut 4 Tahun Bui Meski AG Menangis Bela Diri,https://news.detik.com/berita/d-6660305/jaksa-tetap-tuntut-4-tahun-bui-meski-ag-menangis-bela-diri,"
Jumat, 07 Apr 2023 03:39 WIB "
PN Jaksel Batasi Ruang Sidang Saat Vonis AG Maksimal 20 Orang,https://news.detik.com/berita/d-6659833/pn-jaksel-batasi-ruang-sidang-saat-vonis-ag-maksimal-20-orang,"
Kamis, 06 Apr 2023 18:46 WIB "
Kuasa Hukum David Harap Hakim Beri Vonis AG Lebih dari Tuntutan Jaksa,https://news.detik.com/berita/d-6659812/kuasa-hukum-david-harap-hakim-beri-vonis-ag-lebih-dari-tuntutan-jaksa,"
Kamis, 06 Apr 2023 18:34 WIB "
Pengacara Ungkap Kondisi Terkini David Ozora: Statusnya Sudah Masuk HCU,https://news.detik.com/berita/d-6659754/pengacara-ungkap-kondisi-terkini-david-ozora-statusnya-sudah-masuk-hcu,"
Kamis, 06 Apr 2023 17:59 WIB "
Pengacara David Nilai Pleidoi AG Tak Rasional,https://news.detik.com/berita/d-6659720/pengacara-david-nilai-pleidoi-ag-tak-rasional,"
Kamis, 06 Apr 2023 17:35 WIB "
Pihak David: Kebohongan AG di Sidang Jadi Hal yang Memberatkan Tuntutan,https://news.detik.com/berita/d-6659713/pihak-david-kebohongan-ag-di-sidang-jadi-hal-yang-memberatkan-tuntutan,"
Kamis, 06 Apr 2023 17:31 WIB "
Pengacara AG: Kami Bersiap untuk Hal Terburuk Apa Pun Putusan Hakim,https://news.detik.com/berita/d-6659654/pengacara-ag-kami-bersiap-untuk-hal-terburuk-apa-pun-putusan-hakim,"
Kamis, 06 Apr 2023 17:02 WIB "
Pengacara: AG Menangis Saat Bacakan Pleidoi di Kasus Penganiayaan David,https://news.detik.com/berita/d-6659573/pengacara-ag-menangis-saat-bacakan-pleidoi-di-kasus-penganiayaan-david,"
Kamis, 06 Apr 2023 16:26 WIB "
"Tanggapi Pleidoi, Jaksa Tetap Tuntut AG 4 Tahun Bui Kasus Penganiayaan David",https://news.detik.com/berita/d-6659474/tanggapi-pleidoi-jaksa-tetap-tuntut-ag-4-tahun-bui-kasus-penganiayaan-david,"
Kamis, 06 Apr 2023 15:53 WIB "
"Tiba di PN Jaksel, AG Bakal Bacakan Nota Pembelaan Tuntutan 4 Tahun Bui",https://news.detik.com/berita/d-6659073/tiba-di-pn-jaksel-ag-bakal-bacakan-nota-pembelaan-tuntutan-4-tahun-bui,"
Kamis, 06 Apr 2023 13:21 WIB "
PN Jaksel Tegaskan Vonis  AG di Kasus Mario Dandy Tetap Digelar 10 April,https://news.detik.com/berita/d-6658878/pn-jaksel-tegaskan-vonis-ag-di-kasus-mario-dandy-tetap-digelar-10-april,"
Kamis, 06 Apr 2023 12:15 WIB "
5 Fakta AG Eks Pacar Mario Dandy Dituntut 4 Tahun Penjara,https://news.detik.com/berita/d-6658441/5-fakta-ag-eks-pacar-mario-dandy-dituntut-4-tahun-penjara,"
Kamis, 06 Apr 2023 08:38 WIB "
Ini Alasan Jaksa Tuntut AG 4 Tahun Penjara di Kasus Penganiayaan David,https://news.detik.com/berita/d-6658427/ini-alasan-jaksa-tuntut-ag-4-tahun-penjara-di-kasus-penganiayaan-david,"
Kamis, 06 Apr 2023 08:15 WIB "
Pengacara: AG Tak Akan Hadiri Sidang Vonis yang Digelar Terbuka,https://news.detik.com/berita/d-6657822/pengacara-ag-tak-akan-hadiri-sidang-vonis-yang-digelar-terbuka,"
Rabu, 05 Apr 2023 18:17 WIB "
Pihak David Ozora Harap AG Divonis 4 Tahun Penjara Sesuai Tuntutan Jaksa,https://news.detik.com/berita/d-6657724/pihak-david-ozora-harap-ag-divonis-4-tahun-penjara-sesuai-tuntutan-jaksa,"
Rabu, 05 Apr 2023 17:44 WIB "
Hal Memberatkan Tuntutan AG: Bersama-sama Sebabkan Luka Berat ke David,https://news.detik.com/berita/d-6657584/hal-memberatkan-tuntutan-ag-bersama-sama-sebabkan-luka-berat-ke-david,"
Rabu, 05 Apr 2023 16:54 WIB "
"Dituntut 4 Tahun Penjara, AG Bacakan Nota Pembelaan Besok",https://news.detik.com/berita/d-6657580/dituntut-4-tahun-penjara-ag-bacakan-nota-pembelaan-besok,"
Rabu, 05 Apr 2023 16:52 WIB "
AG Dituntut 4 Tahun Penjara di Kasus Penganiayaan David Ozora!,https://news.detik.com/berita/d-6657475/ag-dituntut-4-tahun-penjara-di-kasus-penganiayaan-david-ozora,"
Rabu, 05 Apr 2023 16:17 WIB "
"Datangi PN Jaksel, GP Ansor DKI ingin Beri Dukungan ke Keluarga David",https://news.detik.com/berita/d-6657318/datangi-pn-jaksel-gp-ansor-dki-ingin-beri-dukungan-ke-keluarga-david,"
Rabu, 05 Apr 2023 15:12 WIB "
AG Tiba di PN Jaksel Jelang Sidang Tuntutan Kasus Penganiayaan David,https://news.detik.com/berita/d-6657069/ag-tiba-di-pn-jaksel-jelang-sidang-tuntutan-kasus-penganiayaan-david,"
Rabu, 05 Apr 2023 13:36 WIB "
"PN Jaksel: Sidang Vonis Terbuka, tapi AG Tak Wajib Hadir",https://news.detik.com/berita/d-6656817/pn-jaksel-sidang-vonis-terbuka-tapi-ag-tak-wajib-hadir,"
Rabu, 05 Apr 2023 11:52 WIB "
Keluarga David Harap Jaksa Beri Tuntutan Maksimal Kepada AG,https://news.detik.com/berita/d-6656641/keluarga-david-harap-jaksa-beri-tuntutan-maksimal-kepada-ag,"
Rabu, 05 Apr 2023 10:55 WIB "
Sidang Tuntutan AG Terkait Penganiayaan David Digelar Tertutup,https://news.detik.com/berita/d-6656565/sidang-tuntutan-ag-terkait-penganiayaan-david-digelar-tertutup,"
Rabu, 05 Apr 2023 10:25 WIB "
PN Jaksel Jelaskan Alasan Amanda-Mario Dandy Tak Dipertemukan di Sidang AG,https://news.detik.com/berita/d-6656553/pn-jaksel-jelaskan-alasan-amanda-mario-dandy-tak-dipertemukan-di-sidang-ag,"
Rabu, 05 Apr 2023 10:14 WIB "
Tanggapan PN Jaksel soal Saling Tuduh Mario dan Shane di Sidang AG,https://news.detik.com/berita/d-6656551/tanggapan-pn-jaksel-soal-saling-tuduh-mario-dan-shane-di-sidang-ag,"
Rabu, 05 Apr 2023 10:12 WIB "
Pengacara: AG Siap Hadapi Tuntutan Kasus Penganiayaan David,https://news.detik.com/berita/d-6656497/pengacara-ag-siap-hadapi-tuntutan-kasus-penganiayaan-david,"
Rabu, 05 Apr 2023 09:41 WIB "
Detik Pagi: Pembunuhan Berantai di Banjarnegara hingga Edukasi Pengobatan Alternatif,https://news.detik.com/berita/d-6656101/detik-pagi-pembunuhan-berantai-di-banjarnegara-hingga-edukasi-pengobatan-alternatif,"
Rabu, 05 Apr 2023 07:57 WIB "
AG Pacar Mario Dandy Hadapi Tuntutan Kasus Penganiayaan David Hari Ini,https://news.detik.com/berita/d-6656370/ag-pacar-mario-dandy-hadapi-tuntutan-kasus-penganiayaan-david-hari-ini,"
Rabu, 05 Apr 2023 07:39 WIB "
Pengacara Ungkap AG dan Mario Dandy Sudah Putus,https://news.detik.com/berita/d-6656251/pengacara-ungkap-ag-dan-mario-dandy-sudah-putus,"
Rabu, 05 Apr 2023 00:53 WIB "
AG Bungkam Usai Sidang Penganiayaan David Ozora,https://news.detik.com/berita/d-6656218/ag-bungkam-usai-sidang-penganiayaan-david-ozora,"
Selasa, 04 Apr 2023 23:40 WIB "
AG Bakal Jalani Sidang Tuntutan Kasus Penganiayaan David Besok,https://news.detik.com/berita/d-6656074/ag-bakal-jalani-sidang-tuntutan-kasus-penganiayaan-david-besok,"
Selasa, 04 Apr 2023 20:51 WIB "
Tak Ada Tatap Muka di Sidang AG antara Mario Dandy dan Amanda,https://news.detik.com/berita/d-6656000/tak-ada-tatap-muka-di-sidang-ag-antara-mario-dandy-dan-amanda,"
Selasa, 04 Apr 2023 20:01 WIB "
"Nangis di Sidang AG, Shane Ngaku Tak Halangi Mario Dandy karena Takut",https://news.detik.com/berita/d-6655939/nangis-di-sidang-ag-shane-ngaku-tak-halangi-mario-dandy-karena-takut,"
Selasa, 04 Apr 2023 19:28 WIB "
Pengacara Sebut Shane dan Mario Beda Keterangan Saat Bersaksi di Sidang AG,https://news.detik.com/berita/d-6655881/pengacara-sebut-shane-dan-mario-beda-keterangan-saat-bersaksi-di-sidang-ag,"
Selasa, 04 Apr 2023 18:51 WIB "
Mario Dandy dan Shane Bungkam Usai Jadi Saksi di Sidang AG,https://news.detik.com/berita/d-6655779/mario-dandy-dan-shane-bungkam-usai-jadi-saksi-di-sidang-ag,"
Selasa, 04 Apr 2023 17:46 WIB "
"Pesan Ortu ke Shane di Sidang AG: Jujur, Jangan Dikurangi atau Ditambah",https://news.detik.com/berita/d-6655588/pesan-ortu-ke-shane-di-sidang-ag-jujur-jangan-dikurangi-atau-ditambah,"
Selasa, 04 Apr 2023 16:33 WIB "
Amanda dan Mario Dandy Dipertemukan di Persidangan AG?,https://news.detik.com/berita/d-6655496/amanda-dan-mario-dandy-dipertemukan-di-persidangan-ag,"
Selasa, 04 Apr 2023 15:57 WIB "
Beda Gaya Rambut Mario Dandy Saat Rekonstruksi dan Jadi Saksi Sidang AG,https://news.detik.com/berita/d-6655398/beda-gaya-rambut-mario-dandy-saat-rekonstruksi-dan-jadi-saksi-sidang-ag,"
Selasa, 04 Apr 2023 15:27 WIB "
"Bawa Laptop, Amanda Mantan Mario Dandy Lagi Ujian Saat Jadi Saksi Sidang AG",https://news.detik.com/berita/d-6655267/bawa-laptop-amanda-mantan-mario-dandy-lagi-ujian-saat-jadi-saksi-sidang-ag,"
Selasa, 04 Apr 2023 14:46 WIB "
"Sidang AG, Amanda Bantah Jadi Pembisik Berujung Mario Dandy Aniaya David",https://news.detik.com/berita/d-6654856/sidang-ag-amanda-bantah-jadi-pembisik-berujung-mario-dandy-aniaya-david,"
Selasa, 04 Apr 2023 12:20 WIB "
Mario Dandy Bungkam Saat Ditanya soal Rafael Alun Jadi Tersangka KPK,https://news.detik.com/berita/d-6654598/mario-dandy-bungkam-saat-ditanya-soal-rafael-alun-jadi-tersangka-kpk,"
Selasa, 04 Apr 2023 10:49 WIB "
"Mario Dandy dan Shane Lukas Tiba di PN Jaksel, Jadi Saksi Sidang AG",https://news.detik.com/berita/d-6654513/mario-dandy-dan-shane-lukas-tiba-di-pn-jaksel-jadi-saksi-sidang-ag,"
Selasa, 04 Apr 2023 10:08 WIB "
Amanda Mantan Pacar Mario Dandy Hadir di PN Jaksel Jelang Sidang AG,https://news.detik.com/berita/d-6654502/amanda-mantan-pacar-mario-dandy-hadir-di-pn-jaksel-jelang-sidang-ag,"
Selasa, 04 Apr 2023 09:57 WIB "
"AG Tiba di PN Jaksel Jelang Sidang Penganiayaan, Mario Dandy Jadi Saksi",https://news.detik.com/berita/d-6654445/ag-tiba-di-pn-jaksel-jelang-sidang-penganiayaan-mario-dandy-jadi-saksi,"
Selasa, 04 Apr 2023 09:21 WIB "
Mario Dandy dan Shane Lukas Bakal Jadi Saksi di Sidang AG Hari Ini,https://news.detik.com/berita/d-6654428/mario-dandy-dan-shane-lukas-bakal-jadi-saksi-di-sidang-ag-hari-ini,"
Selasa, 04 Apr 2023 09:03 WIB "
Duduk Perkara Tersangka KPK Rafael Alun Terima Gratifikasi Sejak 2011,https://news.detik.com/berita/d-6653828/duduk-perkara-tersangka-kpk-rafael-alun-terima-gratifikasi-sejak-2011,"
Senin, 03 Apr 2023 19:00 WIB "
Pengacara: Shane Siap Jadi Saksi di Sidang AG Pacar Mario Besok,https://news.detik.com/berita/d-6653735/pengacara-shane-siap-jadi-saksi-di-sidang-ag-pacar-mario-besok,"
Senin, 03 Apr 2023 17:59 WIB "
"Keberatan Ditolak, AG Pacar Mario Dandy Ngaku Akan Kooperatif Ikuti Sidang",https://news.detik.com/berita/d-6653635/keberatan-ditolak-ag-pacar-mario-dandy-ngaku-akan-kooperatif-ikuti-sidang,"
Senin, 03 Apr 2023 17:31 WIB "
David Ozora Bakal Jalani Stem Cell Treatment Akhir Pekan Ini,https://news.detik.com/berita/d-6653568/david-ozora-bakal-jalani-stem-cell-treatment-akhir-pekan-ini,"
Senin, 03 Apr 2023 17:16 WIB "
KPK Resmi Umumkan Rafael Alun sebagai Tersangka Gratifikasi,https://news.detik.com/berita/d-6653484/kpk-resmi-umumkan-rafael-alun-sebagai-tersangka-gratifikasi,"
Senin, 03 Apr 2023 16:45 WIB "
Rafael Alun Ditahan KPK!,https://news.detik.com/berita/d-6653421/rafael-alun-ditahan-kpk,"
Senin, 03 Apr 2023 16:26 WIB "
"Ke Hakim, Ayah Tunjukkan Foto David Sehat hingga Setelah Dianiaya Dandy",https://news.detik.com/berita/d-6653210/ke-hakim-ayah-tunjukkan-foto-david-sehat-hingga-setelah-dianiaya-dandy,"
Senin, 03 Apr 2023 15:25 WIB "
Pengacara: Maaf Ortu Mario Dandy Tak Sebanding Penganiayaan Dialami David,https://news.detik.com/berita/d-6653200/pengacara-maaf-ortu-mario-dandy-tak-sebanding-penganiayaan-dialami-david,"
Senin, 03 Apr 2023 15:22 WIB "
Pihak David Harap Berkas Perkara Mario-Shane Segera Dilimpahkan Kembali,https://news.detik.com/berita/d-6653192/pihak-david-harap-berkas-perkara-mario-shane-segera-dilimpahkan-kembali,"
Senin, 03 Apr 2023 15:15 WIB "
Ayah: David Tak Bisa Sekolah hingga Batas Waktu yang Belum Diketahui,https://news.detik.com/berita/d-6653084/ayah-david-tak-bisa-sekolah-hingga-batas-waktu-yang-belum-diketahui,"
Senin, 03 Apr 2023 14:39 WIB "
Jaksa Juga Hadirkan Ahli Pidana-Forensik di Sidang AG Pacar Mario Besok,https://news.detik.com/berita/d-6653024/jaksa-juga-hadirkan-ahli-pidana-forensik-di-sidang-ag-pacar-mario-besok,"
Senin, 03 Apr 2023 14:08 WIB "
Kejari Jaksel: Sidang Tuntutan AG Pacar Mario Dandy Bakal Digelar Rabu Ini,https://news.detik.com/berita/d-6652997/kejari-jaksel-sidang-tuntutan-ag-pacar-mario-dandy-bakal-digelar-rabu-ini,"
Senin, 03 Apr 2023 14:05 WIB "
Mario Dandy dan Shane Lukas Bakal Jadi Saksi di Sidang AG Besok,https://news.detik.com/berita/d-6652969/mario-dandy-dan-shane-lukas-bakal-jadi-saksi-di-sidang-ag-besok,"
Senin, 03 Apr 2023 13:56 WIB "
Ayah-Paman David Jadi Saksi di Persidangan AG Pacar Mario Dandy,https://news.detik.com/berita/d-6652576/ayah-paman-david-jadi-saksi-di-persidangan-ag-pacar-mario-dandy,"
Senin, 03 Apr 2023 11:29 WIB "
Hakim Tolak Keberatan AG Pacar Mario Dandy!,https://news.detik.com/berita/d-6652354/hakim-tolak-keberatan-ag-pacar-mario-dandy,"
Senin, 03 Apr 2023 10:11 WIB "
AG Pacar Mario Dandy Tiba di PN Jaksel untuk Jalani Sidang Putusan Sela,https://news.detik.com/berita/d-6652282/ag-pacar-mario-dandy-tiba-di-pn-jaksel-untuk-jalani-sidang-putusan-sela,"
Senin, 03 Apr 2023 09:23 WIB "
"Sidang AG Digelar Tiap Hari, Jatuh Vonis Sebelum Idul Fitri",https://news.detik.com/berita/d-6649620/sidang-ag-digelar-tiap-hari-jatuh-vonis-sebelum-idul-fitri,"
Sabtu, 01 Apr 2023 07:30 WIB "
"Selain Tas Mewah, KPK Sita Uang Ratusan Juta dari Rumah Rafael Alun",https://news.detik.com/berita/d-6648589/selain-tas-mewah-kpk-sita-uang-ratusan-juta-dari-rumah-rafael-alun,"
Jumat, 31 Mar 2023 15:29 WIB "
Sidang AG Pacar Mario Digelar Maraton Karena Masa Tahanan Habis 17 April,https://news.detik.com/berita/d-6648093/sidang-ag-pacar-mario-digelar-maraton-karena-masa-tahanan-habis-17-april,"
Jumat, 31 Mar 2023 12:30 WIB "
PN Jaksel Gelar Sidang Putusan Sela AG Pacar Mario Senin Pekan Depan,https://news.detik.com/berita/d-6648037/pn-jaksel-gelar-sidang-putusan-sela-ag-pacar-mario-senin-pekan-depan,"
Jumat, 31 Mar 2023 11:51 WIB "
Pengacara David: Jaksa Minta Hakim Tolak Eksepsi AG Pacar Mario Dandy,https://news.detik.com/berita/d-6647893/pengacara-david-jaksa-minta-hakim-tolak-eksepsi-ag-pacar-mario-dandy,"
Jumat, 31 Mar 2023 10:47 WIB "
AG Pacar Dandy Siapkan Ahli-Saksi Jika Eksepsi di Kasus David Ditolak,https://news.detik.com/berita/d-6647849/ag-pacar-dandy-siapkan-ahli-saksi-jika-eksepsi-di-kasus-david-ditolak,"
Jumat, 31 Mar 2023 10:26 WIB "
"Sidang AG Pacar Mario Kembali Digelar, Agenda Tanggapan Jaksa",https://news.detik.com/berita/d-6647747/sidang-ag-pacar-mario-kembali-digelar-agenda-tanggapan-jaksa,"
Jumat, 31 Mar 2023 09:17 WIB "
Jerat Tersangka untuk Rafael Alun gegara Aliran Duit Selama 12 Tahun,https://news.detik.com/berita/d-6647385/jerat-tersangka-untuk-rafael-alun-gegara-aliran-duit-selama-12-tahun,"
Kamis, 30 Mar 2023 21:00 WIB "
"Rafael Alun-Mario Dandy, Ayah dan Anak Kini Sama-sama Berstatus Tersangka",https://news.detik.com/berita/d-6646416/rafael-alun-mario-dandy-ayah-dan-anak-kini-sama-sama-berstatus-tersangka,"
Kamis, 30 Mar 2023 14:09 WIB "
KPK Ungkap Bentuk Gratifikasi Diduga Diterima Rafael Alun Selama 12 Tahun,https://news.detik.com/berita/d-6646391/kpk-ungkap-bentuk-gratifikasi-diduga-diterima-rafael-alun-selama-12-tahun,"
Kamis, 30 Mar 2023 14:01 WIB "
"Rafael Alun Tersangka KPK, Terima Gratifikasi 12 Tahun Lamanya",https://news.detik.com/berita/d-6646300/rafael-alun-tersangka-kpk-terima-gratifikasi-12-tahun-lamanya,"
Kamis, 30 Mar 2023 13:35 WIB "
Pengacara David Yakin Eksepsi AG Pacar Mario Dandy Ditolak,https://news.detik.com/berita/d-6646015/pengacara-david-yakin-eksepsi-ag-pacar-mario-dandy-ditolak,"
Kamis, 30 Mar 2023 11:34 WIB "
Pengacara: AG Pacar Mario Sudah Minta Maaf Langsung ke Keluarga David,https://news.detik.com/berita/d-6645945/pengacara-ag-pacar-mario-sudah-minta-maaf-langsung-ke-keluarga-david,"
Kamis, 30 Mar 2023 11:06 WIB "
"Eksepsi Selesai, Sidang AG Pacar Mario Dandy Lanjut Tanggapan Jaksa Besok",https://news.detik.com/berita/d-6645929/eksepsi-selesai-sidang-ag-pacar-mario-dandy-lanjut-tanggapan-jaksa-besok,"
Kamis, 30 Mar 2023 10:59 WIB "
Sidang AG Pacar Mario Dandy Akan Digelar Maraton Setiap Hari,https://news.detik.com/berita/d-6645831/sidang-ag-pacar-mario-dandy-akan-digelar-maraton-setiap-hari,"
Kamis, 30 Mar 2023 10:21 WIB "
"AG Pacar Mario Ajukan Eksepsi Kasus Penganiayaan David, Sidang Tertutup",https://news.detik.com/berita/d-6645733/ag-pacar-mario-ajukan-eksepsi-kasus-penganiayaan-david-sidang-tertutup,"
Kamis, 30 Mar 2023 09:23 WIB "
5 Fakta AG Pacar Mario Dandy Dijerat Penganiayaan Berat Berencana,https://news.detik.com/berita/d-6645588/5-fakta-ag-pacar-mario-dandy-dijerat-penganiayaan-berat-berencana,"
Kamis, 30 Mar 2023 06:30 WIB "
AG Diadili tapi Berkas Mario Dandy Balik Lagi ke Polisi,https://news.detik.com/berita/d-6645579/ag-diadili-tapi-berkas-mario-dandy-balik-lagi-ke-polisi,"
Kamis, 30 Mar 2023 06:00 WIB "
"Didiagnosis Cedera Otak Parah, Penyembuhan David Butuh Proses Panjang",https://news.detik.com/berita/d-6645544/didiagnosis-cedera-otak-parah-penyembuhan-david-butuh-proses-panjang,"
Kamis, 30 Mar 2023 04:17 WIB "
Tak Ada Maaf Bagi AG Pacar Mario Dandy Jadi Langsung Diadili,https://news.detik.com/berita/d-6645540/tak-ada-maaf-bagi-ag-pacar-mario-dandy-jadi-langsung-diadili,"
Kamis, 30 Mar 2023 04:01 WIB "
Ketua AJI Buka Suara soal Surat Shane ke David Berlogo Aliansi Jurnalis,https://news.detik.com/berita/d-6644883/ketua-aji-buka-suara-soal-surat-shane-ke-david-berlogo-aliansi-jurnalis,"
Rabu, 29 Mar 2023 16:55 WIB "
Keluarga David: Pihak AG Sempat Ingin Bertemu tapi Kami Tolak,https://news.detik.com/berita/d-6644846/keluarga-david-pihak-ag-sempat-ingin-bertemu-tapi-kami-tolak,"
Rabu, 29 Mar 2023 16:51 WIB "
Keluarga David Harap AG Pacar Mario Dandy Dihukum Seberat-beratnya,https://news.detik.com/berita/d-6644759/keluarga-david-harap-ag-pacar-mario-dandy-dihukum-seberat-beratnya,"
Rabu, 29 Mar 2023 16:22 WIB "
Orang Tua David Bakal Jadi Saksi dalam Sidang AG Pacar Mario Dandy,https://news.detik.com/berita/d-6644616/orang-tua-david-bakal-jadi-saksi-dalam-sidang-ag-pacar-mario-dandy,"
Rabu, 29 Mar 2023 15:35 WIB "
Ini Alasan Ancaman Vonis AG Setengah dari Pasal yang Didakwakan,https://news.detik.com/berita/d-6644498/ini-alasan-ancaman-vonis-ag-setengah-dari-pasal-yang-didakwakan,"
Rabu, 29 Mar 2023 14:56 WIB "
Sidang Putusan AG Pacar Mario Dandy di Kasus David Akan Digelar Terbuka,https://news.detik.com/berita/d-6644450/sidang-putusan-ag-pacar-mario-dandy-di-kasus-david-akan-digelar-terbuka,"
Rabu, 29 Mar 2023 14:36 WIB "
Kajari Jaksel: Ancaman Vonis AG Maksimal Setengah dari Pasal yang Terbukti,https://news.detik.com/berita/d-6644444/kajari-jaksel-ancaman-vonis-ag-maksimal-setengah-dari-pasal-yang-terbukti,"
Rabu, 29 Mar 2023 14:33 WIB "
Jaksa Balikin Berkas Perkara Mario Dandy ke Polisi,https://news.detik.com/berita/d-6644357/jaksa-balikin-berkas-perkara-mario-dandy-ke-polisi,"
Rabu, 29 Mar 2023 14:06 WIB "
AG Pacar Mario Dandy Didakwa Penganiayaan Berat Berencana!,https://news.detik.com/berita/d-6644333/ag-pacar-mario-dandy-didakwa-penganiayaan-berat-berencana,"
Rabu, 29 Mar 2023 13:55 WIB "
Penjelasan Kejagung soal Diversi AG Pacar Mario Dandy Sebelum Diadili,https://news.detik.com/berita/d-6644312/penjelasan-kejagung-soal-diversi-ag-pacar-mario-dandy-sebelum-diadili,"
Rabu, 29 Mar 2023 13:48 WIB "
Keluarga Ungkap Kondisi Terkini David Usai Didiagnosis Cedera Otak Parah,https://news.detik.com/berita/d-6644277/keluarga-ungkap-kondisi-terkini-david-usai-didiagnosis-cedera-otak-parah,"
Rabu, 29 Mar 2023 13:31 WIB "
AG Pacar Mario Ajukan Eksepsi atas Dakwaan Kasus Penganiayaan David,https://news.detik.com/berita/d-6644223/ag-pacar-mario-ajukan-eksepsi-atas-dakwaan-kasus-penganiayaan-david,"
Rabu, 29 Mar 2023 13:10 WIB "
Alasan Pihak David Tolak Damai dengan AG Pacar Mario Dandy: Cedera Otak Parah,https://news.detik.com/berita/d-6644187/alasan-pihak-david-tolak-damai-dengan-ag-pacar-mario-dandy-cedera-otak-parah,"
Rabu, 29 Mar 2023 12:57 WIB "
Sidang Dakwaan AG Pacar Mario Dandy Bakal Tertutup,https://news.detik.com/berita/d-6643961/sidang-dakwaan-ag-pacar-mario-dandy-bakal-tertutup,"
Rabu, 29 Mar 2023 11:38 WIB "
Diversi AG Pacar Mario Langsung Deadlock Dalam 30 Menit,https://news.detik.com/berita/d-6643950/diversi-ag-pacar-mario-langsung-deadlock-dalam-30-menit,"
Rabu, 29 Mar 2023 11:33 WIB "
"Pihak David Tolak Damai, AG Pacar Mario Dandy Langsung Diadili Hari Ini",https://news.detik.com/berita/d-6643901/pihak-david-tolak-damai-ag-pacar-mario-dandy-langsung-diadili-hari-ini,"
Rabu, 29 Mar 2023 11:19 WIB "
"Diversi AG Pacar Mario Dandy Dimulai Tertutup, Pihak David Hadir",https://news.detik.com/berita/d-6643821/diversi-ag-pacar-mario-dandy-dimulai-tertutup-pihak-david-hadir,"
Rabu, 29 Mar 2023 10:34 WIB "
AG Pacar Mario Dandy Tiba di PN Jaksel untuk Jalani Musyawarah Diversi,https://news.detik.com/berita/d-6643734/ag-pacar-mario-dandy-tiba-di-pn-jaksel-untuk-jalani-musyawarah-diversi,"
Rabu, 29 Mar 2023 09:48 WIB "
"Akibat Penganiayaan Brutal Dandy, David Disebut Tak Bisa Belajar Setahun",https://news.detik.com/berita/d-6643613/akibat-penganiayaan-brutal-dandy-david-disebut-tak-bisa-belajar-setahun,"
Rabu, 29 Mar 2023 08:04 WIB "
Isi Surat Shane Lukas Minta Maaf dan Respons Pihak David Ozora,https://news.detik.com/berita/d-6643561/isi-surat-shane-lukas-minta-maaf-dan-respons-pihak-david-ozora,"
Rabu, 29 Mar 2023 07:12 WIB "
AG Pacar Mario Dandy Jalani Diversi di PN Jaksel Hari Ini,https://news.detik.com/berita/d-6643548/ag-pacar-mario-dandy-jalani-diversi-di-pn-jaksel-hari-ini,"
Rabu, 29 Mar 2023 06:11 WIB "
David Tutup Pintu Diversi Sebelum AG Pacar Mario Dandy Diadili,https://news.detik.com/berita/d-6643517/david-tutup-pintu-diversi-sebelum-ag-pacar-mario-dandy-diadili,"
Rabu, 29 Mar 2023 04:39 WIB "
Soal Diffuse Axonal Injury yang Dialami David Akibat Dianiaya Mario Dandy,https://news.detik.com/berita/d-6643510/soal-diffuse-axonal-injury-yang-dialami-david-akibat-dianiaya-mario-dandy,"
Rabu, 29 Mar 2023 04:10 WIB "
Balasan Menohok David ke Shane yang Minta Maaf dari Balik Jeruji,https://news.detik.com/berita/d-6643501/balasan-menohok-david-ke-shane-yang-minta-maaf-dari-balik-jeruji,"
Rabu, 29 Mar 2023 03:51 WIB "
"Anggota DPR Sebut 'Makan Uang Haram Kecil Oke', KPK Analogikan Batalnya Puasa",https://news.detik.com/berita/d-6643286/anggota-dpr-sebut-makan-uang-haram-kecil-oke-kpk-analogikan-batalnya-puasa,"
Selasa, 28 Mar 2023 20:55 WIB "
David Disebut Alami Diffuse Axonal Injury Akibat Dianiaya Mario Dandy,https://news.detik.com/berita/d-6643239/david-disebut-alami-diffuse-axonal-injury-akibat-dianiaya-mario-dandy,"
Selasa, 28 Mar 2023 20:17 WIB "
PN Jaksel Imbau Pihak David Beri Sikap Tegas Saat Diversi AG Besok,https://news.detik.com/berita/d-6643215/pn-jaksel-imbau-pihak-david-beri-sikap-tegas-saat-diversi-ag-besok,"
Selasa, 28 Mar 2023 19:54 WIB "
PN Jaksel: Tak Ada Diversi bagi AG Jika Pihak David Tolak Damai,https://news.detik.com/berita/d-6643130/pn-jaksel-tak-ada-diversi-bagi-ag-jika-pihak-david-tolak-damai,"
Selasa, 28 Mar 2023 19:13 WIB "
Keluarga David Pastikan Diversi Berakhir Deadlock di Sidang AG Besok,https://news.detik.com/berita/d-6643106/keluarga-david-pastikan-diversi-berakhir-deadlock-di-sidang-ag-besok,"
Selasa, 28 Mar 2023 18:57 WIB "
"Pihak David Datangi Polda Metro, Bahas Restitusi Usai Dianiaya Mario Dandy",https://news.detik.com/berita/d-6643100/pihak-david-datangi-polda-metro-bahas-restitusi-usai-dianiaya-mario-dandy,"
Selasa, 28 Mar 2023 18:53 WIB "
KAMMI Desak Presiden Evaluasi Kemenkeu,https://news.detik.com/berita/d-6643057/kammi-desak-presiden-evaluasi-kemenkeu,"
Selasa, 28 Mar 2023 18:05 WIB "
Begini Proses Diversi yang Akan Dijalani AG Pacar Mario Dandy Besok,https://news.detik.com/berita/d-6643035/begini-proses-diversi-yang-akan-dijalani-ag-pacar-mario-dandy-besok,"
Selasa, 28 Mar 2023 17:56 WIB "
"Shane Kirim Surat Minta Maaf, Pihak David: Nirempati, Tak Ada Damai!",https://news.detik.com/berita/d-6642878/shane-kirim-surat-minta-maaf-pihak-david-nirempati-tak-ada-damai,"
Selasa, 28 Mar 2023 17:06 WIB "
Melchias Mekeng Jelaskan Viral 'Makan Uang Haram Kecil-kecil Oke Lah',https://news.detik.com/berita/d-6642777/melchias-mekeng-jelaskan-viral-makan-uang-haram-kecil-kecil-oke-lah,"
Selasa, 28 Mar 2023 16:27 WIB "
"Shane Tulis Surat Permintaan Maaf ke David, Janji Bantu Usut Perkara",https://news.detik.com/berita/d-6642518/shane-tulis-surat-permintaan-maaf-ke-david-janji-bantu-usut-perkara,"
Selasa, 28 Mar 2023 15:08 WIB "
Alasan Ketua PN Jaksel Batal Adili AG Pacar Mario Dandy,https://news.detik.com/berita/d-6642378/alasan-ketua-pn-jaksel-batal-adili-ag-pacar-mario-dandy,"
Selasa, 28 Mar 2023 13:52 WIB "
Hakim Sri Pengadil AG Pernah Jadi Mediator Tamara Bleszynski Vs Kakaknya,https://news.detik.com/berita/d-6642282/hakim-sri-pengadil-ag-pernah-jadi-mediator-tamara-bleszynski-vs-kakaknya,"
Selasa, 28 Mar 2023 13:47 WIB "
"Ketua PN Jaksel Tak Jadi Adili AG Pacar Mario Dandy, Diganti Hakim Sri",https://news.detik.com/berita/d-6642105/ketua-pn-jaksel-tak-jadi-adili-ag-pacar-mario-dandy-diganti-hakim-sri,"
Selasa, 28 Mar 2023 12:46 WIB "
5 Fakta Pemeriksaan Amanda soal Laporan Fitnah 'Pembisik' Mario Dandy,https://news.detik.com/berita/d-6641573/5-fakta-pemeriksaan-amanda-soal-laporan-fitnah-pembisik-mario-dandy,"
Selasa, 28 Mar 2023 07:31 WIB "
Pengakuan AG Hapus Chat ke David Sebab Diperintah Mario Dandy,https://news.detik.com/berita/d-6641531/pengakuan-ag-hapus-chat-ke-david-sebab-diperintah-mario-dandy,"
Selasa, 28 Mar 2023 06:01 WIB "
Jaksa Masih Teliti Berkas Perkara Mario Dandy dan Shane,https://news.detik.com/berita/d-6640653/jaksa-masih-teliti-berkas-perkara-mario-dandy-dan-shane,"
Senin, 27 Mar 2023 15:48 WIB "
Amanda Dicecar 13 Pertanyaan soal Laporan Fitnah 'Pembisik' Mario Dandy,https://news.detik.com/berita/d-6640373/amanda-dicecar-13-pertanyaan-soal-laporan-fitnah-pembisik-mario-dandy,"
Senin, 27 Mar 2023 14:23 WIB "
AG Akui Hapus Chat ke David: Disuruh Mario Dandy,https://news.detik.com/berita/d-6640278/ag-akui-hapus-chat-ke-david-disuruh-mario-dandy,"
Senin, 27 Mar 2023 13:48 WIB "
Ibunda Buka Suara soal Hubungan Amanda dengan Mario Dandy,https://news.detik.com/berita/d-6640241/ibunda-buka-suara-soal-hubungan-amanda-dengan-mario-dandy,"
Senin, 27 Mar 2023 13:33 WIB "
"Ternyata Amanda Cuma Laporkan Mario Dandy dan AG, Shane Tak Dipolisikan",https://news.detik.com/berita/d-6640147/ternyata-amanda-cuma-laporkan-mario-dandy-dan-ag-shane-tak-dipolisikan,"
Senin, 27 Mar 2023 13:06 WIB "
Amanda Diperiksa Terkait Laporan ke Mario Dandy soal Fitnah 'Pembisik',https://news.detik.com/berita/d-6640081/amanda-diperiksa-terkait-laporan-ke-mario-dandy-soal-fitnah-pembisik,"
Senin, 27 Mar 2023 12:41 WIB "
David Korban Mario Dandy Masih Jalani Terapi Berdiri: Otot Kaki Dilatih,https://news.detik.com/berita/d-6639255/david-korban-mario-dandy-masih-jalani-terapi-berdiri-otot-kaki-dilatih,"
Minggu, 26 Mar 2023 20:43 WIB "
Pengacara: Sejumlah Chat dari HP AG ke David Dihapus di Hari Penganiayaan,https://news.detik.com/berita/d-6639177/pengacara-sejumlah-chat-dari-hp-ag-ke-david-dihapus-di-hari-penganiayaan,"
Minggu, 26 Mar 2023 19:44 WIB "
Pihak David Diskusi dengan Penyidik soal Rencana Pelaporan Penyebaran Video,https://news.detik.com/berita/d-6639112/pihak-david-diskusi-dengan-penyidik-soal-rencana-pelaporan-penyebaran-video,"
Minggu, 26 Mar 2023 18:45 WIB "
"David Ozora Batal Jalani Stem Cell Hari Ini, Dokter Masih Observasi",https://news.detik.com/berita/d-6639017/david-ozora-batal-jalani-stem-cell-hari-ini-dokter-masih-observasi,"
Minggu, 26 Mar 2023 17:21 WIB "
5 Fakta Kondisi Terkini David Korban Penganiayaan Mario Dandy,https://news.detik.com/berita/d-6638349/5-fakta-kondisi-terkini-david-korban-penganiayaan-mario-dandy,"
Minggu, 26 Mar 2023 09:34 WIB "
"Ada Upaya Diversi dalam Proses Hukum AG Pacar Mario Dandy, Apa Itu?",https://news.detik.com/berita/d-6637844/ada-upaya-diversi-dalam-proses-hukum-ag-pacar-mario-dandy-apa-itu,"
Sabtu, 25 Mar 2023 18:24 WIB "
Pengacara Klaim Amanda Kehilangan Pekerjaan gegara Kasus Mario Dandy,https://news.detik.com/berita/d-6637746/pengacara-klaim-amanda-kehilangan-pekerjaan-gegara-kasus-mario-dandy,"
Sabtu, 25 Mar 2023 16:42 WIB "
David Korban Mario Dandy Bakal Jalani Stem Cell Treatment Besok,https://news.detik.com/berita/d-6637488/david-korban-mario-dandy-bakal-jalani-stem-cell-treatment-besok,"
Sabtu, 25 Mar 2023 13:52 WIB "
Keluarga Sebut David Korban Mario Dandy Alami Cedera Otak Parah,https://news.detik.com/berita/d-6637487/keluarga-sebut-david-korban-mario-dandy-alami-cedera-otak-parah,"
Sabtu, 25 Mar 2023 13:50 WIB "
Kondisi Terkini David Korban Mario Dandy Membaik: Bisa Berdiri 20 Menit,https://news.detik.com/berita/d-6637449/kondisi-terkini-david-korban-mario-dandy-membaik-bisa-berdiri-20-menit,"
Sabtu, 25 Mar 2023 13:25 WIB "
"12 Jam Periksa Rafael Alun hingga Anaknya, Ini yang Didalami KPK",https://news.detik.com/berita/d-6636847/12-jam-periksa-rafael-alun-hingga-anaknya-ini-yang-didalami-kpk,"
Jumat, 24 Mar 2023 22:14 WIB "
Rafael Alun Bungkam Usai 12 Jam Diperiksa KPK,https://news.detik.com/berita/d-6636763/rafael-alun-bungkam-usai-12-jam-diperiksa-kpk,"
Jumat, 24 Mar 2023 21:12 WIB "
PN Jaksel: Sidang Perdana AG Bakal Digelar Jika Diversi Tak Berhasil,https://news.detik.com/berita/d-6636682/pn-jaksel-sidang-perdana-ag-bakal-digelar-jika-diversi-tak-berhasil,"
Jumat, 24 Mar 2023 20:08 WIB "
Amanda Diperiksa Terkait Laporan ke Mario Dandy Pekan Depan,https://news.detik.com/berita/d-6636635/amanda-diperiksa-terkait-laporan-ke-mario-dandy-pekan-depan,"
Jumat, 24 Mar 2023 19:38 WIB "
Polisi Limpahkan Berkas Mario Dandy dan Shane Lukas ke Jaksa,https://news.detik.com/berita/d-6636609/polisi-limpahkan-berkas-mario-dandy-dan-shane-lukas-ke-jaksa,"
Jumat, 24 Mar 2023 19:25 WIB "
"KPK Periksa Rafael Alun, Istri dan Anaknya",https://news.detik.com/berita/d-6636562/kpk-periksa-rafael-alun-istri-dan-anaknya,"
Jumat, 24 Mar 2023 19:03 WIB "
AG Pacar Mario Dandy Mulai Diadili 29 Maret di PN Jaksel,https://news.detik.com/berita/d-6636359/ag-pacar-mario-dandy-mulai-diadili-29-maret-di-pn-jaksel,"
Jumat, 24 Mar 2023 17:40 WIB "
"AG Pacar Mario Dandy Segera Diadili, Ketua PN Jaksel Jadi Hakim Tunggal",https://news.detik.com/berita/d-6636346/ag-pacar-mario-dandy-segera-diadili-ketua-pn-jaksel-jadi-hakim-tunggal,"
Jumat, 24 Mar 2023 17:38 WIB "
Ahli Pidana Nilai Jaksa Bisa Tuntut AG 10 Tahun Penjara,https://news.detik.com/berita/d-6635441/ahli-pidana-nilai-jaksa-bisa-tuntut-ag-10-tahun-penjara,"
Jumat, 24 Mar 2023 11:59 WIB "
"detik Pagi: Buah Kejujuran OB Penemu Dompet Hotman Paris, Sampai Info Mudik Lebaran 2023",https://news.detik.com/berita/d-6634720/detik-pagi-buah-kejujuran-ob-penemu-dompet-hotman-paris-sampai-info-mudik-lebaran-2023,"
Jumat, 24 Mar 2023 07:55 WIB "
"AG Pacar Mario Dandy Segera Disidang, PN Jaksel Tak Ada Persiapan Khusus",https://news.detik.com/berita/d-6634053/ag-pacar-mario-dandy-segera-disidang-pn-jaksel-tak-ada-persiapan-khusus,"
Kamis, 23 Mar 2023 14:23 WIB "
Ancaman Laporan Baru Bayangi Mario Dandy Usai Sebar Video Penganiayaan,https://news.detik.com/berita/d-6633490/ancaman-laporan-baru-bayangi-mario-dandy-usai-sebar-video-penganiayaan,"
Kamis, 23 Mar 2023 05:04 WIB "
Pihak David Bakal Polisikan Mario Dandy soal Penyebaran Video,https://news.detik.com/berita/d-6632333/pihak-david-bakal-polisikan-mario-dandy-soal-penyebaran-video,"
Rabu, 22 Mar 2023 12:11 WIB "
Terungkap Narasi 'Sudah Ngerjain Teman Kalian' Mario Dandy Saat Sebar Video,https://news.detik.com/berita/d-6632320/terungkap-narasi-sudah-ngerjain-teman-kalian-mario-dandy-saat-sebar-video,"
Rabu, 22 Mar 2023 11:58 WIB "
"Sebulan Lebih David Korban Mario Dandy di ICU, Kondisinya Membaik",https://news.detik.com/berita/d-6632285/sebulan-lebih-david-korban-mario-dandy-di-icu-kondisinya-membaik,"
Rabu, 22 Mar 2023 11:43 WIB "
"AG Segera Disidang, Pihak David Tegaskan Tidak Ada Pintu Damai",https://news.detik.com/berita/d-6631937/ag-segera-disidang-pihak-david-tegaskan-tidak-ada-pintu-damai,"
Rabu, 22 Mar 2023 06:15 WIB "
"Tak Ada Diversi, Pengacara Jamin AG Pacar Mario Dandy Kooperatif di Sidang",https://news.detik.com/berita/d-6631932/tak-ada-diversi-pengacara-jamin-ag-pacar-mario-dandy-kooperatif-di-sidang,"
Rabu, 22 Mar 2023 05:45 WIB "
Tak Ada Diversi Bagi AG Pacar Mario Dandy yang Segera Diadili,https://news.detik.com/berita/d-6631650/tak-ada-diversi-bagi-ag-pacar-mario-dandy-yang-segera-diadili,"
Selasa, 21 Mar 2023 20:38 WIB "
"AG Segera Diadili, Berkas Mario Dandy Dikebut",https://news.detik.com/berita/d-6631316/ag-segera-diadili-berkas-mario-dandy-dikebut,"
Selasa, 21 Mar 2023 18:02 WIB "
Sidang AG Pacar Mario Dandy Akan Digelar Tertutup di PN Jaksel,https://news.detik.com/berita/d-6631226/sidang-ag-pacar-mario-dandy-akan-digelar-tertutup-di-pn-jaksel,"
Selasa, 21 Mar 2023 17:34 WIB "
Mario Dandy Kini Dibayangi Jeratan UU ITE,https://news.detik.com/berita/d-6631218/mario-dandy-kini-dibayangi-jeratan-uu-ite,"
Selasa, 21 Mar 2023 17:30 WIB "
"Dilimpahkan ke Jaksa, AG Pacar Mario Dandy Tetap Ditahan di LPKS",https://news.detik.com/berita/d-6630981/dilimpahkan-ke-jaksa-ag-pacar-mario-dandy-tetap-ditahan-di-lpks,"
Selasa, 21 Mar 2023 16:03 WIB "
Kajari Jaksel Siapkan 7 Jaksa Khusus Tangani Perkara AG Pacar Mario,https://news.detik.com/berita/d-6630902/kajari-jaksel-siapkan-7-jaksa-khusus-tangani-perkara-ag-pacar-mario,"
Selasa, 21 Mar 2023 15:41 WIB "
Jaksa: Tidak Ada Diversi untuk Perkara AG Pacar Mario Dandy!,https://news.detik.com/berita/d-6630804/jaksa-tidak-ada-diversi-untuk-perkara-ag-pacar-mario-dandy,"
Selasa, 21 Mar 2023 15:06 WIB "
"Dilimpahkan ke Jaksa, AG Pacar Mario Dandy Tiba di Kejari Jaksel",https://news.detik.com/berita/d-6630493/dilimpahkan-ke-jaksa-ag-pacar-mario-dandy-tiba-di-kejari-jaksel,"
Selasa, 21 Mar 2023 12:55 WIB "
"Salah Kaprah ""Restorative Justice""",https://news.detik.com/kolom/d-6628731/salah-kaprah-restorative-justice,"
Selasa, 21 Mar 2023 11:30 WIB "
Begini Kondisi AG Pacar Mario Dandy Jelang Dilimpahkan ke Jaksa,https://news.detik.com/berita/d-6629506/begini-kondisi-ag-pacar-mario-dandy-jelang-dilimpahkan-ke-jaksa,"
Senin, 20 Mar 2023 19:51 WIB "
"Berkas Perkara AG Pacar Mario Dandy Lengkap, Diserahkan ke Jaksa Besok",https://news.detik.com/berita/d-6629141/berkas-perkara-ag-pacar-mario-dandy-lengkap-diserahkan-ke-jaksa-besok,"
Senin, 20 Mar 2023 17:19 WIB "
Gayus Lumbuun Setuju Jaksa Tolak Restorative Justice ke Mario Dkk,https://news.detik.com/berita/d-6628377/gayus-lumbuun-setuju-jaksa-tolak-restorative-justice-ke-mario-dkk,"
Senin, 20 Mar 2023 12:04 WIB "
Alasan Kajati DKI Klarifikasi soal RJ Kasus David Bareng GP Ansor,https://news.detik.com/berita/d-6627911/alasan-kajati-dki-klarifikasi-soal-rj-kasus-david-bareng-gp-ansor,"
Senin, 20 Mar 2023 07:28 WIB "
Kajati DKI: Berkas Perkara AG Bisa Dilimpahkan ke Pengadilan Pekan Depan,https://news.detik.com/berita/d-6627810/kajati-dki-berkas-perkara-ag-bisa-dilimpahkan-ke-pengadilan-pekan-depan,"
Minggu, 19 Mar 2023 23:45 WIB "
Kajati DKI Klarifikasi soal Tawaran Restorative Justice AG di Kasus David,https://news.detik.com/berita/d-6627786/kajati-dki-klarifikasi-soal-tawaran-restorative-justice-ag-di-kasus-david,"
Minggu, 19 Mar 2023 22:56 WIB "
"Jumpa Pers Bareng Kajati, GP Ansor Tegaskan Tak Ada Tawaran Damai ke David",https://news.detik.com/berita/d-6627771/jumpa-pers-bareng-kajati-gp-ansor-tegaskan-tak-ada-tawaran-damai-ke-david,"
Minggu, 19 Mar 2023 22:28 WIB "
Kasus Mario Dandy Berujung Amanda Tampil ke Publik Tepis Tuduhan Pembisik,https://news.detik.com/berita/d-6626850/kasus-mario-dandy-berujung-amanda-tampil-ke-publik-tepis-tuduhan-pembisik,"
Minggu, 19 Mar 2023 09:24 WIB "
"Sebar Video dan Foto Penganiayaan David, Mario Dandy Bisa Kena UU ITE",https://news.detik.com/berita/d-6626744/sebar-video-dan-foto-penganiayaan-david-mario-dandy-bisa-kena-uu-ite,"
Minggu, 19 Mar 2023 06:52 WIB "
"Kejagung: Mario Dandy dkk Sangat Keji, Tak Layak Dapat Restorative Justice",https://news.detik.com/berita/d-6626380/kejagung-mario-dandy-dkk-sangat-keji-tak-layak-dapat-restorative-justice,"
Sabtu, 18 Mar 2023 19:37 WIB "
Kondisi David Ozora Membaik: Bisa Berdiri-Buka Mulut,https://news.detik.com/berita/d-6626224/kondisi-david-ozora-membaik-bisa-berdiri-buka-mulut,"
Sabtu, 18 Mar 2023 17:28 WIB "
Mahfud Md: Kasus Mario Dandy Tak Bisa Pakai Mekanisme Restorative Justice,https://news.detik.com/berita/d-6625791/mahfud-md-kasus-mario-dandy-tak-bisa-pakai-mekanisme-restorative-justice,"
Sabtu, 18 Mar 2023 11:45 WIB "
Tega Mario Dandy Sempat-sempatnya Sebar Video Aniaya David,https://news.detik.com/berita/d-6625512/tega-mario-dandy-sempat-sempatnya-sebar-video-aniaya-david,"
Sabtu, 18 Mar 2023 08:00 WIB "
Kuasa Hukum Amanda Diklarifikasi soal Laporan terhadap Mario Dandy,https://news.detik.com/berita/d-6625334/kuasa-hukum-amanda-diklarifikasi-soal-laporan-terhadap-mario-dandy,"
Jumat, 17 Mar 2023 22:45 WIB "
Jaksa Kembalikan Berkas AG Pacar Mario Dandy ke Polisi,https://news.detik.com/berita/d-6625300/jaksa-kembalikan-berkas-ag-pacar-mario-dandy-ke-polisi,"
Jumat, 17 Mar 2023 21:50 WIB "
Tertutup Opsi Restorative Justice bagi Dandy-Shane tapi AG Bisa Diversi,https://news.detik.com/berita/d-6625279/tertutup-opsi-restorative-justice-bagi-dandy-shane-tapi-ag-bisa-diversi,"
Jumat, 17 Mar 2023 21:30 WIB "
Polisi Dalami Motif Mario Dandy Sebar Video dan Foto Penganiayaan David,https://news.detik.com/berita/d-6625219/polisi-dalami-motif-mario-dandy-sebar-video-dan-foto-penganiayaan-david,"
Jumat, 17 Mar 2023 20:46 WIB "
"Pihak Keluarga: David 25 Hari di ICU, Restorative Justice Sudah Ditutup",https://news.detik.com/berita/d-6624887/pihak-keluarga-david-25-hari-di-icu-restorative-justice-sudah-ditutup,"
Jumat, 17 Mar 2023 17:58 WIB "
"Mario Dandy Diperiksa Lagi, Bakal Ada Tersangka Baru?",https://news.detik.com/berita/d-6624834/mario-dandy-diperiksa-lagi-bakal-ada-tersangka-baru,"
Jumat, 17 Mar 2023 17:28 WIB "
Mario Dandy Ternyata Sebar Foto dan Video Saat Aniaya David,https://news.detik.com/berita/d-6624495/mario-dandy-ternyata-sebar-foto-dan-video-saat-aniaya-david,"
Jumat, 17 Mar 2023 15:14 WIB "
"Kejati DKI Ungkap Opsi Diversi untuk AG Pacar Mario Dandy, Ini Maksudnya",https://news.detik.com/berita/d-6624488/kejati-dki-ungkap-opsi-diversi-untuk-ag-pacar-mario-dandy-ini-maksudnya,"
Jumat, 17 Mar 2023 15:10 WIB "
Kejati DKI Tutup Opsi Restorative Justice untuk Mario Dandy dan Shane!,https://news.detik.com/berita/d-6624390/kejati-dki-tutup-opsi-restorative-justice-untuk-mario-dandy-dan-shane,"
Jumat, 17 Mar 2023 14:28 WIB "
Mario Dandy Ngotot Bisikan Awal soal David dan AG Sumbernya dari Amanda,https://news.detik.com/berita/d-6624084/mario-dandy-ngotot-bisikan-awal-soal-david-dan-ag-sumbernya-dari-amanda,"
Jumat, 17 Mar 2023 11:42 WIB "
Babak Baru Mario Dandy Sebab Dilaporkan Amanda ke Polisi,https://news.detik.com/berita/d-6623645/babak-baru-mario-dandy-sebab-dilaporkan-amanda-ke-polisi,"
Jumat, 17 Mar 2023 06:30 WIB "
Kajati DKI: Kami Tawarkan Restorative Justice tapi Keputusan di Keluarga David,https://news.detik.com/berita/d-6623544/kajati-dki-kami-tawarkan-restorative-justice-tapi-keputusan-di-keluarga-david,"
Kamis, 16 Mar 2023 23:29 WIB "
Kondisi David Jadi Pertimbangan Jaksa Susun Tuntutan Kasus Mario Dandy,https://news.detik.com/berita/d-6623526/kondisi-david-jadi-pertimbangan-jaksa-susun-tuntutan-kasus-mario-dandy,"
Kamis, 16 Mar 2023 22:58 WIB "
Kejati DKI Telah Terima Berkas Perkara AG soal Kasus Mario Dandy,https://news.detik.com/berita/d-6623520/kejati-dki-telah-terima-berkas-perkara-ag-soal-kasus-mario-dandy,"
Kamis, 16 Mar 2023 22:43 WIB "
Kemunculan Perdana Amanda ke Publik Tepis Peran sebagai Pembisik,https://news.detik.com/berita/d-6623481/kemunculan-perdana-amanda-ke-publik-tepis-peran-sebagai-pembisik,"
Kamis, 16 Mar 2023 21:47 WIB "
PW GP Ansor soal Kasus Mario Dandy: Konsekuensi Hukum Harus Tetap Dijalani,https://news.detik.com/berita/d-6623477/pw-gp-ansor-soal-kasus-mario-dandy-konsekuensi-hukum-harus-tetap-dijalani,"
Kamis, 16 Mar 2023 21:46 WIB "
Kajati DKI Jenguk David di RS Mayapada: Ini Penganiayaan Berat,https://news.detik.com/berita/d-6623396/kajati-dki-jenguk-david-di-rs-mayapada-ini-penganiayaan-berat,"
Kamis, 16 Mar 2023 20:40 WIB "
Amanda Siap Buka-bukaan ke Polisi soal Mario Dandy,https://news.detik.com/berita/d-6623373/amanda-siap-buka-bukaan-ke-polisi-soal-mario-dandy,"
Kamis, 16 Mar 2023 20:31 WIB "
Polda Metro Tindak Lanjuti Laporan Amanda terhadap Mario Dandy cs,https://news.detik.com/berita/d-6623344/polda-metro-tindak-lanjuti-laporan-amanda-terhadap-mario-dandy-cs,"
Kamis, 16 Mar 2023 20:17 WIB "
Rombongan Ketua PW GP Ansor Jenguk David Korban Mario Dandy Malam ini,https://news.detik.com/berita/d-6623269/rombongan-ketua-pw-gp-ansor-jenguk-david-korban-mario-dandy-malam-ini,"
Kamis, 16 Mar 2023 19:36 WIB "
"Viral BMW Kabur Usai Isi BBM Dikaitkan Mario Dandy, Ini Kata Polisi",https://news.detik.com/berita/d-6622956/viral-bmw-kabur-usai-isi-bbm-dikaitkan-mario-dandy-ini-kata-polisi,"
Kamis, 16 Mar 2023 17:51 WIB "
Amanda Ungkap Isi Obrolan dengan Mario Dandy Sebulan Sebelum Aniaya David,https://news.detik.com/berita/d-6622672/amanda-ungkap-isi-obrolan-dengan-mario-dandy-sebulan-sebelum-aniaya-david,"
Kamis, 16 Mar 2023 16:19 WIB "
Curhat Amanda Dipanggil Kampus gegara Kasus Mario Dandy,https://news.detik.com/berita/d-6622499/curhat-amanda-dipanggil-kampus-gegara-kasus-mario-dandy,"
Kamis, 16 Mar 2023 15:28 WIB "
"Amanda Laporkan Pencemaran Nama Baik, Mario Dandy Serang Balik",https://news.detik.com/berita/d-6622263/amanda-laporkan-pencemaran-nama-baik-mario-dandy-serang-balik,"
Kamis, 16 Mar 2023 13:44 WIB "
"Amanda Merasa Dikambinghitamkan di Kasus Mario Dandy, Ini Alasannya",https://news.detik.com/berita/d-6622227/amanda-merasa-dikambinghitamkan-di-kasus-mario-dandy-ini-alasannya,"
Kamis, 16 Mar 2023 13:27 WIB "
"Amanda Klaim Tak Kenal AG, Tak Terima Dikaitkan di Kasus Mario Dandy",https://news.detik.com/berita/d-6622149/amanda-klaim-tak-kenal-ag-tak-terima-dikaitkan-di-kasus-mario-dandy,"
Kamis, 16 Mar 2023 12:50 WIB "
Amanda Polisikan Mario Dandy Cs soal Pencemaran Nama Baik,https://news.detik.com/berita/d-6622077/amanda-polisikan-mario-dandy-cs-soal-pencemaran-nama-baik,"
Kamis, 16 Mar 2023 12:20 WIB "
"Amanda Polisikan Mario Dandy, Shane Lukas dan AG!",https://news.detik.com/berita/d-6621984/amanda-polisikan-mario-dandy-shane-lukas-dan-ag,"
Kamis, 16 Mar 2023 11:39 WIB "
Ini Sosok Amanda yang Disebut-sebut Jadi Pembisik Mario Dandy,https://news.detik.com/berita/d-6621953/ini-sosok-amanda-yang-disebut-sebut-jadi-pembisik-mario-dandy,"
Kamis, 16 Mar 2023 11:28 WIB "
"Mario Dandy dan Shane Diperiksa Psikolog Forensik, Ini yang Didalami",https://news.detik.com/berita/d-6621913/mario-dandy-dan-shane-diperiksa-psikolog-forensik-ini-yang-didalami,"
Kamis, 16 Mar 2023 11:12 WIB "
"Alexander dan Rafael Alun Seangkatan, KPK Pastikan Tak Pengaruhi Penyelidikan",https://news.detik.com/berita/d-6621873/alexander-dan-rafael-alun-seangkatan-kpk-pastikan-tak-pengaruhi-penyelidikan,"
Kamis, 16 Mar 2023 10:49 WIB "
Alexander Jamin Tak Intervensi Penyelidik KPK Meski Kenal Baik Rafael Alun,https://news.detik.com/berita/d-6621816/alexander-jamin-tak-intervensi-penyelidik-kpk-meski-kenal-baik-rafael-alun,"
Kamis, 16 Mar 2023 10:24 WIB "
3 Fakta Terkini soal AG dan Mario Dandy yang Ditahan Lebih Lama,https://news.detik.com/berita/d-6621601/3-fakta-terkini-soal-ag-dan-mario-dandy-yang-ditahan-lebih-lama,"
Kamis, 16 Mar 2023 07:31 WIB "
Antiklimaks Urusan Rp 300 T Kemenkeu yang Diklaim Sudah Tuntas,https://news.detik.com/berita/d-6621596/antiklimaks-urusan-rp-300-t-kemenkeu-yang-diklaim-sudah-tuntas,"
Kamis, 16 Mar 2023 07:24 WIB "
"3 Anak Diperiksa Terkait Kasus Mario Dandy, Polisi Jamin Haknya Terpenuhi",https://news.detik.com/berita/d-6620904/3-anak-diperiksa-terkait-kasus-mario-dandy-polisi-jamin-haknya-terpenuhi,"
Rabu, 15 Mar 2023 17:46 WIB "
Penahanan Mario Dandy dan AG Diperpanjang!,https://news.detik.com/berita/d-6620500/penahanan-mario-dandy-dan-ag-diperpanjang,"
Rabu, 15 Mar 2023 15:42 WIB "
"Termasuk Amanda, 4 Saksi Penting Akan Diperiksa Terkait Mario Dandy",https://news.detik.com/berita/d-6620105/termasuk-amanda-4-saksi-penting-akan-diperiksa-terkait-mario-dandy,"
Rabu, 15 Mar 2023 13:01 WIB "
"LPSK Tolak Lindungi AG, Pengacara Singgung Terdakwa di Kasus Lain Didampingi",https://news.detik.com/berita/d-6619578/lpsk-tolak-lindungi-ag-pengacara-singgung-terdakwa-di-kasus-lain-didampingi,"
Rabu, 15 Mar 2023 08:59 WIB "
"Sikap LPSK: Lindungi Saksi Kunci, Tolak AG Si Pacar Mario Dandy",https://news.detik.com/berita/d-6619517/sikap-lpsk-lindungi-saksi-kunci-tolak-ag-si-pacar-mario-dandy,"
Rabu, 15 Mar 2023 08:15 WIB "
detik Pagi: Update Kasus Selebgram Ajudan Pribadi dan Live Keseruan #DemiIndonesia di UNS Solo,https://news.detik.com/berita/d-6619146/detik-pagi-update-kasus-selebgram-ajudan-pribadi-dan-live-keseruan-demiindonesia-di-uns-solo,"
Rabu, 15 Mar 2023 06:50 WIB "
LPSK Kabulkan Permohonan Perlindungan Saksi Kunci Kasus Mario Dandy,https://news.detik.com/berita/d-6618405/lpsk-kabulkan-permohonan-perlindungan-saksi-kunci-kasus-mario-dandy,"
Selasa, 14 Mar 2023 15:25 WIB "
Banalitas Kekerasan dan Mitigasinya,https://news.detik.com/kolom/d-6616350/banalitas-kekerasan-dan-mitigasinya,"
Selasa, 14 Mar 2023 15:10 WIB "
"Habis Gayus, Terbitlah Rafael Alun",https://news.detik.com/x/detail/investigasi/20230314/Habis-Gayus-Terbitlah-Rafael-Alun/,"
Selasa, 14 Mar 2023 14:04 WIB "
Ini Alasan LPSK Tolak Lindungi AG di Kasus Mario Dandy,https://news.detik.com/berita/d-6617821/ini-alasan-lpsk-tolak-lindungi-ag-di-kasus-mario-dandy,"
Selasa, 14 Mar 2023 11:30 WIB "
LPSK Tolak Lindungi AG di Kasus Mario Dandy!,https://news.detik.com/berita/d-6617659/lpsk-tolak-lindungi-ag-di-kasus-mario-dandy,"
Selasa, 14 Mar 2023 10:17 WIB "
Tendangan Mario Dandy ke Kepala David Wujud Unsur Kesengajaan,https://news.detik.com/berita/d-6617468/tendangan-mario-dandy-ke-kepala-david-wujud-unsur-kesengajaan,"
Selasa, 14 Mar 2023 07:25 WIB "
Pelik Urusan Amanda Vs Mario Dandy Sebab Beda Suara soal Pembisik,https://news.detik.com/berita/d-6617449/pelik-urusan-amanda-vs-mario-dandy-sebab-beda-suara-soal-pembisik,"
Selasa, 14 Mar 2023 06:46 WIB "
4 Saksi Penting di Kasus Mario Dandy Aniaya David Akan Diperiksa Polisi,https://news.detik.com/berita/d-6617228/4-saksi-penting-di-kasus-mario-dandy-aniaya-david-akan-diperiksa-polisi,"
Senin, 13 Mar 2023 21:00 WIB "
Polisi soal Amanda Bantah Jadi Pembisik Dandy: Kita Kerja Sesuai Alat Bukti,https://news.detik.com/berita/d-6616902/polisi-soal-amanda-bantah-jadi-pembisik-dandy-kita-kerja-sesuai-alat-bukti,"
Senin, 13 Mar 2023 18:23 WIB "
"Amanda Bantah Jadi Pembisik, Mario Dandy Bilang Sebaliknya",https://news.detik.com/berita/d-6616250/amanda-bantah-jadi-pembisik-mario-dandy-bilang-sebaliknya,"
Senin, 13 Mar 2023 14:43 WIB "
"Polisi: Ada Maksud, Semua Tendangan Mario Dandy Mengarah ke Kepala David",https://news.detik.com/berita/d-6616218/polisi-ada-maksud-semua-tendangan-mario-dandy-mengarah-ke-kepala-david,"
Senin, 13 Mar 2023 14:27 WIB "
Rekening Tambun Pejabat Pajak Sejawat Rafael,https://news.detik.com/x/detail/investigasi/20230313/Rekening-Tambun-Pejabat-Pajak-Sejawat-Rafael/,"
Senin, 13 Mar 2023 14:18 WIB "
LBH Ansor: Tampak Jelas Mario Dandy Tak Menyesal di Reka Ulang Aniaya David,https://news.detik.com/berita/d-6616072/lbh-ansor-tampak-jelas-mario-dandy-tak-menyesal-di-reka-ulang-aniaya-david,"
Senin, 13 Mar 2023 13:28 WIB "
Aksi Sadis Mario Dandy Tendang Kepala David yang Tak Sadarkan Diri,https://news.detik.com/berita/d-6615896/aksi-sadis-mario-dandy-tendang-kepala-david-yang-tak-sadarkan-diri,"
Senin, 13 Mar 2023 12:16 WIB "
3 Buka-bukaan Amanda soal Dandy: Mantan Pacar dan Bantah Jadi Pembisik,https://news.detik.com/berita/d-6615689/3-buka-bukaan-amanda-soal-dandy-mantan-pacar-dan-bantah-jadi-pembisik,"
Senin, 13 Mar 2023 11:05 WIB "
Sorotan ke Sepatu Mario Dandy yang Ternyata Termasuk Alat Kejahatan,https://news.detik.com/berita/d-6615326/sorotan-ke-sepatu-mario-dandy-yang-ternyata-termasuk-alat-kejahatan,"
Senin, 13 Mar 2023 06:30 WIB "
Pengakuan Amanda Mantan Pacar Mario Dandy Bantah soal 'Bisikan',https://news.detik.com/berita/d-6614971/pengakuan-amanda-mantan-pacar-mario-dandy-bantah-soal-bisikan,"
Minggu, 12 Mar 2023 19:43 WIB "
Awal Mula Amanda Disebut di Kasus Mario Dandy hingga Kini Terkuak,https://news.detik.com/berita/d-6614782/awal-mula-amanda-disebut-di-kasus-mario-dandy-hingga-kini-terkuak,"
Minggu, 12 Mar 2023 17:07 WIB "
"Tepis Jadi Pembisik, Amanda Mengaku Kerap Dihubungi Mario Dandy",https://news.detik.com/berita/d-6614605/tepis-jadi-pembisik-amanda-mengaku-kerap-dihubungi-mario-dandy,"
Minggu, 12 Mar 2023 14:52 WIB "
Kok Mario Dandy Pakai Sepatu Saat Reka Ulang? Ini Penjelasan Polisi,https://news.detik.com/berita/d-6614548/kok-mario-dandy-pakai-sepatu-saat-reka-ulang-ini-penjelasan-polisi,"
Minggu, 12 Mar 2023 13:53 WIB "
Amanda Alias APA Klaim Tak Tahu Rencana Mario Dandy Aniaya David,https://news.detik.com/berita/d-6614537/amanda-alias-apa-klaim-tak-tahu-rencana-mario-dandy-aniaya-david,"
Minggu, 12 Mar 2023 13:42 WIB "
"Sosok APA Akhirnya Buka Suara, Ternyata Mantan Pacar Mario Dandy",https://news.detik.com/berita/d-6614462/sosok-apa-akhirnya-buka-suara-ternyata-mantan-pacar-mario-dandy,"
Minggu, 12 Mar 2023 12:57 WIB "
Polisi: Mario Dandy Tendang David Padahal Tahu Sudah Tak Sadarkan Diri,https://news.detik.com/berita/d-6614417/polisi-mario-dandy-tendang-david-padahal-tahu-sudah-tak-sadarkan-diri,"
Minggu, 12 Mar 2023 12:16 WIB "
8 Gerak-gerik Mario Dandy Aniaya David Saat Reka Ulang,https://news.detik.com/berita/d-6614345/8-gerak-gerik-mario-dandy-aniaya-david-saat-reka-ulang,"
Minggu, 12 Mar 2023 11:29 WIB "
Jaminan Sri Mulyani Semua Data Transaksi Janggal dari PPATK Ditindaklanjuti,https://news.detik.com/berita/d-6614103/jaminan-sri-mulyani-semua-data-transaksi-janggal-dari-ppatk-ditindaklanjuti,"
Minggu, 12 Mar 2023 07:45 WIB "
Terkuak Sikap Cuma Diam Mario Dandy dan AG Tonton David Dievakuasi,https://news.detik.com/berita/d-6614082/terkuak-sikap-cuma-diam-mario-dandy-dan-ag-tonton-david-dievakuasi,"
Minggu, 12 Mar 2023 06:30 WIB "
Cerita Mahfud Md Surati PPATK dan KPK Terkait Rafael Alun,https://news.detik.com/berita/d-6613350/cerita-mahfud-md-surati-ppatk-dan-kpk-terkait-rafael-alun,"
Sabtu, 11 Mar 2023 15:48 WIB "
"Sri Mulyani Luruskan Mahfud, Jamin Semua Informasi PPATK Ditindaklanjuti",https://news.detik.com/berita/d-6613280/sri-mulyani-luruskan-mahfud-jamin-semua-informasi-ppatk-ditindaklanjuti,"
Sabtu, 11 Mar 2023 15:16 WIB "
4 Peran Perempuan A: Merokok Nonton David Dianiaya hingga Rekam Aksi Mario,https://news.detik.com/berita/d-6613042/4-peran-perempuan-a-merokok-nonton-david-dianiaya-hingga-rekam-aksi-mario,"
Sabtu, 11 Mar 2023 12:48 WIB "
Kak Seto Jenguk David Korban Mario Dandy: Kondisinya Membaik,https://news.detik.com/berita/d-6613035/kak-seto-jenguk-david-korban-mario-dandy-kondisinya-membaik,"
Sabtu, 11 Mar 2023 12:44 WIB "
Reaksi Mario Dandy dan AG Saat David Dievakuasi Usai Penganiayaan,https://news.detik.com/berita/d-6612881/reaksi-mario-dandy-dan-ag-saat-david-dievakuasi-usai-penganiayaan,"
Sabtu, 11 Mar 2023 10:50 WIB "
"Sempat Diminta Pangku David yang Tak Berdaya Usai Dianiaya, Ini Reaksi AG",https://news.detik.com/berita/d-6612849/sempat-diminta-pangku-david-yang-tak-berdaya-usai-dianiaya-ini-reaksi-ag,"
Sabtu, 11 Mar 2023 10:27 WIB "
AG Sempat Rekam Video Saat Mario Dandy Aniaya David,https://news.detik.com/berita/d-6612816/ag-sempat-rekam-video-saat-mario-dandy-aniaya-david,"
Sabtu, 11 Mar 2023 10:09 WIB "
Momen David Tolak Ajakan Duel 'Partai' tapi Mario Dandy Tetap Ngotot,https://news.detik.com/berita/d-6612812/momen-david-tolak-ajakan-duel-partai-tapi-mario-dandy-tetap-ngotot,"
Sabtu, 11 Mar 2023 10:04 WIB "
KPK: Safe Deposit Box Rafael Alun dalam Proses Blokir PPATK,https://news.detik.com/berita/d-6612716/kpk-safe-deposit-box-rafael-alun-dalam-proses-blokir-ppatk,"
Sabtu, 11 Mar 2023 08:34 WIB "
7 Fakta Terbongkar dari Reka Ulang Mario Dandy Aniaya David,https://news.detik.com/berita/d-6612705/7-fakta-terbongkar-dari-reka-ulang-mario-dandy-aniaya-david,"
Sabtu, 11 Mar 2023 08:19 WIB "
Terungkap Ucapan-ucapan Mario Dandy Saat Aniaya David di Reka Ulang,https://news.detik.com/berita/d-6612667/terungkap-ucapan-ucapan-mario-dandy-saat-aniaya-david-di-reka-ulang,"
Sabtu, 11 Mar 2023 07:33 WIB "
Dugaan Baru Duit Puluhan Miliar Rafael Alun dari Hasil Suap,https://news.detik.com/berita/d-6612655/dugaan-baru-duit-puluhan-miliar-rafael-alun-dari-hasil-suap,"
Sabtu, 11 Mar 2023 06:57 WIB "
Pihak David soal Rekonstruksi: Mario dkk Satu Frame Rencanakan Penganiayaan,https://news.detik.com/berita/d-6612648/pihak-david-soal-rekonstruksi-mario-dkk-satu-frame-rencanakan-penganiayaan,"
Sabtu, 11 Mar 2023 06:11 WIB "
"Terungkap, Peran Mario Dandy cs dalam 40 Adegan Rekonstruksi",https://news.detik.com/berita/d-6612608/terungkap-peran-mario-dandy-cs-dalam-40-adegan-rekonstruksi,"
Jumat, 10 Mar 2023 23:46 WIB "
Mario Dandy Sempat 'Colek' AG Sesaat Sebelum Tendang Kepala David,https://news.detik.com/berita/d-6612496/mario-dandy-sempat-colek-ag-sesaat-sebelum-tendang-kepala-david,"
Jumat, 10 Mar 2023 21:46 WIB "
"Mario Dandy Sempat Ajak David Duel 'Partai', Korban Bilang Nggak Sepadan",https://news.detik.com/berita/d-6612494/mario-dandy-sempat-ajak-david-duel-partai-korban-bilang-nggak-sepadan,"
Jumat, 10 Mar 2023 21:45 WIB "
"Keluarga David Hadir Rekonstruksi, Minta Mario Dandy Dihukum Seadil-adilnya",https://news.detik.com/berita/d-6612353/keluarga-david-hadir-rekonstruksi-minta-mario-dandy-dihukum-seadil-adilnya,"
Jumat, 10 Mar 2023 20:26 WIB "
"Mario Dandy Bohongi Satpam Sebelum Aniaya David, Ngaku Bertamu ke Teman",https://news.detik.com/berita/d-6612322/mario-dandy-bohongi-satpam-sebelum-aniaya-david-ngaku-bertamu-ke-teman,"
Jumat, 10 Mar 2023 20:09 WIB "
Polisi Dalami Klaim Mario Dandy soal 'David Lakukan Pelecehan',https://news.detik.com/berita/d-6612316/polisi-dalami-klaim-mario-dandy-soal-david-lakukan-pelecehan,"
Jumat, 10 Mar 2023 20:07 WIB "
"Reka Ulang, Shane Lukas Disebut Menangis Saat Posisi David Terkapar",https://news.detik.com/berita/d-6612197/reka-ulang-shane-lukas-disebut-menangis-saat-posisi-david-terkapar,"
Jumat, 10 Mar 2023 19:13 WIB "
Momen Emosional Saksi Kunci Kasus Mario Dandy hingga Tangis Pecah,https://news.detik.com/berita/d-6612184/momen-emosional-saksi-kunci-kasus-mario-dandy-hingga-tangis-pecah,"
Jumat, 10 Mar 2023 19:06 WIB "
Dalih Mario Dandy Aniaya David Terungkap di Rekonstruksi: Lecehkan 'Adik',https://news.detik.com/berita/d-6612115/dalih-mario-dandy-aniaya-david-terungkap-di-rekonstruksi-lecehkan-adik,"
Jumat, 10 Mar 2023 18:41 WIB "
"Detik-detik Mario Dandy Aniaya David, Disaksikan AG Sambil Merokok",https://news.detik.com/berita/d-6612109/detik-detik-mario-dandy-aniaya-david-disaksikan-ag-sambil-merokok,"
Jumat, 10 Mar 2023 18:37 WIB "
Emosionalnya Saksi Kunci Lihat David Dianiaya hingga Tunjuk Mario Dandy,https://news.detik.com/berita/d-6612098/emosionalnya-saksi-kunci-lihat-david-dianiaya-hingga-tunjuk-mario-dandy,"
Jumat, 10 Mar 2023 18:33 WIB "
"Momen Shane Lukas Peragakan 'Sikap Tobat' di Rekonstruksi, Warga Riuh",https://news.detik.com/berita/d-6611925/momen-shane-lukas-peragakan-sikap-tobat-di-rekonstruksi-warga-riuh,"
Jumat, 10 Mar 2023 17:46 WIB "
Mario Dandy Ditegur karena Peragaan Selebrasi 'Siu' Tak Sesuai BAP,https://news.detik.com/berita/d-6611921/mario-dandy-ditegur-karena-peragaan-selebrasi-siu-tak-sesuai-bap,"
Jumat, 10 Mar 2023 17:44 WIB "
"Wamenkeu Merapat ke Kantor Mahfud Md, Bahas Transaksi Janggal Rp 300 T",https://news.detik.com/berita/d-6611839/wamenkeu-merapat-ke-kantor-mahfud-md-bahas-transaksi-janggal-rp-300-t,"
Jumat, 10 Mar 2023 17:16 WIB "
Mario Dandy Tutupi Wajah Saat Reka Adegan Suruh David Push-up 50 Kali,https://news.detik.com/berita/d-6611806/mario-dandy-tutupi-wajah-saat-reka-adegan-suruh-david-push-up-50-kali,"
Jumat, 10 Mar 2023 17:03 WIB "
Terungkap Ucapan Intimidatif Mario Dandy Sebelum Aniaya David,https://news.detik.com/berita/d-6611792/terungkap-ucapan-intimidatif-mario-dandy-sebelum-aniaya-david,"
Jumat, 10 Mar 2023 16:54 WIB "
"Sebelum Aniaya David, Mario Dandy Bilang 'Gue Mau Mukulin Orang' ke Shane",https://news.detik.com/berita/d-6611776/sebelum-aniaya-david-mario-dandy-bilang-gue-mau-mukulin-orang-ke-shane,"
Jumat, 10 Mar 2023 16:46 WIB "
Alasan PPATK Duga Duit Rp 37 M Rafael Alun di Safe Deposit Box Hasil Suap,https://news.detik.com/berita/d-6611751/alasan-ppatk-duga-duit-rp-37-m-rafael-alun-di-safe-deposit-box-hasil-suap,"
Jumat, 10 Mar 2023 16:36 WIB "
Mario Dandy Menunduk hingga Tutupi Mata Saat Reka Ulang Aniaya David,https://news.detik.com/berita/d-6611740/mario-dandy-menunduk-hingga-tutupi-mata-saat-reka-ulang-aniaya-david,"
Jumat, 10 Mar 2023 16:29 WIB "
Reka Ulang Penganiayaan David Diawali Adegan Mario Dandy Jemput AG,https://news.detik.com/berita/d-6611628/reka-ulang-penganiayaan-david-diawali-adegan-mario-dandy-jemput-ag,"
Jumat, 10 Mar 2023 15:30 WIB "
KPK Cek Temuan PPATK soal Duit Puluhan Miliar Rafael Alun di Safe Deposit Box,https://news.detik.com/berita/d-6611593/kpk-cek-temuan-ppatk-soal-duit-puluhan-miliar-rafael-alun-di-safe-deposit-box,"
Jumat, 10 Mar 2023 15:19 WIB "
"Hujan Lebat, Reka Ulang Mario Dandy Aniaya David Disetop Sementara",https://news.detik.com/berita/d-6611578/hujan-lebat-reka-ulang-mario-dandy-aniaya-david-disetop-sementara,"
Jumat, 10 Mar 2023 15:11 WIB "
Kekejian Mario Dandy dan Keheranan Kita,https://news.detik.com/kolom/d-6611487/kekejian-mario-dandy-dan-keheranan-kita,"
Jumat, 10 Mar 2023 15:10 WIB "
"Reka Ulang Kasus Mario Dandy Dibagi 3 Klaster, Termasuk Saat Jemput AG",https://news.detik.com/berita/d-6611497/reka-ulang-kasus-mario-dandy-dibagi-3-klaster-termasuk-saat-jemput-ag,"
Jumat, 10 Mar 2023 14:46 WIB "
"Tanpa AG, Mario Dandy dan Shane Mulai Jalani Reka Ulang di Ulujami",https://news.detik.com/berita/d-6611496/tanpa-ag-mario-dandy-dan-shane-mulai-jalani-reka-ulang-di-ulujami,"
Jumat, 10 Mar 2023 14:46 WIB "
Rekonstruksi Kasus Mario Dandy,https://news.detik.com/detiktv/d-6611380/rekonstruksi-kasus-mario-dandy,"
Jumat, 10 Mar 2023 14:03 WIB "
"Transaksi Janggal Rp 300 T: Temuan PPATK, Diungkap Mahfud, Direspons Menkeu",https://news.detik.com/berita/d-6611358/transaksi-janggal-rp-300-t-temuan-ppatk-diungkap-mahfud-direspons-menkeu,"
Jumat, 10 Mar 2023 13:56 WIB "
"Rekonstruksi Penganiayaan David, Rubicon Mario Dandy Dihadirkan",https://news.detik.com/berita/d-6611320/rekonstruksi-penganiayaan-david-rubicon-mario-dandy-dihadirkan,"
Jumat, 10 Mar 2023 13:39 WIB "
"Duit Rafael di Safe Deposit Box Mata Uang Asing, Jika Dirupiahkan Miliaran",https://news.detik.com/berita/d-6611268/duit-rafael-di-safe-deposit-box-mata-uang-asing-jika-dirupiahkan-miliaran,"
Jumat, 10 Mar 2023 13:19 WIB "
"Jelang Reka Ulang, Mario Dandy Berbaju Tahanan dan Tangan Diborgol",https://news.detik.com/berita/d-6611267/jelang-reka-ulang-mario-dandy-berbaju-tahanan-dan-tangan-diborgol,"
Jumat, 10 Mar 2023 13:19 WIB "
PPATK Telusuri Asal Uang Puluhan Miliar Rafael Alun di Safe Deposit Box,https://news.detik.com/berita/d-6611164/ppatk-telusuri-asal-uang-puluhan-miliar-rafael-alun-di-safe-deposit-box,"
Jumat, 10 Mar 2023 12:17 WIB "
"AG Tak Akan Dihadirkan di Reka Ulang Kasus Mario Dandy, Ini Alasannya",https://news.detik.com/berita/d-6611101/ag-tak-akan-dihadirkan-di-reka-ulang-kasus-mario-dandy-ini-alasannya,"
Jumat, 10 Mar 2023 11:38 WIB "
"Mario Dandy dan Shane Akan Hadir di Reka Ulang, AG Belum Pasti",https://news.detik.com/berita/d-6611030/mario-dandy-dan-shane-akan-hadir-di-reka-ulang-ag-belum-pasti,"
Jumat, 10 Mar 2023 11:07 WIB "
Rekonstruksi Kasus Mario Dandy Aniaya David Digelar di Ulujami Siang Ini,https://news.detik.com/berita/d-6610954/rekonstruksi-kasus-mario-dandy-aniaya-david-digelar-di-ulujami-siang-ini,"
Jumat, 10 Mar 2023 10:30 WIB "
PPATK Temukan Uang Puluhan Miliar Rafael Alun di Safe Deposit Box,https://news.detik.com/berita/d-6610839/ppatk-temukan-uang-puluhan-miliar-rafael-alun-di-safe-deposit-box,"
Jumat, 10 Mar 2023 09:35 WIB "
Menelisik Kedekatan Mario Dandy dengan Sosok APA Si 'Pembisik',https://news.detik.com/berita/d-6610654/menelisik-kedekatan-mario-dandy-dengan-sosok-apa-si-pembisik,"
Jumat, 10 Mar 2023 06:26 WIB "
Mario Dandy dan AG Baru Sebulan Pacaran Sebelum Aniaya David,https://news.detik.com/berita/d-6610517/mario-dandy-dan-ag-baru-sebulan-pacaran-sebelum-aniaya-david,"
Kamis, 09 Mar 2023 22:01 WIB "
6 Fakta AG Pacar Mario Ditahan Sepekan Lamanya,https://news.detik.com/berita/d-6610464/6-fakta-ag-pacar-mario-ditahan-sepekan-lamanya,"
Kamis, 09 Mar 2023 21:04 WIB "
Mario Dandy Disebut Sering Bertanya soal Kondisi David,https://news.detik.com/berita/d-6610295/mario-dandy-disebut-sering-bertanya-soal-kondisi-david,"
Kamis, 09 Mar 2023 19:20 WIB "
"Ada Transaksi Janggal di Kemenkeu, Anggota DPR: Padahal Remunerasi Tinggi",https://news.detik.com/berita/d-6610228/ada-transaksi-janggal-di-kemenkeu-anggota-dpr-padahal-remunerasi-tinggi,"
Kamis, 09 Mar 2023 18:49 WIB "
"Sosok Perempuan APA Mulai Terkuak, Mantan Pacar Mario Dandy?",https://news.detik.com/berita/d-6609711/sosok-perempuan-apa-mulai-terkuak-mantan-pacar-mario-dandy,"
Kamis, 09 Mar 2023 15:54 WIB "
"Perempuan AG Pacar Mario Dandy Ditahan, Begini Kondisinya",https://news.detik.com/berita/d-6609548/perempuan-ag-pacar-mario-dandy-ditahan-begini-kondisinya,"
Kamis, 09 Mar 2023 14:47 WIB "
Senior PDIP Kaget Janggal Rp 300 T di Kemenkeu: Sri Mulyani Pasti Gelisah,https://news.detik.com/berita/d-6609443/senior-pdip-kaget-janggal-rp-300-t-di-kemenkeu-sri-mulyani-pasti-gelisah,"
Kamis, 09 Mar 2023 14:16 WIB "
5 Hal Soal Rafael Alun Trisambodo Resmi Dipecat dari Kemenkeu,https://news.detik.com/berita/d-6609285/5-hal-soal-rafael-alun-trisambodo-resmi-dipecat-dari-kemenkeu,"
Kamis, 09 Mar 2023 13:16 WIB "
LPSK Telaah Permohonan Perlindungan Saksi Kunci Kasus Mario Dandy,https://news.detik.com/berita/d-6609192/lpsk-telaah-permohonan-perlindungan-saksi-kunci-kasus-mario-dandy,"
Kamis, 09 Mar 2023 12:44 WIB "
5 Hal tentang Perempuan AG Pacar Mario Dandy yang Kini Juga Ditahan,https://news.detik.com/berita/d-6609174/5-hal-tentang-perempuan-ag-pacar-mario-dandy-yang-kini-juga-ditahan,"
Kamis, 09 Mar 2023 12:32 WIB "
"AG Pacar Mario Dandy Ditahan Polisi, Ini Pertimbangan Polisi",https://news.detik.com/berita/d-6609081/ag-pacar-mario-dandy-ditahan-polisi-ini-pertimbangan-polisi,"
Kamis, 09 Mar 2023 11:40 WIB "
Mahfud Md: Transaksi Mencurigakan Rp 300 T di Kemenkeu Libatkan 460 Orang,https://news.detik.com/berita/d-6608746/mahfud-md-transaksi-mencurigakan-rp-300-t-di-kemenkeu-libatkan-460-orang,"
Kamis, 09 Mar 2023 08:50 WIB "
Rekonstruksi Kasus Mario Dandy Diundur Jadi Jumat Besok,https://news.detik.com/berita/d-6608741/rekonstruksi-kasus-mario-dandy-diundur-jadi-jumat-besok,"
Kamis, 09 Mar 2023 08:46 WIB "
"AG Resmi Ditahan, Haknya sebagai Anak Dipenuhi",https://news.detik.com/berita/d-6608737/ag-resmi-ditahan-haknya-sebagai-anak-dipenuhi,"
Kamis, 09 Mar 2023 08:43 WIB "
Penganiayaan David oleh Mario Dandy Berujung AG Ditahan Polisi,https://news.detik.com/berita/d-6608683/penganiayaan-david-oleh-mario-dandy-berujung-ag-ditahan-polisi,"
Kamis, 09 Mar 2023 07:49 WIB "
Respons Pengacara David soal Penahanan AG di Kasus Mario Dandy,https://news.detik.com/berita/d-6608660/respons-pengacara-david-soal-penahanan-ag-di-kasus-mario-dandy,"
Kamis, 09 Mar 2023 07:25 WIB "
Ternyata Mario Dandy Tak Tahu Ulahnya Bikin Rafael Alun Diusut KPK,https://news.detik.com/berita/d-6608649/ternyata-mario-dandy-tak-tahu-ulahnya-bikin-rafael-alun-diusut-kpk,"
Kamis, 09 Mar 2023 07:02 WIB "
Polisi Gelar Rekonstruksi Kasus Mario Dandy Aniaya David Hari Ini,https://news.detik.com/berita/d-6608648/polisi-gelar-rekonstruksi-kasus-mario-dandy-aniaya-david-hari-ini,"
Kamis, 09 Mar 2023 06:58 WIB "
5 Fakta Perempuan AG Pelaku di Kasus Mario Dandy Diperiksa Perdana,https://news.detik.com/berita/d-6608624/5-fakta-perempuan-ag-pelaku-di-kasus-mario-dandy-diperiksa-perdana,"
Kamis, 09 Mar 2023 06:01 WIB "
Belum Tuntas Rafael Alun Kini Terungkap Transaksi Janggal Rp 300 Triliun,https://news.detik.com/berita/d-6608558/belum-tuntas-rafael-alun-kini-terungkap-transaksi-janggal-rp-300-triliun,"
Rabu, 08 Mar 2023 23:45 WIB "
"Jika Diperlukan, Penahanan AG Pacar Mario Dandy Bisa Diperpanjang 8 Hari",https://news.detik.com/berita/d-6608539/jika-diperlukan-penahanan-ag-pacar-mario-dandy-bisa-diperpanjang-8-hari,"
Rabu, 08 Mar 2023 22:51 WIB "
23 Adegan Akan Diperagakan di Rekonstruksi Mario Dandy Aniaya David,https://news.detik.com/berita/d-6608527/23-adegan-akan-diperagakan-di-rekonstruksi-mario-dandy-aniaya-david,"
Rabu, 08 Mar 2023 22:31 WIB "
"Polisi Tak Ungkap ke Publik soal Chat 'Jebakan' AG, Ini Alasannya",https://news.detik.com/berita/d-6608525/polisi-tak-ungkap-ke-publik-soal-chat-jebakan-ag-ini-alasannya,"
Rabu, 08 Mar 2023 22:24 WIB "
AG Bungkam Usai Diperiksa Selama 6 Jam di Kasus Mario Dandy,https://news.detik.com/berita/d-6608512/ag-bungkam-usai-diperiksa-selama-6-jam-di-kasus-mario-dandy,"
Rabu, 08 Mar 2023 22:08 WIB "
APA Si 'Pembisik' Akan Dikonfrontasi dengan Mario Dandy-Shane Lukas,https://news.detik.com/berita/d-6608491/apa-si-pembisik-akan-dikonfrontasi-dengan-mario-dandy-shane-lukas,"
Rabu, 08 Mar 2023 22:00 WIB "
Ini Alasan Polisi Tahan AG Pacar Mario Dandy di Kasus Penganiayaan David,https://news.detik.com/berita/d-6608468/ini-alasan-polisi-tahan-ag-pacar-mario-dandy-di-kasus-penganiayaan-david,"
Rabu, 08 Mar 2023 21:42 WIB "
AG Ditahan Selama 7 Hari di LPKS Terkait Kasus Mario Dandy,https://news.detik.com/berita/d-6608457/ag-ditahan-selama-7-hari-di-lpks-terkait-kasus-mario-dandy,"
Rabu, 08 Mar 2023 21:27 WIB "
"Besok, Polda Metro Gelar Rekonstruksi Kasus Mario Dandy Aniaya David",https://news.detik.com/berita/d-6608437/besok-polda-metro-gelar-rekonstruksi-kasus-mario-dandy-aniaya-david,"
Rabu, 08 Mar 2023 21:11 WIB "
"Usai Diperiksa 6 Jam di Kasus Mario Dandy, AG Ditangkap dan Ditahan!",https://news.detik.com/berita/d-6608427/usai-diperiksa-6-jam-di-kasus-mario-dandy-ag-ditangkap-dan-ditahan,"
Rabu, 08 Mar 2023 21:04 WIB "
Mahfud soal Transaksi Janggal Rp 300 T di Kemenkeu: Ada 160 Laporan dari 2009,https://news.detik.com/berita/d-6608241/mahfud-soal-transaksi-janggal-rp-300-t-di-kemenkeu-ada-160-laporan-dari-2009,"
Rabu, 08 Mar 2023 19:32 WIB "
KPK Ungkap Profil Konsultan Pajak yang Kerja untuk Rafael Alun,https://news.detik.com/berita/d-6608185/kpk-ungkap-profil-konsultan-pajak-yang-kerja-untuk-rafael-alun,"
Rabu, 08 Mar 2023 19:04 WIB "
Respons Pihak Mario Dandy soal Saksi Kunci Minta Perlindungan LPSK,https://news.detik.com/berita/d-6608093/respons-pihak-mario-dandy-soal-saksi-kunci-minta-perlindungan-lpsk,"
Rabu, 08 Mar 2023 18:21 WIB "
"KPK: Istri Rafael Punya 2 Saham, Ada Juga Istri Orang Pajak Wahono Saputro",https://news.detik.com/berita/d-6608024/kpk-istri-rafael-punya-2-saham-ada-juga-istri-orang-pajak-wahono-saputro,"
Rabu, 08 Mar 2023 18:01 WIB "
Mario Dandy Belum Tahu Sengkarut Masalah Rafael Alun di KPK Buntut Ulahnya,https://news.detik.com/berita/d-6607588/mario-dandy-belum-tahu-sengkarut-masalah-rafael-alun-di-kpk-buntut-ulahnya,"
Rabu, 08 Mar 2023 15:18 WIB "
"Giliran Aset Kepala Bea Cukai Makassar Disorot, Didominasi Tunggangan Antik",https://news.detik.com/berita/d-6607409/giliran-aset-kepala-bea-cukai-makassar-disorot-didominasi-tunggangan-antik,"
Rabu, 08 Mar 2023 14:27 WIB "
Saatnya Bersih-bersih di Ditjen Pajak,https://news.detik.com/kolom/d-6607374/saatnya-bersih-bersih-di-ditjen-pajak,"
Rabu, 08 Mar 2023 14:14 WIB "
Saksi Kunci Kasus Mario Dandy Minta Perlindungan LPSK,https://news.detik.com/berita/d-6607310/saksi-kunci-kasus-mario-dandy-minta-perlindungan-lpsk,"
Rabu, 08 Mar 2023 13:53 WIB "
Pemeriksaan AG di Kasus Mario Dandy Didampingi Bapas-KemenPPPA,https://news.detik.com/berita/d-6606706/pemeriksaan-ag-di-kasus-mario-dandy-didampingi-bapas-kemenpppa,"
Rabu, 08 Mar 2023 09:24 WIB "
AG Diperiksa Perdana sebagai Pelaku Anak di Kasus Mario Dandy,https://news.detik.com/berita/d-6606671/ag-diperiksa-perdana-sebagai-pelaku-anak-di-kasus-mario-dandy,"
Rabu, 08 Mar 2023 09:08 WIB "
Polda Metro Periksa AG Pacar Mario Dandy Satrio Hari Ini,https://news.detik.com/berita/d-6606659/polda-metro-periksa-ag-pacar-mario-dandy-satrio-hari-ini,"
Rabu, 08 Mar 2023 08:50 WIB "
Setengah Triliun Transaksi 40 Rekening Diblokir Terkait Rafael Alun,https://news.detik.com/berita/d-6606578/setengah-triliun-transaksi-40-rekening-diblokir-terkait-rafael-alun,"
Rabu, 08 Mar 2023 07:35 WIB "
3 Perlindungan LPSK untuk David Korban Penganiayaan Brutal Mario Dandy,https://news.detik.com/berita/d-6606566/3-perlindungan-lpsk-untuk-david-korban-penganiayaan-brutal-mario-dandy,"
Rabu, 08 Mar 2023 07:00 WIB "
Babak Baru Dugaan Korupsi Rafael Alun Diselidiki KPK,https://news.detik.com/berita/d-6606528/babak-baru-dugaan-korupsi-rafael-alun-diselidiki-kpk,"
Rabu, 08 Mar 2023 06:00 WIB "
Komnas HAM Bicara Kasus Penganiayaan Mario Dandy: Pelaku Harus Dihukum,https://news.detik.com/berita/d-6606422/komnas-ham-bicara-kasus-penganiayaan-mario-dandy-pelaku-harus-dihukum,"
Selasa, 07 Mar 2023 22:31 WIB "
Pesan Menyentuh Ayah Minta David Tahan Amarah,https://news.detik.com/berita/d-6606284/pesan-menyentuh-ayah-minta-david-tahan-amarah,"
Selasa, 07 Mar 2023 20:34 WIB "
Keluarga Ungkap Tangan David Sempat Diikat karena Emosional: Biar Tak Jatuh,https://news.detik.com/berita/d-6606268/keluarga-ungkap-tangan-david-sempat-diikat-karena-emosional-biar-tak-jatuh,"
Selasa, 07 Mar 2023 20:23 WIB "
'Geng Seangkatan' Ikut Dibawa-bawa Buntut Kasus Rafael Alun di KPK,https://news.detik.com/berita/d-6606231/geng-seangkatan-ikut-dibawa-bawa-buntut-kasus-rafael-alun-di-kpk,"
Selasa, 07 Mar 2023 20:00 WIB "
Keluarga Ungkap Kondisi David: Sering Buka Mata tapi Belum Sadar Penuh,https://news.detik.com/berita/d-6606199/keluarga-ungkap-kondisi-david-sering-buka-mata-tapi-belum-sadar-penuh,"
Selasa, 07 Mar 2023 19:38 WIB "
GP Ansor Minta Sosok-Peran Perempuan APA Dibuka Terkait Dandy Aniaya David,https://news.detik.com/berita/d-6606132/gp-ansor-minta-sosok-peran-perempuan-apa-dibuka-terkait-dandy-aniaya-david,"
Selasa, 07 Mar 2023 19:01 WIB "
GP Ansor DKI Sarankan Pihak Mario Dandy Tak Jenguk David: Jaga Perasaan,https://news.detik.com/berita/d-6606117/gp-ansor-dki-sarankan-pihak-mario-dandy-tak-jenguk-david-jaga-perasaan,"
Selasa, 07 Mar 2023 18:58 WIB "
"Doakan Kesembuhan David, Kapolda Metro Janji Usut Kasus Seadil-adilnya",https://news.detik.com/berita/d-6605809/doakan-kesembuhan-david-kapolda-metro-janji-usut-kasus-seadil-adilnya,"
Selasa, 07 Mar 2023 17:12 WIB "
PPATK Sebut Transaksi Rp 500 M Rafael Alun Tercatat dari 2019-2023,https://news.detik.com/berita/d-6605794/ppatk-sebut-transaksi-rp-500-m-rafael-alun-tercatat-dari-2019-2023,"
Selasa, 07 Mar 2023 17:05 WIB "
4 Fakta Transaksi Rp 500 M dari Puluhan Rekening Terkait Rafael Alun,https://news.detik.com/berita/d-6605724/4-fakta-transaksi-rp-500-m-dari-puluhan-rekening-terkait-rafael-alun,"
Selasa, 07 Mar 2023 16:40 WIB "
Kapolda Metro Jaya Jenguk David Korban Penganiayaan Mario Dandy,https://news.detik.com/berita/d-6605717/kapolda-metro-jaya-jenguk-david-korban-penganiayaan-mario-dandy,"
Selasa, 07 Mar 2023 16:37 WIB "
Ayah yang Setia Menenangkan David: Pakai Tenagamu Buat Kesembuhan,https://news.detik.com/berita/d-6605585/ayah-yang-setia-menenangkan-david-pakai-tenagamu-buat-kesembuhan,"
Selasa, 07 Mar 2023 15:39 WIB "
"Selidiki Dugaan Korupsi Rafael Alun, KPK Usut soal Suap dan Gratifikasi",https://news.detik.com/berita/d-6605460/selidiki-dugaan-korupsi-rafael-alun-kpk-usut-soal-suap-dan-gratifikasi,"
Selasa, 07 Mar 2023 14:55 WIB "
Rafael Alun Bakal Dicegah ke Luar Negeri? Ini Kata KPK,https://news.detik.com/berita/d-6605316/rafael-alun-bakal-dicegah-ke-luar-negeri-ini-kata-kpk,"
Selasa, 07 Mar 2023 13:51 WIB "
"Ayah Ungkap Kondisi Terkini David: Istigfar, Aku Tahu Kamu Lagi Marah",https://news.detik.com/berita/d-6604995/ayah-ungkap-kondisi-terkini-david-istigfar-aku-tahu-kamu-lagi-marah,"
Selasa, 07 Mar 2023 11:33 WIB "
Transaksi Setengah Triliun yang Dibekukan PPATK Terkait Rafael Alun,https://news.detik.com/berita/d-6604962/transaksi-setengah-triliun-yang-dibekukan-ppatk-terkait-rafael-alun,"
Selasa, 07 Mar 2023 11:15 WIB "
Ada Transaksi Janggal Pegawai Pajak Selain Rafael Alun Diungkap PPATK,https://news.detik.com/berita/d-6604925/ada-transaksi-janggal-pegawai-pajak-selain-rafael-alun-diungkap-ppatk,"
Selasa, 07 Mar 2023 10:54 WIB "
"Selidiki Dugaan Korupsi Rafael Alun, KPK Singgung 'Geng Seangkatan'",https://news.detik.com/berita/d-6604900/selidiki-dugaan-korupsi-rafael-alun-kpk-singgung-geng-seangkatan,"
Selasa, 07 Mar 2023 10:38 WIB "
Mutasi di Rekening Rafael Alun Ternyata Lebih Besar dari LHKPN Rp 56 M,https://news.detik.com/berita/d-6604813/mutasi-di-rekening-rafael-alun-ternyata-lebih-besar-dari-lhkpn-rp-56-m,"
Selasa, 07 Mar 2023 09:53 WIB "
KPK Mulai Penyelidikan Dugaan Korupsi Eks Pejabat Pajak Rafael Alun!,https://news.detik.com/berita/d-6604799/kpk-mulai-penyelidikan-dugaan-korupsi-eks-pejabat-pajak-rafael-alun,"
Selasa, 07 Mar 2023 09:46 WIB "
"PPATK Blokir Rekening Rafael Alun dan Keluarga, Termasuk Mario Dandy",https://news.detik.com/berita/d-6604735/ppatk-blokir-rekening-rafael-alun-dan-keluarga-termasuk-mario-dandy,"
Selasa, 07 Mar 2023 09:01 WIB "
Perempuan AG Buka Suara: Dari Status Pelaku hingga Chat 'Jebakan',https://news.detik.com/berita/d-6604653/perempuan-ag-buka-suara-dari-status-pelaku-hingga-chat-jebakan,"
Selasa, 07 Mar 2023 07:46 WIB "
"Konsultan Pajak Rafael di Luar Negeri, Identitas Sudah Dikantongi",https://news.detik.com/berita/d-6604623/konsultan-pajak-rafael-di-luar-negeri-identitas-sudah-dikantongi,"
Selasa, 07 Mar 2023 06:58 WIB "
Kak Seto soal Status AG Jadi Pelaku di Kasus Mario Dandy: Sudah Tepat,https://news.detik.com/berita/d-6604516/kak-seto-soal-status-ag-jadi-pelaku-di-kasus-mario-dandy-sudah-tepat,"
Senin, 06 Mar 2023 22:56 WIB "
Menanti Langkah Polisi Selidiki Isu Dandy Ancam David Berkali-kali,https://news.detik.com/berita/d-6604470/menanti-langkah-polisi-selidiki-isu-dandy-ancam-david-berkali-kali,"
Senin, 06 Mar 2023 22:08 WIB "
"Rubicon Rafael Alun Atas Nama Orang Lain, KPK Ingatkan Bahaya Jadi Nominee",https://news.detik.com/berita/d-6604285/rubicon-rafael-alun-atas-nama-orang-lain-kpk-ingatkan-bahaya-jadi-nominee,"
Senin, 06 Mar 2023 19:26 WIB "
LPSK Beri Perlindungan terhadap David Korban Mario Dandy,https://news.detik.com/berita/d-6604182/lpsk-beri-perlindungan-terhadap-david-korban-mario-dandy,"
Senin, 06 Mar 2023 18:42 WIB "
"KPK soal LHKPN Jumbo Rafael: Temannya Banyak, Bukan Dia Aja Seperti Itu",https://news.detik.com/berita/d-6604066/kpk-soal-lhkpn-jumbo-rafael-temannya-banyak-bukan-dia-aja-seperti-itu,"
Senin, 06 Mar 2023 18:05 WIB "
Respons Pengacara soal Viral Isu Mario Dandy Ancam David Sebelum Aniaya,https://news.detik.com/berita/d-6603808/respons-pengacara-soal-viral-isu-mario-dandy-ancam-david-sebelum-aniaya,"
Senin, 06 Mar 2023 16:48 WIB "
Pihak Dandy Serahkan ke Polisi soal Status APA di Kasus Penganiayaan David,https://news.detik.com/berita/d-6603653/pihak-dandy-serahkan-ke-polisi-soal-status-apa-di-kasus-penganiayaan-david,"
Senin, 06 Mar 2023 15:44 WIB "
Babak Baru untuk Bapak-Anak Rafael Alun dan Mario Dandy di 2 Perkara,https://news.detik.com/berita/d-6603471/babak-baru-untuk-bapak-anak-rafael-alun-dan-mario-dandy-di-2-perkara,"
Senin, 06 Mar 2023 14:40 WIB "
"Viral Chat 'Jebakan' Dandy Sebelum Aniaya David, Pihak AG Bilang Begini",https://news.detik.com/berita/d-6603334/viral-chat-jebakan-dandy-sebelum-aniaya-david-pihak-ag-bilang-begini,"
Senin, 06 Mar 2023 13:43 WIB "
Pengacara Buka Suara soal Mundurnya AG dari SMA Tarakanita I,https://news.detik.com/berita/d-6603292/pengacara-buka-suara-soal-mundurnya-ag-dari-sma-tarakanita-i,"
Senin, 06 Mar 2023 13:26 WIB "
"AG Berstatus Pelaku di Kasus Mario Dandy, Pengacara Janji Kooperatif",https://news.detik.com/berita/d-6603252/ag-berstatus-pelaku-di-kasus-mario-dandy-pengacara-janji-kooperatif,"
Senin, 06 Mar 2023 13:13 WIB "
Mario Dandy dan Shane Ditahan di Polda Metro di Sel Terpisah,https://news.detik.com/berita/d-6603151/mario-dandy-dan-shane-ditahan-di-polda-metro-di-sel-terpisah,"
Senin, 06 Mar 2023 12:27 WIB "
"5 Fakta Konsultan Pajak Rafael Alun Ada di Luar Negeri, Rekening Diblokir",https://news.detik.com/berita/d-6603040/5-fakta-konsultan-pajak-rafael-alun-ada-di-luar-negeri-rekening-diblokir,"
Senin, 06 Mar 2023 11:41 WIB "
Ada Eks Pegawai Pajak di Konsultan Diduga Bantu Rafael Alun Samarkan Aset,https://news.detik.com/berita/d-6602974/ada-eks-pegawai-pajak-di-konsultan-diduga-bantu-rafael-alun-samarkan-aset,"
Senin, 06 Mar 2023 11:13 WIB "
"Viral Isu Mario Dandy Ancam David Berkali-kali, Polisi Selidiki",https://news.detik.com/berita/d-6602868/viral-isu-mario-dandy-ancam-david-berkali-kali-polisi-selidiki,"
Senin, 06 Mar 2023 10:43 WIB "
Konsultan Pajak Rafael Alun Diduga Berada di Luar Negeri,https://news.detik.com/berita/d-6602826/konsultan-pajak-rafael-alun-diduga-berada-di-luar-negeri,"
Senin, 06 Mar 2023 10:22 WIB "
Kesaksian Ibu Teman David: Shane dan AG Tak Menolong-Tak Ada Muka Sedih,https://news.detik.com/berita/d-6602781/kesaksian-ibu-teman-david-shane-dan-ag-tak-menolong-tak-ada-muka-sedih,"
Senin, 06 Mar 2023 09:51 WIB "
Di Balik Pekik 'Woi' yang Bikin Mario Berhenti Aniaya David,https://news.detik.com/berita/d-6602608/di-balik-pekik-woi-yang-bikin-mario-berhenti-aniaya-david,"
Senin, 06 Mar 2023 07:03 WIB "
Pengacara Ungkap Mario Dandy Kini Ditahan di Polda Metro,https://news.detik.com/berita/d-6602598/pengacara-ungkap-mario-dandy-kini-ditahan-di-polda-metro,"
Senin, 06 Mar 2023 06:21 WIB "
LBH Ansor: Pihak AG Pacar Mario Dandy Belum Jenguk David di RS,https://news.detik.com/berita/d-6602156/lbh-ansor-pihak-ag-pacar-mario-dandy-belum-jenguk-david-di-rs,"
Minggu, 05 Mar 2023 17:40 WIB "
Saksi Ungkap Ekspresi Mario dkk Usai David Dianiaya Sadis,https://news.detik.com/berita/d-6601720/saksi-ungkap-ekspresi-mario-dkk-usai-david-dianiaya-sadis,"
Minggu, 05 Mar 2023 12:28 WIB "
Terungkap! Ini Asal Suara Teriakan 'Woi' Bikin Mario Berhenti Aniaya David,https://news.detik.com/berita/d-6601692/terungkap-ini-asal-suara-teriakan-woi-bikin-mario-berhenti-aniaya-david,"
Minggu, 05 Mar 2023 11:48 WIB "
Tentang Status AG yang Kini Jadi Pelaku Kasus Penganiayaan David,https://news.detik.com/berita/d-6601684/tentang-status-ag-yang-kini-jadi-pelaku-kasus-penganiayaan-david,"
Minggu, 05 Mar 2023 11:40 WIB "
Peran Pencuci Uang Profesional terkait Rafael Alun dalam Radar PPATK,https://news.detik.com/berita/d-6601650/peran-pencuci-uang-profesional-terkait-rafael-alun-dalam-radar-ppatk,"
Minggu, 05 Mar 2023 11:03 WIB "
Teka-teki Teriakan hingga Chat 'Jebakan' di Kasus Mario Dandy,https://news.detik.com/berita/d-6601470/teka-teki-teriakan-hingga-chat-jebakan-di-kasus-mario-dandy,"
Minggu, 05 Mar 2023 08:55 WIB "
"Ayah Ragu Shane Terlibat Penganiayaan, Pengacara David: Itu Alibi",https://news.detik.com/berita/d-6601466/ayah-ragu-shane-terlibat-penganiayaan-pengacara-david-itu-alibi,"
Minggu, 05 Mar 2023 08:53 WIB "
KPK Berjibaku Kala PPATK Duga Rafael Alun Lakukan TPPU,https://news.detik.com/berita/d-6601445/kpk-berjibaku-kala-ppatk-duga-rafael-alun-lakukan-tppu,"
Minggu, 05 Mar 2023 08:13 WIB "
Kapolsek Pesanggrahan Jawab Isu AG-Shane Sempat Main Gitar Saat Diamankan,https://news.detik.com/berita/d-6601182/kapolsek-pesanggrahan-jawab-isu-ag-shane-sempat-main-gitar-saat-diamankan,"
Sabtu, 04 Mar 2023 21:40 WIB "
Spiritualitas Pajak dan Wajah Raden-Ogah,https://news.detik.com/kolom/d-6601138/spiritualitas-pajak-dan-wajah-raden-ogah,"
Sabtu, 04 Mar 2023 20:50 WIB "
Pihak David Apresiasi Status AG Jadi Pelaku: Keluarga Hanya Ingin Keadilan,https://news.detik.com/berita/d-6601079/pihak-david-apresiasi-status-ag-jadi-pelaku-keluarga-hanya-ingin-keadilan,"
Sabtu, 04 Mar 2023 20:08 WIB "
Polri: Tak Ada Nama Ahmad Saefudin 'Pemilik Awal' Rubicon Rafael di Inafis,https://news.detik.com/berita/d-6601045/polri-tak-ada-nama-ahmad-saefudin-pemilik-awal-rubicon-rafael-di-inafis,"
Sabtu, 04 Mar 2023 19:50 WIB "
"Viral Chat 'Jebakan' AG ke David Sebelum Dianiaya Dandy, Ini Kata LBH Ansor",https://news.detik.com/berita/d-6601012/viral-chat-jebakan-ag-ke-david-sebelum-dianiaya-dandy-ini-kata-lbh-ansor,"
Sabtu, 04 Mar 2023 19:16 WIB "
Kondisi David Korban Mario Dandy Hari Ke-13: Masih di ICU dan Belum Sadar,https://news.detik.com/berita/d-6600906/kondisi-david-korban-mario-dandy-hari-ke-13-masih-di-icu-dan-belum-sadar,"
Sabtu, 04 Mar 2023 18:29 WIB "
Mengapa Pengunduran Diri Rafael Alun Ditolak? Ini Alasan Kemenkeu,https://news.detik.com/berita/d-6600837/mengapa-pengunduran-diri-rafael-alun-ditolak-ini-alasan-kemenkeu,"
Sabtu, 04 Mar 2023 17:37 WIB "
Teka-teki Teriakan 'Woi' Saat Mario Dandy Aniaya David Secara Brutal,https://news.detik.com/berita/d-6600641/teka-teki-teriakan-woi-saat-mario-dandy-aniaya-david-secara-brutal,"
Sabtu, 04 Mar 2023 15:21 WIB "
Apa Status AG di Kasus Mario Dandy? Ini Bukti dan Keterlibatannya,https://news.detik.com/berita/d-6600445/apa-status-ag-di-kasus-mario-dandy-ini-bukti-dan-keterlibatannya,"
Sabtu, 04 Mar 2023 12:42 WIB "
Teka-teki Sosok A Peminjam KTP 'Pemilik Pertama' Rubicon Rafael Alun,https://news.detik.com/berita/d-6600387/teka-teki-sosok-a-peminjam-ktp-pemilik-pertama-rubicon-rafael-alun,"
Sabtu, 04 Mar 2023 11:58 WIB "
"Buntut Kasus Mario, Said Abdullah Minta Netizen Tak Mogok Bayar Pajak",https://news.detik.com/berita/d-6600371/buntut-kasus-mario-said-abdullah-minta-netizen-tak-mogok-bayar-pajak,"
Sabtu, 04 Mar 2023 11:49 WIB "
Pasal Lebih Berat hingga Bukti Chat Bikin Mario Dandy dkk Terjerat,https://news.detik.com/berita/d-6600146/pasal-lebih-berat-hingga-bukti-chat-bikin-mario-dandy-dkk-terjerat,"
Sabtu, 04 Mar 2023 08:05 WIB "
"AG Pacar Mario Dandy Masih di Bawah Umur, Berapa Lama Boleh Ditahan?",https://news.detik.com/berita/d-6600142/ag-pacar-mario-dandy-masih-di-bawah-umur-berapa-lama-boleh-ditahan,"
Sabtu, 04 Mar 2023 07:57 WIB "
Terkuak soal Pencuci Uang Level Pro di Balik Rafael Eks Pejabat Pajak,https://news.detik.com/berita/d-6600135/terkuak-soal-pencuci-uang-level-pro-di-balik-rafael-eks-pejabat-pajak,"
Sabtu, 04 Mar 2023 07:48 WIB "
Asal Usul Rubicon Rafael Alun Kian Tak Masuk Akal,https://news.detik.com/berita/d-6600110/asal-usul-rubicon-rafael-alun-kian-tak-masuk-akal,"
Sabtu, 04 Mar 2023 07:13 WIB "
"Rafael Beli Rubicon dari Cleaning Service, Anggota DPR Curiga Cuci Uang",https://news.detik.com/berita/d-6600105/rafael-beli-rubicon-dari-cleaning-service-anggota-dpr-curiga-cuci-uang,"
Sabtu, 04 Mar 2023 07:03 WIB "
5 Fakta Perempuan AG Kini Jadi Pelaku di Kasus Mario Dandy,https://news.detik.com/berita/d-6600098/5-fakta-perempuan-ag-kini-jadi-pelaku-di-kasus-mario-dandy,"
Sabtu, 04 Mar 2023 06:53 WIB "
Anggota DPR Lihat Pintu 'Damai' Kasus Mario Dandy Sudah Tertutup,https://news.detik.com/berita/d-6600088/anggota-dpr-lihat-pintu-damai-kasus-mario-dandy-sudah-tertutup,"
Sabtu, 04 Mar 2023 06:26 WIB "
Komisi III DPR: Penetapan AG Jadi Pelaku Bentuk Keseriusan Polri,https://news.detik.com/berita/d-6600084/komisi-iii-dpr-penetapan-ag-jadi-pelaku-bentuk-keseriusan-polri,"
Sabtu, 04 Mar 2023 06:02 WIB "
Ayah Ragukan Shane Terlibat Penganiayaan David: Dia Anak Penurut,https://news.detik.com/berita/d-6600052/ayah-ragukan-shane-terlibat-penganiayaan-david-dia-anak-penurut,"
Sabtu, 04 Mar 2023 03:51 WIB "
"Ayah Shane Tahan Tangis Jenguk David, Doakan Segera Pulih",https://news.detik.com/berita/d-6599747/ayah-shane-tahan-tangis-jenguk-david-doakan-segera-pulih,"
Jumat, 03 Mar 2023 20:12 WIB "
"Pihak SMA Tarakanita I Ungkap Surat Pengunduran Diri AG, Ini Isinya",https://news.detik.com/berita/d-6599660/pihak-sma-tarakanita-i-ungkap-surat-pengunduran-diri-ag-ini-isinya,"
Jumat, 03 Mar 2023 19:18 WIB "
PPATK Sebut Uang di Rekening Konsultan Pajak Rafael Alun Jumlahnya Besar,https://news.detik.com/berita/d-6599624/ppatk-sebut-uang-di-rekening-konsultan-pajak-rafael-alun-jumlahnya-besar,"
Jumat, 03 Mar 2023 18:57 WIB "
Pihak SMA Tarakanita I Jelaskan Alasan AG Mengundurkan Diri,https://news.detik.com/berita/d-6599618/pihak-sma-tarakanita-i-jelaskan-alasan-ag-mengundurkan-diri,"
Jumat, 03 Mar 2023 18:51 WIB "
Keluarga Tepis Isu Liar David Lecehkan AG Berujung Dianiaya Mario Dandy,https://news.detik.com/berita/d-6599558/keluarga-tepis-isu-liar-david-lecehkan-ag-berujung-dianiaya-mario-dandy,"
Jumat, 03 Mar 2023 18:09 WIB "
"Pengacara: Shane Anak Orang Tak Berpunya, Tak Seperti Mario Dandy",https://news.detik.com/berita/d-6599381/pengacara-shane-anak-orang-tak-berpunya-tak-seperti-mario-dandy,"
Jumat, 03 Mar 2023 17:10 WIB "
PPATK Blokir Rekening Konsultan Pajak Diduga Terkait Rafael Alun!,https://news.detik.com/berita/d-6599352/ppatk-blokir-rekening-konsultan-pajak-diduga-terkait-rafael-alun,"
Jumat, 03 Mar 2023 17:00 WIB "
Shane Berharap Tak Ditahan Satu Sel dengan Mario Dandy,https://news.detik.com/berita/d-6599236/shane-berharap-tak-ditahan-satu-sel-dengan-mario-dandy,"
Jumat, 03 Mar 2023 16:38 WIB "
Ketua RT: Pemilik Awal Rubicon Rafael Alun Pernah Pinjamkan KTP ke Sosok A,https://news.detik.com/berita/d-6599114/ketua-rt-pemilik-awal-rubicon-rafael-alun-pernah-pinjamkan-ktp-ke-sosok-a,"
Jumat, 03 Mar 2023 15:55 WIB "
AG Pacar Mario Dandy Mengundurkan Diri dari SMA Tarakanita 1 Jakarta,https://news.detik.com/berita/d-6599069/ag-pacar-mario-dandy-mengundurkan-diri-dari-sma-tarakanita-1-jakarta,"
Jumat, 03 Mar 2023 15:44 WIB "
"Status AG Naik Jadi Pelaku di Kasus Mario Dandy, Ini Kata Pengacara",https://news.detik.com/berita/d-6598830/status-ag-naik-jadi-pelaku-di-kasus-mario-dandy-ini-kata-pengacara,"
Jumat, 03 Mar 2023 14:20 WIB "
Pihak David Apresiasi Polisi Jerat Pasal Berat ke Mario Dandy dan Shane,https://news.detik.com/berita/d-6598671/pihak-david-apresiasi-polisi-jerat-pasal-berat-ke-mario-dandy-dan-shane,"
Jumat, 03 Mar 2023 13:25 WIB "
Apa Arti Subsider dalam Hukum? Seperti di Pasal yang Jerat Mario Dandy,https://news.detik.com/berita/d-6598586/apa-arti-subsider-dalam-hukum-seperti-di-pasal-yang-jerat-mario-dandy,"
Jumat, 03 Mar 2023 12:42 WIB "
Pihak Shane Lukas Keberatan Dijerat Pasal Lebih Berat: Dia Cuma Merekam,https://news.detik.com/berita/d-6598573/pihak-shane-lukas-keberatan-dijerat-pasal-lebih-berat-dia-cuma-merekam,"
Jumat, 03 Mar 2023 12:27 WIB "
"Mario Dandy Dijerat Pasal Lebih Berat, Pengacara Hormati Keputusan Polisi",https://news.detik.com/berita/d-6598518/mario-dandy-dijerat-pasal-lebih-berat-pengacara-hormati-keputusan-polisi,"
Jumat, 03 Mar 2023 11:50 WIB "
CCTV Bongkar Peranan Mario Dandy cs dalam Penganiayaan David,https://news.detik.com/berita/d-6598462/cctv-bongkar-peranan-mario-dandy-cs-dalam-penganiayaan-david,"
Jumat, 03 Mar 2023 11:27 WIB "
KPK Telusuri Transaksi Pembelian Rubicon Rafael Alun dari Cleaning Service,https://news.detik.com/berita/d-6598441/kpk-telusuri-transaksi-pembelian-rubicon-rafael-alun-dari-cleaning-service,"
Jumat, 03 Mar 2023 11:16 WIB "
Tahapan Panjang Peningkatan Status AG Jadi Pelaku di Kasus Mario Dandy,https://news.detik.com/berita/d-6598402/tahapan-panjang-peningkatan-status-ag-jadi-pelaku-di-kasus-mario-dandy,"
Jumat, 03 Mar 2023 11:04 WIB "
"Arti 'Anak yang Berkonflik dengan Hukum', Status AG di Kasus Mario Dandy",https://news.detik.com/berita/d-6598369/arti-anak-yang-berkonflik-dengan-hukum-status-ag-di-kasus-mario-dandy,"
Jumat, 03 Mar 2023 10:48 WIB "
Terungkap Mario Dandy cs Tak Jujur di Awal Soal Penganiayaan David,https://news.detik.com/berita/d-6598313/terungkap-mario-dandy-cs-tak-jujur-di-awal-soal-penganiayaan-david,"
Jumat, 03 Mar 2023 10:16 WIB "
Pemilik Awal Rubicon Rafael Alun Ternyata Penerima Bansos COVID,https://news.detik.com/berita/d-6598306/pemilik-awal-rubicon-rafael-alun-ternyata-penerima-bansos-covid,"
Jumat, 03 Mar 2023 10:10 WIB "
Ini Bukti-bukti Keterlibatan AG sebagai Pelaku di Kasus Mario Dandy,https://news.detik.com/berita/d-6598279/ini-bukti-bukti-keterlibatan-ag-sebagai-pelaku-di-kasus-mario-dandy,"
Jumat, 03 Mar 2023 09:47 WIB "
Polisi Usut Tujuan Mario Dandy Pakai Nopol Palsu di Rubicon Saat Aniaya David,https://news.detik.com/berita/d-6598268/polisi-usut-tujuan-mario-dandy-pakai-nopol-palsu-di-rubicon-saat-aniaya-david,"
Jumat, 03 Mar 2023 09:41 WIB "
"AG Ditetapkan Jadi Pelaku di Kasus Mario Dandy, Bagaimana Penahanannya?",https://news.detik.com/berita/d-6598250/ag-ditetapkan-jadi-pelaku-di-kasus-mario-dandy-bagaimana-penahanannya,"
Jumat, 03 Mar 2023 09:21 WIB "
Pasal-pasal Baru yang Lebih Berat Demi Jerat Mario Dandy dan Shane,https://news.detik.com/berita/d-6598223/pasal-pasal-baru-yang-lebih-berat-demi-jerat-mario-dandy-dan-shane,"
Jumat, 03 Mar 2023 09:03 WIB "
MAKI soal 'Geng' terkait Rafael Alun di Kemenkeu: Dugaannya Klub Golf,https://news.detik.com/berita/d-6598136/maki-soal-geng-terkait-rafael-alun-di-kemenkeu-dugaannya-klub-golf,"
Jumat, 03 Mar 2023 07:51 WIB "
Warga Tak Percaya Ahmad Pemilik Awal Rubicon Rafael Karena Hidup Pas-pasan,https://news.detik.com/berita/d-6598108/warga-tak-percaya-ahmad-pemilik-awal-rubicon-rafael-karena-hidup-pas-pasan,"
Jumat, 03 Mar 2023 07:16 WIB "
KPK Tak Percaya Begitu Saja soal Rubicon-Harley Rafael Bukan Miliknya,https://news.detik.com/berita/d-6598099/kpk-tak-percaya-begitu-saja-soal-rubicon-harley-rafael-bukan-miliknya,"
Jumat, 03 Mar 2023 07:00 WIB "
"Terungkap Rekayasa Mario Dandy cs, Saksi Disetir Seolah Ada Perkelahian",https://news.detik.com/berita/d-6597986/terungkap-rekayasa-mario-dandy-cs-saksi-disetir-seolah-ada-perkelahian,"
Kamis, 02 Mar 2023 23:03 WIB "
Cerita Ketua RT soal Pemilik Awal Rubicon Rafael Alun Hidup Pas-pasan,https://news.detik.com/berita/d-6597979/cerita-ketua-rt-soal-pemilik-awal-rubicon-rafael-alun-hidup-pas-pasan,"
Kamis, 02 Mar 2023 22:42 WIB "
Penahanan Mario Dandy dan Shane Dipindah ke Rutan Polda Metro,https://news.detik.com/berita/d-6597970/penahanan-mario-dandy-dan-shane-dipindah-ke-rutan-polda-metro,"
Kamis, 02 Mar 2023 22:28 WIB "
Polisi Ungkap Pengakuan Mario Dandy soal Botol Miras di Mobil Rubicon,https://news.detik.com/berita/d-6597956/polisi-ungkap-pengakuan-mario-dandy-soal-botol-miras-di-mobil-rubicon,"
Kamis, 02 Mar 2023 22:07 WIB "
Warga Sebut Ahmad Penjual Rubicon ke Rafael Alun Seorang Cleaning Service,https://news.detik.com/berita/d-6597948/warga-sebut-ahmad-penjual-rubicon-ke-rafael-alun-seorang-cleaning-service,"
Kamis, 02 Mar 2023 21:55 WIB "
Cerita Mahfud Telepon KPK Minta Harta Rp 56 M Rafael Alun Diperiksa,https://news.detik.com/berita/d-6597929/cerita-mahfud-telepon-kpk-minta-harta-rp-56-m-rafael-alun-diperiksa,"
Kamis, 02 Mar 2023 21:45 WIB "
"Polisi: Kepala David Ditendang dan Tengkuk Diinjak, Ini Sangat Sadis",https://news.detik.com/berita/d-6597921/polisi-kepala-david-ditendang-dan-tengkuk-diinjak-ini-sangat-sadis,"
Kamis, 02 Mar 2023 21:37 WIB "
"Ahmad Saefudin Disebut Pemilik Awal Rubicon Rafael Alun, Warga Tak Percaya",https://news.detik.com/berita/d-6597865/ahmad-saefudin-disebut-pemilik-awal-rubicon-rafael-alun-warga-tak-percaya,"
Kamis, 02 Mar 2023 20:41 WIB "
Polisi Jelaskan Alasan Peningkatan Status AG Memakan Waktu Lama,https://news.detik.com/berita/d-6597862/polisi-jelaskan-alasan-peningkatan-status-ag-memakan-waktu-lama,"
Kamis, 02 Mar 2023 20:40 WIB "
Sentilan Keras Jokowi ke Pejabat Pamer Harta: Sungguh Tak Pantas,https://news.detik.com/berita/d-6597860/sentilan-keras-jokowi-ke-pejabat-pamer-harta-sungguh-tak-pantas,"
Kamis, 02 Mar 2023 20:36 WIB "
KPK Pastikan Penjual Rubicon ke Rafael Alun Sudah Tak Tinggal di Gang Sempit,https://news.detik.com/berita/d-6597856/kpk-pastikan-penjual-rubicon-ke-rafael-alun-sudah-tak-tinggal-di-gang-sempit,"
Kamis, 02 Mar 2023 20:30 WIB "
Bukti Niat Jahat Dandy: Ucapan 'Free Kick' dan 'Gak Takut Anak Orang Mati',https://news.detik.com/berita/d-6597803/bukti-niat-jahat-dandy-ucapan-free-kick-dan-gak-takut-anak-orang-mati,"
Kamis, 02 Mar 2023 19:51 WIB "
Deretan Perusahaan Dimiliki Rafael Alun: Restoran hingga Real Estate,https://news.detik.com/berita/d-6597746/deretan-perusahaan-dimiliki-rafael-alun-restoran-hingga-real-estate,"
Kamis, 02 Mar 2023 19:36 WIB "
Menag Yaqut Pantau Terus Kasus Mario Dandy: Tak Ada Damai,https://news.detik.com/berita/d-6597741/menag-yaqut-pantau-terus-kasus-mario-dandy-tak-ada-damai,"
Kamis, 02 Mar 2023 19:31 WIB "
"Polisi: Penganiayaan David Direncanakan, Para Pelaku Tak Jujur di Awal",https://news.detik.com/berita/d-6597680/polisi-penganiayaan-david-direncanakan-para-pelaku-tak-jujur-di-awal,"
Kamis, 02 Mar 2023 19:00 WIB "
Ini Gang Alamat Pemilik Awal Rubicon yang Dibeli Rafael Alun,https://news.detik.com/berita/d-6597676/ini-gang-alamat-pemilik-awal-rubicon-yang-dibeli-rafael-alun,"
Kamis, 02 Mar 2023 18:58 WIB "
Chat WA dan CCTV Jadi Bukti Polisi Tetapkan Perempuan AG Jadi Pelaku,https://news.detik.com/berita/d-6597660/chat-wa-dan-cctv-jadi-bukti-polisi-tetapkan-perempuan-ag-jadi-pelaku,"
Kamis, 02 Mar 2023 18:49 WIB "
Ini Dasar Polisi Tak Sebut AG Tersangka tapi 'Anak Berkonflik dengan Hukum',https://news.detik.com/berita/d-6597629/ini-dasar-polisi-tak-sebut-ag-tersangka-tapi-anak-berkonflik-dengan-hukum,"
Kamis, 02 Mar 2023 18:27 WIB "
"Mario Dandy Kini Dijerat Pasal Penganiayaan Berencana, Bisa Dibui 12 Tahun",https://news.detik.com/berita/d-6597613/mario-dandy-kini-dijerat-pasal-penganiayaan-berencana-bisa-dibui-12-tahun,"
Kamis, 02 Mar 2023 18:23 WIB "
"Jadi Pelaku di Kasus Mario Dandy, Perempuan AG Dijerat dengan Pasal Ini",https://news.detik.com/berita/d-6597546/jadi-pelaku-di-kasus-mario-dandy-perempuan-ag-dijerat-dengan-pasal-ini,"
Kamis, 02 Mar 2023 18:00 WIB "
Polisi Nyatakan Perempuan AG Sebagai Pelaku di Kasus Mario Dandy,https://news.detik.com/berita/d-6597484/polisi-nyatakan-perempuan-ag-sebagai-pelaku-di-kasus-mario-dandy,"
Kamis, 02 Mar 2023 17:41 WIB "
Penyidikan Kasus Mario Dandy Aniaya David Ditarik ke Polda Metro Jaya,https://news.detik.com/berita/d-6597427/penyidikan-kasus-mario-dandy-aniaya-david-ditarik-ke-polda-metro-jaya,"
Kamis, 02 Mar 2023 17:23 WIB "
KPK Bakal Panggil Rafael Alun dan Istri untuk Klarifikasi LHKPN Rp 56 M,https://news.detik.com/berita/d-6597271/kpk-bakal-panggil-rafael-alun-dan-istri-untuk-klarifikasi-lhkpn-rp-56-m,"
Kamis, 02 Mar 2023 16:36 WIB "
"KPK Tak Percaya Rafael Alun Beli Lalu Jual Rubicon, Bakal Cek Transaksi",https://news.detik.com/berita/d-6597198/kpk-tak-percaya-rafael-alun-beli-lalu-jual-rubicon-bakal-cek-transaksi,"
Kamis, 02 Mar 2023 16:08 WIB "
Tentang Klaim Rafael Alun Tak Punya Rubicon dan Dugaan Peran Perantara,https://news.detik.com/berita/d-6596958/tentang-klaim-rafael-alun-tak-punya-rubicon-dan-dugaan-peran-perantara,"
Kamis, 02 Mar 2023 14:37 WIB "
"Rafael Alun Akui Motor Harley Bodong, KPK Usut Asal Duit Pembeliannya",https://news.detik.com/berita/d-6596832/rafael-alun-akui-motor-harley-bodong-kpk-usut-asal-duit-pembeliannya,"
Kamis, 02 Mar 2023 13:44 WIB "
5 Hal yang Terungkap Usai Rafael Alun Trisambodo Diperiksa KPK,https://news.detik.com/berita/d-6596559/5-hal-yang-terungkap-usai-rafael-alun-trisambodo-diperiksa-kpk,"
Kamis, 02 Mar 2023 11:50 WIB "
KPK Sebut Moge Harley Rafael Alun Tak Ada Pelat Nopolnya,https://news.detik.com/berita/d-6596505/kpk-sebut-moge-harley-rafael-alun-tak-ada-pelat-nopolnya,"
Kamis, 02 Mar 2023 11:25 WIB "
"Rafael Alun Klaim Beli Rubicon Lalu Jual ke Kakak, KPK Minta Bukti",https://news.detik.com/berita/d-6596420/rafael-alun-klaim-beli-rubicon-lalu-jual-ke-kakak-kpk-minta-bukti,"
Kamis, 02 Mar 2023 10:40 WIB "
Desakan Mahfud Agar Polisi Jerat Mario Dandy dengan Pasal Lebih Berat,https://news.detik.com/berita/d-6596215/desakan-mahfud-agar-polisi-jerat-mario-dandy-dengan-pasal-lebih-berat,"
Kamis, 02 Mar 2023 07:49 WIB "
Janji KPK Usut Tuntas 'Geng' Rafael Alun Ayah Mario Dandy,https://news.detik.com/berita/d-6596202/janji-kpk-usut-tuntas-geng-rafael-alun-ayah-mario-dandy,"
Kamis, 02 Mar 2023 07:31 WIB "
4 Hal Dilacak KPK Demi Telusuri Harta Rafael Alun Eks Pejabat Pajak,https://news.detik.com/berita/d-6596157/4-hal-dilacak-kpk-demi-telusuri-harta-rafael-alun-eks-pejabat-pajak,"
Kamis, 02 Mar 2023 06:27 WIB "
"Shane Ngaku Diperintah Ganti Nopol Rubicon, Ini Kata Pengacara Mario Dandy",https://news.detik.com/berita/d-6596153/shane-ngaku-diperintah-ganti-nopol-rubicon-ini-kata-pengacara-mario-dandy,"
Kamis, 02 Mar 2023 06:09 WIB "
"Tak Minta Ganti Rugi, Keluarga David Ozora Hanya Ingin Proses Hukum Adil",https://news.detik.com/berita/d-6596064/tak-minta-ganti-rugi-keluarga-david-ozora-hanya-ingin-proses-hukum-adil,"
Rabu, 01 Mar 2023 23:11 WIB "
Terungkap Tentang Rubicon Mario Dandy Ternyata Alamat di Dalam Gang,https://news.detik.com/berita/d-6596014/terungkap-tentang-rubicon-mario-dandy-ternyata-alamat-di-dalam-gang,"
Rabu, 01 Mar 2023 22:08 WIB "
Kemenkeu Dalami Rubicon Dipakai Dandy Bukan atas Nama Rafael Alun,https://news.detik.com/berita/d-6596012/kemenkeu-dalami-rubicon-dipakai-dandy-bukan-atas-nama-rafael-alun,"
Rabu, 01 Mar 2023 22:07 WIB "
"PPATK Bicara TPPU di Kasus Rafael Alun, KPK Fokus Telusuri Asal Kekayaan",https://news.detik.com/berita/d-6595836/ppatk-bicara-tppu-di-kasus-rafael-alun-kpk-fokus-telusuri-asal-kekayaan,"
Rabu, 01 Mar 2023 20:09 WIB "
Kemenkeu Bantah Ada 'Geng' Terkait Rafael Alun Ayah Mario Dandy,https://news.detik.com/berita/d-6595768/kemenkeu-bantah-ada-geng-terkait-rafael-alun-ayah-mario-dandy,"
Rabu, 01 Mar 2023 19:39 WIB "
Dirjen Pajak Respons Said Aqil: Pisahkan Kasus dan Kewajiban,https://news.detik.com/berita/d-6595726/dirjen-pajak-respons-said-aqil-pisahkan-kasus-dan-kewajiban,"
Rabu, 01 Mar 2023 19:05 WIB "
"Rafael Alun Minta Maaf ke PBNU-GP Ansor, Doakan David Segera Pulih",https://news.detik.com/berita/d-6595627/rafael-alun-minta-maaf-ke-pbnu-gp-ansor-doakan-david-segera-pulih,"
Rabu, 01 Mar 2023 18:34 WIB "
Rafael Alun Tinggalkan KPK Naik Innova Usai Diperiksa soal Harta Rp 56 M,https://news.detik.com/berita/d-6595572/rafael-alun-tinggalkan-kpk-naik-innova-usai-diperiksa-soal-harta-rp-56-m,"
Rabu, 01 Mar 2023 18:11 WIB "
Megawati Dukung Sri Mulyani di Geger Rafael Alun: Saya Minta Pembersihan!,https://news.detik.com/berita/d-6595562/megawati-dukung-sri-mulyani-di-geger-rafael-alun-saya-minta-pembersihan,"
Rabu, 01 Mar 2023 18:07 WIB "
"Rafael Alun Usai Diperiksa KPK soal LHKPN Rp 56 M: Tolong, Kasihan Saya",https://news.detik.com/berita/d-6595557/rafael-alun-usai-diperiksa-kpk-soal-lhkpn-rp-56-m-tolong-kasihan-saya,"
Rabu, 01 Mar 2023 18:04 WIB "
Polisi Akan Terapkan Pasal Terberat dan Proses Semua yang Terlibat Mario Dandy,https://news.detik.com/berita/d-6595469/polisi-akan-terapkan-pasal-terberat-dan-proses-semua-yang-terlibat-mario-dandy,"
Rabu, 01 Mar 2023 17:27 WIB "
KPK Harap Pelanggar LHKPN Tak Hanya Disanksi Administratif,https://news.detik.com/berita/d-6595449/kpk-harap-pelanggar-lhkpn-tak-hanya-disanksi-administratif,"
Rabu, 01 Mar 2023 17:19 WIB "
KPK Selidiki Pola 'Geng' Terkait Rafael Alun Ayah Mario Dandy,https://news.detik.com/berita/d-6595432/kpk-selidiki-pola-geng-terkait-rafael-alun-ayah-mario-dandy,"
Rabu, 01 Mar 2023 17:16 WIB "
Pengunduran Diri Rafael Alun dari ASN Kemenkeu Ditolak!,https://news.detik.com/berita/d-6595348/pengunduran-diri-rafael-alun-dari-asn-kemenkeu-ditolak,"
Rabu, 01 Mar 2023 16:42 WIB "
Ayah Ungkap Kondisi David: Akan Ada yang Membayar untuk Siksaan Itu,https://news.detik.com/berita/d-6595194/ayah-ungkap-kondisi-david-akan-ada-yang-membayar-untuk-siksaan-itu,"
Rabu, 01 Mar 2023 15:59 WIB "
"KPK: Rubicon Bukan atas Nama Rafael Alun, Alamatnya di Gang Mampang",https://news.detik.com/berita/d-6595177/kpk-rubicon-bukan-atas-nama-rafael-alun-alamatnya-di-gang-mampang,"
Rabu, 01 Mar 2023 15:53 WIB "
"KPK Sebut Rumah Rafael Alun 6,5 Hektare di Minahasa atas Nama Istri",https://news.detik.com/berita/d-6595138/kpk-sebut-rumah-rafael-alun-6-5-hektare-di-minahasa-atas-nama-istri,"
Rabu, 01 Mar 2023 15:40 WIB "
KPK Pastikan Usut Tuntas Rafael Alun: Kita Dengar Ada Gengnya Juga,https://news.detik.com/berita/d-6595137/kpk-pastikan-usut-tuntas-rafael-alun-kita-dengar-ada-gengnya-juga,"
Rabu, 01 Mar 2023 15:40 WIB "
KPK Pernah Periksa Rafael Alun Tahun 2018: Ada yang Nggak Pas Waktu Itu,https://news.detik.com/berita/d-6595089/kpk-pernah-periksa-rafael-alun-tahun-2018-ada-yang-nggak-pas-waktu-itu,"
Rabu, 01 Mar 2023 15:28 WIB "
KPK Pastikan Klarifikasi ke Rafael Alun Tak Hanya Sekali,https://news.detik.com/berita/d-6595072/kpk-pastikan-klarifikasi-ke-rafael-alun-tak-hanya-sekali,"
Rabu, 01 Mar 2023 15:22 WIB "
"6 Jam Berlalu, Rafael Alun Masih Diperiksa KPK soal LHKPN Rp 56 Miliar",https://news.detik.com/berita/d-6595088/6-jam-berlalu-rafael-alun-masih-diperiksa-kpk-soal-lhkpn-rp-56-miliar,"
Rabu, 01 Mar 2023 15:21 WIB "
Pihak Mario Dandy Balas Tuduhan Tak Pernah Bayar Tol: Urusannya Apa?,https://news.detik.com/berita/d-6594936/pihak-mario-dandy-balas-tuduhan-tak-pernah-bayar-tol-urusannya-apa,"
Rabu, 01 Mar 2023 14:37 WIB "
Wapres Ma'ruf Minta Masyarakat Tak Antibayar Pajak Buntut Kasus Mario Dandy,https://news.detik.com/berita/d-6594898/wapres-maruf-minta-masyarakat-tak-antibayar-pajak-buntut-kasus-mario-dandy,"
Rabu, 01 Mar 2023 14:24 WIB "
Pengacara Shane Klaim Mario Dandy Tak Pernah Bayar Tol!,https://news.detik.com/berita/d-6594837/pengacara-shane-klaim-mario-dandy-tak-pernah-bayar-tol,"
Rabu, 01 Mar 2023 14:08 WIB "
Perempuan A Pacar Mario Dandy Diperiksa Psikolog Forensik,https://news.detik.com/berita/d-6594748/perempuan-a-pacar-mario-dandy-diperiksa-psikolog-forensik,"
Rabu, 01 Mar 2023 13:30 WIB "
Membedah Pasal Penganiayaan Berat Diusulkan Mahfud untuk Jerat Mario Dandy,https://news.detik.com/berita/d-6594553/membedah-pasal-penganiayaan-berat-diusulkan-mahfud-untuk-jerat-mario-dandy,"
Rabu, 01 Mar 2023 11:56 WIB "
"LPSK soal Permintaan Terbaru Keluarga David, Tak Ada soal Ganti Rugi",https://news.detik.com/berita/d-6594476/lpsk-soal-permintaan-terbaru-keluarga-david-tak-ada-soal-ganti-rugi,"
Rabu, 01 Mar 2023 11:19 WIB "
"Kabar Terbaru Kondisi David Korban Mario Dandy, Ini Penjelasan Dokter",https://news.detik.com/berita/d-6594459/kabar-terbaru-kondisi-david-korban-mario-dandy-ini-penjelasan-dokter,"
Rabu, 01 Mar 2023 11:13 WIB "
"Said Aqil Ancam Tolak Bayar Pajak, Gus Fahrur Ingatkan Patuhi Pemerintah",https://news.detik.com/berita/d-6594451/said-aqil-ancam-tolak-bayar-pajak-gus-fahrur-ingatkan-patuhi-pemerintah,"
Rabu, 01 Mar 2023 11:07 WIB "
Kata Polisi soal Mahfud Desak Mario Dandy Dijerat Pasal Penganiayaan Berat,https://news.detik.com/berita/d-6594441/kata-polisi-soal-mahfud-desak-mario-dandy-dijerat-pasal-penganiayaan-berat,"
Rabu, 01 Mar 2023 11:05 WIB "
Intip Harta Rp 56 M Rafael Alun Eks Pejabat Pajak yang Diperiksa KPK,https://news.detik.com/berita/d-6594440/intip-harta-rp-56-m-rafael-alun-eks-pejabat-pajak-yang-diperiksa-kpk,"
Rabu, 01 Mar 2023 11:04 WIB "
KPK: Rafael Alun Punya Saham di 6 Perusahaan,https://news.detik.com/berita/d-6594298/kpk-rafael-alun-punya-saham-di-6-perusahaan,"
Rabu, 01 Mar 2023 09:51 WIB "
Rafael Alun Ayah Mario Dandy Penuhi Panggilan KPK,https://news.detik.com/berita/d-6594202/rafael-alun-ayah-mario-dandy-penuhi-panggilan-kpk,"
Rabu, 01 Mar 2023 08:29 WIB "
Alasan 'Cuma' Merekam Bikin Shane Berharap Penahanan Ditangguhkan,https://news.detik.com/berita/d-6594181/alasan-cuma-merekam-bikin-shane-berharap-penahanan-ditangguhkan,"
Rabu, 01 Mar 2023 08:01 WIB "
Pengakuan Shane Ganti Nopol Rubicon Sebab Diperintah Mario Dandy,https://news.detik.com/berita/d-6594145/pengakuan-shane-ganti-nopol-rubicon-sebab-diperintah-mario-dandy,"
Rabu, 01 Mar 2023 07:03 WIB "
Komisi III DPR Dukung KPK Klarifikasi Ayah Mario Dandy soal Harta Rp 56 M,https://news.detik.com/berita/d-6594136/komisi-iii-dpr-dukung-kpk-klarifikasi-ayah-mario-dandy-soal-harta-rp-56-m,"
Rabu, 01 Mar 2023 06:40 WIB "
KPK Panggil Rafael Ayah Mario Dandy untuk Klarifikasi Harta Rp 56 M Hari Ini,https://news.detik.com/berita/d-6594115/kpk-panggil-rafael-ayah-mario-dandy-untuk-klarifikasi-harta-rp-56-m-hari-ini,"
Rabu, 01 Mar 2023 05:38 WIB "
Harapan Keluarga ke KPAI agar David Dapat Perlindungan,https://news.detik.com/berita/d-6593996/harapan-keluarga-ke-kpai-agar-david-dapat-perlindungan,"
Selasa, 28 Feb 2023 21:36 WIB "
"Soroti Rafael Alun, Said Aqil: Kalau Uang Haram, Pasti Anaknya Nakal",https://news.detik.com/berita/d-6593947/soroti-rafael-alun-said-aqil-kalau-uang-haram-pasti-anaknya-nakal,"
Selasa, 28 Feb 2023 21:05 WIB "
Mahfud: PPATK Surati KPK soal Dugaan Pencucian Uang Rafael Alun Sejak 2012,https://news.detik.com/berita/d-6593925/mahfud-ppatk-surati-kpk-soal-dugaan-pencucian-uang-rafael-alun-sejak-2012,"
Selasa, 28 Feb 2023 20:48 WIB "
Said Aqil: Ulama Akan Ajak Warga Tak Bayar Pajak Jika Terbukti Diselewengkan,https://news.detik.com/berita/d-6593898/said-aqil-ulama-akan-ajak-warga-tak-bayar-pajak-jika-terbukti-diselewengkan,"
Selasa, 28 Feb 2023 20:28 WIB "
Ancang-ancang KPK Soroti Harta Kekayaan Rafael Alun Eks Pejabat Pajak,https://news.detik.com/berita/d-6593851/ancang-ancang-kpk-soroti-harta-kekayaan-rafael-alun-eks-pejabat-pajak,"
Selasa, 28 Feb 2023 20:06 WIB "
Mahfud Desak Polisi Terapkan Pasal Penganiayaan Berat di Kasus Mario Dandy,https://news.detik.com/berita/d-6593768/mahfud-desak-polisi-terapkan-pasal-penganiayaan-berat-di-kasus-mario-dandy,"
Selasa, 28 Feb 2023 19:24 WIB "
Dokter Ungkap David Alami Trauma di Kepala Usai Dianiaya Mario Dandy,https://news.detik.com/berita/d-6593674/dokter-ungkap-david-alami-trauma-di-kepala-usai-dianiaya-mario-dandy,"
Selasa, 28 Feb 2023 18:38 WIB "
Pengacara Shane Sebut Perempuan A Ikut Rekam Saat Mario Aniaya David,https://news.detik.com/berita/d-6593634/pengacara-shane-sebut-perempuan-a-ikut-rekam-saat-mario-aniaya-david,"
Selasa, 28 Feb 2023 18:24 WIB "
Mahfud Jenguk David Korban Penganiayaan Mario Dandy di RS Mayapada,https://news.detik.com/berita/d-6593629/mahfud-jenguk-david-korban-penganiayaan-mario-dandy-di-rs-mayapada,"
Selasa, 28 Feb 2023 18:21 WIB "
"Ayah David Ogah Damai di Kasus Penganiayaan, Ungkit Keterlibatan Perempuan A",https://news.detik.com/berita/d-6593485/ayah-david-ogah-damai-di-kasus-penganiayaan-ungkit-keterlibatan-perempuan-a,"
Selasa, 28 Feb 2023 17:22 WIB "
"Ada Botol Miras di Rubicon Mario Dandy, Ini Kata Pengacara Shane",https://news.detik.com/berita/d-6593458/ada-botol-miras-di-rubicon-mario-dandy-ini-kata-pengacara-shane,"
Selasa, 28 Feb 2023 17:09 WIB "
Tim Dokter: Terlalu Teledor Jika David Disebut Alami Diffuse Axonal Injury,https://news.detik.com/berita/d-6593448/tim-dokter-terlalu-teledor-jika-david-disebut-alami-diffuse-axonal-injury,"
Selasa, 28 Feb 2023 17:05 WIB "
Tim Dokter Ungkap Perkembangan Signifikan David Korban Mario Dandy,https://news.detik.com/berita/d-6593398/tim-dokter-ungkap-perkembangan-signifikan-david-korban-mario-dandy,"
Selasa, 28 Feb 2023 16:48 WIB "
Pengacara Shane: Ada Perekam Lain Saat Mario Dandy Aniaya David,https://news.detik.com/berita/d-6593292/pengacara-shane-ada-perekam-lain-saat-mario-dandy-aniaya-david,"
Selasa, 28 Feb 2023 16:13 WIB "
Pengacara Ungkap Alasan Shane Teman Mario Tertawa Sebelum Jadi Tersangka,https://news.detik.com/berita/d-6593245/pengacara-ungkap-alasan-shane-teman-mario-tertawa-sebelum-jadi-tersangka,"
Selasa, 28 Feb 2023 15:53 WIB "
Mahfud: Kekayaan Rafael Alun Ayah Dandy Harus Dipertanggungjawabkan!,https://news.detik.com/berita/d-6593164/mahfud-kekayaan-rafael-alun-ayah-dandy-harus-dipertanggungjawabkan,"
Selasa, 28 Feb 2023 15:17 WIB "
Ini 3 Hal yang Diajukan Ortu David Korban Penganiayaan Mario ke LPSK,https://news.detik.com/berita/d-6593149/ini-3-hal-yang-diajukan-ortu-david-korban-penganiayaan-mario-ke-lpsk,"
Selasa, 28 Feb 2023 15:09 WIB "
"Panggil Rafael Alun, KPK Bakal Klarifikasi Sumber Harta Rp 56 Miliar",https://news.detik.com/berita/d-6593111/panggil-rafael-alun-kpk-bakal-klarifikasi-sumber-harta-rp-56-miliar,"
Selasa, 28 Feb 2023 14:57 WIB "
Pengacara Ungkap Kapasitas 2 Saksi Meringankan Shane di Kasus Mario Dandy,https://news.detik.com/berita/d-6592980/pengacara-ungkap-kapasitas-2-saksi-meringankan-shane-di-kasus-mario-dandy,"
Selasa, 28 Feb 2023 14:03 WIB "
"Selain Perempuan A, Keluarga David Juga Minta Perlindungan KPAI",https://news.detik.com/berita/d-6592953/selain-perempuan-a-keluarga-david-juga-minta-perlindungan-kpai,"
Selasa, 28 Feb 2023 13:50 WIB "
Pengacara: Ada Relasi Ketergantungan yang Jadikan Shane Nurut dengan Mario,https://news.detik.com/berita/d-6592918/pengacara-ada-relasi-ketergantungan-yang-jadikan-shane-nurut-dengan-mario,"
Selasa, 28 Feb 2023 13:31 WIB "
Kata Muhadjir soal Perempuan A di Kasus Mario Dandy Minta Perlindungan KPAI,https://news.detik.com/berita/d-6592870/kata-muhadjir-soal-perempuan-a-di-kasus-mario-dandy-minta-perlindungan-kpai,"
Selasa, 28 Feb 2023 13:13 WIB "
"Harta Rafael Alun Disorot, KPK Bicara soal Bukti Awal Dugaan Korupsi",https://news.detik.com/berita/d-6592848/harta-rafael-alun-disorot-kpk-bicara-soal-bukti-awal-dugaan-korupsi,"
Selasa, 28 Feb 2023 13:01 WIB "
KPAI Tindak Lanjut Aduan Pengacara dan Keluarga A di Kasus Mario Dandy,https://news.detik.com/berita/d-6592812/kpai-tindak-lanjut-aduan-pengacara-dan-keluarga-a-di-kasus-mario-dandy,"
Selasa, 28 Feb 2023 12:49 WIB "
Cerita Warga Jogja Tegur Mario Dandy Kerap Geber Harley Depan Rumah,https://news.detik.com/berita/d-6592779/cerita-warga-jogja-tegur-mario-dandy-kerap-geber-harley-depan-rumah,"
Selasa, 28 Feb 2023 12:37 WIB "
Lurah di Manado Sebut Pajak Rumah Mewah Rafael Alun Seharusnya Lebih Besar,https://news.detik.com/berita/d-6592572/lurah-di-manado-sebut-pajak-rumah-mewah-rafael-alun-seharusnya-lebih-besar,"
Selasa, 28 Feb 2023 11:14 WIB "
Kuasa Hukum Perempuan A di Kasus Mario Dandy Datangi KPAI Pagi Ini,https://news.detik.com/berita/d-6592464/kuasa-hukum-perempuan-a-di-kasus-mario-dandy-datangi-kpai-pagi-ini,"
Selasa, 28 Feb 2023 10:23 WIB "
Penampakan Rumah Mewah Rafael Alun Ayah Mario Dandy di Kota Jogja,https://news.detik.com/berita/d-6592461/penampakan-rumah-mewah-rafael-alun-ayah-mario-dandy-di-kota-jogja,"
Selasa, 28 Feb 2023 10:21 WIB "
MAKI Desak KPK Cepat Tangani Masalah Harta Rafael Alun: Publik Memperhatikan,https://news.detik.com/berita/d-6592279/maki-desak-kpk-cepat-tangani-masalah-harta-rafael-alun-publik-memperhatikan,"
Selasa, 28 Feb 2023 07:56 WIB "
"7 Kabar Terkini Kasus Mario Dandy, Sosok AG dan APA Masih Ditelusuri",https://news.detik.com/berita/d-6592269/7-kabar-terkini-kasus-mario-dandy-sosok-ag-dan-apa-masih-ditelusuri,"
Selasa, 28 Feb 2023 07:46 WIB "
Pengacara: Shane Lukas Disuruh Mario Dandy Ganti Nopol Mobil Rubicon,https://news.detik.com/berita/d-6592242/pengacara-shane-lukas-disuruh-mario-dandy-ganti-nopol-mobil-rubicon,"
Selasa, 28 Feb 2023 07:08 WIB "
Buntut Panjang Harta Rafael Alun yang Segera Dipanggil KPK,https://news.detik.com/berita/d-6592227/buntut-panjang-harta-rafael-alun-yang-segera-dipanggil-kpk,"
Selasa, 28 Feb 2023 06:51 WIB "
Pengacara Harap Penahanan Shane Ditangguhkan: Perannya 'Cuma' Merekam,https://news.detik.com/berita/d-6592210/pengacara-harap-penahanan-shane-ditangguhkan-perannya-cuma-merekam,"
Selasa, 28 Feb 2023 06:39 WIB "
"Dijemput Rubicon, Shane Berdalih Tak Tahu Mario Dandy Bakal Temui David",https://news.detik.com/berita/d-6592203/dijemput-rubicon-shane-berdalih-tak-tahu-mario-dandy-bakal-temui-david,"
Selasa, 28 Feb 2023 06:28 WIB "
Keluarga dan Tim Dokter Segera Beri Penjelasan soal Kondisi David,https://news.detik.com/berita/d-6591926/keluarga-dan-tim-dokter-segera-beri-penjelasan-soal-kondisi-david,"
Senin, 27 Feb 2023 20:05 WIB "
KPK Akan Dalami Kepemilikan Harley-Rubicon ke Rafael Ayah Mario Dandy,https://news.detik.com/berita/d-6591913/kpk-akan-dalami-kepemilikan-harley-rubicon-ke-rafael-ayah-mario-dandy,"
Senin, 27 Feb 2023 19:50 WIB "
"LBH Ansor Minta A Jadi Tersangka, Pihak Dandy: Kalau Terlibat Harus Diproses",https://news.detik.com/berita/d-6591822/lbh-ansor-minta-a-jadi-tersangka-pihak-dandy-kalau-terlibat-harus-diproses,"
Senin, 27 Feb 2023 19:09 WIB "
Shane Lukas Bakal Ajukan 2 Saksi Meringankan di Kasus Mario Dandy,https://news.detik.com/berita/d-6591779/shane-lukas-bakal-ajukan-2-saksi-meringankan-di-kasus-mario-dandy,"
Senin, 27 Feb 2023 18:47 WIB "
Ini Tampang Shane Tersangka Kedua di Kasus Mario Dandy Aniaya David,https://news.detik.com/berita/d-6591729/ini-tampang-shane-tersangka-kedua-di-kasus-mario-dandy-aniaya-david,"
Senin, 27 Feb 2023 18:26 WIB "
LPSK Proses Permohonan Perlindungan David Korban Penganiayaan Mario Dandy,https://news.detik.com/berita/d-6591637/lpsk-proses-permohonan-perlindungan-david-korban-penganiayaan-mario-dandy,"
Senin, 27 Feb 2023 17:56 WIB "
Data KPK: Pegawai Kemenkeu yang Belum Lapor LHKPN 2022 Sisa 4.231 Orang,https://news.detik.com/berita/d-6591588/data-kpk-pegawai-kemenkeu-yang-belum-lapor-lhkpn-2022-sisa-4-231-orang,"
Senin, 27 Feb 2023 17:33 WIB "
Kapolda Metro Irjen Fadil Atensi Kasus Mario Dandy Aniaya David,https://news.detik.com/berita/d-6591485/kapolda-metro-irjen-fadil-atensi-kasus-mario-dandy-aniaya-david,"
Senin, 27 Feb 2023 16:51 WIB "
"Viral Shane Teman Mario Tertawa Sebelum Jadi Tersangka, Ini Kata Polisi",https://news.detik.com/berita/d-6591423/viral-shane-teman-mario-tertawa-sebelum-jadi-tersangka-ini-kata-polisi,"
Senin, 27 Feb 2023 16:37 WIB "
"Ke RS Mayapada, Pengacara Mario Dandy Gagal Jenguk David",https://news.detik.com/berita/d-6591258/ke-rs-mayapada-pengacara-mario-dandy-gagal-jenguk-david,"
Senin, 27 Feb 2023 15:43 WIB "
Kepala Yayasan Pangudi Luhur Ungkap Ortu Bersyukur David Membaik: Mukjizat,https://news.detik.com/berita/d-6591161/kepala-yayasan-pangudi-luhur-ungkap-ortu-bersyukur-david-membaik-mukjizat,"
Senin, 27 Feb 2023 15:01 WIB "
2 Fokus Polisi dalam Penyidikan Kasus Mario Dandy Aniaya David,https://news.detik.com/berita/d-6591136/2-fokus-polisi-dalam-penyidikan-kasus-mario-dandy-aniaya-david,"
Senin, 27 Feb 2023 14:47 WIB "
KPK Panggil Rafael Alun Ayah Mario Dandy Klarifikasi Harta Rp 56 M Lusa,https://news.detik.com/berita/d-6591095/kpk-panggil-rafael-alun-ayah-mario-dandy-klarifikasi-harta-rp-56-m-lusa,"
Senin, 27 Feb 2023 14:34 WIB "
Polisi Kolaborasi dengan Pemerhati Anak soal Status AG di Kasus Mario Dandy,https://news.detik.com/berita/d-6591063/polisi-kolaborasi-dengan-pemerhati-anak-soal-status-ag-di-kasus-mario-dandy,"
Senin, 27 Feb 2023 14:23 WIB "
Narasi 'Perbuatan Tak Baik' di Balik Mario Dandy Aniaya David Masih Misterius,https://news.detik.com/berita/d-6591030/narasi-perbuatan-tak-baik-di-balik-mario-dandy-aniaya-david-masih-misterius,"
Senin, 27 Feb 2023 14:11 WIB "
"Heboh Mario Dandy Bawa Rubicon Masuk Sabana Bromo, TNBTS Buka Suara",https://news.detik.com/berita/d-6590989/heboh-mario-dandy-bawa-rubicon-masuk-sabana-bromo-tnbts-buka-suara,"
Senin, 27 Feb 2023 13:58 WIB "
"Polisi Gelar Perkara Kasus Mario Dandy Aniaya David, Kapolda Metro Hadir",https://news.detik.com/berita/d-6590914/polisi-gelar-perkara-kasus-mario-dandy-aniaya-david-kapolda-metro-hadir,"
Senin, 27 Feb 2023 13:45 WIB "
Siapa Sosok APA Disebut 'Pembisik' ke Mario Dandy hingga Aniaya David?,https://news.detik.com/berita/d-6590898/siapa-sosok-apa-disebut-pembisik-ke-mario-dandy-hingga-aniaya-david,"
Senin, 27 Feb 2023 13:37 WIB "
"Rafael Alun Tak Akui, Lantas Punya Siapa Rubicon Dipakai Mario Dandy?",https://news.detik.com/berita/d-6590849/rafael-alun-tak-akui-lantas-punya-siapa-rubicon-dipakai-mario-dandy,"
Senin, 27 Feb 2023 13:13 WIB "
"Pengunduran Diri Ayah Mario Dandy dari ASN Harus Ditolak, Ini Aturannya",https://news.detik.com/berita/d-6590701/pengunduran-diri-ayah-mario-dandy-dari-asn-harus-ditolak-ini-aturannya,"
Senin, 27 Feb 2023 12:22 WIB "
Apa Itu Spectator Effect yang Disebut Dialami Dandy saat Aniaya David?,https://news.detik.com/berita/d-6590685/apa-itu-spectator-effect-yang-disebut-dialami-dandy-saat-aniaya-david,"
Senin, 27 Feb 2023 12:12 WIB "
"Alissa Wahid Sedih: Karena Mario Dandy, David Tak Lagi Seperti Foto Ini",https://news.detik.com/berita/d-6590280/alissa-wahid-sedih-karena-mario-dandy-david-tak-lagi-seperti-foto-ini,"
Senin, 27 Feb 2023 08:53 WIB "
"Dandy Minta Aksi Aniaya David Direkam, Kriminolog Bicara Spectator Effect",https://news.detik.com/berita/d-6590274/dandy-minta-aksi-aniaya-david-direkam-kriminolog-bicara-spectator-effect,"
Senin, 27 Feb 2023 08:48 WIB "
Kian Membaik Kondisi David Usai Dianiaya Mario Dandy,https://news.detik.com/berita/d-6590254/kian-membaik-kondisi-david-usai-dianiaya-mario-dandy,"
Senin, 27 Feb 2023 08:30 WIB "
"Total 10 Saksi Diperiksa di Kasus Mario Dandy, Termasuk AG dan APA",https://news.detik.com/berita/d-6590225/total-10-saksi-diperiksa-di-kasus-mario-dandy-termasuk-ag-dan-apa,"
Senin, 27 Feb 2023 07:45 WIB "
7 Fakta tentang 2 Perempuan di Kasus Mario Dandy Tersangka Penganiaya,https://news.detik.com/berita/d-6590186/7-fakta-tentang-2-perempuan-di-kasus-mario-dandy-tersangka-penganiaya,"
Senin, 27 Feb 2023 06:57 WIB "
Mario Dandy Bilang 'Ya Nyesellah' Usai Heboh Telah Berulah,https://news.detik.com/berita/d-6589942/mario-dandy-bilang-ya-nyesellah-usai-heboh-telah-berulah,"
Minggu, 26 Feb 2023 20:22 WIB "
"Pacar Mario Dandy Minta Perlindungan, KPAI Bilang Belum Ada Pengajuan",https://news.detik.com/berita/d-6589860/pacar-mario-dandy-minta-perlindungan-kpai-bilang-belum-ada-pengajuan,"
Minggu, 26 Feb 2023 19:05 WIB "
Kata Polres Jaksel soal Desakan Dandy Dijerat Pasal Percobaan Pembunuhan,https://news.detik.com/berita/d-6589827/kata-polres-jaksel-soal-desakan-dandy-dijerat-pasal-percobaan-pembunuhan,"
Minggu, 26 Feb 2023 18:20 WIB "
Gus Yahya Ungkap Kondisi David: Membaik Lebih Cepat,https://news.detik.com/detiktv/d-6589804/gus-yahya-ungkap-kondisi-david-membaik-lebih-cepat,"
Minggu, 26 Feb 2023 17:53 WIB "
"Gaya Hidup Pejabat Pajak Disorot, DPR Dorong Kemenkeu Berbenah",https://news.detik.com/berita/d-6589622/gaya-hidup-pejabat-pajak-disorot-dpr-dorong-kemenkeu-berbenah,"
Minggu, 26 Feb 2023 15:53 WIB "
Alur Peristiwa Mario Dandy Dibisiki soal Curhat AG hingga Aniaya David,https://news.detik.com/berita/d-6589528/alur-peristiwa-mario-dandy-dibisiki-soal-curhat-ag-hingga-aniaya-david,"
Minggu, 26 Feb 2023 14:49 WIB "
"Ketum PBNU Ungkap Kondisi David Membaik, Ventilator Sudah Dilepas",https://news.detik.com/berita/d-6589517/ketum-pbnu-ungkap-kondisi-david-membaik-ventilator-sudah-dilepas,"
Minggu, 26 Feb 2023 14:37 WIB "
PWNU DKI Gelar Doa Bersama di Depan RS Mayapada untuk Kesembuhan David,https://news.detik.com/berita/d-6589516/pwnu-dki-gelar-doa-bersama-di-depan-rs-mayapada-untuk-kesembuhan-david,"
Minggu, 26 Feb 2023 14:37 WIB "
Istri Gus Dur Jenguk David Korban Penganiayaan Mario Dandy di RS Mayapada,https://news.detik.com/berita/d-6589502/istri-gus-dur-jenguk-david-korban-penganiayaan-mario-dandy-di-rs-mayapada,"
Minggu, 26 Feb 2023 14:25 WIB "
Pembisik Dandy soal Curhat AG 'Perbuatan Tidak Baik' Sudah Diperiksa Polisi,https://news.detik.com/berita/d-6589465/pembisik-dandy-soal-curhat-ag-perbuatan-tidak-baik-sudah-diperiksa-polisi,"
Minggu, 26 Feb 2023 13:58 WIB "
Membedah Peran Mario dan Shane di Kasus Penganiayaan David,https://news.detik.com/berita/d-6589443/membedah-peran-mario-dan-shane-di-kasus-penganiayaan-david,"
Minggu, 26 Feb 2023 13:34 WIB "
Analisis Kriminolog Soal Mario Dandy Minta Aksinya Aniaya David Direkam,https://news.detik.com/berita/d-6589399/analisis-kriminolog-soal-mario-dandy-minta-aksinya-aniaya-david-direkam,"
Minggu, 26 Feb 2023 12:59 WIB "
"Muncul Akun Medsos Ngaku Pacar Mario Dandy, Pengacara Bantah Itu Akun AG",https://news.detik.com/berita/d-6589381/muncul-akun-medsos-ngaku-pacar-mario-dandy-pengacara-bantah-itu-akun-ag,"
Minggu, 26 Feb 2023 12:31 WIB "
"Perempuan AG Pacar Mario Sudah 3 Kali Diperiksa, Apa yang Digali Polisi?",https://news.detik.com/berita/d-6589357/perempuan-ag-pacar-mario-sudah-3-kali-diperiksa-apa-yang-digali-polisi,"
Minggu, 26 Feb 2023 12:05 WIB "
Pernyataan 3 Menteri yang Buka Suara soal Mario Dandy Aniaya David,https://news.detik.com/berita/d-6589338/pernyataan-3-menteri-yang-buka-suara-soal-mario-dandy-aniaya-david,"
Minggu, 26 Feb 2023 11:48 WIB "
Ada Sosok Perempuan Lain Pembisik Mario Dandy soal Curhat AG tentang David,https://news.detik.com/berita/d-6589271/ada-sosok-perempuan-lain-pembisik-mario-dandy-soal-curhat-ag-tentang-david,"
Minggu, 26 Feb 2023 11:00 WIB "
Pernyataan Sikap 3 Sekolah dan 1 Kampus Buntut Mario Dandy Aniaya David,https://news.detik.com/berita/d-6589232/pernyataan-sikap-3-sekolah-dan-1-kampus-buntut-mario-dandy-aniaya-david,"
Minggu, 26 Feb 2023 10:14 WIB "
4 Fakta Terkini Kondisi David Korban Penganiayaan Mario Dandy,https://news.detik.com/berita/d-6589201/4-fakta-terkini-kondisi-david-korban-penganiayaan-mario-dandy,"
Minggu, 26 Feb 2023 09:35 WIB "
Ibu Mario Dandy Disebut Sempat Jenguk David dan Minta Maaf,https://news.detik.com/berita/d-6589159/ibu-mario-dandy-disebut-sempat-jenguk-david-dan-minta-maaf,"
Minggu, 26 Feb 2023 09:08 WIB "
Penghuni Sebut Perumahan Elite di Manado Dimiliki Rafael Ayah Mario Dandy,https://news.detik.com/berita/d-6589144/penghuni-sebut-perumahan-elite-di-manado-dimiliki-rafael-ayah-mario-dandy,"
Minggu, 26 Feb 2023 08:54 WIB "
Mahfud: Pemeriksaan Harta Ayah Dandy Harus Lanjut Meski Mundur dari ASN,https://news.detik.com/berita/d-6589131/mahfud-pemeriksaan-harta-ayah-dandy-harus-lanjut-meski-mundur-dari-asn,"
Minggu, 26 Feb 2023 08:33 WIB "
Mencuat Desakan Dandy Penganiaya David Dijerat Pasal Percobaan Pembunuhan,https://news.detik.com/berita/d-6589116/mencuat-desakan-dandy-penganiaya-david-dijerat-pasal-percobaan-pembunuhan,"
Minggu, 26 Feb 2023 08:04 WIB "
Anggota DPR Bakal Pantau Pemeriksaan Harta Ayah Mario Dandy oleh Kemenkeu,https://news.detik.com/berita/d-6589108/anggota-dpr-bakal-pantau-pemeriksaan-harta-ayah-mario-dandy-oleh-kemenkeu,"
Minggu, 26 Feb 2023 07:55 WIB "
"'Ya Nyesellah,' Kata Mario Dandy soal Penyesalan Aniaya David",https://news.detik.com/berita/d-6589106/ya-nyesellah-kata-mario-dandy-soal-penyesalan-aniaya-david,"
Minggu, 26 Feb 2023 07:45 WIB "
"Perempuan A Pacar Mario Dandy Minta Perlindungan, KPAI Respons Begini",https://news.detik.com/berita/d-6589094/perempuan-a-pacar-mario-dandy-minta-perlindungan-kpai-respons-begini,"
Minggu, 26 Feb 2023 07:15 WIB "
Kejinya Mario Dandy Selebrasi 'Siu' Ala Ronaldo Saat Hajar David,https://news.detik.com/berita/d-6589089/kejinya-mario-dandy-selebrasi-siu-ala-ronaldo-saat-hajar-david,"
Minggu, 26 Feb 2023 07:03 WIB "
"Kuasa Hukum: A Pacar Dandy Selesai Diperiksa Polisi, Status Masih Saksi",https://news.detik.com/berita/d-6589017/kuasa-hukum-a-pacar-dandy-selesai-diperiksa-polisi-status-masih-saksi,"
Minggu, 26 Feb 2023 00:45 WIB "
Polisi Kembali Periksa Perempuan A Pacar Dandy di Kasus Penganiayaan David,https://news.detik.com/berita/d-6588889/polisi-kembali-periksa-perempuan-a-pacar-dandy-di-kasus-penganiayaan-david,"
Sabtu, 25 Feb 2023 21:30 WIB "
Polisi: Mario Dandy Ngaku Menyesal Aniaya David,https://news.detik.com/berita/d-6588877/polisi-mario-dandy-ngaku-menyesal-aniaya-david,"
Sabtu, 25 Feb 2023 21:24 WIB "
Keluarga Ungkap Ibu Mario Dandy Sempat Jenguk David dan Minta Maaf,https://news.detik.com/berita/d-6588854/keluarga-ungkap-ibu-mario-dandy-sempat-jenguk-david-dan-minta-maaf,"
Sabtu, 25 Feb 2023 21:15 WIB "
Kondisi Terkini David Korban Mario Dandy: Mata dan Kaki Sempat Bergerak,https://news.detik.com/berita/d-6588844/kondisi-terkini-david-korban-mario-dandy-mata-dan-kaki-sempat-bergerak,"
Sabtu, 25 Feb 2023 21:02 WIB "
Tiada Henti Doa Kesembuhan bagi David Korban Penganiayaan Mario Dandy,https://news.detik.com/berita/d-6588814/tiada-henti-doa-kesembuhan-bagi-david-korban-penganiayaan-mario-dandy,"
Sabtu, 25 Feb 2023 20:22 WIB "
Sri Mulyani Ungkap Kondisi Terkini David Korban Penganiayaan Mario Dandy,https://news.detik.com/berita/d-6588706/sri-mulyani-ungkap-kondisi-terkini-david-korban-penganiayaan-mario-dandy,"
Sabtu, 25 Feb 2023 19:10 WIB "
"Jenguk ke Rumah Sakit, Sri Mulyani Minta Maaf ke Ortu David",https://news.detik.com/berita/d-6588674/jenguk-ke-rumah-sakit-sri-mulyani-minta-maaf-ke-ortu-david,"
Sabtu, 25 Feb 2023 18:56 WIB "
SMA Pangudi Luhur: Mario Dandy Bukan Alumni Kami,https://news.detik.com/berita/d-6588669/sma-pangudi-luhur-mario-dandy-bukan-alumni-kami,"
Sabtu, 25 Feb 2023 18:50 WIB "
Sri Mulyani: Remuk Hati Saya Lihat Kondisi David yang Dianiaya Mario Dandy,https://news.detik.com/berita/d-6588668/sri-mulyani-remuk-hati-saya-lihat-kondisi-david-yang-dianiaya-mario-dandy,"
Sabtu, 25 Feb 2023 18:46 WIB "
Sekolah David SMA Pangudi Luhur Desak Mario Dandy Dihukum Tegas,https://news.detik.com/berita/d-6588655/sekolah-david-sma-pangudi-luhur-desak-mario-dandy-dihukum-tegas,"
Sabtu, 25 Feb 2023 18:30 WIB "
KemenPPPA Pastikan Hak Anak di Kasus Mario Dendy Terjamin,https://news.detik.com/berita/d-6588631/kemenpppa-pastikan-hak-anak-di-kasus-mario-dendy-terjamin,"
Sabtu, 25 Feb 2023 18:15 WIB "
Papan Bunga Seruan 'Tangkap Perempuan A' Berjejer di Polres Jaksel,https://news.detik.com/berita/d-6588611/papan-bunga-seruan-tangkap-perempuan-a-berjejer-di-polres-jaksel,"
Sabtu, 25 Feb 2023 18:01 WIB "
"Soal Pasal Perencanaan Pembunuhan, Pihak Mario Dandy Pasrah ke Polisi",https://news.detik.com/berita/d-6588532/soal-pasal-perencanaan-pembunuhan-pihak-mario-dandy-pasrah-ke-polisi,"
Sabtu, 25 Feb 2023 17:02 WIB "
Pengacara Sebut Mario Dandy Ingin Minta Maaf ke David,https://news.detik.com/berita/d-6588491/pengacara-sebut-mario-dandy-ingin-minta-maaf-ke-david,"
Sabtu, 25 Feb 2023 16:26 WIB "
PPATK Bicara Indikasi Pencucian Uang dari Aset Kekayaan Ayah Mario Dandy,https://news.detik.com/berita/d-6588483/ppatk-bicara-indikasi-pencucian-uang-dari-aset-kekayaan-ayah-mario-dandy,"
Sabtu, 25 Feb 2023 16:15 WIB "
Keji! Mario Dandy Sempat Selebrasi 'Siu' Ronaldo Saat Aniaya David,https://news.detik.com/berita/d-6588409/keji-mario-dandy-sempat-selebrasi-siu-ronaldo-saat-aniaya-david,"
Sabtu, 25 Feb 2023 15:25 WIB "
GP Ansor Minta Mario Dandy Dites Ulang Narkoba dengan Sampel Rambut,https://news.detik.com/berita/d-6588372/gp-ansor-minta-mario-dandy-dites-ulang-narkoba-dengan-sampel-rambut,"
Sabtu, 25 Feb 2023 14:50 WIB "
Menag dan Menkeu Jenguk David Korban Penganiayaan Mario Dandy,https://news.detik.com/berita/d-6588296/menag-dan-menkeu-jenguk-david-korban-penganiayaan-mario-dandy,"
Sabtu, 25 Feb 2023 13:50 WIB "
Daftar Nama dan Inisial di Kasus Mario Dandy Aniaya David,https://news.detik.com/berita/d-6588257/daftar-nama-dan-inisial-di-kasus-mario-dandy-aniaya-david,"
Sabtu, 25 Feb 2023 13:12 WIB "
"Harta Rafael Alun Disoal, Partai Garuda Ingatkan soal Hukum & Pengawasan",https://news.detik.com/berita/d-6588255/harta-rafael-alun-disoal-partai-garuda-ingatkan-soal-hukum-pengawasan,"
Sabtu, 25 Feb 2023 13:10 WIB "
Yenny Wahid Jenguk David Korban Penganiayaan Mario Dandy di RS,https://news.detik.com/berita/d-6588244/yenny-wahid-jenguk-david-korban-penganiayaan-mario-dandy-di-rs,"
Sabtu, 25 Feb 2023 13:07 WIB "
LBH Ansor Minta Mario Dandy Dijerat Pasal Perencanaan Pembunuhan,https://news.detik.com/berita/d-6588219/lbh-ansor-minta-mario-dandy-dijerat-pasal-perencanaan-pembunuhan,"
Sabtu, 25 Feb 2023 12:49 WIB "
David Korban Penganiayaan Mario Dandy Ajukan Perlindungan ke LPSK,https://news.detik.com/berita/d-6588208/david-korban-penganiayaan-mario-dandy-ajukan-perlindungan-ke-lpsk,"
Sabtu, 25 Feb 2023 12:37 WIB "
Rangkaian Aksi Kejam Mario Dandy: Pemicu hingga Aniaya David Sampai Koma,https://news.detik.com/berita/d-6588204/rangkaian-aksi-kejam-mario-dandy-pemicu-hingga-aniaya-david-sampai-koma,"
Sabtu, 25 Feb 2023 12:29 WIB "
"Mario Dandy dan Shane Sama-sama Terancam 5 Tahun Bui, Ini Pasalnya",https://news.detik.com/berita/d-6588175/mario-dandy-dan-shane-sama-sama-terancam-5-tahun-bui-ini-pasalnya,"
Sabtu, 25 Feb 2023 12:06 WIB "
Buntut Panjang Kasus Mario Dandy: Di-DO Kampus hingga Harta Ayah Dilirik KPK,https://news.detik.com/berita/d-6588155/buntut-panjang-kasus-mario-dandy-di-do-kampus-hingga-harta-ayah-dilirik-kpk,"
Sabtu, 25 Feb 2023 11:45 WIB "
PBNU Minta Kasus Penganiayaan David Oleh Mario Dandy Diproses Secara Adil,https://news.detik.com/berita/d-6588118/pbnu-minta-kasus-penganiayaan-david-oleh-mario-dandy-diproses-secara-adil,"
Sabtu, 25 Feb 2023 11:21 WIB "
Papan Bunga 'Lekas Sembuh' untuk David Korban Mario Dandy Berjejer di RS,https://news.detik.com/berita/d-6588084/papan-bunga-lekas-sembuh-untuk-david-korban-mario-dandy-berjejer-di-rs,"
Sabtu, 25 Feb 2023 10:55 WIB "
Pengacara A Harap Kasus Dandy Aniaya David Tak Disamakan dengan Perkara Lain,https://news.detik.com/berita/d-6588042/pengacara-a-harap-kasus-dandy-aniaya-david-tak-disamakan-dengan-perkara-lain,"
Sabtu, 25 Feb 2023 10:23 WIB "
Perempuan A Ngaku Sudah Ingatkan Mario Dandy Tak Macam-macam ke David,https://news.detik.com/berita/d-6588040/perempuan-a-ngaku-sudah-ingatkan-mario-dandy-tak-macam-macam-ke-david,"
Sabtu, 25 Feb 2023 10:22 WIB "
Mario Dandy Pamer Kekayaan Ortu Dinilai Haus Penghargaan,https://news.detik.com/berita/d-6588012/mario-dandy-pamer-kekayaan-ortu-dinilai-haus-penghargaan,"
Sabtu, 25 Feb 2023 10:00 WIB "
Pengacara Sebut Bukan Perempuan A Penyebab Mario Dandy Aniaya David,https://news.detik.com/berita/d-6588005/pengacara-sebut-bukan-perempuan-a-penyebab-mario-dandy-aniaya-david,"
Sabtu, 25 Feb 2023 09:54 WIB "
Pengacara Tepis A Selfie dengan David yang Berdarah Dianiaya Mario Dandy,https://news.detik.com/berita/d-6587991/pengacara-tepis-a-selfie-dengan-david-yang-berdarah-dianiaya-mario-dandy,"
Sabtu, 25 Feb 2023 09:40 WIB "
"Rafael Alun Kena Getah Ulah Dandy, Anggota DPR Soroti Pendidikan Anak",https://news.detik.com/berita/d-6587985/rafael-alun-kena-getah-ulah-dandy-anggota-dpr-soroti-pendidikan-anak,"
Sabtu, 25 Feb 2023 09:35 WIB "
"Sahroni Bakal Jenguk David Ozora Hari Ini, Kawal Tak Ada Intervensi Kasus",https://news.detik.com/berita/d-6587979/sahroni-bakal-jenguk-david-ozora-hari-ini-kawal-tak-ada-intervensi-kasus,"
Sabtu, 25 Feb 2023 09:32 WIB "
Seruan Lintas Komisi di DPR Agar Kasus Mario Dandy Diusut Tuntas,https://news.detik.com/berita/d-6587960/seruan-lintas-komisi-di-dpr-agar-kasus-mario-dandy-diusut-tuntas,"
Sabtu, 25 Feb 2023 09:15 WIB "
Pengacara Minta KPAI Beri Perlindungan ke A Pacar Dandy,https://news.detik.com/berita/d-6587954/pengacara-minta-kpai-beri-perlindungan-ke-a-pacar-dandy,"
Sabtu, 25 Feb 2023 09:12 WIB "
Dokter Fokus Kurangi Pembengkakan di Kepala David Usai Dianiaya Mario Dandy,https://news.detik.com/berita/d-6587935/dokter-fokus-kurangi-pembengkakan-di-kepala-david-usai-dianiaya-mario-dandy,"
Sabtu, 25 Feb 2023 08:56 WIB "
3 Peran Shane Teman Mario Dandy yang Bertugas Rekam Penganiayaan David,https://news.detik.com/berita/d-6587921/3-peran-shane-teman-mario-dandy-yang-bertugas-rekam-penganiayaan-david,"
Sabtu, 25 Feb 2023 08:41 WIB "
"Mario Dandy Kena DO Usai Aniaya David, Pacarnya Kena Sanksi",https://news.detik.com/berita/d-6587906/mario-dandy-kena-do-usai-aniaya-david-pacarnya-kena-sanksi,"
Sabtu, 25 Feb 2023 08:32 WIB "
Ayah Mario Dandy Akhirnya Buka Suara soal Heboh Rubicon dan Harley,https://news.detik.com/berita/d-6587899/ayah-mario-dandy-akhirnya-buka-suara-soal-heboh-rubicon-dan-harley,"
Sabtu, 25 Feb 2023 08:25 WIB "
Ngeri Ucapan Mario Dandy 'Gak Takut Anak Orang Mati' Saat Aniaya David,https://news.detik.com/berita/d-6587880/ngeri-ucapan-mario-dandy-gak-takut-anak-orang-mati-saat-aniaya-david,"
Sabtu, 25 Feb 2023 08:03 WIB "
"Berstatus Saksi, Perempuan A Dipulangkan usai Pemeriksaan hingga Subuh",https://news.detik.com/berita/d-6587875/berstatus-saksi-perempuan-a-dipulangkan-usai-pemeriksaan-hingga-subuh,"
Sabtu, 25 Feb 2023 07:57 WIB "
Harapan Perempuan A Tak Disudutkan di Kasus Mario Dandy Aniaya David,https://news.detik.com/berita/d-6587866/harapan-perempuan-a-tak-disudutkan-di-kasus-mario-dandy-aniaya-david,"
Sabtu, 25 Feb 2023 07:31 WIB "
Ortu Masih Terpukul David Jadi Korban Penganiayaan Brutal Mario Dandy,https://news.detik.com/berita/d-6587859/ortu-masih-terpukul-david-jadi-korban-penganiayaan-brutal-mario-dandy,"
Sabtu, 25 Feb 2023 07:14 WIB "
Terbongkar Alasan Mario Dandy Pakai Nopol Bodong di Rubicon,https://news.detik.com/berita/d-6587848/terbongkar-alasan-mario-dandy-pakai-nopol-bodong-di-rubicon,"
Sabtu, 25 Feb 2023 06:58 WIB "
KemenPPPA Beri Pendampingan Untuk Pemulihan David Usai Dianiaya Dandy,https://news.detik.com/berita/d-6587802/kemenpppa-beri-pendampingan-untuk-pemulihan-david-usai-dianiaya-dandy,"
Sabtu, 25 Feb 2023 04:16 WIB "
Pengacara Minta Buzzer Tak Serang Perempuan A: Dia Nyaris Di-DO dari Sekolah,https://news.detik.com/berita/d-6587784/pengacara-minta-buzzer-tak-serang-perempuan-a-dia-nyaris-di-do-dari-sekolah,"
Sabtu, 25 Feb 2023 00:21 WIB "
"Pihak Perempuan A Muncul, Buka Suara soal Kasus Mario Dandy",https://news.detik.com/berita/d-6587763/pihak-perempuan-a-muncul-buka-suara-soal-kasus-mario-dandy,"
Jumat, 24 Feb 2023 23:04 WIB "
Banser Desak Polisi Usut Tuntas Kasus Penganiayaan Mario Dandy,https://news.detik.com/berita/d-6587749/banser-desak-polisi-usut-tuntas-kasus-penganiayaan-mario-dandy,"
Jumat, 24 Feb 2023 22:38 WIB "
"Shane dan Dandy Tersangka Penganiayaan David Sudah Dites Urine, Ini Hasilnya",https://news.detik.com/berita/d-6587731/shane-dan-dandy-tersangka-penganiayaan-david-sudah-dites-urine-ini-hasilnya,"
Jumat, 24 Feb 2023 22:15 WIB "
Percakapan Emosional Mario Dandy dan Shane Sebelum Aniaya David,https://news.detik.com/berita/d-6587719/percakapan-emosional-mario-dandy-dan-shane-sebelum-aniaya-david,"
Jumat, 24 Feb 2023 22:07 WIB "
"Anak Polah Bapak Kepradah, Mario Dandy Berulah Rafael Kena Getah",https://news.detik.com/berita/d-6587716/anak-polah-bapak-kepradah-mario-dandy-berulah-rafael-kena-getah,"
Jumat, 24 Feb 2023 22:04 WIB "
Polisi: Mario Dandy Lakukan Kekerasan terhadap David dalam Kondisi Sadar,https://news.detik.com/berita/d-6587688/polisi-mario-dandy-lakukan-kekerasan-terhadap-david-dalam-kondisi-sadar,"
Jumat, 24 Feb 2023 21:46 WIB "
Pihak David Desak Polisi Tersangkakan Perempuan A: Semua Awalnya dari Dia!,https://news.detik.com/berita/d-6587664/pihak-david-desak-polisi-tersangkakan-perempuan-a-semua-awalnya-dari-dia,"
Jumat, 24 Feb 2023 21:17 WIB "
Ternyata KPK dan PPATK Pernah Bergerak soal Harta Ayah Mario Dandy,https://news.detik.com/berita/d-6587656/ternyata-kpk-dan-ppatk-pernah-bergerak-soal-harta-ayah-mario-dandy,"
Jumat, 24 Feb 2023 21:08 WIB "
"Kondisi Membaik, David Masih Alami Bengkak di Kepala Usai Dianiaya Dandy",https://news.detik.com/berita/d-6587613/kondisi-membaik-david-masih-alami-bengkak-di-kepala-usai-dianiaya-dandy,"
Jumat, 24 Feb 2023 20:48 WIB "
LBH Ansor: Ada Video Panjang Saat David Dianiaya Mario dan Direkam oleh A,https://news.detik.com/berita/d-6587614/lbh-ansor-ada-video-panjang-saat-david-dianiaya-mario-dan-direkam-oleh-a,"
Jumat, 24 Feb 2023 20:48 WIB "
LBH Ansor Minta Mario Dandy Dites Urine: Tak Punya Rasa Kemanusiaan,https://news.detik.com/berita/d-6587582/lbh-ansor-minta-mario-dandy-dites-urine-tak-punya-rasa-kemanusiaan,"
Jumat, 24 Feb 2023 20:24 WIB "
Polisi: Shane Lukas Diduga Lakukan Pembiaran Saat Dandy Aniaya David,https://news.detik.com/berita/d-6587550/polisi-shane-lukas-diduga-lakukan-pembiaran-saat-dandy-aniaya-david,"
Jumat, 24 Feb 2023 20:05 WIB "
Polisi Masih Dalami 'Perbuatan Tidak Baik' Pemicu Mario Aniaya David,https://news.detik.com/berita/d-6587502/polisi-masih-dalami-perbuatan-tidak-baik-pemicu-mario-aniaya-david,"
Jumat, 24 Feb 2023 19:44 WIB "
Terungkap! Curhat A soal 'Perbuatan Tidak Baik' Dilaporkan Saksi Ini ke Dandy,https://news.detik.com/berita/d-6587461/terungkap-curhat-a-soal-perbuatan-tidak-baik-dilaporkan-saksi-ini-ke-dandy,"
Jumat, 24 Feb 2023 19:23 WIB "
Penjelasan Polisi soal Beredar Isu A Selfie Usai David Dianiaya Mario Dandy,https://news.detik.com/berita/d-6587443/penjelasan-polisi-soal-beredar-isu-a-selfie-usai-david-dianiaya-mario-dandy,"
Jumat, 24 Feb 2023 19:12 WIB "
Polisi: A Minta Mario Dandy Selesaikan Masalah dengan David Secara Baik,https://news.detik.com/berita/d-6587438/polisi-a-minta-mario-dandy-selesaikan-masalah-dengan-david-secara-baik,"
Jumat, 24 Feb 2023 19:08 WIB "
Polisi: Mario Dandy Suruh Shane Rekam Saat David Dianiaya,https://news.detik.com/berita/d-6587429/polisi-mario-dandy-suruh-shane-rekam-saat-david-dianiaya,"
Jumat, 24 Feb 2023 19:01 WIB "
"KPK Cek Harta Ayah Mario Dandy: Jika Ada Indikasi Pidana, Lanjut Penyelidikan",https://news.detik.com/berita/d-6587428/kpk-cek-harta-ayah-mario-dandy-jika-ada-indikasi-pidana-lanjut-penyelidikan,"
Jumat, 24 Feb 2023 19:01 WIB "
Video Aksi Sadis Penganiayaan David Direkam Shane Pakai HP Mario Dandy,https://news.detik.com/berita/d-6587427/video-aksi-sadis-penganiayaan-david-direkam-shane-pakai-hp-mario-dandy,"
Jumat, 24 Feb 2023 19:01 WIB "
"Shane Teman Dandy Dijerat UU Perlindungan Anak, Terancam 5 Tahun Penjara",https://news.detik.com/berita/d-6587415/shane-teman-dandy-dijerat-uu-perlindungan-anak-terancam-5-tahun-penjara,"
Jumat, 24 Feb 2023 18:57 WIB "
Aksi Keji Mario Dandy Tendang hingga Injak Kepala David Berkali-kali,https://news.detik.com/berita/d-6587409/aksi-keji-mario-dandy-tendang-hingga-injak-kepala-david-berkali-kali,"
Jumat, 24 Feb 2023 18:53 WIB "
"Mario Dandy Suruh Push Up 50 Kali, David Tak Kuat dan Cuma Bisa 20 Kali",https://news.detik.com/berita/d-6587405/mario-dandy-suruh-push-up-50-kali-david-tak-kuat-dan-cuma-bisa-20-kali,"
Jumat, 24 Feb 2023 18:51 WIB "
David Korban Dianiaya Mario Dandy Mulai Membaik: Tak Lagi Kejang-kejang,https://news.detik.com/berita/d-6587401/david-korban-dianiaya-mario-dandy-mulai-membaik-tak-lagi-kejang-kejang,"
Jumat, 24 Feb 2023 18:50 WIB "
"Ucapan Shane 'Ngomporin' Mario Dandy: Gue Kalau Jadi Lu, Pukulin Aja",https://news.detik.com/berita/d-6587396/ucapan-shane-ngomporin-mario-dandy-gue-kalau-jadi-lu-pukulin-aja,"
Jumat, 24 Feb 2023 18:48 WIB "
"Beda dari Mario Dandy, Tersangka Shane Terus Menunduk Saat Dipamerkan Polisi",https://news.detik.com/berita/d-6587394/beda-dari-mario-dandy-tersangka-shane-terus-menunduk-saat-dipamerkan-polisi,"
Jumat, 24 Feb 2023 18:46 WIB "
Tersangka Shane Resmi Ditahan di Kasus Mario Dandy Aniaya David!,https://news.detik.com/berita/d-6587392/tersangka-shane-resmi-ditahan-di-kasus-mario-dandy-aniaya-david,"
Jumat, 24 Feb 2023 18:45 WIB "
"Penampakan Shane, Tersangka Kedua di Kasus Mario Dandy Aniaya David",https://news.detik.com/berita/d-6587322/penampakan-shane-tersangka-kedua-di-kasus-mario-dandy-aniaya-david,"
Jumat, 24 Feb 2023 18:26 WIB "
Update Kasus Penganiayaan David,https://news.detik.com/detiktv/d-6587306/update-kasus-penganiayaan-david,"
Jumat, 24 Feb 2023 18:22 WIB "
"Di-DO dari Prasmul, Mario Dandy Penganiaya David Baru Kuliah 1 Semester",https://news.detik.com/berita/d-6587258/di-do-dari-prasmul-mario-dandy-penganiaya-david-baru-kuliah-1-semester,"
Jumat, 24 Feb 2023 18:17 WIB "
3 Hal soal Kondisi Terkini David Korban Penganiayaan Mario Dandy,https://news.detik.com/berita/d-6587224/3-hal-soal-kondisi-terkini-david-korban-penganiayaan-mario-dandy,"
Jumat, 24 Feb 2023 18:04 WIB "
'Jebakan' Mantan Pacar Bikin David Dihajar Mario Dandy Sampai Koma,https://news.detik.com/berita/d-6587223/jebakan-mantan-pacar-bikin-david-dihajar-mario-dandy-sampai-koma,"
Jumat, 24 Feb 2023 18:00 WIB "
Isi Laporan KPK ke Kemenkeu 2020: Harta Rafael Alun Kurang Sesuai Profil,https://news.detik.com/berita/d-6587202/isi-laporan-kpk-ke-kemenkeu-2020-harta-rafael-alun-kurang-sesuai-profil,"
Jumat, 24 Feb 2023 17:59 WIB "
Komentar Anies Usai Relawan Komentar Tak Pantas di Postingan Menag soal David,https://news.detik.com/pemilu/d-6587136/komentar-anies-usai-relawan-komentar-tak-pantas-di-postingan-menag-soal-david,"
Jumat, 24 Feb 2023 17:30 WIB "
KPK Ternyata Pernah Lapor Hasil Analisis Harta Ayah Mario Dandy ke Kemenkeu,https://news.detik.com/berita/d-6587100/kpk-ternyata-pernah-lapor-hasil-analisis-harta-ayah-mario-dandy-ke-kemenkeu,"
Jumat, 24 Feb 2023 17:16 WIB "
"Wapres Soroti Gaya Hidup Mewah Eks Pejabat Pajak, Singgung Kepercayaan Publik",https://news.detik.com/berita/d-6587078/wapres-soroti-gaya-hidup-mewah-eks-pejabat-pajak-singgung-kepercayaan-publik,"
Jumat, 24 Feb 2023 17:03 WIB "
Pernyataan Lengkap Rafael Alun Trisambodo Mundur dari ASN Ditjen Pajak,https://news.detik.com/berita/d-6587074/pernyataan-lengkap-rafael-alun-trisambodo-mundur-dari-asn-ditjen-pajak,"
Jumat, 24 Feb 2023 17:03 WIB "
SMA Tarakanita 1 Tindak Siswi A Pacar Mario Dandy Penganiaya David,https://news.detik.com/berita/d-6587027/sma-tarakanita-1-tindak-siswi-a-pacar-mario-dandy-penganiaya-david,"
Jumat, 24 Feb 2023 16:56 WIB "
Sekjen PAN Dorong Polisi Jerat Pasal Lebih Berat ke Mario Dandy,https://news.detik.com/berita/d-6586989/sekjen-pan-dorong-polisi-jerat-pasal-lebih-berat-ke-mario-dandy,"
Jumat, 24 Feb 2023 16:30 WIB "
"Mundur dari ASN Pajak, Rafael Alun Trisambodo Tetap Akan Klarifikasi LHKPN",https://news.detik.com/berita/d-6586940/mundur-dari-asn-pajak-rafael-alun-trisambodo-tetap-akan-klarifikasi-lhkpn,"
Jumat, 24 Feb 2023 16:18 WIB "
Rafael Alun Sebut Rubicon dan Harley yang Dipakai Mario Dandy Bukan Miliknya,https://news.detik.com/berita/d-6586935/rafael-alun-sebut-rubicon-dan-harley-yang-dipakai-mario-dandy-bukan-miliknya,"
Jumat, 24 Feb 2023 16:16 WIB "
"Kasus Anak Pejabat Pajak Aniaya David, Mahfud: Cari Siapa Lagi yang Terlibat",https://news.detik.com/berita/d-6586926/kasus-anak-pejabat-pajak-aniaya-david-mahfud-cari-siapa-lagi-yang-terlibat,"
Jumat, 24 Feb 2023 16:13 WIB "
Rafael Alun Trisambodo Mundur dari ASN Ditjen Pajak!,https://news.detik.com/berita/d-6586867/rafael-alun-trisambodo-mundur-dari-asn-ditjen-pajak,"
Jumat, 24 Feb 2023 15:58 WIB "
KPK Segera Panggil Ayah Mario Dandy soal LHKPN Berharta Rp 56 Miliar,https://news.detik.com/berita/d-6586850/kpk-segera-panggil-ayah-mario-dandy-soal-lhkpn-berharta-rp-56-miliar,"
Jumat, 24 Feb 2023 15:44 WIB "
PPATK Duga Ada Perantara di Balik Transaksi Aneh Ayah Mario Dandy,https://news.detik.com/berita/d-6586847/ppatk-duga-ada-perantara-di-balik-transaksi-aneh-ayah-mario-dandy,"
Jumat, 24 Feb 2023 15:42 WIB "
Amarah Mario Dandy Usai Dengar Aduan Pacar hingga Aniaya David Sampai Koma,https://news.detik.com/berita/d-6586788/amarah-mario-dandy-usai-dengar-aduan-pacar-hingga-aniaya-david-sampai-koma,"
Jumat, 24 Feb 2023 15:18 WIB "
"PD soal Mario Dandy: Hukum Harus Adil, Tak Bedakan Si Kaya-Si Miskin",https://news.detik.com/berita/d-6586741/pd-soal-mario-dandy-hukum-harus-adil-tak-bedakan-si-kaya-si-miskin,"
Jumat, 24 Feb 2023 14:54 WIB "
Kasus Mario Dandy Aniaya David Dinilai Tak Bisa Diselesaikan Lewat Damai,https://news.detik.com/berita/d-6586716/kasus-mario-dandy-aniaya-david-dinilai-tak-bisa-diselesaikan-lewat-damai,"
Jumat, 24 Feb 2023 14:41 WIB "
"Belum Sadarkan Diri, Kondisi Terkini David Korban Penganiayaan Mario Dandy",https://news.detik.com/berita/d-6586676/belum-sadarkan-diri-kondisi-terkini-david-korban-penganiayaan-mario-dandy,"
Jumat, 24 Feb 2023 14:27 WIB "
Analisis Pakar Gestur soal Ekspresi Mario Dandy yang Jadi Sorotan,https://news.detik.com/berita/d-6586644/analisis-pakar-gestur-soal-ekspresi-mario-dandy-yang-jadi-sorotan,"
Jumat, 24 Feb 2023 14:15 WIB "
Komisi III DPR Akan Kawal Kasus Anak Pejabat Pajak Mario Dandy Aniaya David,https://news.detik.com/berita/d-6586606/komisi-iii-dpr-akan-kawal-kasus-anak-pejabat-pajak-mario-dandy-aniaya-david,"
Jumat, 24 Feb 2023 13:59 WIB "
"Doakan Sembuh, Yaqut Unggah Momen Mualaf Korban Dianiaya Anak Pejabat Pajak",https://news.detik.com/berita/d-6586599/doakan-sembuh-yaqut-unggah-momen-mualaf-korban-dianiaya-anak-pejabat-pajak,"
Jumat, 24 Feb 2023 13:55 WIB "
Waka Komisi III DPR soal Harta Rp 56 M Ayah Mario Dandy: Dari Mana Duitnya?,https://news.detik.com/berita/d-6586596/waka-komisi-iii-dpr-soal-harta-rp-56-m-ayah-mario-dandy-dari-mana-duitnya,"
Jumat, 24 Feb 2023 13:51 WIB "
"Terungkap, Dandy Pakai Nopol Bodong B-120-DEN di Rubicon demi Hindari E-TLE",https://news.detik.com/berita/d-6586595/terungkap-dandy-pakai-nopol-bodong-b-120-den-di-rubicon-demi-hindari-e-tle,"
Jumat, 24 Feb 2023 13:48 WIB "
"Perempuan A Pacar Mario Dandy Diperiksa Intensif, Masih Berstatus Saksi",https://news.detik.com/berita/d-6586558/perempuan-a-pacar-mario-dandy-diperiksa-intensif-masih-berstatus-saksi,"
Jumat, 24 Feb 2023 13:33 WIB "
Komisi XI DPR Minta Harta Ayah Mario Dandy Capai Rp 56 M Diusut,https://news.detik.com/berita/d-6586467/komisi-xi-dpr-minta-harta-ayah-mario-dandy-capai-rp-56-m-diusut,"
Jumat, 24 Feb 2023 13:01 WIB "
Kampus Prasetiya Mulya DO Mario Dandy Penganiaya David!,https://news.detik.com/berita/d-6586456/kampus-prasetiya-mulya-do-mario-dandy-penganiaya-david,"
Jumat, 24 Feb 2023 12:53 WIB "
Sahroni Sambangi Polres Jaksel Terkait Kasus Anak Pejabat Pajak Aniaya David,https://news.detik.com/berita/d-6586391/sahroni-sambangi-polres-jaksel-terkait-kasus-anak-pejabat-pajak-aniaya-david,"
Jumat, 24 Feb 2023 12:21 WIB "
Mahfud Ungkap PPATK Kirim Laporan Transaksi Aneh Ayah Mario Dandy ke KPK,https://news.detik.com/berita/d-6586368/mahfud-ungkap-ppatk-kirim-laporan-transaksi-aneh-ayah-mario-dandy-ke-kpk,"
Jumat, 24 Feb 2023 12:06 WIB "
Menkeu Minta Maaf ke Keluarga David Korban Penganiayaan Anak Pejabat Pajak,https://news.detik.com/berita/d-6586353/menkeu-minta-maaf-ke-keluarga-david-korban-penganiayaan-anak-pejabat-pajak,"
Jumat, 24 Feb 2023 11:56 WIB "
Shane Tersangka Kedua Kasus Penganiayaan David Masih Diperiksa Intensif,https://news.detik.com/berita/d-6586351/shane-tersangka-kedua-kasus-penganiayaan-david-masih-diperiksa-intensif,"
Jumat, 24 Feb 2023 11:54 WIB "
Wapres Dukung Rafael Alun Trisambodo Dicopot: Kepercayaan Publik Penting,https://news.detik.com/berita/d-6586335/wapres-dukung-rafael-alun-trisambodo-dicopot-kepercayaan-publik-penting,"
Jumat, 24 Feb 2023 11:47 WIB "
Kemenkeu Gandeng KPK-PPATK Usut Harta Ayah Mario Dandy,https://news.detik.com/berita/d-6586334/kemenkeu-gandeng-kpk-ppatk-usut-harta-ayah-mario-dandy,"
Jumat, 24 Feb 2023 11:46 WIB "
Legislator Sebut Tindakan Mario Dandy Biadab: Harus Dihukum Berat!,https://news.detik.com/berita/d-6586310/legislator-sebut-tindakan-mario-dandy-biadab-harus-dihukum-berat,"
Jumat, 24 Feb 2023 11:39 WIB "
PKB Saran Mario Dandy Dijerat Pasal Percobaan Pembunuhan Jika Terbukti,https://news.detik.com/berita/d-6586297/pkb-saran-mario-dandy-dijerat-pasal-percobaan-pembunuhan-jika-terbukti,"
Jumat, 24 Feb 2023 11:29 WIB "
"Rafael Pejabat Pajak Masih Terima Gaji Meski Dicopot, Ini Penjelasan Kemenkeu",https://news.detik.com/berita/d-6586345/rafael-pejabat-pajak-masih-terima-gaji-meski-dicopot-ini-penjelasan-kemenkeu,"
Jumat, 24 Feb 2023 11:27 WIB "
"Anak Pejabat Pajak Aniaya David, Mahfud: Bawa ke Pengadilan, Tak Ada Damai",https://news.detik.com/berita/d-6586264/anak-pejabat-pajak-aniaya-david-mahfud-bawa-ke-pengadilan-tak-ada-damai,"
Jumat, 24 Feb 2023 11:18 WIB "
Komisi XI DPR Tunggu Kemenkeu Kirim Hasil Audit Harta Ayah Mario Dandy,https://news.detik.com/berita/d-6586243/komisi-xi-dpr-tunggu-kemenkeu-kirim-hasil-audit-harta-ayah-mario-dandy,"
Jumat, 24 Feb 2023 11:08 WIB "
5 Peran Tersangka S di Kasus Dandy Anak Pejabat Pajak Aniaya David,https://news.detik.com/berita/d-6586203/5-peran-tersangka-s-di-kasus-dandy-anak-pejabat-pajak-aniaya-david,"
Jumat, 24 Feb 2023 10:50 WIB "
Wamenkeu: Pencopotan Rafael Alun Trisambodo untuk Mudahkan Pemeriksaan,https://news.detik.com/berita/d-6586165/wamenkeu-pencopotan-rafael-alun-trisambodo-untuk-mudahkan-pemeriksaan,"
Jumat, 24 Feb 2023 10:38 WIB "
Ekspresi Dandy Anak Pejabat Pajak Penganiaya David Jadi Sorotan,https://news.detik.com/berita/d-6586151/ekspresi-dandy-anak-pejabat-pajak-penganiaya-david-jadi-sorotan,"
Jumat, 24 Feb 2023 10:26 WIB "
Anggota Komisi XI DPR Desak Kemenkeu Investigasi Kasus Anak Pejabat Pajak,https://news.detik.com/berita/d-6586118/anggota-komisi-xi-dpr-desak-kemenkeu-investigasi-kasus-anak-pejabat-pajak,"
Jumat, 24 Feb 2023 09:43 WIB "
Viral Ucapan Anak Pejabat Pajak Aniaya David: Gak Takut Gue Anak Orang Mati!,https://news.detik.com/berita/d-6586093/viral-ucapan-anak-pejabat-pajak-aniaya-david-gak-takut-gue-anak-orang-mati,"
Jumat, 24 Feb 2023 09:42 WIB "
Sri Mulyani Minta DJP Usut Kewajaran Harta Pejabat Pajak Ayah Mario Dandy,https://news.detik.com/berita/d-6586087/sri-mulyani-minta-djp-usut-kewajaran-harta-pejabat-pajak-ayah-mario-dandy,"
Jumat, 24 Feb 2023 09:38 WIB "
Polisi Dalami Peran Perempuan A di Kasus Penganiayaan Anak Pejabat Pajak,https://news.detik.com/berita/d-6586051/polisi-dalami-peran-perempuan-a-di-kasus-penganiayaan-anak-pejabat-pajak,"
Jumat, 24 Feb 2023 09:27 WIB "
"Sri Mulyani Kutuk Penganiayaan oleh Anak Pejabat Pajak, Doakan David",https://news.detik.com/berita/d-6586028/sri-mulyani-kutuk-penganiayaan-oleh-anak-pejabat-pajak-doakan-david,"
Jumat, 24 Feb 2023 09:20 WIB "
Sri Mulyani Copot Rafael Pejabat Pajak Ayah Mario Dandy!,https://news.detik.com/berita/d-6586021/sri-mulyani-copot-rafael-pejabat-pajak-ayah-mario-dandy,"
Jumat, 24 Feb 2023 09:15 WIB "
"Polisi Ungkap Provokasi Tersangka S ke Mario: 'Wah Parah Itu, Hajar Aja'",https://news.detik.com/berita/d-6585999/polisi-ungkap-provokasi-tersangka-s-ke-mario-wah-parah-itu-hajar-aja,"
Jumat, 24 Feb 2023 09:01 WIB "
Buntut Panjang Kasus Anak Pejabat Pajak Hingga Senayan Bergerak,https://news.detik.com/berita/d-6585992/buntut-panjang-kasus-anak-pejabat-pajak-hingga-senayan-bergerak,"
Jumat, 24 Feb 2023 08:53 WIB "
"Terungkap, Anak Pejabat Pajak Minta David Tiru 'Sikap Tobat' Tersangka S",https://news.detik.com/berita/d-6585974/terungkap-anak-pejabat-pajak-minta-david-tiru-sikap-tobat-tersangka-s,"
Jumat, 24 Feb 2023 08:29 WIB "
"Disorot KPK, Harta Pejabat Pajak Rafael Meningkat Rp 35,6 M dalam 10 Tahun",https://news.detik.com/berita/d-6585964/disorot-kpk-harta-pejabat-pajak-rafael-meningkat-rp-35-6-m-dalam-10-tahun,"
Jumat, 24 Feb 2023 08:21 WIB "
Teka-teki Obrolan Perempuan A dan Mario Dandy Ditelusuri Polisi,https://news.detik.com/berita/d-6585948/teka-teki-obrolan-perempuan-a-dan-mario-dandy-ditelusuri-polisi,"
Jumat, 24 Feb 2023 07:44 WIB "
"5 Hari di RS, David Korban Anak Pejabat Pajak Belum Sadar",https://news.detik.com/berita/d-6585932/5-hari-di-rs-david-korban-anak-pejabat-pajak-belum-sadar,"
Jumat, 24 Feb 2023 07:23 WIB "
"Tersangka Baru di Kasus Anak Pejabat Pajak, Berperan Rekam Video-Provokasi",https://news.detik.com/berita/d-6585895/tersangka-baru-di-kasus-anak-pejabat-pajak-berperan-rekam-video-provokasi,"
Jumat, 24 Feb 2023 06:02 WIB "
Kapolres Jaksel Jenguk David Korban Anak Pejabat Pajak di RS,https://news.detik.com/berita/d-6585869/kapolres-jaksel-jenguk-david-korban-anak-pejabat-pajak-di-rs,"
Jumat, 24 Feb 2023 03:33 WIB "
Perekam Video Anak Pejabat Pajak Injak Kepala David Jadi Tersangka!,https://news.detik.com/berita/d-6585825/perekam-video-anak-pejabat-pajak-injak-kepala-david-jadi-tersangka,"
Jumat, 24 Feb 2023 00:16 WIB "
Polisi Sudah Kantongi CCTV Terkait Anak Pejabat Pajak Aniaya David,https://news.detik.com/berita/d-6585780/polisi-sudah-kantongi-cctv-terkait-anak-pejabat-pajak-aniaya-david,"
Kamis, 23 Feb 2023 22:26 WIB "
LBH Ansor Akan Laporkan Perekam Anak Pejabat Pajak Injak Kepala David,https://news.detik.com/berita/d-6585706/lbh-ansor-akan-laporkan-perekam-anak-pejabat-pajak-injak-kepala-david,"
Kamis, 23 Feb 2023 21:27 WIB "
Mahfud Kecam Anak Pejabat Pajak Aniaya dan Hedonis: Ayahnya Harus Diperiksa,https://news.detik.com/berita/d-6585701/mahfud-kecam-anak-pejabat-pajak-aniaya-dan-hedonis-ayahnya-harus-diperiksa,"
Kamis, 23 Feb 2023 21:21 WIB "
"Video Anak Pejabat Pajak Injak Kepala David Beredar, Jangan Disebar Lagi!",https://news.detik.com/berita/d-6585695/video-anak-pejabat-pajak-injak-kepala-david-beredar-jangan-disebar-lagi,"
Kamis, 23 Feb 2023 21:13 WIB "
Terungkap Perempuan A di Rubicon Mario Dandy Sebelum David Dianiaya,https://news.detik.com/berita/d-6585683/terungkap-perempuan-a-di-rubicon-mario-dandy-sebelum-david-dianiaya,"
Kamis, 23 Feb 2023 21:05 WIB "
"Beredar Video Anak Pejabat Pajak Injak Kepala David, LBH Ansor Bergerak",https://news.detik.com/berita/d-6585664/beredar-video-anak-pejabat-pajak-injak-kepala-david-lbh-ansor-bergerak,"
Kamis, 23 Feb 2023 20:40 WIB "
KPK Sebut Harta Pejabat Pajak Rafael Rp 56 M Tak Sesuai dengan Profil,https://news.detik.com/berita/d-6585586/kpk-sebut-harta-pejabat-pajak-rafael-rp-56-m-tak-sesuai-dengan-profil,"
Kamis, 23 Feb 2023 20:00 WIB "
KPK Bakal Klarifikasi Pejabat Pajak Rafael soal Harta Rp 56 Miliar,https://news.detik.com/berita/d-6585511/kpk-bakal-klarifikasi-pejabat-pajak-rafael-soal-harta-rp-56-miliar,"
Kamis, 23 Feb 2023 19:12 WIB "
Ikatan Alumni SMA Taruna Nusantara Ungkap Mario Dandy Bukan Alumni,https://news.detik.com/berita/d-6585496/ikatan-alumni-sma-taruna-nusantara-ungkap-mario-dandy-bukan-alumni,"
Kamis, 23 Feb 2023 19:03 WIB "
"Keluarga Korban Anak Pejabat Pajak Harap Keadilan: Please, Be A Good Cop",https://news.detik.com/berita/d-6585340/keluarga-korban-anak-pejabat-pajak-harap-keadilan-please-be-a-good-cop,"
Kamis, 23 Feb 2023 18:05 WIB "
Ini Isi Pasal 351 tentang Penganiayaan Berat yang Jerat Mario Dandy,https://news.detik.com/berita/d-6585328/ini-isi-pasal-351-tentang-penganiayaan-berat-yang-jerat-mario-dandy,"
Kamis, 23 Feb 2023 17:59 WIB "
"SMA Taruna Nusantara Buka Suara, Tegaskan Mario Dandy Bukan Lulusan TN",https://news.detik.com/berita/d-6585325/sma-taruna-nusantara-buka-suara-tegaskan-mario-dandy-bukan-lulusan-tn,"
Kamis, 23 Feb 2023 17:58 WIB "
Kronologi dan Motif Penganiayaan David oleh Mario Dandy Anak Pejabat Pajak,https://news.detik.com/berita/d-6585294/kronologi-dan-motif-penganiayaan-david-oleh-mario-dandy-anak-pejabat-pajak,"
Kamis, 23 Feb 2023 17:51 WIB "
Rafael Pejabat Pajak Ayah Mario: Perbuatan Anak Saya Timbulkan Kegaduhan,https://news.detik.com/berita/d-6585178/rafael-pejabat-pajak-ayah-mario-perbuatan-anak-saya-timbulkan-kegaduhan,"
Kamis, 23 Feb 2023 17:00 WIB "
Rafael Pejabat Pajak Minta Maaf Anaknya Aniaya Putra Pengurus Ansor,https://news.detik.com/berita/d-6585135/rafael-pejabat-pajak-minta-maaf-anaknya-aniaya-putra-pengurus-ansor,"
Kamis, 23 Feb 2023 16:45 WIB "
Komisi XI DPR Akan Panggil DJP Buntut Heboh Kasus Anak Pejabat Pajak!,https://news.detik.com/berita/d-6585042/komisi-xi-dpr-akan-panggil-djp-buntut-heboh-kasus-anak-pejabat-pajak,"
Kamis, 23 Feb 2023 16:14 WIB "
Ternyata Perempuan A Berada di Rubicon Saat Anak Pejabat Pajak Aniaya David,https://news.detik.com/berita/d-6585034/ternyata-perempuan-a-berada-di-rubicon-saat-anak-pejabat-pajak-aniaya-david,"
Kamis, 23 Feb 2023 16:06 WIB "
Polisi Sisir CCTV di Lokasi Anak Pajak Aniaya Putra Pengurus GP Ansor,https://news.detik.com/berita/d-6584770/polisi-sisir-cctv-di-lokasi-anak-pajak-aniaya-putra-pengurus-gp-ansor,"
Kamis, 23 Feb 2023 14:45 WIB "
"Perempuan A Diperiksa, Obrolan dengan Anak Pejabat Pajak Jadi Sorotan Polisi",https://news.detik.com/berita/d-6584719/perempuan-a-diperiksa-obrolan-dengan-anak-pejabat-pajak-jadi-sorotan-polisi,"
Kamis, 23 Feb 2023 14:22 WIB "
Polisi Berulang Kali Olah TKP Kasus Anak Pejabat Pajak Aniaya David,https://news.detik.com/berita/d-6584668/polisi-berulang-kali-olah-tkp-kasus-anak-pejabat-pajak-aniaya-david,"
Kamis, 23 Feb 2023 13:58 WIB "
Anak Pejabat Pajak Tersangka Dijerat UU Perlindungan Anak dan Penganiayaan,https://news.detik.com/berita/d-6584553/anak-pejabat-pajak-tersangka-dijerat-uu-perlindungan-anak-dan-penganiayaan,"
Kamis, 23 Feb 2023 13:04 WIB "
Irjen Fadil soal Anak Pejabat Pajak Tersangka: Kita Tak Lihat Latar Belakang,https://news.detik.com/berita/d-6584490/irjen-fadil-soal-anak-pejabat-pajak-tersangka-kita-tak-lihat-latar-belakang,"
Kamis, 23 Feb 2023 12:34 WIB "
Tanda Tanya Aduan Perempuan Inisial A Bikin Anak Pejabat Pajak Aniaya David,https://news.detik.com/berita/d-6584345/tanda-tanya-aduan-perempuan-inisial-a-bikin-anak-pejabat-pajak-aniaya-david,"
Kamis, 23 Feb 2023 11:19 WIB "
Pejabat Pajak Terseret-seret gegara Ulah Anak Aniaya Putra Pengurus Ansor,https://news.detik.com/berita/d-6584253/pejabat-pajak-terseret-seret-gegara-ulah-anak-aniaya-putra-pengurus-ansor,"
Kamis, 23 Feb 2023 10:30 WIB "
Menag Jenguk Korban Anak Pejabat Pajak: Anak Kader GP Ansor Anakku Juga,https://news.detik.com/berita/d-6584021/menag-jenguk-korban-anak-pejabat-pajak-anak-kader-gp-ansor-anakku-juga,"
Kamis, 23 Feb 2023 08:05 WIB "
9 Fakta Anak Pejabat Pajak Aniaya Putra Pengurus GP Ansor Sampai Koma,https://news.detik.com/berita/d-6583967/9-fakta-anak-pejabat-pajak-aniaya-putra-pengurus-gp-ansor-sampai-koma,"
Kamis, 23 Feb 2023 07:01 WIB "
"Menag Yaqut Jenguk Korban Dianiaya Anak Pejabat Pajak, Doakan Kesembuhan",https://news.detik.com/pemilu/d-6583887/menag-yaqut-jenguk-korban-dianiaya-anak-pejabat-pajak-doakan-kesembuhan,"
Kamis, 23 Feb 2023 00:07 WIB "
Mencuat soal Nopol Bodong Rubicon Mario Dandy Anak Pejabat Pajak,https://news.detik.com/berita/d-6583743/mencuat-soal-nopol-bodong-rubicon-mario-dandy-anak-pejabat-pajak,"
Rabu, 22 Feb 2023 21:03 WIB "
Ayah David Terima Maaf Keluarga Anak Pejabat Pajak: Tapi Tak Ada Damai,https://news.detik.com/berita/d-6583396/ayah-david-terima-maaf-keluarga-anak-pejabat-pajak-tapi-tak-ada-damai,"
Rabu, 22 Feb 2023 18:05 WIB "
Sederet Barang Bukti Kasus Anak Pejabat Pajak: Rubicon hingga Sepatu,https://news.detik.com/berita/d-6583328/sederet-barang-bukti-kasus-anak-pejabat-pajak-rubicon-hingga-sepatu,"
Rabu, 22 Feb 2023 17:40 WIB "
"Anak Pejabat Pajak Pakai Pelat Bodong B-120-DEN, Polisi Telusuri Motifnya",https://news.detik.com/berita/d-6583308/anak-pejabat-pajak-pakai-pelat-bodong-b-120-den-polisi-telusuri-motifnya,"
Rabu, 22 Feb 2023 17:30 WIB "
Duduk Perkara David Dianiaya Anak Pejabat Pajak hingga Koma,https://news.detik.com/berita/d-6583227/duduk-perkara-david-dianiaya-anak-pejabat-pajak-hingga-koma,"
Rabu, 22 Feb 2023 16:56 WIB "
Polisi Janji Usut Tuntas Kasus Penganiayaan Libatkan Anak Pejabat Pajak,https://news.detik.com/berita/d-6583169/polisi-janji-usut-tuntas-kasus-penganiayaan-libatkan-anak-pejabat-pajak,"
Rabu, 22 Feb 2023 16:36 WIB "
GP Ansor Ungkap Korban Penganiayaan Anak Pejabat Pajak Koma Sejak 2 Hari Lalu,https://news.detik.com/berita/d-6583148/gp-ansor-ungkap-korban-penganiayaan-anak-pejabat-pajak-koma-sejak-2-hari-lalu,"
Rabu, 22 Feb 2023 16:31 WIB "
"Detik-detik David Dianiaya Anak Pejabat Pajak, Sempat Tolak Ketemu",https://news.detik.com/berita/d-6583051/detik-detik-david-dianiaya-anak-pejabat-pajak-sempat-tolak-ketemu,"
Rabu, 22 Feb 2023 16:03 WIB "
LBH GP Ansor soal David Dianiaya Anak Pejabat Pajak: Tak Ada Damai!,https://news.detik.com/berita/d-6583007/lbh-gp-ansor-soal-david-dianiaya-anak-pejabat-pajak-tak-ada-damai,"
Rabu, 22 Feb 2023 15:48 WIB "
Anak Pejabat Pajak Tendang Perut dan Kepala Putra Pengurus GP Ansor,https://news.detik.com/berita/d-6582986/anak-pejabat-pajak-tendang-perut-dan-kepala-putra-pengurus-gp-ansor,"
Rabu, 22 Feb 2023 15:38 WIB "
Anak Pejabat Pajak Tersangka Penganiayaan Terancam 5 Tahun Penjara,https://news.detik.com/berita/d-6582936/anak-pejabat-pajak-tersangka-penganiayaan-terancam-5-tahun-penjara,"
Rabu, 22 Feb 2023 15:16 WIB "
Polisi Tepis Isu Rubicon Anak Pejabat Pajak Sempat 'Menghilang',https://news.detik.com/berita/d-6582854/polisi-tepis-isu-rubicon-anak-pejabat-pajak-sempat-menghilang,"
Rabu, 22 Feb 2023 14:46 WIB "
Nopol Rubicon Anak Pejabat Pajak Tersangka Penganiaya Ternyata Bodong!,https://news.detik.com/berita/d-6582742/nopol-rubicon-anak-pejabat-pajak-tersangka-penganiaya-ternyata-bodong,"
Rabu, 22 Feb 2023 14:17 WIB "
Tampang Anak Pejabat Pajak Tersangka Penganiaya Putra Pengurus Pusat GP Ansor,https://news.detik.com/berita/d-6582687/tampang-anak-pejabat-pajak-tersangka-penganiaya-putra-pengurus-pusat-gp-ansor,"
Rabu, 22 Feb 2023 13:56 WIB "
Sri Mulyani Kecam Penganiayaan yang Dilakukan Anak Pejabat Pajak,https://news.detik.com/berita/d-6582653/sri-mulyani-kecam-penganiayaan-yang-dilakukan-anak-pejabat-pajak,"
Rabu, 22 Feb 2023 13:44 WIB "
Anak Pejabat Pajak Diamankan Sekuriti Usai Aniaya Anak Pengurus Pusat GP Ansor,https://news.detik.com/berita/d-6582638/anak-pejabat-pajak-diamankan-sekuriti-usai-aniaya-anak-pengurus-pusat-gp-ansor,"
Rabu, 22 Feb 2023 13:39 WIB "
Awal Mula Anak Pengurus GP Ansor Dianiaya Mario Dandy: Diadukan Eks Pacar,https://news.detik.com/berita/d-6582459/awal-mula-anak-pengurus-gp-ansor-dianiaya-mario-dandy-diadukan-eks-pacar,"
Rabu, 22 Feb 2023 12:40 WIB "
"Penganiaya Anak Pengurus GP Ansor Disebut Anak Pejabat Pajak, Ini Kata Kemenkeu",https://news.detik.com/berita/d-6582435/penganiaya-anak-pengurus-gp-ansor-disebut-anak-pejabat-pajak-ini-kata-kemenkeu,"
Rabu, 22 Feb 2023 12:29 WIB "
Penampakan Rubicon Dipakai Mario Dandy Saat Aniaya Anak Pengurus GP Ansor,https://news.detik.com/berita/d-6582431/penampakan-rubicon-dipakai-mario-dandy-saat-aniaya-anak-pengurus-gp-ansor,"
Rabu, 22 Feb 2023 12:27 WIB "
Polisi Ungkap Pemicu Mario Dandy Aniaya Anak Pengurus GP Ansor,https://news.detik.com/berita/d-6582393/polisi-ungkap-pemicu-mario-dandy-aniaya-anak-pengurus-gp-ansor,"
Rabu, 22 Feb 2023 12:08 WIB "
Anak Pengurus GP Ansor yang Dianiaya Belum Sadarkan Diri di ICU,https://news.detik.com/berita/d-6582356/anak-pengurus-gp-ansor-yang-dianiaya-belum-sadarkan-diri-di-icu,"
Rabu, 22 Feb 2023 11:55 WIB "
"Anak Pengurus GP Ansor Dijemput Rubicon Lalu Dianiaya, Pelaku Jadi Tersangka!",https://news.detik.com/berita/d-6582297/anak-pengurus-gp-ansor-dijemput-rubicon-lalu-dianiaya-pelaku-jadi-tersangka,"
Rabu, 22 Feb 2023 11:27 WIB "
