title,url,date
Polisi Bicara Peluang Jemput Paksa Firli Usai 2 Kali Absen Pemeriksaan,https://news.detik.com/berita/d-7712079/polisi-bicara-peluang-jemput-paksa-firli-usai-2-kali-absen-pemeriksaan,"
Selasa, 31 Des 2024 19:30 WIB "
"Kasus Firli Peras SYL Jadi PR di 2024, Kapolda Metro: 1-2 Bulan Selesai",https://news.detik.com/berita/d-7711994/kasus-firli-peras-syl-jadi-pr-di-2024-kapolda-metro-1-2-bulan-selesai,"
Selasa, 31 Des 2024 18:57 WIB "
"Menang Lawan MAKI, Polda Metro Tegaskan Kasus Firli Belum Berhenti",https://news.detik.com/berita/d-7692983/menang-lawan-maki-polda-metro-tegaskan-kasus-firli-belum-berhenti,"
Rabu, 18 Des 2024 17:42 WIB "
"Praperadilan Kasus Firli Ditolak, MAKI: Kasus Century Menang di Gugatan Ke-6",https://news.detik.com/berita/d-7692393/praperadilan-kasus-firli-ditolak-maki-kasus-century-menang-di-gugatan-ke-6,"
Rabu, 18 Des 2024 13:55 WIB "
Hakim Tolak Praperadilan MAKI Terkait Dugaan Kasus Firli Bahuri Mangkrak,https://news.detik.com/berita/d-7692195/hakim-tolak-praperadilan-maki-terkait-dugaan-kasus-firli-bahuri-mangkrak,"
Rabu, 18 Des 2024 12:07 WIB "
Ketua KPK Minta Deputi Korsup Koordinasi-Supervisi Kasus Firli Bahuri,https://news.detik.com/berita/d-7691715/ketua-kpk-minta-deputi-korsup-koordinasi-supervisi-kasus-firli-bahuri,"
Rabu, 18 Des 2024 03:28 WIB "
Novel Baswedan Harap Proses Kasus Firli Bahuri Tak Berlama-lama,https://news.detik.com/berita/d-7677778/novel-baswedan-harap-proses-kasus-firli-bahuri-tak-berlama-lama,"
Senin, 09 Des 2024 12:32 WIB "
Alasan MAKI Gugat Polda Metro hingga Kejati DKI Terkait Kasus Firli Bahuri,https://news.detik.com/berita/d-7669476/alasan-maki-gugat-polda-metro-hingga-kejati-dki-terkait-kasus-firli-bahuri,"
Selasa, 03 Des 2024 20:19 WIB "
Pengacara Jelaskan Alasan Firli Absen Pemeriksaan Lagi: Pengajian,https://news.detik.com/berita/d-7661850/pengacara-jelaskan-alasan-firli-absen-pemeriksaan-lagi-pengajian,"
Kamis, 28 Nov 2024 18:50 WIB "
"Firli Bahuri Tak Hadir Lagi, Polisi Bakal Jemput Paksa?",https://news.detik.com/berita/d-7661374/firli-bahuri-tak-hadir-lagi-polisi-bakal-jemput-paksa,"
Kamis, 28 Nov 2024 15:18 WIB "
Firli Bahuri Kembali Mangkir Pemeriksaan Polisi Terkait Pemerasan SYL,https://news.detik.com/berita/d-7661065/firli-bahuri-kembali-mangkir-pemeriksaan-polisi-terkait-pemerasan-syl,"
Kamis, 28 Nov 2024 13:14 WIB "
Pengacara Klaim Firli Bakal Penuhi Panggilan di Bareskrim Hari Ini,https://news.detik.com/berita/d-7660902/pengacara-klaim-firli-bakal-penuhi-panggilan-di-bareskrim-hari-ini,"
Kamis, 28 Nov 2024 11:54 WIB "
Kata Polisi soal Peluang Jemput Paksa Firli Jika Mangkir Pemeriksaan Kedua,https://news.detik.com/berita/d-7654125/kata-polisi-soal-peluang-jemput-paksa-firli-jika-mangkir-pemeriksaan-kedua,"
Minggu, 24 Nov 2024 11:29 WIB "
Firli Bahuri Diperiksa Lagi di Kasus Pemerasan SYL 28 November,https://news.detik.com/berita/d-7653009/firli-bahuri-diperiksa-lagi-di-kasus-pemerasan-syl-28-november,"
Sabtu, 23 Nov 2024 13:28 WIB "
Polisi Bakal Periksa Lagi Firli Bahuri di Kasus Pemerasan SYL Pekan Depan,https://news.detik.com/berita/d-7651738/polisi-bakal-periksa-lagi-firli-bahuri-di-kasus-pemerasan-syl-pekan-depan,"
Jumat, 22 Nov 2024 15:28 WIB "
Cadewas KPK Hamdi: Indeks Korupsi RI Turun Ada Kaitan dengan Kasus Etik Firli,https://news.detik.com/berita/d-7649143/cadewas-kpk-hamdi-indeks-korupsi-ri-turun-ada-kaitan-dengan-kasus-etik-firli,"
Kamis, 21 Nov 2024 09:52 WIB "
"Firli Hampir Setahun Jadi Tersangka, Kapolda Metro Jamin Kasus Bakal Tuntas",https://news.detik.com/berita/d-7648191/firli-hampir-setahun-jadi-tersangka-kapolda-metro-jamin-kasus-bakal-tuntas,"
Rabu, 20 Nov 2024 16:10 WIB "
MAKI dan LP3HI Gugat Polda Metro hingga Kejati DKI soal Kasus Firli Bahuri,https://news.detik.com/berita/d-7647630/maki-dan-lp3hi-gugat-polda-metro-hingga-kejati-dki-soal-kasus-firli-bahuri,"
Rabu, 20 Nov 2024 12:46 WIB "
Babak Baru Alex Marwata Kini Gugat UU KPK ke MK,https://news.detik.com/berita/d-7628001/babak-baru-alex-marwata-kini-gugat-uu-kpk-ke-mk,"
Jumat, 08 Nov 2024 07:51 WIB "
"Gugat Pasal 36 UU KPK ke MK, Alex Marwata Singgung Momen Firli Bertemu SYL",https://news.detik.com/berita/d-7626879/gugat-pasal-36-uu-kpk-ke-mk-alex-marwata-singgung-momen-firli-bertemu-syl,"
Kamis, 07 Nov 2024 13:31 WIB "
Kajati Jakarta Tunggu Polisi soal Berkas Perkara Firli Bahuri,https://news.detik.com/berita/d-7617154/kajati-jakarta-tunggu-polisi-soal-berkas-perkara-firli-bahuri,"
Jumat, 01 Nov 2024 12:54 WIB "
Polisi Segera Tentukan Nasib Firli Bahuri di Kasus Pertemuan dengan SYL,https://news.detik.com/berita/d-7613552/polisi-segera-tentukan-nasib-firli-bahuri-di-kasus-pertemuan-dengan-syl,"
Rabu, 30 Okt 2024 12:38 WIB "
KPK Tak Masalah Eks Mentan SYL Ajukan Kasasi,https://news.detik.com/berita/d-7588764/kpk-tak-masalah-eks-mentan-syl-ajukan-kasasi,"
Selasa, 15 Okt 2024 13:26 WIB "
Saat SYL Melawan Lagi Meski Vonis Sudah Diperberat,https://news.detik.com/berita/d-7588243/saat-syl-melawan-lagi-meski-vonis-sudah-diperberat,"
Selasa, 15 Okt 2024 08:02 WIB "
"SYL Tak Kapok Putusan Diperberat, Kini Ajukan Kasasi",https://news.detik.com/berita/d-7586806/syl-tak-kapok-putusan-diperberat-kini-ajukan-kasasi,"
Senin, 14 Okt 2024 12:29 WIB "
IM57 Apresiasi Janji Kapolda Metro Tuntaskan Kasus Firli hingga Alex Marwata,https://news.detik.com/berita/d-7584206/im57-apresiasi-janji-kapolda-metro-tuntaskan-kasus-firli-hingga-alex-marwata,"
Sabtu, 12 Okt 2024 08:31 WIB "
Janji Kapolda Metro Tuntaskan Kasus Alex Marwata dan Firli Bahuri,https://news.detik.com/berita/d-7584194/janji-kapolda-metro-tuntaskan-kasus-alex-marwata-dan-firli-bahuri,"
Sabtu, 12 Okt 2024 08:04 WIB "
Kapolda Metro Janji Tuntaskan Kasus Firli-Alex Marwata: Itu Utang Saya,https://news.detik.com/berita/d-7583127/kapolda-metro-janji-tuntaskan-kasus-firli-alex-marwata-itu-utang-saya,"
Jumat, 11 Okt 2024 13:57 WIB "
4 Kabar Terkini Kasus Baru Firli Bahuri,https://news.detik.com/berita/d-7569544/4-kabar-terkini-kasus-baru-firli-bahuri,"
Kamis, 03 Okt 2024 07:54 WIB "
"Polda Metro Periksa 37 Saksi Kasus Baru Firli Bahuri, Termasuk Pegawai KPK",https://news.detik.com/berita/d-7568291/polda-metro-periksa-37-saksi-kasus-baru-firli-bahuri-termasuk-pegawai-kpk,"
Rabu, 02 Okt 2024 13:19 WIB "
MAKI Minta Polisi Percepat Kasus Alex Marwata: Pengalaman Menyidik Firli,https://news.detik.com/berita/d-7567794/maki-minta-polisi-percepat-kasus-alex-marwata-pengalaman-menyidik-firli,"
Rabu, 02 Okt 2024 07:52 WIB "
Polda Metro Bakal Periksa Firli Bahuri soal 2 Perkara Baru,https://news.detik.com/berita/d-7567277/polda-metro-bakal-periksa-firli-bahuri-soal-2-perkara-baru,"
Selasa, 01 Okt 2024 18:18 WIB "
Kontroversi Alexander Marwata KPK: Sebut OTT Hiburan hingga Dipolisikan,https://news.detik.com/berita/d-7560408/kontroversi-alexander-marwata-kpk-sebut-ott-hiburan-hingga-dipolisikan,"
Jumat, 27 Sep 2024 10:21 WIB "
5 Fakta Kecelakaan Maut di Tol Dalkot Gara-gara Truk Gagal Nanjak,https://news.detik.com/berita/d-7560209/5-fakta-kecelakaan-maut-di-tol-dalkot-gara-gara-truk-gagal-nanjak,"
Jumat, 27 Sep 2024 06:34 WIB "
"KPK Periksa PNS Badan Karantina, Dalami soal Pembelian Aset untuk SYL",https://news.detik.com/berita/d-7560099/kpk-periksa-pns-badan-karantina-dalami-soal-pembelian-aset-untuk-syl,"
Kamis, 26 Sep 2024 22:33 WIB "
Kronologi Kecelakaan Maut di Tol Dalam Kota gegara Truk Gagal Nanjak,https://news.detik.com/berita/d-7558768/kronologi-kecelakaan-maut-di-tol-dalam-kota-gegara-truk-gagal-nanjak,"
Kamis, 26 Sep 2024 10:44 WIB "
"Truk Kecelakaan Beruntun di Tol Dalkot Dievakuasi, GT Semanggi Kembali Dibuka",https://news.detik.com/berita/d-7558687/truk-kecelakaan-beruntun-di-tol-dalkot-dievakuasi-gt-semanggi-kembali-dibuka,"
Kamis, 26 Sep 2024 09:58 WIB "
Sopir Truk Pemicu Kecelakaan Maut di Tol Dalam Kota Melarikan Diri,https://news.detik.com/berita/d-7558686/sopir-truk-pemicu-kecelakaan-maut-di-tol-dalam-kota-melarikan-diri,"
Kamis, 26 Sep 2024 09:58 WIB "
Kecelakaan Maut di Tol Dalam Kota Akibat Truk Gagal Nanjak,https://news.detik.com/berita/d-7558651/kecelakaan-maut-di-tol-dalam-kota-akibat-truk-gagal-nanjak,"
Kamis, 26 Sep 2024 09:36 WIB "
Penampakan Truk Ringsek Usai Kecelakaan Maut di Tol Dalam Kota,https://news.detik.com/berita/d-7558619/penampakan-truk-ringsek-usai-kecelakaan-maut-di-tol-dalam-kota,"
Kamis, 26 Sep 2024 09:17 WIB "
Sopir Truk Tewas Terjepit dalam Kecelakaan Beruntun di Tol Dalkot,https://news.detik.com/berita/d-7558599/sopir-truk-tewas-terjepit-dalam-kecelakaan-beruntun-di-tol-dalkot,"
Kamis, 26 Sep 2024 09:01 WIB "
IM57 Respons Review Jujur Nawawi: Kinerja KPK Saat Ini Nilainya 1 dari 10,https://news.detik.com/berita/d-7556755/im57-respons-review-jujur-nawawi-kinerja-kpk-saat-ini-nilainya-1-dari-10,"
Rabu, 25 Sep 2024 06:15 WIB "
KPK Dalami Peran Eks Stafsus SYL di Kasus Korupsi X-Ray Kementan,https://news.detik.com/berita/d-7550522/kpk-dalami-peran-eks-stafsus-syl-di-kasus-korupsi-x-ray-kementan,"
Jumat, 20 Sep 2024 21:04 WIB "
"Ragam Tanya di Seleksi Capim KPK: Dari Harun Masiku, SYL hingga Kaesang",https://news.detik.com/berita/d-7547039/ragam-tanya-di-seleksi-capim-kpk-dari-harun-masiku-syl-hingga-kaesang,"
Rabu, 18 Sep 2024 21:23 WIB "
Pansel Capim KPK ke Irjen Kementan: Kok Bisa Menteri Pertaniannya Masuk Bui?,https://news.detik.com/berita/d-7546311/pansel-capim-kpk-ke-irjen-kementan-kok-bisa-menteri-pertaniannya-masuk-bui,"
Rabu, 18 Sep 2024 16:05 WIB "
MAKI Setuju Hukuman SYL Diperberat: Malah Harusnya Vonis 20 Tahun,https://news.detik.com/berita/d-7534954/maki-setuju-hukuman-syl-diperberat-malah-harusnya-vonis-20-tahun,"
Rabu, 11 Sep 2024 08:49 WIB "
Bertambah Berat Vonis SYL Sebab Hukuman Awal Terlalu Rendah,https://news.detik.com/berita/d-7534915/bertambah-berat-vonis-syl-sebab-hukuman-awal-terlalu-rendah,"
Rabu, 11 Sep 2024 07:20 WIB "
KPK Sebut Kasus Korupsi X-ray Kementan Rugikan Negara Rp 82 M,https://news.detik.com/berita/d-7534348/kpk-sebut-kasus-korupsi-x-ray-kementan-rugikan-negara-rp-82-m,"
Selasa, 10 Sep 2024 18:08 WIB "
"KPK Apresiasi PT DKI Perberat Vonis SYL Jadi 12 Tahun Bui-Bayar Rp 44,2 M",https://news.detik.com/berita/d-7533962/kpk-apresiasi-pt-dki-perberat-vonis-syl-jadi-12-tahun-bui-bayar-rp-44-2-m,"
Selasa, 10 Sep 2024 15:34 WIB "
"Eks Anak Buah SYL, Muhammad Hatta Tetap Dihukum 4 Tahun Penjara",https://news.detik.com/berita/d-7533767/eks-anak-buah-syl-muhammad-hatta-tetap-dihukum-4-tahun-penjara,"
Selasa, 10 Sep 2024 14:10 WIB "
"Vonis Sekjen Kementan Kasdi 9 Tahun Bui, PT DKI: Hukuman Awal Terlalu Rendah",https://news.detik.com/berita/d-7533665/vonis-sekjen-kementan-kasdi-9-tahun-bui-pt-dki-hukuman-awal-terlalu-rendah,"
Selasa, 10 Sep 2024 13:19 WIB "
PT DKI Perberat Hukuman Sekjen Kementan Kasdi Subagyono Jadi 9 Tahun Bui,https://news.detik.com/berita/d-7533592/pt-dki-perberat-hukuman-sekjen-kementan-kasdi-subagyono-jadi-9-tahun-bui,"
Selasa, 10 Sep 2024 12:48 WIB "
"Hukuman SYL Diperberat Hakim: Penjara Jadi 12 Tahun, Uang Pengganti Rp 44 M",https://news.detik.com/berita/d-7533567/hukuman-syl-diperberat-hakim-penjara-jadi-12-tahun-uang-pengganti-rp-44-m,"
Selasa, 10 Sep 2024 12:31 WIB "
Pertimbangan PT DKI Perberat Vonis SYL Jadi 12 Tahun Penjara,https://news.detik.com/berita/d-7533515/pertimbangan-pt-dki-perberat-vonis-syl-jadi-12-tahun-penjara,"
Selasa, 10 Sep 2024 12:15 WIB "
"Hukuman Uang Pengganti SYL Juga Ditambah Jadi Rp 44,2 M dan USD 30 Ribu",https://news.detik.com/berita/d-7533432/hukuman-uang-pengganti-syl-juga-ditambah-jadi-rp-44-2-m-dan-usd-30-ribu,"
Selasa, 10 Sep 2024 11:39 WIB "
PT DKI Perberat Vonis SYL Jadi 12 Tahun Penjara!,https://news.detik.com/berita/d-7533385/pt-dki-perberat-vonis-syl-jadi-12-tahun-penjara,"
Selasa, 10 Sep 2024 11:22 WIB "
PT DKI Gelar Sidang Putusan Banding KPK atas Vonis 10 Tahun SYL Hari Ini,https://news.detik.com/berita/d-7533050/pt-dki-gelar-sidang-putusan-banding-kpk-atas-vonis-10-tahun-syl-hari-ini,"
Selasa, 10 Sep 2024 06:26 WIB "
IM57 Desak Capim KPK Diskualifikasi Ghufron Usai Divonis Langgar Etik,https://news.detik.com/berita/d-7528868/im57-desak-capim-kpk-diskualifikasi-ghufron-usai-divonis-langgar-etik,"
Sabtu, 07 Sep 2024 07:29 WIB "
Nurul Ghufron Kontak Pejabat Kementan Saat KPK Tangani Perkara SYL,https://news.detik.com/berita/d-7527840/nurul-ghufron-kontak-pejabat-kementan-saat-kpk-tangani-perkara-syl,"
Jumat, 06 Sep 2024 15:06 WIB "
KPK Panggil Ketua Komisi IV DPR-Anak SYL Terkait Kasus Korupsi X-Ray Kementan,https://news.detik.com/berita/d-7523764/kpk-panggil-ketua-komisi-iv-dpr-anak-syl-terkait-kasus-korupsi-x-ray-kementan,"
Rabu, 04 Sep 2024 12:40 WIB "
Polda Metro Jaya Janji Tuntaskan 2 Perkara Firli Bahuri,https://news.detik.com/berita/d-7500894/polda-metro-jaya-janji-tuntaskan-2-perkara-firli-bahuri,"
Rabu, 21 Agu 2024 12:53 WIB "
"KPK Usut Dugaan Korupsi Pengadaan X-Ray di Kementan 2021, Sudah Ada Tersangka!",https://news.detik.com/berita/d-7493690/kpk-usut-dugaan-korupsi-pengadaan-x-ray-di-kementan-2021-sudah-ada-tersangka,"
Jumat, 16 Agu 2024 18:25 WIB "
Wanti-wanti ke Pansel Capim KPK Agar Tak Terulang Kasus Firli,https://news.detik.com/berita/d-7492359/wanti-wanti-ke-pansel-capim-kpk-agar-tak-terulang-kasus-firli,"
Jumat, 16 Agu 2024 06:06 WIB "
Sidang Putusan Banding KPK atas Vonis SYL Digelar 10 September,https://news.detik.com/berita/d-7488977/sidang-putusan-banding-kpk-atas-vonis-syl-digelar-10-september,"
Rabu, 14 Agu 2024 10:47 WIB "
Polda Metro Jelaskan Perkembangan Terkini Kasus Firli Bahuri Peras SYL,https://news.detik.com/berita/d-7487480/polda-metro-jelaskan-perkembangan-terkini-kasus-firli-bahuri-peras-syl,"
Selasa, 13 Agu 2024 13:28 WIB "
Perkara Baru Jerat Firli Bahuri Naik ke Tahap Penyidikan!,https://news.detik.com/berita/d-7487350/perkara-baru-jerat-firli-bahuri-naik-ke-tahap-penyidikan,"
Selasa, 13 Agu 2024 12:21 WIB "
"Ajukan Banding, KPK Minta SYL Dihukum Bayar Rp 44,2 M dan USD 30 Ribu",https://news.detik.com/berita/d-7476210/ajukan-banding-kpk-minta-syl-dihukum-bayar-rp-44-2-m-dan-usd-30-ribu,"
Selasa, 06 Agu 2024 15:09 WIB "
Polisi Bakal Periksa Saksi Ahli Terkait 2 Perkara Baru Firli Bahuri,https://news.detik.com/berita/d-7449493/polisi-bakal-periksa-saksi-ahli-terkait-2-perkara-baru-firli-bahuri,"
Minggu, 21 Jul 2024 12:00 WIB "
Polisi Sudah Kantongi Alat Bukti soal 2 Perkara Baru Firli Bahuri,https://news.detik.com/berita/d-7447094/polisi-sudah-kantongi-alat-bukti-soal-2-perkara-baru-firli-bahuri,"
Jumat, 19 Jul 2024 15:52 WIB "
"Diperiksa KPK, Anak SYL Dicecar soal Kepemilikan Aset",https://news.detik.com/berita/d-7444750/diperiksa-kpk-anak-syl-dicecar-soal-kepemilikan-aset,"
Kamis, 18 Jul 2024 11:42 WIB "
Respons Polisi soal Penarikan Paspor Firli Usai Pencekalan Diperpanjang,https://news.detik.com/berita/d-7443333/respons-polisi-soal-penarikan-paspor-firli-usai-pencekalan-diperpanjang,"
Rabu, 17 Jul 2024 14:50 WIB "
"Selesai Diperiksa KPK, Anak SYL Sampaikan Permintaan Maaf",https://news.detik.com/berita/d-7442107/selesai-diperiksa-kpk-anak-syl-sampaikan-permintaan-maaf,"
Selasa, 16 Jul 2024 19:04 WIB "
KPK Resmi Ajukan Banding Vonis 10 Tahun SYL,https://news.detik.com/berita/d-7441738/kpk-resmi-ajukan-banding-vonis-10-tahun-syl,"
Selasa, 16 Jul 2024 16:43 WIB "
Imigrasi Tarik Paspor Firli Bahuri Usai Pencegahan ke LN Diperpanjang,https://news.detik.com/berita/d-7441258/imigrasi-tarik-paspor-firli-bahuri-usai-pencegahan-ke-ln-diperpanjang,"
Selasa, 16 Jul 2024 13:09 WIB "
KPK Panggil Anak dan Cucu SYL Terkait Kasus TPPU,https://news.detik.com/berita/d-7441023/kpk-panggil-anak-dan-cucu-syl-terkait-kasus-tppu,"
Selasa, 16 Jul 2024 11:05 WIB "
"Kasus Dugaan Simpatisan SYL Keroyok Wartawan, 2 Orang Ditangkap!",https://news.detik.com/berita/d-7439023/kasus-dugaan-simpatisan-syl-keroyok-wartawan-2-orang-ditangkap,"
Senin, 15 Jul 2024 09:02 WIB "
Polisi Bakal Cek Lokasi-CCTV soal Dugaan Simpatisan SYL Keroyok Wartawan,https://news.detik.com/berita/d-7438102/polisi-bakal-cek-lokasi-cctv-soal-dugaan-simpatisan-syl-keroyok-wartawan,"
Minggu, 14 Jul 2024 12:29 WIB "
4 Hal Terbukti dari Vonis 10 Tahun Penjara Syahrul Yasin Limpo,https://news.detik.com/berita/d-7438028/4-hal-terbukti-dari-vonis-10-tahun-penjara-syahrul-yasin-limpo,"
Minggu, 14 Jul 2024 11:19 WIB "
Pengakuan SYL Tak Tahu Ulah Keluarga Ditepis Hakim Saat Putusan,https://news.detik.com/berita/d-7437832/pengakuan-syl-tak-tahu-ulah-keluarga-ditepis-hakim-saat-putusan,"
Minggu, 14 Jul 2024 07:31 WIB "
"SYL Wajib Bayar Rp 14 M Meski Peras Rp 44 M, KPK Didesak Lawan Via Banding",https://news.detik.com/berita/d-7437788/syl-wajib-bayar-rp-14-m-meski-peras-rp-44-m-kpk-didesak-lawan-via-banding,"
Minggu, 14 Jul 2024 05:35 WIB "
Polisi Sita Video Bukti Dugaan Simpatisan SYL Tendang Wartawan,https://news.detik.com/berita/d-7437106/polisi-sita-video-bukti-dugaan-simpatisan-syl-tendang-wartawan,"
Sabtu, 13 Jul 2024 13:52 WIB "
"Dewan Pers Kecam Simpatisan SYL Tendang Wartawan, Minta Kapolda Metro Usut",https://news.detik.com/berita/d-7437065/dewan-pers-kecam-simpatisan-syl-tendang-wartawan-minta-kapolda-metro-usut,"
Sabtu, 13 Jul 2024 13:04 WIB "
SYL Cuma Bayar Rp 14 M Meski Peras Rp 44 M Bikin KPK Bicara Disparitas,https://news.detik.com/berita/d-7436979/syl-cuma-bayar-rp-14-m-meski-peras-rp-44-m-bikin-kpk-bicara-disparitas,"
Sabtu, 13 Jul 2024 12:13 WIB "
Dugaan Simpatisan SYL Tendang Wartawan Berbuntut Panjang,https://news.detik.com/berita/d-7436693/dugaan-simpatisan-syl-tendang-wartawan-berbuntut-panjang,"
Sabtu, 13 Jul 2024 07:10 WIB "
"SYL Diminta Bayar Rp 14 M Meski Peras Rp 44 M, KPK Pertimbangkan Banding",https://news.detik.com/berita/d-7436389/syl-diminta-bayar-rp-14-m-meski-peras-rp-44-m-kpk-pertimbangkan-banding,"
Jumat, 12 Jul 2024 20:39 WIB "
Polisi Usut Dugaan Pendukung SYL Tendang Wartawan Usai Sidang di PN Jakpus,https://news.detik.com/berita/d-7435166/polisi-usut-dugaan-pendukung-syl-tendang-wartawan-usai-sidang-di-pn-jakpus,"
Jumat, 12 Jul 2024 10:45 WIB "
"Vonis SYL: Bui 10 Tahun dan Denda Rp 300 Juta, Ditambah Bayar Rp 14,6 M",https://news.detik.com/berita/d-7435146/vonis-syl-bui-10-tahun-dan-denda-rp-300-juta-ditambah-bayar-rp-14-6-m,"
Jumat, 12 Jul 2024 10:32 WIB "
Ribut-ribut Usai Vonis SYL Bikin Pagar Ruang Sidang Tercabut,https://news.detik.com/berita/d-7434962/ribut-ribut-usai-vonis-syl-bikin-pagar-ruang-sidang-tercabut,"
Jumat, 12 Jul 2024 07:17 WIB "
Aliran Duit ke Keluarga Terbukti Berujung SYL Divonis 10 Tahun Bui,https://news.detik.com/berita/d-7434953/aliran-duit-ke-keluarga-terbukti-berujung-syl-divonis-10-tahun-bui,"
Jumat, 12 Jul 2024 06:41 WIB "
"MAKI Kecewa SYL Divonis 10 Tahun di Kasus Pemerasan, Usul KPK Ajukan Banding",https://news.detik.com/berita/d-7434948/maki-kecewa-syl-divonis-10-tahun-di-kasus-pemerasan-usul-kpk-ajukan-banding,"
Jumat, 12 Jul 2024 06:16 WIB "
"Jaksa Anggap Unik, SYL Cuma Wajib Bayar Rp 14 M Meski Terbukti Peras Rp 44 M",https://news.detik.com/berita/d-7434626/jaksa-anggap-unik-syl-cuma-wajib-bayar-rp-14-m-meski-terbukti-peras-rp-44-m,"
Kamis, 11 Jul 2024 19:20 WIB "
Wartawan Lapor Polisi Usai Diduga Dikeroyok Pendukung SYL Saat Sidang Vonis,https://news.detik.com/berita/d-7434599/wartawan-lapor-polisi-usai-diduga-dikeroyok-pendukung-syl-saat-sidang-vonis,"
Kamis, 11 Jul 2024 18:54 WIB "
KPK Pikir-pikir Banding Vonis 10 Tahun Bui SYL Selama 7 Hari,https://news.detik.com/berita/d-7434520/kpk-pikir-pikir-banding-vonis-10-tahun-bui-syl-selama-7-hari,"
Kamis, 11 Jul 2024 17:59 WIB "
Hakim Perintahkan Jaksa KPK Buka Blokir Rekening Eks Direktur Kementan,https://news.detik.com/berita/d-7434375/hakim-perintahkan-jaksa-kpk-buka-blokir-rekening-eks-direktur-kementan,"
Kamis, 11 Jul 2024 17:13 WIB "
"Pertimbangan Hakim Hanya Hukum SYL Bayar Uang Pengganti Rp 14,6 M",https://news.detik.com/berita/d-7434275/pertimbangan-hakim-hanya-hukum-syl-bayar-uang-pengganti-rp-14-6-m,"
Kamis, 11 Jul 2024 16:49 WIB "
"Hakim Sebut Keluarga SYL Terima Hasil Korupsi, KPK Usut di Perkara TPPU",https://news.detik.com/berita/d-7434202/hakim-sebut-keluarga-syl-terima-hasil-korupsi-kpk-usut-di-perkara-tppu,"
Kamis, 11 Jul 2024 16:12 WIB "
"Ricuh Usai Sidang Vonis SYL, Ada Wartawan Hampir Kena Tendang",https://news.detik.com/berita/d-7434117/ricuh-usai-sidang-vonis-syl-ada-wartawan-hampir-kena-tendang,"
Kamis, 11 Jul 2024 15:41 WIB "
Hakim: SYL Tak Mungkin Tidak Tahu Keluarganya Terima Fasilitas dari Kementan,https://news.detik.com/berita/d-7434084/hakim-syl-tak-mungkin-tidak-tahu-keluarganya-terima-fasilitas-dari-kementan,"
Kamis, 11 Jul 2024 15:28 WIB "
Jaksa KPK Pikir-pikir Banding Vonis 10 Tahun Penjara SYL,https://news.detik.com/berita/d-7434071/jaksa-kpk-pikir-pikir-banding-vonis-10-tahun-penjara-syl,"
Kamis, 11 Jul 2024 15:18 WIB "
Vonis 10 Tahun untuk SYL,https://news.detik.com/berita/d-7433977/vonis-10-tahun-untuk-syl,"
Kamis, 11 Jul 2024 15:12 WIB "
SYL Ucap Terima Kasih ke Jokowi dan Surya Paloh Usai Divonis 10 Tahun Bui,https://news.detik.com/berita/d-7434026/syl-ucap-terima-kasih-ke-jokowi-dan-surya-paloh-usai-divonis-10-tahun-bui,"
Kamis, 11 Jul 2024 14:59 WIB "
Pagar Pembatas Area Ruang Sidang Rusak Usai Sidang Vonis SYL,https://news.detik.com/berita/d-7433854/pagar-pembatas-area-ruang-sidang-rusak-usai-sidang-vonis-syl,"
Kamis, 11 Jul 2024 14:05 WIB "
Daftar Aliran Duit SYL yang Dirampas untuk Negara: dari Nayunda hingga NasDem,https://news.detik.com/berita/d-7433801/daftar-aliran-duit-syl-yang-dirampas-untuk-negara-dari-nayunda-hingga-nasdem,"
Kamis, 11 Jul 2024 13:36 WIB "
"SYL Divonis 10 Tahun Penjara, NasDem: Bukan Kader Lagi",https://news.detik.com/berita/d-7433791/syl-divonis-10-tahun-penjara-nasdem-bukan-kader-lagi,"
Kamis, 11 Jul 2024 13:31 WIB "
Hal Meringankan Vonis SYL: Usia 69 Tahun dan Banyak Dapat Penghargaan,https://news.detik.com/berita/d-7433783/hal-meringankan-vonis-syl-usia-69-tahun-dan-banyak-dapat-penghargaan,"
Kamis, 11 Jul 2024 13:28 WIB "
Hal Memberatkan Vonis SYL: Berbelit di Sidang-Keluarga Nikmati Hasil Korupsi,https://news.detik.com/berita/d-7433761/hal-memberatkan-vonis-syl-berbelit-di-sidang-keluarga-nikmati-hasil-korupsi,"
Kamis, 11 Jul 2024 13:15 WIB "
Sekjen Kementan Nonaktif Kasdi Subagyono Divonis 4 Tahun Penjara,https://news.detik.com/berita/d-7433746/sekjen-kementan-nonaktif-kasdi-subagyono-divonis-4-tahun-penjara,"
Kamis, 11 Jul 2024 13:02 WIB "
"Hakim Wajibkan SYL Bayar Uang Pengganti Rp 14,6 M",https://news.detik.com/berita/d-7433741/hakim-wajibkan-syl-bayar-uang-pengganti-rp-14-6-m,"
Kamis, 11 Jul 2024 13:00 WIB "
Eks Anak Buah SYL Divonis 4 Tahun Penjara di Kasus Pemerasan,https://news.detik.com/berita/d-7433737/eks-anak-buah-syl-divonis-4-tahun-penjara-di-kasus-pemerasan,"
Kamis, 11 Jul 2024 12:59 WIB "
Syahrul Yasin Limpo Divonis 10 Tahun Penjara!,https://news.detik.com/berita/d-7433719/syahrul-yasin-limpo-divonis-10-tahun-penjara,"
Kamis, 11 Jul 2024 12:52 WIB "
"Jelang Putusan untuk SYL, NasDem: Kita Serahkan ke Hakim",https://news.detik.com/berita/d-7433504/jelang-putusan-untuk-syl-nasdem-kita-serahkan-ke-hakim,"
Kamis, 11 Jul 2024 11:14 WIB "
Ekspresi SYL Jelang Sidang Vonis Kasus Pemerasan Anak Buah,https://news.detik.com/berita/d-7433427/ekspresi-syl-jelang-sidang-vonis-kasus-pemerasan-anak-buah,"
Kamis, 11 Jul 2024 10:34 WIB "
KPK Yakin Vonis SYL Sesuai Tuntutan 12 Tahun Penjara,https://news.detik.com/berita/d-7433360/kpk-yakin-vonis-syl-sesuai-tuntutan-12-tahun-penjara,"
Kamis, 11 Jul 2024 09:59 WIB "
Kasus SYL Jelang Putusan: Antara Pantun Jaksa dan Aksi Unjuk Kesalehan,https://news.detik.com/berita/d-7433186/kasus-syl-jelang-putusan-antara-pantun-jaksa-dan-aksi-unjuk-kesalehan,"
Kamis, 11 Jul 2024 07:06 WIB "
SYL Hadapi Sidang Vonis Kasus Pemerasan Anak Buah Hari Ini,https://news.detik.com/berita/d-7433153/syl-hadapi-sidang-vonis-kasus-pemerasan-anak-buah-hari-ini,"
Kamis, 11 Jul 2024 06:19 WIB "
SYL Rajin Salat dan Dengar Ceramah Jelang Divonis Besok,https://news.detik.com/berita/d-7432123/syl-rajin-salat-dan-dengar-ceramah-jelang-divonis-besok,"
Rabu, 10 Jul 2024 15:12 WIB "
Koar-koar SYL Menteri Paling Miskin Padahal Hartanya Rp 20 Miliar,https://news.detik.com/berita/d-7431371/koar-koar-syl-menteri-paling-miskin-padahal-hartanya-rp-20-miliar,"
Rabu, 10 Jul 2024 07:32 WIB "
"SYL Segera Divonis: Mohon Doa, Saya Nggak Bisa Bicara",https://news.detik.com/berita/d-7430846/syl-segera-divonis-mohon-doa-saya-nggak-bisa-bicara,"
Selasa, 09 Jul 2024 18:04 WIB "
"Sekjen Kementan Kasdi Tetap Minta Dibebaskan, Klaim Cuma Ikut Perintah SYL",https://news.detik.com/berita/d-7430751/sekjen-kementan-kasdi-tetap-minta-dibebaskan-klaim-cuma-ikut-perintah-syl,"
Selasa, 09 Jul 2024 17:16 WIB "
Eks Anak Buah SYL Bersikeras Cuma Ikut Perintah soal Patungan Dirjen Kementan,https://news.detik.com/berita/d-7430665/eks-anak-buah-syl-bersikeras-cuma-ikut-perintah-soal-patungan-dirjen-kementan,"
Selasa, 09 Jul 2024 16:50 WIB "
SYL Mengaku Menteri Paling Miskin tapi Hartanya Rp 20 Miliar,https://news.detik.com/berita/d-7430401/syl-mengaku-menteri-paling-miskin-tapi-hartanya-rp-20-miliar,"
Selasa, 09 Jul 2024 15:21 WIB "
"Ramai Video Firli Main Badminton, Pukat UGM: Lukai Keadilan Masyarakat",https://news.detik.com/berita/d-7429793/ramai-video-firli-main-badminton-pukat-ugm-lukai-keadilan-masyarakat,"
Selasa, 09 Jul 2024 11:15 WIB "
Balasan Menohok Jaksa KPK ke SYL yang Ngaku Tinggal di Rumah Kebanjiran,https://news.detik.com/berita/d-7429584/balasan-menohok-jaksa-kpk-ke-syl-yang-ngaku-tinggal-di-rumah-kebanjiran,"
Selasa, 09 Jul 2024 08:57 WIB "
Pantun dan Sindiran Balik Jaksa ke SYL Bawa-bawa Biduan,https://news.detik.com/berita/d-7429496/pantun-dan-sindiran-balik-jaksa-ke-syl-bawa-bawa-biduan,"
Selasa, 09 Jul 2024 06:30 WIB "
Jaksa Tetap Minta 2 Eks Anak Buah SYL Dihukum 6 Tahun Penjara,https://news.detik.com/berita/d-7429248/jaksa-tetap-minta-2-eks-anak-buah-syl-dihukum-6-tahun-penjara,"
Senin, 08 Jul 2024 20:39 WIB "
"Jelang Sidang Vonis, KPK Harap SYL Juga Dihukum Bayar Uang Pengganti Rp 44,6 M",https://news.detik.com/berita/d-7429206/jelang-sidang-vonis-kpk-harap-syl-juga-dihukum-bayar-uang-pengganti-rp-44-6-m,"
Senin, 08 Jul 2024 20:09 WIB "
Jaksa Tetap Minta SYL Dihukum 12 Tahun Bui di Kasus Pemerasan Anak Buah,https://news.detik.com/berita/d-7429335/jaksa-tetap-minta-syl-dihukum-12-tahun-bui-di-kasus-pemerasan-anak-buah,"
Senin, 08 Jul 2024 19:29 WIB "
Balasan Jaksa KPK ke SYL yang Ngaku Masih Tinggal di Rumah Kebanjiran,https://news.detik.com/berita/d-7429106/balasan-jaksa-kpk-ke-syl-yang-ngaku-masih-tinggal-di-rumah-kebanjiran,"
Senin, 08 Jul 2024 18:59 WIB "
Pantun Jaksa ke SYL: Jangan Ngaku Pahlawan Kalau Masih Suka Biduan,https://news.detik.com/berita/d-7428886/pantun-jaksa-ke-syl-jangan-ngaku-pahlawan-kalau-masih-suka-biduan,"
Senin, 08 Jul 2024 17:25 WIB "
"Jaksa: Kami Bisa Tampilkan Semua Chat SYL, tapi Ini Bukan Sidang Perselingkuhan",https://news.detik.com/berita/d-7428808/jaksa-kami-bisa-tampilkan-semua-chat-syl-tapi-ini-bukan-sidang-perselingkuhan,"
Senin, 08 Jul 2024 16:56 WIB "
Sindiran Jaksa KPK ke SYL: Apakah Nyawer Biduan Itu Kepentingan Dinas?,https://news.detik.com/berita/d-7428790/sindiran-jaksa-kpk-ke-syl-apakah-nyawer-biduan-itu-kepentingan-dinas,"
Senin, 08 Jul 2024 16:46 WIB "
Jaksa KPK ke SYL: Wajah Menangis Tak Hapus Pidana,https://news.detik.com/berita/d-7428691/jaksa-kpk-ke-syl-wajah-menangis-tak-hapus-pidana,"
Senin, 08 Jul 2024 16:19 WIB "
"Balas Tangis SYL Usai Dituntut 12 Tahun Penjara, Jaksa KPK Beri Pantun",https://news.detik.com/berita/d-7428608/balas-tangis-syl-usai-dituntut-12-tahun-penjara-jaksa-kpk-beri-pantun,"
Senin, 08 Jul 2024 15:45 WIB "
Ramai Video Firli Santai Main Badminton di Tengah Kasusnya Diusut Polisi,https://news.detik.com/berita/d-7428257/ramai-video-firli-santai-main-badminton-di-tengah-kasusnya-diusut-polisi,"
Senin, 08 Jul 2024 12:54 WIB "
SYL dan Eks Anak Buah Saling Lempar Bola Panas Usai Dituntut Penjara,https://news.detik.com/berita/d-7425704/syl-dan-eks-anak-buah-saling-lempar-bola-panas-usai-dituntut-penjara,"
Sabtu, 06 Jul 2024 11:23 WIB "
"SYL Oh SYL: Dulu Sesumbar Jadi Pahlawan, Kini Menangis Saat Pembelaan",https://news.detik.com/berita/d-7425551/syl-oh-syl-dulu-sesumbar-jadi-pahlawan-kini-menangis-saat-pembelaan,"
Sabtu, 06 Jul 2024 09:06 WIB "
Tangis SYL Merasa Tak Pernah Korupsi Usai Dituntut 12 Tahun Bui,https://news.detik.com/berita/d-7425538/tangis-syl-merasa-tak-pernah-korupsi-usai-dituntut-12-tahun-bui,"
Sabtu, 06 Jul 2024 08:49 WIB "
"Sekali Lagi SYL Bawa-bawa Jokowi, Putar Video Saat Pleidoi",https://news.detik.com/berita/d-7425468/sekali-lagi-syl-bawa-bawa-jokowi-putar-video-saat-pleidoi,"
Sabtu, 06 Jul 2024 07:10 WIB "
Sekjen Kementan Nonaktif Minta Dibebaskan: Terpaksa Jalani Perintah Menteri,https://news.detik.com/berita/d-7425400/sekjen-kementan-nonaktif-minta-dibebaskan-terpaksa-jalani-perintah-menteri,"
Sabtu, 06 Jul 2024 00:24 WIB "
"Tanggapi Pledoi, Jaksa KPK: Pak SYL Mengakui Tindakan Korupsi",https://news.detik.com/berita/d-7425389/tanggapi-pledoi-jaksa-kpk-pak-syl-mengakui-tindakan-korupsi,"
Sabtu, 06 Jul 2024 00:04 WIB "
Eks Anak Buah SYL: Saya Bawahan Eselon II Tak Punya Kuasa Paksa Atasan,https://news.detik.com/berita/d-7425324/eks-anak-buah-syl-saya-bawahan-eselon-ii-tak-punya-kuasa-paksa-atasan,"
Jumat, 05 Jul 2024 22:30 WIB "
Sidang Vonis SYL Digelar 11 Juli,https://news.detik.com/berita/d-7425156/sidang-vonis-syl-digelar-11-juli,"
Jumat, 05 Jul 2024 20:36 WIB "
SYL Merasa Tak Korupsi: Saya Terus Bertanya Mengapa Jadi Tersangka,https://news.detik.com/berita/d-7424794/syl-merasa-tak-korupsi-saya-terus-bertanya-mengapa-jadi-tersangka,"
Jumat, 05 Jul 2024 17:13 WIB "
SYL Ngaku Jadi Korban Framing: Seolah Saya Manusia Maruk dan Rakus,https://news.detik.com/berita/d-7424638/syl-ngaku-jadi-korban-framing-seolah-saya-manusia-maruk-dan-rakus,"
Jumat, 05 Jul 2024 16:19 WIB "
"SYL Nangis di Sidang: Rumah Masih Kebanjiran, Saya Nggak Biasa Disogok-sogok",https://news.detik.com/berita/d-7424585/syl-nangis-di-sidang-rumah-masih-kebanjiran-saya-nggak-biasa-disogok-sogok,"
Jumat, 05 Jul 2024 15:57 WIB "
SYL Jelaskan Alasan Sempat Minta Jokowi hingga JK Jadi Saksi Meringankan,https://news.detik.com/berita/d-7424571/syl-jelaskan-alasan-sempat-minta-jokowi-hingga-jk-jadi-saksi-meringankan,"
Jumat, 05 Jul 2024 15:48 WIB "
SYL Ngaku Dizalimi di Kasus Gratifikasi: Mohon Hakim Jatuhkan Putusan Bebas,https://news.detik.com/berita/d-7424429/syl-ngaku-dizalimi-di-kasus-gratifikasi-mohon-hakim-jatuhkan-putusan-bebas,"
Jumat, 05 Jul 2024 14:58 WIB "
Kapolda Metro Janji Tuntaskan Semua Perkara Firli Bahuri,https://news.detik.com/berita/d-7424257/kapolda-metro-janji-tuntaskan-semua-perkara-firli-bahuri,"
Jumat, 05 Jul 2024 13:37 WIB "
Perkara Baru Bagi Firli Bahuri Meski Belum Diadili,https://news.detik.com/berita/d-7421887/perkara-baru-bagi-firli-bahuri-meski-belum-diadili,"
Kamis, 04 Jul 2024 06:01 WIB "
KPK Yakin Polda Metro Independen Proses Kasus Firli Bahuri,https://news.detik.com/berita/d-7421558/kpk-yakin-polda-metro-independen-proses-kasus-firli-bahuri,"
Rabu, 03 Jul 2024 19:29 WIB "
Polda Metro Usut 2 Kasus Lain Terkait Firli: TPPU dan Pasal 36 KPK,https://news.detik.com/berita/d-7420859/polda-metro-usut-2-kasus-lain-terkait-firli-tppu-dan-pasal-36-kpk,"
Rabu, 03 Jul 2024 14:17 WIB "
"Polisi Kebut Kasus Firli Bahuri Selain Pemerasan SYL, Segera Gelar Perkara",https://news.detik.com/berita/d-7420354/polisi-kebut-kasus-firli-bahuri-selain-pemerasan-syl-segera-gelar-perkara,"
Rabu, 03 Jul 2024 10:25 WIB "
"Firli Minta Hentikan, Polisi Jamin Tuntaskan",https://news.detik.com/berita/d-7418428/firli-minta-hentikan-polisi-jamin-tuntaskan,"
Selasa, 02 Jul 2024 06:50 WIB "
Jawaban Polisi Diminta Firli Setop Kasus Pemerasan SYL: Kita Tuntaskan!,https://news.detik.com/berita/d-7417299/jawaban-polisi-diminta-firli-setop-kasus-pemerasan-syl-kita-tuntaskan,"
Senin, 01 Jul 2024 13:53 WIB "
"Jawaban Tegas Polisi Kala Firli Bahuri Tepis Aliran Rp 1,3 M dari SYL",https://news.detik.com/berita/d-7416673/jawaban-tegas-polisi-kala-firli-bahuri-tepis-aliran-rp-1-3-m-dari-syl,"
Senin, 01 Jul 2024 07:40 WIB "
"Makin Lama Dicegah ke LN, Firli Kini Minta Kasus Pemerasan SYL Disetop",https://news.detik.com/berita/d-7416401/makin-lama-dicegah-ke-ln-firli-kini-minta-kasus-pemerasan-syl-disetop,"
Minggu, 30 Jun 2024 20:39 WIB "
"Firli Bahuri Tepis Aliran Rp 1,3 M dari SYL, Polda Metro Tegaskan Punya Bukti",https://news.detik.com/berita/d-7415658/firli-bahuri-tepis-aliran-rp-1-3-m-dari-syl-polda-metro-tegaskan-punya-bukti,"
Minggu, 30 Jun 2024 10:08 WIB "
SYL Mengelak Tuntutan 12 Tahun Bui karena Tamak,https://news.detik.com/berita/d-7415511/syl-mengelak-tuntutan-12-tahun-bui-karena-tamak,"
Minggu, 30 Jun 2024 07:34 WIB "
Makin Lama Firli Bahuri Dicegah ke Luar Negeri,https://news.detik.com/berita/d-7415490/makin-lama-firli-bahuri-dicegah-ke-luar-negeri,"
Minggu, 30 Jun 2024 07:04 WIB "
"Dituntut 12 Tahun Bui karena Tamak, SYL Tetap Mengelak",https://news.detik.com/berita/d-7414806/dituntut-12-tahun-bui-karena-tamak-syl-tetap-mengelak,"
Sabtu, 29 Jun 2024 14:52 WIB "
Balasan Jaksa 'Sudah Tugas Menteri' Saat SYL Ngaku Berprestasi,https://news.detik.com/berita/d-7414609/balasan-jaksa-sudah-tugas-menteri-saat-syl-ngaku-berprestasi,"
Sabtu, 29 Jun 2024 12:33 WIB "
Tuntutan 12 Tahun Penjara untuk SYL karena Dianggap Bermotif Tamak,https://news.detik.com/berita/d-7414282/tuntutan-12-tahun-penjara-untuk-syl-karena-dianggap-bermotif-tamak,"
Sabtu, 29 Jun 2024 06:08 WIB "
"SYL Klaim Berprestasi, Jaksa KPK Tegaskan Sudah Seharusnya Tugas Menteri",https://news.detik.com/berita/d-7414156/syl-klaim-berprestasi-jaksa-kpk-tegaskan-sudah-seharusnya-tugas-menteri,"
Jumat, 28 Jun 2024 22:05 WIB "
"Penjelasan Jaksa KPK Tak Ada Pemberian Rp 1,3 M ke Firli di Tuntutan SYL",https://news.detik.com/berita/d-7414152/penjelasan-jaksa-kpk-tak-ada-pemberian-rp-1-3-m-ke-firli-di-tuntutan-syl,"
Jumat, 28 Jun 2024 22:01 WIB "
Keluarga SYL Kembalikan Uang Rp 600 Juta ke Rekening KPK,https://news.detik.com/berita/d-7414102/keluarga-syl-kembalikan-uang-rp-600-juta-ke-rekening-kpk,"
Jumat, 28 Jun 2024 21:05 WIB "
Ini Rincian Duit Terkait Kasus SYL yang Dibalikin ke Rekening KPK,https://news.detik.com/berita/d-7414093/ini-rincian-duit-terkait-kasus-syl-yang-dibalikin-ke-rekening-kpk,"
Jumat, 28 Jun 2024 21:02 WIB "
"Jaksa Singgung 'Kerajaan Pertanian' di Sidang, SYL Geleng-geleng Kepala",https://news.detik.com/berita/d-7414023/jaksa-singgung-kerajaan-pertanian-di-sidang-syl-geleng-geleng-kepala,"
Jumat, 28 Jun 2024 20:22 WIB "
Ditjen Imigrasi Perpanjang Pencegahan ke Luar Negeri Firli Bahuri,https://news.detik.com/berita/d-7413974/ditjen-imigrasi-perpanjang-pencegahan-ke-luar-negeri-firli-bahuri,"
Jumat, 28 Jun 2024 19:58 WIB "
Beda Jauh Tuntutan SYL dan 2 Eks Anak Buah di Kasus Pemerasan,https://news.detik.com/berita/d-7413952/beda-jauh-tuntutan-syl-dan-2-eks-anak-buah-di-kasus-pemerasan,"
Jumat, 28 Jun 2024 19:30 WIB "
SYL Tak Paham Maksud 'Tamak' yang Beratkan Tuntutan di Kasus Pemerasan,https://news.detik.com/berita/d-7413944/syl-tak-paham-maksud-tamak-yang-beratkan-tuntutan-di-kasus-pemerasan,"
Jumat, 28 Jun 2024 19:25 WIB "
SYL Kembali Bawa-bawa Presiden Usai Dituntut 12 Tahun Penjara,https://news.detik.com/berita/d-7413935/syl-kembali-bawa-bawa-presiden-usai-dituntut-12-tahun-penjara,"
Jumat, 28 Jun 2024 19:19 WIB "
"Rincian Duit Rp 44,2 M dan USD 30 Ribu Hasil SYL Peras Anak Buah di Kementan",https://news.detik.com/berita/d-7413849/rincian-duit-rp-44-2-m-dan-usd-30-ribu-hasil-syl-peras-anak-buah-di-kementan,"
Jumat, 28 Jun 2024 18:33 WIB "
Jaksa Minta Hakim Kesampingkan Bantahan SYL di Kasus Pemerasan Anak Buah,https://news.detik.com/berita/d-7413848/jaksa-minta-hakim-kesampingkan-bantahan-syl-di-kasus-pemerasan-anak-buah,"
Jumat, 28 Jun 2024 18:32 WIB "
"SYL Juga Dituntut Bayar Pengganti Rp 44,6 M di Kasus Peras Anak Buah",https://news.detik.com/berita/d-7413787/syl-juga-dituntut-bayar-pengganti-rp-44-6-m-di-kasus-peras-anak-buah,"
Jumat, 28 Jun 2024 17:54 WIB "
Hal Memberatkan Tuntutan SYL: Korupsi Dilakukan dengan Motif Tamak,https://news.detik.com/berita/d-7413770/hal-memberatkan-tuntutan-syl-korupsi-dilakukan-dengan-motif-tamak,"
Jumat, 28 Jun 2024 17:46 WIB "
Sekjen Kementan Nonaktif Kasdi Subagyono Dituntut 6 Tahun Penjara,https://news.detik.com/berita/d-7413702/sekjen-kementan-nonaktif-kasdi-subagyono-dituntut-6-tahun-penjara,"
Jumat, 28 Jun 2024 17:28 WIB "
Eks Anak Buah SYL Dituntut 6 Tahun Penjara,https://news.detik.com/berita/d-7413694/eks-anak-buah-syl-dituntut-6-tahun-penjara,"
Jumat, 28 Jun 2024 17:23 WIB "
"SYL Dituntut 12 Tahun Penjara di Kasus Pemerasan Anak Buah Rp 44,6 Miliar",https://news.detik.com/berita/d-7413670/syl-dituntut-12-tahun-penjara-di-kasus-pemerasan-anak-buah-rp-44-6-miliar,"
Jumat, 28 Jun 2024 17:14 WIB "
"SYL Dituntut Hari Ini, KPK Harap Tuntutan Jaksa Dikabulkan",https://news.detik.com/berita/d-7412854/syl-dituntut-hari-ini-kpk-harap-tuntutan-jaksa-dikabulkan,"
Jumat, 28 Jun 2024 11:15 WIB "
"SYL Dituntut Hari Ini, Istri-Anak Tak Hadir Langsung di Ruang Sidang",https://news.detik.com/berita/d-7412670/syl-dituntut-hari-ini-istri-anak-tak-hadir-langsung-di-ruang-sidang,"
Jumat, 28 Jun 2024 09:26 WIB "
SYL Hadapi Sidang Tuntutan Kasus Gratifikasi dan Pemerasan Hari Ini,https://news.detik.com/berita/d-7412512/syl-hadapi-sidang-tuntutan-kasus-gratifikasi-dan-pemerasan-hari-ini,"
Jumat, 28 Jun 2024 06:12 WIB "
"Citra KPK Terendah, Pansel Diminta Extraordinary Efforts Jaring Capim",https://news.detik.com/berita/d-7410876/citra-kpk-terendah-pansel-diminta-extraordinary-efforts-jaring-capim,"
Kamis, 27 Jun 2024 10:33 WIB "
Seiya Sekata di Sidang dan Polda soal Duit Miliaran SYL ke Firli,https://news.detik.com/berita/d-7410667/seiya-sekata-di-sidang-dan-polda-soal-duit-miliaran-syl-ke-firli,"
Kamis, 27 Jun 2024 07:01 WIB "
"Kapolda Metro: Firli Mungkin Diperiksa Lagi Usai SYL Ngaku Serahkan Rp 1,3 M",https://news.detik.com/berita/d-7410105/kapolda-metro-firli-mungkin-diperiksa-lagi-usai-syl-ngaku-serahkan-rp-1-3-m,"
Rabu, 26 Jun 2024 17:47 WIB "
"Respons Kapolda Metro Jaya soal SYL Ngaku Serahkan Rp 1,3 M ke Firli",https://news.detik.com/berita/d-7409829/respons-kapolda-metro-jaya-soal-syl-ngaku-serahkan-rp-1-3-m-ke-firli,"
Rabu, 26 Jun 2024 16:14 WIB "
"Polda Metro: Pengakuan SYL soal Rp 1,3 M ke Firli Sudah Tercatat dalam BAP",https://news.detik.com/berita/d-7409778/polda-metro-pengakuan-syl-soal-rp-1-3-m-ke-firli-sudah-tercatat-dalam-bap,"
Rabu, 26 Jun 2024 15:56 WIB "
"Dalih Persahabatan di Balik Rp 1,3 M SYL ke Firli Bahuri",https://news.detik.com/berita/d-7408938/dalih-persahabatan-di-balik-rp-1-3-m-syl-ke-firli-bahuri,"
Rabu, 26 Jun 2024 09:59 WIB "
Firli Menepis Aliran Duit SYL di GOR Bulu Tangkis,https://news.detik.com/berita/d-7408507/firli-menepis-aliran-duit-syl-di-gor-bulu-tangkis,"
Selasa, 25 Jun 2024 20:02 WIB "
KPK Bicara soal SYL 'Ketakutan' hingga Kirim Rp 2 M ke Rekening Penampung,https://news.detik.com/berita/d-7408433/kpk-bicara-soal-syl-ketakutan-hingga-kirim-rp-2-m-ke-rekening-penampung,"
Selasa, 25 Jun 2024 19:19 WIB "
KPK Heran Syarat Delegasi di Putusan Sela Gazalba: Hakimnya Sama di Kasus SYL,https://news.detik.com/berita/d-7408153/kpk-heran-syarat-delegasi-di-putusan-sela-gazalba-hakimnya-sama-di-kasus-syl,"
Selasa, 25 Jun 2024 16:56 WIB "
Mentan Amran Balas SYL: Semua Pendapatan Menteri Saya Serahkan ke Yatim Piatu,https://news.detik.com/berita/d-7407809/mentan-amran-balas-syl-semua-pendapatan-menteri-saya-serahkan-ke-yatim-piatu,"
Selasa, 25 Jun 2024 15:05 WIB "
"SYL Ngaku Beri Rp 1,3 M ke Firli, Polda Metro: Terdakwa dkk Telah Kami BAP",https://news.detik.com/berita/d-7407743/syl-ngaku-beri-rp-1-3-m-ke-firli-polda-metro-terdakwa-dkk-telah-kami-bap,"
Selasa, 25 Jun 2024 14:32 WIB "
"Firli Berkelit soal Rp 1,3 Miliar dari SYL: Bohong!",https://news.detik.com/berita/d-7407254/firli-berkelit-soal-rp-1-3-miliar-dari-syl-bohong,"
Selasa, 25 Jun 2024 11:15 WIB "
Ada Rp 500 Juta di Balik Foto Viral SYL-Firli di GOR Badminton,https://news.detik.com/berita/d-7407126/ada-rp-500-juta-di-balik-foto-viral-syl-firli-di-gor-badminton,"
Selasa, 25 Jun 2024 10:05 WIB "
Kala SYL Bilang 'Semua Menteri Berbuat yang Sama' soal Bayari Keluarga,https://news.detik.com/berita/d-7407071/kala-syl-bilang-semua-menteri-berbuat-yang-sama-soal-bayari-keluarga,"
Selasa, 25 Jun 2024 09:33 WIB "
Amplop Isi Dolar Berceceran Bikin Hakim Pengadil SYL Heran,https://news.detik.com/berita/d-7407002/amplop-isi-dolar-berceceran-bikin-hakim-pengadil-syl-heran,"
Selasa, 25 Jun 2024 07:39 WIB "
"SYL Akui Ajak Anak-Cucu Umrah, Klaim Tagihan Belum Masuk Sampai Diperiksa KPK",https://news.detik.com/berita/d-7406938/syl-akui-ajak-anak-cucu-umrah-klaim-tagihan-belum-masuk-sampai-diperiksa-kpk,"
Selasa, 25 Jun 2024 05:43 WIB "
Jawaban SYL saat Dicecar Jaksa soal 3 Ribu Paket Sembako untuk HUT NasDem,https://news.detik.com/berita/d-7406924/jawaban-syl-saat-dicecar-jaksa-soal-3-ribu-paket-sembako-untuk-hut-nasdem,"
Selasa, 25 Jun 2024 04:10 WIB "
SYL Ungkap Alasan Usul Kasdi Subagyono Jadi Sekjen: Sembahyangnya Bagus,https://news.detik.com/berita/d-7406897/syl-ungkap-alasan-usul-kasdi-subagyono-jadi-sekjen-sembahyangnya-bagus,"
Selasa, 25 Jun 2024 00:33 WIB "
SYL Klaim Siap Dihukum tapi Minta Tuntutan Ringan,https://news.detik.com/berita/d-7406887/syl-klaim-siap-dihukum-tapi-minta-tuntutan-ringan,"
Senin, 24 Jun 2024 23:46 WIB "
SYL di Persidangan: Saya Menteri yang Paling Miskin,https://news.detik.com/berita/d-7406878/syl-di-persidangan-saya-menteri-yang-paling-miskin,"
Senin, 24 Jun 2024 23:18 WIB "
"Jaksa Ungkap Rp 2 M Dititipkan ke KPK, SYL Ngaku Tak Tahu",https://news.detik.com/berita/d-7406804/jaksa-ungkap-rp-2-m-dititipkan-ke-kpk-syl-ngaku-tak-tahu,"
Senin, 24 Jun 2024 21:46 WIB "
SYL di Sidang: Saya Tak Tagih tapi Negara Harusnya Beri Penghargaan,https://news.detik.com/berita/d-7406760/syl-di-sidang-saya-tak-tagih-tapi-negara-harusnya-beri-penghargaan,"
Senin, 24 Jun 2024 21:06 WIB "
Pengakuan SYL Tak Niat Apa-apa Saat Bayari Cicilan Apartemen Biduan,https://news.detik.com/berita/d-7406650/pengakuan-syl-tak-niat-apa-apa-saat-bayari-cicilan-apartemen-biduan,"
Senin, 24 Jun 2024 19:38 WIB "
SYL soal Kementan Bayari Pengeluaran Keluarganya: Staf yang Tawar-tawarkan,https://news.detik.com/berita/d-7406609/syl-soal-kementan-bayari-pengeluaran-keluarganya-staf-yang-tawar-tawarkan,"
Senin, 24 Jun 2024 19:14 WIB "
SYL Akui Minta Dirjen Kementan Jadikan Tenri Olle Tenaga Ahli,https://news.detik.com/berita/d-7406516/syl-akui-minta-dirjen-kementan-jadikan-tenri-olle-tenaga-ahli,"
Senin, 24 Jun 2024 18:23 WIB "
"SYL Akui Minta Cucu Magang di Kementan, Dapat Honor Rp 10 Juta",https://news.detik.com/berita/d-7406390/syl-akui-minta-cucu-magang-di-kementan-dapat-honor-rp-10-juta,"
Senin, 24 Jun 2024 17:34 WIB "
SYL: Firli Bahuri Proaktif WA Saya,https://news.detik.com/berita/d-7406308/syl-firli-bahuri-proaktif-wa-saya,"
Senin, 24 Jun 2024 16:58 WIB "
"SYL Akui Beri Uang Rp 1,3 Miliar ke Firli Bahuri",https://news.detik.com/berita/d-7406287/syl-akui-beri-uang-rp-1-3-miliar-ke-firli-bahuri,"
Senin, 24 Jun 2024 16:51 WIB "
SYL Akui Minta Pegawai Kementan Bicara Normatif Jika Diperiksa KPK,https://news.detik.com/berita/d-7406225/syl-akui-minta-pegawai-kementan-bicara-normatif-jika-diperiksa-kpk,"
Senin, 24 Jun 2024 16:25 WIB "
KPK Usut Aliran Dana Rp 800 Juta dari SYL ke Firli Bahuri,https://news.detik.com/berita/d-7406213/kpk-usut-aliran-dana-rp-800-juta-dari-syl-ke-firli-bahuri,"
Senin, 24 Jun 2024 16:22 WIB "
"Jaksa Tanya Proses Nayunda Jadi Honorer, SYL: Melamar, Setelah Itu Kerja",https://news.detik.com/berita/d-7406145/jaksa-tanya-proses-nayunda-jadi-honorer-syl-melamar-setelah-itu-kerja,"
Senin, 24 Jun 2024 15:57 WIB "
SYL Akui Beri Tas Balenciaga ke Biduan Nayunda Nabila,https://news.detik.com/berita/d-7406133/syl-akui-beri-tas-balenciaga-ke-biduan-nayunda-nabila,"
Senin, 24 Jun 2024 15:54 WIB "
SYL Dicecar soal Bayar Cicilan Apartemen Nayunda: Tak Ada Niat Apa-apa,https://news.detik.com/berita/d-7406103/syl-dicecar-soal-bayar-cicilan-apartemen-nayunda-tak-ada-niat-apa-apa,"
Senin, 24 Jun 2024 15:41 WIB "
Alasan SYL Cicil Apartemen Biduan Nayunda: Saya Pengayom Orang Bugis,https://news.detik.com/berita/d-7406072/alasan-syl-cicil-apartemen-biduan-nayunda-saya-pengayom-orang-bugis,"
Senin, 24 Jun 2024 15:33 WIB "
Jaksa Sentil SYL soal Honor Biduan Nayunda: Katanya Tak Urusi Hal Kecil,https://news.detik.com/berita/d-7406027/jaksa-sentil-syl-soal-honor-biduan-nayunda-katanya-tak-urusi-hal-kecil,"
Senin, 24 Jun 2024 15:22 WIB "
SYL Jawab Hakim yang Heran soal Banyak Amplop Dolar: Saya Kan Menteri,https://news.detik.com/berita/d-7405959/syl-jawab-hakim-yang-heran-soal-banyak-amplop-dolar-saya-kan-menteri,"
Senin, 24 Jun 2024 14:50 WIB "
Hakim Cecar Awal Mula SYL Angkat Hatta dari Ajudan Jadi Direktur Kementan,https://news.detik.com/berita/d-7405907/hakim-cecar-awal-mula-syl-angkat-hatta-dari-ajudan-jadi-direktur-kementan,"
Senin, 24 Jun 2024 14:29 WIB "
"SYL Ngaku Beli Jaket Pakai Kartu Kredit, Hakim: Kenyataannya Dibayar Kementan",https://news.detik.com/berita/d-7405791/syl-ngaku-beli-jaket-pakai-kartu-kredit-hakim-kenyataannya-dibayar-kementan,"
Senin, 24 Jun 2024 13:49 WIB "
"SYL di Sidang: Saya Ketua APPSI, Pak Jokowi Sebelum Presiden di Bawah Saya",https://news.detik.com/berita/d-7405722/syl-di-sidang-saya-ketua-appsi-pak-jokowi-sebelum-presiden-di-bawah-saya,"
Senin, 24 Jun 2024 13:15 WIB "
SYL Klaim Tak Tahu Eselon I Dipaksa Belikan Anak Mobil: Saya Terlalu Sibuk,https://news.detik.com/berita/d-7405715/syl-klaim-tak-tahu-eselon-i-dipaksa-belikan-anak-mobil-saya-terlalu-sibuk,"
Senin, 24 Jun 2024 13:12 WIB "
SYL Yakin Rp 30 Juta/Bulan Buat Istri Resmi: Waktu Gubernur Juga Gitu,https://news.detik.com/berita/d-7405667/syl-yakin-rp-30-juta-bulan-buat-istri-resmi-waktu-gubernur-juga-gitu,"
Senin, 24 Jun 2024 12:55 WIB "
SYL Bawa-bawa Warning DPR Saat Jawab Hakim soal Konflik dengan Eks Sekjen,https://news.detik.com/berita/d-7405577/syl-bawa-bawa-warning-dpr-saat-jawab-hakim-soal-konflik-dengan-eks-sekjen,"
Senin, 24 Jun 2024 12:24 WIB "
SYL Bantah Minta Pegawai Patungan Duit: Sekjen Kasdi Ini Imam Saya Sembahyang,https://news.detik.com/berita/d-7405488/syl-bantah-minta-pegawai-patungan-duit-sekjen-kasdi-ini-imam-saya-sembahyang,"
Senin, 24 Jun 2024 11:56 WIB "
SYL Diperiksa Jadi Saksi Mahkota Kasus Gratifikasi-Pemerasan,https://news.detik.com/berita/d-7405319/syl-diperiksa-jadi-saksi-mahkota-kasus-gratifikasi-pemerasan,"
Senin, 24 Jun 2024 10:45 WIB "
"Citra KPK Terendah di Survei Litbang Kompas, IM57 Singgung Efek Kasus Firli",https://news.detik.com/berita/d-7402600/citra-kpk-terendah-di-survei-litbang-kompas-im57-singgung-efek-kasus-firli,"
Sabtu, 22 Jun 2024 04:38 WIB "
Masa Cegah Firli Bahuri ke Luar Negeri Diperpanjang,https://news.detik.com/berita/d-7402580/masa-cegah-firli-bahuri-ke-luar-negeri-diperpanjang,"
Sabtu, 22 Jun 2024 00:18 WIB "
Antisipasi SYL saat KPK Usut Kasus Sapi hingga Beri Rp 800 Juta ke Firli,https://news.detik.com/berita/d-7399367/antisipasi-syl-saat-kpk-usut-kasus-sapi-hingga-beri-rp-800-juta-ke-firli,"
Kamis, 20 Jun 2024 12:27 WIB "
Buka-bukaan di Sidang SYL soal Duit hingga 'Cawe-cawe' Pimpinan KPK,https://news.detik.com/berita/d-7398862/buka-bukaan-di-sidang-syl-soal-duit-hingga-cawe-cawe-pimpinan-kpk,"
Kamis, 20 Jun 2024 06:21 WIB "
Eks Direktur Kementan Ungkap Stafsus SYL Minta Rp 300 Juta untuk Organisasi,https://news.detik.com/berita/d-7398810/eks-direktur-kementan-ungkap-stafsus-syl-minta-rp-300-juta-untuk-organisasi,"
Kamis, 20 Jun 2024 02:32 WIB "
Saksi Ungkap Kementan Biayai 4 Rompi Anti Peluru untuk SYL ke Papua,https://news.detik.com/berita/d-7398790/saksi-ungkap-kementan-biayai-4-rompi-anti-peluru-untuk-syl-ke-papua,"
Kamis, 20 Jun 2024 00:47 WIB "
"SYL Dkk Jalani Sidang Tuntutan Kasus Gratifikasi 28 Juni, Putusan 11 Juli",https://news.detik.com/berita/d-7398788/syl-dkk-jalani-sidang-tuntutan-kasus-gratifikasi-28-juni-putusan-11-juli,"
Kamis, 20 Jun 2024 00:41 WIB "
SYL Diperiksa Jadi Saksi Mahkota Kasus Gratifikasi-Pemerasan Senin 24 Juni,https://news.detik.com/berita/d-7398786/syl-diperiksa-jadi-saksi-mahkota-kasus-gratifikasi-pemerasan-senin-24-juni,"
Kamis, 20 Jun 2024 00:23 WIB "
Eks Anak Buah Ungkap Awal Mula Grup WA 'Saya Ganti Kalian' Terbentuk,https://news.detik.com/berita/d-7398768/eks-anak-buah-ungkap-awal-mula-grup-wa-saya-ganti-kalian-terbentuk,"
Rabu, 19 Jun 2024 23:49 WIB "
Kasdi Subagyono Ngaku Dilema dan Takut Kehilangan Jabatan Jika Tak Patuhi SYL,https://news.detik.com/berita/d-7398750/kasdi-subagyono-ngaku-dilema-dan-takut-kehilangan-jabatan-jika-tak-patuhi-syl,"
Rabu, 19 Jun 2024 23:19 WIB "
SYL Kembali Bawa-bawa 'Arahan Presiden' di Sidang Kasus Gratifikasi-Pemerasan,https://news.detik.com/berita/d-7398720/syl-kembali-bawa-bawa-arahan-presiden-di-sidang-kasus-gratifikasi-pemerasan,"
Rabu, 19 Jun 2024 22:35 WIB "
Mengemuka Lagi Urusan Firli-SYL dan Duit Rp 800 Juta,https://news.detik.com/berita/d-7398702/mengemuka-lagi-urusan-firli-syl-dan-duit-rp-800-juta,"
Rabu, 19 Jun 2024 22:16 WIB "
SYL Bantah Beri Perintah Patungan hingga Gonta-ganti Pejabat di Kementan,https://news.detik.com/berita/d-7398691/syl-bantah-beri-perintah-patungan-hingga-gonta-ganti-pejabat-di-kementan,"
Rabu, 19 Jun 2024 22:04 WIB "
Sekjen Kementan Ungkap SYL Pernah Perintah Tolak Permintaan 'Titipan',https://news.detik.com/berita/d-7398476/sekjen-kementan-ungkap-syl-pernah-perintah-tolak-permintaan-titipan,"
Rabu, 19 Jun 2024 19:12 WIB "
"Eks Anak Buah SYL Ungkap Rincian Honor Febri Diansyah, Klaim Duit Pribadi",https://news.detik.com/berita/d-7398342/eks-anak-buah-syl-ungkap-rincian-honor-febri-diansyah-klaim-duit-pribadi,"
Rabu, 19 Jun 2024 17:43 WIB "
Pukat UGM Minta Jaksa-Hakim Dalami Fakta Sidang Alex Marwata Chat SYL,https://news.detik.com/berita/d-7398237/pukat-ugm-minta-jaksa-hakim-dalami-fakta-sidang-alex-marwata-chat-syl,"
Rabu, 19 Jun 2024 17:10 WIB "
Sekjen Kementan Nonaktif Akui Ditelepon Nurul Ghufron soal Mutasi Jabatan,https://news.detik.com/berita/d-7398190/sekjen-kementan-nonaktif-akui-ditelepon-nurul-ghufron-soal-mutasi-jabatan,"
Rabu, 19 Jun 2024 16:56 WIB "
"Sekjen Kementan Kasdi Setor USD 20 Ribu ke SYL, Hakim: Untuk Apa?",https://news.detik.com/berita/d-7398058/sekjen-kementan-kasdi-setor-usd-20-ribu-ke-syl-hakim-untuk-apa,"
Rabu, 19 Jun 2024 16:12 WIB "
Alex Marwata Bantah Pernah Chat SYL: Ada Orang Pakai Foto Saya di WA,https://news.detik.com/berita/d-7398021/alex-marwata-bantah-pernah-chat-syl-ada-orang-pakai-foto-saya-di-wa,"
Rabu, 19 Jun 2024 15:59 WIB "
SYL Dkk Bayar Sebagian Honor Febri Diansyah dari Sharing Ditjen Kementan,https://news.detik.com/berita/d-7397984/syl-dkk-bayar-sebagian-honor-febri-diansyah-dari-sharing-ditjen-kementan,"
Rabu, 19 Jun 2024 15:40 WIB "
Sekjen Nonaktif Ungkap Awal Mula Auditor BPK Minta Rp 12 M agar Kementan WTP,https://news.detik.com/berita/d-7397839/sekjen-nonaktif-ungkap-awal-mula-auditor-bpk-minta-rp-12-m-agar-kementan-wtp,"
Rabu, 19 Jun 2024 14:57 WIB "
Eks Anak Buah SYL Akui Ada Praktik Patungan Eselon I di Kementan,https://news.detik.com/berita/d-7397780/eks-anak-buah-syl-akui-ada-praktik-patungan-eselon-i-di-kementan,"
Rabu, 19 Jun 2024 14:33 WIB "
SYL Minta Sekjen Atur Pegawai Kementan agar Tak Bicara Detail ke KPK,https://news.detik.com/berita/d-7397777/syl-minta-sekjen-atur-pegawai-kementan-agar-tak-bicara-detail-ke-kpk,"
Rabu, 19 Jun 2024 14:32 WIB "
Eks Anak Buah SYL Cerita Penyerahan Rp 800 Juta ke Firli Bahuri,https://news.detik.com/berita/d-7397724/eks-anak-buah-syl-cerita-penyerahan-rp-800-juta-ke-firli-bahuri,"
Rabu, 19 Jun 2024 14:16 WIB "
Eks Anak Buah Ungkap Alex Marwata Pernah Chat SYL Minta Kampungnya Dibantu,https://news.detik.com/berita/d-7397546/eks-anak-buah-ungkap-alex-marwata-pernah-chat-syl-minta-kampungnya-dibantu,"
Rabu, 19 Jun 2024 13:19 WIB "
Hakim Cecar Kasdi Subagyono soal SYL Marah-Pisah Mobil dengan Eks Sekjen Momon,https://news.detik.com/berita/d-7397428/hakim-cecar-kasdi-subagyono-soal-syl-marah-pisah-mobil-dengan-eks-sekjen-momon,"
Rabu, 19 Jun 2024 12:18 WIB "
Lika-liku Harun Masiku: Isu Jadi Marbut hingga Menyaru Jadi Guru,https://news.detik.com/berita/d-7397275/lika-liku-harun-masiku-isu-jadi-marbut-hingga-menyaru-jadi-guru,"
Rabu, 19 Jun 2024 11:19 WIB "
Sekjen Kementan Nonaktif Jadi Saksi di Sidang SYL Hari Ini,https://news.detik.com/berita/d-7397207/sekjen-kementan-nonaktif-jadi-saksi-di-sidang-syl-hari-ini,"
Rabu, 19 Jun 2024 10:55 WIB "
Eks Penyidik KPK Ungkap TWK Era Firli 'Gagalkan' Tangkap Harun Masiku,https://news.detik.com/berita/d-7393371/eks-penyidik-kpk-ungkap-twk-era-firli-gagalkan-tangkap-harun-masiku,"
Minggu, 16 Jun 2024 08:51 WIB "
Eks Penyidik KPK: Harun Masiku Pernah Nyamar Jadi Guru Bahasa Inggris,https://news.detik.com/berita/d-7393313/eks-penyidik-kpk-harun-masiku-pernah-nyamar-jadi-guru-bahasa-inggris,"
Minggu, 16 Jun 2024 06:51 WIB "
"SYL Minta Kasus TPPU Segera Disidang, KPK Janji Tuntaskan Penyidikan",https://news.detik.com/berita/d-7391966/syl-minta-kasus-tppu-segera-disidang-kpk-janji-tuntaskan-penyidikan,"
Jumat, 14 Jun 2024 22:34 WIB "
'Perintah Presiden' Dibawa-bawa SYL hingga Istana Membantah,https://news.detik.com/berita/d-7390246/perintah-presiden-dibawa-bawa-syl-hingga-istana-membantah,"
Jumat, 14 Jun 2024 06:24 WIB "
"Tepis SYL, Istana Tegaskan Jokowi Tak Pernah Minta Menteri Tarik Uang Bawahan",https://news.detik.com/berita/d-7389468/tepis-syl-istana-tegaskan-jokowi-tak-pernah-minta-menteri-tarik-uang-bawahan,"
Kamis, 13 Jun 2024 16:26 WIB "
SYL Bawa-bawa 'Perintah Presiden' Saat Tanya Ahli soal Pembenaran Diskresi,https://news.detik.com/berita/d-7389435/syl-bawa-bawa-perintah-presiden-saat-tanya-ahli-soal-pembenaran-diskresi,"
Kamis, 13 Jun 2024 16:15 WIB "
Pembelaan Diri SYL Sambil Lempar Badan ke Bawahan,https://news.detik.com/berita/d-7388435/pembelaan-diri-syl-sambil-lempar-badan-ke-bawahan,"
Kamis, 13 Jun 2024 07:40 WIB "
KPK Periksa Adik SYL Terkait Kasus Pencucian Uang,https://news.detik.com/berita/d-7388055/kpk-periksa-adik-syl-terkait-kasus-pencucian-uang,"
Rabu, 12 Jun 2024 19:26 WIB "
SYL Merasa Dituduh Bawahan: Saya Menteri untuk Kepentingan 287 Juta Rakyat,https://news.detik.com/berita/d-7387298/syl-merasa-dituduh-bawahan-saya-menteri-untuk-kepentingan-287-juta-rakyat,"
Rabu, 12 Jun 2024 13:59 WIB "
"SYL Ngotot Rekening Tak Terkait Korupsi, Hakim Segera Ambil Sikap",https://news.detik.com/berita/d-7387183/syl-ngotot-rekening-tak-terkait-korupsi-hakim-segera-ambil-sikap,"
Rabu, 12 Jun 2024 13:19 WIB "
"Polisi Kembali Periksa SYL Terkait Dugaan Pemerasan Firli, Apa yang Digali?",https://news.detik.com/berita/d-7386750/polisi-kembali-periksa-syl-terkait-dugaan-pemerasan-firli-apa-yang-digali,"
Rabu, 12 Jun 2024 09:35 WIB "
SYL Hadirkan Ahli Pidana di Sidang Kasus Gratifikasi-Pemerasan Hari Ini,https://news.detik.com/berita/d-7386659/syl-hadirkan-ahli-pidana-di-sidang-kasus-gratifikasi-pemerasan-hari-ini,"
Rabu, 12 Jun 2024 08:06 WIB "
Eks Penyidik Yakin KPK Punya Alasan Kuat Sita HP Hasto,https://news.detik.com/berita/d-7384901/eks-penyidik-yakin-kpk-punya-alasan-kuat-sita-hp-hasto,"
Selasa, 11 Jun 2024 10:31 WIB "
Klaim Istri Eks Anak Buah SYL Tak Ikut Makan Duit Korupsi,https://news.detik.com/berita/d-7384678/klaim-istri-eks-anak-buah-syl-tak-ikut-makan-duit-korupsi,"
Selasa, 11 Jun 2024 06:32 WIB "
"Jokowi-JK Tak Jadi Saksi Meringankan, Jaksa: Pembelaan SYL Terbantahkan",https://news.detik.com/berita/d-7384121/jokowi-jk-tak-jadi-saksi-meringankan-jaksa-pembelaan-syl-terbantahkan,"
Senin, 10 Jun 2024 17:58 WIB "
Pengamat Soroti Kasus Penyelewengan Oknum Lembaga Pemeriksa Keuangan,https://news.detik.com/berita/d-7383947/pengamat-soroti-kasus-penyelewengan-oknum-lembaga-pemeriksa-keuangan,"
Senin, 10 Jun 2024 17:01 WIB "
Jaksa Cecar Saksi dari SYL soal SK Pramusaji Kementan tapi Banyak Ikut Kunker,https://news.detik.com/berita/d-7383829/jaksa-cecar-saksi-dari-syl-soal-sk-pramusaji-kementan-tapi-banyak-ikut-kunker,"
Senin, 10 Jun 2024 16:19 WIB "
"Jaksa Tanya soal Tawaran Gabung Kementan, Saksi Ungkit Cerita Anak SYL",https://news.detik.com/berita/d-7383788/jaksa-tanya-soal-tawaran-gabung-kementan-saksi-ungkit-cerita-anak-syl,"
Senin, 10 Jun 2024 16:03 WIB "
Polda Metro Periksa SYL Lagi Terkait Dugaan Pemerasan Firli Bahuri,https://news.detik.com/berita/d-7383661/polda-metro-periksa-syl-lagi-terkait-dugaan-pemerasan-firli-bahuri,"
Senin, 10 Jun 2024 15:13 WIB "
"SYL dan Eks Anak Buah Bahas Uang Duka, Hakim: Sumber Dananya dari Mana?",https://news.detik.com/berita/d-7383597/syl-dan-eks-anak-buah-bahas-uang-duka-hakim-sumber-dananya-dari-mana,"
Senin, 10 Jun 2024 14:59 WIB "
Eks Anak Buah Cerita SYL Pernah Tolak Uang Sekardus saat Jabat Wagub Sulsel,https://news.detik.com/berita/d-7383241/eks-anak-buah-cerita-syl-pernah-tolak-uang-sekardus-saat-jabat-wagub-sulsel,"
Senin, 10 Jun 2024 12:37 WIB "
Istri Eks Sekjen Kementan Bersurat ke Hakim: Kami Tak Nikmati Hasil Korupsi,https://news.detik.com/berita/d-7383140/istri-eks-sekjen-kementan-bersurat-ke-hakim-kami-tak-nikmati-hasil-korupsi,"
Senin, 10 Jun 2024 11:48 WIB "
KPK Panggil Adik SYL Terkait Kasus Pencucian Uang,https://news.detik.com/berita/d-7383117/kpk-panggil-adik-syl-terkait-kasus-pencucian-uang,"
Senin, 10 Jun 2024 11:44 WIB "
Airlangga Tak Terima Surat Permintaan Jadi Saksi Meringankan SYL Hari Ini,https://news.detik.com/berita/d-7382915/airlangga-tak-terima-surat-permintaan-jadi-saksi-meringankan-syl-hari-ini,"
Senin, 10 Jun 2024 09:46 WIB "
2 ASN Pemprov Sulsel-Kader NasDem Jadi Saksi Meringankan SYL Hari Ini,https://news.detik.com/berita/d-7382862/2-asn-pemprov-sulsel-kader-nasdem-jadi-saksi-meringankan-syl-hari-ini,"
Senin, 10 Jun 2024 09:09 WIB "
"Sosok Bima, Jaksa Spesialis Pembidik Kasus Korupsi Fantastis",https://news.detik.com/berita/d-7381836/sosok-bima-jaksa-spesialis-pembidik-kasus-korupsi-fantastis,"
Minggu, 09 Jun 2024 11:24 WIB "
"SYL Minta Jokowi Saksi Meringankan, NasDem: Gimanapun Mantan Pembantunya",https://news.detik.com/berita/d-7381649/syl-minta-jokowi-saksi-meringankan-nasdem-gimanapun-mantan-pembantunya,"
Minggu, 09 Jun 2024 07:46 WIB "
Pihak Jokowi dan JK Jawab Tak Relevan Kala SYL Minta Jadi Saksi Meringankan,https://news.detik.com/berita/d-7381616/pihak-jokowi-dan-jk-jawab-tak-relevan-kala-syl-minta-jadi-saksi-meringankan,"
Minggu, 09 Jun 2024 07:01 WIB "
"MAKI: SYL Sia-sia Minta Jokowi Saksi Meringankan, Kasusnya Urusan Pribadi",https://news.detik.com/berita/d-7381598/maki-syl-sia-sia-minta-jokowi-saksi-meringankan-kasusnya-urusan-pribadi,"
Minggu, 09 Jun 2024 06:16 WIB "
Istana soal SYL Minta Jokowi Jadi Saksi Meringankan: Tak Relevan!,https://news.detik.com/berita/d-7380968/istana-soal-syl-minta-jokowi-jadi-saksi-meringankan-tak-relevan,"
Sabtu, 08 Jun 2024 15:52 WIB "
"SYL Minta Jusuf Kalla Jadi Saksi Meringankan, Jubir: Tak Relevan",https://news.detik.com/berita/d-7380672/syl-minta-jusuf-kalla-jadi-saksi-meringankan-jubir-tak-relevan,"
Sabtu, 08 Jun 2024 12:00 WIB "
"Permintaan SYL agar Jokowi, Ma'ruf hingga JK Jadi Saksi Meringankan",https://news.detik.com/berita/d-7380436/permintaan-syl-agar-jokowi-maruf-hingga-jk-jadi-saksi-meringankan,"
Sabtu, 08 Jun 2024 07:21 WIB "
"Serahkan 1 Vellfire ke KPK, Anak SYL Klaim Mobil Sewa Milik Keluarga",https://news.detik.com/berita/d-7380130/serahkan-1-vellfire-ke-kpk-anak-syl-klaim-mobil-sewa-milik-keluarga,"
Jumat, 07 Jun 2024 20:02 WIB "
Penampakan Mobil Vellfire yang Diserahkan Anak SYL ke KPK,https://news.detik.com/berita/d-7379624/penampakan-mobil-vellfire-yang-diserahkan-anak-syl-ke-kpk,"
Jumat, 07 Jun 2024 16:33 WIB "
"SYL Minta Jokowi, Ma'ruf, hingga JK Jadi Saksi Meringankan",https://news.detik.com/berita/d-7379446/syl-minta-jokowi-maruf-hingga-jk-jadi-saksi-meringankan,"
Jumat, 07 Jun 2024 15:15 WIB "
"Anak SYL Datangi KPK, Klaim Mau Serahkan Mobil Alphard",https://news.detik.com/berita/d-7379420/anak-syl-datangi-kpk-klaim-mau-serahkan-mobil-alphard,"
Jumat, 07 Jun 2024 15:00 WIB "
Saat SYL Sumpah Demi Allah di Sidang soal Biaya Dokter Kecantikan,https://news.detik.com/berita/d-7376941/saat-syl-sumpah-demi-allah-di-sidang-soal-biaya-dokter-kecantikan,"
Kamis, 06 Jun 2024 10:47 WIB "
"PDIP Pastikan Hasto Akan Penuhi Panggilan KPK, Bandingkan Kasus SYL-Timah",https://news.detik.com/berita/d-7376904/pdip-pastikan-hasto-akan-penuhi-panggilan-kpk-bandingkan-kasus-syl-timah,"
Kamis, 06 Jun 2024 10:28 WIB "
"Klaim SYL di Sidang, Ngaku Sudah Kontribusi Rp 2.400 Triliun ke Negara",https://news.detik.com/berita/d-7376809/klaim-syl-di-sidang-ngaku-sudah-kontribusi-rp-2-400-triliun-ke-negara,"
Kamis, 06 Jun 2024 09:29 WIB "
"Bantahan-bantahan Anak SYL soal Tas, Anting hingga Stem Cell",https://news.detik.com/berita/d-7376722/bantahan-bantahan-anak-syl-soal-tas-anting-hingga-stem-cell,"
Kamis, 06 Jun 2024 08:17 WIB "
Alasan SYL Minta Blokir Rekening Gajinya Dibuka: Saya PNS dari Rendahan,https://news.detik.com/berita/d-7376714/alasan-syl-minta-blokir-rekening-gajinya-dibuka-saya-pns-dari-rendahan,"
Kamis, 06 Jun 2024 08:06 WIB "
Tanda Tanya Hakim soal Cucu SYL Usaha Tambang tapi Honorer di Kementan,https://news.detik.com/berita/d-7376646/tanda-tanya-hakim-soal-cucu-syl-usaha-tambang-tapi-honorer-di-kementan,"
Kamis, 06 Jun 2024 06:43 WIB "
MAKI Wajarkan Sahroni yang Ngaku Tak Tahu Bagi Sembako Pakai Uang Kementan,https://news.detik.com/berita/d-7376608/maki-wajarkan-sahroni-yang-ngaku-tak-tahu-bagi-sembako-pakai-uang-kementan,"
Kamis, 06 Jun 2024 04:55 WIB "
"Tanggapi Sahroni, SYL: Harus Dibedakan antara Ormas Sayap dan Partai",https://news.detik.com/berita/d-7376593/tanggapi-sahroni-syl-harus-dibedakan-antara-ormas-sayap-dan-partai,"
Kamis, 06 Jun 2024 02:48 WIB "
"Jadi Saksi di Sidang SYL, Sahroni Cerita Balikin Rp 860 Juta ke KPK",https://news.detik.com/berita/d-7376592/jadi-saksi-di-sidang-syl-sahroni-cerita-balikin-rp-860-juta-ke-kpk,"
Kamis, 06 Jun 2024 02:20 WIB "
Jasa Travel Ungkap SYL Pernah Pinjam Apartemenya Sebelum Jabat Mentan,https://news.detik.com/berita/d-7376578/jasa-travel-ungkap-syl-pernah-pinjam-apartemenya-sebelum-jabat-mentan,"
Kamis, 06 Jun 2024 00:37 WIB "
SYL Curhat Beri Kontribusi ke Negara Rp 2.400 T tapi Kini Namanya Hancur,https://news.detik.com/berita/d-7376559/syl-curhat-beri-kontribusi-ke-negara-rp-2-400-t-tapi-kini-namanya-hancur,"
Rabu, 05 Jun 2024 23:56 WIB "
SYL Sumpah Demi Allah Bayar Dokter Kecantikan Pakai Kartu Kredit Pribadi,https://news.detik.com/berita/d-7376556/syl-sumpah-demi-allah-bayar-dokter-kecantikan-pakai-kartu-kredit-pribadi,"
Rabu, 05 Jun 2024 23:48 WIB "
SYL Minta Blokir Rekeningnya Dibuka: Pertimbangan Kemanusiaan,https://news.detik.com/berita/d-7376544/syl-minta-blokir-rekeningnya-dibuka-pertimbangan-kemanusiaan,"
Rabu, 05 Jun 2024 23:24 WIB "
SYL Ngaku Belikan Jaket Rp 46 Juta untuk Anak Pakai Kartu Kredit Pribadi,https://news.detik.com/berita/d-7376505/syl-ngaku-belikan-jaket-rp-46-juta-untuk-anak-pakai-kartu-kredit-pribadi,"
Rabu, 05 Jun 2024 22:41 WIB "
"Istri SYL Beli Rumah Pakai Nama GM Prambors, Cicilan Rp 80,6 Juta/Bulan",https://news.detik.com/berita/d-7376493/istri-syl-beli-rumah-pakai-nama-gm-prambors-cicilan-rp-80-6-juta-bulan,"
Rabu, 05 Jun 2024 22:25 WIB "
Anak SYL Akui Pernah Dapat Fasilitas Tiket Pesawat dari Kementan,https://news.detik.com/berita/d-7376430/anak-syl-akui-pernah-dapat-fasilitas-tiket-pesawat-dari-kementan,"
Rabu, 05 Jun 2024 21:18 WIB "
Anak SYL Bantah Bantu Biduan Nayunda Jadi Honorer di Kementan,https://news.detik.com/berita/d-7376411/anak-syl-bantah-bantu-biduan-nayunda-jadi-honorer-di-kementan,"
Rabu, 05 Jun 2024 21:07 WIB "
Putri SYL Akui Ada Pembelian Baju Rp 30 Juta dari Kementan untuk Anaknya,https://news.detik.com/berita/d-7376378/putri-syl-akui-ada-pembelian-baju-rp-30-juta-dari-kementan-untuk-anaknya,"
Rabu, 05 Jun 2024 20:49 WIB "
"Hakim Tanya Penerimaan Innova Venturer, Putri SYL Ngaku Pemberian Ayah",https://news.detik.com/berita/d-7376349/hakim-tanya-penerimaan-innova-venturer-putri-syl-ngaku-pemberian-ayah,"
Rabu, 05 Jun 2024 20:31 WIB "
Beda Kesaksian Sahroni dan Wabendum NasDem soal Paloh di Sidang SYL,https://news.detik.com/berita/d-7376290/beda-kesaksian-sahroni-dan-wabendum-nasdem-soal-paloh-di-sidang-syl,"
Rabu, 05 Jun 2024 20:08 WIB "
Anggota DPR Anak SYL Bantah Perawatan Skincare Pakai Duit Kementan,https://news.detik.com/berita/d-7376222/anggota-dpr-anak-syl-bantah-perawatan-skincare-pakai-duit-kementan,"
Rabu, 05 Jun 2024 19:30 WIB "
"Anak SYL Bantah Dibelikan Tas, Anting, dan Sepatu Pakai Duit Kementan",https://news.detik.com/berita/d-7376052/anak-syl-bantah-dibelikan-tas-anting-dan-sepatu-pakai-duit-kementan,"
Rabu, 05 Jun 2024 18:18 WIB "
"Anak SYL Berkali-kali Bilang Tak Pernah soal Stem Cell, Hakim Ingatkan Sumpah",https://news.detik.com/berita/d-7376038/anak-syl-berkali-kali-bilang-tak-pernah-soal-stem-cell-hakim-ingatkan-sumpah,"
Rabu, 05 Jun 2024 18:08 WIB "
"Anak SYL Sesenggukan, Hakim: Tak Perlu Nangis, Ini Sudah Terbuka Semua",https://news.detik.com/berita/d-7376019/anak-syl-sesenggukan-hakim-tak-perlu-nangis-ini-sudah-terbuka-semua,"
Rabu, 05 Jun 2024 18:00 WIB "
Pihak Travel Ungkap Kementan Belum Lunasi Rp 1 M Biaya SYL ke Spanyol,https://news.detik.com/berita/d-7375863/pihak-travel-ungkap-kementan-belum-lunasi-rp-1-m-biaya-syl-ke-spanyol,"
Rabu, 05 Jun 2024 17:04 WIB "
"Dicecar soal Sumber Duit Beli Jaket Rp 46 Juta, Anak SYL: Dibelikan Ayah",https://news.detik.com/berita/d-7375763/dicecar-soal-sumber-duit-beli-jaket-rp-46-juta-anak-syl-dibelikan-ayah,"
Rabu, 05 Jun 2024 16:35 WIB "
"Putri SYL Sebut Anaknya Pengusaha Tambang, Hakim: Kok Mau Honor di Kementan?",https://news.detik.com/berita/d-7375741/putri-syl-sebut-anaknya-pengusaha-tambang-hakim-kok-mau-honor-di-kementan,"
Rabu, 05 Jun 2024 16:25 WIB "
"Putri SYL Sebut Garnita NasDem Otonom, Hanya Salurkan Bantuan Kementan",https://news.detik.com/berita/d-7375663/putri-syl-sebut-garnita-nasdem-otonom-hanya-salurkan-bantuan-kementan,"
Rabu, 05 Jun 2024 15:54 WIB "
Anggota DPR Anak SYL Bantah Minta Kementan Bayari Stem Cell Rp 200 Juta,https://news.detik.com/berita/d-7375609/anggota-dpr-anak-syl-bantah-minta-kementan-bayari-stem-cell-rp-200-juta,"
Rabu, 05 Jun 2024 15:42 WIB "
"Beda dari Wabendum, Sahroni Sebut Paloh Tak Tahu Kegiatan Pakai Duit Kementan",https://news.detik.com/berita/d-7375490/beda-dari-wabendum-sahroni-sebut-paloh-tak-tahu-kegiatan-pakai-duit-kementan,"
Rabu, 05 Jun 2024 14:54 WIB "
Hakim Sentil Sahroni Saat Jawab Tak Tahu soal Sumber Rp 860 Juta dari SYL,https://news.detik.com/berita/d-7375384/hakim-sentil-sahroni-saat-jawab-tak-tahu-soal-sumber-rp-860-juta-dari-syl,"
Rabu, 05 Jun 2024 14:23 WIB "
"Sahroni Ngaku Tak Tahu soal Bagi Sembako, Hakim Kasus SYL Bertanya-tanya",https://news.detik.com/berita/d-7375242/sahroni-ngaku-tak-tahu-soal-bagi-sembako-hakim-kasus-syl-bertanya-tanya,"
Rabu, 05 Jun 2024 13:20 WIB "
Hakim Cecar Sahroni soal Pengusulan Mentan: NasDem Pelajari Track Record SYL?,https://news.detik.com/berita/d-7375147/hakim-cecar-sahroni-soal-pengusulan-mentan-nasdem-pelajari-track-record-syl,"
Rabu, 05 Jun 2024 12:35 WIB "
Sahroni Ngaku Tak Tahu soal Lukisan Sujiwo Tejo Rp 200 Juta yang Dibeli SYL,https://news.detik.com/berita/d-7375086/sahroni-ngaku-tak-tahu-soal-lukisan-sujiwo-tejo-rp-200-juta-yang-dibeli-syl,"
Rabu, 05 Jun 2024 12:19 WIB "
Sahroni Ungkap Surya Paloh Capek Baca Pemberitaan Terkait SYL,https://news.detik.com/berita/d-7375057/sahroni-ungkap-surya-paloh-capek-baca-pemberitaan-terkait-syl,"
Rabu, 05 Jun 2024 12:05 WIB "
"Hakim Kasus SYL Tanya Batas Nyumbang ke Partai, Sahroni: Rp 1 M untuk Pilpres",https://news.detik.com/berita/d-7374993/hakim-kasus-syl-tanya-batas-nyumbang-ke-partai-sahroni-rp-1-m-untuk-pilpres,"
Rabu, 05 Jun 2024 11:27 WIB "
"Ditanya Hakim, Anggota DPR Anak SYL Pilih Tetap Bersaksi untuk Bapaknya",https://news.detik.com/berita/d-7374879/ditanya-hakim-anggota-dpr-anak-syl-pilih-tetap-bersaksi-untuk-bapaknya,"
Rabu, 05 Jun 2024 10:43 WIB "
"Hadir Jadi Saksi untuk Sidang SYL, Sahroni Ungkap Pesan Surya Paloh",https://news.detik.com/berita/d-7374852/hadir-jadi-saksi-untuk-sidang-syl-sahroni-ungkap-pesan-surya-paloh,"
Rabu, 05 Jun 2024 10:22 WIB "
Jaksa KPK Hadirkan Sahroni-Anggota DPR Anak SYL Jadi Saksi Sidang Hari Ini,https://news.detik.com/berita/d-7374615/jaksa-kpk-hadirkan-sahroni-anggota-dpr-anak-syl-jadi-saksi-sidang-hari-ini,"
Rabu, 05 Jun 2024 07:16 WIB "
KPK: Aset Rumah dan Mobil Hasil Pencucian Uang SYL Capai Rp 60 Miliar,https://news.detik.com/berita/d-7374415/kpk-aset-rumah-dan-mobil-hasil-pencucian-uang-syl-capai-rp-60-miliar,"
Selasa, 04 Jun 2024 21:56 WIB "
"SYL Minta Sidang TPPU Dipercepat, KPK Fokus Buru Aset Hasil Korupsi",https://news.detik.com/berita/d-7373901/syl-minta-sidang-tppu-dipercepat-kpk-fokus-buru-aset-hasil-korupsi,"
Selasa, 04 Jun 2024 17:01 WIB "
SYL Semakin Tersudut,https://news.detik.com/x/detail/spotlight/20240604/SYL-Semakin-Tersudut/,"
Selasa, 04 Jun 2024 15:58 WIB "
"Terungkap di Sidang Honor Febri Diansyah Rp 800 Juta Plus Rp 3,1 M dari SYL",https://news.detik.com/berita/d-7372709/terungkap-di-sidang-honor-febri-diansyah-rp-800-juta-plus-rp-3-1-m-dari-syl,"
Selasa, 04 Jun 2024 06:45 WIB "
Babak Baru Korupsi SYL,https://news.detik.com/x/detail/spotlight/20240603/Babak-Baru-Korupsi-SYL/,"
Senin, 03 Jun 2024 19:52 WIB "
"SYL Ngaku Bayar Honor Febri Diansyah Rp 800 Juta+Rp 3,1 M Pakai Duit Pribadi",https://news.detik.com/berita/d-7372083/syl-ngaku-bayar-honor-febri-diansyah-rp-800-juta-rp-3-1-m-pakai-duit-pribadi,"
Senin, 03 Jun 2024 17:41 WIB "
"SYL Minta Sidang TPPU Dipercepat: Umur Sudah 70 Tahun, Saya Makin Kurus",https://news.detik.com/berita/d-7371941/syl-minta-sidang-tppu-dipercepat-umur-sudah-70-tahun-saya-makin-kurus,"
Senin, 03 Jun 2024 16:50 WIB "
Hakim Tanya Febri: Apa SYL Pernah Akui ke Anda soal Patungan di Kementan?,https://news.detik.com/berita/d-7371845/hakim-tanya-febri-apa-syl-pernah-akui-ke-anda-soal-patungan-di-kementan,"
Senin, 03 Jun 2024 16:14 WIB "
Hakim Cecar Febri Diansyah soal Dugaan Pengaruhi Saksi Kasus SYL,https://news.detik.com/berita/d-7371789/hakim-cecar-febri-diansyah-soal-dugaan-pengaruhi-saksi-kasus-syl,"
Senin, 03 Jun 2024 15:50 WIB "
Saksi Ungkap Lonjakan Uang Bulanan Istri SYL dari Kementan dalam Setahun,https://news.detik.com/berita/d-7371730/saksi-ungkap-lonjakan-uang-bulanan-istri-syl-dari-kementan-dalam-setahun,"
Senin, 03 Jun 2024 15:22 WIB "
Saksi Ungkap SYL Simpan Uang Tunai di Laci Rumah Dinas Widya Chandra,https://news.detik.com/berita/d-7371697/saksi-ungkap-syl-simpan-uang-tunai-di-laci-rumah-dinas-widya-chandra,"
Senin, 03 Jun 2024 15:09 WIB "
"Febri Diansyah Dapat Honor Lain Rp 3,1 M dari SYL, Hakim: Tahu Sumbernya?",https://news.detik.com/berita/d-7371623/febri-diansyah-dapat-honor-lain-rp-3-1-m-dari-syl-hakim-tahu-sumbernya,"
Senin, 03 Jun 2024 14:43 WIB "
Febri Diansyah Ngaku Mundur dari Pengacara SYL Usai Dicegah KPK ke LN,https://news.detik.com/berita/d-7371556/febri-diansyah-ngaku-mundur-dari-pengacara-syl-usai-dicegah-kpk-ke-ln,"
Senin, 03 Jun 2024 14:19 WIB "
Hakim Tanya Alasan Febri Mundur dari Pengacara SYL: Masih Ada Jiwa-jiwa KPK?,https://news.detik.com/berita/d-7371479/hakim-tanya-alasan-febri-mundur-dari-pengacara-syl-masih-ada-jiwa-jiwa-kpk,"
Senin, 03 Jun 2024 13:48 WIB "
Febri Diansyah Ngaku Sempat Bingung Saat Dengar Isu SYL 'Menghilang',https://news.detik.com/berita/d-7371388/febri-diansyah-ngaku-sempat-bingung-saat-dengar-isu-syl-menghilang,"
Senin, 03 Jun 2024 13:07 WIB "
"Hakim Tanya Honor Jadi Pengacara SYL, Febri Diansyah: Totalnya Rp 800 Juta",https://news.detik.com/berita/d-7371314/hakim-tanya-honor-jadi-pengacara-syl-febri-diansyah-totalnya-rp-800-juta,"
Senin, 03 Jun 2024 12:38 WIB "
"Kepala Badan di Kementan Bolak-balik Ditagih Duit untuk SYL, Total Rp 6,8 M",https://news.detik.com/berita/d-7371293/kepala-badan-di-kementan-bolak-balik-ditagih-duit-untuk-syl-total-rp-6-8-m,"
Senin, 03 Jun 2024 12:30 WIB "
Kesaksian Karumga Saat KPK Sita Uang Miliaran-Senpi dari Rumdin SYL,https://news.detik.com/berita/d-7371238/kesaksian-karumga-saat-kpk-sita-uang-miliaran-senpi-dari-rumdin-syl,"
Senin, 03 Jun 2024 12:02 WIB "
SYL dan Febri Diansyah Salaman Sebelum Sidang: Nggak Boleh Dekat-dekat,https://news.detik.com/berita/d-7371189/syl-dan-febri-diansyah-salaman-sebelum-sidang-nggak-boleh-dekat-dekat,"
Senin, 03 Jun 2024 11:48 WIB "
Pejabat Kementan Cerita Momen Dikumpulkan Lalu Diminta Patungan untuk SYL,https://news.detik.com/berita/d-7371137/pejabat-kementan-cerita-momen-dikumpulkan-lalu-diminta-patungan-untuk-syl,"
Senin, 03 Jun 2024 11:36 WIB "
Febri Diansyah Pastikan Hadir Jadi Saksi di Sidang SYL Hari Ini,https://news.detik.com/berita/d-7370801/febri-diansyah-pastikan-hadir-jadi-saksi-di-sidang-syl-hari-ini,"
Senin, 03 Jun 2024 07:21 WIB "
Jaksa KPK Hadirkan Febri Diansyah Jadi Saksi di Sidang SYL Hari Ini,https://news.detik.com/berita/d-7370760/jaksa-kpk-hadirkan-febri-diansyah-jadi-saksi-di-sidang-syl-hari-ini,"
Senin, 03 Jun 2024 06:39 WIB "
Innova Anak SYL dari Patungan Pejabat Kementan Akhirnya Disita,https://news.detik.com/berita/d-7368840/innova-anak-syl-dari-patungan-pejabat-kementan-akhirnya-disita,"
Sabtu, 01 Jun 2024 14:59 WIB "
KPK Sita Mobil Milik Anggota DPR Anak SYL,https://news.detik.com/berita/d-7367637/kpk-sita-mobil-milik-anggota-dpr-anak-syl,"
Jumat, 31 Mei  2024 16:54 WIB "
"Urusan Cincin dari SYL: Nayunda Sempat Lupa, Akui Usai Ada Chat WA",https://news.detik.com/berita/d-7366548/urusan-cincin-dari-syl-nayunda-sempat-lupa-akui-usai-ada-chat-wa,"
Jumat, 31 Mei  2024 06:59 WIB "
NasDem Klaim Anak SYL Belum Aktif Jadi Anggota DPR tapi Sudah Dilantik,https://news.detik.com/berita/d-7365652/nasdem-klaim-anak-syl-belum-aktif-jadi-anggota-dpr-tapi-sudah-dilantik,"
Kamis, 30 Mei  2024 16:20 WIB "
Respons NasDem soal Paloh Disebut Tahu Bagi Sembako-Kurban dari Dana Kementan,https://news.detik.com/berita/d-7365504/respons-nasdem-soal-paloh-disebut-tahu-bagi-sembako-kurban-dari-dana-kementan,"
Kamis, 30 Mei  2024 15:33 WIB "
Biduan Nayunda: Disawer Apartemen hingga Balenciaga,https://news.detik.com/berita/d-7365429/biduan-nayunda-disawer-apartemen-hingga-balenciaga,"
Kamis, 30 Mei  2024 15:15 WIB "
"Acara Bacaleg Rp 850 Juta Pakai Duit Kementan, NasDem Singgung 'Ditelanjangi'",https://news.detik.com/berita/d-7365354/acara-bacaleg-rp-850-juta-pakai-duit-kementan-nasdem-singgung-ditelanjangi,"
Kamis, 30 Mei  2024 14:46 WIB "
"Pemberian SYL ke Nayunda: Cincin, Tas Balenciaga hingga Cicilan Apartemen",https://news.detik.com/berita/d-7365132/pemberian-syl-ke-nayunda-cincin-tas-balenciaga-hingga-cicilan-apartemen,"
Kamis, 30 Mei  2024 13:09 WIB "
"SYL Pernah Beri Cincin ke Nayunda, Terungkap dari WA ke 'Mrs Bali'",https://news.detik.com/berita/d-7364804/syl-pernah-beri-cincin-ke-nayunda-terungkap-dari-wa-ke-mrs-bali,"
Kamis, 30 Mei  2024 10:49 WIB "
Dalih Utang Budi hingga Kesukuan di Balik SYL Royal ke Biduan,https://news.detik.com/berita/d-7364621/dalih-utang-budi-hingga-kesukuan-di-balik-syl-royal-ke-biduan,"
Kamis, 30 Mei  2024 08:43 WIB "
5 Pengakuan Biduan Nayunda Nabila di Sidang SYL,https://news.detik.com/berita/d-7364569/5-pengakuan-biduan-nayunda-nabila-di-sidang-syl,"
Kamis, 30 Mei  2024 08:01 WIB "
Setumpuk Hadiah dari SYL untuk Nayunda,https://news.detik.com/berita/d-7364341/setumpuk-hadiah-dari-syl-untuk-nayunda,"
Kamis, 30 Mei  2024 07:58 WIB "
Sentilan Hakim Saat Nayunda Ngaku Tak Tahu Harga Tas Balenciaga,https://news.detik.com/berita/d-7364567/sentilan-hakim-saat-nayunda-ngaku-tak-tahu-harga-tas-balenciaga,"
Kamis, 30 Mei  2024 07:48 WIB "
Terungkap Nama SYL Jadi PM di Ponsel Biduan Nayunda,https://news.detik.com/berita/d-7364548/terungkap-nama-syl-jadi-pm-di-ponsel-biduan-nayunda,"
Kamis, 30 Mei  2024 07:17 WIB "
Tawa Biduan Nayunda saat Ditanya Duit dari SYL Tak Mungkin Cuma-cuma,https://news.detik.com/berita/d-7364522/tawa-biduan-nayunda-saat-ditanya-duit-dari-syl-tak-mungkin-cuma-cuma,"
Kamis, 30 Mei  2024 06:45 WIB "
Herannya Hakim soal Nayunda Kerja 2 Hari tapi Tetap Gajian di Kementan,https://news.detik.com/berita/d-7364501/herannya-hakim-soal-nayunda-kerja-2-hari-tapi-tetap-gajian-di-kementan,"
Kamis, 30 Mei  2024 06:03 WIB "
Saksi Sebut SYL Beli Wine Saat Makan Siang Keluarga Pakai Uang Kementan,https://news.detik.com/berita/d-7364413/saksi-sebut-syl-beli-wine-saat-makan-siang-keluarga-pakai-uang-kementan,"
Rabu, 29 Mei  2024 22:45 WIB "
KPK Panggil Febri Diansyah dkk Jadi Saksi di Sidang SYL 3 Juni,https://news.detik.com/berita/d-7364349/kpk-panggil-febri-diansyah-dkk-jadi-saksi-di-sidang-syl-3-juni,"
Rabu, 29 Mei  2024 21:56 WIB "
Biduan Nayunda Akui Terima Bunga dan Kue Ulang Tahun dari SYL,https://news.detik.com/berita/d-7364321/biduan-nayunda-akui-terima-bunga-dan-kue-ulang-tahun-dari-syl,"
Rabu, 29 Mei  2024 21:34 WIB "
"SYL soal Apartemen Nayunda: Siapa Pun Bugis Makassar Minta Tolong, Saya Lakukan",https://news.detik.com/berita/d-7364295/syl-soal-apartemen-nayunda-siapa-pun-bugis-makassar-minta-tolong-saya-lakukan,"
Rabu, 29 Mei  2024 21:06 WIB "
SYL Ngaku Dekat dengan Ortu Biduan Nayunda: Saya Berutang Budi,https://news.detik.com/berita/d-7364288/syl-ngaku-dekat-dengan-ortu-biduan-nayunda-saya-berutang-budi,"
Rabu, 29 Mei  2024 21:03 WIB "
Duduk Perkara Urusan Durian Dibahas di Sidang SYL,https://news.detik.com/berita/d-7364266/duduk-perkara-urusan-durian-dibahas-di-sidang-syl,"
Rabu, 29 Mei  2024 20:41 WIB "
Hakim Cecar Biduan Nayunda Jadi Honorer Kementan tapi Cuma Kerja 2 Hari,https://news.detik.com/berita/d-7364235/hakim-cecar-biduan-nayunda-jadi-honorer-kementan-tapi-cuma-kerja-2-hari,"
Rabu, 29 Mei  2024 20:09 WIB "
Hakim Minta Biduan Nayunda Kembalikan Gaji Honorer yang Diterima,https://news.detik.com/berita/d-7364194/hakim-minta-biduan-nayunda-kembalikan-gaji-honorer-yang-diterima,"
Rabu, 29 Mei  2024 19:51 WIB "
"Proses Nayunda Jadi Honorer Kementan: Kasih CV, Wawancara Sebentar, Masuk Kerja",https://news.detik.com/berita/d-7364149/proses-nayunda-jadi-honorer-kementan-kasih-cv-wawancara-sebentar-masuk-kerja,"
Rabu, 29 Mei  2024 19:33 WIB "
"Biduan Nayunda Ngaku Lupa Gaji di Kementan, Hakim: Karena Terlalu Kecil Ya",https://news.detik.com/berita/d-7364131/biduan-nayunda-ngaku-lupa-gaji-di-kementan-hakim-karena-terlalu-kecil-ya,"
Rabu, 29 Mei  2024 19:12 WIB "
"SYL Awalnya Kirim Stiker WA ke Biduan Nayunda Nabila, Lalu Ajak Makan",https://news.detik.com/berita/d-7364086/syl-awalnya-kirim-stiker-wa-ke-biduan-nayunda-nabila-lalu-ajak-makan,"
Rabu, 29 Mei  2024 18:50 WIB "
Biduan Nayunda Minta Dibayarin Cicilan Apartemen ke SYL: Ngasihnya Langsung,https://news.detik.com/berita/d-7364055/biduan-nayunda-minta-dibayarin-cicilan-apartemen-ke-syl-ngasihnya-langsung,"
Rabu, 29 Mei  2024 18:38 WIB "
Biduan Nayunda Akui Terima Tas Balenciaga dan Kalung Emas dari SYL,https://news.detik.com/berita/d-7363977/biduan-nayunda-akui-terima-tas-balenciaga-dan-kalung-emas-dari-syl,"
Rabu, 29 Mei  2024 17:52 WIB "
Hakim Tegur Biduan Nayunda karena Tertawa Ditanya Terima Uang dari Ajudan SYL,https://news.detik.com/berita/d-7363938/hakim-tegur-biduan-nayunda-karena-tertawa-ditanya-terima-uang-dari-ajudan-syl,"
Rabu, 29 Mei  2024 17:41 WIB "
Cucu SYL Akui Kasih USD 500 ke Biduan Nayunda: Dia Nggak Ada Pemasukan,https://news.detik.com/berita/d-7363657/cucu-syl-akui-kasih-usd-500-ke-biduan-nayunda-dia-nggak-ada-pemasukan,"
Rabu, 29 Mei  2024 16:08 WIB "
Biduan Nayunda Bersaksi di Sidang Korupsi Syahrul Yasin Limpo,https://news.detik.com/berita/d-7363550/biduan-nayunda-bersaksi-di-sidang-korupsi-syahrul-yasin-limpo,"
Rabu, 29 Mei  2024 15:35 WIB "
"SYL Bantah Wabendum NasDem, Klaim Anaknya Tak Ikut Campur Urusan Kementan",https://news.detik.com/berita/d-7363520/syl-bantah-wabendum-nasdem-klaim-anaknya-tak-ikut-campur-urusan-kementan,"
Rabu, 29 Mei  2024 15:24 WIB "
"Di Depan Hakim, Anak SYL Ngaku Siap Balikin Duit yang Dipakai Keluarganya",https://news.detik.com/berita/d-7363461/di-depan-hakim-anak-syl-ngaku-siap-balikin-duit-yang-dipakai-keluarganya,"
Rabu, 29 Mei  2024 15:06 WIB "
Beda Keterangan SYL dan Istri soal Tak Suka Durian,https://news.detik.com/berita/d-7363334/beda-keterangan-syl-dan-istri-soal-tak-suka-durian,"
Rabu, 29 Mei  2024 14:04 WIB "
Anak SYL Sebut Mobil Berlogo NasDem yang Disita KPK Tak Ada Surat-BPKB,https://news.detik.com/berita/d-7363227/anak-syl-sebut-mobil-berlogo-nasdem-yang-disita-kpk-tak-ada-surat-bpkb,"
Rabu, 29 Mei  2024 13:17 WIB "
Istri Ngaku Kerap Dimarahi SYL Saat Beli Tas,https://news.detik.com/berita/d-7363215/istri-ngaku-kerap-dimarahi-syl-saat-beli-tas,"
Rabu, 29 Mei  2024 13:10 WIB "
Wabendum NasDem Sebut Paloh Tahu Bagi Sembako-Kurban dari Dana Kementan,https://news.detik.com/berita/d-7363066/wabendum-nasdem-sebut-paloh-tahu-bagi-sembako-kurban-dari-dana-kementan,"
Rabu, 29 Mei  2024 12:04 WIB "
Peluk-Cium SYL ke Istri dan Anak Sebelum Sidang Korupsi Dimulai,https://news.detik.com/berita/d-7362902/peluk-cium-syl-ke-istri-dan-anak-sebelum-sidang-korupsi-dimulai,"
Rabu, 29 Mei  2024 10:44 WIB "
Pimpinan KPK Nilai Hakim yang Kabulkan Eksepsi Gazalba Tak Konsisten,https://news.detik.com/berita/d-7362125/pimpinan-kpk-nilai-hakim-yang-kabulkan-eksepsi-gazalba-tak-konsisten,"
Selasa, 28 Mei  2024 18:06 WIB "
KPK Panggil Sahroni-Biduan Nayunda di Sidang SYL Besok,https://news.detik.com/berita/d-7361866/kpk-panggil-sahroni-biduan-nayunda-di-sidang-syl-besok,"
Selasa, 28 Mei  2024 16:26 WIB "
"Terungkap Cucu SYL Magang di Kementan, Gaji Rp 4 Juta Naik Jadi Rp 10 Juta",https://news.detik.com/berita/d-7361800/terungkap-cucu-syl-magang-di-kementan-gaji-rp-4-juta-naik-jadi-rp-10-juta,"
Selasa, 28 Mei  2024 16:01 WIB "
'Jajan' Pakai Uang Kementan,https://news.detik.com/berita/d-7361524/jajan-pakai-uang-kementan,"
Selasa, 28 Mei  2024 15:15 WIB "
"SYL Akan Diperiksa Polisi soal Pemerasan Firli Besok, Tapi Batal Gegara Sidang",https://news.detik.com/berita/d-7361475/syl-akan-diperiksa-polisi-soal-pemerasan-firli-besok-tapi-batal-gegara-sidang,"
Selasa, 28 Mei  2024 13:59 WIB "
Isi Grup WA 'Saya Ganti Kalian' di Era SYL: Arahan hingga Teguran,https://news.detik.com/berita/d-7360975/isi-grup-wa-saya-ganti-kalian-di-era-syl-arahan-hingga-teguran,"
Selasa, 28 Mei  2024 10:34 WIB "
Kementan Punya Grup 'Saya Ganti Kalian',https://news.detik.com/berita/d-7360574/kementan-punya-grup-saya-ganti-kalian,"
Selasa, 28 Mei  2024 07:58 WIB "
"Dalih Anak SYL 'Terpaksa' Ikut Umrah tapi Ajak Istri, Anak dan Babysitter",https://news.detik.com/berita/d-7360777/dalih-anak-syl-terpaksa-ikut-umrah-tapi-ajak-istri-anak-dan-babysitter,"
Selasa, 28 Mei  2024 07:20 WIB "
Terungkap Duit Kementan Dipakai SYL Beli Bunga dan Kue untuk Biduan,https://news.detik.com/berita/d-7360740/terungkap-duit-kementan-dipakai-syl-beli-bunga-dan-kue-untuk-biduan,"
Selasa, 28 Mei  2024 06:53 WIB "
Cecaran Hakim ke Anak SYL soal Biaya Sunatan Hasil Palak Pejabat Kementan,https://news.detik.com/berita/d-7360727/cecaran-hakim-ke-anak-syl-soal-biaya-sunatan-hasil-palak-pejabat-kementan,"
Selasa, 28 Mei  2024 06:40 WIB "
Sentilan Hakim ke Anak SYL Aji Mumpung soal Kebiasaan Dibayari Tiket Pesawat,https://news.detik.com/berita/d-7360700/sentilan-hakim-ke-anak-syl-aji-mumpung-soal-kebiasaan-dibayari-tiket-pesawat,"
Selasa, 28 Mei  2024 05:30 WIB "
Putra SYL Akui Minta Rp 111 Juta ke Kementan untuk Aksesoris Mobil,https://news.detik.com/berita/d-7360686/putra-syl-akui-minta-rp-111-juta-ke-kementan-untuk-aksesoris-mobil,"
Selasa, 28 Mei  2024 03:00 WIB "
Honorer di Kementan Ngaku Pernah Serahkan DOM Rp 80 Juta ke Istri SYL,https://news.detik.com/berita/d-7360684/honorer-di-kementan-ngaku-pernah-serahkan-dom-rp-80-juta-ke-istri-syl,"
Selasa, 28 Mei  2024 02:05 WIB "
Cerita Saksi Diminta KPK Kembalikan Uang Kementan dari SYL untuk NasDem,https://news.detik.com/berita/d-7360682/cerita-saksi-diminta-kpk-kembalikan-uang-kementan-dari-syl-untuk-nasdem,"
Selasa, 28 Mei  2024 01:40 WIB "
NasDem Bagikan 6.800 Paket Sembako di 34 Provinsi RI Pakai Duit Kementan,https://news.detik.com/berita/d-7360679/nasdem-bagikan-6-800-paket-sembako-di-34-provinsi-ri-pakai-duit-kementan,"
Selasa, 28 Mei  2024 00:43 WIB "
Istri SYL Tak Akui Tas Dior yang Disita dari Kamarnya: Bukan Punya Saya,https://news.detik.com/berita/d-7360634/istri-syl-tak-akui-tas-dior-yang-disita-dari-kamarnya-bukan-punya-saya,"
Senin, 27 Mei  2024 22:36 WIB "
"Rp 800 Juta Duit Kementan Mengalir ke NasDem, Jaksa Bertanya ke Mana Sisanya?",https://news.detik.com/berita/d-7360617/rp-800-juta-duit-kementan-mengalir-ke-nasdem-jaksa-bertanya-ke-mana-sisanya,"
Senin, 27 Mei  2024 22:24 WIB "
Saat Istri SYL Jawab 'Tidak Tahu' untuk Semua Pertanyaan Jaksa,https://news.detik.com/berita/d-7360605/saat-istri-syl-jawab-tidak-tahu-untuk-semua-pertanyaan-jaksa,"
Senin, 27 Mei  2024 22:12 WIB "
Putra SYL Ungkap Alasan Ikut Usulkan Nama untuk Jabatan Tertentu di Kementan,https://news.detik.com/berita/d-7360575/putra-syl-ungkap-alasan-ikut-usulkan-nama-untuk-jabatan-tertentu-di-kementan,"
Senin, 27 Mei  2024 21:43 WIB "
Cucu SYL soal Jadi Tenaga Ahli Hukum di Kementan: Saya Diminta Kakek Magang,https://news.detik.com/berita/d-7360540/cucu-syl-soal-jadi-tenaga-ahli-hukum-di-kementan-saya-diminta-kakek-magang,"
Senin, 27 Mei  2024 21:05 WIB "
"Cucu SYL Bantah Rembes Skincare ke Kementan, Ngaku Bayar Sendiri",https://news.detik.com/berita/d-7360505/cucu-syl-bantah-rembes-skincare-ke-kementan-ngaku-bayar-sendiri,"
Senin, 27 Mei  2024 20:23 WIB "
Putra SYL Ngaku Terpaksa Ikut Umrah-Tak Tahu Sumber Pembiayaan dari Kementan,https://news.detik.com/berita/d-7360440/putra-syl-ngaku-terpaksa-ikut-umrah-tak-tahu-sumber-pembiayaan-dari-kementan,"
Senin, 27 Mei  2024 19:42 WIB "
"Eks Anak Buah Sebut Uang Makan-Minum SYL dan Keluarga Rp 1,5 Juta Per Hari",https://news.detik.com/berita/d-7360347/eks-anak-buah-sebut-uang-makan-minum-syl-dan-keluarga-rp-1-5-juta-per-hari,"
Senin, 27 Mei  2024 18:57 WIB "
"Ditanya Hakim soal Biaya Skincare Anak-Cucu, Istri SYL Ngaku Tak Tahu",https://news.detik.com/berita/d-7360303/ditanya-hakim-soal-biaya-skincare-anak-cucu-istri-syl-ngaku-tak-tahu,"
Senin, 27 Mei  2024 18:35 WIB "
Maktour Hanya Bantu Pemesanan Tiket Pesawat SYL Umrah,https://news.detik.com/berita/d-7360264/maktour-hanya-bantu-pemesanan-tiket-pesawat-syl-umrah,"
Senin, 27 Mei  2024 18:13 WIB "
"Durian Ratusan Juta Hanya 3 Jam di Rumdin SYL, Hakim: Siapa yang Ambil?",https://news.detik.com/berita/d-7360235/durian-ratusan-juta-hanya-3-jam-di-rumdin-syl-hakim-siapa-yang-ambil,"
Senin, 27 Mei  2024 17:58 WIB "
Saksi Sebut Kementan Kucurkan Rp 850 Juta untuk Acara Bacaleg NasDem,https://news.detik.com/berita/d-7360079/saksi-sebut-kementan-kucurkan-rp-850-juta-untuk-acara-bacaleg-nasdem,"
Senin, 27 Mei  2024 17:08 WIB "
"Wabendum NasDem Cerita Jadi Stafsus Kementan Lewat Anak SYL, Gaji Rp 31 Juta",https://news.detik.com/berita/d-7359980/wabendum-nasdem-cerita-jadi-stafsus-kementan-lewat-anak-syl-gaji-rp-31-juta,"
Senin, 27 Mei  2024 16:25 WIB "
Istri-Anak hingga Cucu SYL Bersaksi di Sidang Kasus Gratifikasi dan Pemerasan,https://news.detik.com/berita/d-7359763/istri-anak-hingga-cucu-syl-bersaksi-di-sidang-kasus-gratifikasi-dan-pemerasan,"
Senin, 27 Mei  2024 15:11 WIB "
SYL soal Umrah di Kementan: Saya Harap Pejabat Saya Dekat dengan Tuhan,https://news.detik.com/berita/d-7359742/syl-soal-umrah-di-kementan-saya-harap-pejabat-saya-dekat-dengan-tuhan,"
Senin, 27 Mei  2024 15:04 WIB "
Ternyata SYL yang Minta Gaji Cucunya di Kementan Naik Jadi Rp 10 Juta,https://news.detik.com/berita/d-7359682/ternyata-syl-yang-minta-gaji-cucunya-di-kementan-naik-jadi-rp-10-juta,"
Senin, 27 Mei  2024 14:42 WIB "
SYL Kirim Bunga dan Kue Ulang Tahun ke Biduan Nayunda Pakai Duit Kementan,https://news.detik.com/berita/d-7359667/syl-kirim-bunga-dan-kue-ulang-tahun-ke-biduan-nayunda-pakai-duit-kementan,"
Senin, 27 Mei  2024 14:38 WIB "
Saksi Ungkap Ada Grup WA Namanya 'Saya Ganti Kalian' di Kementan Era SYL,https://news.detik.com/berita/d-7359612/saksi-ungkap-ada-grup-wa-namanya-saya-ganti-kalian-di-kementan-era-syl,"
Senin, 27 Mei  2024 14:13 WIB "
Fuad Masyhur Penuhi Panggilan KPK Jadi Saksi TPPU SYL,https://news.detik.com/berita/d-7359480/fuad-masyhur-penuhi-panggilan-kpk-jadi-saksi-tppu-syl,"
Senin, 27 Mei  2024 13:20 WIB "
Biduan Nayunda Bakal Jadi Saksi Sidang SYL Rabu 29 Mei,https://news.detik.com/berita/d-7358964/biduan-nayunda-bakal-jadi-saksi-sidang-syl-rabu-29-mei,"
Senin, 27 Mei  2024 07:48 WIB "
"Istri, Anak hingga Cucu SYL Bersaksi di Sidang Hari Ini",https://news.detik.com/berita/d-7358938/istri-anak-hingga-cucu-syl-bersaksi-di-sidang-hari-ini,"
Senin, 27 Mei  2024 06:56 WIB "
Kesaksian-kesaksian Pejabat Kementan soal Aliran Duit ke Istri-Anak SYL,https://news.detik.com/berita/d-7357947/kesaksian-kesaksian-pejabat-kementan-soal-aliran-duit-ke-istri-anak-syl,"
Minggu, 26 Mei  2024 10:33 WIB "
Menanti Kesaksian Istri dan Anak SYL dalam Sengkarut Korupsi di Kementan,https://news.detik.com/berita/d-7356751/menanti-kesaksian-istri-dan-anak-syl-dalam-sengkarut-korupsi-di-kementan,"
Sabtu, 25 Mei  2024 10:23 WIB "
Istri dan Anak SYL Bakal Jadi Saksi di Sidang Senin 27 Mei,https://news.detik.com/berita/d-7355389/istri-dan-anak-syl-bakal-jadi-saksi-di-sidang-senin-27-mei,"
Jumat, 24 Mei  2024 07:15 WIB "
Sahroni Janji Penuhi Panggilan KPK untuk Bersaksi di Sidang SYL,https://news.detik.com/berita/d-7354670/sahroni-janji-penuhi-panggilan-kpk-untuk-bersaksi-di-sidang-syl,"
Kamis, 23 Mei  2024 14:52 WIB "
Miris Curhatan Pejabat Kementan Era SYL soal Pimpinan Bak Iblis,https://news.detik.com/berita/d-7354576/miris-curhatan-pejabat-kementan-era-syl-soal-pimpinan-bak-iblis,"
Kamis, 23 Mei  2024 13:55 WIB "
Makin-makin Kelakuan SYL: Biduan Jadi Honorer sampai Cucu Dapat Jabatan,https://news.detik.com/berita/d-7354490/makin-makin-kelakuan-syl-biduan-jadi-honorer-sampai-cucu-dapat-jabatan,"
Kamis, 23 Mei  2024 12:49 WIB "
Menanti Kesaksian Biduan Nayunda hingga Anak-Istri SYL di Sidang,https://news.detik.com/berita/d-7354159/menanti-kesaksian-biduan-nayunda-hingga-anak-istri-syl-di-sidang,"
Kamis, 23 Mei  2024 08:01 WIB "
Cerita Saksi Kasus SYL Terima Curhat Pejabat Kementan soal Pimpinan Bak Iblis,https://news.detik.com/berita/d-7354045/cerita-saksi-kasus-syl-terima-curhat-pejabat-kementan-soal-pimpinan-bak-iblis,"
Kamis, 23 Mei  2024 01:32 WIB "
Anak SYL Beli Tiket Pesawat Kelas Bisnis hingga Kue Ultah Pakai Uang Kementan,https://news.detik.com/berita/d-7354034/anak-syl-beli-tiket-pesawat-kelas-bisnis-hingga-kue-ultah-pakai-uang-kementan,"
Kamis, 23 Mei  2024 00:54 WIB "
Pilu Vendor Kementan Diminta Bayar Rawat Inap Istri SYL Saat Mertua Meninggal,https://news.detik.com/berita/d-7354007/pilu-vendor-kementan-diminta-bayar-rawat-inap-istri-syl-saat-mertua-meninggal,"
Kamis, 23 Mei  2024 00:26 WIB "
"Saksi Ungkap Proyek 2 Ribu Baju Koko di Kementan Era SYL, Nilainya Rp 360 Juta",https://news.detik.com/berita/d-7353990/saksi-ungkap-proyek-2-ribu-baju-koko-di-kementan-era-syl-nilainya-rp-360-juta,"
Rabu, 22 Mei  2024 23:42 WIB "
Cerita Saksi Diminta Renovasi-Pasang AC di Rumah Pribadi SYL dan Anaknya,https://news.detik.com/berita/d-7353976/cerita-saksi-diminta-renovasi-pasang-ac-di-rumah-pribadi-syl-dan-anaknya,"
Rabu, 22 Mei  2024 23:09 WIB "
"SYL 'Palak' Pegawai Kementan, Minta Dibelikan Parfum, HP, hingga Pin Emas",https://news.detik.com/berita/d-7353931/syl-palak-pegawai-kementan-minta-dibelikan-parfum-hp-hingga-pin-emas,"
Rabu, 22 Mei  2024 22:08 WIB "
"Tanda Sita di Rumah Anak Buah SYL Ditutupi, KPK Ingatkan Sanksi Hukum",https://news.detik.com/berita/d-7353919/tanda-sita-di-rumah-anak-buah-syl-ditutupi-kpk-ingatkan-sanksi-hukum,"
Rabu, 22 Mei  2024 21:45 WIB "
"Cucu SYL Jadi Tenaga Ahli di Kementan, Dapat Honor Rp 10 Juta Sejak 2022",https://news.detik.com/berita/d-7353905/cucu-syl-jadi-tenaga-ahli-di-kementan-dapat-honor-rp-10-juta-sejak-2022,"
Rabu, 22 Mei  2024 21:25 WIB "
KPK Sita Mobil Pajero yang Diduga Disembunyikan Kerabat SYL di Makassar,https://news.detik.com/berita/d-7353904/kpk-sita-mobil-pajero-yang-diduga-disembunyikan-kerabat-syl-di-makassar,"
Rabu, 22 Mei  2024 21:23 WIB "
Saksi Sebut Anak SYL Ikut Usulkan Nama untuk Jabatan Tertentu di Kementan,https://news.detik.com/berita/d-7353864/saksi-sebut-anak-syl-ikut-usulkan-nama-untuk-jabatan-tertentu-di-kementan,"
Rabu, 22 Mei  2024 20:53 WIB "
Saksi Ungkap Cucu SYL Jadi Tenaga Ahli Menteri di Biro Hukum Kementan,https://news.detik.com/berita/d-7353768/saksi-ungkap-cucu-syl-jadi-tenaga-ahli-menteri-di-biro-hukum-kementan,"
Rabu, 22 Mei  2024 19:42 WIB "
Saksi Ungkap Kementan Pinjamkan Mobil ke Cucu SYL Selama 3 Tahun,https://news.detik.com/berita/d-7353652/saksi-ungkap-kementan-pinjamkan-mobil-ke-cucu-syl-selama-3-tahun,"
Rabu, 22 Mei  2024 18:37 WIB "
Pegawai Kementan Curhat Sisihkan SPJ demi THR Rp 10 Juta untuk SYL,https://news.detik.com/berita/d-7353604/pegawai-kementan-curhat-sisihkan-spj-demi-thr-rp-10-juta-untuk-syl,"
Rabu, 22 Mei  2024 18:18 WIB "
"Jaksa KPK Akan Hadirkan Istri, Anak, dan Cucu SYL di Sidang Pekan Depan",https://news.detik.com/berita/d-7353415/jaksa-kpk-akan-hadirkan-istri-anak-dan-cucu-syl-di-sidang-pekan-depan,"
Rabu, 22 Mei  2024 17:08 WIB "
Biduan Nayunda Juga Dipanggil Jadi Saksi Sidang SYL Pekan Depan,https://news.detik.com/berita/d-7353411/biduan-nayunda-juga-dipanggil-jadi-saksi-sidang-syl-pekan-depan,"
Rabu, 22 Mei  2024 17:07 WIB "
KPK Panggil Sahroni-Joice Triatman Jadi Saksi di Sidang SYL Pekan Depan,https://news.detik.com/berita/d-7353390/kpk-panggil-sahroni-joice-triatman-jadi-saksi-di-sidang-syl-pekan-depan,"
Rabu, 22 Mei  2024 16:59 WIB "
Protokol Mentan-5 Pegawai Kementan Jadi Saksi Sidang SYL Hari Ini,https://news.detik.com/berita/d-7352276/protokol-mentan-5-pegawai-kementan-jadi-saksi-sidang-syl-hari-ini,"
Rabu, 22 Mei  2024 08:12 WIB "
KPK Sebut Pemeriksaan Biduan Nayunda Bukan soal Status Honorer Kementan,https://news.detik.com/berita/d-7351822/kpk-sebut-pemeriksaan-biduan-nayunda-bukan-soal-status-honorer-kementan,"
Selasa, 21 Mei  2024 19:05 WIB "
KPK Kembali Sita 3 Kendaraan Milik SYL Diduga Hasil TPPU di Makassar,https://news.detik.com/berita/d-7351380/kpk-kembali-sita-3-kendaraan-milik-syl-diduga-hasil-tppu-di-makassar,"
Selasa, 21 Mei  2024 16:04 WIB "
"Terungkap SYL Titip Biduan Jadi Honorer, Gaji Jutaan tapi Jarang Ngantor",https://news.detik.com/berita/d-7350363/terungkap-syl-titip-biduan-jadi-honorer-gaji-jutaan-tapi-jarang-ngantor,"
Selasa, 21 Mei  2024 07:33 WIB "
"Merana Nasib Dirjen Kementan, Lagi Kena Covid Masih Kena 'Palak' SYL",https://news.detik.com/berita/d-7350318/merana-nasib-dirjen-kementan-lagi-kena-covid-masih-kena-palak-syl,"
Selasa, 21 Mei  2024 06:11 WIB "
3 Bantahan SYL Usai Sidang: Keluarga Tak Suka Durian-Tak Cawe-cawe Teknis,https://news.detik.com/berita/d-7350252/3-bantahan-syl-usai-sidang-keluarga-tak-suka-durian-tak-cawe-cawe-teknis,"
Senin, 20 Mei  2024 23:27 WIB "
Mikrofon hingga Durian Puluhan Juta untuk SYL Pun Dibayari Anak Buah,https://news.detik.com/berita/d-7350098/mikrofon-hingga-durian-puluhan-juta-untuk-syl-pun-dibayari-anak-buah,"
Senin, 20 Mei  2024 21:05 WIB "
"Tak Cuma Anak hingga Cucu, Kakak SYL Juga Nikmati Duit Kementan",https://news.detik.com/berita/d-7350039/tak-cuma-anak-hingga-cucu-kakak-syl-juga-nikmati-duit-kementan,"
Senin, 20 Mei  2024 20:15 WIB "
Saksi Kementan Ungkap Ada Permintaan Bayar Biduan Rp 10 Juta di Makassar,https://news.detik.com/berita/d-7350013/saksi-kementan-ungkap-ada-permintaan-bayar-biduan-rp-10-juta-di-makassar,"
Senin, 20 Mei  2024 19:52 WIB "
Saksi Ungkap Kementan Beri Kado Rp 25 Juta ke Cucu SYL,https://news.detik.com/berita/d-7349939/saksi-ungkap-kementan-beri-kado-rp-25-juta-ke-cucu-syl,"
Senin, 20 Mei  2024 18:58 WIB "
"Di Sidang, Terungkap Ada Permintaan Rp 46 Juta untuk Ultah SYL-Anak Buahnya",https://news.detik.com/berita/d-7349735/di-sidang-terungkap-ada-permintaan-rp-46-juta-untuk-ultah-syl-anak-buahnya,"
Senin, 20 Mei  2024 17:37 WIB "
Cerita Saksi Keluarkan Rp 970 Juta untuk Keperluan SYL di Eropa Tanpa SPJ,https://news.detik.com/berita/d-7349535/cerita-saksi-keluarkan-rp-970-juta-untuk-keperluan-syl-di-eropa-tanpa-spj,"
Senin, 20 Mei  2024 16:38 WIB "
Saksi Kementan Ungkap Ada Permintaan Kirim Durian Rp 46 Juta ke Rumdin SYL,https://news.detik.com/berita/d-7349462/saksi-kementan-ungkap-ada-permintaan-kirim-durian-rp-46-juta-ke-rumdin-syl,"
Senin, 20 Mei  2024 16:04 WIB "
"Pejabat Kementan Era SYL Coret Nayunda dari Honorer, Langsung Ditegur Atasan",https://news.detik.com/berita/d-7349413/pejabat-kementan-era-syl-coret-nayunda-dari-honorer-langsung-ditegur-atasan,"
Senin, 20 Mei  2024 15:36 WIB "
"Nayunda Honorer Kementan, tapi Kerjanya Jadi Asisten Anggota DPR Anak SYL",https://news.detik.com/berita/d-7349319/nayunda-honorer-kementan-tapi-kerjanya-jadi-asisten-anggota-dpr-anak-syl,"
Senin, 20 Mei  2024 15:12 WIB "
"SYL Titip Nayunda Jadi Honorer: Gaji Rp 4,3 Juta/Bulan, Setahun Ngantor 2 Kali",https://news.detik.com/berita/d-7349224/syl-titip-nayunda-jadi-honorer-gaji-rp-4-3-juta-bulan-setahun-ngantor-2-kali,"
Senin, 20 Mei  2024 14:44 WIB "
Kakak SYL Tenri Olle Dapat Honor Rutin Rp 10 Juta/Bulan dari Kementan,https://news.detik.com/berita/d-7349100/kakak-syl-tenri-olle-dapat-honor-rutin-rp-10-juta-bulan-dari-kementan,"
Senin, 20 Mei  2024 13:58 WIB "
Dirjen Ungkap SYL Minta Belikan Mik Rp 25 Juta Pakai Alasan 'Saya Pinjam Dek',https://news.detik.com/berita/d-7349009/dirjen-ungkap-syl-minta-belikan-mik-rp-25-juta-pakai-alasan-saya-pinjam-dek,"
Senin, 20 Mei  2024 13:14 WIB "
"SYL Sumbang Rp 102 Juta ke Ponpes, Duitnya dari Patungan Anak Buah",https://news.detik.com/berita/d-7348922/syl-sumbang-rp-102-juta-ke-ponpes-duitnya-dari-patungan-anak-buah,"
Senin, 20 Mei  2024 12:44 WIB "
"Saksi Ngaku Dimintai Rp 50 Juta untuk Beli iPhone SYL, tapi Tak Bisa Penuhi",https://news.detik.com/berita/d-7348882/saksi-ngaku-dimintai-rp-50-juta-untuk-beli-iphone-syl-tapi-tak-bisa-penuhi,"
Senin, 20 Mei  2024 12:26 WIB "
Curhat Dirjen Kementan Kena COVID Malah Dimintai Rp 450 Juta untuk SYL,https://news.detik.com/berita/d-7348870/curhat-dirjen-kementan-kena-covid-malah-dimintai-rp-450-juta-untuk-syl,"
Senin, 20 Mei  2024 12:17 WIB "
Blak-blakan Dirjen Bayari Umrah hingga Servis Mercy SYL: Total Rp 317 Juta,https://news.detik.com/berita/d-7348804/blak-blakan-dirjen-bayari-umrah-hingga-servis-mercy-syl-total-rp-317-juta,"
Senin, 20 Mei  2024 11:49 WIB "
"KPK Sita Rumah Mewah Anak Buah SYL di Parepare, Ini Penampakannya",https://news.detik.com/berita/d-7348682/kpk-sita-rumah-mewah-anak-buah-syl-di-parepare-ini-penampakannya,"
Senin, 20 Mei  2024 10:56 WIB "
Dirjen Perkebunan-6 Pegawai Kementan Jadi Saksi Sidang SYL Hari Ini,https://news.detik.com/berita/d-7348642/dirjen-perkebunan-6-pegawai-kementan-jadi-saksi-sidang-syl-hari-ini,"
Senin, 20 Mei  2024 10:34 WIB "
KPK Geledah Rumah Eks Pejabat Kementan di Parepare Terkait TPPU SYL,https://news.detik.com/berita/d-7347916/kpk-geledah-rumah-eks-pejabat-kementan-di-parepare-terkait-tppu-syl,"
Minggu, 19 Mei  2024 17:36 WIB "
KPK Pastikan Anggota DPR Anak SYL Dipanggil ke Sidang,https://news.detik.com/berita/d-7347278/kpk-pastikan-anggota-dpr-anak-syl-dipanggil-ke-sidang,"
Minggu, 19 Mei  2024 07:54 WIB "
"Taburan Duit ke Anggota DPR Anak SYL, dari Skincare hingga Stem Cell",https://news.detik.com/berita/d-7347253/taburan-duit-ke-anggota-dpr-anak-syl-dari-skincare-hingga-stem-cell,"
Minggu, 19 Mei  2024 07:04 WIB "
"Didesak Usut Anggota DPR Anak SYL, MKD: Jika Ada Laporan Kita Proses",https://news.detik.com/berita/d-7347165/didesak-usut-anggota-dpr-anak-syl-mkd-jika-ada-laporan-kita-proses,"
Sabtu, 18 Mei  2024 22:39 WIB "
MAKI Desak Fraksi NasDem Pecat Anggota DPR Anak SYL,https://news.detik.com/berita/d-7346654/maki-desak-fraksi-nasdem-pecat-anggota-dpr-anak-syl,"
Sabtu, 18 Mei  2024 15:21 WIB "
Deretan Permintaan Anak SYL Anggota DPR Pakai Duit Kementan,https://news.detik.com/berita/d-7346603/deretan-permintaan-anak-syl-anggota-dpr-pakai-duit-kementan,"
Sabtu, 18 Mei  2024 14:46 WIB "
MKD Didesak Usut Anggota DPR Anak SYL yang Minta Dibayari Stem Cell,https://news.detik.com/berita/d-7346186/mkd-didesak-usut-anggota-dpr-anak-syl-yang-minta-dibayari-stem-cell,"
Sabtu, 18 Mei  2024 09:32 WIB "
NasDem Dukung Usut Anggota DPR Anak SYL Minta Dibayari Stem Cell ke Kementan,https://news.detik.com/berita/d-7346087/nasdem-dukung-usut-anggota-dpr-anak-syl-minta-dibayari-stem-cell-ke-kementan,"
Sabtu, 18 Mei  2024 07:17 WIB "
"Kementan Bayar Rp 200 Juta Stem Cell Anggota DPR Anak SYL, NasDem Bersuara",https://news.detik.com/berita/d-7345371/kementan-bayar-rp-200-juta-stem-cell-anggota-dpr-anak-syl-nasdem-bersuara,"
Jumat, 17 Mei  2024 16:31 WIB "
KPK Sita Dokumen-Barang Elektronik Saat Geledah Rumah Adik SYL,https://news.detik.com/berita/d-7345211/kpk-sita-dokumen-barang-elektronik-saat-geledah-rumah-adik-syl,"
Jumat, 17 Mei  2024 15:58 WIB "
BPK Periksa SYL Terkait Dugaan Pelanggaran Etik Auditor,https://news.detik.com/berita/d-7344849/bpk-periksa-syl-terkait-dugaan-pelanggaran-etik-auditor,"
Jumat, 17 Mei  2024 13:32 WIB "
Kelakuan Pimpinan KPK Lain Berbuntut Etik Bikin Nawawi Tak Nyaman,https://news.detik.com/berita/d-7344300/kelakuan-pimpinan-kpk-lain-berbuntut-etik-bikin-nawawi-tak-nyaman,"
Jumat, 17 Mei  2024 07:20 WIB "
Aset-aset Berharga SYL Mulai Diendus KPK,https://news.detik.com/berita/d-7344287/aset-aset-berharga-syl-mulai-diendus-kpk,"
Jumat, 17 Mei  2024 06:35 WIB "
Rumah Adik SYL di Makassar Digeledah KPK!,https://news.detik.com/berita/d-7343375/rumah-adik-syl-di-makassar-digeledah-kpk,"
Kamis, 16 Mei  2024 15:26 WIB "
"Ghufron Akui Telepon Sekjen Kementan Bantu Mutasi ASN, Klaim Tak Ada Utang Budi",https://news.detik.com/berita/d-7343209/ghufron-akui-telepon-sekjen-kementan-bantu-mutasi-asn-klaim-tak-ada-utang-budi,"
Kamis, 16 Mei  2024 14:30 WIB "
"KPK Sita Rumah Mewah SYL di Makassar, Begini Penampakannya",https://news.detik.com/berita/d-7342786/kpk-sita-rumah-mewah-syl-di-makassar-begini-penampakannya,"
Kamis, 16 Mei  2024 11:23 WIB "
Nestapa Dirjen Kementan Tak Ikut Umrah SYL tapi 'Dipalak' Rp 1 Miliar,https://news.detik.com/berita/d-7342448/nestapa-dirjen-kementan-tak-ikut-umrah-syl-tapi-dipalak-rp-1-miliar,"
Kamis, 16 Mei  2024 07:32 WIB "
SYL soal 2 Dirjen Kementan Buka-bukaan di Sidang: Dua-duanya Andalan Saya,https://news.detik.com/berita/d-7342374/syl-soal-2-dirjen-kementan-buka-bukaan-di-sidang-dua-duanya-andalan-saya,"
Kamis, 16 Mei  2024 02:32 WIB "
Terungkap Kementan Bayarkan Anak SYL yang Anggota DPR Stem Cell Rp 200 Juta,https://news.detik.com/berita/d-7342358/terungkap-kementan-bayarkan-anak-syl-yang-anggota-dpr-stem-cell-rp-200-juta,"
Kamis, 16 Mei  2024 01:00 WIB "
Direktorat di Kementan Patungan Rp 773 Juta untuk Kepentingan SYL ke Belgia,https://news.detik.com/berita/d-7342350/direktorat-di-kementan-patungan-rp-773-juta-untuk-kepentingan-syl-ke-belgia,"
Kamis, 16 Mei  2024 00:09 WIB "
Saksi Kementan Ungkap Ada Tagihan SYL Beli Gelang Rp 65 Juta,https://news.detik.com/berita/d-7342347/saksi-kementan-ungkap-ada-tagihan-syl-beli-gelang-rp-65-juta,"
Kamis, 16 Mei  2024 00:06 WIB "
Dirjen Era SYL Ungkap Eselon I Kementan Pakai Pin Emas WTP Hasil Duit Sharing,https://news.detik.com/berita/d-7342287/dirjen-era-syl-ungkap-eselon-i-kementan-pakai-pin-emas-wtp-hasil-duit-sharing,"
Rabu, 15 Mei  2024 23:04 WIB "
Terungkap Direktorat Kementan 'Nabung' Rp 30 Juta/Bulan untuk Kebutuhan SYL,https://news.detik.com/berita/d-7342165/terungkap-direktorat-kementan-nabung-rp-30-juta-bulan-untuk-kebutuhan-syl,"
Rabu, 15 Mei  2024 21:06 WIB "
Patungan Dadakan Saat SYL Kunker Dibebankan ke Dirjen Kementan,https://news.detik.com/berita/d-7342136/patungan-dadakan-saat-syl-kunker-dibebankan-ke-dirjen-kementan,"
Rabu, 15 Mei  2024 20:39 WIB "
"Di Sidang SYL, Terungkap Ada Permintaan Beli Keris Emas Rp 105 Juta",https://news.detik.com/berita/d-7342125/di-sidang-syl-terungkap-ada-permintaan-beli-keris-emas-rp-105-juta,"
Rabu, 15 Mei  2024 20:33 WIB "
"Rp 5,7 M Duit Ditjen Hortikultura Kementan Mengalir ke SYL dalam 2 Tahun",https://news.detik.com/berita/d-7342078/rp-5-7-m-duit-ditjen-hortikultura-kementan-mengalir-ke-syl-dalam-2-tahun,"
Rabu, 15 Mei  2024 20:02 WIB "
Cerita Dirjen Kementan Namanya Diusulkan Dicopot gegara Tak Patuhi SYL,https://news.detik.com/berita/d-7342009/cerita-dirjen-kementan-namanya-diusulkan-dicopot-gegara-tak-patuhi-syl,"
Rabu, 15 Mei  2024 19:21 WIB "
Saksi Ungkap Cerita SYL soal Petinggi NasDem Minta Pejabat Kementan Dicopot,https://news.detik.com/berita/d-7341995/saksi-ungkap-cerita-syl-soal-petinggi-nasdem-minta-pejabat-kementan-dicopot,"
Rabu, 15 Mei  2024 19:13 WIB "
BAP Dirjen Kementan Ungkap Ancaman SYL ke Eselon I,https://news.detik.com/berita/d-7341942/bap-dirjen-kementan-ungkap-ancaman-syl-ke-eselon-i,"
Rabu, 15 Mei  2024 18:44 WIB "
"Auditor Disebut Minta Rp 12 M ke Kementan Era SYL, Ketua BPK Ogah Komentar",https://news.detik.com/berita/d-7341845/auditor-disebut-minta-rp-12-m-ke-kementan-era-syl-ketua-bpk-ogah-komentar,"
Rabu, 15 Mei  2024 17:46 WIB "
Eks Pejabat Kementan Ungkap Aliran Duit Rp 20 Juta ke Cucu SYL,https://news.detik.com/berita/d-7341748/eks-pejabat-kementan-ungkap-aliran-duit-rp-20-juta-ke-cucu-syl,"
Rabu, 15 Mei  2024 17:16 WIB "
Anak SYL yang Anggota DPR Beli Sound System Rp 21 Juta Pakai Duit Kementan,https://news.detik.com/berita/d-7341713/anak-syl-yang-anggota-dpr-beli-sound-system-rp-21-juta-pakai-duit-kementan,"
Rabu, 15 Mei  2024 16:58 WIB "
"Bingungnya Dirjen Dimintai Rp 1 M untuk SYL Umrah, Sampai Geleng-geleng Kepala",https://news.detik.com/berita/d-7341548/bingungnya-dirjen-dimintai-rp-1-m-untuk-syl-umrah-sampai-geleng-geleng-kepala,"
Rabu, 15 Mei  2024 16:12 WIB "
Cerita Dirjen Kementan Mendadak Dimintai Rp 10 Juta Saat Temani SYL Kunker,https://news.detik.com/berita/d-7341463/cerita-dirjen-kementan-mendadak-dimintai-rp-10-juta-saat-temani-syl-kunker,"
Rabu, 15 Mei  2024 15:39 WIB "
Dirjen Era SYL Curhat Diminta Bayari Baju Koko Rp 27 Juta-Bukber Rp 30 Juta,https://news.detik.com/berita/d-7341402/dirjen-era-syl-curhat-diminta-bayari-baju-koko-rp-27-juta-bukber-rp-30-juta,"
Rabu, 15 Mei  2024 15:15 WIB "
Foya-foya Keluarga SYL,https://news.detik.com/x/detail/spotlight/20240515/Foya-foya-Keluarga-SYL/,"
Rabu, 15 Mei  2024 14:54 WIB "
Pilah Pilih demi Berantas Korupsi Tak Pilih Kasih,https://news.detik.com/berita/d-7340903/pilah-pilih-demi-berantas-korupsi-tak-pilih-kasih,"
Rabu, 15 Mei  2024 11:56 WIB "
"5 Pejabat di Kementan Bersaksi di Sidang SYL Hari Ini, Ada Dirjen-Sesditjen",https://news.detik.com/berita/d-7340521/5-pejabat-di-kementan-bersaksi-di-sidang-syl-hari-ini-ada-dirjen-sesditjen,"
Rabu, 15 Mei  2024 08:04 WIB "
Polda Metro Tegaskan Kasus Firli Bahuri Masih Lanjut,https://news.detik.com/berita/d-7339877/polda-metro-tegaskan-kasus-firli-bahuri-masih-lanjut,"
Selasa, 14 Mei  2024 17:40 WIB "
Nasib 'Tuyul-tuyul' Eks Menteri Syahrul,https://news.detik.com/berita/d-7339465/nasib-tuyul-tuyul-eks-menteri-syahrul,"
Selasa, 14 Mei  2024 15:15 WIB "
KPK Panggil 3 Pemilik Jasa Tur Jadi Saksi Terkait Kasus TPPU SYL,https://news.detik.com/berita/d-7339481/kpk-panggil-3-pemilik-jasa-tur-jadi-saksi-terkait-kasus-tppu-syl,"
Selasa, 14 Mei  2024 14:59 WIB "
"Ketua KPK: Jika Ada Kegaduhan dari Internal, Saya Minta Maaf",https://news.detik.com/berita/d-7339319/ketua-kpk-jika-ada-kegaduhan-dari-internal-saya-minta-maaf,"
Selasa, 14 Mei  2024 13:54 WIB "
"Dilema Pejabat Kementan 'Dipalak' Anak SYL: Terpaksa Ngasih, Bingung Nagih",https://news.detik.com/berita/d-7339175/dilema-pejabat-kementan-dipalak-anak-syl-terpaksa-ngasih-bingung-nagih,"
Selasa, 14 Mei  2024 13:10 WIB "
Alex Marwata Tegaskan Ghufron Bantu Mutasi Jauh dari Awal Lidik Kasus SYL,https://news.detik.com/berita/d-7339001/alex-marwata-tegaskan-ghufron-bantu-mutasi-jauh-dari-awal-lidik-kasus-syl,"
Selasa, 14 Mei  2024 11:46 WIB "
KPK Cecar Biduan Nayunda soal Aliran Uang dan Pemberian Barang dari SYL,https://news.detik.com/berita/d-7338917/kpk-cecar-biduan-nayunda-soal-aliran-uang-dan-pemberian-barang-dari-syl,"
Selasa, 14 Mei  2024 11:04 WIB "
KPK Sita Mercy Sprinter yang Disembunyikan SYL Terkait Kasus TPPU,https://news.detik.com/detiknews/d-7338914/kpk-sita-mercy-sprinter-yang-disembunyikan-syl-terkait-kasus-tppu,"
Selasa, 14 Mei  2024 11:03 WIB "
'Teror' Telepon hingga Mutasi Bila Permintaan SYL Tak Dituruti,https://news.detik.com/berita/d-7338588/teror-telepon-hingga-mutasi-bila-permintaan-syl-tak-dituruti,"
Selasa, 14 Mei  2024 07:17 WIB "
Saksi Ungkap Anak SYL Minta Uang Kementan Rp 111 Juta untuk Aksesoris Mobil,https://news.detik.com/berita/d-7338466/saksi-ungkap-anak-syl-minta-uang-kementan-rp-111-juta-untuk-aksesoris-mobil,"
Senin, 13 Mei  2024 23:15 WIB "
SYL Ngaku Tak Pernah Dengar soal Kementan Beri Rp 12 Miliar ke BPK Demi WTP,https://news.detik.com/berita/d-7338451/syl-ngaku-tak-pernah-dengar-soal-kementan-beri-rp-12-miliar-ke-bpk-demi-wtp,"
Senin, 13 Mei  2024 22:58 WIB "
Biduan Nayunda Nabila Irit Bicara Usai 12 Jam Diperiksa KPK soal Kasus SYL,https://news.detik.com/berita/d-7338421/biduan-nayunda-nabila-irit-bicara-usai-12-jam-diperiksa-kpk-soal-kasus-syl,"
Senin, 13 Mei  2024 22:08 WIB "
Cerita Dirjen Kementan Dinilai SYL Tak Loyal gegara Telat Setor Duit,https://news.detik.com/berita/d-7338407/cerita-dirjen-kementan-dinilai-syl-tak-loyal-gegara-telat-setor-duit,"
Senin, 13 Mei  2024 21:45 WIB "
"Pegawai Kementan Ngaku Terpaksa Bikin SPJ Fiktif demi SYL, Ini Kata KPK",https://news.detik.com/berita/d-7338385/pegawai-kementan-ngaku-terpaksa-bikin-spj-fiktif-demi-syl-ini-kata-kpk,"
Senin, 13 Mei  2024 21:13 WIB "
Urusan Renovasi Kamar Anak SYL dari Duit Pas-pasan Pejabat Kementan,https://news.detik.com/berita/d-7338374/urusan-renovasi-kamar-anak-syl-dari-duit-pas-pasan-pejabat-kementan,"
Senin, 13 Mei  2024 21:03 WIB "
"Hakim Cecar Dirjen Kementan soal WTP BPK, Ada Pemberian Rp 12 Miliar",https://news.detik.com/berita/d-7338297/hakim-cecar-dirjen-kementan-soal-wtp-bpk-ada-pemberian-rp-12-miliar,"
Senin, 13 Mei  2024 20:13 WIB "
Eselon 1 Kementan Pernah Pinjamkan Rp 120 Juta ke SYL untuk Operasi Pasar,https://news.detik.com/berita/d-7338214/eselon-1-kementan-pernah-pinjamkan-rp-120-juta-ke-syl-untuk-operasi-pasar,"
Senin, 13 Mei  2024 19:21 WIB "
Dirjen Kementan Ungkap 2 Pejabat Dicopot gegara Tolak Penuhi Permintaan SYL,https://news.detik.com/berita/d-7337821/dirjen-kementan-ungkap-2-pejabat-dicopot-gegara-tolak-penuhi-permintaan-syl,"
Senin, 13 Mei  2024 16:51 WIB "
"Hakim ke Dirjen Kementan Era SYL: Sama-sama Sembunyikan Borok, Ketahuan Juga",https://news.detik.com/berita/d-7337564/hakim-ke-dirjen-kementan-era-syl-sama-sama-sembunyikan-borok-ketahuan-juga,"
Senin, 13 Mei  2024 15:12 WIB "
Curhat Pejabat Kementan Terpaksa Bayari Renovasi Kamar Anak SYL Rp 200 Juta,https://news.detik.com/berita/d-7337517/curhat-pejabat-kementan-terpaksa-bayari-renovasi-kamar-anak-syl-rp-200-juta,"
Senin, 13 Mei  2024 14:47 WIB "
Pejabat Kementan Ungkap Permintaan Rp 850 Juta Pakai Kuitansi Logo NasDem,https://news.detik.com/berita/d-7337455/pejabat-kementan-ungkap-permintaan-rp-850-juta-pakai-kuitansi-logo-nasdem,"
Senin, 13 Mei  2024 14:28 WIB "
Saksi Sidang SYL Ngaku Diminta 13 Ribu Paket Sembako tapi Tak Tahu untuk Apa,https://news.detik.com/berita/d-7337378/saksi-sidang-syl-ngaku-diminta-13-ribu-paket-sembako-tapi-tak-tahu-untuk-apa,"
Senin, 13 Mei  2024 13:55 WIB "
Dirjen di Kementan Ungkap Sumber Rp 600 Juta untuk Kepentingan SYL di Brasil,https://news.detik.com/berita/d-7337213/dirjen-di-kementan-ungkap-sumber-rp-600-juta-untuk-kepentingan-syl-di-brasil,"
Senin, 13 Mei  2024 12:49 WIB "
KPK Panggil Biduan Nayunda Nabila Jadi Saksi Kasus TPPU SYL,https://news.detik.com/berita/d-7336891/kpk-panggil-biduan-nayunda-nabila-jadi-saksi-kasus-tppu-syl,"
Senin, 13 Mei  2024 10:29 WIB "
8 Pejabat Kementan Termasuk 3 Dirjen Jadi Saksi di Sidang SYL,https://news.detik.com/berita/d-7336841/8-pejabat-kementan-termasuk-3-dirjen-jadi-saksi-di-sidang-syl,"
Senin, 13 Mei  2024 10:02 WIB "
Bos Indikator Harap Jokowi Pilih Pansel Capim Berintegritas demi Benahi KPK,https://news.detik.com/berita/d-7336181/bos-indikator-harap-jokowi-pilih-pansel-capim-berintegritas-demi-benahi-kpk,"
Minggu, 12 Mei  2024 16:46 WIB "
"Eks Anak Buah SYL Ungkap Auditor Minta Rp 12 M demi WTP, BPK Buka Suara",https://news.detik.com/berita/d-7333575/eks-anak-buah-syl-ungkap-auditor-minta-rp-12-m-demi-wtp-bpk-buka-suara,"
Jumat, 10 Mei  2024 11:54 WIB "
Ironi Pejabat Kementan Pakai Duit Pribadi Bayari Gaji Pembantu SYL,https://news.detik.com/berita/d-7333425/ironi-pejabat-kementan-pakai-duit-pribadi-bayari-gaji-pembantu-syl,"
Jumat, 10 Mei  2024 09:50 WIB "
Alur Pemintaan Duit SYL di Kementan: Atasan ke Bawahan hingga Patungan,https://news.detik.com/berita/d-7332205/alur-pemintaan-duit-syl-di-kementan-atasan-ke-bawahan-hingga-patungan,"
Kamis, 09 Mei  2024 11:09 WIB "
Tawar-menawar WTP untuk Kementan Era SYL Bernilai Belasan Miliar,https://news.detik.com/berita/d-7332098/tawar-menawar-wtp-untuk-kementan-era-syl-bernilai-belasan-miliar,"
Kamis, 09 Mei  2024 09:49 WIB "
Patungan Pejabat Kementan demi SYL Bayar Gaji ART hingga Jet Pribadi,https://news.detik.com/berita/d-7331977/patungan-pejabat-kementan-demi-syl-bayar-gaji-art-hingga-jet-pribadi,"
Kamis, 09 Mei  2024 07:53 WIB "
KPK Usut Kesaksian Eks Anak Buah SYL soal Auditor BPK Minta Rp 12 M Demi WTP,https://news.detik.com/berita/d-7331780/kpk-usut-kesaksian-eks-anak-buah-syl-soal-auditor-bpk-minta-rp-12-m-demi-wtp,"
Rabu, 08 Mei  2024 21:18 WIB "
Saksi Ungkap Ucapan Auditor BPK Saat Minta Rp 12 M agar Kementan Era SYL WTP,https://news.detik.com/berita/d-7331738/saksi-ungkap-ucapan-auditor-bpk-saat-minta-rp-12-m-agar-kementan-era-syl-wtp,"
Rabu, 08 Mei  2024 20:27 WIB "
Betapa Terbebani Para Pejabat Kementan Saat SYL Jadi Menteri,https://news.detik.com/berita/d-7331709/betapa-terbebani-para-pejabat-kementan-saat-syl-jadi-menteri,"
Rabu, 08 Mei  2024 20:02 WIB "
Saksi Ungkap Auditor BPK Tambah 'Tarif' Rp 2 M Agar Kementan Dapat WTP,https://news.detik.com/berita/d-7331692/saksi-ungkap-auditor-bpk-tambah-tarif-rp-2-m-agar-kementan-dapat-wtp,"
Rabu, 08 Mei  2024 19:47 WIB "
SYL ke Saksi di Sidang Kasus Korupsi: Saya Tidak Perlu Dibela,https://news.detik.com/berita/d-7331657/syl-ke-saksi-di-sidang-kasus-korupsi-saya-tidak-perlu-dibela,"
Rabu, 08 Mei  2024 19:13 WIB "
Pejabat 5 Ditjen di Kementan Patungan Rp 1 M demi Bayari SYL Umrah,https://news.detik.com/berita/d-7331279/pejabat-5-ditjen-di-kementan-patungan-rp-1-m-demi-bayari-syl-umrah,"
Rabu, 08 Mei  2024 16:55 WIB "
"SYL Kunker ke Saudi Sekalian Umrah, Duitnya dari Patungan Pejabat Kementan",https://news.detik.com/berita/d-7331154/syl-kunker-ke-saudi-sekalian-umrah-duitnya-dari-patungan-pejabat-kementan,"
Rabu, 08 Mei  2024 16:29 WIB "
Eks Anak Buah SYL Ungkap Auditor BPK Minta Rp 12 M agar Kementan WTP,https://news.detik.com/berita/d-7331025/eks-anak-buah-syl-ungkap-auditor-bpk-minta-rp-12-m-agar-kementan-wtp,"
Rabu, 08 Mei  2024 15:45 WIB "
Pejabat Kementan Juga Dibebani Sewa Jet Pribadi Rp 1 M yang Dipakai SYL,https://news.detik.com/berita/d-7330842/pejabat-kementan-juga-dibebani-sewa-jet-pribadi-rp-1-m-yang-dipakai-syl,"
Rabu, 08 Mei  2024 14:32 WIB "
Pembantu SYL di Makassar Digaji Rp 35 Juta dari Patungan Pejabat Kementan,https://news.detik.com/berita/d-7330818/pembantu-syl-di-makassar-digaji-rp-35-juta-dari-patungan-pejabat-kementan,"
Rabu, 08 Mei  2024 14:22 WIB "
Cerita Pejabat Kementan Dibebani Rp 800 Juta untuk Kebutuhan SYL di Brasil-AS,https://news.detik.com/berita/d-7330657/cerita-pejabat-kementan-dibebani-rp-800-juta-untuk-kebutuhan-syl-di-brasil-as,"
Rabu, 08 Mei  2024 13:21 WIB "
Pengakuan Saksi Bikin Perjalanan Dinas Fiktif demi Penuhi Permintaan SYL,https://news.detik.com/berita/d-7330557/pengakuan-saksi-bikin-perjalanan-dinas-fiktif-demi-penuhi-permintaan-syl,"
Rabu, 08 Mei  2024 12:26 WIB "
Eks Anak Buah Ungkap Kementan Dibebani Beli Sapi Kurban SYL Rp 360 Juta,https://news.detik.com/berita/d-7330486/eks-anak-buah-ungkap-kementan-dibebani-beli-sapi-kurban-syl-rp-360-juta,"
Rabu, 08 Mei  2024 11:52 WIB "
Saat Tagihan Travel Umrah Miliaran SYL Picu Debat Jaksa Vs Pengacara,https://news.detik.com/berita/d-7329980/saat-tagihan-travel-umrah-miliaran-syl-picu-debat-jaksa-vs-pengacara,"
Selasa, 07 Mei  2024 23:38 WIB "
KPK Panggil Amalia Larasati Jadi Saksi Kasus TPPU SYL,https://news.detik.com/berita/d-7329116/kpk-panggil-amalia-larasati-jadi-saksi-kasus-tppu-syl,"
Selasa, 07 Mei  2024 15:10 WIB "
Saksi Ini Ungkap SYL Renovasi Rumah Pribadi Pakai Duit Kementan,https://news.detik.com/berita/d-7328195/saksi-ini-ungkap-syl-renovasi-rumah-pribadi-pakai-duit-kementan,"
Selasa, 07 Mei  2024 05:14 WIB "
Saksi: Kementan Bayar Rp 70 Juta untuk Acara Silaturahmi SYL di Hotel,https://news.detik.com/berita/d-7328189/saksi-kementan-bayar-rp-70-juta-untuk-acara-silaturahmi-syl-di-hotel,"
Selasa, 07 Mei  2024 04:43 WIB "
Jaksa KPK Buka Peluang Panggil Sahroni di Sidang Kasus Korupsi SYL,https://news.detik.com/berita/d-7328179/jaksa-kpk-buka-peluang-panggil-sahroni-di-sidang-kasus-korupsi-syl,"
Selasa, 07 Mei  2024 01:09 WIB "
"SYL di Sidang Kasus Korupsi: Saya Sudah Dipenjara, Saya Sudah Siap",https://news.detik.com/berita/d-7328174/syl-di-sidang-kasus-korupsi-saya-sudah-dipenjara-saya-sudah-siap,"
Selasa, 07 Mei  2024 00:29 WIB "
Saksi Ungkap SYL dan Istri Beli 2 Tas Dior Rp 105 Juta Pakai Duit Kementan,https://news.detik.com/berita/d-7328149/saksi-ungkap-syl-dan-istri-beli-2-tas-dior-rp-105-juta-pakai-duit-kementan,"
Senin, 06 Mei  2024 23:41 WIB "
Saksi Ungkap Kementan Harus Reimburse Belanjaan Baju SYL dan Anak di Mal,https://news.detik.com/berita/d-7328103/saksi-ungkap-kementan-harus-reimburse-belanjaan-baju-syl-dan-anak-di-mal,"
Senin, 06 Mei  2024 22:25 WIB "
Saksi Sebut SYL Pakai Duit Kementan untuk Beli Bros-Cincin Emas Kado Nikahan,https://news.detik.com/berita/d-7328080/saksi-sebut-syl-pakai-duit-kementan-untuk-beli-bros-cincin-emas-kado-nikahan,"
Senin, 06 Mei  2024 22:01 WIB "
Saksi Sebut Kementan Beri Kado Ulang Tahun SYL Jam Tangan Senilai Rp 14 Juta,https://news.detik.com/berita/d-7328037/saksi-sebut-kementan-beri-kado-ulang-tahun-syl-jam-tangan-senilai-rp-14-juta,"
Senin, 06 Mei  2024 21:20 WIB "
SYL Beli Lukisan Sujiwo Tejo Rp 200 Juta Pakai Duit Vendor-Eselon I Kementan,https://news.detik.com/berita/d-7327888/syl-beli-lukisan-sujiwo-tejo-rp-200-juta-pakai-duit-vendor-eselon-i-kementan,"
Senin, 06 Mei  2024 19:39 WIB "
Saksi Pernah Dengar Ajudan SYL Minta Uang untuk Beli Senjata,https://news.detik.com/berita/d-7327710/saksi-pernah-dengar-ajudan-syl-minta-uang-untuk-beli-senjata,"
Senin, 06 Mei  2024 18:00 WIB "
SYL Pamer di Sidang Kasus Korupsi: Kami Dapat Penghargaan KPK 4 Kali,https://news.detik.com/berita/d-7327536/syl-pamer-di-sidang-kasus-korupsi-kami-dapat-penghargaan-kpk-4-kali,"
Senin, 06 Mei  2024 16:49 WIB "
6 Pengakuan Ghufron Bantu Mutasi ASN Malah Gugat Dewas KPK,https://news.detik.com/berita/d-7325167/6-pengakuan-ghufron-bantu-mutasi-asn-malah-gugat-dewas-kpk,"
Minggu, 05 Mei  2024 07:34 WIB "
Alur Bantuan 'Mutasi ASN Rekanan' Berujung Etik Versi Nurul Ghufron,https://news.detik.com/berita/d-7324320/alur-bantuan-mutasi-asn-rekanan-berujung-etik-versi-nurul-ghufron,"
Sabtu, 04 Mei  2024 12:11 WIB "
KPK Buka Peluang Jerat Keluarga SYL dengan TPPU,https://news.detik.com/berita/d-7322000/kpk-buka-peluang-jerat-keluarga-syl-dengan-tppu,"
Kamis, 02 Mei  2024 21:22 WIB "
"5 Pimpinan Komisi IV DPR Diduga Terima THR SYL, Ini Kata KPK",https://news.detik.com/pemilu/d-7321998/5-pimpinan-komisi-iv-dpr-diduga-terima-thr-syl-ini-kata-kpk,"
Kamis, 02 Mei  2024 21:20 WIB "
Paloh Sedih SYL Kuras Duit Kementan: Saya Masih Mampu Bayarin Jika Diminta,https://news.detik.com/berita/d-7321255/paloh-sedih-syl-kuras-duit-kementan-saya-masih-mampu-bayarin-jika-diminta,"
Kamis, 02 Mei  2024 15:27 WIB "
MKD Buka Peluang Usut Persoalan THR SYL untuk 5 Pimpinan Komisi IV DPR,https://news.detik.com/berita/d-7320596/mkd-buka-peluang-usut-persoalan-thr-syl-untuk-5-pimpinan-komisi-iv-dpr,"
Kamis, 02 Mei  2024 10:42 WIB "
NasDem Prihatin Mendalam SYL Pakai Duit Kementan untuk Urusan Pribadi,https://news.detik.com/berita/d-7320399/nasdem-prihatin-mendalam-syl-pakai-duit-kementan-untuk-urusan-pribadi,"
Kamis, 02 Mei  2024 07:47 WIB "
Ulah Keluarga SYL Kuras Duit Kementan untuk Sunatan hingga Ultah,https://news.detik.com/berita/d-7317230/ulah-keluarga-syl-kuras-duit-kementan-untuk-sunatan-hingga-ultah,"
Selasa, 30 Apr 2024 08:01 WIB "
"Ghufron Diduga Urus Mutasi Pegawai Kementan, MAKI: Pelanggaran Berat!",https://news.detik.com/berita/d-7317223/ghufron-diduga-urus-mutasi-pegawai-kementan-maki-pelanggaran-berat,"
Selasa, 30 Apr 2024 07:44 WIB "
Saksi Ungkap Permintaan Bangun Kafe Cucu-Sewa Kantin Anak SYL di Kementan,https://news.detik.com/berita/d-7317083/saksi-ungkap-permintaan-bangun-kafe-cucu-sewa-kantin-anak-syl-di-kementan,"
Senin, 29 Apr 2024 23:24 WIB "
Anak SYL Pakai Alphard yang Cicilannya Dibayar Kementan Rp 43 Juta/Bulan,https://news.detik.com/berita/d-7316965/anak-syl-pakai-alphard-yang-cicilannya-dibayar-kementan-rp-43-juta-bulan,"
Senin, 29 Apr 2024 21:04 WIB "
Terkuak Anak Perempuan SYL Beli Mobil dari Patungan Pejabat Kementan,https://news.detik.com/berita/d-7316949/terkuak-anak-perempuan-syl-beli-mobil-dari-patungan-pejabat-kementan,"
Senin, 29 Apr 2024 20:42 WIB "
Saksi Ungkap Eselon I Kementan Patungan Bayar Kunker SYL dan Keluarga ke Arab,https://news.detik.com/berita/d-7316937/saksi-ungkap-eselon-i-kementan-patungan-bayar-kunker-syl-dan-keluarga-ke-arab,"
Senin, 29 Apr 2024 20:27 WIB "
Hakim Tunda Sidang Lanjutan Kasus Korupsi di Kementan gegara SYL Diare,https://news.detik.com/berita/d-7316829/hakim-tunda-sidang-lanjutan-kasus-korupsi-di-kementan-gegara-syl-diare,"
Senin, 29 Apr 2024 19:32 WIB "
Eks Sekjen Kementan Bakal Jadi Saksi di Sidang Etik Nurul Ghufron 2 Mei,https://news.detik.com/berita/d-7316796/eks-sekjen-kementan-bakal-jadi-saksi-di-sidang-etik-nurul-ghufron-2-mei,"
Senin, 29 Apr 2024 19:11 WIB "
BAP Saksi Ungkap SYL Bagi-bagi THR Rp 500 Juta ke 5 Pimpinan Komisi IV DPR,https://news.detik.com/berita/d-7316716/bap-saksi-ungkap-syl-bagi-bagi-thr-rp-500-juta-ke-5-pimpinan-komisi-iv-dpr,"
Senin, 29 Apr 2024 18:26 WIB "
"SYL Bayar 'Biduan' Pakai Duit Kementan, Besarnya Rp 50-100 Juta",https://news.detik.com/berita/d-7316528/syl-bayar-biduan-pakai-duit-kementan-besarnya-rp-50-100-juta,"
Senin, 29 Apr 2024 17:13 WIB "
Saksi Ungkap Dirjen Kementan Patungan Rp 500 Juta Belikan Anak SYL Mobil,https://news.detik.com/berita/d-7316389/saksi-ungkap-dirjen-kementan-patungan-rp-500-juta-belikan-anak-syl-mobil,"
Senin, 29 Apr 2024 16:22 WIB "
Staf Biro Umum Ungkap SYL dan Istri Juga Beli Kacamata Pakai Uang Kementan,https://news.detik.com/berita/d-7316283/staf-biro-umum-ungkap-syl-dan-istri-juga-beli-kacamata-pakai-uang-kementan,"
Senin, 29 Apr 2024 15:35 WIB "
"Kementan Ternyata Bayarin Acara Sunatan Cucu SYL, Hakim: Dikit Atau Banyak?",https://news.detik.com/pemilu/d-7316076/kementan-ternyata-bayarin-acara-sunatan-cucu-syl-hakim-dikit-atau-banyak,"
Senin, 29 Apr 2024 14:30 WIB "
Saksi Ungkap Kementan Keluar Rp 3 Juta/Hari Pesan Makan Online ke Rumdin SYL,https://news.detik.com/berita/d-7315997/saksi-ungkap-kementan-keluar-rp-3-juta-hari-pesan-makan-online-ke-rumdin-syl,"
Senin, 29 Apr 2024 13:56 WIB "
Dewas KPK: Nurul Ghufron Minta Pegawai Kementan Dimutasi ke Malang,https://news.detik.com/berita/d-7312350/dewas-kpk-nurul-ghufron-minta-pegawai-kementan-dimutasi-ke-malang,"
Jumat, 26 Apr 2024 17:20 WIB "
"Mengemuka Taburan Duit Kementan ke SYL Sampai Istri, Anak hingga Cucu",https://news.detik.com/berita/d-7309437/mengemuka-taburan-duit-kementan-ke-syl-sampai-istri-anak-hingga-cucu,"
Kamis, 25 Apr 2024 08:22 WIB "
Misteri Bocornya Dokumen Pemeriksaan hingga SYL Bikin Saksi Tertekan,https://news.detik.com/berita/d-7309273/misteri-bocornya-dokumen-pemeriksaan-hingga-syl-bikin-saksi-tertekan,"
Rabu, 24 Apr 2024 23:21 WIB "
Ini Alasan Jaksa KPK Panggil Febri Diansyah dkk ke Sidang SYL,https://news.detik.com/berita/d-7309219/ini-alasan-jaksa-kpk-panggil-febri-diansyah-dkk-ke-sidang-syl,"
Rabu, 24 Apr 2024 21:51 WIB "
Jaksa KPK Akan Panggil Febri Diansyah dkk ke Sidang SYL,https://news.detik.com/berita/d-7309188/jaksa-kpk-akan-panggil-febri-diansyah-dkk-ke-sidang-syl,"
Rabu, 24 Apr 2024 21:21 WIB "
Jaksa KPK Akan Panggil Istri-Anak SYL ke Persidangan Korupsi Kementan,https://news.detik.com/berita/d-7309163/jaksa-kpk-akan-panggil-istri-anak-syl-ke-persidangan-korupsi-kementan,"
Rabu, 24 Apr 2024 20:58 WIB "
"Biaya Ultah Cucu SYL Di-reimburse ke Kementan, Disertai Ancaman Mutasi",https://news.detik.com/berita/d-7308470/biaya-ultah-cucu-syl-di-reimburse-ke-kementan-disertai-ancaman-mutasi,"
Rabu, 24 Apr 2024 15:43 WIB "
SYL Ternyata Copot Anak Buah gegara Tolak Bayarin Kartu Kredit Rp 215 Juta,https://news.detik.com/berita/d-7308333/syl-ternyata-copot-anak-buah-gegara-tolak-bayarin-kartu-kredit-rp-215-juta,"
Rabu, 24 Apr 2024 14:50 WIB "
"Istri SYL Dapat Duit Harian dan Bulanan dari Kementan, Nilainya Rp 30 Juta",https://news.detik.com/berita/d-7308204/istri-syl-dapat-duit-harian-dan-bulanan-dari-kementan-nilainya-rp-30-juta,"
Rabu, 24 Apr 2024 14:08 WIB "
Ini Ucapan SYL yang Bikin Saksi Tertekan Usai Dokumen Pemeriksaan KPK Bocor,https://news.detik.com/berita/d-7308115/ini-ucapan-syl-yang-bikin-saksi-tertekan-usai-dokumen-pemeriksaan-kpk-bocor,"
Rabu, 24 Apr 2024 13:35 WIB "
KPK Buka Suara soal Saksi Ungkap Dokumen Pemeriksaan Bocor ke SYL,https://news.detik.com/berita/d-7308019/kpk-buka-suara-soal-saksi-ungkap-dokumen-pemeriksaan-bocor-ke-syl,"
Rabu, 24 Apr 2024 12:53 WIB "
Saksi Ungkap Dokumen Pemeriksaan di KPK Bocor ke SYL,https://news.detik.com/berita/d-7307819/saksi-ungkap-dokumen-pemeriksaan-di-kpk-bocor-ke-syl,"
Rabu, 24 Apr 2024 11:30 WIB "
Aliran Duit SYL dari Kementan: Skincare Anak-Cucu hingga Kondangan,https://news.detik.com/berita/d-7305548/aliran-duit-syl-dari-kementan-skincare-anak-cucu-hingga-kondangan,"
Selasa, 23 Apr 2024 07:22 WIB "
Saksi Ungkap Ada Permintaan Duit Rp 300 Juta untuk Maintenance Apartemen SYL,https://news.detik.com/berita/d-7305155/saksi-ungkap-ada-permintaan-duit-rp-300-juta-untuk-maintenance-apartemen-syl,"
Senin, 22 Apr 2024 19:13 WIB "
Eks Anak Buah Ungkap Ada Permintaan 14 Ribu Dolar AS untuk Kepentingan SYL,https://news.detik.com/berita/d-7305121/eks-anak-buah-ungkap-ada-permintaan-14-ribu-dolar-as-untuk-kepentingan-syl,"
Senin, 22 Apr 2024 18:47 WIB "
Eks Anak Buah Ungkap Kementan Keluarkan Rp 430 Juta untuk Bayar Alphard SYL,https://news.detik.com/berita/d-7304932/eks-anak-buah-ungkap-kementan-keluarkan-rp-430-juta-untuk-bayar-alphard-syl,"
Senin, 22 Apr 2024 17:23 WIB "
Eks Anak Buah Ungkap Adanya Ancaman hingga Terpaksa Ikuti Perintah SYL,https://news.detik.com/berita/d-7304831/eks-anak-buah-ungkap-adanya-ancaman-hingga-terpaksa-ikuti-perintah-syl,"
Senin, 22 Apr 2024 16:40 WIB "
Saksi Ngaku Ditegur Saat Blokir Nomor HP Cucu SYL: Pak Menteri Marah Besar,https://news.detik.com/berita/d-7304667/saksi-ngaku-ditegur-saat-blokir-nomor-hp-cucu-syl-pak-menteri-marah-besar,"
Senin, 22 Apr 2024 16:01 WIB "
"Eks Anak Buah Ungkap SYL Kondangan Pakai Duit Kementan, Beri Kado Emas",https://news.detik.com/berita/d-7304584/eks-anak-buah-ungkap-syl-kondangan-pakai-duit-kementan-beri-kado-emas,"
Senin, 22 Apr 2024 15:32 WIB "
Eks Anak Buah Disebut Pernah Minta Catatan Keuangan SYL Dilenyapkan,https://news.detik.com/berita/d-7304534/eks-anak-buah-disebut-pernah-minta-catatan-keuangan-syl-dilenyapkan,"
Senin, 22 Apr 2024 15:13 WIB "
"Anak SYL Rutin Pakai Duit Kementan untuk Skincare, Pernah Sampai Rp 50 Juta",https://news.detik.com/berita/d-7304396/anak-syl-rutin-pakai-duit-kementan-untuk-skincare-pernah-sampai-rp-50-juta,"
Senin, 22 Apr 2024 14:20 WIB "
Pukat UGM Sebut Kesaksian Persidangan SYL Perkuat Sangkaan Polda ke Firli,https://news.detik.com/berita/d-7301317/pukat-ugm-sebut-kesaksian-persidangan-syl-perkuat-sangkaan-polda-ke-firli,"
Sabtu, 20 Apr 2024 08:16 WIB "
"Heboh Firli Minta Rp 50 M ke SYL, YLBHI Dorong Polisi Lakukan Penahanan",https://news.detik.com/berita/d-7301279/heboh-firli-minta-rp-50-m-ke-syl-ylbhi-dorong-polisi-lakukan-penahanan,"
Sabtu, 20 Apr 2024 05:48 WIB "
Janji Polisi Tuntaskan Perkara Usai Peran Firli Terungkap di Sidang SYL,https://news.detik.com/berita/d-7301218/janji-polisi-tuntaskan-perkara-usai-peran-firli-terungkap-di-sidang-syl,"
Jumat, 19 Apr 2024 23:20 WIB "
KPK Cari Alat Bukti Usut Dugaan Keterlibatan Keluarga SYL di Kasus TPPU,https://news.detik.com/berita/d-7301119/kpk-cari-alat-bukti-usut-dugaan-keterlibatan-keluarga-syl-di-kasus-tppu,"
Jumat, 19 Apr 2024 21:55 WIB "
"Peran Firli Mulai Muncul di Sidang SYL, Apa Kabar Berkasnya?",https://news.detik.com/berita/d-7300093/peran-firli-mulai-muncul-di-sidang-syl-apa-kabar-berkasnya,"
Jumat, 19 Apr 2024 14:13 WIB "
KPK Dalami Dugaan Keterlibatan Keluarga SYL di Kasus TPPU,https://news.detik.com/berita/d-7299183/kpk-dalami-dugaan-keterlibatan-keluarga-syl-di-kasus-tppu,"
Kamis, 18 Apr 2024 22:04 WIB "
Benang Merah Peran Firli di Kasus SYL dari Kesaksian di Sidang,https://news.detik.com/berita/d-7299146/benang-merah-peran-firli-di-kasus-syl-dari-kesaksian-di-sidang,"
Kamis, 18 Apr 2024 21:18 WIB "
ICW Nilai Kesaksian Eks Ajudan SYL Jadi Modal Polisi Tuntaskan Kasus Firli,https://news.detik.com/berita/d-7298883/icw-nilai-kesaksian-eks-ajudan-syl-jadi-modal-polisi-tuntaskan-kasus-firli,"
Kamis, 18 Apr 2024 18:18 WIB "
Anggaran Dipotek SYL demi Anak Bayar Dokter Kecantikan-Onderdil Kendaraan,https://news.detik.com/berita/d-7298532/anggaran-dipotek-syl-demi-anak-bayar-dokter-kecantikan-onderdil-kendaraan,"
Kamis, 18 Apr 2024 15:55 WIB "
Paniknya SYL Saat Rumah Dinas Digeledah KPK sampai Chat Firli Bahuri,https://news.detik.com/berita/d-7298360/paniknya-syl-saat-rumah-dinas-digeledah-kpk-sampai-chat-firli-bahuri,"
Kamis, 18 Apr 2024 14:42 WIB "
Misteri Chat Firli ke SYL hingga Obrolan Rahasia Minta Rp 50 Miliar,https://news.detik.com/berita/d-7298023/misteri-chat-firli-ke-syl-hingga-obrolan-rahasia-minta-rp-50-miliar,"
Kamis, 18 Apr 2024 12:06 WIB "
Mengemuka soal Firli Minta Duit Miliaran dari Kesaksian di Sidang SYL,https://news.detik.com/berita/d-7297629/mengemuka-soal-firli-minta-duit-miliaran-dari-kesaksian-di-sidang-syl,"
Kamis, 18 Apr 2024 08:00 WIB "
Eks Ajudan Ungkap SYL Pakai Anggaran di Kementan untuk Renovasi Rumah Anak,https://news.detik.com/berita/d-7297400/eks-ajudan-ungkap-syl-pakai-anggaran-di-kementan-untuk-renovasi-rumah-anak,"
Rabu, 17 Apr 2024 21:35 WIB "
Eks Stafsus Kementan Ungkap SYL Pernah Perintah Urus Ultah NasDem,https://news.detik.com/berita/d-7297360/eks-stafsus-kementan-ungkap-syl-pernah-perintah-urus-ultah-nasdem,"
Rabu, 17 Apr 2024 20:53 WIB "
"LPSK Beri Perlindungan ke Ajudan, Driver, dan Kepala Rumah Tangga SYL",https://news.detik.com/berita/d-7297246/lpsk-beri-perlindungan-ke-ajudan-driver-dan-kepala-rumah-tangga-syl,"
Rabu, 17 Apr 2024 19:11 WIB "
"SYL ke Eks Ajudan di Persidangan: Panji Lihat Sini, Saya Bapakmu!",https://news.detik.com/berita/d-7297085/syl-ke-eks-ajudan-di-persidangan-panji-lihat-sini-saya-bapakmu,"
Rabu, 17 Apr 2024 17:49 WIB "
Eks Ajudan SYL Ngaku 2 Kali Antar Hadiah Jam Tangan ke Ketua Komisi IV DPR,https://news.detik.com/berita/d-7296594/eks-ajudan-syl-ngaku-2-kali-antar-hadiah-jam-tangan-ke-ketua-komisi-iv-dpr,"
Rabu, 17 Apr 2024 15:25 WIB "
Eks Ajudan Ungkap Firli Bahuri Pernah Minta Rp 50 M ke Syahrul Yasin Limpo,https://news.detik.com/berita/d-7296522/eks-ajudan-ungkap-firli-bahuri-pernah-minta-rp-50-m-ke-syahrul-yasin-limpo,"
Rabu, 17 Apr 2024 14:38 WIB "
"Selain di GOR Bulutangkis, SYL Pernah Temui Firli di Rumah Bekasi",https://news.detik.com/berita/d-7296379/selain-di-gor-bulutangkis-syl-pernah-temui-firli-di-rumah-bekasi,"
Rabu, 17 Apr 2024 13:45 WIB "
Eks Ajudan SYL Ungkap Perintah Serahkan Tas Berisi Dolar ke Ajudan Firli,https://news.detik.com/berita/d-7296300/eks-ajudan-syl-ungkap-perintah-serahkan-tas-berisi-dolar-ke-ajudan-firli,"
Rabu, 17 Apr 2024 13:16 WIB "
Hakim Cecar Eks Ajudan SYL: Terdakwa Sering Simpan Dolar di Safety Box?,https://news.detik.com/berita/d-7296278/hakim-cecar-eks-ajudan-syl-terdakwa-sering-simpan-dolar-di-safety-box,"
Rabu, 17 Apr 2024 13:06 WIB "
"Kesaksian Ajudan soal Chat WA SYL Dibalas Firli, tapi Langsung Dihapus",https://news.detik.com/berita/d-7296230/kesaksian-ajudan-soal-chat-wa-syl-dibalas-firli-tapi-langsung-dihapus,"
Rabu, 17 Apr 2024 12:39 WIB "
Ajudan Ungkap Paniknya Syahrul Yasin Limpo Saat Rumah Dinas Digeledah KPK,https://news.detik.com/berita/d-7296125/ajudan-ungkap-paniknya-syahrul-yasin-limpo-saat-rumah-dinas-digeledah-kpk,"
Rabu, 17 Apr 2024 11:56 WIB "
"Saksi Ngaku Diancam Anak SYL gegara Tak Loloskan Proyek, Ini Kata KPK",https://news.detik.com/berita/d-7277583/saksi-ngaku-diancam-anak-syl-gegara-tak-loloskan-proyek-ini-kata-kpk,"
Kamis, 04 Apr 2024 10:01 WIB "
Terbongkar soal SYL Cicil Alphard tapi Minta Anak Buah yang Bayar,https://news.detik.com/berita/d-7277201/terbongkar-soal-syl-cicil-alphard-tapi-minta-anak-buah-yang-bayar,"
Rabu, 03 Apr 2024 23:08 WIB "
Saksi Ngaku Diancam Anak SYL gegara Tak Loloskan Proyek di Kementan,https://news.detik.com/berita/d-7277002/saksi-ngaku-diancam-anak-syl-gegara-tak-loloskan-proyek-di-kementan,"
Rabu, 03 Apr 2024 20:10 WIB "
Eks Sekjen Kementan Dicecar soal SYL ke LN: Saya Udah Nggak Diajak Ngomong,https://news.detik.com/berita/d-7276762/eks-sekjen-kementan-dicecar-soal-syl-ke-ln-saya-udah-nggak-diajak-ngomong,"
Rabu, 03 Apr 2024 18:19 WIB "
Eks Anak Buah Ungkap SYL Bebankan Biaya Kredit Alphard ke Eselon I Kementan,https://news.detik.com/berita/d-7276605/eks-anak-buah-ungkap-syl-bebankan-biaya-kredit-alphard-ke-eselon-i-kementan,"
Rabu, 03 Apr 2024 16:56 WIB "
Eks Ajudan SYL Dikawal LPSK di Sidang: Saya Merasa Takut dan Terancam,https://news.detik.com/berita/d-7275737/eks-ajudan-syl-dikawal-lpsk-di-sidang-saya-merasa-takut-dan-terancam,"
Rabu, 03 Apr 2024 12:03 WIB "
Eks Sekjen Kementan Momon Rusmono Jadi Saksi di Sidang SYL Hari Ini,https://news.detik.com/berita/d-7275317/eks-sekjen-kementan-momon-rusmono-jadi-saksi-di-sidang-syl-hari-ini,"
Rabu, 03 Apr 2024 08:05 WIB "
Eks Jaksa KPK yang Diduga Peras Saksi Rp 3 M Sempat Tangani Kasus SYL,https://news.detik.com/berita/d-7273985/eks-jaksa-kpk-yang-diduga-peras-saksi-rp-3-m-sempat-tangani-kasus-syl,"
Selasa, 02 Apr 2024 13:51 WIB "
KPK: Sahroni Sudah Kembalikan Uang Rp 40 Juta dari SYL,https://news.detik.com/berita/d-7267146/kpk-sahroni-sudah-kembalikan-uang-rp-40-juta-dari-syl,"
Kamis, 28 Mar 2024 20:54 WIB "
"Hakim Kabulkan SYL Pindah Rutan, KPK Harap Bukan Modus Menghindar",https://news.detik.com/berita/d-7265720/hakim-kabulkan-syl-pindah-rutan-kpk-harap-bukan-modus-menghindar,"
Kamis, 28 Mar 2024 10:24 WIB "
Dalih SYL Jadi Tersangka karena Firli Dimentahkan Hakim,https://news.detik.com/berita/d-7265442/dalih-syl-jadi-tersangka-karena-firli-dimentahkan-hakim,"
Kamis, 28 Mar 2024 04:02 WIB "
"Sahroni Ngaku Kembalikan Rp 40 Juta dari SYL, KPK: Belum Ada Uang Masuk",https://news.detik.com/berita/d-7264915/sahroni-ngaku-kembalikan-rp-40-juta-dari-syl-kpk-belum-ada-uang-masuk,"
Rabu, 27 Mar 2024 17:37 WIB "
Hakim Tak Terima Dalih Eksepsi SYL soal Jadi Tersangka gegara Firli Bahuri,https://news.detik.com/berita/d-7264282/hakim-tak-terima-dalih-eksepsi-syl-soal-jadi-tersangka-gegara-firli-bahuri,"
Rabu, 27 Mar 2024 14:06 WIB "
Hakim Kabulkan Permohonan Pindah Rutan SYL ke Salemba,https://news.detik.com/berita/d-7264150/hakim-kabulkan-permohonan-pindah-rutan-syl-ke-salemba,"
Rabu, 27 Mar 2024 13:07 WIB "
"Hakim Tolak Eksepsi SYL di Kasus Gratifikasi dan Peras Anak Buah Rp 44,5 M",https://news.detik.com/berita/d-7263989/hakim-tolak-eksepsi-syl-di-kasus-gratifikasi-dan-peras-anak-buah-rp-44-5-m,"
Rabu, 27 Mar 2024 12:01 WIB "
Boyamin Janji Bubarkan MAKI Jika Gugatan Penahanan Firli Bahuri Dikabulkan,https://news.detik.com/berita/d-7263686/boyamin-janji-bubarkan-maki-jika-gugatan-penahanan-firli-bahuri-dikabulkan,"
Rabu, 27 Mar 2024 09:41 WIB "
Sahroni Bakal Transfer Uang Rp 40 Juta dari SYL ke KPK Hari Ini,https://news.detik.com/berita/d-7261567/sahroni-bakal-transfer-uang-rp-40-juta-dari-syl-ke-kpk-hari-ini,"
Selasa, 26 Mar 2024 06:44 WIB "
KPK Benarkan NasDem Sudah Kembalikan Rp 800 Juta dari SYL,https://news.detik.com/berita/d-7261522/kpk-benarkan-nasdem-sudah-kembalikan-rp-800-juta-dari-syl,"
Selasa, 26 Mar 2024 04:27 WIB "
Sahroni Dicecar Soal Klaim Sudah Kembalikan Duit Rp 800 Juta dari SYL,https://news.detik.com/berita/d-7259715/sahroni-dicecar-soal-klaim-sudah-kembalikan-duit-rp-800-juta-dari-syl,"
Senin, 25 Mar 2024 09:37 WIB "
Kapolda Metro Respons Desakan Firli Segera Ditahan di Kasus Pemerasan,https://news.detik.com/berita/d-7256597/kapolda-metro-respons-desakan-firli-segera-ditahan-di-kasus-pemerasan,"
Jumat, 22 Mar 2024 19:29 WIB "
Kapolda Metro Sebut Kasus Firli Tinggal Fase Akhir: Saya Akan Tuntaskan,https://news.detik.com/berita/d-7256556/kapolda-metro-sebut-kasus-firli-tinggal-fase-akhir-saya-akan-tuntaskan,"
Jumat, 22 Mar 2024 19:08 WIB "
"Usai Diperiksa, Sahroni Sebut KPK Sarankan NasDem Balikin Rp 40 Juta dari SYL",https://news.detik.com/berita/d-7255573/usai-diperiksa-sahroni-sebut-kpk-sarankan-nasdem-balikin-rp-40-juta-dari-syl,"
Jumat, 22 Mar 2024 12:45 WIB "
Sahroni Penuhi Panggilan KPK untuk Beri Keterangan soal Cuci Uang SYL,https://news.detik.com/berita/d-7255243/sahroni-penuhi-panggilan-kpk-untuk-beri-keterangan-soal-cuci-uang-syl,"
Jumat, 22 Mar 2024 10:25 WIB "
Wanti-wanti KPK ke Hanan Supangkat Sebab Mangkir Tanpa Surat,https://news.detik.com/berita/d-7254839/wanti-wanti-kpk-ke-hanan-supangkat-sebab-mangkir-tanpa-surat,"
Kamis, 21 Mar 2024 22:50 WIB "
"Pengusaha Hanan Supangkat Mangkir, KPK Beri Wanti-wanti",https://news.detik.com/berita/d-7253531/pengusaha-hanan-supangkat-mangkir-kpk-beri-wanti-wanti,"
Kamis, 21 Mar 2024 12:08 WIB "
Paru-paru Tinggal Setengah Bikin SYL Minta Penahanan Dipindah,https://news.detik.com/berita/d-7252957/paru-paru-tinggal-setengah-bikin-syl-minta-penahanan-dipindah,"
Kamis, 21 Mar 2024 04:33 WIB "
Habis-habisan Jaksa KPK Sentil SYL Usai Sesumbar Jadi Pahlawan,https://news.detik.com/berita/d-7252946/habis-habisan-jaksa-kpk-sentil-syl-usai-sesumbar-jadi-pahlawan,"
Kamis, 21 Mar 2024 03:58 WIB "
Jaksa KPK Sebut Pengacara Syahrul Yasin Limpo Salah Kutip-Gagal Paham,https://news.detik.com/berita/d-7251990/jaksa-kpk-sebut-pengacara-syahrul-yasin-limpo-salah-kutip-gagal-paham,"
Rabu, 20 Mar 2024 15:34 WIB "
Jaksa KPK Jawab soal Mendramatisasi Perkara SYL Potek 20% Anggaran,https://news.detik.com/berita/d-7251747/jaksa-kpk-jawab-soal-mendramatisasi-perkara-syl-potek-20-anggaran,"
Rabu, 20 Mar 2024 14:22 WIB "
"SYL Minta Pindah Rutan: Paru-paru Saya Setengah, Oksigen di KPK Kurang",https://news.detik.com/berita/d-7251633/syl-minta-pindah-rutan-paru-paru-saya-setengah-oksigen-di-kpk-kurang,"
Rabu, 20 Mar 2024 13:43 WIB "
Jaksa KPK: SYL Seolah-olah Pahlawan padahal Terdakwa Korupsi,https://news.detik.com/berita/d-7251557/jaksa-kpk-syl-seolah-olah-pahlawan-padahal-terdakwa-korupsi,"
Rabu, 20 Mar 2024 13:17 WIB "
Jaksa KPK Sentil Pengacara Simpulkan SYL Tak Bersalah: Terlihat Tak Sabar,https://news.detik.com/berita/d-7251497/jaksa-kpk-sentil-pengacara-simpulkan-syl-tak-bersalah-terlihat-tak-sabar,"
Rabu, 20 Mar 2024 12:48 WIB "
Jaksa Minta Hakim Tolak Eksepsi SYL di Kasus Peras Anak Buah-Gratifikasi,https://news.detik.com/berita/d-7251419/jaksa-minta-hakim-tolak-eksepsi-syl-di-kasus-peras-anak-buah-gratifikasi,"
Rabu, 20 Mar 2024 12:05 WIB "
KPK Panggil Lagi Hanan Supangkat Terkait Kasus TPPU Syahrul Yasin Limpo,https://news.detik.com/berita/d-7251150/kpk-panggil-lagi-hanan-supangkat-terkait-kasus-tppu-syahrul-yasin-limpo,"
Rabu, 20 Mar 2024 10:09 WIB "
Babak Baru Hanan Supangkat di Kasus SYL,https://news.detik.com/berita/d-7250900/babak-baru-hanan-supangkat-di-kasus-syl,"
Rabu, 20 Mar 2024 04:26 WIB "
Pengusaha Hanan Supangkat Dicegah KPK ke Luar Negeri Terkait TPPU SYL,https://news.detik.com/berita/d-7249801/pengusaha-hanan-supangkat-dicegah-kpk-ke-luar-negeri-terkait-tppu-syl,"
Selasa, 19 Mar 2024 14:31 WIB "
KPK Bakal Konfirmasi Hanan Supangkat soal Duit Rp 15 M,https://news.detik.com/berita/d-7240811/kpk-bakal-konfirmasi-hanan-supangkat-soal-duit-rp-15-m,"
Kamis, 14 Mar 2024 11:37 WIB "
Hanan Supangkat Minta KPK Jadwal Ulang Pemeriksaan Rabu Pekan Depan,https://news.detik.com/berita/d-7240696/hanan-supangkat-minta-kpk-jadwal-ulang-pemeriksaan-rabu-pekan-depan,"
Kamis, 14 Mar 2024 10:56 WIB "
Sesumbar SYL Ingin Jadi Pahlawan Padahal Korupsi Jelas di Dakwaan,https://news.detik.com/berita/d-7240109/sesumbar-syl-ingin-jadi-pahlawan-padahal-korupsi-jelas-di-dakwaan,"
Rabu, 13 Mar 2024 20:04 WIB "
Sidang Praperadilan MAKI soal Penahanan Firli Ditunda,https://news.detik.com/berita/d-7239354/sidang-praperadilan-maki-soal-penahanan-firli-ditunda,"
Rabu, 13 Mar 2024 14:36 WIB "
SYL Harap Eksepsi Diterima: Saya Awali Karir dari Bawah untuk Jadi Pahlawan,https://news.detik.com/berita/d-7239182/syl-harap-eksepsi-diterima-saya-awali-karir-dari-bawah-untuk-jadi-pahlawan,"
Rabu, 13 Mar 2024 14:02 WIB "
"SYL Minta Dibebaskan di Kasus Peras Anak Buah dan Gratifikasi Rp 44,5 M",https://news.detik.com/berita/d-7239096/syl-minta-dibebaskan-di-kasus-peras-anak-buah-dan-gratifikasi-rp-44-5-m,"
Rabu, 13 Mar 2024 13:22 WIB "
Ahmad Sahroni Dipanggil KPK Terkait TPPU SYL Jumat 22 Maret,https://news.detik.com/berita/d-7239046/ahmad-sahroni-dipanggil-kpk-terkait-tppu-syl-jumat-22-maret,"
Rabu, 13 Mar 2024 12:56 WIB "
Pengusaha Hanan Supangkat Dipanggil KPK Lagi Terkait TPPU SYL,https://news.detik.com/berita/d-7239012/pengusaha-hanan-supangkat-dipanggil-kpk-lagi-terkait-tppu-syl,"
Rabu, 13 Mar 2024 12:39 WIB "
KPK Panggil Ahmad Sahroni Terkait Kasus TPPU SYL,https://news.detik.com/berita/d-7231511/kpk-panggil-ahmad-sahroni-terkait-kasus-tppu-syl,"
Jumat, 08 Mar 2024 11:07 WIB "
Tak Cukup 1 Mesin Hitung Uang saat KPK Sita Rp 15 M dari Hanan Supangkat,https://news.detik.com/berita/d-7230925/tak-cukup-1-mesin-hitung-uang-saat-kpk-sita-rp-15-m-dari-hanan-supangkat,"
Kamis, 07 Mar 2024 21:08 WIB "
"Sita Rp 15 M dari Rumah Hanan Supangkat, KPK Sampai Butuh 2 Mesin Hitung Uang",https://news.detik.com/berita/d-7229960/sita-rp-15-m-dari-rumah-hanan-supangkat-kpk-sampai-butuh-2-mesin-hitung-uang,"
Kamis, 07 Mar 2024 14:10 WIB "
KPK Sita Rp 15 Miliar dari Rumah Pengusaha Hanan Supangkat Terkait SYL,https://news.detik.com/berita/d-7229940/kpk-sita-rp-15-miliar-dari-rumah-pengusaha-hanan-supangkat-terkait-syl,"
Kamis, 07 Mar 2024 13:54 WIB "
"7,5 Jam Geledah Rumah Pengusaha Hanan Supangkat, KPK Bawa 4 Koper",https://news.detik.com/berita/d-7229301/7-5-jam-geledah-rumah-pengusaha-hanan-supangkat-kpk-bawa-4-koper,"
Kamis, 07 Mar 2024 08:26 WIB "
4 Fakta KPK Geledah Rumah Hanan Supangkat Terkait Aliran TPPU SYL,https://news.detik.com/berita/d-7229273/4-fakta-kpk-geledah-rumah-hanan-supangkat-terkait-aliran-tppu-syl,"
Kamis, 07 Mar 2024 08:04 WIB "
"Geledah Rumah Hanan Supangkat, KPK Bawa Masuk Mesin Penghitung Uang",https://news.detik.com/berita/d-7229164/geledah-rumah-hanan-supangkat-kpk-bawa-masuk-mesin-penghitung-uang,"
Kamis, 07 Mar 2024 01:12 WIB "
"Jelang Tengah Malam, KPK Masih Geledah Rumah Hanan Supangkat",https://news.detik.com/berita/d-7229141/jelang-tengah-malam-kpk-masih-geledah-rumah-hanan-supangkat,"
Rabu, 06 Mar 2024 23:34 WIB "
KPK Geledah Rumah Hanan Supangkat di Jakbar Terkait Kasus TPPU SYL,https://news.detik.com/berita/d-7229061/kpk-geledah-rumah-hanan-supangkat-di-jakbar-terkait-kasus-tppu-syl,"
Rabu, 06 Mar 2024 21:46 WIB "
"Muncul Desakan Tahan Firli, Lemkapi: Percayakan ke Penyidik, Mereka Independen",https://news.detik.com/berita/d-7227804/muncul-desakan-tahan-firli-lemkapi-percayakan-ke-penyidik-mereka-independen,"
Rabu, 06 Mar 2024 12:23 WIB "
"Ketua Majelis Hakim Sakit, Sidang Eksepsi Syahrul Yasin Limpo Ditunda",https://news.detik.com/berita/d-7227583/ketua-majelis-hakim-sakit-sidang-eksepsi-syahrul-yasin-limpo-ditunda,"
Rabu, 06 Mar 2024 10:35 WIB "
Respons Kapolri soal Desakan Firli Bahuri Segera Ditahan,https://news.detik.com/berita/d-7225381/respons-kapolri-soal-desakan-firli-bahuri-segera-ditahan,"
Senin, 04 Mar 2024 22:25 WIB "
"MAKI Gugat Praperadilan Minta Firli Ditahan, Polri Yakin Bekerja Prosedural",https://news.detik.com/berita/d-7224754/maki-gugat-praperadilan-minta-firli-ditahan-polri-yakin-bekerja-prosedural,"
Senin, 04 Mar 2024 16:59 WIB "
Hanan Supangkat Dicecar soal Bisnis Terkait Aliran TPPU SYL,https://news.detik.com/berita/d-7223777/hanan-supangkat-dicecar-soal-bisnis-terkait-aliran-tppu-syl,"
Senin, 04 Mar 2024 10:07 WIB "
Desakan agar Firli Segera Ditahan Biar Tak Berkeliaran,https://news.detik.com/berita/d-7220940/desakan-agar-firli-segera-ditahan-biar-tak-berkeliaran,"
Jumat, 01 Mar 2024 20:53 WIB "
"Hanan Supangkat Penuhi Panggilan KPK soal TPPU SYL, Ini Potretnya",https://news.detik.com/berita/d-7220738/hanan-supangkat-penuhi-panggilan-kpk-soal-tppu-syl-ini-potretnya,"
Jumat, 01 Mar 2024 18:46 WIB "
Hanan Supangkat Dipanggil KPK Hari Ini Jadi Saksi TPPU SYL,https://news.detik.com/berita/d-7219941/hanan-supangkat-dipanggil-kpk-hari-ini-jadi-saksi-tppu-syl,"
Jumat, 01 Mar 2024 14:11 WIB "
Para Eks Pimpinan KPK Minta Firli Ditahan: Jangan Dibiarin Berkeliaran,https://news.detik.com/berita/d-7219814/para-eks-pimpinan-kpk-minta-firli-ditahan-jangan-dibiarin-berkeliaran,"
Jumat, 01 Mar 2024 13:02 WIB "
"Kompolnas: Firli Bahuri Patut Ditahan, Apa Lagi yang Ditunggu?",https://news.detik.com/berita/d-7217904/kompolnas-firli-bahuri-patut-ditahan-apa-lagi-yang-ditunggu,"
Kamis, 29 Feb 2024 13:06 WIB "
Aksi SYL Minta Bawahan Potek Anggaran demi Masuk Kantong Pribadi,https://news.detik.com/berita/d-7217397/aksi-syl-minta-bawahan-potek-anggaran-demi-masuk-kantong-pribadi,"
Kamis, 29 Feb 2024 08:01 WIB "
"NasDem Akan Kembalikan Duit SYL, MAKI: Mestinya Sejak Penyelidikan!",https://news.detik.com/berita/d-7217371/nasdem-akan-kembalikan-duit-syl-maki-mestinya-sejak-penyelidikan,"
Kamis, 29 Feb 2024 07:29 WIB "
"Rp 40 Juta dari SYL untuk NasDem Ternyata Bermasalah, Ini Kata Sahroni",https://news.detik.com/berita/d-7217273/rp-40-juta-dari-syl-untuk-nasdem-ternyata-bermasalah-ini-kata-sahroni,"
Kamis, 29 Feb 2024 05:00 WIB "
11 Aliran Duit SYL ke Istri hingga NasDem Padahal Hasil Peras Bawahan,https://news.detik.com/berita/d-7217044/11-aliran-duit-syl-ke-istri-hingga-nasdem-padahal-hasil-peras-bawahan,"
Rabu, 28 Feb 2024 20:02 WIB "
Pengacara Jelaskan Alasan Firli Bahuri Absen Pemeriksaan di Bareskrim,https://news.detik.com/berita/d-7216501/pengacara-jelaskan-alasan-firli-bahuri-absen-pemeriksaan-di-bareskrim,"
Rabu, 28 Feb 2024 16:25 WIB "
NasDem Siap Kembalikan Duit SYL Rp 40 Juta yang Mengalir ke Fraksi,https://news.detik.com/berita/d-7216359/nasdem-siap-kembalikan-duit-syl-rp-40-juta-yang-mengalir-ke-fraksi,"
Rabu, 28 Feb 2024 15:37 WIB "
SYL Juga Pakai Duit Hasil Peras Bawahan untuk Umrah dan Kurban,https://news.detik.com/berita/d-7216094/syl-juga-pakai-duit-hasil-peras-bawahan-untuk-umrah-dan-kurban,"
Rabu, 28 Feb 2024 13:58 WIB "
SYL Minta Penahanan Ditangguhkan: Paru-paru Tinggal Separuh,https://news.detik.com/berita/d-7216064/syl-minta-penahanan-ditangguhkan-paru-paru-tinggal-separuh,"
Rabu, 28 Feb 2024 13:42 WIB "
"Jaksa KPK: SYL Peras Bawahan, Yang Tak Patuh Silakan Mundur",https://news.detik.com/berita/d-7216055/jaksa-kpk-syl-peras-bawahan-yang-tak-patuh-silakan-mundur,"
Rabu, 28 Feb 2024 13:39 WIB "
"Aliran Duit SYL: Istri Dapat Rp 938 Juta, NasDem Rp 40 Juta",https://news.detik.com/berita/d-7216043/aliran-duit-syl-istri-dapat-rp-938-juta-nasdem-rp-40-juta,"
Rabu, 28 Feb 2024 13:34 WIB "
KPK Panggil Hanan Supangkat Jadi Saksi Kasus TPPU SYL Lusa,https://news.detik.com/berita/d-7215992/kpk-panggil-hanan-supangkat-jadi-saksi-kasus-tppu-syl-lusa,"
Rabu, 28 Feb 2024 13:19 WIB "
SYL Usir Eks Sekjen Kementan dari Mobil karena Tak Mampu Potek Anggaran,https://news.detik.com/berita/d-7215971/syl-usir-eks-sekjen-kementan-dari-mobil-karena-tak-mampu-potek-anggaran,"
Rabu, 28 Feb 2024 13:11 WIB "
"Belum Setahun Jadi Mentan, SYL Minta Bawahan Potek 20% Anggaran untuk Dirinya",https://news.detik.com/berita/d-7215951/belum-setahun-jadi-mentan-syl-minta-bawahan-potek-20-anggaran-untuk-dirinya,"
Rabu, 28 Feb 2024 13:01 WIB "
SYL Pakai Duit Hasil Peras Bawahan untuk Istri hingga Partai NasDem,https://news.detik.com/berita/d-7215933/syl-pakai-duit-hasil-peras-bawahan-untuk-istri-hingga-partai-nasdem,"
Rabu, 28 Feb 2024 12:50 WIB "
"Rincian Rp 44,5 M yang Diperas SYL dari Bawahannya di Kementan",https://news.detik.com/berita/d-7215881/rincian-rp-44-5-m-yang-diperas-syl-dari-bawahannya-di-kementan,"
Rabu, 28 Feb 2024 12:31 WIB "
"Didakwa Terima Gratifikasi Rp 44,5 M, SYL: Saya Akan Ikuti Proses Hukum",https://news.detik.com/berita/d-7215871/didakwa-terima-gratifikasi-rp-44-5-m-syl-saya-akan-ikuti-proses-hukum,"
Rabu, 28 Feb 2024 12:22 WIB "
"Eks Mentan SYL Didakwa Terima Gratifikasi Rp 44,5 M Hasil Peras Anak Buah",https://news.detik.com/berita/d-7215789/eks-mentan-syl-didakwa-terima-gratifikasi-rp-44-5-m-hasil-peras-anak-buah,"
Rabu, 28 Feb 2024 11:58 WIB "
"SYL Tiba di PN Tipikor, Jalani Sidang Dakwaan Kasus Korupsi di Kementan",https://news.detik.com/berita/d-7215616/syl-tiba-di-pn-tipikor-jalani-sidang-dakwaan-kasus-korupsi-di-kementan,"
Rabu, 28 Feb 2024 10:40 WIB "
SYL Siap Jalani Sidang Perdana Kasus Peras Anak Buah-Gratifikasi Hari Ini,https://news.detik.com/berita/d-7215394/syl-siap-jalani-sidang-perdana-kasus-peras-anak-buah-gratifikasi-hari-ini,"
Rabu, 28 Feb 2024 07:43 WIB "
Absennya Firli Diperiksa Polisi usai Desakan Ditahan Mengemuka,https://news.detik.com/berita/d-7213511/absennya-firli-diperiksa-polisi-usai-desakan-ditahan-mengemuka,"
Selasa, 27 Feb 2024 06:30 WIB "
Polisi: Firli Bahuri Tak Hadiri Pemeriksaan di Bareskrim,https://news.detik.com/berita/d-7212580/polisi-firli-bahuri-tak-hadiri-pemeriksaan-di-bareskrim,"
Senin, 26 Feb 2024 15:19 WIB "
"Pengacara Bilang Firli Sudah Hadir Pemeriksaan Hari Ini, Polisi Bantah",https://news.detik.com/berita/d-7212136/pengacara-bilang-firli-sudah-hadir-pemeriksaan-hari-ini-polisi-bantah,"
Senin, 26 Feb 2024 12:26 WIB "
Diam-diam Firli Bahuri Penuhi Panggilan Pemeriksaan Kasus Pemerasan SYL,https://news.detik.com/berita/d-7211914/diam-diam-firli-bahuri-penuhi-panggilan-pemeriksaan-kasus-pemerasan-syl,"
Senin, 26 Feb 2024 10:41 WIB "
Polri Tunggu Firli Bahuri Untuk Diperiksa di Kasus Pemerasan SYL Hari Ini,https://news.detik.com/berita/d-7211754/polri-tunggu-firli-bahuri-untuk-diperiksa-di-kasus-pemerasan-syl-hari-ini,"
Senin, 26 Feb 2024 08:27 WIB "
Eks Penyidik KPK Jelaskan 4 Alasan Firli Harus Ditahan di Kasus SYL,https://news.detik.com/berita/d-7211719/eks-penyidik-kpk-jelaskan-4-alasan-firli-harus-ditahan-di-kasus-syl,"
Senin, 26 Feb 2024 07:49 WIB "
MAKI Desak Firli Ditahan di Kasus SYL: Unsur Objektif-Subjektif Terpenuhi,https://news.detik.com/berita/d-7211703/maki-desak-firli-ditahan-di-kasus-syl-unsur-objektif-subjektif-terpenuhi,"
Senin, 26 Feb 2024 07:11 WIB "
Firli Kembali Diperiksa sebagai Tersangka Hari Ini di Kasus Pemerasan SYL,https://news.detik.com/berita/d-7211696/firli-kembali-diperiksa-sebagai-tersangka-hari-ini-di-kasus-pemerasan-syl,"
Senin, 26 Feb 2024 06:48 WIB "
"Firli Bakal Diperiksa Lagi, Berakhir Ditahan Atau Melenggang Lagi?",https://news.detik.com/berita/d-7210562/firli-bakal-diperiksa-lagi-berakhir-ditahan-atau-melenggang-lagi,"
Minggu, 25 Feb 2024 07:17 WIB "
Firli Bakal Diperiksa Lagi saat Kasus Tak Kunjung Diadili,https://news.detik.com/berita/d-7209494/firli-bakal-diperiksa-lagi-saat-kasus-tak-kunjung-diadili,"
Sabtu, 24 Feb 2024 11:27 WIB "
Polisi Bakal Periksa Kembali Firli Terkait Kasus Pemerasan SYL Pekan Depan,https://news.detik.com/berita/d-7207771/polisi-bakal-periksa-kembali-firli-terkait-kasus-pemerasan-syl-pekan-depan,"
Jumat, 23 Feb 2024 11:33 WIB "
Sidang Perdana Eks Mentan Syahrul Yasin Limpo Digelar 28 Februari,https://news.detik.com/berita/d-7206466/sidang-perdana-eks-mentan-syahrul-yasin-limpo-digelar-28-februari,"
Kamis, 22 Feb 2024 15:27 WIB "
Polisi Jelaskan Progres Terkini Kasus Dugaan Firli Bahuri Peras SYL,https://news.detik.com/berita/d-7204505/polisi-jelaskan-progres-terkini-kasus-dugaan-firli-bahuri-peras-syl,"
Rabu, 21 Feb 2024 15:09 WIB "
KPK Buka Peluang Periksa Keluarga SYL Usut Dugan Pencucian Uang,https://news.detik.com/berita/d-7203249/kpk-buka-peluang-periksa-keluarga-syl-usut-dugan-pencucian-uang,"
Selasa, 20 Feb 2024 20:33 WIB "
"SYL Bakal Didakwa Peras Anak Buah-Terima Gratifikasi Rp 44,5 Miliar",https://news.detik.com/berita/d-7202228/syl-bakal-didakwa-peras-anak-buah-terima-gratifikasi-rp-44-5-miliar,"
Selasa, 20 Feb 2024 12:29 WIB "
"Lengkapi Berkas Pemerasan Firli, Polisi Periksa SYL dan 2 Anak Buahnya",https://news.detik.com/berita/d-7195213/lengkapi-berkas-pemerasan-firli-polisi-periksa-syl-dan-2-anak-buahnya,"
Kamis, 15 Feb 2024 15:47 WIB "
Polisi Bakal Periksa Lagi SYL di Kasus Pemerasan Usai Pencoblosan,https://news.detik.com/berita/d-7190813/polisi-bakal-periksa-lagi-syl-di-kasus-pemerasan-usai-pencoblosan,"
Selasa, 13 Feb 2024 15:00 WIB "
Eks Mentan Syahrul Yasin Limpo Segera Disidang,https://news.detik.com/berita/d-7181879/eks-mentan-syahrul-yasin-limpo-segera-disidang,"
Rabu, 07 Feb 2024 14:53 WIB "
Kemal Anak SYL Diperiksa KPK soal Aliran Duit dan Dugaan Jual Beli Jabatan,https://news.detik.com/berita/d-7179732/kemal-anak-syl-diperiksa-kpk-soal-aliran-duit-dan-dugaan-jual-beli-jabatan,"
Selasa, 06 Feb 2024 11:49 WIB "
"Periksa Kepala Bapanas, KPK Dalami Dugaan Pengaturan Jabatan Eselon 1 Kementan",https://news.detik.com/berita/d-7178850/periksa-kepala-bapanas-kpk-dalami-dugaan-pengaturan-jabatan-eselon-1-kementan,"
Senin, 05 Feb 2024 19:23 WIB "
"Berkas Kasus Firli Dikembalikan Lagi oleh Jaksa, Polda Metro Siap Lengkapi",https://news.detik.com/berita/d-7175969/berkas-kasus-firli-dikembalikan-lagi-oleh-jaksa-polda-metro-siap-lengkapi,"
Minggu, 04 Feb 2024 10:04 WIB "
Jaksa Kembalikan Lagi Berkas Perkara Firli Diduga Peras SYL ke Polisi,https://news.detik.com/berita/d-7174679/jaksa-kembalikan-lagi-berkas-perkara-firli-diduga-peras-syl-ke-polisi,"
Sabtu, 03 Feb 2024 08:59 WIB "
"Kapolda Sebut Kasus Firli Tunggu Tanggal Main, Pukat UGM Desak Penahanan",https://news.detik.com/berita/d-7174659/kapolda-sebut-kasus-firli-tunggu-tanggal-main-pukat-ugm-desak-penahanan,"
Sabtu, 03 Feb 2024 08:45 WIB "
MAKI Ancam Gugat Kapolda-Kajati Jika Berkas Kasus Firli Tak Kunjung P21,https://news.detik.com/berita/d-7174609/maki-ancam-gugat-kapolda-kajati-jika-berkas-kasus-firli-tak-kunjung-p21,"
Sabtu, 03 Feb 2024 07:20 WIB "
Rumah Kelir Putih Milik SYL Kini dalam Sitaan KPK,https://news.detik.com/berita/d-7174382/rumah-kelir-putih-milik-syl-kini-dalam-sitaan-kpk,"
Jumat, 02 Feb 2024 22:01 WIB "
Kepala Badan Pangan Dicecar 10 Pertanyaan Terkait Kasus Korupsi SYL,https://news.detik.com/berita/d-7173281/kepala-badan-pangan-dicecar-10-pertanyaan-terkait-kasus-korupsi-syl,"
Jumat, 02 Feb 2024 12:45 WIB "
KPK Panggil Anak Eks Mentan SYL Jadi Saksi,https://news.detik.com/berita/d-7173202/kpk-panggil-anak-eks-mentan-syl-jadi-saksi,"
Jumat, 02 Feb 2024 11:51 WIB "
"Rumah SYL di Jakarta Selatan Disita KPK, Ini Penampakannya",https://news.detik.com/berita/d-7173076/rumah-syl-di-jakarta-selatan-disita-kpk-ini-penampakannya,"
Jumat, 02 Feb 2024 10:59 WIB "
Kepala Badan Pangan Penuhi Panggilan KPK Terkait Kasus Korupsi SYL,https://news.detik.com/berita/d-7172949/kepala-badan-pangan-penuhi-panggilan-kpk-terkait-kasus-korupsi-syl,"
Jumat, 02 Feb 2024 09:59 WIB "
Perkara Firli Tinggal Tunggu Tanggal Mainnya,https://news.detik.com/berita/d-7172773/perkara-firli-tinggal-tunggu-tanggal-mainnya,"
Jumat, 02 Feb 2024 07:01 WIB "
"Sempat Absen, Kepala Bapanas Kembali Diperiksa KPK Terkait Korupsi SYL Besok",https://news.detik.com/berita/d-7172315/sempat-absen-kepala-bapanas-kembali-diperiksa-kpk-terkait-korupsi-syl-besok,"
Kamis, 01 Feb 2024 18:47 WIB "
Kapolda Metro soal Nasib Kasus Firli: Tunggu Aja Tanggal Mainnya,https://news.detik.com/berita/d-7171203/kapolda-metro-soal-nasib-kasus-firli-tunggu-aja-tanggal-mainnya,"
Kamis, 01 Feb 2024 10:50 WIB "
"Wabendum Timnas AMIN Diperiksa KPK Terkait Kasus SYL, Anies: Jalani Saja",https://news.detik.com/pemilu/d-7167873/wabendum-timnas-amin-diperiksa-kpk-terkait-kasus-syl-anies-jalani-saja,"
Selasa, 30 Jan 2024 13:59 WIB "
Politikus NasDem Rajiv Selesai Diperiksa KPK Terkait Kasus SYL,https://news.detik.com/berita/d-7167771/politikus-nasdem-rajiv-selesai-diperiksa-kpk-terkait-kasus-syl,"
Selasa, 30 Jan 2024 13:01 WIB "
"Praperadilan Firli Bahuri Resmi Dicabut, Pengacara: Untuk Penyempurnaan Berkas",https://news.detik.com/berita/d-7167652/praperadilan-firli-bahuri-resmi-dicabut-pengacara-untuk-penyempurnaan-berkas,"
Selasa, 30 Jan 2024 12:13 WIB "
Politikus NasDem Rajiv Penuhi Panggilan KPK Jadi Saksi Kasus SYL,https://news.detik.com/berita/d-7167598/politikus-nasdem-rajiv-penuhi-panggilan-kpk-jadi-saksi-kasus-syl,"
Selasa, 30 Jan 2024 11:47 WIB "
Hakim PN Jaksel Kabulkan Pencabutan Gugatan Praperadilan Firli Bahuri,https://news.detik.com/berita/d-7167494/hakim-pn-jaksel-kabulkan-pencabutan-gugatan-praperadilan-firli-bahuri,"
Selasa, 30 Jan 2024 11:00 WIB "
KPK Panggil Politikus NasDem Terkait Kasus Korupsi SYL di Kementan Besok,https://news.detik.com/berita/d-7167016/kpk-panggil-politikus-nasdem-terkait-kasus-korupsi-syl-di-kementan-besok,"
Senin, 29 Jan 2024 21:04 WIB "
"Diperiksa 1 Jam, SYL Dicecar Polisi soal Kasus Pemerasan Firli",https://news.detik.com/berita/d-7166537/diperiksa-1-jam-syl-dicecar-polisi-soal-kasus-pemerasan-firli,"
Senin, 29 Jan 2024 16:49 WIB "
"Pakai Rompi Tahanan KPK, SYL Tiba di Polda Metro untuk Diperiksa",https://news.detik.com/berita/d-7166005/pakai-rompi-tahanan-kpk-syl-tiba-di-polda-metro-untuk-diperiksa,"
Senin, 29 Jan 2024 13:47 WIB "
Pengacara: SYL Diperiksa di Polda Metro Hari Ini,https://news.detik.com/berita/d-7165976/pengacara-syl-diperiksa-di-polda-metro-hari-ini,"
Senin, 29 Jan 2024 13:23 WIB "
PN Jaksel Bacakan Pencabutan Praperadilan Firli Besok,https://news.detik.com/berita/d-7165960/pn-jaksel-bacakan-pencabutan-praperadilan-firli-besok,"
Senin, 29 Jan 2024 13:11 WIB "
"Jejak Praperadilan Firli Bahuri: Tak Diterima, Ajukan Lagi, Kini Dicabut",https://news.detik.com/berita/d-7162909/jejak-praperadilan-firli-bahuri-tak-diterima-ajukan-lagi-kini-dicabut,"
Sabtu, 27 Jan 2024 06:29 WIB "
PN Jaksel Belum Terima Surat Pencabutan Gugatan Praperadilan Firl Bahuri,https://news.detik.com/berita/d-7162537/pn-jaksel-belum-terima-surat-pencabutan-gugatan-praperadilan-firl-bahuri,"
Jumat, 26 Jan 2024 19:43 WIB "
Ini Alasan Firli Cabut Gugatan Praperadilan Status Tersangka Pemerasan SYL,https://news.detik.com/berita/d-7162271/ini-alasan-firli-cabut-gugatan-praperadilan-status-tersangka-pemerasan-syl,"
Jumat, 26 Jan 2024 17:36 WIB "
Firli Bahuri Cabut Gugatan Praperadilan Tersangka Kasus Pemerasan SYL,https://news.detik.com/berita/d-7161964/firli-bahuri-cabut-gugatan-praperadilan-tersangka-kasus-pemerasan-syl,"
Jumat, 26 Jan 2024 15:48 WIB "
KPK Panggil Kepala Bapanas Terkait Kasus Korupsi SYL,https://news.detik.com/berita/d-7161538/kpk-panggil-kepala-bapanas-terkait-kasus-korupsi-syl,"
Jumat, 26 Jan 2024 12:39 WIB "
Pakar Hukum Soroti Sikap Firli Kembali Ajukan Gugatan Praperadilan,https://news.detik.com/berita/d-7159134/pakar-hukum-soroti-sikap-firli-kembali-ajukan-gugatan-praperadilan,"
Kamis, 25 Jan 2024 01:02 WIB "
"Polisi Kirim Lagi Berkas Kasus Firli ke Jaksa, Diangkut Pakai 2 Koper",https://news.detik.com/berita/d-7158231/polisi-kirim-lagi-berkas-kasus-firli-ke-jaksa-diangkut-pakai-2-koper,"
Rabu, 24 Jan 2024 14:57 WIB "
Ini Alasan Firli Kembali Ajukan Praperadilan Usai Jadi Tersangka Pemerasan SYL,https://news.detik.com/berita/d-7158224/ini-alasan-firli-kembali-ajukan-praperadilan-usai-jadi-tersangka-pemerasan-syl,"
Rabu, 24 Jan 2024 14:41 WIB "
"Firli Kembali Ajukan Praperadilan, MAKI Desak Polisi Segera Tahan",https://news.detik.com/berita/d-7157470/firli-kembali-ajukan-praperadilan-maki-desak-polisi-segera-tahan,"
Rabu, 24 Jan 2024 08:40 WIB "
Firli Melawan Status Tersangka Lagi,https://news.detik.com/berita/d-7157118/firli-melawan-status-tersangka-lagi,"
Selasa, 23 Jan 2024 20:32 WIB "
Pihak SYL soal Firli Praperadilan Lagi: Dia Cari Kambing Hitam,https://news.detik.com/berita/d-7156980/pihak-syl-soal-firli-praperadilan-lagi-dia-cari-kambing-hitam,"
Selasa, 23 Jan 2024 19:06 WIB "
Survei Indikator: Mayoritas Responden Puas Kinerja Polisi Usut Kasus Firli,https://news.detik.com/berita/d-7156381/survei-indikator-mayoritas-responden-puas-kinerja-polisi-usut-kasus-firli,"
Selasa, 23 Jan 2024 15:00 WIB "
Sidang Gugatan Praperadilan Terbaru Firli Bahuri Digelar 30 Januari,https://news.detik.com/berita/d-7155767/sidang-gugatan-praperadilan-terbaru-firli-bahuri-digelar-30-januari,"
Selasa, 23 Jan 2024 10:35 WIB "
Polda Metro Siap Hadapi Gugatan Praperadilan Firli Bahuri,https://news.detik.com/berita/d-7155664/polda-metro-siap-hadapi-gugatan-praperadilan-firli-bahuri,"
Selasa, 23 Jan 2024 09:27 WIB "
Eks Ketua KPK Firli Bahuri Ajukan Praperadilan Lagi!,https://news.detik.com/berita/d-7155561/eks-ketua-kpk-firli-bahuri-ajukan-praperadilan-lagi,"
Selasa, 23 Jan 2024 07:11 WIB "
Polisi Masih Dalami Laporan soal Firli Bawa Dokumen KPK ke Praperadilan,https://news.detik.com/berita/d-7155098/polisi-masih-dalami-laporan-soal-firli-bawa-dokumen-kpk-ke-praperadilan,"
Senin, 22 Jan 2024 18:36 WIB "
"Diperiksa 3 Jam, Firli Bahuri Dicecar 13 Pertanyaan soal Pemerasan SYL",https://news.detik.com/berita/d-7149680/diperiksa-3-jam-firli-bahuri-dicecar-13-pertanyaan-soal-pemerasan-syl,"
Jumat, 19 Jan 2024 13:26 WIB "
Firli Belum Ditahan Usai 3 Jam Diperiksa Sebagai Tersangka Kasus Peras SYL,https://news.detik.com/berita/d-7149661/firli-belum-ditahan-usai-3-jam-diperiksa-sebagai-tersangka-kasus-peras-syl,"
Jumat, 19 Jan 2024 13:11 WIB "
"Firli Tiba di Bareskrim, Penuhi Panggilan Pemeriksaan Dugaan Pemerasan SYL",https://news.detik.com/berita/d-7149279/firli-tiba-di-bareskrim-penuhi-panggilan-pemeriksaan-dugaan-pemerasan-syl,"
Jumat, 19 Jan 2024 09:00 WIB "
Polisi Kembali Periksa Firli Bahuri di Kasus Pemerasan SYL Hari Ini,https://news.detik.com/berita/d-7149265/polisi-kembali-periksa-firli-bahuri-di-kasus-pemerasan-syl-hari-ini,"
Jumat, 19 Jan 2024 08:54 WIB "
KPK Panggil Sesditjen Tanaman Pangan Kementan Terkait Kasus Korupsi SYL,https://news.detik.com/berita/d-7147806/kpk-panggil-sesditjen-tanaman-pangan-kementan-terkait-kasus-korupsi-syl,"
Kamis, 18 Jan 2024 12:27 WIB "
Kapolda Respons Yusril Ihza Minta Kasus Firli Bahuri Peras SYL Disetop,https://news.detik.com/berita/d-7144090/kapolda-respons-yusril-ihza-minta-kasus-firli-bahuri-peras-syl-disetop,"
Selasa, 16 Jan 2024 12:58 WIB "
"Pengacara Klaim SYL Sudah Diperiksa Dugaan TPPU Firli, Ini Kata Polda Metro",https://news.detik.com/berita/d-7143915/pengacara-klaim-syl-sudah-diperiksa-dugaan-tppu-firli-ini-kata-polda-metro,"
Selasa, 16 Jan 2024 11:46 WIB "
Firli Bakal Diperiksa Lagi di Kasus Pemerasan SYL Jumat 19 Januari,https://news.detik.com/berita/d-7143854/firli-bakal-diperiksa-lagi-di-kasus-pemerasan-syl-jumat-19-januari,"
Selasa, 16 Jan 2024 11:11 WIB "
"Usai Diperiksa, Yusril Sebut Foto Firli-SYL Tak Bisa Jadi Bukti Pemerasan",https://news.detik.com/berita/d-7142691/usai-diperiksa-yusril-sebut-foto-firli-syl-tak-bisa-jadi-bukti-pemerasan,"
Senin, 15 Jan 2024 15:58 WIB "
Yusril Beberkan Alasan Bersedia Jadi Saksi Meringankan Firli Bahuri,https://news.detik.com/berita/d-7142107/yusril-beberkan-alasan-bersedia-jadi-saksi-meringankan-firli-bahuri,"
Senin, 15 Jan 2024 12:03 WIB "
"Yusril ke Bareskrim, Bawa Keterangan Tertulis Kesaksiannya soal Firli",https://news.detik.com/berita/d-7141898/yusril-ke-bareskrim-bawa-keterangan-tertulis-kesaksiannya-soal-firli,"
Senin, 15 Jan 2024 10:52 WIB "
"Tiba di Polda Metro, Yusril Diperiksa Jadi Saksi Meringankan Firli",https://news.detik.com/berita/d-7141810/tiba-di-polda-metro-yusril-diperiksa-jadi-saksi-meringankan-firli,"
Senin, 15 Jan 2024 10:11 WIB "
Yusril Bakal Diperiksa Jadi Saksi Meringankan Firli di Kasus SYL Hari Ini,https://news.detik.com/berita/d-7141603/yusril-bakal-diperiksa-jadi-saksi-meringankan-firli-di-kasus-syl-hari-ini,"
Senin, 15 Jan 2024 07:09 WIB "
Pengacara Klaim SYL Telah Diperiksa Terkait Dugaan TPPU Firli Bahuri,https://news.detik.com/berita/d-7138502/pengacara-klaim-syl-telah-diperiksa-terkait-dugaan-tppu-firli-bahuri,"
Jumat, 12 Jan 2024 17:42 WIB "
"2 Jam Diperiksa soal Pemerasan oleh Firli, SYL: Saya Kooperatif",https://news.detik.com/berita/d-7138298/2-jam-diperiksa-soal-pemerasan-oleh-firli-syl-saya-kooperatif,"
Jumat, 12 Jan 2024 16:27 WIB "
Pengacara SYL soal Firli Bahuri Belum Ditahan: Penyidik Tahu Kebutuhan,https://news.detik.com/berita/d-7138114/pengacara-syl-soal-firli-bahuri-belum-ditahan-penyidik-tahu-kebutuhan,"
Jumat, 12 Jan 2024 15:23 WIB "
"SYL Tiba di Bareskrim, Kembali Diperiksa soal Kasus Pemerasan oleh Firli",https://news.detik.com/berita/d-7137970/syl-tiba-di-bareskrim-kembali-diperiksa-soal-kasus-pemerasan-oleh-firli,"
Jumat, 12 Jan 2024 14:29 WIB "
Polisi Juga Periksa Eks Ajudan-Walpri Firli di Kasus Pemerasan SYL Hari Ini,https://news.detik.com/berita/d-7137914/polisi-juga-periksa-eks-ajudan-walpri-firli-di-kasus-pemerasan-syl-hari-ini,"
Jumat, 12 Jan 2024 14:03 WIB "
SYL Bakal Diperiksa Lagi Terkait Dugaan Diperas Firli Bahuri Hari Ini,https://news.detik.com/berita/d-7137614/syl-bakal-diperiksa-lagi-terkait-dugaan-diperas-firli-bahuri-hari-ini,"
Jumat, 12 Jan 2024 11:10 WIB "
Pengacara: SYL Dikonfrontir dengan 7 Orang Soal Kasus Pemerasan,https://news.detik.com/berita/d-7137190/pengacara-syl-dikonfrontir-dengan-7-orang-soal-kasus-pemerasan,"
Jumat, 12 Jan 2024 00:22 WIB "
"13 Jam Diperiksa soal Pemerasan, SYL Nyatakan Sudah Beri Semua Jawaban",https://news.detik.com/berita/d-7137181/13-jam-diperiksa-soal-pemerasan-syl-nyatakan-sudah-beri-semua-jawaban,"
Kamis, 11 Jan 2024 23:44 WIB "
OTT Bupati Labuhanbatu Jadi OTT Pertama KPK pada 2024,https://news.detik.com/berita/d-7136809/ott-bupati-labuhanbatu-jadi-ott-pertama-kpk-pada-2024,"
Kamis, 11 Jan 2024 18:40 WIB "
Alex-Ghufron Diadukan ke Dewas soal Dugaan Pakai Pengaruh di Kasus Kementan,https://news.detik.com/berita/d-7136711/alex-ghufron-diadukan-ke-dewas-soal-dugaan-pakai-pengaruh-di-kasus-kementan,"
Kamis, 11 Jan 2024 18:01 WIB "
"Dewas Usut Dugaan Pelanggaran Etik 2 Pimpinan KPK, Nawawi: Saya Belum Tahu",https://news.detik.com/berita/d-7135806/dewas-usut-dugaan-pelanggaran-etik-2-pimpinan-kpk-nawawi-saya-belum-tahu,"
Kamis, 11 Jan 2024 11:54 WIB "
Alex Marwata soal 2 Pimpinan KPK Dilaporin ke Dewas: Emang Gua Pikirin,https://news.detik.com/berita/d-7135784/alex-marwata-soal-2-pimpinan-kpk-dilaporin-ke-dewas-emang-gua-pikirin,"
Kamis, 11 Jan 2024 11:43 WIB "
"SYL Tiba di Bareskrim, Diperiksa soal Kasus Pemerasan Firli Bahuri",https://news.detik.com/berita/d-7135664/syl-tiba-di-bareskrim-diperiksa-soal-kasus-pemerasan-firli-bahuri,"
Kamis, 11 Jan 2024 10:49 WIB "
Dewas Usut Dugaan Pelanggaran Etik 2 Pimpinan KPK,https://news.detik.com/berita/d-7135653/dewas-usut-dugaan-pelanggaran-etik-2-pimpinan-kpk,"
Kamis, 11 Jan 2024 10:43 WIB "
Polisi Panggil Eks Anak Buah SYL dan Irwan Anwar Jadi Saksi Kasus Firli,https://news.detik.com/berita/d-7135508/polisi-panggil-eks-anak-buah-syl-dan-irwan-anwar-jadi-saksi-kasus-firli,"
Kamis, 11 Jan 2024 09:24 WIB "
SYL Kembali Diperiksa di Bareskrim Hari Ini Terkait Kasus Pemerasan,https://news.detik.com/berita/d-7135467/syl-kembali-diperiksa-di-bareskrim-hari-ini-terkait-kasus-pemerasan,"
Kamis, 11 Jan 2024 08:49 WIB "
SYL Kembali Diperiksa Dewas Terkait Dugaan Pelanggaran Etik Pimpinan KPK,https://news.detik.com/berita/d-7134992/syl-kembali-diperiksa-dewas-terkait-dugaan-pelanggaran-etik-pimpinan-kpk,"
Rabu, 10 Jan 2024 19:31 WIB "
"Dikembalikan Jaksa, Berkas Perkara Firli Peras SYL Masih Dilengkapi Polisi",https://news.detik.com/berita/d-7134954/dikembalikan-jaksa-berkas-perkara-firli-peras-syl-masih-dilengkapi-polisi,"
Rabu, 10 Jan 2024 19:03 WIB "
KPK Dalami Proyek Pengadaan Pupuk di Kementan Terkait Kasus SYL,https://news.detik.com/berita/d-7132130/kpk-dalami-proyek-pengadaan-pupuk-di-kementan-terkait-kasus-syl,"
Selasa, 09 Jan 2024 12:42 WIB "
Kapan Firli Bahuri Bakal Diperiksa Lagi? Ini Kata Polisi,https://news.detik.com/berita/d-7129750/kapan-firli-bahuri-bakal-diperiksa-lagi-ini-kata-polisi,"
Senin, 08 Jan 2024 08:05 WIB "
KPK Periksa GM Prambors Jadi Saksi Terkait Kepemilikan Aset dari SYL,https://news.detik.com/berita/d-7127904/kpk-periksa-gm-prambors-jadi-saksi-terkait-kepemilikan-aset-dari-syl,"
Sabtu, 06 Jan 2024 19:46 WIB "
Alasan Yusril Bersedia Jadi Saksi Meringankan Firli Bahuri di Kasus SYL,https://news.detik.com/berita/d-7127312/alasan-yusril-bersedia-jadi-saksi-meringankan-firli-bahuri-di-kasus-syl,"
Sabtu, 06 Jan 2024 12:53 WIB "
Respons Yusril soal Dipanggil Jadi Saksi Meringankan Firli di Kasus SYL,https://news.detik.com/berita/d-7127102/respons-yusril-soal-dipanggil-jadi-saksi-meringankan-firli-di-kasus-syl,"
Sabtu, 06 Jan 2024 09:20 WIB "
Ancang-ancang Polisi Bakal Periksa Firli Bahuri Lagi,https://news.detik.com/berita/d-7127046/ancang-ancang-polisi-bakal-periksa-firli-bahuri-lagi,"
Sabtu, 06 Jan 2024 07:59 WIB "
Polda Metro Jaya Bakal Kembali Periksa Firli Bahuri sebagai Tersangka,https://news.detik.com/berita/d-7125984/polda-metro-jaya-bakal-kembali-periksa-firli-bahuri-sebagai-tersangka,"
Jumat, 05 Jan 2024 14:47 WIB "
Yusril Akan Diperiksa Terkait Jadi Saksi Meringankan Firli 15 Januari,https://news.detik.com/berita/d-7125204/yusril-akan-diperiksa-terkait-jadi-saksi-meringankan-firli-15-januari,"
Jumat, 05 Jan 2024 06:22 WIB "
Pengacara Hormati Prof Romli yang Tak Mau Jadi Saksi Meringankan Firli Bahuri,https://news.detik.com/berita/d-7123800/pengacara-hormati-prof-romli-yang-tak-mau-jadi-saksi-meringankan-firli-bahuri,"
Kamis, 04 Jan 2024 11:51 WIB "
Prof Romli Bakal Surati Polda Metro soal Keberatan Jadi Saksi Ringankan Firli,https://news.detik.com/berita/d-7123620/prof-romli-bakal-surati-polda-metro-soal-keberatan-jadi-saksi-ringankan-firli,"
Kamis, 04 Jan 2024 10:34 WIB "
Prof Romli Pilih Jadi Ahli Usai Enggan Jadi Saksi Ringankan Firli,https://news.detik.com/berita/d-7123182/prof-romli-pilih-jadi-ahli-usai-enggan-jadi-saksi-ringankan-firli,"
Rabu, 03 Jan 2024 21:31 WIB "
Pelapor Harap Firli Segera Diperiksa Terkait Bawa Dokumen KPK ke Praperadilan,https://news.detik.com/berita/d-7123160/pelapor-harap-firli-segera-diperiksa-terkait-bawa-dokumen-kpk-ke-praperadilan,"
Rabu, 03 Jan 2024 21:04 WIB "
Polisi Harap Prof Romli Kirim Surat Jika Keberatan Jadi Saksi Ringankan Firli,https://news.detik.com/berita/d-7122301/polisi-harap-prof-romli-kirim-surat-jika-keberatan-jadi-saksi-ringankan-firli,"
Rabu, 03 Jan 2024 14:30 WIB "
Pakar Hukum Romli Atmasasmita Tolak Jadi Saksi Meringankan Firli Bahuri,https://news.detik.com/berita/d-7122091/pakar-hukum-romli-atmasasmita-tolak-jadi-saksi-meringankan-firli-bahuri,"
Rabu, 03 Jan 2024 13:06 WIB "
"Berkas Perkara Masih Bolak-balik di Jaksa dan Polisi, Kapan Firli Diadili?",https://news.detik.com/berita/d-7121985/berkas-perkara-masih-bolak-balik-di-jaksa-dan-polisi-kapan-firli-diadili,"
Rabu, 03 Jan 2024 12:21 WIB "
Trimedya PDIP Ungkap Potensi Tarik-menarik Politik Pengganti Firli di KPK,https://news.detik.com/berita/d-7121576/trimedya-pdip-ungkap-potensi-tarik-menarik-politik-pengganti-firli-di-kpk,"
Rabu, 03 Jan 2024 07:59 WIB "
Sahroni Usul Pengganti Firli Dibahas Usai Pemilu Demi Hindari Politisasi,https://news.detik.com/berita/d-7121525/sahroni-usul-pengganti-firli-dibahas-usai-pemilu-demi-hindari-politisasi,"
Rabu, 03 Jan 2024 06:48 WIB "
Mahfud Md: Ancaman Pidana Firli Bahuri Penuhi Syarat Penahanan,https://news.detik.com/berita/d-7121050/mahfud-md-ancaman-pidana-firli-bahuri-penuhi-syarat-penahanan,"
Selasa, 02 Jan 2024 18:18 WIB "
"Babak Baru Firli Bahuri, Aset-aset Tak Tercatat Kini dalam Radar Polisi",https://news.detik.com/berita/d-7118825/babak-baru-firli-bahuri-aset-aset-tak-tercatat-kini-dalam-radar-polisi,"
Senin, 01 Jan 2024 11:58 WIB "
Novel Bicara Perbaikan KPK di 2024: Standar Etik Pimpinan Harus Tinggi,https://news.detik.com/berita/d-7117160/novel-bicara-perbaikan-kpk-di-2024-standar-etik-pimpinan-harus-tinggi,"
Minggu, 31 Des 2023 08:55 WIB "
Pengganti Firli di KPK Masih Diproses Jokowi,https://news.detik.com/berita/d-7116936/pengganti-firli-di-kpk-masih-diproses-jokowi,"
Sabtu, 30 Des 2023 22:23 WIB "
Polisi Lengkapi Berkas Perkara Firli Peras SYL Usai Dikembalikan Jaksa,https://news.detik.com/berita/d-7116234/polisi-lengkapi-berkas-perkara-firli-peras-syl-usai-dikembalikan-jaksa,"
Sabtu, 30 Des 2023 14:15 WIB "
Menanti Calon Pimpinan KPK Pilihan Jokowi untuk Gantikan Firli,https://news.detik.com/berita/d-7115805/menanti-calon-pimpinan-kpk-pilihan-jokowi-untuk-gantikan-firli,"
Sabtu, 30 Des 2023 08:46 WIB "
Berakhir Jabatan Firli di KPK Usai Pengunduran Diri Disetujui Jokowi,https://news.detik.com/berita/d-7115761/berakhir-jabatan-firli-di-kpk-usai-pengunduran-diri-disetujui-jokowi,"
Sabtu, 30 Des 2023 07:42 WIB "
Akhir Drama Firli Bahuri di KPK,https://news.detik.com/berita/d-7114211/akhir-drama-firli-bahuri-di-kpk,"
Jumat, 29 Des 2023 10:48 WIB "
3 Pertimbangan Jokowi Resmi Berhentikan Firli Bahuri dari Ketua KPK,https://news.detik.com/berita/d-7114080/3-pertimbangan-jokowi-resmi-berhentikan-firli-bahuri-dari-ketua-kpk,"
Jumat, 29 Des 2023 10:15 WIB "
"Yusril Jadi Saksi Meringankan Kasus Firli Peras SYL, Bakal Segera Diperiksa",https://news.detik.com/berita/d-7114010/yusril-jadi-saksi-meringankan-kasus-firli-peras-syl-bakal-segera-diperiksa,"
Jumat, 29 Des 2023 09:40 WIB "
Jokowi Resmi Berhentikan Firli sebagai Ketua KPK!,https://news.detik.com/berita/d-7113901/jokowi-resmi-berhentikan-firli-sebagai-ketua-kpk,"
Jumat, 29 Des 2023 07:44 WIB "
Pukat UGM Bicara Risiko Firli Hilangkan Barang Bukti Bila Tak Ditahan,https://news.detik.com/berita/d-7113839/pukat-ugm-bicara-risiko-firli-hilangkan-barang-bukti-bila-tak-ditahan,"
Jumat, 29 Des 2023 06:12 WIB "
Ada Perkara-perkara Lain di Balik Belum Ditahannya Firli Bahuri,https://news.detik.com/berita/d-7113694/ada-perkara-perkara-lain-di-balik-belum-ditahannya-firli-bahuri,"
Kamis, 28 Des 2023 21:57 WIB "
Kapolda Metro soal Putusan Etik Firli: Publik Bisa Nilai Siapa Bohong,https://news.detik.com/berita/d-7113109/kapolda-metro-soal-putusan-etik-firli-publik-bisa-nilai-siapa-bohong,"
Kamis, 28 Des 2023 16:47 WIB "
Kapolda Metro soal Firli: Kita Punya Taktik dan Strategi Menahan Orang,https://news.detik.com/berita/d-7113080/kapolda-metro-soal-firli-kita-punya-taktik-dan-strategi-menahan-orang,"
Kamis, 28 Des 2023 16:35 WIB "
Keppres Pemberhentian Firli Disiapkan dan Diserahkan ke Jokowi Malam Ini,https://news.detik.com/berita/d-7113032/keppres-pemberhentian-firli-disiapkan-dan-diserahkan-ke-jokowi-malam-ini,"
Kamis, 28 Des 2023 16:16 WIB "
"Bantah Firli Bahuri, Kapolda Metro Tegaskan Tak Pernah Bertemu SYL",https://news.detik.com/berita/d-7112956/bantah-firli-bahuri-kapolda-metro-tegaskan-tak-pernah-bertemu-syl,"
Kamis, 28 Des 2023 15:41 WIB "
Polisi: Tanah dan Bangunan Firli Tak Terdaftar di LHKPN Tersebar di Jogja-DKI,https://news.detik.com/berita/d-7112418/polisi-tanah-dan-bangunan-firli-tak-terdaftar-di-lhkpn-tersebar-di-jogja-dki,"
Kamis, 28 Des 2023 11:40 WIB "
Putusan Sanksi Etik Firli hingga Survei Zonasi Capres di Penghujung 2023,https://news.detik.com/berita/d-7111723/putusan-sanksi-etik-firli-hingga-survei-zonasi-capres-di-penghujung-2023,"
Kamis, 28 Des 2023 07:57 WIB "
Sanksi Etik Terberat Akhirnya Dijatuhkan ke Firli,https://news.detik.com/berita/d-7111974/sanksi-etik-terberat-akhirnya-dijatuhkan-ke-firli,"
Kamis, 28 Des 2023 07:01 WIB "
Bantahan Firli soal SYL Terpatahkan Jejak Digital Pertemuan,https://news.detik.com/berita/d-7111961/bantahan-firli-soal-syl-terpatahkan-jejak-digital-pertemuan,"
Kamis, 28 Des 2023 06:03 WIB "
Polisi Klarifikasi Aset Tak Terdaftar LHKPN Firli di Jogja hingga Jakarta,https://news.detik.com/berita/d-7111834/polisi-klarifikasi-aset-tak-terdaftar-lhkpn-firli-di-jogja-hingga-jakarta,"
Rabu, 27 Des 2023 21:44 WIB "
Polisi Cecar 22 Pertanyaan ke Firli yang Diduga Peras Syahrul Yasin Limpo,https://news.detik.com/berita/d-7111828/polisi-cecar-22-pertanyaan-ke-firli-yang-diduga-peras-syahrul-yasin-limpo,"
Rabu, 27 Des 2023 21:35 WIB "
Firli Bungkam Usai Diperiksa di Bareskrim Terkait Kasus Dugaan Peras SYL,https://news.detik.com/berita/d-7111771/firli-bungkam-usai-diperiksa-di-bareskrim-terkait-kasus-dugaan-peras-syl,"
Rabu, 27 Des 2023 20:53 WIB "
Firli Bahuri Belum Ditahan Usai Diperiksa 11 Jam di Bareskrim,https://news.detik.com/berita/d-7111752/firli-bahuri-belum-ditahan-usai-diperiksa-11-jam-di-bareskrim,"
Rabu, 27 Des 2023 20:37 WIB "
"Sudah 8 Jam, Firli Bahuri Masih Diperiksa di Bareskrim",https://news.detik.com/berita/d-7111592/sudah-8-jam-firli-bahuri-masih-diperiksa-di-bareskrim,"
Rabu, 27 Des 2023 19:06 WIB "
"Firli Ajukan Mundur Sebelum Disanksi Etik Berat, Dewas KPK Bilang Begini",https://news.detik.com/berita/d-7111245/firli-ajukan-mundur-sebelum-disanksi-etik-berat-dewas-kpk-bilang-begini,"
Rabu, 27 Des 2023 16:47 WIB "
"Firli Bantah Bertemu SYL di Rumah, tapi Jejak Digital Buktikan Sebaliknya",https://news.detik.com/berita/d-7111100/firli-bantah-bertemu-syl-di-rumah-tapi-jejak-digital-buktikan-sebaliknya,"
Rabu, 27 Des 2023 15:32 WIB "
"Dewas KPK Ungkap Firli Balas Chat SYL yang Sudah Tersangka, tapi Dihapus",https://news.detik.com/berita/d-7111049/dewas-kpk-ungkap-firli-balas-chat-syl-yang-sudah-tersangka-tapi-dihapus,"
Rabu, 27 Des 2023 15:08 WIB "
Pasal-pasal yang Dilanggar Firli Bahuri hingga Dijatuhi Sanksi Etik Berat,https://news.detik.com/berita/d-7110996/pasal-pasal-yang-dilanggar-firli-bahuri-hingga-dijatuhi-sanksi-etik-berat,"
Rabu, 27 Des 2023 14:57 WIB "
"Firli Bahuri Disanksi Etik Berat, Tak Ada Hal yang Meringankan",https://news.detik.com/berita/d-7110817/firli-bahuri-disanksi-etik-berat-tak-ada-hal-yang-meringankan,"
Rabu, 27 Des 2023 13:49 WIB "
Hal Memberatkan Sanksi Etik Firli: Tak Mengaku dan Hambat Sidang,https://news.detik.com/berita/d-7110743/hal-memberatkan-sanksi-etik-firli-tak-mengaku-dan-hambat-sidang,"
Rabu, 27 Des 2023 13:11 WIB "
"Dewas KPK Putuskan Firli Bahuri Langgar Etik Berat, Diminta Mundur!",https://news.detik.com/berita/d-7110668/dewas-kpk-putuskan-firli-bahuri-langgar-etik-berat-diminta-mundur,"
Rabu, 27 Des 2023 12:39 WIB "
Pengacara Akui Apartemen di Darmawangsa Belum Masuk LHKPN Firli,https://news.detik.com/berita/d-7110356/pengacara-akui-apartemen-di-darmawangsa-belum-masuk-lhkpn-firli,"
Rabu, 27 Des 2023 10:13 WIB "
Polisi Juga Periksa 5 Saksi Terkait Kasus Firli Bahuri Hari Ini,https://news.detik.com/berita/d-7110350/polisi-juga-periksa-5-saksi-terkait-kasus-firli-bahuri-hari-ini,"
Rabu, 27 Des 2023 10:09 WIB "
Pengacara Yakin Firli Bahuri Tak Ditahan Hari Ini: Kita Kooperatif,https://news.detik.com/berita/d-7110280/pengacara-yakin-firli-bahuri-tak-ditahan-hari-ini-kita-kooperatif,"
Rabu, 27 Des 2023 09:40 WIB "
"Firli Hadir di Bareskrim, Kembali Diperiksa Terkait Kasus Pemerasan SYL",https://news.detik.com/berita/d-7110276/firli-hadir-di-bareskrim-kembali-diperiksa-terkait-kasus-pemerasan-syl,"
Rabu, 27 Des 2023 09:35 WIB "
Eks Penyidik KPK Harap Firli Bahuri Langsung Ditahan Usai Diperiksa Polisi,https://news.detik.com/berita/d-7110253/eks-penyidik-kpk-harap-firli-bahuri-langsung-ditahan-usai-diperiksa-polisi,"
Rabu, 27 Des 2023 09:15 WIB "
Polisi Bakal Dalami soal Aset Firli Bahuri yang Tak Terdaftar di LHKPN,https://news.detik.com/berita/d-7110237/polisi-bakal-dalami-soal-aset-firli-bahuri-yang-tak-terdaftar-di-lhkpn,"
Rabu, 27 Des 2023 09:01 WIB "
Pengacara: Firli Akan Hadiri Sidang Putusan Dewas KPK Usai dari Bareskrim,https://news.detik.com/berita/d-7110203/pengacara-firli-akan-hadiri-sidang-putusan-dewas-kpk-usai-dari-bareskrim,"
Rabu, 27 Des 2023 08:21 WIB "
Polisi Sebut Firli Akan Penuhi Pemeriksaan sebagai Tersangka Hari Ini,https://news.detik.com/berita/d-7110181/polisi-sebut-firli-akan-penuhi-pemeriksaan-sebagai-tersangka-hari-ini,"
Rabu, 27 Des 2023 07:32 WIB "
Pengacara Pastikan Firli Bahuri Penuhi Pemeriksaan di Bareskrim Hari Ini,https://news.detik.com/berita/d-7110156/pengacara-pastikan-firli-bahuri-penuhi-pemeriksaan-di-bareskrim-hari-ini,"
Rabu, 27 Des 2023 06:51 WIB "
"Hari Ini Diperiksa Polisi Lagi Sebagai Tersangka, Firli Bakal Hadir?",https://news.detik.com/berita/d-7110151/hari-ini-diperiksa-polisi-lagi-sebagai-tersangka-firli-bakal-hadir,"
Rabu, 27 Des 2023 06:34 WIB "
"MAKI Desak Firli Segera Ditahan: Sudah Lecehkan Hukum, Sering Mangkir",https://news.detik.com/berita/d-7110143/maki-desak-firli-segera-ditahan-sudah-lecehkan-hukum-sering-mangkir,"
Rabu, 27 Des 2023 06:11 WIB "
Dewas KPK Tak Wajibkan Firli Hadir di Sidang Pembacaan Putusan Etik,https://news.detik.com/berita/d-7106255/dewas-kpk-tak-wajibkan-firli-hadir-di-sidang-pembacaan-putusan-etik,"
Minggu, 24 Des 2023 07:47 WIB "
Strategi Undur Diri Firli Dinilai Bisa Jebak Jokowi,https://news.detik.com/berita/d-7106228/strategi-undur-diri-firli-dinilai-bisa-jebak-jokowi,"
Minggu, 24 Des 2023 06:30 WIB "
Eks Penyidik KPK Nilai Setneg Tepat Tak Proses Surat Pengunduran Firli,https://news.detik.com/berita/d-7105371/eks-penyidik-kpk-nilai-setneg-tepat-tak-proses-surat-pengunduran-firli,"
Sabtu, 23 Des 2023 14:02 WIB "
Leganya Dewas KPK Sudah Vonis Etik Firli,https://news.detik.com/berita/d-7104945/leganya-dewas-kpk-sudah-vonis-etik-firli,"
Sabtu, 23 Des 2023 07:47 WIB "
Kritikan Tertuju ke Firli Usai Ajukan Pengunduran Diri,https://news.detik.com/berita/d-7104884/kritikan-tertuju-ke-firli-usai-ajukan-pengunduran-diri,"
Sabtu, 23 Des 2023 06:05 WIB "
"Polisi Periksa 2 Saksi Meringankan Firli, Tak Ada Yusril Ihza Mahendra",https://news.detik.com/berita/d-7104153/polisi-periksa-2-saksi-meringankan-firli-tak-ada-yusril-ihza-mahendra,"
Jumat, 22 Des 2023 18:53 WIB "
Firli Ajukan Romli Atmasasmita hingga Yusril Jadi Saksi Meringankan,https://news.detik.com/pemilu/d-7104081/firli-ajukan-romli-atmasasmita-hingga-yusril-jadi-saksi-meringankan,"
Jumat, 22 Des 2023 18:22 WIB "
Jaksa Minta Polisi Lengkapi Berkas Perkara Firli Bahuri Peras SYL,https://news.detik.com/berita/d-7103507/jaksa-minta-polisi-lengkapi-berkas-perkara-firli-bahuri-peras-syl,"
Jumat, 22 Des 2023 14:43 WIB "
Semua Anggota Dewas KPK Sepakat soal Vonis Etik Firli: Tak Ada Dissenting,https://news.detik.com/berita/d-7103334/semua-anggota-dewas-kpk-sepakat-soal-vonis-etik-firli-tak-ada-dissenting,"
Jumat, 22 Des 2023 13:28 WIB "
Waka Komisi III DPR Harap Pengganti Firli Bahuri di KPK Segera Diproses,https://news.detik.com/berita/d-7103177/waka-komisi-iii-dpr-harap-pengganti-firli-bahuri-di-kpk-segera-diproses,"
Jumat, 22 Des 2023 11:58 WIB "
Polisi Siapkan Surat Penangkapan Firli Bila Absen Pemeriksaan Lagi,https://news.detik.com/berita/d-7103101/polisi-siapkan-surat-penangkapan-firli-bila-absen-pemeriksaan-lagi,"
Jumat, 22 Des 2023 11:21 WIB "
"Firli dalam 3 Babak: Absen Diperiksa, Surat Penangkapan, Mundur dari KPK",https://news.detik.com/berita/d-7102975/firli-dalam-3-babak-absen-diperiksa-surat-penangkapan-mundur-dari-kpk,"
Jumat, 22 Des 2023 10:14 WIB "
Perjalanan Firli di Kasus Dugaan Pemerasan SYL: Praperadilan-Mundur dari KPK,https://news.detik.com/berita/d-7102893/perjalanan-firli-di-kasus-dugaan-pemerasan-syl-praperadilan-mundur-dari-kpk,"
Jumat, 22 Des 2023 09:05 WIB "
"Dulu Lili Kini Firli, Mundur dari KPK saat Proses Etik di Depan Mata",https://news.detik.com/berita/d-7102796/dulu-lili-kini-firli-mundur-dari-kpk-saat-proses-etik-di-depan-mata,"
Jumat, 22 Des 2023 07:45 WIB "
Terungkap Surat Perintah Penangkapan Usai Firli Absen Pemeriksaan,https://news.detik.com/berita/d-7102760/terungkap-surat-perintah-penangkapan-usai-firli-absen-pemeriksaan,"
Jumat, 22 Des 2023 07:01 WIB "
MAKI Dukung Polisi Terbitkan Surat Penangkapan: Firli Hina Penegakan Hukum,https://news.detik.com/berita/d-7102714/maki-dukung-polisi-terbitkan-surat-penangkapan-firli-hina-penegakan-hukum,"
Jumat, 22 Des 2023 05:23 WIB "
Eks Penyidik KPK Kritik Firli Mundur di Tengah Kasus Etik: Sikap Pengecut!,https://news.detik.com/berita/d-7102635/eks-penyidik-kpk-kritik-firli-mundur-di-tengah-kasus-etik-sikap-pengecut,"
Kamis, 21 Des 2023 23:24 WIB "
Firli Kembali Diperiksa sebagai Tersangka Kasus Pemerasan SYL 27 Desember,https://news.detik.com/berita/d-7102551/firli-kembali-diperiksa-sebagai-tersangka-kasus-pemerasan-syl-27-desember,"
Kamis, 21 Des 2023 21:24 WIB "
Alasan Tak Wajar di Balik Firli Absen Diperiksa Polisi,https://news.detik.com/berita/d-7102536/alasan-tak-wajar-di-balik-firli-absen-diperiksa-polisi,"
Kamis, 21 Des 2023 21:12 WIB "
"Firli Mundur dari KPK, Dewas Tegaskan Sidang Etik Tetap Lanjut",https://news.detik.com/berita/d-7102535/firli-mundur-dari-kpk-dewas-tegaskan-sidang-etik-tetap-lanjut,"
Kamis, 21 Des 2023 21:10 WIB "
"Forum 'KPK Mendengar', ICW Kritik Alex Marwata Tak Malu Saat Firli Tersangka",https://news.detik.com/berita/d-7101965/forum-kpk-mendengar-icw-kritik-alex-marwata-tak-malu-saat-firli-tersangka,"
Kamis, 21 Des 2023 16:57 WIB "
"Ditolak Alex Marwata, Firli Ajukan Saksi Meringankan Lain di Kasus Pemerasan",https://news.detik.com/berita/d-7101732/ditolak-alex-marwata-firli-ajukan-saksi-meringankan-lain-di-kasus-pemerasan,"
Kamis, 21 Des 2023 15:20 WIB "
Tujuan Polisi Hendak Periksa Firli: Usut Harta Miliknya hingga Istri dan Anak,https://news.detik.com/berita/d-7101717/tujuan-polisi-hendak-periksa-firli-usut-harta-miliknya-hingga-istri-dan-anak,"
Kamis, 21 Des 2023 15:16 WIB "
Polda Metro: Alasan Firli Absen Pemeriksaan Tak Patut dan Tak Wajar,https://news.detik.com/berita/d-7101663/polda-metro-alasan-firli-absen-pemeriksaan-tak-patut-dan-tak-wajar,"
Kamis, 21 Des 2023 14:59 WIB "
Polisi Sudah Siapkan Surat Penangkapan Firli Bahuri!,https://news.detik.com/berita/d-7101365/polisi-sudah-siapkan-surat-penangkapan-firli-bahuri,"
Kamis, 21 Des 2023 12:39 WIB "
"Absen Diperiksa Polisi dan Dewas KPK, di Mana Firli Bahuri?",https://news.detik.com/berita/d-7101281/absen-diperiksa-polisi-dan-dewas-kpk-di-mana-firli-bahuri,"
Kamis, 21 Des 2023 11:59 WIB "
Kapolda Metro Tegaskan Penyidik Profesional Usut Firli: Saya Tak Intervensi,https://news.detik.com/berita/d-7101202/kapolda-metro-tegaskan-penyidik-profesional-usut-firli-saya-tak-intervensi,"
Kamis, 21 Des 2023 11:33 WIB "
Alasan Firli Minta Pemeriksaan di Bareskrim Ditunda: Ada Kegiatan Urgen,https://news.detik.com/berita/d-7101185/alasan-firli-minta-pemeriksaan-di-bareskrim-ditunda-ada-kegiatan-urgen,"
Kamis, 21 Des 2023 11:23 WIB "
Polisi Pastikan Usut Laporan soal Firli Bawa Dokumen KPK ke Praperadilan,https://news.detik.com/berita/d-7101179/polisi-pastikan-usut-laporan-soal-firli-bawa-dokumen-kpk-ke-praperadilan,"
Kamis, 21 Des 2023 11:20 WIB "
Respons Kapolda Metro soal Praperadilan Firli Tak Diterima Hakim,https://news.detik.com/berita/d-7101172/respons-kapolda-metro-soal-praperadilan-firli-tak-diterima-hakim,"
Kamis, 21 Des 2023 11:14 WIB "
Kapolda Metro Bicara Upaya Jemput Paksa Usai Firli Absen Pemeriksaan,https://news.detik.com/berita/d-7101165/kapolda-metro-bicara-upaya-jemput-paksa-usai-firli-absen-pemeriksaan,"
Kamis, 21 Des 2023 11:09 WIB "
"Tak Hadir di Bareskrim, Firli Minta Polisi Tunda Pemeriksaan",https://news.detik.com/berita/d-7101002/tak-hadir-di-bareskrim-firli-minta-polisi-tunda-pemeriksaan,"
Kamis, 21 Des 2023 10:01 WIB "
Pukat UGM Minta Firli Ditahan Cegah Potensi Larikan Diri-Hilangkan Bukti,https://news.detik.com/berita/d-7100856/pukat-ugm-minta-firli-ditahan-cegah-potensi-larikan-diri-hilangkan-bukti,"
Kamis, 21 Des 2023 07:39 WIB "
Firli Kembali Diperiksa sebagai Tersangka Kasus Pemerasan SYL Hari Ini,https://news.detik.com/berita/d-7100832/firli-kembali-diperiksa-sebagai-tersangka-kasus-pemerasan-syl-hari-ini,"
Kamis, 21 Des 2023 07:07 WIB "
MAKI Minta Firli Segera Ditahan: Kalau Nggak Akan Banyak Ulah,https://news.detik.com/berita/d-7100811/maki-minta-firli-segera-ditahan-kalau-nggak-akan-banyak-ulah,"
Kamis, 21 Des 2023 06:15 WIB "
Dewas KPK Panggil 13 Saksi untuk Sidang Etik Firli Besok,https://news.detik.com/berita/d-7100383/dewas-kpk-panggil-13-saksi-untuk-sidang-etik-firli-besok,"
Rabu, 20 Des 2023 18:50 WIB "
Ketua Dewas KPK: Firli Rugi Tak Bisa Bela Diri di Sidang Etik,https://news.detik.com/berita/d-7100300/ketua-dewas-kpk-firli-rugi-tak-bisa-bela-diri-di-sidang-etik,"
Rabu, 20 Des 2023 18:17 WIB "
Dewas KPK Cecar 12 Saksi Sidang Etik Terkait Pertemuan Firli dengan SYL,https://news.detik.com/berita/d-7100284/dewas-kpk-cecar-12-saksi-sidang-etik-terkait-pertemuan-firli-dengan-syl,"
Rabu, 20 Des 2023 18:09 WIB "
"Dewas KPK: Firli Tak Hadir Sidang Etik, Alasannya Nggak Jelas",https://news.detik.com/berita/d-7100258/dewas-kpk-firli-tak-hadir-sidang-etik-alasannya-nggak-jelas,"
Rabu, 20 Des 2023 17:57 WIB "
"SYL: Saya Terus Diborgol, Capek Banget",https://news.detik.com/berita/d-7099904/syl-saya-terus-diborgol-capek-banget,"
Rabu, 20 Des 2023 15:54 WIB "
Nawawi hingga SYL Jadi Saksi Sidang Etik Firli Bahuri di Dewas KPK,https://news.detik.com/berita/d-7099661/nawawi-hingga-syl-jadi-saksi-sidang-etik-firli-bahuri-di-dewas-kpk,"
Rabu, 20 Des 2023 14:04 WIB "
Firli Bahuri Bakal Diperiksa Lagi di Bareskrim Terkait Pemerasan SYL Besok,https://news.detik.com/berita/d-7099144/firli-bahuri-bakal-diperiksa-lagi-di-bareskrim-terkait-pemerasan-syl-besok,"
Rabu, 20 Des 2023 10:10 WIB "
"Dewas Bakal Periksa 12 Saksi di Sidang Etik Firli, Termasuk Pimpinan KPK",https://news.detik.com/berita/d-7099086/dewas-bakal-periksa-12-saksi-di-sidang-etik-firli-termasuk-pimpinan-kpk,"
Rabu, 20 Des 2023 09:36 WIB "
Pimpinan Komisi III DPR Apresiasi Hakim Tak Terima Gugatan Praperadilan Firli,https://news.detik.com/berita/d-7099046/pimpinan-komisi-iii-dpr-apresiasi-hakim-tak-terima-gugatan-praperadilan-firli,"
Rabu, 20 Des 2023 08:43 WIB "
MAKI Nilai Putusan Praperadilan Firli Bahuri Sudah Sesuai Rasa Keadilan,https://news.detik.com/berita/d-7098996/maki-nilai-putusan-praperadilan-firli-bahuri-sudah-sesuai-rasa-keadilan,"
Rabu, 20 Des 2023 08:08 WIB "
"Firli Hadir atau Tidak, Dewas KPK Tetap Gelar Sidang Etik",https://news.detik.com/berita/d-7098981/firli-hadir-atau-tidak-dewas-kpk-tetap-gelar-sidang-etik,"
Rabu, 20 Des 2023 07:31 WIB "
Berakhir Perlawanan Firli Bahuri Lewat Praperadilan,https://news.detik.com/berita/d-7098964/berakhir-perlawanan-firli-bahuri-lewat-praperadilan,"
Rabu, 20 Des 2023 07:00 WIB "
Respons Firli usai Dipolisikan Buntut Bawa Dokumen KPK ke Praperadilan,https://news.detik.com/berita/d-7098889/respons-firli-usai-dipolisikan-buntut-bawa-dokumen-kpk-ke-praperadilan,"
Rabu, 20 Des 2023 00:58 WIB "
"Firli: Praperadilan Saya Bukan Ditolak, tapi Tidak Diterima",https://news.detik.com/berita/d-7098817/firli-praperadilan-saya-bukan-ditolak-tapi-tidak-diterima,"
Selasa, 19 Des 2023 22:39 WIB "
Firli Bahuri Dipolisikan Buntut Bawa Dokumen KPK ke Praperadilan,https://news.detik.com/berita/d-7098793/firli-bahuri-dipolisikan-buntut-bawa-dokumen-kpk-ke-praperadilan,"
Selasa, 19 Des 2023 22:11 WIB "
Firli Bahuri Hadir Jelang Jumpa Pers Usai Gugatan Praperadilan Ditolak,https://news.detik.com/berita/d-7098787/firli-bahuri-hadir-jelang-jumpa-pers-usai-gugatan-praperadilan-ditolak,"
Selasa, 19 Des 2023 22:03 WIB "
"Novel Baswedan Hadiri Sidang Putusan Firli, Bersyukur Gugatan Ditolak",https://news.detik.com/berita/d-7098392/novel-baswedan-hadiri-sidang-putusan-firli-bersyukur-gugatan-ditolak,"
Selasa, 19 Des 2023 17:59 WIB "
"Berkas Perkara Firli Bahuri Peras SYL Capai Ribuan Halaman, Tinggi 0,85 Meter",https://news.detik.com/berita/d-7098335/berkas-perkara-firli-bahuri-peras-syl-capai-ribuan-halaman-tinggi-0-85-meter,"
Selasa, 19 Des 2023 17:33 WIB "
"Alex Marwata Surati Polda Metro, Tolak Jadi Saksi Meringankan Firli",https://news.detik.com/berita/d-7098269/alex-marwata-surati-polda-metro-tolak-jadi-saksi-meringankan-firli,"
Selasa, 19 Des 2023 17:22 WIB "
Kata Polda Metro soal Penahanan Firli Usai Praperadilan Ditolak,https://news.detik.com/berita/d-7098222/kata-polda-metro-soal-penahanan-firli-usai-praperadilan-ditolak,"
Selasa, 19 Des 2023 17:03 WIB "
"Praperadilan Firli Bahuri Ditolak, Polda Metro: Bukti Penyidik Profesional",https://news.detik.com/berita/d-7098104/praperadilan-firli-bahuri-ditolak-polda-metro-bukti-penyidik-profesional,"
Selasa, 19 Des 2023 16:16 WIB "
Hakim Tolak Gugatan Praperadilan Firli Bahuri!,https://news.detik.com/berita/d-7097980/hakim-tolak-gugatan-praperadilan-firli-bahuri,"
Selasa, 19 Des 2023 15:28 WIB "
Jokowi soal Pencopotan Firli Bahuri dari Ketua KPK: Ikuti Proses Hukum,https://news.detik.com/berita/d-7097600/jokowi-soal-pencopotan-firli-bahuri-dari-ketua-kpk-ikuti-proses-hukum,"
Selasa, 19 Des 2023 12:39 WIB "
Sidang Putusan Praperadilan Firli Bahuri Digelar di PN Jaksel Hari Ini,https://news.detik.com/berita/d-7097159/sidang-putusan-praperadilan-firli-bahuri-digelar-di-pn-jaksel-hari-ini,"
Selasa, 19 Des 2023 08:20 WIB "
Menanti Ramainya Debat Kedua hingga Putusan Praperadilan Firli,https://news.detik.com/berita/d-7096902/menanti-ramainya-debat-kedua-hingga-putusan-praperadilan-firli,"
Selasa, 19 Des 2023 07:58 WIB "
Menanti Vonis Hakim soal Sah Tidaknya Status Tersangka Firli Bahuri,https://news.detik.com/berita/d-7096831/menanti-vonis-hakim-soal-sah-tidaknya-status-tersangka-firli-bahuri,"
Senin, 18 Des 2023 21:04 WIB "
Pengacara Firli Tak Masalah MAKI Mau Lapor ke Dewas KPK soal Dokumen Kasus,https://news.detik.com/berita/d-7096081/pengacara-firli-tak-masalah-maki-mau-lapor-ke-dewas-kpk-soal-dokumen-kasus,"
Senin, 18 Des 2023 15:04 WIB "
6 Jaksa Teliti Berkas Perkara Firli Bahuri Terkait Kasus Pemerasan SYL,https://news.detik.com/berita/d-7095776/6-jaksa-teliti-berkas-perkara-firli-bahuri-terkait-kasus-pemerasan-syl,"
Senin, 18 Des 2023 12:58 WIB "
"Optimistis Menang Lawan Firli, Polda Metro Tegaskan Punya 4 Bukti",https://news.detik.com/berita/d-7095685/optimistis-menang-lawan-firli-polda-metro-tegaskan-punya-4-bukti,"
Senin, 18 Des 2023 12:18 WIB "
"Putusan Praperadilan Firli Digelar Besok, Ini Harapan Polda Metro",https://news.detik.com/berita/d-7095631/putusan-praperadilan-firli-digelar-besok-ini-harapan-polda-metro,"
Senin, 18 Des 2023 11:55 WIB "
ICW: Dari Mana Firli Bisa Dapat Dokumen KPK yang Dibawa ke Praperadilan?,https://news.detik.com/berita/d-7093935/icw-dari-mana-firli-bisa-dapat-dokumen-kpk-yang-dibawa-ke-praperadilan,"
Minggu, 17 Des 2023 06:50 WIB "
Kritikan Tertuju ke Firli Buntut Bawa Dokumen KPK ke Praperadilan,https://news.detik.com/berita/d-7093928/kritikan-tertuju-ke-firli-buntut-bawa-dokumen-kpk-ke-praperadilan,"
Minggu, 17 Des 2023 06:05 WIB "
MAKI Bakal Laporkan Firli ke Dewas soal Bawa Dokumen KPK di Praperadilan,https://news.detik.com/berita/d-7093363/maki-bakal-laporkan-firli-ke-dewas-soal-bawa-dokumen-kpk-di-praperadilan,"
Sabtu, 16 Des 2023 15:30 WIB "
Tebalnya Berkas Kasus Firli Bahuri Kini Diserahkan Polisi ke Jaksa,https://news.detik.com/berita/d-7092697/tebalnya-berkas-kasus-firli-bahuri-kini-diserahkan-polisi-ke-jaksa,"
Sabtu, 16 Des 2023 06:37 WIB "
Polda Metro Bingung Firli Bawa Dokumen Kasus Suap Proyek KA di Praperadilan,https://news.detik.com/berita/d-7092143/polda-metro-bingung-firli-bawa-dokumen-kasus-suap-proyek-ka-di-praperadilan,"
Jumat, 15 Des 2023 18:21 WIB "
Penampakan Tebalnya Berkas Firli Bahuri Tersangka Kasus Pemerasan SYL,https://news.detik.com/berita/d-7091985/penampakan-tebalnya-berkas-firli-bahuri-tersangka-kasus-pemerasan-syl,"
Jumat, 15 Des 2023 17:41 WIB "
Polisi Limpahkan Berkas Firli Tersangka Pemerasan SYL ke Jaksa,https://news.detik.com/berita/d-7091964/polisi-limpahkan-berkas-firli-tersangka-pemerasan-syl-ke-jaksa,"
Jumat, 15 Des 2023 17:30 WIB "
Penyidik Ungkap Proses Hati-hati Usut Kasus Firli di Sidang Praperadilan,https://news.detik.com/berita/d-7091875/penyidik-ungkap-proses-hati-hati-usut-kasus-firli-di-sidang-praperadilan,"
Jumat, 15 Des 2023 16:49 WIB "
Dewas KPK Akan Tetap Gelar Sidang Etik 20 Desember Meski Firli Absen,https://news.detik.com/berita/d-7091537/dewas-kpk-akan-tetap-gelar-sidang-etik-20-desember-meski-firli-absen,"
Jumat, 15 Des 2023 14:36 WIB "
"Di Sidang Praperadilan, Penyidik Jelaskan Sprindik Penetapan Tersangka Firli",https://news.detik.com/berita/d-7091306/di-sidang-praperadilan-penyidik-jelaskan-sprindik-penetapan-tersangka-firli,"
Jumat, 15 Des 2023 13:15 WIB "
Penyidik Bareskrim Sebut Penetapan Tersangka Firli Didasari 4 Alat Bukti,https://news.detik.com/berita/d-7091177/penyidik-bareskrim-sebut-penetapan-tersangka-firli-didasari-4-alat-bukti,"
Jumat, 15 Des 2023 11:49 WIB "
MAKI Tak Kaget Alexander Marwata Jadi Saksi Meringankan Firli: Mereka Bestie,https://news.detik.com/berita/d-7090978/maki-tak-kaget-alexander-marwata-jadi-saksi-meringankan-firli-mereka-bestie,"
Jumat, 15 Des 2023 10:14 WIB "
Sorotan ke Pimpinan KPK Alex Marwata yang 'Bela' Firli di Praperadilan,https://news.detik.com/berita/d-7090806/sorotan-ke-pimpinan-kpk-alex-marwata-yang-bela-firli-di-praperadilan,"
Jumat, 15 Des 2023 07:32 WIB "
Dalih Firli Fokus Praperadilan Bikin Tertunda Pemeriksaan Dewas KPK,https://news.detik.com/berita/d-7090582/dalih-firli-fokus-praperadilan-bikin-tertunda-pemeriksaan-dewas-kpk,"
Kamis, 14 Des 2023 21:34 WIB "
"Yusril Jadi Ahli Pihak Firli Bahuri, Beri Pandangan soal Foto Pertemuan",https://news.detik.com/berita/d-7090208/yusril-jadi-ahli-pihak-firli-bahuri-beri-pandangan-soal-foto-pertemuan,"
Kamis, 14 Des 2023 18:02 WIB "
Firli Bahuri Hadirkan Yusril Ihza Mahendra Jadi Saksi Ahli di Praperadilan,https://news.detik.com/berita/d-7089956/firli-bahuri-hadirkan-yusril-ihza-mahendra-jadi-saksi-ahli-di-praperadilan,"
Kamis, 14 Des 2023 16:37 WIB "
Novel Baswedan Heran Alex Marwata Jadi Saksi Firli Bahuri di Praperadilan,https://news.detik.com/berita/d-7089850/novel-baswedan-heran-alex-marwata-jadi-saksi-firli-bahuri-di-praperadilan,"
Kamis, 14 Des 2023 16:05 WIB "
Eks Penyidik KPK Sarankan Dewas Tetap Gelar Sidang Etik Meski Firli Absen,https://news.detik.com/berita/d-7089846/eks-penyidik-kpk-sarankan-dewas-tetap-gelar-sidang-etik-meski-firli-absen,"
Kamis, 14 Des 2023 16:04 WIB "
Polisi Jadwal Ulang Pemeriksaan Alex Marwata di Kasus Firli Peras SYL,https://news.detik.com/berita/d-7089771/polisi-jadwal-ulang-pemeriksaan-alex-marwata-di-kasus-firli-peras-syl,"
Kamis, 14 Des 2023 15:34 WIB "
Kata Alex Marwata Soal Jadi Saksi Meringankan Firli di Kasus Peras SYL,https://news.detik.com/berita/d-7089699/kata-alex-marwata-soal-jadi-saksi-meringankan-firli-di-kasus-peras-syl,"
Kamis, 14 Des 2023 15:02 WIB "
Penuhi Panggilan Polisi untuk Kasus Firli? Alex Marwata: Lihat Agenda Dulu,https://news.detik.com/berita/d-7089678/penuhi-panggilan-polisi-untuk-kasus-firli-alex-marwata-lihat-agenda-dulu,"
Kamis, 14 Des 2023 14:55 WIB "
"KPK Fasilitasi Firli Minta Dokumen, Meski Tak Beri Bantuan Hukum",https://news.detik.com/berita/d-7089545/kpk-fasilitasi-firli-minta-dokumen-meski-tak-beri-bantuan-hukum,"
Kamis, 14 Des 2023 14:14 WIB "
Ketua KPK Nawawi Tepis Firli soal Ancaman Kapolda Metro,https://news.detik.com/berita/d-7089489/ketua-kpk-nawawi-tepis-firli-soal-ancaman-kapolda-metro,"
Kamis, 14 Des 2023 13:59 WIB "
KPK Sebut Alex Marwata Akan ke Bareskrim Usai Jadi Saksi Praperadilan Firli,https://news.detik.com/berita/d-7089253/kpk-sebut-alex-marwata-akan-ke-bareskrim-usai-jadi-saksi-praperadilan-firli,"
Kamis, 14 Des 2023 12:25 WIB "
Dewas: Firli Minta Tunda Sidang Etik karena Konsentrasi Praperadilan,https://news.detik.com/berita/d-7089229/dewas-firli-minta-tunda-sidang-etik-karena-konsentrasi-praperadilan,"
Kamis, 14 Des 2023 12:10 WIB "
Firli Hadirkan Wakil Ketua KPK Alex Marwata di Sidang Praperadilan,https://news.detik.com/berita/d-7089218/firli-hadirkan-wakil-ketua-kpk-alex-marwata-di-sidang-praperadilan,"
Kamis, 14 Des 2023 12:05 WIB "
"Ditunda, Sidang Etik Firli Bahuri Digelar 20 Desember",https://news.detik.com/berita/d-7089187/ditunda-sidang-etik-firli-bahuri-digelar-20-desember,"
Kamis, 14 Des 2023 11:50 WIB "
Polisi Ungkap Ada Bukti Disita dari Apartemen Firli di Darmawangsa,https://news.detik.com/berita/d-7088998/polisi-ungkap-ada-bukti-disita-dari-apartemen-firli-di-darmawangsa,"
Kamis, 14 Des 2023 10:23 WIB "
Polisi Bakal Periksa Alexander Marwata di Kasus Dugaan Firli Bahuri Peras SYL,https://news.detik.com/berita/d-7088970/polisi-bakal-periksa-alexander-marwata-di-kasus-dugaan-firli-bahuri-peras-syl,"
Kamis, 14 Des 2023 10:08 WIB "
Dewas KPK Gelar Sidang Etik Firli Bahuri Hari Ini,https://news.detik.com/berita/d-7088874/dewas-kpk-gelar-sidang-etik-firli-bahuri-hari-ini,"
Kamis, 14 Des 2023 08:57 WIB "
Polisi Gaspol demi Perkara Firli Peras SYL Segera Diadili,https://news.detik.com/berita/d-7088762/polisi-gaspol-demi-perkara-firli-peras-syl-segera-diadili,"
Kamis, 14 Des 2023 06:30 WIB "
"Kapolda Metro Bawa 157 Bukti Hadapi Praperadilan, Firli Siapkan Saksi-Ahli",https://news.detik.com/berita/d-7088338/kapolda-metro-bawa-157-bukti-hadapi-praperadilan-firli-siapkan-saksi-ahli,"
Rabu, 13 Des 2023 18:50 WIB "
"Sidang Duplik, Kapolda Metro Sebut Pertemuan Firli dan SYL di GOR Tak Etis",https://news.detik.com/berita/d-7088306/sidang-duplik-kapolda-metro-sebut-pertemuan-firli-dan-syl-di-gor-tak-etis,"
Rabu, 13 Des 2023 18:37 WIB "
KPK Ungkap Ketua Komisi IV DPR Sudin Terima Aliran Uang Korupsi SYL,https://news.detik.com/berita/d-7088145/kpk-ungkap-ketua-komisi-iv-dpr-sudin-terima-aliran-uang-korupsi-syl,"
Rabu, 13 Des 2023 17:59 WIB "
"Tak Lagi Aktif di KPK Usai Jadi Tersangka, Firli Bahuri Ngapain Aja?",https://news.detik.com/berita/d-7088032/tak-lagi-aktif-di-kpk-usai-jadi-tersangka-firli-bahuri-ngapain-aja,"
Rabu, 13 Des 2023 17:18 WIB "
Polisi Segera Rampungkan Berkas Perkara Kasus Dugaan Firli Bahuri Peras SYL,https://news.detik.com/berita/d-7087715/polisi-segera-rampungkan-berkas-perkara-kasus-dugaan-firli-bahuri-peras-syl,"
Rabu, 13 Des 2023 15:25 WIB "
Bertaburan Duit Miliaran Terkait Firli dan SYL Terungkap di Praperadilan,https://news.detik.com/berita/d-7087096/bertaburan-duit-miliaran-terkait-firli-dan-syl-terungkap-di-praperadilan,"
Rabu, 13 Des 2023 11:14 WIB "
Polisi Ungkap Ada Penyerahan Rp 1 Miliar Saat Pertemuan Firli dan SYL di GOR,https://news.detik.com/berita/d-7086297/polisi-ungkap-ada-penyerahan-rp-1-miliar-saat-pertemuan-firli-dan-syl-di-gor,"
Selasa, 12 Des 2023 20:46 WIB "
"Terungkap di Praperadilan, Ada Transaksi Rp 800 Juta Saat Firli Bertemu SYL",https://news.detik.com/berita/d-7086057/terungkap-di-praperadilan-ada-transaksi-rp-800-juta-saat-firli-bertemu-syl,"
Selasa, 12 Des 2023 18:48 WIB "
"Polisi Yakin Pertemuan Firli-SYL di GOR Bukan Hal Biasa, Ini Penjelasannya",https://news.detik.com/berita/d-7085911/polisi-yakin-pertemuan-firli-syl-di-gor-bukan-hal-biasa-ini-penjelasannya,"
Selasa, 12 Des 2023 17:40 WIB "
Dewas KPK Siap Gelar Sidang Etik Firli Bahuri pada 14 Desember,https://news.detik.com/berita/d-7085829/dewas-kpk-siap-gelar-sidang-etik-firli-bahuri-pada-14-desember,"
Selasa, 12 Des 2023 17:06 WIB "
"Firli Tersangka Pemerasan Diundang ke Hakordia, KPK: Tak Ada Undangan Khusus",https://news.detik.com/berita/d-7085238/firli-tersangka-pemerasan-diundang-ke-hakordia-kpk-tak-ada-undangan-khusus,"
Selasa, 12 Des 2023 13:36 WIB "
"Firli Bahuri Diundang KPK ke Peringatan Hari Antikorupsi, tapi Absen",https://news.detik.com/berita/d-7085085/firli-bahuri-diundang-kpk-ke-peringatan-hari-antikorupsi-tapi-absen,"
Selasa, 12 Des 2023 12:18 WIB "
Polisi Periksa Total 98 Saksi Kasus Dugaan Firli Bahuri Peras SYL,https://news.detik.com/berita/d-7084788/polisi-periksa-total-98-saksi-kasus-dugaan-firli-bahuri-peras-syl,"
Selasa, 12 Des 2023 09:54 WIB "
Perlawanan Perdana Firli Bahuri: Minta SP3 dan Tersangka Dibatalkan,https://news.detik.com/berita/d-7084651/perlawanan-perdana-firli-bahuri-minta-sp3-dan-tersangka-dibatalkan,"
Selasa, 12 Des 2023 08:17 WIB "
Pengacara Bantah 'Surat Kronologi' Firli Terima Rp 1 M dari SYL Lewat Ajudan,https://news.detik.com/berita/d-7083645/pengacara-bantah-surat-kronologi-firli-terima-rp-1-m-dari-syl-lewat-ajudan,"
Senin, 11 Des 2023 15:56 WIB "
"Firli Tuding Karyoto di Balik Kasus Pemerasan, Polda Metro Bilang Begini",https://news.detik.com/berita/d-7083561/firli-tuding-karyoto-di-balik-kasus-pemerasan-polda-metro-bilang-begini,"
Senin, 11 Des 2023 15:19 WIB "
Pihak Firli Bahuri Tuding SYL Lapor Diperas Usai Diberi Petunjuk Karyoto,https://news.detik.com/berita/d-7083555/pihak-firli-bahuri-tuding-syl-lapor-diperas-usai-diberi-petunjuk-karyoto,"
Senin, 11 Des 2023 15:16 WIB "
Pengacara Anggap Foto Pertemuan Firli dan SYL di GOR Bukan Bukti Pemerasan,https://news.detik.com/berita/d-7083374/pengacara-anggap-foto-pertemuan-firli-dan-syl-di-gor-bukan-bukti-pemerasan,"
Senin, 11 Des 2023 14:23 WIB "
Firli Minta Hakim Praperadilan Batalkan Status Tersangka Kasus Pemerasan SYL,https://news.detik.com/berita/d-7083072/firli-minta-hakim-praperadilan-batalkan-status-tersangka-kasus-pemerasan-syl,"
Senin, 11 Des 2023 12:05 WIB "
Polisi Periksa Ahli Kriminologi dan Hukum Pidana Terkait Kasus Firli Bahuri,https://news.detik.com/berita/d-7082777/polisi-periksa-ahli-kriminologi-dan-hukum-pidana-terkait-kasus-firli-bahuri,"
Senin, 11 Des 2023 09:51 WIB "
Polda Metro Siapkan Tim Advokasi Melawan Praperadilan Firli Hari Ini,https://news.detik.com/berita/d-7082704/polda-metro-siapkan-tim-advokasi-melawan-praperadilan-firli-hari-ini,"
Senin, 11 Des 2023 09:14 WIB "
Sekali Lagi Pelanggaran Etik Firli Bahuri Segera Diadili,https://news.detik.com/berita/d-7079893/sekali-lagi-pelanggaran-etik-firli-bahuri-segera-diadili,"
Jumat, 08 Des 2023 22:09 WIB "
KPK Perpanjang Masa Penahanan Syahrul Yasin Limpo dkk 30 Hari,https://news.detik.com/berita/d-7079695/kpk-perpanjang-masa-penahanan-syahrul-yasin-limpo-dkk-30-hari,"
Jumat, 08 Des 2023 19:34 WIB "
"Sidang Etik Firli Digelar Pekan Depan, Dewas KPK Bakal Beri Sanksi Terberat",https://news.detik.com/berita/d-7079688/sidang-etik-firli-digelar-pekan-depan-dewas-kpk-bakal-beri-sanksi-terberat,"
Jumat, 08 Des 2023 19:19 WIB "
"Dewas Kebut Sidang Etik Firli Bahuri, Targetkan Sebelum Natal Selesai",https://news.detik.com/berita/d-7079262/dewas-kebut-sidang-etik-firli-bahuri-targetkan-sebelum-natal-selesai,"
Jumat, 08 Des 2023 15:51 WIB "
Dewas KPK Jamin Sidang Etik Lanjut Meski Firli Nantinya Ditahan Polisi,https://news.detik.com/berita/d-7079185/dewas-kpk-jamin-sidang-etik-lanjut-meski-firli-nantinya-ditahan-polisi,"
Jumat, 08 Des 2023 15:17 WIB "
"Dewas KPK Lanjut Adili Pelanggaran Etik Firli Bahuri, Ini Kasus-kasusnya",https://news.detik.com/berita/d-7079100/dewas-kpk-lanjut-adili-pelanggaran-etik-firli-bahuri-ini-kasus-kasusnya,"
Jumat, 08 Des 2023 14:55 WIB "
"Dewas KPK: Ada Pelanggaran Etik, Pertemuan Firli dan SYL Dilanjut ke Sidang",https://news.detik.com/berita/d-7079030/dewas-kpk-ada-pelanggaran-etik-pertemuan-firli-dan-syl-dilanjut-ke-sidang,"
Jumat, 08 Des 2023 14:16 WIB "
Dewas KPK Putuskan Kelanjutan Kasus Etik Firli Bahuri Hari Ini,https://news.detik.com/berita/d-7078359/dewas-kpk-putuskan-kelanjutan-kasus-etik-firli-bahuri-hari-ini,"
Jumat, 08 Des 2023 08:19 WIB "
"Firli Bahuri Belum Ditahan, Polri: Penyidik Punya Pertimbangan",https://news.detik.com/berita/d-7077506/firli-bahuri-belum-ditahan-polri-penyidik-punya-pertimbangan,"
Kamis, 07 Des 2023 16:37 WIB "
"Pihak SYL Klaim Petinggi Parpol Terlibat di Kasus Firli, KPK Bilang Begini",https://news.detik.com/berita/d-7076848/pihak-syl-klaim-petinggi-parpol-terlibat-di-kasus-firli-kpk-bilang-begini,"
Kamis, 07 Des 2023 12:04 WIB "
"Firli Bahuri Tidak Ditahan Usai Diperiksa, MAKI Kecewa",https://news.detik.com/berita/d-7076504/firli-bahuri-tidak-ditahan-usai-diperiksa-maki-kecewa,"
Kamis, 07 Des 2023 08:53 WIB "
Polisi Cecar Firli 29 Pertanyaan soal Penukaran Valas-Penggeledahan Apartemen,https://news.detik.com/berita/d-7076337/polisi-cecar-firli-29-pertanyaan-soal-penukaran-valas-penggeledahan-apartemen,"
Rabu, 06 Des 2023 23:15 WIB "
Firli Bahuri Tak Ditahan Usai Diperiksa di Bareskrim,https://news.detik.com/berita/d-7076111/firli-bahuri-tak-ditahan-usai-diperiksa-di-bareskrim,"
Rabu, 06 Des 2023 20:24 WIB "
"6 Jam Berlalu, Firli Masih Diperiksa sebagai Tersangka di Bareskrim",https://news.detik.com/berita/d-7075335/6-jam-berlalu-firli-masih-diperiksa-sebagai-tersangka-di-bareskrim,"
Rabu, 06 Des 2023 15:24 WIB "
"Penuhi Panggilan Pemeriksaan, Kini Firli Bahuri Lewat Lobi Bareskrim Polri",https://news.detik.com/berita/d-7074649/penuhi-panggilan-pemeriksaan-kini-firli-bahuri-lewat-lobi-bareskrim-polri,"
Rabu, 06 Des 2023 10:11 WIB "
Firli Bahuri Penuhi Panggilan Polisi soal Pemerasan SYL,https://news.detik.com/berita/d-7074609/firli-bahuri-penuhi-panggilan-polisi-soal-pemerasan-syl,"
Rabu, 06 Des 2023 09:34 WIB "
Dewas KPK Putuskan Kelanjutan Kasus Etik Firli Bahuri Minggu Depan,https://news.detik.com/berita/d-7074476/dewas-kpk-putuskan-kelanjutan-kasus-etik-firli-bahuri-minggu-depan,"
Rabu, 06 Des 2023 07:33 WIB "
Misteri Apartemen Firli Bahuri yang Digeledah Polisi,https://news.detik.com/berita/d-7074598/misteri-apartemen-firli-bahuri-yang-digeledah-polisi,"
Rabu, 06 Des 2023 07:24 WIB "
Polisi Periksa Lagi Firli Bahuri sebagai Tersangka Pemerasan SYL Hari Ini,https://news.detik.com/berita/d-7074433/polisi-periksa-lagi-firli-bahuri-sebagai-tersangka-pemerasan-syl-hari-ini,"
Rabu, 06 Des 2023 06:34 WIB "
Dewas KPK Tutup Peluang Konfrontasi Firli dan SYL,https://news.detik.com/berita/d-7074395/dewas-kpk-tutup-peluang-konfrontasi-firli-dan-syl,"
Rabu, 06 Des 2023 05:11 WIB "
Sekejap Saja Firli Bahuri Diperiksa di Dewas KPK,https://news.detik.com/berita/d-7074292/sekejap-saja-firli-bahuri-diperiksa-di-dewas-kpk,"
Selasa, 05 Des 2023 22:37 WIB "
Firli Bakal Diperiksa Lagi sebagai Tersangka di Gedung Bareskrim Besok,https://news.detik.com/berita/d-7073763/firli-bakal-diperiksa-lagi-sebagai-tersangka-di-gedung-bareskrim-besok,"
Selasa, 05 Des 2023 17:14 WIB "
"Firli Bahuri Masih Dikawal Saat Diperiksa di Dewas, Ini Kata KPK",https://news.detik.com/berita/d-7073687/firli-bahuri-masih-dikawal-saat-diperiksa-di-dewas-ini-kata-kpk,"
Selasa, 05 Des 2023 16:57 WIB "
"Digeledah Polisi, Apartemen Firli Bahuri Tak Ada di LHKPN",https://news.detik.com/berita/d-7073651/digeledah-polisi-apartemen-firli-bahuri-tak-ada-di-lhkpn,"
Selasa, 05 Des 2023 16:44 WIB "
Mobil Polda Metro Tinggalkan Apartemen Milik Firli di Darmawangsa,https://news.detik.com/berita/d-7073366/mobil-polda-metro-tinggalkan-apartemen-milik-firli-di-darmawangsa,"
Selasa, 05 Des 2023 15:15 WIB "
Begini Respons Firli Bahuri soal Apartemennya di Darmawangsa Digeledah,https://news.detik.com/berita/d-7073241/begini-respons-firli-bahuri-soal-apartemennya-di-darmawangsa-digeledah,"
Selasa, 05 Des 2023 14:19 WIB "
Apartemen Diduga Milik Firli Bahuri di Darmawangsa Digeledah Polisi,https://news.detik.com/berita/d-7073143/apartemen-diduga-milik-firli-bahuri-di-darmawangsa-digeledah-polisi,"
Selasa, 05 Des 2023 13:43 WIB "
Firli Bahuri Irit Bicara Usai 2 Jam Diperiksa Dewas KPK,https://news.detik.com/berita/d-7072940/firli-bahuri-irit-bicara-usai-2-jam-diperiksa-dewas-kpk,"
Selasa, 05 Des 2023 12:02 WIB "
"Sudah Diberhentikan Sementara, Firli Bahuri Masih Dikawal ke Dewas KPK",https://news.detik.com/berita/d-7072730/sudah-diberhentikan-sementara-firli-bahuri-masih-dikawal-ke-dewas-kpk,"
Selasa, 05 Des 2023 10:40 WIB "
Dewas KPK Tentukan Kelanjutkan Kasus Etik Firli Bahuri Hari Ini,https://news.detik.com/berita/d-7072666/dewas-kpk-tentukan-kelanjutkan-kasus-etik-firli-bahuri-hari-ini,"
Selasa, 05 Des 2023 10:07 WIB "
Firli Bahuri Penuhi Panggilan Dewas KPK Terkait Dugaan Pelanggaran Etik,https://news.detik.com/berita/d-7072634/firli-bahuri-penuhi-panggilan-dewas-kpk-terkait-dugaan-pelanggaran-etik,"
Selasa, 05 Des 2023 09:47 WIB "
Desakan Segera Ditahan bagi Firli Bahuri yang Segera Diperiksa Lagi,https://news.detik.com/berita/d-7072538/desakan-segera-ditahan-bagi-firli-bahuri-yang-segera-diperiksa-lagi,"
Selasa, 05 Des 2023 08:33 WIB "
Jawaban Kapolri soal Desakan Firli Bahuri Harus Segera Ditahan,https://news.detik.com/berita/d-7071285/jawaban-kapolri-soal-desakan-firli-bahuri-harus-segera-ditahan,"
Senin, 04 Des 2023 14:32 WIB "
Polisi Bakal Periksa Lagi Firli Tersangka Kasus Pemerasan SYL 6 Desember,https://news.detik.com/berita/d-7071052/polisi-bakal-periksa-lagi-firli-tersangka-kasus-pemerasan-syl-6-desember,"
Senin, 04 Des 2023 13:09 WIB "
Klaim Pengacara soal Nama Firli Dicatut di Chat SYL Dijawab Polisi,https://news.detik.com/berita/d-7070245/klaim-pengacara-soal-nama-firli-dicatut-di-chat-syl-dijawab-polisi,"
Minggu, 03 Des 2023 22:07 WIB "
Dewas KPK Kembali Periksa Firli Soal Pertemuan dengan SYL 5 Desember,https://news.detik.com/berita/d-7070160/dewas-kpk-kembali-periksa-firli-soal-pertemuan-dengan-syl-5-desember,"
Minggu, 03 Des 2023 20:43 WIB "
Kata Polda Metro Jaya soal Klaim Nama Firli Dicatut di Chat SYL,https://news.detik.com/berita/d-7069547/kata-polda-metro-jaya-soal-klaim-nama-firli-dicatut-di-chat-syl,"
Minggu, 03 Des 2023 13:35 WIB "
Firli Vs SYL Buntut Tudingan Nama Dicatut,https://news.detik.com/berita/d-7069211/firli-vs-syl-buntut-tudingan-nama-dicatut,"
Minggu, 03 Des 2023 08:42 WIB "
MAKI Desak Firli Ditahan: Bisa Pengaruhi Saksi dan Rusak Bukti,https://news.detik.com/berita/d-7069165/maki-desak-firli-ditahan-bisa-pengaruhi-saksi-dan-rusak-bukti,"
Minggu, 03 Des 2023 07:46 WIB "
"Pukat UGM Percaya Firli Bahuri Tak Lari tapi Harus Ditahan, Kenapa?",https://news.detik.com/berita/d-7069136/pukat-ugm-percaya-firli-bahuri-tak-lari-tapi-harus-ditahan-kenapa,"
Minggu, 03 Des 2023 06:45 WIB "
Pengacara SYL soal Klaim Ada Orang Ngaku Firli Kontak Kliennya: Itu Hoax,https://news.detik.com/berita/d-7068588/pengacara-syl-soal-klaim-ada-orang-ngaku-firli-kontak-kliennya-itu-hoax,"
Sabtu, 02 Des 2023 16:56 WIB "
Beda Firli Usai Diperiksa: Dulu Tutupi Wajah Kini Minta Tak Dihakimi,https://news.detik.com/berita/d-7068060/beda-firli-usai-diperiksa-dulu-tutupi-wajah-kini-minta-tak-dihakimi,"
Sabtu, 02 Des 2023 10:25 WIB "
Satire MAKI Usai Firli Bahuri Tak Lagi Tutupi Wajah,https://news.detik.com/berita/d-7067929/satire-maki-usai-firli-bahuri-tak-lagi-tutupi-wajah,"
Sabtu, 02 Des 2023 08:35 WIB "
"Usai Diperiksa di Bareskrim, Firli Bicara Pengabdiannya di Polri",https://news.detik.com/berita/d-7067800/usai-diperiksa-di-bareskrim-firli-bicara-pengabdiannya-di-polri,"
Sabtu, 02 Des 2023 02:55 WIB "
Polisi Cecar Firli 40 Pertanyaan Terkait Penukaran Valas hingga LHKPN,https://news.detik.com/berita/d-7067771/polisi-cecar-firli-40-pertanyaan-terkait-penukaran-valas-hingga-lhkpn,"
Sabtu, 02 Des 2023 01:35 WIB "
"Firli Belum Ditahan, Mahfud: Mungkin Polisi Tak Khawatir Dia Lari",https://news.detik.com/berita/d-7067690/firli-belum-ditahan-mahfud-mungkin-polisi-tak-khawatir-dia-lari,"
Jumat, 01 Des 2023 22:30 WIB "
Polisi Periksa Brigjen Anom Pejabat Kemenkumham sebagai Saksi Kasus Firli,https://news.detik.com/berita/d-7067665/polisi-periksa-brigjen-anom-pejabat-kemenkumham-sebagai-saksi-kasus-firli,"
Jumat, 01 Des 2023 22:14 WIB "
Polisi Ungkap Alasan Tak Tahan Firli Bahuri Meski Sudah Jadi Tersangka,https://news.detik.com/berita/d-7067623/polisi-ungkap-alasan-tak-tahan-firli-bahuri-meski-sudah-jadi-tersangka,"
Jumat, 01 Des 2023 21:46 WIB "
"Diperiksa sebagai Tersangka, Firli Minta Tak Dihakimi",https://news.detik.com/berita/d-7067620/diperiksa-sebagai-tersangka-firli-minta-tak-dihakimi,"
Jumat, 01 Des 2023 21:41 WIB "
Pengacara: Ada Orang Mengaku Sebagai Firli Bahuri Komunikasi ke SYL,https://news.detik.com/berita/d-7067558/pengacara-ada-orang-mengaku-sebagai-firli-bahuri-komunikasi-ke-syl,"
Jumat, 01 Des 2023 20:45 WIB "
Pernyataan Firli Usai Diperiksa 10 Jam Terkait Kasus Pemerasan SYL,https://news.detik.com/berita/d-7067555/pernyataan-firli-usai-diperiksa-10-jam-terkait-kasus-pemerasan-syl,"
Jumat, 01 Des 2023 20:43 WIB "
"Firli dan Alex Tirta Saling Pandang di Bareskrim, Sempat Bahas Sesuatu?",https://news.detik.com/berita/d-7067487/firli-dan-alex-tirta-saling-pandang-di-bareskrim-sempat-bahas-sesuatu,"
Jumat, 01 Des 2023 20:08 WIB "
"Firli Selesai Diperiksa sebagai Tersangka Kasus Pemerasan, Belum Ditahan",https://news.detik.com/berita/d-7067449/firli-selesai-diperiksa-sebagai-tersangka-kasus-pemerasan-belum-ditahan,"
Jumat, 01 Des 2023 19:55 WIB "
Alex Tirta Ngaku Terima Uang Tunai dari Firli Bahuri untuk Sewa Rumah,https://news.detik.com/berita/d-7067372/alex-tirta-ngaku-terima-uang-tunai-dari-firli-bahuri-untuk-sewa-rumah,"
Jumat, 01 Des 2023 19:18 WIB "
Alex Tirta Cerita Bertemu Firli di Sela Pemeriksaan: Sebatas Salam Saja,https://news.detik.com/berita/d-7067310/alex-tirta-cerita-bertemu-firli-di-sela-pemeriksaan-sebatas-salam-saja,"
Jumat, 01 Des 2023 18:48 WIB "
"Sudah 5 Jam, Firli Masih Diperiksa sebagai Tersangka Kasus Pemerasan SYL",https://news.detik.com/berita/d-7066643/sudah-5-jam-firli-masih-diperiksa-sebagai-tersangka-kasus-pemerasan-syl,"
Jumat, 01 Des 2023 14:30 WIB "
MAKI Harap Dewas KPK Tuntaskan Kasus Etik Sebelum Firli Jadi Terdakwa,https://news.detik.com/berita/d-7066394/maki-harap-dewas-kpk-tuntaskan-kasus-etik-sebelum-firli-jadi-terdakwa,"
Jumat, 01 Des 2023 12:59 WIB "
Penampakan Firli Diperiksa Sebagai Tersangka Kasus Pemerasan SYL di Bareskrim,https://news.detik.com/berita/d-7066249/penampakan-firli-diperiksa-sebagai-tersangka-kasus-pemerasan-syl-di-bareskrim,"
Jumat, 01 Des 2023 11:35 WIB "
Eks Pimpinan KPK Minta Polisi Tahan Firli Usai Diperiksa sebagai Tersangka,https://news.detik.com/berita/d-7066135/eks-pimpinan-kpk-minta-polisi-tahan-firli-usai-diperiksa-sebagai-tersangka,"
Jumat, 01 Des 2023 10:38 WIB "
MAKI Penuhi Panggilan Dewas KPK soal Dugaan Pelanggaran Etik Firli,https://news.detik.com/berita/d-7066085/maki-penuhi-panggilan-dewas-kpk-soal-dugaan-pelanggaran-etik-firli,"
Jumat, 01 Des 2023 10:15 WIB "
Firli Bahuri Penuhi Panggilan Sebagai Tersangka Pemerasan SYL di Bareskrim,https://news.detik.com/berita/d-7066025/firli-bahuri-penuhi-panggilan-sebagai-tersangka-pemerasan-syl-di-bareskrim,"
Jumat, 01 Des 2023 09:40 WIB "
Alex Tirta Penuhi Panggilan Jadi Saksi Kasus Firli Bahuri Hari Ini,https://news.detik.com/berita/d-7066023/alex-tirta-penuhi-panggilan-jadi-saksi-kasus-firli-bahuri-hari-ini,"
Jumat, 01 Des 2023 09:39 WIB "
"Pukat UGM Khawatir Firli Pengaruhi Saksi, Usul Polisi Lakukan Penahanan",https://news.detik.com/berita/d-7065911/pukat-ugm-khawatir-firli-pengaruhi-saksi-usul-polisi-lakukan-penahanan,"
Jumat, 01 Des 2023 08:17 WIB "
MAKI Harap Polisi Tak Istimewakan Firli: Penahanan Sangat Dibutuhkan,https://news.detik.com/berita/d-7065904/maki-harap-polisi-tak-istimewakan-firli-penahanan-sangat-dibutuhkan,"
Jumat, 01 Des 2023 08:03 WIB "
"Abraham Samad: Firli Harus Segera Ditahan, Bahaya Kalau Dia di Luar",https://news.detik.com/berita/d-7065883/abraham-samad-firli-harus-segera-ditahan-bahaya-kalau-dia-di-luar,"
Jumat, 01 Des 2023 07:41 WIB "
Firli Bahuri Diperiksa Sebagai Tersangka Pemerasan SYL Hari Ini,https://news.detik.com/berita/d-7065862/firli-bahuri-diperiksa-sebagai-tersangka-pemerasan-syl-hari-ini,"
Jumat, 01 Des 2023 07:32 WIB "
Dewas KPK Sudah Periksa 30 Saksi Terkait Dugaan Pelanggaran Etik Firli,https://news.detik.com/berita/d-7065849/dewas-kpk-sudah-periksa-30-saksi-terkait-dugaan-pelanggaran-etik-firli,"
Jumat, 01 Des 2023 07:12 WIB "
Polisi Juga Panggil Alex Tirta Jadi Saksi Kasus Firli Besok,https://news.detik.com/berita/d-7065658/polisi-juga-panggil-alex-tirta-jadi-saksi-kasus-firli-besok,"
Kamis, 30 Nov 2023 21:39 WIB "
Polisi: Pengacara Konfirmasi Firli Bahuri Hadiri Pemeriksaan Besok,https://news.detik.com/berita/d-7065279/polisi-pengacara-konfirmasi-firli-bahuri-hadiri-pemeriksaan-besok,"
Kamis, 30 Nov 2023 18:19 WIB "
Saut Jelaskan Prinsip KPK yang Dilanggar di Kasus SYL: Pun Dewas Tak Awasi,https://news.detik.com/berita/d-7065168/saut-jelaskan-prinsip-kpk-yang-dilanggar-di-kasus-syl-pun-dewas-tak-awasi,"
Kamis, 30 Nov 2023 17:33 WIB "
KPK soal Firli: Akan Diberhentikan Tetap Bila Statusnya Terdakwa,https://news.detik.com/berita/d-7065019/kpk-soal-firli-akan-diberhentikan-tetap-bila-statusnya-terdakwa,"
Kamis, 30 Nov 2023 16:47 WIB "
Penyanyi Nayunda Nabila Absen dari Panggil KPK Terkait Kasus SYL,https://news.detik.com/berita/d-7064898/penyanyi-nayunda-nabila-absen-dari-panggil-kpk-terkait-kasus-syl,"
Kamis, 30 Nov 2023 16:08 WIB "
Tangkisan Firli Bahuri,https://news.detik.com/x/detail/investigasi/20231130/Tangkisan-Firli-Bahuri/,"
Kamis, 30 Nov 2023 16:06 WIB "
Saut Situmorang Penuhi Panggilan Bareskrim Terkait Kasus Firli Bahuri,https://news.detik.com/berita/d-7064619/saut-situmorang-penuhi-panggilan-bareskrim-terkait-kasus-firli-bahuri,"
Kamis, 30 Nov 2023 14:35 WIB "
KPK Panggil Penyanyi Nayunda Nabila Nizrinah Jadi Saksi Kasus SYL,https://news.detik.com/berita/d-7064310/kpk-panggil-penyanyi-nayunda-nabila-nizrinah-jadi-saksi-kasus-syl,"
Kamis, 30 Nov 2023 12:14 WIB "
"8 Saksi Kasus Firli Peras SYL Diperiksa Hari Ini, Termasuk Saut Situmorang",https://news.detik.com/berita/d-7064113/8-saksi-kasus-firli-peras-syl-diperiksa-hari-ini-termasuk-saut-situmorang,"
Kamis, 30 Nov 2023 10:40 WIB "
SYL Serahkan Kasus Dugaan Pemerasan oleh Firli Bahuri ke Penyidik,https://news.detik.com/berita/d-7064067/syl-serahkan-kasus-dugaan-pemerasan-oleh-firli-bahuri-ke-penyidik,"
Kamis, 30 Nov 2023 10:12 WIB "
Pengacara Sesalkan LPSK Tolak Perlindungan SYL: Kenapa Seperti Itu?,https://news.detik.com/berita/d-7064022/pengacara-sesalkan-lpsk-tolak-perlindungan-syl-kenapa-seperti-itu,"
Kamis, 30 Nov 2023 09:52 WIB "
Firli Bukan Lagi Ketua KPK tapi Tetap Digaji Meski Tak Sepenuhnya,https://news.detik.com/berita/d-7063857/firli-bukan-lagi-ketua-kpk-tapi-tetap-digaji-meski-tak-sepenuhnya,"
Kamis, 30 Nov 2023 08:13 WIB "
"Firli Masih Terima Rp 86,3 Juta Per Bulan, MAKI: Mengusik Keadilan Publik",https://news.detik.com/berita/d-7063764/firli-masih-terima-rp-86-3-juta-per-bulan-maki-mengusik-keadilan-publik,"
Kamis, 30 Nov 2023 06:22 WIB "
"8 Jam Diperiksa, SYL Ngaku Sampaikan Fakta Dugaan Pemerasan ke Penyidik",https://news.detik.com/berita/d-7063636/8-jam-diperiksa-syl-ngaku-sampaikan-fakta-dugaan-pemerasan-ke-penyidik,"
Rabu, 29 Nov 2023 22:36 WIB "
Polisi Periksa Total 30 Saksi Kasus Dugaan Firli Peras SYL Hari Ini,https://news.detik.com/berita/d-7062927/polisi-periksa-total-30-saksi-kasus-dugaan-firli-peras-syl-hari-ini,"
Rabu, 29 Nov 2023 16:07 WIB "
"KPK Tolak Beri Bantuan Hukum ke Firli, Trimedya Bandingkan dengan Antasari",https://news.detik.com/berita/d-7062780/kpk-tolak-beri-bantuan-hukum-ke-firli-trimedya-bandingkan-dengan-antasari,"
Rabu, 29 Nov 2023 15:06 WIB "
Anggota Komisi III DPR Dukung Nawawi Tegas Tak Beri Bantuan Hukum ke Firli,https://news.detik.com/berita/d-7062640/anggota-komisi-iii-dpr-dukung-nawawi-tegas-tak-beri-bantuan-hukum-ke-firli,"
Rabu, 29 Nov 2023 14:16 WIB "
SYL Tiba di Bareskrim untuk Diperiksa Jadi Saksi Kasus Firli Bahuri,https://news.detik.com/berita/d-7062554/syl-tiba-di-bareskrim-untuk-diperiksa-jadi-saksi-kasus-firli-bahuri,"
Rabu, 29 Nov 2023 13:39 WIB "
KPK Cabut Pengawalan Firli Bahuri,https://news.detik.com/berita/d-7062224/kpk-cabut-pengawalan-firli-bahuri,"
Rabu, 29 Nov 2023 10:57 WIB "
"SYL Bakal Diperiksa Terkait Kasus Pemerasan, Bawa Sejumlah Dokumen",https://news.detik.com/berita/d-7062217/syl-bakal-diperiksa-terkait-kasus-pemerasan-bawa-sejumlah-dokumen,"
Rabu, 29 Nov 2023 10:49 WIB "
"Firli Bahuri Bukan Ketua KPK Lagi, Pengawalan dari TNI Dicabut?",https://news.detik.com/berita/d-7062162/firli-bahuri-bukan-ketua-kpk-lagi-pengawalan-dari-tni-dicabut,"
Rabu, 29 Nov 2023 10:24 WIB "
Beda Nasib SYL dengan 3 Pegawai Kementan soal Perlindungan LPSK,https://news.detik.com/berita/d-7061958/beda-nasib-syl-dengan-3-pegawai-kementan-soal-perlindungan-lpsk,"
Rabu, 29 Nov 2023 08:16 WIB "
Menanti Pemeriksaan Perdana Firli Bahuri sebagai Tersangka,https://news.detik.com/berita/d-7061939/menanti-pemeriksaan-perdana-firli-bahuri-sebagai-tersangka,"
Rabu, 29 Nov 2023 07:58 WIB "
KPK Hormati Panggilan Polisi Terhadap 4 Pimpinan Usai Firli Jadi Tersangka,https://news.detik.com/berita/d-7061813/kpk-hormati-panggilan-polisi-terhadap-4-pimpinan-usai-firli-jadi-tersangka,"
Selasa, 28 Nov 2023 23:35 WIB "
KPK Ikuti Aliran Uang Korupsi di Kartu Judi Kasino Milik SYL,https://news.detik.com/berita/d-7061807/kpk-ikuti-aliran-uang-korupsi-di-kartu-judi-kasino-milik-syl,"
Selasa, 28 Nov 2023 23:28 WIB "
Kombes Irwan Anwar Diperiksa Lagi terkait Kasus Firli Bahuri Peras SYL,https://news.detik.com/berita/d-7061630/kombes-irwan-anwar-diperiksa-lagi-terkait-kasus-firli-bahuri-peras-syl,"
Selasa, 28 Nov 2023 20:49 WIB "
KPK-Polda Metro Koordinasi Terkait Pemeriksaan SYL dan 2 Anak Buahnya Besok,https://news.detik.com/berita/d-7061618/kpk-polda-metro-koordinasi-terkait-pemeriksaan-syl-dan-2-anak-buahnya-besok,"
Selasa, 28 Nov 2023 20:39 WIB "
KPK: Pimpinan Sepakat Tak Beri Bantuan Hukum ke Firli Bahuri,https://news.detik.com/berita/d-7061530/kpk-pimpinan-sepakat-tak-beri-bantuan-hukum-ke-firli-bahuri,"
Selasa, 28 Nov 2023 19:40 WIB "
"Dicecar 28 Pertanyaan, Anggota DPR Vita Ervina Bantah Terima Uang dari SYL",https://news.detik.com/berita/d-7061481/dicecar-28-pertanyaan-anggota-dpr-vita-ervina-bantah-terima-uang-dari-syl,"
Selasa, 28 Nov 2023 19:14 WIB "
Polisi Panggil 2 Eks Anak Buah SYL Jadi Saksi Kasus Firli Besok,https://news.detik.com/berita/d-7061074/polisi-panggil-2-eks-anak-buah-syl-jadi-saksi-kasus-firli-besok,"
Selasa, 28 Nov 2023 16:33 WIB "
Firli Bakal Diperiksa sebagai Tersangka pada 1 Desember di Bareskrim,https://news.detik.com/berita/d-7060983/firli-bakal-diperiksa-sebagai-tersangka-pada-1-desember-di-bareskrim,"
Selasa, 28 Nov 2023 15:58 WIB "
"Beda dari SYL, 3 Pegawai Kementan Diberi Perlindungan LPSK karena Diteror",https://news.detik.com/berita/d-7060839/beda-dari-syl-3-pegawai-kementan-diberi-perlindungan-lpsk-karena-diteror,"
Selasa, 28 Nov 2023 15:06 WIB "
SYL Bakal Diperiksa Terkait Kasus Pemerasan Firli Bahuri Besok,https://news.detik.com/berita/d-7060722/syl-bakal-diperiksa-terkait-kasus-pemerasan-firli-bahuri-besok,"
Selasa, 28 Nov 2023 14:20 WIB "
Pengacara: SYL Diperiksa Terkait Kasus Pemerasan Firli Bahuri Besok,https://news.detik.com/berita/d-7060589/pengacara-syl-diperiksa-terkait-kasus-pemerasan-firli-bahuri-besok,"
Selasa, 28 Nov 2023 13:25 WIB "
KPK Periksa Anggota DPR Vita Ervina Jadi Saksi Kasus SYL,https://news.detik.com/berita/d-7060513/kpk-periksa-anggota-dpr-vita-ervina-jadi-saksi-kasus-syl,"
Selasa, 28 Nov 2023 12:43 WIB "
"Nawawi Sementara Pimpin KPK, Perburuan Harun Masiku Jadi yang Utama",https://news.detik.com/berita/d-7059952/nawawi-sementara-pimpin-kpk-perburuan-harun-masiku-jadi-yang-utama,"
Selasa, 28 Nov 2023 07:04 WIB "
Alex Marwata Ungkap Ada Laporan Korupsi di Kementan Didiamkan 3 Tahun di KPK,https://news.detik.com/berita/d-7059813/alex-marwata-ungkap-ada-laporan-korupsi-di-kementan-didiamkan-3-tahun-di-kpk,"
Senin, 27 Nov 2023 22:21 WIB "
"Firli Resmi Diberhentikan, Ini Siasat Pimpinan Cegah Kebusukan di KPK",https://news.detik.com/berita/d-7059802/firli-resmi-diberhentikan-ini-siasat-pimpinan-cegah-kebusukan-di-kpk,"
Senin, 27 Nov 2023 22:06 WIB "
"KPK Era Nawawi: Prioritas Korupsi Kementan, Keterlibatan Pejabat Lain Diusut",https://news.detik.com/berita/d-7059755/kpk-era-nawawi-prioritas-korupsi-kementan-keterlibatan-pejabat-lain-diusut,"
Senin, 27 Nov 2023 21:46 WIB "
3 Klaster Korupsi di Kementan Diusut KPK: Pemerasan hingga Pengadaan Sapi,https://news.detik.com/berita/d-7059732/3-klaster-korupsi-di-kementan-diusut-kpk-pemerasan-hingga-pengadaan-sapi,"
Senin, 27 Nov 2023 21:34 WIB "
Arahan Kapolri ke Penyidik untuk Siap Lawan Praperadilan Firli Bahuri,https://news.detik.com/berita/d-7059661/arahan-kapolri-ke-penyidik-untuk-siap-lawan-praperadilan-firli-bahuri,"
Senin, 27 Nov 2023 20:39 WIB "
Alasan LPSK Tolak Lindungi Syahrul Yasin Limpo: Tersangka KPK,https://news.detik.com/berita/d-7059650/alasan-lpsk-tolak-lindungi-syahrul-yasin-limpo-tersangka-kpk,"
Senin, 27 Nov 2023 20:35 WIB "
LPSK Tolak Permohonan Perlindungan Eks Mentan Syahrul Yasin Limpo!,https://news.detik.com/berita/d-7059600/lpsk-tolak-permohonan-perlindungan-eks-mentan-syahrul-yasin-limpo,"
Senin, 27 Nov 2023 19:52 WIB "
"Akses Khusus ke Gedung KPK Disetop, Firli Bakal Diperlakukan Seperti Tamu",https://news.detik.com/berita/d-7059480/akses-khusus-ke-gedung-kpk-disetop-firli-bakal-diperlakukan-seperti-tamu,"
Senin, 27 Nov 2023 18:43 WIB "
"Tinjau Ulang Bantuan Hukum Firli, Nawawi: KPK Zero Tolerance ke Isu Korupsi",https://news.detik.com/berita/d-7059445/tinjau-ulang-bantuan-hukum-firli-nawawi-kpk-zero-tolerance-ke-isu-korupsi,"
Senin, 27 Nov 2023 18:21 WIB "
"Firli Belum Ditahan Meski Sudah Tersangka, Kapolda Metro Bicara soal Fase",https://news.detik.com/berita/d-7059317/firli-belum-ditahan-meski-sudah-tersangka-kapolda-metro-bicara-soal-fase,"
Senin, 27 Nov 2023 17:25 WIB "
"Polisi Bakal Periksa 4 Pimpinan KPK Usai Firli Tersangka, Ini Kata Nawawi",https://news.detik.com/berita/d-7058831/polisi-bakal-periksa-4-pimpinan-kpk-usai-firli-tersangka-ini-kata-nawawi,"
Senin, 27 Nov 2023 14:39 WIB "
"Nawawi Jadi Ketua Sementara KPK, Bantuan Hukum ke Firli Ditinjau Ulang",https://news.detik.com/berita/d-7058736/nawawi-jadi-ketua-sementara-kpk-bantuan-hukum-ke-firli-ditinjau-ulang,"
Senin, 27 Nov 2023 14:10 WIB "
"Berbanding Terbalik dengan Firli, Ini Harta Nawawi Ketua KPK Baru",https://news.detik.com/berita/d-7058718/berbanding-terbalik-dengan-firli-ini-harta-nawawi-ketua-kpk-baru,"
Senin, 27 Nov 2023 14:00 WIB "
Nawawi Tegaskan Komitmen dan Prioritas KPK Tangkap Harun Masiku,https://news.detik.com/berita/d-7058605/nawawi-tegaskan-komitmen-dan-prioritas-kpk-tangkap-harun-masiku,"
Senin, 27 Nov 2023 13:19 WIB "
"Nawawi Bakal Pimpin Rapat KPK, Bahas soal Bantuan Hukum untuk Firli",https://news.detik.com/berita/d-7058469/nawawi-bakal-pimpin-rapat-kpk-bahas-soal-bantuan-hukum-untuk-firli,"
Senin, 27 Nov 2023 12:14 WIB "
"Firli Bahuri Ajukan Praperadilan, Kapolri: Itu Hak, Biar Diuji oleh Hakim",https://news.detik.com/berita/d-7058450/firli-bahuri-ajukan-praperadilan-kapolri-itu-hak-biar-diuji-oleh-hakim,"
Senin, 27 Nov 2023 12:03 WIB "
SYL Siap Diperiksa Polda Metro Terkait Kasus Pemerasan Firli Bahuri,https://news.detik.com/berita/d-7058447/syl-siap-diperiksa-polda-metro-terkait-kasus-pemerasan-firli-bahuri,"
Senin, 27 Nov 2023 12:01 WIB "
Dewas KPK Jamin Pengusutan Dugaan Pelanggaran Etik Firli Dilanjutkan,https://news.detik.com/berita/d-7058404/dewas-kpk-jamin-pengusutan-dugaan-pelanggaran-etik-firli-dilanjutkan,"
Senin, 27 Nov 2023 11:43 WIB "
"Ucapkan Sumpah di Hadapan Jokowi, Nawawi Resmi Jadi Ketua KPK Sementara",https://news.detik.com/berita/d-7058245/ucapkan-sumpah-di-hadapan-jokowi-nawawi-resmi-jadi-ketua-kpk-sementara,"
Senin, 27 Nov 2023 10:47 WIB "
Amien Rais Berharap Firli Bahuri Dibui Seumur Hidup: Penjahat Besar!,https://news.detik.com/berita/d-7057289/amien-rais-berharap-firli-bahuri-dibui-seumur-hidup-penjahat-besar,"
Minggu, 26 Nov 2023 14:35 WIB "
"Daftar Kontroversi Firli, Kini Diberhentikan dari Ketua KPK karena Tersangka",https://news.detik.com/berita/d-7057258/daftar-kontroversi-firli-kini-diberhentikan-dari-ketua-kpk-karena-tersangka,"
Minggu, 26 Nov 2023 14:16 WIB "
Polisi Bakal Periksa Lagi SYL Usai Firli Bahuri Ditetapkan Jadi Tersangka,https://news.detik.com/berita/d-7057065/polisi-bakal-periksa-lagi-syl-usai-firli-bahuri-ditetapkan-jadi-tersangka,"
Minggu, 26 Nov 2023 11:46 WIB "
Ada Pertimbangan Rahasia Jokowi di Balik Nawawi Gantikan Firli,https://news.detik.com/berita/d-7056817/ada-pertimbangan-rahasia-jokowi-di-balik-nawawi-gantikan-firli,"
Minggu, 26 Nov 2023 08:34 WIB "
Ma'ruf Harap KPK-MK Lebih Bermarwah: Jangan Sampai Kredibilitas Turun,https://news.detik.com/berita/d-7056547/maruf-harap-kpk-mk-lebih-bermarwah-jangan-sampai-kredibilitas-turun,"
Sabtu, 25 Nov 2023 22:21 WIB "
Jokowi Ungkap Alasan Tunjuk Nawawi Jadi Ketua KPK Sementara,https://news.detik.com/berita/d-7056153/jokowi-ungkap-alasan-tunjuk-nawawi-jadi-ketua-kpk-sementara,"
Sabtu, 25 Nov 2023 16:56 WIB "
Anies Ingin Pimpinan KPK Teken Komitmen Mundur Bila Langgar Kode Etik,https://news.detik.com/pemilu/d-7055893/anies-ingin-pimpinan-kpk-teken-komitmen-mundur-bila-langgar-kode-etik,"
Sabtu, 25 Nov 2023 13:20 WIB "
MAKI Heran Sikap Alex Marwata soal Firli Tersangka: Kita Rakyat Saja Malu!,https://news.detik.com/berita/d-7055506/maki-heran-sikap-alex-marwata-soal-firli-tersangka-kita-rakyat-saja-malu,"
Sabtu, 25 Nov 2023 08:03 WIB "
Tak Jadi Persoalan bagi Polisi Usai Firli Bahuri Melawan,https://news.detik.com/berita/d-7055452/tak-jadi-persoalan-bagi-polisi-usai-firli-bahuri-melawan,"
Sabtu, 25 Nov 2023 07:04 WIB "
Sahroni Soroti Alex Marwata Tak Malu Firli Tersangka: KPK Harusnya Prihatin,https://news.detik.com/berita/d-7055450/sahroni-soroti-alex-marwata-tak-malu-firli-tersangka-kpk-harusnya-prihatin,"
Sabtu, 25 Nov 2023 06:47 WIB "
Kata KPK soal Bantuan Hukum untuk Firli Usai Jadi Tersangka Pemerasan SYL,https://news.detik.com/berita/d-7055429/kata-kpk-soal-bantuan-hukum-untuk-firli-usai-jadi-tersangka-pemerasan-syl,"
Sabtu, 25 Nov 2023 05:41 WIB "
Johanis Tanak Siap Penuhi Panggilan Polda Metro sebagai Saksi Kasus Firli,https://news.detik.com/berita/d-7055412/johanis-tanak-siap-penuhi-panggilan-polda-metro-sebagai-saksi-kasus-firli,"
Sabtu, 25 Nov 2023 04:55 WIB "
Jokowi Teken Keppres Pemberhentian Sementara Firli dari Ketua KPK di Lanud Halim,https://news.detik.com/berita/d-7055342/jokowi-teken-keppres-pemberhentian-sementara-firli-dari-ketua-kpk-di-lanud-halim,"
Jumat, 24 Nov 2023 23:18 WIB "
Gerak-gerik Firli Bahuri Terbatasi Usai Dicegah ke Luar Negeri,https://news.detik.com/berita/d-7055229/gerak-gerik-firli-bahuri-terbatasi-usai-dicegah-ke-luar-negeri,"
Jumat, 24 Nov 2023 21:03 WIB "
Polda Metro Siap Hadapi Praperadilan Status Tersangka Firli Bahuri,https://news.detik.com/berita/d-7055049/polda-metro-siap-hadapi-praperadilan-status-tersangka-firli-bahuri,"
Jumat, 24 Nov 2023 18:57 WIB "
Sidang Perdana Praperadilan Status Tersangka Firli Digelar 11 Desember,https://news.detik.com/berita/d-7054762/sidang-perdana-praperadilan-status-tersangka-firli-digelar-11-desember,"
Jumat, 24 Nov 2023 17:04 WIB "
"Firli Tersangka Pemerasan, Ini Harapan Kaesang untuk Ketua KPK Selanjutnya",https://news.detik.com/berita/d-7054736/firli-tersangka-pemerasan-ini-harapan-kaesang-untuk-ketua-kpk-selanjutnya,"
Jumat, 24 Nov 2023 16:56 WIB "
Firli Bahuri Ajukan Praperadilan Lawan Kapolda Metro!,https://news.detik.com/berita/d-7054731/firli-bahuri-ajukan-praperadilan-lawan-kapolda-metro,"
Jumat, 24 Nov 2023 16:52 WIB "
Polisi Jelaskan Alasan Belum Tahan Firli Tersangka Dugaan Pemerasan SYL,https://news.detik.com/berita/d-7054655/polisi-jelaskan-alasan-belum-tahan-firli-tersangka-dugaan-pemerasan-syl,"
Jumat, 24 Nov 2023 16:26 WIB "
"Kejati DKI Terima SPDP Firli Tersangka, Tunjuk 4 Jaksa Teliti Berkas",https://news.detik.com/berita/d-7054616/kejati-dki-terima-spdp-firli-tersangka-tunjuk-4-jaksa-teliti-berkas,"
Jumat, 24 Nov 2023 16:16 WIB "
Polisi soal Firli Tersangka Pemerasan SYL: Ada Beberapa Kali Penyerahan Uang,https://news.detik.com/berita/d-7054447/polisi-soal-firli-tersangka-pemerasan-syl-ada-beberapa-kali-penyerahan-uang,"
Jumat, 24 Nov 2023 14:46 WIB "
Polisi Periksa Firli sebagai Tersangka Pemerasan SYL Pekan Depan,https://news.detik.com/berita/d-7054362/polisi-periksa-firli-sebagai-tersangka-pemerasan-syl-pekan-depan,"
Jumat, 24 Nov 2023 14:14 WIB "
Polisi Tak Masalah Firli Mau Lawan Penetapan Tersangka Kasus Pemerasan SYL,https://news.detik.com/berita/d-7054347/polisi-tak-masalah-firli-mau-lawan-penetapan-tersangka-kasus-pemerasan-syl,"
Jumat, 24 Nov 2023 14:07 WIB "
ICW: Alexander Marwata Lebih Seperti Pengacara Firli Ketimbang Pimpinan KPK,https://news.detik.com/berita/d-7054322/icw-alexander-marwata-lebih-seperti-pengacara-firli-ketimbang-pimpinan-kpk,"
Jumat, 24 Nov 2023 13:58 WIB "
Polisi Akan Panggil 4 Pimpinan KPK Usai Firli Jadi Tersangka Pemerasan SYL,https://news.detik.com/berita/d-7054274/polisi-akan-panggil-4-pimpinan-kpk-usai-firli-jadi-tersangka-pemerasan-syl,"
Jumat, 24 Nov 2023 13:36 WIB "
"Firli Bahuri Tersangka, Cak Imin Bersyukur Hukum Tegak Tak Pandang Bulu",https://news.detik.com/pemilu/d-7054242/firli-bahuri-tersangka-cak-imin-bersyukur-hukum-tegak-tak-pandang-bulu,"
Jumat, 24 Nov 2023 13:25 WIB "
"Firli Bahuri Dicegah ke Luar Negeri Selama 20 Hari, Ini Alasan Polisi",https://news.detik.com/berita/d-7054183/firli-bahuri-dicegah-ke-luar-negeri-selama-20-hari-ini-alasan-polisi,"
Jumat, 24 Nov 2023 12:55 WIB "
Ketua KPK Firli Bahuri Dicegah ke Luar Negeri!,https://news.detik.com/berita/d-7054166/ketua-kpk-firli-bahuri-dicegah-ke-luar-negeri,"
Jumat, 24 Nov 2023 12:43 WIB "
Beda Sikap 2 Pimpinan KPK Usai Firli Bahuri Jadi Tersangka Pemerasan SYL,https://news.detik.com/berita/d-7053999/beda-sikap-2-pimpinan-kpk-usai-firli-bahuri-jadi-tersangka-pemerasan-syl,"
Jumat, 24 Nov 2023 11:12 WIB "
"Pemberhentian Firli Bahuri Tinggal Tunggu Waktu, Siapa Kandidat Ketua KPK?",https://news.detik.com/berita/d-7053949/pemberhentian-firli-bahuri-tinggal-tunggu-waktu-siapa-kandidat-ketua-kpk,"
Jumat, 24 Nov 2023 10:57 WIB "
Jokowi Akan Tanda Tangani Keppres Pemberhentian Sementara Firli Malam Ini,https://news.detik.com/berita/d-7053900/jokowi-akan-tanda-tangani-keppres-pemberhentian-sementara-firli-malam-ini,"
Jumat, 24 Nov 2023 10:36 WIB "
"KPK: Sepanjang Belum Ada Keppres Pemberhentian, Firli Bahuri Tetap Ketua",https://news.detik.com/berita/d-7053837/kpk-sepanjang-belum-ada-keppres-pemberhentian-firli-bahuri-tetap-ketua,"
Jumat, 24 Nov 2023 10:02 WIB "
"Firli Bahuri Tersangka Dugaan Pemerasan SYL, Eks Pimpinan KPK: Memalukan!",https://news.detik.com/berita/d-7053744/firli-bahuri-tersangka-dugaan-pemerasan-syl-eks-pimpinan-kpk-memalukan,"
Jumat, 24 Nov 2023 08:56 WIB "
IM57+ Dorong Jokowi Segera Berhentikan Firli Bahuri dari Ketua KPK,https://news.detik.com/berita/d-7053707/im57-dorong-jokowi-segera-berhentikan-firli-bahuri-dari-ketua-kpk,"
Jumat, 24 Nov 2023 08:31 WIB "
Saut Situmorang Apresiasi Polri Tetapkan Firli Bahuri Tersangka Pemerasan SYL,https://news.detik.com/berita/d-7053660/saut-situmorang-apresiasi-polri-tetapkan-firli-bahuri-tersangka-pemerasan-syl,"
Jumat, 24 Nov 2023 07:42 WIB "
"Firli Jadi Tersangka, Ghufron: Saya Minta Maaf Peristiwa itu Bikin Gaduh",https://news.detik.com/berita/d-7053634/firli-jadi-tersangka-ghufron-saya-minta-maaf-peristiwa-itu-bikin-gaduh,"
Jumat, 24 Nov 2023 07:08 WIB "
Menanti Keppres Pemberhentian Firli Bahuri,https://news.detik.com/berita/d-7053627/menanti-keppres-pemberhentian-firli-bahuri,"
Jumat, 24 Nov 2023 07:01 WIB "
Desakan dari Mana-mana Agar Firli Mundur dari KPK Usai Jadi Tersangka,https://news.detik.com/berita/d-7053610/desakan-dari-mana-mana-agar-firli-mundur-dari-kpk-usai-jadi-tersangka,"
Jumat, 24 Nov 2023 06:37 WIB "
Samad Curiga Alex Marwata Lindungi Firli Usai Bilang Tak Merasa Malu,https://news.detik.com/berita/d-7053554/samad-curiga-alex-marwata-lindungi-firli-usai-bilang-tak-merasa-malu,"
Jumat, 24 Nov 2023 00:35 WIB "
Dua Kali Anggukan Kepala SYL: Jumpa di Kertanegara dan Firli Tersangka,https://news.detik.com/berita/d-7053380/dua-kali-anggukan-kepala-syl-jumpa-di-kertanegara-dan-firli-tersangka,"
Kamis, 23 Nov 2023 21:03 WIB "
Ma'ruf Amin soal Firli Tersangka: Silakan Berjalan Sesuai Koridor Hukum,https://news.detik.com/berita/d-7053331/maruf-amin-soal-firli-tersangka-silakan-berjalan-sesuai-koridor-hukum,"
Kamis, 23 Nov 2023 20:35 WIB "
Firli Bahuri Siapkan Perlawanan Usai Jadi Tersangka Pemerasan,https://news.detik.com/berita/d-7053318/firli-bahuri-siapkan-perlawanan-usai-jadi-tersangka-pemerasan,"
Kamis, 23 Nov 2023 20:23 WIB "
"Pimpinan KPK Tersangka Bukan Kali Ini Saja, tapi Kini Ada yang Beda",https://news.detik.com/berita/d-7053180/pimpinan-kpk-tersangka-bukan-kali-ini-saja-tapi-kini-ada-yang-beda,"
Kamis, 23 Nov 2023 19:08 WIB "
"Firli Tersangka, Eks Pegawai Bawa Gerobak Nasi Goreng ke Gedung KPK",https://news.detik.com/berita/d-7053172/firli-tersangka-eks-pegawai-bawa-gerobak-nasi-goreng-ke-gedung-kpk,"
Kamis, 23 Nov 2023 19:03 WIB "
"Keppres Pemberhentian Sementara Firli Bahuri Disiapkan, Segera Diteken Jokowi",https://news.detik.com/berita/d-7053153/keppres-pemberhentian-sementara-firli-bahuri-disiapkan-segera-diteken-jokowi,"
Kamis, 23 Nov 2023 18:53 WIB "
3 Langkah Polisi Usai Tetapkan Firli Bahuri Tersangka Pemerasan,https://news.detik.com/berita/d-7053095/3-langkah-polisi-usai-tetapkan-firli-bahuri-tersangka-pemerasan,"
Kamis, 23 Nov 2023 18:20 WIB "
"Muhammadiyah Dukung Polri, Minta Tak Ragu Usut Kasus Firli Peras SYL",https://news.detik.com/berita/d-7053069/muhammadiyah-dukung-polri-minta-tak-ragu-usut-kasus-firli-peras-syl,"
Kamis, 23 Nov 2023 18:00 WIB "
Surat Polisi dan Dewas soal Status Tersangka Firli Sudah Diterima Setneg,https://news.detik.com/berita/d-7053055/surat-polisi-dan-dewas-soal-status-tersangka-firli-sudah-diterima-setneg,"
Kamis, 23 Nov 2023 17:53 WIB "
Anies soal Firli Bahuri Tersangka: KPK Harusnya Jadi Contoh,https://news.detik.com/berita/d-7052903/anies-soal-firli-bahuri-tersangka-kpk-harusnya-jadi-contoh,"
Kamis, 23 Nov 2023 17:02 WIB "
"Firli Bahuri Bakal Melawan Usai Jadi Tersangka, Mahfud Md: Itu Hak Dia",https://news.detik.com/berita/d-7052775/firli-bahuri-bakal-melawan-usai-jadi-tersangka-mahfud-md-itu-hak-dia,"
Kamis, 23 Nov 2023 16:06 WIB "
"Resmi Jadi Tersangka, Berapa Nominal Firli Bahuri Peras SYL?",https://news.detik.com/berita/d-7052746/resmi-jadi-tersangka-berapa-nominal-firli-bahuri-peras-syl,"
Kamis, 23 Nov 2023 15:56 WIB "
Mahfud Minta KPK Tetap Jalan Meski Firli Bahuri Berstatus Tersangka,https://news.detik.com/berita/d-7052742/mahfud-minta-kpk-tetap-jalan-meski-firli-bahuri-berstatus-tersangka,"
Kamis, 23 Nov 2023 15:54 WIB "
"Ketua KPK Firli Bahuri Tersangka, Begini Reaksi Syahrul Yasin Limpo",https://news.detik.com/berita/d-7052725/ketua-kpk-firli-bahuri-tersangka-begini-reaksi-syahrul-yasin-limpo,"
Kamis, 23 Nov 2023 15:46 WIB "
KPK Klaim Kasus SYL Tak Cacat Hukum Usai Firli Resmi Tersangka Pemerasan,https://news.detik.com/berita/d-7052692/kpk-klaim-kasus-syl-tak-cacat-hukum-usai-firli-resmi-tersangka-pemerasan,"
Kamis, 23 Nov 2023 15:40 WIB "
Alex Marwata KPK Tak Malu Meski Firli Bahuri Jadi Tersangka,https://news.detik.com/berita/d-7052638/alex-marwata-kpk-tak-malu-meski-firli-bahuri-jadi-tersangka,"
Kamis, 23 Nov 2023 15:20 WIB "
Ketua KPK Firli Bahuri Masih Ngantor Usai Resmi Jadi Tersangka,https://news.detik.com/berita/d-7052559/ketua-kpk-firli-bahuri-masih-ngantor-usai-resmi-jadi-tersangka,"
Kamis, 23 Nov 2023 14:48 WIB "
Pernyataan Lengkap KPK Tegaskan Firli Masih Ketua Meski Jadi Tersangka,https://news.detik.com/berita/d-7052486/pernyataan-lengkap-kpk-tegaskan-firli-masih-ketua-meski-jadi-tersangka,"
Kamis, 23 Nov 2023 14:22 WIB "
KPK Tunggu Keputusan Presiden soal Pemberhentian Sementara Firli Bahuri,https://news.detik.com/berita/d-7052478/kpk-tunggu-keputusan-presiden-soal-pemberhentian-sementara-firli-bahuri,"
Kamis, 23 Nov 2023 14:16 WIB "
Alex Marwata Tegaskan Firli Masih Ketua KPK Aktif Meski Jadi Tersangka,https://news.detik.com/berita/d-7052471/alex-marwata-tegaskan-firli-masih-ketua-kpk-aktif-meski-jadi-tersangka,"
Kamis, 23 Nov 2023 14:13 WIB "
"Firli Tersangka Pemerasan SYL, KPK Beri Bantuan Hukum",https://news.detik.com/berita/d-7052467/firli-tersangka-pemerasan-syl-kpk-beri-bantuan-hukum,"
Kamis, 23 Nov 2023 14:11 WIB "
Alexander Marwata Jawab soal Siapa Jadi Ketua KPK Usai Firli Tersangka,https://news.detik.com/berita/d-7052466/alexander-marwata-jawab-soal-siapa-jadi-ketua-kpk-usai-firli-tersangka,"
Kamis, 23 Nov 2023 14:10 WIB "
KPK Solid Tuntaskan Kasus Korupsi Meski Firli Bahuri Jadi Tersangka,https://news.detik.com/berita/d-7052462/kpk-solid-tuntaskan-kasus-korupsi-meski-firli-bahuri-jadi-tersangka,"
Kamis, 23 Nov 2023 14:05 WIB "
"Firli Bahuri Tersangka, Bambang Pacul Teringat 'Robohnya Surau Kami'",https://news.detik.com/berita/d-7052459/firli-bahuri-tersangka-bambang-pacul-teringat-robohnya-surau-kami,"
Kamis, 23 Nov 2023 14:05 WIB "
"Firli Bahuri Tersangka Pemerasan, KPK Hormati Proses Hukum di Polda Metro",https://news.detik.com/berita/d-7052455/firli-bahuri-tersangka-pemerasan-kpk-hormati-proses-hukum-di-polda-metro,"
Kamis, 23 Nov 2023 14:03 WIB "
"Jadi Tersangka Pemerasan, Firli Bahuri Pimpinan KPK Paling Kaya",https://news.detik.com/berita/d-7052424/jadi-tersangka-pemerasan-firli-bahuri-pimpinan-kpk-paling-kaya,"
Kamis, 23 Nov 2023 13:47 WIB "
Komisi III DPR Rapat Malam Ini Bahas Firli Tersangka: Kejadian Luar Biasa,https://news.detik.com/berita/d-7052378/komisi-iii-dpr-rapat-malam-ini-bahas-firli-tersangka-kejadian-luar-biasa,"
Kamis, 23 Nov 2023 13:30 WIB "
Ganjar-Mahfud Buka Suara soal Ketua KPK Firli Tersangka Pemerasan SYL,https://news.detik.com/pemilu/d-7052303/ganjar-mahfud-buka-suara-soal-ketua-kpk-firli-tersangka-pemerasan-syl,"
Kamis, 23 Nov 2023 13:03 WIB "
Polisi Sita Baju-Sepatu SYL Saat Bertemu Firli di GOR Badminton,https://news.detik.com/berita/d-7052257/polisi-sita-baju-sepatu-syl-saat-bertemu-firli-di-gor-badminton,"
Kamis, 23 Nov 2023 12:42 WIB "
Polri Kirim Surat Penetapan Tersangka Firli Bahuri ke Setneg Hari Ini,https://news.detik.com/berita/d-7052231/polri-kirim-surat-penetapan-tersangka-firli-bahuri-ke-setneg-hari-ini,"
Kamis, 23 Nov 2023 12:31 WIB "
Dewas KPK Akan Surati Presiden Terkait Pemberhentian Sementara Firli Bahuri,https://news.detik.com/berita/d-7052223/dewas-kpk-akan-surati-presiden-terkait-pemberhentian-sementara-firli-bahuri,"
Kamis, 23 Nov 2023 12:26 WIB "
Profil Ketua KPK Firli Bahuri Tersangka Kasus Pemerasan SYL,https://news.detik.com/berita/d-7052220/profil-ketua-kpk-firli-bahuri-tersangka-kasus-pemerasan-syl,"
Kamis, 23 Nov 2023 12:26 WIB "
ICW Desak Akses Firli Bahuri Masuk ke KPK Dicabut Usai Jadi Tersangka,https://news.detik.com/berita/d-7052184/icw-desak-akses-firli-bahuri-masuk-ke-kpk-dicabut-usai-jadi-tersangka,"
Kamis, 23 Nov 2023 12:18 WIB "
PSI Minta Firli Bahuri Mundur,https://news.detik.com/pemilu/d-7052181/psi-minta-firli-bahuri-mundur,"
Kamis, 23 Nov 2023 12:16 WIB "
Ketua KPK Firli Bahuri Akan Melawan Usai Jadi Tersangka Pemerasan,https://news.detik.com/berita/d-7052065/ketua-kpk-firli-bahuri-akan-melawan-usai-jadi-tersangka-pemerasan,"
Kamis, 23 Nov 2023 11:29 WIB "
Sahroni Minta Ketua KPK Firli Mundur Usai Jadi Tersangka Pemerasan SYL,https://news.detik.com/berita/d-7052054/sahroni-minta-ketua-kpk-firli-mundur-usai-jadi-tersangka-pemerasan-syl,"
Kamis, 23 Nov 2023 11:25 WIB "
Rekam Jejak Firli Bahuri Selalu Lolos Etik Kini Jadi Tersangka Pemerasan,https://news.detik.com/berita/d-7052029/rekam-jejak-firli-bahuri-selalu-lolos-etik-kini-jadi-tersangka-pemerasan,"
Kamis, 23 Nov 2023 11:08 WIB "
Dewas KPK soal Pemberhentian Sementara Firli: Ada di Tangan Presiden,https://news.detik.com/berita/d-7052000/dewas-kpk-soal-pemberhentian-sementara-firli-ada-di-tangan-presiden,"
Kamis, 23 Nov 2023 10:52 WIB "
Dewas KPK Tetap Lanjut Proses Etik Usai Firli Bahuri Jadi Tersangka,https://news.detik.com/berita/d-7051963/dewas-kpk-tetap-lanjut-proses-etik-usai-firli-bahuri-jadi-tersangka,"
Kamis, 23 Nov 2023 10:30 WIB "
Jokowi soal Firli Bahuri Tersangka: Hormati Semua Proses Hukum,https://news.detik.com/berita/d-7051895/jokowi-soal-firli-bahuri-tersangka-hormati-semua-proses-hukum,"
Kamis, 23 Nov 2023 09:49 WIB "
Kapan Firli Bahuri Dicegah ke Luar Negeri? Ini Kata Polda Metro,https://news.detik.com/berita/d-7051894/kapan-firli-bahuri-dicegah-ke-luar-negeri-ini-kata-polda-metro,"
Kamis, 23 Nov 2023 09:49 WIB "
Setneg Tunggu Surat dari Polri untuk Proses Pemberhentian Sementara Firli,https://news.detik.com/berita/d-7051885/setneg-tunggu-surat-dari-polri-untuk-proses-pemberhentian-sementara-firli,"
Kamis, 23 Nov 2023 09:39 WIB "
Wakil Ketua KPK soal Firli Bahuri Tersangka: Harus Taat Hukum,https://news.detik.com/berita/d-7051860/wakil-ketua-kpk-soal-firli-bahuri-tersangka-harus-taat-hukum,"
Kamis, 23 Nov 2023 09:22 WIB "
"Firli Bahuri Tersangka, UU KPK Sebut Pemberhentian Sementara Lewat Keppres",https://news.detik.com/berita/d-7051851/firli-bahuri-tersangka-uu-kpk-sebut-pemberhentian-sementara-lewat-keppres,"
Kamis, 23 Nov 2023 09:13 WIB "
"Firli Jadi Tersangka Pemerasan SYL, MAKI: Hilangkan Beban KPK",https://news.detik.com/berita/d-7051835/firli-jadi-tersangka-pemerasan-syl-maki-hilangkan-beban-kpk,"
Kamis, 23 Nov 2023 09:03 WIB "
Penjelasan Lengkap Polda Metro Tetapkan Ketua KPK Firli Bahuri Jadi Tersangka,https://news.detik.com/berita/d-7051800/penjelasan-lengkap-polda-metro-tetapkan-ketua-kpk-firli-bahuri-jadi-tersangka,"
Kamis, 23 Nov 2023 08:40 WIB "
5 Fakta Ketua KPK Firli Bahuri Dijerat Polisi Jadi Tersangka,https://news.detik.com/berita/d-7051771/5-fakta-ketua-kpk-firli-bahuri-dijerat-polisi-jadi-tersangka,"
Kamis, 23 Nov 2023 08:35 WIB "
Firli Bahuri Tersangka! Hingga Belajar dari Kasus Bayi Prematur,https://news.detik.com/berita/d-7051447/firli-bahuri-tersangka-hingga-belajar-dari-kasus-bayi-prematur,"
Kamis, 23 Nov 2023 08:05 WIB "
Jejak Perkara Peras SYL Berujung Firli Bahuri Jadi Tersangka,https://news.detik.com/berita/d-7051675/jejak-perkara-peras-syl-berujung-firli-bahuri-jadi-tersangka,"
Kamis, 23 Nov 2023 06:52 WIB "
"Jadi Tersangka, Firli Bahuri Harus Diberhentikan Sementara dari Ketua KPK",https://news.detik.com/berita/d-7051667/jadi-tersangka-firli-bahuri-harus-diberhentikan-sementara-dari-ketua-kpk,"
Kamis, 23 Nov 2023 06:38 WIB "
Ancaman Penjara Seumur Hidup bagi Firli Bahuri Usai Jadi Tersangka,https://news.detik.com/berita/d-7051660/ancaman-penjara-seumur-hidup-bagi-firli-bahuri-usai-jadi-tersangka,"
Kamis, 23 Nov 2023 06:19 WIB "
"Firli Tersangka Pemerasan SYL, Pengacara: Kita Ikuti Prosesnya",https://news.detik.com/berita/d-7051610/firli-tersangka-pemerasan-syl-pengacara-kita-ikuti-prosesnya,"
Kamis, 23 Nov 2023 01:05 WIB "
Polisi Segera Periksa Firli Bahuri sebagai Tersangka Kasus Pemerasan SYL,https://news.detik.com/berita/d-7051609/polisi-segera-periksa-firli-bahuri-sebagai-tersangka-kasus-pemerasan-syl,"
Kamis, 23 Nov 2023 01:04 WIB "
Daftar Lengkap Barang Bukti Disita Polisi di Kasus Firli Peras SYL,https://news.detik.com/berita/d-7051606/daftar-lengkap-barang-bukti-disita-polisi-di-kasus-firli-peras-syl,"
Kamis, 23 Nov 2023 00:53 WIB "
"Tersangka Pemerasan-Gratifikasi, Firli Terancam Hukuman Penjara Seumur Hidup",https://news.detik.com/berita/d-7051604/tersangka-pemerasan-gratifikasi-firli-terancam-hukuman-penjara-seumur-hidup,"
Kamis, 23 Nov 2023 00:48 WIB "
Ini Isi Pasal yang Jerat Firli Bahuri Jadi Tersangka Pemerasan SYL,https://news.detik.com/berita/d-7051600/ini-isi-pasal-yang-jerat-firli-bahuri-jadi-tersangka-pemerasan-syl,"
Kamis, 23 Nov 2023 00:28 WIB "
"Tetapkan Firli Tersangka Pemerasan, Polisi Sita Dokumen Tukar Valas Rp 7,4 M",https://news.detik.com/berita/d-7051587/tetapkan-firli-tersangka-pemerasan-polisi-sita-dokumen-tukar-valas-rp-7-4-m,"
Kamis, 23 Nov 2023 00:17 WIB "
"Firli Bahuri Jadi Tersangka, Dijerat Pasal Pemerasan hingga Gratifikasi",https://news.detik.com/berita/d-7051586/firli-bahuri-jadi-tersangka-dijerat-pasal-pemerasan-hingga-gratifikasi,"
Kamis, 23 Nov 2023 00:09 WIB "
Ketua KPK Firli Bahuri Ditetapkan Jadi Tersangka Pemerasan SYL!,https://news.detik.com/berita/d-7051581/ketua-kpk-firli-bahuri-ditetapkan-jadi-tersangka-pemerasan-syl,"
Rabu, 22 Nov 2023 23:55 WIB "
Dewas KPK soal Koordinasi dengan Bareskrim: Intinya Tukar-menukar Informasi,https://news.detik.com/berita/d-7051134/dewas-kpk-soal-koordinasi-dengan-bareskrim-intinya-tukar-menukar-informasi,"
Rabu, 22 Nov 2023 18:06 WIB "
Dewas KPK Sudah Periksa 20 Saksi soal Dugaan Firli Peras SYL,https://news.detik.com/berita/d-7051028/dewas-kpk-sudah-periksa-20-saksi-soal-dugaan-firli-peras-syl,"
Rabu, 22 Nov 2023 17:27 WIB "
"""Contante Justitie"" dalam Perkara Firli Bahuri vs Yasin Limpo",https://news.detik.com/kolom/d-7050510/contante-justitie-dalam-perkara-firli-bahuri-vs-yasin-limpo,"
Rabu, 22 Nov 2023 14:15 WIB "
ICW: Firli Sedang Main Peran Seolah Dia Korban Kriminalisasi,https://news.detik.com/berita/d-7049945/icw-firli-sedang-main-peran-seolah-dia-korban-kriminalisasi,"
Rabu, 22 Nov 2023 09:12 WIB "
Terbuka Peluang Konfrontasi Firli Vs SYL di Dewas KPK,https://news.detik.com/berita/d-7049822/terbuka-peluang-konfrontasi-firli-vs-syl-di-dewas-kpk,"
Rabu, 22 Nov 2023 06:59 WIB "
Urusan Sewa Rumah Rehat Firli Bahuri Kini Diusut Dewas KPK,https://news.detik.com/berita/d-7049476/urusan-sewa-rumah-rehat-firli-bahuri-kini-diusut-dewas-kpk,"
Selasa, 21 Nov 2023 20:00 WIB "
Anggota Dewas KPK Albertina Ho Ungkap Alasan Sambangi Bareskrim Polri,https://news.detik.com/berita/d-7049308/anggota-dewas-kpk-albertina-ho-ungkap-alasan-sambangi-bareskrim-polri,"
Selasa, 21 Nov 2023 18:35 WIB "
"Dewas KPK Sambangi Bareskrim, Terkait Kasus Firli Bahuri?",https://news.detik.com/berita/d-7049117/dewas-kpk-sambangi-bareskrim-terkait-kasus-firli-bahuri,"
Selasa, 21 Nov 2023 17:21 WIB "
Dewas KPK Usut Laporan MAKI soal Sewa Rumah Rehat Firli Rp 650 Juta/Tahun,https://news.detik.com/berita/d-7048244/dewas-kpk-usut-laporan-maki-soal-sewa-rumah-rehat-firli-rp-650-juta-tahun,"
Selasa, 21 Nov 2023 11:31 WIB "
MAKI: Firli Merasa Asing di Mabes karena Diperlakukan Sama dengan Saksi Lain,https://news.detik.com/berita/d-7048232/maki-firli-merasa-asing-di-mabes-karena-diperlakukan-sama-dengan-saksi-lain,"
Selasa, 21 Nov 2023 11:20 WIB "
4 Klaim Firli Bahuri di Balik Aksi Tutup Wajah di Bareskrim Polri,https://news.detik.com/berita/d-7047824/4-klaim-firli-bahuri-di-balik-aksi-tutup-wajah-di-bareskrim-polri,"
Selasa, 21 Nov 2023 05:56 WIB "
Polisi Respons Firli Bahuri yang Merasa Asing Saat Diperiksa di Bareskrim,https://news.detik.com/berita/d-7047312/polisi-respons-firli-bahuri-yang-merasa-asing-saat-diperiksa-di-bareskrim,"
Senin, 20 Nov 2023 17:59 WIB "
Dewas KPK Buka Peluang Konfrontasi Firli dengan Syahrul Yasin Limpo,https://news.detik.com/berita/d-7047286/dewas-kpk-buka-peluang-konfrontasi-firli-dengan-syahrul-yasin-limpo,"
Senin, 20 Nov 2023 17:49 WIB "
Firli Bahuri Selesai Diperiksa Dewas 3 Jam Terkait Pertemuan dengan SYL,https://news.detik.com/berita/d-7046623/firli-bahuri-selesai-diperiksa-dewas-3-jam-terkait-pertemuan-dengan-syl,"
Senin, 20 Nov 2023 13:43 WIB "
Alasan Firli Tutup Wajah di Bareskrim: Situasi Abnormal Tak Bisa Dijelaskan,https://news.detik.com/berita/d-7046527/alasan-firli-tutup-wajah-di-bareskrim-situasi-abnormal-tak-bisa-dijelaskan,"
Senin, 20 Nov 2023 13:05 WIB "
"Firli Klaim Polisi Salah Geledah 3 Rumah: Dianggap Rumah Saya, Padahal Bukan",https://news.detik.com/berita/d-7046439/firli-klaim-polisi-salah-geledah-3-rumah-dianggap-rumah-saya-padahal-bukan,"
Senin, 20 Nov 2023 12:29 WIB "
Firli Bahuri Klaim Mobilnya 'Hilang' Usai Diperiksa di Bareskrim Polri,https://news.detik.com/berita/d-7046415/firli-bahuri-klaim-mobilnya-hilang-usai-diperiksa-di-bareskrim-polri,"
Senin, 20 Nov 2023 12:22 WIB "
Firli Buka Suara Usai Heboh Aksi Tutup Wajah Pakai Tas,https://news.detik.com/berita/d-7046175/firli-buka-suara-usai-heboh-aksi-tutup-wajah-pakai-tas,"
Senin, 20 Nov 2023 11:10 WIB "
Firli Penuhi Panggilan Dewas KPK soal Pertemuan dengan SYL,https://news.detik.com/berita/d-7046068/firli-penuhi-panggilan-dewas-kpk-soal-pertemuan-dengan-syl,"
Senin, 20 Nov 2023 10:22 WIB "
Dewas KPK Periksa Firli Bahuri soal Pertemuan dengan SYL Hari Ini,https://news.detik.com/berita/d-7045882/dewas-kpk-periksa-firli-bahuri-soal-pertemuan-dengan-syl-hari-ini,"
Senin, 20 Nov 2023 07:45 WIB "
"Firli Singgung Kasus Sapi di Kementan, KPK Bilang Belum Tahap Penyelidikan",https://news.detik.com/berita/d-7043413/firli-singgung-kasus-sapi-di-kementan-kpk-bilang-belum-tahap-penyelidikan,"
Sabtu, 18 Nov 2023 09:58 WIB "
"LHKPN, Kunci Mobil hingga Dompet Firli dalam Sitaan Polisi",https://news.detik.com/berita/d-7043258/lhkpn-kunci-mobil-hingga-dompet-firli-dalam-sitaan-polisi,"
Sabtu, 18 Nov 2023 06:36 WIB "
"Firli Bantah Lakukan Pemerasan, SYL Balas 'Aku Masih Diborgol'",https://news.detik.com/berita/d-7042486/firli-bantah-lakukan-pemerasan-syl-balas-aku-masih-diborgol,"
Jumat, 17 Nov 2023 16:37 WIB "
Polisi Jelaskan Alasan Sita Kunci Mobil-Dompet dari Rumah Rehat Firli,https://news.detik.com/berita/d-7042150/polisi-jelaskan-alasan-sita-kunci-mobil-dompet-dari-rumah-rehat-firli,"
Jumat, 17 Nov 2023 14:31 WIB "
"Polisi Sebut KPK Tak Supervisi Kasus Dugaan SYL Diperas, Ini Alasannya",https://news.detik.com/berita/d-7041959/polisi-sebut-kpk-tak-supervisi-kasus-dugaan-syl-diperas-ini-alasannya,"
Jumat, 17 Nov 2023 13:13 WIB "
"Rapat dengan Polda Metro soal Dugaan SYL Diperas, KPK: Masih Tahap Koordinasi",https://news.detik.com/berita/d-7041937/rapat-dengan-polda-metro-soal-dugaan-syl-diperas-kpk-masih-tahap-koordinasi,"
Jumat, 17 Nov 2023 13:07 WIB "
Polisi Juga Sita Dokumen Selain LHKPN Firli Terkait Dugaan SYL Diperas,https://news.detik.com/berita/d-7041917/polisi-juga-sita-dokumen-selain-lhkpn-firli-terkait-dugaan-syl-diperas,"
Jumat, 17 Nov 2023 13:02 WIB "
Firli Akui Kunci Mobil-Dompet Disita Polisi Terkait Dugaan Pemerasan SYL,https://news.detik.com/berita/d-7041823/firli-akui-kunci-mobil-dompet-disita-polisi-terkait-dugaan-pemerasan-syl,"
Jumat, 17 Nov 2023 11:49 WIB "
Polisi Gelar Anev Penyidikan Kasus Dugaan SYL Diperas Usai Periksa Firli,https://news.detik.com/berita/d-7041715/polisi-gelar-anev-penyidikan-kasus-dugaan-syl-diperas-usai-periksa-firli,"
Jumat, 17 Nov 2023 11:05 WIB "
"LHKPN Disita Polisi Terkait Dugaan SYL Diperas, Firli Bicara Hak Keadilan",https://news.detik.com/berita/d-7041672/lhkpn-disita-polisi-terkait-dugaan-syl-diperas-firli-bicara-hak-keadilan,"
Jumat, 17 Nov 2023 10:52 WIB "
Firli: Saya Tak Pernah Memeras Terkait Penanganan Masalah Hukum di Kementan,https://news.detik.com/berita/d-7041632/firli-saya-tak-pernah-memeras-terkait-penanganan-masalah-hukum-di-kementan,"
Jumat, 17 Nov 2023 10:30 WIB "
ICW Kritik Firli Tutupi Wajah Usai Diperiksa Polisi: Seperti Koruptor,https://news.detik.com/berita/d-7041580/icw-kritik-firli-tutupi-wajah-usai-diperiksa-polisi-seperti-koruptor,"
Jumat, 17 Nov 2023 09:58 WIB "
Kala Firli Bahuri Tutupi Muka Usai Diperiksa,https://news.detik.com/berita/d-7041376/kala-firli-bahuri-tutupi-muka-usai-diperiksa,"
Jumat, 17 Nov 2023 07:03 WIB "
MAKI Soal Firli yang Tutupi Wajah Usai Diperiksa Polisi: Memalukan!,https://news.detik.com/berita/d-7041347/maki-soal-firli-yang-tutupi-wajah-usai-diperiksa-polisi-memalukan,"
Jumat, 17 Nov 2023 06:24 WIB "
Firli Bahuri Dicecar 15 Pertanyaan Terkait Kasus Dugaan SYL Diperas,https://news.detik.com/berita/d-7040718/firli-bahuri-dicecar-15-pertanyaan-terkait-kasus-dugaan-syl-diperas,"
Kamis, 16 Nov 2023 17:55 WIB "
Polda Metro Pastikan Hadir Rapat Koordinasi KPK Terkait Dugaan SYL Diperas,https://news.detik.com/berita/d-7040646/polda-metro-pastikan-hadir-rapat-koordinasi-kpk-terkait-dugaan-syl-diperas,"
Kamis, 16 Nov 2023 17:27 WIB "
Polisi Sita Dokumen LHKPN Firli Bahuri di Kasus Dugaan Pemerasan SYL,https://news.detik.com/berita/d-7040553/polisi-sita-dokumen-lhkpn-firli-bahuri-di-kasus-dugaan-pemerasan-syl,"
Kamis, 16 Nov 2023 16:44 WIB "
"Tutupi Wajah dengan Tas, Firli Keluar dari Bareskrim Usai Diperiksa",https://news.detik.com/berita/d-7040367/tutupi-wajah-dengan-tas-firli-keluar-dari-bareskrim-usai-diperiksa,"
Kamis, 16 Nov 2023 15:22 WIB "
Kapolda Metro Datangi Bareskrim di Tengah Pemeriksaan Firli Bahuri,https://news.detik.com/berita/d-7040208/kapolda-metro-datangi-bareskrim-di-tengah-pemeriksaan-firli-bahuri,"
Kamis, 16 Nov 2023 14:21 WIB "
"Selain Firli, 3 Pegawai KPK Diperiksa di Bareskrim Terkait Dugaan SYL Diperas",https://news.detik.com/berita/d-7039611/selain-firli-3-pegawai-kpk-diperiksa-di-bareskrim-terkait-dugaan-syl-diperas,"
Kamis, 16 Nov 2023 09:59 WIB "
"Sempat Absen, Firli Penuhi Panggilan Pemeriksaan Kasus Dugaan SYL Diperas",https://news.detik.com/detiknews/d-7039589/sempat-absen-firli-penuhi-panggilan-pemeriksaan-kasus-dugaan-syl-diperas,"
Kamis, 16 Nov 2023 09:47 WIB "
KPK Geledah Rumdin Anggota Komisi IV DPR Vita Ervina Terkait Kasus SYL,https://news.detik.com/berita/d-7039476/kpk-geledah-rumdin-anggota-komisi-iv-dpr-vita-ervina-terkait-kasus-syl,"
Kamis, 16 Nov 2023 08:03 WIB "
Firli Bahuri Diperiksa Terkait Dugaan Pemerasan SYL di Bareskrim Hari Ini,https://news.detik.com/berita/d-7039469/firli-bahuri-diperiksa-terkait-dugaan-pemerasan-syl-di-bareskrim-hari-ini,"
Kamis, 16 Nov 2023 07:45 WIB "
Sentilan MAKI soal Pengalihan Isu Usai Firli Bicara Harun Masiku,https://news.detik.com/berita/d-7039160/sentilan-maki-soal-pengalihan-isu-usai-firli-bicara-harun-masiku,"
Rabu, 15 Nov 2023 21:23 WIB "
"Diperiksa di Kasus SYL, Sudin Ngaku Ditanya soal Anggaran dan Pengawasan",https://news.detik.com/berita/d-7039116/diperiksa-di-kasus-syl-sudin-ngaku-ditanya-soal-anggaran-dan-pengawasan,"
Rabu, 15 Nov 2023 20:51 WIB "
Sudin Bantah Dana Korupsi Kementan Dipakai Untuk Bangun DPD PDIP Lampung,https://news.detik.com/berita/d-7039068/sudin-bantah-dana-korupsi-kementan-dipakai-untuk-bangun-dpd-pdip-lampung,"
Rabu, 15 Nov 2023 20:06 WIB "
"Para Profesor di Pusaran Berita: Anwar Usman, SYL, hingga Wamenkumham",https://news.detik.com/berita/d-7038798/para-profesor-di-pusaran-berita-anwar-usman-syl-hingga-wamenkumham,"
Rabu, 15 Nov 2023 18:11 WIB "
Ketua Komisi IV DPR Sudin Penuhi Panggilan KPK Terkait Kasus Korupsi SYL,https://news.detik.com/berita/d-7038058/ketua-komisi-iv-dpr-sudin-penuhi-panggilan-kpk-terkait-kasus-korupsi-syl,"
Rabu, 15 Nov 2023 13:26 WIB "
MAKI Sentil Firli Bahuri soal Surat Tangkap Harun Masiku: Pengalihan Isu,https://news.detik.com/berita/d-7037747/maki-sentil-firli-bahuri-soal-surat-tangkap-harun-masiku-pengalihan-isu,"
Rabu, 15 Nov 2023 11:09 WIB "
KPK Undang Polda Metro Rapat Koordinasi Bahas Dugaan SYL Diperas Lusa,https://news.detik.com/berita/d-7037659/kpk-undang-polda-metro-rapat-koordinasi-bahas-dugaan-syl-diperas-lusa,"
Rabu, 15 Nov 2023 10:34 WIB "
Polisi Periksa Direktur Gratifikasi KPK Terkait Kasus Dugaan SYL Diperas,https://news.detik.com/berita/d-7037569/polisi-periksa-direktur-gratifikasi-kpk-terkait-kasus-dugaan-syl-diperas,"
Rabu, 15 Nov 2023 09:35 WIB "
"Firli Absen Panggilan Polisi soal Pemerasan SYL, MAKI: Pembangkangan Hukum",https://news.detik.com/berita/d-7037492/firli-absen-panggilan-polisi-soal-pemerasan-syl-maki-pembangkangan-hukum,"
Rabu, 15 Nov 2023 08:37 WIB "
Tarik Ulur Firli Bahuri soal Diperiksa Dewas KPK atau Polisi,https://news.detik.com/berita/d-7037412/tarik-ulur-firli-bahuri-soal-diperiksa-dewas-kpk-atau-polisi,"
Rabu, 15 Nov 2023 07:03 WIB "
Timeline Firli Bahuri Dipanggil Dewas dan Polda Lagi tapi Belum Dihadiri,https://news.detik.com/berita/d-7037396/timeline-firli-bahuri-dipanggil-dewas-dan-polda-lagi-tapi-belum-dihadiri,"
Rabu, 15 Nov 2023 06:22 WIB "
"Praperadilan SYL Ditolak, KPK: Bukti Kasus Diungkap Sesuai Fakta",https://news.detik.com/berita/d-7036854/praperadilan-syl-ditolak-kpk-bukti-kasus-diungkap-sesuai-fakta,"
Selasa, 14 Nov 2023 18:31 WIB "
Polda Metro: Firli Bahuri Minta Diperiksa di Bareskrim 16 November,https://news.detik.com/berita/d-7036815/polda-metro-firli-bahuri-minta-diperiksa-di-bareskrim-16-november,"
Selasa, 14 Nov 2023 18:20 WIB "
Polisi Sudah Periksa 86 Saksi Terkait Kasus Dugaan Pemerasan SYL,https://news.detik.com/berita/d-7036328/polisi-sudah-periksa-86-saksi-terkait-kasus-dugaan-pemerasan-syl,"
Selasa, 14 Nov 2023 15:08 WIB "
Firli Singgung Karyoto: Ada Laporan Pengadaan Sapi SYL tapi Tak Dilaporkan,https://news.detik.com/berita/d-7036326/firli-singgung-karyoto-ada-laporan-pengadaan-sapi-syl-tapi-tak-dilaporkan,"
Selasa, 14 Nov 2023 15:07 WIB "
Polisi Jelaskan Alasan Tak Jemput Paksa Firli untuk Diperiksa sebagai Saksi,https://news.detik.com/berita/d-7036194/polisi-jelaskan-alasan-tak-jemput-paksa-firli-untuk-diperiksa-sebagai-saksi,"
Selasa, 14 Nov 2023 14:22 WIB "
Polisi Tegaskan Tak Ada Kendala Usut Kasus Dugaan Pimpinan KPK Peras SYL,https://news.detik.com/berita/d-7036184/polisi-tegaskan-tak-ada-kendala-usut-kasus-dugaan-pimpinan-kpk-peras-syl,"
Selasa, 14 Nov 2023 14:16 WIB "
Kata Polisi soal Firli Absen Panggilan dengan Alasan Diperiksa Dewas KPK,https://news.detik.com/berita/d-7036090/kata-polisi-soal-firli-absen-panggilan-dengan-alasan-diperiksa-dewas-kpk,"
Selasa, 14 Nov 2023 13:34 WIB "
Firli Bantah Pernah Bertemu SYL di Rumah Kertanegara,https://news.detik.com/berita/d-7036000/firli-bantah-pernah-bertemu-syl-di-rumah-kertanegara,"
Selasa, 14 Nov 2023 13:03 WIB "
Firli Bantah Menunda-nunda Diperiksa Polisi soal Dugaan SYL Diperas,https://news.detik.com/berita/d-7035973/firli-bantah-menunda-nunda-diperiksa-polisi-soal-dugaan-syl-diperas,"
Selasa, 14 Nov 2023 12:50 WIB "
KPK Kembali Surati Polda Metro Minta Firli Diperiksa di Gedung Bareskrim,https://news.detik.com/berita/d-7035914/kpk-kembali-surati-polda-metro-minta-firli-diperiksa-di-gedung-bareskrim,"
Selasa, 14 Nov 2023 12:33 WIB "
Firli Bahuri: Saya Tak Pernah Mangkir Pemeriksaan di Polda Metro Jaya,https://news.detik.com/berita/d-7035821/firli-bahuri-saya-tak-pernah-mangkir-pemeriksaan-di-polda-metro-jaya,"
Selasa, 14 Nov 2023 12:04 WIB "
"Firli Absen Panggilan Polisi soal Pemerasan SYL, Ngaku Diperiksa Dewas KPK",https://news.detik.com/berita/d-7035763/firli-absen-panggilan-polisi-soal-pemerasan-syl-ngaku-diperiksa-dewas-kpk,"
Selasa, 14 Nov 2023 11:28 WIB "
Hakim Tolak Gugatan Praperadilan Eks Mentan Syahrul Yasin Limpo!,https://news.detik.com/berita/d-7035716/hakim-tolak-gugatan-praperadilan-eks-mentan-syahrul-yasin-limpo,"
Selasa, 14 Nov 2023 11:04 WIB "
Firli Pimpin Konferensi Pers Penetapan Tersangka Pj Bupati Sorong di KPK,https://news.detik.com/berita/d-7035667/firli-pimpin-konferensi-pers-penetapan-tersangka-pj-bupati-sorong-di-kpk,"
Selasa, 14 Nov 2023 10:49 WIB "
"ICW: Jika Firli Merasa Bersih, Harusnya Berani Hadapi Proses Hukum",https://news.detik.com/berita/d-7035547/icw-jika-firli-merasa-bersih-harusnya-berani-hadapi-proses-hukum,"
Selasa, 14 Nov 2023 09:48 WIB "
Polda Metro Panggil Firli Bahuri soal Kasus SYL Diperas Hari Ini,https://news.detik.com/berita/d-7035431/polda-metro-panggil-firli-bahuri-soal-kasus-syl-diperas-hari-ini,"
Selasa, 14 Nov 2023 08:27 WIB "
MAKI: Polda Metro Bisa Jemput Paksa Jika Firli Tak Penuhi Panggilan Lagi,https://news.detik.com/berita/d-7035415/maki-polda-metro-bisa-jemput-paksa-jika-firli-tak-penuhi-panggilan-lagi,"
Selasa, 14 Nov 2023 08:05 WIB "
Pukat UGM Minta Firli Kooperatif Penuhi Panggilan Polda Metro Hari Ini,https://news.detik.com/berita/d-7035362/pukat-ugm-minta-firli-kooperatif-penuhi-panggilan-polda-metro-hari-ini,"
Selasa, 14 Nov 2023 07:21 WIB "
Dewas KPK Jadwal Ulang Pemeriksaan Firli Senin Pekan Depan,https://news.detik.com/berita/d-7035351/dewas-kpk-jadwal-ulang-pemeriksaan-firli-senin-pekan-depan,"
Selasa, 14 Nov 2023 06:51 WIB "
Sidang Putusan Praperadilan SYL Terhadap KPK Digelar Hari Ini,https://news.detik.com/berita/d-7035297/sidang-putusan-praperadilan-syl-terhadap-kpk-digelar-hari-ini,"
Selasa, 14 Nov 2023 06:08 WIB "
PPATK Serahkan Data Transaksi ke KPK Terkait Kartu Anggota Kasino SYL,https://news.detik.com/berita/d-7035291/ppatk-serahkan-data-transaksi-ke-kpk-terkait-kartu-anggota-kasino-syl,"
Selasa, 14 Nov 2023 05:39 WIB "
Cek Rp 2 T hingga Member Kasino Diusut KPK Terkait Syahrul Yasin Limpo,https://news.detik.com/berita/d-7035135/cek-rp-2-t-hingga-member-kasino-diusut-kpk-terkait-syahrul-yasin-limpo,"
Senin, 13 Nov 2023 22:02 WIB "
Dewas KPK Jadwalkan Ulang Pemeriksaan Firli Bahuri Pekan Depan,https://news.detik.com/berita/d-7034537/dewas-kpk-jadwalkan-ulang-pemeriksaan-firli-bahuri-pekan-depan,"
Senin, 13 Nov 2023 17:21 WIB "
KPK Panggil Keponakan SYL Jadi Saksi Kasus Korupsi Kementan,https://news.detik.com/berita/d-7034196/kpk-panggil-keponakan-syl-jadi-saksi-kasus-korupsi-kementan,"
Senin, 13 Nov 2023 15:08 WIB "
Kapolda Metro soal Penetapan Tersangka Kasus SYL Diperas: Segera,https://news.detik.com/berita/d-7034017/kapolda-metro-soal-penetapan-tersangka-kasus-syl-diperas-segera,"
Senin, 13 Nov 2023 13:54 WIB "
"Firli Dipanggil Dewas KPK dan Polisi Besok, Kapolda Metro Bilang Begini",https://news.detik.com/berita/d-7033951/firli-dipanggil-dewas-kpk-dan-polisi-besok-kapolda-metro-bilang-begini,"
Senin, 13 Nov 2023 13:36 WIB "
"Mahfud soal Menteri-Wamen Jadi Tersangka: Yang Belum Tertangkap, Hati-hati",https://news.detik.com/berita/d-7033946/mahfud-soal-menteri-wamen-jadi-tersangka-yang-belum-tertangkap-hati-hati,"
Senin, 13 Nov 2023 13:35 WIB "
"Tak Jadi Dipercepat Hari Ini, Pemeriksaan Firli di Dewas KPK Dilakukan Besok",https://news.detik.com/berita/d-7033881/tak-jadi-dipercepat-hari-ini-pemeriksaan-firli-di-dewas-kpk-dilakukan-besok,"
Senin, 13 Nov 2023 13:13 WIB "
"Sempat Absen, Firli Bahuri Diperiksa soal Pemerasan SYL di Polda Metro Besok",https://news.detik.com/berita/d-7033683/sempat-absen-firli-bahuri-diperiksa-soal-pemerasan-syl-di-polda-metro-besok,"
Senin, 13 Nov 2023 11:51 WIB "
KPK Usut Kartu Anggota Kasino atas Nama Syahrul Yasin Limpo,https://news.detik.com/berita/d-7033661/kpk-usut-kartu-anggota-kasino-atas-nama-syahrul-yasin-limpo,"
Senin, 13 Nov 2023 11:43 WIB "
Dewas KPK Belum Terima Konfirmasi Firli Bahuri Hadir Pemeriksaan Besok,https://news.detik.com/berita/d-7033494/dewas-kpk-belum-terima-konfirmasi-firli-bahuri-hadir-pemeriksaan-besok,"
Senin, 13 Nov 2023 10:46 WIB "
"Dewas KPK Mau Pemeriksaan Hari Ini, Firli Minta Besok",https://news.detik.com/berita/d-7033373/dewas-kpk-mau-pemeriksaan-hari-ini-firli-minta-besok,"
Senin, 13 Nov 2023 09:38 WIB "
KPK: Firli Bahuri Akan Penuhi Pemeriksaan Dewas Besok,https://news.detik.com/berita/d-7033292/kpk-firli-bahuri-akan-penuhi-pemeriksaan-dewas-besok,"
Senin, 13 Nov 2023 08:23 WIB "
KPK Sita Catatan Keuangan dari Rumah Ketua Komisi IV DPR Sudin Terkait SYL,https://news.detik.com/berita/d-7031801/kpk-sita-catatan-keuangan-dari-rumah-ketua-komisi-iv-dpr-sudin-terkait-syl,"
Sabtu, 11 Nov 2023 20:24 WIB "
Dewas KPK Percepat Periksa Firli Terkait Pertemuan dengan SYL Senin Lusa,https://news.detik.com/berita/d-7031717/dewas-kpk-percepat-periksa-firli-terkait-pertemuan-dengan-syl-senin-lusa,"
Sabtu, 11 Nov 2023 19:31 WIB "
"Tentang Firli Bahuri di Aceh, Diserbu Kritik hingga Tiba-tiba Pulang",https://news.detik.com/berita/d-7030751/tentang-firli-bahuri-di-aceh-diserbu-kritik-hingga-tiba-tiba-pulang,"
Sabtu, 11 Nov 2023 08:00 WIB "
KPK Geledah Rumah Ketua Komisi IV DPR Sudin!,https://news.detik.com/berita/d-7030433/kpk-geledah-rumah-ketua-komisi-iv-dpr-sudin,"
Jumat, 10 Nov 2023 21:08 WIB "
"MAKI: Firli Main Bulutangkis di Aceh, Harusnya Penuhi Panggilan Polisi",https://news.detik.com/berita/d-7029933/maki-firli-main-bulutangkis-di-aceh-harusnya-penuhi-panggilan-polisi,"
Jumat, 10 Nov 2023 17:00 WIB "
Rakor KPK dengan Polda Metro Bakal Bahas Supervisi Kasus Dugaan SYL Diperas,https://news.detik.com/berita/d-7029702/rakor-kpk-dengan-polda-metro-bakal-bahas-supervisi-kasus-dugaan-syl-diperas,"
Jumat, 10 Nov 2023 15:48 WIB "
"Ketua Komisi IV DPR Absen Jadi Saksi Kasus SYL, KPK Jadwal Ulang Pemeriksaan",https://news.detik.com/berita/d-7029610/ketua-komisi-iv-dpr-absen-jadi-saksi-kasus-syl-kpk-jadwal-ulang-pemeriksaan,"
Jumat, 10 Nov 2023 15:15 WIB "
Dewas KPK Periksa Firli soal Pertemuan dengan SYL 14 November,https://news.detik.com/berita/d-7029313/dewas-kpk-periksa-firli-soal-pertemuan-dengan-syl-14-november,"
Jumat, 10 Nov 2023 13:15 WIB "
"MAKI Tak Kaget Wamenkumham Tersangka, Sebut Ada Penerimaan Rp 8 M",https://news.detik.com/berita/d-7029107/maki-tak-kaget-wamenkumham-tersangka-sebut-ada-penerimaan-rp-8-m,"
Jumat, 10 Nov 2023 11:31 WIB "
Polda Metro Sebut Sudah Sita Semua Dokumen dari KPK terkait Kasus SYL Diperas,https://news.detik.com/berita/d-7029105/polda-metro-sebut-sudah-sita-semua-dokumen-dari-kpk-terkait-kasus-syl-diperas,"
Jumat, 10 Nov 2023 11:31 WIB "
Ketua Komisi IV DPR Sudin Dipanggil KPK Terkait Korupsi SYL Hari Ini,https://news.detik.com/berita/d-7029091/ketua-komisi-iv-dpr-sudin-dipanggil-kpk-terkait-korupsi-syl-hari-ini,"
Jumat, 10 Nov 2023 11:29 WIB "
"Bukti Digital Dugaan Pemerasan oleh Pimpinan KPK Diteliti, Termasuk HP SYL",https://news.detik.com/berita/d-7028992/bukti-digital-dugaan-pemerasan-oleh-pimpinan-kpk-diteliti-termasuk-hp-syl,"
Jumat, 10 Nov 2023 10:48 WIB "
"Firli Absen Diperiksa Polisi Jadi Contoh Buruk, Bisa Jadi Bumerang KPK",https://news.detik.com/berita/d-7028765/firli-absen-diperiksa-polisi-jadi-contoh-buruk-bisa-jadi-bumerang-kpk,"
Jumat, 10 Nov 2023 08:19 WIB "
Polda Metro Surati KPK Minta Rapat Bahas Kasus SYL Diperas Hari Ini Ditunda,https://news.detik.com/berita/d-7028718/polda-metro-surati-kpk-minta-rapat-bahas-kasus-syl-diperas-hari-ini-ditunda,"
Jumat, 10 Nov 2023 07:14 WIB "
ICW Desak Polisi Gerak Cepat Tetapkan Tersangka Kasus SYL Diperas,https://news.detik.com/berita/d-7028695/icw-desak-polisi-gerak-cepat-tetapkan-tersangka-kasus-syl-diperas,"
Jumat, 10 Nov 2023 06:12 WIB "
Alexander Marwata Bantah Firli Bahuri Kerja One Man Show di KPK,https://news.detik.com/berita/d-7028655/alexander-marwata-bantah-firli-bahuri-kerja-one-man-show-di-kpk,"
Jumat, 10 Nov 2023 04:11 WIB "
KPK Jelaskan Alasan Panggil Ketua Komisi IV DPR Sudin Terkait Korupsi SYL,https://news.detik.com/berita/d-7028621/kpk-jelaskan-alasan-panggil-ketua-komisi-iv-dpr-sudin-terkait-korupsi-syl,"
Kamis, 09 Nov 2023 23:52 WIB "
KPK Undang Polda Metro-Mabes Polri Rapat soal Kasus Pemerasan SYL Besok,https://news.detik.com/berita/d-7028545/kpk-undang-polda-metro-mabes-polri-rapat-soal-kasus-pemerasan-syl-besok,"
Kamis, 09 Nov 2023 22:14 WIB "
Alasan KPK Cegah Febri Diansyah ke LN: Ganggu Penyidikan SYL,https://news.detik.com/berita/d-7028503/alasan-kpk-cegah-febri-diansyah-ke-ln-ganggu-penyidikan-syl,"
Kamis, 09 Nov 2023 21:30 WIB "
Polda Metro Bakal Rapat Bareng KPK Bahas Supervisi Kasus Pemerasan SYL,https://news.detik.com/berita/d-7027760/polda-metro-bakal-rapat-bareng-kpk-bahas-supervisi-kasus-pemerasan-syl,"
Kamis, 09 Nov 2023 15:38 WIB "
Polda Metro Gas Terus Penyidikan Kasus SYL Diperas Meski Firli Absen,https://news.detik.com/berita/d-7027703/polda-metro-gas-terus-penyidikan-kasus-syl-diperas-meski-firli-absen,"
Kamis, 09 Nov 2023 15:13 WIB "
Firli Bahuri Klaim ke Aceh karena Tugas: Tak Ada Kata Menghindar,https://news.detik.com/berita/d-7027513/firli-bahuri-klaim-ke-aceh-karena-tugas-tak-ada-kata-menghindar,"
Kamis, 09 Nov 2023 14:01 WIB "
Dewas KPK Ungkap Kendala Usut Dugaan Etik Firli: Jadwal Panggilan Molor,https://news.detik.com/berita/d-7027349/dewas-kpk-ungkap-kendala-usut-dugaan-etik-firli-jadwal-panggilan-molor,"
Kamis, 09 Nov 2023 12:58 WIB "
Polda Metro Sudah Terima Balasan KPK Soal Supervisi Kasus SYL Diperas,https://news.detik.com/berita/d-7027240/polda-metro-sudah-terima-balasan-kpk-soal-supervisi-kasus-syl-diperas,"
Kamis, 09 Nov 2023 12:25 WIB "
4 Fakta KPK Larang Febri Diansyah dkk ke Luar Indonesia,https://news.detik.com/berita/d-7026776/4-fakta-kpk-larang-febri-diansyah-dkk-ke-luar-indonesia,"
Kamis, 09 Nov 2023 08:00 WIB "
Pengacara: SYL Harap Cepat Sembuh agar Bisa Jalani Proses Hukum,https://news.detik.com/berita/d-7026758/pengacara-syl-harap-cepat-sembuh-agar-bisa-jalani-proses-hukum,"
Kamis, 09 Nov 2023 07:21 WIB "
KPK Bawa 164 Bukti Dokumen-Elektronik Kuatkan Penetapan Tersangka SYL Sah,https://news.detik.com/berita/d-7026354/kpk-bawa-164-bukti-dokumen-elektronik-kuatkan-penetapan-tersangka-syl-sah,"
Rabu, 08 Nov 2023 19:14 WIB "
"Firli Absen Pemeriksaan Kasus Dugaan Pemerasan SYL, Ini Kata Polda Metro",https://news.detik.com/berita/d-7026301/firli-absen-pemeriksaan-kasus-dugaan-pemerasan-syl-ini-kata-polda-metro,"
Rabu, 08 Nov 2023 18:49 WIB "
"MAKI: Pak Firli, Segera Pulang ke Jakarta dan Penuhi Panggilan Polda Metro",https://news.detik.com/berita/d-7026075/maki-pak-firli-segera-pulang-ke-jakarta-dan-penuhi-panggilan-polda-metro,"
Rabu, 08 Nov 2023 17:18 WIB "
Jejak Febri Diansyah dkk Diperiksa KPK hingga Dicegah ke Luar Negeri,https://news.detik.com/berita/d-7025923/jejak-febri-diansyah-dkk-diperiksa-kpk-hingga-dicegah-ke-luar-negeri,"
Rabu, 08 Nov 2023 16:40 WIB "
"Sakit, Syahrul Yasin Limpo Dibantarkan ke RSPAD",https://news.detik.com/berita/d-7025488/sakit-syahrul-yasin-limpo-dibantarkan-ke-rspad,"
Rabu, 08 Nov 2023 14:05 WIB "
"Dicegah KPK ke Luar Negeri Terkait Kasus SYL, Begini Respons Febri Diansyah",https://news.detik.com/berita/d-7025454/dicegah-kpk-ke-luar-negeri-terkait-kasus-syl-begini-respons-febri-diansyah,"
Rabu, 08 Nov 2023 13:46 WIB "
Alasan KPK Cegah Febri Diansyah dkk di Kasus SYL: Kebutuhan Penyidikan,https://news.detik.com/berita/d-7025436/alasan-kpk-cegah-febri-diansyah-dkk-di-kasus-syl-kebutuhan-penyidikan,"
Rabu, 08 Nov 2023 13:39 WIB "
Eks Jubir KPK Febri Diansyah Dicegah ke Luar Negeri Terkait SYL!,https://news.detik.com/berita/d-7025332/eks-jubir-kpk-febri-diansyah-dicegah-ke-luar-negeri-terkait-syl,"
Rabu, 08 Nov 2023 12:49 WIB "
"Firli Bahuri di Aceh, Bagaimana Nasib Pemeriksaan Etiknya di Dewas?",https://news.detik.com/berita/d-7025307/firli-bahuri-di-aceh-bagaimana-nasib-pemeriksaan-etiknya-di-dewas,"
Rabu, 08 Nov 2023 12:44 WIB "
KPK Panggil Ketua Komisi IV DPR Sudin Terkait Kasus Korupsi SYL,https://news.detik.com/berita/d-7025063/kpk-panggil-ketua-komisi-iv-dpr-sudin-terkait-kasus-korupsi-syl,"
Rabu, 08 Nov 2023 11:13 WIB "
"Firli ke Aceh Absen Pemeriksaan Polisi Hari Ini, Ternyata Acaranya Lusa",https://news.detik.com/berita/d-7024017/firli-ke-aceh-absen-pemeriksaan-polisi-hari-ini-ternyata-acaranya-lusa,"
Selasa, 07 Nov 2023 17:15 WIB "
KPK Jawab Gugatan Praperadilan SYL: Semua Dalil Pemohon Tidak Benar!,https://news.detik.com/berita/d-7024008/kpk-jawab-gugatan-praperadilan-syl-semua-dalil-pemohon-tidak-benar,"
Selasa, 07 Nov 2023 17:11 WIB "
Firli Oh Firli,https://news.detik.com/x/detail/spotlight/20231107/Firli-Oh-Firli/,"
Selasa, 07 Nov 2023 15:19 WIB "
MAKI Laporkan Firli Bahuri ke Dewas KPK soal Dugaan Tak Patuh LHKPN,https://news.detik.com/berita/d-7023412/maki-laporkan-firli-bahuri-ke-dewas-kpk-soal-dugaan-tak-patuh-lhkpn,"
Selasa, 07 Nov 2023 13:18 WIB "
MAKI Nilai Polisi Bisa Umumkan Tersangka Kasus SYL Diperas Tanpa Firli Hadir,https://news.detik.com/berita/d-7022786/maki-nilai-polisi-bisa-umumkan-tersangka-kasus-syl-diperas-tanpa-firli-hadir,"
Selasa, 07 Nov 2023 05:58 WIB "
"Firli ke Aceh Absen Diperiksa Kasus SYL Diperas, KPK: Bukan Mengada-ada",https://news.detik.com/berita/d-7022688/firli-ke-aceh-absen-diperiksa-kasus-syl-diperas-kpk-bukan-mengada-ada,"
Senin, 06 Nov 2023 22:20 WIB "
IPW Desak KPK Transparan Usut Kasus Dugaan Gratifikasi Wamenkumham,https://news.detik.com/berita/d-7022109/ipw-desak-kpk-transparan-usut-kasus-dugaan-gratifikasi-wamenkumham,"
Senin, 06 Nov 2023 17:09 WIB "
"Ke Aceh, Firli Absen Pemeriksaan Polisi Terkait Dugaan SYL Diperas Besok",https://news.detik.com/berita/d-7021729/ke-aceh-firli-absen-pemeriksaan-polisi-terkait-dugaan-syl-diperas-besok,"
Senin, 06 Nov 2023 14:51 WIB "
Hari-hari Panjang Firli Bahuri,https://news.detik.com/x/detail/spotlight/20231106/Hari-hari-Panjang-Firli-Bahuri/,"
Senin, 06 Nov 2023 14:09 WIB "
"Sidang Praperadilan, SYL Minta Status Tersangka di KPK Dibatalkan",https://news.detik.com/berita/d-7021455/sidang-praperadilan-syl-minta-status-tersangka-di-kpk-dibatalkan,"
Senin, 06 Nov 2023 12:50 WIB "
KPK Yakin Gugatan Praperadilan Syahrul Yasin Limpo Bakal Ditolak Hakim,https://news.detik.com/berita/d-7021019/kpk-yakin-gugatan-praperadilan-syahrul-yasin-limpo-bakal-ditolak-hakim,"
Senin, 06 Nov 2023 09:32 WIB "
Rencana MAKI Laporkan Firli ke Dewas KPK soal Sewa Rumah Rp 650 Juta,https://news.detik.com/berita/d-7019430/rencana-maki-laporkan-firli-ke-dewas-kpk-soal-sewa-rumah-rp-650-juta,"
Sabtu, 04 Nov 2023 21:31 WIB "
Pengacara Tepis MAKI soal Firli Sewa Rumah Rp 650 Juta Tak Dilaporkan di LHKPN,https://news.detik.com/berita/d-7019217/pengacara-tepis-maki-soal-firli-sewa-rumah-rp-650-juta-tak-dilaporkan-di-lhkpn,"
Sabtu, 04 Nov 2023 17:57 WIB "
MAKI Bakal Laporkan Firli ke Dewas KPK soal Sewa Rumah Rehat Rp 650 Juta/Tahun,https://news.detik.com/berita/d-7018921/maki-bakal-laporkan-firli-ke-dewas-kpk-soal-sewa-rumah-rehat-rp-650-juta-tahun,"
Sabtu, 04 Nov 2023 14:10 WIB "
Jawaban KPK ke Polisi soal Supervisi Pemerasan SYL Usai 3 Pekan,https://news.detik.com/berita/d-7018624/jawaban-kpk-ke-polisi-soal-supervisi-pemerasan-syl-usai-3-pekan,"
Sabtu, 04 Nov 2023 09:32 WIB "
Alex Tirta Ngaku Sudah Lama Kenal Firli Bahuri: Dia Sahabat Saya,https://news.detik.com/pemilu/d-7018376/alex-tirta-ngaku-sudah-lama-kenal-firli-bahuri-dia-sahabat-saya,"
Jumat, 03 Nov 2023 23:57 WIB "
"12 Jam Diperiksa Polisi, Alex Tirta Akui Sewakan Rumah Rp 650 Juta ke Firli",https://news.detik.com/berita/d-7018358/12-jam-diperiksa-polisi-alex-tirta-akui-sewakan-rumah-rp-650-juta-ke-firli,"
Jumat, 03 Nov 2023 23:35 WIB "
"KPK Jawab Surat Supervisi Polisi soal Pemerasan SYL, Akan Gali Info Awal",https://news.detik.com/berita/d-7018142/kpk-jawab-surat-supervisi-polisi-soal-pemerasan-syl-akan-gali-info-awal,"
Jumat, 03 Nov 2023 19:55 WIB "
Polisi Pastikan Firli Bahuri dan SYL Pernah Bertemu di Rumah Kertanegara,https://news.detik.com/berita/d-7017821/polisi-pastikan-firli-bahuri-dan-syl-pernah-bertemu-di-rumah-kertanegara,"
Jumat, 03 Nov 2023 17:08 WIB "
Polisi Ungkap Alasan Periksa Alex Tirta Terkait Dugaan Pimpinan KPK Peras SYL,https://news.detik.com/berita/d-7017671/polisi-ungkap-alasan-periksa-alex-tirta-terkait-dugaan-pimpinan-kpk-peras-syl,"
Jumat, 03 Nov 2023 16:14 WIB "
"Total 72 Saksi Diperiksa soal Dugaan SYL Diperas, Termasuk 11 Pegawai KPK",https://news.detik.com/berita/d-7017629/total-72-saksi-diperiksa-soal-dugaan-syl-diperas-termasuk-11-pegawai-kpk,"
Jumat, 03 Nov 2023 15:56 WIB "
"Pihak Firli Bantah Sewa Rumah sampai Rp 650 Juta, Polisi: Kami Punya Faktanya",https://news.detik.com/berita/d-7017576/pihak-firli-bantah-sewa-rumah-sampai-rp-650-juta-polisi-kami-punya-faktanya,"
Jumat, 03 Nov 2023 15:35 WIB "
Polisi Surati Pimpinan KPK Minta Penyerahan Dokumen Terkait Kasus SYL Diperas,https://news.detik.com/berita/d-7017491/polisi-surati-pimpinan-kpk-minta-penyerahan-dokumen-terkait-kasus-syl-diperas,"
Jumat, 03 Nov 2023 15:06 WIB "
Polisi Bakal Tetapkan Tersangka Kasus SYL Diperas Usai Pemeriksaan Firli,https://news.detik.com/berita/d-7017366/polisi-bakal-tetapkan-tersangka-kasus-syl-diperas-usai-pemeriksaan-firli,"
Jumat, 03 Nov 2023 14:18 WIB "
KPK Perpanjang Masa Penahanan Syahrul Yasin Limpo dkk 40 Hari,https://news.detik.com/berita/d-7017219/kpk-perpanjang-masa-penahanan-syahrul-yasin-limpo-dkk-40-hari,"
Jumat, 03 Nov 2023 13:19 WIB "
Firli Bahuri Diperiksa Lagi soal Dugaan SYL Diperas Selasa 7 November,https://news.detik.com/berita/d-7017189/firli-bahuri-diperiksa-lagi-soal-dugaan-syl-diperas-selasa-7-november,"
Jumat, 03 Nov 2023 13:02 WIB "
Dewas KPK Sudah Periksa 10 Orang Terkait Dugaan Pelanggaran Etik Firli,https://news.detik.com/berita/d-7016847/dewas-kpk-sudah-periksa-10-orang-terkait-dugaan-pelanggaran-etik-firli,"
Jumat, 03 Nov 2023 10:12 WIB "
Alex Tirta Penuhi Panggilan Diperiksa Soal Sewakan Rumah Kertanegara ke Firli,https://news.detik.com/berita/d-7016788/alex-tirta-penuhi-panggilan-diperiksa-soal-sewakan-rumah-kertanegara-ke-firli,"
Jumat, 03 Nov 2023 09:38 WIB "
Pengacara: Firli Kenal Alex Tirta sebagai Penyewa Pertama Rumah di Kertanegara,https://news.detik.com/berita/d-7016729/pengacara-firli-kenal-alex-tirta-sebagai-penyewa-pertama-rumah-di-kertanegara,"
Jumat, 03 Nov 2023 08:57 WIB "
SYL soal Kasus Dugaan Diperas Pimpinan KPK: Harapannya Berjalan Baik,https://news.detik.com/berita/d-7015783/syl-soal-kasus-dugaan-diperas-pimpinan-kpk-harapannya-berjalan-baik,"
Kamis, 02 Nov 2023 16:05 WIB "
KPK Panggil Stafsus Mentan Jadi Saksi Kasus Korupsi SYL,https://news.detik.com/berita/d-7015350/kpk-panggil-stafsus-mentan-jadi-saksi-kasus-korupsi-syl,"
Kamis, 02 Nov 2023 12:57 WIB "
"MAKI Ragukan Klaim Firli Bahuri Tak Kenal Alex Tirta, Tunjukkan Foto Ini",https://news.detik.com/berita/d-7015236/maki-ragukan-klaim-firli-bahuri-tak-kenal-alex-tirta-tunjukkan-foto-ini,"
Kamis, 02 Nov 2023 12:04 WIB "
"Alex Tirta Absen, Pemeriksaan soal Rumah Rehat Firli Dijadwal Ulang Jumat",https://news.detik.com/berita/d-7013625/alex-tirta-absen-pemeriksaan-soal-rumah-rehat-firli-dijadwal-ulang-jumat,"
Rabu, 01 Nov 2023 14:29 WIB "
"ICW Duga Ada Potensi Korupsi Terkait Rumah Rehat Firli, Minta Polisi Dalami",https://news.detik.com/berita/d-7013200/icw-duga-ada-potensi-korupsi-terkait-rumah-rehat-firli-minta-polisi-dalami,"
Rabu, 01 Nov 2023 11:26 WIB "
Eks Penyidik KPK Sebut Rumah Rehat Firli Bisa Jadi Bukti Dugaan SYL Diperas,https://news.detik.com/berita/d-7013104/eks-penyidik-kpk-sebut-rumah-rehat-firli-bisa-jadi-bukti-dugaan-syl-diperas,"
Rabu, 01 Nov 2023 10:48 WIB "
"Polisi Panggil 3 Saksi Terkait Kasus Dugaan SYL Diperas, Termasuk Alex Tirta",https://news.detik.com/berita/d-7012975/polisi-panggil-3-saksi-terkait-kasus-dugaan-syl-diperas-termasuk-alex-tirta,"
Rabu, 01 Nov 2023 09:39 WIB "
Beda Pengacara Firli Vs Alex Tirta soal Sewa Rumah Rehat di Kertanegara,https://news.detik.com/berita/d-7012951/beda-pengacara-firli-vs-alex-tirta-soal-sewa-rumah-rehat-di-kertanegara,"
Rabu, 01 Nov 2023 09:22 WIB "
"Alex Tirta: Firli Sewa Rumah Rehat Mulai Februari 2021, Bayar Rp 650 Juta",https://news.detik.com/berita/d-7012875/alex-tirta-firli-sewa-rumah-rehat-mulai-februari-2021-bayar-rp-650-juta,"
Rabu, 01 Nov 2023 07:42 WIB "
Penjelasan Alex Tirta soal Sewa Rumah yang Digunakan Rehat Ketua KPK,https://news.detik.com/berita/d-7012724/penjelasan-alex-tirta-soal-sewa-rumah-yang-digunakan-rehat-ketua-kpk,"
Selasa, 31 Okt 2023 23:13 WIB "
Pengacara Klaim Harga Sewa Rumah Rehat Firli Tak Sampai Rp 100 Juta/Tahun,https://news.detik.com/berita/d-7012660/pengacara-klaim-harga-sewa-rumah-rehat-firli-tak-sampai-rp-100-juta-tahun,"
Selasa, 31 Okt 2023 22:07 WIB "
Pengacara Ungkap SYL Dicecar soal Bertemu Firli-Dugaan Penyerahan Uang,https://news.detik.com/berita/d-7012599/pengacara-ungkap-syl-dicecar-soal-bertemu-firli-dugaan-penyerahan-uang,"
Selasa, 31 Okt 2023 20:48 WIB "
SYL Irit Bicara Usai 5 Jam Diperiksa soal Dugaan Diperas Pimpinan KPK,https://news.detik.com/berita/d-7012504/syl-irit-bicara-usai-5-jam-diperiksa-soal-dugaan-diperas-pimpinan-kpk,"
Selasa, 31 Okt 2023 19:48 WIB "
Dewas KPK Periksa Sopir-Asisten SYL Terkait Pertemuan dengan Firli Bahuri,https://news.detik.com/berita/d-7012190/dewas-kpk-periksa-sopir-asisten-syl-terkait-pertemuan-dengan-firli-bahuri,"
Selasa, 31 Okt 2023 17:21 WIB "
"Polisi Periksa 5 Saksi Kasus Dugaan SYL Diperas, Termasuk Pegawai KPK",https://news.detik.com/berita/d-7011933/polisi-periksa-5-saksi-kasus-dugaan-syl-diperas-termasuk-pegawai-kpk,"
Selasa, 31 Okt 2023 15:49 WIB "
Kombes Irwan Anwar Bakal Diperiksa di Kasus Pimpinan KPK Peras SYL Hari Ini,https://news.detik.com/berita/d-7011614/kombes-irwan-anwar-bakal-diperiksa-di-kasus-pimpinan-kpk-peras-syl-hari-ini,"
Selasa, 31 Okt 2023 13:49 WIB "
SYL Tiba di Bareskrim untuk Diperiksa soal Dugaan Diperas Pimpinan KPK,https://news.detik.com/berita/d-7011578/syl-tiba-di-bareskrim-untuk-diperiksa-soal-dugaan-diperas-pimpinan-kpk,"
Selasa, 31 Okt 2023 13:27 WIB "
SYL Bakal Diperiksa di Bareskrim Terkait Dugaan Diperas Pimpinan KPK,https://news.detik.com/berita/d-7011490/syl-bakal-diperiksa-di-bareskrim-terkait-dugaan-diperas-pimpinan-kpk,"
Selasa, 31 Okt 2023 12:48 WIB "
KPK Panggil Pejabat Kementan Terkait Kasus Korupsi SYL,https://news.detik.com/berita/d-7011413/kpk-panggil-pejabat-kementan-terkait-kasus-korupsi-syl,"
Selasa, 31 Okt 2023 12:19 WIB "
Dewas KPK Panggil 4 Pegawai Kementan Terkait Pertemuan Firli dengan SYL,https://news.detik.com/berita/d-7011053/dewas-kpk-panggil-4-pegawai-kementan-terkait-pertemuan-firli-dengan-syl,"
Selasa, 31 Okt 2023 10:02 WIB "
MAKI soal Laporan Korupsi Kementan Sejak 2020: SYL Temui Firli untuk Lobi,https://news.detik.com/berita/d-7010862/maki-soal-laporan-korupsi-kementan-sejak-2020-syl-temui-firli-untuk-lobi,"
Selasa, 31 Okt 2023 06:46 WIB "
Klaim Firli Bahuri Tak 'Main Mata' Dibalas Anggukan SYL soal Pertemuan,https://news.detik.com/berita/d-7010691/klaim-firli-bahuri-tak-main-mata-dibalas-anggukan-syl-soal-pertemuan,"
Senin, 30 Okt 2023 22:14 WIB "
Alexander Marwata: 1 Pimpinan Mbalelo Tak Akan Hentikan Proses Hukum di KPK,https://news.detik.com/berita/d-7009860/alexander-marwata-1-pimpinan-mbalelo-tak-akan-hentikan-proses-hukum-di-kpk,"
Senin, 30 Okt 2023 15:14 WIB "
Anggukan Kepala SYL soal Ketemu Firli Bahuri di Rumah Kertanegara,https://news.detik.com/berita/d-7009857/anggukan-kepala-syl-soal-ketemu-firli-bahuri-di-rumah-kertanegara,"
Senin, 30 Okt 2023 15:13 WIB "
KPK Panggil Ajudan Istri SYL Jadi Saksi Kasus Korupsi Kementan,https://news.detik.com/berita/d-7009775/kpk-panggil-ajudan-istri-syl-jadi-saksi-kasus-korupsi-kementan,"
Senin, 30 Okt 2023 14:44 WIB "
Dugaan Korupsi Kementan Ternyata Dilaporkan ke KPK Sejak Februari 2020,https://news.detik.com/berita/d-7009580/dugaan-korupsi-kementan-ternyata-dilaporkan-ke-kpk-sejak-februari-2020,"
Senin, 30 Okt 2023 13:40 WIB "
Alexander Marwata Penuhi Panggilan Dewas KPK Terkait Pertemuan Firli dan SYL,https://news.detik.com/berita/d-7009237/alexander-marwata-penuhi-panggilan-dewas-kpk-terkait-pertemuan-firli-dan-syl,"
Senin, 30 Okt 2023 11:26 WIB "
"KPK Absen, Sidang Praperadilan Syahrul Yasin Limpo Ditunda",https://news.detik.com/berita/d-7009217/kpk-absen-sidang-praperadilan-syahrul-yasin-limpo-ditunda,"
Senin, 30 Okt 2023 11:19 WIB "
"Polri Ungkap 12 Senpi di Rumdin SYL untuk Olahraga, Bukan Perlindungan Diri",https://news.detik.com/berita/d-7009125/polri-ungkap-12-senpi-di-rumdin-syl-untuk-olahraga-bukan-perlindungan-diri,"
Senin, 30 Okt 2023 10:44 WIB "
Dewas Panggil 2 Pimpinan KPK Terkait Pertemuan Firli dengan SYL,https://news.detik.com/berita/d-7009053/dewas-panggil-2-pimpinan-kpk-terkait-pertemuan-firli-dengan-syl,"
Senin, 30 Okt 2023 10:22 WIB "
"Polri: 12 Senjata di Rumah Dinas Eks Mentan SYL Legal, Sebagian Hibah",https://news.detik.com/berita/d-7009007/polri-12-senjata-di-rumah-dinas-eks-mentan-syl-legal-sebagian-hibah,"
Senin, 30 Okt 2023 09:52 WIB "
Klaim Firli Bahuri Bantah 'Main Mata' di Rumah Rehat Kertanegara,https://news.detik.com/berita/d-7008772/klaim-firli-bahuri-bantah-main-mata-di-rumah-rehat-kertanegara,"
Senin, 30 Okt 2023 05:59 WIB "
Firli Bahuri Bantah Pernah Bertemu SYL di Rumah Rehat Kertanegara,https://news.detik.com/berita/d-7008092/firli-bahuri-bantah-pernah-bertemu-syl-di-rumah-rehat-kertanegara,"
Minggu, 29 Okt 2023 14:53 WIB "
Firli Bahuri Keok Tanding Bulu Tangkis Lawan Jenderal Dudung,https://news.detik.com/berita/d-7008064/firli-bahuri-keok-tanding-bulu-tangkis-lawan-jenderal-dudung,"
Minggu, 29 Okt 2023 14:33 WIB "
Ironi Rumah Firli Bahuri Digeledah Sebulan Usai KPK Obok-obok Kediaman SYL,https://news.detik.com/berita/d-7008027/ironi-rumah-firli-bahuri-digeledah-sebulan-usai-kpk-obok-obok-kediaman-syl,"
Minggu, 29 Okt 2023 13:58 WIB "
MAKI Melihat KPK Enggan Supervisi Kasus Pemerasan SYL: Seperti Mati Kutu,https://news.detik.com/berita/d-7007626/maki-melihat-kpk-enggan-supervisi-kasus-pemerasan-syl-seperti-mati-kutu,"
Minggu, 29 Okt 2023 08:43 WIB "
KPK Disarankan Supervisi Kasus Pemerasan SYL tapi Bukan Sekarang,https://news.detik.com/berita/d-7007613/kpk-disarankan-supervisi-kasus-pemerasan-syl-tapi-bukan-sekarang,"
Minggu, 29 Okt 2023 08:31 WIB "
"Diminta Polisi Supervisi Kasus Pemerasan SYL, KPK Jelaskan Standarnya",https://news.detik.com/berita/d-7007549/diminta-polisi-supervisi-kasus-pemerasan-syl-kpk-jelaskan-standarnya,"
Minggu, 29 Okt 2023 06:40 WIB "
Jaminan Polisi Kasus SYL Diperas Tak Berhenti Meski KPK Belum Supervisi,https://news.detik.com/berita/d-7007542/jaminan-polisi-kasus-syl-diperas-tak-berhenti-meski-kpk-belum-supervisi,"
Minggu, 29 Okt 2023 06:00 WIB "
"KPK Belum Respons Supervisi, Polisi Jamin Tak Ganggu Penyidikan Pemerasan SYL",https://news.detik.com/berita/d-7006672/kpk-belum-respons-supervisi-polisi-jamin-tak-ganggu-penyidikan-pemerasan-syl,"
Sabtu, 28 Okt 2023 14:21 WIB "
Sahroni Nilai Polisi Tak Perlu Koordinasi KPK soal Tersangka Pemerasan SYL,https://news.detik.com/berita/d-7006220/sahroni-nilai-polisi-tak-perlu-koordinasi-kpk-soal-tersangka-pemerasan-syl,"
Sabtu, 28 Okt 2023 08:35 WIB "
"Babak Baru Kasus Pemerasan SYL, Bakal Ada Tersangka",https://news.detik.com/berita/d-7006140/babak-baru-kasus-pemerasan-syl-bakal-ada-tersangka,"
Sabtu, 28 Okt 2023 06:31 WIB "
Firli Bahuri Minta Pemeriksaan Diundur tapi Dewas KPK Anggap Kelamaan,https://news.detik.com/berita/d-7006134/firli-bahuri-minta-pemeriksaan-diundur-tapi-dewas-kpk-anggap-kelamaan,"
Sabtu, 28 Okt 2023 06:00 WIB "
5 Hal tentang Rumah Rehat Ketua KPK Firli Bahuri di Kertanegara 46,https://news.detik.com/berita/d-7005960/5-hal-tentang-rumah-rehat-ketua-kpk-firli-bahuri-di-kertanegara-46,"
Jumat, 27 Okt 2023 21:33 WIB "
Serangan Balik Koruptor dan Pelemahan KPK,https://news.detik.com/kolom/d-7005648/serangan-balik-koruptor-dan-pelemahan-kpk,"
Jumat, 27 Okt 2023 19:00 WIB "
BW soal Kasus SYL Diperas: Bisa Jadi Dasar Tak Perpanjang Masa Jabatan Firli,https://news.detik.com/berita/d-7005638/bw-soal-kasus-syl-diperas-bisa-jadi-dasar-tak-perpanjang-masa-jabatan-firli,"
Jumat, 27 Okt 2023 18:04 WIB "
KPK Ungkap Timeline Pengusutan Kasus Korupsi Kementan hingga SYL Tersangka,https://news.detik.com/berita/d-7005545/kpk-ungkap-timeline-pengusutan-kasus-korupsi-kementan-hingga-syl-tersangka,"
Jumat, 27 Okt 2023 17:33 WIB "
"Diperiksa Dewas KPK, Ghufron Ngaku Tak Tahu soal Pertemuan Firli dengan SYL",https://news.detik.com/berita/d-7005418/diperiksa-dewas-kpk-ghufron-ngaku-tak-tahu-soal-pertemuan-firli-dengan-syl,"
Jumat, 27 Okt 2023 16:47 WIB "
Nurul Ghufron Bantah Rumah Rehat Firli di Kertanegara 46 Safe House KPK,https://news.detik.com/berita/d-7005329/nurul-ghufron-bantah-rumah-rehat-firli-di-kertanegara-46-safe-house-kpk,"
Jumat, 27 Okt 2023 16:24 WIB "
Mentan Lanjutkan Kontrak Proyek yang Sempat Disetop gegara Kasus Korupsi,https://news.detik.com/berita/d-7005229/mentan-lanjutkan-kontrak-proyek-yang-sempat-disetop-gegara-kasus-korupsi,"
Jumat, 27 Okt 2023 15:53 WIB "
Polisi Libatkan Ahli Mikro Ekspresi Usut Dugaan Pimpinan KPK Peras SYL,https://news.detik.com/berita/d-7005187/polisi-libatkan-ahli-mikro-ekspresi-usut-dugaan-pimpinan-kpk-peras-syl,"
Jumat, 27 Okt 2023 15:41 WIB "
Polisi Bakal Gelar Perkara Tetapkan Tersangka Kasus Pimpinan KPK Peras SYL,https://news.detik.com/berita/d-7005038/polisi-bakal-gelar-perkara-tetapkan-tersangka-kasus-pimpinan-kpk-peras-syl,"
Jumat, 27 Okt 2023 14:43 WIB "
Polisi Akan Periksa Kembali Firli Bahuri Terkait Dugaan Pemerasan SYL,https://news.detik.com/berita/d-7005033/polisi-akan-periksa-kembali-firli-bahuri-terkait-dugaan-pemerasan-syl,"
Jumat, 27 Okt 2023 14:41 WIB "
Dewas KPK Bakal Panggil Eks Ajudan Usut Pertemuan Firli dengan SYL,https://news.detik.com/berita/d-7005007/dewas-kpk-bakal-panggil-eks-ajudan-usut-pertemuan-firli-dengan-syl,"
Jumat, 27 Okt 2023 14:28 WIB "
Nurul Ghufron Penuhi Panggilan Dewas KPK soal Pertemuan Firli dengan SYL,https://news.detik.com/berita/d-7004953/nurul-ghufron-penuhi-panggilan-dewas-kpk-soal-pertemuan-firli-dengan-syl,"
Jumat, 27 Okt 2023 14:13 WIB "
Polisi Teliti Bukti Elektronik Terkait Dugaan Pimpinan KPK Peras SYL,https://news.detik.com/berita/d-7004934/polisi-teliti-bukti-elektronik-terkait-dugaan-pimpinan-kpk-peras-syl,"
Jumat, 27 Okt 2023 14:06 WIB "
Kata Polisi soal SYL-Firli Disebut Pernah Bertemu di Rumah yang Digeledah,https://news.detik.com/berita/d-7004931/kata-polisi-soal-syl-firli-disebut-pernah-bertemu-di-rumah-yang-digeledah,"
Jumat, 27 Okt 2023 14:05 WIB "
Polisi Sita Sejumlah Bukti dari Rumah Rehat Firli di Kertanegara 46,https://news.detik.com/berita/d-7004889/polisi-sita-sejumlah-bukti-dari-rumah-rehat-firli-di-kertanegara-46,"
Jumat, 27 Okt 2023 13:44 WIB "
Ini yang Ditelusuri Dewas KPK Saat Periksa SYL soal Pertemuan dengan Firli,https://news.detik.com/berita/d-7004877/ini-yang-ditelusuri-dewas-kpk-saat-periksa-syl-soal-pertemuan-dengan-firli,"
Jumat, 27 Okt 2023 13:37 WIB "
Pemilik Rumah di Kertanegara 46 yang Disewa Firli Bahuri Diperiksa Polisi,https://news.detik.com/berita/d-7004847/pemilik-rumah-di-kertanegara-46-yang-disewa-firli-bahuri-diperiksa-polisi,"
Jumat, 27 Okt 2023 13:16 WIB "
"Firli Minta Pemeriksaan Diundur Usai 8 November, Dewas KPK: Kelamaan!",https://news.detik.com/berita/d-7004844/firli-minta-pemeriksaan-diundur-usai-8-november-dewas-kpk-kelamaan,"
Jumat, 27 Okt 2023 13:16 WIB "
Alasan Firli Absen Pemeriksaan Terkait Pertemuan dengan SYL di Dewas KPK,https://news.detik.com/berita/d-7004743/alasan-firli-absen-pemeriksaan-terkait-pertemuan-dengan-syl-di-dewas-kpk,"
Jumat, 27 Okt 2023 12:24 WIB "
Firli Minta Dewas KPK Undur Pemeriksaan Terkait Pertemuan dengan SYL,https://news.detik.com/berita/d-7004462/firli-minta-dewas-kpk-undur-pemeriksaan-terkait-pertemuan-dengan-syl,"
Jumat, 27 Okt 2023 10:03 WIB "
Dewas KPK Sudah Periksa Eks Mentan SYL Terkait Pertemuan dengan Firli Bahuri,https://news.detik.com/berita/d-7004454/dewas-kpk-sudah-periksa-eks-mentan-syl-terkait-pertemuan-dengan-firli-bahuri,"
Jumat, 27 Okt 2023 09:54 WIB "
"Hari Ini, Dewas KPK Periksa Firli Bahuri Terkait Pertemuan dengan SYL",https://news.detik.com/berita/d-7004307/hari-ini-dewas-kpk-periksa-firli-bahuri-terkait-pertemuan-dengan-syl,"
Jumat, 27 Okt 2023 08:04 WIB "
Penggeledahan Rumah Ketua KPK hingga Viral Video Hoax Jokowi Fasih Bahasa Mandarin,https://news.detik.com/berita/d-7004073/penggeledahan-rumah-ketua-kpk-hingga-viral-video-hoax-jokowi-fasih-bahasa-mandarin,"
Jumat, 27 Okt 2023 07:58 WIB "
6 Fakta Rumah Ketua KPK Digeledah Polisi di Kasus Pemerasan SYL,https://news.detik.com/berita/d-7004290/6-fakta-rumah-ketua-kpk-digeledah-polisi-di-kasus-pemerasan-syl,"
Jumat, 27 Okt 2023 07:40 WIB "
MAKI: Penggeledahan di Rumah Firli Bentuk Tak Ada Perlakuan Khusus,https://news.detik.com/berita/d-7004256/maki-penggeledahan-di-rumah-firli-bentuk-tak-ada-perlakuan-khusus,"
Jumat, 27 Okt 2023 06:51 WIB "
Nurul Ghufron soal Rumah Firli Digeledah: KPK Tetap Semangat Kerja,https://news.detik.com/berita/d-7004254/nurul-ghufron-soal-rumah-firli-digeledah-kpk-tetap-semangat-kerja,"
Jumat, 27 Okt 2023 06:40 WIB "
Kompolnas Harap Polda Metro Temukan Bukti Usai Geledah Rumah Firli,https://news.detik.com/berita/d-7004246/kompolnas-harap-polda-metro-temukan-bukti-usai-geledah-rumah-firli,"
Jumat, 27 Okt 2023 06:11 WIB "
"Pengacara: Firli, Istri, dan Anak Ikut Saksikan Rumah di Bekasi Digeledah",https://news.detik.com/berita/d-7003818/pengacara-firli-istri-dan-anak-ikut-saksikan-rumah-di-bekasi-digeledah,"
Kamis, 26 Okt 2023 18:37 WIB "
Kata KPK soal Pegawai Ikut Geledah Rumah Rehat Firli di Jaksel,https://news.detik.com/berita/d-7003759/kata-kpk-soal-pegawai-ikut-geledah-rumah-rehat-firli-di-jaksel,"
Kamis, 26 Okt 2023 18:09 WIB "
Pengacara Ngaku Tak Ada Barang Bukti yang Disita Polisi dari Rumah Firli,https://news.detik.com/berita/d-7003711/pengacara-ngaku-tak-ada-barang-bukti-yang-disita-polisi-dari-rumah-firli,"
Kamis, 26 Okt 2023 17:53 WIB "
"Kuasa Hukum Firli Klaim Rumah di Kertanegara Sewaan, Dipakai untuk Rehat",https://news.detik.com/berita/d-7003642/kuasa-hukum-firli-klaim-rumah-di-kertanegara-sewaan-dipakai-untuk-rehat,"
Kamis, 26 Okt 2023 17:25 WIB "
Pengacara Ungkap SYL-Firli Pernah Bertemu di Rumah Kertanegara yang Digeledah,https://news.detik.com/berita/d-7003625/pengacara-ungkap-syl-firli-pernah-bertemu-di-rumah-kertanegara-yang-digeledah,"
Kamis, 26 Okt 2023 17:17 WIB "
KPK Hormati Polisi Geledah Rumah Firli Sepanjang Sesuai Aturan,https://news.detik.com/berita/d-7003457/kpk-hormati-polisi-geledah-rumah-firli-sepanjang-sesuai-aturan,"
Kamis, 26 Okt 2023 16:41 WIB "
Penampakan Rumah di Jaksel Digeledah Polisi Terkait Dugaan Pemerasan SYL,https://news.detik.com/berita/d-7003379/penampakan-rumah-di-jaksel-digeledah-polisi-terkait-dugaan-pemerasan-syl,"
Kamis, 26 Okt 2023 16:13 WIB "
RW Sebut Firli Tinggali Rumah di Bekasi Sejak Masih Berpangkat Kapten,https://news.detik.com/berita/d-7003332/rw-sebut-firli-tinggali-rumah-di-bekasi-sejak-masih-berpangkat-kapten,"
Kamis, 26 Okt 2023 15:56 WIB "
"Geledah Rumah Firli Bahuri, Polisi Cari Bukti Terkait Pemerasan SYL",https://news.detik.com/berita/d-7003225/geledah-rumah-firli-bahuri-polisi-cari-bukti-terkait-pemerasan-syl,"
Kamis, 26 Okt 2023 15:18 WIB "
"Polisi Benarkan 2 Rumah Digeledah di Kasus SYL Diperas, Termasuk Rumah Firli",https://news.detik.com/berita/d-7003211/polisi-benarkan-2-rumah-digeledah-di-kasus-syl-diperas-termasuk-rumah-firli,"
Kamis, 26 Okt 2023 15:12 WIB "
Polisi Bawa 1 Koper Usai Geledah Rumah di Jaksel Terkait Kasus Pemerasan SYL,https://news.detik.com/berita/d-7003194/polisi-bawa-1-koper-usai-geledah-rumah-di-jaksel-terkait-kasus-pemerasan-syl,"
Kamis, 26 Okt 2023 15:04 WIB "
"Rumah Firli di Bekasi Digeledah, Polisi Bersenjata Lengkap Berjaga di Gerbang",https://news.detik.com/berita/d-7002911/rumah-firli-di-bekasi-digeledah-polisi-bersenjata-lengkap-berjaga-di-gerbang,"
Kamis, 26 Okt 2023 13:23 WIB "
Ketua RT Sebut Firli Bahuri Hadir Saat Polisi Geledah Rumahnya di Bekasi,https://news.detik.com/berita/d-7002905/ketua-rt-sebut-firli-bahuri-hadir-saat-polisi-geledah-rumahnya-di-bekasi,"
Kamis, 26 Okt 2023 13:21 WIB "
"Rumah di Jaksel Digeledah Terkait SYL Diperas, Polisi Bawa Masuk Koper-Printer",https://news.detik.com/berita/d-7002831/rumah-di-jaksel-digeledah-terkait-syl-diperas-polisi-bawa-masuk-koper-printer,"
Kamis, 26 Okt 2023 12:44 WIB "
"Rumah Firli Bahuri di Bekasi Digeledah, RW Sebut Tetangga-RT Diperiksa",https://news.detik.com/berita/d-7002663/rumah-firli-bahuri-di-bekasi-digeledah-rw-sebut-tetangga-rt-diperiksa,"
Kamis, 26 Okt 2023 11:40 WIB "
"Kasus Dugaan Pemerasan SYL, Polisi Juga Geledah Rumah di Jaksel",https://news.detik.com/berita/d-7002599/kasus-dugaan-pemerasan-syl-polisi-juga-geledah-rumah-di-jaksel,"
Kamis, 26 Okt 2023 11:14 WIB "
Polisi Geledah Rumah Ketua KPK Firli Bahuri!,https://news.detik.com/berita/d-7002555/polisi-geledah-rumah-ketua-kpk-firli-bahuri,"
Kamis, 26 Okt 2023 10:48 WIB "
Legislator Yakin Amran Sulaiman Kembalikan Kepercayaan Publik ke Kementan,https://news.detik.com/berita/d-7002387/legislator-yakin-amran-sulaiman-kembalikan-kepercayaan-publik-ke-kementan,"
Kamis, 26 Okt 2023 08:54 WIB "
Hujan Dianggap Pertanda Baik untuk Amran yang Dilantik Jadi Mentan Lagi,https://news.detik.com/berita/d-7002189/hujan-dianggap-pertanda-baik-untuk-amran-yang-dilantik-jadi-mentan-lagi,"
Rabu, 25 Okt 2023 22:51 WIB "
Klaim KPK di Balik Request Lokasi Pemeriksaan Firli Bahuri,https://news.detik.com/berita/d-7002154/klaim-kpk-di-balik-request-lokasi-pemeriksaan-firli-bahuri,"
Rabu, 25 Okt 2023 22:08 WIB "
Dewas KPK Periksa Sejumlah Saksi Usut Aduan Firli Bertemu SYL,https://news.detik.com/berita/d-7001640/dewas-kpk-periksa-sejumlah-saksi-usut-aduan-firli-bertemu-syl,"
Rabu, 25 Okt 2023 17:07 WIB "
Kata Polisi soal Kemungkinan Periksa Pimpinan KPK Lainnya di Kasus SYL,https://news.detik.com/berita/d-7001596/kata-polisi-soal-kemungkinan-periksa-pimpinan-kpk-lainnya-di-kasus-syl,"
Rabu, 25 Okt 2023 16:52 WIB "
Polisi Masih Tunggu Respons KPK soal Ajakan Supervisi Kasus Pemerasan SYL,https://news.detik.com/berita/d-7001486/polisi-masih-tunggu-respons-kpk-soal-ajakan-supervisi-kasus-pemerasan-syl,"
Rabu, 25 Okt 2023 15:59 WIB "
KPK Duga SYL Minta Anak Buah Kumpulkan Duit dari Potongan Anggaran Kementan,https://news.detik.com/berita/d-7001312/kpk-duga-syl-minta-anak-buah-kumpulkan-duit-dari-potongan-anggaran-kementan,"
Rabu, 25 Okt 2023 15:04 WIB "
KPK Jelaskan Alasan Minta Pemeriksaan Firli Dilakukan di Bareskrim,https://news.detik.com/berita/d-7001290/kpk-jelaskan-alasan-minta-pemeriksaan-firli-dilakukan-di-bareskrim,"
Rabu, 25 Okt 2023 14:56 WIB "
Reshuffle Kabinet Hari Ini: Profil dan Pernyataan Mentan Baru,https://news.detik.com/berita/d-7000944/reshuffle-kabinet-hari-ini-profil-dan-pernyataan-mentan-baru,"
Rabu, 25 Okt 2023 12:45 WIB "
"Dilantik Jadi Mentan, Amran Sulaiman Langsung Kerja",https://news.detik.com/berita/d-7000606/dilantik-jadi-mentan-amran-sulaiman-langsung-kerja,"
Rabu, 25 Okt 2023 10:18 WIB "
Penampakan Firli Diperiksa Terkait Kasus Pemerasan SYL di Bareskrim,https://news.detik.com/berita/d-7000509/penampakan-firli-diperiksa-terkait-kasus-pemerasan-syl-di-bareskrim,"
Rabu, 25 Okt 2023 09:39 WIB "
"Dilantik Jokowi, Amran Sulaiman Resmi Jadi Mentan Gantikan SYL",https://news.detik.com/berita/d-7000452/dilantik-jokowi-amran-sulaiman-resmi-jadi-mentan-gantikan-syl,"
Rabu, 25 Okt 2023 09:05 WIB "
Profil Amran Sulaiman yang Akan Dilantik Jokowi Jadi Mentan Pengganti SYL,https://news.detik.com/berita/d-7000339/profil-amran-sulaiman-yang-akan-dilantik-jokowi-jadi-mentan-pengganti-syl,"
Rabu, 25 Okt 2023 07:07 WIB "
7 Fakta Firli Bahuri Diperiksa di Bareskrim Soal Dugaan Peras SYL,https://news.detik.com/berita/d-7000312/7-fakta-firli-bahuri-diperiksa-di-bareskrim-soal-dugaan-peras-syl,"
Rabu, 25 Okt 2023 06:34 WIB "
"Hari Ini, Amran Sulaiman Kembali Dilantik Jokowi Jadi Mentan",https://news.detik.com/berita/d-7000309/hari-ini-amran-sulaiman-kembali-dilantik-jokowi-jadi-mentan,"
Rabu, 25 Okt 2023 06:24 WIB "
Polisi Buka Kans Periksa Firli Lagi di Kasus Dugaan Pemerasan SYL,https://news.detik.com/berita/d-7000246/polisi-buka-kans-periksa-firli-lagi-di-kasus-dugaan-pemerasan-syl,"
Rabu, 25 Okt 2023 00:26 WIB "
Polisi Sita Dokumen KPK Terkait Kasus Dugaan Pemerasan SYL,https://news.detik.com/berita/d-7000204/polisi-sita-dokumen-kpk-terkait-kasus-dugaan-pemerasan-syl,"
Selasa, 24 Okt 2023 22:53 WIB "
Polisi Konsolidasi Hasil Pemeriksaan Firli di Kasus Dugaan SYL Diperas,https://news.detik.com/berita/d-7000193/polisi-konsolidasi-hasil-pemeriksaan-firli-di-kasus-dugaan-syl-diperas,"
Selasa, 24 Okt 2023 22:39 WIB "
Amran Sulaiman Dikabarkan Jadi Mentan Pengganti SYL,https://news.detik.com/pemilu/d-7000179/amran-sulaiman-dikabarkan-jadi-mentan-pengganti-syl,"
Selasa, 24 Okt 2023 22:28 WIB "
Polisi Ungkap Firli Bahuri Akui Pernah Bertemu SYL pada Maret 2022,https://news.detik.com/berita/d-7000171/polisi-ungkap-firli-bahuri-akui-pernah-bertemu-syl-pada-maret-2022,"
Selasa, 24 Okt 2023 22:18 WIB "
"Sempat Diperiksa di Kasus SYL, Ajudan Firli Kini Dimutasi ke Polri",https://news.detik.com/berita/d-7000135/sempat-diperiksa-di-kasus-syl-ajudan-firli-kini-dimutasi-ke-polri,"
Selasa, 24 Okt 2023 21:38 WIB "
Alasan Biro Hukum KPK Dampingi Firli Bahuri Selama Pemeriksaan di Bareskrim,https://news.detik.com/berita/d-7000121/alasan-biro-hukum-kpk-dampingi-firli-bahuri-selama-pemeriksaan-di-bareskrim,"
Selasa, 24 Okt 2023 21:24 WIB "
Firli Bahuri Selesai Diperiksa di Kasus Dugaan Pemerasan terhadap SYL,https://news.detik.com/berita/d-7000072/firli-bahuri-selesai-diperiksa-di-kasus-dugaan-pemerasan-terhadap-syl,"
Selasa, 24 Okt 2023 20:34 WIB "
Firli Didampingi Biro Hukum KPK Selama Pemeriksaan di Bareskrim,https://news.detik.com/berita/d-6999821/firli-didampingi-biro-hukum-kpk-selama-pemeriksaan-di-bareskrim,"
Selasa, 24 Okt 2023 18:08 WIB "
"6 Jam Berlalu, Firli Masih Diperiksa di Bareskrim Terkait Kasus Pemerasan SYL",https://news.detik.com/berita/d-6999555/6-jam-berlalu-firli-masih-diperiksa-di-bareskrim-terkait-kasus-pemerasan-syl,"
Selasa, 24 Okt 2023 16:41 WIB "
Airlangga dan Bahlil Ngaku Belum Tahu soal Rencana Reshuffle Minggu Ini,https://news.detik.com/berita/d-6999254/airlangga-dan-bahlil-ngaku-belum-tahu-soal-rencana-reshuffle-minggu-ini,"
Selasa, 24 Okt 2023 14:55 WIB "
Polisi Cecar Firli Bahuri soal Pertemuan dengan SYL di Lapangan Bulu Tangkis,https://news.detik.com/berita/d-6999028/polisi-cecar-firli-bahuri-soal-pertemuan-dengan-syl-di-lapangan-bulu-tangkis,"
Selasa, 24 Okt 2023 13:03 WIB "
KPK Panggil Ajudan Sekjen Kementan Jadi Saksi Kasus Korupsi SYL,https://news.detik.com/berita/d-6998945/kpk-panggil-ajudan-sekjen-kementan-jadi-saksi-kasus-korupsi-syl,"
Selasa, 24 Okt 2023 12:23 WIB "
Pemeriksaan Firli di Bareskrim Polri atas Permintaan Pimpinan KPK,https://news.detik.com/berita/d-6998901/pemeriksaan-firli-di-bareskrim-polri-atas-permintaan-pimpinan-kpk,"
Selasa, 24 Okt 2023 11:56 WIB "
"Firli Bahuri Diperiksa di Bareskrim, Polri: Tak Ada Perlakuan Khusus",https://news.detik.com/berita/d-6998891/firli-bahuri-diperiksa-di-bareskrim-polri-tak-ada-perlakuan-khusus,"
Selasa, 24 Okt 2023 11:50 WIB "
"Reshuffle Minggu Ini, Jokowi Siapkan Posisi Menteri Pertanian",https://news.detik.com/pemilu/d-6998817/reshuffle-minggu-ini-jokowi-siapkan-posisi-menteri-pertanian,"
Selasa, 24 Okt 2023 11:13 WIB "
Firli Penuhi Panggilan Pemeriksaan Kasus Dugaan Pemerasan Terhadap SYL,https://news.detik.com/berita/d-6998728/firli-penuhi-panggilan-pemeriksaan-kasus-dugaan-pemerasan-terhadap-syl,"
Selasa, 24 Okt 2023 10:24 WIB "
Jokowi soal Reshuffle Kabinet: Mungkin Minggu Ini,https://news.detik.com/pemilu/d-6998718/jokowi-soal-reshuffle-kabinet-mungkin-minggu-ini,"
Selasa, 24 Okt 2023 10:20 WIB "
KPK Sebut Tak Bela Firli di Kasus Pemerasan: Proses Hukum Silakan Berjalan,https://news.detik.com/berita/d-6998708/kpk-sebut-tak-bela-firli-di-kasus-pemerasan-proses-hukum-silakan-berjalan,"
Selasa, 24 Okt 2023 10:10 WIB "
Ini yang Digali Tim Gabungan di Pemeriksaan Firli soal Dugaan SYL Diperas,https://news.detik.com/berita/d-6998651/ini-yang-digali-tim-gabungan-di-pemeriksaan-firli-soal-dugaan-syl-diperas,"
Selasa, 24 Okt 2023 09:42 WIB "
"Dugaan SYL Diperas, Firli Diperiksa Penyidik Gabungan Polda Metro-Bareskrim",https://news.detik.com/berita/d-6998564/dugaan-syl-diperas-firli-diperiksa-penyidik-gabungan-polda-metro-bareskrim,"
Selasa, 24 Okt 2023 08:13 WIB "
Firli Bahuri Dipastikan Hadiri Pemeriksaan di Bareskrim Pagi Ini,https://news.detik.com/berita/d-6998552/firli-bahuri-dipastikan-hadiri-pemeriksaan-di-bareskrim-pagi-ini,"
Selasa, 24 Okt 2023 07:54 WIB "
Polda Metro Pastikan Firli Bahuri Mau Diperiksa di Bareskrim Pagi Nanti,https://news.detik.com/berita/d-6998444/polda-metro-pastikan-firli-bahuri-mau-diperiksa-di-bareskrim-pagi-nanti,"
Selasa, 24 Okt 2023 00:33 WIB "
Dewas KPK Bakal Periksa Firli Bahuri Buntut Pertemuan dengan SYL,https://news.detik.com/berita/d-6996990/dewas-kpk-bakal-periksa-firli-bahuri-buntut-pertemuan-dengan-syl,"
Senin, 23 Okt 2023 11:47 WIB "
Ajudan Pejabat di Kementan Diperiksa soal SYL Diduga Diperas Hari Ini,https://news.detik.com/berita/d-6996820/ajudan-pejabat-di-kementan-diperiksa-soal-syl-diduga-diperas-hari-ini,"
Senin, 23 Okt 2023 10:25 WIB "
Kritik Aktivis Antikorupsi Usai Firli Surati Polisi Tembusan Mahfud-Kapolri,https://news.detik.com/berita/d-6995379/kritik-aktivis-antikorupsi-usai-firli-surati-polisi-tembusan-mahfud-kapolri,"
Minggu, 22 Okt 2023 08:12 WIB "
Daftar 52 Saksi di Kasus Pemerasan Pimpinan KPK: 14 Orang dari Kementan,https://news.detik.com/berita/d-6995124/daftar-52-saksi-di-kasus-pemerasan-pimpinan-kpk-14-orang-dari-kementan,"
Sabtu, 21 Okt 2023 21:27 WIB "
"Polisi Ajak Supervisi Pemerasan SYL, Dewas Teruskan Surat ke Pimpinan KPK",https://news.detik.com/berita/d-6994570/polisi-ajak-supervisi-pemerasan-syl-dewas-teruskan-surat-ke-pimpinan-kpk,"
Sabtu, 21 Okt 2023 14:33 WIB "
MAKI soal Surat Tembusan Firli ke Kapolri-Mahfud: Cari Perlindungan,https://news.detik.com/berita/d-6994131/maki-soal-surat-tembusan-firli-ke-kapolri-mahfud-cari-perlindungan,"
Sabtu, 21 Okt 2023 09:14 WIB "
ICW: Surat Tembusan Firli ke Kapolri-Menko Polhukam Nggak Nyambung,https://news.detik.com/berita/d-6994076/icw-surat-tembusan-firli-ke-kapolri-menko-polhukam-nggak-nyambung,"
Sabtu, 21 Okt 2023 08:35 WIB "
5 Fakta Terkini Kasus SYL Diduga Diperas tapi Firli Absen Diperiksa,https://news.detik.com/berita/d-6994034/5-fakta-terkini-kasus-syl-diduga-diperas-tapi-firli-absen-diperiksa,"
Sabtu, 21 Okt 2023 07:49 WIB "
"Teka-teki Cek Bodong di Rumah SYL, Saldo Ratusan Triliun tapi Tipu-tipu",https://news.detik.com/berita/d-6993992/teka-teki-cek-bodong-di-rumah-syl-saldo-ratusan-triliun-tapi-tipu-tipu,"
Sabtu, 21 Okt 2023 07:01 WIB "
Firli Bahuri Absen Diperiksa Polda Metro Berujung Kritik di Sana-sini,https://news.detik.com/berita/d-6993984/firli-bahuri-absen-diperiksa-polda-metro-berujung-kritik-di-sana-sini,"
Sabtu, 21 Okt 2023 06:15 WIB "
Ragam Alasan Ketua KPK Firli Bahuri saat Absen Diperiksa Polisi,https://news.detik.com/berita/d-6993750/ragam-alasan-ketua-kpk-firli-bahuri-saat-absen-diperiksa-polisi,"
Jumat, 20 Okt 2023 21:05 WIB "
Eks Penyidik KPK: Kesaksian Firli Akan Buka Kotak Pandora soal Pemerasan SYL,https://news.detik.com/berita/d-6993701/eks-penyidik-kpk-kesaksian-firli-akan-buka-kotak-pandora-soal-pemerasan-syl,"
Jumat, 20 Okt 2023 20:36 WIB "
Polda Metro Bicara soal Sosok Terlapor Kasus Pimpinan KPK Diduga Peras SYL,https://news.detik.com/berita/d-6993625/polda-metro-bicara-soal-sosok-terlapor-kasus-pimpinan-kpk-diduga-peras-syl,"
Jumat, 20 Okt 2023 19:52 WIB "
Polisi Panggil Saksi dari Kemenkes Terkait Kasus Pimpinan KPK Peras SYL,https://news.detik.com/berita/d-6993558/polisi-panggil-saksi-dari-kemenkes-terkait-kasus-pimpinan-kpk-peras-syl,"
Jumat, 20 Okt 2023 19:05 WIB "
Respons KPK Usai Polisi Minta Serahkan Dokumen Terkait Pemerasan SYL,https://news.detik.com/berita/d-6993508/respons-kpk-usai-polisi-minta-serahkan-dokumen-terkait-pemerasan-syl,"
Jumat, 20 Okt 2023 18:35 WIB "
"KPK Gelar Jumpa Pers Kasus Korupsi Stadion di DIY, Tak Ada Pimpinan Hadir",https://news.detik.com/berita/d-6993434/kpk-gelar-jumpa-pers-kasus-korupsi-stadion-di-diy-tak-ada-pimpinan-hadir,"
Jumat, 20 Okt 2023 17:59 WIB "
"Advokat Donal Fariz Diperiksa di Kasus SYL, Dicecar soal Legal Opinion",https://news.detik.com/berita/d-6993348/advokat-donal-fariz-diperiksa-di-kasus-syl-dicecar-soal-legal-opinion,"
Jumat, 20 Okt 2023 17:19 WIB "
"Firli Bahuri Dijadwal Ulang Polda Metro, Bakal Diperiksa Selasa 24 Oktober",https://news.detik.com/berita/d-6993296/firli-bahuri-dijadwal-ulang-polda-metro-bakal-diperiksa-selasa-24-oktober,"
Jumat, 20 Okt 2023 16:56 WIB "
IM57+ Bakal Hadiahi Firli Bahuri Raket Jika Penuhi Panggilan Polda Metro,https://news.detik.com/berita/d-6993258/im57-bakal-hadiahi-firli-bahuri-raket-jika-penuhi-panggilan-polda-metro,"
Jumat, 20 Okt 2023 16:41 WIB "
Polisi Minta KPK Segera Serahkan Dokumen Terkait Pemerasan untuk Disita,https://news.detik.com/berita/d-6993238/polisi-minta-kpk-segera-serahkan-dokumen-terkait-pemerasan-untuk-disita,"
Jumat, 20 Okt 2023 16:38 WIB "
Pemilik Cek Bodong di Rumah SYL Punya Buku Tabungan Palsu Saldo Ratusan Triliun,https://news.detik.com/berita/d-6993200/pemilik-cek-bodong-di-rumah-syl-punya-buku-tabungan-palsu-saldo-ratusan-triliun,"
Jumat, 20 Okt 2023 16:28 WIB "
Polda Metro Minta Dokumen ke KPK Terkait Dugaan SYL Diperas,https://news.detik.com/berita/d-6993088/polda-metro-minta-dokumen-ke-kpk-terkait-dugaan-syl-diperas,"
Jumat, 20 Okt 2023 15:39 WIB "
PPATK Ungkap Inisial AKDT Pemilik Cek Rp 2 T di Rumah Dinas SYL,https://news.detik.com/berita/d-6993072/ppatk-ungkap-inisial-akdt-pemilik-cek-rp-2-t-di-rumah-dinas-syl,"
Jumat, 20 Okt 2023 15:33 WIB "
"Firli Absen Dipanggil Polisi, NasDem Harap Ketua KPK Beri Contoh Baik",https://news.detik.com/berita/d-6993045/firli-absen-dipanggil-polisi-nasdem-harap-ketua-kpk-beri-contoh-baik,"
Jumat, 20 Okt 2023 15:24 WIB "
Polisi Ungkap Pentingnya Periksa Firli Bahuri di Kasus SYL Diperas,https://news.detik.com/berita/d-6993018/polisi-ungkap-pentingnya-periksa-firli-bahuri-di-kasus-syl-diperas,"
Jumat, 20 Okt 2023 15:11 WIB "
"Absen Dipanggil Polisi, Firli Bahuri Kirim Tembusan ke Kapolri dan Mahfud",https://news.detik.com/berita/d-6992961/absen-dipanggil-polisi-firli-bahuri-kirim-tembusan-ke-kapolri-dan-mahfud,"
Jumat, 20 Okt 2023 14:44 WIB "
"Polisi Periksa 52 Saksi Kasus Pemerasan Pimpinan KPK, Firli Pekan Depan",https://news.detik.com/berita/d-6992891/polisi-periksa-52-saksi-kasus-pemerasan-pimpinan-kpk-firli-pekan-depan,"
Jumat, 20 Okt 2023 14:21 WIB "
MAKI: Alasan Firli Absen Diperiksa Polda Metro Hanya Mengada-ada,https://news.detik.com/berita/d-6992869/maki-alasan-firli-absen-diperiksa-polda-metro-hanya-mengada-ada,"
Jumat, 20 Okt 2023 14:08 WIB "
Polda Metro: Firli Bahuri Bilang Perlu Waktu Dalami Materi Pemeriksaan,https://news.detik.com/berita/d-6992820/polda-metro-firli-bahuri-bilang-perlu-waktu-dalami-materi-pemeriksaan,"
Jumat, 20 Okt 2023 13:51 WIB "
Polisi Panggil Firli Bahuri Lagi Pekan Depan Usai Absen Diperiksa Hari Ini,https://news.detik.com/berita/d-6992785/polisi-panggil-firli-bahuri-lagi-pekan-depan-usai-absen-diperiksa-hari-ini,"
Jumat, 20 Okt 2023 13:30 WIB "
KPK Panggil Donal Fariz hingga 2 Anak Buah SYL Terkait Korupsi di Kementan,https://news.detik.com/berita/d-6992648/kpk-panggil-donal-fariz-hingga-2-anak-buah-syl-terkait-korupsi-di-kementan,"
Jumat, 20 Okt 2023 12:20 WIB "
Alasan Firli Bahuri Absen Diperiksa Polisi soal Kasus SYL Diperas,https://news.detik.com/berita/d-6992568/alasan-firli-bahuri-absen-diperiksa-polisi-soal-kasus-syl-diperas,"
Jumat, 20 Okt 2023 11:32 WIB "
Firli Bahuri Absen Dipanggil Polda Metro Terkait Kasus SYL Diperas,https://news.detik.com/berita/d-6992491/firli-bahuri-absen-dipanggil-polda-metro-terkait-kasus-syl-diperas,"
Jumat, 20 Okt 2023 10:55 WIB "
Polisi Belum Terima Konfirmasi Kehadiran Firli untuk Pemeriksaan Hari Ini,https://news.detik.com/berita/d-6992403/polisi-belum-terima-konfirmasi-kehadiran-firli-untuk-pemeriksaan-hari-ini,"
Jumat, 20 Okt 2023 10:20 WIB "
ICW Minta Firli Tak Cari-cari Alasan Hindari Pemeriksaan di Polda Metro,https://news.detik.com/berita/d-6992394/icw-minta-firli-tak-cari-cari-alasan-hindari-pemeriksaan-di-polda-metro,"
Jumat, 20 Okt 2023 10:10 WIB "
"MAKI Minta Firli Penuhi Panggilan Polisi: Kalau Tak Merasa Salah, Datang",https://news.detik.com/berita/d-6992204/maki-minta-firli-penuhi-panggilan-polisi-kalau-tak-merasa-salah-datang,"
Jumat, 20 Okt 2023 08:02 WIB "
"Ketua KPK Firli Bahuri Dipanggil Polda Metro Jaya Hari Ini, Bakal Hadir?",https://news.detik.com/berita/d-6992196/ketua-kpk-firli-bahuri-dipanggil-polda-metro-jaya-hari-ini-bakal-hadir,"
Jumat, 20 Okt 2023 07:52 WIB "
IM57+ Desak Firli Hadir Diperiksa Polda Metro Besok: Tak Ada Keistimewaan,https://news.detik.com/berita/d-6990929/im57-desak-firli-hadir-diperiksa-polda-metro-besok-tak-ada-keistimewaan,"
Kamis, 19 Okt 2023 13:51 WIB "
"Termasuk Pegawai KPK, 8 Saksi Diperiksa Polisi soal Pemerasan SYL Hari Ini",https://news.detik.com/berita/d-6990294/termasuk-pegawai-kpk-8-saksi-diperiksa-polisi-soal-pemerasan-syl-hari-ini,"
Kamis, 19 Okt 2023 09:45 WIB "
"3 Saksi Absen Panggilan soal Pemerasan SYL, Termasuk Ajudan Pejabat Kementan",https://news.detik.com/berita/d-6989732/3-saksi-absen-panggilan-soal-pemerasan-syl-termasuk-ajudan-pejabat-kementan,"
Rabu, 18 Okt 2023 19:23 WIB "
"Polisi Kini Surati Dewas KPK, Minta Deputi Korsup KPK Supervisi Pemerasan SYL",https://news.detik.com/berita/d-6989665/polisi-kini-surati-dewas-kpk-minta-deputi-korsup-kpk-supervisi-pemerasan-syl,"
Rabu, 18 Okt 2023 18:52 WIB "
Polisi Sudah Periksa 45 Saksi Terkait Dugaan Pimpinan KPK Peras SYL,https://news.detik.com/berita/d-6989601/polisi-sudah-periksa-45-saksi-terkait-dugaan-pimpinan-kpk-peras-syl,"
Rabu, 18 Okt 2023 18:20 WIB "
Polisi Periksa Ketua KPK Firli soal Pemerasan SYL Jumat 20 Oktober!,https://news.detik.com/berita/d-6989475/polisi-periksa-ketua-kpk-firli-soal-pemerasan-syl-jumat-20-oktober,"
Rabu, 18 Okt 2023 17:51 WIB "
Kapolrestabes Semarang Diperiksa Lagi soal Kasus Pimpinan KPK Peras SYL,https://news.detik.com/berita/d-6989188/kapolrestabes-semarang-diperiksa-lagi-soal-kasus-pimpinan-kpk-peras-syl,"
Rabu, 18 Okt 2023 16:19 WIB "
Firli Bahuri Ngotot 'Pertemuan Bulutangkis' Terjadi Saat SYL Belum Beperkara,https://news.detik.com/berita/d-6988905/firli-bahuri-ngotot-pertemuan-bulutangkis-terjadi-saat-syl-belum-beperkara,"
Rabu, 18 Okt 2023 14:35 WIB "
KPK Periksa Eks Sekjen Kementan hingga Stafsus SYL Hari Ini,https://news.detik.com/berita/d-6988516/kpk-periksa-eks-sekjen-kementan-hingga-stafsus-syl-hari-ini,"
Rabu, 18 Okt 2023 11:59 WIB "
Eks Wakil Ketua KPK M Jasin Diperiksa soal Kasus Pimpinan KPK Temui SYL,https://news.detik.com/berita/d-6988262/eks-wakil-ketua-kpk-m-jasin-diperiksa-soal-kasus-pimpinan-kpk-temui-syl,"
Rabu, 18 Okt 2023 10:31 WIB "
KPK Cecar 2 Ajudan Eks Mentan SYL soal Pos Anggaran Kegiatan Dinas,https://news.detik.com/berita/d-6988078/kpk-cecar-2-ajudan-eks-mentan-syl-soal-pos-anggaran-kegiatan-dinas,"
Rabu, 18 Okt 2023 08:51 WIB "
Polisi Kembali Panggil Ajudan Firli Terkait Kasus Pemerasan SYL Hari Ini,https://news.detik.com/berita/d-6988039/polisi-kembali-panggil-ajudan-firli-terkait-kasus-pemerasan-syl-hari-ini,"
Rabu, 18 Okt 2023 08:06 WIB "
Polisi Panggil Wakil Ketua KPK 2007-2011 Terkait Kasus Pemerasan SYL,https://news.detik.com/berita/d-6988016/polisi-panggil-wakil-ketua-kpk-2007-2011-terkait-kasus-pemerasan-syl,"
Rabu, 18 Okt 2023 07:51 WIB "
Sorotan ke Cek Rp 2 T SYL Bodong tapi KPK Ogah Buru-buru Simpulkan,https://news.detik.com/berita/d-6987973/sorotan-ke-cek-rp-2-t-syl-bodong-tapi-kpk-ogah-buru-buru-simpulkan,"
Rabu, 18 Okt 2023 05:59 WIB "
"Kabar Terkini Kasus SYL Diperas, Saut Situmorang Diperiksa Jadi Ahli",https://news.detik.com/berita/d-6987725/kabar-terkini-kasus-syl-diperas-saut-situmorang-diperiksa-jadi-ahli,"
Selasa, 17 Okt 2023 21:10 WIB "
Saut Situmorang Minta Dewas KPK Beri Sanksi Etik ke Firli,https://news.detik.com/berita/d-6987580/saut-situmorang-minta-dewas-kpk-beri-sanksi-etik-ke-firli,"
Selasa, 17 Okt 2023 19:12 WIB "
Saut Situmorang Yakin Ada Tersangka Kasus Pimpinan KPK Temui SYL,https://news.detik.com/berita/d-6987345/saut-situmorang-yakin-ada-tersangka-kasus-pimpinan-kpk-temui-syl,"
Selasa, 17 Okt 2023 18:02 WIB "
"Saut Situmorang Duga Ada Pelanggaran Saat Firli Bertemu SYL, Ini Argumennya",https://news.detik.com/berita/d-6987282/saut-situmorang-duga-ada-pelanggaran-saat-firli-bertemu-syl-ini-argumennya,"
Selasa, 17 Okt 2023 17:39 WIB "
KPK Periksa Stafsus SYL hingga Sespri Sekjen Terkait Korupsi di Kementan,https://news.detik.com/berita/d-6986779/kpk-periksa-stafsus-syl-hingga-sespri-sekjen-terkait-korupsi-di-kementan,"
Selasa, 17 Okt 2023 14:25 WIB "
Saut Duga Pimpinan KPK Lain Tahu Firli Bertemu SYL: Kan Mesti Pamit,https://news.detik.com/berita/d-6986610/saut-duga-pimpinan-kpk-lain-tahu-firli-bertemu-syl-kan-mesti-pamit,"
Selasa, 17 Okt 2023 13:14 WIB "
Eks Wakil Ketua KPK Yakin Kapolri Usut Tuntas Kasus Pemerasan SYL,https://news.detik.com/berita/d-6986492/eks-wakil-ketua-kpk-yakin-kapolri-usut-tuntas-kasus-pemerasan-syl,"
Selasa, 17 Okt 2023 12:26 WIB "
"PPATK Sebut Cek Rp 2 T SYL Bodong, KPK Enggan Buru-buru Simpulkan",https://news.detik.com/berita/d-6986438/ppatk-sebut-cek-rp-2-t-syl-bodong-kpk-enggan-buru-buru-simpulkan,"
Selasa, 17 Okt 2023 12:06 WIB "
Eks Waka KPK Saut Situmorang Diperiksa sebagai Ahli di Kasus Pemerasan SYL,https://news.detik.com/berita/d-6986393/eks-waka-kpk-saut-situmorang-diperiksa-sebagai-ahli-di-kasus-pemerasan-syl,"
Selasa, 17 Okt 2023 11:42 WIB "
Kapolri Minta Dugaan Pemerasan Pimpinan KPK ke SYL Ditangani Profesional,https://news.detik.com/berita/d-6986375/kapolri-minta-dugaan-pemerasan-pimpinan-kpk-ke-syl-ditangani-profesional,"
Selasa, 17 Okt 2023 11:35 WIB "
"PPATK Ungkap Cek Rp 2 T Temuan KPK Bodong, Febri: SYL Simpan karena Unik",https://news.detik.com/berita/d-6986356/ppatk-ungkap-cek-rp-2-t-temuan-kpk-bodong-febri-syl-simpan-karena-unik,"
Selasa, 17 Okt 2023 11:29 WIB "
"PPATK Ungkap Cek Rp 2 T di Rumah Dinas SYL Bodong, NasDem: Gimana KPK?",https://news.detik.com/berita/d-6986320/ppatk-ungkap-cek-rp-2-t-di-rumah-dinas-syl-bodong-nasdem-gimana-kpk,"
Selasa, 17 Okt 2023 11:13 WIB "
Kepala PPATK: Cek Rp 2 T di Rumah Dinas SYL Bodong!,https://news.detik.com/berita/d-6986072/kepala-ppatk-cek-rp-2-t-di-rumah-dinas-syl-bodong,"
Selasa, 17 Okt 2023 08:50 WIB "
Polisi: Total 23 Orang Sudah Diperiksa soal Pemerasan SYL,https://news.detik.com/berita/d-6986061/polisi-total-23-orang-sudah-diperiksa-soal-pemerasan-syl,"
Selasa, 17 Okt 2023 08:40 WIB "
Polisi Panggil 3 Pejabat Eselon 1 Kementan soal Kasus Pemerasan SYL Hari Ini,https://news.detik.com/berita/d-6985995/polisi-panggil-3-pejabat-eselon-1-kementan-soal-kasus-pemerasan-syl-hari-ini,"
Selasa, 17 Okt 2023 07:49 WIB "
Eks Waka KPK Saut Situmorang Diperiksa soal Kasus Pemerasan SYL Hari Ini,https://news.detik.com/berita/d-6985979/eks-waka-kpk-saut-situmorang-diperiksa-soal-kasus-pemerasan-syl-hari-ini,"
Selasa, 17 Okt 2023 07:19 WIB "
Tanda Tanya Cek Rp 2 Triliun saat Rumah SYL Digeledah KPK,https://news.detik.com/berita/d-6985972/tanda-tanya-cek-rp-2-triliun-saat-rumah-syl-digeledah-kpk,"
Selasa, 17 Okt 2023 06:56 WIB "
Respons NasDem soal KPK Temukan Cek Rp 2 Triliun di Rumah Dinas SYL,https://news.detik.com/berita/d-6985966/respons-nasdem-soal-kpk-temukan-cek-rp-2-triliun-di-rumah-dinas-syl,"
Selasa, 17 Okt 2023 06:44 WIB "
Pukat UGM Minta KPK Usut Sosok di Balik Cek Rp 2 T di Rumdin SYL,https://news.detik.com/berita/d-6985939/pukat-ugm-minta-kpk-usut-sosok-di-balik-cek-rp-2-t-di-rumdin-syl,"
Selasa, 17 Okt 2023 05:32 WIB "
"Direktur Dumas KPK Irit Bicara Usai 6,5 Jam Diperiksa soal Pemerasan SYL",https://news.detik.com/berita/d-6985487/direktur-dumas-kpk-irit-bicara-usai-6-5-jam-diperiksa-soal-pemerasan-syl,"
Senin, 16 Okt 2023 18:22 WIB "
"Khawatir Konflik Kepentingan, KPK Belum Tentu Supervisi Kasus Pemerasan SYL",https://news.detik.com/berita/d-6984888/khawatir-konflik-kepentingan-kpk-belum-tentu-supervisi-kasus-pemerasan-syl,"
Senin, 16 Okt 2023 14:15 WIB "
Respons Pengacara soal Temuan Cek Rp 2 Triliun di Rumah Dinas Eks Mentan SYL,https://news.detik.com/berita/d-6984790/respons-pengacara-soal-temuan-cek-rp-2-triliun-di-rumah-dinas-eks-mentan-syl,"
Senin, 16 Okt 2023 13:38 WIB "
Direktur Dumas KPK Penuhi Panggilan Polisi Diperiksa Soal Pemerasan SYL,https://news.detik.com/berita/d-6984674/direktur-dumas-kpk-penuhi-panggilan-polisi-diperiksa-soal-pemerasan-syl,"
Senin, 16 Okt 2023 12:40 WIB "
KPK Periksa 2 Ajudan Eks Mentan SYL Terkait Korupsi di Kementan,https://news.detik.com/berita/d-6984385/kpk-periksa-2-ajudan-eks-mentan-syl-terkait-korupsi-di-kementan,"
Senin, 16 Okt 2023 10:34 WIB "
"Mahfud Yakin NasDem Tak Bisa Dibubarkan karena SYL, Bagaimana Aturan Mainnya?",https://news.detik.com/pemilu/d-6984219/mahfud-yakin-nasdem-tak-bisa-dibubarkan-karena-syl-bagaimana-aturan-mainnya,"
Senin, 16 Okt 2023 08:50 WIB "
Perkara Serba Tiga Eks Mentan Syahrul Yasin Limpo,https://news.detik.com/berita/d-6984179/perkara-serba-tiga-eks-mentan-syahrul-yasin-limpo,"
Senin, 16 Okt 2023 08:00 WIB "
Polda Metro Periksa Direktur Dumas KPK soal Pemerasan SYL Hari Ini,https://news.detik.com/berita/d-6984171/polda-metro-periksa-direktur-dumas-kpk-soal-pemerasan-syl-hari-ini,"
Senin, 16 Okt 2023 07:43 WIB "
KPK Temukan Cek Senilai Rp 2 Triliun saat Geledah Rumah Dinas SYL,https://news.detik.com/berita/d-6984155/kpk-temukan-cek-senilai-rp-2-triliun-saat-geledah-rumah-dinas-syl,"
Senin, 16 Okt 2023 07:18 WIB "
"Mahfud: Ada Spekulasi NasDem Dibubarkan karena SYL, Saya Bilang Tak Mungkin",https://news.detik.com/berita/d-6983790/mahfud-ada-spekulasi-nasdem-dibubarkan-karena-syl-saya-bilang-tak-mungkin,"
Minggu, 15 Okt 2023 19:06 WIB "
Manuver NasDem Usai SYL Dijerat KPK: Wacana Somasi hingga Jangan Main Api,https://news.detik.com/berita/d-6983424/manuver-nasdem-usai-syl-dijerat-kpk-wacana-somasi-hingga-jangan-main-api,"
Minggu, 15 Okt 2023 14:21 WIB "
Prananda Surya Paloh: Jangan Coba-coba Main Api dengan NasDem,https://news.detik.com/pemilu/d-6983302/prananda-surya-paloh-jangan-coba-coba-main-api-dengan-nasdem,"
Minggu, 15 Okt 2023 12:39 WIB "
KPK Vs NasDem Berbalas 'Pantun' Buntut Liarnya Aliran Duit Eks Mentan SYL,https://news.detik.com/berita/d-6983293/kpk-vs-nasdem-berbalas-pantun-buntut-liarnya-aliran-duit-eks-mentan-syl,"
Minggu, 15 Okt 2023 12:28 WIB "
"Surat Penangkapan SYL oleh KPK Jadi Sorotan, MAKI Bicara Opsi Praperadilan",https://news.detik.com/berita/d-6983090/surat-penangkapan-syl-oleh-kpk-jadi-sorotan-maki-bicara-opsi-praperadilan,"
Minggu, 15 Okt 2023 09:26 WIB "
"Surat Penangkapan SYL Dipersoalkan, Kuasa Hukum Pelajari Aturan Formil",https://news.detik.com/berita/d-6983070/surat-penangkapan-syl-dipersoalkan-kuasa-hukum-pelajari-aturan-formil,"
Minggu, 15 Okt 2023 09:15 WIB "
NasDem Tanya KPK: Apa Bantu Sembako ke Masyarakat Disebut Aliran Uang?,https://news.detik.com/berita/d-6983062/nasdem-tanya-kpk-apa-bantu-sembako-ke-masyarakat-disebut-aliran-uang,"
Minggu, 15 Okt 2023 09:09 WIB "
Muncul Opsi NasDem Somasi Pimpinan KPK soal Ucapan Aliran Duit SYL,https://news.detik.com/berita/d-6983036/muncul-opsi-nasdem-somasi-pimpinan-kpk-soal-ucapan-aliran-duit-syl,"
Minggu, 15 Okt 2023 08:38 WIB "
Keraguan NasDem Dijawab KPK Siap Buka-bukaan Aliran Uang Haram Kasus SYL,https://news.detik.com/berita/d-6982986/keraguan-nasdem-dijawab-kpk-siap-buka-bukaan-aliran-uang-haram-kasus-syl,"
Minggu, 15 Okt 2023 07:08 WIB "
"NasDem Bantah Dapat Aliran Duit Kasus SYL, KPK Singgung soal TPPU",https://news.detik.com/berita/d-6982765/nasdem-bantah-dapat-aliran-duit-kasus-syl-kpk-singgung-soal-tppu,"
Sabtu, 14 Okt 2023 21:02 WIB "
"Bakal Disomasi NasDem soal SYL, Alex Marwata Tegaskan KPK Berdasarkan Bukti",https://news.detik.com/berita/d-6982682/bakal-disomasi-nasdem-soal-syl-alex-marwata-tegaskan-kpk-berdasarkan-bukti,"
Sabtu, 14 Okt 2023 20:26 WIB "
Rocky Gerung Sebut Korupsi SYL yang Diusut KPK Sarat Unsur Politis,https://news.detik.com/berita/d-6982640/rocky-gerung-sebut-korupsi-syl-yang-diusut-kpk-sarat-unsur-politis,"
Sabtu, 14 Okt 2023 19:34 WIB "
Sahroni ke KPK soal Aliran Korupsi SYL: Seolah-olah Kita Busuk Banget,https://news.detik.com/berita/d-6982464/sahroni-ke-kpk-soal-aliran-korupsi-syl-seolah-olah-kita-busuk-banget,"
Sabtu, 14 Okt 2023 17:28 WIB "
NasDem Bantah Terima Uang Kasus Korupsi SYL: Kami Sudah Cek Rekening,https://news.detik.com/berita/d-6982459/nasdem-bantah-terima-uang-kasus-korupsi-syl-kami-sudah-cek-rekening,"
Sabtu, 14 Okt 2023 17:25 WIB "
NasDem Pertimbangkan Somasi Alexander Marwata soal Ucapan Aliran Duit SYL,https://news.detik.com/berita/d-6982457/nasdem-pertimbangkan-somasi-alexander-marwata-soal-ucapan-aliran-duit-syl,"
Sabtu, 14 Okt 2023 17:24 WIB "
NasDem Dukung KPK Proses Hukum SYL: Lebih Cepat Diadili Lebih Baik,https://news.detik.com/berita/d-6982448/nasdem-dukung-kpk-proses-hukum-syl-lebih-cepat-diadili-lebih-baik,"
Sabtu, 14 Okt 2023 17:20 WIB "
"Cegah Konflik Kepentingan, Firli Diminta Tak Supervisi Kasus Pemerasan SYL",https://news.detik.com/berita/d-6982311/cegah-konflik-kepentingan-firli-diminta-tak-supervisi-kasus-pemerasan-syl,"
Sabtu, 14 Okt 2023 16:02 WIB "
"Abraham Samad: Surat Penangkapan SYL Cacat Administrasi, Memalukan!",https://news.detik.com/berita/d-6982155/abraham-samad-surat-penangkapan-syl-cacat-administrasi-memalukan,"
Sabtu, 14 Okt 2023 14:22 WIB "
"NasDem Tanya Bukti Aliran Duit Korupsi dari SYL, Begini Respons KPK",https://news.detik.com/berita/d-6982101/nasdem-tanya-bukti-aliran-duit-korupsi-dari-syl-begini-respons-kpk,"
Sabtu, 14 Okt 2023 13:42 WIB "
KPK Jawab Febri Diansyah soal Sosok Penghasut SYL,https://news.detik.com/berita/d-6982030/kpk-jawab-febri-diansyah-soal-sosok-penghasut-syl,"
Sabtu, 14 Okt 2023 13:06 WIB "
Nasib ASN Kementan Bertahun-tahun Dipaksa Beri Upeti ke SYL atau Dimutasi,https://news.detik.com/berita/d-6982006/nasib-asn-kementan-bertahun-tahun-dipaksa-beri-upeti-ke-syl-atau-dimutasi,"
Sabtu, 14 Okt 2023 12:34 WIB "
Polda Metro Panggil Lagi Direktur Dumas KPK 16 Oktober,https://news.detik.com/berita/d-6981844/polda-metro-panggil-lagi-direktur-dumas-kpk-16-oktober,"
Sabtu, 14 Okt 2023 10:05 WIB "
"Minta Supervisi Kasus SYL Diperas Pimpinan KPK, Polisi: Bentuk Transparansi",https://news.detik.com/berita/d-6981813/minta-supervisi-kasus-syl-diperas-pimpinan-kpk-polisi-bentuk-transparansi,"
Sabtu, 14 Okt 2023 09:37 WIB "
Uang Miliaran Korupsi SYL Diduga untuk Cicil Alphard-Rawat Wajah Keluarga,https://news.detik.com/berita/d-6981778/uang-miliaran-korupsi-syl-diduga-untuk-cicil-alphard-rawat-wajah-keluarga,"
Sabtu, 14 Okt 2023 09:16 WIB "
Dugaan SYL Paksa Bawahan Setor USD 10 Ribu dengan Ancaman Mutasi,https://news.detik.com/berita/d-6981777/dugaan-syl-paksa-bawahan-setor-usd-10-ribu-dengan-ancaman-mutasi,"
Sabtu, 14 Okt 2023 09:12 WIB "
Balasan NasDem Usai KPK Sebut Miliaran Rupiah Duit Korupsi SYL Masuk Partai,https://news.detik.com/berita/d-6981766/balasan-nasdem-usai-kpk-sebut-miliaran-rupiah-duit-korupsi-syl-masuk-partai,"
Sabtu, 14 Okt 2023 08:59 WIB "
Febri Minta KPK Ungkap Orang yang Hasut SYL Tak Penuhi Pemeriksaan,https://news.detik.com/berita/d-6981738/febri-minta-kpk-ungkap-orang-yang-hasut-syl-tak-penuhi-pemeriksaan,"
Sabtu, 14 Okt 2023 08:48 WIB "
Polda Metro Surati KPK Ajak Supervisi Kasus Dugaan Pemerasan SYL,https://news.detik.com/berita/d-6981727/polda-metro-surati-kpk-ajak-supervisi-kasus-dugaan-pemerasan-syl,"
Sabtu, 14 Okt 2023 08:38 WIB "
Kompolnas: Kewenangan Penyidik Periksa Firli terkait Dugaan Pemerasan SYL,https://news.detik.com/berita/d-6981719/kompolnas-kewenangan-penyidik-periksa-firli-terkait-dugaan-pemerasan-syl,"
Sabtu, 14 Okt 2023 08:22 WIB "
Pukat UGM Kritik Firli Bahuri Teken Surat Penangkapan SYL: Cacat Formil!,https://news.detik.com/berita/d-6981708/pukat-ugm-kritik-firli-bahuri-teken-surat-penangkapan-syl-cacat-formil,"
Sabtu, 14 Okt 2023 08:02 WIB "
MAKI Desak Polda Metro Tetapkan Tersangka Dugaan Pimpinan KPK Peras SYL,https://news.detik.com/berita/d-6981696/maki-desak-polda-metro-tetapkan-tersangka-dugaan-pimpinan-kpk-peras-syl,"
Sabtu, 14 Okt 2023 07:41 WIB "
Polda Metro Gandeng Dittipidkor Bareskrim Usut Pemerasan SYL,https://news.detik.com/berita/d-6981651/polda-metro-gandeng-dittipidkor-bareskrim-usut-pemerasan-syl,"
Sabtu, 14 Okt 2023 06:43 WIB "
Ancang-ancang Firli Bahuri Diperiksa Polisi soal Dugaan SYL Diperas,https://news.detik.com/berita/d-6981646/ancang-ancang-firli-bahuri-diperiksa-polisi-soal-dugaan-syl-diperas,"
Sabtu, 14 Okt 2023 06:32 WIB "
"Ajudan Firli Akan Diperiksa Lagi, Telisik Lebih Dalam soal Pemerasan SYL",https://news.detik.com/berita/d-6981638/ajudan-firli-akan-diperiksa-lagi-telisik-lebih-dalam-soal-pemerasan-syl,"
Sabtu, 14 Okt 2023 06:12 WIB "
"Diperiksa Polda Metro Jaya, Ajudan Firli Dicecar soal Pemerasan SYL",https://news.detik.com/berita/d-6981610/diperiksa-polda-metro-jaya-ajudan-firli-dicecar-soal-pemerasan-syl,"
Sabtu, 14 Okt 2023 02:22 WIB "
Ajudan Firli Bahuri Bungkam Usai Diperiksa Polda Metro Selama 8 Jam,https://news.detik.com/berita/d-6981576/ajudan-firli-bahuri-bungkam-usai-diperiksa-polda-metro-selama-8-jam,"
Jumat, 13 Okt 2023 23:38 WIB "
KPK Bantah Adu Cepat dengan Polda Metro Tuntaskan Kasus Terkait SYL,https://news.detik.com/berita/d-6981551/kpk-bantah-adu-cepat-dengan-polda-metro-tuntaskan-kasus-terkait-syl,"
Jumat, 13 Okt 2023 22:33 WIB "
NasDem soal Aliran Dana SYL: Apa Masih Bisa Kita Percaya Keterangan KPK?,https://news.detik.com/berita/d-6981523/nasdem-soal-aliran-dana-syl-apa-masih-bisa-kita-percaya-keterangan-kpk,"
Jumat, 13 Okt 2023 22:05 WIB "
Anies Hanya Kasih Jempol saat Ditanya soal Eks Mentan SYL Ditahan KPK,https://news.detik.com/pemilu/d-6981451/anies-hanya-kasih-jempol-saat-ditanya-soal-eks-mentan-syl-ditahan-kpk,"
Jumat, 13 Okt 2023 21:22 WIB "
KPK Sebut Ada Seseorang Hasut SYL untuk Tak Hadir di KPK Hari Ini,https://news.detik.com/berita/d-6981410/kpk-sebut-ada-seseorang-hasut-syl-untuk-tak-hadir-di-kpk-hari-ini,"
Jumat, 13 Okt 2023 20:53 WIB "
Tanda Tanya Surat Penangkapan SYL Diteken Firli Bahuri sebagai Penyidik,https://news.detik.com/berita/d-6981404/tanda-tanya-surat-penangkapan-syl-diteken-firli-bahuri-sebagai-penyidik,"
Jumat, 13 Okt 2023 20:40 WIB "
Ada di Mana Firli Saat KPK Konpers Penahanan Eks Mentan SYL?,https://news.detik.com/berita/d-6981388/ada-di-mana-firli-saat-kpk-konpers-penahanan-eks-mentan-syl,"
Jumat, 13 Okt 2023 20:26 WIB "
KPK Tepis Isu Ancam SYL Cabut Laporan Dugaan Pemerasan di Polda,https://news.detik.com/berita/d-6981360/kpk-tepis-isu-ancam-syl-cabut-laporan-dugaan-pemerasan-di-polda,"
Jumat, 13 Okt 2023 20:05 WIB "
"Jadi Tersangka 3 Kasus di KPK, SYL: Jangan Saya Dihakimi Lagi",https://news.detik.com/berita/d-6981357/jadi-tersangka-3-kasus-di-kpk-syl-jangan-saya-dihakimi-lagi,"
Jumat, 13 Okt 2023 20:01 WIB "
"Firli Teken Surat Penangkapan SYL, KPK: Kalau Bukan Pimpinan, Siapa Lagi?",https://news.detik.com/berita/d-6981355/firli-teken-surat-penangkapan-syl-kpk-kalau-bukan-pimpinan-siapa-lagi,"
Jumat, 13 Okt 2023 19:59 WIB "
"KPK Akan Panggil Istri, Anak, dan Cucu SYL Usut Aliran Uang Korupsi",https://news.detik.com/berita/d-6981354/kpk-akan-panggil-istri-anak-dan-cucu-syl-usut-aliran-uang-korupsi,"
Jumat, 13 Okt 2023 19:59 WIB "
KPK Jamin Tak Hambat Polisi Periksa SYL Terkait Dugaan Diperas Pimpinan KPK,https://news.detik.com/berita/d-6981335/kpk-jamin-tak-hambat-polisi-periksa-syl-terkait-dugaan-diperas-pimpinan-kpk,"
Jumat, 13 Okt 2023 19:48 WIB "
KPK: Ditemukan Aliran Uang Miliaran Rupiah untuk NasDem atas Perintah SYL,https://news.detik.com/berita/d-6981304/kpk-ditemukan-aliran-uang-miliaran-rupiah-untuk-nasdem-atas-perintah-syl,"
Jumat, 13 Okt 2023 19:28 WIB "
KPK: SYL Tentukan Setoran dari ASN hingga 10 Ribu Dolar AS Per Bulan,https://news.detik.com/berita/d-6981302/kpk-syl-tentukan-setoran-dari-asn-hingga-10-ribu-dolar-as-per-bulan,"
Jumat, 13 Okt 2023 19:28 WIB "
KPK: Uang Korupsi Syahrul Yasin Limpo dkk Dipakai untuk Umrah,https://news.detik.com/berita/d-6981299/kpk-uang-korupsi-syahrul-yasin-limpo-dkk-dipakai-untuk-umrah,"
Jumat, 13 Okt 2023 19:26 WIB "
KPK Ungkap Duit Setoran ke SYL Berasal dari Mark Up Anggaran-Minta Vendor,https://news.detik.com/berita/d-6981293/kpk-ungkap-duit-setoran-ke-syl-berasal-dari-mark-up-anggaran-minta-vendor,"
Jumat, 13 Okt 2023 19:23 WIB "
SYL Diduga Pakai Miliaran Duit Korupsi Beli Tiket-Perawatan Wajah Keluarga,https://news.detik.com/berita/d-6981290/syl-diduga-pakai-miliaran-duit-korupsi-beli-tiket-perawatan-wajah-keluarga,"
Jumat, 13 Okt 2023 19:22 WIB "
"KPK: SYL Paksa ASN Kementan Setor Duit Sejak 2020, Ancamannya Mutasi",https://news.detik.com/berita/d-6981285/kpk-syl-paksa-asn-kementan-setor-duit-sejak-2020-ancamannya-mutasi,"
Jumat, 13 Okt 2023 19:19 WIB "
Direktur Kementan Tersangka Kasus Korupsi Juga Ditahan!,https://news.detik.com/berita/d-6981278/direktur-kementan-tersangka-kasus-korupsi-juga-ditahan,"
Jumat, 13 Okt 2023 19:12 WIB "
"KPK Tetapkan Eks Mentan SYL Jadi Tersangka Pemerasan, Gratifikasi, dan TPPU!",https://news.detik.com/berita/d-6981275/kpk-tetapkan-eks-mentan-syl-jadi-tersangka-pemerasan-gratifikasi-dan-tppu,"
Jumat, 13 Okt 2023 19:12 WIB "
"Ditahan KPK, Syahrul Yasin Limpo Pakai Rompi Oranye dan Diborgol",https://news.detik.com/berita/d-6981271/ditahan-kpk-syahrul-yasin-limpo-pakai-rompi-oranye-dan-diborgol,"
Jumat, 13 Okt 2023 19:10 WIB "
KPK Tahan Eks Mentan Syahrul Yasin Limpo!,https://news.detik.com/berita/d-6981251/kpk-tahan-eks-mentan-syahrul-yasin-limpo,"
Jumat, 13 Okt 2023 18:58 WIB "
"MAKI Soroti Surat Penangkapan SYL Diteken Firli, Ungkit Isi UU KPK",https://news.detik.com/berita/d-6981002/maki-soroti-surat-penangkapan-syl-diteken-firli-ungkit-isi-uu-kpk,"
Jumat, 13 Okt 2023 17:20 WIB "
Ini Pegawai KPK yang Absen Panggilan Pemeriksaan Kasus Dugaan Pemerasan SYL,https://news.detik.com/berita/d-6980957/ini-pegawai-kpk-yang-absen-panggilan-pemeriksaan-kasus-dugaan-pemerasan-syl,"
Jumat, 13 Okt 2023 17:01 WIB "
"Cak Imin soal SYL Ditangkap: Proses Hukum Harus Transparan, Tak Partisan",https://news.detik.com/pemilu/d-6980741/cak-imin-soal-syl-ditangkap-proses-hukum-harus-transparan-tak-partisan,"
Jumat, 13 Okt 2023 15:47 WIB "
"Direktur Kementan Tersangka Kasus Korupsi Tiba di KPK, Langsung Ditahan?",https://news.detik.com/berita/d-6980702/direktur-kementan-tersangka-kasus-korupsi-tiba-di-kpk-langsung-ditahan,"
Jumat, 13 Okt 2023 15:34 WIB "
"Firli Teken Surat Penangkapan SYL Selaku Penyidik, Pengacara Soroti Keabsahan",https://news.detik.com/berita/d-6980671/firli-teken-surat-penangkapan-syl-selaku-penyidik-pengacara-soroti-keabsahan,"
Jumat, 13 Okt 2023 15:27 WIB "
Kapolda Metro Tegaskan Usut Pemerasan oleh Pimpinan KPK Meski SYL Ditangkap,https://news.detik.com/berita/d-6980539/kapolda-metro-tegaskan-usut-pemerasan-oleh-pimpinan-kpk-meski-syl-ditangkap,"
Jumat, 13 Okt 2023 14:22 WIB "
KPK Jelaskan Alasan Firli Teken Surat Penangkapan SYL Selaku Penyidik,https://news.detik.com/berita/d-6980490/kpk-jelaskan-alasan-firli-teken-surat-penangkapan-syl-selaku-penyidik,"
Jumat, 13 Okt 2023 13:55 WIB "
Polri Masih Identifikasi 12 Senpi yang Ditemukan di Rumah Dinas Eks Mentan SYL,https://news.detik.com/berita/d-6980411/polri-masih-identifikasi-12-senpi-yang-ditemukan-di-rumah-dinas-eks-mentan-syl,"
Jumat, 13 Okt 2023 13:36 WIB "
"Firli Teken Surat Penangkapan SYL sebagai Penyidik, Beda dengan UU KPK",https://news.detik.com/berita/d-6980396/firli-teken-surat-penangkapan-syl-sebagai-penyidik-beda-dengan-uu-kpk,"
Jumat, 13 Okt 2023 13:29 WIB "
Polisi Akan Panggil Eks Atlet Badminton Dalami Pertemuan Firli dan SYL di GOR,https://news.detik.com/berita/d-6980389/polisi-akan-panggil-eks-atlet-badminton-dalami-pertemuan-firli-dan-syl-di-gor,"
Jumat, 13 Okt 2023 13:25 WIB "
Ketua KPK Firli Bakal Diperiksa Polisi Terkait Dugaan Pemerasan SYL!,https://news.detik.com/berita/d-6980298/ketua-kpk-firli-bakal-diperiksa-polisi-terkait-dugaan-pemerasan-syl,"
Jumat, 13 Okt 2023 13:00 WIB "
Firli Tanda Tangani Surat Penangkapan SYL sebagai Pimpinan KPK dan Penyidik,https://news.detik.com/berita/d-6980219/firli-tanda-tangani-surat-penangkapan-syl-sebagai-pimpinan-kpk-dan-penyidik,"
Jumat, 13 Okt 2023 12:16 WIB "
Ajudan Firli Ngaku Tak Ada Arahan Jelang Diperiksa di Kasus Pemerasan SYL,https://news.detik.com/berita/d-6980191/ajudan-firli-ngaku-tak-ada-arahan-jelang-diperiksa-di-kasus-pemerasan-syl,"
Jumat, 13 Okt 2023 11:52 WIB "
Ajudan Ketua KPK Firli Penuhi Panggilan Pemeriksaan Kasus Pemerasan SYL,https://news.detik.com/berita/d-6980133/ajudan-ketua-kpk-firli-penuhi-panggilan-pemeriksaan-kasus-pemerasan-syl,"
Jumat, 13 Okt 2023 11:26 WIB "
"SYL Ditangkap KPK, PKS: Drama Seolah Ingin Ada Panggung Besar",https://news.detik.com/berita/d-6980038/syl-ditangkap-kpk-pks-drama-seolah-ingin-ada-panggung-besar,"
Jumat, 13 Okt 2023 10:41 WIB "
Bareskrim Asistensi Penyidikan Kasus Dugaan Pimpinan KPK Peras SYL,https://news.detik.com/berita/d-6980030/bareskrim-asistensi-penyidikan-kasus-dugaan-pimpinan-kpk-peras-syl,"
Jumat, 13 Okt 2023 10:37 WIB "
Kapan Mentan Definitif Ditunjuk? Ini Kata Jokowi,https://news.detik.com/berita/d-6980022/kapan-mentan-definitif-ditunjuk-ini-kata-jokowi,"
Jumat, 13 Okt 2023 10:35 WIB "
Jokowi Yakin KPK Punya Alasan Tangkap Syahrul Yasin Limpo,https://news.detik.com/berita/d-6979989/jokowi-yakin-kpk-punya-alasan-tangkap-syahrul-yasin-limpo,"
Jumat, 13 Okt 2023 10:19 WIB "
Jokowi Soal KPK Tangkap SYL: Hormati Proses Hukum,https://news.detik.com/berita/d-6979975/jokowi-soal-kpk-tangkap-syl-hormati-proses-hukum,"
Jumat, 13 Okt 2023 10:11 WIB "
"Sudah 15 Jam Usai Ditangkap, Eks Mentan SYL Masih Diperiksa KPK",https://news.detik.com/berita/d-6979958/sudah-15-jam-usai-ditangkap-eks-mentan-syl-masih-diperiksa-kpk,"
Jumat, 13 Okt 2023 10:01 WIB "
Polisi Jamin Tetap Usut Kasus Pemerasan oleh Pimpinan KPK Meski SYL Ditangkap,https://news.detik.com/berita/d-6979950/polisi-jamin-tetap-usut-kasus-pemerasan-oleh-pimpinan-kpk-meski-syl-ditangkap,"
Jumat, 13 Okt 2023 09:54 WIB "
"Muncul Lagi Kabar Rumah Firli Digeledah, Polda Metro Buka Suara",https://news.detik.com/berita/d-6979920/muncul-lagi-kabar-rumah-firli-digeledah-polda-metro-buka-suara,"
Jumat, 13 Okt 2023 09:42 WIB "
Tanda Tanya NasDem soal SYL Ditangkap KPK Kamis Padahal Mau Hadir Jumat,https://news.detik.com/berita/d-6979767/tanda-tanya-nasdem-soal-syl-ditangkap-kpk-kamis-padahal-mau-hadir-jumat,"
Jumat, 13 Okt 2023 07:52 WIB "
6 Fakta Syahrul Yasin Limpo Ditangkap KPK di Apartemen Jaksel,https://news.detik.com/berita/d-6979754/6-fakta-syahrul-yasin-limpo-ditangkap-kpk-di-apartemen-jaksel,"
Jumat, 13 Okt 2023 07:31 WIB "
"4 Fakta Baru Kasus Pemerasan SYL, Ajudan Firli Mangkir",https://news.detik.com/berita/d-6979729/4-fakta-baru-kasus-pemerasan-syl-ajudan-firli-mangkir,"
Jumat, 13 Okt 2023 06:35 WIB "
Febri Ungkap SYL Ditangkap Berdasarkan Surat Penangkapan Tanggal 11 Oktober,https://news.detik.com/berita/d-6979702/febri-ungkap-syl-ditangkap-berdasarkan-surat-penangkapan-tanggal-11-oktober,"
Jumat, 13 Okt 2023 05:33 WIB "
Febri Diansyah Ngaku Tak Bisa Dampingi SYL Usai Ditangkap KPK,https://news.detik.com/berita/d-6979689/febri-diansyah-ngaku-tak-bisa-dampingi-syl-usai-ditangkap-kpk,"
Jumat, 13 Okt 2023 04:04 WIB "
Pegawai KPK Juga Mangkir Panggilan Polisi Soal Kasus Dugaan Pemerasan SYL,https://news.detik.com/berita/d-6979656/pegawai-kpk-juga-mangkir-panggilan-polisi-soal-kasus-dugaan-pemerasan-syl,"
Jumat, 13 Okt 2023 00:17 WIB "
Febri Diansyah Bingung KPK Tangkap Syahrul Yasin Limpo Malam Ini: Kenapa?,https://news.detik.com/berita/d-6979521/febri-diansyah-bingung-kpk-tangkap-syahrul-yasin-limpo-malam-ini-kenapa,"
Kamis, 12 Okt 2023 21:49 WIB "
"Syahrul Yasin Limpo Ditangkap, NasDem Tuding Ada Kesewenang-wenangan",https://news.detik.com/berita/d-6979485/syahrul-yasin-limpo-ditangkap-nasdem-tuding-ada-kesewenang-wenangan,"
Kamis, 12 Okt 2023 21:20 WIB "
Febri Merapat ke KPK Usai SYL Ditangkap: Pak Syahrul Tak Akan Melarikan Diri,https://news.detik.com/berita/d-6979483/febri-merapat-ke-kpk-usai-syl-ditangkap-pak-syahrul-tak-akan-melarikan-diri,"
Kamis, 12 Okt 2023 21:18 WIB "
"NasDem: SYL Bukan Menteri Lagi, Mau Ngilangin Apa?",https://news.detik.com/berita/d-6979481/nasdem-syl-bukan-menteri-lagi-mau-ngilangin-apa,"
Kamis, 12 Okt 2023 21:17 WIB "
NasDem Heran SYL Ditangkap Padahal Siap Hadir Besok: Ada Apa dengan KPK?,https://news.detik.com/berita/d-6979479/nasdem-heran-syl-ditangkap-padahal-siap-hadir-besok-ada-apa-dengan-kpk,"
Kamis, 12 Okt 2023 21:15 WIB "
"Tangkap SYL, KPK: Khawatir Melarikan Diri dan Hilangkan Bukti",https://news.detik.com/berita/d-6979440/tangkap-syl-kpk-khawatir-melarikan-diri-dan-hilangkan-bukti,"
Kamis, 12 Okt 2023 20:52 WIB "
KPK Ungkap SYL Seharusnya Diperiksa sebagai Tersangka Hari Ini,https://news.detik.com/berita/d-6979417/kpk-ungkap-syl-seharusnya-diperiksa-sebagai-tersangka-hari-ini,"
Kamis, 12 Okt 2023 20:31 WIB "
Syahrul Yasin Limpo Langsung Ditahan Usai Ditangkap? Ini Kata KPK,https://news.detik.com/berita/d-6979403/syahrul-yasin-limpo-langsung-ditahan-usai-ditangkap-ini-kata-kpk,"
Kamis, 12 Okt 2023 20:29 WIB "
"SYL Ditangkap Malam Ini Padahal Siap Hadir Besok, Ini Alasan KPK",https://news.detik.com/berita/d-6979401/syl-ditangkap-malam-ini-padahal-siap-hadir-besok-ini-alasan-kpk,"
Kamis, 12 Okt 2023 20:28 WIB "
KPK Langsung Periksa Syahrul Yasin Limpo Usai Ditangkap,https://news.detik.com/berita/d-6979400/kpk-langsung-periksa-syahrul-yasin-limpo-usai-ditangkap,"
Kamis, 12 Okt 2023 20:26 WIB "
Penampakan Syahrul Yasin Limpo Tiba di KPK Usai Ditangkap,https://news.detik.com/berita/d-6979361/penampakan-syahrul-yasin-limpo-tiba-di-kpk-usai-ditangkap,"
Kamis, 12 Okt 2023 19:56 WIB "
"Syahrul Yasin Limpo Ditangkap di Apartemen, Lalu Dibawa ke KPK",https://news.detik.com/berita/d-6979347/syahrul-yasin-limpo-ditangkap-di-apartemen-lalu-dibawa-ke-kpk,"
Kamis, 12 Okt 2023 19:44 WIB "
"Syahrul Yasin Limpo Ditangkap, Febri Diansyah Merapat ke KPK Malam Ini",https://news.detik.com/berita/d-6979345/syahrul-yasin-limpo-ditangkap-febri-diansyah-merapat-ke-kpk-malam-ini,"
Kamis, 12 Okt 2023 19:43 WIB "
"Sempat Mangkir, Ajudan Firli Bahuri Diperiksa Polda Metro Besok",https://news.detik.com/berita/d-6979317/sempat-mangkir-ajudan-firli-bahuri-diperiksa-polda-metro-besok,"
Kamis, 12 Okt 2023 19:27 WIB "
KPK Dikabarkan Tangkap Syahrul Yasin Limpo!,https://news.detik.com/berita/d-6979311/kpk-dikabarkan-tangkap-syahrul-yasin-limpo,"
Kamis, 12 Okt 2023 19:24 WIB "
"Jadi Tersangka KPK, SYL: Jangan Sampai Perkara Ini Dilatarbelakangi Politik",https://news.detik.com/berita/d-6978913/jadi-tersangka-kpk-syl-jangan-sampai-perkara-ini-dilatarbelakangi-politik,"
Kamis, 12 Okt 2023 16:41 WIB "
"Eks Mentan SYL Siap Diperiksa KPK Besok, Bakal Kooperatif",https://news.detik.com/berita/d-6978754/eks-mentan-syl-siap-diperiksa-kpk-besok-bakal-kooperatif,"
Kamis, 12 Okt 2023 15:33 WIB "
"Ada Desakan Firli Dicopot, Mahfud: Biar Disikapi Sendiri oleh KPK",https://news.detik.com/berita/d-6978685/ada-desakan-firli-dicopot-mahfud-biar-disikapi-sendiri-oleh-kpk,"
Kamis, 12 Okt 2023 15:03 WIB "
Menteri Rasa Raja Syahrul Limpo,https://news.detik.com/x/detail/spotlight/20231012/Menteri-Rasa-Raja-Syahrul-Limpo/,"
Kamis, 12 Okt 2023 14:20 WIB "
Kata Polisi soal Kemungkinan Periksa Pimpinan KPK di Kasus Pemerasan SYL,https://news.detik.com/berita/d-6978546/kata-polisi-soal-kemungkinan-periksa-pimpinan-kpk-di-kasus-pemerasan-syl,"
Kamis, 12 Okt 2023 14:05 WIB "
"F-NasDem DPR Terima Sumbangan Bencana Rp 20 Juta dari SYL, Ini Kata KPK",https://news.detik.com/berita/d-6978507/f-nasdem-dpr-terima-sumbangan-bencana-rp-20-juta-dari-syl-ini-kata-kpk,"
Kamis, 12 Okt 2023 13:43 WIB "
"Fraksi NasDem DPR Sempat Terima Rp 20 Juta dari SYL, Tunggu Arahan KPK",https://news.detik.com/berita/d-6978480/fraksi-nasdem-dpr-sempat-terima-rp-20-juta-dari-syl-tunggu-arahan-kpk,"
Kamis, 12 Okt 2023 13:32 WIB "
NasDem Bantah Ada Aliran Duit Korupsi Eks Mentan SYL ke Partai,https://news.detik.com/berita/d-6978241/nasdem-bantah-ada-aliran-duit-korupsi-eks-mentan-syl-ke-partai,"
Kamis, 12 Okt 2023 11:43 WIB "
"KPK: Duit Korupsi Rp 13,9 M Beda dengan Temuan Puluhan Miliar di Rumdin SYL",https://news.detik.com/berita/d-6978186/kpk-duit-korupsi-rp-13-9-m-beda-dengan-temuan-puluhan-miliar-di-rumdin-syl,"
Kamis, 12 Okt 2023 11:14 WIB "
Fakta-Fakta KPK Tahan Sekjen Kementan di Kasus SYL,https://news.detik.com/berita/d-6978143/fakta-fakta-kpk-tahan-sekjen-kementan-di-kasus-syl,"
Kamis, 12 Okt 2023 10:59 WIB "
"Kepala PPATK Temui Jokowi di Istana, Lapor soal Kasus SYL",https://news.detik.com/berita/d-6978107/kepala-ppatk-temui-jokowi-di-istana-lapor-soal-kasus-syl,"
Kamis, 12 Okt 2023 10:37 WIB "
"Dalami Dugaan Pemerasan SYL, Polisi Periksa Pegawai KPK Hari Ini",https://news.detik.com/berita/d-6978059/dalami-dugaan-pemerasan-syl-polisi-periksa-pegawai-kpk-hari-ini,"
Kamis, 12 Okt 2023 10:16 WIB "
Ajudan Firli Mangkir Panggilan Polisi soal Kasus Pemerasan SYL,https://news.detik.com/berita/d-6978034/ajudan-firli-mangkir-panggilan-polisi-soal-kasus-pemerasan-syl,"
Kamis, 12 Okt 2023 10:03 WIB "
Isu Jokowi Lantik Mentan Hari Ini Dibantah Stafsus,https://news.detik.com/berita/d-6978028/isu-jokowi-lantik-mentan-hari-ini-dibantah-stafsus,"
Kamis, 12 Okt 2023 09:57 WIB "
SYL Sudah Diperiksa Usai Kasus Pemerasan oleh Pimpinan KPK Naik Sidik,https://news.detik.com/berita/d-6977909/syl-sudah-diperiksa-usai-kasus-pemerasan-oleh-pimpinan-kpk-naik-sidik,"
Kamis, 12 Okt 2023 08:19 WIB "
Jaminan Kapolda Metro Jaya Usut Tuntas Dugaan SYL Diperas Pimpinan KPK,https://news.detik.com/berita/d-6977900/jaminan-kapolda-metro-jaya-usut-tuntas-dugaan-syl-diperas-pimpinan-kpk,"
Kamis, 12 Okt 2023 08:04 WIB "
SYL Tersangka Korupsi Kementan hingga Coldplay Gugat Balik Eks Manajer Rp 270 M,https://news.detik.com/berita/d-6977611/syl-tersangka-korupsi-kementan-hingga-coldplay-gugat-balik-eks-manajer-rp-270-m,"
Kamis, 12 Okt 2023 07:58 WIB "
Alasan Temui Ibunda Bikin SYL Absen Pemeriksaan KPK,https://news.detik.com/berita/d-6977883/alasan-temui-ibunda-bikin-syl-absen-pemeriksaan-kpk,"
Kamis, 12 Okt 2023 07:31 WIB "
Kronologi Penanganan Korupsi di Kementan hingga Pengumuman Tersangka,https://news.detik.com/berita/d-6977818/kronologi-penanganan-korupsi-di-kementan-hingga-pengumuman-tersangka,"
Kamis, 12 Okt 2023 05:55 WIB "
Cak Imin Respons SYL Jadi Tersangka: Semoga Kuat Hadapi Cobaan Berat,https://news.detik.com/berita/d-6977773/cak-imin-respons-syl-jadi-tersangka-semoga-kuat-hadapi-cobaan-berat,"
Kamis, 12 Okt 2023 01:10 WIB "
Kapolres Semarang Diperiksa Selama 7 Jam di Kasus Pimpinan KPK Peras SYL,https://news.detik.com/berita/d-6977772/kapolres-semarang-diperiksa-selama-7-jam-di-kasus-pimpinan-kpk-peras-syl,"
Kamis, 12 Okt 2023 00:34 WIB "
"Tanak Bela Firli di Kasus Kementan, Ingatkan Wewenang Pimpinan di KPK",https://news.detik.com/berita/d-6977767/tanak-bela-firli-di-kasus-kementan-ingatkan-wewenang-pimpinan-di-kpk,"
Rabu, 11 Okt 2023 23:57 WIB "
"Mahfud Md Duluan Bicara SYL Tersangka, KPK: Kami Lebih Tahu Waktu yang Tepat",https://news.detik.com/berita/d-6977751/mahfud-md-duluan-bicara-syl-tersangka-kpk-kami-lebih-tahu-waktu-yang-tepat,"
Rabu, 11 Okt 2023 23:13 WIB "
"Syahrul Yasin Limpo ke Jakarta Usai Pengumuman Tersangka, Pastikan ke KPK",https://news.detik.com/berita/d-6977743/syahrul-yasin-limpo-ke-jakarta-usai-pengumuman-tersangka-pastikan-ke-kpk,"
Rabu, 11 Okt 2023 23:00 WIB "
KPK Dalami Dugaan Aliran Duit Korupsi Eks Mentan SYL ke NasDem,https://news.detik.com/berita/d-6977719/kpk-dalami-dugaan-aliran-duit-korupsi-eks-mentan-syl-ke-nasdem,"
Rabu, 11 Okt 2023 22:33 WIB "
KPK Ungkap SYL Minta Bawahan Setor Uang USD 4.000-10 Ribu Tiap Bulan,https://news.detik.com/berita/d-6977631/kpk-ungkap-syl-minta-bawahan-setor-uang-usd-4-000-10-ribu-tiap-bulan,"
Rabu, 11 Okt 2023 21:35 WIB "
KPK: SYL Gunakan Uang Korupsi untuk Bayar Cicilan Kartu Kredit-Mobil Alphard,https://news.detik.com/berita/d-6977607/kpk-syl-gunakan-uang-korupsi-untuk-bayar-cicilan-kartu-kredit-mobil-alphard,"
Rabu, 11 Okt 2023 21:13 WIB "
KPK Jawab ICW soal Tak Libatkan Firli di Penanganan Korupsi Kementan,https://news.detik.com/berita/d-6977587/kpk-jawab-icw-soal-tak-libatkan-firli-di-penanganan-korupsi-kementan,"
Rabu, 11 Okt 2023 21:04 WIB "
"KPK: SYL Nikmati Uang Korupsi di Kementan Senilai Rp 13,9 Miliar",https://news.detik.com/berita/d-6977579/kpk-syl-nikmati-uang-korupsi-di-kementan-senilai-rp-13-9-miliar,"
Rabu, 11 Okt 2023 20:56 WIB "
Terungkap soal Tersangka Usai Eks Mentan SYL Praperadilan Lawan KPK,https://news.detik.com/berita/d-6977541/terungkap-soal-tersangka-usai-eks-mentan-syl-praperadilan-lawan-kpk,"
Rabu, 11 Okt 2023 20:41 WIB "
KPK Resmi Umumkan 3 Tersangka Korupsi di Kementan Termasuk SYL,https://news.detik.com/berita/d-6977439/kpk-resmi-umumkan-3-tersangka-korupsi-di-kementan-termasuk-syl,"
Rabu, 11 Okt 2023 19:36 WIB "
KPK Harap Praperadilan Tak Jadi Modus SYL Hindari Proses Penyidikan,https://news.detik.com/berita/d-6977412/kpk-harap-praperadilan-tak-jadi-modus-syl-hindari-proses-penyidikan,"
Rabu, 11 Okt 2023 19:19 WIB "
"KPK soal Kabar Ruangan Firli Digeledah: Kalau Ada, Pasti Kami Publikasikan",https://news.detik.com/berita/d-6977402/kpk-soal-kabar-ruangan-firli-digeledah-kalau-ada-pasti-kami-publikasikan,"
Rabu, 11 Okt 2023 19:13 WIB "
Potret SYL Temani Ibu Sakit Usai Absen Pemeriksaan KPK,https://news.detik.com/berita/d-6977316/potret-syl-temani-ibu-sakit-usai-absen-pemeriksaan-kpk,"
Rabu, 11 Okt 2023 18:23 WIB "
"KPK Ungkap 3 Tersangka Kasus Kementan: SYL, Sekjen dan Direktur Kementan",https://news.detik.com/berita/d-6977278/kpk-ungkap-3-tersangka-kasus-kementan-syl-sekjen-dan-direktur-kementan,"
Rabu, 11 Okt 2023 18:06 WIB "
"Ma'ruf: Posisi Mentan Sebaiknya Tak Terus Dijabat Plt, tapi Didefinitifkan",https://news.detik.com/berita/d-6977255/maruf-posisi-mentan-sebaiknya-tak-terus-dijabat-plt-tapi-didefinitifkan,"
Rabu, 11 Okt 2023 17:53 WIB "
"Sosok Hakim yang Adili Praperadilan SYL, Pernah Jadi Majelis Kasus Sambo",https://news.detik.com/berita/d-6977218/sosok-hakim-yang-adili-praperadilan-syl-pernah-jadi-majelis-kasus-sambo,"
Rabu, 11 Okt 2023 17:37 WIB "
Sidang Perdana SYL Lawan Penetapan Tersangka oleh KPK Digelar 30 Oktober!,https://news.detik.com/berita/d-6977104/sidang-perdana-syl-lawan-penetapan-tersangka-oleh-kpk-digelar-30-oktober,"
Rabu, 11 Okt 2023 17:00 WIB "
"Lawan KPK, Eks Mentan SYL Ajukan Praperadilan!",https://news.detik.com/berita/d-6977074/lawan-kpk-eks-mentan-syl-ajukan-praperadilan,"
Rabu, 11 Okt 2023 16:45 WIB "
Massa Front Indonesia Timur Bersatu Demo Desak Firli Dicopot dari KPK,https://news.detik.com/berita/d-6976943/massa-front-indonesia-timur-bersatu-demo-desak-firli-dicopot-dari-kpk,"
Rabu, 11 Okt 2023 16:14 WIB "
Jual Beli Serangan Firli Vs Syahrul Limpo,https://news.detik.com/x/detail/spotlight/20231011/Jual-Beli-Serangan-Firli-Vs-Syahrul-Limpo/,"
Rabu, 11 Okt 2023 15:53 WIB "
"Ajudan Eks Mentan SYL Absen Pemeriksaan, KPK Ingatkan Kooperatif",https://news.detik.com/berita/d-6976638/ajudan-eks-mentan-syl-absen-pemeriksaan-kpk-ingatkan-kooperatif,"
Rabu, 11 Okt 2023 14:40 WIB "
"Absen Pemeriksaan KPK, SYL Disebut Ingin Fokus Rawat Ibu di Makassar",https://news.detik.com/berita/d-6976394/absen-pemeriksaan-kpk-syl-disebut-ingin-fokus-rawat-ibu-di-makassar,"
Rabu, 11 Okt 2023 12:37 WIB "
Kata Kapolda Metro soal Kabar Rumah Firli Bahuri Digeledah,https://news.detik.com/berita/d-6976272/kata-kapolda-metro-soal-kabar-rumah-firli-bahuri-digeledah,"
Rabu, 11 Okt 2023 11:48 WIB "
Kapolda Metro Bicara Sosok Pimpinan KPK di Kasus Pemerasan SYL,https://news.detik.com/berita/d-6976224/kapolda-metro-bicara-sosok-pimpinan-kpk-di-kasus-pemerasan-syl,"
Rabu, 11 Okt 2023 11:26 WIB "
Kapolda Metro Janji Usut Kasus Pimpinan KPK Peras SYL: Kita Selesaikan,https://news.detik.com/berita/d-6976151/kapolda-metro-janji-usut-kasus-pimpinan-kpk-peras-syl-kita-selesaikan,"
Rabu, 11 Okt 2023 10:58 WIB "
Kapolrestabes Semarang Kembali Diperiksa soal Pimpinan KPK Peras SYL,https://news.detik.com/berita/d-6976115/kapolrestabes-semarang-kembali-diperiksa-soal-pimpinan-kpk-peras-syl,"
Rabu, 11 Okt 2023 10:33 WIB "
KPK Kembali Periksa Sekjen Kementan Kasdi Subagyono,https://news.detik.com/berita/d-6976093/kpk-kembali-periksa-sekjen-kementan-kasdi-subagyono,"
Rabu, 11 Okt 2023 10:18 WIB "
"Kapolrestabes Semarang Temani SYL Bertemu Firli di 2021, Bahas Apa?",https://news.detik.com/berita/d-6976054/kapolrestabes-semarang-temani-syl-bertemu-firli-di-2021-bahas-apa,"
Rabu, 11 Okt 2023 10:01 WIB "
Legislator PKB Pilih Percaya ke Polisi dan Dewas KPK Usut Pertemuan Firli-SYL,https://news.detik.com/berita/d-6975971/legislator-pkb-pilih-percaya-ke-polisi-dan-dewas-kpk-usut-pertemuan-firli-syl,"
Rabu, 11 Okt 2023 08:50 WIB "
SYL Minta KPK Jadwal Ulang: Saya Mau Temui Ibu di Kampung,https://news.detik.com/berita/d-6975966/syl-minta-kpk-jadwal-ulang-saya-mau-temui-ibu-di-kampung,"
Rabu, 11 Okt 2023 08:45 WIB "
Terungkap Hubungan Kombes Irwan Anwar dengan Firli dan SYL,https://news.detik.com/berita/d-6975939/terungkap-hubungan-kombes-irwan-anwar-dengan-firli-dan-syl,"
Rabu, 11 Okt 2023 08:20 WIB "
ICW Desak KPK Tak Libatkan Firli dalam Penanganan Kasus Korupsi Kementan,https://news.detik.com/berita/d-6975918/icw-desak-kpk-tak-libatkan-firli-dalam-penanganan-kasus-korupsi-kementan,"
Rabu, 11 Okt 2023 08:10 WIB "
KPK Panggil Eks Mentan Syahrul Yasin Limpo Hari Ini,https://news.detik.com/berita/d-6975895/kpk-panggil-eks-mentan-syahrul-yasin-limpo-hari-ini,"
Rabu, 11 Okt 2023 07:30 WIB "
Boyamin MAKI: Saya Harap Firli Mengundurkan Diri dari KPK,https://news.detik.com/berita/d-6975849/boyamin-maki-saya-harap-firli-mengundurkan-diri-dari-kpk,"
Rabu, 11 Okt 2023 06:31 WIB "
Habiburokhman: Belum Ada Pembahasan Pemanggilan KPK Terkait Kasus SYL,https://news.detik.com/berita/d-6975822/habiburokhman-belum-ada-pembahasan-pemanggilan-kpk-terkait-kasus-syl,"
Rabu, 11 Okt 2023 05:43 WIB "
Babak Baru Eks Mentan SYL Segera Diperiksa KPK,https://news.detik.com/berita/d-6975638/babak-baru-eks-mentan-syl-segera-diperiksa-kpk,"
Selasa, 10 Okt 2023 21:09 WIB "
Eks Mentan SYL Dipanggil KPK Besok!,https://news.detik.com/berita/d-6975119/eks-mentan-syl-dipanggil-kpk-besok,"
Selasa, 10 Okt 2023 16:50 WIB "
"Kombes Irwan Anwar: Firli Dulu Atasan Langsung Saya, SYL Paman Saya",https://news.detik.com/berita/d-6975117/kombes-irwan-anwar-firli-dulu-atasan-langsung-saya-syl-paman-saya,"
Selasa, 10 Okt 2023 16:49 WIB "
Kapolrestabes Semarang Buka Suara soal Jadi Saksi Dugaan Firli Peras SYL,https://news.detik.com/berita/d-6975091/kapolrestabes-semarang-buka-suara-soal-jadi-saksi-dugaan-firli-peras-syl,"
Selasa, 10 Okt 2023 16:34 WIB "
Asas Prudent di Antara Kasus Korupsi dan Laporan Pemerasan,https://news.detik.com/kolom/d-6974830/asas-prudent-di-antara-kasus-korupsi-dan-laporan-pemerasan,"
Selasa, 10 Okt 2023 14:52 WIB "
Polda Metro Buka Suara soal Kabar Penggeledahan di Rumah Firli Bahuri,https://news.detik.com/berita/d-6974760/polda-metro-buka-suara-soal-kabar-penggeledahan-di-rumah-firli-bahuri,"
Selasa, 10 Okt 2023 14:28 WIB "
Kapolrestabes Semarang Sudah ke Jakarta Jadi Saksi Kasus SYL,https://news.detik.com/berita/d-6974632/kapolrestabes-semarang-sudah-ke-jakarta-jadi-saksi-kasus-syl,"
Selasa, 10 Okt 2023 13:35 WIB "
Ketua RW Tepis Kabar Rumah Ketua KPK Firli Bahuri Digeledah,https://news.detik.com/berita/d-6974411/ketua-rw-tepis-kabar-rumah-ketua-kpk-firli-bahuri-digeledah,"
Selasa, 10 Okt 2023 11:49 WIB "
"Firli Bahuri Dilaporkan ke Dewas Buntut Foto Bareng SYL, Ini Kata KPK",https://news.detik.com/berita/d-6974326/firli-bahuri-dilaporkan-ke-dewas-buntut-foto-bareng-syl-ini-kata-kpk,"
Selasa, 10 Okt 2023 11:20 WIB "
Komisi III DPR Akan Panggil KPK Buntut Pertemuan Firli dan Eks Mentan SYL,https://news.detik.com/berita/d-6974017/komisi-iii-dpr-akan-panggil-kpk-buntut-pertemuan-firli-dan-eks-mentan-syl,"
Selasa, 10 Okt 2023 07:45 WIB "
Menanti Taji Dewas KPK Usai Lagi-lagi Usut soal Etik Firli Bahuri,https://news.detik.com/berita/d-6973843/menanti-taji-dewas-kpk-usai-lagi-lagi-usut-soal-etik-firli-bahuri,"
Senin, 09 Okt 2023 22:11 WIB "
Kompolnas Dorong Bareskrim Supervisi Kasus SYL Diduga Diperas Pimpinan KPK,https://news.detik.com/berita/d-6973581/kompolnas-dorong-bareskrim-supervisi-kasus-syl-diduga-diperas-pimpinan-kpk,"
Senin, 09 Okt 2023 18:54 WIB "
Pimpinan KPK soal Kasus SYL Diperas Naik Penyidikan: Kita Hormati Hukum,https://news.detik.com/berita/d-6972980/pimpinan-kpk-soal-kasus-syl-diperas-naik-penyidikan-kita-hormati-hukum,"
Senin, 09 Okt 2023 15:35 WIB "
Dewas KPK Mulai Usut Dugaan Pelanggaran Etik Firli Bahuri Bertemu SYL,https://news.detik.com/berita/d-6972789/dewas-kpk-mulai-usut-dugaan-pelanggaran-etik-firli-bahuri-bertemu-syl,"
Senin, 09 Okt 2023 14:31 WIB "
Sprindik Kasus Korupsi Kementan Terbit Saat Firli Bahuri ke Korsel,https://news.detik.com/berita/d-6972709/sprindik-kasus-korupsi-kementan-terbit-saat-firli-bahuri-ke-korsel,"
Senin, 09 Okt 2023 13:37 WIB "
"Kasus Pemerasan Pimpinan KPK ke SYL Naik Penyidikan, Begini Respons Mahfud",https://news.detik.com/berita/d-6972494/kasus-pemerasan-pimpinan-kpk-ke-syl-naik-penyidikan-begini-respons-mahfud,"
Senin, 09 Okt 2023 12:02 WIB "
"Anies soal Survei: Itu Bagian Usaha Mereka Cari Nafkah, Kita Hormati",https://news.detik.com/pemilu/d-6972321/anies-soal-survei-itu-bagian-usaha-mereka-cari-nafkah-kita-hormati,"
Senin, 09 Okt 2023 10:53 WIB "
Firli Bahuri Buka Suara soal Foto Bareng SYL di Lapangan Bulutangkis,https://news.detik.com/berita/d-6972168/firli-bahuri-buka-suara-soal-foto-bareng-syl-di-lapangan-bulutangkis,"
Senin, 09 Okt 2023 09:07 WIB "
Narasi 'Pelaku Utama' Dilontarkan KPK Menjawab Langkah SYL ke LPSK,https://news.detik.com/berita/d-6972114/narasi-pelaku-utama-dilontarkan-kpk-menjawab-langkah-syl-ke-lpsk,"
Senin, 09 Okt 2023 08:27 WIB "
SYL Pamitan dan Minta Maaf ke Jokowi Tak Tuntas Selesaikan Tugas Mentan,https://news.detik.com/berita/d-6972074/syl-pamitan-dan-minta-maaf-ke-jokowi-tak-tuntas-selesaikan-tugas-mentan,"
Senin, 09 Okt 2023 07:21 WIB "
Perkembangan Terkini Kasus Dugaan Pimpinan KPK Peras SYL,https://news.detik.com/berita/d-6972051/perkembangan-terkini-kasus-dugaan-pimpinan-kpk-peras-syl,"
Senin, 09 Okt 2023 06:02 WIB "
"Bertemu Jokowi, SYL Pastikan akan Kooperatif Hadapi Proses Hukum",https://news.detik.com/berita/d-6971942/bertemu-jokowi-syl-pastikan-akan-kooperatif-hadapi-proses-hukum,"
Minggu, 08 Okt 2023 22:12 WIB "
"Pamit, SYL Minta Maaf ke Jokowi Tak Bisa Selesaikan Tugas Mentan hingga Akhir",https://news.detik.com/berita/d-6971927/pamit-syl-minta-maaf-ke-jokowi-tak-bisa-selesaikan-tugas-mentan-hingga-akhir,"
Minggu, 08 Okt 2023 21:48 WIB "
Syahrul Yasin Limpo Tinggalkan Istana Usai Bertemu Jokowi,https://news.detik.com/berita/d-6971810/syahrul-yasin-limpo-tinggalkan-istana-usai-bertemu-jokowi,"
Minggu, 08 Okt 2023 20:13 WIB "
Begini Suasana Pertemuan Jokowi dan SYL di Istana,https://news.detik.com/berita/d-6971725/begini-suasana-pertemuan-jokowi-dan-syl-di-istana,"
Minggu, 08 Okt 2023 19:17 WIB "
"SYL Direncanakan Temui Jokowi, Mobil Hitam B-8055-ADT Tiba di Istana",https://news.detik.com/berita/d-6971695/syl-direncanakan-temui-jokowi-mobil-hitam-b-8055-adt-tiba-di-istana,"
Minggu, 08 Okt 2023 19:03 WIB "
Kesaksian Mantan Atlet Badminton soal Pertemuan Firli dan SYL,https://news.detik.com/berita/d-6971520/kesaksian-mantan-atlet-badminton-soal-pertemuan-firli-dan-syl,"
Minggu, 08 Okt 2023 17:24 WIB "
"SYL ke LPSK, KPK Bicara Tak Mungkin Pelaku Utama Dapat Perlindungan Hukum",https://news.detik.com/berita/d-6971184/syl-ke-lpsk-kpk-bicara-tak-mungkin-pelaku-utama-dapat-perlindungan-hukum,"
Minggu, 08 Okt 2023 13:31 WIB "
Polda Metro Periksa Kapolrestabes Semarang soal Dugaan Pimpinan KPK Peras SYL,https://news.detik.com/berita/d-6971182/polda-metro-periksa-kapolrestabes-semarang-soal-dugaan-pimpinan-kpk-peras-syl,"
Minggu, 08 Okt 2023 13:28 WIB "
"Kasus Naik Penyidikan, Siapa Pimpinan KPK yang Dilaporkan Diduga Peras SYL?",https://news.detik.com/berita/d-6971181/kasus-naik-penyidikan-siapa-pimpinan-kpk-yang-dilaporkan-diduga-peras-syl,"
Minggu, 08 Okt 2023 13:26 WIB "
"SYL Mundur dari Mentan, Kapan Jokowi Tunjuk Pejabat Definitif?",https://news.detik.com/berita/d-6971099/syl-mundur-dari-mentan-kapan-jokowi-tunjuk-pejabat-definitif,"
Minggu, 08 Okt 2023 12:19 WIB "
"Tanpa SYL, Jokowi Panen Raya di Subang Kini Ditemani Plt Mentan",https://news.detik.com/berita/d-6971065/tanpa-syl-jokowi-panen-raya-di-subang-kini-ditemani-plt-mentan,"
Minggu, 08 Okt 2023 11:52 WIB "
Jokowi Bertemu Eks Mentan Syahrul Yasin Limpo di Istana Malam Ini,https://news.detik.com/berita/d-6971034/jokowi-bertemu-eks-mentan-syahrul-yasin-limpo-di-istana-malam-ini,"
Minggu, 08 Okt 2023 11:27 WIB "
"Kasus TPPU Eks Mentan, Keluarga Dinilai Paling Berpotensi Terima Aliran Duit",https://news.detik.com/berita/d-6970883/kasus-tppu-eks-mentan-keluarga-dinilai-paling-berpotensi-terima-aliran-duit,"
Minggu, 08 Okt 2023 09:01 WIB "
Pukat UGM soal Dugaan Pimpinan KPK Peras SYL: Sangat Ironis,https://news.detik.com/berita/d-6970847/pukat-ugm-soal-dugaan-pimpinan-kpk-peras-syl-sangat-ironis,"
Minggu, 08 Okt 2023 07:56 WIB "
"Keluarga Eks Mentan Dicekal, MAKI Dukung KPK Usut Aliran Uang Dugaan TPPU",https://news.detik.com/berita/d-6970838/keluarga-eks-mentan-dicekal-maki-dukung-kpk-usut-aliran-uang-dugaan-tppu,"
Minggu, 08 Okt 2023 07:23 WIB "
Sudah 2 Kasus Pimpinan KPK Dilaporkan ke Polda Metro Naik Penyidikan,https://news.detik.com/berita/d-6970829/sudah-2-kasus-pimpinan-kpk-dilaporkan-ke-polda-metro-naik-penyidikan,"
Minggu, 08 Okt 2023 07:00 WIB "
Menanti Momen SYL Temui Jokowi Usai Mengundurkan Diri Jadi Menteri,https://news.detik.com/berita/d-6970810/menanti-momen-syl-temui-jokowi-usai-mengundurkan-diri-jadi-menteri,"
Minggu, 08 Okt 2023 06:33 WIB "
"Kapolri Pantau Kasus Pemerasan Pimpinan KPK, Kirim Tim Asistensi Mabes Polri",https://news.detik.com/berita/d-6970368/kapolri-pantau-kasus-pemerasan-pimpinan-kpk-kirim-tim-asistensi-mabes-polri,"
Sabtu, 07 Okt 2023 18:17 WIB "
Jokowi Jawab Desakan Nonaktifkan Pimpinan KPK soal Isu Pemerasan SYL,https://news.detik.com/berita/d-6970328/jokowi-jawab-desakan-nonaktifkan-pimpinan-kpk-soal-isu-pemerasan-syl,"
Sabtu, 07 Okt 2023 17:51 WIB "
Polisi Janji Profesional di Kasus Pemerasan Pimpinan KPK ke SYL,https://news.detik.com/berita/d-6970318/polisi-janji-profesional-di-kasus-pemerasan-pimpinan-kpk-ke-syl,"
Sabtu, 07 Okt 2023 17:38 WIB "
Jokowi Temui Syahrul Yasin Limpo Besok Malam di Istana,https://news.detik.com/berita/d-6970295/jokowi-temui-syahrul-yasin-limpo-besok-malam-di-istana,"
Sabtu, 07 Okt 2023 17:19 WIB "
"Eks Penyelidik Singgung Pelanggaran Etik Firli di KPK, Minta Jokowi Bersikap",https://news.detik.com/berita/d-6970273/eks-penyelidik-singgung-pelanggaran-etik-firli-di-kpk-minta-jokowi-bersikap,"
Sabtu, 07 Okt 2023 16:58 WIB "
"Jokowi Dikabarkan Akan Bertemu SYL di Istana, Ini Kata NasDem",https://news.detik.com/berita/d-6970255/jokowi-dikabarkan-akan-bertemu-syl-di-istana-ini-kata-nasdem,"
Sabtu, 07 Okt 2023 16:48 WIB "
Polda Metro Kumpulkan Bukti Kasus Pemerasan Pimpinan KPK ke SYL,https://news.detik.com/berita/d-6970162/polda-metro-kumpulkan-bukti-kasus-pemerasan-pimpinan-kpk-ke-syl,"
Sabtu, 07 Okt 2023 15:39 WIB "
Polda Metro Selidiki Pertemuan Syahrul Yasin Limpo dan Firli Bahuri,https://news.detik.com/berita/d-6970143/polda-metro-selidiki-pertemuan-syahrul-yasin-limpo-dan-firli-bahuri,"
Sabtu, 07 Okt 2023 15:14 WIB "
Kasus Dugaan SYL Diperas Pimpinan KPK Dinaikkan ke Tahap Penyidikan,https://news.detik.com/berita/d-6970137/kasus-dugaan-syl-diperas-pimpinan-kpk-dinaikkan-ke-tahap-penyidikan,"
Sabtu, 07 Okt 2023 15:08 WIB "
Jokowi Diminta Bertindak soal Dugaan Pemerasan oleh Ketua KPK Firli Bahuri,https://news.detik.com/berita/d-6970040/jokowi-diminta-bertindak-soal-dugaan-pemerasan-oleh-ketua-kpk-firli-bahuri,"
Sabtu, 07 Okt 2023 14:14 WIB "
"KPK Jelaskan Alasan Istri, Anak dan Cucu SYL Ikut Dicegah ke LN",https://news.detik.com/berita/d-6969898/kpk-jelaskan-alasan-istri-anak-dan-cucu-syl-ikut-dicegah-ke-ln,"
Sabtu, 07 Okt 2023 12:25 WIB "
Eks Pegawai: Firli Punya Track Record Bagus dalam Melanggar Etik di KPK,https://news.detik.com/berita/d-6969800/eks-pegawai-firli-punya-track-record-bagus-dalam-melanggar-etik-di-kpk,"
Sabtu, 07 Okt 2023 10:34 WIB "
Syahrul Yasin Limpo Minta Perlindungan ke LPSK,https://news.detik.com/berita/d-6969774/syahrul-yasin-limpo-minta-perlindungan-ke-lpsk,"
Sabtu, 07 Okt 2023 10:06 WIB "
NasDem: Bisa Jadi SYL Minta Ketemu Jokowi untuk Lapor Terima Penghargaan di LN,https://news.detik.com/berita/d-6969724/nasdem-bisa-jadi-syl-minta-ketemu-jokowi-untuk-lapor-terima-penghargaan-di-ln,"
Sabtu, 07 Okt 2023 09:18 WIB "
Tanda Tanya di Balik Pertemuan Firli dan SYL di Lapangan Bulutangkis,https://news.detik.com/berita/d-6969697/tanda-tanya-di-balik-pertemuan-firli-dan-syl-di-lapangan-bulutangkis,"
Sabtu, 07 Okt 2023 08:49 WIB "
Sikap NasDem Tak Ajukan Nama Pengganti Usai SYL Mundur dari Menteri,https://news.detik.com/berita/d-6969695/sikap-nasdem-tak-ajukan-nama-pengganti-usai-syl-mundur-dari-menteri,"
Sabtu, 07 Okt 2023 08:41 WIB "
Kritik Bermunculan Usai Firli Bahuri Bantah Peras Mentan,https://news.detik.com/berita/d-6969650/kritik-bermunculan-usai-firli-bahuri-bantah-peras-mentan,"
Sabtu, 07 Okt 2023 07:41 WIB "
MAKI Minta Dewas KPK Jemput Bola Usut Dugaan Pelanggaran Etik Firli Ketemu SYL,https://news.detik.com/berita/d-6969648/maki-minta-dewas-kpk-jemput-bola-usut-dugaan-pelanggaran-etik-firli-ketemu-syl,"
Sabtu, 07 Okt 2023 07:35 WIB "
Respons NasDem soal Foto Ketua KPK Firli Bertemu Syahrul Yasin Limpo,https://news.detik.com/berita/d-6969618/respons-nasdem-soal-foto-ketua-kpk-firli-bertemu-syahrul-yasin-limpo,"
Sabtu, 07 Okt 2023 06:19 WIB "
"Firli Dilaporkan ke Dewas Buntut Pertemuan dengan SYL, KPK Respons Begini",https://news.detik.com/berita/d-6969507/firli-dilaporkan-ke-dewas-buntut-pertemuan-dengan-syl-kpk-respons-begini,"
Jumat, 06 Okt 2023 22:17 WIB "
Pengakuan Penjaga Lapangan Bulu Tangkis Lihat Firli dan SYL Bertemu,https://news.detik.com/berita/d-6969364/pengakuan-penjaga-lapangan-bulu-tangkis-lihat-firli-dan-syl-bertemu,"
Jumat, 06 Okt 2023 20:15 WIB "
Jokowi dan SYL Belum Berjumpa tapi Pengunduran Diri Diterima,https://news.detik.com/berita/d-6969351/jokowi-dan-syl-belum-berjumpa-tapi-pengunduran-diri-diterima,"
Jumat, 06 Okt 2023 20:06 WIB "
ICW: Komunikasi Pimpinan KPK dan Pihak Beperkara Bukan Pertama Kali Terjadi,https://news.detik.com/berita/d-6969345/icw-komunikasi-pimpinan-kpk-dan-pihak-beperkara-bukan-pertama-kali-terjadi,"
Jumat, 06 Okt 2023 20:03 WIB "
"KPK Terima LHA Syahrul Yasin Limpo dari PPATK, Aliran Uang Bakal Ditelusuri",https://news.detik.com/berita/d-6969259/kpk-terima-lha-syahrul-yasin-limpo-dari-ppatk-aliran-uang-bakal-ditelusuri,"
Jumat, 06 Okt 2023 19:10 WIB "
Anies soal Kasus SYL: Kami Ingin Hukum Tanpa Pembedaan Latar Belakang,https://news.detik.com/berita/d-6969057/anies-soal-kasus-syl-kami-ingin-hukum-tanpa-pembedaan-latar-belakang,"
Jumat, 06 Okt 2023 17:57 WIB "
Klaim Firli Bahuri Tepis Peras SYL dan Munculnya Foto di Sela Bulu Tangkis,https://news.detik.com/berita/d-6969043/klaim-firli-bahuri-tepis-peras-syl-dan-munculnya-foto-di-sela-bulu-tangkis,"
Jumat, 06 Okt 2023 17:54 WIB "
"Total 9 Orang Dicegah ke LN Terkait SYL, Termasuk Sekjen-Direktur Kementan",https://news.detik.com/berita/d-6969015/total-9-orang-dicegah-ke-ln-terkait-syl-termasuk-sekjen-direktur-kementan,"
Jumat, 06 Okt 2023 17:40 WIB "
Istri dan Anak Syahrul Yasin Limpo Juga Dicegah KPK ke Luar Negeri,https://news.detik.com/berita/d-6968928/istri-dan-anak-syahrul-yasin-limpo-juga-dicegah-kpk-ke-luar-negeri,"
Jumat, 06 Okt 2023 17:16 WIB "
KPK Cegah Syahrul Yasin Limpo ke Luar Negeri!,https://news.detik.com/berita/d-6968901/kpk-cegah-syahrul-yasin-limpo-ke-luar-negeri,"
Jumat, 06 Okt 2023 17:10 WIB "
"Stafsus Jokowi: Sampai Sore Ini, Belum Ada Jadwal Presiden Menerima SYL",https://news.detik.com/berita/d-6968868/stafsus-jokowi-sampai-sore-ini-belum-ada-jadwal-presiden-menerima-syl,"
Jumat, 06 Okt 2023 16:57 WIB "
Mahasiswa Laporkan Firli Bahuri ke Dewas KPK Buntut Pertemuan dengan SYL,https://news.detik.com/berita/d-6968797/mahasiswa-laporkan-firli-bahuri-ke-dewas-kpk-buntut-pertemuan-dengan-syl,"
Jumat, 06 Okt 2023 16:33 WIB "
Pukat UGM Desak Dewas KPK Investigasi Pertemuan Firli dengan SYL,https://news.detik.com/berita/d-6968559/pukat-ugm-desak-dewas-kpk-investigasi-pertemuan-firli-dengan-syl,"
Jumat, 06 Okt 2023 14:54 WIB "
"Kasus Yasin Limpo, Hukum atau Politik?",https://news.detik.com/kolom/d-6968528/kasus-yasin-limpo-hukum-atau-politik,"
Jumat, 06 Okt 2023 14:44 WIB "
Posisi Mentan Bakal Diisi Politikus NasDem Lagi? Jokowi Jawab Begini,https://news.detik.com/berita/d-6968436/posisi-mentan-bakal-diisi-politikus-nasdem-lagi-jokowi-jawab-begini,"
Jumat, 06 Okt 2023 14:21 WIB "
Jokowi Buka Suara soal Dugaan Pimpinan KPK Peras Syahrul Yasin Limpo,https://news.detik.com/berita/d-6968421/jokowi-buka-suara-soal-dugaan-pimpinan-kpk-peras-syahrul-yasin-limpo,"
Jumat, 06 Okt 2023 14:16 WIB "
"Profil Arief Prasetyo Adi, Kepala Badan Pangan Jadi Plt Mentan",https://news.detik.com/berita/d-6968413/profil-arief-prasetyo-adi-kepala-badan-pangan-jadi-plt-mentan,"
Jumat, 06 Okt 2023 14:13 WIB "
"Jokowi soal SYL Mau Menghadap: Kalau Sudah Dijadwalkan, Saya Terima",https://news.detik.com/berita/d-6968374/jokowi-soal-syl-mau-menghadap-kalau-sudah-dijadwalkan-saya-terima,"
Jumat, 06 Okt 2023 13:59 WIB "
Alasan Jokowi Tunjuk Kepala Badan Pangan Jadi Plt Mentan Gantikan SYL,https://news.detik.com/berita/d-6968344/alasan-jokowi-tunjuk-kepala-badan-pangan-jadi-plt-mentan-gantikan-syl,"
Jumat, 06 Okt 2023 13:48 WIB "
Profil Syahrul Yasin Limpo yang Mundur dari Kursi Mentan,https://news.detik.com/berita/d-6968334/profil-syahrul-yasin-limpo-yang-mundur-dari-kursi-mentan,"
Jumat, 06 Okt 2023 13:47 WIB "
"Jokowi Terima Pengunduran Diri SYL, Kepala Badan Pangan Jadi Plt Mentan",https://news.detik.com/berita/d-6968315/jokowi-terima-pengunduran-diri-syl-kepala-badan-pangan-jadi-plt-mentan,"
Jumat, 06 Okt 2023 13:38 WIB "
Dugaan Internal KPK Peras Pihak Beperkara Bukan Kali Ini Saja,https://news.detik.com/berita/d-6968188/dugaan-internal-kpk-peras-pihak-beperkara-bukan-kali-ini-saja,"
Jumat, 06 Okt 2023 12:34 WIB "
Beredar Foto Pertemuan Firli Bahuri dan Mentan SYL di Lapangan Bulutangkis,https://news.detik.com/berita/d-6968180/beredar-foto-pertemuan-firli-bahuri-dan-mentan-syl-di-lapangan-bulutangkis,"
Jumat, 06 Okt 2023 12:28 WIB "
Bantahan Firli soal 1 Miliar Dolar Saat Mentan Sudah 3 Kali Diperiksa Polisi,https://news.detik.com/berita/d-6968055/bantahan-firli-soal-1-miliar-dolar-saat-mentan-sudah-3-kali-diperiksa-polisi,"
Jumat, 06 Okt 2023 11:27 WIB "
"SYL Mundur dari Mentan, Reshuffle di Depan Mata",https://news.detik.com/berita/d-6968017/syl-mundur-dari-mentan-reshuffle-di-depan-mata,"
Jumat, 06 Okt 2023 11:08 WIB "
NasDem Tak Bakal Ajukan Pengganti Mentan SYL: Terserah Presiden Aja,https://news.detik.com/berita/d-6967996/nasdem-tak-bakal-ajukan-pengganti-mentan-syl-terserah-presiden-aja,"
Jumat, 06 Okt 2023 10:55 WIB "
Stafsus Jokowi: Belum Ada Agenda Presiden Terima SYL Hari Ini,https://news.detik.com/berita/d-6967955/stafsus-jokowi-belum-ada-agenda-presiden-terima-syl-hari-ini,"
Jumat, 06 Okt 2023 10:43 WIB "
Mensesneg Laporkan Surat Pengunduran Diri SYL ke Presiden Jokowi,https://news.detik.com/berita/d-6967931/mensesneg-laporkan-surat-pengunduran-diri-syl-ke-presiden-jokowi,"
Jumat, 06 Okt 2023 10:36 WIB "
Begini Situasi di Kementan Sehari Usai SYL Ajukan Pengunduran Diri,https://news.detik.com/berita/d-6967907/begini-situasi-di-kementan-sehari-usai-syl-ajukan-pengunduran-diri,"
Jumat, 06 Okt 2023 10:25 WIB "
PPATK Temukan Indikasi Tindak Pidana Korupsi di Kasus SYL!,https://news.detik.com/berita/d-6967777/ppatk-temukan-indikasi-tindak-pidana-korupsi-di-kasus-syl,"
Jumat, 06 Okt 2023 09:13 WIB "
Hal yang Bikin Miris Surya Paloh soal Kabar SYL Tersangka KPK,https://news.detik.com/berita/d-6967713/hal-yang-bikin-miris-surya-paloh-soal-kabar-syl-tersangka-kpk,"
Jumat, 06 Okt 2023 08:02 WIB "
SYL Mundur dari Mentan Hingga 3 Game Lokal Menang SEA Games Awards 2023,https://news.detik.com/berita/d-6967484/syl-mundur-dari-mentan-hingga-3-game-lokal-menang-sea-games-awards-2023,"
Jumat, 06 Okt 2023 07:40 WIB "
Sengkarut Mentan SYL dan Laporan Dugaan Pemerasan oleh Pimpinan KPK,https://news.detik.com/berita/d-6967637/sengkarut-mentan-syl-dan-laporan-dugaan-pemerasan-oleh-pimpinan-kpk,"
Jumat, 06 Okt 2023 06:28 WIB "
Klarifikasi Surya Paloh soal 'Bubarkan NasDem Jika Kader Korupsi',https://news.detik.com/pemilu/d-6967530/klarifikasi-surya-paloh-soal-bubarkan-nasdem-jika-kader-korupsi,"
Kamis, 05 Okt 2023 22:25 WIB "
Firli Tegaskan Tak Ada Paksaan Tetapkan Tersangka di Kasus Korupsi Kementan,https://news.detik.com/berita/d-6967487/firli-tegaskan-tak-ada-paksaan-tetapkan-tersangka-di-kasus-korupsi-kementan,"
Kamis, 05 Okt 2023 21:35 WIB "
"Mahfud Dapat Info Mentan SYL Sudah Tersangka, Begini Respons Firli",https://news.detik.com/berita/d-6967482/mahfud-dapat-info-mentan-syl-sudah-tersangka-begini-respons-firli,"
Kamis, 05 Okt 2023 21:32 WIB "
"Timeline Pimpinan KPK Diadukan Dugaan Peras Mentan, Kini Diusut Polisi",https://news.detik.com/berita/d-6967454/timeline-pimpinan-kpk-diadukan-dugaan-peras-mentan-kini-diusut-polisi,"
Kamis, 05 Okt 2023 21:22 WIB "
Geger Status Hukum di KPK Berujung SYL Mundur dari Menteri,https://news.detik.com/berita/d-6967434/geger-status-hukum-di-kpk-berujung-syl-mundur-dari-menteri,"
Kamis, 05 Okt 2023 21:06 WIB "
"Polisi Periksa SYL, Sopir, hingga Ajudan di Kasus Pemerasan oleh Pimpinan KPK",https://news.detik.com/berita/d-6967421/polisi-periksa-syl-sopir-hingga-ajudan-di-kasus-pemerasan-oleh-pimpinan-kpk,"
Kamis, 05 Okt 2023 20:58 WIB "
"Kasus Dugaan Mentan Diperas Pimpinan KPK, Polda Jaga Kerahasiaan Pelapor",https://news.detik.com/berita/d-6967414/kasus-dugaan-mentan-diperas-pimpinan-kpk-polda-jaga-kerahasiaan-pelapor,"
Kamis, 05 Okt 2023 20:51 WIB "
Mentan Sudah 3 Kali Diperiksa soal Dugaan Diperas Pimpinan KPK,https://news.detik.com/berita/d-6967403/mentan-sudah-3-kali-diperiksa-soal-dugaan-diperas-pimpinan-kpk,"
Kamis, 05 Okt 2023 20:36 WIB "
Firli Bahuri Tepis Dugaan Pemerasan: Siapa Mau Ngasih 1 Miliar Dolar?,https://news.detik.com/berita/d-6967383/firli-bahuri-tepis-dugaan-pemerasan-siapa-mau-ngasih-1-miliar-dolar,"
Kamis, 05 Okt 2023 20:15 WIB "
Polda Metro Jaya Buka Suara soal Dugaan Mentan Diperas oleh Pimpinan KPK,https://news.detik.com/berita/d-6967381/polda-metro-jaya-buka-suara-soal-dugaan-mentan-diperas-oleh-pimpinan-kpk,"
Kamis, 05 Okt 2023 20:12 WIB "
"Dugaan Pemerasan ke Mentan SYL, Firli Bahuri Singgung Banyak yang Catut KPK",https://news.detik.com/berita/d-6967377/dugaan-pemerasan-ke-mentan-syl-firli-bahuri-singgung-banyak-yang-catut-kpk,"
Kamis, 05 Okt 2023 20:07 WIB "
Ketua KPK soal Dugaan Pemerasan ke Mentan SYL: Hal Itu Tidak Benar,https://news.detik.com/berita/d-6967358/ketua-kpk-soal-dugaan-pemerasan-ke-mentan-syl-hal-itu-tidak-benar,"
Kamis, 05 Okt 2023 19:47 WIB "
"Paloh Akui Kasus SYL Pengaruhi AMIN: Bukan Negatif, tapi Justru Empati",https://news.detik.com/pemilu/d-6967355/paloh-akui-kasus-syl-pengaruhi-amin-bukan-negatif-tapi-justru-empati,"
Kamis, 05 Okt 2023 19:43 WIB "
Surya Paloh soal Kasus SYL: Jangan Sampai Itu Politisasi Hukum,https://news.detik.com/berita/d-6967327/surya-paloh-soal-kasus-syl-jangan-sampai-itu-politisasi-hukum,"
Kamis, 05 Okt 2023 19:28 WIB "
"Syahrul Yasin Limpo Mundur, Menteri NasDem di Kabinet Jokowi Sisa 1",https://news.detik.com/berita/d-6967283/syahrul-yasin-limpo-mundur-menteri-nasdem-di-kabinet-jokowi-sisa-1,"
Kamis, 05 Okt 2023 19:06 WIB "
SYL Ditemani Menteri LHK Saat Ajukan Pengunduran Diri ke Setneg,https://news.detik.com/berita/d-6967206/syl-ditemani-menteri-lhk-saat-ajukan-pengunduran-diri-ke-setneg,"
Kamis, 05 Okt 2023 18:34 WIB "
Arahan SYL ke Jajaran Kementan Sebelum Ajukan Pengunduran Diri dari Mentan,https://news.detik.com/berita/d-6967201/arahan-syl-ke-jajaran-kementan-sebelum-ajukan-pengunduran-diri-dari-mentan,"
Kamis, 05 Okt 2023 18:30 WIB "
Respons Dewas soal Pimpinan KPK Diduga Terlibat Pemerasan Mentan,https://news.detik.com/berita/d-6967200/respons-dewas-soal-pimpinan-kpk-diduga-terlibat-pemerasan-mentan,"
Kamis, 05 Okt 2023 18:28 WIB "
"Mensesneg Tawari Bertemu Jokowi Petang Ini, tapi Mentan SYL Minta Besok",https://news.detik.com/berita/d-6967188/mensesneg-tawari-bertemu-jokowi-petang-ini-tapi-mentan-syl-minta-besok,"
Kamis, 05 Okt 2023 18:25 WIB "
"SYL: Selama Meniti Karier 25 Tahun, Baru Kali Ini Saya Rasakan Seperti Ini",https://news.detik.com/berita/d-6967184/syl-selama-meniti-karier-25-tahun-baru-kali-ini-saya-rasakan-seperti-ini,"
Kamis, 05 Okt 2023 18:24 WIB "
Syahrul Yasin Limpo: Saya Siap Bertanggung Jawab,https://news.detik.com/berita/d-6967182/syahrul-yasin-limpo-saya-siap-bertanggung-jawab,"
Kamis, 05 Okt 2023 18:23 WIB "
"SYL Awalnya Ingin Menghadap Jokowi, Berujung Diterima Mensesneg Sore Ini",https://news.detik.com/berita/d-6967179/syl-awalnya-ingin-menghadap-jokowi-berujung-diterima-mensesneg-sore-ini,"
Kamis, 05 Okt 2023 18:22 WIB "
"SYL: Saya Baru Pulang dari Roma, Dapat Penghargaan Dunia atas Nama Presiden",https://news.detik.com/berita/d-6967154/syl-saya-baru-pulang-dari-roma-dapat-penghargaan-dunia-atas-nama-presiden,"
Kamis, 05 Okt 2023 18:12 WIB "
"Syahrul Yasin Limpo Mundur, Jokowi Cari Pengganti Menteri Pertanian",https://news.detik.com/berita/d-6967153/syahrul-yasin-limpo-mundur-jokowi-cari-pengganti-menteri-pertanian,"
Kamis, 05 Okt 2023 18:12 WIB "
Surya Paloh Minta Hormati Asas Praduga Tak Bersalah Terkait Kasus SYL,https://news.detik.com/berita/d-6967144/surya-paloh-minta-hormati-asas-praduga-tak-bersalah-terkait-kasus-syl,"
Kamis, 05 Okt 2023 18:08 WIB "
Jokowi Didesak Nonaktifkan Pimpinan KPK Terkait Isu Pemerasan Mentan,https://news.detik.com/berita/d-6967145/jokowi-didesak-nonaktifkan-pimpinan-kpk-terkait-isu-pemerasan-mentan,"
Kamis, 05 Okt 2023 18:08 WIB "
Surya Paloh Buka Suara soal Dugaan Syahrul Yasin Limpo Diperas,https://news.detik.com/berita/d-6967137/surya-paloh-buka-suara-soal-dugaan-syahrul-yasin-limpo-diperas,"
Kamis, 05 Okt 2023 18:07 WIB "
Paloh Pastikan Menteri LHK Siti Nurbaya Tak Mundur dari Kabinet,https://news.detik.com/berita/d-6967118/paloh-pastikan-menteri-lhk-siti-nurbaya-tak-mundur-dari-kabinet,"
Kamis, 05 Okt 2023 18:05 WIB "
Paloh soal Kabar SYL Tersangka KPK Saat di LN: Seakan Tak Ada Hari Esok,https://news.detik.com/berita/d-6967115/paloh-soal-kabar-syl-tersangka-kpk-saat-di-ln-seakan-tak-ada-hari-esok,"
Kamis, 05 Okt 2023 18:03 WIB "
Paloh Miris SYL Dapat Penghargaan di Luar Negeri tapi Terhina di RI,https://news.detik.com/berita/d-6967110/paloh-miris-syl-dapat-penghargaan-di-luar-negeri-tapi-terhina-di-ri,"
Kamis, 05 Okt 2023 17:57 WIB "
Pernyataan Lengkap Mentan SYL Hanya Bicara Dugaan Pemerasan,https://news.detik.com/berita/d-6967102/pernyataan-lengkap-mentan-syl-hanya-bicara-dugaan-pemerasan,"
Kamis, 05 Okt 2023 17:52 WIB "
"Ke Setneg, Syahrul Yasin Limpo Ajukan Mundur dari Mentan",https://news.detik.com/berita/d-6967100/ke-setneg-syahrul-yasin-limpo-ajukan-mundur-dari-mentan,"
Kamis, 05 Okt 2023 17:51 WIB "
SYL soal Diperiksa Terkait Pemerasan: Saya Sudah Sampaikan Seterang-terangnya,https://news.detik.com/berita/d-6967095/syl-soal-diperiksa-terkait-pemerasan-saya-sudah-sampaikan-seterang-terangnya,"
Kamis, 05 Okt 2023 17:49 WIB "
Surya Paloh Perintahkan Mentan SYL Menghadap Presiden Ajukan Mundur,https://news.detik.com/berita/d-6967074/surya-paloh-perintahkan-mentan-syl-menghadap-presiden-ajukan-mundur,"
Kamis, 05 Okt 2023 17:45 WIB "
"Diperiksa terkait Dugaan Diperas, Mentan Singgung Peristiwa 12 Agustus 2023",https://news.detik.com/berita/d-6967016/diperiksa-terkait-dugaan-diperas-mentan-singgung-peristiwa-12-agustus-2023,"
Kamis, 05 Okt 2023 17:30 WIB "
Mentan SYL Diperiksa di Polda Metro Selama 3 Jam soal Dugaan Pemerasan,https://news.detik.com/berita/d-6966985/mentan-syl-diperiksa-di-polda-metro-selama-3-jam-soal-dugaan-pemerasan,"
Kamis, 05 Okt 2023 17:21 WIB "
NasDem Ungkap SYL Ajukan Pengunduran Diri sebagai Mentan,https://news.detik.com/berita/d-6966913/nasdem-ungkap-syl-ajukan-pengunduran-diri-sebagai-mentan,"
Kamis, 05 Okt 2023 16:38 WIB "
Mensesneg: Belum Ada Pertemuan Mentan SYL dan Presiden,https://news.detik.com/berita/d-6966761/mensesneg-belum-ada-pertemuan-mentan-syl-dan-presiden,"
Kamis, 05 Okt 2023 15:42 WIB "
Mobil Mentan SYL Tinggalkan Polda Metro Jaya,https://news.detik.com/berita/d-6966757/mobil-mentan-syl-tinggalkan-polda-metro-jaya,"
Kamis, 05 Okt 2023 15:40 WIB "
Anies Hanya Tersenyum Saat Ditanya soal Kasus Mentan SYL,https://news.detik.com/berita/d-6966607/anies-hanya-tersenyum-saat-ditanya-soal-kasus-mentan-syl,"
Kamis, 05 Okt 2023 14:37 WIB "
Mentan SYL Diganti dari Daftar Caleg DPR NasDem,https://news.detik.com/pemilu/d-6966570/mentan-syl-diganti-dari-daftar-caleg-dpr-nasdem,"
Kamis, 05 Okt 2023 14:23 WIB "
Dugaan Pemerasan Pimpinan KPK Dinilai Nodai Pengusutan Korupsi di Kementan,https://news.detik.com/berita/d-6966436/dugaan-pemerasan-pimpinan-kpk-dinilai-nodai-pengusutan-korupsi-di-kementan,"
Kamis, 05 Okt 2023 13:31 WIB "
Mentan SYL: Saya Akan Selesaikan Semua Prosesnya,https://news.detik.com/berita/d-6966362/mentan-syl-saya-akan-selesaikan-semua-prosesnya,"
Kamis, 05 Okt 2023 12:58 WIB "
"Mentan Syahrul Yasin Limpo Sambangi Polda Metro, Ada Apa?",https://news.detik.com/berita/d-6966358/mentan-syahrul-yasin-limpo-sambangi-polda-metro-ada-apa,"
Kamis, 05 Okt 2023 12:53 WIB "
"Beredar Info Mentan SYL Bakal Mundur, NasDem: Inisiatif Sendiri",https://news.detik.com/berita/d-6966305/beredar-info-mentan-syl-bakal-mundur-nasdem-inisiatif-sendiri,"
Kamis, 05 Okt 2023 12:38 WIB "
Mentan SYL Buka Suara di Tengah Kabar Jadi Tersangka KPK,https://news.detik.com/berita/d-6966299/mentan-syl-buka-suara-di-tengah-kabar-jadi-tersangka-kpk,"
Kamis, 05 Okt 2023 12:36 WIB "
Kapolri Cek Laporan Dugaan Pemerasan oleh Pimpinan KPK ke Mentan,https://news.detik.com/berita/d-6966277/kapolri-cek-laporan-dugaan-pemerasan-oleh-pimpinan-kpk-ke-mentan,"
Kamis, 05 Okt 2023 12:23 WIB "
Mentan SYL Bakal Mundur? Jokowi: Jangan Berandai-andai,https://news.detik.com/berita/d-6966246/mentan-syl-bakal-mundur-jokowi-jangan-berandai-andai,"
Kamis, 05 Okt 2023 12:14 WIB "
"Dugaan Pemerasan oleh Pimpinan KPK, Novel: Pengkhianatan Pemberantasan Korupsi",https://news.detik.com/berita/d-6966235/dugaan-pemerasan-oleh-pimpinan-kpk-novel-pengkhianatan-pemberantasan-korupsi,"
Kamis, 05 Okt 2023 12:05 WIB "
Jokowi Diberi Tahu Mensesneg Tadi Pagi soal Mentan Sudah Tiba di Indonesia,https://news.detik.com/berita/d-6966229/jokowi-diberi-tahu-mensesneg-tadi-pagi-soal-mentan-sudah-tiba-di-indonesia,"
Kamis, 05 Okt 2023 12:04 WIB "
Mentan SYL Ngantor di Kementan Usai Tiba di RI dan Temui Surya Paloh,https://news.detik.com/berita/d-6965986/mentan-syl-ngantor-di-kementan-usai-tiba-di-ri-dan-temui-surya-paloh,"
Kamis, 05 Okt 2023 10:27 WIB "
Muncul Surat Pemeriksaan Ajudan Mentan soal Dugaan Pemerasan oleh Pimpinan KPK,https://news.detik.com/berita/d-6965954/muncul-surat-pemeriksaan-ajudan-mentan-soal-dugaan-pemerasan-oleh-pimpinan-kpk,"
Kamis, 05 Okt 2023 10:10 WIB "
"Mentan SYL Tiba di RI: Temui Paloh, Tunjuk Pengacara, Bakal Menghadap Jokowi",https://news.detik.com/berita/d-6965798/mentan-syl-tiba-di-ri-temui-paloh-tunjuk-pengacara-bakal-menghadap-jokowi,"
Kamis, 05 Okt 2023 08:36 WIB "
5 Lokasi Disasar KPK Terkait Mentan dari Jakarta hingga Makassar,https://news.detik.com/berita/d-6965766/5-lokasi-disasar-kpk-terkait-mentan-dari-jakarta-hingga-makassar,"
Kamis, 05 Okt 2023 08:00 WIB "
Mentan Tiba di Indonesia hingga Para Streamer Menangis TikTok Shop Ditutup,https://news.detik.com/berita/d-6965471/mentan-tiba-di-indonesia-hingga-para-streamer-menangis-tiktok-shop-ditutup,"
Kamis, 05 Okt 2023 07:55 WIB "
Legislator PD Minta KPK Segera Periksa Penghuni Rumah Dinas Mentan,https://news.detik.com/berita/d-6965757/legislator-pd-minta-kpk-segera-periksa-penghuni-rumah-dinas-mentan,"
Kamis, 05 Okt 2023 07:50 WIB "
MAKI Yakin Info Mahfud soal Mentan SYL Tersangka KPK 100% Benar,https://news.detik.com/berita/d-6965729/maki-yakin-info-mahfud-soal-mentan-syl-tersangka-kpk-100-benar,"
Kamis, 05 Okt 2023 06:48 WIB "
ICW Desak KPK Segera Umumkan Tersangka Korupsi di Kasus Kementan,https://news.detik.com/berita/d-6965694/icw-desak-kpk-segera-umumkan-tersangka-korupsi-di-kasus-kementan,"
Kamis, 05 Okt 2023 05:39 WIB "
Respons NasDem soal Pemeriksaan Ajudan Mentan SYL Terkait Dugaan Pemerasaan,https://news.detik.com/berita/d-6965663/respons-nasdem-soal-pemeriksaan-ajudan-mentan-syl-terkait-dugaan-pemerasaan,"
Kamis, 05 Okt 2023 02:19 WIB "
Sahroni Sebut Surya Paloh Bakal Gelar Konpers soal Mentan SYL Hari Ini,https://news.detik.com/berita/d-6965660/sahroni-sebut-surya-paloh-bakal-gelar-konpers-soal-mentan-syl-hari-ini,"
Kamis, 05 Okt 2023 02:11 WIB "
Beredar Kabar Ajudan Mentan Diperiksa Polda Metro soal Dugaan Pemerasan,https://news.detik.com/berita/d-6965656/beredar-kabar-ajudan-mentan-diperiksa-polda-metro-soal-dugaan-pemerasan,"
Kamis, 05 Okt 2023 01:49 WIB "
Febri Diansyah: Mentan Bakal ke Istana Menghadap Jokowi Hari Ini,https://news.detik.com/berita/d-6965653/febri-diansyah-mentan-bakal-ke-istana-menghadap-jokowi-hari-ini,"
Kamis, 05 Okt 2023 01:09 WIB "
Febri Diansyah Eks Jubir KPK Resmi Jadi Pengacara Mentan di Kasus Korupsi,https://news.detik.com/berita/d-6965647/febri-diansyah-eks-jubir-kpk-resmi-jadi-pengacara-mentan-di-kasus-korupsi,"
Kamis, 05 Okt 2023 00:39 WIB "
"Mentan Sudah di NasDem Tower, Bakal Jelaskan Kasus ke Surya Paloh",https://news.detik.com/berita/d-6965638/mentan-sudah-di-nasdem-tower-bakal-jelaskan-kasus-ke-surya-paloh,"
Kamis, 05 Okt 2023 00:02 WIB "
Imigrasi Soetta Tegaskan Tak Ada Perlakuan Khusus dalam Pemeriksaan Mentan,https://news.detik.com/berita/d-6965633/imigrasi-soetta-tegaskan-tak-ada-perlakuan-khusus-dalam-pemeriksaan-mentan,"
Rabu, 04 Okt 2023 23:42 WIB "
Ahmad Sahroni Kritik Mahfud Md: Sejak Kapan Menko Jadi Jubir KPK?,https://news.detik.com/berita/d-6965594/ahmad-sahroni-kritik-mahfud-md-sejak-kapan-menko-jadi-jubir-kpk,"
Rabu, 04 Okt 2023 22:22 WIB "
KPK Belum Blak-blakan Usai Mahfud Sebut Mentan SYL Sudah Tersangka,https://news.detik.com/berita/d-6965510/kpk-belum-blak-blakan-usai-mahfud-sebut-mentan-syl-sudah-tersangka,"
Rabu, 04 Okt 2023 21:19 WIB "
"Mentan SYL Tiba di Bandara Soekarno-Hatta, Ini Penampakannya",https://news.detik.com/berita/d-6965405/mentan-syl-tiba-di-bandara-soekarno-hatta-ini-penampakannya,"
Rabu, 04 Okt 2023 19:58 WIB "
Mentan Syahrul Yasin Limpo Sudah Tiba di Indonesia,https://news.detik.com/berita/d-6965390/mentan-syahrul-yasin-limpo-sudah-tiba-di-indonesia,"
Rabu, 04 Okt 2023 19:47 WIB "
KPK Bawa Mobil Audi dari Rumah Mentan SYL di Makassar,https://news.detik.com/berita/d-6964922/kpk-bawa-mobil-audi-dari-rumah-mentan-syl-di-makassar,"
Rabu, 04 Okt 2023 16:40 WIB "
"KPK Geledah Rumah Pribadi Mentan di Makassar, Cari Bukti Kasus Kementan",https://news.detik.com/berita/d-6964898/kpk-geledah-rumah-pribadi-mentan-di-makassar-cari-bukti-kasus-kementan,"
Rabu, 04 Okt 2023 16:30 WIB "
Rumah Mentan Syahrul Yasin Limpo di Makassar Digeledah KPK!,https://news.detik.com/berita/d-6964865/rumah-mentan-syahrul-yasin-limpo-di-makassar-digeledah-kpk,"
Rabu, 04 Okt 2023 16:14 WIB "
"Mahfud Sebut Mentan SYL Sudah Tersangka, KPK Bilang Begini",https://news.detik.com/berita/d-6964632/mahfud-sebut-mentan-syl-sudah-tersangka-kpk-bilang-begini,"
Rabu, 04 Okt 2023 14:29 WIB "
Ma'ruf soal Mentan Belum Balik ke RI: Program Pertanian Tak Terganggu,https://news.detik.com/berita/d-6964507/maruf-soal-mentan-belum-balik-ke-ri-program-pertanian-tak-terganggu,"
Rabu, 04 Okt 2023 13:43 WIB "
"Mahfud Md: Kita Semua Bertanya, di Mana Syahrul Yasin Limpo",https://news.detik.com/berita/d-6964499/mahfud-md-kita-semua-bertanya-di-mana-syahrul-yasin-limpo,"
Rabu, 04 Okt 2023 13:35 WIB "
Mahfud soal Mentan Belum Balik ke RI: Sekelas Menteri Tak Mudah Menghilang,https://news.detik.com/berita/d-6964391/mahfud-soal-mentan-belum-balik-ke-ri-sekelas-menteri-tak-mudah-menghilang,"
Rabu, 04 Okt 2023 12:44 WIB "
Mahfud Dapat Info Mentan Syahrul Yasin Limpo Tersangka KPK,https://news.detik.com/berita/d-6964359/mahfud-dapat-info-mentan-syahrul-yasin-limpo-tersangka-kpk,"
Rabu, 04 Okt 2023 12:28 WIB "
Imigrasi: Tidak Ada Permintaan Cegah ke Luar Negeri untuk Mentan,https://news.detik.com/berita/d-6964356/imigrasi-tidak-ada-permintaan-cegah-ke-luar-negeri-untuk-mentan,"
Rabu, 04 Okt 2023 12:26 WIB "
NasDem Ungkap Alasan Minta Mentan Hadap Paloh Dulu Baru ke Jokowi,https://news.detik.com/berita/d-6964267/nasdem-ungkap-alasan-minta-mentan-hadap-paloh-dulu-baru-ke-jokowi,"
Rabu, 04 Okt 2023 11:56 WIB "
Jokowi soal Mentan: Ada yang Punya Nomor Teleponnya? Coba Dikontak,https://news.detik.com/berita/d-6964086/jokowi-soal-mentan-ada-yang-punya-nomor-teleponnya-coba-dikontak,"
Rabu, 04 Okt 2023 10:33 WIB "
"Pimpinan KPK soal Keberadaan Mentan: Positive Thinking, Mungkin Tersesat",https://news.detik.com/berita/d-6963869/pimpinan-kpk-soal-keberadaan-mentan-positive-thinking-mungkin-tersesat,"
Rabu, 04 Okt 2023 08:16 WIB "
Mentan SYL Hilang Kontak di Eropa Hingga TikTok Shop Indonesia Resmi Ditutup,https://news.detik.com/berita/d-6963565/mentan-syl-hilang-kontak-di-eropa-hingga-tiktok-shop-indonesia-resmi-ditutup,"
Rabu, 04 Okt 2023 07:58 WIB "
"Heboh Mentan Belum Balik ke RI, Disebut Sakit dan Berobat di Luar Negeri",https://news.detik.com/berita/d-6963824/heboh-mentan-belum-balik-ke-ri-disebut-sakit-dan-berobat-di-luar-negeri,"
Rabu, 04 Okt 2023 07:03 WIB "
"Syahrul Yasin Limpo Entah di Mana, Harvick Jadi Mentan Ad Interim",https://news.detik.com/berita/d-6963695/syahrul-yasin-limpo-entah-di-mana-harvick-jadi-mentan-ad-interim,"
Selasa, 03 Okt 2023 23:04 WIB "
Sahroni: Mentan Akan Hadap Surya Paloh Dulu Saat Tiba di Indonesia,https://news.detik.com/berita/d-6963455/sahroni-mentan-akan-hadap-surya-paloh-dulu-saat-tiba-di-indonesia,"
Selasa, 03 Okt 2023 19:49 WIB "
KPK Tegaskan Penyidikan Kasus Kementan Lanjut Meski Mentan Belum Balik ke RI,https://news.detik.com/berita/d-6963376/kpk-tegaskan-penyidikan-kasus-kementan-lanjut-meski-mentan-belum-balik-ke-ri,"
Selasa, 03 Okt 2023 18:48 WIB "
NasDem: Pak Mentan Kena Prostat Jadi Tak Bisa Balik ke RI 1 Oktober,https://news.detik.com/berita/d-6963319/nasdem-pak-mentan-kena-prostat-jadi-tak-bisa-balik-ke-ri-1-oktober,"
Selasa, 03 Okt 2023 18:31 WIB "
Kronologi Mentan Kunker ke Eropa dan Belum Kembali ke RI hingga Sekarang,https://news.detik.com/berita/d-6963263/kronologi-mentan-kunker-ke-eropa-dan-belum-kembali-ke-ri-hingga-sekarang,"
Selasa, 03 Okt 2023 18:15 WIB "
NasDem Sebut Mentan Syahrul Yasin Limpo Masuk Indonesia 5 Oktober,https://news.detik.com/berita/d-6963230/nasdem-sebut-mentan-syahrul-yasin-limpo-masuk-indonesia-5-oktober,"
Selasa, 03 Okt 2023 18:03 WIB "
Wamentan Ungkap Mentan SYL Pisah Rombongan Saat Kembali ke Tanah Air,https://news.detik.com/berita/d-6963203/wamentan-ungkap-mentan-syl-pisah-rombongan-saat-kembali-ke-tanah-air,"
Selasa, 03 Okt 2023 17:51 WIB "
Surya Paloh Perintahkan Mentan Segera Pulang ke Indonesia,https://news.detik.com/berita/d-6963174/surya-paloh-perintahkan-mentan-segera-pulang-ke-indonesia,"
Selasa, 03 Okt 2023 17:42 WIB "
Bareskrim Polri Ambil Alih Penyelidikan 12 Senpi di Rumah Dinas Mentan,https://news.detik.com/berita/d-6963171/bareskrim-polri-ambil-alih-penyelidikan-12-senpi-di-rumah-dinas-mentan,"
Selasa, 03 Okt 2023 17:40 WIB "
Dirjen Imigrasi: Mentan SYL Harusnya Tiba di RI 1 Oktober,https://news.detik.com/berita/d-6963163/dirjen-imigrasi-mentan-syl-harusnya-tiba-di-ri-1-oktober,"
Selasa, 03 Okt 2023 17:35 WIB "
Wamentan Ungkap Jokowi Tak Tanya Keberadaan Mentan SYL Saat Ratas,https://news.detik.com/berita/d-6963151/wamentan-ungkap-jokowi-tak-tanya-keberadaan-mentan-syl-saat-ratas,"
Selasa, 03 Okt 2023 17:31 WIB "
Yasonna Ungkap Mentan Syahrul Yasin Limpo Belum Masuk RI dari Luar Negeri,https://news.detik.com/berita/d-6963097/yasonna-ungkap-mentan-syahrul-yasin-limpo-belum-masuk-ri-dari-luar-negeri,"
Selasa, 03 Okt 2023 17:01 WIB "
Wamentan Tepis Indikasi Mentan SYL Kabur: Kita Doakan Bisa Selesai,https://news.detik.com/berita/d-6963010/wamentan-tepis-indikasi-mentan-syl-kabur-kita-doakan-bisa-selesai,"
Selasa, 03 Okt 2023 16:18 WIB "
Baintelkam Polri Teliti Temuan 12 Senpi di Rumah Dinas Mentan SYL,https://news.detik.com/berita/d-6962941/baintelkam-polri-teliti-temuan-12-senpi-di-rumah-dinas-mentan-syl,"
Selasa, 03 Okt 2023 15:53 WIB "
"Mentan SYL Dikabarkan Jadi Tersangka, PSI Dukung Langkah KPK",https://news.detik.com/pemilu/d-6962017/mentan-syl-dikabarkan-jadi-tersangka-psi-dukung-langkah-kpk,"
Selasa, 03 Okt 2023 08:50 WIB "
Ternyata Dokumen Ini yang Bikin Febri Diansyah-Rasamala Diperiksa KPK,https://news.detik.com/berita/d-6961795/ternyata-dokumen-ini-yang-bikin-febri-diansyah-rasamala-diperiksa-kpk,"
Senin, 02 Okt 2023 22:59 WIB "
Mahfud Minta Upaya Pelenyapan Dokumen di Kementan Diusut Tuntas,https://news.detik.com/berita/d-6958948/mahfud-minta-upaya-pelenyapan-dokumen-di-kementan-diusut-tuntas,"
Minggu, 01 Okt 2023 10:32 WIB "
"Mahfud soal 12 Senpi di Rumdin Mentan: Kalau Tanpa Izin, Harus Diproses Hukum",https://news.detik.com/berita/d-6958913/mahfud-soal-12-senpi-di-rumdin-mentan-kalau-tanpa-izin-harus-diproses-hukum,"
Minggu, 01 Okt 2023 09:55 WIB "
"PDIP soal Kabar Mentan Tersangka KPK: Kami Pernah Alami, tapi Mawas Diri",https://news.detik.com/berita/d-6958551/pdip-soal-kabar-mentan-tersangka-kpk-kami-pernah-alami-tapi-mawas-diri,"
Sabtu, 30 Sep 2023 21:09 WIB "
12 Senpi di Rumah Dinas Syahrul Yasin Limpo Ada Jenis S&W hingga Tanfoglio,https://news.detik.com/berita/d-6957791/12-senpi-di-rumah-dinas-syahrul-yasin-limpo-ada-jenis-s-w-hingga-tanfoglio,"
Sabtu, 30 Sep 2023 11:57 WIB "
3 Penemuan di Rumah Dinas Mentan: 12 Senpi hingga Uang Puluhan Miliar,https://news.detik.com/berita/d-6957710/3-penemuan-di-rumah-dinas-mentan-12-senpi-hingga-uang-puluhan-miliar,"
Sabtu, 30 Sep 2023 10:36 WIB "
Sikap NasDem Kala Muncul Kabar Mentan Tersangka dan Rumah Digeledah,https://news.detik.com/berita/d-6957559/sikap-nasdem-kala-muncul-kabar-mentan-tersangka-dan-rumah-digeledah,"
Sabtu, 30 Sep 2023 06:38 WIB "
"KPK Hampir 12 Jam Masih Geledah Gedung Kementan, Begini Suasananya",https://news.detik.com/berita/d-6957388/kpk-hampir-12-jam-masih-geledah-gedung-kementan-begini-suasananya,"
Jumat, 29 Sep 2023 22:40 WIB "
Geger Temuan Duit Puluhan Miliar hingga Senjata Api di Rumah Mentan,https://news.detik.com/berita/d-6957288/geger-temuan-duit-puluhan-miliar-hingga-senjata-api-di-rumah-mentan,"
Jumat, 29 Sep 2023 21:25 WIB "
NasDem Tunggu Penjelasan 12 Senpi Ditemukan KPK di Rumah Dinas Mentan,https://news.detik.com/berita/d-6956935/nasdem-tunggu-penjelasan-12-senpi-ditemukan-kpk-di-rumah-dinas-mentan,"
Jumat, 29 Sep 2023 18:15 WIB "
"Dalami 12 Senpi di Rumah Dinas Mentan, Polda Metro Koordinasi Intelkam Polri",https://news.detik.com/berita/d-6956806/dalami-12-senpi-di-rumah-dinas-mentan-polda-metro-koordinasi-intelkam-polri,"
Jumat, 29 Sep 2023 17:28 WIB "
KPK Temukan 12 Senpi saat Geledah Rumah Dinas Mentan Syahrul Yasin Limpo,https://news.detik.com/berita/d-6956346/kpk-temukan-12-senpi-saat-geledah-rumah-dinas-mentan-syahrul-yasin-limpo,"
Jumat, 29 Sep 2023 14:51 WIB "
KPK Geledah Gedung A Kantor Kementan!,https://news.detik.com/berita/d-6956234/kpk-geledah-gedung-a-kantor-kementan,"
Jumat, 29 Sep 2023 13:59 WIB "
"7 Mobil Hitam Keluar dari Rumah Mentan SYL, Koper-Berkas Turut Dibawa KPK",https://news.detik.com/berita/d-6956099/7-mobil-hitam-keluar-dari-rumah-mentan-syl-koper-berkas-turut-dibawa-kpk,"
Jumat, 29 Sep 2023 12:48 WIB "
"Sudah 16 Jam, KPK Masih Geledah Rumah Dinas Mentan Syahrul Yasin Limpo",https://news.detik.com/berita/d-6955720/sudah-16-jam-kpk-masih-geledah-rumah-dinas-mentan-syahrul-yasin-limpo,"
Jumat, 29 Sep 2023 09:03 WIB "
Mentan Syahrul Yasin Limpo Sedang di Roma Saat KPK Geledah Rumah Dinasnya,https://news.detik.com/berita/d-6955705/mentan-syahrul-yasin-limpo-sedang-di-roma-saat-kpk-geledah-rumah-dinasnya,"
Jumat, 29 Sep 2023 08:44 WIB "
"Rumah Dinas Mentan SYL Digeledah KPK, Begini Respons NasDem",https://news.detik.com/berita/d-6955689/rumah-dinas-mentan-syl-digeledah-kpk-begini-respons-nasdem,"
Jumat, 29 Sep 2023 08:33 WIB "
"Geledah Rumah Dinas Mentan, KPK Bawa Masuk Mesin Penghitung Uang",https://news.detik.com/berita/d-6955549/geledah-rumah-dinas-mentan-kpk-bawa-masuk-mesin-penghitung-uang,"
Kamis, 28 Sep 2023 22:52 WIB "
"Geledah Rumah Dinas Mentan SYL, KPK Bawa Box hingga Kantung Warna Merah",https://news.detik.com/berita/d-6955496/geledah-rumah-dinas-mentan-syl-kpk-bawa-box-hingga-kantung-warna-merah,"
Kamis, 28 Sep 2023 21:43 WIB "
"Digeledah KPK, Begini Suasana di Rumah Dinas Mentan",https://news.detik.com/berita/d-6955186/digeledah-kpk-begini-suasana-di-rumah-dinas-mentan,"
Kamis, 28 Sep 2023 18:05 WIB "
KPK Geledah Rumah Dinas Mentan Syahrul Yasin Limpo!,https://news.detik.com/berita/d-6955100/kpk-geledah-rumah-dinas-mentan-syahrul-yasin-limpo,"
Kamis, 28 Sep 2023 17:05 WIB "
"Didampingi Bima Arya, Mentan Lepas Ekspor 700 Kg Mangga Gedong ke Saudi",https://news.detik.com/berita/d-6944277/didampingi-bima-arya-mentan-lepas-ekspor-700-kg-mangga-gedong-ke-saudi,"
Kamis, 21 Sep 2023 22:41 WIB "
Balasan Pihak Prabowo ke Hasto yang Bilang 'Tak Ada Asap Tanpa Api',https://news.detik.com/pemilu/d-6942435/balasan-pihak-prabowo-ke-hasto-yang-bilang-tak-ada-asap-tanpa-api,"
Kamis, 21 Sep 2023 08:27 WIB "
Tawa Prabowo Tepis Isu Liar Tampar Wamentan,https://news.detik.com/pemilu/d-6940538/tawa-prabowo-tepis-isu-liar-tampar-wamentan,"
Rabu, 20 Sep 2023 09:00 WIB "
Testimoni Jokowi soal Prabowo Sabar saat Isu Tampar Wamentan Beredar,https://news.detik.com/pemilu/d-6940504/testimoni-jokowi-soal-prabowo-sabar-saat-isu-tampar-wamentan-beredar,"
Rabu, 20 Sep 2023 08:34 WIB "
PSI Bela Prabowo: Jangan Kotori Pemilu dengan Hoax!,https://news.detik.com/pemilu/d-6939804/psi-bela-prabowo-jangan-kotori-pemilu-dengan-hoax,"
Selasa, 19 Sep 2023 17:35 WIB "
Prabowo Tertawakan Isu Liar Tampar Wamentan: Ketemu Aja Nggak Pernah,https://news.detik.com/pemilu/d-6938896/prabowo-tertawakan-isu-liar-tampar-wamentan-ketemu-aja-nggak-pernah,"
Selasa, 19 Sep 2023 11:41 WIB "
Jokowi soal Isu Liar Prabowo Tampar Wamentan: Setahu Saya Tidak Ada,https://news.detik.com/pemilu/d-6938469/jokowi-soal-isu-liar-prabowo-tampar-wamentan-setahu-saya-tidak-ada,"
Selasa, 19 Sep 2023 07:45 WIB "
Suryo Prabowo: Semoga Pembuat Hoax Prabowo Tampar Wamen Sesali Perbuatannya,https://news.detik.com/pemilu/d-6938061/suryo-prabowo-semoga-pembuat-hoax-prabowo-tampar-wamen-sesali-perbuatannya,"
Senin, 18 Sep 2023 19:22 WIB "
"Isu Liar Prabowo Tampar Wamen Ditepis Kementan, Gerindra: Rakyat Sudah Pintar",https://news.detik.com/pemilu/d-6938032/isu-liar-prabowo-tampar-wamen-ditepis-kementan-gerindra-rakyat-sudah-pintar,"
Senin, 18 Sep 2023 18:59 WIB "
Kementan Tepis Isu Liar Prabowo Tampar Wamentan di Ratas Istana,https://news.detik.com/pemilu/d-6937981/kementan-tepis-isu-liar-prabowo-tampar-wamentan-di-ratas-istana,"
Senin, 18 Sep 2023 18:31 WIB "
Saat Mentan SYL Hampiri Ketua KPK dan Berbincang Jelang Sidang Kabinet,https://news.detik.com/berita/d-6866554/saat-mentan-syl-hampiri-ketua-kpk-dan-berbincang-jelang-sidang-kabinet,"
Rabu, 09 Agu 2023 11:25 WIB "
BPK Apresiasi Laporan Keuangan Kementan Tahun 2022 Sudah Sesuai Aturan,https://news.detik.com/berita/d-6841338/bpk-apresiasi-laporan-keuangan-kementan-tahun-2022-sudah-sesuai-aturan,"
Selasa, 25 Jul 2023 19:45 WIB "
Mentan Klaim Kondisi Pangan Nasional Aman di Tengah Ancama El-Nino,https://news.detik.com/berita/d-6830233/mentan-klaim-kondisi-pangan-nasional-aman-di-tengah-ancama-el-nino,"
Selasa, 18 Jul 2023 23:13 WIB "
NasDem Sambut Pertemuan Paloh dan Jokowi: All Out Dukung Pemerintah,https://news.detik.com/pemilu/d-6828749/nasdem-sambut-pertemuan-paloh-dan-jokowi-all-out-dukung-pemerintah,"
Selasa, 18 Jul 2023 12:05 WIB "
Apa Isi Pertemuan 1 Jam Jokowi-Surya Paloh?,https://news.detik.com/pemilu/d-6828659/apa-isi-pertemuan-1-jam-jokowi-surya-paloh,"
Selasa, 18 Jul 2023 11:31 WIB "
"Jokowi Gelar Ratas, Mentan hingga Menteri LHK Merapat ke Istana",https://news.detik.com/berita/d-6828499/jokowi-gelar-ratas-mentan-hingga-menteri-lhk-merapat-ke-istana,"
Selasa, 18 Jul 2023 10:20 WIB "
NasDem Ungkap Surya Paloh Bertemu Jokowi di Istana Sore Tadi,https://news.detik.com/pemilu/d-6828058/nasdem-ungkap-surya-paloh-bertemu-jokowi-di-istana-sore-tadi,"
Senin, 17 Jul 2023 20:44 WIB "
"Menteri Nasdem Hilang Satu, Begini Komposisi Kabinet Jokowi Saat Ini",https://news.detik.com/pemilu/d-6827819/menteri-nasdem-hilang-satu-begini-komposisi-kabinet-jokowi-saat-ini,"
Senin, 17 Jul 2023 18:34 WIB "
"Menkominfo Diganti, Menteri NasDem di Kabinet Jokowi Tinggal Dua Kursi",https://news.detik.com/pemilu/d-6827184/menkominfo-diganti-menteri-nasdem-di-kabinet-jokowi-tinggal-dua-kursi,"
Senin, 17 Jul 2023 14:37 WIB "
"Mentan Yasin Limpo Diperiksa KPK, Jokowi Hormati Proses Hukum",https://news.detik.com/berita/d-6784216/mentan-yasin-limpo-diperiksa-kpk-jokowi-hormati-proses-hukum,"
Rabu, 21 Jun 2023 10:33 WIB "
"Tanggal Berhaji Sama dengan Anies, Puan: Kalau Ketemu ya Ibadah",https://news.detik.com/pemilu/d-6782600/tanggal-berhaji-sama-dengan-anies-puan-kalau-ketemu-ya-ibadah,"
Selasa, 20 Jun 2023 12:48 WIB "
"Mentan Diperiksa di Gedung Lama, KPK Klaim Tak Ada yang Dianakemaskan",https://news.detik.com/berita/d-6782314/mentan-diperiksa-di-gedung-lama-kpk-klaim-tak-ada-yang-dianakemaskan,"
Selasa, 20 Jun 2023 10:49 WIB "
KPK Ungkap Alasan Mentan Yasin Limpo Diperiksa di Gedung Lama,https://news.detik.com/berita/d-6781854/kpk-ungkap-alasan-mentan-yasin-limpo-diperiksa-di-gedung-lama,"
Senin, 19 Jun 2023 22:05 WIB "
NasDem: Kecil Kemungkinan Cawapres Anies Diumumkan Sebelum Berangkat Haji,https://news.detik.com/pemilu/d-6781615/nasdem-kecil-kemungkinan-cawapres-anies-diumumkan-sebelum-berangkat-haji,"
Senin, 19 Jun 2023 19:15 WIB "
"PD Dapat Info Anies Pergi Haji di Tanggal Sama dengan Puan, Ini Kata PKS",https://news.detik.com/pemilu/d-6780461/pd-dapat-info-anies-pergi-haji-di-tanggal-sama-dengan-puan-ini-kata-pks,"
Senin, 19 Jun 2023 11:57 WIB "
Andi Arief Berandai-andai Anies Umumkan Cawapres Sebelum Berangkat Haji,https://news.detik.com/pemilu/d-6780358/andi-arief-berandai-andai-anies-umumkan-cawapres-sebelum-berangkat-haji,"
Senin, 19 Jun 2023 11:16 WIB "
"Mentan Yasin Limpo Penuhi Panggilan KPK, tapi di Gedung Lama",https://news.detik.com/berita/d-6780281/mentan-yasin-limpo-penuhi-panggilan-kpk-tapi-di-gedung-lama,"
Senin, 19 Jun 2023 10:43 WIB "
Sahroni Nilai Penyelidikan Dugaan Korupsi SYL Murni Penegakan Hukum,https://news.detik.com/pemilu/d-6780234/sahroni-nilai-penyelidikan-dugaan-korupsi-syl-murni-penegakan-hukum,"
Senin, 19 Jun 2023 10:21 WIB "
PD Dapat Info Anies Berangkat Haji di Tanggal yang Sama dengan Puan,https://news.detik.com/pemilu/d-6780152/pd-dapat-info-anies-berangkat-haji-di-tanggal-yang-sama-dengan-puan,"
Senin, 19 Jun 2023 09:29 WIB "
KPK Imbau Mentan SYL Hadir: Keterangannya Sangat Dibutuhkan,i,"
Senin, 19 Jun 2023 08:05 WIB "
Jelang Mentan Diperiksa KPK hingga Heboh Pameran Van Gogh Alive Jakarta,https://news.detik.com/berita/d-6775265/jelang-mentan-diperiksa-kpk-hingga-heboh-pameran-van-gogh-alive-jakarta,"
Jumat, 16 Jun 2023 07:45 WIB "
"Respons Jokowi soal KPK Usut Dugaan Peran Mentan, Tepis Kaitan Politik",https://news.detik.com/berita/d-6773755/respons-jokowi-soal-kpk-usut-dugaan-peran-mentan-tepis-kaitan-politik,"
Kamis, 15 Jun 2023 11:13 WIB "
Jurus Kementan Antisipasi Perubahan Iklim Ekstrem,https://news.detik.com/berita/d-6730168/jurus-kementan-antisipasi-perubahan-iklim-ekstrem,"
Sabtu, 20 Mei  2023 21:42 WIB "
KPU Tak Masalah Menteri Nyaleg: Bukan Fenomena Baru,https://news.detik.com/pemilu/d-6723718/kpu-tak-masalah-menteri-nyaleg-bukan-fenomena-baru,"
Selasa, 16 Mei  2023 17:55 WIB "
Ancaman Jokowi Copot Menteri Nyaleg Jika Kerjaan Terganggu,https://news.detik.com/pemilu/d-6720260/ancaman-jokowi-copot-menteri-nyaleg-jika-kerjaan-terganggu,"
Minggu, 14 Mei  2023 20:57 WIB "
"Jokowi Wanti-wanti Menteri yang Nyaleg: Kalau Kerjanya Terganggu, Ganti!",https://news.detik.com/pemilu/d-6719837/jokowi-wanti-wanti-menteri-yang-nyaleg-kalau-kerjanya-terganggu-ganti,"
Minggu, 14 Mei  2023 16:06 WIB "
Kejutan di Daftar Calon Wakil Rakyat 2024,https://news.detik.com/pemilu/d-6716395/kejutan-di-daftar-calon-wakil-rakyat-2024,"
Jumat, 12 Mei  2023 08:01 WIB "
"NasDem Daftar Caleg 2024 ke KPU, Ada Menteri SYL hingga Johnny Plate",https://news.detik.com/pemilu/d-6715253/nasdem-daftar-caleg-2024-ke-kpu-ada-menteri-syl-hingga-johnny-plate,"
Kamis, 11 Mei  2023 14:37 WIB "
"Ishadi SK, Tetap Nakal di Usia 80 Tahun",https://news.detik.com/kolom/d-6697936/ishadi-sk-tetap-nakal-di-usia-80-tahun,"
Senin, 01 Mei  2023 09:29 WIB "
Komisi IV DPR Bentuk Panja soal Dugaan Kementan Mark Up Data Food Estate,https://news.detik.com/berita/d-6533071/komisi-iv-dpr-bentuk-panja-soal-dugaan-kementan-mark-up-data-food-estate,"
Rabu, 25 Jan 2023 10:57 WIB "
Menteri NasDem Ngaku Tak Ada Masalah dengan Jokowi di Kabinet,https://news.detik.com/pemilu/d-6523861/menteri-nasdem-ngaku-tak-ada-masalah-dengan-jokowi-di-kabinet,"
Kamis, 19 Jan 2023 13:23 WIB "
Reshuffle Kabinet Pasti atau Jokowi Masih Pikir-pikir?,https://news.detik.com/pemilu/d-6521610/reshuffle-kabinet-pasti-atau-jokowi-masih-pikir-pikir,"
Rabu, 18 Jan 2023 11:58 WIB "
Respons 2 Menteri NasDem Saat Ditanya soal Isu Reshuffle Kabinet,https://news.detik.com/pemilu/d-6513728/respons-2-menteri-nasdem-saat-ditanya-soal-isu-reshuffle-kabinet,"
Jumat, 13 Jan 2023 13:43 WIB "
Suara Sengau Harun Masiku yang Masih Jadi Pekerjaan Rumah KPK,https://news.detik.com/berita/d-7681955/suara-sengau-harun-masiku-yang-masih-jadi-pekerjaan-rumah-kpk,"
Rabu, 11 Des 2024 17:15 WIB "
Naik Turun Indeks Persepsi Korupsi Indonesia Selama 10 Tahun Era Jokowi,https://news.detik.com/berita/d-7577566/naik-turun-indeks-persepsi-korupsi-indonesia-selama-10-tahun-era-jokowi,"
Selasa, 08 Okt 2024 11:55 WIB "
Kata Pengacara soal Firli Akan Diperiksa Polisi soal 2 Perkara Baru,https://news.detik.com/berita/d-7567770/kata-pengacara-soal-firli-akan-diperiksa-polisi-soal-2-perkara-baru,"
Rabu, 02 Okt 2024 07:13 WIB "
Daftar 580 Wakil Rakyat Indonesia Periode 2024-2029 di Senayan,https://news.detik.com/berita/d-7508420/daftar-580-wakil-rakyat-indonesia-periode-2024-2029-di-senayan,"
Senin, 26 Agu 2024 06:31 WIB "
"KPU Tetapkan Anggota DPR Terpilih Periode 2024-2029, Ini Daftarnya",https://news.detik.com/berita/d-7507994/kpu-tetapkan-anggota-dpr-terpilih-periode-2024-2029-ini-daftarnya,"
Minggu, 25 Agu 2024 18:38 WIB "
Fakta-fakta Kecelakaan Beruntun di Tol Cipularang,https://news.detik.com/berita/d-7432946/fakta-fakta-kecelakaan-beruntun-di-tol-cipularang,"
Kamis, 11 Jul 2024 07:58 WIB "
"Pecat Sekjen, Ini Susunan Pengurus Baru PBB di Bawah Pj Ketum Fahri",https://news.detik.com/pemilu/d-7410180/pecat-sekjen-ini-susunan-pengurus-baru-pbb-di-bawah-pj-ketum-fahri,"
Rabu, 26 Jun 2024 18:19 WIB "
KPK Apresiasi PT DKI: Pertimbangan Putusan Sela Gazalba Kacaukan Peradilan,https://news.detik.com/berita/d-7407038/kpk-apresiasi-pt-dki-pertimbangan-putusan-sela-gazalba-kacaukan-peradilan,"
Selasa, 25 Jun 2024 08:52 WIB "
Menyambut Pemerintahan Baru Tanpa Orang-Orang Toxic,https://news.detik.com/kolom/d-7341150/menyambut-pemerintahan-baru-tanpa-orang-orang-toxic,"
Rabu, 15 Mei  2024 13:42 WIB "
Permintaan Maaf Ketua KPK Nawawi Jika Internal Bikin Kegaduhan,https://news.detik.com/berita/d-7340483/permintaan-maaf-ketua-kpk-nawawi-jika-internal-bikin-kegaduhan,"
Rabu, 15 Mei  2024 07:30 WIB "
"MAKI soal Pansel Capim KPK: Harus Berkapasitas, Jangan Ada Titip-titipan",https://news.detik.com/berita/d-7332051/maki-soal-pansel-capim-kpk-harus-berkapasitas-jangan-ada-titip-titipan,"
Kamis, 09 Mei  2024 09:00 WIB "
Jokowi Godok 9 Nama Calon Anggota Pansel Capim KPK,https://news.detik.com/berita/d-7332006/jokowi-godok-9-nama-calon-anggota-pansel-capim-kpk,"
Kamis, 09 Mei  2024 08:33 WIB "
Menanti Sosok Pansel Capim KPK Pilihan Jokowi,https://news.detik.com/berita/d-7331939/menanti-sosok-pansel-capim-kpk-pilihan-jokowi,"
Kamis, 09 Mei  2024 06:34 WIB "
Koalisi Masyarakat Sipil Minta Jokowi Lihat Rekam Jejak Pansel Capim KPK,https://news.detik.com/berita/d-7331195/koalisi-masyarakat-sipil-minta-jokowi-lihat-rekam-jejak-pansel-capim-kpk,"
Rabu, 08 Mei  2024 16:39 WIB "
Istana: Pembentukan Pansel Capim KPK Diumumkan Bulan Ini,https://news.detik.com/berita/d-7330414/istana-pembentukan-pansel-capim-kpk-diumumkan-bulan-ini,"
Rabu, 08 Mei  2024 11:11 WIB "
"Jabatan Pimpinan dan Dewas KPK Habis Tahun Ini, Kapan Pansel Dibentuk?",https://news.detik.com/berita/d-7327697/jabatan-pimpinan-dan-dewas-kpk-habis-tahun-ini-kapan-pansel-dibentuk,"
Senin, 06 Mei  2024 17:54 WIB "
NasDem Siapkan Ide Besar untuk Modal Pemerintahan Prabowo-Gibran,https://news.detik.com/pemilu/d-7313804/nasdem-siapkan-ide-besar-untuk-modal-pemerintahan-prabowo-gibran,"
Sabtu, 27 Apr 2024 18:30 WIB "
Pukat UGM: Nurul Ghufron Lebih Banyak Berpolemik daripada Berantas Korupsi,https://news.detik.com/berita/d-7311277/pukat-ugm-nurul-ghufron-lebih-banyak-berpolemik-daripada-berantas-korupsi,"
Jumat, 26 Apr 2024 08:13 WIB "
"Konflik Pimpinan KPK dan Dewas, MAKI Sarankan Nawawi Lakukan Koordinasi",https://news.detik.com/berita/d-7311207/konflik-pimpinan-kpk-dan-dewas-maki-sarankan-nawawi-lakukan-koordinasi,"
Jumat, 26 Apr 2024 06:15 WIB "
Wakil Ketua KPK Ghufron Tepis Isu Titip Mutasi Anak Teman di Kementan,https://news.detik.com/berita/d-7310045/wakil-ketua-kpk-ghufron-tepis-isu-titip-mutasi-anak-teman-di-kementan,"
Kamis, 25 Apr 2024 13:57 WIB "
Urutan Konflik Pimpinan KPK dan Dewas: Nurul Ghufron Vs Albertina Ho,https://news.detik.com/berita/d-7309870/urutan-konflik-pimpinan-kpk-dan-dewas-nurul-ghufron-vs-albertina-ho,"
Kamis, 25 Apr 2024 12:47 WIB "
Dewas KPK Gelar Sidang Etik Kasus Penyalahgunaan Ghufron di Kementan 2 Mei,https://news.detik.com/berita/d-7308940/dewas-kpk-gelar-sidang-etik-kasus-penyalahgunaan-ghufron-di-kementan-2-mei,"
Rabu, 24 Apr 2024 18:24 WIB "
'Korupsi Sistemik' Disorot Usai Firli hingga Karutan KPK Terjerat Kasus,https://news.detik.com/berita/d-7247017/korupsi-sistemik-disorot-usai-firli-hingga-karutan-kpk-terjerat-kasus,"
Senin, 18 Mar 2024 06:39 WIB "
Dewas KPK Periksa Alex-Ghufron soal Dugaan Pakai Pengaruh di Kasus Kementan,https://news.detik.com/berita/d-7218728/dewas-kpk-periksa-alex-ghufron-soal-dugaan-pakai-pengaruh-di-kasus-kementan,"
Kamis, 29 Feb 2024 18:14 WIB "
"Bolak-balik Berkas Perkara Firli, Kapan Diadili?",https://news.detik.com/berita/d-7179300/bolak-balik-berkas-perkara-firli-kapan-diadili,"
Selasa, 06 Feb 2024 06:32 WIB "
ICW Beberkan Analisis Penyebab Indeks Korupsi RI Stagnan,https://news.detik.com/berita/d-7169038/icw-beberkan-analisis-penyebab-indeks-korupsi-ri-stagnan,"
Rabu, 31 Jan 2024 06:52 WIB "
Nama Pengganti Firli di KPK Masih Proses Konfirmasi Jokowi,https://news.detik.com/berita/d-7155291/nama-pengganti-firli-di-kpk-masih-proses-konfirmasi-jokowi,"
Senin, 22 Jan 2024 20:33 WIB "
"Jokowi Belum Ajukan Nama Pengganti Firli ke DPR, Istana: Proses Konfirmasi",https://news.detik.com/berita/d-7154519/jokowi-belum-ajukan-nama-pengganti-firli-ke-dpr-istana-proses-konfirmasi,"
Senin, 22 Jan 2024 15:06 WIB "
KPK Serahkan Pengganti Firli ke Jokowi dan DPR,https://news.detik.com/berita/d-7145185/kpk-serahkan-pengganti-firli-ke-jokowi-dan-dpr,"
Selasa, 16 Jan 2024 21:22 WIB "
"KPK Pamer Kembalikan Rp 525 M ke Negara Sepanjang 2023, Gelar 8 Kali OTT",https://news.detik.com/berita/d-7144782/kpk-pamer-kembalikan-rp-525-m-ke-negara-sepanjang-2023-gelar-8-kali-ott,"
Selasa, 16 Jan 2024 17:34 WIB "
Anggota Komisi III DPR Perkuat Usul Pengganti Firli Ditentukan Lewat Pansel,https://news.detik.com/berita/d-7143671/anggota-komisi-iii-dpr-perkuat-usul-pengganti-firli-ditentukan-lewat-pansel,"
Selasa, 16 Jan 2024 09:20 WIB "
"Dewas Bantah Lamban Tangani Etik di KPK, Bandingkan Kasus Firli di Polda",https://news.detik.com/berita/d-7143270/dewas-bantah-lamban-tangani-etik-di-kpk-bandingkan-kasus-firli-di-polda,"
Senin, 15 Jan 2024 20:39 WIB "
Dewas Ingatkan soal Etik: Pimpinan KPK Harus Tingkatkan Integritasnya,https://news.detik.com/berita/d-7142974/dewas-ingatkan-soal-etik-pimpinan-kpk-harus-tingkatkan-integritasnya,"
Senin, 15 Jan 2024 17:55 WIB "
"Dewas KPK Terima 67 Aduan Dugaan Pelanggaran Etik di 2023, Tiga Disidangkan",https://news.detik.com/berita/d-7142586/dewas-kpk-terima-67-aduan-dugaan-pelanggaran-etik-di-2023-tiga-disidangkan,"
Senin, 15 Jan 2024 15:21 WIB "
ICW Usul Jokowi Hanya Kirim Nama Calon Tunggal Pengganti Firli ke DPR,https://news.detik.com/berita/d-7141758/icw-usul-jokowi-hanya-kirim-nama-calon-tunggal-pengganti-firli-ke-dpr,"
Senin, 15 Jan 2024 09:35 WIB "
2 Pimpinan KPK Buka Suara Usai Diadukan Pakai Pengaruh di Kementan,https://news.detik.com/berita/d-7139137/2-pimpinan-kpk-buka-suara-usai-diadukan-pakai-pengaruh-di-kementan,"
Sabtu, 13 Jan 2024 06:32 WIB "
Alex Marwata Bantah Pakai Pengaruh Terkait Kasus Kementan: Laporan Tak Jelas,https://news.detik.com/berita/d-7137764/alex-marwata-bantah-pakai-pengaruh-terkait-kasus-kementan-laporan-tak-jelas,"
Jumat, 12 Jan 2024 12:58 WIB "
Kata Ghufron Usai Diadukan ke Dewas soal Dugaan Pakai Pengaruh di Kementan,https://news.detik.com/berita/d-7137369/kata-ghufron-usai-diadukan-ke-dewas-soal-dugaan-pakai-pengaruh-di-kementan,"
Jumat, 12 Jan 2024 08:36 WIB "
Pimpinan KPK yang Dilaporkan ke Dewas: Alexander Marwata dan Nurul Ghufron,https://news.detik.com/berita/d-7136668/pimpinan-kpk-yang-dilaporkan-ke-dewas-alexander-marwata-dan-nurul-ghufron,"
Kamis, 11 Jan 2024 17:39 WIB "
Mencegah Kematian KPK,https://news.detik.com/kolom/d-7113002/mencegah-kematian-kpk,"
Jumat, 29 Des 2023 14:30 WIB "
Eks Penyidik KPK: Pemberhentian Firli Angin Segar Pemberantasan Korupsi,https://news.detik.com/berita/d-7114349/eks-penyidik-kpk-pemberhentian-firli-angin-segar-pemberantasan-korupsi,"
Jumat, 29 Des 2023 11:50 WIB "
Polisi Telusuri Dugaan Pencucian Uang Firli Bahuri!,https://news.detik.com/berita/d-7113198/polisi-telusuri-dugaan-pencucian-uang-firli-bahuri,"
Kamis, 28 Des 2023 17:20 WIB "
Kasus Menonjol Dibongkar Polda Metro di 2023: Mario Dandy hingga Film Porno,https://news.detik.com/berita/d-7113081/kasus-menonjol-dibongkar-polda-metro-di-2023-mario-dandy-hingga-film-porno,"
Kamis, 28 Des 2023 16:35 WIB "
Dewas KPK Kirim Petikan Putusan Sanksi Etik Firli Bahuri ke Jokowi,https://news.detik.com/berita/d-7111438/dewas-kpk-kirim-petikan-putusan-sanksi-etik-firli-bahuri-ke-jokowi,"
Rabu, 27 Des 2023 17:54 WIB "
Daftar Pelanggaran Firli Bahuri Berujung Sanksi Etik Berat dari Dewas KPK,https://news.detik.com/berita/d-7110791/daftar-pelanggaran-firli-bahuri-berujung-sanksi-etik-berat-dari-dewas-kpk,"
Rabu, 27 Des 2023 13:36 WIB "
MAKI Minta Dewas KPK Jatuhkan Sanksi Berat ke Firli Bahuri,https://news.detik.com/berita/d-7110217/maki-minta-dewas-kpk-jatuhkan-sanksi-berat-ke-firli-bahuri,"
Rabu, 27 Des 2023 08:43 WIB "
ICW ke Dewas KPK: Sanksi Berat Bagi Firli Bahuri Harga Mati!,https://news.detik.com/berita/d-7110198/icw-ke-dewas-kpk-sanksi-berat-bagi-firli-bahuri-harga-mati,"
Rabu, 27 Des 2023 08:14 WIB "
Putusan Etik Firli Bahuri Akan Diumumkan Dewas KPK Hari Ini!,https://news.detik.com/berita/d-7110164/putusan-etik-firli-bahuri-akan-diumumkan-dewas-kpk-hari-ini,"
Rabu, 27 Des 2023 07:12 WIB "
"ICW Desak Jokowi Tunda Teken Keppres Pengunduran Diri Firli, Ini Alasannya",https://news.detik.com/berita/d-7103469/icw-desak-jokowi-tunda-teken-keppres-pengunduran-diri-firli-ini-alasannya,"
Jumat, 22 Des 2023 14:24 WIB "
ICW Minta Pengesahan Pengunduran Diri Firli Ditunda Hingga Proses Etik Beres,https://news.detik.com/berita/d-7102730/icw-minta-pengesahan-pengunduran-diri-firli-ditunda-hingga-proses-etik-beres,"
Jumat, 22 Des 2023 06:15 WIB "
Alex Marwata Sebut Keppres Perpanjangan Jabatan Pimpinan KPK Sudah Terbit,https://news.detik.com/berita/d-7099834/alex-marwata-sebut-keppres-perpanjangan-jabatan-pimpinan-kpk-sudah-terbit,"
Rabu, 20 Des 2023 15:26 WIB "
Hakim Nyatakan Dokumen KPK Dibawa Firli Tak Nyambung dengan Praperadilan,https://news.detik.com/berita/d-7098258/hakim-nyatakan-dokumen-kpk-dibawa-firli-tak-nyambung-dengan-praperadilan,"
Selasa, 19 Des 2023 17:14 WIB "
Pertimbangan Hakim Tolak Gugatan Praperadilan Firli: Permohonan Tidak Jelas,https://news.detik.com/berita/d-7098197/pertimbangan-hakim-tolak-gugatan-praperadilan-firli-permohonan-tidak-jelas,"
Selasa, 19 Des 2023 16:52 WIB "
Sidang Putusan Praperadilan Firli Vs Kapolda Metro Digelar Besok,https://news.detik.com/berita/d-7095937/sidang-putusan-praperadilan-firli-vs-kapolda-metro-digelar-besok,"
Senin, 18 Des 2023 14:02 WIB "
"Bacakan Replik, Kuasa Hukum Sebut Penetapan Tersangka Firli Tidak Sah",https://news.detik.com/berita/d-7086665/bacakan-replik-kuasa-hukum-sebut-penetapan-tersangka-firli-tidak-sah,"
Rabu, 13 Des 2023 01:46 WIB "
Hari Ini Firli Perdana Diperiksa sebagai Tersangka hingga Siaga Banjir Jakarta,https://news.detik.com/berita/d-7065654/hari-ini-firli-perdana-diperiksa-sebagai-tersangka-hingga-siaga-banjir-jakarta,"
Jumat, 01 Des 2023 07:44 WIB "
Peluru Hampa Firli Bahuri,https://news.detik.com/x/detail/investigasi/20231129/Peluru-Hampa-Firli-Bahuri/,"
Rabu, 29 Nov 2023 17:28 WIB "
Menelisik Pemberhentian Sementara Firli Bahuri,https://news.detik.com/kolom/d-7060837/menelisik-pemberhentian-sementara-firli-bahuri,"
Rabu, 29 Nov 2023 11:15 WIB "
Sahroni soal Praperadilan Firli: Penetapan Tersangka Clear,https://news.detik.com/berita/d-7062068/sahroni-soal-praperadilan-firli-penetapan-tersangka-clear,"
Rabu, 29 Nov 2023 09:31 WIB "
Tak Ada Bantuan Hukum dari KPK untuk Firli Bahuri,https://news.detik.com/berita/d-7061904/tak-ada-bantuan-hukum-dari-kpk-untuk-firli-bahuri,"
Rabu, 29 Nov 2023 07:25 WIB "
Catur Politik di Tengah Tekanan Global,https://news.detik.com/kolom/d-7060621/catur-politik-di-tengah-tekanan-global,"
Selasa, 28 Nov 2023 13:40 WIB "
"Nawawi Pomolango Resmi Gantikan Firli, MAKI Harap KPK Reborn",https://news.detik.com/berita/d-7058599/nawawi-pomolango-resmi-gantikan-firli-maki-harap-kpk-reborn,"
Senin, 27 Nov 2023 13:17 WIB "
Dewas KPK Tiba di Istana Jelang Pelantikan Nawawi Jadi Ketua KPK,https://news.detik.com/berita/d-7058167/dewas-kpk-tiba-di-istana-jelang-pelantikan-nawawi-jadi-ketua-kpk,"
Senin, 27 Nov 2023 10:13 WIB "
Sambutan Internal KPK untuk Nawawi yang Gantikan Firli Bahuri,https://news.detik.com/berita/d-7058026/sambutan-internal-kpk-untuk-nawawi-yang-gantikan-firli-bahuri,"
Senin, 27 Nov 2023 08:01 WIB "
"Usai Ucap Sumpah, Nawawi Akan Rapat Bersama 3 Pimpinan Bahas Situasi KPK",https://news.detik.com/berita/d-7058025/usai-ucap-sumpah-nawawi-akan-rapat-bersama-3-pimpinan-bahas-situasi-kpk,"
Senin, 27 Nov 2023 08:00 WIB "
Nawawi Pomolango Ucapkan Sumpah Ketua KPK di Hadapan Jokowi Hari Ini,https://news.detik.com/berita/d-7057960/nawawi-pomolango-ucapkan-sumpah-ketua-kpk-di-hadapan-jokowi-hari-ini,"
Senin, 27 Nov 2023 06:16 WIB "
"Nurul Ghufron Dukung Nawawi Jadi Ketua KPK: Paling Senior, Tak Ada Resistensi",https://news.detik.com/berita/d-7057131/nurul-ghufron-dukung-nawawi-jadi-ketua-kpk-paling-senior-tak-ada-resistensi,"
Minggu, 26 Nov 2023 12:46 WIB "
KPK Sudah Terima Keppres Pemberhentian Sementara Firli Bahuri,https://news.detik.com/berita/d-7056900/kpk-sudah-terima-keppres-pemberhentian-sementara-firli-bahuri,"
Minggu, 26 Nov 2023 09:27 WIB "
Harapan Jokowi untuk KPK Usai Tunjuk Nawawi Pomolango Gantikan Firli,https://news.detik.com/berita/d-7056860/harapan-jokowi-untuk-kpk-usai-tunjuk-nawawi-pomolango-gantikan-firli,"
Minggu, 26 Nov 2023 09:04 WIB "
Sikap Berbeda 2 Pimpinan KPK soal Firli: Tak Malu dan Minta Maaf,https://news.detik.com/berita/d-7055447/sikap-berbeda-2-pimpinan-kpk-soal-firli-tak-malu-dan-minta-maaf,"
Sabtu, 25 Nov 2023 06:35 WIB "
"Fakta-fakta OTT KPK di Kaltim Sejauh Ini, 11 Orang Diamankan",https://news.detik.com/berita/d-7053921/fakta-fakta-ott-kpk-di-kaltim-sejauh-ini-11-orang-diamankan,"
Jumat, 24 Nov 2023 10:40 WIB "
Ghufron Klaim OTT di Kaltim Bukti KPK Tak Terganggu Usai Firli Tersangka,https://news.detik.com/berita/d-7053683/ghufron-klaim-ott-di-kaltim-bukti-kpk-tak-terganggu-usai-firli-tersangka,"
Jumat, 24 Nov 2023 07:55 WIB "
11 Orang Diamankan Terkait OTT KPK di Kaltim,https://news.detik.com/berita/d-7053639/11-orang-diamankan-terkait-ott-kpk-di-kaltim,"
Jumat, 24 Nov 2023 07:16 WIB "
Abraham Samad soal Firli Tersangka: Sekarang Bukan Cicak Vs Buaya,https://news.detik.com/berita/d-7053142/abraham-samad-soal-firli-tersangka-sekarang-bukan-cicak-vs-buaya,"
Kamis, 23 Nov 2023 18:47 WIB "
Fakta Baru di Balik Rumah Rehat Firli Bahuri di Kertanegara,https://news.detik.com/berita/d-7012890/fakta-baru-di-balik-rumah-rehat-firli-bahuri-di-kertanegara,"
Rabu, 01 Nov 2023 08:03 WIB "
Perludem Usul Menteri Ikut Kontestasi Pemilu 2024 Mundur dari Jabatan,https://news.detik.com/pemilu/d-7009408/perludem-usul-menteri-ikut-kontestasi-pemilu-2024-mundur-dari-jabatan,"
Senin, 30 Okt 2023 12:36 WIB "
Muhadjir Yakin Menteri Nyaleg-Nyapres Bisa Bagi Waktu dan Pisahkan Peran,https://news.detik.com/pemilu/d-7009224/muhadjir-yakin-menteri-nyaleg-nyapres-bisa-bagi-waktu-dan-pisahkan-peran,"
Senin, 30 Okt 2023 11:21 WIB "
"3 Pejabat Dilantik Jokowi Hari Ini: Mentan, KSAD, Dubes RI untuk Argentina",https://news.detik.com/berita/d-7000355/3-pejabat-dilantik-jokowi-hari-ini-mentan-ksad-dubes-ri-untuk-argentina,"
Rabu, 25 Okt 2023 07:33 WIB "
Sinyal Kuat AHY Bakal Duduki Kursi Mentan,https://news.detik.com/pemilu/d-6999962/sinyal-kuat-ahy-bakal-duduki-kursi-mentan,"
Selasa, 24 Okt 2023 19:18 WIB "
NasDem Tetap Dukung Pemerintahan Jokowi Sekalipun Tak Ada Kadernya di Kabinet,https://news.detik.com/pemilu/d-6982622/nasdem-tetap-dukung-pemerintahan-jokowi-sekalipun-tak-ada-kadernya-di-kabinet,"
Sabtu, 14 Okt 2023 19:22 WIB "
KPK Tahan Sekjen Kementerian Pertanian!,https://news.detik.com/berita/d-6977425/kpk-tahan-sekjen-kementerian-pertanian,"
Rabu, 11 Okt 2023 19:32 WIB "
"Usai 11 Jam Diperiksa KPK, Sekjen Kementan Ngaku Dicecar 17 Pertanyaan",https://news.detik.com/berita/d-6975608/usai-11-jam-diperiksa-kpk-sekjen-kementan-ngaku-dicecar-17-pertanyaan,"
Selasa, 10 Okt 2023 20:59 WIB "
KPK Panggil Dokter Spesialis Penyakit Dalam di Kasus Korupsi Kementan,https://news.detik.com/berita/d-6974483/kpk-panggil-dokter-spesialis-penyakit-dalam-di-kasus-korupsi-kementan,"
Selasa, 10 Okt 2023 12:19 WIB "
KPK Periksa Sekjen Kementan Kasdi Subagyono,https://news.detik.com/berita/d-6974171/kpk-periksa-sekjen-kementan-kasdi-subagyono,"
Selasa, 10 Okt 2023 10:01 WIB "
Respons Direktur Kementan soal Minta Perlindungan LPSK Terkait Diduga Diperas,https://news.detik.com/berita/d-6973594/respons-direktur-kementan-soal-minta-perlindungan-lpsk-terkait-diduga-diperas,"
Senin, 09 Okt 2023 18:58 WIB "
KPK Panggil Direktur Alat dan Mesin Pertanian Terkait Kasus Korupsi Kementan,https://news.detik.com/berita/d-6972293/kpk-panggil-direktur-alat-dan-mesin-pertanian-terkait-kasus-korupsi-kementan,"
Senin, 09 Okt 2023 10:42 WIB "
Puan soal Demokrat: Apakah Reshuffle Jelang Pemilu Ya Tanya Pak Jokowi,https://news.detik.com/pemilu/d-6966858/puan-soal-demokrat-apakah-reshuffle-jelang-pemilu-ya-tanya-pak-jokowi,"
Kamis, 05 Okt 2023 16:13 WIB "
Jejak Upeti di Rumah Mentan Syahrul,https://news.detik.com/x/detail/spotlight/20231005/Jejak-Upeti-di-Rumah-Mentan-Syahrul-/,"
Kamis, 05 Okt 2023 14:46 WIB "
KPK Sita Mobil Audi A6 dari Rumah Pribadi Mentan Syahrul Yasin Limpo,https://news.detik.com/berita/d-6966477/kpk-sita-mobil-audi-a6-dari-rumah-pribadi-mentan-syahrul-yasin-limpo,"
Kamis, 05 Okt 2023 13:52 WIB "
"4 Petinggi NasDem Berkumpul di Kantor DPP Malam Ini, Bahas Kasus Mentan",https://news.detik.com/berita/d-6965555/4-petinggi-nasdem-berkumpul-di-kantor-dpp-malam-ini-bahas-kasus-mentan,"
Rabu, 04 Okt 2023 21:54 WIB "
"Febri Diansyah dan Rasamala Merapat ke NasDem Tower, Urusan Mentan?",https://news.detik.com/berita/d-6965554/febri-diansyah-dan-rasamala-merapat-ke-nasdem-tower-urusan-mentan,"
Rabu, 04 Okt 2023 21:52 WIB "
KPK Sita Catatan Penting Saat Geledah Rumah Staf Mentan,https://news.detik.com/berita/d-6965009/kpk-sita-catatan-penting-saat-geledah-rumah-staf-mentan,"
Rabu, 04 Okt 2023 17:02 WIB "
Bantahan Febri Diansyah Buntut Isu Skenario Rusak Bukti Kasus Kementan,https://news.detik.com/berita/d-6963860/bantahan-febri-diansyah-buntut-isu-skenario-rusak-bukti-kasus-kementan,"
Rabu, 04 Okt 2023 08:03 WIB "
Temuan 12 Senpi di Rumah Mentan Kini Diusut Bareskrim Polri,https://news.detik.com/berita/d-6963633/temuan-12-senpi-di-rumah-mentan-kini-diusut-bareskrim-polri,"
Selasa, 03 Okt 2023 22:04 WIB "
"Wamentan: Kita Cari Keberadaan Pak Menteri, Sampai Detik Ini Belum Ada Kabar",https://news.detik.com/berita/d-6962944/wamentan-kita-cari-keberadaan-pak-menteri-sampai-detik-ini-belum-ada-kabar,"
Selasa, 03 Okt 2023 15:54 WIB "
KPK Cecar Febri Diansyah soal Dokumen di Rumah Tersangka Kasus Kementan,https://news.detik.com/berita/d-6962915/kpk-cecar-febri-diansyah-soal-dokumen-di-rumah-tersangka-kasus-kementan,"
Selasa, 03 Okt 2023 15:42 WIB "
"3 Perkara Diusut KPK di Kementan: Gratifikasi, Pencucian Uang dan Pemerasan",https://news.detik.com/berita/d-6962382/3-perkara-diusut-kpk-di-kementan-gratifikasi-pencucian-uang-dan-pemerasan,"
Selasa, 03 Okt 2023 12:14 WIB "
Narasi Eks Jubir KPK Bantu Kementan Berujung Dipanggil KPK Jadi Saksi,https://news.detik.com/berita/d-6961951/narasi-eks-jubir-kpk-bantu-kementan-berujung-dipanggil-kpk-jadi-saksi,"
Selasa, 03 Okt 2023 08:04 WIB "
Eks Jubir KPK Febri Diansyah Ungkap Alasan Jadi Pengacara Mentan,https://news.detik.com/berita/d-6961791/eks-jubir-kpk-febri-diansyah-ungkap-alasan-jadi-pengacara-mentan,"
Senin, 02 Okt 2023 22:51 WIB "
"KPK Ungkap Upaya Pemusnahan Bukti Kasus Kementan: Disobek, Dihancurkan",https://news.detik.com/berita/d-6961605/kpk-ungkap-upaya-pemusnahan-bukti-kasus-kementan-disobek-dihancurkan,"
Senin, 02 Okt 2023 20:07 WIB "
KPK Ungkap Ada Dugaan Gratifikasi dan TPPU di Kasus Korupsi Kementan,https://news.detik.com/berita/d-6961539/kpk-ungkap-ada-dugaan-gratifikasi-dan-tppu-di-kasus-korupsi-kementan,"
Senin, 02 Okt 2023 19:38 WIB "
Febri Diansyah Diperiksa soal Bukti Kasus Kementan Dilenyapkan? Ini Kata KPK,https://news.detik.com/berita/d-6961380/febri-diansyah-diperiksa-soal-bukti-kasus-kementan-dilenyapkan-ini-kata-kpk,"
Senin, 02 Okt 2023 18:26 WIB "
Febri Diansyah Jelaskan Rekomendasi yang Diberikan Saat Jadi Pengacara Mentan,https://news.detik.com/berita/d-6961148/febri-diansyah-jelaskan-rekomendasi-yang-diberikan-saat-jadi-pengacara-mentan,"
Senin, 02 Okt 2023 16:27 WIB "
"Eks Jubir KPK Jadi Pengacara Mentan, Dulu Komitmen Tak Urus Kasus Korupsi",https://news.detik.com/berita/d-6961048/eks-jubir-kpk-jadi-pengacara-mentan-dulu-komitmen-tak-urus-kasus-korupsi,"
Senin, 02 Okt 2023 15:49 WIB "
Febri Diansyah Bantah Isu Terkait dengan Pemusnahan Bukti Kasus Kementan,https://news.detik.com/berita/d-6960993/febri-diansyah-bantah-isu-terkait-dengan-pemusnahan-bukti-kasus-kementan,"
Senin, 02 Okt 2023 15:22 WIB "
Febri Diansyah Mengaku Jadi Pengacara Mentan Saat Kasus Masih Diselidiki KPK,https://news.detik.com/berita/d-6960973/febri-diansyah-mengaku-jadi-pengacara-mentan-saat-kasus-masih-diselidiki-kpk,"
Senin, 02 Okt 2023 15:14 WIB "
"Febri Diansyah, Rasamala dan Donal Fariz Dipanggil KPK terkait Kasus Kementan!",https://news.detik.com/berita/d-6960138/febri-diansyah-rasamala-dan-donal-fariz-dipanggil-kpk-terkait-kasus-kementan,"
Senin, 02 Okt 2023 08:50 WIB "
Mahfud Ancang-ancang Turun Tangan Bila KPK Sulit Usut Kasus Kementan,https://news.detik.com/berita/d-6960049/mahfud-ancang-ancang-turun-tangan-bila-kpk-sulit-usut-kasus-kementan,"
Senin, 02 Okt 2023 07:02 WIB "
Serba-serbi Kasus Korupsi di Kementan Diusut KPK,https://news.detik.com/berita/d-6959895/serba-serbi-kasus-korupsi-di-kementan-diusut-kpk,"
Minggu, 01 Okt 2023 22:21 WIB "
Cak Imin Nilai Tak Ada Unsur Politis di Kasus Dugaan Korupsi Mentan,https://news.detik.com/berita/d-6958937/cak-imin-nilai-tak-ada-unsur-politis-di-kasus-dugaan-korupsi-mentan,"
Minggu, 01 Okt 2023 10:15 WIB "
"Mahfud Md soal Kasus Korupsi di Kementan: Kalau Kesulitan, Saya Turun Tangan",https://news.detik.com/berita/d-6958909/mahfud-md-soal-kasus-korupsi-di-kementan-kalau-kesulitan-saya-turun-tangan,"
Minggu, 01 Okt 2023 09:51 WIB "
Teka-teki Siapa Coba Musnahkan Bukti Saat KPK Geledah Kementan,https://news.detik.com/berita/d-6958794/teka-teki-siapa-coba-musnahkan-bukti-saat-kpk-geledah-kementan,"
Minggu, 01 Okt 2023 07:01 WIB "
Ada Dokumen di Kementan yang Sempat Dimusnahkan Pakai Penghancur Kertas,https://news.detik.com/berita/d-6958230/ada-dokumen-di-kementan-yang-sempat-dimusnahkan-pakai-penghancur-kertas,"
Sabtu, 30 Sep 2023 17:09 WIB "
Peringatan Keras KPK ke Pihak yang Rintangi Penggeledahan Kementan,https://news.detik.com/berita/d-6957995/peringatan-keras-kpk-ke-pihak-yang-rintangi-penggeledahan-kementan,"
Sabtu, 30 Sep 2023 14:43 WIB "
KPK: Ada Pihak Coba Musnahkan Bukti Aliran Uang Saat Kementan Digeledah,https://news.detik.com/berita/d-6957961/kpk-ada-pihak-coba-musnahkan-bukti-aliran-uang-saat-kementan-digeledah,"
Sabtu, 30 Sep 2023 14:15 WIB "
"Rumah Dinas-Ruang Kerja Digeledah KPK, Kapan Mentan Diperiksa Lagi?",https://news.detik.com/berita/d-6957840/rumah-dinas-ruang-kerja-digeledah-kpk-kapan-mentan-diperiksa-lagi,"
Sabtu, 30 Sep 2023 12:32 WIB "
"KPK Geledah Ruang Kerja Mentan-Sekjen Kementan, Ini Bukti yang Didapat",https://news.detik.com/berita/d-6957759/kpk-geledah-ruang-kerja-mentan-sekjen-kementan-ini-bukti-yang-didapat,"
Sabtu, 30 Sep 2023 11:22 WIB "
5 Hal soal Kasus Korupsi Kementan Bikin Rumah Dinas Mentan Digeledah,https://news.detik.com/berita/d-6957691/5-hal-soal-kasus-korupsi-kementan-bikin-rumah-dinas-mentan-digeledah,"
Sabtu, 30 Sep 2023 10:18 WIB "
PDIP Respons Mentan Dikabarkan Jadi Tersangka KPK: Ada Karmaphala Politik,https://news.detik.com/berita/d-6957349/pdip-respons-mentan-dikabarkan-jadi-tersangka-kpk-ada-karmaphala-politik,"
Jumat, 29 Sep 2023 21:57 WIB "
"Mentan Dikabarkan Jadi Tersangka, NasDem Tunggu Info Resmi KPK",https://news.detik.com/berita/d-6956561/mentan-dikabarkan-jadi-tersangka-nasdem-tunggu-info-resmi-kpk,"
Jumat, 29 Sep 2023 16:07 WIB "
KPK Tegaskan Pengusutan Korupsi di Kementan Tak Terkait Proses Politik,https://news.detik.com/berita/d-6956543/kpk-tegaskan-pengusutan-korupsi-di-kementan-tak-terkait-proses-politik,"
Jumat, 29 Sep 2023 16:02 WIB "
Kondisi di Kementan Saat KPK Geledah Ruang Mentan dan Sekjen,https://news.detik.com/berita/d-6956537/kondisi-di-kementan-saat-kpk-geledah-ruang-mentan-dan-sekjen,"
Jumat, 29 Sep 2023 16:00 WIB "
KPK Ungkap Kasus Korupsi di Kementan Terkait Pemerasan,https://news.detik.com/berita/d-6956493/kpk-ungkap-kasus-korupsi-di-kementan-terkait-pemerasan,"
Jumat, 29 Sep 2023 15:42 WIB "
Ruangan di Kantor Kementan yang Digeledah KPK: Ruang Mentan dan Sekjen,https://news.detik.com/berita/d-6956321/ruangan-di-kantor-kementan-yang-digeledah-kpk-ruang-mentan-dan-sekjen,"
Jumat, 29 Sep 2023 14:41 WIB "
"KPK: Kasus Korupsi di Kementan Naik Penyidikan, Sudah Ada Tersangka",https://news.detik.com/berita/d-6956288/kpk-kasus-korupsi-di-kementan-naik-penyidikan-sudah-ada-tersangka,"
Jumat, 29 Sep 2023 14:27 WIB "
KPK Temukan Uang Puluhan Miliar Usai 20 Jam Geledah Rumah Dinas Mentan,https://news.detik.com/berita/d-6956271/kpk-temukan-uang-puluhan-miliar-usai-20-jam-geledah-rumah-dinas-mentan,"
Jumat, 29 Sep 2023 14:19 WIB "
Rumah Mentan Digeledah KPK hingga Putri Ariani Peringkat 4 AGT 2023,https://news.detik.com/berita/d-6955459/rumah-mentan-digeledah-kpk-hingga-putri-ariani-peringkat-4-agt-2023,"
Jumat, 29 Sep 2023 07:58 WIB "
Tim BAJA AMIN Ogah Komentari Polemik Food Estate yang Diungkit PDIP,https://news.detik.com/pemilu/d-6945060/tim-baja-amin-ogah-komentari-polemik-food-estate-yang-diungkit-pdip,"
Jumat, 22 Sep 2023 13:40 WIB "
Relawan Prabowo 08 Klarifikasi ke Wamentan soal Isu Liar Ditampar Prabowo,https://news.detik.com/pemilu/d-6943462/relawan-prabowo-08-klarifikasi-ke-wamentan-soal-isu-liar-ditampar-prabowo,"
Kamis, 21 Sep 2023 16:33 WIB "
Djarot PDIP Bela Hasto soal 'Tak Ada Asap Tanpa Api': Watak Susah Diubah,https://news.detik.com/pemilu/d-6943048/djarot-pdip-bela-hasto-soal-tak-ada-asap-tanpa-api-watak-susah-diubah,"
Kamis, 21 Sep 2023 14:10 WIB "
Relawan Prabowo Harap Rudi S Kamri Minta Maaf Buntut Isu Tampar Wamentan,https://news.detik.com/berita/d-6941590/relawan-prabowo-harap-rudi-s-kamri-minta-maaf-buntut-isu-tampar-wamentan,"
Rabu, 20 Sep 2023 16:58 WIB "
Partai Garuda: Kelompok Pemfitnah Prabowo Sama dengan Pemfitnah Jokowi Dulu,https://news.detik.com/pemilu/d-6940806/partai-garuda-kelompok-pemfitnah-prabowo-sama-dengan-pemfitnah-jokowi-dulu,"
Rabu, 20 Sep 2023 11:26 WIB "
PDIP soal Isu Prabowo Tampar Wamen di Rapat: Tak Ada Asap Tanpa Api,https://news.detik.com/pemilu/d-6940348/pdip-soal-isu-prabowo-tampar-wamen-di-rapat-tak-ada-asap-tanpa-api,"
Rabu, 20 Sep 2023 00:48 WIB "
Presiden Jokowi: Pak Prabowo Sekarang Sabar Kok,https://news.detik.com/pemilu/d-6938924/presiden-jokowi-pak-prabowo-sekarang-sabar-kok,"
Selasa, 19 Sep 2023 11:55 WIB "
"Hadiri Resepsi Nikahan Anak Hotman Paris, Anies Mangulosi Fritz dan Giovani",https://news.detik.com/berita/d-6934526/hadiri-resepsi-nikahan-anak-hotman-paris-anies-mangulosi-fritz-dan-giovani,"
Sabtu, 16 Sep 2023 14:40 WIB "
"Mau Bikin Dramaga University Town, Rektor IPB Minta Dibangunkan Jalan Tol",https://news.detik.com/berita/d-6932911/mau-bikin-dramaga-university-town-rektor-ipb-minta-dibangunkan-jalan-tol,"
Jumat, 15 Sep 2023 15:17 WIB "
"Rektor IPB ke Jokowi: Pak Presiden, Semoga 2045 Capres-Cawapres Alumni IPB",https://news.detik.com/berita/d-6932496/rektor-ipb-ke-jokowi-pak-presiden-semoga-2045-capres-cawapres-alumni-ipb,"
Jumat, 15 Sep 2023 11:36 WIB "
"Jokowi Bicara Krisis Pangan di IPB, Singgung Pertemuan dengan Putin-Zelensky",https://news.detik.com/berita/d-6932384/jokowi-bicara-krisis-pangan-di-ipb-singgung-pertemuan-dengan-putin-zelensky,"
Jumat, 15 Sep 2023 10:50 WIB "
Jokowi Terima Kunjungan Presiden Korea Selatan di Istana Merdeka,https://news.detik.com/berita/d-6919813/jokowi-terima-kunjungan-presiden-korea-selatan-di-istana-merdeka,"
Jumat, 08 Sep 2023 09:20 WIB "
Sejumlah Menteri Tiba di JCC Jelang Pembukaan KTT ASEAN 2023,https://news.detik.com/berita/d-6913763/sejumlah-menteri-tiba-di-jcc-jelang-pembukaan-ktt-asean-2023,"
Selasa, 05 Sep 2023 09:42 WIB "
"515 Kasus Online Scam, Jokowi Ajak PM Kamboja Perkuat Kerja Sama Hukum",https://news.detik.com/berita/d-6913486/515-kasus-online-scam-jokowi-ajak-pm-kamboja-perkuat-kerja-sama-hukum,"
Senin, 04 Sep 2023 23:27 WIB "
Jokowi Resmikan Revitalisasi Taman Mini Indonesia Indah,https://news.detik.com/berita/d-6908683/jokowi-resmikan-revitalisasi-taman-mini-indonesia-indah,"
Jumat, 01 Sep 2023 21:20 WIB "
"Jokowi Gelar Rakornas Pengendalian Inflasi, Ganjar-Heru Budi Hadir",https://news.detik.com/berita/d-6905695/jokowi-gelar-rakornas-pengendalian-inflasi-ganjar-heru-budi-hadir,"
Kamis, 31 Agu 2023 14:13 WIB "
Jajaran Menteri dan Wamen Kabinet Jokowi Kini Menatap Senayan,https://news.detik.com/pemilu/d-6886849/jajaran-menteri-dan-wamen-kabinet-jokowi-kini-menatap-senayan,"
Senin, 21 Agu 2023 06:37 WIB "
"Menteri Nyaleg Cukup Cuti Tak Perlu Mundur, Ini Aturannya",https://news.detik.com/pemilu/d-6886217/menteri-nyaleg-cukup-cuti-tak-perlu-mundur-ini-aturannya,"
Minggu, 20 Agu 2023 16:08 WIB "
Daftar Menteri dan Wamen Kabinet Jokowi yang Jadi Caleg 2024,https://news.detik.com/pemilu/d-6885827/daftar-menteri-dan-wamen-kabinet-jokowi-yang-jadi-caleg-2024,"
Minggu, 20 Agu 2023 11:26 WIB "
Anies Bicara Janji Pemimpin yang Belum Lunas Usai Melihat Lukisan Ini,https://news.detik.com/pemilu/d-6885497/anies-bicara-janji-pemimpin-yang-belum-lunas-usai-melihat-lukisan-ini,"
Sabtu, 19 Agu 2023 23:21 WIB "
Menteri-menteri Jokowi Pakai Baju Adat di Upacara HUT Ke-78 RI di Istana,https://news.detik.com/berita/d-6881051/menteri-menteri-jokowi-pakai-baju-adat-di-upacara-hut-ke-78-ri-di-istana,"
Kamis, 17 Agu 2023 10:37 WIB "
"Jadi Penghasil Padi Terbanyak, Jatim Raih Penghargaan dari Kementan",https://news.detik.com/berita/d-6878178/jadi-penghasil-padi-terbanyak-jatim-raih-penghargaan-dari-kementan,"
Selasa, 15 Agu 2023 18:22 WIB "
Muhadjir: Warga Papua Tengah Meninggal karena Diare yang Dipicu Kelaparan,https://news.detik.com/berita/d-6867294/muhadjir-warga-papua-tengah-meninggal-karena-diare-yang-dipicu-kelaparan,"
Rabu, 09 Agu 2023 16:22 WIB "
"Buka Istana Berkebaya, Jokowi: Kebaya Lambangkan Karakter Indonesia",https://news.detik.com/berita/d-6861767/buka-istana-berkebaya-jokowi-kebaya-lambangkan-karakter-indonesia,"
Minggu, 06 Agu 2023 17:33 WIB "
"Acara Istana Berkebaya, Lalin di Medan Merdeka Padat",https://news.detik.com/berita/d-6861716/acara-istana-berkebaya-lalin-di-medan-merdeka-padat,"
Minggu, 06 Agu 2023 16:59 WIB "
Jokowi dan Ma'ruf Amin Pakai Baju Adat Betawi di Istana Berkebaya,https://news.detik.com/berita/d-6861679/jokowi-dan-maruf-amin-pakai-baju-adat-betawi-di-istana-berkebaya,"
Minggu, 06 Agu 2023 16:41 WIB "
Prabowo hingga Kaesang Hadiri Acara Istana Berkebaya,https://news.detik.com/berita/d-6861628/prabowo-hingga-kaesang-hadiri-acara-istana-berkebaya,"
Minggu, 06 Agu 2023 16:22 WIB "
Panglima TNI Tegaskan KKB Bukan Hambatan Distribusi Bantuan ke Papua Tengah,https://news.detik.com/berita/d-6858403/panglima-tni-tegaskan-kkb-bukan-hambatan-distribusi-bantuan-ke-papua-tengah,"
Jumat, 04 Agu 2023 11:50 WIB "
Ombudsman RI Ungkap Banyak Terima Laporan Kelangkaan Pupuk Subsidi,https://news.detik.com/berita/d-6856727/ombudsman-ri-ungkap-banyak-terima-laporan-kelangkaan-pupuk-subsidi,"
Kamis, 03 Agu 2023 14:07 WIB "
Tangis Risma Pecah Saat Hendak Ceritakan Kekeringan di Papua Tengah,https://news.detik.com/berita/d-6856722/tangis-risma-pecah-saat-hendak-ceritakan-kekeringan-di-papua-tengah,"
Kamis, 03 Agu 2023 14:06 WIB "
Pilunya Warga Papua Meninggal Disebut Bukan karena Kelaparan,https://news.detik.com/berita/d-6855974/pilunya-warga-papua-meninggal-disebut-bukan-karena-kelaparan,"
Kamis, 03 Agu 2023 05:45 WIB "
"Kemenkes Investigasi Kematian 6 Warga Papua Tengah, Kelaparan atau Diare?",https://news.detik.com/berita/d-6855300/kemenkes-investigasi-kematian-6-warga-papua-tengah-kelaparan-atau-diare,"
Rabu, 02 Agu 2023 17:20 WIB "
Mentan: Warga Meninggal di Papua Tengah Bukan Kelaparan tapi Diare,https://news.detik.com/berita/d-6855026/mentan-warga-meninggal-di-papua-tengah-bukan-kelaparan-tapi-diare,"
Rabu, 02 Agu 2023 15:46 WIB "
"Johan Budi Temui Jokowi di Istana Sore Ini, Ada Apa?",https://news.detik.com/berita/d-6842731/johan-budi-temui-jokowi-di-istana-sore-ini-ada-apa,"
Rabu, 26 Jul 2023 16:00 WIB "
Jurus Tangkal El Nino Bupati Sumenep: Genjot Tanam Pangan-Bantuan Sembako,https://news.detik.com/berita/d-6840073/jurus-tangkal-el-nino-bupati-sumenep-genjot-tanam-pangan-bantuan-sembako,"
Selasa, 25 Jul 2023 10:48 WIB "
Prabowo dan Sandiaga Jadi Menteri Paling Populer Versi Survei Indikator,https://news.detik.com/berita/d-6837410/prabowo-dan-sandiaga-jadi-menteri-paling-populer-versi-survei-indikator,"
Minggu, 23 Jul 2023 18:37 WIB "
"Surya Paloh Bertemu Jokowi Kemarin, Begini Respons 2 Menteri NasDem",https://news.detik.com/pemilu/d-6828738/surya-paloh-bertemu-jokowi-kemarin-begini-respons-2-menteri-nasdem,"
Selasa, 18 Jul 2023 12:02 WIB "
Peluang Reshuffle Masih Terbuka di Tangan Jokowi,https://news.detik.com/berita/d-6828304/peluang-reshuffle-masih-terbuka-di-tangan-jokowi,"
Selasa, 18 Jul 2023 07:33 WIB "
Daftar Menteri dan Wamen Kabinet Jokowi Terkini Usai Reshuffle Juli 2023,https://news.detik.com/berita/d-6826467/daftar-menteri-dan-wamen-kabinet-jokowi-terkini-usai-reshuffle-juli-2023,"
Senin, 17 Jul 2023 09:21 WIB "
Dukungan Jokowi dan Para Menteri untuk Sukseskan Sensus Pertanian 2023,https://news.detik.com/berita/d-6824338/dukungan-jokowi-dan-para-menteri-untuk-sukseskan-sensus-pertanian-2023,"
Sabtu, 15 Jul 2023 14:06 WIB "
"Antisipasi Dampak El Nino, Jokowi Minta Mentan dan Bulog Lakukan Ini",https://news.detik.com/berita/d-6815055/antisipasi-dampak-el-nino-jokowi-minta-mentan-dan-bulog-lakukan-ini,"
Senin, 10 Jul 2023 13:36 WIB "
El Nino dan Kondisi Pangan Negeri,https://news.detik.com/kolom/d-6809198/el-nino-dan-kondisi-pangan-negeri,"
Kamis, 06 Jul 2023 17:30 WIB "
"Jokowi Tinjau Food Estate Keerom Papua, Mentan Syahrul Yasin Mendampingi",https://news.detik.com/berita/d-6809376/jokowi-tinjau-food-estate-keerom-papua-mentan-syahrul-yasin-mendampingi,"
Kamis, 06 Jul 2023 16:53 WIB "
KPK Telah Periksa 49 Pejabat ASN di Kementan Terkait Dugaan Korupsi,https://news.detik.com/berita/d-6806061/kpk-telah-periksa-49-pejabat-asn-di-kementan-terkait-dugaan-korupsi,"
Selasa, 04 Jul 2023 19:14 WIB "
Terungkap! Dugaan Korupsi Diusut KPK di Kementan Terkait Jual-Beli Jabatan,https://news.detik.com/berita/d-6784502/terungkap-dugaan-korupsi-diusut-kpk-di-kementan-terkait-jual-beli-jabatan,"
Rabu, 21 Jun 2023 12:44 WIB "
"Pegawai Diduga Lakukan Pelecehan Verbal ke Wartawan, KPK Minta Maaf",https://news.detik.com/berita/d-6781967/pegawai-diduga-lakukan-pelecehan-verbal-ke-wartawan-kpk-minta-maaf,"
Selasa, 20 Jun 2023 00:30 WIB "
KPK Sebut Ada 3 Kluster di Dugaan Korupsi Kementan,https://news.detik.com/berita/d-6781782/kpk-sebut-ada-3-kluster-di-dugaan-korupsi-kementan,"
Senin, 19 Jun 2023 21:11 WIB "
Janji Mentan Yasin Limpo Usai Diperiksa KPK di Tempat Tak Biasa,https://news.detik.com/berita/d-6781702/janji-mentan-yasin-limpo-usai-diperiksa-kpk-di-tempat-tak-biasa,"
Senin, 19 Jun 2023 20:05 WIB "
KPK Analisis Keterangan Mentan Yasin Limpo Soal Dugaan Korupsi,https://news.detik.com/berita/d-6781455/kpk-analisis-keterangan-mentan-yasin-limpo-soal-dugaan-korupsi,"
Senin, 19 Jun 2023 18:12 WIB "
Mentan Yasin Limpo Usai Diperiksa KPK: Saya Akan Kooperatif,https://news.detik.com/berita/d-6780660/mentan-yasin-limpo-usai-diperiksa-kpk-saya-akan-kooperatif,"
Senin, 19 Jun 2023 13:20 WIB "
KPK Kembali Panggil Mentan Syahrul Yasin Limpo Hari Ini,https://news.detik.com/berita/d-6780029/kpk-kembali-panggil-mentan-syahrul-yasin-limpo-hari-ini,"
Senin, 19 Jun 2023 06:56 WIB "
KPK Harap Mentan Penuhi Panggilan Pekan Depan: Rugi Bila Tak Hadir,https://news.detik.com/berita/d-6777183/kpk-harap-mentan-penuhi-panggilan-pekan-depan-rugi-bila-tak-hadir,"
Jumat, 16 Jun 2023 20:52 WIB "
Mentan Yasin Limpo Urung ke KPK Sebab Tugas Negara di India,https://news.detik.com/berita/d-6777149/mentan-yasin-limpo-urung-ke-kpk-sebab-tugas-negara-di-india,"
Jumat, 16 Jun 2023 20:33 WIB "
NasDem Yakin Mentan Yasin Limpo Bersih dari Korupsi: Reputasinya Baik,https://news.detik.com/berita/d-6777049/nasdem-yakin-mentan-yasin-limpo-bersih-dari-korupsi-reputasinya-baik,"
Jumat, 16 Jun 2023 19:49 WIB "
KPK Panggil Lagi Mentan Yasin Limpo Pekan Depan,https://news.detik.com/berita/d-6776812/kpk-panggil-lagi-mentan-yasin-limpo-pekan-depan,"
Jumat, 16 Jun 2023 18:08 WIB "
Mentan Simak Aspek Politik Kasus Kementan di KPK: Saya Jalani Aral Rintang,https://news.detik.com/berita/d-6775879/mentan-simak-aspek-politik-kasus-kementan-di-kpk-saya-jalani-aral-rintang,"
Jumat, 16 Jun 2023 11:09 WIB "
Mentan soal Penyelidikan KPK: Saya Simak Sejumlah Pihak Kaitkan ke Politik,https://news.detik.com/berita/d-6775755/mentan-soal-penyelidikan-kpk-saya-simak-sejumlah-pihak-kaitkan-ke-politik,"
Jumat, 16 Jun 2023 10:26 WIB "
Alasan Mentan Pilih Ikut G20 India Ketimbang Penuhi Panggilan KPK,https://news.detik.com/berita/d-6775680/alasan-mentan-pilih-ikut-g20-india-ketimbang-penuhi-panggilan-kpk,"
Jumat, 16 Jun 2023 09:57 WIB "
"Mentan Yasin Limpo Minta Dijadwal Ulang 27 Juni, KPK Panggil Lebih Cepat",https://news.detik.com/berita/d-6775679/mentan-yasin-limpo-minta-dijadwal-ulang-27-juni-kpk-panggil-lebih-cepat,"
Jumat, 16 Jun 2023 09:56 WIB "
"Ikut Acara G20 di India, Mentan Batal Penuhi Panggilan KPK Hari Ini",https://news.detik.com/berita/d-6775646/ikut-acara-g20-di-india-mentan-batal-penuhi-panggilan-kpk-hari-ini,"
Jumat, 16 Jun 2023 09:37 WIB "
NasDem soal Mentan Yasin Limpo Dipanggil KPK: Jika Ada Panggilan Wajib Hadir,https://news.detik.com/berita/d-6775567/nasdem-soal-mentan-yasin-limpo-dipanggil-kpk-jika-ada-panggilan-wajib-hadir,"
Jumat, 16 Jun 2023 08:32 WIB "
KPK Panggil Mentan Syahrul Yasin Limpo Hari Ini,https://news.detik.com/berita/d-6775486/kpk-panggil-mentan-syahrul-yasin-limpo-hari-ini,"
Jumat, 16 Jun 2023 06:59 WIB "
Mentan Yasin Limpo Dinanti KPK Demi Kejelasan Duduk Perkara,https://news.detik.com/berita/d-6775444/mentan-yasin-limpo-dinanti-kpk-demi-kejelasan-duduk-perkara,"
Jumat, 16 Jun 2023 06:03 WIB "
KPK Menepis Saat Urusan Yasin Limpo Dituding Politis,https://news.detik.com/berita/d-6775198/kpk-menepis-saat-urusan-yasin-limpo-dituding-politis,"
Kamis, 15 Jun 2023 20:33 WIB "
Firli Bahuri: Penyelidikan Kasus Dugaan Korupsi di Kementan Tak Politis,https://news.detik.com/berita/d-6775100/firli-bahuri-penyelidikan-kasus-dugaan-korupsi-di-kementan-tak-politis,"
Kamis, 15 Jun 2023 19:52 WIB "
"Selidiki Dugaan Korupsi, KPK Sudah Periksa ASN hingga Pejabat Kementan",https://news.detik.com/berita/d-6774094/selidiki-dugaan-korupsi-kpk-sudah-periksa-asn-hingga-pejabat-kementan,"
Kamis, 15 Jun 2023 13:39 WIB "
KPK Tepis Isu Kasus Korupsi Kementan Politis: Diusut Sejak Awal 2023,https://news.detik.com/berita/d-6774051/kpk-tepis-isu-kasus-korupsi-kementan-politis-diusut-sejak-awal-2023,"
Kamis, 15 Jun 2023 13:29 WIB "
"KPK Selidiki Dugaan Peran Mentan di Kasus Kementan, NasDem Bilang Begini",https://news.detik.com/berita/d-6774020/kpk-selidiki-dugaan-peran-mentan-di-kasus-kementan-nasdem-bilang-begini,"
Kamis, 15 Jun 2023 13:17 WIB "
KPK Panggil Mentan Syahrul Yasin Limpo Besok,https://news.detik.com/berita/d-6773768/kpk-panggil-mentan-syahrul-yasin-limpo-besok,"
Kamis, 15 Jun 2023 11:17 WIB "
KPK Tegaskan Pengusutan Dugaan Korupsi di Kementan Tidak Politis,https://news.detik.com/berita/d-6773763/kpk-tegaskan-pengusutan-dugaan-korupsi-di-kementan-tidak-politis,"
Kamis, 15 Jun 2023 11:16 WIB "
KPK Selidiki Dugaan Peran Mentan Yasin Limpo di Kasus Kementan,https://news.detik.com/berita/d-6773479/kpk-selidiki-dugaan-peran-mentan-yasin-limpo-di-kasus-kementan,"
Kamis, 15 Jun 2023 08:37 WIB "
Respons Mentan Yasin Limpo soal KPK Selidiki Dugaan Korupsi di Kementan,https://news.detik.com/berita/d-6772758/respons-mentan-yasin-limpo-soal-kpk-selidiki-dugaan-korupsi-di-kementan,"
Rabu, 14 Jun 2023 17:53 WIB "
KPK Selidiki Kasus Dugaan Korupsi di Kementerian Pertanian,https://news.detik.com/berita/d-6772165/kpk-selidiki-kasus-dugaan-korupsi-di-kementerian-pertanian,"
Rabu, 14 Jun 2023 14:10 WIB "
Ini Sederet Data yang Akan Diambil dalam Sensus Pertanian 2023,https://news.detik.com/berita/d-6767464/ini-sederet-data-yang-akan-diambil-dalam-sensus-pertanian-2023,"
Senin, 12 Jun 2023 09:00 WIB "
Bupati Tangerang Terima Penghargaan Satyalencana Wira Karya dari Jokowi,https://news.detik.com/berita/d-6766778/bupati-tangerang-terima-penghargaan-satyalencana-wira-karya-dari-jokowi,"
Minggu, 11 Jun 2023 15:51 WIB "
Airlangga Beberkan Upaya Pemerintah Genjot Kesejahteraan Petani & Nelayan,https://news.detik.com/berita/d-6765494/airlangga-beberkan-upaya-pemerintah-genjot-kesejahteraan-petani-nelayan,"
Sabtu, 10 Jun 2023 14:44 WIB "
"Hadapi El Nino, Kementan Siapkan Langkah Amankan Stok-Harga Hortikultura",https://news.detik.com/berita/d-6751706/hadapi-el-nino-kementan-siapkan-langkah-amankan-stok-harga-hortikultura,"
Jumat, 02 Jun 2023 12:50 WIB "
"Dampingi Mentan, Walkot Padang Harap Penas KTNA Pacu Roda Perekonomian",https://news.detik.com/berita/d-6748083/dampingi-mentan-walkot-padang-harap-penas-ktna-pacu-roda-perekonomian,"
Rabu, 31 Mei  2023 06:38 WIB "
Waket MPR Tekankan Petani Butuh Dukungan Banyak Pihak untuk Berkembang,https://news.detik.com/berita/d-6727216/waket-mpr-tekankan-petani-butuh-dukungan-banyak-pihak-untuk-berkembang,"
Kamis, 18 Mei  2023 21:11 WIB "
Surya Paloh Lepas Rombongan Partai NasDem Daftar Bacaleg ke KPU,https://news.detik.com/pemilu/d-6714774/surya-paloh-lepas-rombongan-partai-nasdem-daftar-bacaleg-ke-kpu,"
Kamis, 11 Mei  2023 11:07 WIB "
Analisis Pakar soal NasDem Bertahan di Kabinet Meski Tak Dianggap Jokowi,https://news.detik.com/pemilu/d-6706480/analisis-pakar-soal-nasdem-bertahan-di-kabinet-meski-tak-dianggap-jokowi,"
Sabtu, 06 Mei  2023 09:10 WIB "
Pistol Dirut BUMN Meletus di Bandara: Kronologi hingga Sosoknya,https://news.detik.com/berita/d-6682650/pistol-dirut-bumn-meletus-di-bandara-kronologi-hingga-sosoknya,"
Kamis, 20 Apr 2023 09:07 WIB "
Walkot Danny Pomanto Diperiksa Sebagai Saksi Kasus Korupsi PDAM Makassar,https://news.detik.com/berita/d-6670986/walkot-danny-pomanto-diperiksa-sebagai-saksi-kasus-korupsi-pdam-makassar,"
Kamis, 13 Apr 2023 13:10 WIB "
Mentan Pastikan Stok Pangan Aman Selama Lebaran,https://news.detik.com/berita/d-6669738/mentan-pastikan-stok-pangan-aman-selama-lebaran,"
Rabu, 12 Apr 2023 17:56 WIB "
Wapres Minta GAPKI Lawan Kampanye Negatif soal Kelapa Sawit Indonesia,https://news.detik.com/berita/d-6669713/wapres-minta-gapki-lawan-kampanye-negatif-soal-kelapa-sawit-indonesia,"
Rabu, 12 Apr 2023 17:41 WIB "
Adik Mentan Haris Yasin Limpo Jadi Tersangka Korupsi PDAM Makassar Rp 20 M,https://news.detik.com/berita/d-6667761/adik-mentan-haris-yasin-limpo-jadi-tersangka-korupsi-pdam-makassar-rp-20-m,"
Selasa, 11 Apr 2023 18:16 WIB "
Pemerintah Hentikan Status Wabah PMK: Dialihkan ke Keadaan Tertentu,https://news.detik.com/berita/d-6653987/pemerintah-hentikan-status-wabah-pmk-dialihkan-ke-keadaan-tertentu,"
Senin, 03 Apr 2023 20:19 WIB "
"Pemerintah Akan Bentuk Satgas Gabungan COVID dan PMK, Masa Kerja Sampai Juni",https://news.detik.com/berita/d-6653849/pemerintah-akan-bentuk-satgas-gabungan-covid-dan-pmk-masa-kerja-sampai-juni,"
Senin, 03 Apr 2023 19:12 WIB "
Menko PMK: Status Kedaruratan COVID-19 Berlanjut sampai Mei,https://news.detik.com/berita/d-6653718/menko-pmk-status-kedaruratan-covid-19-berlanjut-sampai-mei,"
Senin, 03 Apr 2023 17:53 WIB "
"Berusia 32 Tahun, Dito Ariotedjo Bakal Jadi Menteri Termuda di Kabinet Jokowi",https://news.detik.com/berita/d-6652307/berusia-32-tahun-dito-ariotedjo-bakal-jadi-menteri-termuda-di-kabinet-jokowi,"
Senin, 03 Apr 2023 09:44 WIB "
"Erick Thohir Jadi Cawapres Favorit di Survei Indo Barometer, Ini Alasannya",https://news.detik.com/pemilu/d-6631800/erick-thohir-jadi-cawapres-favorit-di-survei-indo-barometer-ini-alasannya,"
Selasa, 21 Mar 2023 22:30 WIB "
"Sukses Uji Coba, Varietas Kedelai Ini Diberi Nama Migo Ratu Serang",https://news.detik.com/berita/d-6611788/sukses-uji-coba-varietas-kedelai-ini-diberi-nama-migo-ratu-serang,"
Jumat, 10 Mar 2023 16:54 WIB "
Di Balik Mesranya Prabowo dan Ganjar Bersama Jokowi,https://news.detik.com/pemilu/d-6610773/di-balik-mesranya-prabowo-dan-ganjar-bersama-jokowi,"
Jumat, 10 Mar 2023 08:32 WIB "
Ini Alasan Jokowi Ajak Prabowo Blusukan Temui Petani di Jateng,https://news.detik.com/berita/d-6610434/ini-alasan-jokowi-ajak-prabowo-blusukan-temui-petani-di-jateng,"
Kamis, 09 Mar 2023 20:29 WIB "
Gerindra: Foto Jokowi dengan Prabowo dan Ganjar Suasananya Sejuk,https://news.detik.com/pemilu/d-6609851/gerindra-foto-jokowi-dengan-prabowo-dan-ganjar-suasananya-sejuk,"
Kamis, 09 Mar 2023 16:50 WIB "
"Bareng Sri Mulyani, Jokowi Tinjau Kantor Pajak Pratama Solo",https://news.detik.com/berita/d-6609804/bareng-sri-mulyani-jokowi-tinjau-kantor-pajak-pratama-solo,"
Kamis, 09 Mar 2023 16:24 WIB "
"Ganjar Foto Bareng Jokowi-Prabowo: Indonesia Lumbung Pangan Dunia, Siap!",https://news.detik.com/pemilu/d-6609226/ganjar-foto-bareng-jokowi-prabowo-indonesia-lumbung-pangan-dunia-siap,"
Kamis, 09 Mar 2023 12:59 WIB "
"Momen Penuh Tawa, Jokowi Selfie Bareng Prabowo dan Ganjar di Kebumen",https://news.detik.com/berita/d-6609037/momen-penuh-tawa-jokowi-selfie-bareng-prabowo-dan-ganjar-di-kebumen,"
Kamis, 09 Mar 2023 11:22 WIB "
Heru dan Mentan Ingin Pastikan Harga Bahan Pokok Stabil Jelang Ramadan,https://news.detik.com/berita/d-6602896/heru-dan-mentan-ingin-pastikan-harga-bahan-pokok-stabil-jelang-ramadan,"
Senin, 06 Mar 2023 10:55 WIB "
Ma'ruf Amin: Presiden Belum Bilang Saya soal Reshuffle,https://news.detik.com/berita/d-6598663/maruf-amin-presiden-belum-bilang-saya-soal-reshuffle,"
Jumat, 03 Mar 2023 13:17 WIB "
"Mentan Menghadap Jokowi di Istana, Ini yang Disampaikan",https://news.detik.com/berita/d-6573924/mentan-menghadap-jokowi-di-istana-ini-yang-disampaikan,"
Jumat, 17 Feb 2023 13:22 WIB "
Zulfan Lindan Nilai Wajar 3 Menteri NasDem Masuk Survei Layak Direshuffle,https://news.detik.com/pemilu/d-6567036/zulfan-lindan-nilai-wajar-3-menteri-nasdem-masuk-survei-layak-direshuffle,"
Senin, 13 Feb 2023 19:26 WIB "
Survei Populi Center: Nadiem-3 Menteri NasDem Dinilai Layak Direshuffle,https://news.detik.com/berita/d-6566593/survei-populi-center-nadiem-3-menteri-nasdem-dinilai-layak-direshuffle,"
Senin, 13 Feb 2023 16:55 WIB "
"2 Menteri NasDem Tak Hadir Ratas di Istana, Ini Kata Jokowi",https://news.detik.com/pemilu/d-6544779/2-menteri-nasdem-tak-hadir-ratas-di-istana-ini-kata-jokowi,"
Selasa, 31 Jan 2023 21:53 WIB "
Buwas Ungkap Alasan Mentan Tak Muncul di Rapat Bareng Jokowi Pagi Ini,https://news.detik.com/berita/d-6544754/buwas-ungkap-alasan-mentan-tak-muncul-di-rapat-bareng-jokowi-pagi-ini,"
Selasa, 31 Jan 2023 21:35 WIB "
Saat Mentan dan Menteri LHK Tak Terlihat di 2 Rapat Bareng Jokowi,https://news.detik.com/berita/d-6543847/saat-mentan-dan-menteri-lhk-tak-terlihat-di-2-rapat-bareng-jokowi,"
Selasa, 31 Jan 2023 15:00 WIB "
"Mentan Yasin Limpo Temui Wapres Ma'ruf di Rumah, Bahas Apa?",https://news.detik.com/berita/d-6532321/mentan-yasin-limpo-temui-wapres-maruf-di-rumah-bahas-apa,"
Selasa, 24 Jan 2023 19:20 WIB "
"PDIP Soroti Kerja Mentan, NasDem: Jangan Tekan Jokowi Pakai Data Absurd!",https://news.detik.com/pemilu/d-6525584/pdip-soroti-kerja-mentan-nasdem-jangan-tekan-jokowi-pakai-data-absurd,"
Jumat, 20 Jan 2023 11:46 WIB "
"NasDem Mundur Kabinet Jika Diminta Jokowi, Hasto Singgung Kinerja Mentan",https://news.detik.com/pemilu/d-6524997/nasdem-mundur-kabinet-jika-diminta-jokowi-hasto-singgung-kinerja-mentan,"
Kamis, 19 Jan 2023 21:28 WIB "
"Mahfud, Risma, hingga Ganjar Hadiri Pelantikan Rektor IPB",https://news.detik.com/berita/d-6521543/mahfud-risma-hingga-ganjar-hadiri-pelantikan-rektor-ipb,"
Rabu, 18 Jan 2023 11:34 WIB "
Jokowi Jadi Reshuffle Menteri? Pratikno dan Pramono Buka Suara,https://news.detik.com/pemilu/d-6518499/jokowi-jadi-reshuffle-menteri-pratikno-dan-pramono-buka-suara,"
Senin, 16 Jan 2023 17:02 WIB "
Mentan Syahrul Yasin Limpo Jawab Desakan Mundur: Djarot Itu Adik Saya,https://news.detik.com/pemilu/d-6518010/mentan-syahrul-yasin-limpo-jawab-desakan-mundur-djarot-itu-adik-saya,"
Senin, 16 Jan 2023 13:57 WIB "
"Mentan Jawab Lagi Isu Reshuffle: Ah, Saya Kerja!",https://news.detik.com/pemilu/d-6517544/mentan-jawab-lagi-isu-reshuffle-ah-saya-kerja,"
Senin, 16 Jan 2023 11:03 WIB "
Jejak Seteru PDIP vs NasDem Usai Anies Capres Berujung Dorongan Reshuffle,https://news.detik.com/pemilu/d-6499504/jejak-seteru-pdip-vs-nasdem-usai-anies-capres-berujung-dorongan-reshuffle,"
Kamis, 05 Jan 2023 12:05 WIB "
"Ngabalin: Dari Gelagat Pak Jokowi, Reshuffle Mudah-mudahan Januari",https://news.detik.com/pemilu/d-6499448/ngabalin-dari-gelagat-pak-jokowi-reshuffle-mudah-mudahan-januari,"
Kamis, 05 Jan 2023 11:43 WIB "
Panas PDIP Vs NasDem Usai 2 Menteri Diminta Tinggalkan Kursi,https://news.detik.com/pemilu/d-6499152/panas-pdip-vs-nasdem-usai-2-menteri-diminta-tinggalkan-kursi,"
Kamis, 05 Jan 2023 08:15 WIB "
Johnny G Plate Soal Reshuffle Kabinet: Jangan Ada Presiden Dadakan,https://news.detik.com/berita/d-6499024/johnny-g-plate-soal-reshuffle-kabinet-jangan-ada-presiden-dadakan,"
Rabu, 04 Jan 2023 23:55 WIB "
"PDIP Dorong 2 Menteri NasDem Mundur, Johnny Plate: Politisi Rasa Presiden",https://news.detik.com/pemilu/d-6497698/pdip-dorong-2-menteri-nasdem-mundur-johnny-plate-politisi-rasa-presiden,"
Rabu, 04 Jan 2023 12:27 WIB "
PDIP Harap 2 Menteri NasDem Mengundurkan Diri: Itu Lebih Gentle,https://news.detik.com/pemilu/d-6496905/pdip-harap-2-menteri-nasdem-mengundurkan-diri-itu-lebih-gentle,"
Selasa, 03 Jan 2023 19:47 WIB "
