title,url,date
"Kasus Narkoba Bikin Geger Sepanjang 2023, Ada yang Seret Artis",https://news.detik.com/berita/d-7114539/kasus-narkoba-bikin-geger-sepanjang-2023-ada-yang-seret-artis,"
Jumat, 29 Des 2023 13:43 WIB "
"SEMMI: Polri Netral, Tapi Seperti Ada yang Sengaja Ingin Merusak Citranya",https://news.detik.com/berita/d-7060909/semmi-polri-netral-tapi-seperti-ada-yang-sengaja-ingin-merusak-citranya,"
Selasa, 28 Nov 2023 14:53 WIB "
AKBP Dody Tetap Dihukum 17 Tahun Penjara di Kasus Teddy Minahasa,https://news.detik.com/berita/d-7008224/akbp-dody-tetap-dihukum-17-tahun-penjara-di-kasus-teddy-minahasa,"
Minggu, 29 Okt 2023 16:21 WIB "
MA Tetap Hukum Teddy Minahasa Penjara Seumur Hidup!,https://news.detik.com/berita/d-7005201/ma-tetap-hukum-teddy-minahasa-penjara-seumur-hidup,"
Jumat, 27 Okt 2023 15:42 WIB "
"MA Ketok Nasib Teddy Minahasa Esok, Tetap Seumur Hidup atau Vonis Mati?",https://news.detik.com/berita/d-7002783/ma-ketok-nasib-teddy-minahasa-esok-tetap-seumur-hidup-atau-vonis-mati,"
Kamis, 26 Okt 2023 12:24 WIB "
Polri: Berkas Pemecatan Teddy Minahasa Telah Dikirim ke Setmilpres,https://news.detik.com/berita/d-6947745/polri-berkas-pemecatan-teddy-minahasa-telah-dikirim-ke-setmilpres,"
Minggu, 24 Sep 2023 11:06 WIB "
Sidang Tuntutan Alex Bonpis Bandar Narkoba Kampung Bahari Ditunda,https://news.detik.com/berita/d-6942949/sidang-tuntutan-alex-bonpis-bandar-narkoba-kampung-bahari-ditunda,"
Kamis, 21 Sep 2023 13:31 WIB "
Sidang Tuntutan Alex Bonpis Bandar Narkoba Kampung Bahari akan Digelar Hari ini,https://news.detik.com/berita/d-6942530/sidang-tuntutan-alex-bonpis-bandar-narkoba-kampung-bahari-akan-digelar-hari-ini,"
Kamis, 21 Sep 2023 09:41 WIB "
Prof Albertus Wahyurudhanto Bicara Pentingnya Moralitas dalam Kerja Polisi,https://news.detik.com/berita/d-6933246/prof-albertus-wahyurudhanto-bicara-pentingnya-moralitas-dalam-kerja-polisi,"
Jumat, 15 Sep 2023 17:31 WIB "
"3 Hakim Agung Mulai Adili Teddy Minahasa, Ini Profilnya",https://news.detik.com/berita/d-6932683/3-hakim-agung-mulai-adili-teddy-minahasa-ini-profilnya,"
Jumat, 15 Sep 2023 13:35 WIB "
Berkas Vonis Seumur Hidup Teddy Minahasa Dikirim ke MA,https://news.detik.com/berita/d-6924791/berkas-vonis-seumur-hidup-teddy-minahasa-dikirim-ke-ma,"
Senin, 11 Sep 2023 13:22 WIB "
Polri: Berkas Pemecatan Teddy Minahasa Masih Diproses,https://news.detik.com/berita/d-6893576/polri-berkas-pemecatan-teddy-minahasa-masih-diproses,"
Kamis, 24 Agu 2023 15:35 WIB "
"Dipecat dari Polri karena Kasus Sabu, AKBP Dody Prawiranegara Ajukan Banding",https://news.detik.com/berita/d-6872379/dipecat-dari-polri-karena-kasus-sabu-akbp-dody-prawiranegara-ajukan-banding,"
Sabtu, 12 Agu 2023 11:14 WIB "
"Dipecat dari Polri, Eks Kapolres Bukittinggi AKBP Dody Ajukan Banding",https://news.detik.com/berita/d-6871287/dipecat-dari-polri-eks-kapolres-bukittinggi-akbp-dody-ajukan-banding,"
Jumat, 11 Agu 2023 16:27 WIB "
Eks Kapolres Bukittinggi AKBP Dody Dipecat Tidak Hormat dari Polri,https://news.detik.com/berita/d-6871180/eks-kapolres-bukittinggi-akbp-dody-dipecat-tidak-hormat-dari-polri,"
Jumat, 11 Agu 2023 15:57 WIB "
Pengacara Sebut Teddy Minahasa Sudah Prediksi Tetap Dipecat dari Polri,https://news.detik.com/berita/d-6859899/pengacara-sebut-teddy-minahasa-sudah-prediksi-tetap-dipecat-dari-polri,"
Sabtu, 05 Agu 2023 07:45 WIB "
"Banding Ditolak, Irjen Teddy Minahasa Tetap Dipecat dari Polri",https://news.detik.com/berita/d-6859616/banding-ditolak-irjen-teddy-minahasa-tetap-dipecat-dari-polri,"
Jumat, 04 Agu 2023 19:49 WIB "
Ahli di Kasus Sambo dan Teddy Minahasa Jadi Saksi Meringankan Mario Dandy,https://news.detik.com/berita/d-6852544/ahli-di-kasus-sambo-dan-teddy-minahasa-jadi-saksi-meringankan-mario-dandy,"
Selasa, 01 Agu 2023 12:04 WIB "
2 Kali Insting Hotman Paris Terbukti soal Teddy Minahasa Lolos Hukuman Mati,https://news.detik.com/berita/d-6812268/2-kali-insting-hotman-paris-terbukti-soal-teddy-minahasa-lolos-hukuman-mati,"
Sabtu, 08 Jul 2023 11:14 WIB "
Sekali Lagi Insting Hotman Paris soal Teddy Minahasa Terbukti,https://news.detik.com/berita/d-6810028/sekali-lagi-insting-hotman-paris-soal-teddy-minahasa-terbukti,"
Kamis, 06 Jul 2023 22:01 WIB "
"Teddy Minahasa Kembali Melawan Vonis Seumur Hidup Bui, Kini Ajukan Kasasi",https://news.detik.com/berita/d-6809244/teddy-minahasa-kembali-melawan-vonis-seumur-hidup-bui-kini-ajukan-kasasi,"
Kamis, 06 Jul 2023 16:08 WIB "
Ini Pertimbangan PT DKI Tetap Vonis Teddy Minahasa Seumur Hidup Bui,https://news.detik.com/berita/d-6809161/ini-pertimbangan-pt-dki-tetap-vonis-teddy-minahasa-seumur-hidup-bui,"
Kamis, 06 Jul 2023 15:26 WIB "
AKBP Dody Prawiranegara Tetap Dihukum 17 Tahun Penjara!,https://news.detik.com/berita/d-6808978/akbp-dody-prawiranegara-tetap-dihukum-17-tahun-penjara,"
Kamis, 06 Jul 2023 13:49 WIB "
Sidang Vonis Banding AKBP Dody Prawiranegara Dimulai,https://news.detik.com/berita/d-6808941/sidang-vonis-banding-akbp-dody-prawiranegara-dimulai,"
Kamis, 06 Jul 2023 13:39 WIB "
Tok! Teddy Minahasa Tetap Divonis Seumur Hidup Bui,https://news.detik.com/berita/d-6808837/tok-teddy-minahasa-tetap-divonis-seumur-hidup-bui,"
Kamis, 06 Jul 2023 12:50 WIB "
"Sidang Vonis Banding Mulai, Eks Kapolda Sumbar Teddy Minahasa Tak Hadir",https://news.detik.com/berita/d-6808679/sidang-vonis-banding-mulai-eks-kapolda-sumbar-teddy-minahasa-tak-hadir,"
Kamis, 06 Jul 2023 11:45 WIB "
Teddy Minahasa Jalani Sidang Vonis Banding Kasus Narkoba Hari Ini,https://news.detik.com/berita/d-6808469/teddy-minahasa-jalani-sidang-vonis-banding-kasus-narkoba-hari-ini,"
Kamis, 06 Jul 2023 09:59 WIB "
Hotman Paris Yakin Teddy Minahasa Tak Dihukum Mati di Tingkat Banding,https://news.detik.com/berita/d-6806872/hotman-paris-yakin-teddy-minahasa-tak-dihukum-mati-di-tingkat-banding,"
Rabu, 05 Jul 2023 12:16 WIB "
Natalius Pigai Apresiasi Jenderal Sigit Bangun Watak Humanis di Polri,https://news.detik.com/berita/d-6806808/natalius-pigai-apresiasi-jenderal-sigit-bangun-watak-humanis-di-polri,"
Rabu, 05 Jul 2023 11:44 WIB "
"Kepercayaan ke Polri Naik 76,4%, Lemkapi: Kita Apresiasi Kepemimpinan Kapolri",https://news.detik.com/berita/d-6804800/kepercayaan-ke-polri-naik-76-4-lemkapi-kita-apresiasi-kepemimpinan-kapolri,"
Selasa, 04 Jul 2023 09:16 WIB "
"Kepercayaan Polri Naik, Trimedya PDIP: Kapolri Tegas Benahi Institusi",https://news.detik.com/berita/d-6803334/kepercayaan-polri-naik-trimedya-pdip-kapolri-tegas-benahi-institusi,"
Senin, 03 Jul 2023 13:03 WIB "
"Eks Ketua Komnas HAM Apresiasi Kepercayaan ke Polri 76%, Soroti Sosok Kapolri",https://news.detik.com/berita/d-6803249/eks-ketua-komnas-ham-apresiasi-kepercayaan-ke-polri-76-soroti-sosok-kapolri,"
Senin, 03 Jul 2023 12:14 WIB "
"Kepercayaan Publik ke Polri Naik, Kompolnas Puji Kapolri Kalem tapi Tegas",https://news.detik.com/berita/d-6802231/kepercayaan-publik-ke-polri-naik-kompolnas-puji-kapolri-kalem-tapi-tegas,"
Minggu, 02 Jul 2023 17:29 WIB "
"Indonesia Indicator: Rapor Kinerja Polri Naik dari Angka 63,8 Jadi 76",https://news.detik.com/berita/d-6802166/indonesia-indicator-rapor-kinerja-polri-naik-dari-angka-63-8-jadi-76,"
Minggu, 02 Jul 2023 16:40 WIB "
"Kapolri Rotasi Sejumlah Kapolres se-Indonesia, Ini Daftarnya",https://news.detik.com/berita/d-6792570/kapolri-rotasi-sejumlah-kapolres-se-indonesia-ini-daftarnya,"
Senin, 26 Jun 2023 11:24 WIB "
Polri Terima Memori Banding Teddy Minahasa soal Pemecatan,https://news.detik.com/berita/d-6786707/polri-terima-memori-banding-teddy-minahasa-soal-pemecatan,"
Kamis, 22 Jun 2023 14:44 WIB "
Sidang Vonis Banding Kasus Narkoba Irjen Teddy Minahasa Ditunda 6 Juli,https://news.detik.com/berita/d-6784125/sidang-vonis-banding-kasus-narkoba-irjen-teddy-minahasa-ditunda-6-juli,"
Rabu, 21 Jun 2023 09:42 WIB "
"Kasus Narkoba Irjen Teddy, Linda Pujiastuti Dieksekusi ke Lapas Pondok Bambu",https://news.detik.com/berita/d-6763572/kasus-narkoba-irjen-teddy-linda-pujiastuti-dieksekusi-ke-lapas-pondok-bambu,"
Jumat, 09 Jun 2023 13:05 WIB "
Sidang Putusan Banding Teddy Minahasa Digelar Rabu 21 Juni,https://news.detik.com/berita/d-6760878/sidang-putusan-banding-teddy-minahasa-digelar-rabu-21-juni,"
Rabu, 07 Jun 2023 23:20 WIB "
Teddy Minahasa Resmi Melawan Pemecatan dari Polri,https://news.detik.com/berita/d-6756271/teddy-minahasa-resmi-melawan-pemecatan-dari-polri,"
Senin, 05 Jun 2023 16:19 WIB "
Perlawanan AKBP Dody Prawiranegara Usai Divonis 17 Tahun Bui Kasus Narkoba,https://news.detik.com/berita/d-6753714/perlawanan-akbp-dody-prawiranegara-usai-divonis-17-tahun-bui-kasus-narkoba,"
Sabtu, 03 Jun 2023 21:10 WIB "
"Divonis 17 Tahun Bui, AKBP Dody Ajukan Banding di Kasus Narkoba",https://news.detik.com/berita/d-6753255/divonis-17-tahun-bui-akbp-dody-ajukan-banding-di-kasus-narkoba,"
Sabtu, 03 Jun 2023 15:37 WIB "
Kapolri soal Teddy Minahasa Banding Usai Dipecat: Sikap Polri Sudah Jelas,https://news.detik.com/berita/d-6748834/kapolri-soal-teddy-minahasa-banding-usai-dipecat-sikap-polri-sudah-jelas,"
Rabu, 31 Mei  2023 13:55 WIB "
"Jejak Perkara Narkoba Teddy Minahasa: Dibui Seumur Hidup, Kini Dipecat Polri",https://news.detik.com/berita/d-6748123/jejak-perkara-narkoba-teddy-minahasa-dibui-seumur-hidup-kini-dipecat-polri,"
Rabu, 31 Mei  2023 07:47 WIB "
Putusan Lengkap Sanksi Teddy Minahasa Resmi Dipecat dari Polri,https://news.detik.com/berita/d-6748112/putusan-lengkap-sanksi-teddy-minahasa-resmi-dipecat-dari-polri,"
Rabu, 31 Mei  2023 07:21 WIB "
"Teddy Minahasa Dipecat dari Polri, Kompolnas Apresiasi Jalannya Sidang Etik",https://news.detik.com/berita/d-6748024/teddy-minahasa-dipecat-dari-polri-kompolnas-apresiasi-jalannya-sidang-etik,"
Rabu, 31 Mei  2023 01:52 WIB "
Pengacara Teddy Minahasa Nilai Sidang Etik Terkesan Terburu-buru,https://news.detik.com/berita/d-6748014/pengacara-teddy-minahasa-nilai-sidang-etik-terkesan-terburu-buru,"
Rabu, 31 Mei  2023 00:28 WIB "
"Teddy Minahasa Dipecat Polri, Ini Deretan Pasal yang Dilanggar",https://news.detik.com/berita/d-6747977/teddy-minahasa-dipecat-polri-ini-deretan-pasal-yang-dilanggar,"
Selasa, 30 Mei  2023 23:17 WIB "
"Dipecat dari Polri gegara Kasus Narkoba, Teddy Minahasa Melawan!",https://news.detik.com/berita/d-6747967/dipecat-dari-polri-gegara-kasus-narkoba-teddy-minahasa-melawan,"
Selasa, 30 Mei  2023 23:00 WIB "
Eks Kapolda Sumbar Teddy Minahasa Dipecat Tidak Hormat dari Polri!,https://news.detik.com/berita/d-6747960/eks-kapolda-sumbar-teddy-minahasa-dipecat-tidak-hormat-dari-polri,"
Selasa, 30 Mei  2023 22:41 WIB "
Sidang Kode Etik Irjen Teddy Minahasa Selesai Usai 13 Jam,https://news.detik.com/berita/d-6747958/sidang-kode-etik-irjen-teddy-minahasa-selesai-usai-13-jam,"
Selasa, 30 Mei  2023 22:38 WIB "
5 Hakim Adili Banding Vonis Seumur Hidup Penjara Irjen Teddy Minahasa,https://news.detik.com/berita/d-6747097/5-hakim-adili-banding-vonis-seumur-hidup-penjara-irjen-teddy-minahasa,"
Selasa, 30 Mei  2023 15:45 WIB "
Penampakan Irjen Teddy Minahasa Berseragam Lengkap di Sidang Etik,https://news.detik.com/berita/d-6746703/penampakan-irjen-teddy-minahasa-berseragam-lengkap-di-sidang-etik,"
Selasa, 30 Mei  2023 13:25 WIB "
"5 Jenderal Kawal Sidang Etik Teddy Minahasa, Kabaintelkam Memimpin",https://news.detik.com/berita/d-6746434/5-jenderal-kawal-sidang-etik-teddy-minahasa-kabaintelkam-memimpin,"
Selasa, 30 Mei  2023 11:31 WIB "
Irjen Teddy Minahasa Hadapi Sidang Kode Etik Hari Ini,https://news.detik.com/berita/d-6746246/irjen-teddy-minahasa-hadapi-sidang-kode-etik-hari-ini,"
Selasa, 30 Mei  2023 10:18 WIB "
"Kontrol Narkoba dari LP Cipinang, WNA Terpidana Seumur Hidup Divonis Mati",https://news.detik.com/berita/d-6733957/kontrol-narkoba-dari-lp-cipinang-wna-terpidana-seumur-hidup-divonis-mati,"
Selasa, 23 Mei  2023 11:47 WIB "
Jaksa Banding Vonis Seumur Hidup Penjara Irjen Teddy Minahasa,https://news.detik.com/berita/d-6717054/jaksa-banding-vonis-seumur-hidup-penjara-irjen-teddy-minahasa,"
Jumat, 12 Mei  2023 14:49 WIB "
"Sidang Etik Teddy Minahasa, Polri Tunggu Putusan Pidana Inkrah",https://news.detik.com/berita/d-6716948/sidang-etik-teddy-minahasa-polri-tunggu-putusan-pidana-inkrah,"
Jumat, 12 Mei  2023 13:59 WIB "
Jaksa Akan Banding Vonis Seumur Hidup Penjara Teddy Minahasa,https://news.detik.com/berita/d-6716112/jaksa-akan-banding-vonis-seumur-hidup-penjara-teddy-minahasa,"
Kamis, 11 Mei  2023 20:33 WIB "
Vonis Sama Bagi Linda dan AKBP Dody Meski Tuntutan Berbeda,https://news.detik.com/berita/d-6714294/vonis-sama-bagi-linda-dan-akbp-dody-meski-tuntutan-berbeda,"
Rabu, 10 Mei  2023 22:03 WIB "
Brigjen Giri Purwanto Cerita Memaknai Integritas dan Kejujuran di Kepolisian,https://news.detik.com/berita/d-6713786/brigjen-giri-purwanto-cerita-memaknai-integritas-dan-kejujuran-di-kepolisian,"
Rabu, 10 Mei  2023 17:24 WIB "
Pengacara Heran AKBP Dody Divonis 17 Tahun Bui Padahal Tak Nikmati Duit Sabu,https://news.detik.com/berita/d-6713650/pengacara-heran-akbp-dody-divonis-17-tahun-bui-padahal-tak-nikmati-duit-sabu,"
Rabu, 10 Mei  2023 16:38 WIB "
Asisten AKBP Dody Divonis 15 Tahun Penjara di Kasus Narkoba Irjen Teddy,https://news.detik.com/berita/d-6713420/asisten-akbp-dody-divonis-15-tahun-penjara-di-kasus-narkoba-irjen-teddy,"
Rabu, 10 Mei  2023 15:03 WIB "
Mantan Kapolsek Kalibaru Kompol Kasranto Divonis 17 Tahun Penjara,https://news.detik.com/berita/d-6713206/mantan-kapolsek-kalibaru-kompol-kasranto-divonis-17-tahun-penjara,"
Rabu, 10 Mei  2023 13:33 WIB "
Hal Memberatkan Vonis 17 Tahun Bui Linda: Nikmati Untung Jual Sabu,https://news.detik.com/berita/d-6713177/hal-memberatkan-vonis-17-tahun-bui-linda-nikmati-untung-jual-sabu,"
Rabu, 10 Mei  2023 13:20 WIB "
Linda Alias Anita Divonis 17 Tahun Penjara di Kasus Narkoba Irjen Teddy,https://news.detik.com/berita/d-6713105/linda-alias-anita-divonis-17-tahun-penjara-di-kasus-narkoba-irjen-teddy,"
Rabu, 10 Mei  2023 12:46 WIB "
Hal Meringankan Vonis 17 Tahun Bui AKBP Dody: Tak Nikmati Hasil Jual Sabu,https://news.detik.com/berita/d-6713100/hal-meringankan-vonis-17-tahun-bui-akbp-dody-tak-nikmati-hasil-jual-sabu,"
Rabu, 10 Mei  2023 12:44 WIB "
Hal Memberatkan Vonis AKBP Dody: Rusak Kepercayaan Publik ke Polri,https://news.detik.com/berita/d-6713081/hal-memberatkan-vonis-akbp-dody-rusak-kepercayaan-publik-ke-polri,"
Rabu, 10 Mei  2023 12:37 WIB "
AKBP Dody Acungkan Jari Usai Divonis 17 Tahun Bui: Saya Akan Banding!,https://news.detik.com/berita/d-6713061/akbp-dody-acungkan-jari-usai-divonis-17-tahun-bui-saya-akan-banding,"
Rabu, 10 Mei  2023 12:28 WIB "
Eks Kapolres Bukittinggi AKBP Dody Divonis 17 Tahun Penjara di Kasus Narkoba,https://news.detik.com/berita/d-6712935/eks-kapolres-bukittinggi-akbp-dody-divonis-17-tahun-penjara-di-kasus-narkoba,"
Rabu, 10 Mei  2023 11:43 WIB "
Pengacara: Asam Lambung AKBP Dody Kumat Jelang Sidang Vonis Kasus Narkoba,https://news.detik.com/berita/d-6712757/pengacara-asam-lambung-akbp-dody-kumat-jelang-sidang-vonis-kasus-narkoba,"
Rabu, 10 Mei  2023 10:24 WIB "
Sidang Vonis Kasus Narkoba Eks Kapolres Bukittinggi AKBP Dody Dimulai,https://news.detik.com/berita/d-6712712/sidang-vonis-kasus-narkoba-eks-kapolres-bukittinggi-akbp-dody-dimulai,"
Rabu, 10 Mei  2023 09:55 WIB "
AKBP Dody-Linda Jalani Sidang Vonis Kasus Sabu Irjen Teddy Hari Ini,https://news.detik.com/berita/d-6712528/akbp-dody-linda-jalani-sidang-vonis-kasus-sabu-irjen-teddy-hari-ini,"
Rabu, 10 Mei  2023 07:07 WIB "
"IPW Soroti Vonis Penjara Seumur Hidup Irjen Teddy Minahasa, Ungkit Sambo",https://news.detik.com/berita/d-6712517/ipw-soroti-vonis-penjara-seumur-hidup-irjen-teddy-minahasa-ungkit-sambo,"
Rabu, 10 Mei  2023 06:50 WIB "
7 Fakta Irjen Teddy di Kasus Narkoba Berujung Seumur Hidup Penjara,https://news.detik.com/berita/d-6712500/7-fakta-irjen-teddy-di-kasus-narkoba-berujung-seumur-hidup-penjara,"
Rabu, 10 Mei  2023 06:29 WIB "
Kepalan Tangan Irjen Teddy Usai Lolos dari Vonis Mati,https://news.detik.com/berita/d-6712292/kepalan-tangan-irjen-teddy-usai-lolos-dari-vonis-mati,"
Selasa, 09 Mei  2023 20:44 WIB "
Hotman Paris Ngotot Irjen Teddy Tak Terima Rp 300 Juta dari Jual Sabu,https://news.detik.com/berita/d-6711961/hotman-paris-ngotot-irjen-teddy-tak-terima-rp-300-juta-dari-jual-sabu,"
Selasa, 09 Mei  2023 17:49 WIB "
Hakim: Irjen Teddy Minahasa Terima Untung Penjualan Sabu Rp 300 Juta,https://news.detik.com/berita/d-6711829/hakim-irjen-teddy-minahasa-terima-untung-penjualan-sabu-rp-300-juta,"
Selasa, 09 Mei  2023 16:53 WIB "
"Irjen Teddy Lolos dari Hukuman Mati, Jaksa Pikir-pikir Banding",https://news.detik.com/berita/d-6711528/irjen-teddy-lolos-dari-hukuman-mati-jaksa-pikir-pikir-banding,"
Selasa, 09 Mei  2023 14:56 WIB "
Jejak Kasus Narkoba Irjen Teddy Minahasa hingga Divonis Bui Seumur Hidup,https://news.detik.com/berita/d-6711450/jejak-kasus-narkoba-irjen-teddy-minahasa-hingga-divonis-bui-seumur-hidup,"
Selasa, 09 Mei  2023 14:20 WIB "
Hal Meringankan Vonis Seumur Hidup Bui Irjen Teddy: Banyak Penghargaan,https://news.detik.com/berita/d-6711434/hal-meringankan-vonis-seumur-hidup-bui-irjen-teddy-banyak-penghargaan,"
Selasa, 09 Mei  2023 14:12 WIB "
Hal Memberatkan Vonis Irjen Teddy Minahasa: Nikmati Untung Jual Sabu,https://news.detik.com/berita/d-6711389/hal-memberatkan-vonis-irjen-teddy-minahasa-nikmati-untung-jual-sabu,"
Selasa, 09 Mei  2023 13:54 WIB "
"Insting Hotman Paris Terbukti, Irjen Teddy Minahasa Lolos Hukuman Mati",https://news.detik.com/berita/d-6711342/insting-hotman-paris-terbukti-irjen-teddy-minahasa-lolos-hukuman-mati,"
Selasa, 09 Mei  2023 13:45 WIB "
"Divonis Penjara Seumur Hidup, Irjen Teddy Minahasa Melawan!",https://news.detik.com/berita/d-6711298/divonis-penjara-seumur-hidup-irjen-teddy-minahasa-melawan,"
Selasa, 09 Mei  2023 13:31 WIB "
Ekspresi Irjen Teddy Lolos dari Vonis Mati: Tersenyum dan Kepalkan Tangan,https://news.detik.com/berita/d-6711284/ekspresi-irjen-teddy-lolos-dari-vonis-mati-tersenyum-dan-kepalkan-tangan,"
Selasa, 09 Mei  2023 13:22 WIB "
"Irjen Teddy Minahasa Divonis Penjara Seumur Hidup, Pengunjung Sidang Riuh!",https://news.detik.com/berita/d-6711267/irjen-teddy-minahasa-divonis-penjara-seumur-hidup-pengunjung-sidang-riuh,"
Selasa, 09 Mei  2023 13:07 WIB "
Irjen Teddy Minahasa Divonis Penjara Seumur Hidup!,https://news.detik.com/berita/d-6711251/irjen-teddy-minahasa-divonis-penjara-seumur-hidup,"
Selasa, 09 Mei  2023 12:58 WIB "
Sidang Vonis Kasus Narkoba Irjen Teddy Minahasa Dimulai,https://news.detik.com/berita/d-6710840/sidang-vonis-kasus-narkoba-irjen-teddy-minahasa-dimulai,"
Selasa, 09 Mei  2023 09:37 WIB "
Hotman Paris: Insting Saya Bilang Irjen Teddy Tak Akan Divonis Mati,https://news.detik.com/berita/d-6710801/hotman-paris-insting-saya-bilang-irjen-teddy-tak-akan-divonis-mati,"
Selasa, 09 Mei  2023 09:03 WIB "
Irjen Teddy Minahasa Hadapi Sidang Vonis Kasus Narkoba Hari Ini,https://news.detik.com/berita/d-6710744/irjen-teddy-minahasa-hadapi-sidang-vonis-kasus-narkoba-hari-ini,"
Selasa, 09 Mei  2023 07:40 WIB "
Kompolnas: Pelayanan Polri Saat Mudik-Arus Balik Dirasakan Masyarakat,https://news.detik.com/berita/d-6701797/kompolnas-pelayanan-polri-saat-mudik-arus-balik-dirasakan-masyarakat,"
Rabu, 03 Mei  2023 14:14 WIB "
Komunikolog nilai Kapolri Sigit Terhasil Terapkan Polri Presisi,https://news.detik.com/berita/d-6699628/komunikolog-nilai-kapolri-sigit-terhasil-terapkan-polri-presisi,"
Selasa, 02 Mei  2023 11:39 WIB "
Anwar Abbas Puji Kepercayaan ke Polri Naik: Tak Pernah Mudik Selancar Ini!,https://news.detik.com/berita/d-6698448/anwar-abbas-puji-kepercayaan-ke-polri-naik-tak-pernah-mudik-selancar-ini,"
Senin, 01 Mei  2023 16:12 WIB "
Legislator PD Puji Kepercayaan Publik ke Polri Naik: Kerja Keras Kapolri,https://news.detik.com/berita/d-6698164/legislator-pd-puji-kepercayaan-publik-ke-polri-naik-kerja-keras-kapolri,"
Senin, 01 Mei  2023 12:40 WIB "
"Kepercayaan ke Polri Naik, PPP Puji Sikap Kesatria Kapolri Tangani Kasus",https://news.detik.com/berita/d-6697807/kepercayaan-ke-polri-naik-ppp-puji-sikap-kesatria-kapolri-tangani-kasus,"
Senin, 01 Mei  2023 07:12 WIB "
Sidang Vonis Irjen Teddy Minahasa Kasus Narkoba Digelar 9 Mei,https://news.detik.com/berita/d-6694682/sidang-vonis-irjen-teddy-minahasa-kasus-narkoba-digelar-9-mei,"
Jumat, 28 Apr 2023 16:34 WIB "
"Usai Surah Ali Imran, Irjen Teddy Minahasa Kutip Ayat Alkitab di Sidang",https://news.detik.com/berita/d-6694544/usai-surah-ali-imran-irjen-teddy-minahasa-kutip-ayat-alkitab-di-sidang,"
Jumat, 28 Apr 2023 15:40 WIB "
"Tolak Tuntutan-Replik Jaksa, Teddy Minahasa Klaim Tak Ada Bukti",https://news.detik.com/berita/d-6694407/tolak-tuntutan-replik-jaksa-teddy-minahasa-klaim-tak-ada-bukti,"
Jumat, 28 Apr 2023 14:34 WIB "
"Disebut Jaksa Pencitraan, Teddy Minahasa Balas dengan Kutip Surah Ali Imran",https://news.detik.com/berita/d-6694059/disebut-jaksa-pencitraan-teddy-minahasa-balas-dengan-kutip-surah-ali-imran,"
Jumat, 28 Apr 2023 11:33 WIB "
Sidang Vonis AKBP Dody-Linda di Kasus Narkoba Irjen Teddy Digelar 10 Mei,https://news.detik.com/berita/d-6690749/sidang-vonis-akbp-dody-linda-di-kasus-narkoba-irjen-teddy-digelar-10-mei,"
Rabu, 26 Apr 2023 14:42 WIB "
Klaim Irjen Teddy Buat Apa Jual Narkoba Padahal Jadi 'Polisi Terkaya',https://news.detik.com/berita/d-6672188/klaim-irjen-teddy-buat-apa-jual-narkoba-padahal-jadi-polisi-terkaya,"
Jumat, 14 Apr 2023 04:26 WIB "
Irjen Teddy Pamer Riwayat Jabatan: Semua Alamiah Tanpa Nepotisme,https://news.detik.com/berita/d-6671176/irjen-teddy-pamer-riwayat-jabatan-semua-alamiah-tanpa-nepotisme,"
Kamis, 13 Apr 2023 14:29 WIB "
Irjen Teddy Merasa Dikerjai oleh Ayah dan Istri AKBP Dody di Kasus Narkoba,https://news.detik.com/berita/d-6671070/irjen-teddy-merasa-dikerjai-oleh-ayah-dan-istri-akbp-dody-di-kasus-narkoba,"
Kamis, 13 Apr 2023 13:51 WIB "
Irjen Teddy Ungkit Status Polisi Terkaya: Untuk Apa Jual Sabu Rp 300 Juta,https://news.detik.com/berita/d-6670918/irjen-teddy-ungkit-status-polisi-terkaya-untuk-apa-jual-sabu-rp-300-juta,"
Kamis, 13 Apr 2023 12:44 WIB "
"Sidang Pleidoi Dimulai, Irjen Teddy Minahasa Kutip Al-Baqarah",https://news.detik.com/berita/d-6670572/sidang-pleidoi-dimulai-irjen-teddy-minahasa-kutip-al-baqarah,"
Kamis, 13 Apr 2023 10:19 WIB "
Air Mata AKBP Dody soal Karier Hancur karena Irjen Teddy,https://news.detik.com/berita/d-6658306/air-mata-akbp-dody-soal-karier-hancur-karena-irjen-teddy,"
Kamis, 06 Apr 2023 03:54 WIB "
Curhat Linda Dituding Muncikari di Kasus Teddy Minahasa,https://news.detik.com/berita/d-6658123/curhat-linda-dituding-muncikari-di-kasus-teddy-minahasa,"
Rabu, 05 Apr 2023 21:11 WIB "
Linda Minta Dibebaskan di Kasus Narkoba Irjen Teddy Minahasa,https://news.detik.com/berita/d-6657905/linda-minta-dibebaskan-di-kasus-narkoba-irjen-teddy-minahasa,"
Rabu, 05 Apr 2023 18:48 WIB "
"Linda: Irjen Teddy Minta Carikan 'Lawan' Narkoba, Malah Saya Dituduh Bandar",https://news.detik.com/berita/d-6657829/linda-irjen-teddy-minta-carikan-lawan-narkoba-malah-saya-dituduh-bandar,"
Rabu, 05 Apr 2023 18:22 WIB "
"Baca Pleidoi Kasus Irjen Teddy, Linda Nangis Dituduh Muncikari-Bandar Narkoba",https://news.detik.com/berita/d-6657608/baca-pleidoi-kasus-irjen-teddy-linda-nangis-dituduh-muncikari-bandar-narkoba,"
Rabu, 05 Apr 2023 17:03 WIB "
AKBP Dody Minta Dibebaskan di Kasus Narkoba Irjen Teddy Minahasa,https://news.detik.com/berita/d-6657559/akbp-dody-minta-dibebaskan-di-kasus-narkoba-irjen-teddy-minahasa,"
Rabu, 05 Apr 2023 16:45 WIB "
AKBP Dody Sindir Irjen Teddy Lewat Pleidoi: Bintang Harusnya Tak Bakar Melati,https://news.detik.com/berita/d-6656956/akbp-dody-sindir-irjen-teddy-lewat-pleidoi-bintang-harusnya-tak-bakar-melati,"
Rabu, 05 Apr 2023 13:01 WIB "
AKBP Dody Menangis di Sidang: Prestasi Sirna karena Irjen Teddy!,https://news.detik.com/berita/d-6656872/akbp-dody-menangis-di-sidang-prestasi-sirna-karena-irjen-teddy,"
Rabu, 05 Apr 2023 12:26 WIB "
Teddy Minahasa Dituntut Mati Bikin Tensi Hotman Paris Meninggi,https://news.detik.com/berita/d-6651318/teddy-minahasa-dituntut-mati-bikin-tensi-hotman-paris-meninggi,"
Minggu, 02 Apr 2023 13:55 WIB "
Waketum MUI Dukung Jaksa Tuntut Hukuman Mati Teddy Minahasa,https://news.detik.com/berita/d-6649527/waketum-mui-dukung-jaksa-tuntut-hukuman-mati-teddy-minahasa,"
Sabtu, 01 Apr 2023 00:29 WIB "
Pakar Hukum Apresiasi Tren Kepercayaan Publik ke Polri Meningkat,https://news.detik.com/berita/d-6647734/pakar-hukum-apresiasi-tren-kepercayaan-publik-ke-polri-meningkat,"
Jumat, 31 Mar 2023 08:55 WIB "
detik Pagi: Rafael Alun Tersangka sampai Kisah Inspiratif Tunanetra Multitalenta,https://news.detik.com/berita/d-6647438/detik-pagi-rafael-alun-tersangka-sampai-kisah-inspiratif-tunanetra-multitalenta,"
Jumat, 31 Mar 2023 07:55 WIB "
IPW: Jaksa Punya Dasar Yuridis Kuat Tuntut Mati Teddy Minahasa,https://news.detik.com/berita/d-6647625/ipw-jaksa-punya-dasar-yuridis-kuat-tuntut-mati-teddy-minahasa,"
Jumat, 31 Mar 2023 07:17 WIB "
Tuntutan Mati Dibalas Irjen Teddy Minahasa dengan Senyuman,https://news.detik.com/berita/d-6647568/tuntutan-mati-dibalas-irjen-teddy-minahasa-dengan-senyuman,"
Jumat, 31 Mar 2023 04:27 WIB "
"Tuntutan Hukuman Mati Irjen Teddy Minahasa Dinilai Tepat, Ini Alasannya",https://news.detik.com/berita/d-6647525/tuntutan-hukuman-mati-irjen-teddy-minahasa-dinilai-tepat-ini-alasannya,"
Jumat, 31 Mar 2023 00:21 WIB "
Tensi Hotman Paris Meninggi Buntut Irjen Teddy Dituntut Mati,https://news.detik.com/berita/d-6647421/tensi-hotman-paris-meninggi-buntut-irjen-teddy-dituntut-mati,"
Kamis, 30 Mar 2023 21:32 WIB "
Hotman Paris Singgung Ferdy Sambo Usai Irjen Teddy Minahasa Dituntut Mati,https://news.detik.com/berita/d-6647055/hotman-paris-singgung-ferdy-sambo-usai-irjen-teddy-minahasa-dituntut-mati,"
Kamis, 30 Mar 2023 18:32 WIB "
"Kejagung: Irjen Teddy Pelaku Intelektual, Hukuman Harus Lebih Berat",https://news.detik.com/berita/d-6646945/kejagung-irjen-teddy-pelaku-intelektual-hukuman-harus-lebih-berat,"
Kamis, 30 Mar 2023 17:36 WIB "
"Irjen Teddy Dituntut Mati, Hotman Paris Bawa-bawa Tekanan Publik",https://news.detik.com/berita/d-6646888/irjen-teddy-dituntut-mati-hotman-paris-bawa-bawa-tekanan-publik,"
Kamis, 30 Mar 2023 17:07 WIB "
"Kasus Sabu Ditukar Tawas: Irjen Teddy Dituntut Mati, Linda 18 Tahun Bui",https://news.detik.com/berita/d-6646839/kasus-sabu-ditukar-tawas-irjen-teddy-dituntut-mati-linda-18-tahun-bui,"
Kamis, 30 Mar 2023 16:44 WIB "
"Irjen Teddy Minahasa Dituntut Mati, Tensi Hotman Paris Naik",https://news.detik.com/berita/d-6646694/irjen-teddy-minahasa-dituntut-mati-tensi-hotman-paris-naik,"
Kamis, 30 Mar 2023 15:44 WIB "
Senyum Irjen Teddy Minahasa Usai Dituntut Mati,https://news.detik.com/berita/d-6646522/senyum-irjen-teddy-minahasa-usai-dituntut-mati,"
Kamis, 30 Mar 2023 14:45 WIB "
"Irjen Teddy Minahasa Dituntut Mati di Kasus Narkoba, Pengunjung Sidang Riuh",https://news.detik.com/berita/d-6646374/irjen-teddy-minahasa-dituntut-mati-di-kasus-narkoba-pengunjung-sidang-riuh,"
Kamis, 30 Mar 2023 13:50 WIB "
Haris Pertama Apresiasi Kapolri Berhasil Naikkan Tingkat Kepercayaan Publik,https://news.detik.com/berita/d-6646511/haris-pertama-apresiasi-kapolri-berhasil-naikkan-tingkat-kepercayaan-publik,"
Kamis, 30 Mar 2023 13:49 WIB "
Tak Ada Hal Meringankan dalam Tuntutan Mati Irjen Teddy Minahasa,https://news.detik.com/berita/d-6646351/tak-ada-hal-meringankan-dalam-tuntutan-mati-irjen-teddy-minahasa,"
Kamis, 30 Mar 2023 13:42 WIB "
Hal Memberatkan Tuntutan Mati Irjen Teddy: Manfaatkan Jabatan Edarkan Narkoba,https://news.detik.com/berita/d-6646334/hal-memberatkan-tuntutan-mati-irjen-teddy-manfaatkan-jabatan-edarkan-narkoba,"
Kamis, 30 Mar 2023 13:40 WIB "
Irjen Teddy Minahasa Dituntut Hukuman Mati!,https://news.detik.com/berita/d-6646311/irjen-teddy-minahasa-dituntut-hukuman-mati,"
Kamis, 30 Mar 2023 13:37 WIB "
Sidang Tuntutan Kasus Narkoba Irjen Teddy Minahasa Dimulai!,https://news.detik.com/berita/d-6645781/sidang-tuntutan-kasus-narkoba-irjen-teddy-minahasa-dimulai,"
Kamis, 30 Mar 2023 09:46 WIB "
Irjen Teddy Minahasa Jalani Sidang Tuntutan Terkait Kasus Narkoba Hari Ini,https://news.detik.com/berita/d-6645624/irjen-teddy-minahasa-jalani-sidang-tuntutan-terkait-kasus-narkoba-hari-ini,"
Kamis, 30 Mar 2023 07:41 WIB "
Ahli Hukum Apresiasi Kapolri dan Jajaran Berhasil Naikkan Kepercayaan Publik,https://news.detik.com/berita/d-6643646/ahli-hukum-apresiasi-kapolri-dan-jajaran-berhasil-naikkan-kepercayaan-publik,"
Rabu, 29 Mar 2023 07:55 WIB "
Natalius Pigai Puji Kapolri yang Berhasil Kembalikan Kepercayaan Publik,https://news.detik.com/berita/d-6643643/natalius-pigai-puji-kapolri-yang-berhasil-kembalikan-kepercayaan-publik,"
Rabu, 29 Mar 2023 07:46 WIB "
Arsul Sani Nilai Kepercayaan Publik Naik karena Polri Tak Defensif Kritik,https://news.detik.com/berita/d-6642682/arsul-sani-nilai-kepercayaan-publik-naik-karena-polri-tak-defensif-kritik,"
Selasa, 28 Mar 2023 15:55 WIB "
Lemkapi Apresiasi Kapolri di Balik Naiknya Tingkat Kepercayaan Publik ke Polri,https://news.detik.com/berita/d-6641861/lemkapi-apresiasi-kapolri-di-balik-naiknya-tingkat-kepercayaan-publik-ke-polri,"
Selasa, 28 Mar 2023 09:53 WIB "
Beda 2 Tahun Tuntutan Bui AKBP Dody dan Linda di Kasus Teddy Minahasa,https://news.detik.com/berita/d-6641325/beda-2-tahun-tuntutan-bui-akbp-dody-dan-linda-di-kasus-teddy-minahasa,"
Senin, 27 Mar 2023 21:30 WIB "
Asisten AKBP Dody Dituntut 17 Tahun Penjara di Kasus Narkoba Irjen Teddy,https://news.detik.com/berita/d-6640925/asisten-akbp-dody-dituntut-17-tahun-penjara-di-kasus-narkoba-irjen-teddy,"
Senin, 27 Mar 2023 17:16 WIB "
"Pengacara Kecewa AKBP Dody Dituntut 20 Tahun Bui, Harap Teddy Dituntut Mati",https://news.detik.com/berita/d-6640857/pengacara-kecewa-akbp-dody-dituntut-20-tahun-bui-harap-teddy-dituntut-mati,"
Senin, 27 Mar 2023 16:48 WIB "
Linda Minta Dijadikan Justice Collaborator di Kasus Narkoba Irjen Teddy,https://news.detik.com/berita/d-6640648/linda-minta-dijadikan-justice-collaborator-di-kasus-narkoba-irjen-teddy,"
Senin, 27 Mar 2023 15:45 WIB "
"Kasus Narkoba, Eks Kapolsek Kalibaru Kompol Kasranto Dituntut 17 Tahun Bui",https://news.detik.com/berita/d-6640511/kasus-narkoba-eks-kapolsek-kalibaru-kompol-kasranto-dituntut-17-tahun-bui,"
Senin, 27 Mar 2023 15:12 WIB "
Linda Alias Anita Dituntut 18 Tahun Bui di Kasus Narkoba Irjen Teddy!,https://news.detik.com/berita/d-6640285/linda-alias-anita-dituntut-18-tahun-bui-di-kasus-narkoba-irjen-teddy,"
Senin, 27 Mar 2023 13:52 WIB "
AKBP Dody Minta Dijadikan Justice Collaborator Kasus Narkoba Irjen Teddy,https://news.detik.com/berita/d-6640200/akbp-dody-minta-dijadikan-justice-collaborator-kasus-narkoba-irjen-teddy,"
Senin, 27 Mar 2023 13:22 WIB "
Ibunda Menangis Dengar AKBP Dody Dituntut 20 Tahun Penjara di Kasus Narkoba,https://news.detik.com/berita/d-6640083/ibunda-menangis-dengar-akbp-dody-dituntut-20-tahun-penjara-di-kasus-narkoba,"
Senin, 27 Mar 2023 12:41 WIB "
AKBP Dody Dituntut 20 Tahun Penjara di Kasus Narkoba Irjen Teddy!,https://news.detik.com/berita/d-6640026/akbp-dody-dituntut-20-tahun-penjara-di-kasus-narkoba-irjen-teddy,"
Senin, 27 Mar 2023 12:17 WIB "
Sidang Tuntutan AKBP Dody di Kasus Narkoba Irjen Teddy Dimulai,https://news.detik.com/berita/d-6639702/sidang-tuntutan-akbp-dody-di-kasus-narkoba-irjen-teddy-dimulai,"
Senin, 27 Mar 2023 10:33 WIB "
Ayah Harap AKBP Dody Diberi Status Justice Collaborator,https://news.detik.com/berita/d-6639644/ayah-harap-akbp-dody-diberi-status-justice-collaborator,"
Senin, 27 Mar 2023 09:55 WIB "
AKBP Dody dkk Hadapi Sidang Tuntutan Kasus Irjen Teddy Minahasa Hari Ini,https://news.detik.com/berita/d-6639531/akbp-dody-dkk-hadapi-sidang-tuntutan-kasus-irjen-teddy-minahasa-hari-ini,"
Senin, 27 Mar 2023 08:12 WIB "
Korpus BEM Nusantara: Sudah Selayaknya Kepercayaan ke Polri Naik,https://news.detik.com/berita/d-6639565/korpus-bem-nusantara-sudah-selayaknya-kepercayaan-ke-polri-naik,"
Senin, 27 Mar 2023 07:28 WIB "
"Kompolnas Sambut Baik Tren Kepercayaan Publik ke Polri Naik Jadi 70,8%",https://news.detik.com/berita/d-6639080/kompolnas-sambut-baik-tren-kepercayaan-publik-ke-polri-naik-jadi-70-8,"
Minggu, 26 Mar 2023 18:08 WIB "
5 'Nyanyian' Linda: Istri Siri hingga Bareng Irjen Teddy ke Pabrik Sabu Taiwan,https://news.detik.com/berita/d-6638562/5-nyanyian-linda-istri-siri-hingga-bareng-irjen-teddy-ke-pabrik-sabu-taiwan,"
Minggu, 26 Mar 2023 11:57 WIB "
Irjen Teddy Minahasa Siap Hadapi Sidang Tuntutan Kasus Jual Sabu,https://news.detik.com/berita/d-6634542/irjen-teddy-minahasa-siap-hadapi-sidang-tuntutan-kasus-jual-sabu,"
Kamis, 23 Mar 2023 19:09 WIB "
Linda Siap Hadapi Sidang Tuntutan Kasus Narkoba Teddy Minahasa,https://news.detik.com/berita/d-6633352/linda-siap-hadapi-sidang-tuntutan-kasus-narkoba-teddy-minahasa,"
Kamis, 23 Mar 2023 00:02 WIB "
Polri Siap Diaudit soal Irjen Teddy Tuding Banyak Polisi Pakai Sabu Sitaan,https://news.detik.com/berita/d-6630254/polri-siap-diaudit-soal-irjen-teddy-tuding-banyak-polisi-pakai-sabu-sitaan,"
Selasa, 21 Mar 2023 11:26 WIB "
Kompolnas Apresiasi Perintah Kapolri Minta 5 Polisi Calo Bintara Dipecat,https://news.detik.com/berita/d-6625932/kompolnas-apresiasi-perintah-kapolri-minta-5-polisi-calo-bintara-dipecat,"
Sabtu, 18 Mar 2023 13:40 WIB "
'My Jenderal' dan Anita di Balik Teddy Minahasa dan Linda,https://news.detik.com/berita/d-6623703/my-jenderal-dan-anita-di-balik-teddy-minahasa-dan-linda,"
Jumat, 17 Mar 2023 07:46 WIB "
Beda Pengakuan Teddy Minahasa soal Trawas dan Tawas di Kasus Narkoba,https://news.detik.com/berita/d-6623652/beda-pengakuan-teddy-minahasa-soal-trawas-dan-tawas-di-kasus-narkoba,"
Jumat, 17 Mar 2023 06:47 WIB "
Bukan Hanya Linda yang Dikenal Irjen Teddy Minahasa di Classic Spa,https://news.detik.com/berita/d-6623423/bukan-hanya-linda-yang-dikenal-irjen-teddy-minahasa-di-classic-spa,"
Kamis, 16 Mar 2023 21:02 WIB "
"Hakim Tanya Apakah Merasa Bersalah, Irjen Teddy Jawab: Sama Sekali Tidak",https://news.detik.com/berita/d-6622994/hakim-tanya-apakah-merasa-bersalah-irjen-teddy-jawab-sama-sekali-tidak,"
Kamis, 16 Mar 2023 18:02 WIB "
Irjen Teddy Balik Tanya Jaksa soal Tidur Bareng Linda: Semudah Itu Percaya?,https://news.detik.com/berita/d-6622945/irjen-teddy-balik-tanya-jaksa-soal-tidur-bareng-linda-semudah-itu-percaya,"
Kamis, 16 Mar 2023 17:48 WIB "
Irjen Teddy Ngaku Dibohongi Linda: Dia Bilang Akan Diperistri Raja Brunei,https://news.detik.com/berita/d-6622859/irjen-teddy-ngaku-dibohongi-linda-dia-bilang-akan-diperistri-raja-brunei,"
Kamis, 16 Mar 2023 17:11 WIB "
Jaksa Cecar Irjen Teddy Kenapa Ngaku Anak Sugiri padahal Ayahnya Abu Bakar,https://news.detik.com/berita/d-6622679/jaksa-cecar-irjen-teddy-kenapa-ngaku-anak-sugiri-padahal-ayahnya-abu-bakar,"
Kamis, 16 Mar 2023 16:21 WIB "
Irjen Teddy Klaim Tak Cuma Kenal Linda di Hotel Classic: Ada Susi dan Retno,https://news.detik.com/berita/d-6622519/irjen-teddy-klaim-tak-cuma-kenal-linda-di-hotel-classic-ada-susi-dan-retno,"
Kamis, 16 Mar 2023 15:39 WIB "
Irjen Teddy Labeli Linda 'Anita Cepu' di HP: Saya Tak Kenal Nama Aslinya,https://news.detik.com/berita/d-6622479/irjen-teddy-labeli-linda-anita-cepu-di-hp-saya-tak-kenal-nama-aslinya,"
Kamis, 16 Mar 2023 15:18 WIB "
"Dicecar Hakim, Irjen Teddy Berdalih Uji Anak Buah soal Tukar Sabu Jadi Tawas",https://news.detik.com/berita/d-6622459/dicecar-hakim-irjen-teddy-berdalih-uji-anak-buah-soal-tukar-sabu-jadi-tawas,"
Kamis, 16 Mar 2023 15:08 WIB "
Irjen Teddy Minahasa Kini Bilang 'Trawas' Salah Ketik: Maksud Saya Tawas,https://news.detik.com/berita/d-6622411/irjen-teddy-minahasa-kini-bilang-trawas-salah-ketik-maksud-saya-tawas,"
Kamis, 16 Mar 2023 14:48 WIB "
Reza Indragiri Jelaskan Tafsiran Chat 'BB Ganti Trawas' Teddy Minahasa,https://news.detik.com/berita/d-6622168/reza-indragiri-jelaskan-tafsiran-chat-bb-ganti-trawas-teddy-minahasa,"
Kamis, 16 Mar 2023 12:59 WIB "
Kejutan Lagi dari Linda soal Diajak Irjen Teddy ke Pabrik Sabu Taiwan,https://news.detik.com/berita/d-6621951/kejutan-lagi-dari-linda-soal-diajak-irjen-teddy-ke-pabrik-sabu-taiwan,"
Kamis, 16 Mar 2023 11:24 WIB "
Hotman Paris Hadirkan Reza Indragiri Jadi Saksi Meringankan Irjen Teddy,https://news.detik.com/berita/d-6621781/hotman-paris-hadirkan-reza-indragiri-jadi-saksi-meringankan-irjen-teddy,"
Kamis, 16 Mar 2023 10:04 WIB "
"Linda Ngaku ke Pabrik Sabu di Taiwan Bareng Teddy, Ini Kata Hotman Paris",https://news.detik.com/berita/d-6621688/linda-ngaku-ke-pabrik-sabu-di-taiwan-bareng-teddy-ini-kata-hotman-paris,"
Kamis, 16 Mar 2023 08:56 WIB "
Panggilan 'Anita' ke Linda Didapat dari Teddy Minahasa,https://news.detik.com/berita/d-6621615/panggilan-anita-ke-linda-didapat-dari-teddy-minahasa,"
Kamis, 16 Mar 2023 07:46 WIB "
detik Pagi: Jokowi Kecam Bisnis 'Thrifting' dan Ngobrol Bareng Top 3 Puteri Indonesia 2022!,https://news.detik.com/berita/d-6621276/detik-pagi-jokowi-kecam-bisnis-thrifting-dan-ngobrol-bareng-top-3-puteri-indonesia-2022,"
Kamis, 16 Mar 2023 06:51 WIB "
Linda Ungkap Kode 'Buy 1 Get 1' dari Irjen Teddy ke Pabrik Sabu di Taiwan,https://news.detik.com/berita/d-6621459/linda-ungkap-kode-buy-1-get-1-dari-irjen-teddy-ke-pabrik-sabu-di-taiwan,"
Rabu, 15 Mar 2023 22:57 WIB "
AKBP Dody Nangis Sesali Perbuatannya: Prestasi Saya Dihancurkan Bintang 2,https://news.detik.com/berita/d-6621446/akbp-dody-nangis-sesali-perbuatannya-prestasi-saya-dihancurkan-bintang-2,"
Rabu, 15 Mar 2023 22:28 WIB "
Cerita AKBP Dody Takut Ketemu Irjen Teddy di Pengadilan,https://news.detik.com/berita/d-6621421/cerita-akbp-dody-takut-ketemu-irjen-teddy-di-pengadilan,"
Rabu, 15 Mar 2023 21:52 WIB "
AKBP Dody Ngaku Heran Irjen Teddy Minta Sisihkan Sabu buat Bonus Anggota,https://news.detik.com/berita/d-6621377/akbp-dody-ngaku-heran-irjen-teddy-minta-sisihkan-sabu-buat-bonus-anggota,"
Rabu, 15 Mar 2023 21:06 WIB "
Linda: Irjen Teddy Minta Fee Rp 100 M Loloskan 1 Ton Sabu dari Pabrik Taiwan,https://news.detik.com/berita/d-6620966/linda-irjen-teddy-minta-fee-rp-100-m-loloskan-1-ton-sabu-dari-pabrik-taiwan,"
Rabu, 15 Mar 2023 18:07 WIB "
Linda Ngaku Pergi ke Pabrik Sabu di Taiwan Bareng Irjen Teddy Minahasa,https://news.detik.com/berita/d-6620927/linda-ngaku-pergi-ke-pabrik-sabu-di-taiwan-bareng-irjen-teddy-minahasa,"
Rabu, 15 Mar 2023 17:54 WIB "
"Rekaman Telepon Irjen Teddy ke Istri AKBP Dody Diputar, Isinya Bahas Skenario",https://news.detik.com/berita/d-6620803/rekaman-telepon-irjen-teddy-ke-istri-akbp-dody-diputar-isinya-bahas-skenario,"
Rabu, 15 Mar 2023 17:13 WIB "
"Linda Sangat Yakin Teddy Minahasa Terima Uang Jual Sabu, Ini Alasannya",https://news.detik.com/berita/d-6620608/linda-sangat-yakin-teddy-minahasa-terima-uang-jual-sabu-ini-alasannya,"
Rabu, 15 Mar 2023 16:13 WIB "
Linda Ngaku 2 Kali Ubah Nama Irjen Teddy di HP: Terakhir 'My Jenderal',https://news.detik.com/berita/d-6620498/linda-ngaku-2-kali-ubah-nama-irjen-teddy-di-hp-terakhir-my-jenderal,"
Rabu, 15 Mar 2023 15:40 WIB "
Linda Cerita Dapat Panggilan 'Anita' dari Irjen Teddy: Kami Sangat Dekat,https://news.detik.com/berita/d-6620477/linda-cerita-dapat-panggilan-anita-dari-irjen-teddy-kami-sangat-dekat,"
Rabu, 15 Mar 2023 15:30 WIB "
"Ayah dan Istri Jadi Saksi Meringankan, AKBP Dody Peluk-Sujud Minta Maaf",https://news.detik.com/berita/d-6620375/ayah-dan-istri-jadi-saksi-meringankan-akbp-dody-peluk-sujud-minta-maaf,"
Rabu, 15 Mar 2023 14:48 WIB "
Istri AKBP Dody Ungkap Chat WA Istri Irjen Teddy di Sidang Kasus Narkoba,https://news.detik.com/berita/d-6620278/istri-akbp-dody-ungkap-chat-wa-istri-irjen-teddy-di-sidang-kasus-narkoba,"
Rabu, 15 Mar 2023 14:08 WIB "
Ayah AKBP Dody Nangis Cerita Ditelepon Irjen Teddy: Saya Punya Sakit Jantung,https://news.detik.com/berita/d-6620032/ayah-akbp-dody-nangis-cerita-ditelepon-irjen-teddy-saya-punya-sakit-jantung,"
Rabu, 15 Mar 2023 12:28 WIB "
Ayah dan Istri Jadi Saksi Meringankan AKBP Dody di Sidang Kasus Narkoba,https://news.detik.com/berita/d-6619852/ayah-dan-istri-jadi-saksi-meringankan-akbp-dody-di-sidang-kasus-narkoba,"
Rabu, 15 Mar 2023 11:14 WIB "
Ahli Meringankan Irjen Teddy Nilai Chat WA Difoto Manual Tak Sah Jadi Bukti,https://news.detik.com/berita/d-6616054/ahli-meringankan-irjen-teddy-nilai-chat-wa-difoto-manual-tak-sah-jadi-bukti,"
Senin, 13 Mar 2023 13:18 WIB "
Hotman Paris Hadirkan 5 Saksi Meringankan di Sidang Narkoba Irjen Teddy,https://news.detik.com/berita/d-6615617/hotman-paris-hadirkan-5-saksi-meringankan-di-sidang-narkoba-irjen-teddy,"
Senin, 13 Mar 2023 10:26 WIB "
Live Detik Pagi: Update Awan Panas Merapi Hingga Ulas Keseruan Konser Blackpink,https://news.detik.com/berita/d-6614945/live-detik-pagi-update-awan-panas-merapi-hingga-ulas-keseruan-konser-blackpink,"
Senin, 13 Mar 2023 06:46 WIB "
Ternyata Nama Irjen Teddy Minahasa Jadi 'My Jenderal' di Ponsel Linda,https://news.detik.com/berita/d-6608666/ternyata-nama-irjen-teddy-minahasa-jadi-my-jenderal-di-ponsel-linda,"
Kamis, 09 Mar 2023 07:41 WIB "
Pengacara: Linda Nikah Siri dengan Irjen Teddy Usai Pulang dari Laut China,https://news.detik.com/berita/d-6608378/pengacara-linda-nikah-siri-dengan-irjen-teddy-usai-pulang-dari-laut-china,"
Rabu, 08 Mar 2023 20:37 WIB "
Jaksa Yakin Dakwaan Kasus Narkoba Irjen Teddy Tak Akan Batal demi Hukum,https://news.detik.com/berita/d-6607984/jaksa-yakin-dakwaan-kasus-narkoba-irjen-teddy-tak-akan-batal-demi-hukum,"
Rabu, 08 Mar 2023 17:47 WIB "
Ahli Jelaskan Hal-hal yang Buat Dakwaan Jaksa Batal di Sidang AKBP Dody cs,https://news.detik.com/berita/d-6607981/ahli-jelaskan-hal-hal-yang-buat-dakwaan-jaksa-batal-di-sidang-akbp-dody-cs,"
Rabu, 08 Mar 2023 17:47 WIB "
Chat Irjen Teddy 'My Jenderal' ke Linda: Tanya Berapa Per Galon Dijawab 400,https://news.detik.com/berita/d-6607942/chat-irjen-teddy-my-jenderal-ke-linda-tanya-berapa-per-galon-dijawab-400,"
Rabu, 08 Mar 2023 17:27 WIB "
"Linda Labeli Irjen Teddy 'My Jenderal' di Ponsel, Isi Chat Dibuka di Sidang",https://news.detik.com/berita/d-6607739/linda-labeli-irjen-teddy-my-jenderal-di-ponsel-isi-chat-dibuka-di-sidang,"
Rabu, 08 Mar 2023 15:58 WIB "
Ahli Bahasa Bedah Surat 'Tarik Semua Keterangan' Irjen Teddy ke AKBP Dody,https://news.detik.com/berita/d-6607572/ahli-bahasa-bedah-surat-tarik-semua-keterangan-irjen-teddy-ke-akbp-dody,"
Rabu, 08 Mar 2023 15:13 WIB "
Ahli Bahasa Nilai Kode 'Mainkan' Irjen Teddy ke AKBP Dody Sebuah Perintah,https://news.detik.com/berita/d-6607082/ahli-bahasa-nilai-kode-mainkan-irjen-teddy-ke-akbp-dody-sebuah-perintah,"
Rabu, 08 Mar 2023 12:26 WIB "
Jaksa Hadirkan Ahli Digital Forensic-Bahasa di Sidang AKBP Dody cs,https://news.detik.com/berita/d-6606933/jaksa-hadirkan-ahli-digital-forensic-bahasa-di-sidang-akbp-dody-cs,"
Rabu, 08 Mar 2023 11:17 WIB "
"Ahli Nilai Surat Dakwaan Batal Demi Hukum, Hotman: Harusnya Irjen Teddy Bebas",https://news.detik.com/berita/d-6604431/ahli-nilai-surat-dakwaan-batal-demi-hukum-hotman-harusnya-irjen-teddy-bebas,"
Senin, 06 Mar 2023 21:23 WIB "
Ahli Pidana Nilai Surat Dakwaan Irjen Teddy Harusnya Batal demi Hukum,https://news.detik.com/berita/d-6604371/ahli-pidana-nilai-surat-dakwaan-irjen-teddy-harusnya-batal-demi-hukum,"
Senin, 06 Mar 2023 20:17 WIB "
Ahli Pidana Bicara Permufakatan Jahat di Kasus Narkoba Teddy Minahasa,https://news.detik.com/berita/d-6604202/ahli-pidana-bicara-permufakatan-jahat-di-kasus-narkoba-teddy-minahasa,"
Senin, 06 Mar 2023 18:57 WIB "
Hotman Paris Tiba-tiba Bicara Sosok 'Poltak' di Sidang Teddy Minahasa,https://news.detik.com/berita/d-6604030/hotman-paris-tiba-tiba-bicara-sosok-poltak-di-sidang-teddy-minahasa,"
Senin, 06 Mar 2023 17:51 WIB "
Ahli di Sidang Kasus Narkoba Irjen Teddy: 5 Kg Sabu Bisa Bunuh 5 Juta Orang,https://news.detik.com/berita/d-6603566/ahli-di-sidang-kasus-narkoba-irjen-teddy-5-kg-sabu-bisa-bunuh-5-juta-orang,"
Senin, 06 Mar 2023 15:17 WIB "
Ahli BNN Nilai Alasan Loyalitas Tak Pernah Jadi Pembenar di Kasus Narkoba,https://news.detik.com/berita/d-6603488/ahli-bnn-nilai-alasan-loyalitas-tak-pernah-jadi-pembenar-di-kasus-narkoba,"
Senin, 06 Mar 2023 14:48 WIB "
Ahli Ungkit Kasus Narkoba Jenderal Noriega di Sidang Irjen Teddy Minahasa,https://news.detik.com/berita/d-6603386/ahli-ungkit-kasus-narkoba-jenderal-noriega-di-sidang-irjen-teddy-minahasa,"
Senin, 06 Mar 2023 14:02 WIB "
Ahli di Sidang Teddy Jelaskan 'Undercover Buy' Tak Boleh Pakai Sabu Sitaan,https://news.detik.com/berita/d-6603019/ahli-di-sidang-teddy-jelaskan-undercover-buy-tak-boleh-pakai-sabu-sitaan,"
Senin, 06 Mar 2023 11:36 WIB "
Jaksa Hadirkan Ahli BNN di Sidang Narkoba Irjen Teddy Minahasa,https://news.detik.com/berita/d-6602830/jaksa-hadirkan-ahli-bnn-di-sidang-narkoba-irjen-teddy-minahasa,"
Senin, 06 Mar 2023 10:27 WIB "
Geger Pengakuan Linda Nikah Siri dengan Teddy Minahasa,https://news.detik.com/berita/d-6601647/geger-pengakuan-linda-nikah-siri-dengan-teddy-minahasa,"
Minggu, 05 Mar 2023 11:00 WIB "
Polri Jelaskan Alasan Sidang Etik Irjen Teddy Digelar Usai Proses Pidana,https://news.detik.com/berita/d-6598282/polri-jelaskan-alasan-sidang-etik-irjen-teddy-digelar-usai-proses-pidana,"
Jumat, 03 Mar 2023 09:52 WIB "
Kompolnas Yakin Irjen Teddy Dipecat: Narkoba Ditambah Selingkuh,https://news.detik.com/berita/d-6598097/kompolnas-yakin-irjen-teddy-dipecat-narkoba-ditambah-selingkuh,"
Jumat, 03 Mar 2023 06:54 WIB "
Irjen Teddy Cecar Saksi Ahli soal 'Ganti BB dengan Trawas' Perintah,https://news.detik.com/berita/d-6597882/irjen-teddy-cecar-saksi-ahli-soal-ganti-bb-dengan-trawas-perintah,"
Kamis, 02 Mar 2023 20:59 WIB "
"Hotman Bicara Saat Ahli Cek Berkas Irjen Teddy, Hakim: Jangan Terus Nyerocos",https://news.detik.com/berita/d-6597682/hotman-bicara-saat-ahli-cek-berkas-irjen-teddy-hakim-jangan-terus-nyerocos,"
Kamis, 02 Mar 2023 19:01 WIB "
Pengacara Irjen Teddy Tantang Linda Buktikan Klaim Nikah Siri,https://news.detik.com/berita/d-6597514/pengacara-irjen-teddy-tantang-linda-buktikan-klaim-nikah-siri,"
Kamis, 02 Mar 2023 17:49 WIB "
"Ahli Nilai Chat Irjen Teddy 'Ganti BB dengan Trawas' Perintah, Bukan Candaan",https://news.detik.com/berita/d-6597472/ahli-nilai-chat-irjen-teddy-ganti-bb-dengan-trawas-perintah-bukan-candaan,"
Kamis, 02 Mar 2023 17:39 WIB "
Analisis Ahli Bahasa soal Maksud Chat Irjen Teddy 'BB Diganti Trawas',https://news.detik.com/berita/d-6597384/analisis-ahli-bahasa-soal-maksud-chat-irjen-teddy-bb-diganti-trawas,"
Kamis, 02 Mar 2023 17:08 WIB "
Hotman Tanya Bukti WA Difoto: Tangan Penyidik Bahkan Kutil Kelihatan,https://news.detik.com/berita/d-6597162/hotman-tanya-bukti-wa-difoto-tangan-penyidik-bahkan-kutil-kelihatan,"
Kamis, 02 Mar 2023 15:52 WIB "
"Hotman Paris Protes Jaksa di Sidang Irjen Teddy, Hakim: Sabar, Jangan Gaduh!",https://news.detik.com/berita/d-6596975/hotman-paris-protes-jaksa-di-sidang-irjen-teddy-hakim-sabar-jangan-gaduh,"
Kamis, 02 Mar 2023 14:41 WIB "
Chat Teddy Dibuka di Sidang: BB Diganti Trawas Dijawab Nggak Berani Jenderal,https://news.detik.com/berita/d-6596734/chat-teddy-dibuka-di-sidang-bb-diganti-trawas-dijawab-nggak-berani-jenderal,"
Kamis, 02 Mar 2023 13:04 WIB "
Jaksa Hadirkan Ahli Forensik Digital di Sidang Narkoba Irjen Teddy Minahasa,https://news.detik.com/berita/d-6596429/jaksa-hadirkan-ahli-forensik-digital-di-sidang-narkoba-irjen-teddy-minahasa,"
Kamis, 02 Mar 2023 10:48 WIB "
Nyanyian Mengejutkan Linda: Istri Siri Teddy dan Mesra di Laut China,https://news.detik.com/berita/d-6596174/nyanyian-mengejutkan-linda-istri-siri-teddy-dan-mesra-di-laut-china,"
Kamis, 02 Mar 2023 06:47 WIB "
Live Detik Pagi! Update Berita dan Dengar Kisah SPG Lolos S2 Stanford,https://news.detik.com/berita/d-6595876/live-detik-pagi-update-berita-dan-dengar-kisah-spg-lolos-s2-stanford,"
Kamis, 02 Mar 2023 06:15 WIB "
AKBP Dody Bantah Klaim Irjen Teddy Mau Jebak Linda di Kasus Narkoba,https://news.detik.com/berita/d-6595942/akbp-dody-bantah-klaim-irjen-teddy-mau-jebak-linda-di-kasus-narkoba,"
Rabu, 01 Mar 2023 21:19 WIB "
Cerita Irjen Teddy Minahasa soal Kenal Linda di Classic dan Sering Spa,https://news.detik.com/berita/d-6595927/cerita-irjen-teddy-minahasa-soal-kenal-linda-di-classic-dan-sering-spa,"
Rabu, 01 Mar 2023 21:06 WIB "
"Irjen Teddy Bantah Perintah AKBP Dody Tukar Sabu: Trawas, Bukan Tawas",https://news.detik.com/berita/d-6595769/irjen-teddy-bantah-perintah-akbp-dody-tukar-sabu-trawas-bukan-tawas,"
Rabu, 01 Mar 2023 19:41 WIB "
Irjen Teddy Ngaku Mau Jebak Linda gegara Malu Ditipu Info Palsu soal Narkoba,https://news.detik.com/berita/d-6595538/irjen-teddy-ngaku-mau-jebak-linda-gegara-malu-ditipu-info-palsu-soal-narkoba,"
Rabu, 01 Mar 2023 17:55 WIB "
Isi Surat Kecil Irjen Teddy ke AKBP Dody: Tarik Semua Keterangan Memberatkan,https://news.detik.com/berita/d-6595400/isi-surat-kecil-irjen-teddy-ke-akbp-dody-tarik-semua-keterangan-memberatkan,"
Rabu, 01 Mar 2023 17:01 WIB "
Serba-serbi Sosok Linda yang Ngaku Tidur Bareng Irjen Teddy di Kapal,https://news.detik.com/berita/d-6595270/serba-serbi-sosok-linda-yang-ngaku-tidur-bareng-irjen-teddy-di-kapal,"
Rabu, 01 Mar 2023 16:21 WIB "
"Irjen Teddy: Kalau Linda Ngaku Istri Saya, Kok Suami Diseret di Kasus Ini?",https://news.detik.com/berita/d-6595264/irjen-teddy-kalau-linda-ngaku-istri-saya-kok-suami-diseret-di-kasus-ini,"
Rabu, 01 Mar 2023 16:20 WIB "
"Ngaku Istri Siri Irjen Teddy, Linda Cerita Momen Bersama di Laut China",https://news.detik.com/berita/d-6595201/ngaku-istri-siri-irjen-teddy-linda-cerita-momen-bersama-di-laut-china,"
Rabu, 01 Mar 2023 16:00 WIB "
"Irjen Teddy Cerita AKBP Dody Beri Gelang, Diklaim dari Kayu Kapal Nabi Nuh",https://news.detik.com/berita/d-6595174/irjen-teddy-cerita-akbp-dody-beri-gelang-diklaim-dari-kayu-kapal-nabi-nuh,"
Rabu, 01 Mar 2023 15:52 WIB "
Linda Ngaku Istri Siri Irjen Teddy: Kami Tidur Bersama Tiap Hari di Kapal,https://news.detik.com/berita/d-6594930/linda-ngaku-istri-siri-irjen-teddy-kami-tidur-bersama-tiap-hari-di-kapal,"
Rabu, 01 Mar 2023 14:33 WIB "
Eks Kapolda Sumbar Irjen Teddy Bantah Ada Hubungan Spesial dengan Linda,https://news.detik.com/berita/d-6594908/eks-kapolda-sumbar-irjen-teddy-bantah-ada-hubungan-spesial-dengan-linda,"
Rabu, 01 Mar 2023 14:26 WIB "
"Irjen Teddy Cerita Momen Menghadap Kapolri, Lalu Diperintah Bicara ke Propam",https://news.detik.com/berita/d-6594844/irjen-teddy-cerita-momen-menghadap-kapolri-lalu-diperintah-bicara-ke-propam,"
Rabu, 01 Mar 2023 14:11 WIB "
"Kenal Linda Sejak 2005, Irjen Teddy Cerita Sering Spa di Hotel Classic",https://news.detik.com/berita/d-6594756/kenal-linda-sejak-2005-irjen-teddy-cerita-sering-spa-di-hotel-classic,"
Rabu, 01 Mar 2023 13:34 WIB "
"Irjen Teddy Bantah Terima Duit Hasil Sabu, Hakim: Saudara Sudah Disumpah!",https://news.detik.com/berita/d-6594691/irjen-teddy-bantah-terima-duit-hasil-sabu-hakim-saudara-sudah-disumpah,"
Rabu, 01 Mar 2023 13:11 WIB "
"Irjen Teddy Klaim Sabu Diganti Tawas untuk Bonus Cuma Narasi, Bukan Perintah",https://news.detik.com/berita/d-6594590/irjen-teddy-klaim-sabu-diganti-tawas-untuk-bonus-cuma-narasi-bukan-perintah,"
Rabu, 01 Mar 2023 12:16 WIB "
"Hakim Cecar soal Perintah Tukar Sabu Jadi Tawas 10 Kg, Irjen Teddy Bantah",https://news.detik.com/berita/d-6594521/hakim-cecar-soal-perintah-tukar-sabu-jadi-tawas-10-kg-irjen-teddy-bantah,"
Rabu, 01 Mar 2023 11:42 WIB "
Irjen Teddy Akui Kenal Linda Sejak Tahun 2005 di Hotel Classic Pecenongan,https://news.detik.com/berita/d-6594427/irjen-teddy-akui-kenal-linda-sejak-tahun-2005-di-hotel-classic-pecenongan,"
Rabu, 01 Mar 2023 10:57 WIB "
Irjen Teddy Minahasa Jadi Saksi Sidang AKBP Dody Cs Hari Ini,https://news.detik.com/berita/d-6594374/irjen-teddy-minahasa-jadi-saksi-sidang-akbp-dody-cs-hari-ini,"
Rabu, 01 Mar 2023 10:28 WIB "
Terungkap Pengakuan Linda soal Hubungan Spesial dengan Teddy Minahasa,https://news.detik.com/berita/d-6592306/terungkap-pengakuan-linda-soal-hubungan-spesial-dengan-teddy-minahasa,"
Selasa, 28 Feb 2023 08:12 WIB "
Panas! Hotman dan Linda Debat soal Informan tapi Terima Komisi Sabu,https://news.detik.com/berita/d-6592007/panas-hotman-dan-linda-debat-soal-informan-tapi-terima-komisi-sabu,"
Senin, 27 Feb 2023 21:07 WIB "
Linda Ungkap Kode 'Sembako' untuk Komunikasi dengan Irjen Teddy,https://news.detik.com/berita/d-6591886/linda-ungkap-kode-sembako-untuk-komunikasi-dengan-irjen-teddy,"
Senin, 27 Feb 2023 19:38 WIB "
Linda Mengaku Kenal Irjen Teddy Minahasa di Tempat Pijat Hotel Classic,https://news.detik.com/berita/d-6591824/linda-mengaku-kenal-irjen-teddy-minahasa-di-tempat-pijat-hotel-classic,"
Senin, 27 Feb 2023 19:11 WIB "
"AKBP Dody Ngaku Dapat Surat Kecil dari Irjen Teddy Saat Ditahan, Ini Isinya",https://news.detik.com/berita/d-6591773/akbp-dody-ngaku-dapat-surat-kecil-dari-irjen-teddy-saat-ditahan-ini-isinya,"
Senin, 27 Feb 2023 18:43 WIB "
"AKBP Dody Ngaku Takut Tak Patuh, Irjen Teddy: Apa Saya Seperti Genderuwo?",https://news.detik.com/berita/d-6591674/akbp-dody-ngaku-takut-tak-patuh-irjen-teddy-apa-saya-seperti-genderuwo,"
Senin, 27 Feb 2023 18:12 WIB "
"Hotman Tanya Chat 'Tak Bisa Pinjam Duit Urus Kombes', AKBP Dody Jawab Begini",https://news.detik.com/berita/d-6591549/hotman-tanya-chat-tak-bisa-pinjam-duit-urus-kombes-akbp-dody-jawab-begini,"
Senin, 27 Feb 2023 17:23 WIB "
AKBP Dody Ungkap Momen Antar Rp 300 Juta Hasil Jual Sabu ke Rumah Irjen Teddy,https://news.detik.com/berita/d-6591427/akbp-dody-ungkap-momen-antar-rp-300-juta-hasil-jual-sabu-ke-rumah-irjen-teddy,"
Senin, 27 Feb 2023 16:39 WIB "
AKBP Dody Curhat di Sidang Kasus Narkoba Irjen Teddy: Saya Dapat Amsyong Aja,https://news.detik.com/berita/d-6591218/akbp-dody-curhat-di-sidang-kasus-narkoba-irjen-teddy-saya-dapat-amsyong-aja,"
Senin, 27 Feb 2023 15:23 WIB "
"Linda Ngaku Ada Hubungan Spesial dengan Irjen Teddy, Ini Kata Hotman Paris",https://news.detik.com/berita/d-6591154/linda-ngaku-ada-hubungan-spesial-dengan-irjen-teddy-ini-kata-hotman-paris,"
Senin, 27 Feb 2023 14:56 WIB "
Linda Ngaku Ada Hubungan Spesial dengan Irjen Teddy di Sidang Kasus Narkoba,https://news.detik.com/berita/d-6590940/linda-ngaku-ada-hubungan-spesial-dengan-irjen-teddy-di-sidang-kasus-narkoba,"
Senin, 27 Feb 2023 13:48 WIB "
AKBP Dody Ngaku Tak Berani Tolak Perintah Irjen Teddy: Saya Hampir Depresi,https://news.detik.com/berita/d-6590922/akbp-dody-ngaku-tak-berani-tolak-perintah-irjen-teddy-saya-hampir-depresi,"
Senin, 27 Feb 2023 13:47 WIB "
AKBP Dody Ungkap Kode 'Singgalang 1' Irjen Teddy Minta Sabu Ditukar Tawas,https://news.detik.com/berita/d-6590758/akbp-dody-ungkap-kode-singgalang-1-irjen-teddy-minta-sabu-ditukar-tawas,"
Senin, 27 Feb 2023 12:40 WIB "
AKPB Dody dan Linda Jadi Saksi Sidang Kasus Narkoba Irjen Teddy Hari Ini,https://news.detik.com/berita/d-6590418/akpb-dody-dan-linda-jadi-saksi-sidang-kasus-narkoba-irjen-teddy-hari-ini,"
Senin, 27 Feb 2023 10:27 WIB "
Ayah AKBP Dody Ngaku Pernah Ditelepon Teddy Minahasa soal Minta Satu Kubu,https://news.detik.com/berita/d-6587616/ayah-akbp-dody-ngaku-pernah-ditelepon-teddy-minahasa-soal-minta-satu-kubu,"
Jumat, 24 Feb 2023 20:50 WIB "
"Ayah Kunjungi Rutan, AKBP Dody Prawiranegara Sujud Minta Maaf",https://news.detik.com/berita/d-6587189/ayah-kunjungi-rutan-akbp-dody-prawiranegara-sujud-minta-maaf,"
Jumat, 24 Feb 2023 17:49 WIB "
"Buntut Kasus Irjen Teddy, Polri Evaluasi Aturan Pengelolaan Barbuk Narkoba",https://news.detik.com/berita/d-6586932/buntut-kasus-irjen-teddy-polri-evaluasi-aturan-pengelolaan-barbuk-narkoba,"
Jumat, 24 Feb 2023 16:14 WIB "
Siasat Kode 'Mainkan Mas' Irjen Teddy Tukar Sabu dengan Tawas,https://news.detik.com/berita/d-6585919/siasat-kode-mainkan-mas-irjen-teddy-tukar-sabu-dengan-tawas,"
Jumat, 24 Feb 2023 06:47 WIB "
Kata Hotman Paris soal Sabu 'Milik Jenderal' Dijual Eks Kapolsek Kalibaru,https://news.detik.com/berita/d-6585099/kata-hotman-paris-soal-sabu-milik-jenderal-dijual-eks-kapolsek-kalibaru,"
Kamis, 23 Feb 2023 16:33 WIB "
Eks Kapolsek Kalibaru Kasranto Jual Bukti Sabu Teddy untuk Bayar Utang,https://news.detik.com/berita/d-6584910/eks-kapolsek-kalibaru-kasranto-jual-bukti-sabu-teddy-untuk-bayar-utang,"
Kamis, 23 Feb 2023 15:22 WIB "
"Jual BB Sabu Teddy Minahasa, Eks Kapolsek Kalibaru Akui Bodoh",https://news.detik.com/berita/d-6584695/jual-bb-sabu-teddy-minahasa-eks-kapolsek-kalibaru-akui-bodoh,"
Kamis, 23 Feb 2023 14:14 WIB "
Cerita di Balik Kode 'Mainkan' Irjen Teddy Minta Tukar Sabu dengan Tawas,https://news.detik.com/berita/d-6584639/cerita-di-balik-kode-mainkan-irjen-teddy-minta-tukar-sabu-dengan-tawas,"
Kamis, 23 Feb 2023 13:42 WIB "
Sidang Irjen Teddy Baru Dimulai Sudah Diwarnai Debat Jaksa dan Pengacara,https://news.detik.com/berita/d-6584424/sidang-irjen-teddy-baru-dimulai-sudah-diwarnai-debat-jaksa-dan-pengacara,"
Kamis, 23 Feb 2023 11:49 WIB "
Eks Kapolsek Kalibaru Jadi Saksi di Sidang Irjen Teddy Minahasa,https://news.detik.com/berita/d-6584344/eks-kapolsek-kalibaru-jadi-saksi-di-sidang-irjen-teddy-minahasa,"
Kamis, 23 Feb 2023 11:19 WIB "
Profil Kapolda Jambi Rusdi Hartono yang Berhasil Dievakuasi dari Kerinci,https://news.detik.com/berita/d-6583317/profil-kapolda-jambi-rusdi-hartono-yang-berhasil-dievakuasi-dari-kerinci,"
Rabu, 22 Feb 2023 17:32 WIB "
"Irjen Teddy Absen Jadi Saksi Sidang Kasus Narkoba, AKBP Dody Keberatan",https://news.detik.com/berita/d-6583102/irjen-teddy-absen-jadi-saksi-sidang-kasus-narkoba-akbp-dody-keberatan,"
Rabu, 22 Feb 2023 16:16 WIB "
"Irjen Teddy Masih di Rutan, Sidang Kasus Narkoba AKBP Dody Diskors",https://news.detik.com/berita/d-6582570/irjen-teddy-masih-di-rutan-sidang-kasus-narkoba-akbp-dody-diskors,"
Rabu, 22 Feb 2023 13:19 WIB "
Hotman Paris Tepis Anak Buah Sempat Diomelin Hakim Sidang Irjen Teddy,https://news.detik.com/berita/d-6582436/hotman-paris-tepis-anak-buah-sempat-diomelin-hakim-sidang-irjen-teddy,"
Rabu, 22 Feb 2023 12:29 WIB "
"Hadiri Sidang Kasus Narkoba, Keluarga AKBP Dody Pakai Kaus #SaveAKBPDody",https://news.detik.com/berita/d-6582328/hadiri-sidang-kasus-narkoba-keluarga-akbp-dody-pakai-kaus-saveakbpdody,"
Rabu, 22 Feb 2023 11:46 WIB "
Kapolri: Sidang Etik Irjen Teddy Minahasa Sedang Disiapkan,https://news.detik.com/berita/d-6580706/kapolri-sidang-etik-irjen-teddy-minahasa-sedang-disiapkan,"
Selasa, 21 Feb 2023 14:17 WIB "
Pesan Ketua Banggar DPR untuk Dukung Agenda Reformasi Polri,https://news.detik.com/berita/d-6580546/pesan-ketua-banggar-dpr-untuk-dukung-agenda-reformasi-polri,"
Selasa, 21 Feb 2023 13:26 WIB "
Balasan Kejagung ke Hotman soal Jaksa dari Kasus Sambo di Sidang Teddy,https://news.detik.com/berita/d-6579473/balasan-kejagung-ke-hotman-soal-jaksa-dari-kasus-sambo-di-sidang-teddy,"
Senin, 20 Feb 2023 19:01 WIB "
Irjen Teddy Tanya Saksi Kasus Narkoba: Ada yang Arahkan Kaitkan Nama Saya?,https://news.detik.com/berita/d-6579029/irjen-teddy-tanya-saksi-kasus-narkoba-ada-yang-arahkan-kaitkan-nama-saya,"
Senin, 20 Feb 2023 16:32 WIB "
Saksi Kasus Irjen Teddy Ungkap Kode 'Cari Lawan' Sebelum Disuruh Antar Sabu,https://news.detik.com/berita/d-6578689/saksi-kasus-irjen-teddy-ungkap-kode-cari-lawan-sebelum-disuruh-antar-sabu,"
Senin, 20 Feb 2023 14:18 WIB "
Hakim Tegur Anak Buah Hotman Potong JPU Sidang Irjen Teddy: Kayak di Kampung,https://news.detik.com/berita/d-6578470/hakim-tegur-anak-buah-hotman-potong-jpu-sidang-irjen-teddy-kayak-di-kampung,"
Senin, 20 Feb 2023 12:55 WIB "
"Sidang Irjen Teddy, Aiptu Janto Cerita Antar Sabu Rp 500 Juta ke Alex Bonpis",https://news.detik.com/berita/d-6578345/sidang-irjen-teddy-aiptu-janto-cerita-antar-sabu-rp-500-juta-ke-alex-bonpis,"
Senin, 20 Feb 2023 12:12 WIB "
Hotman Tanya Identitas JPU Sidang Irjen Teddy: Saya Lihat Jaksa Kasus Sambo,https://news.detik.com/berita/d-6578157/hotman-tanya-identitas-jpu-sidang-irjen-teddy-saya-lihat-jaksa-kasus-sambo,"
Senin, 20 Feb 2023 11:02 WIB "
Aiptu Janto Situmorang Jadi Saksi di Sidang Teddy Minahasa Hari Ini,https://news.detik.com/berita/d-6578132/aiptu-janto-situmorang-jadi-saksi-di-sidang-teddy-minahasa-hari-ini,"
Senin, 20 Feb 2023 10:43 WIB "
Panas! Hotman Paris dan Jaksa Debat di Sidang Irjen Teddy Minahasa,https://news.detik.com/berita/d-6572249/panas-hotman-paris-dan-jaksa-debat-di-sidang-irjen-teddy-minahasa,"
Kamis, 16 Feb 2023 14:32 WIB "
Kerabat Ungkap Momen Kertas Cokelat Raib Usai AKBP Doddy Bertemu Irjen Teddy,https://news.detik.com/berita/d-6572127/kerabat-ungkap-momen-kertas-cokelat-raib-usai-akbp-doddy-bertemu-irjen-teddy,"
Kamis, 16 Feb 2023 13:52 WIB "
Teddy Minahasa Cecar Saksi Ubah Keterangan di BAP: Disuruh Penyidik?,https://news.detik.com/berita/d-6571968/teddy-minahasa-cecar-saksi-ubah-keterangan-di-bap-disuruh-penyidik,"
Kamis, 16 Feb 2023 12:50 WIB "
ART hingga Pegawai Money Changer Bersaksi di Sidang Irjen Teddy Minahasa,https://news.detik.com/berita/d-6571668/art-hingga-pegawai-money-changer-bersaksi-di-sidang-irjen-teddy-minahasa,"
Kamis, 16 Feb 2023 10:28 WIB "
Janji Polisi Miskinkan Alex Bonpis Bandar Terkait Kasus Irjen Teddy,https://news.detik.com/berita/d-6571409/janji-polisi-miskinkan-alex-bonpis-bandar-terkait-kasus-irjen-teddy,"
Kamis, 16 Feb 2023 07:00 WIB "
"Alex Bonpis Bandar Sabu Kampung Bahari Dijerat TPPU, Polisi: Kita Miskinkan!",https://news.detik.com/berita/d-6570352/alex-bonpis-bandar-sabu-kampung-bahari-dijerat-tppu-polisi-kita-miskinkan,"
Rabu, 15 Feb 2023 15:24 WIB "
"Eksepsi Teddy Minahasa Ditolak, Hotman Paris Tuding Ada Tekanan Publik",https://news.detik.com/berita/d-6559696/eksepsi-teddy-minahasa-ditolak-hotman-paris-tuding-ada-tekanan-publik,"
Kamis, 09 Feb 2023 11:41 WIB "
Hakim Tolak Eksepsi Teddy Minahasa Terkait Kasus Narkoba,https://news.detik.com/berita/d-6559498/hakim-tolak-eksepsi-teddy-minahasa-terkait-kasus-narkoba,"
Kamis, 09 Feb 2023 10:14 WIB "
Jaksa Minta Hakim Tolak Eksepsi Teddy Minahasa,https://news.detik.com/berita/d-6553684/jaksa-minta-hakim-tolak-eksepsi-teddy-minahasa,"
Senin, 06 Feb 2023 12:02 WIB "
6 Fakta Persidangan Irjen Teddy Minahasa Didakwa Jual Sabu Sitaan,https://news.detik.com/berita/d-6550613/6-fakta-persidangan-irjen-teddy-minahasa-didakwa-jual-sabu-sitaan,"
Jumat, 03 Feb 2023 23:09 WIB "
Teddy Minahasa Langsung Melawan di Sidang Jual Sabu Sitaan,https://news.detik.com/berita/d-6548898/teddy-minahasa-langsung-melawan-di-sidang-jual-sabu-sitaan,"
Jumat, 03 Feb 2023 08:14 WIB "
Irjen Teddy Ngaku Hendak Ungkap Narkoba Jaringan Laut China Selatan,https://news.detik.com/berita/d-6548524/irjen-teddy-ngaku-hendak-ungkap-narkoba-jaringan-laut-china-selatan,"
Kamis, 02 Feb 2023 19:33 WIB "
Teddy Minahasa Ungkit Pernah Kapolda 2 Kali hingga Pengawal Jokowi,https://news.detik.com/berita/d-6548343/teddy-minahasa-ungkit-pernah-kapolda-2-kali-hingga-pengawal-jokowi,"
Kamis, 02 Feb 2023 18:16 WIB "
Jaksa Ungkap Irjen Teddy Terima Duit SGD 27.300 Hasil Jual Sabu Sitaan,https://news.detik.com/berita/d-6548062/jaksa-ungkap-irjen-teddy-terima-duit-sgd-27-300-hasil-jual-sabu-sitaan,"
Kamis, 02 Feb 2023 16:42 WIB "
Irjen Teddy Minahasa Langsung Melawan Dakwaan Jual Sabu Sitaan,https://news.detik.com/berita/d-6547726/irjen-teddy-minahasa-langsung-melawan-dakwaan-jual-sabu-sitaan,"
Kamis, 02 Feb 2023 14:39 WIB "
Teddy Minahasa Minta AKBP Doddy Tukar Sabu ke Tawas untuk Bonus Anggota,https://news.detik.com/berita/d-6547619/teddy-minahasa-minta-akbp-doddy-tukar-sabu-ke-tawas-untuk-bonus-anggota,"
Kamis, 02 Feb 2023 13:59 WIB "
Irjen Teddy Minahasa Didakwa Jual Sabu Sitaan Bareng AKBP Doddy dkk,https://news.detik.com/berita/d-6547577/irjen-teddy-minahasa-didakwa-jual-sabu-sitaan-bareng-akbp-doddy-dkk,"
Kamis, 02 Feb 2023 13:39 WIB "
Irjen Teddy Minahasa Jalani Sidang Perdana Kasus Narkoba Hari Ini,https://news.detik.com/berita/d-6546944/irjen-teddy-minahasa-jalani-sidang-perdana-kasus-narkoba-hari-ini,"
Kamis, 02 Feb 2023 07:49 WIB "
Mengemuka soal Sabu Sitaan Ditukar Tawas di Sidang AKBP Dody Prawiranegara,https://news.detik.com/berita/d-6546679/mengemuka-soal-sabu-sitaan-ditukar-tawas-di-sidang-akbp-dody-prawiranegara,"
Rabu, 01 Feb 2023 21:34 WIB "
Jaksa Ungkap Irjen Teddy Protes gegara Jatah Jual Sabu Rp 300 Juta Per Kg,https://news.detik.com/berita/d-6546566/jaksa-ungkap-irjen-teddy-protes-gegara-jatah-jual-sabu-rp-300-juta-per-kg,"
Rabu, 01 Feb 2023 20:10 WIB "
"Jaksa: Irjen Teddy Perintah Tukar 10 Kg Sabu ke Tawas, Dody Sanggupi 5 Kg",https://news.detik.com/berita/d-6546380/jaksa-irjen-teddy-perintah-tukar-10-kg-sabu-ke-tawas-dody-sanggupi-5-kg,"
Rabu, 01 Feb 2023 18:31 WIB "
Perintah Irjen Teddy ke AKBP Dody Tukar 10 Kg Sabu dengan Tawas: Mainkan Mas,https://news.detik.com/berita/d-6546047/perintah-irjen-teddy-ke-akbp-dody-tukar-10-kg-sabu-dengan-tawas-mainkan-mas,"
Rabu, 01 Feb 2023 16:33 WIB "
Jaksa: Irjen Teddy Perintahkan AKBP Doddy Ganti Barbuk Sabu dengan Tawas,https://news.detik.com/berita/d-6545821/jaksa-irjen-teddy-perintahkan-akbp-doddy-ganti-barbuk-sabu-dengan-tawas,"
Rabu, 01 Feb 2023 15:12 WIB "
AKBP Dody Didakwa Jual Sabu Sitaan Bersama Irjen Teddy Minahasa,https://news.detik.com/berita/d-6545757/akbp-dody-didakwa-jual-sabu-sitaan-bersama-irjen-teddy-minahasa,"
Rabu, 01 Feb 2023 14:51 WIB "
AKBP Doddy Jalani Sidang Perdana Kasus Narkoba Teddy Minahasa Hari Ini,https://news.detik.com/berita/d-6545288/akbp-doddy-jalani-sidang-perdana-kasus-narkoba-teddy-minahasa-hari-ini,"
Rabu, 01 Feb 2023 11:13 WIB "
Sidang Perdana Irjen Teddy Minahasa Digelar Kamis 2 Februari,https://news.detik.com/berita/d-6543610/sidang-perdana-irjen-teddy-minahasa-digelar-kamis-2-februari,"
Selasa, 31 Jan 2023 13:24 WIB "
Kasus Narkoba Irjen Teddy Minahasa dkk Segera Disidang di PN Jakbar,https://news.detik.com/berita/d-6534289/kasus-narkoba-irjen-teddy-minahasa-dkk-segera-disidang-di-pn-jakbar,"
Rabu, 25 Jan 2023 18:56 WIB "
7 Fakta Alex Bonpis Bandar Narkoba di Kampung Bahari,https://news.detik.com/berita/d-6525628/7-fakta-alex-bonpis-bandar-narkoba-di-kampung-bahari,"
Jumat, 20 Jan 2023 12:14 WIB "
"Polisi Rekonstruksi Transaksi Sabu Alex Bonpis di Kampung Bahari, Ini Hasilnya",https://news.detik.com/berita/d-6525604/polisi-rekonstruksi-transaksi-sabu-alex-bonpis-di-kampung-bahari-ini-hasilnya,"
Jumat, 20 Jan 2023 11:56 WIB "
Asal Usul Nama Alex Bonpis Sang Bandar Narkoba Kampung Bahari,https://news.detik.com/berita/d-6523670/asal-usul-nama-alex-bonpis-sang-bandar-narkoba-kampung-bahari,"
Kamis, 19 Jan 2023 11:47 WIB "
Sosok Alex Bonpis Bandar Narkoba Kampung Bahari di Mata Teman Kecil,https://news.detik.com/berita/d-6523488/sosok-alex-bonpis-bandar-narkoba-kampung-bahari-di-mata-teman-kecil,"
Kamis, 19 Jan 2023 10:35 WIB "
Kasus Teddy Minahasa Tak Berhenti di Alex Bonpis Si Bandar Narkoba,https://news.detik.com/berita/d-6523205/kasus-teddy-minahasa-tak-berhenti-di-alex-bonpis-si-bandar-narkoba,"
Kamis, 19 Jan 2023 07:17 WIB "
Polisi Lacak Aset Lain Alex Bonpis Bandar Narkoba Terkait Teddy Minahasa,https://news.detik.com/berita/d-6522464/polisi-lacak-aset-lain-alex-bonpis-bandar-narkoba-terkait-teddy-minahasa,"
Rabu, 18 Jan 2023 17:13 WIB "
"Bandar Narkoba Alex Bonpis Ditangkap Terkait Teddy Minahasa, Ini Kata BNN",https://news.detik.com/berita/d-6522110/bandar-narkoba-alex-bonpis-ditangkap-terkait-teddy-minahasa-ini-kata-bnn,"
Rabu, 18 Jan 2023 15:13 WIB "
Polisi Telusuri Bandar Narkoba Selain Alex Bonpis di Kasus Teddy Minahasa,https://news.detik.com/berita/d-6521866/polisi-telusuri-bandar-narkoba-selain-alex-bonpis-di-kasus-teddy-minahasa,"
Rabu, 18 Jan 2023 13:30 WIB "
Polisi: Linda 'Cepu Narkoba' Kenalan Lama Irjen Teddy Minahasa,https://news.detik.com/berita/d-6521836/polisi-linda-cepu-narkoba-kenalan-lama-irjen-teddy-minahasa,"
Rabu, 18 Jan 2023 13:19 WIB "
Alur Sabu dari Teddy Minahasa hingga Alex Bonpis di Kampung Bahari,https://news.detik.com/berita/d-6521692/alur-sabu-dari-teddy-minahasa-hingga-alex-bonpis-di-kampung-bahari,"
Rabu, 18 Jan 2023 12:32 WIB "
"Polisi Tes Urine Bandar Narkoba Alex Bonpis Dkk, Ini Hasilnya",https://news.detik.com/berita/d-6521072/polisi-tes-urine-bandar-narkoba-alex-bonpis-dkk-ini-hasilnya,"
Selasa, 17 Jan 2023 23:21 WIB "
Polisi Lacak Aset Bandar Narkoba Alex Bonpis di Kampung Bahari,https://news.detik.com/berita/d-6520930/polisi-lacak-aset-bandar-narkoba-alex-bonpis-di-kampung-bahari,"
Selasa, 17 Jan 2023 20:50 WIB "
Polisi: Alex Bonpis Penerima Narkoba yang Dijual Teddy Minahasa,https://news.detik.com/berita/d-6520846/polisi-alex-bonpis-penerima-narkoba-yang-dijual-teddy-minahasa,"
Selasa, 17 Jan 2023 19:45 WIB "
Bandar Narkoba Alex Bonpis Ditangkap Bersama Keluarganya di Cikampek,https://news.detik.com/berita/d-6520820/bandar-narkoba-alex-bonpis-ditangkap-bersama-keluarganya-di-cikampek,"
Selasa, 17 Jan 2023 19:34 WIB "
Tampang Alex Bonpis Bandar Narkoba yang Ditangkap terkait Teddy Minahasa,https://news.detik.com/berita/d-6520793/tampang-alex-bonpis-bandar-narkoba-yang-ditangkap-terkait-teddy-minahasa,"
Selasa, 17 Jan 2023 19:23 WIB "
DPO Bandar Narkoba Alex Bonpis Ditangkap Terkait Kasus Teddy Minahasa,https://news.detik.com/berita/d-6520783/dpo-bandar-narkoba-alex-bonpis-ditangkap-terkait-kasus-teddy-minahasa,"
Selasa, 17 Jan 2023 19:12 WIB "
Selangkah Lagi Irjen Teddy Minahasa Diadili di Kasus Narkoba,https://news.detik.com/berita/d-6511138/selangkah-lagi-irjen-teddy-minahasa-diadili-di-kasus-narkoba,"
Kamis, 12 Jan 2023 05:47 WIB "
"Klaim Tak Terlibat Kasus Narkoba, Irjen Teddy Siap Tarung di Persidangan",https://news.detik.com/berita/d-6511058/klaim-tak-terlibat-kasus-narkoba-irjen-teddy-siap-tarung-di-persidangan,"
Rabu, 11 Jan 2023 23:40 WIB "
"Irjen Teddy Segera Diadili, Hotman Paris Sesumbar Begini",https://news.detik.com/berita/d-6510781/irjen-teddy-segera-diadili-hotman-paris-sesumbar-begini,"
Rabu, 11 Jan 2023 19:16 WIB "
Jaksa Segera Susun Dakwaan terhadap Irjen Teddy Minahasa dkk,https://news.detik.com/berita/d-6510670/jaksa-segera-susun-dakwaan-terhadap-irjen-teddy-minahasa-dkk,"
Rabu, 11 Jan 2023 18:31 WIB "
"Irjen Teddy Ditahan Jaksa di Polda Metro, 6 Lainnya di Polres Jakbar",https://news.detik.com/berita/d-6510351/irjen-teddy-ditahan-jaksa-di-polda-metro-6-lainnya-di-polres-jakbar,"
Rabu, 11 Jan 2023 16:28 WIB "
"Irjen Teddy Minahasa Tiba di Kejari Jakbar, Hotman Paris Dampingi",https://news.detik.com/berita/d-6509675/irjen-teddy-minahasa-tiba-di-kejari-jakbar-hotman-paris-dampingi,"
Rabu, 11 Jan 2023 12:24 WIB "
"Dikawal Propam, Irjen Teddy Berbaju Tahanan Dibawa ke Kejari Jakbar",https://news.detik.com/berita/d-6509615/dikawal-propam-irjen-teddy-berbaju-tahanan-dibawa-ke-kejari-jakbar,"
Rabu, 11 Jan 2023 11:50 WIB "
Irjen Teddy dkk Diperiksa Kesehatannya Sebelum Dilimpahkan ke Jaksa,https://news.detik.com/berita/d-6509517/irjen-teddy-dkk-diperiksa-kesehatannya-sebelum-dilimpahkan-ke-jaksa,"
Rabu, 11 Jan 2023 11:19 WIB "
"Irjen Teddy Minahasa Diserahkan ke Kejati DKI Siang Ini, Kondisi Sehat",https://news.detik.com/berita/d-6509280/irjen-teddy-minahasa-diserahkan-ke-kejati-dki-siang-ini-kondisi-sehat,"
Rabu, 11 Jan 2023 09:19 WIB "
Polda Metro Limpahkan Irjen Teddy Minahasa dkk ke Kejati DKI Besok,https://news.detik.com/berita/d-6507193/polda-metro-limpahkan-irjen-teddy-minahasa-dkk-ke-kejati-dki-besok,"
Selasa, 10 Jan 2023 08:48 WIB "
Kombes Yulius Ditangkap Nyabu: Barang Bukti hingga Ancaman Dipecat,https://news.detik.com/berita/d-6504389/kombes-yulius-ditangkap-nyabu-barang-bukti-hingga-ancaman-dipecat,"
Minggu, 08 Jan 2023 14:16 WIB "
Begini Awal Mula Kombes Yulius Ditangkap Nyabu Bareng Wanita,https://news.detik.com/berita/d-6504079/begini-awal-mula-kombes-yulius-ditangkap-nyabu-bareng-wanita,"
Minggu, 08 Jan 2023 09:03 WIB "
7 Fakta Kombes Yulius Ditangkap Terkait Narkoba,https://news.detik.com/berita/d-6504020/7-fakta-kombes-yulius-ditangkap-terkait-narkoba,"
Minggu, 08 Jan 2023 08:00 WIB "
Profil Kombes Yulius Bambang Karyanto yang Ditangkap Nyabu di Hotel Jakut,https://news.detik.com/berita/d-6503544/profil-kombes-yulius-bambang-karyanto-yang-ditangkap-nyabu-di-hotel-jakut,"
Sabtu, 07 Jan 2023 17:54 WIB "
Kronologi Kombes Yulius Ditangkap Nyabu Bareng Wanita di Hotel Jakut,https://news.detik.com/berita/d-6503452/kronologi-kombes-yulius-ditangkap-nyabu-bareng-wanita-di-hotel-jakut,"
Sabtu, 07 Jan 2023 17:05 WIB "
"Kombes Yulius Ditangkap Nyabu, Polda Metro: Perintah Kapolda Tindak Tegas",https://news.detik.com/berita/d-6503365/kombes-yulius-ditangkap-nyabu-polda-metro-perintah-kapolda-tindak-tegas,"
Sabtu, 07 Jan 2023 16:07 WIB "
Ini Barang Bukti Disita dari Kombes Yulius: Sabu hingga Bong,https://news.detik.com/berita/d-6503308/ini-barang-bukti-disita-dari-kombes-yulius-sabu-hingga-bong,"
Sabtu, 07 Jan 2023 15:31 WIB "
Penampakan Kombes Yulius Usai Ditangkap Nyabu di Hotel Jakut,https://news.detik.com/berita/d-6503160/penampakan-kombes-yulius-usai-ditangkap-nyabu-di-hotel-jakut,"
Sabtu, 07 Jan 2023 13:31 WIB "
Status Kombes YBK di Kasus Sabu Ditentukan 3x24 Jam Usai Penangkapan,https://news.detik.com/berita/d-6503123/status-kombes-ybk-di-kasus-sabu-ditentukan-3x24-jam-usai-penangkapan,"
Sabtu, 07 Jan 2023 13:03 WIB "
Irjen Teddy Minahasa dkk Diserahkan ke Kejati DKI Pekan Depan,https://news.detik.com/berita/d-6499810/irjen-teddy-minahasa-dkk-diserahkan-ke-kejati-dki-pekan-depan,"
Kamis, 05 Jan 2023 14:00 WIB "
"Kepercayaan ke Polri Meningkat, Anggota Komisi III DPR: Kemajuan Spektakuler",https://news.detik.com/berita/d-6498636/kepercayaan-ke-polri-meningkat-anggota-komisi-iii-dpr-kemajuan-spektakuler,"
Rabu, 04 Jan 2023 18:14 WIB "
"Kejati Seleksi JPU Kasus Irjen Teddy Minahasa, Pastikan Tak Ada Kedekatan",https://news.detik.com/berita/d-6498089/kejati-seleksi-jpu-kasus-irjen-teddy-minahasa-pastikan-tak-ada-kedekatan,"
Rabu, 04 Jan 2023 15:12 WIB "
Survei Indopol: Program Quick Wins Efektif Tingkatkan Kepercayaan Polri,https://news.detik.com/berita/d-6497789/survei-indopol-program-quick-wins-efektif-tingkatkan-kepercayaan-polri,"
Rabu, 04 Jan 2023 13:06 WIB "
Syukur Kapolri di Ujung 2022: MIT Poso Diberantas-Kepercayaan Publik Naik,https://news.detik.com/berita/d-6492333/syukur-kapolri-di-ujung-2022-mit-poso-diberantas-kepercayaan-publik-naik,"
Minggu, 01 Jan 2023 08:11 WIB "
Indonesia Indikator Nilai Upaya Kapolri Berbenah Pulihkan Kepercayaan Publik,https://news.detik.com/berita/d-6492092/indonesia-indikator-nilai-upaya-kapolri-berbenah-pulihkan-kepercayaan-publik,"
Sabtu, 31 Des 2022 22:36 WIB "
Hermawan Kertajaya Puji Sikap Tenang Kapolri Hadapi 3 Masalah Besar di Polri,https://news.detik.com/berita/d-6491985/hermawan-kertajaya-puji-sikap-tenang-kapolri-hadapi-3-masalah-besar-di-polri,"
Sabtu, 31 Des 2022 21:21 WIB "
"Hermawan Sulistyo: Jika Tak Ada Kasus Sambo, Kinerja Polri 2022 Sempurna",https://news.detik.com/berita/d-6491871/hermawan-sulistyo-jika-tak-ada-kasus-sambo-kinerja-polri-2022-sempurna,"
Sabtu, 31 Des 2022 20:06 WIB "
"Kapolri: Kepercayaan terhadap Polri Naik Jadi 62,4% pada Akhir 2022",https://news.detik.com/berita/d-6491837/kapolri-kepercayaan-terhadap-polri-naik-jadi-62-4-pada-akhir-2022,"
Sabtu, 31 Des 2022 19:45 WIB "
"Kapolri Minta Maaf atas Perilaku Anggota, Termasuk soal Sambo-Teddy Minahasa",https://news.detik.com/berita/d-6491746/kapolri-minta-maaf-atas-perilaku-anggota-termasuk-soal-sambo-teddy-minahasa,"
Sabtu, 31 Des 2022 18:41 WIB "
Kejati DKI Siapkan JPU Pilihan Sidangkan Kasus Teddy Minahasa dkk,https://news.detik.com/berita/d-6487786/kejati-dki-siapkan-jpu-pilihan-sidangkan-kasus-teddy-minahasa-dkk,"
Kamis, 29 Des 2022 15:39 WIB "
Prof Indriyanto: Kepercayaan Publik ke Polri Membaik Berkat Reformasi Internal,https://news.detik.com/berita/d-6476680/prof-indriyanto-kepercayaan-publik-ke-polri-membaik-berkat-reformasi-internal,"
Jumat, 23 Des 2022 09:59 WIB "
Babak Baru Irjen Teddy Minahasa dkk Segera Diadili Terkait Kasus Sabu,https://news.detik.com/berita/d-6474552/babak-baru-irjen-teddy-minahasa-dkk-segera-diadili-terkait-kasus-sabu,"
Kamis, 22 Des 2022 07:30 WIB "
"Irjen Teddy Tak Hadiri Pemusnahan Sabu, Pihak AKBP Doddy Bilang Begini",https://news.detik.com/berita/d-6474140/irjen-teddy-tak-hadiri-pemusnahan-sabu-pihak-akbp-doddy-bilang-begini,"
Rabu, 21 Des 2022 19:05 WIB "
"Polda Metro Musnahkan 3,1 Kg Sabu Barang Bukti Kasus Teddy Minahasa dkk",https://news.detik.com/berita/d-6474052/polda-metro-musnahkan-3-1-kg-sabu-barang-bukti-kasus-teddy-minahasa-dkk,"
Rabu, 21 Des 2022 18:23 WIB "
Irjen Teddy Minahasa dkk Dilimpahkan ke Jaksa Awal Tahun 2023,https://news.detik.com/berita/d-6473975/irjen-teddy-minahasa-dkk-dilimpahkan-ke-jaksa-awal-tahun-2023,"
Rabu, 21 Des 2022 17:44 WIB "
Kejati DKI Nyatakan Berkas Kasus Narkoba Teddy Minahasa dkk Lengkap,https://news.detik.com/berita/d-6473785/kejati-dki-nyatakan-berkas-kasus-narkoba-teddy-minahasa-dkk-lengkap,"
Rabu, 21 Des 2022 16:26 WIB "
Polri soal Nilai Merosot di Survei Integritas 2022 Dirilis KPK: Kami Berbenah,https://news.detik.com/berita/d-6462339/polri-soal-nilai-merosot-di-survei-integritas-2022-dirilis-kpk-kami-berbenah,"
Kamis, 15 Des 2022 08:38 WIB "
Kapolri Janji Tuntaskan Sidang Kode Etik Irjen Napoleon-Teddy Minahasa,https://news.detik.com/berita/d-6462127/kapolri-janji-tuntaskan-sidang-kode-etik-irjen-napoleon-teddy-minahasa,"
Kamis, 15 Des 2022 00:53 WIB "
Asa AKBP Doddy Dkk Jadi Justice Collaborator Kandas di LPSK,https://news.detik.com/berita/d-6460203/asa-akbp-doddy-dkk-jadi-justice-collaborator-kandas-di-lpsk,"
Rabu, 14 Des 2022 07:11 WIB "
"JC Ditolak, AKBP Doddy Fokus Susun Strategi Lawan Irjen Teddy di Pengadilan",https://news.detik.com/berita/d-6459884/jc-ditolak-akbp-doddy-fokus-susun-strategi-lawan-irjen-teddy-di-pengadilan,"
Selasa, 13 Des 2022 20:21 WIB "
Polda Metro Tunggu Jawaban Jaksa soal Berkas Kasus Narkoba Teddy Minahasa,https://news.detik.com/berita/d-6459258/polda-metro-tunggu-jawaban-jaksa-soal-berkas-kasus-narkoba-teddy-minahasa,"
Selasa, 13 Des 2022 16:09 WIB "
LPSK Harap Jaksa Pisahkan Penahanan Irjen Teddy dan AKBP Doddy cs,https://news.detik.com/berita/d-6459216/lpsk-harap-jaksa-pisahkan-penahanan-irjen-teddy-dan-akbp-doddy-cs,"
Selasa, 13 Des 2022 15:50 WIB "
"Tolak Berikan Justice Collaborator AKBP Doddy cs, Ini Alasan LPSK",https://news.detik.com/berita/d-6459079/tolak-berikan-justice-collaborator-akbp-doddy-cs-ini-alasan-lpsk,"
Selasa, 13 Des 2022 14:57 WIB "
LPSK Tolak Permohonan Justice Collaborator AKBP Doddy Prawiranegara cs!,https://news.detik.com/berita/d-6458780/lpsk-tolak-permohonan-justice-collaborator-akbp-doddy-prawiranegara-cs,"
Selasa, 13 Des 2022 12:59 WIB "
Pengacara Harap JC Dikabulkan: AKBP Doddy Hanya Ikuti Perintah Irjen Teddy,https://news.detik.com/berita/d-6456289/pengacara-harap-jc-dikabulkan-akbp-doddy-hanya-ikuti-perintah-irjen-teddy,"
Senin, 12 Des 2022 08:18 WIB "
"Besok, LPSK Putuskan Permohonan Justice Collaborator AKBP Doddy dkk",https://news.detik.com/berita/d-6455566/besok-lpsk-putuskan-permohonan-justice-collaborator-akbp-doddy-dkk,"
Minggu, 11 Des 2022 16:24 WIB "
Keluarga AKBP Doddy Ungkap Skenario Irjen Teddy Kambing Hitamkan Arif,https://news.detik.com/berita/d-6449181/keluarga-akbp-doddy-ungkap-skenario-irjen-teddy-kambing-hitamkan-arif,"
Kamis, 08 Des 2022 07:46 WIB "
"Kasus Narkoba Irjen Teddy Minahasa, Ayah dan Istri AKBP Doddy Diperiksa",https://news.detik.com/berita/d-6448894/kasus-narkoba-irjen-teddy-minahasa-ayah-dan-istri-akbp-doddy-diperiksa,"
Rabu, 07 Des 2022 20:57 WIB "
"Tanya Sidang Etik Irjen Napoleon Hingga Teddy, Kompolnas Surati Propam Polri",https://news.detik.com/berita/d-6444698/tanya-sidang-etik-irjen-napoleon-hingga-teddy-kompolnas-surati-propam-polri,"
Senin, 05 Des 2022 22:35 WIB "
LPSK Tentukan Nasib Pengajuan JC AKBP Doddy Prawiranegara Lusa,https://news.detik.com/berita/d-6440682/lpsk-tentukan-nasib-pengajuan-jc-akbp-doddy-prawiranegara-lusa,"
Sabtu, 03 Des 2022 13:06 WIB "
Keberadaan Ismail Bolong Masih Dicari Polisi,https://news.detik.com/berita/d-6440407/keberadaan-ismail-bolong-masih-dicari-polisi,"
Sabtu, 03 Des 2022 09:56 WIB "
"Survei Indopol: Tren Kepercayaan Publik ke Polri Naik, Kini di Atas 60%",https://news.detik.com/berita/d-6439374/survei-indopol-tren-kepercayaan-publik-ke-polri-naik-kini-di-atas-60,"
Jumat, 02 Des 2022 16:30 WIB "
"Survei Indikator: 58,8% Responden Berasumsi Ada Persaingan Tak Sehat di Polri",https://news.detik.com/berita/d-6429279/survei-indikator-58-8-responden-berasumsi-ada-persaingan-tak-sehat-di-polri,"
Minggu, 27 Nov 2022 15:34 WIB "
"Pelapor Disindir 'Cuma Terima Kasih', Polisi Diingatkan Layani Tanpa Pamrih",https://news.detik.com/berita/d-6427707/pelapor-disindir-cuma-terima-kasih-polisi-diingatkan-layani-tanpa-pamrih,"
Sabtu, 26 Nov 2022 11:57 WIB "
Polda Metro Limpahkan Lagi Berkas Perkara Irjen Teddy ke Kejati DKI,https://news.detik.com/berita/d-6427049/polda-metro-limpahkan-lagi-berkas-perkara-irjen-teddy-ke-kejati-dki,"
Jumat, 25 Nov 2022 20:48 WIB "
Kabareskrim Bantah Terlibat Suap Tambang Ilegal di Kaltim,https://news.detik.com/berita/d-6425714/kabareskrim-bantah-terlibat-suap-tambang-ilegal-di-kaltim,"
Jumat, 25 Nov 2022 10:38 WIB "
4 Poin Konfrontasi Irjen Teddy-AKBP Doddy Saling Tuding soal Sabu 5 Kg,https://news.detik.com/berita/d-6423540/4-poin-konfrontasi-irjen-teddy-akbp-doddy-saling-tuding-soal-sabu-5-kg,"
Kamis, 24 Nov 2022 09:38 WIB "
"Irjen Teddy Klaim 5 Kg Sabu di Jaksa, AKBP Doddy Ungkap Fakta Lain",https://news.detik.com/berita/d-6423213/irjen-teddy-klaim-5-kg-sabu-di-jaksa-akbp-doddy-ungkap-fakta-lain,"
Rabu, 23 Nov 2022 22:45 WIB "
"12 Jam Dikonfrontasi, Irjen Teddy dan AKBP Doddy Debat Alot soal Sabu",https://news.detik.com/berita/d-6423165/12-jam-dikonfrontasi-irjen-teddy-dan-akbp-doddy-debat-alot-soal-sabu,"
Rabu, 23 Nov 2022 22:14 WIB "
Kejagung Bantah Klaim Pihak Teddy Minahasa soal '5 Kg Sabu Utuh di Jaksa',https://news.detik.com/berita/d-6423154/kejagung-bantah-klaim-pihak-teddy-minahasa-soal-5-kg-sabu-utuh-di-jaksa,"
Rabu, 23 Nov 2022 22:03 WIB "
Hotman Ungkap Momen Canggung Irjen Teddy-AKBP Doddy Saat Dikonfrontasi,https://news.detik.com/berita/d-6422577/hotman-ungkap-momen-canggung-irjen-teddy-akbp-doddy-saat-dikonfrontasi,"
Rabu, 23 Nov 2022 17:12 WIB "
"Irjen Teddy dan AKBP Doddy cs Dikonfrontasi, Ini Poin yang Diperdebatkan",https://news.detik.com/berita/d-6422299/irjen-teddy-dan-akbp-doddy-cs-dikonfrontasi-ini-poin-yang-diperdebatkan,"
Rabu, 23 Nov 2022 15:41 WIB "
Kompolnas: Inkonsistensi Irjen Teddy Tunjukkan Ada Skenario yang Dibangun,https://news.detik.com/berita/d-6422212/kompolnas-inkonsistensi-irjen-teddy-tunjukkan-ada-skenario-yang-dibangun,"
Rabu, 23 Nov 2022 15:09 WIB "
Jaksa Agung Singgung Kasus Sambo hingga Irjen Teddy Saat Rapat di DPR,https://news.detik.com/berita/d-6421844/jaksa-agung-singgung-kasus-sambo-hingga-irjen-teddy-saat-rapat-di-dpr,"
Rabu, 23 Nov 2022 12:51 WIB "
"Sempat Ditunda, Irjen Teddy-AKBP Doddy Cs Dikonfrontasi Hari Ini",https://news.detik.com/berita/d-6421253/sempat-ditunda-irjen-teddy-akbp-doddy-cs-dikonfrontasi-hari-ini,"
Rabu, 23 Nov 2022 07:43 WIB "
"Besok, Irjen Teddy Minahasa-AKBP Doddy Dikonfrontir di Kasus Narkoba",https://news.detik.com/berita/d-6421077/besok-irjen-teddy-minahasa-akbp-doddy-dikonfrontir-di-kasus-narkoba,"
Selasa, 22 Nov 2022 23:20 WIB "
Beda Irjen Teddy Minahasa Vs AKBP Doddy Cs soal Sabu Ganti Tawas,https://news.detik.com/berita/d-6419115/beda-irjen-teddy-minahasa-vs-akbp-doddy-cs-soal-sabu-ganti-tawas,"
Selasa, 22 Nov 2022 07:34 WIB "
Kompolnas: Kapolri Benar-benar Total Pastikan Situasi Aman saat G20 Bali,https://news.detik.com/berita/d-6418122/kompolnas-kapolri-benar-benar-total-pastikan-situasi-aman-saat-g20-bali,"
Senin, 21 Nov 2022 15:16 WIB "
"Irjen Teddy Tuding Barang Bukti Sabu Susut 1,9 Kg Sebelum Dirilis",https://news.detik.com/berita/d-6417353/irjen-teddy-tuding-barang-bukti-sabu-susut-1-9-kg-sebelum-dirilis,"
Senin, 21 Nov 2022 11:06 WIB "
Pengacara Irjen Teddy Tuding AKBP Doddy Berlindung di Balik 'Perintah Atasan',https://news.detik.com/berita/d-6417344/pengacara-irjen-teddy-tuding-akbp-doddy-berlindung-di-balik-perintah-atasan,"
Senin, 21 Nov 2022 11:02 WIB "
Irjen Teddy Minahasa dan AKBP Doddy Batal Dikonfrontasi Hari Ini,https://news.detik.com/berita/d-6417335/irjen-teddy-minahasa-dan-akbp-doddy-batal-dikonfrontasi-hari-ini,"
Senin, 21 Nov 2022 10:56 WIB "
Irjen Teddy Minahasa-AKBP Doddy Dikonfrontasi soal 5 Kg Sabu Hari Ini,https://news.detik.com/berita/d-6417028/irjen-teddy-minahasa-akbp-doddy-dikonfrontasi-soal-5-kg-sabu-hari-ini,"
Senin, 21 Nov 2022 07:43 WIB "
Tak Masalah Teddy Minahasa Cabut BAP karena Polisi Tetap Punya Bukti,https://news.detik.com/berita/d-6417020/tak-masalah-teddy-minahasa-cabut-bap-karena-polisi-tetap-punya-bukti,"
Senin, 21 Nov 2022 07:33 WIB "
Saling Serang Kubu Teddy Minahasa vs AKBP Doddy soal Dalang Kasus Sabu,https://news.detik.com/berita/d-6416632/saling-serang-kubu-teddy-minahasa-vs-akbp-doddy-soal-dalang-kasus-sabu,"
Minggu, 20 Nov 2022 19:33 WIB "
"Besok, Berkas Eks Kapolsek Terkait Kasus Irjen Teddy Dikirim ke Jaksa",https://news.detik.com/berita/d-6416458/besok-berkas-eks-kapolsek-terkait-kasus-irjen-teddy-dikirim-ke-jaksa,"
Minggu, 20 Nov 2022 17:47 WIB "
Polisi Tak Masalah Irjen Teddy Cabut BAP: Ada 4 Bukti Lain,https://news.detik.com/berita/d-6416421/polisi-tak-masalah-irjen-teddy-cabut-bap-ada-4-bukti-lain,"
Minggu, 20 Nov 2022 17:19 WIB "
Polisi: Pencabutan BAP Tak Gugurkan Pidana Irjen Teddy Minahasa,https://news.detik.com/berita/d-6416403/polisi-pencabutan-bap-tak-gugurkan-pidana-irjen-teddy-minahasa,"
Minggu, 20 Nov 2022 16:52 WIB "
"Irjen Teddy Minahasa Cabut BAP Kasus Narkoba, Ini Kata Polisi",https://news.detik.com/berita/d-6416392/irjen-teddy-minahasa-cabut-bap-kasus-narkoba-ini-kata-polisi,"
Minggu, 20 Nov 2022 16:37 WIB "
Pengacara AKBP Doddy Balas Hotman Paris: Dalangnya Itu Irjen Teddy,https://news.detik.com/berita/d-6416332/pengacara-akbp-doddy-balas-hotman-paris-dalangnya-itu-irjen-teddy,"
Minggu, 20 Nov 2022 15:59 WIB "
Hotman Paris Nantikan Kejutan AKBP Doddy soal Kasus Narkoba Irjen Teddy,https://news.detik.com/berita/d-6415767/hotman-paris-nantikan-kejutan-akbp-doddy-soal-kasus-narkoba-irjen-teddy,"
Minggu, 20 Nov 2022 09:02 WIB "
'Kuncian' Linda ke Irjen Teddy Minahasa soal Chat Bahas Narkoba,https://news.detik.com/berita/d-6415718/kuncian-linda-ke-irjen-teddy-minahasa-soal-chat-bahas-narkoba,"
Minggu, 20 Nov 2022 08:01 WIB "
Hotman Paris Sebut AKBP Doddy Mastermind Kasus Narkoba Irjen Teddy,https://news.detik.com/berita/d-6415691/hotman-paris-sebut-akbp-doddy-mastermind-kasus-narkoba-irjen-teddy,"
Minggu, 20 Nov 2022 07:21 WIB "
Hotman: AKBP Doddy Pakai Alasan Seolah Diperintah Atasan Kayak Kasus Sambo,https://news.detik.com/berita/d-6415671/hotman-akbp-doddy-pakai-alasan-seolah-diperintah-atasan-kayak-kasus-sambo,"
Minggu, 20 Nov 2022 06:20 WIB "
"Besok, Irjen Teddy akan Dikonfrontir dengan AKBP Doddy",https://news.detik.com/berita/d-6415661/besok-irjen-teddy-akan-dikonfrontir-dengan-akbp-doddy,"
Minggu, 20 Nov 2022 05:41 WIB "
Hotman Bantah Irjen Teddy Telepon Ayah AKBP Doddy untuk Ikut Skenario,https://news.detik.com/berita/d-6415364/hotman-bantah-irjen-teddy-telepon-ayah-akbp-doddy-untuk-ikut-skenario,"
Sabtu, 19 Nov 2022 19:33 WIB "
Irjen Teddy Disebut Telepon Ayah AKBP Doddy Minta Ikut Skenarionya,https://news.detik.com/berita/d-6415031/irjen-teddy-disebut-telepon-ayah-akbp-doddy-minta-ikut-skenarionya,"
Sabtu, 19 Nov 2022 15:58 WIB "
Lempkapi: Polisi Harus Cermat Sikapi Keterangan Berubah-ubah Irjen Teddy,https://news.detik.com/berita/d-6414886/lempkapi-polisi-harus-cermat-sikapi-keterangan-berubah-ubah-irjen-teddy,"
Sabtu, 19 Nov 2022 14:30 WIB "
Saling Silang Irjen Teddy dan AKBP Doddy soal Sabu 'Hilang',https://news.detik.com/berita/d-6414752/saling-silang-irjen-teddy-dan-akbp-doddy-soal-sabu-hilang,"
Sabtu, 19 Nov 2022 13:03 WIB "
Ini Isi Chat Dihapus Irjen Teddy Minahasa soal Narkoba tapi 'Dikunci' Linda,https://news.detik.com/berita/d-6414706/ini-isi-chat-dihapus-irjen-teddy-minahasa-soal-narkoba-tapi-dikunci-linda,"
Sabtu, 19 Nov 2022 12:26 WIB "
"Irjen Teddy Minahasa Hapus Chat soal Sabu 5 Kg, Tapi 'Dikunci' Linda",https://news.detik.com/berita/d-6414609/irjen-teddy-minahasa-hapus-chat-soal-sabu-5-kg-tapi-dikunci-linda,"
Sabtu, 19 Nov 2022 11:13 WIB "
Terungkap Sosok Linda di Kasus Irjen Teddy Minahasa Ternyata Cepu,https://news.detik.com/berita/d-6414424/terungkap-sosok-linda-di-kasus-irjen-teddy-minahasa-ternyata-cepu,"
Sabtu, 19 Nov 2022 08:49 WIB "
Anak Buah Bongkar Isi Chat soal Jual Sabu Diklaim Irjen Teddy Cuma 'Ngetes',https://news.detik.com/berita/d-6414405/anak-buah-bongkar-isi-chat-soal-jual-sabu-diklaim-irjen-teddy-cuma-ngetes,"
Sabtu, 19 Nov 2022 08:29 WIB "
Kabar Terbaru Mengemuka soal Kasus Narkoba Irjen Teddy Minahasa,https://news.detik.com/berita/d-6414395/kabar-terbaru-mengemuka-soal-kasus-narkoba-irjen-teddy-minahasa,"
Sabtu, 19 Nov 2022 08:16 WIB "
Heran dan Sindiran Pihak AKBP Doddy Sebab Irjen Teddy Cabut BAP,https://news.detik.com/berita/d-6414339/heran-dan-sindiran-pihak-akbp-doddy-sebab-irjen-teddy-cabut-bap,"
Sabtu, 19 Nov 2022 07:10 WIB "
Menanti Kejutan AKBP Doddy soal Kasus Narkoba Irjen Teddy,https://news.detik.com/berita/d-6414309/menanti-kejutan-akbp-doddy-soal-kasus-narkoba-irjen-teddy,"
Sabtu, 19 Nov 2022 05:41 WIB "
Anak Buah Teddy Minahasa Siap Adu Data soal 5 Kg Sabu: Tunggu Kejutannya,https://news.detik.com/berita/d-6414267/anak-buah-teddy-minahasa-siap-adu-data-soal-5-kg-sabu-tunggu-kejutannya,"
Sabtu, 19 Nov 2022 00:22 WIB "
"Irjen Teddy Cabut BAP Awal, Pihak AKBP Doddy Singgung Psiko Hierarki",https://news.detik.com/berita/d-6414246/irjen-teddy-cabut-bap-awal-pihak-akbp-doddy-singgung-psiko-hierarki,"
Jumat, 18 Nov 2022 23:49 WIB "
Pihak AKBP Doddy Heran Keterangan Irjen Teddy Minahasa Berubah-ubah,https://news.detik.com/berita/d-6414205/pihak-akbp-doddy-heran-keterangan-irjen-teddy-minahasa-berubah-ubah,"
Jumat, 18 Nov 2022 22:51 WIB "
Hotman Paris Klaim Teddy Minahasa Dicatut di Kasus Sabu,https://news.detik.com/berita/d-6414093/hotman-paris-klaim-teddy-minahasa-dicatut-di-kasus-sabu,"
Jumat, 18 Nov 2022 20:23 WIB "
Irjen Teddy Minahasa Cabut Keterangan di BAP Awal Terkait Kasus Narkoba!,https://news.detik.com/berita/d-6413967/irjen-teddy-minahasa-cabut-keterangan-di-bap-awal-terkait-kasus-narkoba,"
Jumat, 18 Nov 2022 18:53 WIB "
Hotman Paris Klaim Chat Teddy Minahasa soal Sabu Ganti Tawas Cuma Candaan,https://news.detik.com/berita/d-6413614/hotman-paris-klaim-chat-teddy-minahasa-soal-sabu-ganti-tawas-cuma-candaan,"
Jumat, 18 Nov 2022 17:01 WIB "
Hotman Paris Pengacara Irjen Teddy: Bukti 5 Kg Sabu Masih Utuh di Jaksa,https://news.detik.com/berita/d-6413210/hotman-paris-pengacara-irjen-teddy-bukti-5-kg-sabu-masih-utuh-di-jaksa,"
Jumat, 18 Nov 2022 14:29 WIB "
"Belum Lengkap, Kejaksaan Kembalikan Berkas Irjen Teddy ke Polda Metro Jaya",https://news.detik.com/berita/d-6411952/belum-lengkap-kejaksaan-kembalikan-berkas-irjen-teddy-ke-polda-metro-jaya,"
Kamis, 17 Nov 2022 18:09 WIB "
Berkas Kasus Narkoba Irjen Teddy Minahasa dkk Masih Diteliti Jaksa,https://news.detik.com/berita/d-6411093/berkas-kasus-narkoba-irjen-teddy-minahasa-dkk-masih-diteliti-jaksa,"
Kamis, 17 Nov 2022 12:30 WIB "
LPSK Masih Teliti Permohonan Justice Collaborator AKBP Doddy Prawiranegara,https://news.detik.com/berita/d-6400681/lpsk-masih-teliti-permohonan-justice-collaborator-akbp-doddy-prawiranegara,"
Jumat, 11 Nov 2022 16:20 WIB "
"AKBP Doddy Jalani Asesmen, Harap Permohonan JC Dikabulkan LPSK",https://news.detik.com/berita/d-6391726/akbp-doddy-jalani-asesmen-harap-permohonan-jc-dikabulkan-lpsk,"
Senin, 07 Nov 2022 11:07 WIB "
Jaksa Mulai Teliti Berkas Irjen Teddy Minahasa dkk di Kasus Narkoba,https://news.detik.com/berita/d-6391514/jaksa-mulai-teliti-berkas-irjen-teddy-minahasa-dkk-di-kasus-narkoba,"
Senin, 07 Nov 2022 09:50 WIB "
9 Jaksa Disiapkan Teliti Kasus Irjen Teddy Minahasa dkk,https://news.detik.com/berita/d-6385910/9-jaksa-disiapkan-teliti-kasus-irjen-teddy-minahasa-dkk,"
Kamis, 03 Nov 2022 15:50 WIB "
"21 Kapolsek di Wilayah Polda Metro Dimutasi, Ini Daftarnya",https://news.detik.com/berita/d-6385266/21-kapolsek-di-wilayah-polda-metro-dimutasi-ini-daftarnya,"
Kamis, 03 Nov 2022 11:28 WIB "
"Kapolsek Kalibaru Terlibat Kasus Teddy Minahasa Dicopot, Dimutasi ke Yanma",https://news.detik.com/berita/d-6384970/kapolsek-kalibaru-terlibat-kasus-teddy-minahasa-dicopot-dimutasi-ke-yanma,"
Kamis, 03 Nov 2022 09:01 WIB "
Polda Metro Kebut Pemberkasan Kasus Narkoba Irjen Teddy Minahasa,https://news.detik.com/berita/d-6384064/polda-metro-kebut-pemberkasan-kasus-narkoba-irjen-teddy-minahasa,"
Rabu, 02 Nov 2022 17:40 WIB "
Cerita Kapolri soal Awal Pengungkapan Kasus Teddy Minahasa,https://news.detik.com/berita/d-6378890/cerita-kapolri-soal-awal-pengungkapan-kasus-teddy-minahasa,"
Senin, 31 Okt 2022 11:32 WIB "
"Teddy Minahasa Ungkit Barbuk Sabu 1,9 Kg Hilang, Begini Respons AKBP Doddy",https://news.detik.com/berita/d-6375392/teddy-minahasa-ungkit-barbuk-sabu-1-9-kg-hilang-begini-respons-akbp-doddy,"
Jumat, 28 Okt 2022 20:10 WIB "
LPSK Jawab Pengacara Irjen Teddy soal Permintaan Tolak JC AKBP Doddy,https://news.detik.com/berita/d-6371900/lpsk-jawab-pengacara-irjen-teddy-soal-permintaan-tolak-jc-akbp-doddy,"
Kamis, 27 Okt 2022 11:20 WIB "
Pengacara Tak Akan Gugat Praperadilan Status Tersangka Teddy Minahasa,https://news.detik.com/berita/d-6369172/pengacara-tak-akan-gugat-praperadilan-status-tersangka-teddy-minahasa,"
Selasa, 25 Okt 2022 23:40 WIB "
Hotman Minta LPSK Tolak Pengajuan Justice Collaborator dari AKBP Doddy,https://news.detik.com/berita/d-6369160/hotman-minta-lpsk-tolak-pengajuan-justice-collaborator-dari-akbp-doddy,"
Selasa, 25 Okt 2022 23:19 WIB "
Hotman Ungkap Tersangka Linda Chat 'Invoice Cair' ke Teddy H-1 Ditangkap,https://news.detik.com/berita/d-6369145/hotman-ungkap-tersangka-linda-chat-invoice-cair-ke-teddy-h-1-ditangkap,"
Selasa, 25 Okt 2022 22:58 WIB "
Teddy Minahasa Bantah Ganti Barang Bukti Narkoba dengan Tawas,https://news.detik.com/berita/d-6369129/teddy-minahasa-bantah-ganti-barang-bukti-narkoba-dengan-tawas,"
Selasa, 25 Okt 2022 22:45 WIB "
"Pengacara Cerita soal Barang Bukti 1,9 Kg Sabu Hilang di Kasus Irjen Teddy",https://news.detik.com/berita/d-6369120/pengacara-cerita-soal-barang-bukti-1-9-kg-sabu-hilang-di-kasus-irjen-teddy,"
Selasa, 25 Okt 2022 22:34 WIB "
"6 Jam Diperiksa sebagai Tersangka, Irjen Teddy Dicecar 20 Pertanyaan",https://news.detik.com/berita/d-6369089/6-jam-diperiksa-sebagai-tersangka-irjen-teddy-dicecar-20-pertanyaan,"
Selasa, 25 Okt 2022 21:49 WIB "
"Irjen Teddy Diperiksa Sebagai Tersangka, Hotman Paris Mendampingi",https://news.detik.com/berita/d-6368598/irjen-teddy-diperiksa-sebagai-tersangka-hotman-paris-mendampingi,"
Selasa, 25 Okt 2022 17:51 WIB "
Polisi Jawab Klaim Hotman Paris soal Irjen Teddy Tak Perintahkan Jual Sabu,https://news.detik.com/berita/d-6367940/polisi-jawab-klaim-hotman-paris-soal-irjen-teddy-tak-perintahkan-jual-sabu,"
Selasa, 25 Okt 2022 13:58 WIB "
"Ditahan di Polda Metro, Pemeriksaan Etik Teddy Minahasa Telah Rampung",https://news.detik.com/berita/d-6367544/ditahan-di-polda-metro-pemeriksaan-etik-teddy-minahasa-telah-rampung,"
Selasa, 25 Okt 2022 11:51 WIB "
Penangkapan Para Jenderal Polisi,https://news.detik.com/kolom/d-6367380/penangkapan-para-jenderal-polisi,"
Selasa, 25 Okt 2022 10:42 WIB "
LPSK Kaji Permohonan JC AKBP Doddy dalam Kasus Narkoba Irjen Teddy,https://news.detik.com/berita/d-6367142/lpsk-kaji-permohonan-jc-akbp-doddy-dalam-kasus-narkoba-irjen-teddy,"
Selasa, 25 Okt 2022 08:51 WIB "
5 Fakta Irjen Teddy Minahasa Kini Ditahan Gegara Narkoba,https://news.detik.com/berita/d-6367141/5-fakta-irjen-teddy-minahasa-kini-ditahan-gegara-narkoba,"
Selasa, 25 Okt 2022 08:50 WIB "
Saling Tuding Teddy Minahasa dan Bawahan di Kasus Narkoba,https://news.detik.com/berita/d-6367019/saling-tuding-teddy-minahasa-dan-bawahan-di-kasus-narkoba,"
Selasa, 25 Okt 2022 06:50 WIB "
"Hotman: Irjen Teddy Umumkan Penyisihan Barbuk Sabu, Tak Ada Perintah Jual",https://news.detik.com/berita/d-6366826/hotman-irjen-teddy-umumkan-penyisihan-barbuk-sabu-tak-ada-perintah-jual,"
Senin, 24 Okt 2022 22:18 WIB "
"Soal Irjen Teddy, Hotman Paris Duga Ada Konspirasi Antara AKBP Doddy-Linda",https://news.detik.com/berita/d-6366800/soal-irjen-teddy-hotman-paris-duga-ada-konspirasi-antara-akbp-doddy-linda,"
Senin, 24 Okt 2022 21:47 WIB "
"Beda dengan Irjen Teddy Minahasa, Ini Versi Linda-AKBP Doddy soal Jual Sabu",https://news.detik.com/berita/d-6366791/beda-dengan-irjen-teddy-minahasa-ini-versi-linda-akbp-doddy-soal-jual-sabu,"
Senin, 24 Okt 2022 21:33 WIB "
Penampakan Irjen Teddy Berbaju Tahanan-Tangan Diborgol Dibawa ke Rutan,https://news.detik.com/berita/d-6366716/penampakan-irjen-teddy-berbaju-tahanan-tangan-diborgol-dibawa-ke-rutan,"
Senin, 24 Okt 2022 20:28 WIB "
"Polda Metro: Irjen Teddy Sama Seperti Tahanan Lain, Tak Ada Perlakuan Khusus",https://news.detik.com/berita/d-6366684/polda-metro-irjen-teddy-sama-seperti-tahanan-lain-tak-ada-perlakuan-khusus,"
Senin, 24 Okt 2022 19:44 WIB "
"Tersangka Kasus Sabu, Irjen Teddy Minahasa Ditahan 20 Hari ke Depan",https://news.detik.com/berita/d-6366640/tersangka-kasus-sabu-irjen-teddy-minahasa-ditahan-20-hari-ke-depan,"
Senin, 24 Okt 2022 19:20 WIB "
Pihak AKBP Doddy Ungkap WA 'Pisahkan Seperempat' Irjen Teddy Minahasa,https://news.detik.com/berita/d-6366619/pihak-akbp-doddy-ungkap-wa-pisahkan-seperempat-irjen-teddy-minahasa,"
Senin, 24 Okt 2022 19:12 WIB "
"Tiba di Polda Metro, Irjen Teddy Minahasa Resmi Ditahan Malam Ini",https://news.detik.com/berita/d-6366567/tiba-di-polda-metro-irjen-teddy-minahasa-resmi-ditahan-malam-ini,"
Senin, 24 Okt 2022 18:57 WIB "
"Irjen Teddy Minahasa Ditahan, Hotman Paris Merapat ke Polda Metro",https://news.detik.com/berita/d-6366532/irjen-teddy-minahasa-ditahan-hotman-paris-merapat-ke-polda-metro,"
Senin, 24 Okt 2022 18:40 WIB "
"Singgung Teddy Jenderal, Pengacara AKBP Doddy Sebut Ada Potensi Intimidasi",https://news.detik.com/berita/d-6366504/singgung-teddy-jenderal-pengacara-akbp-doddy-sebut-ada-potensi-intimidasi,"
Senin, 24 Okt 2022 18:28 WIB "
Irjen Teddy Minahasa Resmi Ditahan di Polda Metro Terkait Kasus Narkoba,https://news.detik.com/berita/d-6366442/irjen-teddy-minahasa-resmi-ditahan-di-polda-metro-terkait-kasus-narkoba,"
Senin, 24 Okt 2022 18:06 WIB "
"Ajukan Jadi JC, Kuasa Hukum Pastikan AKBP Doddy Prawiranegara Jujur",https://news.detik.com/berita/d-6366141/ajukan-jadi-jc-kuasa-hukum-pastikan-akbp-doddy-prawiranegara-jujur,"
Senin, 24 Okt 2022 16:30 WIB "
"Tiba di LPSK, Tim Kuasa Hukum Minta Perlindungan Saksi bagi AKBP Doddy",https://news.detik.com/berita/d-6365851/tiba-di-lpsk-tim-kuasa-hukum-minta-perlindungan-saksi-bagi-akbp-doddy,"
Senin, 24 Okt 2022 15:00 WIB "
Pihak AKBP Doddy: Pengakuan Irjen Teddy Jebak Linda Janggal!,https://news.detik.com/berita/d-6365788/pihak-akbp-doddy-pengakuan-irjen-teddy-jebak-linda-janggal,"
Senin, 24 Okt 2022 14:31 WIB "
3 Saksi Kunci Bakal Buka-bukaan soal Kasus Narkoba Irjen Teddy Minahasa,https://news.detik.com/berita/d-6365533/3-saksi-kunci-bakal-buka-bukaan-soal-kasus-narkoba-irjen-teddy-minahasa,"
Senin, 24 Okt 2022 12:59 WIB "
AKBP Doddy Ajukan Jadi Justice Collaborator di Kasus Irjen Teddy Minahasa,https://news.detik.com/berita/d-6365343/akbp-doddy-ajukan-jadi-justice-collaborator-di-kasus-irjen-teddy-minahasa,"
Senin, 24 Okt 2022 11:51 WIB "
'Sejuta Alasan' di Balik Mundurnya Henry Yoso Bela Irjen Teddy Minahasa,https://news.detik.com/berita/d-6365034/sejuta-alasan-di-balik-mundurnya-henry-yoso-bela-irjen-teddy-minahasa,"
Senin, 24 Okt 2022 08:43 WIB "
Hotman Paris Ngaku Sudah 7 Tahun Kenal Irjen Teddy Minahasa,https://news.detik.com/berita/d-6365009/hotman-paris-ngaku-sudah-7-tahun-kenal-irjen-teddy-minahasa,"
Senin, 24 Okt 2022 08:15 WIB "
Cerita di Balik Teddy Minahasa Pilih Hotman Paris Jadi Pengacara,https://news.detik.com/berita/d-6364955/cerita-di-balik-teddy-minahasa-pilih-hotman-paris-jadi-pengacara,"
Senin, 24 Okt 2022 07:01 WIB "
Lika-liku Kasus Irjen Teddy Minahasa hingga Kini Dibela Hotman Paris,https://news.detik.com/berita/d-6364157/lika-liku-kasus-irjen-teddy-minahasa-hingga-kini-dibela-hotman-paris,"
Minggu, 23 Okt 2022 14:24 WIB "
Henry Yoso Mundur Jadi Pengacara Irjen Teddy Minahasa Sejak 2 Hari Lalu,https://news.detik.com/berita/d-6364127/henry-yoso-mundur-jadi-pengacara-irjen-teddy-minahasa-sejak-2-hari-lalu,"
Minggu, 23 Okt 2022 13:58 WIB "
Hotman Paris Sebut Surat Kuasa Pengacara Diteken Irjen Teddy Minahasa Besok,https://news.detik.com/berita/d-6363988/hotman-paris-sebut-surat-kuasa-pengacara-diteken-irjen-teddy-minahasa-besok,"
Minggu, 23 Okt 2022 12:38 WIB "
"Hotman Paris Ngaku Sejak Awal Diminta Bela Teddy Minahasa, tapi...",https://news.detik.com/berita/d-6363946/hotman-paris-ngaku-sejak-awal-diminta-bela-teddy-minahasa-tapi,"
Minggu, 23 Okt 2022 11:55 WIB "
"Irjen Teddy Minahasa Ganti Pengacara, Kini Dibela Hotman Paris!",https://news.detik.com/berita/d-6363863/irjen-teddy-minahasa-ganti-pengacara-kini-dibela-hotman-paris,"
Minggu, 23 Okt 2022 11:21 WIB "
Tangis Purnawirawan Jenderal Ayah Eks Anak Buah Irjen Teddy Minahasa,https://news.detik.com/berita/d-6363748/tangis-purnawirawan-jenderal-ayah-eks-anak-buah-irjen-teddy-minahasa,"
Minggu, 23 Okt 2022 09:29 WIB "
Serangan Balik Eks Anak Buah ke Irjen Teddy Minahasa,https://news.detik.com/berita/d-6363650/serangan-balik-eks-anak-buah-ke-irjen-teddy-minahasa,"
Minggu, 23 Okt 2022 06:33 WIB "
"AKBP Doddy Minta Perlindungan di Kasus Irjen Teddy, LPSK Terbuka",https://news.detik.com/berita/d-6363430/akbp-doddy-minta-perlindungan-di-kasus-irjen-teddy-lpsk-terbuka,"
Sabtu, 22 Okt 2022 21:23 WIB "
Pengacara Bantah Linda Edarkan Narkoba di Kasus Irjen Teddy Minahasa,https://news.detik.com/berita/d-6363314/pengacara-bantah-linda-edarkan-narkoba-di-kasus-irjen-teddy-minahasa,"
Sabtu, 22 Okt 2022 19:38 WIB "
"Ayah AKBP Doddy Pensiunan Jenderal Menangis, Yakin Anaknya Tak Bersalah",https://news.detik.com/berita/d-6363285/ayah-akbp-doddy-pensiunan-jenderal-menangis-yakin-anaknya-tak-bersalah,"
Sabtu, 22 Okt 2022 19:27 WIB "
AKBP Doddy Minta Perlindungan LPSK di Kasus Irjen Teddy Minahasa,https://news.detik.com/berita/d-6363025/akbp-doddy-minta-perlindungan-lpsk-di-kasus-irjen-teddy-minahasa,"
Sabtu, 22 Okt 2022 16:19 WIB "
Pengacara AKBP Doddy Sebut Irjen Teddy Otak Kasus Peredaran Narkoba,https://news.detik.com/berita/d-6362929/pengacara-akbp-doddy-sebut-irjen-teddy-otak-kasus-peredaran-narkoba,"
Sabtu, 22 Okt 2022 15:07 WIB "
"Besok, Keluarga Akan Jelaskan Kasus Libatkan AKBP Doddy Prawiranegara",https://news.detik.com/berita/d-6362196/besok-keluarga-akan-jelaskan-kasus-libatkan-akbp-doddy-prawiranegara,"
Jumat, 21 Okt 2022 21:59 WIB "
"Jadi Tersangka Kasus Narkoba, Irjen Teddy Tak Akan Ajukan Praperadilan",https://news.detik.com/berita/d-6360734/jadi-tersangka-kasus-narkoba-irjen-teddy-tak-akan-ajukan-praperadilan,"
Jumat, 21 Okt 2022 10:14 WIB "
Tajir Melintir Eks Ajudan,https://news.detik.com/x/detail/spotlight/20221020/Tajir-Melintir-Eks-Ajudan/,"
Kamis, 20 Okt 2022 15:30 WIB "
"Singgung Jepang, Hermawan Sulistyo Minta Kompolnas Dibenahi",https://news.detik.com/berita/d-6358548/singgung-jepang-hermawan-sulistyo-minta-kompolnas-dibenahi,"
Kamis, 20 Okt 2022 09:37 WIB "
"Dualisme Polri Berantas Narkotika Disorot, Ada BNN-Direktorat Narkoba",https://news.detik.com/berita/d-6358181/dualisme-polri-berantas-narkotika-disorot-ada-bnn-direktorat-narkoba,"
Rabu, 19 Okt 2022 22:24 WIB "
"Irjen Teddy Bantah Jadi Pengedar, Polda Metro Tegaskan Sudah Ada Bukti",https://news.detik.com/berita/d-6357569/irjen-teddy-bantah-jadi-pengedar-polda-metro-tegaskan-sudah-ada-bukti,"
Rabu, 19 Okt 2022 17:19 WIB "
Dagang Sabu Kapolda Teddy,https://news.detik.com/x/detail/spotlight/20221019/Dagang-Sabu-Kapolda-Teddy/,"
Rabu, 19 Okt 2022 14:52 WIB "
Adu Perspektif: Sambo dan Momentum Politik Reformasi Polri,https://news.detik.com/berita/d-6357039/adu-perspektif-sambo-dan-momentum-politik-reformasi-polri,"
Rabu, 19 Okt 2022 14:13 WIB "
Ahli Hukum UAI: Ketegasan Kapolri Berantas Judi Patut Diapresiasi,https://news.detik.com/berita/d-6357019/ahli-hukum-uai-ketegasan-kapolri-berantas-judi-patut-diapresiasi,"
Rabu, 19 Okt 2022 13:05 WIB "
"Irjen Teddy Klaim Eks Anak Buah Salah Paham Perintah, Kompolnas Ungkit Aturan",https://news.detik.com/berita/d-6356310/irjen-teddy-klaim-eks-anak-buah-salah-paham-perintah-kompolnas-ungkit-aturan,"
Rabu, 19 Okt 2022 09:04 WIB "
Klaim Henry Yoso Tetap Perangi Narkoba Meski Kini Bela Teddy Minahasa,https://news.detik.com/berita/d-6356197/klaim-henry-yoso-tetap-perangi-narkoba-meski-kini-bela-teddy-minahasa,"
Rabu, 19 Okt 2022 07:35 WIB "
5 Bantahan Teddy Minahasa Berkelit dari Kasus Peredaran Narkoba,https://news.detik.com/berita/d-6356184/5-bantahan-teddy-minahasa-berkelit-dari-kasus-peredaran-narkoba,"
Rabu, 19 Okt 2022 07:02 WIB "
Klaim Irjen Teddy Minahasa Ingin Jebak Linda Malah Jadi Tersangka Narkoba,https://news.detik.com/berita/d-6355426/klaim-irjen-teddy-minahasa-ingin-jebak-linda-malah-jadi-tersangka-narkoba,"
Selasa, 18 Okt 2022 17:22 WIB "
"Kapolri Lantik 9 Kapolda, Termasuk Pengganti Irjen Teddy Minahasa",https://news.detik.com/berita/d-6355174/kapolri-lantik-9-kapolda-termasuk-pengganti-irjen-teddy-minahasa,"
Selasa, 18 Okt 2022 16:03 WIB "
Henry Yoso: Irjen Teddy Minahasa Bersumpah Tak Terima Duit Hasil Jual Sabu,https://news.detik.com/berita/d-6354883/henry-yoso-irjen-teddy-minahasa-bersumpah-tak-terima-duit-hasil-jual-sabu,"
Selasa, 18 Okt 2022 14:02 WIB "
Ternyata! Irjen Teddy Minahasa Tahu soal Penyisihan Barang Bukti 5 Kg Sabu,https://news.detik.com/berita/d-6354635/ternyata-irjen-teddy-minahasa-tahu-soal-penyisihan-barang-bukti-5-kg-sabu,"
Selasa, 18 Okt 2022 12:36 WIB "
"Irjen Teddy Minahasa Klaim Mau Jebak Linda di Kasus Narkoba, Ini Alasannya",https://news.detik.com/berita/d-6354521/irjen-teddy-minahasa-klaim-mau-jebak-linda-di-kasus-narkoba-ini-alasannya,"
Selasa, 18 Okt 2022 11:55 WIB "
IPW: Kepercayaan Publik Meningkat saat Polri Tangkap Bos Judi Online,https://news.detik.com/berita/d-6354608/ipw-kepercayaan-publik-meningkat-saat-polri-tangkap-bos-judi-online,"
Selasa, 18 Okt 2022 11:52 WIB "
Irjen Teddy Minahasa Diperiksa Terkait Narkoba di Bareskrim Siang Ini,https://news.detik.com/berita/d-6354518/irjen-teddy-minahasa-diperiksa-terkait-narkoba-di-bareskrim-siang-ini,"
Selasa, 18 Okt 2022 11:52 WIB "
"Bantah Jadi Pengedar, Ini Versi Irjen Teddy Minahasa soal Narkoba",https://news.detik.com/berita/d-6354185/bantah-jadi-pengedar-ini-versi-irjen-teddy-minahasa-soal-narkoba,"
Selasa, 18 Okt 2022 09:35 WIB "
"Sempat Ditunda, Pemeriksaan Irjen Teddy Minahasa Dilanjut Hari Ini",https://news.detik.com/berita/d-6354104/sempat-ditunda-pemeriksaan-irjen-teddy-minahasa-dilanjut-hari-ini,"
Selasa, 18 Okt 2022 08:33 WIB "
Analisa Pakar Hukum Aan Eko soal Penangkapan Apin BK,https://news.detik.com/berita/d-6354179/analisa-pakar-hukum-aan-eko-soal-penangkapan-apin-bk,"
Selasa, 18 Okt 2022 07:36 WIB "
Tertunda Lagi Pemeriksaan Irjen Teddy Minahasa,https://news.detik.com/berita/d-6354032/tertunda-lagi-pemeriksaan-irjen-teddy-minahasa,"
Selasa, 18 Okt 2022 07:00 WIB "
Henry Yoso soal Hasil Tes Irjen Teddy Minahasa Positif: Itu Obat Bius,https://news.detik.com/berita/d-6354008/henry-yoso-soal-hasil-tes-irjen-teddy-minahasa-positif-itu-obat-bius,"
Selasa, 18 Okt 2022 06:14 WIB "
"Bela Irjen Teddy Minahasa, Henry Yoso: Saya Tak Surut Perangi Narkoba",https://news.detik.com/berita/d-6353912/bela-irjen-teddy-minahasa-henry-yoso-saya-tak-surut-perangi-narkoba,"
Senin, 17 Okt 2022 23:48 WIB "
Henry Yosodiningrat Ungkap Alasan Bela Irjen Teddy Minahasa di Kasus Sabu,https://news.detik.com/berita/d-6353735/henry-yosodiningrat-ungkap-alasan-bela-irjen-teddy-minahasa-di-kasus-sabu,"
Senin, 17 Okt 2022 21:12 WIB "
"Jadi Tersangka Kasus Sabu, Irjen Teddy Minahasa Dibela Henry Yosodiningrat",https://news.detik.com/berita/d-6353645/jadi-tersangka-kasus-sabu-irjen-teddy-minahasa-dibela-henry-yosodiningrat,"
Senin, 17 Okt 2022 20:23 WIB "
BEM Pesantren Apresiasi Kapolri soal Penangkapan Apin BK: Komitmen Presisi,https://news.detik.com/berita/d-6353630/bem-pesantren-apresiasi-kapolri-soal-penangkapan-apin-bk-komitmen-presisi,"
Senin, 17 Okt 2022 20:12 WIB "
"Alasan Kesehatan, Pemeriksaan Irjen Teddy Minahasa Kembali Ditunda",https://news.detik.com/berita/d-6353263/alasan-kesehatan-pemeriksaan-irjen-teddy-minahasa-kembali-ditunda,"
Senin, 17 Okt 2022 17:21 WIB "
Polri Periksa 5 Saksi Terkait Dugaan Pelanggaran Etik Irjen Teddy Minahasa,https://news.detik.com/berita/d-6353143/polri-periksa-5-saksi-terkait-dugaan-pelanggaran-etik-irjen-teddy-minahasa,"
Senin, 17 Okt 2022 16:35 WIB "
"Irjen Teddy Minahasa Ngaku Sakit, Pemeriksaan Etik Diundur",https://news.detik.com/berita/d-6353124/irjen-teddy-minahasa-ngaku-sakit-pemeriksaan-etik-diundur,"
Senin, 17 Okt 2022 16:29 WIB "
"Selain Irjen Teddy Minahasa, 4 Polisi Lain Juga Diperiksa soal Kasus Sabu",https://news.detik.com/berita/d-6353064/selain-irjen-teddy-minahasa-4-polisi-lain-juga-diperiksa-soal-kasus-sabu,"
Senin, 17 Okt 2022 16:07 WIB "
"Tentang Kampung Bahari, Tempat Bermuaranya Sabu dari Irjen Teddy Minahasa",https://news.detik.com/berita/d-6353005/tentang-kampung-bahari-tempat-bermuaranya-sabu-dari-irjen-teddy-minahasa,"
Senin, 17 Okt 2022 15:46 WIB "
Lembaga Minangkabau Bicara soal Gelar Tuanku Bandaro Alam Sati Irjen Teddy,https://news.detik.com/berita/d-6352583/lembaga-minangkabau-bicara-soal-gelar-tuanku-bandaro-alam-sati-irjen-teddy,"
Senin, 17 Okt 2022 13:47 WIB "
"Terlibat Kasus Narkoba Irjen Teddy Minahasa, Kapolsek Kalibaru Dicopot!",https://news.detik.com/berita/d-6352154/terlibat-kasus-narkoba-irjen-teddy-minahasa-kapolsek-kalibaru-dicopot,"
Senin, 17 Okt 2022 11:05 WIB "
Irjen Teddy Minahasa Jalani Pemeriksaan Lanjutan Kasus Narkoba Hari Ini,https://news.detik.com/berita/d-6351934/irjen-teddy-minahasa-jalani-pemeriksaan-lanjutan-kasus-narkoba-hari-ini,"
Senin, 17 Okt 2022 09:33 WIB "
Kompolnas Apresiasi Kapolri Tangkap DPO Judi Online di Malaysia-Kamboja,https://news.detik.com/berita/d-6351927/kompolnas-apresiasi-kapolri-tangkap-dpo-judi-online-di-malaysia-kamboja,"
Senin, 17 Okt 2022 09:02 WIB "
Profil Kapolsek Kalibaru Penjual Sabu dari Irjen Teddy Minahasa ke Pengedar,https://news.detik.com/berita/d-6351867/profil-kapolsek-kalibaru-penjual-sabu-dari-irjen-teddy-minahasa-ke-pengedar,"
Senin, 17 Okt 2022 08:38 WIB "
Terungkap Peran AKBP Doddy Prawiranegara di Kasus Teddy Minahasa,https://news.detik.com/berita/d-6351822/terungkap-peran-akbp-doddy-prawiranegara-di-kasus-teddy-minahasa,"
Senin, 17 Okt 2022 07:28 WIB "
Di Balik Arahan Tajam Jokowi ke Polri,https://news.detik.com/berita/d-6351793/di-balik-arahan-tajam-jokowi-ke-polri,"
Senin, 17 Okt 2022 06:45 WIB "
Mahfud Ungkit Nasihat Teddy Minahasa 'Jangan Jadi Polisi Kalau Mau Kaya',https://news.detik.com/berita/d-6351116/mahfud-ungkit-nasihat-teddy-minahasa-jangan-jadi-polisi-kalau-mau-kaya,"
Minggu, 16 Okt 2022 16:05 WIB "
Sosok Pengganti Teddy Minahasa: Ini Profil Irjen Toni Kapolda Jatim Baru,https://news.detik.com/berita/d-6350982/sosok-pengganti-teddy-minahasa-ini-profil-irjen-toni-kapolda-jatim-baru,"
Minggu, 16 Okt 2022 14:13 WIB "
Peran AKBP Doddy Prawiranegara di Kasus Narkoba Irjen Teddy Minahasa,https://news.detik.com/berita/d-6350809/peran-akbp-doddy-prawiranegara-di-kasus-narkoba-irjen-teddy-minahasa,"
Minggu, 16 Okt 2022 12:37 WIB "
"Viral Kapolda Metro Terima Telepon di Istana, Ini Cerita Sebenarnya",https://news.detik.com/berita/d-6350803/viral-kapolda-metro-terima-telepon-di-istana-ini-cerita-sebenarnya,"
Minggu, 16 Okt 2022 12:31 WIB "
"Profil AKBP Doddy Prawiranegara, Terlibat di Kasus Irjen Teddy Minahasa",https://news.detik.com/berita/d-6350624/profil-akbp-doddy-prawiranegara-terlibat-di-kasus-irjen-teddy-minahasa,"
Minggu, 16 Okt 2022 10:09 WIB "
Merunut Peringatan Kapolri soal Narkoba hingga Penangkapan Teddy Minahasa,https://news.detik.com/berita/d-6350622/merunut-peringatan-kapolri-soal-narkoba-hingga-penangkapan-teddy-minahasa,"
Minggu, 16 Okt 2022 10:09 WIB "
Mengurai Lingkaran Narkoba dalam Jaringan Irjen Teddy Minahasa,https://news.detik.com/berita/d-6350473/mengurai-lingkaran-narkoba-dalam-jaringan-irjen-teddy-minahasa,"
Minggu, 16 Okt 2022 07:46 WIB "
Anwar Abbas Apresiasi Kapolri Tindak Bandar Judi Online dan Kasus Narkoba,https://news.detik.com/berita/d-6350541/anwar-abbas-apresiasi-kapolri-tindak-bandar-judi-online-dan-kasus-narkoba,"
Minggu, 16 Okt 2022 07:37 WIB "
Mahfud Apresiasi Kapolri: Tak Mudah Cokot Bandar Judi dari Luar Negeri,https://news.detik.com/berita/d-6350404/mahfud-apresiasi-kapolri-tak-mudah-cokot-bandar-judi-dari-luar-negeri,"
Minggu, 16 Okt 2022 05:00 WIB "
Mahfud Nilai Kapolri Tegas: Bisa Saja Kasus Teddy Minahasa Tidak Diungkap,https://news.detik.com/berita/d-6350391/mahfud-nilai-kapolri-tegas-bisa-saja-kasus-teddy-minahasa-tidak-diungkap,"
Minggu, 16 Okt 2022 03:41 WIB "
SETARA Institute: Kasus Irjen Teddy Minahasa Momentum Reformasi Polri,https://news.detik.com/berita/d-6350341/setara-institute-kasus-irjen-teddy-minahasa-momentum-reformasi-polri,"
Minggu, 16 Okt 2022 00:26 WIB "
"Sosok Linda, Tersangka Wanita di Kasus Narkoba Irjen Teddy Minahasa",https://news.detik.com/berita/d-6350222/sosok-linda-tersangka-wanita-di-kasus-narkoba-irjen-teddy-minahasa,"
Sabtu, 15 Okt 2022 21:57 WIB "
"Terlibat Kasus Narkoba Irjen Teddy Minahasa, 4 Polisi Terancam Hukuman Mati",https://news.detik.com/berita/d-6350187/terlibat-kasus-narkoba-irjen-teddy-minahasa-4-polisi-terancam-hukuman-mati,"
Sabtu, 15 Okt 2022 21:35 WIB "
"Tampang 4 Polisi Jadi Tersangka, Terlibat Kasus Narkoba Irjen Teddy Minahasa",https://news.detik.com/berita/d-6350129/tampang-4-polisi-jadi-tersangka-terlibat-kasus-narkoba-irjen-teddy-minahasa,"
Sabtu, 15 Okt 2022 20:50 WIB "
4 Polisi di Kasus Narkoba Irjen Teddy Minahasa Terancam Dipecat!,https://news.detik.com/berita/d-6350088/4-polisi-di-kasus-narkoba-irjen-teddy-minahasa-terancam-dipecat,"
Sabtu, 15 Okt 2022 20:01 WIB "
4 Polisi di Kasus Narkoba Irjen Teddy Minahasa Dipatsus di Polda Metro,https://news.detik.com/berita/d-6350074/4-polisi-di-kasus-narkoba-irjen-teddy-minahasa-dipatsus-di-polda-metro,"
Sabtu, 15 Okt 2022 19:53 WIB "
Polda Metro: Irjen Teddy Minahasa Minta Didampingi Pengacara Keluarga,https://news.detik.com/berita/d-6350073/polda-metro-irjen-teddy-minahasa-minta-didampingi-pengacara-keluarga,"
Sabtu, 15 Okt 2022 19:50 WIB "
Polda Metro Jelaskan Penanganan Kasus Etik dan Narkoba Irjen Teddy Minahasa,https://news.detik.com/berita/d-6350070/polda-metro-jelaskan-penanganan-kasus-etik-dan-narkoba-irjen-teddy-minahasa,"
Sabtu, 15 Okt 2022 19:48 WIB "
Polda Metro Bicara Kasus Irjen Teddy Minahasa,https://news.detik.com/detiktv/d-6349987/polda-metro-bicara-kasus-irjen-teddy-minahasa,"
Sabtu, 15 Okt 2022 19:21 WIB "
4 Polisi di Kasus Narkoba Irjen Teddy Minahasa Jadi Tersangka!,https://news.detik.com/berita/d-6349919/4-polisi-di-kasus-narkoba-irjen-teddy-minahasa-jadi-tersangka,"
Sabtu, 15 Okt 2022 18:41 WIB "
PWNU DKI Apresiasi Kapolri soal Penangkapan 3 DPO Judi Online,https://news.detik.com/berita/d-6349804/pwnu-dki-apresiasi-kapolri-soal-penangkapan-3-dpo-judi-online,"
Sabtu, 15 Okt 2022 17:56 WIB "
"Ada Kapolsek, Ini 4 Polisi Terlibat di Kasus Narkoba Irjen Teddy Minahasa",https://news.detik.com/berita/d-6349787/ada-kapolsek-ini-4-polisi-terlibat-di-kasus-narkoba-irjen-teddy-minahasa,"
Sabtu, 15 Okt 2022 17:44 WIB "
"Irjen Teddy Minahasa Dipatsus di Provos, Bakal Diperiksa Senin Lusa",https://news.detik.com/berita/d-6349783/irjen-teddy-minahasa-dipatsus-di-provos-bakal-diperiksa-senin-lusa,"
Sabtu, 15 Okt 2022 17:41 WIB "
"Mahfud Md: Polri Kalau Ingin Bangkit, Konsolidasi Internal-Hilangkan Friksi",https://news.detik.com/berita/d-6349764/mahfud-md-polri-kalau-ingin-bangkit-konsolidasi-internal-hilangkan-friksi,"
Sabtu, 15 Okt 2022 17:27 WIB "
Ketua DPD RI Apresiasi Jenderal Listyo Sigit yang Serius Benahi Polri,https://news.detik.com/berita/d-6349749/ketua-dpd-ri-apresiasi-jenderal-listyo-sigit-yang-serius-benahi-polri,"
Sabtu, 15 Okt 2022 17:21 WIB "
Polda Metro Punya 2 Alat Bukti Tetapkan Irjen Teddy Minahasa Tersangka,https://news.detik.com/berita/d-6349744/polda-metro-punya-2-alat-bukti-tetapkan-irjen-teddy-minahasa-tersangka,"
Sabtu, 15 Okt 2022 17:16 WIB "
"Teman di Jatim Sudah Gunduli Kepala, Irjen Teddy Minahasa Batal Jadi Kapolda",https://news.detik.com/berita/d-6349650/teman-di-jatim-sudah-gunduli-kepala-irjen-teddy-minahasa-batal-jadi-kapolda,"
Sabtu, 15 Okt 2022 16:05 WIB "
"Irjen Teddy Minahasa Minta Pemeriksaan Ditunda, Ini Alasannya",https://news.detik.com/berita/d-6349622/irjen-teddy-minahasa-minta-pemeriksaan-ditunda-ini-alasannya,"
Sabtu, 15 Okt 2022 15:25 WIB "
"Mahfud soal Kasus Narkoba Irjen Teddy: Itu Tragedi, Polri Harus Berbenah",https://news.detik.com/berita/d-6349609/mahfud-soal-kasus-narkoba-irjen-teddy-itu-tragedi-polri-harus-berbenah,"
Sabtu, 15 Okt 2022 15:11 WIB "
"PDIP Dorong Polri Segera Berbenah Diri, Teladani Jenderal Hoegeng",https://news.detik.com/berita/d-6349601/pdip-dorong-polri-segera-berbenah-diri-teladani-jenderal-hoegeng,"
Sabtu, 15 Okt 2022 14:58 WIB "
Momen Besar Institusi Polri di Hari Lahir ke-101 Jenderal Hoegeng,https://news.detik.com/berita/d-6349529/momen-besar-institusi-polri-di-hari-lahir-ke-101-jenderal-hoegeng,"
Sabtu, 15 Okt 2022 14:18 WIB "
"Ironi Irjen Teddy Minahasa: Dulu Ungkap Kasus Narkoba, Kini Jadi Tersangka",https://news.detik.com/berita/d-6349399/ironi-irjen-teddy-minahasa-dulu-ungkap-kasus-narkoba-kini-jadi-tersangka,"
Sabtu, 15 Okt 2022 13:08 WIB "
"Irjen Teddy Minahasa Jadi Tersangka, Hikmahbudhi: Kapolri Berani dan Tegas",https://news.detik.com/berita/d-6349380/irjen-teddy-minahasa-jadi-tersangka-hikmahbudhi-kapolri-berani-dan-tegas,"
Sabtu, 15 Okt 2022 12:53 WIB "
PB SEMMI soal Irjen Teddy Tersangka: Bukti Kapolri Serius Bersih-bersih di Polri,https://news.detik.com/berita/d-6349369/pb-semmi-soal-irjen-teddy-tersangka-bukti-kapolri-serius-bersih-bersih-di-polri,"
Sabtu, 15 Okt 2022 12:41 WIB "
"Irjen Teddy Minahasa Tersangka, KSPSI: Kapolri Memenuhi Harapan Masyarakat",https://news.detik.com/berita/d-6349287/irjen-teddy-minahasa-tersangka-kspsi-kapolri-memenuhi-harapan-masyarakat,"
Sabtu, 15 Okt 2022 11:19 WIB "
Waketum MUI Apresiasi Kapolri Tetapkan Irjen Teddy Minahasa Tersangka,https://news.detik.com/berita/d-6349264/waketum-mui-apresiasi-kapolri-tetapkan-irjen-teddy-minahasa-tersangka,"
Sabtu, 15 Okt 2022 11:01 WIB "
Sahroni Apresiasi Kapolri Tangkap dan Copot Irjen Teddy Minahasa: Kami Dukung!,https://news.detik.com/berita/d-6349229/sahroni-apresiasi-kapolri-tangkap-dan-copot-irjen-teddy-minahasa-kami-dukung,"
Sabtu, 15 Okt 2022 10:36 WIB "
Natalius Pigai: Kapolri Tepati Janji Berantas Narkoba Tanpa Tebang Pilih!,https://news.detik.com/berita/d-6349203/natalius-pigai-kapolri-tepati-janji-berantas-narkoba-tanpa-tebang-pilih,"
Sabtu, 15 Okt 2022 10:16 WIB "
KAMMI Apresiasi Kapolri soal Kasus Irjen Teddy Minahasa: Langkah Sangat Berani,https://news.detik.com/berita/d-6349161/kammi-apresiasi-kapolri-soal-kasus-irjen-teddy-minahasa-langkah-sangat-berani,"
Sabtu, 15 Okt 2022 09:40 WIB "
Batalnya Jabatan Kapolda Jatim bagi Teddy Minahasa karena Narkoba,https://news.detik.com/berita/d-6349155/batalnya-jabatan-kapolda-jatim-bagi-teddy-minahasa-karena-narkoba,"
Sabtu, 15 Okt 2022 09:25 WIB "
"Irjen Teddy Minahasa Tersangka Narkoba, PD Usul Semua Polisi Tes Urine",https://news.detik.com/berita/d-6349113/irjen-teddy-minahasa-tersangka-narkoba-pd-usul-semua-polisi-tes-urine,"
Sabtu, 15 Okt 2022 08:54 WIB "
"Irjen Teddy Minahasa Terjerat Narkoba, Ancaman Hukuman Mati di Depan Mata",https://news.detik.com/berita/d-6349102/irjen-teddy-minahasa-terjerat-narkoba-ancaman-hukuman-mati-di-depan-mata,"
Sabtu, 15 Okt 2022 08:33 WIB "
"Polda Metro Tindak Puluhan Polisi Terlibat Narkoba, 5 Orang Dipecat!",https://news.detik.com/berita/d-6349094/polda-metro-tindak-puluhan-polisi-terlibat-narkoba-5-orang-dipecat,"
Sabtu, 15 Okt 2022 08:23 WIB "
"Irjen Teddy Minahasa Tersangka, Komisi III DPR Bicara 'Kotoran' di Polri",https://news.detik.com/berita/d-6349073/irjen-teddy-minahasa-tersangka-komisi-iii-dpr-bicara-kotoran-di-polri,"
Sabtu, 15 Okt 2022 07:51 WIB "
PKB soal Irjen Teddy Minahasa Tersangka: Momen Bersih-bersih Polri,https://news.detik.com/berita/d-6349061/pkb-soal-irjen-teddy-minahasa-tersangka-momen-bersih-bersih-polri,"
Sabtu, 15 Okt 2022 07:30 WIB "
11 Fakta Irjen Teddy Minahasa Diduga Jual Beli Bukti Narkoba,https://news.detik.com/berita/d-6349046/11-fakta-irjen-teddy-minahasa-diduga-jual-beli-bukti-narkoba,"
Sabtu, 15 Okt 2022 06:55 WIB "
PPP Nilai Kasus Irjen Teddy Minahasa Kembali Jadi Pil Pahit Bagi Polri,https://news.detik.com/berita/d-6349036/ppp-nilai-kasus-irjen-teddy-minahasa-kembali-jadi-pil-pahit-bagi-polri,"
Sabtu, 15 Okt 2022 06:15 WIB "
"Kapolri Kenang Hoegeng: Baik Jadi Orang Penting, Lebih Penting Jadi Orang Baik",https://news.detik.com/berita/d-6348871/kapolri-kenang-hoegeng-baik-jadi-orang-penting-lebih-penting-jadi-orang-baik,"
Jumat, 14 Okt 2022 23:46 WIB "
Asal Usul 5 Kg Sabu Irjen Teddy Minahasa Ternyata dari Barang Bukti,https://news.detik.com/berita/d-6348810/asal-usul-5-kg-sabu-irjen-teddy-minahasa-ternyata-dari-barang-bukti,"
Jumat, 14 Okt 2022 22:38 WIB "
Irjen Teddy Minahasa Ganti Barang Bukti Sabu dengan Tawas!,https://news.detik.com/berita/d-6348781/irjen-teddy-minahasa-ganti-barang-bukti-sabu-dengan-tawas,"
Jumat, 14 Okt 2022 21:59 WIB "
Sebagian Sabu dari Irjen Teddy Minahasa Diedarkan di Kampung Bahari,https://news.detik.com/berita/d-6348770/sebagian-sabu-dari-irjen-teddy-minahasa-diedarkan-di-kampung-bahari,"
Jumat, 14 Okt 2022 21:40 WIB "
Polda Metro: Tak Ada Jaringan Bandar di Kasus Narkoba Irjen Teddy Minahasa,https://news.detik.com/berita/d-6348731/polda-metro-tak-ada-jaringan-bandar-di-kasus-narkoba-irjen-teddy-minahasa,"
Jumat, 14 Okt 2022 21:11 WIB "
"Irjen Teddy Minahasa Tersangka Narkoba, PBNU Puji Kesungguhan Kapolri",https://news.detik.com/berita/d-6348698/irjen-teddy-minahasa-tersangka-narkoba-pbnu-puji-kesungguhan-kapolri,"
Jumat, 14 Okt 2022 20:53 WIB "
"Mutasi Besar Polri, Ini Daftar 9 Kapolda yang Berganti",https://news.detik.com/berita/d-6348645/mutasi-besar-polri-ini-daftar-9-kapolda-yang-berganti,"
Jumat, 14 Okt 2022 20:30 WIB "
Kapolda Metro Ungkap Berita Baik dan Buruk di Balik Penangkapan Irjen Teddy,https://news.detik.com/berita/d-6348631/kapolda-metro-ungkap-berita-baik-dan-buruk-di-balik-penangkapan-irjen-teddy,"
Jumat, 14 Okt 2022 20:21 WIB "
Alasan Konferensi Pers Kasus Teddy Minahasa Digelar di Polres Jakpus,https://news.detik.com/berita/d-6348622/alasan-konferensi-pers-kasus-teddy-minahasa-digelar-di-polres-jakpus,"
Jumat, 14 Okt 2022 20:17 WIB "
"Lengkap, Ini Alur Pengungkapan Kasus Narkoba Irjen Teddy Minahasa",https://news.detik.com/berita/d-6348621/lengkap-ini-alur-pengungkapan-kasus-narkoba-irjen-teddy-minahasa,"
Jumat, 14 Okt 2022 20:16 WIB "
Apresiasi Khusus Kapolda Metro ke 3 Bawahannya di Kasus Teddy Minahasa,https://news.detik.com/berita/d-6348620/apresiasi-khusus-kapolda-metro-ke-3-bawahannya-di-kasus-teddy-minahasa,"
Jumat, 14 Okt 2022 20:16 WIB "
Peran Irjen Teddy Minahasa: Pengendali Sabu 5 Kg yang Dijual ke Pengedar,https://news.detik.com/berita/d-6348617/peran-irjen-teddy-minahasa-pengendali-sabu-5-kg-yang-dijual-ke-pengedar,"
Jumat, 14 Okt 2022 20:13 WIB "
Ancaman Pidana Maksimal ke Irjen Teddy Minahasa: Hukuman Mati,https://news.detik.com/berita/d-6348616/ancaman-pidana-maksimal-ke-irjen-teddy-minahasa-hukuman-mati,"
Jumat, 14 Okt 2022 20:13 WIB "
Irjen Teddy Minahasa Jadi Tersangka Kasus Narkoba!,https://news.detik.com/berita/d-6348591/irjen-teddy-minahasa-jadi-tersangka-kasus-narkoba,"
Jumat, 14 Okt 2022 19:57 WIB "
Kapolda Metro Puji Sensitivitas Kapolres Jakpus di Kasus Teddy Minahasa,https://news.detik.com/berita/d-6348590/kapolda-metro-puji-sensitivitas-kapolres-jakpus-di-kasus-teddy-minahasa,"
Jumat, 14 Okt 2022 19:56 WIB "
Anggota DPR Apresiasi Kapolri soal Teddy Minahasa: Jenderal Pun Ditindak,https://news.detik.com/berita/d-6348570/anggota-dpr-apresiasi-kapolri-soal-teddy-minahasa-jenderal-pun-ditindak,"
Jumat, 14 Okt 2022 19:39 WIB "
Brigjen Andi Rian Djajadi Promosi Jadi Kapolda Kalsel,https://news.detik.com/berita/d-6348541/brigjen-andi-rian-djajadi-promosi-jadi-kapolda-kalsel,"
Jumat, 14 Okt 2022 19:27 WIB "
Irjen Teddy Minahasa Dimutasi ke Yanma Polri,https://news.detik.com/berita/d-6348527/irjen-teddy-minahasa-dimutasi-ke-yanma-polri,"
Jumat, 14 Okt 2022 19:23 WIB "
Brigjen Krishna Murti Naik Jabatan Jadi Kadiv Hubinter Polri,https://news.detik.com/berita/d-6348525/brigjen-krishna-murti-naik-jabatan-jadi-kadiv-hubinter-polri,"
Jumat, 14 Okt 2022 19:23 WIB "
Golkar Apresiasi Kapolri Tangkap Teddy Minahasa: Tegas Tanpa Pandang Bulu,https://news.detik.com/berita/d-6348508/golkar-apresiasi-kapolri-tangkap-teddy-minahasa-tegas-tanpa-pandang-bulu,"
Jumat, 14 Okt 2022 19:10 WIB "
Irjen Toni Harmanto Jadi Kapolda Jatim!,https://news.detik.com/berita/d-6348509/irjen-toni-harmanto-jadi-kapolda-jatim,"
Jumat, 14 Okt 2022 19:10 WIB "
5 Catatan Said Abdullah soal Penanganan Masalah Internal di Polri,https://news.detik.com/berita/d-6348456/5-catatan-said-abdullah-soal-penanganan-masalah-internal-di-polri,"
Jumat, 14 Okt 2022 18:44 WIB "
Ironi Irjen Teddy Minahasa Bicara Tak Tolerir Anggota Nakal soal Narkoba,https://news.detik.com/berita/d-6348451/ironi-irjen-teddy-minahasa-bicara-tak-tolerir-anggota-nakal-soal-narkoba,"
Jumat, 14 Okt 2022 18:42 WIB "
Anggota DPR Apresiasi Penangkapan Teddy Minahasa: Kapolri Tunaikan Janji,https://news.detik.com/berita/d-6348449/anggota-dpr-apresiasi-penangkapan-teddy-minahasa-kapolri-tunaikan-janji,"
Jumat, 14 Okt 2022 18:40 WIB "
Kapolda Metro Ungkap Kasus yang Libatkan Irjen Teddy Minahasa,https://news.detik.com/detiktv/d-6348414/kapolda-metro-ungkap-kasus-yang-libatkan-irjen-teddy-minahasa,"
Jumat, 14 Okt 2022 18:24 WIB "
"Teddy Minahasa Dibatalkan, Kapolda Jatim Bakal Diisi Pejabat Baru",https://news.detik.com/berita/d-6348310/teddy-minahasa-dibatalkan-kapolda-jatim-bakal-diisi-pejabat-baru,"
Jumat, 14 Okt 2022 17:52 WIB "
"Kapolri: Tak Peduli Pangkat, Anggota Terlibat Narkoba Ditindak!",https://news.detik.com/berita/d-6348283/kapolri-tak-peduli-pangkat-anggota-terlibat-narkoba-ditindak,"
Jumat, 14 Okt 2022 17:41 WIB "
Polda Sumbar Dipenuhi Karangan Bunga Sertijab Saat Irjen Teddy Ditangkap,https://news.detik.com/berita/d-6348281/polda-sumbar-dipenuhi-karangan-bunga-sertijab-saat-irjen-teddy-ditangkap,"
Jumat, 14 Okt 2022 17:40 WIB "
Kata Mahfud Md soal Irjen Teddy Minahasa Terlibat Jaringan Narkoba,https://news.detik.com/berita/d-6348198/kata-mahfud-md-soal-irjen-teddy-minahasa-terlibat-jaringan-narkoba,"
Jumat, 14 Okt 2022 17:11 WIB "
"Usai Dikurung Propam, Irjen Teddy Minahasa Akan Ditahan Polda Metro",https://news.detik.com/berita/d-6348167/usai-dikurung-propam-irjen-teddy-minahasa-akan-ditahan-polda-metro,"
Jumat, 14 Okt 2022 17:03 WIB "
Kapolri: Irjen Teddy Minahasa Diduga Jual Barang Bukti Narkoba,https://news.detik.com/berita/d-6348166/kapolri-irjen-teddy-minahasa-diduga-jual-barang-bukti-narkoba,"
Jumat, 14 Okt 2022 17:02 WIB "
Kapolri Beberkan Alur Penelusuran Kasus Narkoba Irjen Teddy Minahasa,https://news.detik.com/berita/d-6348133/kapolri-beberkan-alur-penelusuran-kasus-narkoba-irjen-teddy-minahasa,"
Jumat, 14 Okt 2022 16:55 WIB "
Kapolri Batalkan TR Irjen Teddy Minahasa Jadi Kapolda Jatim!,https://news.detik.com/berita/d-6348109/kapolri-batalkan-tr-irjen-teddy-minahasa-jadi-kapolda-jatim,"
Jumat, 14 Okt 2022 16:43 WIB "
Kapolri Perintahkan Kapolda Metro Tangani Kasus Pidana Irjen Teddy Minahasa,https://news.detik.com/berita/d-6348107/kapolri-perintahkan-kapolda-metro-tangani-kasus-pidana-irjen-teddy-minahasa,"
Jumat, 14 Okt 2022 16:43 WIB "
"Kapolri: Irjen Teddy Minahasa Konsumsi Zat Tertentu, tapi Bukan Narkoba",https://news.detik.com/berita/d-6348106/kapolri-irjen-teddy-minahasa-konsumsi-zat-tertentu-tapi-bukan-narkoba,"
Jumat, 14 Okt 2022 16:42 WIB "
Ada Peran Kapolsek dan Eks Kapolres di Kasus Narkoba Irjen Teddy Minahasa,https://news.detik.com/berita/d-6348104/ada-peran-kapolsek-dan-eks-kapolres-di-kasus-narkoba-irjen-teddy-minahasa,"
Jumat, 14 Okt 2022 16:41 WIB "
Penangkapan Irjen Teddy Minahasa Hasil Pengembangan Penyidikan Polda Metro,https://news.detik.com/berita/d-6348103/penangkapan-irjen-teddy-minahasa-hasil-pengembangan-penyidikan-polda-metro,"
Jumat, 14 Okt 2022 16:41 WIB "
Irjen Teddy Minahasa Terancam Dipecat Tidak Hormat!,https://news.detik.com/berita/d-6348091/irjen-teddy-minahasa-terancam-dipecat-tidak-hormat,"
Jumat, 14 Okt 2022 16:38 WIB "
Kapolri Perintahkan Langsung Kadiv Propam Tangkap Irjen Teddy Minahasa,https://news.detik.com/berita/d-6348089/kapolri-perintahkan-langsung-kadiv-propam-tangkap-irjen-teddy-minahasa,"
Jumat, 14 Okt 2022 16:37 WIB "
Kapolri: Teddy Minahasa Terduga Pelanggar Kasus Narkoba dan Sudah Dipatsus,https://news.detik.com/berita/d-6348077/kapolri-teddy-minahasa-terduga-pelanggar-kasus-narkoba-dan-sudah-dipatsus,"
Jumat, 14 Okt 2022 16:32 WIB "
Konpers Kapolri Bicara Penangkapan Irjen Teddy Minahasa,https://news.detik.com/detiktv/d-6348043/konpers-kapolri-bicara-penangkapan-irjen-teddy-minahasa,"
Jumat, 14 Okt 2022 16:21 WIB "
"Irjen Teddy Minahasa Ditangkap, Kompolnas: Bukti Kapolri Tak Tebang Pilih",https://news.detik.com/berita/d-6348024/irjen-teddy-minahasa-ditangkap-kompolnas-bukti-kapolri-tak-tebang-pilih,"
Jumat, 14 Okt 2022 16:10 WIB "
Kapolri soal Penangkapan Irjen Teddy: Bentuk Komitmen Tegas soal Narkoba!,https://news.detik.com/berita/d-6347844/kapolri-soal-penangkapan-irjen-teddy-bentuk-komitmen-tegas-soal-narkoba,"
Jumat, 14 Okt 2022 15:10 WIB "
Polda Sumbar: Kapolda Irjen Teddy Minahasa di Jakarta,https://news.detik.com/berita/d-6347826/polda-sumbar-kapolda-irjen-teddy-minahasa-di-jakarta,"
Jumat, 14 Okt 2022 14:56 WIB "
Irjen Teddy Minahasa Harusnya Serah Terima Jabatan Kapolda Jatim Pekan Depan,https://news.detik.com/berita/d-6347756/irjen-teddy-minahasa-harusnya-serah-terima-jabatan-kapolda-jatim-pekan-depan,"
Jumat, 14 Okt 2022 14:22 WIB "
Irjen Teddy Ditangkap Propam di Hari Jokowi Panggil Ratusan Pejabat Polri,https://news.detik.com/berita/d-6347678/irjen-teddy-ditangkap-propam-di-hari-jokowi-panggil-ratusan-pejabat-polri,"
Jumat, 14 Okt 2022 13:51 WIB "
"Ditangkap Diduga terkait Narkoba, Teddy Minahasa Pernah Ungkap Sabu 41 Kg",https://news.detik.com/berita/d-6347657/ditangkap-diduga-terkait-narkoba-teddy-minahasa-pernah-ungkap-sabu-41-kg,"
Jumat, 14 Okt 2022 13:44 WIB "
"Profil Irjen Teddy Minahasa, Polisi Terkaya yang Ditangkap karena Narkoba",https://news.detik.com/berita/d-6347628/profil-irjen-teddy-minahasa-polisi-terkaya-yang-ditangkap-karena-narkoba,"
Jumat, 14 Okt 2022 13:33 WIB "
Kapolri Konferensi Pers soal Penangkapan Teddy Minahasa Sore Ini,https://news.detik.com/berita/d-6347615/kapolri-konferensi-pers-soal-penangkapan-teddy-minahasa-sore-ini,"
Jumat, 14 Okt 2022 13:22 WIB "
Irjen Teddy Minahasa Tak Terlihat di PTIK dan Istana,https://news.detik.com/berita/d-6347610/irjen-teddy-minahasa-tak-terlihat-di-ptik-dan-istana,"
Jumat, 14 Okt 2022 13:20 WIB "
"Irjen Teddy Minahasa Polisi Terkaya RI Diciduk Propam, Hartanya Rp 29 M",https://news.detik.com/berita/d-6347592/irjen-teddy-minahasa-polisi-terkaya-ri-diciduk-propam-hartanya-rp-29-m,"
Jumat, 14 Okt 2022 13:14 WIB "
Komisi III Dukung Kapolri Pidanakan Pejabat Terlibat Judi dan Narkoba,https://news.detik.com/berita/d-6347578/komisi-iii-dukung-kapolri-pidanakan-pejabat-terlibat-judi-dan-narkoba,"
Jumat, 14 Okt 2022 13:05 WIB "
Komisi III DPR: Irjen Teddy Minahasa Diduga Ditangkap Propam Terkait Narkoba,https://news.detik.com/berita/d-6347489/komisi-iii-dpr-irjen-teddy-minahasa-diduga-ditangkap-propam-terkait-narkoba,"
Jumat, 14 Okt 2022 12:21 WIB "
Anggota DPR Nilai Tragedi Kanjuruhan Bukan Penyebab Kapolda Jatim Diganti,https://news.detik.com/berita/d-6342747/anggota-dpr-nilai-tragedi-kanjuruhan-bukan-penyebab-kapolda-jatim-diganti,"
Rabu, 12 Okt 2022 07:50 WIB "
Menko PMK Apresiasi Kapolri Ganti Kapolda Jatim,https://news.detik.com/berita/d-6341518/menko-pmk-apresiasi-kapolri-ganti-kapolda-jatim,"
Selasa, 11 Okt 2022 14:38 WIB "
"Daftar Mutasi Polri, 4 Jenderal Dimutasi Termasuk Kapolda Jatim Nico Afinta",https://news.detik.com/berita/d-6340834/daftar-mutasi-polri-4-jenderal-dimutasi-termasuk-kapolda-jatim-nico-afinta,"
Selasa, 11 Okt 2022 08:46 WIB "
Irjen Teddy Minahasa Kapolda Jatim Baru Punya Harta Rp 29 M,https://news.detik.com/berita/d-6340776/irjen-teddy-minahasa-kapolda-jatim-baru-punya-harta-rp-29-m,"
Selasa, 11 Okt 2022 07:40 WIB "
"Dimutasi dari Kapolda Jatim, Irjen Nico Afinta Punya Harta Rp 5,9 M",https://news.detik.com/berita/d-6340767/dimutasi-dari-kapolda-jatim-irjen-nico-afinta-punya-harta-rp-5-9-m,"
Selasa, 11 Okt 2022 07:30 WIB "
"Profil Irjen Teddy Minahasa: Eks Ajudan JK, Kini Jadi Kapolda Jatim Baru",https://news.detik.com/berita/d-6340761/profil-irjen-teddy-minahasa-eks-ajudan-jk-kini-jadi-kapolda-jatim-baru,"
Selasa, 11 Okt 2022 07:22 WIB "
Profil Irjen Nico Afinta yang Dimutasi dari Kapolda Jatim,https://news.detik.com/berita/d-6340738/profil-irjen-nico-afinta-yang-dimutasi-dari-kapolda-jatim,"
Selasa, 11 Okt 2022 06:40 WIB "
Ajudan Jokowi Kombes Adi Vivid Jadi Dirtipidsiber Polri,https://news.detik.com/berita/d-6340594/ajudan-jokowi-kombes-adi-vivid-jadi-dirtipidsiber-polri,"
Senin, 10 Okt 2022 22:50 WIB "
"Diganti dari Kapolda Jatim, Irjen Nico Afinta Jadi Sahlisosbud Kapolri",https://news.detik.com/berita/d-6340557/diganti-dari-kapolda-jatim-irjen-nico-afinta-jadi-sahlisosbud-kapolri,"
Senin, 10 Okt 2022 22:12 WIB "
Kapolri Tunjuk Irjen Rusdi Hartono Jadi Kapolda Sumbar,https://news.detik.com/berita/d-6340556/kapolri-tunjuk-irjen-rusdi-hartono-jadi-kapolda-sumbar,"
Senin, 10 Okt 2022 22:12 WIB "
Brigjen Asep Edi Ditunjuk Jadi Wakabareskrim Polri,https://news.detik.com/berita/d-6340544/brigjen-asep-edi-ditunjuk-jadi-wakabareskrim-polri,"
Senin, 10 Okt 2022 21:59 WIB "
Kapolri Tunjuk Irjen Teddy Minahasa Jadi Kapolda Jatim Baru,https://news.detik.com/berita/d-6340537/kapolri-tunjuk-irjen-teddy-minahasa-jadi-kapolda-jatim-baru,"
Senin, 10 Okt 2022 21:49 WIB "
"Mutasi Polri, Kapolda Jatim Irjen Nico Afinta Diganti!",https://news.detik.com/berita/d-6340533/mutasi-polri-kapolda-jatim-irjen-nico-afinta-diganti,"
Senin, 10 Okt 2022 21:43 WIB "
Polisi Tangkap 2 Orang terkait Tambang Ilegal yang Disorot Andre Rosiade,https://news.detik.com/berita/d-6336265/polisi-tangkap-2-orang-terkait-tambang-ilegal-yang-disorot-andre-rosiade,"
Sabtu, 08 Okt 2022 09:56 WIB "
