title,url,date
"Kejagung Pulihkan Aset Negara Rp 19,6 Triliun Sepanjang 2025",https://news.detik.com/berita/d-8286431/kejagung-pulihkan-aset-negara-rp-19-6-triliun-sepanjang-2025,"
Rabu, 31 Des 2025 17:38 WIB "
"Kurir Ini Akui Antar Rp 1,2 M ke Terdakwa Rintangi Penyidikan 3 Kasus Korupsi",https://news.detik.com/berita/d-8253375/kurir-ini-akui-antar-rp-1-2-m-ke-terdakwa-rintangi-penyidikan-3-kasus-korupsi,"
Rabu, 10 Des 2025 19:21 WIB "
Eks Anak Buah Terdakwa Kasus Migor Ubah BAP soal Perintah Hapus Data Laptop,https://news.detik.com/berita/d-8253328/eks-anak-buah-terdakwa-kasus-migor-ubah-bap-soal-perintah-hapus-data-laptop,"
Rabu, 10 Des 2025 18:52 WIB "
Terdakwa Kasus Migor Junaedi Saibih Ajukan Permohonan Asesmen Psikiater,https://news.detik.com/berita/d-8252524/terdakwa-kasus-migor-junaedi-saibih-ajukan-permohonan-asesmen-psikiater,"
Rabu, 10 Des 2025 13:03 WIB "
Jejak Bos Sriwijaya Air di Kasus Timah,https://news.detik.com/x/detail/spotlight/20251209/Jejak-Bos-Sriwijaya-Air-di-Kasus-Timah/,"
Selasa, 09 Des 2025 14:25 WIB "
Upaya Mereka Ingin Lolos dari Korupsi Timah Rp 300 T Berakhir Kandas,https://news.detik.com/berita/d-8250131/upaya-mereka-ingin-lolos-dari-korupsi-timah-rp-300-t-berakhir-kandas,"
Selasa, 09 Des 2025 07:21 WIB "
MA Tolak Kasasi Eks Dirjen Minerba di Kasus Korupsi Timah Rp 300 T,https://news.detik.com/berita/d-8248685/ma-tolak-kasasi-eks-dirjen-minerba-di-kasus-korupsi-timah-rp-300-t,"
Senin, 08 Des 2025 11:44 WIB "
"Kasus Korupsi Timah Rp 300 T, Alwin Albar Tetap Dihukum 12 Tahun Penjara",https://news.detik.com/berita/d-8248684/kasus-korupsi-timah-rp-300-t-alwin-albar-tetap-dihukum-12-tahun-penjara,"
Senin, 08 Des 2025 11:44 WIB "
Hakim Tegur Marcella Santoso dan Suami gegara Bisik-bisik Saat Sidang,https://news.detik.com/berita/d-8241429/hakim-tegur-marcella-santoso-dan-suami-gegara-bisik-bisik-saat-sidang,"
Rabu, 03 Des 2025 15:25 WIB "
"Kasasi Ditolak MA, Hendry Lie Tetap Divonis 14 Tahun Bui di Kasus Timah",https://news.detik.com/berita/d-8232794/kasasi-ditolak-ma-hendry-lie-tetap-divonis-14-tahun-bui-di-kasus-timah,"
Jumat, 28 Nov 2025 11:25 WIB "
"Hakim Tak Terima Keberatan Terkait Penyitaan Ruko Rp 30,2 M di Kasus Timah",https://news.detik.com/berita/d-8231830/hakim-tak-terima-keberatan-terkait-penyitaan-ruko-rp-30-2-m-di-kasus-timah,"
Kamis, 27 Nov 2025 17:03 WIB "
Prabowo Tunjuk Kuntadi Jadi Kepala Badan Pemulihan Aset Kejagung,https://news.detik.com/berita/d-8230134/prabowo-tunjuk-kuntadi-jadi-kepala-badan-pemulihan-aset-kejagung,"
Rabu, 26 Nov 2025 18:23 WIB "
Jaksa Agung Dedikasikan detikcom Awards untuk Para Jaksa yang Berjuang,https://news.detik.com/berita/d-8228540/jaksa-agung-dedikasikan-detikcom-awards-untuk-para-jaksa-yang-berjuang,"
Selasa, 25 Nov 2025 21:09 WIB "
Jaksa Agung Raih detikcom Awards 2025 'Tokoh Transformasi Penegakan Hukum',https://news.detik.com/berita/d-8228501/jaksa-agung-raih-detikcom-awards-2025-tokoh-transformasi-penegakan-hukum,"
Selasa, 25 Nov 2025 20:52 WIB "
"Hakim Tolak Eksepsi Marcella dkk, Sidang Kasus Migor Lanjut Pembuktian",https://news.detik.com/berita/d-8218740/hakim-tolak-eksepsi-marcella-dkk-sidang-kasus-migor-lanjut-pembuktian,"
Rabu, 19 Nov 2025 17:49 WIB "
"Peluncuran Program Jaksa Garda Desa di Bengkulu, Dorong Pemerataan Ekonomi",https://news.detik.com/berita/d-8216194/peluncuran-program-jaksa-garda-desa-di-bengkulu-dorong-pemerataan-ekonomi,"
Selasa, 18 Nov 2025 12:25 WIB "
"Perusahaan Keberatan Ruko Rp 30,2 M Kasus Timah Disita, Ini Kata Kejagung",https://news.detik.com/berita/d-8195664/perusahaan-keberatan-ruko-rp-30-2-m-kasus-timah-disita-ini-kata-kejagung,"
Rabu, 05 Nov 2025 15:45 WIB "
"Perusahaan Ini Ajukan Keberatan Penyitaan Ruko Rp 30,2 M di Kasus Timah",https://news.detik.com/berita/d-8195438/perusahaan-ini-ajukan-keberatan-penyitaan-ruko-rp-30-2-m-di-kasus-timah,"
Rabu, 05 Nov 2025 14:17 WIB "
Jaksa Minta Hakim Tolak Eksepsi Marcella dkk di Kasus Vonis Lepas Migor,https://news.detik.com/berita/d-8195353/jaksa-minta-hakim-tolak-eksepsi-marcella-dkk-di-kasus-vonis-lepas-migor,"
Rabu, 05 Nov 2025 13:39 WIB "
Tentang Aset Harvey Moeis-Sandra Dewi yang Segera Dilelang,https://news.detik.com/berita/d-8192819/tentang-aset-harvey-moeis-sandra-dewi-yang-segera-dilelang,"
Selasa, 04 Nov 2025 08:16 WIB "
Kejagung Segera Serahkan Aset Harvey Moeis-Sandra Dewi ke BPA untuk Dilelang,https://news.detik.com/berita/d-8191226/kejagung-segera-serahkan-aset-harvey-moeis-sandra-dewi-ke-bpa-untuk-dilelang,"
Senin, 03 Nov 2025 10:17 WIB "
Harvey Moeis Ternyata Sudah Dijebloskan ke Penjara Sejak Juli 2025,https://news.detik.com/berita/d-8185958/harvey-moeis-ternyata-sudah-dijebloskan-ke-penjara-sejak-juli-2025,"
Kamis, 30 Okt 2025 15:21 WIB "
Marcella dkk Minta Dibebaskan dari Dakwaan Suap Vonis Lepas Migor,https://news.detik.com/berita/d-8184587/marcella-dkk-minta-dibebaskan-dari-dakwaan-suap-vonis-lepas-migor,"
Rabu, 29 Okt 2025 18:31 WIB "
"Sandra Dewi Tak Berharap Lagi Tas Mewah-Deposito Kembali, Jaksa Segera Lelang",https://news.detik.com/berita/d-8183275/sandra-dewi-tak-berharap-lagi-tas-mewah-deposito-kembali-jaksa-segera-lelang,"
Rabu, 29 Okt 2025 07:32 WIB "
Berakhir Sudah Perlawanan Sandra Dewi Mengharap Deposito dan Tas Mewah,https://news.detik.com/berita/d-8183236/berakhir-sudah-perlawanan-sandra-dewi-mengharap-deposito-dan-tas-mewah,"
Rabu, 29 Okt 2025 06:00 WIB "
"Kejagung Segera Eksekusi Harvey Moeis: Dia Masih Ditahan, Tak Ada Masalah",https://news.detik.com/berita/d-8182660/kejagung-segera-eksekusi-harvey-moeis-dia-masih-ditahan-tak-ada-masalah,"
Selasa, 28 Okt 2025 17:12 WIB "
Respons Kejagung soal Sandra Dewi Cabut Gugatan Penyitaan Aset,https://news.detik.com/berita/d-8182656/respons-kejagung-soal-sandra-dewi-cabut-gugatan-penyitaan-aset,"
Selasa, 28 Okt 2025 17:11 WIB "
"Gugatan Dicabut, Ini Daftar Aset Sandra Dewi yang Dirampas di Kasus Timah",https://news.detik.com/berita/d-8181889/gugatan-dicabut-ini-daftar-aset-sandra-dewi-yang-dirampas-di-kasus-timah,"
Selasa, 28 Okt 2025 12:12 WIB "
"Sandra Dewi Cabut Gugatan, Hakim Nyatakan Vonis Harvey Moeis Bisa Dieksekusi",https://news.detik.com/berita/d-8181817/sandra-dewi-cabut-gugatan-hakim-nyatakan-vonis-harvey-moeis-bisa-dieksekusi,"
Selasa, 28 Okt 2025 11:42 WIB "
Alasan Sandra Dewi Cabut Gugatan Keberatan Perampasan Aset di Kasus Timah,https://news.detik.com/berita/d-8181651/alasan-sandra-dewi-cabut-gugatan-keberatan-perampasan-aset-di-kasus-timah,"
Selasa, 28 Okt 2025 10:21 WIB "
Sandra Dewi Cabut Gugatan soal 88 Tas Mewah dan Deposito,https://news.detik.com/berita/d-8181614/sandra-dewi-cabut-gugatan-soal-88-tas-mewah-dan-deposito,"
Selasa, 28 Okt 2025 10:01 WIB "
Anomali di Balik Klaim 88 Tas Mewah Hasil Endorse Sandra Dewi,https://news.detik.com/berita/d-8177447/anomali-di-balik-klaim-88-tas-mewah-hasil-endorse-sandra-dewi,"
Sabtu, 25 Okt 2025 07:22 WIB "
Penyidik Ungkap Bangunan di 4 Kaveling Permata Regency Dibayari Harvey Moeis,https://news.detik.com/berita/d-8176723/penyidik-ungkap-bangunan-di-4-kaveling-permata-regency-dibayari-harvey-moeis,"
Jumat, 24 Okt 2025 16:01 WIB "
Penyidik Ungkap Tak Ada Bukti Beli Tas-Perhiasan Sandra Dewi Sebelum Nikah,https://news.detik.com/berita/d-8176695/penyidik-ungkap-tak-ada-bukti-beli-tas-perhiasan-sandra-dewi-sebelum-nikah,"
Jumat, 24 Okt 2025 15:49 WIB "
Jaksa Ungkap Asisten Sandra Dewi Diminta Tarik Semua Duit di Rekening,https://news.detik.com/berita/d-8176647/jaksa-ungkap-asisten-sandra-dewi-diminta-tarik-semua-duit-di-rekening,"
Jumat, 24 Okt 2025 15:27 WIB "
Harvey Moeis Bikin Rekening Khusus Bayar 4 Kavling Keluarga Sandra Dewi,https://news.detik.com/berita/d-8176642/harvey-moeis-bikin-rekening-khusus-bayar-4-kavling-keluarga-sandra-dewi,"
Jumat, 24 Okt 2025 15:23 WIB "
Kejagung Jamin Keberatan Sandra Dewi Tak Tunda Lelang Aset Kasus Timah,https://news.detik.com/berita/d-8176512/kejagung-jamin-keberatan-sandra-dewi-tak-tunda-lelang-aset-kasus-timah,"
Jumat, 24 Okt 2025 14:35 WIB "
Penyidik Ungkap Anomali di Balik Klaim Sandra Dewi soal 88 Tas Mewah Endorse,https://news.detik.com/berita/d-8176224/penyidik-ungkap-anomali-di-balik-klaim-sandra-dewi-soal-88-tas-mewah-endorse,"
Jumat, 24 Okt 2025 12:39 WIB "
Penyidik Ungkap Keanehan di Akta Pisah Harta Sandra Dewi-Harvey Moeis,https://news.detik.com/berita/d-8176156/penyidik-ungkap-keanehan-di-akta-pisah-harta-sandra-dewi-harvey-moeis,"
Jumat, 24 Okt 2025 11:41 WIB "
Kejagung Jelaskan Alasan Sita Tas Mewah-Perhiasan Sandra Dewi,https://news.detik.com/berita/d-8176101/kejagung-jelaskan-alasan-sita-tas-mewah-perhiasan-sandra-dewi,"
Jumat, 24 Okt 2025 11:20 WIB "
Junaedi Saibih dkk Didakwa Rintangi Penyidikan Perkara Migor hingga Gula,https://news.detik.com/berita/d-8173975/junaedi-saibih-dkk-didakwa-rintangi-penyidikan-perkara-migor-hingga-gula,"
Rabu, 22 Okt 2025 23:31 WIB "
Jawaban Kalem Jaksa Saat Sandra Dewi Minta Aset Dibalikin,https://news.detik.com/berita/d-8172328/jawaban-kalem-jaksa-saat-sandra-dewi-minta-aset-dibalikin,"
Rabu, 22 Okt 2025 08:21 WIB "
88 Tas Mewah-Deposito Rp 33 M yang Diharap Sandra Dewi Balik ke Pangkuan,https://news.detik.com/berita/d-8170706/88-tas-mewah-deposito-rp-33-m-yang-diharap-sandra-dewi-balik-ke-pangkuan,"
Selasa, 21 Okt 2025 10:30 WIB "
Asa Sandra Dewi akan Tas Mewah hingga Mobil yang Dirampas Negara,https://news.detik.com/berita/d-8170471/asa-sandra-dewi-akan-tas-mewah-hingga-mobil-yang-dirampas-negara,"
Selasa, 21 Okt 2025 07:16 WIB "
"Prabowo: Tidak Ada Korupsi yang Tak Bisa Diselidiki, No More Untouchable",https://news.detik.com/berita/d-8169858/prabowo-tidak-ada-korupsi-yang-tak-bisa-diselidiki-no-more-untouchable,"
Senin, 20 Okt 2025 17:12 WIB "
Kejagung Tak Ambil Pusing Sandra Dewi Gugat Minta Tas Mewah-Mobil Dibalikin,https://news.detik.com/berita/d-8169826/kejagung-tak-ambil-pusing-sandra-dewi-gugat-minta-tas-mewah-mobil-dibalikin,"
Senin, 20 Okt 2025 16:53 WIB "
"Sandra Dewi Melawan, Minta Tas Mewah hingga Mobil Hadiah Ultah Dibalikin",https://news.detik.com/berita/d-8169533/sandra-dewi-melawan-minta-tas-mewah-hingga-mobil-hadiah-ultah-dibalikin,"
Senin, 20 Okt 2025 15:13 WIB "
Prabowo Ibaratkan Korupsi Seperti Kanker Stadium 4: Bisa Hancurkan Bangsa,https://news.detik.com/berita/d-8162769/prabowo-ibaratkan-korupsi-seperti-kanker-stadium-4-bisa-hancurkan-bangsa,"
Kamis, 16 Okt 2025 00:26 WIB "
Dari Eksploitasi ke Kedaulatan: Misi Baru Pengelolaan SDA Era Prabowo,https://news.detik.com/kolom/d-8148949/dari-eksploitasi-ke-kedaulatan-misi-baru-pengelolaan-sda-era-prabowo,"
Selasa, 07 Okt 2025 12:40 WIB "
6 Fakta Prabowo Cek Langsung Smelter Timah Triliunan Sitaan Jaksa,https://news.detik.com/berita/d-8148477/6-fakta-prabowo-cek-langsung-smelter-timah-triliunan-sitaan-jaksa,"
Selasa, 07 Okt 2025 07:05 WIB "
Kejagung Buka Peluang Usut Korupsi Dugaan Penyelundupan Logam Tanah Jarang,https://news.detik.com/berita/d-8148181/kejagung-buka-peluang-usut-korupsi-dugaan-penyelundupan-logam-tanah-jarang,"
Senin, 06 Okt 2025 20:03 WIB "
Penampakan Smelter Timah Rampasan Kejagung di Babel Terkait Korupsi Rp 300 T,https://news.detik.com/berita/d-8147940/penampakan-smelter-timah-rampasan-kejagung-di-babel-terkait-korupsi-rp-300-t,"
Senin, 06 Okt 2025 17:51 WIB "
Kejagung Duga Ada Penyelundupan Logam Tanah Jarang di Kasus Timah Rp 300 T,https://news.detik.com/berita/d-8147633/kejagung-duga-ada-penyelundupan-logam-tanah-jarang-di-kasus-timah-rp-300-t,"
Senin, 06 Okt 2025 15:32 WIB "
"Prabowo: Bayangkan, Kerugian karena Tambang Timah Ilegal Rp 300 T!",https://news.detik.com/berita/d-8147335/prabowo-bayangkan-kerugian-karena-tambang-timah-ilegal-rp-300-t,"
Senin, 06 Okt 2025 13:29 WIB "
Prabowo Ungkap Potensi Monasit di Smelter Kasus Timah: USD 200 Ribu Per Ton,https://news.detik.com/berita/d-8147253/prabowo-ungkap-potensi-monasit-di-smelter-kasus-timah-usd-200-ribu-per-ton,"
Senin, 06 Okt 2025 12:51 WIB "
"6 Smelter Rampasan Korupsi Disita, Prabowo: Bukti Pemerintah Serius Membasmi",https://news.detik.com/berita/d-8147184/6-smelter-rampasan-korupsi-disita-prabowo-bukti-pemerintah-serius-membasmi,"
Senin, 06 Okt 2025 12:19 WIB "
"Disaksikan Prabowo, Jaksa Agung Serahkan 6 Smelter Rampasan Korupsi ke Wamenkeu",https://news.detik.com/berita/d-8147069/disaksikan-prabowo-jaksa-agung-serahkan-6-smelter-rampasan-korupsi-ke-wamenkeu,"
Senin, 06 Okt 2025 11:29 WIB "
Prabowo Cek Smelter Timah di Babel Hasil Rampasan Kasus Korupsi Rp 300 T,https://news.detik.com/berita/d-8147031/prabowo-cek-smelter-timah-di-babel-hasil-rampasan-kasus-korupsi-rp-300-t,"
Senin, 06 Okt 2025 11:16 WIB "
Legislator PDIP Minta RUU BUMN Atur Wamen Tak Boleh Jabat Komisaris,https://news.detik.com/berita/d-8126747/legislator-pdip-minta-ruu-bumn-atur-wamen-tak-boleh-jabat-komisaris,"
Selasa, 23 Sep 2025 18:13 WIB "
"Apresiasi Adhyaksa Awards 2025, MAKI Bicara Pemberantasan Korupsi",https://news.detik.com/berita/d-8099640/apresiasi-adhyaksa-awards-2025-maki-bicara-pemberantasan-korupsi,"
Selasa, 09 Sep 2025 08:30 WIB "
Rapat Meja Bundar Prabowo di Hambalang Bahas Progres Swasembada Pangan,https://news.detik.com/berita/d-8072827/rapat-meja-bundar-prabowo-di-hambalang-bahas-progres-swasembada-pangan,"
Kamis, 21 Agu 2025 18:32 WIB "
BPA Ungkap Aset Sitaan Jiwasraya-PT Timah: Ribuan Tanah-Puluhan Mobil Mewah,https://news.detik.com/berita/d-8070909/bpa-ungkap-aset-sitaan-jiwasraya-pt-timah-ribuan-tanah-puluhan-mobil-mewah,"
Rabu, 20 Agu 2025 18:10 WIB "
Adik Hendry Lie Divonis 4 Tahun Penjara di Kasus Korupsi Timah,https://news.detik.com/berita/d-8069420/adik-hendry-lie-divonis-4-tahun-penjara-di-kasus-korupsi-timah,"
Selasa, 19 Agu 2025 21:19 WIB "
Hendry Lie Tetap Divonis 14 Tahun Bui dan Bayar Rp 1 T Terkait Kasus Timah,https://news.detik.com/berita/d-8054936/hendry-lie-tetap-divonis-14-tahun-bui-dan-bayar-rp-1-t-terkait-kasus-timah,"
Senin, 11 Agu 2025 11:00 WIB "
Adik Hendry Lie Dituntut 5 Tahun Penjara di Kasus Korupsi Timah,https://news.detik.com/berita/d-8044546/adik-hendry-lie-dituntut-5-tahun-penjara-di-kasus-korupsi-timah,"
Senin, 04 Agu 2025 16:15 WIB "
"Kabulkan Kasasi Jaksa, MA Anulir Vonis Bebas Afung di Kasus Tambang Ilegal",https://news.detik.com/berita/d-8029531/kabulkan-kasasi-jaksa-ma-anulir-vonis-bebas-afung-di-kasus-tambang-ilegal,"
Jumat, 25 Jul 2025 19:11 WIB "
Marcella Santoso dkk Segera Menatap Meja Hijau,https://news.detik.com/berita/d-8000823/marcella-santoso-dkk-segera-menatap-meja-hijau,"
Selasa, 08 Jul 2025 08:30 WIB "
"Pakar Nilai Publik Tak Cuma Lihat Kejagung dari Pemberantasan Korupsi, tapi...",https://news.detik.com/berita/d-8000720/pakar-nilai-publik-tak-cuma-lihat-kejagung-dari-pemberantasan-korupsi-tapi,"
Selasa, 08 Jul 2025 03:43 WIB "
"Berkas Lengkap, Marcella Santoso dkk Dilimpahkan ke Kejari Jakpus Hari Ini",https://news.detik.com/berita/d-7999419/berkas-lengkap-marcella-santoso-dkk-dilimpahkan-ke-kejari-jakpus-hari-ini,"
Senin, 07 Jul 2025 11:45 WIB "
Tak Ada Lagi Vonis Ringan untuk Harvey Moeis,https://news.detik.com/berita/d-7991685/tak-ada-lagi-vonis-ringan-untuk-harvey-moeis,"
Rabu, 02 Jul 2025 09:00 WIB "
Daftar Vonis Harvey Moeis dkk di Kasus Korupsi Timah Usai Kasasi Ditolak MA,https://news.detik.com/berita/d-7990706/daftar-vonis-harvey-moeis-dkk-di-kasus-korupsi-timah-usai-kasasi-ditolak-ma,"
Selasa, 01 Jul 2025 15:13 WIB "
Hakim Agung Satu Suara soal Vonis Harvey Moeis Tetap 20 Tahun Bui,https://news.detik.com/berita/d-7990585/hakim-agung-satu-suara-soal-vonis-harvey-moeis-tetap-20-tahun-bui,"
Selasa, 01 Jul 2025 14:33 WIB "
"MA Tolak Kasasi Helena Lim, Vonis Tetap 10 Tahun Penjara",https://news.detik.com/berita/d-7990446/ma-tolak-kasasi-helena-lim-vonis-tetap-10-tahun-penjara,"
Selasa, 01 Jul 2025 13:28 WIB "
"Kasasi Harvey Moeis Ditolak MA, Tetap Dihukum 20 Tahun Penjara",https://news.detik.com/berita/d-7990408/kasasi-harvey-moeis-ditolak-ma-tetap-dihukum-20-tahun-penjara,"
Selasa, 01 Jul 2025 13:13 WIB "
TNI Dalami Konten Negatif Diduga Dibuat Marcella Santoso soal RUU TNI,https://news.detik.com/berita/d-7973987/tni-dalami-konten-negatif-diduga-dibuat-marcella-santoso-soal-ruu-tni,"
Jumat, 20 Jun 2025 15:31 WIB "
Marcella Santoso Bantah Buat Konten Negatif soal RUU TNI-Indonesia Gelap,https://news.detik.com/berita/d-7970773/marcella-santoso-bantah-buat-konten-negatif-soal-ruu-tni-indonesia-gelap,"
Rabu, 18 Jun 2025 17:31 WIB "
"Buat Konten Negatif Jaksa Agung-Prabowo, Marcella Santoso Minta Maaf",https://news.detik.com/berita/d-7968897/buat-konten-negatif-jaksa-agung-prabowo-marcella-santoso-minta-maaf,"
Selasa, 17 Jun 2025 17:37 WIB "
Hendry Lie Divonis 14 Tahun Penjara di Kasus Korupsi Timah,https://news.detik.com/berita/d-7961549/hendry-lie-divonis-14-tahun-penjara-di-kasus-korupsi-timah,"
Kamis, 12 Jun 2025 19:02 WIB "
Efek Jera dan Melemahnya Militansi Memerangi Korupsi,https://news.detik.com/kolom/d-7952075/efek-jera-dan-melemahnya-militansi-memerangi-korupsi,"
Jumat, 06 Jun 2025 15:04 WIB "
Mereka Gantungkan Hidup di Rest Area yang Disita Jaksa,https://news.detik.com/berita/d-7942304/mereka-gantungkan-hidup-di-rest-area-yang-disita-jaksa,"
Minggu, 01 Jun 2025 07:22 WIB "
Saat Sopir Truk Bicara Korupsi dari Balik Kemudi,https://news.detik.com/berita/d-7941551/saat-sopir-truk-bicara-korupsi-dari-balik-kemudi,"
Sabtu, 31 Mei  2025 13:44 WIB "
"Menelusuri Pintu Belakang Rest Area KM 21B Jagorawi, Ada Parkiran Motor",https://news.detik.com/berita/d-7941425/menelusuri-pintu-belakang-rest-area-km-21b-jagorawi-ada-parkiran-motor,"
Sabtu, 31 Mei  2025 12:21 WIB "
Suara Pencari Nafkah di Rest Area Tol Jagorawi yang Disita Jaksa,https://news.detik.com/berita/d-7941298/suara-pencari-nafkah-di-rest-area-tol-jagorawi-yang-disita-jaksa,"
Sabtu, 31 Mei  2025 10:41 WIB "
Mengintip Lebih Jauh Rest Area di Tol Jagorawi yang Disita Jaksa,https://news.detik.com/berita/d-7941282/mengintip-lebih-jauh-rest-area-di-tol-jagorawi-yang-disita-jaksa,"
Sabtu, 31 Mei  2025 10:21 WIB "
"Rest Area Tol Jagorawi Disita tapi Masih Operasi, Begini Kata Kejagung",https://news.detik.com/berita/d-7928796/rest-area-tol-jagorawi-disita-tapi-masih-operasi-begini-kata-kejagung,"
Jumat, 23 Mei  2025 15:38 WIB "
Melihat Jaksa di Garis Depan Pemberantasan Korupsi Era Prabowo,https://news.detik.com/kolom/d-7928616/melihat-jaksa-di-garis-depan-pemberantasan-korupsi-era-prabowo,"
Jumat, 23 Mei  2025 14:30 WIB "
Kejagung Ungkap Alasan Sita Rest Area Km 21B Tol Jagorawi,https://news.detik.com/berita/d-7928189/kejagung-ungkap-alasan-sita-rest-area-km-21b-tol-jagorawi,"
Jumat, 23 Mei  2025 10:52 WIB "
Hendry Lie Dituntut 18 Tahun Penjara di Kasus Korupsi Timah,https://news.detik.com/berita/d-7927809/hendry-lie-dituntut-18-tahun-penjara-di-kasus-korupsi-timah,"
Kamis, 22 Mei  2025 23:41 WIB "
Rest Area Tol Jagorawi Tetap Operasi Meski Disita Terkait Kasus Korupsi,https://news.detik.com/berita/d-7927721/rest-area-tol-jagorawi-tetap-operasi-meski-disita-terkait-kasus-korupsi,"
Kamis, 22 Mei  2025 22:01 WIB "
"Disita Kejagung, Rest Area Km 21 B Tol Jagorawi Tetap Beroperasi",https://news.detik.com/berita/d-7926260/disita-kejagung-rest-area-km-21-b-tol-jagorawi-tetap-beroperasi,"
Kamis, 22 Mei  2025 10:13 WIB "
Ngeri Korupsi Timah Sampai Jaksa Sita Rest Area Tol Jagorawi,https://news.detik.com/berita/d-7925873/ngeri-korupsi-timah-sampai-jaksa-sita-rest-area-tol-jagorawi,"
Rabu, 21 Mei  2025 22:03 WIB "
Kejagung Sita Rest Area Km 21B Tol Jagorawi Terkait Kasus Korupsi Timah,https://news.detik.com/berita/d-7925081/kejagung-sita-rest-area-km-21b-tol-jagorawi-terkait-kasus-korupsi-timah,"
Rabu, 21 Mei  2025 15:33 WIB "
"Legislator PKB Bicara 'Hukum Lihat Popularitas', Jampidsus: Tidak Begitu Niat Kami",https://news.detik.com/berita/d-7923391/legislator-pkb-bicara-hukum-lihat-popularitas-jampidsus-tidak-begitu-niat-kami,"
Selasa, 20 Mei  2025 16:52 WIB "
"KY Periksa Majelis Hakim yang Vonis Harvey Moeis 6,5 Tahun",https://news.detik.com/berita/d-7923190/ky-periksa-majelis-hakim-yang-vonis-harvey-moeis-6-5-tahun,"
Selasa, 20 Mei  2025 15:44 WIB "
"Tolak Usulan Legalkan Kasino, HNW: Bertentangan dengan Nilai Konstitusi",https://news.detik.com/berita/d-7918952/tolak-usulan-legalkan-kasino-hnw-bertentangan-dengan-nilai-konstitusi,"
Sabtu, 17 Mei  2025 18:10 WIB "
Kejagung Ungkap Alasan Periksa Istri Tom Lembong di Kasus Timah-Impor Gula,https://news.detik.com/berita/d-7917635/kejagung-ungkap-alasan-periksa-istri-tom-lembong-di-kasus-timah-impor-gula,"
Jumat, 16 Mei  2025 17:31 WIB "
"Eks Dirjen Minerba Divonis 4 Tahun Bui di Kasus Timah, Jaksa Ajukan Banding",https://news.detik.com/berita/d-7917506/eks-dirjen-minerba-divonis-4-tahun-bui-di-kasus-timah-jaksa-ajukan-banding,"
Jumat, 16 Mei  2025 16:31 WIB "
Ketua PT DKI Diperiksa Kejagung Terkait Perintangan Kasus Impor Gula-Timah,https://news.detik.com/berita/d-7916525/ketua-pt-dki-diperiksa-kejagung-terkait-perintangan-kasus-impor-gula-timah,"
Jumat, 16 Mei  2025 08:10 WIB "
"Istrinya Diperiksa Kejagung, Tom Lembong: Tidak Usah Bawa-bawa Keluarga",https://news.detik.com/berita/d-7915985/istrinya-diperiksa-kejagung-tom-lembong-tidak-usah-bawa-bawa-keluarga,"
Kamis, 15 Mei  2025 18:17 WIB "
Eks Mendag Rachmat Gobel Sebut Impor Gula Harus Ada Rekomendasi Kemenperin,https://news.detik.com/berita/d-7915382/eks-mendag-rachmat-gobel-sebut-impor-gula-harus-ada-rekomendasi-kemenperin,"
Kamis, 15 Mei  2025 13:50 WIB "
Menunggu KUHP Baru Sebagai Landasan Membahas RUU Perampasan Aset,https://news.detik.com/kolom/d-7911904/menunggu-kuhp-baru-sebagai-landasan-membahas-ruu-perampasan-aset,"
Selasa, 13 Mei  2025 10:12 WIB "
Kritik Mengemuka Buntut Hakim Ketua Sidang Harvey Moeis Dimutasi Lagi,https://news.detik.com/berita/d-7911711/kritik-mengemuka-buntut-hakim-ketua-sidang-harvey-moeis-dimutasi-lagi,"
Selasa, 13 Mei  2025 06:01 WIB "
MAKI Kritik Pemvonis Ringan Harvey Moeis Promosi Jadi Hakim Tinggi,https://news.detik.com/berita/d-7910557/maki-kritik-pemvonis-ringan-harvey-moeis-promosi-jadi-hakim-tinggi,"
Senin, 12 Mei  2025 08:20 WIB "
"Hakim Pemvonis Harvey Moeis Jadi Hakim Tinggi di Papua, Ini Alasan MA",https://news.detik.com/berita/d-7910528/hakim-pemvonis-harvey-moeis-jadi-hakim-tinggi-di-papua-ini-alasan-ma,"
Senin, 12 Mei  2025 07:16 WIB "
IM57+ Nilai Hakim Eko Dimutasi ke Papua Terkait Vonis Ringan Harvey Moeis,https://news.detik.com/berita/d-7910466/im57-nilai-hakim-eko-dimutasi-ke-papua-terkait-vonis-ringan-harvey-moeis,"
Senin, 12 Mei  2025 05:31 WIB "
Serba-serbi Hakim Pemvonis Harvey Moeis Dimutasi ke Papua,https://news.detik.com/berita/d-7910435/serba-serbi-hakim-pemvonis-harvey-moeis-dimutasi-ke-papua,"
Minggu, 11 Mei  2025 23:49 WIB "
Jejak Pemvonis Ringan Harvey Moeis yang Kini Dimutasi Lebih Jauh,https://news.detik.com/berita/d-7909796/jejak-pemvonis-ringan-harvey-moeis-yang-kini-dimutasi-lebih-jauh,"
Minggu, 11 Mei  2025 13:47 WIB "
"Eko Ketua Majelis Hakim Harvey Moeis Dimutasi Lagi, Kini ke Papua",https://news.detik.com/berita/d-7909675/eko-ketua-majelis-hakim-harvey-moeis-dimutasi-lagi-kini-ke-papua,"
Minggu, 11 Mei  2025 12:36 WIB "
KPK Tegaskan Tetap Berwenang Tindak Kasus Korupsi di BUMN,https://news.detik.com/berita/d-7908081/kpk-tegaskan-tetap-berwenang-tindak-kasus-korupsi-di-bumn,"
Jumat, 09 Mei  2025 21:12 WIB "
Kejagung Periksa Istri Tom Lembong Terkait Perintangan Kasus Timah-Impor Gula,https://news.detik.com/berita/d-7907895/kejagung-periksa-istri-tom-lembong-terkait-perintangan-kasus-timah-impor-gula,"
Jumat, 09 Mei  2025 18:54 WIB "
"Bos Buzzer Dibayar Rp 864,5 Juta untuk Rintangi Penanganan Kasus di Kejagung",https://news.detik.com/berita/d-7904780/bos-buzzer-dibayar-rp-864-5-juta-untuk-rintangi-penanganan-kasus-di-kejagung,"
Kamis, 08 Mei  2025 01:25 WIB "
"Jadi Tersangka Rintangi Kasus Gula-Timah, Ini Peran Bos Buzzer",https://news.detik.com/berita/d-7904777/jadi-tersangka-rintangi-kasus-gula-timah-ini-peran-bos-buzzer,"
Kamis, 08 Mei  2025 01:12 WIB "
Kejagung Tetapkan Bos Buzzer Tersangka Perintangan Kasus Timah-Impor Gula,https://news.detik.com/berita/d-7904775/kejagung-tetapkan-bos-buzzer-tersangka-perintangan-kasus-timah-impor-gula,"
Kamis, 08 Mei  2025 01:03 WIB "
Jaksa Pikir-pikir Banding Vonis 4 Tahun Bui Eks Dirjen Minerba di Kasus Timah,https://news.detik.com/berita/d-7901973/jaksa-pikir-pikir-banding-vonis-4-tahun-bui-eks-dirjen-minerba-di-kasus-timah,"
Selasa, 06 Mei  2025 14:16 WIB "
"Eks Dirjen Minerba Lolos Dakwaan Primer di Kasus Timah, Ini Pertimbangan Hakim",https://news.detik.com/berita/d-7901210/eks-dirjen-minerba-lolos-dakwaan-primer-di-kasus-timah-ini-pertimbangan-hakim,"
Selasa, 06 Mei  2025 00:07 WIB "
Eks Dirjen Minerba Divonis 4 Tahun Penjara di Kasus Korupsi Timah Rp 300 T,https://news.detik.com/berita/d-7901056/eks-dirjen-minerba-divonis-4-tahun-penjara-di-kasus-korupsi-timah-rp-300-t,"
Senin, 05 Mei  2025 21:25 WIB "
Eks Pejabat Timah Alwin Albar Divonis 10 Tahun Bui di Kasus Korupsi Rp 300 T,https://news.detik.com/berita/d-7900229/eks-pejabat-timah-alwin-albar-divonis-10-tahun-bui-di-kasus-korupsi-rp-300-t,"
Senin, 05 Mei  2025 14:51 WIB "
"Terdakwa Timah Tutup Usia, Hukuman Uang Pengganti Dikaji Jaksa",https://news.detik.com/berita/d-7892329/terdakwa-timah-tutup-usia-hukuman-uang-pengganti-dikaji-jaksa,"
Rabu, 30 Apr 2025 07:06 WIB "
Terdakwa Korupsi Suparta Sempat Tak Sadarkan Diri di Lapas Sebelum Meninggal,https://news.detik.com/berita/d-7891577/terdakwa-korupsi-suparta-sempat-tak-sadarkan-diri-di-lapas-sebelum-meninggal,"
Selasa, 29 Apr 2025 16:11 WIB "
Kejagung Kaji Nasib Uang Pengganti Timah Usai Terdakwa Suparta Meninggal,https://news.detik.com/berita/d-7891185/kejagung-kaji-nasib-uang-pengganti-timah-usai-terdakwa-suparta-meninggal,"
Selasa, 29 Apr 2025 13:25 WIB "
"Bos Smelter Suparta Meninggal, Status Terdakwa Kasus Timah Gugur",https://news.detik.com/berita/d-7891149/bos-smelter-suparta-meninggal-status-terdakwa-kasus-timah-gugur,"
Selasa, 29 Apr 2025 13:09 WIB "
Suparta Terdakwa Kasus Korupsi Timah Meninggal Dunia,https://news.detik.com/berita/d-7890471/suparta-terdakwa-kasus-korupsi-timah-meninggal-dunia,"
Senin, 28 Apr 2025 21:57 WIB "
"Kejagung: Direktur JakTV Tahanan Kota Dipasangi Detektor, Istri Jadi Jaminan",https://news.detik.com/berita/d-7889691/kejagung-direktur-jaktv-tahanan-kota-dipasangi-detektor-istri-jadi-jaminan,"
Senin, 28 Apr 2025 15:34 WIB "
Kejagung Alihkan Penahanan Direktur JakTV Jadi Tahanan Kota karena Sakit,https://news.detik.com/berita/d-7886279/kejagung-alihkan-penahanan-direktur-jaktv-jadi-tahanan-kota-karena-sakit,"
Jumat, 25 Apr 2025 20:27 WIB "
Dewan Pers Bakal Periksa Etik Direktur JakTV yang Dijerat Kejagung,https://news.detik.com/berita/d-7883925/dewan-pers-bakal-periksa-etik-direktur-jaktv-yang-dijerat-kejagung,"
Kamis, 24 Apr 2025 15:20 WIB "
"Sambangi Dewan Pers, Kejagung Serahkan Dokumen Terkait Kasus Direktur JakTV",https://news.detik.com/berita/d-7883629/sambangi-dewan-pers-kejagung-serahkan-dokumen-terkait-kasus-direktur-jaktv,"
Kamis, 24 Apr 2025 13:18 WIB "
Sangkaan soal Rekayasa yang Jerat Direktur JakTV Jadi Tersangka,https://news.detik.com/berita/d-7881485/sangkaan-soal-rekayasa-yang-jerat-direktur-jaktv-jadi-tersangka,"
Rabu, 23 Apr 2025 08:39 WIB "
Permufakatan Direktur JakTV dengan 2 Advokat Rintangi Kejagung Usut Kasus,https://news.detik.com/berita/d-7881023/permufakatan-direktur-jaktv-dengan-2-advokat-rintangi-kejagung-usut-kasus,"
Selasa, 22 Apr 2025 18:55 WIB "
Kejagung Tegaskan Tak Persoalkan Pemberitaan JakTV: Kami Tidak Antikritik,https://news.detik.com/berita/d-7880893/kejagung-tegaskan-tak-persoalkan-pemberitaan-jaktv-kami-tidak-antikritik,"
Selasa, 22 Apr 2025 17:48 WIB "
"Belum Sebulan, Dua Kasus Berbeda Jerat Advokat Marcella",https://news.detik.com/berita/d-7880805/belum-sebulan-dua-kasus-berbeda-jerat-advokat-marcella,"
Selasa, 22 Apr 2025 17:05 WIB "
Kejagung Jelaskan ke Dewan Pers soal Peran Direktur JakTV Rintangi Usut Kasus,https://news.detik.com/berita/d-7880736/kejagung-jelaskan-ke-dewan-pers-soal-peran-direktur-jaktv-rintangi-usut-kasus,"
Selasa, 22 Apr 2025 16:33 WIB "
Peran Direktur JakTV Rintangi Kejagung Usut Kasus Timah dan Impor Gula,https://news.detik.com/berita/d-7880510/peran-direktur-jaktv-rintangi-kejagung-usut-kasus-timah-dan-impor-gula,"
Selasa, 22 Apr 2025 15:16 WIB "
Ini Jeratan Pasal Perintangan Penyidikan untuk Direktur JakTV dkk,https://news.detik.com/berita/d-7880423/ini-jeratan-pasal-perintangan-penyidikan-untuk-direktur-jaktv-dkk,"
Selasa, 22 Apr 2025 14:41 WIB "
Kejagung Sita Dokumen soal Narasi Publik Terkait Kasus Timah-Impor Gula Rp 2 M,https://news.detik.com/berita/d-7880154/kejagung-sita-dokumen-soal-narasi-publik-terkait-kasus-timah-impor-gula-rp-2-m,"
Selasa, 22 Apr 2025 13:03 WIB "
"Kini Tersangka, Ini Jejak Junaedi Saibih di Kasus Timah dan Impor Gula",https://news.detik.com/berita/d-7879942/kini-tersangka-ini-jejak-junaedi-saibih-di-kasus-timah-dan-impor-gula,"
Selasa, 22 Apr 2025 11:13 WIB "
Kejagung: 2 Advokat Bayar Demo hingga Bangun Narasi Pengaruhi Sidang,https://news.detik.com/berita/d-7879590/kejagung-2-advokat-bayar-demo-hingga-bangun-narasi-pengaruhi-sidang,"
Selasa, 22 Apr 2025 02:31 WIB "
Peran 3 Tersangka Perintangan Penyidikan Kasus Timah dan Impor Gula,https://news.detik.com/berita/d-7879588/peran-3-tersangka-perintangan-penyidikan-kasus-timah-dan-impor-gula,"
Selasa, 22 Apr 2025 02:10 WIB "
Kejagung Tetapkan 3 Tersangka Perintangan Kasus Timah dan Impor Gula,https://news.detik.com/berita/d-7879583/kejagung-tetapkan-3-tersangka-perintangan-kasus-timah-dan-impor-gula,"
Selasa, 22 Apr 2025 00:43 WIB "
Eks Dirjen Minerba Dituntut 8 Tahun Penjara di Kasus Korupsi Timah,https://news.detik.com/berita/d-7879125/eks-dirjen-minerba-dituntut-8-tahun-penjara-di-kasus-korupsi-timah,"
Senin, 21 Apr 2025 17:57 WIB "
Mendudukkan Kembali BUMN sebagai Lembaga Negara,https://news.detik.com/kolom/d-7871269/mendudukkan-kembali-bumn-sebagai-lembaga-negara,"
Rabu, 16 Apr 2025 11:56 WIB "
Liga Korupsi dan Mimpi Indonesia Emas,https://news.detik.com/kolom/d-7862724/liga-korupsi-dan-mimpi-indonesia-emas,"
Kamis, 10 Apr 2025 16:30 WIB "
Kejagung Periksa Istri dan Anak Hendry Lie di Kasus Korupsi Timah,https://news.detik.com/berita/d-7859742/kejagung-periksa-istri-dan-anak-hendry-lie-di-kasus-korupsi-timah,"
Selasa, 08 Apr 2025 18:20 WIB "
Hakim Izinkan Adik Hendry Lie Ikuti Sidang Kasus Korupsi Timah Lewat Zoom,https://news.detik.com/berita/d-7840560/hakim-izinkan-adik-hendry-lie-ikuti-sidang-kasus-korupsi-timah-lewat-zoom,"
Selasa, 25 Mar 2025 12:26 WIB "
Adik Hendry Lie Didakwa Rugikan Negara Rp 300 T di Kasus Korupsi Timah,https://news.detik.com/berita/d-7840522/adik-hendry-lie-didakwa-rugikan-negara-rp-300-t-di-kasus-korupsi-timah,"
Selasa, 25 Mar 2025 12:06 WIB "
PT DKI Juga Perberat Vonis Gunawan Terdakwa Kasus Timah Jadi 10 Tahun Bui,https://news.detik.com/berita/d-7827681/pt-dki-juga-perberat-vonis-gunawan-terdakwa-kasus-timah-jadi-10-tahun-bui,"
Senin, 17 Mar 2025 16:43 WIB "
Hukuman Bos Smelter Terdakwa Kasus Timah Diperberat Jadi 18 Tahun Penjara,https://news.detik.com/berita/d-7826970/hukuman-bos-smelter-terdakwa-kasus-timah-diperberat-jadi-18-tahun-penjara,"
Senin, 17 Mar 2025 12:12 WIB "
Mengelola Krisis Kepercayaan terhadap Pertamina,https://news.detik.com/kolom/d-7821869/mengelola-krisis-kepercayaan-terhadap-pertamina,"
Jumat, 14 Mar 2025 13:16 WIB "
Eks Penyidik KPK Setuju UU Tipikor Terkait Vonis Ganti Rugi Digugat ke MK,https://news.detik.com/berita/d-7822583/eks-penyidik-kpk-setuju-uu-tipikor-terkait-vonis-ganti-rugi-digugat-ke-mk,"
Jumat, 14 Mar 2025 07:50 WIB "
Gugatan UU Tipikor soal Ganti Rugi Dinilai Tindakan Konkret Miskinkan Koruptor,https://news.detik.com/berita/d-7822501/gugatan-uu-tipikor-soal-ganti-rugi-dinilai-tindakan-konkret-miskinkan-koruptor,"
Jumat, 14 Mar 2025 04:37 WIB "
Pukat UGM: Gugatan UU Tipikor Terkait Vonis Ganti Rugi Layak Dikabulkan MK,https://news.detik.com/berita/d-7822468/pukat-ugm-gugatan-uu-tipikor-terkait-vonis-ganti-rugi-layak-dikabulkan-mk,"
Jumat, 14 Mar 2025 03:03 WIB "
UU Tipikor Digugat ke MK Terkait Vonis Ganti Rugi Harvey Moeis dkk,https://news.detik.com/berita/d-7821418/uu-tipikor-digugat-ke-mk-terkait-vonis-ganti-rugi-harvey-moeis-dkk,"
Kamis, 13 Mar 2025 13:53 WIB "
"Pakar Nilai Koruptor Tak Cukup Dipenjara, Dorong RUU Perampasan Aset",https://news.detik.com/berita/d-7809105/pakar-nilai-koruptor-tak-cukup-dipenjara-dorong-ruu-perampasan-aset,"
Kamis, 06 Mar 2025 02:23 WIB "
Korupsi Pertamina: Menaksir Taksiran Kerugian Negara,https://news.detik.com/kolom/d-7808279/korupsi-pertamina-menaksir-taksiran-kerugian-negara,"
Rabu, 05 Mar 2025 15:43 WIB "
"Rapat Tertutup, Komisi III DPR Tanya Jampidsus Kasus Pertamina-Impor Gula",https://news.detik.com/berita/d-7808059/rapat-tertutup-komisi-iii-dpr-tanya-jampidsus-kasus-pertamina-impor-gula,"
Rabu, 05 Mar 2025 14:08 WIB "
Merawat Asa Good Governance Walau Dirusak Perilaku Koruptif,https://news.detik.com/kolom/d-7807639/merawat-asa-good-governance-walau-dirusak-perilaku-koruptif,"
Rabu, 05 Mar 2025 11:17 WIB "
Bamsoet Ajak Seluruh Komponen Bangsa Dukung Prabowo Perangi Oligarki,https://news.detik.com/berita/d-7806757/bamsoet-ajak-seluruh-komponen-bangsa-dukung-prabowo-perangi-oligarki,"
Selasa, 04 Mar 2025 17:56 WIB "
Waka DPD Apresiasi Kejagung Tegas Tindak Korupsi: Kerugian Negara Besar,https://news.detik.com/berita/d-7805290/waka-dpd-apresiasi-kejagung-tegas-tindak-korupsi-kerugian-negara-besar,"
Selasa, 04 Mar 2025 01:55 WIB "
"Kasus Pertamina, Waka MPR: Optimis Prabowo Berantas Korupsi Hingga ke Akar",https://news.detik.com/berita/d-7802748/kasus-pertamina-waka-mpr-optimis-prabowo-berantas-korupsi-hingga-ke-akar,"
Minggu, 02 Mar 2025 13:57 WIB "
"Negara Kian Merugi, Bamsoet: Butuh Strategi Baru Berantas Korupsi",https://news.detik.com/berita/d-7799357/negara-kian-merugi-bamsoet-butuh-strategi-baru-berantas-korupsi,"
Jumat, 28 Feb 2025 09:27 WIB "
"Susul Harvey Moeis Dkk, Kian Berlipat Hukuman Terdakwa Kasus Timah",https://news.detik.com/berita/d-7799210/susul-harvey-moeis-dkk-kian-berlipat-hukuman-terdakwa-kasus-timah,"
Jumat, 28 Feb 2025 06:06 WIB "
Vonis Bos Smelter dan Pengepul Kasus Timah Diperberat 10-18 Tahun Penjara,https://news.detik.com/berita/d-7798377/vonis-bos-smelter-dan-pengepul-kasus-timah-diperberat-10-18-tahun-penjara,"
Kamis, 27 Feb 2025 15:28 WIB "
Hukuman Eks Direktur Keuangan Timah Diperberat Jadi 20 Tahun Penjara,https://news.detik.com/berita/d-7798285/hukuman-eks-direktur-keuangan-timah-diperberat-jadi-20-tahun-penjara,"
Kamis, 27 Feb 2025 14:43 WIB "
Pengamat: Program Prioritas Presiden Prabowo Konsisten Sesuai Pidato Perdananya,https://news.detik.com/berita/d-7788345/pengamat-program-prioritas-presiden-prabowo-konsisten-sesuai-pidato-perdananya,"
Kamis, 20 Feb 2025 22:15 WIB "
KY Masih Dalami Dugaan Pelanggaran Etik Hakim Vonis Ringan Harvey Moeis,https://news.detik.com/berita/d-7784676/ky-masih-dalami-dugaan-pelanggaran-etik-hakim-vonis-ringan-harvey-moeis,"
Selasa, 18 Feb 2025 20:36 WIB "
Belum Habis Harvey Moeis Melawan Vonis,https://news.detik.com/berita/d-7783273/belum-habis-harvey-moeis-melawan-vonis,"
Selasa, 18 Feb 2025 07:54 WIB "
Kejagung Siap Hadapi Kasasi Harvey Moeis dkk di Kasus Timah,https://news.detik.com/berita/d-7782244/kejagung-siap-hadapi-kasasi-harvey-moeis-dkk-di-kasus-timah,"
Senin, 17 Feb 2025 14:44 WIB "
"Lawan Vonis 20 Tahun Penjara, Harvey Moeis Bakal Ajukan Kasasi ke MA",https://news.detik.com/berita/d-7782166/lawan-vonis-20-tahun-penjara-harvey-moeis-bakal-ajukan-kasasi-ke-ma,"
Senin, 17 Feb 2025 14:06 WIB "
Saran Hakim soal Kerugian Rp 300 T di Kasus Timah Disambut Kejaksaan,https://news.detik.com/berita/d-7779413/saran-hakim-soal-kerugian-rp-300-t-di-kasus-timah-disambut-kejaksaan,"
Sabtu, 15 Feb 2025 08:38 WIB "
"Hakim Sarankan Kejar Rp 300 T Kasus Timah Lewat Perdata, Ini Kata Kejagung",https://news.detik.com/berita/d-7778865/hakim-sarankan-kejar-rp-300-t-kasus-timah-lewat-perdata-ini-kata-kejagung,"
Jumat, 14 Feb 2025 17:37 WIB "
"Vonis Harvey Moeis cs Makin Berat, Kerugian Kasus Timah Tetap Rp 300 T",https://news.detik.com/berita/d-7778487/vonis-harvey-moeis-cs-makin-berat-kerugian-kasus-timah-tetap-rp-300-t,"
Jumat, 14 Feb 2025 15:06 WIB "
Makin Berat Hukuman Harvey Moeis yang Divonis 3 Kali Lipat,https://news.detik.com/berita/d-7777811/makin-berat-hukuman-harvey-moeis-yang-divonis-3-kali-lipat,"
Jumat, 14 Feb 2025 08:01 WIB "
Tak Ada Lagi Vonis Ringan Harvey Moeis karena Sopan,https://news.detik.com/berita/d-7777791/tak-ada-lagi-vonis-ringan-harvey-moeis-karena-sopan,"
Jumat, 14 Feb 2025 07:25 WIB "
Kejutan Vonis Harvey Moeis Dkk: Semua Ultra Petita,https://news.detik.com/berita/d-7777749/kejutan-vonis-harvey-moeis-dkk-semua-ultra-petita,"
Jumat, 14 Feb 2025 06:17 WIB "
PT Jakarta: Putusan Banding Harvey Moeis Digelar Terbuka untuk Transparansi,https://news.detik.com/berita/d-7777096/pt-jakarta-putusan-banding-harvey-moeis-digelar-terbuka-untuk-transparansi,"
Kamis, 13 Feb 2025 17:41 WIB "
"Selain Aset Harvey Moeis, Aset atas Nama Sandra Dewi Juga Tetap Disita",https://news.detik.com/berita/d-7777070/selain-aset-harvey-moeis-aset-atas-nama-sandra-dewi-juga-tetap-disita,"
Kamis, 13 Feb 2025 17:32 WIB "
"Hukuman Harvey Moeis Jadi 20 Tahun, Legislator Gerindra: Sudah Sepatutnya",https://news.detik.com/berita/d-7776819/hukuman-harvey-moeis-jadi-20-tahun-legislator-gerindra-sudah-sepatutnya,"
Kamis, 13 Feb 2025 16:06 WIB "
Daftar Lengkap Vonis Terbaru Harvey Moeis cs yang Semuanya Ultra Petita,https://news.detik.com/berita/d-7776777/daftar-lengkap-vonis-terbaru-harvey-moeis-cs-yang-semuanya-ultra-petita,"
Kamis, 13 Feb 2025 15:51 WIB "
MAKI Komentari Vonis 20 Tahun Bui Harvey Moeis: Harusnya Seumur Hidup,https://news.detik.com/berita/d-7776671/maki-komentari-vonis-20-tahun-bui-harvey-moeis-harusnya-seumur-hidup,"
Kamis, 13 Feb 2025 15:05 WIB "
Vonis Bos Smelter di Kasus Timah Juga Diperberat Jadi 19 Tahun Bui,https://news.detik.com/berita/d-7776577/vonis-bos-smelter-di-kasus-timah-juga-diperberat-jadi-19-tahun-bui,"
Kamis, 13 Feb 2025 14:29 WIB "
"Aset Harvey Moeis Tetap Dirampas Negara, Termasuk Kado Ultah Sandra Dewi",https://news.detik.com/berita/d-7776572/aset-harvey-moeis-tetap-dirampas-negara-termasuk-kado-ultah-sandra-dewi,"
Kamis, 13 Feb 2025 14:24 WIB "
Pihak Harvey Moeis Usai Vonisnya Jadi 20 Tahun Bui: Innalillahi,https://news.detik.com/berita/d-7776559/pihak-harvey-moeis-usai-vonisnya-jadi-20-tahun-bui-innalillahi,"
Kamis, 13 Feb 2025 14:19 WIB "
"Hukuman Harvey Moeis Jadi 20 Tahun, Legislator Soroti Putusan Tingkat Pertama",https://news.detik.com/berita/d-7776509/hukuman-harvey-moeis-jadi-20-tahun-legislator-soroti-putusan-tingkat-pertama,"
Kamis, 13 Feb 2025 14:01 WIB "
"PT DKI Putuskan Aset Helena Lim Tetap Dirampas, Ini Daftarnya",https://news.detik.com/berita/d-7776493/pt-dki-putuskan-aset-helena-lim-tetap-dirampas-ini-daftarnya,"
Kamis, 13 Feb 2025 13:51 WIB "
'Sopan Jadi Hal Meringankan' yang Kini Hilang di Putusan Harvey Moeis,https://news.detik.com/berita/d-7776452/sopan-jadi-hal-meringankan-yang-kini-hilang-di-putusan-harvey-moeis,"
Kamis, 13 Feb 2025 13:29 WIB "
"Hukuman Harvey Moeis Jadi 20 Tahun, Waka Komisi III DPR: Tegas dan Objektif",https://news.detik.com/berita/d-7776391/hukuman-harvey-moeis-jadi-20-tahun-waka-komisi-iii-dpr-tegas-dan-objektif,"
Kamis, 13 Feb 2025 12:56 WIB "
"Vonis Banding Harvey Moeis Jadi 20 Tahun Penjara, Ini Kata Kejagung",https://news.detik.com/berita/d-7776377/vonis-banding-harvey-moeis-jadi-20-tahun-penjara-ini-kata-kejagung,"
Kamis, 13 Feb 2025 12:52 WIB "
"Vonis Ultra Petita Harvey Moeis: Dari 6,5 Tahun Jadi 20 Tahun",https://news.detik.com/berita/d-7776358/vonis-ultra-petita-harvey-moeis-dari-6-5-tahun-jadi-20-tahun,"
Kamis, 13 Feb 2025 12:42 WIB "
Vonis Banding Eks Dirut Timah Diperberat Jadi 20 Tahun Penjara,https://news.detik.com/berita/d-7776308/vonis-banding-eks-dirut-timah-diperberat-jadi-20-tahun-penjara,"
Kamis, 13 Feb 2025 12:22 WIB "
"Hukuman Harvey Moeis Jadi 20 Tahun Bui, Legislator: Kami Minta Miskinkan!",https://news.detik.com/berita/d-7776226/hukuman-harvey-moeis-jadi-20-tahun-bui-legislator-kami-minta-miskinkan,"
Kamis, 13 Feb 2025 11:49 WIB "
Alasan PT DKI Vonis 20 Tahun Bui: Harvey Moeis Aktor Penting Kasus Timah,https://news.detik.com/berita/d-7776156/alasan-pt-dki-vonis-20-tahun-bui-harvey-moeis-aktor-penting-kasus-timah,"
Kamis, 13 Feb 2025 11:08 WIB "
Helena Lim Tetap Dihukum Bayar Uang Pengganti Rp 900 Juta di Kasus Timah,https://news.detik.com/berita/d-7776155/helena-lim-tetap-dihukum-bayar-uang-pengganti-rp-900-juta-di-kasus-timah,"
Kamis, 13 Feb 2025 11:08 WIB "
Vonis Banding Helena Lim Juga Diperberat Jadi 10 Tahun Penjara,https://news.detik.com/berita/d-7776115/vonis-banding-helena-lim-juga-diperberat-jadi-10-tahun-penjara,"
Kamis, 13 Feb 2025 10:46 WIB "
Tak Ada Hal Ringankan bagi Harvey Moeis yang Kini Divonis 20 Tahun Bui,https://news.detik.com/berita/d-7776097/tak-ada-hal-ringankan-bagi-harvey-moeis-yang-kini-divonis-20-tahun-bui,"
Kamis, 13 Feb 2025 10:31 WIB "
PT Jakarta Vonis Harvey Moeis 20 Tahun Bui: Sakiti Hati Rakyat,https://news.detik.com/berita/d-7776093/pt-jakarta-vonis-harvey-moeis-20-tahun-bui-sakiti-hati-rakyat,"
Kamis, 13 Feb 2025 10:25 WIB "
Uang Pengganti Harvey Moeis Juga Diperberat Jadi Rp 420 Miliar,https://news.detik.com/berita/d-7776062/uang-pengganti-harvey-moeis-juga-diperberat-jadi-rp-420-miliar,"
Kamis, 13 Feb 2025 10:14 WIB "
"Putusan Banding Harvey Moeis 20 Tahun Bui, Jauh Lebih Tinggi dari Tuntutan",https://news.detik.com/berita/d-7776061/putusan-banding-harvey-moeis-20-tahun-bui-jauh-lebih-tinggi-dari-tuntutan,"
Kamis, 13 Feb 2025 10:13 WIB "
Putusan Banding Harvey Moeis: Hukuman Diperberat Jadi 20 Tahun Penjara,https://news.detik.com/berita/d-7776043/putusan-banding-harvey-moeis-hukuman-diperberat-jadi-20-tahun-penjara,"
Kamis, 13 Feb 2025 09:53 WIB "
PT Jakarta Bacakan Putusan Banding Harvey Moeis Hari Ini,https://news.detik.com/berita/d-7775886/pt-jakarta-bacakan-putusan-banding-harvey-moeis-hari-ini,"
Kamis, 13 Feb 2025 07:20 WIB "
KY Masih Usut Dugaan Pelanggaran Etik Hakim Pemvonis Harvey Moeis,https://news.detik.com/berita/d-7774843/ky-masih-usut-dugaan-pelanggaran-etik-hakim-pemvonis-harvey-moeis,"
Rabu, 12 Feb 2025 14:37 WIB "
Adakah Kejutan Vonis Banding Harvey Moeis di Hari Kamis?,https://news.detik.com/berita/d-7774197/adakah-kejutan-vonis-banding-harvey-moeis-di-hari-kamis,"
Rabu, 12 Feb 2025 08:16 WIB "
"Babak Baru Kasus Harvey Moeis, Putusan Banding Dibacakan 13 Februari",https://news.detik.com/berita/d-7773246/babak-baru-kasus-harvey-moeis-putusan-banding-dibacakan-13-februari,"
Selasa, 11 Feb 2025 15:16 WIB "
Jaksa Agung Sebut Vonis Rendah Kasus Timah Lukai Hati Masyarakat,https://news.detik.com/berita/d-7764519/jaksa-agung-sebut-vonis-rendah-kasus-timah-lukai-hati-masyarakat,"
Rabu, 05 Feb 2025 15:35 WIB "
"Siman Bahar Tak Penuhi Panggilan karena Cuci Darah, KPK Cari Second Opinion",https://news.detik.com/berita/d-7763507/siman-bahar-tak-penuhi-panggilan-karena-cuci-darah-kpk-cari-second-opinion,"
Selasa, 04 Feb 2025 21:32 WIB "
"Ahli Kasus Timah Dipolisikan, Bareskrim Polri Akan Asistensi Perkara",https://news.detik.com/berita/d-7763505/ahli-kasus-timah-dipolisikan-bareskrim-polri-akan-asistensi-perkara,"
Selasa, 04 Feb 2025 21:30 WIB "
Sidang Vonis 2 Terdakwa Kasus Korupsi Lahan DP Rp 0 Pulo Gebang Ditunda,https://news.detik.com/berita/d-7761690/sidang-vonis-2-terdakwa-kasus-korupsi-lahan-dp-rp-0-pulo-gebang-ditunda,"
Senin, 03 Feb 2025 19:48 WIB "
Hendry Lie Minta Dibebaskan dari Kasus Korupsi Timah,https://news.detik.com/berita/d-7760655/hendry-lie-minta-dibebaskan-dari-kasus-korupsi-timah,"
Senin, 03 Feb 2025 12:16 WIB "
Eks Penyidik Nilai KPK Menyala Lagi di Era Prabowo,https://news.detik.com/berita/d-7755955/eks-penyidik-nilai-kpk-menyala-lagi-di-era-prabowo,"
Kamis, 30 Jan 2025 16:49 WIB "
Hendry Lie Didakwa Terima Duit Rp 1 Triliun Terkait Kasus Korupsi Timah,https://news.detik.com/berita/d-7755357/hendry-lie-didakwa-terima-duit-rp-1-triliun-terkait-kasus-korupsi-timah,"
Kamis, 30 Jan 2025 12:48 WIB "
Kenapa Perang Kembali Berkobar di Kongo?,https://news.detik.com/dw/d-7754654/kenapa-perang-kembali-berkobar-di-kongo,"
Rabu, 29 Jan 2025 19:55 WIB "
MAKI Heran Kasus Kejagung Tuntas tapi Citra Positif di Litbang Kompas Cuma 68%,https://news.detik.com/berita/d-7749887/maki-heran-kasus-kejagung-tuntas-tapi-citra-positif-di-litbang-kompas-cuma-68,"
Sabtu, 25 Jan 2025 18:24 WIB "
Komjak Dorong Kejagung Usut Korporasi-korporasi Kasus Timah,https://news.detik.com/berita/d-7741315/komjak-dorong-kejagung-usut-korporasi-korporasi-kasus-timah,"
Senin, 20 Jan 2025 16:57 WIB "
Komjak Soroti Ahli Kasus Timah Diperkarakan: Tak Ada Alas Hukum,https://news.detik.com/berita/d-7741123/komjak-soroti-ahli-kasus-timah-diperkarakan-tak-ada-alas-hukum,"
Senin, 20 Jan 2025 15:40 WIB "
Pelapor Guru Besar IPB soal Hitungan Kasus Timah Datangi Komisi III DPR,https://news.detik.com/berita/d-7733746/pelapor-guru-besar-ipb-soal-hitungan-kasus-timah-datangi-komisi-iii-dpr,"
Rabu, 15 Jan 2025 15:34 WIB "
"Ahli Penghitung Kerugian Kasus Timah Diperkarakan, Kejagung Pasang Badan",https://news.detik.com/berita/d-7731886/ahli-penghitung-kerugian-kasus-timah-diperkarakan-kejagung-pasang-badan,"
Selasa, 14 Jan 2025 14:20 WIB "
Dosen UI Bela Guru Besar IPB Penghitung Kerugian Kasus Timah yang Dipolisikan,https://news.detik.com/berita/d-7728539/dosen-ui-bela-guru-besar-ipb-penghitung-kerugian-kasus-timah-yang-dipolisikan,"
Minggu, 12 Jan 2025 06:46 WIB "
Respons Ahli Bambang Hero soal Dilaporkan Perihal Hitung Kerugian Kasus Timah,https://news.detik.com/berita/d-7728134/respons-ahli-bambang-hero-soal-dilaporkan-perihal-hitung-kerugian-kasus-timah,"
Sabtu, 11 Jan 2025 16:46 WIB "
"Ahli Hitung Kerugian Kasus Timah Dilaporkan, Polisi Diminta Tolak Laporan",https://news.detik.com/berita/d-7728001/ahli-hitung-kerugian-kasus-timah-dilaporkan-polisi-diminta-tolak-laporan,"
Sabtu, 11 Jan 2025 14:56 WIB "
Pelapor Ahli yang Hitung Kerugian Kasus Timah Dinilai Tak Paham Sidang,https://news.detik.com/berita/d-7727953/pelapor-ahli-yang-hitung-kerugian-kasus-timah-dinilai-tak-paham-sidang,"
Sabtu, 11 Jan 2025 14:19 WIB "
Ahli Kasus Timah Dipolisikan Meski Kerugian Terbukti di Pengadilan,https://news.detik.com/berita/d-7727555/ahli-kasus-timah-dipolisikan-meski-kerugian-terbukti-di-pengadilan,"
Sabtu, 11 Jan 2025 07:15 WIB "
Alasan Warga di Babel Polisikan Penghitung Kerugian Rp 271 T Kasus Timah,https://news.detik.com/berita/d-7726691/alasan-warga-di-babel-polisikan-penghitung-kerugian-rp-271-t-kasus-timah,"
Jumat, 10 Jan 2025 15:57 WIB "
"Ahli Kasus Timah Dipolisikan, Kerugian Rp 271 T yang Dihitungnya Terbukti",https://news.detik.com/berita/d-7726406/ahli-kasus-timah-dipolisikan-kerugian-rp-271-t-yang-dihitungnya-terbukti,"
Jumat, 10 Jan 2025 13:55 WIB "
"Penghitung Kerugian Korupsi Timah Rp 271 T Dipolisikan, Ini Kata Kejagung",https://news.detik.com/berita/d-7726133/penghitung-kerugian-korupsi-timah-rp-271-t-dipolisikan-ini-kata-kejagung,"
Jumat, 10 Jan 2025 11:07 WIB "
Polemik Putusan Harvey Moeis Bikin Hakim Pemvonis Diusut Etik,https://news.detik.com/berita/d-7725875/polemik-putusan-harvey-moeis-bikin-hakim-pemvonis-diusut-etik,"
Jumat, 10 Jan 2025 08:00 WIB "
KY Proses Laporan Dugaan Pelanggaran Etik Hakim Pemvonis Harvey Moeis,https://news.detik.com/berita/d-7724031/ky-proses-laporan-dugaan-pelanggaran-etik-hakim-pemvonis-harvey-moeis,"
Kamis, 09 Jan 2025 07:38 WIB "
Kejagung Periksa Direktur Keuangan PT Timah di Kasus Korupsi Timah,https://news.detik.com/berita/d-7723720/kejagung-periksa-direktur-keuangan-pt-timah-di-kasus-korupsi-timah,"
Rabu, 08 Jan 2025 19:41 WIB "
Jaksa Ajukan Banding Vonis 5 Tahun Penjara Helena Lim,https://news.detik.com/berita/d-7723415/jaksa-ajukan-banding-vonis-5-tahun-penjara-helena-lim,"
Rabu, 08 Jan 2025 17:21 WIB "
Kaleidoskop Penegakan Hukum Indonesia Tahun 2024,https://news.detik.com/kolom/d-7720297/kaleidoskop-penegakan-hukum-indonesia-tahun-2024,"
Senin, 06 Jan 2025 19:14 WIB "
Eks Dirjen Minerba Merasa Dikambinghitamkan di Kasus Korupsi Timah Rp 300 T,https://news.detik.com/berita/d-7719773/eks-dirjen-minerba-merasa-dikambinghitamkan-di-kasus-korupsi-timah-rp-300-t,"
Senin, 06 Jan 2025 15:23 WIB "
"Episode Kasus Timah Terkini, Status Tersangka Bagi 5 Korporasi",https://news.detik.com/berita/d-7715332/episode-kasus-timah-terkini-status-tersangka-bagi-5-korporasi,"
Jumat, 03 Jan 2025 06:35 WIB "
Kejagung Akan Usut Jika Ada Laporan Terkait Vonis Harvey Moeis,https://news.detik.com/berita/d-7715184/kejagung-akan-usut-jika-ada-laporan-terkait-vonis-harvey-moeis,"
Kamis, 02 Jan 2025 21:59 WIB "
MA Jelaskan Kerugian Negara di Kasus Korupsi: Ruginya Harus Nyata,https://news.detik.com/berita/d-7714976/ma-jelaskan-kerugian-negara-di-kasus-korupsi-ruginya-harus-nyata,"
Kamis, 02 Jan 2025 18:45 WIB "
MA Sebut Ucapan Prabowo Minta Koruptor Divonis 50 Tahun Bukan Intervensi,https://news.detik.com/berita/d-7714890/ma-sebut-ucapan-prabowo-minta-koruptor-divonis-50-tahun-bukan-intervensi,"
Kamis, 02 Jan 2025 18:04 WIB "
5 Korporasi Dijerat Kejagung Jadi Tersangka di Kasus Korupsi Timah,https://news.detik.com/berita/d-7714405/5-korporasi-dijerat-kejagung-jadi-tersangka-di-kasus-korupsi-timah,"
Kamis, 02 Jan 2025 14:21 WIB "
"Prabowo Singgung Vonis Rendah Koruptor, Hima Persis: Sikap Teladan Presiden",https://news.detik.com/berita/d-7714299/prabowo-singgung-vonis-rendah-koruptor-hima-persis-sikap-teladan-presiden,"
Kamis, 02 Jan 2025 13:38 WIB "
"Golkar Setuju Prabowo, Minta Hakim Hukum Maksimal Koruptor agar Jera",https://news.detik.com/berita/d-7712725/golkar-setuju-prabowo-minta-hakim-hukum-maksimal-koruptor-agar-jera,"
Rabu, 01 Jan 2025 09:00 WIB "
Ancang-ancang Jaksa Usai Hakim Minta Balikin Aset Helena Lim,https://news.detik.com/berita/d-7712692/ancang-ancang-jaksa-usai-hakim-minta-balikin-aset-helena-lim,"
Rabu, 01 Jan 2025 08:15 WIB "
MAKI Kecewa Aset Helena Lim Dibalikin: Dia Bantu Korupsi Timah Rp 300 T,https://news.detik.com/berita/d-7712659/maki-kecewa-aset-helena-lim-dibalikin-dia-bantu-korupsi-timah-rp-300-t,"
Rabu, 01 Jan 2025 07:15 WIB "
Ragam Komentar Saat Prabowo Ingin Koruptor Divonis Separuh Abad,https://news.detik.com/berita/d-7712654/ragam-komentar-saat-prabowo-ingin-koruptor-divonis-separuh-abad,"
Rabu, 01 Jan 2025 07:00 WIB "
PKB Dukung Prabowo soal Koruptor Ratusan Triliun Divonis 50 Tahun: Biar Jera,https://news.detik.com/berita/d-7712640/pkb-dukung-prabowo-soal-koruptor-ratusan-triliun-divonis-50-tahun-biar-jera,"
Rabu, 01 Jan 2025 05:36 WIB "
Novel Baswedan Usul Pemberantasan Korupsi Dipimpin Langsung Presiden,https://news.detik.com/berita/d-7712164/novel-baswedan-usul-pemberantasan-korupsi-dipimpin-langsung-presiden,"
Selasa, 31 Des 2024 20:36 WIB "
Lengkap! Ini Aset Harvey Moeis Dirampas Negara Termasuk Kado Ultah Sandra Dewi,https://news.detik.com/berita/d-7711557/lengkap-ini-aset-harvey-moeis-dirampas-negara-termasuk-kado-ultah-sandra-dewi,"
Selasa, 31 Des 2024 15:43 WIB "
Kejagung Balas Hakim yang Sebut Tuntutan 12 Tahun Bui Berat Bagi Harvey Moeis,https://news.detik.com/berita/d-7711523/kejagung-balas-hakim-yang-sebut-tuntutan-12-tahun-bui-berat-bagi-harvey-moeis,"
Selasa, 31 Des 2024 15:20 WIB "
Kejagung Kaji Alasan Hakim Perintahkan Aset Sitaan Dibalikin ke Helena Lim,https://news.detik.com/berita/d-7711487/kejagung-kaji-alasan-hakim-perintahkan-aset-sitaan-dibalikin-ke-helena-lim,"
Selasa, 31 Des 2024 15:01 WIB "
"Respons Prabowo, Eks Penyidik KPK Dorong Koruptor Dihukum Mati",https://news.detik.com/berita/d-7711464/respons-prabowo-eks-penyidik-kpk-dorong-koruptor-dihukum-mati,"
Selasa, 31 Des 2024 14:56 WIB "
Pukat UGM Soroti Prabowo Minta Koruptor Divonis 50 Tahun: Baiknya Tahan Diri,https://news.detik.com/berita/d-7711420/pukat-ugm-soroti-prabowo-minta-koruptor-divonis-50-tahun-baiknya-tahan-diri,"
Selasa, 31 Des 2024 14:39 WIB "
MAKI Setuju Koruptor Divonis 50 Tahun Penjara: Di Amerika Bisa 120 Tahun,https://news.detik.com/berita/d-7711376/maki-setuju-koruptor-divonis-50-tahun-penjara-di-amerika-bisa-120-tahun,"
Selasa, 31 Des 2024 14:21 WIB "
Kata Kejagung soal Prabowo Pengin Koruptor Ratusan Triliun Divonis 50 Tahun,https://news.detik.com/berita/d-7711208/kata-kejagung-soal-prabowo-pengin-koruptor-ratusan-triliun-divonis-50-tahun,"
Selasa, 31 Des 2024 13:24 WIB "
Sejumlah Berita dari Indonesia yang Menarik Perhatian Australia di Tahun 2024,https://news.detik.com/abc-australia/d-7711200/sejumlah-berita-dari-indonesia-yang-menarik-perhatian-australia-di-tahun-2024,"
Selasa, 31 Des 2024 13:20 WIB "
Bisakah Koruptor Divonis 50 Tahun Seperti Kata Prabowo?,https://news.detik.com/berita/d-7711177/bisakah-koruptor-divonis-50-tahun-seperti-kata-prabowo,"
Selasa, 31 Des 2024 13:07 WIB "
"Viral Sandra Dewi Peluk Harvey Moeis Bikin Hakim Senyum-senyum, Ini Momennya",https://news.detik.com/berita/d-7711115/viral-sandra-dewi-peluk-harvey-moeis-bikin-hakim-senyum-senyum-ini-momennya,"
Selasa, 31 Des 2024 12:33 WIB "
Rincian Kasus Rugikan Negara Ratusan Triliun yang Diusut Kejaksaan di 2024,https://news.detik.com/berita/d-7711091/rincian-kasus-rugikan-negara-ratusan-triliun-yang-diusut-kejaksaan-di-2024,"
Selasa, 31 Des 2024 12:23 WIB "
"KY Usut Dugaan Pelanggaran Etik Hakim yang Vonis Harvey Moeis 6,5 Tahun",https://news.detik.com/berita/d-7710764/ky-usut-dugaan-pelanggaran-etik-hakim-yang-vonis-harvey-moeis-6-5-tahun,"
Selasa, 31 Des 2024 09:00 WIB "
Helena Lim Sudah Ikut Tax Amnesty Jadi Alasan Hakim Balikin Aset Sitaan,https://news.detik.com/berita/d-7710669/helena-lim-sudah-ikut-tax-amnesty-jadi-alasan-hakim-balikin-aset-sitaan,"
Selasa, 31 Des 2024 07:29 WIB "
"Hakim Perintahkan Aset Sitaan Dibalikin ke Helena Lim, Ada Rumah-Jam Mewah",https://news.detik.com/berita/d-7710661/hakim-perintahkan-aset-sitaan-dibalikin-ke-helena-lim-ada-rumah-jam-mewah,"
Selasa, 31 Des 2024 07:14 WIB "
Serba-serbi BPJS Harvey Moeis-Sandra Dewi Dibayari Pemprov DKI,https://news.detik.com/berita/d-7710647/serba-serbi-bpjs-harvey-moeis-sandra-dewi-dibayari-pemprov-dki,"
Selasa, 31 Des 2024 06:30 WIB "
"Eks Dirjen Minerba Didakwa Terlibat Korupsi Timah, Terima Fasilitas Golf",https://news.detik.com/berita/d-7710472/eks-dirjen-minerba-didakwa-terlibat-korupsi-timah-terima-fasilitas-golf,"
Senin, 30 Des 2024 21:24 WIB "
Beda Nasib Helena Lim dan Harvey Moeis soal Aset Dirampas Negara,https://news.detik.com/berita/d-7710432/beda-nasib-helena-lim-dan-harvey-moeis-soal-aset-dirampas-negara,"
Senin, 30 Des 2024 21:00 WIB "
"Hakim Tak Bebankan Uang Pengganti ke Eks Direktur PT Timah, Ini Alasannya",https://news.detik.com/berita/d-7710226/hakim-tak-bebankan-uang-pengganti-ke-eks-direktur-pt-timah-ini-alasannya,"
Senin, 30 Des 2024 18:48 WIB "
DKI Akui Validasi Ulang Penerima Bantuan BPJS: Belum Sampai Harvey Moeis,https://news.detik.com/berita/d-7710187/dki-akui-validasi-ulang-penerima-bantuan-bpjs-belum-sampai-harvey-moeis,"
Senin, 30 Des 2024 18:13 WIB "
"Heboh BPJS Harvey Moeis-Sandra Dewi Dibayar Pemprov DKI, Pergub Akan Direvisi",https://news.detik.com/berita/d-7710139/heboh-bpjs-harvey-moeis-sandra-dewi-dibayar-pemprov-dki-pergub-akan-direvisi,"
Senin, 30 Des 2024 17:52 WIB "
"Helena Dibebani Rp 900 Juta, Hakim: Rp 420 M Diterima Semua oleh Harvey Moeis",https://news.detik.com/berita/d-7710112/helena-dibebani-rp-900-juta-hakim-rp-420-m-diterima-semua-oleh-harvey-moeis,"
Senin, 30 Des 2024 17:43 WIB "
Ibunda Histeris Helena Lim Divonis 5 Tahun Penjara: Mati Mama Nak!,https://news.detik.com/berita/d-7709955/ibunda-histeris-helena-lim-divonis-5-tahun-penjara-mati-mama-nak,"
Senin, 30 Des 2024 16:58 WIB "
Eks Dirut PT Timah Divonis 8 Tahun Penjara di Kasus Korupsi Rp 300 T,https://news.detik.com/berita/d-7709934/eks-dirut-pt-timah-divonis-8-tahun-penjara-di-kasus-korupsi-rp-300-t,"
Senin, 30 Des 2024 16:48 WIB "
"Dituntut Ganti Rugi Rp 210 M, Helena Lim 'Cuma' Divonis Bayar Rp 900 Juta",https://news.detik.com/berita/d-7709880/dituntut-ganti-rugi-rp-210-m-helena-lim-cuma-divonis-bayar-rp-900-juta,"
Senin, 30 Des 2024 16:29 WIB "
"Bantu Korupsi Timah Rp 300 T dan TPPU, Helena Lim Divonis 5 Tahun Penjara",https://news.detik.com/berita/d-7709855/bantu-korupsi-timah-rp-300-t-dan-tppu-helena-lim-divonis-5-tahun-penjara,"
Senin, 30 Des 2024 16:17 WIB "
"Vonis Harvey Moeis, Denda Damai, dan Hilangnya Harapan Perampasan Aset",https://news.detik.com/kolom/d-7709426/vonis-harvey-moeis-denda-damai-dan-hilangnya-harapan-perampasan-aset,"
Senin, 30 Des 2024 12:56 WIB "
Ibunda Nangis di Sidang Vonis Helena Lim: Tukar Aja Pakai Nyawa Saya,https://news.detik.com/berita/d-7709390/ibunda-nangis-di-sidang-vonis-helena-lim-tukar-aja-pakai-nyawa-saya,"
Senin, 30 Des 2024 12:39 WIB "
Iuran BPJS Harvey Moeis-Sandra Dewi Dibayarin Pemprov DKI Sejak 2018,https://news.detik.com/berita/d-7709177/iuran-bpjs-harvey-moeis-sandra-dewi-dibayarin-pemprov-dki-sejak-2018,"
Senin, 30 Des 2024 10:47 WIB "
Kok Bisa Iuran BPJS Harvey Moeis-Sandra Dewi Dibayari Pemprov DKI?,https://news.detik.com/berita/d-7709093/kok-bisa-iuran-bpjs-harvey-moeis-sandra-dewi-dibayari-pemprov-dki,"
Senin, 30 Des 2024 09:43 WIB "
DKI Benarkan Harvey Moeis dan Sandra Dewi Masuk Daftar Penerima Bantuan BPJS,https://news.detik.com/berita/d-7708928/dki-benarkan-harvey-moeis-dan-sandra-dewi-masuk-daftar-penerima-bantuan-bpjs,"
Senin, 30 Des 2024 06:10 WIB "
"Eks Penyidik KPK: Vonis 6,5 Tahun Harvey Moeis Jauh dari Rasa Keadilan",https://news.detik.com/berita/d-7707919/eks-penyidik-kpk-vonis-6-5-tahun-harvey-moeis-jauh-dari-rasa-keadilan,"
Minggu, 29 Des 2024 08:32 WIB "
"Pakar Hukum: Ngaco, Sopan Tak Bisa Jadi Alasan Vonis Harvey Moeis Ringan",https://news.detik.com/berita/d-7707882/pakar-hukum-ngaco-sopan-tak-bisa-jadi-alasan-vonis-harvey-moeis-ringan,"
Minggu, 29 Des 2024 06:37 WIB "
"IM57+ Sepakat Vonis 6,5 Tahun Bui untuk Harvey Moeis, Asalkan...",https://news.detik.com/berita/d-7707880/im57-sepakat-vonis-6-5-tahun-bui-untuk-harvey-moeis-asalkan,"
Minggu, 29 Des 2024 06:25 WIB "
"Negara Rugi Rp 300 T di Kasus Timah, Mengalir ke Mana Saja?",https://news.detik.com/berita/d-7707342/negara-rugi-rp-300-t-di-kasus-timah-mengalir-ke-mana-saja,"
Sabtu, 28 Des 2024 16:09 WIB "
"Negara Terbukti Rugi Rp 300 T, Kenapa Vonis Harvey Moeis Cuma 6,5 Tahun Bui?",https://news.detik.com/berita/d-7707050/negara-terbukti-rugi-rp-300-t-kenapa-vonis-harvey-moeis-cuma-6-5-tahun-bui,"
Sabtu, 28 Des 2024 12:33 WIB "
"Harvey Moeis Divonis Lebih Ringan, Jaksa Ajukan Perlawanan",https://news.detik.com/berita/d-7706707/harvey-moeis-divonis-lebih-ringan-jaksa-ajukan-perlawanan,"
Sabtu, 28 Des 2024 06:35 WIB "
Bos Smelter Swasta Divonis 8 Tahun Penjara di Kasus Korupsi Timah Rp 300 T,https://news.detik.com/berita/d-7706330/bos-smelter-swasta-divonis-8-tahun-penjara-di-kasus-korupsi-timah-rp-300-t,"
Jumat, 27 Des 2024 18:09 WIB "
Melihat Selisih Tuntutan dan Vonis Harvey Moeis dkk di Kasus Timah,https://news.detik.com/berita/d-7705705/melihat-selisih-tuntutan-dan-vonis-harvey-moeis-dkk-di-kasus-timah,"
Jumat, 27 Des 2024 13:48 WIB "
"Jaksa Resmi Banding Vonis 6,5 Tahun Bui Harvey Moeis: Terlalu Ringan!",https://news.detik.com/berita/d-7705547/jaksa-resmi-banding-vonis-6-5-tahun-bui-harvey-moeis-terlalu-ringan,"
Jumat, 27 Des 2024 11:56 WIB "
"Ramai-ramai Mengkritik Keras Vonis 6,5 Tahun Bui Bagi Harvey Moeis",https://news.detik.com/berita/d-7704136/ramai-ramai-mengkritik-keras-vonis-6-5-tahun-bui-bagi-harvey-moeis,"
Kamis, 26 Des 2024 08:30 WIB "
"Vonis Separuh Tuntutan Harvey Moeis Tuai Banyak Kritik, Ini Kata Kejagung",https://news.detik.com/berita/d-7704058/vonis-separuh-tuntutan-harvey-moeis-tuai-banyak-kritik-ini-kata-kejagung,"
Kamis, 26 Des 2024 06:18 WIB "
"Hinca Demokrat Kritik Vonis 6,5 Tahun Harvey Moeis: Hilang Akal Sehat",https://news.detik.com/berita/d-7702864/hinca-demokrat-kritik-vonis-6-5-tahun-harvey-moeis-hilang-akal-sehat,"
Rabu, 25 Des 2024 08:22 WIB "
"Pusako Kritik Vonis 6,5 Tahun Harvey Moeis: Perlemah Pemberantasan Korupsi",https://news.detik.com/berita/d-7702791/pusako-kritik-vonis-6-5-tahun-harvey-moeis-perlemah-pemberantasan-korupsi,"
Rabu, 25 Des 2024 06:57 WIB "
"Harvey Moeis Divonis 6,5 Tahun, Legislator NasDem: Harusnya Hukuman Maksimal",https://news.detik.com/berita/d-7702541/harvey-moeis-divonis-6-5-tahun-legislator-nasdem-harusnya-hukuman-maksimal,"
Selasa, 24 Des 2024 20:43 WIB "
"Harvey Moeis Divonis 6,5 Tahun, Legislator Yakin Jaksa Ajukan Banding",https://news.detik.com/berita/d-7701684/harvey-moeis-divonis-6-5-tahun-legislator-yakin-jaksa-ajukan-banding,"
Selasa, 24 Des 2024 14:05 WIB "
"Legislator Golkar Kritik Vonis Harvey 6,5 Tahun: Efek Jeranya Tak Ada",https://news.detik.com/berita/d-7701558/legislator-golkar-kritik-vonis-harvey-6-5-tahun-efek-jeranya-tak-ada,"
Selasa, 24 Des 2024 13:08 WIB "
Tas-tas Mewah Sandra Dewi Ikut Dirampas Negara di Kasus Timah,https://news.detik.com/berita/d-7701196/tas-tas-mewah-sandra-dewi-ikut-dirampas-negara-di-kasus-timah,"
Selasa, 24 Des 2024 10:11 WIB "
"MAKI Kritik Vonis 6,5 Tahun Bui Harvey Moeis: Harusnya Minimal 20 Tahun",https://news.detik.com/berita/d-7701021/maki-kritik-vonis-6-5-tahun-bui-harvey-moeis-harusnya-minimal-20-tahun,"
Selasa, 24 Des 2024 07:49 WIB "
Alasan Bantu Teman Bikin Vonis Harvey Moeis Jauh Lebih Ringan,https://news.detik.com/berita/d-7700998/alasan-bantu-teman-bikin-vonis-harvey-moeis-jauh-lebih-ringan,"
Selasa, 24 Des 2024 07:03 WIB "
Vonis Separuh Tuntutan untuk Harvey Moeis,https://news.detik.com/berita/d-7700790/vonis-separuh-tuntutan-untuk-harvey-moeis,"
Senin, 23 Des 2024 21:08 WIB "
Semua Aset Harvey Moeis yang Disita Jaksa Dirampas untuk Negara,https://news.detik.com/berita/d-7700623/semua-aset-harvey-moeis-yang-disita-jaksa-dirampas-untuk-negara,"
Senin, 23 Des 2024 19:05 WIB "
"3 Bos Smelter Timah Divonis 4-8 Tahun Bui, Ada yang Dibebankan Rp 2 T",https://news.detik.com/berita/d-7700537/3-bos-smelter-timah-divonis-4-8-tahun-bui-ada-yang-dibebankan-rp-2-t,"
Senin, 23 Des 2024 18:20 WIB "
Pihak Harvey Moeis Belum Puas Meski Vonis Lebih Ringan dari Tuntutan,https://news.detik.com/berita/d-7700408/pihak-harvey-moeis-belum-puas-meski-vonis-lebih-ringan-dari-tuntutan,"
Senin, 23 Des 2024 17:25 WIB "
Hitung-hitungan Negara Rugi Rp 300 T yang Diamini Hakim di Kasus Timah,https://news.detik.com/berita/d-7700368/hitung-hitungan-negara-rugi-rp-300-t-yang-diamini-hakim-di-kasus-timah,"
Senin, 23 Des 2024 17:06 WIB "
Gerak-gerik Harvey Moeis Saat Divonis Lebih Ringan dari Tuntutan Jaksa,https://news.detik.com/berita/d-7700326/gerak-gerik-harvey-moeis-saat-divonis-lebih-ringan-dari-tuntutan-jaksa,"
Senin, 23 Des 2024 16:43 WIB "
"Vonis 6,5 Tahun Penjara Harvey Moeis Cuma Separuh dari Tuntutan Jaksa",https://news.detik.com/berita/d-7700263/vonis-6-5-tahun-penjara-harvey-moeis-cuma-separuh-dari-tuntutan-jaksa,"
Senin, 23 Des 2024 16:16 WIB "
"Hakim: Tuntutan 12 Tahun Penjara ke Harvey Moeis Terlalu Berat, Harus Dikurangi",https://news.detik.com/berita/d-7700243/hakim-tuntutan-12-tahun-penjara-ke-harvey-moeis-terlalu-berat-harus-dikurangi,"
Senin, 23 Des 2024 16:06 WIB "
"Harvey Moeis Divonis Separuh dari Tuntutan, Kejagung Bilang Begini",https://news.detik.com/berita/d-7700185/harvey-moeis-divonis-separuh-dari-tuntutan-kejagung-bilang-begini,"
Senin, 23 Des 2024 15:43 WIB "
Yang Bikin Ringan Vonis Harvey Moeis: Sopan dan Punya Tanggungan Keluarga,https://news.detik.com/berita/d-7700123/yang-bikin-ringan-vonis-harvey-moeis-sopan-dan-punya-tanggungan-keluarga,"
Senin, 23 Des 2024 15:18 WIB "
Bos Smelter yang Diwakili Harvey Moeis Divonis 8 Tahun Bui dan Bayar Rp 4 T,https://news.detik.com/berita/d-7700055/bos-smelter-yang-diwakili-harvey-moeis-divonis-8-tahun-bui-dan-bayar-rp-4-t,"
Senin, 23 Des 2024 15:00 WIB "
Harvey Moeis Juga Dihukum Bayar Uang Pengganti Rp 210 M di Kasus Timah,https://news.detik.com/berita/d-7700037/harvey-moeis-juga-dihukum-bayar-uang-pengganti-rp-210-m-di-kasus-timah,"
Senin, 23 Des 2024 14:58 WIB "
"Harvey Moeis Divonis 6,5 Tahun Penjara!",https://news.detik.com/berita/d-7700020/harvey-moeis-divonis-6-5-tahun-penjara,"
Senin, 23 Des 2024 14:50 WIB "
Hakim Sidang Harvey Moeis Nyatakan Kerugian Negara di Kasus Timah Rp 300 T,https://news.detik.com/berita/d-7699991/hakim-sidang-harvey-moeis-nyatakan-kerugian-negara-di-kasus-timah-rp-300-t,"
Senin, 23 Des 2024 14:39 WIB "
"Harvey Moeis Bersiap Divonis, Sandra Dewi Tak Ada di Ruang Sidang",https://news.detik.com/berita/d-7699818/harvey-moeis-bersiap-divonis-sandra-dewi-tak-ada-di-ruang-sidang,"
Senin, 23 Des 2024 13:29 WIB "
Harvey Moeis Jalani Sidang Vonis Kasus Korupsi Timah Hari Ini,https://news.detik.com/berita/d-7699196/harvey-moeis-jalani-sidang-vonis-kasus-korupsi-timah-hari-ini,"
Senin, 23 Des 2024 06:11 WIB "
Sidang Vonis Harvey Moeis di Kasus Korupsi Timah Digelar 23 Desember,https://news.detik.com/berita/d-7696341/sidang-vonis-harvey-moeis-di-kasus-korupsi-timah-digelar-23-desember,"
Jumat, 20 Des 2024 18:01 WIB "
Harvey Moeis Minta Hakim Kembalikan Aset Sandra Dewi yang Disita,https://news.detik.com/berita/d-7696323/harvey-moeis-minta-hakim-kembalikan-aset-sandra-dewi-yang-disita,"
Jumat, 20 Des 2024 17:53 WIB "
Jaksa Balas Harvey Moeis: Bak Pahlawan Padahal Penuh Sensasi dan Ilusi,https://news.detik.com/berita/d-7694826/jaksa-balas-harvey-moeis-bak-pahlawan-padahal-penuh-sensasi-dan-ilusi,"
Kamis, 19 Des 2024 18:58 WIB "
Air Mata Harvey Moeis di Sidang Tiap Kali Nama Sandra Dewi Terbilang,https://news.detik.com/berita/d-7693453/air-mata-harvey-moeis-di-sidang-tiap-kali-nama-sandra-dewi-terbilang,"
Kamis, 19 Des 2024 06:29 WIB "
Harvey Moeis Bingung dari Mana Negara Rugi Rp 300 T di Kasus Timah,https://news.detik.com/berita/d-7692817/harvey-moeis-bingung-dari-mana-negara-rugi-rp-300-t-di-kasus-timah,"
Rabu, 18 Des 2024 16:54 WIB "
"Harvey Moeis Bela Diri di Sidang: Anak-anakku, Papa Bukan Koruptor",https://news.detik.com/berita/d-7692781/harvey-moeis-bela-diri-di-sidang-anak-anakku-papa-bukan-koruptor,"
Rabu, 18 Des 2024 16:42 WIB "
Harvey Moeis Nangis Tiap Kali Bahas Sandra Dewi di Sidang,https://news.detik.com/berita/d-7692751/harvey-moeis-nangis-tiap-kali-bahas-sandra-dewi-di-sidang,"
Rabu, 18 Des 2024 16:28 WIB "
Bos Smelter di Sidang Pleidoi Kasus Timah: Kerugian Rp 271 T Tuduhan Naif,https://news.detik.com/berita/d-7692459/bos-smelter-di-sidang-pleidoi-kasus-timah-kerugian-rp-271-t-tuduhan-naif,"
Rabu, 18 Des 2024 14:24 WIB "
"Dituntut Rp 14 Tahun Bui-Denda Rp 1 M, Bos Smelter Swasta Minta Dibebaskan",https://news.detik.com/berita/d-7689797/dituntut-rp-14-tahun-bui-denda-rp-1-m-bos-smelter-swasta-minta-dibebaskan,"
Senin, 16 Des 2024 21:56 WIB "
Terdakwa Kasus Korupsi Timah Nangis Baca Pleidoi: Saya Pegawai Biasa,https://news.detik.com/berita/d-7689574/terdakwa-kasus-korupsi-timah-nangis-baca-pleidoi-saya-pegawai-biasa,"
Senin, 16 Des 2024 18:46 WIB "
"Bos Smelter Timah Tak Terima Dituntut 14 Tahun Bui dan Bayar Rp 2,2 T",https://news.detik.com/berita/d-7688602/bos-smelter-timah-tak-terima-dituntut-14-tahun-bui-dan-bayar-rp-2-2-t,"
Senin, 16 Des 2024 12:15 WIB "
Eks Dirut Sebut Jaksa Keliru soal Kerugian Negara Biaya Bijih Timah Rp 26 T,https://news.detik.com/berita/d-7684192/eks-dirut-sebut-jaksa-keliru-soal-kerugian-negara-biaya-bijih-timah-rp-26-t,"
Kamis, 12 Des 2024 23:35 WIB "
Helena Lim di Sidang Pleidoi Kasus Timah: Harga Mahal Sebuah Popularitas,https://news.detik.com/berita/d-7684144/helena-lim-di-sidang-pleidoi-kasus-timah-harga-mahal-sebuah-popularitas,"
Kamis, 12 Des 2024 22:31 WIB "
"Helena Lim Nangis Bela Diri di Kasus Timah, Bawa-bawa soal Crazy Rich",https://news.detik.com/berita/d-7683953/helena-lim-nangis-bela-diri-di-kasus-timah-bawa-bawa-soal-crazy-rich,"
Kamis, 12 Des 2024 19:42 WIB "
"Merasa Tak Salah, Terdakwa Kasus Timah Sesumbar Siap Dituntut 1.000 Tahun Bui",https://news.detik.com/berita/d-7683743/merasa-tak-salah-terdakwa-kasus-timah-sesumbar-siap-dituntut-1-000-tahun-bui,"
Kamis, 12 Des 2024 17:28 WIB "
MAKI: Vonis Eks Kadis ESDM Babel di Kasus Timah Mestinya 10-15 Tahun,https://news.detik.com/berita/d-7682631/maki-vonis-eks-kadis-esdm-babel-di-kasus-timah-mestinya-10-15-tahun,"
Kamis, 12 Des 2024 08:14 WIB "
Kerugian Negara Rp 300 T di Kasus Timah Diamini di Putusan,https://news.detik.com/berita/d-7682353/kerugian-negara-rp-300-t-di-kasus-timah-diamini-di-putusan,"
Rabu, 11 Des 2024 20:34 WIB "
"Hakim: Harvey Moeis Minta Dana Seolah CSR, Padahal untuk Kepentingan Pribadi",https://news.detik.com/berita/d-7681949/hakim-harvey-moeis-minta-dana-seolah-csr-padahal-untuk-kepentingan-pribadi,"
Rabu, 11 Des 2024 17:13 WIB "
"Ekosistem Rusak, Hakim Nyatakan Kerugian Negara Akibat Korupsi Timah Rp 300 T",https://news.detik.com/berita/d-7681865/ekosistem-rusak-hakim-nyatakan-kerugian-negara-akibat-korupsi-timah-rp-300-t,"
Rabu, 11 Des 2024 16:42 WIB "
"Hakim: 3 Eks Kadis ESDM Babel Tak Awasi, Smelter Swasta Jadi Masif Menambang",https://news.detik.com/berita/d-7681823/hakim-3-eks-kadis-esdm-babel-tak-awasi-smelter-swasta-jadi-masif-menambang,"
Rabu, 11 Des 2024 16:22 WIB "
3 Eks Kadis ESDM Babel Divonis 2-4 Tahun Penjara di Kasus Korupsi Timah,https://news.detik.com/berita/d-7681659/3-eks-kadis-esdm-babel-divonis-2-4-tahun-penjara-di-kasus-korupsi-timah,"
Rabu, 11 Des 2024 15:10 WIB "
4 Fakta Vonis Bebas Afung di Kasus Tambang Timah Langsung Dilawan Jaksa,https://news.detik.com/berita/d-7680822/4-fakta-vonis-bebas-afung-di-kasus-tambang-timah-langsung-dilawan-jaksa,"
Rabu, 11 Des 2024 07:07 WIB "
Kejagung Ajukan Kasasi Atas Vonis Bebas Afung di Kasus Tambang Timah Ilegal,https://news.detik.com/berita/d-7679896/kejagung-ajukan-kasasi-atas-vonis-bebas-afung-di-kasus-tambang-timah-ilegal,"
Selasa, 10 Des 2024 15:23 WIB "
"Alasan Hakim Bebaskan Afung dari Tuntutan 16,5 Tahun Bui: Bukan Kasus Korupsi",https://news.detik.com/berita/d-7679503/alasan-hakim-bebaskan-afung-dari-tuntutan-16-5-tahun-bui-bukan-kasus-korupsi,"
Selasa, 10 Des 2024 12:16 WIB "
Negara Rugi Rp 300 T Bikin Kian Berat Tuntutan Bui ke Harvey Moeis,https://news.detik.com/berita/d-7679380/negara-rugi-rp-300-t-bikin-kian-berat-tuntutan-bui-ke-harvey-moeis,"
Selasa, 10 Des 2024 11:09 WIB "
"Afung Divonis Bebas di Kasus Tambang Timah, Lolos dari Tuntutan 16,5 Tahun Bui",https://news.detik.com/berita/d-7679255/afung-divonis-bebas-di-kasus-tambang-timah-lolos-dari-tuntutan-16-5-tahun-bui,"
Selasa, 10 Des 2024 10:03 WIB "
3 Petinggi Smelter Swasta Dituntut 6-14 Tahun Bui di Kasus Korupsi Timah,https://news.detik.com/berita/d-7678962/3-petinggi-smelter-swasta-dituntut-6-14-tahun-bui-di-kasus-korupsi-timah,"
Senin, 09 Des 2024 23:38 WIB "
2 Bos Smelter Swasta yang Diwakili Harvey Moeis Dituntut 8 dan 14 Tahun Bui,https://news.detik.com/berita/d-7678933/2-bos-smelter-swasta-yang-diwakili-harvey-moeis-dituntut-8-dan-14-tahun-bui,"
Senin, 09 Des 2024 22:25 WIB "
Harvey Moeis Juga Dituntut Bayar Uang Pengganti Rp 210 Miliar,https://news.detik.com/berita/d-7678892/harvey-moeis-juga-dituntut-bayar-uang-pengganti-rp-210-miliar,"
Senin, 09 Des 2024 21:38 WIB "
Hal Memberatkan Tuntutan 12 Tahun Bui Harvey Moeis: Bikin Negara Rugi Rp 300 T,https://news.detik.com/berita/d-7678877/hal-memberatkan-tuntutan-12-tahun-bui-harvey-moeis-bikin-negara-rugi-rp-300-t,"
Senin, 09 Des 2024 21:21 WIB "
4 Terdakwa Kasus Korupsi Timah Dituntut 8 dan 14 Tahun Penjara,https://news.detik.com/berita/d-7678872/4-terdakwa-kasus-korupsi-timah-dituntut-8-dan-14-tahun-penjara,"
Senin, 09 Des 2024 21:12 WIB "
Harvey Moeis Dituntut 12 Tahun Penjara di Kasus Korupsi Timah,https://news.detik.com/berita/d-7678853/harvey-moeis-dituntut-12-tahun-penjara-di-kasus-korupsi-timah,"
Senin, 09 Des 2024 21:02 WIB "
"Sidang Tuntutan Harvey Moeis Digelar Hari Ini, Sandra Dewi Pantau dari Rumah",https://news.detik.com/berita/d-7677287/sidang-tuntutan-harvey-moeis-digelar-hari-ini-sandra-dewi-pantau-dari-rumah,"
Senin, 09 Des 2024 07:09 WIB "
Harvey Moeis Pasang Badan Demi Sandra Dewi,https://news.detik.com/berita/d-7675036/harvey-moeis-pasang-badan-demi-sandra-dewi,"
Sabtu, 07 Des 2024 07:19 WIB "
Pengakuan Harvey Moeis Dulu Beli Mobil Miliaran Cash Kini Pinjam Duit,https://news.detik.com/berita/d-7674873/pengakuan-harvey-moeis-dulu-beli-mobil-miliaran-cash-kini-pinjam-duit,"
Jumat, 06 Des 2024 22:03 WIB "
Hakim Heran Peran Dominan Harvey Moeis di Bisnis Timah: Tak Masuk Logika,https://news.detik.com/berita/d-7674760/hakim-heran-peran-dominan-harvey-moeis-di-bisnis-timah-tak-masuk-logika,"
Jumat, 06 Des 2024 20:18 WIB "
Hakim Heran Harvey Moeis Bukan Orang PT Timah tapi Kumpulkan CSR,https://news.detik.com/berita/d-7674670/hakim-heran-harvey-moeis-bukan-orang-pt-timah-tapi-kumpulkan-csr,"
Jumat, 06 Des 2024 19:25 WIB "
Harvey Moeis Klaim Semua Barang untuk Keluarga Tak Terkait 'Bisnis' Timah,https://news.detik.com/berita/d-7674511/harvey-moeis-klaim-semua-barang-untuk-keluarga-tak-terkait-bisnis-timah,"
Jumat, 06 Des 2024 17:47 WIB "
Harvey Moeis Anggap Duit Rp 100 Juta Per Bulan Kayak Uang Jajan,https://news.detik.com/berita/d-7674482/harvey-moeis-anggap-duit-rp-100-juta-per-bulan-kayak-uang-jajan,"
Jumat, 06 Des 2024 17:39 WIB "
Terdakwa Kasus Timah Curhat Asuransi Anak Diblokir: Saya Terpaksa Pinjam Duit,https://news.detik.com/berita/d-7674336/terdakwa-kasus-timah-curhat-asuransi-anak-diblokir-saya-terpaksa-pinjam-duit,"
Jumat, 06 Des 2024 16:55 WIB "
Harvey Moeis soal Deposito Rp 33 M Sandra Dewi: Hasil Syuting Siang-Malam,https://news.detik.com/berita/d-7674206/harvey-moeis-soal-deposito-rp-33-m-sandra-dewi-hasil-syuting-siang-malam,"
Jumat, 06 Des 2024 16:02 WIB "
Harvey Ngaku Sekarang Sering Pinjam Uang: Benar-benar Tak Ada Lagi,https://news.detik.com/berita/d-7674174/harvey-ngaku-sekarang-sering-pinjam-uang-benar-benar-tak-ada-lagi,"
Jumat, 06 Des 2024 15:44 WIB "
Harvey Moeis Beri Kado Natal Rp 200 Juta ke Adik: Saya Lagi Dapat Rezeki,https://news.detik.com/berita/d-7674099/harvey-moeis-beri-kado-natal-rp-200-juta-ke-adik-saya-lagi-dapat-rezeki,"
Jumat, 06 Des 2024 15:10 WIB "
Alasan Harvey Pilih Kirim Rp 80 Juta/Bulan ke Asisten daripada Sandra Dewi,https://news.detik.com/berita/d-7674056/alasan-harvey-pilih-kirim-rp-80-juta-bulan-ke-asisten-daripada-sandra-dewi,"
Jumat, 06 Des 2024 14:56 WIB "
Tradisi Keluarga Harvey Moeis-Sandra Dewi: Kado 100 Gram Emas Saat Anak Lahir,https://news.detik.com/berita/d-7673999/tradisi-keluarga-harvey-moeis-sandra-dewi-kado-100-gram-emas-saat-anak-lahir,"
Jumat, 06 Des 2024 14:34 WIB "
"Jaksa Tanya Asal 88 Tas Mewah Sandra Dewi, Harvey Moeis: Kerja Keras Istri",https://news.detik.com/berita/d-7673940/jaksa-tanya-asal-88-tas-mewah-sandra-dewi-harvey-moeis-kerja-keras-istri,"
Jumat, 06 Des 2024 14:11 WIB "
"Harvey Moeis: Saya ke Australia Tiap Tahun, Sudah Seperti Rumah Ketiga",https://news.detik.com/berita/d-7673899/harvey-moeis-saya-ke-australia-tiap-tahun-sudah-seperti-rumah-ketiga,"
Jumat, 06 Des 2024 13:53 WIB "
Harvey Moeis Beri Sandra Dewi Kado MINI Cooper: Tapi Atas Nama Saya,https://news.detik.com/berita/d-7673867/harvey-moeis-beri-sandra-dewi-kado-mini-cooper-tapi-atas-nama-saya,"
Jumat, 06 Des 2024 13:38 WIB "
Rolls-Royce Kado untuk Sandra Dewi Dibeli Harvey Moeis Tunai Rp 15 M,https://news.detik.com/berita/d-7673853/rolls-royce-kado-untuk-sandra-dewi-dibeli-harvey-moeis-tunai-rp-15-m,"
Jumat, 06 Des 2024 13:32 WIB "
"Harvey Moeis Ngaku Merasa Bersalah ke Helena Lim: Karena Saya, Dia Dipenjara",https://news.detik.com/berita/d-7673663/harvey-moeis-ngaku-merasa-bersalah-ke-helena-lim-karena-saya-dia-dipenjara,"
Jumat, 06 Des 2024 11:46 WIB "
Tuntutan Penjara bagi Helena Lim Sewindu Lamanya,https://news.detik.com/berita/d-7673295/tuntutan-penjara-bagi-helena-lim-sewindu-lamanya,"
Jumat, 06 Des 2024 07:32 WIB "
Kejagung Limpahkan Eks Pejabat Timah Alwin Albar ke Kejari Jaksel,https://news.detik.com/berita/d-7672683/kejagung-limpahkan-eks-pejabat-timah-alwin-albar-ke-kejari-jaksel,"
Kamis, 05 Des 2024 17:40 WIB "
Sidang Vonis Helena Lim di Kasus Korupsi Timah Digelar 30 Desember,https://news.detik.com/berita/d-7672631/sidang-vonis-helena-lim-di-kasus-korupsi-timah-digelar-30-desember,"
Kamis, 05 Des 2024 17:20 WIB "
Hal Memberatkan Tuntutan 8 Tahun Bui Helena Lim di Kasus Korupsi Timah,https://news.detik.com/berita/d-7672489/hal-memberatkan-tuntutan-8-tahun-bui-helena-lim-di-kasus-korupsi-timah,"
Kamis, 05 Des 2024 16:16 WIB "
2 Eks Direktur PT Timah Juga Dituntut Bayar Uang Pengganti Rp 493 Miliar,https://news.detik.com/berita/d-7672479/2-eks-direktur-pt-timah-juga-dituntut-bayar-uang-pengganti-rp-493-miliar,"
Kamis, 05 Des 2024 16:10 WIB "
"Kasus Korupsi Timah, Helena Lim Juga Dituntut Bayar Uang Pengganti Rp 210 M",https://news.detik.com/berita/d-7672451/kasus-korupsi-timah-helena-lim-juga-dituntut-bayar-uang-pengganti-rp-210-m,"
Kamis, 05 Des 2024 15:59 WIB "
2 Eks Direktur PT Timah Dituntut 12 Tahun Penjara di Kasus Korupsi,https://news.detik.com/berita/d-7672448/2-eks-direktur-pt-timah-dituntut-12-tahun-penjara-di-kasus-korupsi,"
Kamis, 05 Des 2024 15:57 WIB "
Helena Lim Dituntut 8 Tahun Penjara di Kasus Korupsi Timah,https://news.detik.com/berita/d-7672382/helena-lim-dituntut-8-tahun-penjara-di-kasus-korupsi-timah,"
Kamis, 05 Des 2024 15:32 WIB "
Ahli dari Harvey Moeis Sebut Kerusakan Tambang Ilegal Tanggung Jawab Negara,https://news.detik.com/berita/d-7671389/ahli-dari-harvey-moeis-sebut-kerusakan-tambang-ilegal-tanggung-jawab-negara,"
Kamis, 05 Des 2024 00:59 WIB "
Eks Bos Smelter di Sidang: Timah Babel Ditambang Sejak Kerajaan Sriwijaya,https://news.detik.com/berita/d-7671179/eks-bos-smelter-di-sidang-timah-babel-ditambang-sejak-kerajaan-sriwijaya,"
Rabu, 04 Des 2024 19:54 WIB "
"Dituntut 14 Tahun, Eks Pejabat Timah Divonis 3 Tahun Penjara",https://news.detik.com/berita/d-7670924/dituntut-14-tahun-eks-pejabat-timah-divonis-3-tahun-penjara,"
Rabu, 04 Des 2024 17:37 WIB "
Eks Bos Smelter di Kasus Timah: Harvey Moeis Perkenalkan Diri dari PT RBT,https://news.detik.com/berita/d-7670655/eks-bos-smelter-di-kasus-timah-harvey-moeis-perkenalkan-diri-dari-pt-rbt,"
Rabu, 04 Des 2024 16:08 WIB "
Keluh Kesah Helena Lim Batal Buka Toko Tas Mewah karena Kasus Timah,https://news.detik.com/berita/d-7662084/keluh-kesah-helena-lim-batal-buka-toko-tas-mewah-karena-kasus-timah,"
Kamis, 28 Nov 2024 21:07 WIB "
Terdakwa Korupsi Timah Senang Jika Buron Tetian Wahyudi Tertangkap,https://news.detik.com/berita/d-7661898/terdakwa-korupsi-timah-senang-jika-buron-tetian-wahyudi-tertangkap,"
Kamis, 28 Nov 2024 19:19 WIB "
"Sidang Tuntutan Harvey Moeis Digelar 9 Desember, Vonis Sebelum Natal",https://news.detik.com/berita/d-7661844/sidang-tuntutan-harvey-moeis-digelar-9-desember-vonis-sebelum-natal,"
Kamis, 28 Nov 2024 18:48 WIB "
Jaksa Cecar Helena soal Transaksi Janggal Penukaran Valas: Diarahkan Siapa?,https://news.detik.com/berita/d-7661716/jaksa-cecar-helena-soal-transaksi-janggal-penukaran-valas-diarahkan-siapa,"
Kamis, 28 Nov 2024 17:54 WIB "
"Helena Lim Curhat Mau Buka Toko Barang Branded, Malah Kena Kasus Timah",https://news.detik.com/berita/d-7661282/helena-lim-curhat-mau-buka-toko-barang-branded-malah-kena-kasus-timah,"
Kamis, 28 Nov 2024 14:44 WIB "
"Terpidana Korupsi Timah Ngaku Depresi, Minta Maaf ke Anak karena Bikin Malu",https://news.detik.com/berita/d-7655973/terpidana-korupsi-timah-ngaku-depresi-minta-maaf-ke-anak-karena-bikin-malu,"
Senin, 25 Nov 2024 15:52 WIB "
Tim Hukum Kejagung soal Tom Lembong Hadir Online: Kita Lihat Urgensinya,https://news.detik.com/berita/d-7648051/tim-hukum-kejagung-soal-tom-lembong-hadir-online-kita-lihat-urgensinya,"
Rabu, 20 Nov 2024 15:19 WIB "
Ahli dari Terdakwa Kasus Korupsi Timah Bilang Uang Negara dan BUMN Berbeda,https://news.detik.com/berita/d-7647955/ahli-dari-terdakwa-kasus-korupsi-timah-bilang-uang-negara-dan-bumn-berbeda,"
Rabu, 20 Nov 2024 14:52 WIB "
MAKI Maklumi Tanak Mau Tutup OTT: Tapi KPK Tetap Boleh Tangkap Tangan,https://news.detik.com/berita/d-7647171/maki-maklumi-tanak-mau-tutup-ott-tapi-kpk-tetap-boleh-tangkap-tangan,"
Rabu, 20 Nov 2024 08:44 WIB "
6 Fakta Penangkapan Tersangka Kasus Timah Hendry Lie di Bandara Soetta,https://news.detik.com/berita/d-7645414/6-fakta-penangkapan-tersangka-kasus-timah-hendry-lie-di-bandara-soetta,"
Selasa, 19 Nov 2024 08:22 WIB "
Kejagung Ungkap Kongkalikong Hendry Lie dan Adiknya di Kasus Korupsi Timah,https://news.detik.com/berita/d-7645329/kejagung-ungkap-kongkalikong-hendry-lie-dan-adiknya-di-kasus-korupsi-timah,"
Selasa, 19 Nov 2024 04:28 WIB "
Penampakan Hendry Lie Tersangka Kasus Timah Kini Berbaju Tahanan,https://news.detik.com/berita/d-7645313/penampakan-hendry-lie-tersangka-kasus-timah-kini-berbaju-tahanan,"
Selasa, 19 Nov 2024 01:23 WIB "
Kejagung Sita Aset Tersangka Timah Hendry Lie: Tanah hingga Vila di Bali,https://news.detik.com/berita/d-7645312/kejagung-sita-aset-tersangka-timah-hendry-lie-tanah-hingga-vila-di-bali,"
Selasa, 19 Nov 2024 01:08 WIB "
Tersangka Kasus Timah Hendry Lie Balik ke RI karena Masa Berlaku Paspor Habis,https://news.detik.com/berita/d-7645310/tersangka-kasus-timah-hendry-lie-balik-ke-ri-karena-masa-berlaku-paspor-habis,"
Selasa, 19 Nov 2024 00:50 WIB "
Hendry Lie Tersangka Korupsi Timah Terancam Maksimal Bui Seumur Hidup,https://news.detik.com/berita/d-7645309/hendry-lie-tersangka-korupsi-timah-terancam-maksimal-bui-seumur-hidup,"
Selasa, 19 Nov 2024 00:30 WIB "
"Ditangkap, Tersangka Kasus Timah Hendry Lie Kabur ke Singapura Sejak Maret",https://news.detik.com/berita/d-7645308/ditangkap-tersangka-kasus-timah-hendry-lie-kabur-ke-singapura-sejak-maret,"
Selasa, 19 Nov 2024 00:26 WIB "
Peran Hendry Lie Tersangka Kasus Timah Baru,https://news.detik.com/berita/d-7645307/peran-hendry-lie-tersangka-kasus-timah-baru,"
Selasa, 19 Nov 2024 00:25 WIB "
Kejagung Langsung Tahan Tersangka Kasus Korupsi Timah Hendry Lie,https://news.detik.com/berita/d-7645296/kejagung-langsung-tahan-tersangka-kasus-korupsi-timah-hendry-lie,"
Senin, 18 Nov 2024 23:58 WIB "
Tersangka Kasus Timah Hendry Lie Ditangkap di Soetta usai Berobat di Singapura,https://news.detik.com/berita/d-7645290/tersangka-kasus-timah-hendry-lie-ditangkap-di-soetta-usai-berobat-di-singapura,"
Senin, 18 Nov 2024 23:41 WIB "
Kejagung Tangkap Tersangka Kasus Timah Hendry Lie,https://news.detik.com/berita/d-7645281/kejagung-tangkap-tersangka-kasus-timah-hendry-lie,"
Senin, 18 Nov 2024 23:15 WIB "
3 Eks Kadis ESDM Babel Dituntut 6-7 Tahun Penjara di Kasus Korupsi Timah,https://news.detik.com/berita/d-7645166/3-eks-kadis-esdm-babel-dituntut-6-7-tahun-penjara-di-kasus-korupsi-timah,"
Senin, 18 Nov 2024 21:11 WIB "
Data Miris Penyelundupan di RI yang Transaksinya Triliunan,https://news.detik.com/berita/d-7639312/data-miris-penyelundupan-di-ri-yang-transaksinya-triliunan,"
Jumat, 15 Nov 2024 06:40 WIB "
Auditor BPKP di Sidang Harvey Moeis Ungkap Risiko Terburuk Kasus Korupsi Timah,https://news.detik.com/berita/d-7638926/auditor-bpkp-di-sidang-harvey-moeis-ungkap-risiko-terburuk-kasus-korupsi-timah,"
Kamis, 14 Nov 2024 19:27 WIB "
Jaksa Agung di Rapat DPR: Bagi Kami Netralitas Adalah Harga Mati,https://news.detik.com/berita/d-7637380/jaksa-agung-di-rapat-dpr-bagi-kami-netralitas-adalah-harga-mati,"
Rabu, 13 Nov 2024 22:57 WIB "
"Tersangka Kasus Timah 'Tutup Mulut' soal Aktor Utama, Jaksa Agung Tak Patah Arang",https://news.detik.com/berita/d-7637262/tersangka-kasus-timah-tutup-mulut-soal-aktor-utama-jaksa-agung-tak-patah-arang,"
Rabu, 13 Nov 2024 21:04 WIB "
Jaksa Agung Paparkan Kasus Ronald Tannur hingga Tom Lembong ke Komisi III DPR,https://news.detik.com/berita/d-7636557/jaksa-agung-paparkan-kasus-ronald-tannur-hingga-tom-lembong-ke-komisi-iii-dpr,"
Rabu, 13 Nov 2024 15:17 WIB "
Auditor BPKP Jelaskan Perhitungan Kerugian Rp 300 T di Kasus Timah,https://news.detik.com/berita/d-7636532/auditor-bpkp-jelaskan-perhitungan-kerugian-rp-300-t-di-kasus-timah,"
Rabu, 13 Nov 2024 15:10 WIB "
Auditor BPKP Buka-bukaan soal Keanehan Bisnis yang Bikin PT Timah Merugi,https://news.detik.com/berita/d-7636362/auditor-bpkp-buka-bukaan-soal-keanehan-bisnis-yang-bikin-pt-timah-merugi,"
Rabu, 13 Nov 2024 13:57 WIB "
"Auditor BPKP Ungkap Keuangan PT Timah 2019: Kas Negatif Rp 2 T, Utang Rp 9 T",https://news.detik.com/berita/d-7636257/auditor-bpkp-ungkap-keuangan-pt-timah-2019-kas-negatif-rp-2-t-utang-rp-9-t,"
Rabu, 13 Nov 2024 13:10 WIB "
"Kapolri: Kalau Ada Polisi Terlibat Kasus Timah, Kejagung Silakan Proses",https://news.detik.com/berita/d-7633865/kapolri-kalau-ada-polisi-terlibat-kasus-timah-kejagung-silakan-proses,"
Senin, 11 Nov 2024 22:44 WIB "
Hakim Minta Eks Gubernur Babel Erzaldi Dijadikan Saksi Sidang Kasus Timah,https://news.detik.com/berita/d-7633312/hakim-minta-eks-gubernur-babel-erzaldi-dijadikan-saksi-sidang-kasus-timah,"
Senin, 11 Nov 2024 17:07 WIB "
Siapa Tanggung Jawab atas Kerugian Lingkungan dari Tambang Timah? Ini Kata Ahli,https://news.detik.com/berita/d-7627844/siapa-tanggung-jawab-atas-kerugian-lingkungan-dari-tambang-timah-ini-kata-ahli,"
Kamis, 07 Nov 2024 22:28 WIB "
Ahli di Sidang Harvey Jelaskan soal Kerugian Negara: Harus Nyata dan Pasti,https://news.detik.com/berita/d-7627619/ahli-di-sidang-harvey-jelaskan-soal-kerugian-negara-harus-nyata-dan-pasti,"
Kamis, 07 Nov 2024 19:45 WIB "
Pihak Eks Dirut PT Timah Klaim Tak Pernah Ditunjukkan Laporan BPKP,https://news.detik.com/berita/d-7627377/pihak-eks-dirut-pt-timah-klaim-tak-pernah-ditunjukkan-laporan-bpkp,"
Kamis, 07 Nov 2024 17:09 WIB "
"Sidang Harvey Moeis, Ahli Ungkap Grup WA 'Update Pabrik' dan 'New Smelter'",https://news.detik.com/berita/d-7627334/sidang-harvey-moeis-ahli-ungkap-grup-wa-update-pabrik-dan-new-smelter,"
Kamis, 07 Nov 2024 16:51 WIB "
Negara Konoha Dibawa-bawa di Sidang Korupsi Timah Rp 300 T,https://news.detik.com/berita/d-7625515/negara-konoha-dibawa-bawa-di-sidang-korupsi-timah-rp-300-t,"
Rabu, 06 Nov 2024 16:19 WIB "
"Saksi Ikut Bikin Perusahaan Boneka Kasus Timah, Mundur 2 Minggu Kemudian",https://news.detik.com/berita/d-7625047/saksi-ikut-bikin-perusahaan-boneka-kasus-timah-mundur-2-minggu-kemudian,"
Rabu, 06 Nov 2024 13:32 WIB "
"Saksi Kasus Korupsi Timah Akui 33 Transaksi ke Helena Lim, Totalnya Rp 70 M",https://news.detik.com/berita/d-7624924/saksi-kasus-korupsi-timah-akui-33-transaksi-ke-helena-lim-totalnya-rp-70-m,"
Rabu, 06 Nov 2024 12:45 WIB "
Teguran Hakim ke Harvey Moeis sebab Nyerocos Bak Menghafal Jawaban,https://news.detik.com/berita/d-7622443/teguran-hakim-ke-harvey-moeis-sebab-nyerocos-bak-menghafal-jawaban,"
Senin, 04 Nov 2024 22:59 WIB "
Hakim Heran Helena Lim Tak Catat Transaksi Kasus Timah: Jutaan Dolar Loh,https://news.detik.com/berita/d-7622156/hakim-heran-helena-lim-tak-catat-transaksi-kasus-timah-jutaan-dolar-loh,"
Senin, 04 Nov 2024 19:09 WIB "
"Harvey Moeis Klaim Dana CSR Beli Alat COVID, Hakim: Saudara Main Alkes?",https://news.detik.com/berita/d-7621899/harvey-moeis-klaim-dana-csr-beli-alat-covid-hakim-saudara-main-alkes,"
Senin, 04 Nov 2024 16:54 WIB "
"Hakim Tegur Harvey Moeis: Jangan Nyerocos Aja, Kayak Udah Di-setting",https://news.detik.com/berita/d-7621781/hakim-tegur-harvey-moeis-jangan-nyerocos-aja-kayak-udah-di-setting,"
Senin, 04 Nov 2024 16:12 WIB "
"Bos Smelter Ngaku Rugi Kerja Sama dengan PT Timah, Hakim: Lah Kok Mau?",https://news.detik.com/berita/d-7621529/bos-smelter-ngaku-rugi-kerja-sama-dengan-pt-timah-hakim-lah-kok-mau,"
Senin, 04 Nov 2024 14:25 WIB "
Terdakwa Ini Ngaku Baru Tahu Punya 98% Saham Smelter Timah di Sidang,https://news.detik.com/berita/d-7617194/terdakwa-ini-ngaku-baru-tahu-punya-98-saham-smelter-timah-di-sidang,"
Jumat, 01 Nov 2024 13:22 WIB "
Tentang Modus Cuci Uang 'Mingling' di Kasus Harvey Moeis,https://news.detik.com/berita/d-7616659/tentang-modus-cuci-uang-mingling-di-kasus-harvey-moeis,"
Jumat, 01 Nov 2024 07:07 WIB "
Ekonom Lingkungan Bicara Asas 'Pencemar Membayar' di Sidang Harvey Moeis,https://news.detik.com/berita/d-7616313/ekonom-lingkungan-bicara-asas-pencemar-membayar-di-sidang-harvey-moeis,"
Kamis, 31 Okt 2024 19:22 WIB "
Ahli di Sidang Harvey Moeis Sebut Pinjam Data dan Rekening Bank Modus TPPU,https://news.detik.com/berita/d-7616262/ahli-di-sidang-harvey-moeis-sebut-pinjam-data-dan-rekening-bank-modus-tppu,"
Kamis, 31 Okt 2024 18:54 WIB "
Ahli di Sidang Harvey Moeis: Kerabat Ikut Nikmati Duit Korupsi Bisa Dijerat,https://news.detik.com/berita/d-7615824/ahli-di-sidang-harvey-moeis-kerabat-ikut-nikmati-duit-korupsi-bisa-dijerat,"
Kamis, 31 Okt 2024 16:00 WIB "
Ahli di Sidang Harvey Moeis Ungkap Modus TPPU Mingling: Aset Bisa Disita,https://news.detik.com/berita/d-7615764/ahli-di-sidang-harvey-moeis-ungkap-modus-tppu-mingling-aset-bisa-disita,"
Kamis, 31 Okt 2024 15:30 WIB "
"Sandra Dewi Minta Harta Tak Terkait Kasus Timah Dibalikin, Ini Kata Kejagung",https://news.detik.com/berita/d-7614462/sandra-dewi-minta-harta-tak-terkait-kasus-timah-dibalikin-ini-kata-kejagung,"
Rabu, 30 Okt 2024 19:31 WIB "
PT Timah Bayar Rp 3 T untuk Pengiriman Bijih Timah dari Perusahaan Boneka,https://news.detik.com/berita/d-7614392/pt-timah-bayar-rp-3-t-untuk-pengiriman-bijih-timah-dari-perusahaan-boneka,"
Rabu, 30 Okt 2024 18:44 WIB "
Gugatan MAKI soal Robert Bonosusatya di Kasus Timah Tak Diterima PN Jaksel,https://news.detik.com/berita/d-7613655/gugatan-maki-soal-robert-bonosusatya-di-kasus-timah-tak-diterima-pn-jaksel,"
Rabu, 30 Okt 2024 13:33 WIB "
Eks Dirut PT Timah: Penambang Ilegal Bakar Kantor Gubernur gegara Ditertibkan,https://news.detik.com/berita/d-7611122/eks-dirut-pt-timah-penambang-ilegal-bakar-kantor-gubernur-gegara-ditertibkan,"
Senin, 28 Okt 2024 21:11 WIB "
Peran Harvey Moeis Bukan Direksi tapi Wakili Smelter Bikin Hakim Heran,https://news.detik.com/berita/d-7611115/peran-harvey-moeis-bukan-direksi-tapi-wakili-smelter-bikin-hakim-heran,"
Senin, 28 Okt 2024 21:06 WIB "
Jaksa Cecar Harvey Moeis soal Ide Minta Dana CSR ke Smelter Swasta,https://news.detik.com/berita/d-7611030/jaksa-cecar-harvey-moeis-soal-ide-minta-dana-csr-ke-smelter-swasta,"
Senin, 28 Okt 2024 19:57 WIB "
Helena Lim Klaim Baru Tahu soal Transfer dari Smelter Swasta Saat di Sidang,https://news.detik.com/berita/d-7610916/helena-lim-klaim-baru-tahu-soal-transfer-dari-smelter-swasta-saat-di-sidang,"
Senin, 28 Okt 2024 18:47 WIB "
Hakim Heran Harvey Moeis Wakili Smelter Walau Bukan Direksi: Bisnis Besar Ini,https://news.detik.com/berita/d-7610477/hakim-heran-harvey-moeis-wakili-smelter-walau-bukan-direksi-bisnis-besar-ini,"
Senin, 28 Okt 2024 15:48 WIB "
Hakim Sidang Kasus Timah ke Harvey Moeis: Keterangan Anda Sulit Diterima!,https://news.detik.com/berita/d-7610419/hakim-sidang-kasus-timah-ke-harvey-moeis-keterangan-anda-sulit-diterima,"
Senin, 28 Okt 2024 15:32 WIB "
Harvey Moeis Ngaku Baru Tahu Dapat Rp 100 Juta/Bulan Saat Cek Rekening Koran,https://news.detik.com/berita/d-7610347/harvey-moeis-ngaku-baru-tahu-dapat-rp-100-juta-bulan-saat-cek-rekening-koran,"
Senin, 28 Okt 2024 15:07 WIB "
Hakim Cecar Eks Dirut Timah soal Bayar Lebih Mahal ke RBT: Apa karena Harvey?,https://news.detik.com/berita/d-7610087/hakim-cecar-eks-dirut-timah-soal-bayar-lebih-mahal-ke-rbt-apa-karena-harvey,"
Senin, 28 Okt 2024 13:11 WIB "
"RI Gencar Hilirisasi, Pertumbuhan Ekonomi Mulai Lompat Tinggi",https://news.detik.com/berita/d-7607149/ri-gencar-hilirisasi-pertumbuhan-ekonomi-mulai-lompat-tinggi,"
Sabtu, 26 Okt 2024 09:31 WIB "
"Sandra Dewi Minta Blokiran Rekening Dibuka, Hakim Bilang Begini",https://news.detik.com/berita/d-7604886/sandra-dewi-minta-blokiran-rekening-dibuka-hakim-bilang-begini,"
Kamis, 24 Okt 2024 17:53 WIB "
Bos Smelter Swasta Bayar CSR Rp 64 M ke Harvey Moeis tapi Tak Tahu untuk Apa,https://news.detik.com/berita/d-7604784/bos-smelter-swasta-bayar-csr-rp-64-m-ke-harvey-moeis-tapi-tak-tahu-untuk-apa,"
Kamis, 24 Okt 2024 17:03 WIB "
Dalih Harvey Moeis soal CSR: Kas Sosial Bersama Smelter Swasta,https://news.detik.com/berita/d-7603641/dalih-harvey-moeis-soal-csr-kas-sosial-bersama-smelter-swasta,"
Kamis, 24 Okt 2024 07:03 WIB "
Harvey Moeis Pakai Rp 3 M dari Helena Lim untuk Lunasi Rumah,https://news.detik.com/berita/d-7603500/harvey-moeis-pakai-rp-3-m-dari-helena-lim-untuk-lunasi-rumah,"
Rabu, 23 Okt 2024 22:32 WIB "
Cerita Harvey Moeis Muda: Banyak Relasi dan Hendak Nikahi Sandra Dewi,https://news.detik.com/berita/d-7603452/cerita-harvey-moeis-muda-banyak-relasi-dan-hendak-nikahi-sandra-dewi,"
Rabu, 23 Okt 2024 21:23 WIB "
"Hakim Tegur Harvey Moeis: Jangan Cuma Jadi Pelajaran, Duit Ratusan Miliar Ini",https://news.detik.com/berita/d-7603426/hakim-tegur-harvey-moeis-jangan-cuma-jadi-pelajaran-duit-ratusan-miliar-ini,"
Rabu, 23 Okt 2024 21:02 WIB "
Harvey Moeis Ngaku Namanya Dicatut buat Marketing Smelter Swasta,https://news.detik.com/berita/d-7603248/harvey-moeis-ngaku-namanya-dicatut-buat-marketing-smelter-swasta,"
Rabu, 23 Okt 2024 18:48 WIB "
"Harvey Moeis Ngaku Terima Duit Tanpa Tanda Terima, Hakim: Banyak Loh Uangnya",https://news.detik.com/berita/d-7603105/harvey-moeis-ngaku-terima-duit-tanpa-tanda-terima-hakim-banyak-loh-uangnya,"
Rabu, 23 Okt 2024 17:55 WIB "
Harvey Moeis Klaim Duit dari Smelter Swasta Dipakai untuk Bantuan COVID,https://news.detik.com/berita/d-7602739/harvey-moeis-klaim-duit-dari-smelter-swasta-dipakai-untuk-bantuan-covid,"
Rabu, 23 Okt 2024 15:51 WIB "
Harvey Moeis Ngaku Tak Pakai Istilah Dana CSR tapi Kas Sosial Bersama,https://news.detik.com/berita/d-7602520/harvey-moeis-ngaku-tak-pakai-istilah-dana-csr-tapi-kas-sosial-bersama,"
Rabu, 23 Okt 2024 14:08 WIB "
"Jaksa Cecar Peran di Smelter Swasta, Harvey Moeis Ngaku Cuma Teman Pemilik",https://news.detik.com/berita/d-7602434/jaksa-cecar-peran-di-smelter-swasta-harvey-moeis-ngaku-cuma-teman-pemilik,"
Rabu, 23 Okt 2024 13:43 WIB "
Perkara Kalung Bisa Dapat Gratis Bikin Sandra Dewi Omeli Harvey Moeis,https://news.detik.com/berita/d-7600056/perkara-kalung-bisa-dapat-gratis-bikin-sandra-dewi-omeli-harvey-moeis,"
Selasa, 22 Okt 2024 07:22 WIB "
Kesaksian Sandra Dewi Dibelikan Harvey Moeis iPhone Setiap Tahun,https://news.detik.com/berita/d-7600022/kesaksian-sandra-dewi-dibelikan-harvey-moeis-iphone-setiap-tahun,"
Selasa, 22 Okt 2024 06:32 WIB "
Jaksa Akan Hadirkan 15 Ahli di Sidang Harvey Moeis Hari Kamis,https://news.detik.com/berita/d-7599365/jaksa-akan-hadirkan-15-ahli-di-sidang-harvey-moeis-hari-kamis,"
Senin, 21 Okt 2024 16:57 WIB "
Harvey Moeis Mengaku Tak Tahu Soal 2 Unit Kondominium Sandra Dewi di Serpong,https://news.detik.com/berita/d-7599354/harvey-moeis-mengaku-tak-tahu-soal-2-unit-kondominium-sandra-dewi-di-serpong,"
Senin, 21 Okt 2024 16:52 WIB "
"Sandra Dewi Ngaku Sakit Kulit, Harvey Ganti Rugi 2 Tas Endorse Rp 345 Juta",https://news.detik.com/berita/d-7599159/sandra-dewi-ngaku-sakit-kulit-harvey-ganti-rugi-2-tas-endorse-rp-345-juta,"
Senin, 21 Okt 2024 15:37 WIB "
Harvey Curhat Diomelin Sandra Dewi gegara Beli Kalung yang Bisa Dapat Gratis,https://news.detik.com/berita/d-7598990/harvey-curhat-diomelin-sandra-dewi-gegara-beli-kalung-yang-bisa-dapat-gratis,"
Senin, 21 Okt 2024 14:42 WIB "
"2 Kali Jadi Saksi di Sidang Harvey, Sandra Dewi: Kalau Dipanggil Saya Datang",https://news.detik.com/berita/d-7598895/2-kali-jadi-saksi-di-sidang-harvey-sandra-dewi-kalau-dipanggil-saya-datang,"
Senin, 21 Okt 2024 14:13 WIB "
"Sandra Dewi Tegaskan Suami Tak Belikan Tas Mewah, tapi iPhone Tiap Tahun",https://news.detik.com/berita/d-7598851/sandra-dewi-tegaskan-suami-tak-belikan-tas-mewah-tapi-iphone-tiap-tahun,"
Senin, 21 Okt 2024 13:52 WIB "
"Sandra Dewi Terima Rp 3 M dari Helena Lim, Klaim Duit Milik Suami",https://news.detik.com/berita/d-7598779/sandra-dewi-terima-rp-3-m-dari-helena-lim-klaim-duit-milik-suami,"
Senin, 21 Okt 2024 13:19 WIB "
"Hakim Cecar soal Asal-usul 88 Tas Mewah, Sandra Dewi Sebut Hasil Endorse",https://news.detik.com/berita/d-7598626/hakim-cecar-soal-asal-usul-88-tas-mewah-sandra-dewi-sebut-hasil-endorse,"
Senin, 21 Okt 2024 12:22 WIB "
"Hakim Tanya Asal Duit Harvey Beli MINI Cooper, Sandra Dewi: Saya Nggak Tahu",https://news.detik.com/berita/d-7598592/hakim-tanya-asal-duit-harvey-beli-mini-cooper-sandra-dewi-saya-nggak-tahu,"
Senin, 21 Okt 2024 11:55 WIB "
"Sandra Dewi Tiba di PN Jakpus, Bakal Jadi Saksi Lagi di Sidang Harvey Moeis",https://news.detik.com/berita/d-7598504/sandra-dewi-tiba-di-pn-jakpus-bakal-jadi-saksi-lagi-di-sidang-harvey-moeis,"
Senin, 21 Okt 2024 11:16 WIB "
Sandra Dewi Kembali Jadi Saksi di Sidang Harvey Moeis Hari Ini,https://news.detik.com/berita/d-7598214/sandra-dewi-kembali-jadi-saksi-di-sidang-harvey-moeis-hari-ini,"
Senin, 21 Okt 2024 06:13 WIB "
Guru Besar Al Azhar Wanti-wanti Adu Domba soal Tuduhan ke Jaksa Agung,https://news.detik.com/berita/d-7596534/guru-besar-al-azhar-wanti-wanti-adu-domba-soal-tuduhan-ke-jaksa-agung,"
Sabtu, 19 Okt 2024 22:59 WIB "
Terbongkar Porsche Langka Harvey Moeis di Sidang Nilainya Rp 13 Miliar,https://news.detik.com/berita/d-7593761/terbongkar-porsche-langka-harvey-moeis-di-sidang-nilainya-rp-13-miliar,"
Jumat, 18 Okt 2024 08:11 WIB "
Terungkap Porsche Milik Harvey Moeis Rp 13 M Cuma Ada 5 di Indonesia,https://news.detik.com/berita/d-7592733/terungkap-porsche-milik-harvey-moeis-rp-13-m-cuma-ada-5-di-indonesia,"
Kamis, 17 Okt 2024 16:31 WIB "
Hakim Minta Sandra Dewi Dihadirkan Lagi di Sidang TPPU Harvey Moeis,https://news.detik.com/berita/d-7592388/hakim-minta-sandra-dewi-dihadirkan-lagi-di-sidang-tppu-harvey-moeis,"
Kamis, 17 Okt 2024 14:38 WIB "
Cerita Bos Smelter Swasta Tak Banyak Tanya Saat Harvey Moeis Minta Dana,https://news.detik.com/berita/d-7591709/cerita-bos-smelter-swasta-tak-banyak-tanya-saat-harvey-moeis-minta-dana,"
Kamis, 17 Okt 2024 07:31 WIB "
Hakim ke Bos Smelter Kasus Korupsi Timah: Jangan Pura-pura Bego,https://news.detik.com/berita/d-7591138/hakim-ke-bos-smelter-kasus-korupsi-timah-jangan-pura-pura-bego,"
Rabu, 16 Okt 2024 17:42 WIB "
Jaksa Cecar Saksi soal Duit Rp 200 M Ditukar ke Helena: Ada untuk Harvey?,https://news.detik.com/berita/d-7590800/jaksa-cecar-saksi-soal-duit-rp-200-m-ditukar-ke-helena-ada-untuk-harvey,"
Rabu, 16 Okt 2024 15:50 WIB "
Aliran Duit Rp 124 M Berkedok CSR Timah ke Harvey Moeis Terungkap di Sidang,https://news.detik.com/berita/d-7590739/aliran-duit-rp-124-m-berkedok-csr-timah-ke-harvey-moeis-terungkap-di-sidang,"
Rabu, 16 Okt 2024 15:19 WIB "
"Bos Smelter Swasta Cerita Harvey Moeis Telepon Minta CSR, Segini Besarannya",https://news.detik.com/berita/d-7590540/bos-smelter-swasta-cerita-harvey-moeis-telepon-minta-csr-segini-besarannya,"
Rabu, 16 Okt 2024 14:04 WIB "
"Dipimpin Burhanuddin, Kejagung Dinilai Punya Keberanian Ungkap Kasus Besar",https://news.detik.com/berita/d-7589189/dipimpin-burhanuddin-kejagung-dinilai-punya-keberanian-ungkap-kasus-besar,"
Selasa, 15 Okt 2024 16:16 WIB "
Kejagung Paparkan Modus TPPU Kala Sandra Dewi Sebut Tas Branded Hasil Endorse,https://news.detik.com/berita/d-7584332/kejagung-paparkan-modus-tppu-kala-sandra-dewi-sebut-tas-branded-hasil-endorse,"
Sabtu, 12 Okt 2024 10:39 WIB "
Jawaban Kejagung Kala Sandra Dewi Tolak Cincin Kawin Disita,https://news.detik.com/berita/d-7584170/jawaban-kejagung-kala-sandra-dewi-tolak-cincin-kawin-disita,"
Sabtu, 12 Okt 2024 07:00 WIB "
"Sandra Dewi Bilang Tas Branded Hasil Endorse, Kejagung Bicara Modus TPPU",https://news.detik.com/berita/d-7583593/sandra-dewi-bilang-tas-branded-hasil-endorse-kejagung-bicara-modus-tppu,"
Jumat, 11 Okt 2024 17:06 WIB "
Kejagung soal Sandra Dewi Tolak Cincin Kawin Disita: Kita Tak Mau Berpolemik,https://news.detik.com/berita/d-7583446/kejagung-soal-sandra-dewi-tolak-cincin-kawin-disita-kita-tak-mau-berpolemik,"
Jumat, 11 Okt 2024 16:05 WIB "
Jaksa Agung ST Burhanuddin Bangun Legacy Bongkar Korupsi Besar,https://news.detik.com/berita/d-7583187/jaksa-agung-st-burhanuddin-bangun-legacy-bongkar-korupsi-besar,"
Jumat, 11 Okt 2024 14:23 WIB "
Celetukan Hakim: Sandra Dewi yang Tertukar hingga Panggilan Sayang,https://news.detik.com/berita/d-7582577/celetukan-hakim-sandra-dewi-yang-tertukar-hingga-panggilan-sayang,"
Jumat, 11 Okt 2024 08:59 WIB "
Kado Natal Rp 200 Juta dari Harvey Moeis yang Tak Ditanya Asalnya,https://news.detik.com/berita/d-7582499/kado-natal-rp-200-juta-dari-harvey-moeis-yang-tak-ditanya-asalnya,"
Jumat, 11 Okt 2024 07:30 WIB "
Saat Sandra Dewi Dicecar soal Tas Branded hingga Deposito Puluhan Miliar,https://news.detik.com/berita/d-7582476/saat-sandra-dewi-dicecar-soal-tas-branded-hingga-deposito-puluhan-miliar,"
Jumat, 11 Okt 2024 07:01 WIB "
Asisten Pribadi Akui Tampung Duit Rp 894 Juta dari Sandra Dewi-Harvey Moeis,https://news.detik.com/berita/d-7582266/asisten-pribadi-akui-tampung-duit-rp-894-juta-dari-sandra-dewi-harvey-moeis,"
Kamis, 10 Okt 2024 21:14 WIB "
Jaksa Tampilkan 10 Tas Mewah Sandra Dewi di Sidang Kasus Korupsi Timah,https://news.detik.com/berita/d-7582210/jaksa-tampilkan-10-tas-mewah-sandra-dewi-di-sidang-kasus-korupsi-timah,"
Kamis, 10 Okt 2024 20:31 WIB "
"Sandra Dewi Ngaku Pisah Harta, Tak Tahu Deposit USD-SGD Milik Harvey Moeis",https://news.detik.com/berita/d-7582137/sandra-dewi-ngaku-pisah-harta-tak-tahu-deposit-usd-sgd-milik-harvey-moeis,"
Kamis, 10 Okt 2024 19:50 WIB "
Penjelasan Sandra Dewi Usai Bersaksi untuk Harvey Moeis di Kasus Timah,https://news.detik.com/berita/d-7582089/penjelasan-sandra-dewi-usai-bersaksi-untuk-harvey-moeis-di-kasus-timah,"
Kamis, 10 Okt 2024 19:21 WIB "
Sandra Dewi Peluk Harvey Moeis Usai Bersaksi di Sidang Kasus Timah,https://news.detik.com/berita/d-7581899/sandra-dewi-peluk-harvey-moeis-usai-bersaksi-di-sidang-kasus-timah,"
Kamis, 10 Okt 2024 17:52 WIB "
"Sandra Dewi Nangis Lagi, Ngaku Pinjem Duit karena Rekening Diblokir",https://news.detik.com/berita/d-7581838/sandra-dewi-nangis-lagi-ngaku-pinjem-duit-karena-rekening-diblokir,"
Kamis, 10 Okt 2024 17:27 WIB "
Jaksa Ungkap BAP Helena Lim soal Musnahkan Bukti agar Harvey Tak Terlacak,https://news.detik.com/berita/d-7581819/jaksa-ungkap-bap-helena-lim-soal-musnahkan-bukti-agar-harvey-tak-terlacak,"
Kamis, 10 Okt 2024 17:16 WIB "
Sandra Dewi Nangis di Sidang: Saya Bilang ke Anak-anak Ayahnya Wamil,https://news.detik.com/berita/d-7581737/sandra-dewi-nangis-di-sidang-saya-bilang-ke-anak-anak-ayahnya-wamil,"
Kamis, 10 Okt 2024 16:47 WIB "
Penjelasan Sandra Dewi soal Transfer Rp 10 M ke Istri Bos Smelter Swasta,https://news.detik.com/berita/d-7581688/penjelasan-sandra-dewi-soal-transfer-rp-10-m-ke-istri-bos-smelter-swasta,"
Kamis, 10 Okt 2024 16:19 WIB "
Pernah Tanya Asal Rp 200 Juta dari Harvey? Adik Sandra Dewi: Tentu Tidak,https://news.detik.com/berita/d-7581652/pernah-tanya-asal-rp-200-juta-dari-harvey-adik-sandra-dewi-tentu-tidak,"
Kamis, 10 Okt 2024 16:04 WIB "
"Hal Tak Biasa di Sidang Harvey Moeis, Sandra Dewi Minta Ditanya soal Emas",https://news.detik.com/berita/d-7581568/hal-tak-biasa-di-sidang-harvey-moeis-sandra-dewi-minta-ditanya-soal-emas,"
Kamis, 10 Okt 2024 15:22 WIB "
Jawaban Sandra Dewi Saat Ditanya Hakim soal Jet Pribadi: Itu Cuma Gosip,https://news.detik.com/berita/d-7581480/jawaban-sandra-dewi-saat-ditanya-hakim-soal-jet-pribadi-itu-cuma-gosip,"
Kamis, 10 Okt 2024 14:49 WIB "
Kasus Besar di Tangan Jaksa Agung ST Burhanuddin,https://news.detik.com/berita/d-7581461/kasus-besar-di-tangan-jaksa-agung-st-burhanuddin,"
Kamis, 10 Okt 2024 14:40 WIB "
"Helena Lim Akui Terima Duit dari Smelter Harvey Moeis, tapi Lupa Jumlahnya",https://news.detik.com/berita/d-7581445/helena-lim-akui-terima-duit-dari-smelter-harvey-moeis-tapi-lupa-jumlahnya,"
Kamis, 10 Okt 2024 14:32 WIB "
"Sandra Dewi dan Harvey Moeis Saling Panggil Sayang, Hakim: Keren, Mantap Deh",https://news.detik.com/berita/d-7581384/sandra-dewi-dan-harvey-moeis-saling-panggil-sayang-hakim-keren-mantap-deh,"
Kamis, 10 Okt 2024 14:08 WIB "
Hakim ke Sandra Dewi: Anda Masih Ngangsur Tanah Ini Gimana?,https://news.detik.com/berita/d-7581317/hakim-ke-sandra-dewi-anda-masih-ngangsur-tanah-ini-gimana,"
Kamis, 10 Okt 2024 13:37 WIB "
"Dicecar Hakim soal Deposito Rp 33 M, Sandra Dewi: 100% Hasil Keringat Saya",https://news.detik.com/berita/d-7581289/dicecar-hakim-soal-deposito-rp-33-m-sandra-dewi-100-hasil-keringat-saya,"
Kamis, 10 Okt 2024 13:28 WIB "
Sandra Dewi Tolak Cincin Kawin dan Tunangan Disita Kejagung di Kasus Timah,https://news.detik.com/berita/d-7581207/sandra-dewi-tolak-cincin-kawin-dan-tunangan-disita-kejagung-di-kasus-timah,"
Kamis, 10 Okt 2024 12:57 WIB "
Hakim Salah Panggil Sandra Dewi Jadi Dewi Sandra: Maaf Suka Ketukar,https://news.detik.com/berita/d-7581168/hakim-salah-panggil-sandra-dewi-jadi-dewi-sandra-maaf-suka-ketukar,"
Kamis, 10 Okt 2024 12:47 WIB "
Hakim Tanya Penghasilan Sandra Dewi: Lebih Banyak Saudara atau Suami?,https://news.detik.com/berita/d-7581136/hakim-tanya-penghasilan-sandra-dewi-lebih-banyak-saudara-atau-suami,"
Kamis, 10 Okt 2024 12:34 WIB "
"Di Sidang Harvey Moeis, Sandra Dewi Mengaku Ratusan Tas Mewah Hasil Endorse",https://news.detik.com/berita/d-7581110/di-sidang-harvey-moeis-sandra-dewi-mengaku-ratusan-tas-mewah-hasil-endorse,"
Kamis, 10 Okt 2024 12:24 WIB "
"Dicecar Hakim soal 88 Tas LV hingga Hermes, Begini Jawaban Sandra Dewi",https://news.detik.com/berita/d-7581097/dicecar-hakim-soal-88-tas-lv-hingga-hermes-begini-jawaban-sandra-dewi,"
Kamis, 10 Okt 2024 12:18 WIB "
Sandra Dewi Ditanya Hakim soal Harvey Moeis: Suami Saya Tercinta,https://news.detik.com/berita/d-7580986/sandra-dewi-ditanya-hakim-soal-harvey-moeis-suami-saya-tercinta,"
Kamis, 10 Okt 2024 11:16 WIB "
"Sandra Dewi Tiba di Ruang Sidang, Siap Bersaksi untuk Harvey Moeis",https://news.detik.com/berita/d-7580971/sandra-dewi-tiba-di-ruang-sidang-siap-bersaksi-untuk-harvey-moeis,"
Kamis, 10 Okt 2024 11:04 WIB "
Sandra Dewi Jadi Saksi Sidang Harvey Moeis Hari Ini,https://news.detik.com/berita/d-7580658/sandra-dewi-jadi-saksi-sidang-harvey-moeis-hari-ini,"
Kamis, 10 Okt 2024 07:28 WIB "
Saksi Sidang Kasus Korupsi Timah Ungkap Pengiriman Rp 50 M ke Helena Lim,https://news.detik.com/berita/d-7580430/saksi-sidang-kasus-korupsi-timah-ungkap-pengiriman-rp-50-m-ke-helena-lim,"
Rabu, 09 Okt 2024 21:16 WIB "
"Smelter Timah Transaksi di Money Changer Helena Lim, tapi Dicatat Bayar Pasir",https://news.detik.com/berita/d-7580359/smelter-timah-transaksi-di-money-changer-helena-lim-tapi-dicatat-bayar-pasir,"
Rabu, 09 Okt 2024 20:21 WIB "
"Saksi Kasus Timah Akui Terima Rp 10 M dari Sandra Dewi, Klaim sebagai Pinjaman",https://news.detik.com/berita/d-7580284/saksi-kasus-timah-akui-terima-rp-10-m-dari-sandra-dewi-klaim-sebagai-pinjaman,"
Rabu, 09 Okt 2024 19:15 WIB "
Sandra Dewi Pastikan Hadir dan Bersaksi di Sidang Harvey Moeis Besok,https://news.detik.com/berita/d-7579220/sandra-dewi-pastikan-hadir-dan-bersaksi-di-sidang-harvey-moeis-besok,"
Rabu, 09 Okt 2024 11:22 WIB "
Akhirnya! Sandra Dewi Bersaksi di Sidang Harvey Moeis 10 Oktober,https://news.detik.com/berita/d-7577830/akhirnya-sandra-dewi-bersaksi-di-sidang-harvey-moeis-10-oktober,"
Selasa, 08 Okt 2024 13:53 WIB "
Saksi Ungkap PT Timah Keluar Biaya Tambahan Saat Kerja Sama dengan Swasta,https://news.detik.com/berita/d-7572000/saksi-ungkap-pt-timah-keluar-biaya-tambahan-saat-kerja-sama-dengan-swasta,"
Jumat, 04 Okt 2024 14:48 WIB "
Pengacara Smelter Luruskan Kesaksian Bos Money Changer di Sidang Kasus Timah,https://news.detik.com/berita/d-7571590/pengacara-smelter-luruskan-kesaksian-bos-money-changer-di-sidang-kasus-timah,"
Jumat, 04 Okt 2024 11:20 WIB "
Hakim Cecar Eks Dirut Timah soal Penambang Liar: Apa yang Saudara Tutupi?,https://news.detik.com/berita/d-7570763/hakim-cecar-eks-dirut-timah-soal-penambang-liar-apa-yang-saudara-tutupi,"
Kamis, 03 Okt 2024 18:08 WIB "
Jaksa Bakal Hadirkan Helena Lim Jadi Saksi Sidang Harvey Moeis 7 Oktober,https://news.detik.com/berita/d-7569062/jaksa-bakal-hadirkan-helena-lim-jadi-saksi-sidang-harvey-moeis-7-oktober,"
Rabu, 02 Okt 2024 18:07 WIB "
"Smelter di Kasus Timah Lakukan 136 Transaksi Money Changer, Nilainya Rp 80 M",https://news.detik.com/berita/d-7569022/smelter-di-kasus-timah-lakukan-136-transaksi-money-changer-nilainya-rp-80-m,"
Rabu, 02 Okt 2024 17:56 WIB "
"Jaksa Tanya Mana Dolar Hasil Penukaran Rp 7,8 M ke Helena Lim, Saksi Tak Tahu",https://news.detik.com/berita/d-7568501/jaksa-tanya-mana-dolar-hasil-penukaran-rp-7-8-m-ke-helena-lim-saksi-tak-tahu,"
Rabu, 02 Okt 2024 14:37 WIB "
Hakim Cecar Saksi soal Tindakan Direksi Timah untuk Hadapi Penambang Ilegal,https://news.detik.com/berita/d-7568376/hakim-cecar-saksi-soal-tindakan-direksi-timah-untuk-hadapi-penambang-ilegal,"
Rabu, 02 Okt 2024 13:55 WIB "
Petinggi Smelter Swasta Setor Rp 122 M ke Helena untuk Dana CSR Harvey Moeis,https://news.detik.com/berita/d-7565764/petinggi-smelter-swasta-setor-rp-122-m-ke-helena-untuk-dana-csr-harvey-moeis,"
Senin, 30 Sep 2024 21:57 WIB "
Kejagung Ungkap Tersangka Kasus Timah Hendry Lie Masih di Singapura,https://news.detik.com/berita/d-7565239/kejagung-ungkap-tersangka-kasus-timah-hendry-lie-masih-di-singapura,"
Senin, 30 Sep 2024 16:48 WIB "
"Tetian Wahyudi Sempat Kirim WA ke Eks Dirut PT Timah, Apa Isinya?",https://news.detik.com/berita/d-7560031/tetian-wahyudi-sempat-kirim-wa-ke-eks-dirut-pt-timah-apa-isinya,"
Kamis, 26 Sep 2024 21:11 WIB "
Hakim Sidang Harvey ke Eks Dirut PT Timah: Aneh-aneh Kerjaanmu,https://news.detik.com/berita/d-7559867/hakim-sidang-harvey-ke-eks-dirut-pt-timah-aneh-aneh-kerjaanmu,"
Kamis, 26 Sep 2024 19:24 WIB "
Hakim Cecar Terdakwa Kasus Timah soal Sosok Buron Tetian Wahyudi,https://news.detik.com/berita/d-7559648/hakim-cecar-terdakwa-kasus-timah-soal-sosok-buron-tetian-wahyudi,"
Kamis, 26 Sep 2024 17:29 WIB "
Hakim Cecar Eks Kadis ESDM Babel soal Pengawasan Bekas Tambang Timah,https://news.detik.com/berita/d-7559425/hakim-cecar-eks-kadis-esdm-babel-soal-pengawasan-bekas-tambang-timah,"
Kamis, 26 Sep 2024 16:00 WIB "
"Eks Pejabat Timah Dicecar Hakim soal Dana Rp 3,1 T untuk 5 Smelter Swasta",https://news.detik.com/berita/d-7559322/eks-pejabat-timah-dicecar-hakim-soal-dana-rp-3-1-t-untuk-5-smelter-swasta,"
Kamis, 26 Sep 2024 15:09 WIB "
Hakim Cecar Eks Dirut PT Timah soal Harga Istimewa ke Smelter Harvey Moeis,https://news.detik.com/berita/d-7559213/hakim-cecar-eks-dirut-pt-timah-soal-harga-istimewa-ke-smelter-harvey-moeis,"
Kamis, 26 Sep 2024 14:20 WIB "
Hakim Cecar Eks Dirut Timah soal Harvey Moeis: Mau Dilindungi Siapa?,https://news.detik.com/berita/d-7559139/hakim-cecar-eks-dirut-timah-soal-harvey-moeis-mau-dilindungi-siapa,"
Kamis, 26 Sep 2024 13:44 WIB "
Terungkap Setoran Duit Miliaran di Kasus Timah Tanpa Catatan,https://news.detik.com/berita/d-7558358/terungkap-setoran-duit-miliaran-di-kasus-timah-tanpa-catatan,"
Rabu, 25 Sep 2024 22:05 WIB "
Saksi Ungkap Smelter Swasta Bayar Biaya Koordinasi USD 100 Ribu ke Helena Lim,https://news.detik.com/berita/d-7558089/saksi-ungkap-smelter-swasta-bayar-biaya-koordinasi-usd-100-ribu-ke-helena-lim,"
Rabu, 25 Sep 2024 18:31 WIB "
"Smelter Timah Swasta Setor Rp 2,1 M ke Helena Lim Tanpa Dicatat",https://news.detik.com/berita/d-7557446/smelter-timah-swasta-setor-rp-2-1-m-ke-helena-lim-tanpa-dicatat,"
Rabu, 25 Sep 2024 14:12 WIB "
Jaksa Heran Sewa Smelter Harvey Moeis Paling Mahal tapi PT Timah Tetap Mau,https://news.detik.com/berita/d-7557330/jaksa-heran-sewa-smelter-harvey-moeis-paling-mahal-tapi-pt-timah-tetap-mau,"
Rabu, 25 Sep 2024 13:16 WIB "
Jaksa Cecar Saksi Kasus Timah soal Akal-akalan Mundurkan Tanggal Dokumen,https://news.detik.com/berita/d-7557259/jaksa-cecar-saksi-kasus-timah-soal-akal-akalan-mundurkan-tanggal-dokumen,"
Rabu, 25 Sep 2024 12:32 WIB "
Hakim Sidang Harvey Moeis Heran PT Timah Beri Peluang ke Perusahaan Pesaing,https://news.detik.com/berita/d-7548055/hakim-sidang-harvey-moeis-heran-pt-timah-beri-peluang-ke-perusahaan-pesaing,"
Kamis, 19 Sep 2024 15:04 WIB "
Saksi Ungkap Aliran Duit ke Smelter Harvey Moeis dari PT Timah Capai Rp 4 T,https://news.detik.com/berita/d-7547729/saksi-ungkap-aliran-duit-ke-smelter-harvey-moeis-dari-pt-timah-capai-rp-4-t,"
Kamis, 19 Sep 2024 13:00 WIB "
Saksi Kasus Korupsi Timah Rp 300 T Ungkap Penambangan Konsep Pinjam Bendera,https://news.detik.com/berita/d-7546616/saksi-kasus-korupsi-timah-rp-300-t-ungkap-penambangan-konsep-pinjam-bendera,"
Rabu, 18 Sep 2024 17:41 WIB "
Saksi Ungkap Pemasok Bijih Timah ke Smelter Swasta yang Diwakili Harvey Moeis,https://news.detik.com/berita/d-7546322/saksi-ungkap-pemasok-bijih-timah-ke-smelter-swasta-yang-diwakili-harvey-moeis,"
Rabu, 18 Sep 2024 16:08 WIB "
Kasus Korupsi dan Denda Seharga Secangkir Kopi,https://news.detik.com/kolom/d-7544605/kasus-korupsi-dan-denda-seharga-secangkir-kopi,"
Rabu, 18 Sep 2024 15:10 WIB "
"Saksi Ungkap Ada Lebih Bayar Rp 2,2 T dari PT Timah ke Smelter Swasta",https://news.detik.com/berita/d-7546029/saksi-ungkap-ada-lebih-bayar-rp-2-2-t-dari-pt-timah-ke-smelter-swasta,"
Rabu, 18 Sep 2024 14:18 WIB "
Saksi Korupsi Timah Akui CV Salsabila Dibentuk untuk Akomodasi Penambang Ilegal,https://news.detik.com/berita/d-7545958/saksi-korupsi-timah-akui-cv-salsabila-dibentuk-untuk-akomodasi-penambang-ilegal,"
Rabu, 18 Sep 2024 13:52 WIB "
"Helena Lim Ngeluh Leher Keram Tak Bisa Menoleh, Sidang Kasus Timah Ditunda",https://news.detik.com/berita/d-7545682/helena-lim-ngeluh-leher-keram-tak-bisa-menoleh-sidang-kasus-timah-ditunda,"
Rabu, 18 Sep 2024 11:35 WIB "
"Kasus Korupsi Timah, Staf Keuangan Smelter Akui Setor Rp 7,8 M ke Helena Lim",https://news.detik.com/berita/d-7538117/kasus-korupsi-timah-staf-keuangan-smelter-akui-setor-rp-7-8-m-ke-helena-lim,"
Kamis, 12 Sep 2024 19:22 WIB "
Cerita Saksi Terima Rp 600 Juta dari PT Timah dalam Kardus Mi Instan,https://news.detik.com/berita/d-7538035/cerita-saksi-terima-rp-600-juta-dari-pt-timah-dalam-kardus-mi-instan,"
Kamis, 12 Sep 2024 18:38 WIB "
Awal Mula Sopir Ditunjuk Jadi Direktur Perusahaan Boneka di Kasus Korupsi Timah,https://news.detik.com/berita/d-7537961/awal-mula-sopir-ditunjuk-jadi-direktur-perusahaan-boneka-di-kasus-korupsi-timah,"
Kamis, 12 Sep 2024 18:05 WIB "
"Luhut Sebut Seleksi Capim KPK Menarik, Tegaskan Pemerintah Tak Niat Memperlemah",https://news.detik.com/berita/d-7537898/luhut-sebut-seleksi-capim-kpk-menarik-tegaskan-pemerintah-tak-niat-memperlemah,"
Kamis, 12 Sep 2024 17:37 WIB "
Staf Harvey Moeis Akui Ada 456 Transaksi Senilai Rp 183 M dengan PT Timah,https://news.detik.com/berita/d-7537596/staf-harvey-moeis-akui-ada-456-transaksi-senilai-rp-183-m-dengan-pt-timah,"
Kamis, 12 Sep 2024 15:35 WIB "
"Eksepsi Petinggi Smelter-Pengepul Kasus Timah Ditolak, Sidang Lanjut Pembuktian",https://news.detik.com/berita/d-7537205/eksepsi-petinggi-smelter-pengepul-kasus-timah-ditolak-sidang-lanjut-pembuktian,"
Kamis, 12 Sep 2024 13:04 WIB "
Cerita Saksi Ditelepon DPO Kasus Korupsi Timah: Abang Ada Diperiksa Nggak?,https://news.detik.com/berita/d-7536068/cerita-saksi-ditelepon-dpo-kasus-korupsi-timah-abang-ada-diperiksa-nggak,"
Rabu, 11 Sep 2024 17:04 WIB "
Saksi Kasus Timah Sebut Jokowi Ingin Penambang Ilegal Jadi Legal,https://news.detik.com/berita/d-7535913/saksi-kasus-timah-sebut-jokowi-ingin-penambang-ilegal-jadi-legal,"
Rabu, 11 Sep 2024 16:10 WIB "
Cerita Eks Pejabat PT Timah Sulit Atasi Penambang Liar: Masalah Perut Rakyat,https://news.detik.com/berita/d-7535414/cerita-eks-pejabat-pt-timah-sulit-atasi-penambang-liar-masalah-perut-rakyat,"
Rabu, 11 Sep 2024 12:57 WIB "
"Hakim Tolak Eksepsi Petinggi Smelter Kasus Timah, Sidang Lanjut Pembuktian",https://news.detik.com/berita/d-7535360/hakim-tolak-eksepsi-petinggi-smelter-kasus-timah-sidang-lanjut-pembuktian,"
Rabu, 11 Sep 2024 12:21 WIB "
KY Persilakan Publik Laporkan Hakim Pemvonis Terdakwa Perintangan Kasus Timah,https://news.detik.com/berita/d-7534156/ky-persilakan-publik-laporkan-hakim-pemvonis-terdakwa-perintangan-kasus-timah,"
Selasa, 10 Sep 2024 16:56 WIB "
"Di Sidang Harvey, Penambang Liar Ini Ngaku Raup Untung Rp 500 Juta Per Bulan",https://news.detik.com/berita/d-7532646/di-sidang-harvey-penambang-liar-ini-ngaku-raup-untung-rp-500-juta-per-bulan,"
Senin, 09 Sep 2024 18:39 WIB "
"Saksi Sidang Harvey Moeis: PT RBT Raup Pendapatan Rp 1,1 Triliun dalam 3 Tahun",https://news.detik.com/berita/d-7532226/saksi-sidang-harvey-moeis-pt-rbt-raup-pendapatan-rp-1-1-triliun-dalam-3-tahun,"
Senin, 09 Sep 2024 15:50 WIB "
"Saksi Ngaku Tak Tahu soal Posisi Harvey Moeis, Hakim: Jangan Melindungi!",https://news.detik.com/berita/d-7526625/saksi-ngaku-tak-tahu-soal-posisi-harvey-moeis-hakim-jangan-melindungi,"
Kamis, 05 Sep 2024 19:06 WIB "
"Terungkap di Sidang, Kejagung Tetapkan 1 DPO Kasus Korupsi Timah",https://news.detik.com/berita/d-7524890/terungkap-di-sidang-kejagung-tetapkan-1-dpo-kasus-korupsi-timah,"
Rabu, 04 Sep 2024 20:56 WIB "
Terungkap Instruksi 252 Kasus Timah soal Kompensasi Pelogaman,https://news.detik.com/berita/d-7524878/terungkap-instruksi-252-kasus-timah-soal-kompensasi-pelogaman,"
Rabu, 04 Sep 2024 20:51 WIB "
Saksi Cerita Seringnya Razia Tambang Timah Ilegal Bocor: Cuma Tertinggal Alat,https://news.detik.com/berita/d-7524379/saksi-cerita-seringnya-razia-tambang-timah-ilegal-bocor-cuma-tertinggal-alat,"
Rabu, 04 Sep 2024 16:40 WIB "
Saksi Ungkap PT Timah Rugi Rp 951 M gegara Kerja Sama dengan Smelter Swasta,https://news.detik.com/berita/d-7524183/saksi-ungkap-pt-timah-rugi-rp-951-m-gegara-kerja-sama-dengan-smelter-swasta,"
Rabu, 04 Sep 2024 15:22 WIB "
Kata Kejagung soal Terdakwa Perintangan Kasus Timah Divonis 3 Tahun Bui,https://news.detik.com/berita/d-7521912/kata-kejagung-soal-terdakwa-perintangan-kasus-timah-divonis-3-tahun-bui,"
Selasa, 03 Sep 2024 11:52 WIB "
Saksi: Penambangan Ilegal Makin Masif Usai Kerja Sama PT Timah-Smelter Swasta,https://news.detik.com/berita/d-7521241/saksi-penambangan-ilegal-makin-masif-usai-kerja-sama-pt-timah-smelter-swasta,"
Senin, 02 Sep 2024 19:22 WIB "
Terdakwa Perintangan Kasus Korupsi Timah Divonis 3 Tahun Bui,https://news.detik.com/berita/d-7516417/terdakwa-perintangan-kasus-korupsi-timah-divonis-3-tahun-bui,"
Jumat, 30 Agu 2024 13:23 WIB "
"Saksi Sidang Harvey Ungkap Instruksi 030, Apa Itu?",https://news.detik.com/berita/d-7515734/saksi-sidang-harvey-ungkap-instruksi-030-apa-itu,"
Kamis, 29 Agu 2024 23:41 WIB "
Hakim Sidang Harvey Kaget Dengar Gaji Direktur PT Timah Rp 200 Juta/Bulan,https://news.detik.com/berita/d-7515340/hakim-sidang-harvey-kaget-dengar-gaji-direktur-pt-timah-rp-200-juta-bulan,"
Kamis, 29 Agu 2024 19:14 WIB "
Saksi Sebut PT Timah Untung Usai Putus Kerja Sama dengan Smelter Swasta Harvey,https://news.detik.com/berita/d-7515258/saksi-sebut-pt-timah-untung-usai-putus-kerja-sama-dengan-smelter-swasta-harvey,"
Kamis, 29 Agu 2024 18:19 WIB "
Saksi Ungkap 3 Perusahaan Smelter Boneka yang Libatkan Harvey Moeis,https://news.detik.com/berita/d-7515127/saksi-ungkap-3-perusahaan-smelter-boneka-yang-libatkan-harvey-moeis,"
Kamis, 29 Agu 2024 17:27 WIB "
Hakim Tanya Saksi Kasus Timah: Program Jemput Bola Itu Apa Sih,https://news.detik.com/berita/d-7514984/hakim-tanya-saksi-kasus-timah-program-jemput-bola-itu-apa-sih,"
Kamis, 29 Agu 2024 16:24 WIB "
Hakim Cecar Saksi soal Kerusakan Lingkungan di Kasus Timah: Rp 271 T Lho Ini,https://news.detik.com/berita/d-7514908/hakim-cecar-saksi-soal-kerusakan-lingkungan-di-kasus-timah-rp-271-t-lho-ini,"
Kamis, 29 Agu 2024 15:49 WIB "
"Kasus Korupsi Timah, Bos Smelter Didakwa Terima Duit Haram Triliunan Rupiah",https://news.detik.com/berita/d-7513297/kasus-korupsi-timah-bos-smelter-didakwa-terima-duit-haram-triliunan-rupiah,"
Rabu, 28 Agu 2024 16:53 WIB "
Hakim Tolak Eksepsi 2 Eks Kadis ESDM Babel di Kasus Korupsi Timah Rp 300 T,https://news.detik.com/berita/d-7512725/hakim-tolak-eksepsi-2-eks-kadis-esdm-babel-di-kasus-korupsi-timah-rp-300-t,"
Rabu, 28 Agu 2024 13:08 WIB "
3 Petinggi Smelter Swasta dan Pengepul Didakwa Terlibat Korupsi Timah Rp 300 T,https://news.detik.com/berita/d-7511713/3-petinggi-smelter-swasta-dan-pengepul-didakwa-terlibat-korupsi-timah-rp-300-t,"
Selasa, 27 Agu 2024 19:23 WIB "
2 Eks Direktur PT Timah Didakwa Terlibat Korupsi Penambangan Ilegal Rp 300 T,https://news.detik.com/berita/d-7509889/2-eks-direktur-pt-timah-didakwa-terlibat-korupsi-penambangan-ilegal-rp-300-t,"
Senin, 26 Agu 2024 19:10 WIB "
Hilirisasi SDA Butuh Iklim Usaha Kondusif,https://news.detik.com/kolom/d-7507475/hilirisasi-sda-butuh-iklim-usaha-kondusif,"
Minggu, 25 Agu 2024 12:04 WIB "
Saksi Sidang Harvey Moeis Ungkap Hasil Nego PT Timah-Swasta soal Kuota Ekspor,https://news.detik.com/berita/d-7503314/saksi-sidang-harvey-moeis-ungkap-hasil-nego-pt-timah-swasta-soal-kuota-ekspor,"
Kamis, 22 Agu 2024 16:20 WIB "
Harvey Moeis Jalani Sidang Lanjutan Korupsi Timah Hari Ini,https://news.detik.com/berita/d-7502276/harvey-moeis-jalani-sidang-lanjutan-korupsi-timah-hari-ini,"
Kamis, 22 Agu 2024 08:48 WIB "
Tas-tas Mewah Helena Lim Diungkap Jaksa dari Kasus Timah,https://news.detik.com/berita/d-7502217/tas-tas-mewah-helena-lim-diungkap-jaksa-dari-kasus-timah,"
Kamis, 22 Agu 2024 07:36 WIB "
Pencucian Uang Korupsi Timah ala Helena Lim Terungkap di Dakwaan,https://news.detik.com/berita/d-7502176/pencucian-uang-korupsi-timah-ala-helena-lim-terungkap-di-dakwaan,"
Kamis, 22 Agu 2024 06:32 WIB "
"Direktur Smelter Swasta Didakwa Terima Rp 4,5 T di Kasus Korupsi Timah",https://news.detik.com/berita/d-7501843/direktur-smelter-swasta-didakwa-terima-rp-4-5-t-di-kasus-korupsi-timah,"
Rabu, 21 Agu 2024 19:32 WIB "
Jaksa: Helena Lim Samarkan Transaksi ke Harvey Moeis Jadi Modal Usaha,https://news.detik.com/berita/d-7501388/jaksa-helena-lim-samarkan-transaksi-ke-harvey-moeis-jadi-modal-usaha,"
Rabu, 21 Agu 2024 16:13 WIB "
"29 Tas Mewah Helena Lim di Kasus Timah, Termahal Hermes Birkin Rp 150 Juta",https://news.detik.com/berita/d-7501357/29-tas-mewah-helena-lim-di-kasus-timah-termahal-hermes-birkin-rp-150-juta,"
Rabu, 21 Agu 2024 16:03 WIB "
Helena Lim Beli Rumah-Ruko hingga Lexus-Alphard dari Cuci Duit Timah,https://news.detik.com/berita/d-7501293/helena-lim-beli-rumah-ruko-hingga-lexus-alphard-dari-cuci-duit-timah,"
Rabu, 21 Agu 2024 15:29 WIB "
Jaksa: Helena Lim Sengaja Musnahkan Bukti Transaksi Keuangan Harvey Moeis,https://news.detik.com/berita/d-7501219/jaksa-helena-lim-sengaja-musnahkan-bukti-transaksi-keuangan-harvey-moeis,"
Rabu, 21 Agu 2024 15:06 WIB "
Helena Lim Untung Rp 900 Juta dari Transaksi Tukar Duit Kasus Timah,https://news.detik.com/berita/d-7501217/helena-lim-untung-rp-900-juta-dari-transaksi-tukar-duit-kasus-timah,"
Rabu, 21 Agu 2024 15:06 WIB "
Terungkap Cara Helena Lim Cuci Uang Korupsi Timah Pakai Modus CSR,https://news.detik.com/berita/d-7501150/terungkap-cara-helena-lim-cuci-uang-korupsi-timah-pakai-modus-csr,"
Rabu, 21 Agu 2024 14:47 WIB "
Helena Lim Didakwa Tampung Duit Harvey Moeis di Kasus Korupsi Timah,https://news.detik.com/berita/d-7500910/helena-lim-didakwa-tampung-duit-harvey-moeis-di-kasus-korupsi-timah,"
Rabu, 21 Agu 2024 13:03 WIB "
Penampakan Helena Lim Serba Hitam Jelang Diadili di Kasus Korupsi Timah,https://news.detik.com/berita/d-7500561/penampakan-helena-lim-serba-hitam-jelang-diadili-di-kasus-korupsi-timah,"
Rabu, 21 Agu 2024 10:27 WIB "
Helena Lim Jalani Sidang Perdana Kasus Korupsi Timah Hari Ini,https://news.detik.com/berita/d-7500425/helena-lim-jalani-sidang-perdana-kasus-korupsi-timah-hari-ini,"
Rabu, 21 Agu 2024 08:52 WIB "
Kejagung Sita Vila Rp 20 Miliar Milik Hendry Lie Tersangka Kasus Timah,https://news.detik.com/berita/d-7499964/kejagung-sita-vila-rp-20-miliar-milik-hendry-lie-tersangka-kasus-timah,"
Selasa, 20 Agu 2024 19:23 WIB "
Sidang Perdana Helena Lim di Kasus Korupsi Timah Digelar Besok,https://news.detik.com/berita/d-7499436/sidang-perdana-helena-lim-di-kasus-korupsi-timah-digelar-besok,"
Selasa, 20 Agu 2024 15:23 WIB "
Sandra Dewi Akan Dihadirkan sebagai Saksi di Sidang Harvey Moeis,https://news.detik.com/berita/d-7499315/sandra-dewi-akan-dihadirkan-sebagai-saksi-di-sidang-harvey-moeis,"
Selasa, 20 Agu 2024 14:37 WIB "
Terbongkar Peran Harvey Moeis di Kasus Timah hingga Raup Ratusan Miliar,https://news.detik.com/berita/d-7490594/terbongkar-peran-harvey-moeis-di-kasus-timah-hingga-raup-ratusan-miliar,"
Kamis, 15 Agu 2024 06:30 WIB "
Terungkap Aliran Dana ke Sandra Dewi di Dakwaan Harvey Moeis,https://news.detik.com/berita/d-7490342/terungkap-aliran-dana-ke-sandra-dewi-di-dakwaan-harvey-moeis,"
Rabu, 14 Agu 2024 21:07 WIB "
Rolls-Royce dan MINI Cooper Kado Sandra Dewi Dibeli Pakai TPPU Harvey Moeis,https://news.detik.com/berita/d-7489619/rolls-royce-dan-mini-cooper-kado-sandra-dewi-dibeli-pakai-tppu-harvey-moeis,"
Rabu, 14 Agu 2024 15:04 WIB "
Jaksa Ungkap Harvey Moeis Inisiator Penyewaan Alat Pelogaman di Kasus Timah,https://news.detik.com/berita/d-7489613/jaksa-ungkap-harvey-moeis-inisiator-penyewaan-alat-pelogaman-di-kasus-timah,"
Rabu, 14 Agu 2024 15:02 WIB "
"Dakwaan TPPU Harvey Moeis, Jaksa Ungkap Sandra Dewi Beli 141 Perhiasan",https://news.detik.com/berita/d-7489611/dakwaan-tppu-harvey-moeis-jaksa-ungkap-sandra-dewi-beli-141-perhiasan,"
Rabu, 14 Agu 2024 15:01 WIB "
"88 Tas Mewah Sandra Dewi Masuk Dakwaan TPPU Harvey Moeis, Ada Dior-Hermes",https://news.detik.com/berita/d-7489505/88-tas-mewah-sandra-dewi-masuk-dakwaan-tppu-harvey-moeis-ada-dior-hermes,"
Rabu, 14 Agu 2024 14:29 WIB "
"Harvey Moeis Dapat Rp 420 M dari Korupsi Timah, Sebagian Ngalir ke Sandra Dewi",https://news.detik.com/berita/d-7489451/harvey-moeis-dapat-rp-420-m-dari-korupsi-timah-sebagian-ngalir-ke-sandra-dewi,"
Rabu, 14 Agu 2024 14:06 WIB "
Harvey Moeis Didakwa Korupsi Timah Rugikan Negara Rp 300 T dan TPPU,https://news.detik.com/berita/d-7489221/harvey-moeis-didakwa-korupsi-timah-rugikan-negara-rp-300-t-dan-tppu,"
Rabu, 14 Agu 2024 12:41 WIB "
Ekspresi Harvey Moeis Jelang Sidang Dakwaan Kasus Korupsi Timah,https://news.detik.com/berita/d-7488957/ekspresi-harvey-moeis-jelang-sidang-dakwaan-kasus-korupsi-timah,"
Rabu, 14 Agu 2024 10:35 WIB "
Kuasa Hukum Pastikan Harvey Moeis Siap Jalani Sidang Perdana Kasus Timah,https://news.detik.com/berita/d-7488712/kuasa-hukum-pastikan-harvey-moeis-siap-jalani-sidang-perdana-kasus-timah,"
Rabu, 14 Agu 2024 07:32 WIB "
Harvey Moeis Jalani Sidang Perdana Korupsi Timah Hari Ini,https://news.detik.com/berita/d-7488688/harvey-moeis-jalani-sidang-perdana-korupsi-timah-hari-ini,"
Rabu, 14 Agu 2024 06:44 WIB "
Helena Lim Segera Disidang Terkait Kasus Dugaan Korupsi Timah,https://news.detik.com/berita/d-7488302/helena-lim-segera-disidang-terkait-kasus-dugaan-korupsi-timah,"
Selasa, 13 Agu 2024 19:43 WIB "
"Sudah 23 Tersangka, Kejagung Tak Berhenti Usut Kasus Korupsi Timah",https://news.detik.com/berita/d-7488249/sudah-23-tersangka-kejagung-tak-berhenti-usut-kasus-korupsi-timah,"
Selasa, 13 Agu 2024 19:22 WIB "
"Jadi Tersangka Kasus Korupsi Timah, Ini Peran Eks Plt Kadis ESDM Babel",https://news.detik.com/berita/d-7488199/jadi-tersangka-kasus-korupsi-timah-ini-peran-eks-plt-kadis-esdm-babel,"
Selasa, 13 Agu 2024 18:39 WIB "
"Eks Plt Kadis ESDM Babel Tersangka Baru Korupsi Timah, Total Jadi 23",https://news.detik.com/berita/d-7488128/eks-plt-kadis-esdm-babel-tersangka-baru-korupsi-timah-total-jadi-23,"
Selasa, 13 Agu 2024 18:01 WIB "
Tersangka Baru Kasus Timah Nangis Saat Ditahan: Saya Nggak Salah,https://news.detik.com/berita/d-7488043/tersangka-baru-kasus-timah-nangis-saat-ditahan-saya-nggak-salah,"
Selasa, 13 Agu 2024 17:24 WIB "
Kejagung Umumkan Tersangka Baru Kasus Korupsi Timah Sore Ini,https://news.detik.com/berita/d-7487911/kejagung-umumkan-tersangka-baru-kasus-korupsi-timah-sore-ini,"
Selasa, 13 Agu 2024 16:24 WIB "
Sidang Perdana Harvey Moeis Digelar Besok,https://news.detik.com/berita/d-7487478/sidang-perdana-harvey-moeis-digelar-besok,"
Selasa, 13 Agu 2024 13:26 WIB "
Sidang Perdana Harvey Moeis di Kasus Timah Rp 300 T Digelar 14 Agustus,https://news.detik.com/berita/d-7478187/sidang-perdana-harvey-moeis-di-kasus-timah-rp-300-t-digelar-14-agustus,"
Rabu, 07 Agu 2024 17:19 WIB "
Eks Kadis ESDM Amir Syahbana Minta Dibebaskan di Kasus Timah Rp 300 T,https://news.detik.com/berita/d-7477686/eks-kadis-esdm-amir-syahbana-minta-dibebaskan-di-kasus-timah-rp-300-t,"
Rabu, 07 Agu 2024 13:52 WIB "
Eks Kadis Babel Bantah Setujui Penambangan Liar Timah yang Bikin Rugi Rp 300 T,https://news.detik.com/berita/d-7477583/eks-kadis-babel-bantah-setujui-penambangan-liar-timah-yang-bikin-rugi-rp-300-t,"
Rabu, 07 Agu 2024 12:59 WIB "
Harvey Moeis Segera Disidang Terkait Kasus Korupsi Timah,https://news.detik.com/berita/d-7474811/harvey-moeis-segera-disidang-terkait-kasus-korupsi-timah,"
Senin, 05 Agu 2024 18:19 WIB "
Episode Terbaru Kasus Timah Rp 300 Triliun di Meja Hijau,https://news.detik.com/berita/d-7468614/episode-terbaru-kasus-timah-rp-300-triliun-di-meja-hijau,"
Kamis, 01 Agu 2024 16:02 WIB "
'Metode Kaleng Susu' di Balik Siasat Korupsi Timah hingga Triliunan,https://news.detik.com/berita/d-7467640/metode-kaleng-susu-di-balik-siasat-korupsi-timah-hingga-triliunan,"
Kamis, 01 Agu 2024 08:30 WIB "
5 Hal Terungkap saat Korupsi Timah Bikin Rugi Rp 300 T Perdana Diadili,https://news.detik.com/berita/d-7467590/5-hal-terungkap-saat-korupsi-timah-bikin-rugi-rp-300-t-perdana-diadili,"
Kamis, 01 Agu 2024 07:30 WIB "
"Kasus Korupsi Timah Mulai Disidang, Jaksa Ungkap Peran Harvey Moeis",https://news.detik.com/berita/d-7467087/kasus-korupsi-timah-mulai-disidang-jaksa-ungkap-peran-harvey-moeis,"
Rabu, 31 Jul 2024 18:42 WIB "
Jaksa Ungkap 'Metode Kaleng Susu' di Kasus Korupsi Timah,https://news.detik.com/berita/d-7466925/jaksa-ungkap-metode-kaleng-susu-di-kasus-korupsi-timah,"
Rabu, 31 Jul 2024 17:52 WIB "
"Terkuak di Dakwaan, Begini Hitungan Korupsi Timah Bikin Rugi Rp 300 T",https://news.detik.com/berita/d-7466821/terkuak-di-dakwaan-begini-hitungan-korupsi-timah-bikin-rugi-rp-300-t,"
Rabu, 31 Jul 2024 17:11 WIB "
"Aliran Duit Korupsi Timah, Harvey Moeis dan Helena Lim Kebagian Rp 420 M",https://news.detik.com/berita/d-7466724/aliran-duit-korupsi-timah-harvey-moeis-dan-helena-lim-kebagian-rp-420-m,"
Rabu, 31 Jul 2024 16:30 WIB "
3 Eks Kadis ESDM Babel Didakwa Korupsi Timah Rugikan Negara Rp 300 T,https://news.detik.com/berita/d-7466634/3-eks-kadis-esdm-babel-didakwa-korupsi-timah-rugikan-negara-rp-300-t,"
Rabu, 31 Jul 2024 15:47 WIB "
Kasus Timah Bikin Rugi Negara Rp 300 T Mulai Diadili,https://news.detik.com/berita/d-7466421/kasus-timah-bikin-rugi-negara-rp-300-t-mulai-diadili,"
Rabu, 31 Jul 2024 14:30 WIB "
KPK Kembali Jawab Kritik Luhut: Kita Tak Pernah Tutup Peluang OTT,https://news.detik.com/berita/d-7453737/kpk-kembali-jawab-kritik-luhut-kita-tak-pernah-tutup-peluang-ott,"
Selasa, 23 Jul 2024 19:13 WIB "
Klaim Sandra Dewi soal Hasil Endorse di Balik Deretan Tas Mewah Disita,https://news.detik.com/berita/d-7452328/klaim-sandra-dewi-soal-hasil-endorse-di-balik-deretan-tas-mewah-disita,"
Selasa, 23 Jul 2024 08:29 WIB "
"Sandra Dewi Protes 88 Tas Mewah Ikut Disita, Jaksa Siap Adu Bukti",https://news.detik.com/berita/d-7452286/sandra-dewi-protes-88-tas-mewah-ikut-disita-jaksa-siap-adu-bukti,"
Selasa, 23 Jul 2024 07:14 WIB "
Benang Merah Harvey Moeis dengan Helena Lim di Kasus Korupsi Timah,https://news.detik.com/berita/d-7452074/benang-merah-harvey-moeis-dengan-helena-lim-di-kasus-korupsi-timah,"
Senin, 22 Jul 2024 21:05 WIB "
Kejagung Kebut Berkas Eks Dirjen Minerba hingga Hendry Lie Terkait Kasus Timah,https://news.detik.com/berita/d-7451441/kejagung-kebut-berkas-eks-dirjen-minerba-hingga-hendry-lie-terkait-kasus-timah,"
Senin, 22 Jul 2024 15:57 WIB "
"Klaim Hasil Endorse, Sandra Dewi Protes 88 Tas Mewah Ikut Disita",https://news.detik.com/berita/d-7451156/klaim-hasil-endorse-sandra-dewi-protes-88-tas-mewah-ikut-disita,"
Senin, 22 Jul 2024 14:23 WIB "
"Harvey Moeis Dilimpahkan, Kantor Jaksa Jadi 'Show Room' Mobil Mewah",https://news.detik.com/berita/d-7450944/harvey-moeis-dilimpahkan-kantor-jaksa-jadi-show-room-mobil-mewah,"
Senin, 22 Jul 2024 12:49 WIB "
"3 Mobil, 37 Tas Mewah, hingga 2 Richard Mille Disita Jaksa dari Helena Lim",https://news.detik.com/berita/d-7450782/3-mobil-37-tas-mewah-hingga-2-richard-mille-disita-jaksa-dari-helena-lim,"
Senin, 22 Jul 2024 11:51 WIB "
Penampakan Tumpukan Duit Rp 35 M Barang Bukti dari Harvey Moeis-Helena Lim,https://news.detik.com/berita/d-7450754/penampakan-tumpukan-duit-rp-35-m-barang-bukti-dari-harvey-moeis-helena-lim,"
Senin, 22 Jul 2024 11:37 WIB "
"Daftar Barang Bukti dari Harvey Moeis: 11 Rumah, 8 Mobil, hingga 88 Tas Mewah",https://news.detik.com/berita/d-7450753/daftar-barang-bukti-dari-harvey-moeis-11-rumah-8-mobil-hingga-88-tas-mewah,"
Senin, 22 Jul 2024 11:36 WIB "
Terungkap Kaitan Harvey Moeis dengan Helena Lim di Kasus Korupsi Timah,https://news.detik.com/berita/d-7450742/terungkap-kaitan-harvey-moeis-dengan-helena-lim-di-kasus-korupsi-timah,"
Senin, 22 Jul 2024 11:33 WIB "
Penampakan Terkini Harvey Moeis dan Helena Lim Dilimpahkan ke Kejari Jaksel,https://news.detik.com/berita/d-7450683/penampakan-terkini-harvey-moeis-dan-helena-lim-dilimpahkan-ke-kejari-jaksel,"
Senin, 22 Jul 2024 11:03 WIB "
Kejagung Limpahkan Harvey Moeis dan Helena Lim ke Kejari Jaksel Hari Ini,https://news.detik.com/berita/d-7450567/kejagung-limpahkan-harvey-moeis-dan-helena-lim-ke-kejari-jaksel-hari-ini,"
Senin, 22 Jul 2024 10:04 WIB "
Eks Kadis ESDM Bangka Belitung Segera Disidang,https://news.detik.com/berita/d-7434367/eks-kadis-esdm-bangka-belitung-segera-disidang,"
Kamis, 11 Jul 2024 16:57 WIB "
Kejagung Tak Sita Jet Pribadi Terkait Kasus Harvey Moeis,https://news.detik.com/berita/d-7428520/kejagung-tak-sita-jet-pribadi-terkait-kasus-harvey-moeis,"
Senin, 08 Jul 2024 15:12 WIB "
"Kejaksaan Sita 5 Aset Harvey Moeis, Ada Town House",https://news.detik.com/berita/d-7428448/kejaksaan-sita-5-aset-harvey-moeis-ada-town-house,"
Senin, 08 Jul 2024 14:42 WIB "
"Raih Adhyaksa Awards, Kuntadi: Jadi Penyemangat Ungkap Kejahatan Korupsi",https://news.detik.com/berita/d-7425353/raih-adhyaksa-awards-kuntadi-jadi-penyemangat-ungkap-kejahatan-korupsi,"
Jumat, 05 Jul 2024 23:08 WIB "
Kuntadi Raih Adhyaksa Awards 2024 Kategori Jaksa Tangguh Pemberantas Korupsi,https://news.detik.com/berita/d-7425247/kuntadi-raih-adhyaksa-awards-2024-kategori-jaksa-tangguh-pemberantas-korupsi,"
Jumat, 05 Jul 2024 21:32 WIB "
"Bukan Pemilik Bukan Penyewa, 32 Kali Harvey Moeis Naik Jet Diungkap Jaksa",https://news.detik.com/berita/d-7423520/bukan-pemilik-bukan-penyewa-32-kali-harvey-moeis-naik-jet-diungkap-jaksa,"
Kamis, 04 Jul 2024 21:39 WIB "
"Kejagung: Bukan Pemilik, Harvey Moeis 32 Kali Naik Jet Pribadi Tanpa Menyewa",https://news.detik.com/berita/d-7422396/kejagung-bukan-pemilik-harvey-moeis-32-kali-naik-jet-pribadi-tanpa-menyewa,"
Kamis, 04 Jul 2024 12:49 WIB "
"Harvey Moeis Sering Naik Private Jet tapi Sewaan, Ternyata Ini Pemiliknya",https://news.detik.com/berita/d-7422083/harvey-moeis-sering-naik-private-jet-tapi-sewaan-ternyata-ini-pemiliknya,"
Kamis, 04 Jul 2024 10:16 WIB "
"Usai Diperiksa Terkait Korupsi LNG di KPK, Dahlan Ngaku Ditanya soal RUPS",https://news.detik.com/berita/d-7421433/usai-diperiksa-terkait-korupsi-lng-di-kpk-dahlan-ngaku-ditanya-soal-rups,"
Rabu, 03 Jul 2024 18:13 WIB "
Kabar Terkini Harvey Moeis Disebut Tak Punya Jet Pribadi,https://news.detik.com/berita/d-7419897/kabar-terkini-harvey-moeis-disebut-tak-punya-jet-pribadi,"
Selasa, 02 Jul 2024 20:44 WIB "
Kejagung Ungkap Harvey Moeis Bukan Pemilik Jet Pribadi: 32 Kali Jadi Penumpang,https://news.detik.com/berita/d-7419295/kejagung-ungkap-harvey-moeis-bukan-pemilik-jet-pribadi-32-kali-jadi-penumpang,"
Selasa, 02 Jul 2024 15:28 WIB "
Kejagung Pastikan Kasus Korupsi Timah Masih Diusut,https://news.detik.com/berita/d-7419227/kejagung-pastikan-kasus-korupsi-timah-masih-diusut,"
Selasa, 02 Jul 2024 14:49 WIB "
Kejagung Belum Panggil Lagi Hendry Lie di Kasus Timah: Dia Masih Sakit,https://news.detik.com/berita/d-7419132/kejagung-belum-panggil-lagi-hendry-lie-di-kasus-timah-dia-masih-sakit,"
Selasa, 02 Jul 2024 14:14 WIB "
Membangun Manusia Indonesia dengan Program Makanan Bergizi,https://news.detik.com/kolom/d-7401006/membangun-manusia-indonesia-dengan-program-makanan-bergizi,"
Jumat, 21 Jun 2024 10:40 WIB "
Babak Baru Kasus Korupsi Timah,https://news.detik.com/berita/d-7390014/babak-baru-kasus-korupsi-timah,"
Kamis, 13 Jun 2024 20:58 WIB "
Harvey Moeis Berharap Segera Diadili di Meja Hijau,https://news.detik.com/berita/d-7389673/harvey-moeis-berharap-segera-diadili-di-meja-hijau,"
Kamis, 13 Jun 2024 17:29 WIB "
Kejagung Kerahkan 30 Jaksa Penuntut Tangani Kasus Korupsi Timah,https://news.detik.com/berita/d-7389519/kejagung-kerahkan-30-jaksa-penuntut-tangani-kasus-korupsi-timah,"
Kamis, 13 Jun 2024 16:34 WIB "
Mantan Dirut TINS hingga Eks Dirut RBT Segera Disidang Terkait Kasus Timah,https://news.detik.com/berita/d-7389339/mantan-dirut-tins-hingga-eks-dirut-rbt-segera-disidang-terkait-kasus-timah,"
Kamis, 13 Jun 2024 15:33 WIB "
Kisah Mantan Kajati Babel Ungkap Kasus Korupsi di Wilayahnya,https://news.detik.com/berita/d-7387620/kisah-mantan-kajati-babel-ungkap-kasus-korupsi-di-wilayahnya,"
Rabu, 12 Jun 2024 16:23 WIB "
Tapera dan Makna Kehadiran (Peran) Negara,https://news.detik.com/kolom/d-7387227/tapera-dan-makna-kehadiran-peran-negara,"
Rabu, 12 Jun 2024 14:15 WIB "
"Mengenal Kuntadi, Jaksa Pembongkar Kasus Korupsi Super Kakap di Indonesia",https://news.detik.com/berita/d-7383077/mengenal-kuntadi-jaksa-pembongkar-kasus-korupsi-super-kakap-di-indonesia,"
Senin, 10 Jun 2024 11:25 WIB "
"Tutup Rapimnas, Hanura Minta OSO Kembali Jadi Ketum!",https://news.detik.com/pemilu/d-7381334/tutup-rapimnas-hanura-minta-oso-kembali-jadi-ketum,"
Sabtu, 08 Jun 2024 19:48 WIB "
"PDIP Pastikan Hasto Akan Penuhi Panggilan KPK, Bandingkan Kasus SYL-Timah",https://news.detik.com/berita/d-7376904/pdip-pastikan-hasto-akan-penuhi-panggilan-kpk-bandingkan-kasus-syl-timah,"
Kamis, 06 Jun 2024 10:28 WIB "
Pengacara Bantah Isu Sandra Dewi Jadi Tersangka Kasus Timah: Itu Fitnah,https://news.detik.com/berita/d-7376141/pengacara-bantah-isu-sandra-dewi-jadi-tersangka-kasus-timah-itu-fitnah,"
Rabu, 05 Jun 2024 18:56 WIB "
"Periksa Adik Harvey Moeis di Kasus Korupsi Timah, Kejagung Dalami TPPU",https://news.detik.com/berita/d-7374234/periksa-adik-harvey-moeis-di-kasus-korupsi-timah-kejagung-dalami-tppu,"
Selasa, 04 Jun 2024 19:44 WIB "
Kejagung Jelaskan Alasan Baru Usut Kasus Dugaan Korupsi 109 Ton Emas,https://news.detik.com/berita/d-7374185/kejagung-jelaskan-alasan-baru-usut-kasus-dugaan-korupsi-109-ton-emas,"
Selasa, 04 Jun 2024 19:04 WIB "
Kejagung Limpahkan 2 Tersangka Korupsi Timah ke Kejari Jaksel,https://news.detik.com/berita/d-7373393/kejagung-limpahkan-2-tersangka-korupsi-timah-ke-kejari-jaksel,"
Selasa, 04 Jun 2024 13:56 WIB "
"Kejagung Jamin 109 Ton Emas Antam Beredar Asli, Jelaskan Duduk Perkara Kasus",https://news.detik.com/berita/d-7371792/kejagung-jamin-109-ton-emas-antam-beredar-asli-jelaskan-duduk-perkara-kasus,"
Senin, 03 Jun 2024 15:51 WIB "
HNW Minta Pemuda Pancasila Jadi yang Terdepan Laksanakan Pancasila,https://news.detik.com/berita/d-7368454/hnw-minta-pemuda-pancasila-jadi-yang-terdepan-laksanakan-pancasila,"
Sabtu, 01 Jun 2024 09:13 WIB "
Kejagung Periksa 2 Adik Ipar Harvey Moeis di Kasus Korupsi Timah,https://news.detik.com/berita/d-7367918/kejagung-periksa-2-adik-ipar-harvey-moeis-di-kasus-korupsi-timah,"
Jumat, 31 Mei  2024 18:55 WIB "
Kejagung Ancam Tangkap Hendry Lie Tersangka Kasus Korupsi Timah,https://news.detik.com/berita/d-7364684/kejagung-ancam-tangkap-hendry-lie-tersangka-kasus-korupsi-timah,"
Kamis, 30 Mei  2024 09:22 WIB "
Kerugian Fantastis di Kasus Timah,https://news.detik.com/infografis/d-7364614/kerugian-fantastis-di-kasus-timah,"
Kamis, 30 Mei  2024 08:39 WIB "
"6 Update Dugaan Korupsi Timah: Rugikan Negara Rp 300 T, Ada Tersangka Baru",https://news.detik.com/berita/d-7364516/6-update-dugaan-korupsi-timah-rugikan-negara-rp-300-t-ada-tersangka-baru,"
Kamis, 30 Mei  2024 06:32 WIB "
Asisten Pribadi Dicecar Kejagung soal Penghasilan Sandra Dewi,https://news.detik.com/berita/d-7364468/asisten-pribadi-dicecar-kejagung-soal-penghasilan-sandra-dewi,"
Kamis, 30 Mei  2024 00:39 WIB "
"Jadi Tersangka Korupsi Timah, Eks Dirjen Minerba Langsung Ditahan",https://news.detik.com/berita/d-7364219/jadi-tersangka-korupsi-timah-eks-dirjen-minerba-langsung-ditahan,"
Rabu, 29 Mei  2024 19:58 WIB "
Jampidsus Tegaskan Tak Berhenti Usut Kasus Timah Selama Ada Bukti,https://news.detik.com/berita/d-7363782/jampidsus-tegaskan-tak-berhenti-usut-kasus-timah-selama-ada-bukti,"
Rabu, 29 Mei  2024 16:56 WIB "
Kejagung Masih Dalami Perjanjian Pisah Harta Sandra Dewi-Harvey Moeis,https://news.detik.com/berita/d-7363671/kejagung-masih-dalami-perjanjian-pisah-harta-sandra-dewi-harvey-moeis,"
Rabu, 29 Mei  2024 16:19 WIB "
"Bertambah, Ini Daftar 22 Tersangka Kasus Dugaan Korupsi Timah",https://news.detik.com/berita/d-7363568/bertambah-ini-daftar-22-tersangka-kasus-dugaan-korupsi-timah,"
Rabu, 29 Mei  2024 15:41 WIB "
"Tak Hanya Helena Lim-Harvey Moeis, 4 Orang Tersangka Timah Juga Dijerat TPPU",https://news.detik.com/berita/d-7363439/tak-hanya-helena-lim-harvey-moeis-4-orang-tersangka-timah-juga-dijerat-tppu,"
Rabu, 29 Mei  2024 14:56 WIB "
Kejagung Tetapkan Eks Dirjen Minerba Kementerian ESDM Tersangka Korupsi Timah,https://news.detik.com/berita/d-7363233/kejagung-tetapkan-eks-dirjen-minerba-kementerian-esdm-tersangka-korupsi-timah,"
Rabu, 29 Mei  2024 13:19 WIB "
Rincian Kerugian Negara Rp 300 Triliun Akibat Kasus Korupsi Timah,https://news.detik.com/berita/d-7363105/rincian-kerugian-negara-rp-300-triliun-akibat-kasus-korupsi-timah,"
Rabu, 29 Mei  2024 12:26 WIB "
Jampidsus Tegaskan Kerugian Negara Rp 300 T di Kasus Korupsi Timah Real Loss,https://news.detik.com/berita/d-7363074/jampidsus-tegaskan-kerugian-negara-rp-300-t-di-kasus-korupsi-timah-real-loss,"
Rabu, 29 Mei  2024 12:08 WIB "
Kejagung: Angka Rp 300 T Akan Masuk Dakwaan Kerugian Negara Korupsi Timah,https://news.detik.com/berita/d-7363033/kejagung-angka-rp-300-t-akan-masuk-dakwaan-kerugian-negara-korupsi-timah,"
Rabu, 29 Mei  2024 11:51 WIB "
Jaksa Agung: Perkara Timah Dilimpahkan ke Pengadilan dalam Seminggu ke Depan,https://news.detik.com/berita/d-7362988/jaksa-agung-perkara-timah-dilimpahkan-ke-pengadilan-dalam-seminggu-ke-depan,"
Rabu, 29 Mei  2024 11:32 WIB "
"Jaksa Agung: Kerugian Negara Akibat Korupsi Timah Fantastis, Capai Rp 300 T!",https://news.detik.com/berita/d-7362967/jaksa-agung-kerugian-negara-akibat-korupsi-timah-fantastis-capai-rp-300-t,"
Rabu, 29 Mei  2024 11:19 WIB "
"Kejagung Periksa Eks Gubernur Babel Terkait Kasus Timah, Ini yang Digali",https://news.detik.com/berita/d-7362295/kejagung-periksa-eks-gubernur-babel-terkait-kasus-timah-ini-yang-digali,"
Selasa, 28 Mei  2024 19:17 WIB "
Kejagung Periksa Asisten Pribadi Sandra Dewi Terkait Kasus Timah,https://news.detik.com/berita/d-7362264/kejagung-periksa-asisten-pribadi-sandra-dewi-terkait-kasus-timah,"
Selasa, 28 Mei  2024 19:01 WIB "
"Rumah Mewah Tersangka Kasus Korupsi Timah Disita Kejagung, Ini Penampakannya",https://news.detik.com/berita/d-7343941/rumah-mewah-tersangka-kasus-korupsi-timah-disita-kejagung-ini-penampakannya,"
Kamis, 16 Mei  2024 19:00 WIB "
MAKI Nilai Tersangka di Kasus Korupsi Timah Masih Akan Bertambah,https://news.detik.com/berita/d-7343926/maki-nilai-tersangka-di-kasus-korupsi-timah-masih-akan-bertambah,"
Kamis, 16 Mei  2024 16:51 WIB "
"Sandra Dewi Sudah Diperiksa 2 Kali, Kejagung Tegaskan Masih Jadi Saksi",https://news.detik.com/berita/d-7343321/sandra-dewi-sudah-diperiksa-2-kali-kejagung-tegaskan-masih-jadi-saksi,"
Kamis, 16 Mei  2024 15:02 WIB "
Momen Sandra Dewi Diperiksa Kejagung soal Urusan Aset Terkait Korupsi Timah,https://news.detik.com/berita/d-7342509/momen-sandra-dewi-diperiksa-kejagung-soal-urusan-aset-terkait-korupsi-timah,"
Kamis, 16 Mei  2024 08:41 WIB "
Urusan Wajar Tidaknya Aset Sandra Dewi Disasar Kejaksaan,https://news.detik.com/berita/d-7342444/urusan-wajar-tidaknya-aset-sandra-dewi-disasar-kejaksaan,"
Kamis, 16 Mei  2024 07:28 WIB "
Kejagung Tegaskan Sandra Dewi Masih Jadi Saksi Usai Diperiksa 2 Kali,https://news.detik.com/berita/d-7342355/kejagung-tegaskan-sandra-dewi-masih-jadi-saksi-usai-diperiksa-2-kali,"
Kamis, 16 Mei  2024 00:45 WIB "
Kejagung Klarifikasi Sandra Dewi soal Private Jet Milik Harvey Moeis,https://news.detik.com/berita/d-7342343/kejagung-klarifikasi-sandra-dewi-soal-private-jet-milik-harvey-moeis,"
Rabu, 15 Mei  2024 23:56 WIB "
Kejagung Cecar 11 Istri Tersangka Korupsi Timah soal Aset Terkait Kasus,https://news.detik.com/berita/d-7342324/kejagung-cecar-11-istri-tersangka-korupsi-timah-soal-aset-terkait-kasus,"
Rabu, 15 Mei  2024 23:35 WIB "
Soal Pisah Harta Harvey Moeis-Sandra Dewi Jadi Fokus Pemeriksaan Kejagung,https://news.detik.com/berita/d-7342263/soal-pisah-harta-harvey-moeis-sandra-dewi-jadi-fokus-pemeriksaan-kejagung,"
Rabu, 15 Mei  2024 22:20 WIB "
Tangan Terborgol dan Tas Belanjaan Helena Lim di Kejaksaan,https://news.detik.com/berita/d-7342101/tangan-terborgol-dan-tas-belanjaan-helena-lim-di-kejaksaan,"
Rabu, 15 Mei  2024 20:13 WIB "
Gestur Menjura Sandra Dewi di Kejaksaan,https://news.detik.com/berita/d-7342011/gestur-menjura-sandra-dewi-di-kejaksaan,"
Rabu, 15 Mei  2024 19:22 WIB "
Sandra Dewi Bungkam Usai 10 Jam Diperiksa Kejagung,https://news.detik.com/berita/d-7341946/sandra-dewi-bungkam-usai-10-jam-diperiksa-kejagung,"
Rabu, 15 Mei  2024 18:48 WIB "
Menyambut Pemerintahan Baru Tanpa Orang-Orang Toxic,https://news.detik.com/kolom/d-7341150/menyambut-pemerintahan-baru-tanpa-orang-orang-toxic,"
Rabu, 15 Mei  2024 13:42 WIB "
Hal Ini yang Bikin Kejagung Periksa Sandra Dewi Kedua Kalinya,https://news.detik.com/berita/d-7341051/hal-ini-yang-bikin-kejagung-periksa-sandra-dewi-kedua-kalinya,"
Rabu, 15 Mei  2024 13:08 WIB "
"Tangan Diborgol, Crazy Rich Helena Lim Diperiksa Kejagung soal Aset Disita",https://news.detik.com/berita/d-7340860/tangan-diborgol-crazy-rich-helena-lim-diperiksa-kejagung-soal-aset-disita,"
Rabu, 15 Mei  2024 11:48 WIB "
Tak Ada Senyum dan Love Sign Sandra Dewi Saat Diperiksa Kejagung Kali Ini,https://news.detik.com/berita/d-7340658/tak-ada-senyum-dan-love-sign-sandra-dewi-saat-diperiksa-kejagung-kali-ini,"
Rabu, 15 Mei  2024 09:59 WIB "
"Sandra Dewi Diam-diam Penuhi Panggilan Kejagung, Sudah di Ruang Pemeriksaan",https://news.detik.com/berita/d-7340590/sandra-dewi-diam-diam-penuhi-panggilan-kejagung-sudah-di-ruang-pemeriksaan,"
Rabu, 15 Mei  2024 09:16 WIB "
Tersangka Korupsi Timah Helena Lim Diperiksa Terkait Penyitaan Aset Hari Ini,https://news.detik.com/berita/d-7340530/tersangka-korupsi-timah-helena-lim-diperiksa-terkait-penyitaan-aset-hari-ini,"
Rabu, 15 Mei  2024 08:25 WIB "
Sandra Dewi Janji Penuhi Panggilan Kejagung Hari Ini,https://news.detik.com/berita/d-7340526/sandra-dewi-janji-penuhi-panggilan-kejagung-hari-ini,"
Rabu, 15 Mei  2024 08:17 WIB "
Sandra Dewi Dipanggil Kejagung Lagi Hari Ini Terkait Kasus Timah,https://news.detik.com/berita/d-7340460/sandra-dewi-dipanggil-kejagung-lagi-hari-ini-terkait-kasus-timah,"
Rabu, 15 Mei  2024 07:12 WIB "
"21 Tersangka Dijerat di Kasus Korupsi Timah, Akankah Bertambah?",https://news.detik.com/berita/d-7337417/21-tersangka-dijerat-di-kasus-korupsi-timah-akankah-bertambah,"
Senin, 13 Mei  2024 14:11 WIB "
"Jaksa Agung Buka Pameran Lukisan Tema Alam, Ingin Kejaksaan Lebih Humanis",https://news.detik.com/berita/d-7323672/jaksa-agung-buka-pameran-lukisan-tema-alam-ingin-kejaksaan-lebih-humanis,"
Jumat, 03 Mei  2024 19:58 WIB "
Sriwijaya Air Angkat Bicara Usai Pendirinya Terjerat Kasus Korupsi Timah,https://news.detik.com/berita/d-7320835/sriwijaya-air-angkat-bicara-usai-pendirinya-terjerat-kasus-korupsi-timah,"
Kamis, 02 Mei  2024 12:25 WIB "
Kejagung Didukung Aktivis Masukkan Kerusakan Lingkungan Jadi Kerugian Negara,https://news.detik.com/berita/d-7320757/kejagung-didukung-aktivis-masukkan-kerusakan-lingkungan-jadi-kerugian-negara,"
Kamis, 02 Mei  2024 11:57 WIB "
Kejagung Segera Panggil Lagi Hendry Lie Tersangka Baru Kasus Timah,https://news.detik.com/berita/d-7315770/kejagung-segera-panggil-lagi-hendry-lie-tersangka-baru-kasus-timah,"
Senin, 29 Apr 2024 12:23 WIB "
Tersangka Baru Kasus Timah: Hendry Lie-Fandy Lie dan Trio Kadis di Babel,https://news.detik.com/berita/d-7315675/tersangka-baru-kasus-timah-hendry-lie-fandy-lie-dan-trio-kadis-di-babel,"
Senin, 29 Apr 2024 11:45 WIB "
'Koleksi' Sitaan Jaksa dari Harvey Moeis Bertambah Ferrari dan Mercy,https://news.detik.com/berita/d-7312968/koleksi-sitaan-jaksa-dari-harvey-moeis-bertambah-ferrari-dan-mercy,"
Sabtu, 27 Apr 2024 06:02 WIB "
Kejagung Ungkap Peran 5 Tersangka Baru Kasus Korupsi Komoditas Timah,https://news.detik.com/berita/d-7312822/kejagung-ungkap-peran-5-tersangka-baru-kasus-korupsi-komoditas-timah,"
Jumat, 26 Apr 2024 22:18 WIB "
"Kejagung Tetapkan 5 Tersangka Baru Kasus Timah, 3 Langsung Ditahan",https://news.detik.com/berita/d-7312741/kejagung-tetapkan-5-tersangka-baru-kasus-timah-3-langsung-ditahan,"
Jumat, 26 Apr 2024 21:15 WIB "
Penampakan 2 Ferrari dan 1 Mercy Harvey Moeis yang Disita Kejagung,https://news.detik.com/berita/d-7311852/penampakan-2-ferrari-dan-1-mercy-harvey-moeis-yang-disita-kejagung,"
Jumat, 26 Apr 2024 13:47 WIB "
2 Ferrari dan 1 Mercedes-Benz Harvey Moeis Disita Kejagung,https://news.detik.com/berita/d-7311556/2-ferrari-dan-1-mercedes-benz-harvey-moeis-disita-kejagung,"
Jumat, 26 Apr 2024 11:08 WIB "
Kejagung Didukung Terus Sita Aset di Kasus Korupsi Timah,https://news.detik.com/berita/d-7307334/kejagung-didukung-terus-sita-aset-di-kasus-korupsi-timah,"
Selasa, 23 Apr 2024 23:25 WIB "
Kejagung Pastikan Penyitaan Smelter Tak Ganggu Pendapatan Negara,https://news.detik.com/berita/d-7307001/kejagung-pastikan-penyitaan-smelter-tak-ganggu-pendapatan-negara,"
Selasa, 23 Apr 2024 18:30 WIB "
Alasan Kejagung Tetap Kelola 5 Smelter yang Disita: Supaya Nilai Tidak Turun,https://news.detik.com/berita/d-7306834/alasan-kejagung-tetap-kelola-5-smelter-yang-disita-supaya-nilai-tidak-turun,"
Selasa, 23 Apr 2024 17:33 WIB "
Kejagung: 5 Smelter yang Disita Terkait Kasus Korupsi Akan Dikelola PT Timah,https://news.detik.com/berita/d-7306659/kejagung-5-smelter-yang-disita-terkait-kasus-korupsi-akan-dikelola-pt-timah,"
Selasa, 23 Apr 2024 16:25 WIB "
5 Smelter Terkait Kasus Timah di Babel Disita Jaksa tapi Tetap Dikelola,https://news.detik.com/berita/d-7306520/5-smelter-terkait-kasus-timah-di-babel-disita-jaksa-tapi-tetap-dikelola,"
Selasa, 23 Apr 2024 15:51 WIB "
Menelisik Kerusakan Lingkungan Akibat Tambang Timah,https://news.detik.com/kolom/d-7304555/menelisik-kerusakan-lingkungan-akibat-tambang-timah,"
Senin, 22 Apr 2024 17:00 WIB "
PT RBT Disita Kejagung Terkait Kasus Korupsi Timah,https://news.detik.com/berita/d-7304610/pt-rbt-disita-kejagung-terkait-kasus-korupsi-timah,"
Senin, 22 Apr 2024 15:45 WIB "
"Kejagung Sita Ekskavator, Buldoser, hingga 4 Smelter di Kasus Korupsi Timah",https://news.detik.com/berita/d-7302840/kejagung-sita-ekskavator-buldoser-hingga-4-smelter-di-kasus-korupsi-timah,"
Minggu, 21 Apr 2024 14:37 WIB "
Daftar Tunggangan Mewah Terkini yang Disita Jaksa dari Harvey Moeis,https://news.detik.com/berita/d-7302647/daftar-tunggangan-mewah-terkini-yang-disita-jaksa-dari-harvey-moeis,"
Minggu, 21 Apr 2024 11:43 WIB "
Tunggangan Mewah Terus Disita saat Harvey Moeis Kian Lama Ditahan,https://news.detik.com/berita/d-7302409/tunggangan-mewah-terus-disita-saat-harvey-moeis-kian-lama-ditahan,"
Minggu, 21 Apr 2024 08:02 WIB "
Penahanan Harvey Moeis di Kasus Korupsi Timah Diperpanjang 40 Hari,https://news.detik.com/berita/d-7301799/penahanan-harvey-moeis-di-kasus-korupsi-timah-diperpanjang-40-hari,"
Sabtu, 20 Apr 2024 15:52 WIB "
Daftar Tunggangan Mewah Harvey Moeis yang Disita Kejagung Sejauh Ini,https://news.detik.com/berita/d-7301530/daftar-tunggangan-mewah-harvey-moeis-yang-disita-kejagung-sejauh-ini,"
Sabtu, 20 Apr 2024 12:02 WIB "
"Selain Lexus Harvey Moeis, Kejagung Sita Mercy Tersangka Korupsi Timah",https://news.detik.com/berita/d-7301323/selain-lexus-harvey-moeis-kejagung-sita-mercy-tersangka-korupsi-timah,"
Sabtu, 20 Apr 2024 08:23 WIB "
Giliran Jet Pribadi Harvey Moeis Ditelusuri Usai Mobil Mewah Disita,https://news.detik.com/berita/d-7301140/giliran-jet-pribadi-harvey-moeis-ditelusuri-usai-mobil-mewah-disita,"
Jumat, 19 Apr 2024 22:02 WIB "
Kejagung Telusuri Jet Pribadi Terkait Harvey Moeis,https://news.detik.com/berita/d-7300149/kejagung-telusuri-jet-pribadi-terkait-harvey-moeis,"
Jumat, 19 Apr 2024 14:38 WIB "
Vellfire dan Lexus Milik Harvey Moeis Disita Kejagung!,https://news.detik.com/berita/d-7300089/vellfire-dan-lexus-milik-harvey-moeis-disita-kejagung,"
Jumat, 19 Apr 2024 14:11 WIB "
"Ramai Rp 271 T di Kasus Timah, Jaksa Agung Bicara soal Kerugian Perekonomian",https://news.detik.com/berita/d-7285946/ramai-rp-271-t-di-kasus-timah-jaksa-agung-bicara-soal-kerugian-perekonomian,"
Selasa, 09 Apr 2024 11:38 WIB "
"Harvey Moeis Menepis, Sitaan Keping Emas dan Rp 76 M Bukan dari Rumahnya",https://news.detik.com/berita/d-7284600/harvey-moeis-menepis-sitaan-keping-emas-dan-rp-76-m-bukan-dari-rumahnya,"
Senin, 08 Apr 2024 13:06 WIB "
Jeratan Baru bagi Harvey Moeis dari Korupsi hingga Pencucian Uang,https://news.detik.com/berita/d-7279481/jeratan-baru-bagi-harvey-moeis-dari-korupsi-hingga-pencucian-uang,"
Jumat, 05 Apr 2024 09:07 WIB "
3 Hal yang Digali Jaksa saat Periksa Sandra Dewi Jadi Saksi,https://news.detik.com/berita/d-7279473/3-hal-yang-digali-jaksa-saat-periksa-sandra-dewi-jadi-saksi,"
Jumat, 05 Apr 2024 09:01 WIB "
Love Sign hingga Senyuman Sandra Dewi Saat Diperiksa Kejaksaan,https://news.detik.com/berita/d-7279116/love-sign-hingga-senyuman-sandra-dewi-saat-diperiksa-kejaksaan,"
Kamis, 04 Apr 2024 21:03 WIB "
Wapres Ma'ruf soal Kasus Timah: Tambang-tambang Lain Perlu Diawasi Juga,https://news.detik.com/berita/d-7278506/wapres-maruf-soal-kasus-timah-tambang-tambang-lain-perlu-diawasi-juga,"
Kamis, 04 Apr 2024 15:52 WIB "
Momen Sandra Dewi Berhadapan dengan Penyidik di Ruang Pemeriksaan Kejagung,https://news.detik.com/berita/d-7278456/momen-sandra-dewi-berhadapan-dengan-penyidik-di-ruang-pemeriksaan-kejagung,"
Kamis, 04 Apr 2024 15:27 WIB "
"Sandra Dewi di Kejagung: Love Sign saat Datang, Katupkan Tangan Waktu Pulang",https://news.detik.com/berita/d-7278420/sandra-dewi-di-kejagung-love-sign-saat-datang-katupkan-tangan-waktu-pulang,"
Kamis, 04 Apr 2024 15:08 WIB "
"Tinggalkan Kejagung Usai Diperiksa Jadi Saksi, Sandra Dewi Naik MPV",https://news.detik.com/berita/d-7278392/tinggalkan-kejagung-usai-diperiksa-jadi-saksi-sandra-dewi-naik-mpv,"
Kamis, 04 Apr 2024 15:01 WIB "
Sandra Dewi Tebar Senyum Lagi Usai Diperiksa Kejagung: Doain Aja Ya,https://news.detik.com/berita/d-7278294/sandra-dewi-tebar-senyum-lagi-usai-diperiksa-kejagung-doain-aja-ya,"
Kamis, 04 Apr 2024 14:30 WIB "
Kejagung Tegaskan Tak Pernah Sebut '2 Nama Artis Terkait Kasus Timah',https://news.detik.com/berita/d-7278283/kejagung-tegaskan-tak-pernah-sebut-2-nama-artis-terkait-kasus-timah,"
Kamis, 04 Apr 2024 14:25 WIB "
Ternyata Kejagung Periksa Sandra Dewi soal Rekening yang Diblokir,https://news.detik.com/berita/d-7278100/ternyata-kejagung-periksa-sandra-dewi-soal-rekening-yang-diblokir,"
Kamis, 04 Apr 2024 13:32 WIB "
Harvey Moeis Suami Sandra Dewi Juga Dijerat Jadi Tersangka Pencucian Uang,https://news.detik.com/berita/d-7278008/harvey-moeis-suami-sandra-dewi-juga-dijerat-jadi-tersangka-pencucian-uang,"
Kamis, 04 Apr 2024 13:09 WIB "
Love Sign Sandra Dewi Sebelum Diperiksa di Kejagung Jadi Saksi,https://news.detik.com/berita/d-7278006/love-sign-sandra-dewi-sebelum-diperiksa-di-kejagung-jadi-saksi,"
Kamis, 04 Apr 2024 13:08 WIB "
Potret Sandra Dewi Lambaikan Tangan dan Tebar Senyum di Kejagung,https://news.detik.com/berita/d-7277578/potret-sandra-dewi-lambaikan-tangan-dan-tebar-senyum-di-kejagung,"
Kamis, 04 Apr 2024 09:56 WIB "
Sandra Dewi Diperiksa Jadi Saksi Kasus Timah: Doain Ya,https://news.detik.com/berita/d-7277569/sandra-dewi-diperiksa-jadi-saksi-kasus-timah-doain-ya,"
Kamis, 04 Apr 2024 09:47 WIB "
"Tiba di Kejagung, Sandra Dewi Tebar Senyuman",https://news.detik.com/berita/d-7277551/tiba-di-kejagung-sandra-dewi-tebar-senyuman,"
Kamis, 04 Apr 2024 09:35 WIB "
Sandra Dewi Diperiksa Jadi Saksi Kasus Timah di Kejagung,https://news.detik.com/berita/d-7277546/sandra-dewi-diperiksa-jadi-saksi-kasus-timah-di-kejagung,"
Kamis, 04 Apr 2024 09:32 WIB "
Eks Penyidik Sentil KPK soal Koruptor Belajar OTT: Harusnya Introspeksi,https://news.detik.com/berita/d-7276204/eks-penyidik-sentil-kpk-soal-koruptor-belajar-ott-harusnya-introspeksi,"
Rabu, 03 Apr 2024 14:49 WIB "
Mencari Jalan Baru untuk Lindungi Penerimaan Negara,https://news.detik.com/kolom/d-7276039/mencari-jalan-baru-untuk-lindungi-penerimaan-negara,"
Rabu, 03 Apr 2024 13:48 WIB "
KAMSRI Babel Apresiasi Kejagung Bongkar Skandal Korupsi Timah,https://news.detik.com/berita/d-7275145/kamsri-babel-apresiasi-kejagung-bongkar-skandal-korupsi-timah,"
Rabu, 03 Apr 2024 00:22 WIB "
Jaksa Gandeng Ahli Cek Keaslian Barang dari Penggeledahan Rumah Harvey Moeis,https://news.detik.com/berita/d-7274338/jaksa-gandeng-ahli-cek-keaslian-barang-dari-penggeledahan-rumah-harvey-moeis,"
Selasa, 02 Apr 2024 15:57 WIB "
Penampakan Mewahnya Rumah Harvey Moeis Saat Digeledah Kejagung,https://news.detik.com/berita/d-7273844/penampakan-mewahnya-rumah-harvey-moeis-saat-digeledah-kejagung,"
Selasa, 02 Apr 2024 12:44 WIB "
Ini Potret MINI Cooper Harvey Moeis yang Disita Kejagung,https://news.detik.com/berita/d-7273707/ini-potret-mini-cooper-harvey-moeis-yang-disita-kejagung,"
Selasa, 02 Apr 2024 11:54 WIB "
Intip Jeroan Rolls-Royce Kado Ultah Sandra Dewi yang Kini Disita Jaksa,https://news.detik.com/berita/d-7273322/intip-jeroan-rolls-royce-kado-ultah-sandra-dewi-yang-kini-disita-jaksa,"
Selasa, 02 Apr 2024 08:08 WIB "
Rolls-Royce Kado Ultah Sandra Dewi dan MINI Cooper Jadi Sitaan Jaksa,https://news.detik.com/berita/d-7273303/rolls-royce-kado-ultah-sandra-dewi-dan-mini-cooper-jadi-sitaan-jaksa,"
Selasa, 02 Apr 2024 07:26 WIB "
Fakta Terkini Harvey Moeis yang Rumahnya Digeledah Jaksa,https://news.detik.com/berita/d-7273237/fakta-terkini-harvey-moeis-yang-rumahnya-digeledah-jaksa,"
Selasa, 02 Apr 2024 04:40 WIB "
"Diperiksa Jaksa 13 Jam soal Korupsi Timah, Ini Kata Robert Bonosusatya",https://news.detik.com/berita/d-7273187/diperiksa-jaksa-13-jam-soal-korupsi-timah-ini-kata-robert-bonosusatya,"
Selasa, 02 Apr 2024 01:18 WIB "
"Selain Rolls-Royce, MINI Cooper Harvey Moeis Juga Disita Jaksa",https://news.detik.com/berita/d-7273171/selain-rolls-royce-mini-cooper-harvey-moeis-juga-disita-jaksa,"
Selasa, 02 Apr 2024 00:05 WIB "
Kado Rolls-Royce dari Harvey Moeis ke Sandra Dewi Disita Kejagung!,https://news.detik.com/berita/d-7273159/kado-rolls-royce-dari-harvey-moeis-ke-sandra-dewi-disita-kejagung,"
Senin, 01 Apr 2024 23:53 WIB "
Robert Bonosusatya Selesai Diperiksa Kejagung Terkait Kasus Korupsi Timah,https://news.detik.com/berita/d-7273126/robert-bonosusatya-selesai-diperiksa-kejagung-terkait-kasus-korupsi-timah,"
Senin, 01 Apr 2024 23:17 WIB "
Kejagung Jelaskan soal Sita Keping Emas 1 Kg dan Rp 101 M di Kasus Timah,https://news.detik.com/berita/d-7272949/kejagung-jelaskan-soal-sita-keping-emas-1-kg-dan-rp-101-m-di-kasus-timah,"
Senin, 01 Apr 2024 20:19 WIB "
Akan Ada Tersangka Lagi Setelah Harvey Moeis? Ini Kata Kejagung,https://news.detik.com/berita/d-7272764/akan-ada-tersangka-lagi-setelah-harvey-moeis-ini-kata-kejagung,"
Senin, 01 Apr 2024 18:21 WIB "
"Dicecar Legislator soal Korupsi Timah Libatkan Harvey Moeis, Ini Kata Bahlil",https://news.detik.com/berita/d-7272733/dicecar-legislator-soal-korupsi-timah-libatkan-harvey-moeis-ini-kata-bahlil,"
Senin, 01 Apr 2024 17:59 WIB "
Kejagung Blokir Rekening Harvey Moeis Terkait Kasus Korupsi Timah,https://news.detik.com/berita/d-7272713/kejagung-blokir-rekening-harvey-moeis-terkait-kasus-korupsi-timah,"
Senin, 01 Apr 2024 17:52 WIB "
Jaksa Usut Kaitan Jet Harvey Moeis dan Rumah Helena Lim dengan Kasus Timah,https://news.detik.com/berita/d-7272664/jaksa-usut-kaitan-jet-harvey-moeis-dan-rumah-helena-lim-dengan-kasus-timah,"
Senin, 01 Apr 2024 17:32 WIB "
Kejagung: Helena Lim Sudah Kita Sangkakan dalam Tindak Pencucian Uang,https://news.detik.com/berita/d-7272601/kejagung-helena-lim-sudah-kita-sangkakan-dalam-tindak-pencucian-uang,"
Senin, 01 Apr 2024 17:12 WIB "
"Periksa Robert Bonosusatya di Kasus Timah, Kejagung Klarifikasi soal PT RBT",https://news.detik.com/berita/d-7272510/periksa-robert-bonosusatya-di-kasus-timah-kejagung-klarifikasi-soal-pt-rbt,"
Senin, 01 Apr 2024 16:41 WIB "
Kejagung Periksa Robert Bonosusatya di Kasus Korupsi Timah,https://news.detik.com/berita/d-7272231/kejagung-periksa-robert-bonosusatya-di-kasus-korupsi-timah,"
Senin, 01 Apr 2024 14:54 WIB "
Kediaman Harvey Moeis di Pakubuwono Digeledah Kejagung!,https://news.detik.com/berita/d-7272205/kediaman-harvey-moeis-di-pakubuwono-digeledah-kejagung,"
Senin, 01 Apr 2024 14:48 WIB "
Memahami Kasus Korupsi Timah yang Timbulkan Kerugian Lingkungan Rp 271 T,https://news.detik.com/berita/d-7271875/memahami-kasus-korupsi-timah-yang-timbulkan-kerugian-lingkungan-rp-271-t,"
Senin, 01 Apr 2024 12:57 WIB "
Tentang Rompi Tahanan Pink yang Dipakai Helena Lim dan Harvey Moeis,https://news.detik.com/berita/d-7271352/tentang-rompi-tahanan-pink-yang-dipakai-helena-lim-dan-harvey-moeis,"
Senin, 01 Apr 2024 06:35 WIB "
"Daftar Panjang 16 Tersangka Kasus Timah, Termasuk Helena Lim-Harvey Moeis",https://news.detik.com/berita/d-7270350/daftar-panjang-16-tersangka-kasus-timah-termasuk-helena-lim-harvey-moeis,"
Minggu, 31 Mar 2024 11:39 WIB "
"Harvey Moeis Dijerat Pasal Tipikor, Ancaman Hukuman Maksimal Bui Seumur Hidup",https://news.detik.com/berita/d-7270287/harvey-moeis-dijerat-pasal-tipikor-ancaman-hukuman-maksimal-bui-seumur-hidup,"
Minggu, 31 Mar 2024 10:53 WIB "
Kenapa Helena Lim-Harvey Moeis Pakai Rompi Pink Saat Ditahan? Ini Aturannya,https://news.detik.com/berita/d-7270202/kenapa-helena-lim-harvey-moeis-pakai-rompi-pink-saat-ditahan-ini-aturannya,"
Minggu, 31 Mar 2024 09:23 WIB "
4 Hal Tentang Kerugian Lingkungan Kasus Timah Rp 271 T Belum Final,https://news.detik.com/berita/d-7268814/4-hal-tentang-kerugian-lingkungan-kasus-timah-rp-271-t-belum-final,"
Sabtu, 30 Mar 2024 06:04 WIB "
Harvey Moeis di Balik Jeruji tapi Belum Bisa Dijenguk Sandra Dewi,https://news.detik.com/berita/d-7268781/harvey-moeis-di-balik-jeruji-tapi-belum-bisa-dijenguk-sandra-dewi,"
Sabtu, 30 Mar 2024 03:04 WIB "
Kejagung Tunggu Formulasi BPKP soal Kerugian Lingkungan Kasus Timah Rp 271 T,https://news.detik.com/berita/d-7268126/kejagung-tunggu-formulasi-bpkp-soal-kerugian-lingkungan-kasus-timah-rp-271-t,"
Jumat, 29 Mar 2024 15:47 WIB "
Aturan Ini Jadi Rujukan Ahli IPB Hitung Kerugian Lingkungan Kasus Timah,https://news.detik.com/berita/d-7267891/aturan-ini-jadi-rujukan-ahli-ipb-hitung-kerugian-lingkungan-kasus-timah,"
Jumat, 29 Mar 2024 14:04 WIB "
"Kerugian Lingkungan Kasus Timah Rp 271 T dari Ahli IPB, Ini Hitungannya",https://news.detik.com/berita/d-7267633/kerugian-lingkungan-kasus-timah-rp-271-t-dari-ahli-ipb-ini-hitungannya,"
Jumat, 29 Mar 2024 11:03 WIB "
Sandra Dewi Belum Boleh Jenguk Harvey Moeis yang Ditahan Kejagung,https://news.detik.com/berita/d-7267442/sandra-dewi-belum-boleh-jenguk-harvey-moeis-yang-ditahan-kejagung,"
Jumat, 29 Mar 2024 07:46 WIB "
6 Hal soal Kasus Timah Diusut Jaksa Usai Harvey Moeis Jadi Tersangka,https://news.detik.com/berita/d-7267425/6-hal-soal-kasus-timah-diusut-jaksa-usai-harvey-moeis-jadi-tersangka,"
Jumat, 29 Mar 2024 06:47 WIB "
Sandra Dewi Dipanggil Terkait Kasus Harvey Moeis? Ini Kata Kejagung,https://news.detik.com/berita/d-7267418/sandra-dewi-dipanggil-terkait-kasus-harvey-moeis-ini-kata-kejagung,"
Jumat, 29 Mar 2024 06:00 WIB "
Dugaan Kerugian Lingkungan Kasus Timah Seret Suami Sandra Dewi Capai Rp 271 T,https://news.detik.com/berita/d-7265871/dugaan-kerugian-lingkungan-kasus-timah-seret-suami-sandra-dewi-capai-rp-271-t,"
Kamis, 28 Mar 2024 11:40 WIB "
Detik-detik Suami Sandra Dewi Ditahan Terkait Kasus Tambang Timah,https://news.detik.com/berita/d-7265555/detik-detik-suami-sandra-dewi-ditahan-terkait-kasus-tambang-timah,"
Kamis, 28 Mar 2024 08:00 WIB "
5 Fakta Harvey Moeis Suami Sandra Dewi Tersangka Korupsi Komoditas Timah,https://news.detik.com/berita/d-7265532/5-fakta-harvey-moeis-suami-sandra-dewi-tersangka-korupsi-komoditas-timah,"
Kamis, 28 Mar 2024 07:31 WIB "
Tentang Brankas Perhiasan dan Duit Miliaran Sebelum Helena Lim Ditahan,https://news.detik.com/berita/d-7265531/tentang-brankas-perhiasan-dan-duit-miliaran-sebelum-helena-lim-ditahan,"
Kamis, 28 Mar 2024 07:20 WIB "
"Jadi Tersangka Kejagung, Harvey Moeis Ditahan di Rutan Salemba",https://news.detik.com/berita/d-7265379/jadi-tersangka-kejagung-harvey-moeis-ditahan-di-rutan-salemba,"
Kamis, 28 Mar 2024 00:31 WIB "
Kejagung Jelaskan Kaitan Harvey Moeis dengan Helena Lim di Kasus Timah,https://news.detik.com/berita/d-7265364/kejagung-jelaskan-kaitan-harvey-moeis-dengan-helena-lim-di-kasus-timah,"
Rabu, 27 Mar 2024 23:59 WIB "
Peran Harvey Moeis Suami Sandra Dewi Tersangka Korupsi Komoditas Timah,https://news.detik.com/berita/d-7265310/peran-harvey-moeis-suami-sandra-dewi-tersangka-korupsi-komoditas-timah,"
Rabu, 27 Mar 2024 22:30 WIB "
Kasus Ini yang Bikin Harvey Moeis Suami Sandra Dewi Ditahan Kejagung,https://news.detik.com/berita/d-7265304/kasus-ini-yang-bikin-harvey-moeis-suami-sandra-dewi-ditahan-kejagung,"
Rabu, 27 Mar 2024 22:20 WIB "
Momen Harvey Moeis Suami Sandra Dewi Digiring ke Mobil Tahanan Kejagung,https://news.detik.com/berita/d-7265277/momen-harvey-moeis-suami-sandra-dewi-digiring-ke-mobil-tahanan-kejagung,"
Rabu, 27 Mar 2024 21:59 WIB "
"Harvey Moeis Suami Sandra Dewi Tersangka Kejagung, Langsung Ditahan",https://news.detik.com/berita/d-7265246/harvey-moeis-suami-sandra-dewi-tersangka-kejagung-langsung-ditahan,"
Rabu, 27 Mar 2024 21:33 WIB "
Detik-detik Helena Lim Pakai Rompi Tahanan Pink dan Diborgol di Kejagung,https://news.detik.com/berita/d-7264281/detik-detik-helena-lim-pakai-rompi-tahanan-pink-dan-diborgol-di-kejagung,"
Rabu, 27 Mar 2024 14:06 WIB "
"Momen Jaksa Geledah Rumah Mewah Helena Lim, Ada Brankas Isi Perhiasan",https://news.detik.com/berita/d-7264182/momen-jaksa-geledah-rumah-mewah-helena-lim-ada-brankas-isi-perhiasan,"
Rabu, 27 Mar 2024 13:21 WIB "
Tumpukan Duit Rp 10 M Lebih Ini Disita Jaksa dari Crazy Rich Helena Lim,https://news.detik.com/berita/d-7264141/tumpukan-duit-rp-10-m-lebih-ini-disita-jaksa-dari-crazy-rich-helena-lim,"
Rabu, 27 Mar 2024 13:03 WIB "
Dalih Salurkan CSR Bikin Crazy Rich Helena Lim Dijerat Jadi Tersangka,https://news.detik.com/berita/d-7263542/dalih-salurkan-csr-bikin-crazy-rich-helena-lim-dijerat-jadi-tersangka,"
Rabu, 27 Mar 2024 07:51 WIB "
Sosok Helena Lim Tersangka Kejagung Dulu Viral Divaksin Covid Duluan,https://news.detik.com/berita/d-7263517/sosok-helena-lim-tersangka-kejagung-dulu-viral-divaksin-covid-duluan,"
Rabu, 27 Mar 2024 07:20 WIB "
Crazy Rich Helena Lim Tersangka Usai Duit Miliaran di Rumah Disita,https://news.detik.com/berita/d-7263497/crazy-rich-helena-lim-tersangka-usai-duit-miliaran-di-rumah-disita,"
Rabu, 27 Mar 2024 06:46 WIB "
Kejagung Periksa 142 Saksi di Kasus Korupsi Komoditas Timah,https://news.detik.com/berita/d-7263264/kejagung-periksa-142-saksi-di-kasus-korupsi-komoditas-timah,"
Selasa, 26 Mar 2024 21:41 WIB "
"Jadi Tersangka Korupsi Komoditas Timah, Helena Lim: Saya Nggak Salah",https://news.detik.com/berita/d-7263233/jadi-tersangka-korupsi-komoditas-timah-helena-lim-saya-nggak-salah,"
Selasa, 26 Mar 2024 21:20 WIB "
Kejagung Sita Rp 10 M dan Dolar Singapura Saat Geledah Kantor-Rumah Helena Lim,https://news.detik.com/berita/d-7263218/kejagung-sita-rp-10-m-dan-dolar-singapura-saat-geledah-kantor-rumah-helena-lim,"
Selasa, 26 Mar 2024 21:13 WIB "
"Jadi Tersangka Ke-15, Ini Peran Crazy Rich Helena Lim di Kasus Korupsi Timah",https://news.detik.com/berita/d-7263201/jadi-tersangka-ke-15-ini-peran-crazy-rich-helena-lim-di-kasus-korupsi-timah,"
Selasa, 26 Mar 2024 20:59 WIB "
Crazy Rich Helena Lim Tersangka Korupsi Komoditas Timah Ditahan 20 Hari,https://news.detik.com/berita/d-7263197/crazy-rich-helena-lim-tersangka-korupsi-komoditas-timah-ditahan-20-hari,"
Selasa, 26 Mar 2024 20:56 WIB "
Penampakan Crazy Rich Helena Lim Tersangka Komoditas Timah Ditahan Kejagung,https://news.detik.com/berita/d-7263155/penampakan-crazy-rich-helena-lim-tersangka-komoditas-timah-ditahan-kejagung,"
Selasa, 26 Mar 2024 20:22 WIB "
"Crazy Rich Helena Lim Jadi Tersangka di Kejagung, Langsung Ditahan",https://news.detik.com/berita/d-7263140/crazy-rich-helena-lim-jadi-tersangka-di-kejagung-langsung-ditahan,"
Selasa, 26 Mar 2024 20:08 WIB "
Kejagung Tetapkan Tersangka ke-14 Kasus Korupsi Komoditas Timah,https://news.detik.com/berita/d-7238687/kejagung-tetapkan-tersangka-ke-14-kasus-korupsi-komoditas-timah,"
Rabu, 13 Mar 2024 10:14 WIB "
Kejagung Sita Rp 33 Miliar di Kasus Korupsi Komoditas Timah,https://news.detik.com/berita/d-7233290/kejagung-sita-rp-33-miliar-di-kasus-korupsi-komoditas-timah,"
Sabtu, 09 Mar 2024 10:57 WIB "
Kejagung Disarankan Audit BPK soal Kerugian Lingkungan Rp 271 T Kasus Timah,https://news.detik.com/detiknews/d-7209459/kejagung-disarankan-audit-bpk-soal-kerugian-lingkungan-rp-271-t-kasus-timah,"
Sabtu, 24 Feb 2024 10:57 WIB "
Kejagung Akan Bentuk Satgas untuk Evaluasi Tata Kelola Penambangan Timah,https://news.detik.com/berita/d-7205454/kejagung-akan-bentuk-satgas-untuk-evaluasi-tata-kelola-penambangan-timah,"
Kamis, 22 Feb 2024 01:29 WIB "
Kejagung: Perusahaan Boneka Terkait Kasus Korupsi Timah Harus Stop Operasi,https://news.detik.com/berita/d-7205421/kejagung-perusahaan-boneka-terkait-kasus-korupsi-timah-harus-stop-operasi,"
Rabu, 21 Feb 2024 23:24 WIB "
Kejagung Tetapkan Tersangka Ke-13 Kasus Korupsi Komoditas Timah,https://news.detik.com/berita/d-7205241/kejagung-tetapkan-tersangka-ke-13-kasus-korupsi-komoditas-timah,"
Rabu, 21 Feb 2024 20:31 WIB "
Kejagung Usut Keterlibatan Pihak Lain di Dugaan Korupsi Komoditas Timah,https://news.detik.com/berita/d-7201622/kejagung-usut-keterlibatan-pihak-lain-di-dugaan-korupsi-komoditas-timah,"
Senin, 19 Feb 2024 22:31 WIB "
Korupsi Izin Tambang di Babel Timbulkan Kerugian Lingkungan Rp 271 T,https://news.detik.com/berita/d-7201484/korupsi-izin-tambang-di-babel-timbulkan-kerugian-lingkungan-rp-271-t,"
Senin, 19 Feb 2024 20:21 WIB "
Kejagung Tetapkan Tersangka Ke-11 Kasus Korupsi Komoditas Timah,https://news.detik.com/berita/d-7201332/kejagung-tetapkan-tersangka-ke-11-kasus-korupsi-komoditas-timah,"
Senin, 19 Feb 2024 18:52 WIB "
Kejagung Tetapkan 2 Tersangka Baru Kasus Korupsi Timah,https://news.detik.com/berita/d-7200538/kejagung-tetapkan-2-tersangka-baru-kasus-korupsi-timah,"
Senin, 19 Feb 2024 12:56 WIB "
Kejagung Tetapkan 5 Tersangka Baru Kasus Korupsi Komoditas Timah,https://news.detik.com/berita/d-7197397/kejagung-tetapkan-5-tersangka-baru-kasus-korupsi-komoditas-timah,"
Jumat, 16 Feb 2024 19:02 WIB "
Kejagung Usut Penebaran Ranjau Paku Saat Sita Bukti Kasus Korupsi Timah,https://news.detik.com/berita/d-7180823/kejagung-usut-penebaran-ranjau-paku-saat-sita-bukti-kasus-korupsi-timah,"
Selasa, 06 Feb 2024 19:59 WIB "
"Kejagung Tetapkan 2 Tersangka Kasus Korupsi Komoditas Timah, Sita Rp 83 M",https://news.detik.com/berita/d-7180669/kejagung-tetapkan-2-tersangka-kasus-korupsi-komoditas-timah-sita-rp-83-m,"
Selasa, 06 Feb 2024 18:36 WIB "
"Kasus Komoditas Timah, Kejagung Tetapkan 1 Tersangka Perintangan Penyidikan",https://news.detik.com/berita/d-7168045/kasus-komoditas-timah-kejagung-tetapkan-1-tersangka-perintangan-penyidikan,"
Selasa, 30 Jan 2024 15:20 WIB "
