title,url,date
Jabar Hari Ini: Pemotor Terkapar di Bandung-Warga Tutup Tol Padaleunyi,https://news.detik.com/berita-jawa-barat/d-4960338/jabar-hari-ini-pemotor-terkapar-di-bandung-warga-tutup-tol-padaleunyi,"
Selasa, 31 Mar 2020 20:21 WIB "
"Hujan Deras, Sejumlah Titik di Kota Bandung Terendam Banjir",https://news.detik.com/berita-jawa-barat/d-4958985/hujan-deras-sejumlah-titik-di-kota-bandung-terendam-banjir,"
Senin, 30 Mar 2020 20:50 WIB "
"Diduga Terseret Arus Saat BAB, Seorang Pria Tewas di Banjir Kanal Barat Jakbar",https://news.detik.com/berita/d-4957299/diduga-terseret-arus-saat-bab-seorang-pria-tewas-di-banjir-kanal-barat-jakbar,"
Minggu, 29 Mar 2020 13:58 WIB "
"BMKG: Waspada Potensi Cuaca Ekstrem, Masyarakat Diimbau Tetap Fit",https://news.detik.com/berita/d-4956800/bmkg-waspada-potensi-cuaca-ekstrem-masyarakat-diimbau-tetap-fit,"
Sabtu, 28 Mar 2020 18:20 WIB "
Kisah Keluarga yang Bertahan Sendirian di Tengah Desa yang Tenggelam,https://news.detik.com/bbc-world/d-4954860/kisah-keluarga-yang-bertahan-sendirian-di-tengah-desa-yang-tenggelam,"
Jumat, 27 Mar 2020 09:07 WIB "
"Pesisir Indonesia Terancam Tenggelam, Puluhan Juta Jiwa Akan Terdampak",https://news.detik.com/bbc-world/d-4953609/pesisir-indonesia-terancam-tenggelam-puluhan-juta-jiwa-akan-terdampak,"
Kamis, 26 Mar 2020 11:04 WIB "
Banjir Kecaman Tes Corona 2.000 Anggota DPR dan Keluarga,https://news.detik.com/berita/d-4951007/banjir-kecaman-tes-corona-2-000-anggota-dpr-dan-keluarga,"
Selasa, 24 Mar 2020 09:53 WIB "
Komisi A DPRD Sebut Pemprov DKI Setuju Anggarkan Rp 183 M untuk Corona,https://news.detik.com/berita/d-4950586/komisi-a-dprd-sebut-pemprov-dki-setuju-anggarkan-rp-183-m-untuk-corona,"
Senin, 23 Mar 2020 19:43 WIB "
"Hujan Deras, Perumahan di Kalideres Jakbar Banjir 40 Cm",https://news.detik.com/berita/d-4948728/hujan-deras-perumahan-di-kalideres-jakbar-banjir-40-cm,"
Minggu, 22 Mar 2020 10:47 WIB "
"Curah Hujan Tinggi, 7 RW di Jakarta Terendam Banjir",https://news.detik.com/berita/d-4947337/curah-hujan-tinggi-7-rw-di-jakarta-terendam-banjir,"
Jumat, 20 Mar 2020 17:06 WIB "
Kementan Pastikan Bantuan Benih Padi untuk Petani Indramayu,https://news.detik.com/berita/d-4947169/kementan-pastikan-bantuan-benih-padi-untuk-petani-indramayu,"
Jumat, 20 Mar 2020 15:35 WIB "
"Tenggelam 3 Hari Lalu Saat Berenang di KBB, Remaja Ditemukan Tewas",https://news.detik.com/berita/d-4943687/tenggelam-3-hari-lalu-saat-berenang-di-kbb-remaja-ditemukan-tewas,"
Rabu, 18 Mar 2020 10:36 WIB "
"Hujan Deras, Sejumlah Desa di Pesawaran Lampung Banjir",https://news.detik.com/berita/d-4941880/hujan-deras-sejumlah-desa-di-pesawaran-lampung-banjir,"
Selasa, 17 Mar 2020 01:48 WIB "
"Curah Hujan di Jakarta-Maluku Meningkat, Warga Diminta Waspadai Banjir",https://news.detik.com/berita/d-4941764/curah-hujan-di-jakarta-maluku-meningkat-warga-diminta-waspadai-banjir,"
Senin, 16 Mar 2020 21:08 WIB "
Survei Cyrus: Ahok Jadi Gubernur DKI Paling Baik dalam Penanganan Banjir,https://news.detik.com/berita/d-4938011/survei-cyrus-ahok-jadi-gubernur-dki-paling-baik-dalam-penanganan-banjir,"
Jumat, 13 Mar 2020 17:05 WIB "
F-PD DPRD DKI Minta Data KRL Riskan Terkontaminasi Corona Ditindaklanjuti,https://news.detik.com/berita/d-4935606/f-pd-dprd-dki-minta-data-krl-riskan-terkontaminasi-corona-ditindaklanjuti,"
Kamis, 12 Mar 2020 11:14 WIB "
Walkot Hendi Ngadu ke Ganjar Pranowo soal Kemacetan Kota Semarang,https://news.detik.com/berita/d-4935331/walkot-hendi-ngadu-ke-ganjar-pranowo-soal-kemacetan-kota-semarang,"
Rabu, 11 Mar 2020 23:08 WIB "
Cawagub Riza Harap Anies Kurangi Percantik Trotoar 3 Tahun Terakhir,https://news.detik.com/berita/d-4934930/cawagub-riza-harap-anies-kurangi-percantik-trotoar-3-tahun-terakhir,"
Rabu, 11 Mar 2020 17:57 WIB "
Ratusan Korban Banjir Bersatu Gugat Anies Baswedan,https://news.detik.com/berita/d-4933679/ratusan-korban-banjir-bersatu-gugat-anies-baswedan,"
Selasa, 10 Mar 2020 22:33 WIB "
Jumlah Korban Banjir yang Gugat Anies Bertambah Jadi 312 Orang,https://news.detik.com/berita/d-4932749/jumlah-korban-banjir-yang-gugat-anies-bertambah-jadi-312-orang,"
Selasa, 10 Mar 2020 13:40 WIB "
"Hakim Sakit, Sidang Putusan Sela Gugatan Korban Banjir Vs Anies Ditunda",https://news.detik.com/berita/d-4932674/hakim-sakit-sidang-putusan-sela-gugatan-korban-banjir-vs-anies-ditunda,"
Selasa, 10 Mar 2020 12:56 WIB "
Tinjau Ulang Pembangunan Infrastruktur Transportasi,https://news.detik.com/kolom/d-4932516/tinjau-ulang-pembangunan-infrastruktur-transportasi,"
Selasa, 10 Mar 2020 11:43 WIB "
M Taufik: Kalau Mau Jatuhkan Anies Lewat Pansus Banjir Sebaiknya Belajar Dulu,https://news.detik.com/berita/d-4931863/m-taufik-kalau-mau-jatuhkan-anies-lewat-pansus-banjir-sebaiknya-belajar-dulu,"
Senin, 09 Mar 2020 19:09 WIB "
"Sempat Menolak, PKS DKI Akhirnya Kirim Perwakilan di Pansus Banjir",https://news.detik.com/berita/d-4931292/sempat-menolak-pks-dki-akhirnya-kirim-perwakilan-di-pansus-banjir,"
Senin, 09 Mar 2020 15:08 WIB "
Menanti Tandem Anies di DKI dan Pesan Jangan Baperan Sandi,https://news.detik.com/berita/d-4929778/menanti-tandem-anies-di-dki-dan-pesan-jangan-baperan-sandi,"
Sabtu, 07 Mar 2020 20:37 WIB "
Sandiaga Harap Wagub DKI Segera Terpilih: Sudah Menunggu Terlalu Lama,https://news.detik.com/berita/d-4929439/sandiaga-harap-wagub-dki-segera-terpilih-sudah-menunggu-terlalu-lama,"
Sabtu, 07 Mar 2020 13:51 WIB "
"Perkuat Sinergi Aksi Kemanusiaan, CT ARSA Foundation Silaturahim dengan PMI",https://news.detik.com/berita/d-4929254/perkuat-sinergi-aksi-kemanusiaan-ct-arsa-foundation-silaturahim-dengan-pmi,"
Sabtu, 07 Mar 2020 10:50 WIB "
Adu Jurus Antibanjir Dua Cawagub DKI,https://news.detik.com/berita/d-4929201/adu-jurus-antibanjir-dua-cawagub-dki,"
Sabtu, 07 Mar 2020 09:26 WIB "
PAN soal Usulan Solusi Banjir 2 Cawagub DKI: Giant Sea Wall Komprehensif,https://news.detik.com/berita/d-4929146/pan-soal-usulan-solusi-banjir-2-cawagub-dki-giant-sea-wall-komprehensif,"
Sabtu, 07 Mar 2020 08:20 WIB "
PDIP: Usulan Solusi Banjir 2 Cawagub DKI Bisa Dikolaborasi,https://news.detik.com/berita/d-4929117/pdip-usulan-solusi-banjir-2-cawagub-dki-bisa-dikolaborasi,"
Sabtu, 07 Mar 2020 07:46 WIB "
"Solusi Banjir DKI, Nurmansjah Akan Modifikasi Program Foke dan Jokowi-Ahok",https://news.detik.com/berita/d-4928367/solusi-banjir-dki-nurmansjah-akan-modifikasi-program-foke-dan-jokowi-ahok,"
Jumat, 06 Mar 2020 17:09 WIB "
Pemprov DKI Rancang MoU dengan PUPR Agar Bisa Keruk Ciliwung,https://news.detik.com/berita/d-4928340/pemprov-dki-rancang-mou-dengan-pupr-agar-bisa-keruk-ciliwung,"
Jumat, 06 Mar 2020 16:55 WIB "
Cawagub DKI Riza Patria Usul Penambahan RTH-Pompa Solusi Banjir Jakarta,https://news.detik.com/berita/d-4928246/cawagub-dki-riza-patria-usul-penambahan-rth-pompa-solusi-banjir-jakarta,"
Jumat, 06 Mar 2020 16:04 WIB "
Jatim Hari Ini: Awkarin Datangi Polda Jawa Timur-Semeru Muntahkan Lava Pijar,https://news.detik.com/berita-jawa-timur/d-4927296/jatim-hari-ini-awkarin-datangi-polda-jawa-timur-semeru-muntahkan-lava-pijar,"
Kamis, 05 Mar 2020 21:06 WIB "
"Ditolak PKS, Plt Sekwan Pastikan Ada Notulensi Kesepakatan Pansus Banjir DKI",https://news.detik.com/berita/d-4926516/ditolak-pks-plt-sekwan-pastikan-ada-notulensi-kesepakatan-pansus-banjir-dki,"
Kamis, 05 Mar 2020 14:16 WIB "
"PKS Tolak Bentuk Pansus Banjir, Waka DPRD: Sudah Sepakat di Rapat, Aneh!",https://news.detik.com/berita/d-4925827/pks-tolak-bentuk-pansus-banjir-waka-dprd-sudah-sepakat-di-rapat-aneh,"
Rabu, 04 Mar 2020 22:42 WIB "
PKS DKI Tak Akan Kirim Anggota Sebelum Pansus Banjir Dibahas Ulang,https://news.detik.com/berita/d-4925817/pks-dki-tak-akan-kirim-anggota-sebelum-pansus-banjir-dibahas-ulang,"
Rabu, 04 Mar 2020 22:26 WIB "
"Sempat Ricuh, Massa Demo di Kantor Anies Bubar",https://news.detik.com/berita/d-4925658/sempat-ricuh-massa-demo-di-kantor-anies-bubar,"
Rabu, 04 Mar 2020 20:05 WIB "
"Massa Demo di Kantor Anies Ricuh, Pamdal Wanita Terluka",https://news.detik.com/berita/d-4925398/massa-demo-di-kantor-anies-ricuh-pamdal-wanita-terluka,"
Rabu, 04 Mar 2020 17:41 WIB "
"Protes soal Revitalisasi Monas dan Banjir, Dewi Tanjung Demo di Balai Kota",https://news.detik.com/berita/d-4925190/protes-soal-revitalisasi-monas-dan-banjir-dewi-tanjung-demo-di-balai-kota,"
Rabu, 04 Mar 2020 16:14 WIB "
"Hujan Deras Guyur Jakarta, Pengendara Diminta Waspada Banjir-Pohon Tumbang",https://news.detik.com/berita/d-4924798/hujan-deras-guyur-jakarta-pengendara-diminta-waspada-banjir-pohon-tumbang,"
Rabu, 04 Mar 2020 12:52 WIB "
"PKS DKI Nilai Pembentukan Pansus Banjir Salahi Aturan, Minta Dibahas Ulang",https://news.detik.com/berita/d-4924647/pks-dki-nilai-pembentukan-pansus-banjir-salahi-aturan-minta-dibahas-ulang,"
Rabu, 04 Mar 2020 11:21 WIB "
Banjir Desakan Formula E Ditunda Gegara Virus Corona,https://news.detik.com/berita/d-4924404/banjir-desakan-formula-e-ditunda-gegara-virus-corona,"
Rabu, 04 Mar 2020 07:16 WIB "
Pansus DPRD Akan Minta Saran Ahok Gegara Jakarta Terus Kebanjiran,https://news.detik.com/berita/d-4924354/pansus-dprd-akan-minta-saran-ahok-gegara-jakarta-terus-kebanjiran,"
Rabu, 04 Mar 2020 05:36 WIB "
Jabar Hari Ini: Pegawai Telkom Negatif Corona-Heboh 'Tuyul' di Ciamis,https://news.detik.com/berita-jawa-barat/d-4924163/jabar-hari-ini-pegawai-telkom-negatif-corona-heboh-tuyul-di-ciamis,"
Selasa, 03 Mar 2020 20:38 WIB "
Korban Banjir Optimistis Gugatan Lawan Gubernur Anies Diterima Hakim Pekan Depan,https://news.detik.com/berita/d-4923666/korban-banjir-optimistis-gugatan-lawan-gubernur-anies-diterima-hakim-pekan-depan,"
Selasa, 03 Mar 2020 16:09 WIB "
Pansus Banjir DKI Jakarta Akan Panggil Ahok Minta Pendapat,https://news.detik.com/berita/d-4923651/pansus-banjir-dki-jakarta-akan-panggil-ahok-minta-pendapat,"
Selasa, 03 Mar 2020 15:54 WIB "
"DPRD Segera Bentuk Pansus Banjir Jakarta, Pemprov Akan Siapkan Data",https://news.detik.com/berita/d-4922955/dprd-segera-bentuk-pansus-banjir-jakarta-pemprov-akan-siapkan-data,"
Selasa, 03 Mar 2020 10:12 WIB "
BNPB Undang Pakar Cari Solusi Permanen Atasi Banjir di Jabodetabek,https://news.detik.com/berita/d-4922741/bnpb-undang-pakar-cari-solusi-permanen-atasi-banjir-di-jabodetabek,"
Selasa, 03 Mar 2020 01:36 WIB "
Anies Kembali Bicara Zero Run-Off Jadi Solusi Banjir Jakarta,https://news.detik.com/berita/d-4922462/anies-kembali-bicara-zero-run-off-jadi-solusi-banjir-jakarta,"
Senin, 02 Mar 2020 19:32 WIB "
Ridwan Kamil Sebut Banjir Terdampak Sungai Citarum Berkurang Drastis,https://news.detik.com/berita/d-4921902/ridwan-kamil-sebut-banjir-terdampak-sungai-citarum-berkurang-drastis,"
Senin, 02 Mar 2020 15:12 WIB "
"Banjir Surut Total, Underpass Kemayoran Sudah Bisa Dilalui Kendaraan",https://news.detik.com/berita/d-4921583/banjir-surut-total-underpass-kemayoran-sudah-bisa-dilalui-kendaraan,"
Senin, 02 Mar 2020 12:23 WIB "
Banjir: Fenomena Alam atau Salah Urus?,https://news.detik.com/kolom/d-4921547/banjir-fenomena-alam-atau-salah-urus,"
Senin, 02 Mar 2020 12:10 WIB "
"Anies Ingin Kembalikan Air ke Tanah Buat Tangkal Banjir, Apakah Efektif?",https://news.detik.com/berita/d-4921475/anies-ingin-kembalikan-air-ke-tanah-buat-tangkal-banjir-apakah-efektif,"
Senin, 02 Mar 2020 11:30 WIB "
"Hampir Sepekan Tergenang, Banjir Underpass Kemayoran Akhirnya Surut Total",https://news.detik.com/berita/d-4921455/hampir-sepekan-tergenang-banjir-underpass-kemayoran-akhirnya-surut-total,"
Senin, 02 Mar 2020 11:20 WIB "
"Cerita Aksi Anies Kembalikan Air ke Tanah, Bisa Tangkal Banjir?",https://news.detik.com/berita/d-4921350/cerita-aksi-anies-kembalikan-air-ke-tanah-bisa-tangkal-banjir,"
Senin, 02 Mar 2020 09:55 WIB "
Ketinggian Air Banjir Underpas Kemayoran Pagi Ini 50 cm,https://news.detik.com/berita/d-4921277/ketinggian-air-banjir-underpas-kemayoran-pagi-ini-50-cm,"
Senin, 02 Mar 2020 08:33 WIB "
Sold Out! Warga Jakarta Borong Hunian Podomoro Park Bandung! Ada Apa?,https://news.detik.com/adv-nhl-detikcom/d-4921095/sold-out-warga-jakarta-borong-hunian-podomoro-park-bandung-ada-apa,"
Senin, 02 Mar 2020 00:00 WIB "
Anies Baswedan di Masjid Cut Nyak Dien: Air Harus Kembali ke Tanah,https://news.detik.com/berita/d-4920980/anies-baswedan-di-masjid-cut-nyak-dien-air-harus-kembali-ke-tanah,"
Minggu, 01 Mar 2020 19:24 WIB "
"Proyek Kereta Cepat Disetop, Begini Reaksi Warga Bandung Barat",https://news.detik.com/berita-jawa-barat/d-4920979/proyek-kereta-cepat-disetop-begini-reaksi-warga-bandung-barat,"
Minggu, 01 Mar 2020 19:23 WIB "
Melihat Proyek Kereta Cepat di Bandung Barat Jelang Disetop,https://news.detik.com/berita-jawa-barat/d-4920900/melihat-proyek-kereta-cepat-di-bandung-barat-jelang-disetop,"
Minggu, 01 Mar 2020 18:12 WIB "
Banjir di Teluk Gong Jakut Surut Setelah 5 Hari,https://news.detik.com/berita/d-4920628/banjir-di-teluk-gong-jakut-surut-setelah-5-hari,"
Minggu, 01 Mar 2020 13:16 WIB "
Petugas Cicil Bersihkan Lumpur di Underpass Kemayoran yang Masih Tergenang,https://news.detik.com/berita/d-4920589/petugas-cicil-bersihkan-lumpur-di-underpass-kemayoran-yang-masih-tergenang,"
Minggu, 01 Mar 2020 12:26 WIB "
"Tak Ada yang Lebih Tabah dari Warga ""Enam Dua""",https://news.detik.com/kolom/d-4920563/tak-ada-yang-lebih-tabah-dari-warga-enam-dua,"
Minggu, 01 Mar 2020 12:06 WIB "
"Rawajati Sempat Banjir Tadi Malam, Warga: Tinggi Air Sampai 1 Meter",https://news.detik.com/berita/d-4920562/rawajati-sempat-banjir-tadi-malam-warga-tinggi-air-sampai-1-meter,"
Minggu, 01 Mar 2020 12:00 WIB "
Banjir Underpass Kemayoran Diprediksi Surut Malam Ini,https://news.detik.com/berita/d-4920546/banjir-underpass-kemayoran-diprediksi-surut-malam-ini,"
Minggu, 01 Mar 2020 11:41 WIB "
"Banjir Underpass Kemayoran Belum Surut, Tinggi Air Masih 90 Cm",https://news.detik.com/berita/d-4920403/banjir-underpass-kemayoran-belum-surut-tinggi-air-masih-90-cm,"
Minggu, 01 Mar 2020 09:19 WIB "
"PKB DKI: Semua Stres, Sekda Komentar 'Nikmati Banjir' agar Enjoy",https://news.detik.com/berita/d-4919948/pkb-dki-semua-stres-sekda-komentar-nikmati-banjir-agar-enjoy,"
Sabtu, 29 Feb 2020 16:25 WIB "
"Sekda DKI Bilang 'Banjir Nikmati Saja', PDIP: Dia Pusing Mau Ngomong Apa",https://news.detik.com/berita/d-4919920/sekda-dki-bilang-banjir-nikmati-saja-pdip-dia-pusing-mau-ngomong-apa,"
Sabtu, 29 Feb 2020 15:48 WIB "
"MKHI: Hoax Politik Ubah Emosi, Hoax Corona Bisa Ancam Nyawa",https://news.detik.com/berita/d-4919880/mkhi-hoax-politik-ubah-emosi-hoax-corona-bisa-ancam-nyawa,"
Sabtu, 29 Feb 2020 15:15 WIB "
"Banjir Underpass Kemayoran Hampir Sepekan, Tinggi Air Kini 1,9 Meter",https://news.detik.com/berita/d-4919549/banjir-underpass-kemayoran-hampir-sepekan-tinggi-air-kini-1-9-meter,"
Sabtu, 29 Feb 2020 09:43 WIB "
Jabar Hari Ini: Serli Kabur Jelang Vonis-Santri Tewas Isap Ganja Sintetis,https://news.detik.com/berita-jawa-barat/d-4919318/jabar-hari-ini-serli-kabur-jelang-vonis-santri-tewas-isap-ganja-sintetis,"
Jumat, 28 Feb 2020 20:59 WIB "
KemenPUPR soal Banjir Underpass Kemayoran: Sistem Drainase Belum Direncanakan,https://news.detik.com/berita/d-4919279/kemenpupr-soal-banjir-underpass-kemayoran-sistem-drainase-belum-direncanakan,"
Jumat, 28 Feb 2020 20:30 WIB "
PUPR: 71 Titik Banjir di Jakarta Disebabkan Drainase Tak Berfungsi,https://news.detik.com/berita/d-4919230/pupr-71-titik-banjir-di-jakarta-disebabkan-drainase-tak-berfungsi,"
Jumat, 28 Feb 2020 19:48 WIB "
Anies Diminta Dengarkan Saran Jokowi soal Penanganan Banjir,https://news.detik.com/berita/d-4919053/anies-diminta-dengarkan-saran-jokowi-soal-penanganan-banjir,"
Jumat, 28 Feb 2020 18:37 WIB "
"BMKG Prediksi Puncak Musim Hujan sampai Maret, Ada Potensi Banjir",https://news.detik.com/berita/d-4919037/bmkg-prediksi-puncak-musim-hujan-sampai-maret-ada-potensi-banjir,"
Jumat, 28 Feb 2020 18:28 WIB "
"Demo di IRTI Monas, Massa Gerakan Oranye Minta Anies Lengser",https://news.detik.com/berita/d-4918692/demo-di-irti-monas-massa-gerakan-oranye-minta-anies-lengser,"
Jumat, 28 Feb 2020 16:05 WIB "
"Jejak Digital Ridwan Kamil TikTok Unfaedah Diungkit, Netizen: Politisi Sejati!",https://news.detik.com/berita-jawa-barat/d-4918500/jejak-digital-ridwan-kamil-tiktok-unfaedah-diungkit-netizen-politisi-sejati,"
Jumat, 28 Feb 2020 14:36 WIB "
BNPB Akan Gandeng Ojek Online untuk Sebar Peringatan Dini Banjir,https://news.detik.com/berita/d-4918370/bnpb-akan-gandeng-ojek-online-untuk-sebar-peringatan-dini-banjir,"
Jumat, 28 Feb 2020 13:21 WIB "
Begini Peta Komposisi Anggota Pansus Banjir DPRD DKI,https://news.detik.com/berita/d-4918174/begini-peta-komposisi-anggota-pansus-banjir-dprd-dki,"
Jumat, 28 Feb 2020 11:17 WIB "
BPBD DKI: DWS 'Bukan Toa Biasa' Berfungsi Saat Banjir 25 Februari,https://news.detik.com/berita/d-4918056/bpbd-dki-dws-bukan-toa-biasa-berfungsi-saat-banjir-25-februari,"
Jumat, 28 Feb 2020 09:17 WIB "
Plh Kepala BPBD DKI Akan Kedepankan Kolaborasi untuk Atasi Banjir,https://news.detik.com/berita/d-4917975/plh-kepala-bpbd-dki-akan-kedepankan-kolaborasi-untuk-atasi-banjir,"
Jumat, 28 Feb 2020 07:28 WIB "
"RK Tak Hadiri Rapat soal Banjir di DPR, Wagub Jabar: Alasannya Kuat",https://news.detik.com/berita/d-4917923/rk-tak-hadiri-rapat-soal-banjir-di-dpr-wagub-jabar-alasannya-kuat,"
Jumat, 28 Feb 2020 02:28 WIB "
KPK Panggil Lagi Ketua KPU Arief Budiman di Kasus PAW DPR Besok,https://news.detik.com/berita/d-4917831/kpk-panggil-lagi-ketua-kpu-arief-budiman-di-kasus-paw-dpr-besok,"
Kamis, 27 Feb 2020 21:42 WIB "
BKD DKI Sebut Eks Kepala BPBD Ajukan Pengunduran Diri Sejak Januari,https://news.detik.com/berita/d-4917677/bkd-dki-sebut-eks-kepala-bpbd-ajukan-pengunduran-diri-sejak-januari,"
Kamis, 27 Feb 2020 19:50 WIB "
"Para Pejabat Diminta Hati-hati Bicara ke Publik, Jangan Bikin Gaduh",https://news.detik.com/berita/d-4917515/para-pejabat-diminta-hati-hati-bicara-ke-publik-jangan-bikin-gaduh,"
Kamis, 27 Feb 2020 18:43 WIB "
"Ditanya soal Spanduk 'Banjir Kotanya Tertipu Warganya', Anies Baswedan Senyum",https://news.detik.com/berita/d-4917360/ditanya-soal-spanduk-banjir-kotanya-tertipu-warganya-anies-baswedan-senyum,"
Kamis, 27 Feb 2020 17:24 WIB "
"Anies: Pengungsian Banjir Masih Aktif, Biasanya Ditempati di Malam Hari",https://news.detik.com/berita/d-4917278/anies-pengungsian-banjir-masih-aktif-biasanya-ditempati-di-malam-hari,"
Kamis, 27 Feb 2020 16:44 WIB "
"Dibandingkan Lagi dengan Anies, Begini Cerita Jokowi Saat Relokasi PKL",https://news.detik.com/berita/d-4917002/dibandingkan-lagi-dengan-anies-begini-cerita-jokowi-saat-relokasi-pkl,"
Kamis, 27 Feb 2020 14:27 WIB "
Korban Tewas Banjir Jakarta dan Sekitarnya Bertambah Jadi 9 Orang,https://news.detik.com/berita/d-4916782/korban-tewas-banjir-jakarta-dan-sekitarnya-bertambah-jadi-9-orang,"
Kamis, 27 Feb 2020 12:48 WIB "
BNPB soal Biang Banjir Das Lawe Aceh: Tambang Emas hingga Hilangnya Hutan,https://news.detik.com/berita/d-4916614/bnpb-soal-biang-banjir-das-lawe-aceh-tambang-emas-hingga-hilangnya-hutan,"
Kamis, 27 Feb 2020 11:27 WIB "
Pertamina Salurkan 700 Paket Makanan ke Korban Banjir Jakarta,https://news.detik.com/berita/d-4916594/pertamina-salurkan-700-paket-makanan-ke-korban-banjir-jakarta,"
Kamis, 27 Feb 2020 11:10 WIB "
"Tiga Hari Underpass Kemayoran Tak Bisa Dilintasi, Banjir Masih 4 Meter",https://news.detik.com/berita/d-4916558/tiga-hari-underpass-kemayoran-tak-bisa-dilintasi-banjir-masih-4-meter,"
Kamis, 27 Feb 2020 10:53 WIB "
"Kepala BPBD DKI Mundur, Demokrat: Butuh Energi Besar Tangani Banjir",https://news.detik.com/berita/d-4916555/kepala-bpbd-dki-mundur-demokrat-butuh-energi-besar-tangani-banjir,"
Kamis, 27 Feb 2020 10:50 WIB "
"Jakarta Banjir, Stafsus Jokowi: Tanggung Jawab Bersama, Tak Hanya Beban Pemprov",https://news.detik.com/berita/d-4916446/jakarta-banjir-stafsus-jokowi-tanggung-jawab-bersama-tak-hanya-beban-pemprov,"
Kamis, 27 Feb 2020 09:14 WIB "
DLH DKI Siagakan 4 Ribu Personel Tangani Sampah Banjir Jakarta,https://news.detik.com/berita/d-4916431/dlh-dki-siagakan-4-ribu-personel-tangani-sampah-banjir-jakarta,"
Kamis, 27 Feb 2020 09:05 WIB "
"Joget TikTok Berujung Sindiran Netizen, Ridwan Kamil Pulang ke Indonesia",https://news.detik.com/berita-jawa-barat/d-4916425/joget-tiktok-berujung-sindiran-netizen-ridwan-kamil-pulang-ke-indonesia,"
Kamis, 27 Feb 2020 08:54 WIB "
F-NasDem Usul DPR Panggil Ulang Anies-RK Rapat Bahas Banjir,https://news.detik.com/berita/d-4916423/f-nasdem-usul-dpr-panggil-ulang-anies-rk-rapat-bahas-banjir,"
Kamis, 27 Feb 2020 08:54 WIB "
Pemprov DKI Belum Gelar Seleksi Jabatan untuk Posisi Kepala BPBD,https://news.detik.com/berita/d-4916410/pemprov-dki-belum-gelar-seleksi-jabatan-untuk-posisi-kepala-bpbd,"
Kamis, 27 Feb 2020 08:37 WIB "
"Dipanggil Komisi X DPR Bahas Revitalisasi TIM Hari Ini, Anies Hadir?",https://news.detik.com/berita/d-4916409/dipanggil-komisi-x-dpr-bahas-revitalisasi-tim-hari-ini-anies-hadir,"
Kamis, 27 Feb 2020 08:36 WIB "
"Ada Spanduk Kritik Anies 'Banjir Kotanya', F-PDIP: Bentuk Kegelisahan Warga",https://news.detik.com/berita/d-4916402/ada-spanduk-kritik-anies-banjir-kotanya-f-pdip-bentuk-kegelisahan-warga,"
Kamis, 27 Feb 2020 08:23 WIB "
DPR Persoalkan Alasan Anies Tak Datangi Rapat dengan Bawa-bawa Rakyat,https://news.detik.com/berita/d-4916397/dpr-persoalkan-alasan-anies-tak-datangi-rapat-dengan-bawa-bawa-rakyat,"
Kamis, 27 Feb 2020 08:13 WIB "
Sindiran 'Isasi-isasi' dari Anggota Dewan soal Banjir DKI,https://news.detik.com/berita/d-4916375/sindiran-isasi-isasi-dari-anggota-dewan-soal-banjir-dki,"
Kamis, 27 Feb 2020 07:59 WIB "
Alasan-alasan Anies Tak Penuhi Panggilan DPR Bahas Banjir,https://news.detik.com/berita/d-4916336/alasan-alasan-anies-tak-penuhi-panggilan-dpr-bahas-banjir,"
Kamis, 27 Feb 2020 07:37 WIB "
Buntut Panjang Penyerangan AEON JGC Cakung,https://news.detik.com/berita/d-4916332/buntut-panjang-penyerangan-aeon-jgc-cakung,"
Kamis, 27 Feb 2020 07:33 WIB "
F-PKS soal Spanduk 'Banjir Kotanya': Kenapa Hanya Anies yang Disalahkan?,https://news.detik.com/berita/d-4916319/f-pks-soal-spanduk-banjir-kotanya-kenapa-hanya-anies-yang-disalahkan,"
Kamis, 27 Feb 2020 07:26 WIB "
"Mundur dari Kepala BPBD DKI, Subejo Tegaskan Tak Terkait Rentetan Banjir",https://news.detik.com/berita/d-4916294/mundur-dari-kepala-bpbd-dki-subejo-tegaskan-tak-terkait-rentetan-banjir,"
Kamis, 27 Feb 2020 07:05 WIB "
Lagi-lagi Anak Buah Anies Mengundurkan Diri,https://news.detik.com/berita/d-4916284/lagi-lagi-anak-buah-anies-mengundurkan-diri,"
Kamis, 27 Feb 2020 06:28 WIB "
Duka Banjir 25 Februari di Jakarta dan Sekitarnya,https://news.detik.com/berita/d-4916275/duka-banjir-25-februari-di-jakarta-dan-sekitarnya,"
Kamis, 27 Feb 2020 05:33 WIB "
Kisah Pilu Petugas PPSU Kena Begal saat Nyapu,https://news.detik.com/berita/d-4916274/kisah-pilu-petugas-ppsu-kena-begal-saat-nyapu,"
Kamis, 27 Feb 2020 05:15 WIB "
PDIP: Sulit Maju Pilpres 2024 Jika Tak Punya Jabatan,https://news.detik.com/berita/d-4916270/pdip-sulit-maju-pilpres-2024-jika-tak-punya-jabatan,"
Kamis, 27 Feb 2020 04:43 WIB "
Dewi Tanjung Dicecar 20 Pertanyaan soal Laporannya terhadap Massa Pro-Anies,https://news.detik.com/berita/d-4916226/dewi-tanjung-dicecar-20-pertanyaan-soal-laporannya-terhadap-massa-pro-anies,"
Rabu, 26 Feb 2020 23:20 WIB "
"Anies Klaim Banjir Hampir 100 Persen Surut, 6.309 Jiwa Masih Mengungsi",https://news.detik.com/berita/d-4916224/anies-klaim-banjir-hampir-100-persen-surut-6-309-jiwa-masih-mengungsi,"
Rabu, 26 Feb 2020 23:17 WIB "
"Soroti Banjir, Sekda Jabar: Tidak Harus Menunggu Gubernur",https://news.detik.com/berita-jawa-barat/d-4916186/soroti-banjir-sekda-jabar-tidak-harus-menunggu-gubernur,"
Rabu, 26 Feb 2020 22:28 WIB "
"DPR Wacanakan Pansus Banjir, Sekda DKI: Gubernur Arahkan Kerja Kerja Kerja",https://news.detik.com/berita/d-4916162/dpr-wacanakan-pansus-banjir-sekda-dki-gubernur-arahkan-kerja-kerja-kerja,"
Rabu, 26 Feb 2020 22:06 WIB "
"Tertunda karena Banjir, KPK Panggil Ketua KPU Terkait Harun Masiku Jumat",https://news.detik.com/berita/d-4916157/tertunda-karena-banjir-kpk-panggil-ketua-kpu-terkait-harun-masiku-jumat,"
Rabu, 26 Feb 2020 21:58 WIB "
Anies-RK Dicap Tak Berhati Gegara Absen Rapat Banjir di DPR RI,https://news.detik.com/berita/d-4916137/anies-rk-dicap-tak-berhati-gegara-absen-rapat-banjir-di-dpr-ri,"
Rabu, 26 Feb 2020 21:29 WIB "
"Lewat Video Conference, Kang Emil Beri Arahan Penanganan Banjir di Jabar",https://news.detik.com/berita-jawa-barat/d-4916124/lewat-video-conference-kang-emil-beri-arahan-penanganan-banjir-di-jabar,"
Rabu, 26 Feb 2020 21:11 WIB "
Anies Klaim Banjir Jakarta Hampir 100% Surut: Sisa Lima Lokasi,https://news.detik.com/berita/d-4916112/anies-klaim-banjir-jakarta-hampir-100-surut-sisa-lima-lokasi,"
Rabu, 26 Feb 2020 21:02 WIB "
Petugas SDA: Ada Teriakan 'Bakar' Saat Rumah Pompa Bulak Cabe Didemo,https://news.detik.com/berita/d-4916105/petugas-sda-ada-teriakan-bakar-saat-rumah-pompa-bulak-cabe-didemo,"
Rabu, 26 Feb 2020 20:51 WIB "
Batu-CCTV Jadi Barang Bukti Kasus Penyerangan AEON Mall JGC Cakung,https://news.detik.com/berita/d-4916079/batu-cctv-jadi-barang-bukti-kasus-penyerangan-aeon-mall-jgc-cakung,"
Rabu, 26 Feb 2020 20:30 WIB "
Polisi Sebut Penyerangan AEON Mall Jakarta Garden City Aksi Spontanitas,https://news.detik.com/berita/d-4916062/polisi-sebut-penyerangan-aeon-mall-jakarta-garden-city-aksi-spontanitas,"
Rabu, 26 Feb 2020 20:25 WIB "
Anies Cerita Kegiatannya Saat Tak Datang Rapat Banjir di DPR,https://news.detik.com/berita/d-4916058/anies-cerita-kegiatannya-saat-tak-datang-rapat-banjir-di-dpr,"
Rabu, 26 Feb 2020 20:23 WIB "
Anies Didemo dan Disindir Usai Jakarta Banjir,https://news.detik.com/berita/d-4916014/anies-didemo-dan-disindir-usai-jakarta-banjir,"
Rabu, 26 Feb 2020 20:00 WIB "
"Diprotes DPR Tak Hadiri Rapat Banjir, Anies: Saya Fokus ke Rakyat",https://news.detik.com/berita/d-4916002/diprotes-dpr-tak-hadiri-rapat-banjir-anies-saya-fokus-ke-rakyat,"
Rabu, 26 Feb 2020 19:55 WIB "
"Kepala BPBD DKI Mundur, Anies: Tak Ganggu Penanganan Banjir",https://news.detik.com/berita/d-4915960/kepala-bpbd-dki-mundur-anies-tak-ganggu-penanganan-banjir,"
Rabu, 26 Feb 2020 19:13 WIB "
"Rumah Pompa Bulak Cabe Cilincing Sempat Didemo, Dituding Sebabkan Banjir",https://news.detik.com/berita/d-4915946/rumah-pompa-bulak-cabe-cilincing-sempat-didemo-dituding-sebabkan-banjir,"
Rabu, 26 Feb 2020 19:08 WIB "
"Massa Demo Anies Bubarkan Diri, Lalin Depan Balai Kota DKI Normal",https://news.detik.com/berita/d-4915941/massa-demo-anies-bubarkan-diri-lalin-depan-balai-kota-dki-normal,"
Rabu, 26 Feb 2020 19:05 WIB "
"Anies soal Undangan Rapat Banjir di DPR: Saya Kirim Wakil, Bukan Tak Hadir",https://news.detik.com/berita/d-4915903/anies-soal-undangan-rapat-banjir-di-dpr-saya-kirim-wakil-bukan-tak-hadir,"
Rabu, 26 Feb 2020 18:53 WIB "
"Komisi V Ngeluh Tak Mudah Undang Anies, Waka DPR Dorong Rapat Gabungan",https://news.detik.com/berita/d-4915760/komisi-v-ngeluh-tak-mudah-undang-anies-waka-dpr-dorong-rapat-gabungan,"
Rabu, 26 Feb 2020 17:52 WIB "
Ombudsman Sebut Pemprov DKI Jakarta Lakukan Maladministrasi Pembiaran JPO,https://news.detik.com/berita/d-4915701/ombudsman-sebut-pemprov-dki-jakarta-lakukan-maladministrasi-pembiaran-jpo,"
Rabu, 26 Feb 2020 17:31 WIB "
"Bantu Korban Banjir, Pertamina Kirim Ratusan LPG untuk 5 Dapur Umum",https://news.detik.com/berita/d-4915597/bantu-korban-banjir-pertamina-kirim-ratusan-lpg-untuk-5-dapur-umum,"
Rabu, 26 Feb 2020 16:49 WIB "
Kepala BPBD DKI Jakarta Mundur di Tengah Rentetan Banjir,https://news.detik.com/berita/d-4915591/kepala-bpbd-dki-jakarta-mundur-di-tengah-rentetan-banjir,"
Rabu, 26 Feb 2020 16:49 WIB "
Komisioner KPU Evi Novida Dicecar KPK soal Penetapan Calon Terpilih,https://news.detik.com/berita/d-4915586/komisioner-kpu-evi-novida-dicecar-kpk-soal-penetapan-calon-terpilih,"
Rabu, 26 Feb 2020 16:44 WIB "
8 Tersangka Penyerangan AEON Mall Jakarta Garden City Ditahan Polisi,https://news.detik.com/berita/d-4915559/8-tersangka-penyerangan-aeon-mall-jakarta-garden-city-ditahan-polisi,"
Rabu, 26 Feb 2020 16:34 WIB "
Sekda DKI Bela Anies yang Disindir 'Banjir Kotanya': Kerja Baru 2 Tahun,https://news.detik.com/berita/d-4915552/sekda-dki-bela-anies-yang-disindir-banjir-kotanya-kerja-baru-2-tahun,"
Rabu, 26 Feb 2020 16:29 WIB "
"Anies Absen Rapat Banjir di DPR, Ini Kata Cawagub Riza Patria",https://news.detik.com/berita/d-4915536/anies-absen-rapat-banjir-di-dpr-ini-kata-cawagub-riza-patria,"
Rabu, 26 Feb 2020 16:21 WIB "
"Massa Demo Balai Kota soal Banjir-Revitalisasi Monas, Tuntut Anies Lengser",https://news.detik.com/berita/d-4915523/massa-demo-balai-kota-soal-banjir-revitalisasi-monas-tuntut-anies-lengser,"
Rabu, 26 Feb 2020 16:13 WIB "
Luapan Kecewa DPR ke Anies-RK: Sebut Tak Punya Hati-Tak Ada Kerjanisasi!,https://news.detik.com/berita/d-4915516/luapan-kecewa-dpr-ke-anies-rk-sebut-tak-punya-hati-tak-ada-kerjanisasi,"
Rabu, 26 Feb 2020 16:10 WIB "
"Dibandingkan dengan Anies, Begini Momen Jokowi Hadiri Rapat Banjir di DPR",https://news.detik.com/berita/d-4915507/dibandingkan-dengan-anies-begini-momen-jokowi-hadiri-rapat-banjir-di-dpr,"
Rabu, 26 Feb 2020 16:06 WIB "
"Anies Absen Rapat di DPR, PDIP: Jangan Seolah Bisa Selesaikan Banjir Sendiri",https://news.detik.com/berita/d-4915506/anies-absen-rapat-di-dpr-pdip-jangan-seolah-bisa-selesaikan-banjir-sendiri,"
Rabu, 26 Feb 2020 16:05 WIB "
"Gegara Banjir Jakarta Jadwal 4 Kereta ke Yogya Telat Hingga 2,5 Jam",https://news.detik.com/berita-jawa-tengah/d-4915371/gegara-banjir-jakarta-jadwal-4-kereta-ke-yogya-telat-hingga-2-5-jam,"
Rabu, 26 Feb 2020 15:15 WIB "
"Disebut Tak Punya Hati karena Absen Rapat Banjir di DPR, ke Mana Anies dan RK?",https://news.detik.com/berita/d-4915331/disebut-tak-punya-hati-karena-absen-rapat-banjir-di-dpr-ke-mana-anies-dan-rk,"
Rabu, 26 Feb 2020 14:55 WIB "
"BNPB Catat 5 Orang Tewas Akibat Banjir Jabodetabek, 3 Hilang",https://news.detik.com/berita/d-4915272/bnpb-catat-5-orang-tewas-akibat-banjir-jabodetabek-3-hilang,"
Rabu, 26 Feb 2020 14:25 WIB "
Legislator Gerindra Bandingkan Kehadiran Anies-Jokowi Saat Rapat Banjir di DPR,https://news.detik.com/berita/d-4915223/legislator-gerindra-bandingkan-kehadiran-anies-jokowi-saat-rapat-banjir-di-dpr,"
Rabu, 26 Feb 2020 13:55 WIB "
PDIP Soal IMB AEON JGC Keluar Era Ahok: Pemprov Jangan Salahkan yang Dulu,https://news.detik.com/berita/d-4915200/pdip-soal-imb-aeon-jgc-keluar-era-ahok-pemprov-jangan-salahkan-yang-dulu,"
Rabu, 26 Feb 2020 13:51 WIB "
Ini Temuan Baru Buntut AEON Jakarta Garden City Diserang Warga Gegara Banjir,https://news.detik.com/berita/d-4915176/ini-temuan-baru-buntut-aeon-jakarta-garden-city-diserang-warga-gegara-banjir,"
Rabu, 26 Feb 2020 13:38 WIB "
Lebih dari 19 Ribu Warga Mengungsi Akibat Banjir Jabodetabek,https://news.detik.com/berita/d-4915166/lebih-dari-19-ribu-warga-mengungsi-akibat-banjir-jabodetabek,"
Rabu, 26 Feb 2020 13:31 WIB "
Banjir Jakarta Bikin KA Argo Lawu Solo Terlambat 2 Jam,https://news.detik.com/berita-jawa-tengah/d-4915140/banjir-jakarta-bikin-ka-argo-lawu-solo-terlambat-2-jam,"
Rabu, 26 Feb 2020 13:24 WIB "
KA Argo Anggrek Masih Tertahan di Jakarta Akibat Banjir,https://news.detik.com/berita-jawa-tengah/d-4915137/ka-argo-anggrek-masih-tertahan-di-jakarta-akibat-banjir,"
Rabu, 26 Feb 2020 13:23 WIB "
"Muncul Spanduk Sindir Anies di Jakpus: 'Banjir Kotanya, Tertipu Warganya'",https://news.detik.com/berita/d-4915094/muncul-spanduk-sindir-anies-di-jakpus-banjir-kotanya-tertipu-warganya,"
Rabu, 26 Feb 2020 13:08 WIB "
Cerita AKBP Dermawan yang Laporkan Banjir Jakarta Sambil Pegang Ular,https://news.detik.com/berita/d-4915074/cerita-akbp-dermawan-yang-laporkan-banjir-jakarta-sambil-pegang-ular,"
Rabu, 26 Feb 2020 12:56 WIB "
"Cegah Banjir, Ketua MPR Minta Pemprov DKI Setop Izin Bangunan Nakal",https://news.detik.com/berita/d-4914989/cegah-banjir-ketua-mpr-minta-pemprov-dki-setop-izin-bangunan-nakal,"
Rabu, 26 Feb 2020 12:52 WIB "
"Absen Rapat Banjir di DPR, Anies Disebut Masih Cek Lapangan",https://news.detik.com/berita/d-4915026/absen-rapat-banjir-di-dpr-anies-disebut-masih-cek-lapangan,"
Rabu, 26 Feb 2020 12:40 WIB "
Pemprov DKI Buka Peluang Audit Izin AEON Jakarta Garden City,https://news.detik.com/berita/d-4915009/pemprov-dki-buka-peluang-audit-izin-aeon-jakarta-garden-city,"
Rabu, 26 Feb 2020 12:29 WIB "
Anies-RK Disebut Tak Punya Hati Gegara Absen Rapat Banjir di DPR,https://news.detik.com/berita/d-4915003/anies-rk-disebut-tak-punya-hati-gegara-absen-rapat-banjir-di-dpr,"
Rabu, 26 Feb 2020 12:23 WIB "
Netizen Sindir Ridwan Kamil TikTok Bareng Cinta Laura: Banjir Urusin Pak!,https://news.detik.com/berita-jawa-barat/d-4914979/netizen-sindir-ridwan-kamil-tiktok-bareng-cinta-laura-banjir-urusin-pak,"
Rabu, 26 Feb 2020 12:05 WIB "
"Tertunda karena Banjir, KPK Periksa Komisioner KPU Evi soal Kasus Harun Masiku",https://news.detik.com/berita/d-4914971/tertunda-karena-banjir-kpk-periksa-komisioner-kpu-evi-soal-kasus-harun-masiku,"
Rabu, 26 Feb 2020 12:01 WIB "
Pemprov DKI: IMB AEON Jakarta Garden City Terbit di 2015,https://news.detik.com/berita/d-4914950/pemprov-dki-imb-aeon-jakarta-garden-city-terbit-di-2015,"
Rabu, 26 Feb 2020 11:53 WIB "
Tersangka Penyerangan AEON Mall Jakarta Garden City Jadi 8 Orang,https://news.detik.com/berita/d-4914922/tersangka-penyerangan-aeon-mall-jakarta-garden-city-jadi-8-orang,"
Rabu, 26 Feb 2020 11:42 WIB "
"142 RW di Jakarta Masih Banjir, Paling Tinggi di Cawang 1,8 Meter",https://news.detik.com/berita/d-4914917/142-rw-di-jakarta-masih-banjir-paling-tinggi-di-cawang-1-8-meter,"
Rabu, 26 Feb 2020 11:36 WIB "
Anies-Ridwan Kamil Tak Hadiri Rapat di DPR Bahas Banjir,https://news.detik.com/berita/d-4914843/anies-ridwan-kamil-tak-hadiri-rapat-di-dpr-bahas-banjir,"
Rabu, 26 Feb 2020 10:59 WIB "
"Pak Gubernur RK, Warga Anda di Kranji Bekasi Sudah 24 Jam Kebanjiran",https://news.detik.com/berita/d-4914792/pak-gubernur-rk-warga-anda-di-kranji-bekasi-sudah-24-jam-kebanjiran,"
Rabu, 26 Feb 2020 10:17 WIB "
Komisi V DPR Panggil Anies hingga RK Bahas Banjir Jabodetabek,https://news.detik.com/berita/d-4914773/komisi-v-dpr-panggil-anies-hingga-rk-bahas-banjir-jabodetabek,"
Rabu, 26 Feb 2020 09:54 WIB "
AEON Jakarta Garden City Cakung Masih Dijaga Polisi Usai Ricuh,https://news.detik.com/berita/d-4914731/aeon-jakarta-garden-city-cakung-masih-dijaga-polisi-usai-ricuh,"
Rabu, 26 Feb 2020 09:29 WIB "
"Banjir Rendam TPU Karet Bivak, Rumput dan Tanah Makam Ikut Rusak",https://news.detik.com/berita/d-4914727/banjir-rendam-tpu-karet-bivak-rumput-dan-tanah-makam-ikut-rusak,"
Rabu, 26 Feb 2020 09:25 WIB "
9.890 Warga Masih Mengungsi di 82 Titik Usai Banjir Jakarta,https://news.detik.com/berita/d-4914725/9-890-warga-masih-mengungsi-di-82-titik-usai-banjir-jakarta,"
Rabu, 26 Feb 2020 09:22 WIB "
"RSCM Kebanjiran, Pemprov DKI Berencana Pasang Pompa Tambahan",https://news.detik.com/berita/d-4914706/rscm-kebanjiran-pemprov-dki-berencana-pasang-pompa-tambahan,"
Rabu, 26 Feb 2020 09:16 WIB "
"Sudah 27 Jam, Banjir Underpass Kemayoran Belum Surut Ketinggian 2,5 Meter",https://news.detik.com/berita/d-4914681/sudah-27-jam-banjir-underpass-kemayoran-belum-surut-ketinggian-2-5-meter,"
Rabu, 26 Feb 2020 08:49 WIB "
"Sebagian Jalur Masih Terendam Banjir, KRL Belum Beroperasi Normal",https://news.detik.com/berita/d-4914675/sebagian-jalur-masih-terendam-banjir-krl-belum-beroperasi-normal,"
Rabu, 26 Feb 2020 08:44 WIB "
Warga Kebanjiran Berujung Penyerangan AEON Jakarta Garden City,https://news.detik.com/berita/d-4914648/warga-kebanjiran-berujung-penyerangan-aeon-jakarta-garden-city,"
Rabu, 26 Feb 2020 07:47 WIB "
DPRD DKI Bikin Pansus Gegara Jakarta Banjir Terus,https://news.detik.com/berita/d-4914615/dprd-dki-bikin-pansus-gegara-jakarta-banjir-terus,"
Rabu, 26 Feb 2020 07:15 WIB "
"Sebagian Jakarta Masih Banjir, Ganjil Genap Diberlakukan Hari Ini",https://news.detik.com/berita/d-4914589/sebagian-jakarta-masih-banjir-ganjil-genap-diberlakukan-hari-ini,"
Rabu, 26 Feb 2020 06:52 WIB "
Banjir Masih Merendam di KBN Cakung Jakarta Utara 40 Cm,https://news.detik.com/berita/d-4914583/banjir-masih-merendam-di-kbn-cakung-jakarta-utara-40-cm,"
Rabu, 26 Feb 2020 06:32 WIB "
"Banjir Mulai Surut di Jalanan Jaktim, Kendaraan Bisa Kembali Melintas",https://news.detik.com/berita/d-4914576/banjir-mulai-surut-di-jalanan-jaktim-kendaraan-bisa-kembali-melintas,"
Rabu, 26 Feb 2020 06:02 WIB "
Menyoal Solusi Anies Atasi Banjir yang Terus Berulang,https://news.detik.com/berita/d-4914572/menyoal-solusi-anies-atasi-banjir-yang-terus-berulang,"
Rabu, 26 Feb 2020 05:42 WIB "
Polisi: Warga Minta AEON Jakarta Garden City Setop Pembangunan Waduk,https://news.detik.com/berita/d-4914565/polisi-warga-minta-aeon-jakarta-garden-city-setop-pembangunan-waduk,"
Rabu, 26 Feb 2020 04:49 WIB "
"Banjir di Underpass Senen Surut, Kendaraan Bisa Melintas",https://news.detik.com/berita/d-4914528/banjir-di-underpass-senen-surut-kendaraan-bisa-melintas,"
Rabu, 26 Feb 2020 01:06 WIB "
"Anies Dikritik Soal Banjir, PKS: Harus Ada Jawaban Konkret",https://news.detik.com/berita/d-4914523/anies-dikritik-soal-banjir-pks-harus-ada-jawaban-konkret,"
Rabu, 26 Feb 2020 00:44 WIB "
Reserse Polda Metro Patroli Berperahu di Lokasi Banjir Cegah Kriminalitas,https://news.detik.com/berita/d-4914514/reserse-polda-metro-patroli-berperahu-di-lokasi-banjir-cegah-kriminalitas,"
Rabu, 26 Feb 2020 00:20 WIB "
"Sempat Terendam Banjir, Tol Jagorawi dan Cikampek Sudah Beroperasi Normal",https://news.detik.com/berita/d-4914487/sempat-terendam-banjir-tol-jagorawi-dan-cikampek-sudah-beroperasi-normal,"
Selasa, 25 Feb 2020 22:55 WIB "
TransJakarta: 13 Koridor Sudah Bisa Beroperasi Pascabanjir,https://news.detik.com/berita/d-4914482/transjakarta-13-koridor-sudah-bisa-beroperasi-pascabanjir,"
Selasa, 25 Feb 2020 22:41 WIB "
Saat Makam Ismail Marzuki Tergenang Banjir DKI,https://news.detik.com/berita/d-4914465/saat-makam-ismail-marzuki-tergenang-banjir-dki,"
Selasa, 25 Feb 2020 22:02 WIB "
Sejumlah Titik di Jaktim-Jakut Masih Tergenang hingga Malam Ini,https://news.detik.com/berita/d-4914462/sejumlah-titik-di-jaktim-jakut-masih-tergenang-hingga-malam-ini,"
Selasa, 25 Feb 2020 21:59 WIB "
Cerita Mencekam AEON Mall Cakung Kena Kepung,https://news.detik.com/berita/d-4914451/cerita-mencekam-aeon-mall-cakung-kena-kepung,"
Selasa, 25 Feb 2020 21:35 WIB "
3 Orang Jadi Tersangka Terkait Penyerangan AEON Jakarta Garden City,https://news.detik.com/berita/d-4914434/3-orang-jadi-tersangka-terkait-penyerangan-aeon-jakarta-garden-city,"
Selasa, 25 Feb 2020 21:10 WIB "
"Dijaga Ketat Polisi, Begini Suasana di AEON Jakarta Garden City Malam Ini",https://news.detik.com/berita/d-4914404/dijaga-ketat-polisi-begini-suasana-di-aeon-jakarta-garden-city-malam-ini,"
Selasa, 25 Feb 2020 20:48 WIB "
"Berenang di Kali Mampang Saat Banjir, Seorang Santri Tewas Tenggelam",https://news.detik.com/berita/d-4914400/berenang-di-kali-mampang-saat-banjir-seorang-santri-tewas-tenggelam,"
Selasa, 25 Feb 2020 20:40 WIB "
"Prabowo Capres Terkuat di Survei, Azis: Bisa Saja Golkar-Gerindra Koalisi",https://news.detik.com/berita/d-4914387/prabowo-capres-terkuat-di-survei-azis-bisa-saja-golkar-gerindra-koalisi,"
Selasa, 25 Feb 2020 20:25 WIB "
"AEON Mall JGC Cakung Jaktim Diserang Warga, Ini Respons Pemprov DKI",https://news.detik.com/berita/d-4914385/aeon-mall-jgc-cakung-jaktim-diserang-warga-ini-respons-pemprov-dki,"
Selasa, 25 Feb 2020 20:20 WIB "
Saat Banjir Jakarta Halangi Sidang Gugatan Banjir,https://news.detik.com/berita/d-4914381/saat-banjir-jakarta-halangi-sidang-gugatan-banjir,"
Selasa, 25 Feb 2020 20:16 WIB "
"Rel Terendam Banjir, Perjalanan KA Bandung-Jakarta Sempat Terhambat",https://news.detik.com/berita-jawa-barat/d-4914372/rel-terendam-banjir-perjalanan-ka-bandung-jakarta-sempat-terhambat,"
Selasa, 25 Feb 2020 20:08 WIB "
"Ricuh AEON Jakarta Garden City, Warga: Dulu di Sini Nggak Banjir",https://news.detik.com/berita/d-4914364/ricuh-aeon-jakarta-garden-city-warga-dulu-di-sini-nggak-banjir,"
Selasa, 25 Feb 2020 19:59 WIB "
PNS DKI Cuti karena Banjir Harus Dapat Keterangan RT atau Bukti Foto,https://news.detik.com/berita/d-4914355/pns-dki-cuti-karena-banjir-harus-dapat-keterangan-rt-atau-bukti-foto,"
Selasa, 25 Feb 2020 19:58 WIB "
Anies Bilang Ketinggian Air di Manggarai Terus Turun: Ini Tanda Positif,https://news.detik.com/berita/d-4914348/anies-bilang-ketinggian-air-di-manggarai-terus-turun-ini-tanda-positif,"
Selasa, 25 Feb 2020 19:42 WIB "
Kapolda Metro: 2.000 Orang Terdampak Banjir di Bendungan Hilir,https://news.detik.com/berita/d-4914339/kapolda-metro-2-000-orang-terdampak-banjir-di-bendungan-hilir,"
Selasa, 25 Feb 2020 19:36 WIB "
Berapa Banyak PNS DKI Izin Gegara Banjir? Pemprov: Masih Didata,https://news.detik.com/berita/d-4914328/berapa-banyak-pns-dki-izin-gegara-banjir-pemprov-masih-didata,"
Selasa, 25 Feb 2020 19:27 WIB "
"Pertama Kali Kebanjiran, Begini Sejarah Singkat Berdirinya RSCM",https://news.detik.com/berita/d-4914327/pertama-kali-kebanjiran-begini-sejarah-singkat-berdirinya-rscm,"
Selasa, 25 Feb 2020 19:25 WIB "
"Jika Jakarta Diguyur Hujan Deras Lagi, Anies: Kita Imbau Waspada Saja",https://news.detik.com/berita/d-4914324/jika-jakarta-diguyur-hujan-deras-lagi-anies-kita-imbau-waspada-saja,"
Selasa, 25 Feb 2020 19:23 WIB "
Tiga Doa Saat Banjir Melanda,https://news.detik.com/berita/d-4914316/tiga-doa-saat-banjir-melanda,"
Selasa, 25 Feb 2020 19:16 WIB "
"Banjir Underpass Kemayoran 14 Jam Belum Surut, Lurah: Tunggu Antrean Air",https://news.detik.com/berita/d-4914236/banjir-underpass-kemayoran-14-jam-belum-surut-lurah-tunggu-antrean-air,"
Selasa, 25 Feb 2020 19:00 WIB "
"Kompleks Polri Pondok Karya Terendam Banjir 60 Cm, Akses Terputus",https://news.detik.com/berita/d-4914218/kompleks-polri-pondok-karya-terendam-banjir-60-cm-akses-terputus,"
Selasa, 25 Feb 2020 18:52 WIB "
"Jakarta Banjir Terus, Kebijakan Revitalisasi Anies di Cikini Dikritik",https://news.detik.com/berita/d-4914158/jakarta-banjir-terus-kebijakan-revitalisasi-anies-di-cikini-dikritik,"
Selasa, 25 Feb 2020 18:30 WIB "
"Dampak Banjir, KA Argo Dwipangga Solo-Jakarta Tertunda 1,5 Jam",https://news.detik.com/berita-jawa-tengah/d-4914144/dampak-banjir-ka-argo-dwipangga-solo-jakarta-tertunda-1-5-jam,"
Selasa, 25 Feb 2020 18:21 WIB "
"Main di Sungai Tangki Lio Saat Banjir, Seorang Bocah di Jakbar Hanyut",https://news.detik.com/berita/d-4914141/main-di-sungai-tangki-lio-saat-banjir-seorang-bocah-di-jakbar-hanyut,"
Selasa, 25 Feb 2020 18:17 WIB "
"Jakarta Banjir, Pengamat: Tidak Ada Pembenahan dan Perbaikan Signifikan",https://news.detik.com/dw/d-4914132/jakarta-banjir-pengamat-tidak-ada-pembenahan-dan-perbaikan-signifikan,"
Selasa, 25 Feb 2020 18:12 WIB "
Ini Alasan Polisi Pegang Ular Saat Laporkan Banjir Jakarta Barat,https://news.detik.com/berita/d-4914131/ini-alasan-polisi-pegang-ular-saat-laporkan-banjir-jakarta-barat,"
Selasa, 25 Feb 2020 18:11 WIB "
"Tinjau RSCM Pascabanjir, Komisi IX: Alat Tomotherapy untuk Kanker Terendam",https://news.detik.com/berita/d-4914098/tinjau-rscm-pascabanjir-komisi-ix-alat-tomotherapy-untuk-kanker-terendam,"
Selasa, 25 Feb 2020 18:01 WIB "
"Jakarta Lagi-lagi Banjir, Upaya Anies Perbaiki Saluran Air Disorot Tajam",https://news.detik.com/berita/d-4914072/jakarta-lagi-lagi-banjir-upaya-anies-perbaiki-saluran-air-disorot-tajam,"
Selasa, 25 Feb 2020 17:46 WIB "
Ngeri-ngeri Sedap! Pak Polisi Jelaskan Banjir di Jakbar Sambil Pegang Ular,https://news.detik.com/berita/d-4914069/ngeri-ngeri-sedap-pak-polisi-jelaskan-banjir-di-jakbar-sambil-pegang-ular,"
Selasa, 25 Feb 2020 17:43 WIB "
Golkar DKI Dukung Pansus Banjir: Tak Ada Niat Politis,https://news.detik.com/berita/d-4914061/golkar-dki-dukung-pansus-banjir-tak-ada-niat-politis,"
Selasa, 25 Feb 2020 17:39 WIB "
Berikut Ini Jadwal Kereta Api ke Yogya yang Terdampak Banjir Jakarta,https://news.detik.com/berita-jawa-tengah/d-4914046/berikut-ini-jadwal-kereta-api-ke-yogya-yang-terdampak-banjir-jakarta,"
Selasa, 25 Feb 2020 17:30 WIB "
"Atasi Banjir Jakarta, PUPR Bangun Rumah Pompa-Siapkan Pompa Mobile",https://news.detik.com/berita/d-4914039/atasi-banjir-jakarta-pupr-bangun-rumah-pompa-siapkan-pompa-mobile,"
Selasa, 25 Feb 2020 17:26 WIB "
"Imbas Banjir, Pemprov DKI Angkut 13 Ton Sampah dari Pintu Air Manggarai",https://news.detik.com/berita/d-4914038/imbas-banjir-pemprov-dki-angkut-13-ton-sampah-dari-pintu-air-manggarai,"
Selasa, 25 Feb 2020 17:24 WIB "
"Imbas Banjir Jakarta, Ketua KPU-Anggota DPR Riezky Batal Diperiksa KPK",https://news.detik.com/berita/d-4914026/imbas-banjir-jakarta-ketua-kpu-anggota-dpr-riezky-batal-diperiksa-kpk,"
Selasa, 25 Feb 2020 17:20 WIB "
BMKG Prediksi Fenomena Cuaca Ekstrem Masih Akan Terjadi hingga 2040,https://news.detik.com/berita/d-4914015/bmkg-prediksi-fenomena-cuaca-ekstrem-masih-akan-terjadi-hingga-2040,"
Selasa, 25 Feb 2020 17:13 WIB "
"AEON Jakarta Garden City Diserang Warga, Polisi: Ada Miskomunikasi",https://news.detik.com/berita/d-4914003/aeon-jakarta-garden-city-diserang-warga-polisi-ada-miskomunikasi,"
Selasa, 25 Feb 2020 17:11 WIB "
"Gerinda DKI Setuju Pansus Banjir: Cari Solusi, Bukan Serang Pribadi",https://news.detik.com/berita/d-4914004/gerinda-dki-setuju-pansus-banjir-cari-solusi-bukan-serang-pribadi,"
Selasa, 25 Feb 2020 17:11 WIB "
Cerita Kepanikan Pegawai Saat AEON Jakarta Garden City Diserang Warga,https://news.detik.com/berita/d-4913996/cerita-kepanikan-pegawai-saat-aeon-jakarta-garden-city-diserang-warga,"
Selasa, 25 Feb 2020 17:08 WIB "
RS PGI Cikini Tepis Foto Viral Terendam Banjir,https://news.detik.com/berita/d-4913994/rs-pgi-cikini-tepis-foto-viral-terendam-banjir,"
Selasa, 25 Feb 2020 17:06 WIB "
Menteri PUPR soal Genangan di Istana: Air yang Mau Masuk Drainase,https://news.detik.com/berita/d-4913977/menteri-pupr-soal-genangan-di-istana-air-yang-mau-masuk-drainase,"
Selasa, 25 Feb 2020 17:03 WIB "
"RSCM Banjir, Komisi IX Soroti Jumlah Pompa Air RS Tak Memadai",https://news.detik.com/berita/d-4913959/rscm-banjir-komisi-ix-soroti-jumlah-pompa-air-rs-tak-memadai,"
Selasa, 25 Feb 2020 16:55 WIB "
"Atasi Banjir, Pihak AEON Jakarta Garden City Buat Sodetan Waduk ke BKT",https://news.detik.com/berita/d-4913958/atasi-banjir-pihak-aeon-jakarta-garden-city-buat-sodetan-waduk-ke-bkt,"
Selasa, 25 Feb 2020 16:54 WIB "
"Imbas Banjir Jakarta, Kereta Api di Cirebon Alami Keterlambatan",https://news.detik.com/berita-jawa-barat/d-4913888/imbas-banjir-jakarta-kereta-api-di-cirebon-alami-keterlambatan,"
Selasa, 25 Feb 2020 16:25 WIB "
Kapolda Dorong Pemprov Cari Solusi: Jakarta Tak Harus Selalu Kebanjiran,https://news.detik.com/berita/d-4913886/kapolda-dorong-pemprov-cari-solusi-jakarta-tak-harus-selalu-kebanjiran,"
Selasa, 25 Feb 2020 16:24 WIB "
"Banjir di Sekitar Underpass Kemayoran Surut, Warga Bersih-bersih Rumah",https://news.detik.com/berita/d-4913882/banjir-di-sekitar-underpass-kemayoran-surut-warga-bersih-bersih-rumah,"
Selasa, 25 Feb 2020 16:22 WIB "
"Dicek Komisi IX DPR, RSCM Sesalkan Kebanjiran Lagi",https://news.detik.com/berita/d-4913877/dicek-komisi-ix-dpr-rscm-sesalkan-kebanjiran-lagi,"
Selasa, 25 Feb 2020 16:18 WIB "
"Jabodetabek Diprediksi Cuaca Ekstrem Hingga Maret, Warga Diimbau Waspada",https://news.detik.com/berita/d-4913848/jabodetabek-diprediksi-cuaca-ekstrem-hingga-maret-warga-diimbau-waspada,"
Selasa, 25 Feb 2020 16:06 WIB "
"Tinjau Banjir di Jelambar, Kapolda Metro Beri Bantuan ke Warga",https://news.detik.com/berita/d-4913841/tinjau-banjir-di-jelambar-kapolda-metro-beri-bantuan-ke-warga,"
Selasa, 25 Feb 2020 16:00 WIB "
"Gulirkan Pansus Banjir Jakarta, PDIP: Beberapa Rumah Sakit Kali Ini Tergenang",https://news.detik.com/berita/d-4913819/gulirkan-pansus-banjir-jakarta-pdip-beberapa-rumah-sakit-kali-ini-tergenang,"
Selasa, 25 Feb 2020 15:53 WIB "
"Banjir di Halim Belum Surut, Jadi Wahana Bermain Bocah",https://news.detik.com/berita/d-4913820/banjir-di-halim-belum-surut-jadi-wahana-bermain-bocah,"
Selasa, 25 Feb 2020 15:53 WIB "
"Banjir, Penggugat Anies Belum Tahu Kapan 'Sidang Banjir' Dilanjutkan",https://news.detik.com/berita/d-4913817/banjir-penggugat-anies-belum-tahu-kapan-sidang-banjir-dilanjutkan,"
Selasa, 25 Feb 2020 15:52 WIB "
Lurah Kebon Kosong Sebut Banjir Underpass Kemayoran Baru Bisa Disedot Besok,https://news.detik.com/berita/d-4913815/lurah-kebon-kosong-sebut-banjir-underpass-kemayoran-baru-bisa-disedot-besok,"
Selasa, 25 Feb 2020 15:52 WIB "
"Tanggap Bencana Banjir Jakarta, Bank BRI Dirikan 4 Posko BRI Peduli",https://news.detik.com/berita/d-4913777/tanggap-bencana-banjir-jakarta-bank-bri-dirikan-4-posko-bri-peduli,"
Selasa, 25 Feb 2020 15:35 WIB "
Makam Ismail Marzuki di TPU Karet Bivak Ikut Terendam Banjir,https://news.detik.com/berita/d-4913772/makam-ismail-marzuki-di-tpu-karet-bivak-ikut-terendam-banjir,"
Selasa, 25 Feb 2020 15:32 WIB "
"Pemukiman Dekat Tol Bitung Banjir, Warga Sempat Naik ke Jalan",https://news.detik.com/berita-jawa-barat/d-4913769/pemukiman-dekat-tol-bitung-banjir-warga-sempat-naik-ke-jalan,"
Selasa, 25 Feb 2020 15:31 WIB "
"Sejumlah Lokasi di Bekasi Masih Terendam Banjir, Ini Sebarannya",https://news.detik.com/berita/d-4913764/sejumlah-lokasi-di-bekasi-masih-terendam-banjir-ini-sebarannya,"
Selasa, 25 Feb 2020 15:27 WIB "
"Banjir, Sidang Gugatan Korban Banjir vs Anies Ditunda",https://news.detik.com/berita/d-4913755/banjir-sidang-gugatan-korban-banjir-vs-anies-ditunda,"
Selasa, 25 Feb 2020 15:21 WIB "
"Sejumlah Titik di Jakarta Masih Banjir, Ganjil-Genap Sore Ini Ditiadakan",https://news.detik.com/berita/d-4913753/sejumlah-titik-di-jakarta-masih-banjir-ganjil-genap-sore-ini-ditiadakan,"
Selasa, 25 Feb 2020 15:20 WIB "
"BPBD: 10 Persen RW Jakarta Banjir, Paling Tinggi di Cawang 2 M",https://news.detik.com/berita/d-4913708/bpbd-10-persen-rw-jakarta-banjir-paling-tinggi-di-cawang-2-m,"
Selasa, 25 Feb 2020 14:49 WIB "
"Banjir Jakarta Hari Ini, 3.565 Warga Mengungsi di 40 Titik",https://news.detik.com/berita/d-4913686/banjir-jakarta-hari-ini-3-565-warga-mengungsi-di-40-titik,"
Selasa, 25 Feb 2020 14:39 WIB "
Kronologi Penyerangan Warga di AEON Mall Jakarta Garden City Cakung,https://news.detik.com/berita/d-4913668/kronologi-penyerangan-warga-di-aeon-mall-jakarta-garden-city-cakung,"
Selasa, 25 Feb 2020 14:33 WIB "
DPRD Sepakat Bentuk Pansus Selidiki Banjir Jakarta yang Terus Berulang,https://news.detik.com/berita/d-4913663/dprd-sepakat-bentuk-pansus-selidiki-banjir-jakarta-yang-terus-berulang,"
Selasa, 25 Feb 2020 14:30 WIB "
"Fadli Zon Sebut Jakarta Banjir Akibat Siklon Tropis, Ini Analisis LAPAN",https://news.detik.com/berita/d-4913658/fadli-zon-sebut-jakarta-banjir-akibat-siklon-tropis-ini-analisis-lapan,"
Selasa, 25 Feb 2020 14:26 WIB "
7 KA Relasi Jakarta ke Jateng-Jatim Tertahan di Stasiun Keberangkatan,https://news.detik.com/berita-jawa-tengah/d-4913654/7-ka-relasi-jakarta-ke-jateng-jatim-tertahan-di-stasiun-keberangkatan,"
Selasa, 25 Feb 2020 14:24 WIB "
Anies Sempat Datangi Lokasi Banjir Dekat AEON Mall JGC yang Picu Serangan,https://news.detik.com/berita/d-4913635/anies-sempat-datangi-lokasi-banjir-dekat-aeon-mall-jgc-yang-picu-serangan,"
Selasa, 25 Feb 2020 14:15 WIB "
"Jakarta Lagi-lagi Banjir, PDIP: Kerja Pemprov DKI Nggak Jelas",https://news.detik.com/berita/d-4913576/jakarta-lagi-lagi-banjir-pdip-kerja-pemprov-dki-nggak-jelas,"
Selasa, 25 Feb 2020 14:01 WIB "
"2020 Baru Jalan 2 Bulan, Underpass Kemayoran Sudah Banjir Berkali-kali",https://news.detik.com/berita/d-4913572/2020-baru-jalan-2-bulan-underpass-kemayoran-sudah-banjir-berkali-kali,"
Selasa, 25 Feb 2020 13:56 WIB "
Polisi Amankan 1 Orang Terkait Penyerangan di AEON Jakarta Garden City,https://news.detik.com/berita/d-4913555/polisi-amankan-1-orang-terkait-penyerangan-di-aeon-jakarta-garden-city,"
Selasa, 25 Feb 2020 13:49 WIB "
"Ferdinand PD Kebanjiran Lalu Serang Anies, Fadli Zon Menangkis",https://news.detik.com/berita/d-4913552/ferdinand-pd-kebanjiran-lalu-serang-anies-fadli-zon-menangkis,"
Selasa, 25 Feb 2020 13:48 WIB "
"Dituding Sebabkan Banjir, Ini Tanggapan Pengembang AEON Mall Cakung",https://news.detik.com/berita/d-4913535/dituding-sebabkan-banjir-ini-tanggapan-pengembang-aeon-mall-cakung,"
Selasa, 25 Feb 2020 13:44 WIB "
Video Penyerangan Massa ke AEON Mall JGC Cakung Soal Pemicu Banjir,https://news.detik.com/berita/d-4913529/video-penyerangan-massa-ke-aeon-mall-jgc-cakung-soal-pemicu-banjir,"
Selasa, 25 Feb 2020 13:39 WIB "
"TPU Karet Bivak Banjir 1 Meter, Makam-makam Kelelep",https://news.detik.com/berita/d-4913507/tpu-karet-bivak-banjir-1-meter-makam-makam-kelelep,"
Selasa, 25 Feb 2020 13:29 WIB "
"Soal Penyerangan di AEON Mall Cakung, Polisi: Warga Merasa Kebanjiran",https://news.detik.com/berita/d-4913506/soal-penyerangan-di-aeon-mall-cakung-polisi-warga-merasa-kebanjiran,"
Selasa, 25 Feb 2020 13:28 WIB "
"Bersih-bersih Usai Banjir, Cek Promo Belanja di e-Catalogue Transmart",https://news.detik.com/berita/d-4913484/bersih-bersih-usai-banjir-cek-promo-belanja-di-e-catalogue-transmart,"
Selasa, 25 Feb 2020 13:21 WIB "
"Sudah Kondusif, AEON Mall Cakung Masih Dijaga Polisi Usai Diserang Warga",https://news.detik.com/berita/d-4913482/sudah-kondusif-aeon-mall-cakung-masih-dijaga-polisi-usai-diserang-warga,"
Selasa, 25 Feb 2020 13:21 WIB "
"Istana Kebanjiran di Era Anies, Terjadi Juga Saat Jokowi-Ahok Memimpin",https://news.detik.com/berita/d-4913477/istana-kebanjiran-di-era-anies-terjadi-juga-saat-jokowi-ahok-memimpin,"
Selasa, 25 Feb 2020 13:16 WIB "
Kaca-kaca Toko di AEON Mall JGC Cakung Pecah Akibat Amukan Massa,https://news.detik.com/berita/d-4913464/kaca-kaca-toko-di-aeon-mall-jgc-cakung-pecah-akibat-amukan-massa,"
Selasa, 25 Feb 2020 13:07 WIB "
"Dari Manggarai, Gubernur Anies Baswedan Cek Pintu Air Karet",https://news.detik.com/berita/d-4913432/dari-manggarai-gubernur-anies-baswedan-cek-pintu-air-karet,"
Selasa, 25 Feb 2020 12:57 WIB "
"14 RT di Jelambar Terendam Banjir 70 Cm, 3 Unit Pompa Dikerahkan",https://news.detik.com/berita/d-4913400/14-rt-di-jelambar-terendam-banjir-70-cm-3-unit-pompa-dikerahkan,"
Selasa, 25 Feb 2020 12:39 WIB "
Seorang Pemotor Tewas Tabrak Trotoar Saat Terjang Banjir di Gambir,https://news.detik.com/berita/d-4913349/seorang-pemotor-tewas-tabrak-trotoar-saat-terjang-banjir-di-gambir,"
Selasa, 25 Feb 2020 12:29 WIB "
"Soal Penanganan Banjir Hari Ini, Anies: Izinkan Kami Bekerja",https://news.detik.com/berita/d-4913338/soal-penanganan-banjir-hari-ini-anies-izinkan-kami-bekerja,"
Selasa, 25 Feb 2020 12:25 WIB "
"Jalan Lodan Raya Ancol Banjir 50 CM, Motor Tak Bisa Melintas",https://news.detik.com/berita/d-4913327/jalan-lodan-raya-ancol-banjir-50-cm-motor-tak-bisa-melintas,"
Selasa, 25 Feb 2020 12:19 WIB "
Penumpang Kereta Daop Jakarta Terimbas Banjir Bisa Batalkan Tiket 3x24 Jam,https://news.detik.com/berita/d-4913326/penumpang-kereta-daop-jakarta-terimbas-banjir-bisa-batalkan-tiket-3x24-jam,"
Selasa, 25 Feb 2020 12:16 WIB "
Banjir 7 Meter yang Hampir Tenggelamkan Underpass Kemayoran Belum Disedot,https://news.detik.com/berita/d-4913320/banjir-7-meter-yang-hampir-tenggelamkan-underpass-kemayoran-belum-disedot,"
Selasa, 25 Feb 2020 12:12 WIB "
"Viral AEON Mall JGC Cakung Diserang Warga, Polisi Turun Tangan",https://news.detik.com/berita/d-4913316/viral-aeon-mall-jgc-cakung-diserang-warga-polisi-turun-tangan,"
Selasa, 25 Feb 2020 12:08 WIB "
"Jakarta Dikepung Banjir, Kadis SDA: Sungai Limpas Semua",https://news.detik.com/berita/d-4913314/jakarta-dikepung-banjir-kadis-sda-sungai-limpas-semua,"
Selasa, 25 Feb 2020 12:07 WIB "
"Genangan Air di Rutan Surut, KPK: Tak Ada Tahanan yang Dievakuasi",https://news.detik.com/berita/d-4913292/genangan-air-di-rutan-surut-kpk-tak-ada-tahanan-yang-dievakuasi,"
Selasa, 25 Feb 2020 11:58 WIB "
Komisi IX DPR Cek RSCM yang Sempat Kebanjiran,https://news.detik.com/berita/d-4913284/komisi-ix-dpr-cek-rscm-yang-sempat-kebanjiran,"
Selasa, 25 Feb 2020 11:52 WIB "
"Warga Bekasi Ditemukan Tewas, Diduga Tersengat Listrik saat Banjir",https://news.detik.com/berita/d-4913268/warga-bekasi-ditemukan-tewas-diduga-tersengat-listrik-saat-banjir,"
Selasa, 25 Feb 2020 11:47 WIB "
"Dampak Banjir Jakarta, Lima Jadwal Kereta Api ke Surabaya Terlambat",https://news.detik.com/berita-jawa-timur/d-4913244/dampak-banjir-jakarta-lima-jadwal-kereta-api-ke-surabaya-terlambat,"
Selasa, 25 Feb 2020 11:45 WIB "
Macet Parah di Tol Jagorawi arah Jakarta Akibat Genangan Air di KM 3,https://news.detik.com/berita/d-4913224/macet-parah-di-tol-jagorawi-arah-jakarta-akibat-genangan-air-di-km-3,"
Selasa, 25 Feb 2020 11:30 WIB "
"Underpass Senen Banjir 1,5 M, Ada Truk TNI Nyangkut",https://news.detik.com/berita/d-4913220/underpass-senen-banjir-1-5-m-ada-truk-tni-nyangkut,"
Selasa, 25 Feb 2020 11:26 WIB "
"Underpass Tol Cawang Banjir, Tak Bisa Dilalui Semua Kendaraan",https://news.detik.com/berita/d-4913216/underpass-tol-cawang-banjir-tak-bisa-dilalui-semua-kendaraan,"
Selasa, 25 Feb 2020 11:23 WIB "
Jadwal 5 Kereta Api Melintas-Tujuan Semarang Terdampak Banjir Jakarta,https://news.detik.com/berita-jawa-tengah/d-4913197/jadwal-5-kereta-api-melintas-tujuan-semarang-terdampak-banjir-jakarta,"
Selasa, 25 Feb 2020 11:20 WIB "
"Jalan Daan Mogot Jakbar Banjir, Kendaraan Tak Bisa Melintas",https://news.detik.com/berita/d-4913198/jalan-daan-mogot-jakbar-banjir-kendaraan-tak-bisa-melintas,"
Selasa, 25 Feb 2020 11:20 WIB "
LAPAN: Banjir Jakarta Karena Penguatan Angin dari Laut Tiongkok Selatan,https://news.detik.com/berita/d-4913195/lapan-banjir-jakarta-karena-penguatan-angin-dari-laut-tiongkok-selatan,"
Selasa, 25 Feb 2020 11:18 WIB "
"12 RW Sekitar Underpass Kemayoran Banjir, Warga: Ini Paling Parah",https://news.detik.com/berita/d-4913194/12-rw-sekitar-underpass-kemayoran-banjir-warga-ini-paling-parah,"
Selasa, 25 Feb 2020 11:17 WIB "
"Underpass Kemayoran Hampir Tenggelam, Banjir Capai 7 Meter",https://news.detik.com/berita/d-4913190/underpass-kemayoran-hampir-tenggelam-banjir-capai-7-meter,"
Selasa, 25 Feb 2020 11:14 WIB "
Anies Minta Jajaran Fokus Tangani Banjir: Jangan Posting Foto Seremonial!,https://news.detik.com/berita/d-4913189/anies-minta-jajaran-fokus-tangani-banjir-jangan-posting-foto-seremonial,"
Selasa, 25 Feb 2020 11:13 WIB "
"Pintu Air Marina Ancol Siaga 2, Petugas: Nggak Akan Meluap",https://news.detik.com/berita/d-4913175/pintu-air-marina-ancol-siaga-2-petugas-nggak-akan-meluap,"
Selasa, 25 Feb 2020 11:10 WIB "
"Jakarta Banjir, Ini 9 Poin Arahan Gubernur Anies Baswedan",https://news.detik.com/berita/d-4913172/jakarta-banjir-ini-9-poin-arahan-gubernur-anies-baswedan,"
Selasa, 25 Feb 2020 11:07 WIB "
"Stasiun Sudirman Masih Tergenang, Loket Ditutup",https://news.detik.com/berita/d-4913159/stasiun-sudirman-masih-tergenang-loket-ditutup,"
Selasa, 25 Feb 2020 11:06 WIB "
"Jakarta Dikepung Banjir, Gubernur Anies: Kami Kerja Sejak Dini Hari",https://news.detik.com/berita/d-4913155/jakarta-dikepung-banjir-gubernur-anies-kami-kerja-sejak-dini-hari,"
Selasa, 25 Feb 2020 11:00 WIB "
"Anies: Perkiraan BMKG, Hingga Maret Kita Masih Hadapi Cuaca Ekstrem",https://news.detik.com/berita/d-4913140/anies-perkiraan-bmkg-hingga-maret-kita-masih-hadapi-cuaca-ekstrem,"
Selasa, 25 Feb 2020 10:57 WIB "
Genangan di Istana Kepresidenan Surut Pukul 07.00 WIB,https://news.detik.com/berita/d-4913139/genangan-di-istana-kepresidenan-surut-pukul-07-00-wib,"
Selasa, 25 Feb 2020 10:56 WIB "
"Banjir Kepung Jakarta, Anies: Karena Air Lokal, Bukan Kiriman",https://news.detik.com/berita/d-4913136/banjir-kepung-jakarta-anies-karena-air-lokal-bukan-kiriman,"
Selasa, 25 Feb 2020 10:55 WIB "
Anies Baswedan: Lebih dari 200 RW Terdampak Banjir Jakarta Hari Ini,https://news.detik.com/berita/d-4913124/anies-baswedan-lebih-dari-200-rw-terdampak-banjir-jakarta-hari-ini,"
Selasa, 25 Feb 2020 10:52 WIB "
"Jakarta Hujan Deras, RSCM Kebanjiran Lagi",https://news.detik.com/berita/d-4913123/jakarta-hujan-deras-rscm-kebanjiran-lagi,"
Selasa, 25 Feb 2020 10:51 WIB "
Ini Peta Sebaran Hujan di Jabodetabek Dalam 24 Jam Terakhir,https://news.detik.com/berita/d-4913121/ini-peta-sebaran-hujan-di-jabodetabek-dalam-24-jam-terakhir,"
Selasa, 25 Feb 2020 10:48 WIB "
"Tol Jagorawi arah Jakarta Macet Parah, Kecepatan Kurang dari 5 Km/Jam",https://news.detik.com/berita/d-4913119/tol-jagorawi-arah-jakarta-macet-parah-kecepatan-kurang-dari-5-km-jam,"
Selasa, 25 Feb 2020 10:45 WIB "
Tawa Warga Pecah Lihat Tukang Sayur Terobos Banjir di Kalimalang Naik Becak,https://news.detik.com/berita/d-4913117/tawa-warga-pecah-lihat-tukang-sayur-terobos-banjir-di-kalimalang-naik-becak,"
Selasa, 25 Feb 2020 10:42 WIB "
"Kali Krukut Meluap, Jalan Widya Chandra Jaksel Banjir 50-60 Cm",https://news.detik.com/berita/d-4913114/kali-krukut-meluap-jalan-widya-chandra-jaksel-banjir-50-60-cm,"
Selasa, 25 Feb 2020 10:40 WIB "
Polda Metro Terjunkan 450 Personel Atur Lalin di 42 Titik Banjir DKI,https://news.detik.com/berita/d-4913113/polda-metro-terjunkan-450-personel-atur-lalin-di-42-titik-banjir-dki,"
Selasa, 25 Feb 2020 10:39 WIB "
"Jalan Arjuna Utara Jakbar Macet, Pengendara Motor Masuk Tol Kebon Jeruk",https://news.detik.com/berita/d-4913087/jalan-arjuna-utara-jakbar-macet-pengendara-motor-masuk-tol-kebon-jeruk,"
Selasa, 25 Feb 2020 10:33 WIB "
Video Istana Presiden Terendam Banjir,https://news.detik.com/berita/d-4913086/video-istana-presiden-terendam-banjir,"
Selasa, 25 Feb 2020 10:33 WIB "
Penjelasan PUPR soal Genangan di Masjid Kompleks Istana Kepresidenan,https://news.detik.com/berita/d-4913085/penjelasan-pupr-soal-genangan-di-masjid-kompleks-istana-kepresidenan,"
Selasa, 25 Feb 2020 10:32 WIB "
36 Rute TransJakarta dan JakLingko Tak Beroperasi karena Banjir,https://news.detik.com/berita/d-4913084/36-rute-transjakarta-dan-jaklingko-tak-beroperasi-karena-banjir,"
Selasa, 25 Feb 2020 10:31 WIB "
"Terimbas Banjir, 10 Perjalanan Kereta Api Jarak Jauh Terganggu",https://news.detik.com/berita/d-4913082/terimbas-banjir-10-perjalanan-kereta-api-jarak-jauh-terganggu,"
Selasa, 25 Feb 2020 10:28 WIB "
"Banjir di Jalan Kalimalang, Motor Boleh Masuk Tol Becakayu",https://news.detik.com/berita/d-4913077/banjir-di-jalan-kalimalang-motor-boleh-masuk-tol-becakayu,"
Selasa, 25 Feb 2020 10:25 WIB "
"Kawasan Benhil Terendam Banjir, Lalu Lintas Lumpuh!",https://news.detik.com/berita/d-4913069/kawasan-benhil-terendam-banjir-lalu-lintas-lumpuh,"
Selasa, 25 Feb 2020 10:21 WIB "
"Hujan Deras Semalaman, Perumahan di Pancoran Barat Banjir 40 cm",https://news.detik.com/berita/d-4913068/hujan-deras-semalaman-perumahan-di-pancoran-barat-banjir-40-cm,"
Selasa, 25 Feb 2020 10:19 WIB "
"Dampak Banjir Jakarta Hari Ini, 142 Sekolah Diliburkan!",https://news.detik.com/berita/d-4913067/dampak-banjir-jakarta-hari-ini-142-sekolah-diliburkan,"
Selasa, 25 Feb 2020 10:15 WIB "
"Sekolah Libur Gegara Banjir Jakarta Hari Ini, Anak-anak Berenang di Air Bah",https://news.detik.com/berita/d-4913052/sekolah-libur-gegara-banjir-jakarta-hari-ini-anak-anak-berenang-di-air-bah,"
Selasa, 25 Feb 2020 10:10 WIB "
Petugas Sedot Genangan di Rutan KPK Imbas Banjir Jakarta Hari Ini,https://news.detik.com/berita/d-4913050/petugas-sedot-genangan-di-rutan-kpk-imbas-banjir-jakarta-hari-ini,"
Selasa, 25 Feb 2020 10:02 WIB "
Underpass Jalan Angkasa Kemayoran Kebanjiran dan Tak Bisa Dilalui,https://news.detik.com/berita/d-4913048/underpass-jalan-angkasa-kemayoran-kebanjiran-dan-tak-bisa-dilalui,"
Selasa, 25 Feb 2020 09:59 WIB "
"Banjir Jakarta, Jalan Budi Utomo Arah Gunung Sahari Macet Parah",https://news.detik.com/berita/d-4913042/banjir-jakarta-jalan-budi-utomo-arah-gunung-sahari-macet-parah,"
Selasa, 25 Feb 2020 09:52 WIB "
"Pintu Air Manggarai Siaga 2, Petugas: Sampahnya Masih Kondusif",https://news.detik.com/berita/d-4913025/pintu-air-manggarai-siaga-2-petugas-sampahnya-masih-kondusif,"
Selasa, 25 Feb 2020 09:36 WIB "
"Usai 5 Tahun Aman, Kawasan di Cipinang Ini Jadi Sering Banjir Lagi",https://news.detik.com/berita/d-4913020/usai-5-tahun-aman-kawasan-di-cipinang-ini-jadi-sering-banjir-lagi,"
Selasa, 25 Feb 2020 09:32 WIB "
Ini Titik-titik Jalanan DKI Jakarta yang Tergenang Banjir,https://news.detik.com/berita/d-4913014/ini-titik-titik-jalanan-dki-jakarta-yang-tergenang-banjir,"
Selasa, 25 Feb 2020 09:23 WIB "
"KBB Meluap, Stasiun Tanah Abang Tergenang",https://news.detik.com/berita/d-4913012/kbb-meluap-stasiun-tanah-abang-tergenang,"
Selasa, 25 Feb 2020 09:21 WIB "
Pemandangan Saat Bundaran Patung Kuda Dekat Monas Kebanjiran,https://news.detik.com/berita/d-4912997/pemandangan-saat-bundaran-patung-kuda-dekat-monas-kebanjiran,"
Selasa, 25 Feb 2020 09:13 WIB "
"Genangan 50 Cm di Jalan Kapten Tendean Arah Blok M, Motor Nekat Melintas",https://news.detik.com/berita/d-4912992/genangan-50-cm-di-jalan-kapten-tendean-arah-blok-m-motor-nekat-melintas,"
Selasa, 25 Feb 2020 09:05 WIB "
"Rutan Tergenang Air, KPK Siapkan Tempat Evakuasi Tahanan",https://news.detik.com/berita/d-4912989/rutan-tergenang-air-kpk-siapkan-tempat-evakuasi-tahanan,"
Selasa, 25 Feb 2020 09:04 WIB "
Istana Kepresidenan Jakarta Tergenang!,https://news.detik.com/berita/d-4912976/istana-kepresidenan-jakarta-tergenang,"
Selasa, 25 Feb 2020 08:56 WIB "
"Jakarta Banjir, Motor Bisa Melintas di 3 Tol Ini",https://news.detik.com/berita/d-4912966/jakarta-banjir-motor-bisa-melintas-di-3-tol-ini,"
Selasa, 25 Feb 2020 08:52 WIB "
"Jakarta Banjir di Mana-mana, Hati-hati Lintasi Jl Sudirman Depan Atma Jaya",https://news.detik.com/berita/d-4912961/jakarta-banjir-di-mana-mana-hati-hati-lintasi-jl-sudirman-depan-atma-jaya,"
Selasa, 25 Feb 2020 08:42 WIB "
"Rel Stasiun Sudirman Tergenang, Penumpang KRL di Stasiun Cilebut Menumpuk",https://news.detik.com/berita/d-4912959/rel-stasiun-sudirman-tergenang-penumpang-krl-di-stasiun-cilebut-menumpuk,"
Selasa, 25 Feb 2020 08:40 WIB "
Bundaran Patung Kuda Dekat Monas Tergenang,https://news.detik.com/berita/d-4912958/bundaran-patung-kuda-dekat-monas-tergenang,"
Selasa, 25 Feb 2020 08:37 WIB "
"Jakarta Banjir, Ganjil Genap Ditiadakan Hari Ini",https://news.detik.com/berita/d-4912950/jakarta-banjir-ganjil-genap-ditiadakan-hari-ini,"
Selasa, 25 Feb 2020 08:21 WIB "
"Jl MH Thamrin Depan Sarinah Banjir, Hati-hati Melintas",https://news.detik.com/berita/d-4912944/jl-mh-thamrin-depan-sarinah-banjir-hati-hati-melintas,"
Selasa, 25 Feb 2020 08:00 WIB "
Beberapa Ruas Tol di Jakarta Tergenang Pagi Ini,https://news.detik.com/berita/d-4912939/beberapa-ruas-tol-di-jakarta-tergenang-pagi-ini,"
Selasa, 25 Feb 2020 07:54 WIB "
Anies Vs Prabowo di 3 Survei Capres 2024,https://news.detik.com/berita/d-4912932/anies-vs-prabowo-di-3-survei-capres-2024,"
Selasa, 25 Feb 2020 07:42 WIB "
"Pagi ini, Bendungan Katulampa Siaga 4, Pintu Air Manggarai Siaga 2",https://news.detik.com/berita/d-4912927/pagi-ini-bendungan-katulampa-siaga-4-pintu-air-manggarai-siaga-2,"
Selasa, 25 Feb 2020 07:36 WIB "
"Jalan Medan Merdeka Timur Tergenang, Lalu Lintas Arah Monas Macet",https://news.detik.com/berita/d-4912914/jalan-medan-merdeka-timur-tergenang-lalu-lintas-arah-monas-macet,"
Selasa, 25 Feb 2020 07:31 WIB "
Underpass Kemayoran Jakarta Kebanjiran Lagi,https://news.detik.com/berita/d-4912907/underpass-kemayoran-jakarta-kebanjiran-lagi,"
Selasa, 25 Feb 2020 07:24 WIB "
Jatibening Permai Bekasi Diterjang Banjir Sejak Dini Hari,https://news.detik.com/berita/d-4912902/jatibening-permai-bekasi-diterjang-banjir-sejak-dini-hari,"
Selasa, 25 Feb 2020 07:11 WIB "
Tolong! Tolong! Permukiman Cipinang Melayu Ini Tenggelam,https://news.detik.com/berita/d-4912896/tolong-tolong-permukiman-cipinang-melayu-ini-tenggelam,"
Selasa, 25 Feb 2020 06:56 WIB "
"Jalanan Jakarta Tergenang: Kelapa Gading, Pulo Gadung, hingga Kemang",https://news.detik.com/berita/d-4912866/jalanan-jakarta-tergenang-kelapa-gading-pulo-gadung-hingga-kemang,"
Selasa, 25 Feb 2020 06:31 WIB "
BMKG: Jabodetabek Bakal Diguyur Hujan hingga Pukul 10.00 WIB,https://news.detik.com/berita/d-4912864/bmkg-jabodetabek-bakal-diguyur-hujan-hingga-pukul-10-00-wib,"
Selasa, 25 Feb 2020 06:20 WIB "
"Banjir di Jalan Satria Grogol, Sedan Diimbau Tak Melintas",https://news.detik.com/berita/d-4912861/banjir-di-jalan-satria-grogol-sedan-diimbau-tak-melintas,"
Selasa, 25 Feb 2020 06:04 WIB "
"Banjir di Mampang Prapatan, Semua Kendaraan Bermotor Tak Bisa Lewat",https://news.detik.com/berita/d-4912856/banjir-di-mampang-prapatan-semua-kendaraan-bermotor-tak-bisa-lewat,"
Selasa, 25 Feb 2020 05:52 WIB "
"Jalan Gunung Sahari Jakarta Pusat Banjir, Hati-hati Melintas",https://news.detik.com/berita/d-4912851/jalan-gunung-sahari-jakarta-pusat-banjir-hati-hati-melintas,"
Selasa, 25 Feb 2020 05:31 WIB "
Rawalumbu Bekasi Banjir Selutut dan Gelap karena Listrik Padam,https://news.detik.com/berita/d-4912849/rawalumbu-bekasi-banjir-selutut-dan-gelap-karena-listrik-padam,"
Selasa, 25 Feb 2020 05:26 WIB "
"Pintu Air Karet Siaga 1 dan Manggarai Siaga 2, Awas Banjir!",https://news.detik.com/berita/d-4912847/pintu-air-karet-siaga-1-dan-manggarai-siaga-2-awas-banjir,"
Selasa, 25 Feb 2020 04:55 WIB "
"Sejak Dini Hari, Bidara Cina Jatinegara Banjir 1,8 Meter",https://news.detik.com/berita/d-4912846/sejak-dini-hari-bidara-cina-jatinegara-banjir-1-8-meter,"
Selasa, 25 Feb 2020 04:46 WIB "
"Tebet Jakarta Selatan Banjir, Hujan Deras Masih Terus Turun",https://news.detik.com/berita/d-4912839/tebet-jakarta-selatan-banjir-hujan-deras-masih-terus-turun,"
Selasa, 25 Feb 2020 03:33 WIB "
"Dini Hari, Sejumlah Titik di Jakarta Timur dan Bekasi Banjir",https://news.detik.com/berita/d-4912838/dini-hari-sejumlah-titik-di-jakarta-timur-dan-bekasi-banjir,"
Selasa, 25 Feb 2020 03:19 WIB "
"Hujan Deras, Banjir Melanda Pejaten Timur Jaksel",https://news.detik.com/berita/d-4912837/hujan-deras-banjir-melanda-pejaten-timur-jaksel,"
Selasa, 25 Feb 2020 03:13 WIB "
"Dini Hari, Warga Bantaran Kali Jakarta Diimbau Waspada Banjir",https://news.detik.com/berita/d-4912836/dini-hari-warga-bantaran-kali-jakarta-diimbau-waspada-banjir,"
Selasa, 25 Feb 2020 02:57 WIB "
BNPB: Drainase Buruk Penyebab Banjir di Perumahan Harapan Indah Bekasi,https://news.detik.com/berita/d-4912831/bnpb-drainase-buruk-penyebab-banjir-di-perumahan-harapan-indah-bekasi,"
Selasa, 25 Feb 2020 01:58 WIB "
"Ingin Sodetan Ciliwung Segera Selesai, PUPR: Bisa Alirkan 60 M Kubik Banjir",https://news.detik.com/berita/d-4912541/ingin-sodetan-ciliwung-segera-selesai-pupr-bisa-alirkan-60-m-kubik-banjir,"
Senin, 24 Feb 2020 18:54 WIB "
"Persaingan Prabowo-Anies, Menerka Arah Dukungan Gerindra di Jakarta",https://news.detik.com/berita/d-4912454/persaingan-prabowo-anies-menerka-arah-dukungan-gerindra-di-jakarta,"
Senin, 24 Feb 2020 18:19 WIB "
"Kawasan KBN Jakut Masih Terendam Banjir, Motor Diizinkan Masuk Tol",https://news.detik.com/berita/d-4912295/kawasan-kbn-jakut-masih-terendam-banjir-motor-diizinkan-masuk-tol,"
Senin, 24 Feb 2020 17:13 WIB "
Dinas Bina Marga Jelaskan soal Saluran Air di Trotoar RSCM Tak Bisa Dibuka,https://news.detik.com/berita/d-4912247/dinas-bina-marga-jelaskan-soal-saluran-air-di-trotoar-rscm-tak-bisa-dibuka,"
Senin, 24 Feb 2020 16:48 WIB "
"Viral Truk Trailer Melintang di Jl Letjen Suprapto Jakpus, Ini Faktanya",https://news.detik.com/berita/d-4912141/viral-truk-trailer-melintang-di-jl-letjen-suprapto-jakpus-ini-faktanya,"
Senin, 24 Feb 2020 15:57 WIB "
"Stafsus Jokowi Belva Sempat Mengungsi karena Banjir, Begini Ceritanya",https://news.detik.com/berita/d-4912064/stafsus-jokowi-belva-sempat-mengungsi-karena-banjir-begini-ceritanya,"
Senin, 24 Feb 2020 15:24 WIB "
Anies Baswedan Ungkap Penanganan Banjir Jakarta 23 Februari,https://news.detik.com/berita/d-4911829/anies-baswedan-ungkap-penanganan-banjir-jakarta-23-februari,"
Senin, 24 Feb 2020 13:39 WIB "
2.393 Jiwa Masih Mengungsi Pascabanjir di Jakarta,https://news.detik.com/berita/d-4911497/2-393-jiwa-masih-mengungsi-pascabanjir-di-jakarta,"
Senin, 24 Feb 2020 10:53 WIB "
"Rute TransJakarta Masih Terganggu karena Banjir, Ini Daftarnya",https://news.detik.com/berita/d-4911425/rute-transjakarta-masih-terganggu-karena-banjir-ini-daftarnya,"
Senin, 24 Feb 2020 10:17 WIB "
"Tinggi Muka Air Sempat 100 Cm, Bendung Katulampa Saat Ini Siaga IV",https://news.detik.com/berita/d-4911394/tinggi-muka-air-sempat-100-cm-bendung-katulampa-saat-ini-siaga-iv,"
Senin, 24 Feb 2020 09:47 WIB "
"Anies Capres Potensial di Survei, Golkar: Belanda Masih Jauh Fokus Jakarta Saja",https://news.detik.com/berita/d-4911374/anies-capres-potensial-di-survei-golkar-belanda-masih-jauh-fokus-jakarta-saja,"
Senin, 24 Feb 2020 09:35 WIB "
"Banjir Underpass Kemayoran Surut, Kendaraan Bisa Melintas Satu Jalur",https://news.detik.com/berita/d-4911354/banjir-underpass-kemayoran-surut-kendaraan-bisa-melintas-satu-jalur,"
Senin, 24 Feb 2020 09:10 WIB "
Gerindra DKI Bela Anies soal Banjir Jakarta: Itu Masalah Rumit dan Kompleks,https://news.detik.com/berita/d-4911352/gerindra-dki-bela-anies-soal-banjir-jakarta-itu-masalah-rumit-dan-kompleks,"
Senin, 24 Feb 2020 09:05 WIB "
"NasDem soal Anies Capres Potensial di 2024: Nilainya Baru 5, Masih Banyak PR",https://news.detik.com/berita/d-4911337/nasdem-soal-anies-capres-potensial-di-2024-nilainya-baru-5-masih-banyak-pr,"
Senin, 24 Feb 2020 08:54 WIB "
"2 Titik Banjir di Jakut, Kendaraan Tak Bisa Melintas",https://news.detik.com/berita/d-4911316/2-titik-banjir-di-jakut-kendaraan-tak-bisa-melintas,"
Senin, 24 Feb 2020 08:09 WIB "
"Banjir DKI Jadi Sorotan, Fraksi Golkar DKI Minta Pansus Cepat Dibentuk",https://news.detik.com/berita/d-4911308/banjir-dki-jadi-sorotan-fraksi-golkar-dki-minta-pansus-cepat-dibentuk,"
Senin, 24 Feb 2020 07:45 WIB "
Beda Elektabilitas Anies di 2 Survei Capres 2024,https://news.detik.com/berita/d-4911302/beda-elektabilitas-anies-di-2-survei-capres-2024,"
Senin, 24 Feb 2020 07:06 WIB "
"Elektabilitas Anies Disebut Turun Gegara Banjir, PDIP DKI: Realistis Itu Betul",https://news.detik.com/berita/d-4911299/elektabilitas-anies-disebut-turun-gegara-banjir-pdip-dki-realistis-itu-betul,"
Senin, 24 Feb 2020 07:00 WIB "
"Banjir Underpass Kemayoran Surut, Kendaraan Masih Belum Dapat Melintas",https://news.detik.com/berita/d-4911288/banjir-underpass-kemayoran-surut-kendaraan-masih-belum-dapat-melintas,"
Senin, 24 Feb 2020 06:35 WIB "
"Ada Genangan, Jalan Arteri Cakung Tak Bisa Dilintasi Kendaraan",https://news.detik.com/berita/d-4911262/ada-genangan-jalan-arteri-cakung-tak-bisa-dilintasi-kendaraan,"
Senin, 24 Feb 2020 04:35 WIB "
"Sempat Dipadamkan Karena Hujan, PLN Kembali Hidupkan Listrik 247 Gardu",https://news.detik.com/berita/d-4911225/sempat-dipadamkan-karena-hujan-pln-kembali-hidupkan-listrik-247-gardu,"
Senin, 24 Feb 2020 00:57 WIB "
Sebagian Wilayah Jabodetabek Diprediksi Hujan Lebat Hingga Dini Hari,https://news.detik.com/berita/d-4911182/sebagian-wilayah-jabodetabek-diprediksi-hujan-lebat-hingga-dini-hari,"
Minggu, 23 Feb 2020 22:49 WIB "
Banjir DKI Jakarta 23 Februari Dalam Angka,https://news.detik.com/berita/d-4911171/banjir-dki-jakarta-23-februari-dalam-angka,"
Minggu, 23 Feb 2020 21:33 WIB "
Ketua DPRD DKI: Masih Hujan Lokal Aja Banjir,https://news.detik.com/berita/d-4911114/ketua-dprd-dki-masih-hujan-lokal-aja-banjir,"
Minggu, 23 Feb 2020 20:38 WIB "
"Underpass Kemayoran Masih Banjir 1,6 Meter, Diperkirakan Surut Besok",https://news.detik.com/berita/d-4911086/underpass-kemayoran-masih-banjir-1-6-meter-diperkirakan-surut-besok,"
Minggu, 23 Feb 2020 20:09 WIB "
"Sejumlah Kelurahan Sudah Surut, Ini Update Banjir Jakarta Pukul 18.00 WIB",https://news.detik.com/berita/d-4911076/sejumlah-kelurahan-sudah-surut-ini-update-banjir-jakarta-pukul-18-00-wib,"
Minggu, 23 Feb 2020 19:28 WIB "
"Soal Banjir di Menteng, Ketua DPRD DKI Soroti Nasib Bak Kontrol",https://news.detik.com/berita/d-4911073/soal-banjir-di-menteng-ketua-dprd-dki-soroti-nasib-bak-kontrol,"
Minggu, 23 Feb 2020 19:17 WIB "
Ketua DPRD DKI Soroti Saluran Air Dekat RSCM Tersumbat,https://news.detik.com/berita/d-4910990/ketua-dprd-dki-soroti-saluran-air-dekat-rscm-tersumbat,"
Minggu, 23 Feb 2020 17:24 WIB "
Jalan Boulevard Kelapa Gading Masih Banjir 30 Cm,https://news.detik.com/berita/d-4910968/jalan-boulevard-kelapa-gading-masih-banjir-30-cm,"
Minggu, 23 Feb 2020 17:00 WIB "
"Elektabilitas Anies Disebut Turun karena Banjir, PKS: Harapan Publik Tinggi",https://news.detik.com/berita/d-4910958/elektabilitas-anies-disebut-turun-karena-banjir-pks-harapan-publik-tinggi,"
Minggu, 23 Feb 2020 16:52 WIB "
Warga Korban Banjir Cipinang Melayu Masih Bertahan di Pengungsian,https://news.detik.com/berita/d-4910955/warga-korban-banjir-cipinang-melayu-masih-bertahan-di-pengungsian,"
Minggu, 23 Feb 2020 16:48 WIB "
Damkar Sebut Banjir di RSCM Akibat Debit Air Terlalu Besar,https://news.detik.com/berita/d-4910938/damkar-sebut-banjir-di-rscm-akibat-debit-air-terlalu-besar,"
Minggu, 23 Feb 2020 16:30 WIB "
Depan Pintu Tol Sunter Masih Tergenang Banjir,https://news.detik.com/berita/d-4910914/depan-pintu-tol-sunter-masih-tergenang-banjir,"
Minggu, 23 Feb 2020 16:07 WIB "
Menkes Terawan Minta Alat-alat di RSCM yang Terendam Segera Dikeringkan,https://news.detik.com/berita/d-4910909/menkes-terawan-minta-alat-alat-di-rscm-yang-terendam-segera-dikeringkan,"
Minggu, 23 Feb 2020 16:00 WIB "
"Sudah 9 Jam, Perumahan di Rorotan Jakut Masih Terendam Banjir 50 Cm",https://news.detik.com/berita/d-4910901/sudah-9-jam-perumahan-di-rorotan-jakut-masih-terendam-banjir-50-cm,"
Minggu, 23 Feb 2020 15:54 WIB "
"Atasi Banjir Kemang, Walkot Jaksel Upayakan Pembebasan Lahan Pinggir Kali",https://news.detik.com/berita/d-4910894/atasi-banjir-kemang-walkot-jaksel-upayakan-pembebasan-lahan-pinggir-kali,"
Minggu, 23 Feb 2020 15:34 WIB "
Walkot Jaksel Sebut Warga Pinggir Kali di Kemang Utara yang Kebanjiran Enjoy,https://news.detik.com/berita/d-4910884/walkot-jaksel-sebut-warga-pinggir-kali-di-kemang-utara-yang-kebanjiran-enjoy,"
Minggu, 23 Feb 2020 15:11 WIB "
Survei PPI: Elektabilitas Anies Baswedan Terjun Bebas karena Banjir,https://news.detik.com/berita/d-4910866/survei-ppi-elektabilitas-anies-baswedan-terjun-bebas-karena-banjir,"
Minggu, 23 Feb 2020 14:52 WIB "
"Kebanjiran, RSCM Ungkap Alat Radioterapi-Radiologi Sempat Terendam",https://news.detik.com/berita/d-4910845/kebanjiran-rscm-ungkap-alat-radioterapi-radiologi-sempat-terendam,"
Minggu, 23 Feb 2020 14:22 WIB "
"Usai Cek Genangan di Cempaka Putih, Anies Tinjau Pintu Air Serdang",https://news.detik.com/berita/d-4910831/usai-cek-genangan-di-cempaka-putih-anies-tinjau-pintu-air-serdang,"
Minggu, 23 Feb 2020 14:05 WIB "
Pemakaman Warga di Penggilingan Jaktim Terganggu Banjir,https://news.detik.com/berita/d-4910822/pemakaman-warga-di-penggilingan-jaktim-terganggu-banjir,"
Minggu, 23 Feb 2020 13:56 WIB "
74 Ruas Jalan di Jakarta Terendam Banjir,https://news.detik.com/berita/d-4910795/74-ruas-jalan-di-jakarta-terendam-banjir,"
Minggu, 23 Feb 2020 13:33 WIB "
"Banjir DKI Rendam 62 Kelurahan-2.399 Warga Mengungsi, Ini Data Curah Hujan",https://news.detik.com/berita/d-4910788/banjir-dki-rendam-62-kelurahan-2-399-warga-mengungsi-ini-data-curah-hujan,"
Minggu, 23 Feb 2020 13:26 WIB "
Warga Mengeluh Kemang Utara 6 Kali Kebanjiran di Awal 2020,https://news.detik.com/berita/d-4910787/warga-mengeluh-kemang-utara-6-kali-kebanjiran-di-awal-2020,"
Minggu, 23 Feb 2020 13:25 WIB "
"62 Kelurahan di Jakarta Terendam Banjir, 2.399 Warga Mengungsi",https://news.detik.com/berita/d-4910770/62-kelurahan-di-jakarta-terendam-banjir-2-399-warga-mengungsi,"
Minggu, 23 Feb 2020 13:11 WIB "
"62 Kelurahan di Jakarta Terendam Banjir, Ini Data Lengkapnya",https://news.detik.com/berita/d-4910766/62-kelurahan-di-jakarta-terendam-banjir-ini-data-lengkapnya,"
Minggu, 23 Feb 2020 13:08 WIB "
"Jl Yos Sudarso Ditutup Akibat Banjir, Motor Boleh Masuk Tol",https://news.detik.com/berita/d-4910742/jl-yos-sudarso-ditutup-akibat-banjir-motor-boleh-masuk-tol,"
Minggu, 23 Feb 2020 12:24 WIB "
Bu RT di Jalan Anyer Menteng: Ini Banjir Paling Parah,https://news.detik.com/berita/d-4910739/bu-rt-di-jalan-anyer-menteng-ini-banjir-paling-parah,"
Minggu, 23 Feb 2020 12:18 WIB "
"Sempat Rendam Rumah Warga, Banjir di Tebet Timur Surut",https://news.detik.com/berita/d-4910735/sempat-rendam-rumah-warga-banjir-di-tebet-timur-surut,"
Minggu, 23 Feb 2020 12:13 WIB "
"RSCM Kebanjiran, Sejumlah Alat Medis Rusak",https://news.detik.com/berita/d-4910729/rscm-kebanjiran-sejumlah-alat-medis-rusak,"
Minggu, 23 Feb 2020 12:06 WIB "
"Jl Ahmad Yani-Jl Yos Sudarso Banjir, Kendaraan Tak Bisa Melintas",https://news.detik.com/berita/d-4910720/jl-ahmad-yani-jl-yos-sudarso-banjir-kendaraan-tak-bisa-melintas,"
Minggu, 23 Feb 2020 11:55 WIB "
"Warga Jalan Anyer Menteng Sebut Banjir Seperti Tsunami, Tingginya 1,5 M",https://news.detik.com/berita/d-4910710/warga-jalan-anyer-menteng-sebut-banjir-seperti-tsunami-tingginya-1-5-m,"
Minggu, 23 Feb 2020 11:50 WIB "
"Underpass Kemayoran Masih Terendam Banjir, Petugas Terus Sedot Air",https://news.detik.com/berita/d-4910694/underpass-kemayoran-masih-terendam-banjir-petugas-terus-sedot-air,"
Minggu, 23 Feb 2020 11:25 WIB "
"Sempat Banjir 40 Cm, Genangan di Belakang Hotel Shangri-La Sudah Surut",https://news.detik.com/berita/d-4910684/sempat-banjir-40-cm-genangan-di-belakang-hotel-shangri-la-sudah-surut,"
Minggu, 23 Feb 2020 11:23 WIB "
"Jakarta Kebanjiran Lagi, Tweet Anies #WajahBaruJakarta Diserbu Netizen",https://news.detik.com/berita/d-4910682/jakarta-kebanjiran-lagi-tweet-anies-wajahbarujakarta-diserbu-netizen,"
Minggu, 23 Feb 2020 11:20 WIB "
Gedung Ditjen Bea Cukai di Jaktim Terendam Banjir,https://news.detik.com/berita/d-4910656/gedung-ditjen-bea-cukai-di-jaktim-terendam-banjir,"
Minggu, 23 Feb 2020 11:03 WIB "
Anies Cek Genangan Air di Cempaka Putih Barat,https://news.detik.com/berita/d-4910641/anies-cek-genangan-air-di-cempaka-putih-barat,"
Minggu, 23 Feb 2020 10:48 WIB "
Cawagub Nurmansjah soal Banjir DKI: Paling Banyak karena Hujan Setempat,https://news.detik.com/berita/d-4910621/cawagub-nurmansjah-soal-banjir-dki-paling-banyak-karena-hujan-setempat,"
Minggu, 23 Feb 2020 10:36 WIB "
"Banjir Surut, Underpass Matraman Bisa Dilalui Kendaraan Lagi",https://news.detik.com/berita/d-4910611/banjir-surut-underpass-matraman-bisa-dilalui-kendaraan-lagi,"
Minggu, 23 Feb 2020 10:19 WIB "
Petugas Masih Bersihkan Sisa Banjir di Underpass Matraman,https://news.detik.com/berita/d-4910599/petugas-masih-bersihkan-sisa-banjir-di-underpass-matraman,"
Minggu, 23 Feb 2020 10:07 WIB "
"Warga Mancing di Areal TPU Tanah Kusir, Kasudin: Kan Belakangnya Kali",https://news.detik.com/berita/d-4910590/warga-mancing-di-areal-tpu-tanah-kusir-kasudin-kan-belakangnya-kali,"
Minggu, 23 Feb 2020 09:57 WIB "
"Jalan Depan PN Jakpus Terendam Banjir, Motor Bisa Melintas",https://news.detik.com/berita/d-4910588/jalan-depan-pn-jakpus-terendam-banjir-motor-bisa-melintas,"
Minggu, 23 Feb 2020 09:49 WIB "
Banjir Rendam Underpass Matraman Jakarta Timur,https://news.detik.com/berita/d-4910569/banjir-rendam-underpass-matraman-jakarta-timur,"
Minggu, 23 Feb 2020 09:01 WIB "
"55 RW di Jakarta Kebanjiran, Paling Tinggi di Jaksel Capai 120 Cm",https://news.detik.com/berita/d-4910537/55-rw-di-jakarta-kebanjiran-paling-tinggi-di-jaksel-capai-120-cm,"
Minggu, 23 Feb 2020 07:58 WIB "
"Jakarta Diguyur Hujan, Underpass Kemayoran Terendam Banjir 2,5 Meter",https://news.detik.com/berita/d-4910533/jakarta-diguyur-hujan-underpass-kemayoran-terendam-banjir-2-5-meter,"
Minggu, 23 Feb 2020 07:45 WIB "
"Hujan Guyur Jakarta, Pemukiman di Cipinang Pulomaja Kebanjiran",https://news.detik.com/berita/d-4910530/hujan-guyur-jakarta-pemukiman-di-cipinang-pulomaja-kebanjiran,"
Minggu, 23 Feb 2020 07:26 WIB "
"Stasiun Sudirman-Kemayoran Banjir, Perjalanan KA Alami Gangguan",https://news.detik.com/berita/d-4910501/stasiun-sudirman-kemayoran-banjir-perjalanan-ka-alami-gangguan,"
Minggu, 23 Feb 2020 06:30 WIB "
"Terendam Banjir, Akses Perumahan Taman Buaran Indah Jaktim Lumpuh",https://news.detik.com/berita/d-4910482/terendam-banjir-akses-perumahan-taman-buaran-indah-jaktim-lumpuh,"
Minggu, 23 Feb 2020 05:57 WIB "
"Terowongan Tol Cawang Terendam Banjir, Lalin Dialihkan",https://news.detik.com/berita/d-4910477/terowongan-tol-cawang-terendam-banjir-lalin-dialihkan,"
Minggu, 23 Feb 2020 05:20 WIB "
"Banjir Rendam Jl DI Panjaitan Jaktim, Kendaraan Tak Bisa Melintas",https://news.detik.com/berita/d-4910471/banjir-rendam-jl-di-panjaitan-jaktim-kendaraan-tak-bisa-melintas,"
Minggu, 23 Feb 2020 04:21 WIB "
"Jakarta Diguyur Hujan, Rumah di Tebet Terendam Banjir",https://news.detik.com/berita/d-4910465/jakarta-diguyur-hujan-rumah-di-tebet-terendam-banjir,"
Minggu, 23 Feb 2020 03:11 WIB "
Anggota Wantimpres Jokowi: Banjir Era Anies Baswedan Lebih Cepat Surut,https://news.detik.com/berita/d-4909131/anggota-wantimpres-jokowi-banjir-era-anies-baswedan-lebih-cepat-surut,"
Jumat, 21 Feb 2020 18:11 WIB "
"Banjir di Rawajati Surut, Petugas Bersihkan Lumpur-Buka Akses Jalan Warga",https://news.detik.com/berita/d-4908183/banjir-di-rawajati-surut-petugas-bersihkan-lumpur-buka-akses-jalan-warga,"
Jumat, 21 Feb 2020 09:37 WIB "
"Jakarta Banjir Lagi, Pemprov DKI Punya Solusi Apa?",https://news.detik.com/berita/d-4908091/jakarta-banjir-lagi-pemprov-dki-punya-solusi-apa,"
Jumat, 21 Feb 2020 07:57 WIB "
"Banjir 1,4 Meter Rendam Bidara Cina Jaktim, Warga Mengungsi ke Kelurahan",https://news.detik.com/berita/d-4908015/banjir-1-4-meter-rendam-bidara-cina-jaktim-warga-mengungsi-ke-kelurahan,"
Jumat, 21 Feb 2020 00:56 WIB "
"Usai Hujan Seharian, Anies Baswedan: Jakarta Terkendali",https://news.detik.com/berita/d-4907989/usai-hujan-seharian-anies-baswedan-jakarta-terkendali,"
Kamis, 20 Feb 2020 23:31 WIB "
Cerita Warga Rawajati Jaksel yang Pegal Gegara Banjir Tiap Tahun,https://news.detik.com/berita/d-4907911/cerita-warga-rawajati-jaksel-yang-pegal-gegara-banjir-tiap-tahun,"
Kamis, 20 Feb 2020 21:13 WIB "
BPBD DKI: 223 Jiwa Mengungsi karena Banjir di Jakarta,https://news.detik.com/berita/d-4907860/bpbd-dki-223-jiwa-mengungsi-karena-banjir-di-jakarta,"
Kamis, 20 Feb 2020 20:40 WIB "
18 Lansia dan 32 Balita Warga Kebon Pala Diungsikan Akibat Banjir,https://news.detik.com/berita/d-4907815/18-lansia-dan-32-balita-warga-kebon-pala-diungsikan-akibat-banjir,"
Kamis, 20 Feb 2020 20:23 WIB "
Lurah Rawajati Belum Evakuasi Warga Terdampak Banjir: Sudah Mulai Surut,https://news.detik.com/berita/d-4907750/lurah-rawajati-belum-evakuasi-warga-terdampak-banjir-sudah-mulai-surut,"
Kamis, 20 Feb 2020 19:18 WIB "
"Anak-anak Rawajati Berenang di Ciliwung yang Meluap, Lurah Beri Imbauan",https://news.detik.com/berita/d-4907672/anak-anak-rawajati-berenang-di-ciliwung-yang-meluap-lurah-beri-imbauan,"
Kamis, 20 Feb 2020 18:54 WIB "
Kelurahan Kampung Melayu: Banjir di Kebon Pala Limpasan dari Depok dan Bogor,https://news.detik.com/berita/d-4907584/kelurahan-kampung-melayu-banjir-di-kebon-pala-limpasan-dari-depok-dan-bogor,"
Kamis, 20 Feb 2020 18:22 WIB "
"Kebon Pala Banjir 1,5 Meter, Warga: Sudah Biasa Sejak 1996",https://news.detik.com/berita/d-4907528/kebon-pala-banjir-1-5-meter-warga-sudah-biasa-sejak-1996,"
Kamis, 20 Feb 2020 17:58 WIB "
"Suasana Banjir, Anak-anak Rawajati Berenang di Ciliwung yang Meluap",https://news.detik.com/berita/d-4907516/suasana-banjir-anak-anak-rawajati-berenang-di-ciliwung-yang-meluap,"
Kamis, 20 Feb 2020 17:50 WIB "
"Banjir di Rawajati Capai 1 Meter, Warga Masih Bertahan di Rumah",https://news.detik.com/berita/d-4907416/banjir-di-rawajati-capai-1-meter-warga-masih-bertahan-di-rumah,"
Kamis, 20 Feb 2020 17:01 WIB "
"Kebon Pala Jaktim Banjir, Ketinggian Air Sampai 1,5 Meter",https://news.detik.com/berita/d-4907352/kebon-pala-jaktim-banjir-ketinggian-air-sampai-1-5-meter,"
Kamis, 20 Feb 2020 16:27 WIB "
"28 RW Terendam Banjir di Jakarta, Paling Tinggi Cawang 80 Cm",https://news.detik.com/berita/d-4907220/28-rw-terendam-banjir-di-jakarta-paling-tinggi-cawang-80-cm,"
Kamis, 20 Feb 2020 15:41 WIB "
"BPBD DKI Keluarkan Peringatan Dini Cuaca Hari Ini, PPSU Diminta Siaga Banjir",https://news.detik.com/berita/d-4907180/bpbd-dki-keluarkan-peringatan-dini-cuaca-hari-ini-ppsu-diminta-siaga-banjir,"
Kamis, 20 Feb 2020 15:13 WIB "
"Kali Ciliwung Meluap, Puluhan Rumah Warga di Rawajati Terendam Banjir",https://news.detik.com/berita/d-4907167/kali-ciliwung-meluap-puluhan-rumah-warga-di-rawajati-terendam-banjir,"
Kamis, 20 Feb 2020 15:06 WIB "
"Hujan Mengguyur Sejak Malam, Ini 8 Titik Genangan di Jakarta",https://news.detik.com/berita/d-4907160/hujan-mengguyur-sejak-malam-ini-8-titik-genangan-di-jakarta,"
Kamis, 20 Feb 2020 15:03 WIB "
"Jalur Pantura Pekalongan Tergenang Banjir, Ada Antrean Kendaraan",https://news.detik.com/berita-jawa-tengah/d-4906930/jalur-pantura-pekalongan-tergenang-banjir-ada-antrean-kendaraan,"
Kamis, 20 Feb 2020 12:53 WIB "
"Hujan Semalaman hingga Pagi, BPBD DKI: Ada Genangan di Kalideres dan Cakung",https://news.detik.com/berita/d-4906500/hujan-semalaman-hingga-pagi-bpbd-dki-ada-genangan-di-kalideres-dan-cakung,"
Kamis, 20 Feb 2020 09:00 WIB "
"Underpass Kemayoran Kering Meski Hujan Semalaman, Kok Bisa?",https://news.detik.com/berita/d-4906462/underpass-kemayoran-kering-meski-hujan-semalaman-kok-bisa,"
Kamis, 20 Feb 2020 07:49 WIB "
"Megawati: Banjir Makin Bertambah karena Ulah Manusia, Seperti di DKI",https://news.detik.com/berita/d-4906269/megawati-banjir-makin-bertambah-karena-ulah-manusia-seperti-di-dki,"
Rabu, 19 Feb 2020 20:17 WIB "
"Massa HMI Demo di Balai Kota, Tuntut Transparansi Kinerja TGUPP Anies",https://news.detik.com/berita/d-4906015/massa-hmi-demo-di-balai-kota-tuntut-transparansi-kinerja-tgupp-anies,"
Rabu, 19 Feb 2020 18:25 WIB "
"Desa di Penajam Paser Utara Banjir, Bappenas Pastikan Tak Dekat Ibu Kota Baru",https://news.detik.com/berita/d-4905421/desa-di-penajam-paser-utara-banjir-bappenas-pastikan-tak-dekat-ibu-kota-baru,"
Rabu, 19 Feb 2020 12:41 WIB "
"""Norturalisasi"" dan Nasionalisasi Tata Kelola Air",https://news.detik.com/kolom/d-4904042/norturalisasi-dan-nasionalisasi-tata-kelola-air,"
Selasa, 18 Feb 2020 14:46 WIB "
"Soal MRT Tahap II, PDIP: Anies Jangan Canggung Lanjutkan Program Jokowi-Ahok",https://news.detik.com/berita/d-4903786/soal-mrt-tahap-ii-pdip-anies-jangan-canggung-lanjutkan-program-jokowi-ahok,"
Selasa, 18 Feb 2020 12:32 WIB "
Ketika Survei Banjir Dianggap Nyaris Tenggelamkan Anies,https://news.detik.com/berita/d-4903129/ketika-survei-banjir-dianggap-nyaris-tenggelamkan-anies,"
Senin, 17 Feb 2020 20:35 WIB "
Jabar Hari Ini: Rebutan Lem Aibon Berujung Maut- Kontroversi Ridwan Saidi,https://news.detik.com/berita-jawa-barat/d-4903096/jabar-hari-ini-rebutan-lem-aibon-berujung-maut-kontroversi-ridwan-saidi,"
Senin, 17 Feb 2020 20:00 WIB "
Ahok Bicara soal Tembak Duluan Jika Ketemu Teroris,https://news.detik.com/berita/d-4903012/ahok-bicara-soal-tembak-duluan-jika-ketemu-teroris,"
Senin, 17 Feb 2020 19:08 WIB "
"Ungguli Anies di Survei Atasi Banjir, Ahok: Kita Hanya Ikuti Aturan",https://news.detik.com/berita/d-4902811/ungguli-anies-di-survei-atasi-banjir-ahok-kita-hanya-ikuti-aturan,"
Senin, 17 Feb 2020 17:39 WIB "
"Banjir Jakarta, Ahok dan Sorotan untuk Keterbukaan Anies",https://news.detik.com/berita/d-4902766/banjir-jakarta-ahok-dan-sorotan-untuk-keterbukaan-anies,"
Senin, 17 Feb 2020 17:13 WIB "
"Ahok Unggul Atasi Banjir di Survei, NasDem DKI Kritik Anies",https://news.detik.com/berita/d-4902530/ahok-unggul-atasi-banjir-di-survei-nasdem-dki-kritik-anies,"
Senin, 17 Feb 2020 15:19 WIB "
"Ahok Dianggap Kalahkan Anies Atasi Banjir, DKI: Kita Sudah Kerja Maksimal",https://news.detik.com/berita/d-4902314/ahok-dianggap-kalahkan-anies-atasi-banjir-dki-kita-sudah-kerja-maksimal,"
Senin, 17 Feb 2020 13:39 WIB "
Cerita Wisatawan Tangerang Terjebak Banjir di Geopark Ciletuh,https://news.detik.com/berita-jawa-barat/d-4902311/cerita-wisatawan-tangerang-terjebak-banjir-di-geopark-ciletuh,"
Senin, 17 Feb 2020 13:39 WIB "
Gerindra soal Ahok Lebih Jago Atasi Banjir: Nyaris Berhasil Jatuhkan Anies,https://news.detik.com/berita/d-4902102/gerindra-soal-ahok-lebih-jago-atasi-banjir-nyaris-berhasil-jatuhkan-anies,"
Senin, 17 Feb 2020 12:07 WIB "
PDIP DKI soal Era Ahok Dinilai Cakap Atasi Banjir: Kenyataan Seperti Itu,https://news.detik.com/berita/d-4901971/pdip-dki-soal-era-ahok-dinilai-cakap-atasi-banjir-kenyataan-seperti-itu,"
Senin, 17 Feb 2020 11:02 WIB "
"Dianggap Lebih Berhasil dari Anies-Jokowi, Begini Solusi Ahok Atasi Banjir",https://news.detik.com/berita/d-4901874/dianggap-lebih-berhasil-dari-anies-jokowi-begini-solusi-ahok-atasi-banjir,"
Senin, 17 Feb 2020 10:01 WIB "
"Survei Ahok Lebih Tinggi dari Anies, Wakil Ketua DPRD DKI: Opini Publik",https://news.detik.com/berita/d-4901792/survei-ahok-lebih-tinggi-dari-anies-wakil-ketua-dprd-dki-opini-publik,"
Senin, 17 Feb 2020 08:12 WIB "
"Ahok Dinilai Berhasil Atasi Banjir Karena Lanjutkan Program Jokowi, Kalau Anies?",https://news.detik.com/berita/d-4901754/ahok-dinilai-berhasil-atasi-banjir-karena-lanjutkan-program-jokowi-kalau-anies,"
Senin, 17 Feb 2020 06:47 WIB "
"Terjebak Banjir-Longsor, Wisatawan Geopark di Sukabumi Tak Bisa Pulang",https://news.detik.com/berita/d-4901665/terjebak-banjir-longsor-wisatawan-geopark-di-sukabumi-tak-bisa-pulang,"
Senin, 17 Feb 2020 00:00 WIB "
Yang Mentereng di Survei Indo Barometer: Dari Ahok hingga Prabowo,https://news.detik.com/berita/d-4901627/yang-mentereng-di-survei-indo-barometer-dari-ahok-hingga-prabowo,"
Minggu, 16 Feb 2020 21:31 WIB "
"Viral Museum Nasional di Jakarta Kebanjiran, Begini Kejadian Sebenarnya",https://news.detik.com/berita/d-4901548/viral-museum-nasional-di-jakarta-kebanjiran-begini-kejadian-sebenarnya,"
Minggu, 16 Feb 2020 19:12 WIB "
"Survei Ahok Paling Berhasil Atasi Banjir Dibanding Anies, Walkot Bogor: Politik!",https://news.detik.com/berita/d-4901473/survei-ahok-paling-berhasil-atasi-banjir-dibanding-anies-walkot-bogor-politik,"
Minggu, 16 Feb 2020 17:23 WIB "
"Menurut Survei, Ahok Ungguli Jokowi dan Anies dalam Atasi Banjir",https://news.detik.com/berita/d-4901372/menurut-survei-ahok-ungguli-jokowi-dan-anies-dalam-atasi-banjir,"
Minggu, 16 Feb 2020 15:40 WIB "
Doa Diselamatkan dari Bencana seperti Gunung Merapi Erupsi,https://news.detik.com/berita/d-4897764/doa-diselamatkan-dari-bencana-seperti-gunung-merapi-erupsi,"
Kamis, 13 Feb 2020 17:00 WIB "
"Ini Dia Apartemen Bebas Banjir dan Siap Huni di CBD Kuningan, Jakarta",https://news.detik.com/adv-nhl-detikcom/d-4896390/ini-dia-apartemen-bebas-banjir-dan-siap-huni-di-cbd-kuningan-jakarta,"
Kamis, 13 Feb 2020 00:00 WIB "
Golkar Dukung Formula E di Monas: Jangan Sampai DKI Terkenal Demonya Saja,https://news.detik.com/berita/d-4893790/golkar-dukung-formula-e-di-monas-jangan-sampai-dki-terkenal-demonya-saja,"
Senin, 10 Feb 2020 19:53 WIB "
"Salah Posting Foto Banjir, 'Mimin' @TMCPoldaMetro Ditegur Dirlantas",https://news.detik.com/berita/d-4893558/salah-posting-foto-banjir-mimin-tmcpoldametro-ditegur-dirlantas,"
Senin, 10 Feb 2020 17:50 WIB "
"BNPB: Hingga 10 Februari Ada 455 Bencana di Indonesia, 94 Orang Meninggal",https://news.detik.com/berita/d-4893278/bnpb-hingga-10-februari-ada-455-bencana-di-indonesia-94-orang-meninggal,"
Senin, 10 Feb 2020 15:49 WIB "
"Akun @TMCPoldaMetro Salah Posting Foto soal Banjir, Polda Metro Minta Maaf",https://news.detik.com/berita/d-4893038/akun-tmcpoldametro-salah-posting-foto-soal-banjir-polda-metro-minta-maaf,"
Senin, 10 Feb 2020 13:55 WIB "
Djarot Saiful soal 2 Cawagub DKI: Keduanya Terbaik dari yang Baik,https://news.detik.com/berita/d-4893004/djarot-saiful-soal-2-cawagub-dki-keduanya-terbaik-dari-yang-baik,"
Senin, 10 Feb 2020 13:28 WIB "
"Cegah Banjir Underpass, PPK Kemayoran Akan Uji Coba Alihkan Air Saat Hujan",https://news.detik.com/berita/d-4892726/cegah-banjir-underpass-ppk-kemayoran-akan-uji-coba-alihkan-air-saat-hujan,"
Senin, 10 Feb 2020 10:27 WIB "
"Hilangkan Lumpur Sisa Banjir, Petugas PPK Semprot Underpass Kemayoran",https://news.detik.com/berita/d-4892673/hilangkan-lumpur-sisa-banjir-petugas-ppk-semprot-underpass-kemayoran,"
Senin, 10 Feb 2020 09:36 WIB "
Underpass Kemayoran Baru Bisa Dilalui Kendaraan Sore Nanti,https://news.detik.com/berita/d-4892601/underpass-kemayoran-baru-bisa-dilalui-kendaraan-sore-nanti,"
Senin, 10 Feb 2020 08:58 WIB "
"Underpass Kemayoran Belum Bisa Dilalui Kendaraan, Masih Digenangi Air 15 Cm",https://news.detik.com/berita/d-4892582/underpass-kemayoran-belum-bisa-dilalui-kendaraan-masih-digenangi-air-15-cm,"
Senin, 10 Feb 2020 08:42 WIB "
"Jakarta Banjir Lagi, DKI Disarankan Koordinasi-Kurangi Beautifikasi",https://news.detik.com/berita/d-4892343/jakarta-banjir-lagi-dki-disarankan-koordinasi-kurangi-beautifikasi,"
Minggu, 09 Feb 2020 22:07 WIB "
Update Banjir Underpass Kemayoran: Tinggi Air Turun Jadi 2 Meter,https://news.detik.com/berita/d-4892275/update-banjir-underpass-kemayoran-tinggi-air-turun-jadi-2-meter,"
Minggu, 09 Feb 2020 19:43 WIB "
Saran Sandi ke Pemprov DKI soal Banjir: Kerja Harus Ekstra Koordinatif,https://news.detik.com/berita/d-4892088/saran-sandi-ke-pemprov-dki-soal-banjir-kerja-harus-ekstra-koordinatif,"
Minggu, 09 Feb 2020 16:52 WIB "
Banjir Underpass Kemayoran Diprediksi Surut Besok Pagi,https://news.detik.com/berita/d-4891825/banjir-underpass-kemayoran-diprediksi-surut-besok-pagi,"
Minggu, 09 Feb 2020 11:33 WIB "
Warga di Kampung Melayu Bersih-bersih Lumpur Sisa Banjir 1 Meter,https://news.detik.com/berita/d-4891810/warga-di-kampung-melayu-bersih-bersih-lumpur-sisa-banjir-1-meter,"
Minggu, 09 Feb 2020 11:19 WIB "
Sampah Jadi Kendala Utama Penyedotan Banjir Underpass Kemayoran,https://news.detik.com/berita/d-4891783/sampah-jadi-kendala-utama-penyedotan-banjir-underpass-kemayoran,"
Minggu, 09 Feb 2020 11:12 WIB "
Anies Harap Warga DKI Antisipasi Hujan Ekstrem,https://news.detik.com/berita/d-4891773/anies-harap-warga-dki-antisipasi-hujan-ekstrem,"
Minggu, 09 Feb 2020 10:53 WIB "
"Jakarta Banjir Lagi, Anies: Sejak Jumat Malam Kami Mulai Siaga",https://news.detik.com/berita/d-4891752/jakarta-banjir-lagi-anies-sejak-jumat-malam-kami-mulai-siaga,"
Minggu, 09 Feb 2020 10:37 WIB "
"Minta Anies Fokus Penanganan Banjir, PDIP: Kurangi Beautifikasi",https://news.detik.com/berita/d-4891737/minta-anies-fokus-penanganan-banjir-pdip-kurangi-beautifikasi,"
Minggu, 09 Feb 2020 10:18 WIB "
"Masih Banjir, Begini Kondisi Terkini Underpass Kemayoran",https://news.detik.com/berita/d-4891708/masih-banjir-begini-kondisi-terkini-underpass-kemayoran,"
Minggu, 09 Feb 2020 09:35 WIB "
"Singgung Normalisasi, PKB Minta Pemprov DKI Kerja Maksimal Tangani Banjir",https://news.detik.com/berita/d-4891703/singgung-normalisasi-pkb-minta-pemprov-dki-kerja-maksimal-tangani-banjir,"
Minggu, 09 Feb 2020 09:16 WIB "
"Banjir di Kampung Pulo Jaktim Surut, Pompa Tetap Siaga",https://news.detik.com/berita/d-4891694/banjir-di-kampung-pulo-jaktim-surut-pompa-tetap-siaga,"
Minggu, 09 Feb 2020 08:58 WIB "
"Masih Dipompa, Tinggi Banjir Underpass Kemayoran Pagi Ini 3 Meter",https://news.detik.com/berita/d-4891660/masih-dipompa-tinggi-banjir-underpass-kemayoran-pagi-ini-3-meter,"
Minggu, 09 Feb 2020 07:10 WIB "
"Kritik Anies karena Jakarta Banjir Lagi, Golkar: Jangan Cuma Cari Pembelaan!",https://news.detik.com/berita/d-4891643/kritik-anies-karena-jakarta-banjir-lagi-golkar-jangan-cuma-cari-pembelaan,"
Minggu, 09 Feb 2020 05:33 WIB "
Anies Kerja Sama dengan BMKG soal Penguatan Sistem Peringatan Dini Banjir,https://news.detik.com/berita/d-4891592/anies-kerja-sama-dengan-bmkg-soal-penguatan-sistem-peringatan-dini-banjir,"
Sabtu, 08 Feb 2020 23:26 WIB "
BNPB: Hujan Sebabkan 23 Kecamatan diÂ DKI Jakarta Terdampak Banjir,https://news.detik.com/berita/d-4891589/bnpb-hujan-sebabkan-23-kecamatan-di-dki-jakarta-terdampak-banjir,"
Sabtu, 08 Feb 2020 23:08 WIB "
Jakarta Banjir (Lagi),https://news.detik.com/berita/d-4891506/jakarta-banjir-lagi,"
Sabtu, 08 Feb 2020 21:01 WIB "
"Jakarta Utara-Jakarta Timur Kerap Hujan Lebat, Begini Penjelasan BMKG",https://news.detik.com/berita/d-4891495/jakarta-utara-jakarta-timur-kerap-hujan-lebat-begini-penjelasan-bmkg,"
Sabtu, 08 Feb 2020 20:43 WIB "
"Kampung Pulo Masih Tergenang, Sudin SDA Targetkan Surut Malam Ini",https://news.detik.com/berita/d-4891459/kampung-pulo-masih-tergenang-sudin-sda-targetkan-surut-malam-ini,"
Sabtu, 08 Feb 2020 20:18 WIB "
"BMKG: Hujan Berpotensi Terjadi hingga 13 Februari, Waspada Banjir-Longsor",https://news.detik.com/berita/d-4891403/bmkg-hujan-berpotensi-terjadi-hingga-13-februari-waspada-banjir-longsor,"
Sabtu, 08 Feb 2020 19:25 WIB "
"Disedot Pompa, Banjir di Underpass Kemayoran Turun Jadi 3,5 MeterÂ Â Â Â ",https://news.detik.com/berita/d-4891325/disedot-pompa-banjir-di-underpass-kemayoran-turun-jadi-3-5-meter,"
Sabtu, 08 Feb 2020 18:26 WIB "
"Anies Klaim Banjir Sudah Surut, Kawasan Kelapa Gading Masih Tergenang Air",https://news.detik.com/berita/d-4891288/anies-klaim-banjir-sudah-surut-kawasan-kelapa-gading-masih-tergenang-air,"
Sabtu, 08 Feb 2020 17:58 WIB "
Anies Klaim Banjir Jakarta Hari Ini Sudah Surut,https://news.detik.com/berita/d-4891154/anies-klaim-banjir-jakarta-hari-ini-sudah-surut,"
Sabtu, 08 Feb 2020 16:09 WIB "
"Banjir Jakarta, Berikut Titik yang Kerap Jadi Langganan",https://news.detik.com/berita/d-4891152/banjir-jakarta-berikut-titik-yang-kerap-jadi-langganan,"
Sabtu, 08 Feb 2020 16:07 WIB "
"Terobos Banjir di Depan Mal Kelapa Gading, Banyak Kendaraan Bermotor Mogok",https://news.detik.com/berita/d-4891072/terobos-banjir-di-depan-mal-kelapa-gading-banyak-kendaraan-bermotor-mogok,"
Sabtu, 08 Feb 2020 15:04 WIB "
Banjir Masih Menggenangi Kawasan Kelapa Gading Jakarta Utara,https://news.detik.com/berita/d-4891016/banjir-masih-menggenangi-kawasan-kelapa-gading-jakarta-utara,"
Sabtu, 08 Feb 2020 13:58 WIB "
"Banjir Rendam Kawasan Cililitan Jaktim, Ketinggian Air 1 Meter",https://news.detik.com/berita/d-4891007/banjir-rendam-kawasan-cililitan-jaktim-ketinggian-air-1-meter,"
Sabtu, 08 Feb 2020 13:49 WIB "
"Kampung Pulo Jaktim Banjir, Polisi Alihkan Lalin di Jalan Jatinegara Barat",https://news.detik.com/berita/d-4890984/kampung-pulo-jaktim-banjir-polisi-alihkan-lalin-di-jalan-jatinegara-barat,"
Sabtu, 08 Feb 2020 13:29 WIB "
Cerianya Anak-anak Berenang Saat Banjir di Cawang,https://news.detik.com/berita/d-4890936/cerianya-anak-anak-berenang-saat-banjir-di-cawang,"
Sabtu, 08 Feb 2020 12:30 WIB "
"Cipinang Melayu Jaktim Banjir 1,5 Meter, Warga Mengungsi ke Masjid",https://news.detik.com/berita/d-4890927/cipinang-melayu-jaktim-banjir-1-5-meter-warga-mengungsi-ke-masjid,"
Sabtu, 08 Feb 2020 12:10 WIB "
"Cempaka Putih Banjir, Sejumlah Pemotor Masuk Tol Priok",https://news.detik.com/berita/d-4890866/cempaka-putih-banjir-sejumlah-pemotor-masuk-tol-priok,"
Sabtu, 08 Feb 2020 10:45 WIB "
"Banjir Jakarta, Underpass Kemayoran Terendam Air Hingga 7 Meter",https://news.detik.com/berita/d-4890851/banjir-jakarta-underpass-kemayoran-terendam-air-hingga-7-meter,"
Sabtu, 08 Feb 2020 10:19 WIB "
Ini Penjelasan Lengkap Anies soal Genangan Air di Jakarta,https://news.detik.com/berita/d-4890846/ini-penjelasan-lengkap-anies-soal-genangan-air-di-jakarta,"
Sabtu, 08 Feb 2020 10:09 WIB "
"Jakarta Banjir, PLN Padamkan Listrik di Sejumlah Wilayah",https://news.detik.com/berita/d-4890836/jakarta-banjir-pln-padamkan-listrik-di-sejumlah-wilayah,"
Sabtu, 08 Feb 2020 09:41 WIB "
"Rel Stasiun Kampung Bandan Banjir, KRL Tujuan Stasiun Jakarta Kota Terganggu",https://news.detik.com/berita/d-4890833/rel-stasiun-kampung-bandan-banjir-krl-tujuan-stasiun-jakarta-kota-terganggu,"
Sabtu, 08 Feb 2020 09:32 WIB "
"Jakarta Banjir di Sejumlah Titik, Anies Cek Pintu Air Manggarai",https://news.detik.com/berita/d-4890818/jakarta-banjir-di-sejumlah-titik-anies-cek-pintu-air-manggarai,"
Sabtu, 08 Feb 2020 09:02 WIB "
BPBD DKI Jakarta: Ada 21 Titik Jalan Tergenang,https://news.detik.com/berita/d-4890807/bpbd-dki-jakarta-ada-21-titik-jalan-tergenang,"
Sabtu, 08 Feb 2020 08:34 WIB "
Underpass Tol Cawang Tergenang Banjir,https://news.detik.com/berita/d-4890795/underpass-tol-cawang-tergenang-banjir,"
Sabtu, 08 Feb 2020 07:40 WIB "
"Banjir, Jalan Letjen Suprapto Jakpus Tak Bisa Dilalui Kendaraan",https://news.detik.com/berita/d-4890793/banjir-jalan-letjen-suprapto-jakpus-tak-bisa-dilalui-kendaraan,"
Sabtu, 08 Feb 2020 07:21 WIB "
"Jakarta Diguyur Hujan Deras, Ini Titik-titik yang Tergenang Banjir",https://news.detik.com/berita/d-4890787/jakarta-diguyur-hujan-deras-ini-titik-titik-yang-tergenang-banjir,"
Sabtu, 08 Feb 2020 06:23 WIB "
"Hujan Deras, Underpass Kemayoran Banjir Lagi",https://news.detik.com/berita/d-4890785/hujan-deras-underpass-kemayoran-banjir-lagi,"
Sabtu, 08 Feb 2020 06:01 WIB "
"Hujan Lebat, Jalan Kemang Raya Jaksel Tergenang Banjir",https://news.detik.com/berita/d-4890779/hujan-lebat-jalan-kemang-raya-jaksel-tergenang-banjir,"
Sabtu, 08 Feb 2020 04:24 WIB "
"Hujan Deras, Sejumlah Wilayah di Bogor Banjir dan Longsor",https://news.detik.com/berita/d-4890745/hujan-deras-sejumlah-wilayah-di-bogor-banjir-dan-longsor,"
Sabtu, 08 Feb 2020 01:58 WIB "
DPRD DKI Jakarta 'Belajar' Penanganan Banjir di Semarang,https://news.detik.com/berita-jawa-tengah/d-4890374/dprd-dki-jakarta-belajar-penanganan-banjir-di-semarang,"
Jumat, 07 Feb 2020 18:56 WIB "
Ketua MPR Bicara Gerakan Sosial untuk Bantu Masyarakat,https://news.detik.com/berita/d-4890020/ketua-mpr-bicara-gerakan-sosial-untuk-bantu-masyarakat,"
Jumat, 07 Feb 2020 15:23 WIB "
"Banjir Awal Tahun di Vila Nusa Indah, Pemkab Bogor Bikin Menara Pemantau",https://news.detik.com/berita/d-4889683/banjir-awal-tahun-di-vila-nusa-indah-pemkab-bogor-bikin-menara-pemantau,"
Jumat, 07 Feb 2020 12:14 WIB "
Ketua MPR Sumbang Perahu Karet ke Daerah Rawan Banjir Kramat Jati,https://news.detik.com/berita/d-4887938/ketua-mpr-sumbang-perahu-karet-ke-daerah-rawan-banjir-kramat-jati,"
Kamis, 06 Feb 2020 10:43 WIB "
"Sekda DKI: Kalau Hujan, Underpass Kemayoran Banjir Lagi",https://news.detik.com/berita/d-4885972/sekda-dki-kalau-hujan-underpass-kemayoran-banjir-lagi,"
Selasa, 04 Feb 2020 20:05 WIB "
"Kasus Zikria Hina Risma, 16 Saksi Telah Dipanggil",https://news.detik.com/berita-jawa-timur/d-4885157/kasus-zikria-hina-risma-16-saksi-telah-dipanggil,"
Selasa, 04 Feb 2020 13:39 WIB "
Pemprov DKI Gandeng Kejati DKI Kawal Proyek Trotoar dan Penanganan Banjir,https://news.detik.com/berita/d-4885144/pemprov-dki-gandeng-kejati-dki-kawal-proyek-trotoar-dan-penanganan-banjir,"
Selasa, 04 Feb 2020 13:32 WIB "
"Hujan Lebat Guyur Jakarta, Ini Wilayah yang Berpotensi Terdampak",https://news.detik.com/berita/d-4884941/hujan-lebat-guyur-jakarta-ini-wilayah-yang-berpotensi-terdampak,"
Selasa, 04 Feb 2020 11:36 WIB "
"Underpass Kemayoran Terus Kebanjiran, Ini Solusi Jangka Panjang Ahli",https://news.detik.com/berita/d-4884741/underpass-kemayoran-terus-kebanjiran-ini-solusi-jangka-panjang-ahli,"
Selasa, 04 Feb 2020 08:53 WIB "
"Korban Banjir Gugat Anies Disebut Ditekan, Pemprov: Apa Kepentingan Kami?",https://news.detik.com/berita/d-4884734/korban-banjir-gugat-anies-disebut-ditekan-pemprov-apa-kepentingan-kami,"
Selasa, 04 Feb 2020 08:39 WIB "
Ratapan Maaf Zikria Hina Risma Gegara Anies Di-Bully hingga Berujung Bui,https://news.detik.com/berita-jawa-timur/d-4884726/ratapan-maaf-zikria-hina-risma-gegara-anies-di-bully-hingga-berujung-bui,"
Selasa, 04 Feb 2020 08:26 WIB "
"Banjir Surut, Underpass Kemayoran Pagi ini Sudah Bisa Dilalui Kendaraan",https://news.detik.com/berita/d-4884725/banjir-surut-underpass-kemayoran-pagi-ini-sudah-bisa-dilalui-kendaraan,"
Selasa, 04 Feb 2020 08:22 WIB "
Gugatan Korban Banjir Melawan Anies Baswedan Masuk Pengadilan,https://news.detik.com/berita/d-4884512/gugatan-korban-banjir-melawan-anies-baswedan-masuk-pengadilan,"
Senin, 03 Feb 2020 21:30 WIB "
'Bandelnya' Banjir di Kolong Kemayoran,https://news.detik.com/berita/d-4884435/bandelnya-banjir-di-kolong-kemayoran,"
Senin, 03 Feb 2020 20:31 WIB "
"Banjir Underpass Kemayoran Tinggal 45 Cm, Sejumlah Pompa Dimatikan",https://news.detik.com/berita/d-4884294/banjir-underpass-kemayoran-tinggal-45-cm-sejumlah-pompa-dimatikan,"
Senin, 03 Feb 2020 19:03 WIB "
Pengacara Sebut Korban Banjir Jakarta yang Gugat Anies Baswedan Dapat Tekanan,https://news.detik.com/berita/d-4883915/pengacara-sebut-korban-banjir-jakarta-yang-gugat-anies-baswedan-dapat-tekanan,"
Senin, 03 Feb 2020 16:17 WIB "
Ini alasan Zikria Hina Risma: Anies Sering Dibully,https://news.detik.com/berita-jawa-timur/d-4883751/ini-alasan-zikria-hina-risma-anies-sering-dibully,"
Senin, 03 Feb 2020 14:59 WIB "
DKI Nilai Penanganan Banjir Underpass Kemayoran Baru Bisa Jangka Pendek,https://news.detik.com/berita/d-4883736/dki-nilai-penanganan-banjir-underpass-kemayoran-baru-bisa-jangka-pendek,"
Senin, 03 Feb 2020 14:47 WIB "
"Muncul Genangan di Lingkar Luar Barat Cengkareng, Pengendara Harus Melipir",https://news.detik.com/berita/d-4883643/muncul-genangan-di-lingkar-luar-barat-cengkareng-pengendara-harus-melipir,"
Senin, 03 Feb 2020 14:15 WIB "
Jokowi Minta Gubernur-Bupati Tentukan Lahan Relokasi Korban Longsor Bogor,https://news.detik.com/berita/d-4883622/jokowi-minta-gubernur-bupati-tentukan-lahan-relokasi-korban-longsor-bogor,"
Senin, 03 Feb 2020 14:06 WIB "
Damkar DKI Prediksi Banjir Kemayoran Surut Pukul 22.00 WIB,https://news.detik.com/berita/d-4883546/damkar-dki-prediksi-banjir-kemayoran-surut-pukul-22-00-wib,"
Senin, 03 Feb 2020 13:23 WIB "
"25 Jam Ditangani, Banjir Underpass Kemayoran Belum Surut",https://news.detik.com/berita/d-4883535/25-jam-ditangani-banjir-underpass-kemayoran-belum-surut,"
Senin, 03 Feb 2020 13:17 WIB "
"Cari Dukungan, Cawagub Ahmad Riza Patria Keliling Fraksi DPRD DKI",https://news.detik.com/berita/d-4883471/cari-dukungan-cawagub-ahmad-riza-patria-keliling-fraksi-dprd-dki,"
Senin, 03 Feb 2020 12:47 WIB "
Sidang Perdana Gugatan Korban Banjir Vs Anies Digelar Hari Ini,https://news.detik.com/berita/d-4883379/sidang-perdana-gugatan-korban-banjir-vs-anies-digelar-hari-ini,"
Senin, 03 Feb 2020 11:59 WIB "
BPBD DKI: Ketinggian Air di Underpass Kemayoran Sudah Kurang dari 1 Meter,https://news.detik.com/berita/d-4883221/bpbd-dki-ketinggian-air-di-underpass-kemayoran-sudah-kurang-dari-1-meter,"
Senin, 03 Feb 2020 10:44 WIB "
PPK Kemayoran soal Banjir Underpass: Perbaikan Drainase Masih Lama,https://news.detik.com/berita/d-4883135/ppk-kemayoran-soal-banjir-underpass-perbaikan-drainase-masih-lama,"
Senin, 03 Feb 2020 10:01 WIB "
Solusi PUPR untuk Banjir Underpass Kemayoran: Pompa Air Kali Sentiong,https://news.detik.com/berita/d-4883072/solusi-pupr-untuk-banjir-underpass-kemayoran-pompa-air-kali-sentiong,"
Senin, 03 Feb 2020 09:12 WIB "
"Keren, Warga Banyuwangi Ini Sulap Sampah Popok Bayi Jadi Produk Ekonomis",https://news.detik.com/berita-jawa-timur/d-4882630/keren-warga-banyuwangi-ini-sulap-sampah-popok-bayi-jadi-produk-ekonomis,"
Senin, 03 Feb 2020 07:33 WIB "
Kering di Underpass Kemayoran Hanya Berusia Sepekan,https://news.detik.com/berita/d-4882973/kering-di-underpass-kemayoran-hanya-berusia-sepekan,"
Senin, 03 Feb 2020 06:17 WIB "
"Disedot, Banjir Underpass Kemayoran Turun 1,5 Meter",https://news.detik.com/berita/d-4882853/disedot-banjir-underpass-kemayoran-turun-1-5-meter,"
Minggu, 02 Feb 2020 21:15 WIB "
SDA PUPR: Sistem Drainase Kemayoran Belum Pernah Di-review,https://news.detik.com/berita/d-4882641/sda-pupr-sistem-drainase-kemayoran-belum-pernah-di-review,"
Minggu, 02 Feb 2020 16:33 WIB "
Banjir Underpass Kemayoran Diprediksi Surut 2-3 Hari,https://news.detik.com/berita/d-4882493/banjir-underpass-kemayoran-diprediksi-surut-2-3-hari,"
Minggu, 02 Feb 2020 14:15 WIB "
"Banjir Underpass Kemayoran Dipompa, Sampah-sampah Mulai Bermunculan",https://news.detik.com/berita/d-4882484/banjir-underpass-kemayoran-dipompa-sampah-sampah-mulai-bermunculan,"
Minggu, 02 Feb 2020 14:13 WIB "
Warga Temukan Biawak di Lokasi Banjir Underpass Kemayoran,https://news.detik.com/berita/d-4882432/warga-temukan-biawak-di-lokasi-banjir-underpass-kemayoran,"
Minggu, 02 Feb 2020 13:16 WIB "
"Banjir di Gunung Sahari Surut, Lalin Kembali Normal",https://news.detik.com/berita/d-4882417/banjir-di-gunung-sahari-surut-lalin-kembali-normal,"
Minggu, 02 Feb 2020 12:58 WIB "
Banjir di Jalan Bungur Raya Jakpus Jadi Tempat Main Anak-anak,https://news.detik.com/berita/d-4882401/banjir-di-jalan-bungur-raya-jakpus-jadi-tempat-main-anak-anak,"
Minggu, 02 Feb 2020 12:48 WIB "
Pemprov DKI Sarankan PPK Kemayoran Perbaiki Saluran Drainase,https://news.detik.com/berita/d-4882378/pemprov-dki-sarankan-ppk-kemayoran-perbaiki-saluran-drainase,"
Minggu, 02 Feb 2020 12:04 WIB "
"Terjang Banjir di Gunung Sahari Jakpus, Motor dan Mobil Mogok",https://news.detik.com/berita/d-4882362/terjang-banjir-di-gunung-sahari-jakpus-motor-dan-mobil-mogok,"
Minggu, 02 Feb 2020 11:51 WIB "
5 Unit Damkar Dikerahkan Sedot Banjir Underpass Kemayoran,https://news.detik.com/berita/d-4882350/5-unit-damkar-dikerahkan-sedot-banjir-underpass-kemayoran,"
Minggu, 02 Feb 2020 11:32 WIB "
"Underpass Kemayoran Banjir, Ketinggian Air Capai 4 Meter",https://news.detik.com/berita/d-4882315/underpass-kemayoran-banjir-ketinggian-air-capai-4-meter,"
Minggu, 02 Feb 2020 11:10 WIB "
Sekda DKI: Anies Perintah Bantu Tangani Banjir Underpass Kemayoran,https://news.detik.com/berita/d-4882314/sekda-dki-anies-perintah-bantu-tangani-banjir-underpass-kemayoran,"
Minggu, 02 Feb 2020 11:06 WIB "
"Underpass Kemayoran Kembali Banjir, 5 Pompa Disiapkan",https://news.detik.com/berita/d-4882274/underpass-kemayoran-kembali-banjir-5-pompa-disiapkan,"
Minggu, 02 Feb 2020 10:28 WIB "
Banjir di Seberang Istana Merdeka Surut,https://news.detik.com/berita/d-4882272/banjir-di-seberang-istana-merdeka-surut,"
Minggu, 02 Feb 2020 10:23 WIB "
"Hujan Deras, Underpass Kemayoran Kebanjiran Lagi",https://news.detik.com/berita/d-4882256/hujan-deras-underpass-kemayoran-kebanjiran-lagi,"
Minggu, 02 Feb 2020 09:47 WIB "
"Banjir 50 Cm di Gunung Sahari Jakpus, Pengendara diimbau Tidak Melintas",https://news.detik.com/berita/d-4882210/banjir-50-cm-di-gunung-sahari-jakpus-pengendara-diimbau-tidak-melintas,"
Minggu, 02 Feb 2020 08:38 WIB "
"Jalan Depan Istana Merdeka Tergenang, Pengendara Diminta Hati-hati",https://news.detik.com/berita/d-4882167/jalan-depan-istana-merdeka-tergenang-pengendara-diminta-hati-hati,"
Minggu, 02 Feb 2020 08:02 WIB "
"Hujan Guyur Jakarta Pagi Ini, Ini 3 Titik Genangan dan Banjir di Jakut",https://news.detik.com/berita/d-4882161/hujan-guyur-jakarta-pagi-ini-ini-3-titik-genangan-dan-banjir-di-jakut,"
Minggu, 02 Feb 2020 07:44 WIB "
Menanti Indahnya Kali Hasil Naturalisasi,https://news.detik.com/berita/d-4881377/menanti-indahnya-kali-hasil-naturalisasi,"
Sabtu, 01 Feb 2020 07:40 WIB "
BNPB: 91 Orang Tewas dan 120 Luka Akibat Banjir-Longsor Selama Januari 2020,https://news.detik.com/berita/d-4880979/bnpb-91-orang-tewas-dan-120-luka-akibat-banjir-longsor-selama-januari-2020,"
Jumat, 31 Jan 2020 18:17 WIB "
"3 Lokasi Akan Dinaturalisasi, Pemprov DKI: Itu Kali yang Sudah Lebar",https://news.detik.com/berita/d-4880727/3-lokasi-akan-dinaturalisasi-pemprov-dki-itu-kali-yang-sudah-lebar,"
Jumat, 31 Jan 2020 16:03 WIB "
"Perindah Pinggiran Kali, 3 Lokasi di Jakarta Ini Akan Dinaturalisasi",https://news.detik.com/berita/d-4880670/perindah-pinggiran-kali-3-lokasi-di-jakarta-ini-akan-dinaturalisasi,"
Jumat, 31 Jan 2020 15:21 WIB "
Walkot Bekasi Minta Bantuan Anies untuk Bangun Tanggul Antisipasi Banjir,https://news.detik.com/berita/d-4880311/walkot-bekasi-minta-bantuan-anies-untuk-bangun-tanggul-antisipasi-banjir,"
Jumat, 31 Jan 2020 11:33 WIB "
"Paloh-Sohibul Bertemu, NasDem DKI Tak Dapat Perintah Dukung Cawagub PKS",https://news.detik.com/berita/d-4879875/paloh-sohibul-bertemu-nasdem-dki-tak-dapat-perintah-dukung-cawagub-pks,"
Kamis, 30 Jan 2020 21:08 WIB "
KLHK Pastikan Perpres Tambang Ilegal untuk Penanganan Lanjutan,https://news.detik.com/berita/d-4879856/klhk-pastikan-perpres-tambang-ilegal-untuk-penanganan-lanjutan,"
Kamis, 30 Jan 2020 20:44 WIB "
'Perang Saudara' Berebut Wagub Jakarta,https://news.detik.com/kolom/d-4879492/perang-saudara-berebut-wagub-jakarta,"
Kamis, 30 Jan 2020 17:30 WIB "
3 Pria Ini Jalan Kaki dari Mojokerto ke Jakarta untuk Minta Tolong Jokowi,https://news.detik.com/berita-jawa-timur/d-4879203/3-pria-ini-jalan-kaki-dari-mojokerto-ke-jakarta-untuk-minta-tolong-jokowi,"
Kamis, 30 Jan 2020 14:08 WIB "
"PAN Setuju Uji Kelayakan Cawagub DKI, Minta Jakarta Tak Jadi Batu Loncatan",https://news.detik.com/berita/d-4878715/pan-setuju-uji-kelayakan-cawagub-dki-minta-jakarta-tak-jadi-batu-loncatan,"
Kamis, 30 Jan 2020 09:00 WIB "
"Nurmansjah Lubis Minta Uji Kelayakan Cawagub DKI, Riza Patria Tak Keberatan",https://news.detik.com/berita/d-4878620/nurmansjah-lubis-minta-uji-kelayakan-cawagub-dki-riza-patria-tak-keberatan,"
Kamis, 30 Jan 2020 07:19 WIB "
Seratus Hari Kebijakan Jokowi,https://news.detik.com/kolom/d-4877855/seratus-hari-kebijakan-jokowi,"
Rabu, 29 Jan 2020 15:48 WIB "
Nurmansjah Lubis: Perlu Ada Uji Kelayakan Cawagub DKI,https://news.detik.com/berita/d-4877879/nurmansjah-lubis-perlu-ada-uji-kelayakan-cawagub-dki,"
Rabu, 29 Jan 2020 15:12 WIB "
Mengulas Strategi PKS vs Gerindra Lobi Kursi Wagub DKI,https://news.detik.com/berita/d-4875931/mengulas-strategi-pks-vs-gerindra-lobi-kursi-wagub-dki,"
Selasa, 28 Jan 2020 10:04 WIB "
"Hunian Rp 900 Jutaan, Tinggal Jalan Kaki ke Stasiun LRT dan Sekolah",https://news.detik.com/adv-nhl-detikcom/d-4875691/hunian-rp-900-jutaan-tinggal-jalan-kaki-ke-stasiun-lrt-dan-sekolah,"
Selasa, 28 Jan 2020 00:00 WIB "
"Kecewa Dengan Revitalisasi Monas, Ketua DPRD DKI: Ini Bukan Menata!",https://news.detik.com/berita/d-4875539/kecewa-dengan-revitalisasi-monas-ketua-dprd-dki-ini-bukan-menata,"
Senin, 27 Jan 2020 19:46 WIB "
Direksi: Program Asing di TVRI Tak Sefantastis Laporan Dewas,https://news.detik.com/berita/d-4875222/direksi-program-asing-di-tvri-tak-sefantastis-laporan-dewas,"
Senin, 27 Jan 2020 17:07 WIB "
"Banjir di Pondok Labu Jaksel Surut, Warga Bersih-bersih Rumah",https://news.detik.com/berita/d-4874349/banjir-di-pondok-labu-jaksel-surut-warga-bersih-bersih-rumah,"
Senin, 27 Jan 2020 08:56 WIB "
"Banjir Surut, Underpass Kemayoran Bisa Dilalui Kendaraan",https://news.detik.com/berita/d-4874331/banjir-surut-underpass-kemayoran-bisa-dilalui-kendaraan,"
Senin, 27 Jan 2020 08:39 WIB "
"Hujan Guyur Sebagian Wilayah Jakarta, Camat dan Lurah Diminta Siaga",https://news.detik.com/berita/d-4874175/hujan-guyur-sebagian-wilayah-jakarta-camat-dan-lurah-diminta-siaga,"
Senin, 27 Jan 2020 02:41 WIB "
Anies soal Banjir Underpass Kemayoran: Kata 'Bantu' Nggak Usah Diperpanjang,https://news.detik.com/berita/d-4874158/anies-soal-banjir-underpass-kemayoran-kata-bantu-nggak-usah-diperpanjang,"
Senin, 27 Jan 2020 00:10 WIB "
Anies Jawab Istana: Saya Tuntaskan Tanggung Jawab Kemayoran Terbebas Genangan,https://news.detik.com/berita/d-4874154/anies-jawab-istana-saya-tuntaskan-tanggung-jawab-kemayoran-terbebas-genangan,"
Minggu, 26 Jan 2020 23:54 WIB "
Anies Bersyukur Banjir Underpass Kemayoran Surut Usai Dipompa Terus,https://news.detik.com/berita/d-4874148/anies-bersyukur-banjir-underpass-kemayoran-surut-usai-dipompa-terus,"
Minggu, 26 Jan 2020 23:29 WIB "
Banjir Hingga Setinggi Satu Meter Rendam Kawasan Pondok Labu Jaksel,https://news.detik.com/berita/d-4874123/banjir-hingga-setinggi-satu-meter-rendam-kawasan-pondok-labu-jaksel,"
Minggu, 26 Jan 2020 22:41 WIB "
"Malam-Malam, Anies Tinjau Underpass Kemayoran yang Sempat Banjir",https://news.detik.com/berita/d-4874121/malam-malam-anies-tinjau-underpass-kemayoran-yang-sempat-banjir,"
Minggu, 26 Jan 2020 22:35 WIB "
Ngabalin Minta Anies Tak Beretorika soal Banjir di Underpass Kemayoran,https://news.detik.com/berita/d-4874114/ngabalin-minta-anies-tak-beretorika-soal-banjir-di-underpass-kemayoran,"
Minggu, 26 Jan 2020 22:20 WIB "
Polemik Tanggung Jawab Underpass Kemayoran yang Belum Kering,https://news.detik.com/berita/d-4874110/polemik-tanggung-jawab-underpass-kemayoran-yang-belum-kering,"
Minggu, 26 Jan 2020 22:03 WIB "
Underpass Kemayoran yang Banjir Diprediksi Bisa Dilalui Warga Besok,https://news.detik.com/berita/d-4874096/underpass-kemayoran-yang-banjir-diprediksi-bisa-dilalui-warga-besok,"
Minggu, 26 Jan 2020 21:21 WIB "
PPK Kemayoran Ungkap Penyebab Banjir di Underpass Kemayoran,https://news.detik.com/berita/d-4874006/ppk-kemayoran-ungkap-penyebab-banjir-di-underpass-kemayoran,"
Minggu, 26 Jan 2020 18:30 WIB "
Istana Kritik Anies Baswedan soal Banjir di Underpass Kemayoran,https://news.detik.com/berita/d-4874004/istana-kritik-anies-baswedan-soal-banjir-di-underpass-kemayoran,"
Minggu, 26 Jan 2020 18:27 WIB "
Ketua MPR Salurkan Bantuan ke Korban Banjir Cililitan Jaktim,https://news.detik.com/berita/d-4873808/ketua-mpr-salurkan-bantuan-ke-korban-banjir-cililitan-jaktim,"
Minggu, 26 Jan 2020 15:11 WIB "
"Anies soal Banjir Underpass Kemayoran: Kewenangan Setneg, tapi Kami Bantu",https://news.detik.com/berita/d-4873746/anies-soal-banjir-underpass-kemayoran-kewenangan-setneg-tapi-kami-bantu,"
Minggu, 26 Jan 2020 14:10 WIB "
"Sandiaga Dapat Kode 2024 dari Jokowi-BG, Ini Respons Anies Baswedan",https://news.detik.com/berita/d-4873732/sandiaga-dapat-kode-2024-dari-jokowi-bg-ini-respons-anies-baswedan,"
Minggu, 26 Jan 2020 13:58 WIB "
TNI Keluhkan Pompa yang Sedot Banjir Underpass Kemayoran: Debitnya Kecil,https://news.detik.com/berita/d-4873664/tni-keluhkan-pompa-yang-sedot-banjir-underpass-kemayoran-debitnya-kecil,"
Minggu, 26 Jan 2020 12:45 WIB "
"Banjir di Underpass Kemayoran, Istana: Pemprov DKI Setop Berpolemik",https://news.detik.com/berita/d-4873551/banjir-di-underpass-kemayoran-istana-pemprov-dki-setop-berpolemik,"
Minggu, 26 Jan 2020 10:24 WIB "
"Underpass Kemayoran Disebut Wewenang Pemerintah, Istana: Jangan Berwacana",https://news.detik.com/berita/d-4873504/underpass-kemayoran-disebut-wewenang-pemerintah-istana-jangan-berwacana,"
Minggu, 26 Jan 2020 08:17 WIB "
"Sudah 35 Jam, Banjir Underpass Kemayoran Diprediksi Surut 17 Jam Lagi",https://news.detik.com/berita/d-4873422/sudah-35-jam-banjir-underpass-kemayoran-diprediksi-surut-17-jam-lagi,"
Sabtu, 25 Jan 2020 22:40 WIB "
"Underpass Kemayoran Banjir, Pemprov DKI: Itu Wewenang Pemerintah Pusat",https://news.detik.com/berita/d-4873089/underpass-kemayoran-banjir-pemprov-dki-itu-wewenang-pemerintah-pusat,"
Sabtu, 25 Jan 2020 15:57 WIB "
Sudah 29 Jam Banjir Underpass Kemayoran Belum Surut,https://news.detik.com/berita/d-4873088/sudah-29-jam-banjir-underpass-kemayoran-belum-surut,"
Sabtu, 25 Jan 2020 15:51 WIB "
"Banjir Underpass Kemayoran Belum Surut, Damkar: Pompa Tak Sesuai Debit Air",https://news.detik.com/berita/d-4873002/banjir-underpass-kemayoran-belum-surut-damkar-pompa-tak-sesuai-debit-air,"
Sabtu, 25 Jan 2020 14:14 WIB "
"Underpass Kemayoran Banjir, Menteri Basuki: Perlu Modifikasi Desain Jalan",https://news.detik.com/berita/d-4872974/underpass-kemayoran-banjir-menteri-basuki-perlu-modifikasi-desain-jalan,"
Sabtu, 25 Jan 2020 13:34 WIB "
Klenteng Ancol Sempat Tergenang Sebelum Perayaan Tahun Baru Imlek,https://news.detik.com/berita/d-4872957/klenteng-ancol-sempat-tergenang-sebelum-perayaan-tahun-baru-imlek,"
Sabtu, 25 Jan 2020 13:12 WIB "
Menteri Basuki Tinjau Banjir di Underpass Timur Kemayoran,https://news.detik.com/berita/d-4872842/menteri-basuki-tinjau-banjir-di-underpass-timur-kemayoran,"
Sabtu, 25 Jan 2020 11:13 WIB "
"Banjir di Underpass Timur Kemayoran Masih 3,5 Meter, 4 Pompa Dikerahkan",https://news.detik.com/berita/d-4872784/banjir-di-underpass-timur-kemayoran-masih-3-5-meter-4-pompa-dikerahkan,"
Sabtu, 25 Jan 2020 09:34 WIB "
Tentang Netizen Hina Risma yang Buat Warga Surabaya Murka,https://news.detik.com/berita-jawa-timur/d-4872713/tentang-netizen-hina-risma-yang-buat-warga-surabaya-murka,"
Sabtu, 25 Jan 2020 07:15 WIB "
Janji Jokowi: Ibu Kota Baru Anti Macet dan Banjir,https://news.detik.com/berita/d-4872705/janji-jokowi-ibu-kota-baru-anti-macet-dan-banjir,"
Sabtu, 25 Jan 2020 06:06 WIB "
Brantas Abipraya Pastikan Bendungan Ciawi Rampung Akhir Tahun 2020,https://news.detik.com/berita/d-4872623/brantas-abipraya-pastikan-bendungan-ciawi-rampung-akhir-tahun-2020,"
Jumat, 24 Jan 2020 22:37 WIB "
Wali Kota Jakarta Pusat Ungkap Penyebab Banjir di Underpass Kemayoran,https://news.detik.com/berita/d-4872579/wali-kota-jakarta-pusat-ungkap-penyebab-banjir-di-underpass-kemayoran,"
Jumat, 24 Jan 2020 21:51 WIB "
Cerita Penggenangan di Tengah Banjir Jakarta,https://news.detik.com/berita/d-4872561/cerita-penggenangan-di-tengah-banjir-jakarta,"
Jumat, 24 Jan 2020 21:28 WIB "
Sekda DKI Omeli Dishub Pengunggah Video Banjir Pintu Monas Depan Istana,https://news.detik.com/berita/d-4872558/sekda-dki-omeli-dishub-pengunggah-video-banjir-pintu-monas-depan-istana,"
Jumat, 24 Jan 2020 21:25 WIB "
"Hingga Malam Hari, Banjir di Underpass Kemayoran Belum Juga Surut",https://news.detik.com/berita/d-4872543/hingga-malam-hari-banjir-di-underpass-kemayoran-belum-juga-surut,"
Jumat, 24 Jan 2020 20:53 WIB "
Sudin SDA Jakpus Kerahkan 2 Pompa Mobile Sedot Banjir Underpass Kemayoran,https://news.detik.com/berita/d-4872376/sudin-sda-jakpus-kerahkan-2-pompa-mobile-sedot-banjir-underpass-kemayoran,"
Jumat, 24 Jan 2020 19:15 WIB "
Ini Postingan Netizen yang Dilaporkan Hina Wali Kota Risma,https://news.detik.com/berita-jawa-timur/d-4872357/ini-postingan-netizen-yang-dilaporkan-hina-wali-kota-risma,"
Jumat, 24 Jan 2020 19:09 WIB "
Bima Arya Klaim Banjir di Kota Bogor Berkurang Berkat Naturalisasi Ciliwung,https://news.detik.com/berita/d-4872341/bima-arya-klaim-banjir-di-kota-bogor-berkurang-berkat-naturalisasi-ciliwung,"
Jumat, 24 Jan 2020 19:00 WIB "
Pemkot Jakpus Jelaskan Banjir di Underpass Kemayoran Lama Surut,https://news.detik.com/berita/d-4872281/pemkot-jakpus-jelaskan-banjir-di-underpass-kemayoran-lama-surut,"
Jumat, 24 Jan 2020 18:18 WIB "
"Jokowi Tunjukkan Desain Ibu Kota Baru: Nanti Nggak Ada Banjir, Nggak Macet",https://news.detik.com/berita/d-4872119/jokowi-tunjukkan-desain-ibu-kota-baru-nanti-nggak-ada-banjir-nggak-macet,"
Jumat, 24 Jan 2020 16:41 WIB "
BNPB Tunggu Usulan Dana untuk Hunian Korban Bencana Lebak-Bogor,https://news.detik.com/berita/d-4872103/bnpb-tunggu-usulan-dana-untuk-hunian-korban-bencana-lebak-bogor,"
Jumat, 24 Jan 2020 16:32 WIB "
"Underpass Kemayoran Terendam Banjir, Pemadam Kebakaran Sedot Genangan",https://news.detik.com/berita/d-4872026/underpass-kemayoran-terendam-banjir-pemadam-kebakaran-sedot-genangan,"
Jumat, 24 Jan 2020 15:48 WIB "
Jalan Sunter Kemayoran Masih Tergenang Air Siang Ini,https://news.detik.com/berita/d-4871950/jalan-sunter-kemayoran-masih-tergenang-air-siang-ini,"
Jumat, 24 Jan 2020 14:58 WIB "
"Underpass Kemayoran Terendam Banjir, Kendaraan Tak Bisa Melintas",https://news.detik.com/berita/d-4871920/underpass-kemayoran-terendam-banjir-kendaraan-tak-bisa-melintas,"
Jumat, 24 Jan 2020 14:32 WIB "
54 Titik Wilayah di Seluruh Jakarta Masih Banjir dan Tergenang Siang Ini,https://news.detik.com/berita/d-4871902/54-titik-wilayah-di-seluruh-jakarta-masih-banjir-dan-tergenang-siang-ini,"
Jumat, 24 Jan 2020 14:24 WIB "
"Wali Kota Sebut Sejumlah Wilayah di Jakut Sengaja Digenangkan, Ini Alasannya",https://news.detik.com/berita/d-4871760/wali-kota-sebut-sejumlah-wilayah-di-jakut-sengaja-digenangkan-ini-alasannya,"
Jumat, 24 Jan 2020 13:06 WIB "
"Hujan, Jalan Bungur Depan Pengadilan Tipikor Jakpus Banjir",https://news.detik.com/berita/d-4871683/hujan-jalan-bungur-depan-pengadilan-tipikor-jakpus-banjir,"
Jumat, 24 Jan 2020 12:02 WIB "
"Terimbas Banjir, Sejumlah Rute TransJakarta Tak Bisa Layani Warga",https://news.detik.com/berita/d-4871666/terimbas-banjir-sejumlah-rute-transjakarta-tak-bisa-layani-warga,"
Jumat, 24 Jan 2020 11:57 WIB "
Pintu Masuk Monas Seberang Istana Kebanjiran,https://news.detik.com/berita/d-4871632/pintu-masuk-monas-seberang-istana-kebanjiran,"
Jumat, 24 Jan 2020 11:42 WIB "
"Banjir, Rute TransJakarta Pinang Ranti-Pluit Hanya Sampai Grogol 2",https://news.detik.com/berita/d-4871616/banjir-rute-transjakarta-pinang-ranti-pluit-hanya-sampai-grogol-2,"
Jumat, 24 Jan 2020 11:32 WIB "
"Video: Hujan Sejak Pagi, Ruas Jalan di Jakarta Tergenang",https://news.detik.com/berita/d-4871591/video-hujan-sejak-pagi-ruas-jalan-di-jakarta-tergenang,"
Jumat, 24 Jan 2020 11:20 WIB "
"Ini Titik-titik Banjir dan Genangan di Jakarta, Terbanyak di Jakut",https://news.detik.com/berita/d-4871590/ini-titik-titik-banjir-dan-genangan-di-jakarta-terbanyak-di-jakut,"
Jumat, 24 Jan 2020 11:19 WIB "
"Jl MT Haryono Depan BPTJ Tergenang, Kendaraan Hanya Bisa Lewat Lajur Kanan",https://news.detik.com/berita/d-4871586/jl-mt-haryono-depan-bptj-tergenang-kendaraan-hanya-bisa-lewat-lajur-kanan,"
Jumat, 24 Jan 2020 11:14 WIB "
"Jakarta Hujan Deras, Kawasan Sunter dan Gunung Sahari Banjir",https://news.detik.com/berita/d-4871547/jakarta-hujan-deras-kawasan-sunter-dan-gunung-sahari-banjir,"
Jumat, 24 Jan 2020 10:42 WIB "
Hujan Deras di Jakarta Diprediksi Berlangsung hingga Pukul 13.00 WIB,https://news.detik.com/berita/d-4871542/hujan-deras-di-jakarta-diprediksi-berlangsung-hingga-pukul-13-00-wib,"
Jumat, 24 Jan 2020 10:37 WIB "
"Jakarta Diguyur Hujan, Mulai Muncul Genangan di Sejumlah Titik",https://news.detik.com/berita/d-4871533/jakarta-diguyur-hujan-mulai-muncul-genangan-di-sejumlah-titik,"
Jumat, 24 Jan 2020 10:22 WIB "
Alamak! Rasakan Banjir Salju dan Main Ski Ala Shirakawa Go di Sini,https://news.detik.com/adv-nhl-detikcom/d-4871246/alamak-rasakan-banjir-salju-dan-main-ski-ala-shirakawa-go-di-sini,"
Jumat, 24 Jan 2020 00:00 WIB "
Cawagub DKI dari Gerindra Riza Patria: Pejabat Publik Harus Siap Di-bully,https://news.detik.com/berita/d-4870715/cawagub-dki-dari-gerindra-riza-patria-pejabat-publik-harus-siap-di-bully,"
Kamis, 23 Jan 2020 17:04 WIB "
BNPB Minta Pejabat Terus Siaga di Musim Hujan: Kalau Perlu Kurangi Tidur,https://news.detik.com/berita/d-4870006/bnpb-minta-pejabat-terus-siaga-di-musim-hujan-kalau-perlu-kurangi-tidur,"
Kamis, 23 Jan 2020 10:29 WIB "
Abdul Basith Didakwa Terlibat Pembuatan Bom Molotov,https://news.detik.com/berita/d-4869567/abdul-basith-didakwa-terlibat-pembuatan-bom-molotov,"
Rabu, 22 Jan 2020 20:08 WIB "
Sikap NasDem Kritik Jokowi soal Banjir DKI Dinilai untuk Jaga Citra Anies,https://news.detik.com/berita/d-4869176/sikap-nasdem-kritik-jokowi-soal-banjir-dki-dinilai-untuk-jaga-citra-anies,"
Rabu, 22 Jan 2020 16:47 WIB "
Kritik NasDem ke Jokowi Dinilai Buntut dari 'Pelukan' Paloh ke Presiden PKS,https://news.detik.com/berita/d-4869064/kritik-nasdem-ke-jokowi-dinilai-buntut-dari-pelukan-paloh-ke-presiden-pks,"
Rabu, 22 Jan 2020 15:51 WIB "
PDIP soal Kritik NasDem DKI: Jokowi Lebih Aktif ke Lapangan Atasi Banjir,https://news.detik.com/berita/d-4868851/pdip-soal-kritik-nasdem-dki-jokowi-lebih-aktif-ke-lapangan-atasi-banjir,"
Rabu, 22 Jan 2020 14:07 WIB "
NasDem DKI Kritik Jokowi Sekaligus Puji Anies Tangani Banjir,https://news.detik.com/berita/d-4868576/nasdem-dki-kritik-jokowi-sekaligus-puji-anies-tangani-banjir,"
Rabu, 22 Jan 2020 11:21 WIB "
Helmy Yahya Bantah Tayangkan Discovery Channel Terus saat Banjir,https://news.detik.com/berita/d-4868398/helmy-yahya-bantah-tayangkan-discovery-channel-terus-saat-banjir,"
Rabu, 22 Jan 2020 08:26 WIB "
"Jokowi Minta Pelebaran Sungai, Anies Mau Bebaskan Lahan Bantaran Kali?",https://news.detik.com/berita/d-4868368/jokowi-minta-pelebaran-sungai-anies-mau-bebaskan-lahan-bantaran-kali,"
Rabu, 22 Jan 2020 07:43 WIB "
"Jokowi Rujuk Master Plan Antibanjir '73, PDIP: Anies Harus Berani Gusur",https://news.detik.com/berita/d-4868355/jokowi-rujuk-master-plan-antibanjir-73-pdip-anies-harus-berani-gusur,"
Rabu, 22 Jan 2020 06:49 WIB "
Bebas Banjir! Asya Jadi Pilihan Wajib Pencari Hunian di Jakarta,https://news.detik.com/adv-nhl-detikcom/d-4867495/bebas-banjir-asya-jadi-pilihan-wajib-pencari-hunian-di-jakarta,"
Rabu, 22 Jan 2020 00:00 WIB "
"Pecat Helmy Yahya, Dewas TVRI Singgung Tayangan Discovery Channel Saat Banjir",https://news.detik.com/berita/d-4867675/pecat-helmy-yahya-dewas-tvri-singgung-tayangan-discovery-channel-saat-banjir,"
Selasa, 21 Jan 2020 16:11 WIB "
"Golkar soal Cawagub DKI: Nurmansyah Lubis-Riza Patria Bagus, Tahu soal Jakarta",https://news.detik.com/berita/d-4867047/golkar-soal-cawagub-dki-nurmansyah-lubis-riza-patria-bagus-tahu-soal-jakarta,"
Selasa, 21 Jan 2020 08:47 WIB "
"Bukan Matahari Kembar, Janji Nurmansyah Lubis ke Anies",https://news.detik.com/berita/d-4866948/bukan-matahari-kembar-janji-nurmansyah-lubis-ke-anies,"
Selasa, 21 Jan 2020 05:30 WIB "
"Diajukan PKS Cawagub DKI, Nurmansyah Lubis: Saya Pelayan Pak Anies di Dapur",https://news.detik.com/berita/d-4866462/diajukan-pks-cawagub-dki-nurmansyah-lubis-saya-pelayan-pak-anies-di-dapur,"
Senin, 20 Jan 2020 17:15 WIB "
Ini Alasan Warga Korban Banjir Hanya Gugat Anies Baswedan,https://news.detik.com/berita/d-4865030/ini-alasan-warga-korban-banjir-hanya-gugat-anies-baswedan,"
Minggu, 19 Jan 2020 12:53 WIB "
BPPT: Modifikasi Cuaca Berhasil Kurangi Hujan Jabodetabek hingga 44%,https://news.detik.com/berita/d-4864990/bppt-modifikasi-cuaca-berhasil-kurangi-hujan-jabodetabek-hingga-44,"
Minggu, 19 Jan 2020 11:53 WIB "
PDIP: Kode Jokowi ke Sandiaga Bukan untuk Pecah Perhatian ke Anies,https://news.detik.com/berita/d-4864919/pdip-kode-jokowi-ke-sandiaga-bukan-untuk-pecah-perhatian-ke-anies,"
Minggu, 19 Jan 2020 10:51 WIB "
Pemprov DKI Perbaiki Tanggul di Kompleks TVRI yang Jebol,https://news.detik.com/berita/d-4864860/pemprov-dki-perbaiki-tanggul-di-kompleks-tvri-yang-jebol,"
Minggu, 19 Jan 2020 09:25 WIB "
"Peringatan Dini Banjir Pakai Toa Disebut Berisik, BPBD: Itu Kearifan Lokal",https://news.detik.com/berita/d-4864824/peringatan-dini-banjir-pakai-toa-disebut-berisik-bpbd-itu-kearifan-lokal,"
Minggu, 19 Jan 2020 08:35 WIB "
"Tempatkan Bukan Toa Biasa, BPBD DKI Berkaca Pengalaman Banjir Awal 2020",https://news.detik.com/berita/d-4864778/tempatkan-bukan-toa-biasa-bpbd-dki-berkaca-pengalaman-banjir-awal-2020,"
Minggu, 19 Jan 2020 06:45 WIB "
"Kursi Wagub DKI Kosong Kelamaan, Mahasiswa Untar Ajukan Gugatan",https://news.detik.com/berita/d-4864775/kursi-wagub-dki-kosong-kelamaan-mahasiswa-untar-ajukan-gugatan,"
Minggu, 19 Jan 2020 06:29 WIB "
BMKG: Waspada Potensi Hujan Lebat di Indonesia 17-23 Januari,https://news.detik.com/berita/d-4864753/bmkg-waspada-potensi-hujan-lebat-di-indonesia-17-23-januari,"
Minggu, 19 Jan 2020 03:10 WIB "
"Tanggul di Kompleks TVRI Jaksel Sempat Jebol, Begini Kesaksian Warga",https://news.detik.com/berita/d-4864643/tanggul-di-kompleks-tvri-jaksel-sempat-jebol-begini-kesaksian-warga,"
Sabtu, 18 Jan 2020 20:44 WIB "
BPBD DKI Pastikan Seluruh Genangan di Jakarta Sudah Surut,https://news.detik.com/berita/d-4864639/bpbd-dki-pastikan-seluruh-genangan-di-jakarta-sudah-surut,"
Sabtu, 18 Jan 2020 20:28 WIB "
"Sempat Bocor, Tanggul Air di Tanjung Duren Jakbar Diperbaiki",https://news.detik.com/berita/d-4864611/sempat-bocor-tanggul-air-di-tanjung-duren-jakbar-diperbaiki,"
Sabtu, 18 Jan 2020 19:32 WIB "
"Alat Peringatan Dini Banjir Tak Berfungsi, Warga Cipinang Melayu Resah",https://news.detik.com/berita/d-4864569/alat-peringatan-dini-banjir-tak-berfungsi-warga-cipinang-melayu-resah,"
Sabtu, 18 Jan 2020 18:25 WIB "
"Anies Sidak ke Kebayoran Lama, Sidak Kesigapan Petugas Antisipasi Banjir",https://news.detik.com/berita/d-4864420/anies-sidak-ke-kebayoran-lama-sidak-kesigapan-petugas-antisipasi-banjir,"
Sabtu, 18 Jan 2020 16:13 WIB "
"Kerap Kebanjiran, Warga Gunung Jaksel Harap 'Bukan Toa Biasa' Dipasang",https://news.detik.com/berita/d-4864292/kerap-kebanjiran-warga-gunung-jaksel-harap-bukan-toa-biasa-dipasang,"
Sabtu, 18 Jan 2020 14:26 WIB "
Warga Cipinang Melayu Jaktim Keluhkan Alat Peringatan Banjir Tak Berfungsi,https://news.detik.com/berita/d-4864243/warga-cipinang-melayu-jaktim-keluhkan-alat-peringatan-banjir-tak-berfungsi,"
Sabtu, 18 Jan 2020 13:25 WIB "
"Banjir di Rawajati Surut, Warga Bersih-bersih Rumah",https://news.detik.com/berita/d-4864213/banjir-di-rawajati-surut-warga-bersih-bersih-rumah,"
Sabtu, 18 Jan 2020 12:58 WIB "
"Rawajati Langganan Banjir, Ketua RW Andalkan WAG: Kalau Toa Berisik",https://news.detik.com/berita/d-4864200/rawajati-langganan-banjir-ketua-rw-andalkan-wag-kalau-toa-berisik,"
Sabtu, 18 Jan 2020 12:47 WIB "
Pasukan Biru Dikerahkan Atasi Banjir di Jaksel,https://news.detik.com/berita/d-4864194/pasukan-biru-dikerahkan-atasi-banjir-di-jaksel,"
Sabtu, 18 Jan 2020 12:27 WIB "
"Mahasiswa Untar Gugat soal Wagub DKI, Begini Ruwetnya Cari Pengganti Sandi",https://news.detik.com/berita/d-4864175/mahasiswa-untar-gugat-soal-wagub-dki-begini-ruwetnya-cari-pengganti-sandi,"
Sabtu, 18 Jan 2020 12:06 WIB "
"Tak Ada Pompa Air, Ini Cara Petugas Bikin Banjir di Kebayoran Baru Surut",https://news.detik.com/berita/d-4864149/tak-ada-pompa-air-ini-cara-petugas-bikin-banjir-di-kebayoran-baru-surut,"
Sabtu, 18 Jan 2020 11:17 WIB "
"Sempat Capai 50 Cm, Banjir di Kebayoran Baru Jaksel Mulai Surut",https://news.detik.com/berita/d-4864130/sempat-capai-50-cm-banjir-di-kebayoran-baru-jaksel-mulai-surut,"
Sabtu, 18 Jan 2020 10:44 WIB "
"11 Jalan di Jakarta Terendam Banjir, Ketinggian Air 5-30 Cm",https://news.detik.com/berita/d-4864127/11-jalan-di-jakarta-terendam-banjir-ketinggian-air-5-30-cm,"
Sabtu, 18 Jan 2020 10:41 WIB "
"Imbas Hujan Deras, Kawasan Bangka Jaksel Sempat Banjir",https://news.detik.com/berita/d-4864122/imbas-hujan-deras-kawasan-bangka-jaksel-sempat-banjir,"
Sabtu, 18 Jan 2020 10:35 WIB "
Mahasiswa Hukum Untar Gugat Proses Pemilihan Wagub DKI,https://news.detik.com/berita/d-4864099/mahasiswa-hukum-untar-gugat-proses-pemilihan-wagub-dki,"
Sabtu, 18 Jan 2020 10:18 WIB "
"Pintu Air Manggarai-Karet Siaga 3, Warga Bantaran Kali Diminta Waspada",https://news.detik.com/berita/d-4864098/pintu-air-manggarai-karet-siaga-3-warga-bantaran-kali-diminta-waspada,"
Sabtu, 18 Jan 2020 10:17 WIB "
"Jakarta Kebanjiran, Begini Kondisi di Bendung Katulampa Bogor",https://news.detik.com/berita/d-4864095/jakarta-kebanjiran-begini-kondisi-di-bendung-katulampa-bogor,"
Sabtu, 18 Jan 2020 10:14 WIB "
Ini Titik-titik Jalan Tergenang di Jakarta Usai Hujan Deras Pagi Tadi,https://news.detik.com/berita/d-4864082/ini-titik-titik-jalan-tergenang-di-jakarta-usai-hujan-deras-pagi-tadi,"
Sabtu, 18 Jan 2020 09:49 WIB "
"Banjir Terjadi di Rawajati Jaksel, Rumah Warga Kemasukan Air",https://news.detik.com/berita/d-4864080/banjir-terjadi-di-rawajati-jaksel-rumah-warga-kemasukan-air,"
Sabtu, 18 Jan 2020 09:47 WIB "
"Jokowi Tak Mau Ada Ide Antibanjir Baru, Pemprov DKI Sependapat",https://news.detik.com/berita/d-4864073/jokowi-tak-mau-ada-ide-antibanjir-baru-pemprov-dki-sependapat,"
Sabtu, 18 Jan 2020 09:30 WIB "
"Banjir di Kelurahan Gunung Jaksel, 2 RW Terdampak",https://news.detik.com/berita/d-4864023/banjir-di-kelurahan-gunung-jaksel-2-rw-terdampak,"
Sabtu, 18 Jan 2020 08:47 WIB "
"Dewi Tanjung Polisikan Massa Pro-Anies, Fahira: Dia Hobi Tebar Kebohongan",https://news.detik.com/berita/d-4864003/dewi-tanjung-polisikan-massa-pro-anies-fahira-dia-hobi-tebar-kebohongan,"
Sabtu, 18 Jan 2020 08:07 WIB "
"Banjir Rendam Kawasan Duri Kepa Jakbar, Warga Angkut Barang-barang",https://news.detik.com/berita/d-4863997/banjir-rendam-kawasan-duri-kepa-jakbar-warga-angkut-barang-barang,"
Sabtu, 18 Jan 2020 07:59 WIB "
"Kemang Utara Terendam Banjir, Lalu Lintas Terganggu",https://news.detik.com/berita/d-4863941/kemang-utara-terendam-banjir-lalu-lintas-terganggu,"
Sabtu, 18 Jan 2020 07:24 WIB "
"Jakarta Diguyur Hujan Deras Pagi Ini, Sejumlah Titik Tergenang Banjir",https://news.detik.com/berita/d-4863931/jakarta-diguyur-hujan-deras-pagi-ini-sejumlah-titik-tergenang-banjir,"
Sabtu, 18 Jan 2020 06:53 WIB "
Aksi Demo Bela Anies Berujung Laporan Polisi,https://news.detik.com/berita/d-4863929/aksi-demo-bela-anies-berujung-laporan-polisi,"
Sabtu, 18 Jan 2020 06:37 WIB "
Ini Kecanggihan 'Bukan Toa Biasa' Seharga Rp 4 M,https://news.detik.com/berita/d-4863881/ini-kecanggihan-bukan-toa-biasa-seharga-rp-4-m,"
Jumat, 17 Jan 2020 22:32 WIB "
Pemprov DKI Targetkan 52 Pompa 'Bengek' Selesai Diperbaiki Sebelum Februari,https://news.detik.com/berita/d-4863783/pemprov-dki-targetkan-52-pompa-bengek-selesai-diperbaiki-sebelum-februari,"
Jumat, 17 Jan 2020 21:12 WIB "
Cerita BPBD Jakarta Anggarkan Bukan Toa Biasa,https://news.detik.com/berita/d-4863691/cerita-bpbd-jakarta-anggarkan-bukan-toa-biasa,"
Jumat, 17 Jan 2020 20:02 WIB "
"Jokowi Tak Mau Ide Antibanjir Baru, Ini Sejarah Master Plan '73 yang Dirujuk",https://news.detik.com/berita/d-4863613/jokowi-tak-mau-ide-antibanjir-baru-ini-sejarah-master-plan-73-yang-dirujuk,"
Jumat, 17 Jan 2020 19:08 WIB "
Pedemo Pro-Anies Dipolisikan Gegara Poster 'Kita Lengserkan Presiden',https://news.detik.com/berita/d-4863445/pedemo-pro-anies-dipolisikan-gegara-poster-kita-lengserkan-presiden,"
Jumat, 17 Jan 2020 18:09 WIB "
"Jokowi: Masterplan Banjir Jakarta Sudah Ada, Nggak Usah Ada Ide Baru",https://news.detik.com/berita/d-4863273/jokowi-masterplan-banjir-jakarta-sudah-ada-nggak-usah-ada-ide-baru,"
Jumat, 17 Jan 2020 16:37 WIB "
"Jawab Rocky Gerung, Jokowi Tak Masalah Jika Didemo Soal Banjir",https://news.detik.com/berita/d-4863242/jawab-rocky-gerung-jokowi-tak-masalah-jika-didemo-soal-banjir,"
Jumat, 17 Jan 2020 16:16 WIB "
Gerindra DKI Anggap 'Bukan Toa Biasa' Rp 4 M Tak Boros: Program Bagus,https://news.detik.com/berita/d-4862548/gerindra-dki-anggap-bukan-toa-biasa-rp-4-m-tak-boros-program-bagus,"
Jumat, 17 Jan 2020 08:20 WIB "
BNPB soal 'Bukan Toa Biasa' Rp 4 M: Sudah Sesuai Kebutuhan di Jakarta,https://news.detik.com/berita/d-4862486/bnpb-soal-bukan-toa-biasa-rp-4-m-sudah-sesuai-kebutuhan-di-jakarta,"
Jumat, 17 Jan 2020 06:40 WIB "
Dewi Tanjung Polisikan Massa Pro-Anies yang Demo di Balai Kota,https://news.detik.com/berita/d-4862427/dewi-tanjung-polisikan-massa-pro-anies-yang-demo-di-balai-kota,"
Kamis, 16 Jan 2020 23:10 WIB "
Menag Sapa Anies dan Cerita Dubai-Abu Dhabi Banjir: Ada Teman Pak,https://news.detik.com/berita/d-4862297/menag-sapa-anies-dan-cerita-dubai-abu-dhabi-banjir-ada-teman-pak,"
Kamis, 16 Jan 2020 20:34 WIB "
BPBD DKI Bakal Pasang 'Bukan Toa Biasa' di Bukit Duri-Marunda,https://news.detik.com/berita/d-4861829/bpbd-dki-bakal-pasang-bukan-toa-biasa-di-bukit-duri-marunda,"
Kamis, 16 Jan 2020 16:58 WIB "
"Khawatir Dianggap Politisasi Derita Warga, Gerindra DKI Tolak Pansus Banjir",https://news.detik.com/berita/d-4861687/khawatir-dianggap-politisasi-derita-warga-gerindra-dki-tolak-pansus-banjir,"
Kamis, 16 Jan 2020 15:56 WIB "
"Gerindra DKI Ajak Class Action Jokowi, Mahfud: Nggak Apa-apa, Biasa Aja",https://news.detik.com/berita/d-4861636/gerindra-dki-ajak-class-action-jokowi-mahfud-nggak-apa-apa-biasa-aja,"
Kamis, 16 Jan 2020 15:29 WIB "
"Butuh Rp 4 M untuk Tambah Peringatan Dini Bencana, BPBD DKI: Bukan Toa Biasa",https://news.detik.com/berita/d-4861551/butuh-rp-4-m-untuk-tambah-peringatan-dini-bencana-bpbd-dki-bukan-toa-biasa,"
Kamis, 16 Jan 2020 14:48 WIB "
Bencana dan Ujian Reformasi Birokrasi,https://news.detik.com/kolom/d-4861455/bencana-dan-ujian-reformasi-birokrasi,"
Kamis, 16 Jan 2020 14:08 WIB "
Yang Terabaikan dalam Perubahan Iklim,https://news.detik.com/kolom/d-4861160/yang-terabaikan-dalam-perubahan-iklim,"
Kamis, 16 Jan 2020 12:00 WIB "
Politik Perubahan Iklim,https://news.detik.com/kolom/d-4861134/politik-perubahan-iklim,"
Kamis, 16 Jan 2020 11:02 WIB "
"Gerindra Ajak Class Action Jokowi, PDIP: Bela Anies Jangan Membabi Buta",https://news.detik.com/berita/d-4861019/gerindra-ajak-class-action-jokowi-pdip-bela-anies-jangan-membabi-buta,"
Kamis, 16 Jan 2020 09:32 WIB "
"Gerindra DKI Ajak Class Action Jokowi, Istana: Jangan Saling Menyalahkan",https://news.detik.com/berita/d-4861004/gerindra-dki-ajak-class-action-jokowi-istana-jangan-saling-menyalahkan,"
Kamis, 16 Jan 2020 09:12 WIB "
Sapa Sandiaga 'Hati-hati 2024' Dinilai Taktik Jokowi Pecah Sorotan ke Anies,https://news.detik.com/berita/d-4860940/sapa-sandiaga-hati-hati-2024-dinilai-taktik-jokowi-pecah-sorotan-ke-anies,"
Kamis, 16 Jan 2020 07:57 WIB "
Saling Tuduh Massa Bayaran Pasca Demo pada Anies Baswedan,https://news.detik.com/berita/d-4860918/saling-tuduh-massa-bayaran-pasca-demo-pada-anies-baswedan,"
Kamis, 16 Jan 2020 06:48 WIB "
"Bebas Banjir, Rumah 2 Lantai Rp 900 Jutaan di Bandung Laris Manis",https://news.detik.com/adv-nhl-detikcom/d-4860809/bebas-banjir-rumah-2-lantai-rp-900-jutaan-di-bandung-laris-manis,"
Kamis, 16 Jan 2020 00:00 WIB "
Wali Kota Tangerang Mau Bangun Sumur Injeksi Rp 250 M demi Atasi Banjir,https://news.detik.com/berita/d-4860527/wali-kota-tangerang-mau-bangun-sumur-injeksi-rp-250-m-demi-atasi-banjir,"
Rabu, 15 Jan 2020 19:23 WIB "
BBWS Ciliwung-Cisadane Catat 15 Situ Hilang di Jabodetabek,https://news.detik.com/berita/d-4860289/bbws-ciliwung-cisadane-catat-15-situ-hilang-di-jabodetabek,"
Rabu, 15 Jan 2020 17:32 WIB "
"Tambang Ilegal Sebabkan Banjir-Longsor di Bogor, Polri Patroli Skala Besar",https://news.detik.com/berita/d-4860151/tambang-ilegal-sebabkan-banjir-longsor-di-bogor-polri-patroli-skala-besar,"
Rabu, 15 Jan 2020 16:15 WIB "
"Korban Banjir Class Action Anies, Gerinda DKI: Mending Gugat Presiden",https://news.detik.com/berita/d-4859970/korban-banjir-class-action-anies-gerinda-dki-mending-gugat-presiden,"
Rabu, 15 Jan 2020 14:44 WIB "
Pimpinan KPK Dikirimi Jamu Antidiare: Jangan Mencret Tangani Korupsi,https://news.detik.com/berita/d-4859777/pimpinan-kpk-dikirimi-jamu-antidiare-jangan-mencret-tangani-korupsi,"
Rabu, 15 Jan 2020 13:05 WIB "
PD soal Demo Kontra-Anies: Pemprov DKI Sudah Maksimal Tangani Banjir,https://news.detik.com/berita/d-4859511/pd-soal-demo-kontra-anies-pemprov-dki-sudah-maksimal-tangani-banjir,"
Rabu, 15 Jan 2020 10:14 WIB "
NasDem DKI: Yang Pro Anies Mungkin Terbiasa Kebanjiran,https://news.detik.com/berita/d-4859463/nasdem-dki-yang-pro-anies-mungkin-terbiasa-kebanjiran,"
Rabu, 15 Jan 2020 09:28 WIB "
Dewi Tanjung ke M Taufik: Kami Tak Punya Dana Bayar Massa Kontra Anies!,https://news.detik.com/berita/d-4859459/dewi-tanjung-ke-m-taufik-kami-tak-punya-dana-bayar-massa-kontra-anies,"
Rabu, 15 Jan 2020 09:24 WIB "
"Demo di Balai Kota Jakarta: Tarung Wacana, 'Kompak' Salah Eja Nama",https://news.detik.com/berita/d-4859407/demo-di-balai-kota-jakarta-tarung-wacana-kompak-salah-eja-nama,"
Rabu, 15 Jan 2020 08:30 WIB "
"M Taufik: Saya Dikirimi Video, Massa Kontra Anies Dibayar Rp 100 Ribu",https://news.detik.com/berita/d-4859405/m-taufik-saya-dikirimi-video-massa-kontra-anies-dibayar-rp-100-ribu,"
Rabu, 15 Jan 2020 08:29 WIB "
"Demo Pro dan Kontra Anies, PDIP DKI: Dia Kurang Antisipasi Banjir",https://news.detik.com/berita/d-4859325/demo-pro-dan-kontra-anies-pdip-dki-dia-kurang-antisipasi-banjir,"
Rabu, 15 Jan 2020 07:33 WIB "
Saat Ahok Bilang Anies Lebih Pintar,https://news.detik.com/berita/d-4859166/saat-ahok-bilang-anies-lebih-pintar,"
Selasa, 14 Jan 2020 20:27 WIB "
PAN: Pansus Banjir Jakarta Akan Diusulkan ke Ketua DPRD Minggu Depan,https://news.detik.com/berita/d-4859126/pan-pansus-banjir-jakarta-akan-diusulkan-ke-ketua-dprd-minggu-depan,"
Selasa, 14 Jan 2020 19:55 WIB "
"Korban Banjir Gugat Anies, Mahfud: Apa pun Bisa Dibawa ke Pengadilan",https://news.detik.com/berita-jawa-tengah/d-4859056/korban-banjir-gugat-anies-mahfud-apa-pun-bisa-dibawa-ke-pengadilan,"
Selasa, 14 Jan 2020 19:11 WIB "
Kemendagri Ganti 10.166 Dokumen Warga Korban Banjir-Longsor,https://news.detik.com/berita/d-4858956/kemendagri-ganti-10-166-dokumen-warga-korban-banjir-longsor,"
Selasa, 14 Jan 2020 18:30 WIB "
Emak-emak Merdeka dari Bengkulu Demo di Balai Kota DKI: Saya Bela Anies,https://news.detik.com/berita/d-4858796/emak-emak-merdeka-dari-bengkulu-demo-di-balai-kota-dki-saya-bela-anies,"
Selasa, 14 Jan 2020 16:43 WIB "
Lulung ke Pendemo Kontra Anies: Nggak Betah di Jakarta? Pergi,https://news.detik.com/berita/d-4858744/lulung-ke-pendemo-kontra-anies-nggak-betah-di-jakarta-pergi,"
Selasa, 14 Jan 2020 16:23 WIB "
"Kubu Kontra Ingin Turunkan Anies dari DKI 1, Kubu Pro Bicara Potensi RI 1",https://news.detik.com/berita/d-4858729/kubu-kontra-ingin-turunkan-anies-dari-dki-1-kubu-pro-bicara-potensi-ri-1,"
Selasa, 14 Jan 2020 16:13 WIB "
"Mensos: Jumlah Pengungsi Banjir Menurun, DKI Paling Sedikit",https://news.detik.com/berita/d-4858510/mensos-jumlah-pengungsi-banjir-menurun-dki-paling-sedikit,"
Selasa, 14 Jan 2020 14:30 WIB "
Sodetan Ciliwung Bidara Cina: Dari Zaman Ahok Hingga Anies,https://news.detik.com/berita/d-4858509/sodetan-ciliwung-bidara-cina-dari-zaman-ahok-hingga-anies,"
Selasa, 14 Jan 2020 14:30 WIB "
Komisi VIII Rapat Bareng Mensos-Kepala BNPB Bahas Penanggulangan Bencana,https://news.detik.com/berita/d-4858475/komisi-viii-rapat-bareng-mensos-kepala-bnpb-bahas-penanggulangan-bencana,"
Selasa, 14 Jan 2020 14:12 WIB "
"Ada Massa Demo Anies, Ahok: Nggak Tahu, Aku Sudah Lulusan Mako Brimob",https://news.detik.com/berita/d-4858467/ada-massa-demo-anies-ahok-nggak-tahu-aku-sudah-lulusan-mako-brimob,"
Selasa, 14 Jan 2020 14:05 WIB "
"Spanduk Pro-Anies: Tak Suka Anis, Pindah Saja ke Provinsi Lain",https://news.detik.com/berita/d-4858458/spanduk-pro-anies-tak-suka-anis-pindah-saja-ke-provinsi-lain,"
Selasa, 14 Jan 2020 13:59 WIB "
"Ahok: Kita Harus Percaya, Pak Anies Lebih Pintar Atasi Banjir",https://news.detik.com/berita/d-4858443/ahok-kita-harus-percaya-pak-anies-lebih-pintar-atasi-banjir,"
Selasa, 14 Jan 2020 13:47 WIB "
"Korban Banjir Gugat Anies, Sekda: Pemprov DKI Sudah Cepat Respons Bencana",https://news.detik.com/berita/d-4858360/korban-banjir-gugat-anies-sekda-pemprov-dki-sudah-cepat-respons-bencana,"
Selasa, 14 Jan 2020 12:52 WIB "
Massa Pro-Anies Pajang Spanduk 'Bersama Anis Baswedan Jakarta Damai',https://news.detik.com/berita/d-4858331/massa-pro-anies-pajang-spanduk-bersama-anis-baswedan-jakarta-damai,"
Selasa, 14 Jan 2020 12:30 WIB "
"Jelang Demo Pro-Kontra Anies soal Banjir, Massa Berdatangan ke Balai Kota",https://news.detik.com/berita/d-4858268/jelang-demo-pro-kontra-anies-soal-banjir-massa-berdatangan-ke-balai-kota,"
Selasa, 14 Jan 2020 11:59 WIB "
"Ada Demo di Balai Kota DKI, Polisi Siapkan Rekayasa Lalin Antisipasi Macet",https://news.detik.com/berita/d-4858259/ada-demo-di-balai-kota-dki-polisi-siapkan-rekayasa-lalin-antisipasi-macet,"
Selasa, 14 Jan 2020 11:53 WIB "
"Jelang Demo Massa Pro Vs Kontra-Anies, Polisi: Diupayakan Jalan Tak Ditutup",https://news.detik.com/berita/d-4858200/jelang-demo-massa-pro-vs-kontra-anies-polisi-diupayakan-jalan-tak-ditutup,"
Selasa, 14 Jan 2020 11:20 WIB "
Ini Tim Bentukan Anies untuk Pengadaan Tanah Sodetan Ciliwung,https://news.detik.com/berita/d-4858198/ini-tim-bentukan-anies-untuk-pengadaan-tanah-sodetan-ciliwung,"
Selasa, 14 Jan 2020 11:19 WIB "
Begini Pengamanan Balai Kota DKI Jelang Demo Massa Pro Vs Kontra Anies,https://news.detik.com/berita/d-4858152/begini-pengamanan-balai-kota-dki-jelang-demo-massa-pro-vs-kontra-anies,"
Selasa, 14 Jan 2020 10:45 WIB "
659 Polisi Amankan Demo Massa Pro dan Kontra-Anies di Balai Kota,https://news.detik.com/berita/d-4858129/659-polisi-amankan-demo-massa-pro-dan-kontra-anies-di-balai-kota,"
Selasa, 14 Jan 2020 10:21 WIB "
"Bela Anies dari Tuntutan Mundur, Fahira Idris Klaim Massanya Lebih Paham DKI",https://news.detik.com/berita/d-4858078/bela-anies-dari-tuntutan-mundur-fahira-idris-klaim-massanya-lebih-paham-dki,"
Selasa, 14 Jan 2020 09:33 WIB "
"Tak Sepakat Anies Didemo, PDIP DKI: Beri Kesempatan Tuntaskan Janji soal Banjir",https://news.detik.com/berita/d-4858047/tak-sepakat-anies-didemo-pdip-dki-beri-kesempatan-tuntaskan-janji-soal-banjir,"
Selasa, 14 Jan 2020 09:01 WIB "
"Dewi Tanjung cs Demo soal Banjir, PAN DKI: Jika untuk Turunkan Anies Tak Tepat",https://news.detik.com/berita/d-4858033/dewi-tanjung-cs-demo-soal-banjir-pan-dki-jika-untuk-turunkan-anies-tak-tepat,"
Selasa, 14 Jan 2020 08:43 WIB "
"Gerindra DKI soal Dewi Tanjung cs Akan Demo Anies: BBM, Barisan Belum Move On",https://news.detik.com/berita/d-4857978/gerindra-dki-soal-dewi-tanjung-cs-akan-demo-anies-bbm-barisan-belum-move-on,"
Selasa, 14 Jan 2020 08:03 WIB "
Golkar DKI Nilai Wajar Anies Didemo: Faktanya Tak Ada Upaya Penanggulangan Banjir,https://news.detik.com/berita/d-4857961/golkar-dki-nilai-wajar-anies-didemo-faktanya-tak-ada-upaya-penanggulangan-banjir,"
Selasa, 14 Jan 2020 07:05 WIB "
"Dewi Tanjung cs Akan Demo, PKS DKI: Anies Sudah Kerja Keras Tangani Banjir",https://news.detik.com/berita/d-4857940/dewi-tanjung-cs-akan-demo-pks-dki-anies-sudah-kerja-keras-tangani-banjir,"
Selasa, 14 Jan 2020 06:04 WIB "
Komisi A DPRD DKI Soroti Sistem Buka-Tutup Cengkareng Drain Saat Banjir,https://news.detik.com/berita/d-4857921/komisi-a-dprd-dki-soroti-sistem-buka-tutup-cengkareng-drain-saat-banjir,"
Selasa, 14 Jan 2020 02:12 WIB "
Polisi Akan Pisahkan Massa Dewi Tanjung dan Fahira di Balai Kota DKI,https://news.detik.com/berita/d-4857891/polisi-akan-pisahkan-massa-dewi-tanjung-dan-fahira-di-balai-kota-dki,"
Senin, 13 Jan 2020 23:10 WIB "
Rencana Aksi Dewi Tanjung-Abu Janda Dilawan Fahira,https://news.detik.com/berita/d-4857863/rencana-aksi-dewi-tanjung-abu-janda-dilawan-fahira,"
Senin, 13 Jan 2020 22:01 WIB "
Begini Cara BPBD DKI Sebar Peringatan Dini Banjir ke Warga,https://news.detik.com/berita/d-4857857/begini-cara-bpbd-dki-sebar-peringatan-dini-banjir-ke-warga,"
Senin, 13 Jan 2020 21:51 WIB "
"Jadi Korban Banjir, 243 Warga Gugat Gubernur DKI Anies Rp 42,3 Miliar",https://news.detik.com/berita/d-4857793/jadi-korban-banjir-243-warga-gugat-gubernur-dki-anies-rp-42-3-miliar,"
Senin, 13 Jan 2020 20:20 WIB "
"Dewi Tanjung cs Akan Demo Anies, M Taufik: Belum Move On Kalah Pilgub",https://news.detik.com/berita/d-4857659/dewi-tanjung-cs-akan-demo-anies-m-taufik-belum-move-on-kalah-pilgub,"
Senin, 13 Jan 2020 18:57 WIB "
Rumah Pompa di Jakarta Akan Ditinggikan agar Tak Terendam Banjir,https://news.detik.com/berita/d-4857486/rumah-pompa-di-jakarta-akan-ditinggikan-agar-tak-terendam-banjir,"
Senin, 13 Jan 2020 17:44 WIB "
"Dewi Tanjung Cs Demo Besok, Fahira Idris Siapkan Aksi Kawal Anies",https://news.detik.com/berita/d-4857433/dewi-tanjung-cs-demo-besok-fahira-idris-siapkan-aksi-kawal-anies,"
Senin, 13 Jan 2020 17:16 WIB "
Pembebasan Lahan 4 Kelurahan di Ciliwung Ditarget Selesai April,https://news.detik.com/berita/d-4857400/pembebasan-lahan-4-kelurahan-di-ciliwung-ditarget-selesai-april,"
Senin, 13 Jan 2020 17:03 WIB "
"Besok, Dewi Tanjung-Abu Janda Demo Anies di Balai Kota",https://news.detik.com/berita/d-4857362/besok-dewi-tanjung-abu-janda-demo-anies-di-balai-kota,"
Senin, 13 Jan 2020 16:52 WIB "
"Antisipasi Jebol, Pemprov DKI Perbaiki 3 Tanggul Retak Pascabanjir",https://news.detik.com/berita/d-4857308/antisipasi-jebol-pemprov-dki-perbaiki-3-tanggul-retak-pascabanjir,"
Senin, 13 Jan 2020 16:22 WIB "
BPPT: Sistem Prakiraan Cuaca AS Tak Berdaya Prediksi Hujan Indonesia,https://news.detik.com/berita/d-4857200/bppt-sistem-prakiraan-cuaca-as-tak-berdaya-prediksi-hujan-indonesia,"
Senin, 13 Jan 2020 15:15 WIB "
"52 Pompa Masih Rusak, Begini Langkah Pemprov DKI Antisipasi Banjir",https://news.detik.com/berita/d-4857147/52-pompa-masih-rusak-begini-langkah-pemprov-dki-antisipasi-banjir,"
Senin, 13 Jan 2020 14:56 WIB "
Menristek: Modifikasi Cuaca Akan Terus Dilakukan Antisipasi Bencana Banjir,https://news.detik.com/berita/d-4857127/menristek-modifikasi-cuaca-akan-terus-dilakukan-antisipasi-bencana-banjir,"
Senin, 13 Jan 2020 14:40 WIB "
BPPT Sempat Disambangi Perwakilan AS soal Peringatan Cuaca yang Viral,https://news.detik.com/berita/d-4857027/bppt-sempat-disambangi-perwakilan-as-soal-peringatan-cuaca-yang-viral,"
Senin, 13 Jan 2020 13:53 WIB "
"Rapat Rehabilitasi Hutan, Menteri LHK: Kita Kerja Keras Pemulihan Lingkungan",https://news.detik.com/berita/d-4856835/rapat-rehabilitasi-hutan-menteri-lhk-kita-kerja-keras-pemulihan-lingkungan,"
Senin, 13 Jan 2020 12:17 WIB "
Anies Bentuk Tim Persiapan Pengadaan Tanah Sodetan Kali Ciliwung,https://news.detik.com/berita/d-4856785/anies-bentuk-tim-persiapan-pengadaan-tanah-sodetan-kali-ciliwung,"
Senin, 13 Jan 2020 11:45 WIB "
"Sudah Ada 651 Warga DKI Gugat Anies karena Banjir, Ini Kata Pemprov",https://news.detik.com/berita/d-4856469/sudah-ada-651-warga-dki-gugat-anies-karena-banjir-ini-kata-pemprov,"
Senin, 13 Jan 2020 06:31 WIB "
BNPB: Pengungsi Banjir-Longsor di Kabupaten Bogor Bertambah Jadi 21.742 Orang,https://news.detik.com/berita/d-4856428/bnpb-pengungsi-banjir-longsor-di-kabupaten-bogor-bertambah-jadi-21-742-orang,"
Senin, 13 Jan 2020 01:05 WIB "
Canda Cak Lontong di Rakernas PDIP: Dana Banjir Saya Kurangi Buat Beli Lem,https://news.detik.com/berita/d-4856415/canda-cak-lontong-di-rakernas-pdip-dana-banjir-saya-kurangi-buat-beli-lem,"
Minggu, 12 Jan 2020 22:49 WIB "
Warga yang Gugat Anies Baswedan soal Banjir Bertambah Jadi 651 Orang,https://news.detik.com/berita/d-4856205/warga-yang-gugat-anies-baswedan-soal-banjir-bertambah-jadi-651-orang,"
Minggu, 12 Jan 2020 17:28 WIB "
Sampah Perabotan Rumah Tangga Menumpuk di Duri Kosambi Jakbar Pascabanjir,https://news.detik.com/berita/d-4856151/sampah-perabotan-rumah-tangga-menumpuk-di-duri-kosambi-jakbar-pascabanjir,"
Minggu, 12 Jan 2020 16:40 WIB "
"Selama Nataru, Konsumsi BBM Pertaseries & Dexseries Meningkat",https://news.detik.com/berita/d-4855897/selama-nataru-konsumsi-bbm-pertaseries-dexseries-meningkat,"
Minggu, 12 Jan 2020 12:00 WIB "
Abang None Beri Bantuan Alat Bayi-Sembako ke Korban Banjir Rawa Buaya,https://news.detik.com/berita/d-4855859/abang-none-beri-bantuan-alat-bayi-sembako-ke-korban-banjir-rawa-buaya,"
Minggu, 12 Jan 2020 11:21 WIB "
"BMKG Prediksi Hujan Lebat 12 Januari, Ini Sejumlah Wilayah Waspada Banjir",https://news.detik.com/berita/d-4855847/bmkg-prediksi-hujan-lebat-12-januari-ini-sejumlah-wilayah-waspada-banjir,"
Minggu, 12 Jan 2020 11:10 WIB "
"Potensi Hujan Lebat Masih Ada Sepekan ke Depan, BMKG Minta Warga Waspada",https://news.detik.com/berita/d-4855703/potensi-hujan-lebat-masih-ada-sepekan-ke-depan-bmkg-minta-warga-waspada,"
Minggu, 12 Jan 2020 06:52 WIB "
"Penyewa Pusat Belanja Surati Pemprov DKI, Tuntut Ganti Rugi Akibat Banjir",https://news.detik.com/berita/d-4855666/penyewa-pusat-belanja-surati-pemprov-dki-tuntut-ganti-rugi-akibat-banjir,"
Minggu, 12 Jan 2020 01:10 WIB "
"Soal Peluang Maju Pilgub DKI, Risma: Nggak Mau Mikir Siapa Pun yang Minta",https://news.detik.com/berita/d-4855401/soal-peluang-maju-pilgub-dki-risma-nggak-mau-mikir-siapa-pun-yang-minta,"
Sabtu, 11 Jan 2020 17:27 WIB "
Risma: Untuk Apa Saya Jadi Gubernur tapi Warga Miskin Surabaya Tetap Ada,https://news.detik.com/berita/d-4855345/risma-untuk-apa-saya-jadi-gubernur-tapi-warga-miskin-surabaya-tetap-ada,"
Sabtu, 11 Jan 2020 16:30 WIB "
"Jadi Guru Besar, Rektor IPB Arif Satria Orasi Ilmiah soal Tata Kelola SDA",https://news.detik.com/berita/d-4855233/jadi-guru-besar-rektor-ipb-arif-satria-orasi-ilmiah-soal-tata-kelola-sda,"
Sabtu, 11 Jan 2020 14:47 WIB "
Said Aqil Kritik Penanganan Banjir Jakarta: Tumpang Tindih Nggak Keruan,https://news.detik.com/berita/d-4855213/said-aqil-kritik-penanganan-banjir-jakarta-tumpang-tindih-nggak-keruan,"
Sabtu, 11 Jan 2020 14:21 WIB "
"Pintu Air Manggarai, Saksi Bisu Banjir Sejak Zaman Bahela",https://news.detik.com/berita/d-4854933/pintu-air-manggarai-saksi-bisu-banjir-sejak-zaman-bahela,"
Sabtu, 11 Jan 2020 07:08 WIB "
135 Ribu Ton Sampah Masuk TPST Bantargebang Saat Masa Banjir,https://news.detik.com/berita/d-4854893/135-ribu-ton-sampah-masuk-tpst-bantargebang-saat-masa-banjir,"
Sabtu, 11 Jan 2020 01:28 WIB "
Pertamina Lubricants Beri Bantuan Logistik untuk Korban Banjir Lebak,https://news.detik.com/berita/d-4854788/pertamina-lubricants-beri-bantuan-logistik-untuk-korban-banjir-lebak,"
Jumat, 10 Jan 2020 21:00 WIB "
Ketua DPRD DKI Minta Anies Tak Bantah Saran Jokowi soal Penanganan Banjir,https://news.detik.com/berita/d-4854759/ketua-dprd-dki-minta-anies-tak-bantah-saran-jokowi-soal-penanganan-banjir,"
Jumat, 10 Jan 2020 20:28 WIB "
Mega Cerita Di-bully soal Pulau Nipah: Saya Dibilang Tak Tahu Rakyat Sengsara,https://news.detik.com/berita/d-4854308/mega-cerita-di-bully-soal-pulau-nipah-saya-dibilang-tak-tahu-rakyat-sengsara,"
Jumat, 10 Jan 2020 16:10 WIB "
Setjen MPR Santuni Pegawai Korban Banjir,https://news.detik.com/berita/d-4854232/setjen-mpr-santuni-pegawai-korban-banjir,"
Jumat, 10 Jan 2020 15:27 WIB "
"Korban Banjir Mau Gugat Anies, Gerindra DKI Harap Tak Ditunggangi Politik",https://news.detik.com/berita/d-4854036/korban-banjir-mau-gugat-anies-gerindra-dki-harap-tak-ditunggangi-politik,"
Jumat, 10 Jan 2020 13:50 WIB "
Anies Minta Peringatan Banjir Dilakukan Secara Door To Door,https://news.detik.com/berita/d-4853923/anies-minta-peringatan-banjir-dilakukan-secara-door-to-door,"
Jumat, 10 Jan 2020 12:28 WIB "
"Bantu Korban Banjir di Jakarta, Kaukus Pemuda Parlemen Indonesia Gelar Baksos",https://news.detik.com/berita/d-4853925/bantu-korban-banjir-di-jakarta-kaukus-pemuda-parlemen-indonesia-gelar-baksos,"
Jumat, 10 Jan 2020 12:21 WIB "
"Tetap Siaga, Mensos Buka Posko Induk Penanggulangan Bencana di Jakarta",https://news.detik.com/berita/d-4853893/tetap-siaga-mensos-buka-posko-induk-penanggulangan-bencana-di-jakarta,"
Jumat, 10 Jan 2020 12:01 WIB "
Polisi Sudah Siapkan Rekayasa Lalin Ketika Banjir Terjang Jakarta,https://news.detik.com/berita/d-4853891/polisi-sudah-siapkan-rekayasa-lalin-ketika-banjir-terjang-jakarta,"
Jumat, 10 Jan 2020 11:59 WIB "
"Korban Banjir Rugi Rp 43 M Akan Gugat Anies, Gerindra Yakin Warga Kalah",https://news.detik.com/berita/d-4853871/korban-banjir-rugi-rp-43-m-akan-gugat-anies-gerindra-yakin-warga-kalah,"
Jumat, 10 Jan 2020 11:48 WIB "
"Anies: Tidak Semua Pompa Bisa Difungsikan Bersamaan, Ada Siklusnya",https://news.detik.com/berita/d-4853858/anies-tidak-semua-pompa-bisa-difungsikan-bersamaan-ada-siklusnya,"
Jumat, 10 Jan 2020 11:29 WIB "
BPBD DKI: Pengungsi Banjir Tersisa 7 KK di Jakarta Timur,https://news.detik.com/berita/d-4853840/bpbd-dki-pengungsi-banjir-tersisa-7-kk-di-jakarta-timur,"
Jumat, 10 Jan 2020 11:27 WIB "
"Antisipasi Banjir, Polda Metro Bentuk Satgas Khusus",https://news.detik.com/berita/d-4853792/antisipasi-banjir-polda-metro-bentuk-satgas-khusus,"
Jumat, 10 Jan 2020 11:02 WIB "
Gugatan Korban Banjir ke Anies Diharapkan Jadi Cambuk untuk Pemprov DKI,https://news.detik.com/berita/d-4853727/gugatan-korban-banjir-ke-anies-diharapkan-jadi-cambuk-untuk-pemprov-dki,"
Jumat, 10 Jan 2020 10:34 WIB "
"Antisipasi Banjir, Kapolda Metro Tanam Seribu Pohon di Jakut",https://news.detik.com/berita/d-4853701/antisipasi-banjir-kapolda-metro-tanam-seribu-pohon-di-jakut,"
Jumat, 10 Jan 2020 10:00 WIB "
"Mau Gugat Anies, Ratusan Warga Korban Banjir Ngaku Merugi Rp 43,32 M",https://news.detik.com/berita/d-4853577/mau-gugat-anies-ratusan-warga-korban-banjir-ngaku-merugi-rp-43-32-m,"
Jumat, 10 Jan 2020 08:03 WIB "
Pemprov DKI: 20 dari 49 Pompa Rusak Akibat Banjir Sudah Diperbaiki,https://news.detik.com/berita/d-4853528/pemprov-dki-20-dari-49-pompa-rusak-akibat-banjir-sudah-diperbaiki,"
Jumat, 10 Jan 2020 05:45 WIB "
BPBD Jakarta Ingatkan Potensi Hujan-Angin Kencang Hingga Pukul 4 Pagi,https://news.detik.com/berita/d-4853510/bpbd-jakarta-ingatkan-potensi-hujan-angin-kencang-hingga-pukul-4-pagi,"
Jumat, 10 Jan 2020 01:43 WIB "
Korban Banjir Pondok Gede Permai Curhat Harga Air Bersih-Genset Naik Drastis,https://news.detik.com/berita/d-4853374/korban-banjir-pondok-gede-permai-curhat-harga-air-bersih-genset-naik-drastis,"
Kamis, 09 Jan 2020 20:33 WIB "
Imam Nahrawi Berharap Segera Disidang,https://news.detik.com/berita/d-4853314/imam-nahrawi-berharap-segera-disidang,"
Kamis, 09 Jan 2020 19:39 WIB "
"Banjir Jakarta Ramai di Medsos, Anies: Alhamdulillah Bundaran HI Tak Ketutup",https://news.detik.com/berita/d-4853276/banjir-jakarta-ramai-di-medsos-anies-alhamdulillah-bundaran-hi-tak-ketutup,"
Kamis, 09 Jan 2020 19:18 WIB "
Anies Akui Ada Pompa Banjir Tak Efektif: Tempat yang Disedot Malah Dikirim Air,https://news.detik.com/berita/d-4853258/anies-akui-ada-pompa-banjir-tak-efektif-tempat-yang-disedot-malah-dikirim-air,"
Kamis, 09 Jan 2020 19:15 WIB "
"49 Pompa di Jakarta Rusak Pascabanjir, Anies: Sedang Dibereskan",https://news.detik.com/berita/d-4853198/49-pompa-di-jakarta-rusak-pascabanjir-anies-sedang-dibereskan,"
Kamis, 09 Jan 2020 18:45 WIB "
MA Bantu Pegawai Pengadilan Se-Jabodetabek yang Kebanjiran,https://news.detik.com/berita/d-4853161/ma-bantu-pegawai-pengadilan-se-jabodetabek-yang-kebanjiran,"
Kamis, 09 Jan 2020 18:24 WIB "
Anies akan Data Tanggul Retak di Jakarta Bareng Menteri Basuki,https://news.detik.com/berita/d-4853151/anies-akan-data-tanggul-retak-di-jakarta-bareng-menteri-basuki,"
Kamis, 09 Jan 2020 18:10 WIB "
"Bertemu Anies, Dubes AS Jelaskan Imbauan soal Prediksi Cuaca Ekstrem Jakarta",https://news.detik.com/berita/d-4852968/bertemu-anies-dubes-as-jelaskan-imbauan-soal-prediksi-cuaca-ekstrem-jakarta,"
Kamis, 09 Jan 2020 16:22 WIB "
Anies: DKI Saling Support dengan PUPR untuk Naturalisasi dan Normalisasi,https://news.detik.com/berita/d-4852938/anies-dki-saling-support-dengan-pupr-untuk-naturalisasi-dan-normalisasi,"
Kamis, 09 Jan 2020 16:12 WIB "
49 Pompa di Jakarta Rusak Karena Terendam Banjir,https://news.detik.com/berita/d-4852682/49-pompa-di-jakarta-rusak-karena-terendam-banjir,"
Kamis, 09 Jan 2020 13:51 WIB "
"Komitmen Jaga Lingkungan, Perusahaan Bersinergi dengan Pemerintah",https://news.detik.com/adv-nhl-detikcom/d-4852483/komitmen-jaga-lingkungan-perusahaan-bersinergi-dengan-pemerintah,"
Kamis, 09 Jan 2020 00:00 WIB "
"Lepas Jabatan Kapolda Metro, Komjen Gatot Cerita Jakarta Aman Meski Ada Riak",https://news.detik.com/berita/d-4852012/lepas-jabatan-kapolda-metro-komjen-gatot-cerita-jakarta-aman-meski-ada-riak,"
Rabu, 08 Jan 2020 22:24 WIB "
"Banjir Bandang Lebak karena Tambang Liar, Gubernur Banten Koordinasi ke Polisi",https://news.detik.com/berita/d-4851965/banjir-bandang-lebak-karena-tambang-liar-gubernur-banten-koordinasi-ke-polisi,"
Rabu, 08 Jan 2020 21:42 WIB "
Ridwan Kamil: Jabar Sudah Selesai Tanggap Darurat Bencana,https://news.detik.com/berita/d-4851959/ridwan-kamil-jabar-sudah-selesai-tanggap-darurat-bencana,"
Rabu, 08 Jan 2020 21:29 WIB "
"Lapor Jokowi, Walkot Bekasi: Pondok Gede Permai Harus Direlokasi",https://news.detik.com/berita/d-4851956/lapor-jokowi-walkot-bekasi-pondok-gede-permai-harus-direlokasi,"
Rabu, 08 Jan 2020 21:22 WIB "
Jokowi Minta Anies Baswedan Teruskan Warisan Program Antikebanjiran,https://news.detik.com/berita/d-4851935/jokowi-minta-anies-baswedan-teruskan-warisan-program-antikebanjiran,"
Rabu, 08 Jan 2020 21:00 WIB "
"Basuki: Tak Ada Beda Naturalisasi-Normalisasi, Semua Butuh Pelebaran Sungai",https://news.detik.com/berita/d-4851923/basuki-tak-ada-beda-naturalisasi-normalisasi-semua-butuh-pelebaran-sungai,"
Rabu, 08 Jan 2020 20:53 WIB "
Pemprov Jelaskan Penyebab Banjir di Semanan Jakbar Baru Surut Usai Sepekan,https://news.detik.com/berita/d-4851919/pemprov-jelaskan-penyebab-banjir-di-semanan-jakbar-baru-surut-usai-sepekan,"
Rabu, 08 Jan 2020 20:47 WIB "
Anies soal Target Normalisasi yang Diminta Jokowi: Itu Program Pak Menteri,https://news.detik.com/berita/d-4851911/anies-soal-target-normalisasi-yang-diminta-jokowi-itu-program-pak-menteri,"
Rabu, 08 Jan 2020 20:35 WIB "
Ma'ruf Minta Aktivitas Tambang Liar di Lebak Banten Dihentikan,https://news.detik.com/berita/d-4851896/maruf-minta-aktivitas-tambang-liar-di-lebak-banten-dihentikan,"
Rabu, 08 Jan 2020 20:27 WIB "
Anies: Tak Ada Alasan Tetapkan Jakarta Tanggap Darurat Banjir,https://news.detik.com/berita/d-4851864/anies-tak-ada-alasan-tetapkan-jakarta-tanggap-darurat-banjir,"
Rabu, 08 Jan 2020 19:56 WIB "
"Soal Gedung Ambruk di Slipi, Anies Tunggu Penyelidikan Utuh",https://news.detik.com/berita/d-4851861/soal-gedung-ambruk-di-slipi-anies-tunggu-penyelidikan-utuh,"
Rabu, 08 Jan 2020 19:55 WIB "
Pemprov DKI Sebut 7 Wilayah Jakut Berpotensi Terkena Banjir Rob,https://news.detik.com/berita/d-4851797/pemprov-dki-sebut-7-wilayah-jakut-berpotensi-terkena-banjir-rob,"
Rabu, 08 Jan 2020 19:28 WIB "
"Jokowi Minta Normalisasi-Naturalisasi Sungai, Anies: Itu Jangka Panjang",https://news.detik.com/berita/d-4851796/jokowi-minta-normalisasi-naturalisasi-sungai-anies-itu-jangka-panjang,"
Rabu, 08 Jan 2020 19:28 WIB "
Pemerintah Ganti Rugi Rumah Rusak Akibat Banjir DKI-Jabar-Banten,https://news.detik.com/berita/d-4851771/pemerintah-ganti-rugi-rumah-rusak-akibat-banjir-dki-jabar-banten,"
Rabu, 08 Jan 2020 19:06 WIB "
Anies Evaluasi Peringatan Dini Banjir Jakarta,https://news.detik.com/berita/d-4851714/anies-evaluasi-peringatan-dini-banjir-jakarta,"
Rabu, 08 Jan 2020 18:29 WIB "
"Soal Wagub DKI, Djarot: Partai Pengusung dan Anies Perlu Komunikasi",https://news.detik.com/berita/d-4851676/soal-wagub-dki-djarot-partai-pengusung-dan-anies-perlu-komunikasi,"
Rabu, 08 Jan 2020 17:59 WIB "
Anies Kerahkan Pompa Mobile ke Pesisir untuk Antisipasi Banjir Rob,https://news.detik.com/berita/d-4851627/anies-kerahkan-pompa-mobile-ke-pesisir-untuk-antisipasi-banjir-rob,"
Rabu, 08 Jan 2020 17:29 WIB "
Jokowi Minta Gubernur Wahidin-Ridwan Kamil Kerja Sama Atasi Banjir di DKI,https://news.detik.com/berita/d-4851589/jokowi-minta-gubernur-wahidin-ridwan-kamil-kerja-sama-atasi-banjir-di-dki,"
Rabu, 08 Jan 2020 17:15 WIB "
"Soal Imbauan AS, Anies: BMKG Rutin Sampaikan Hal yang Sama, tapi Tak Viral",https://news.detik.com/berita/d-4851577/soal-imbauan-as-anies-bmkg-rutin-sampaikan-hal-yang-sama-tapi-tak-viral,"
Rabu, 08 Jan 2020 17:12 WIB "
"Cegah Banjir, Jokowi Minta Anies Lanjutkan Normalisasi-Naturalisasi Sungai",https://news.detik.com/berita/d-4851545/cegah-banjir-jokowi-minta-anies-lanjutkan-normalisasi-naturalisasi-sungai,"
Rabu, 08 Jan 2020 17:03 WIB "
"Aktivitas Angin Monsun Asia Masih Signifikan, Ini Dampaknya di Indonesia",https://news.detik.com/berita/d-4851536/aktivitas-angin-monsun-asia-masih-signifikan-ini-dampaknya-di-indonesia,"
Rabu, 08 Jan 2020 17:00 WIB "
PDIP Akan Umumkan Rekomendasi Pilkada 2020 Usai Rakernas,https://news.detik.com/berita/d-4851523/pdip-akan-umumkan-rekomendasi-pilkada-2020-usai-rakernas,"
Rabu, 08 Jan 2020 16:54 WIB "
Jokowi Bahas Penanganan Banjir dan Longsor Bareng Anies-Ridwan Kamil,https://news.detik.com/berita/d-4851519/jokowi-bahas-penanganan-banjir-dan-longsor-bareng-anies-ridwan-kamil,"
Rabu, 08 Jan 2020 16:54 WIB "
Anies Tak Masalah Bekasi Buang Sampah Banjir ke Bantargebang: Ini Indonesia,https://news.detik.com/berita/d-4851480/anies-tak-masalah-bekasi-buang-sampah-banjir-ke-bantargebang-ini-indonesia,"
Rabu, 08 Jan 2020 16:28 WIB "
"Cari Solusi Atasi Bencana, PDIP Undang BMKG-BNPB di Rakernas I dan HUT Ke-47",https://news.detik.com/berita/d-4851444/cari-solusi-atasi-bencana-pdip-undang-bmkg-bnpb-di-rakernas-i-dan-hut-ke-47,"
Rabu, 08 Jan 2020 16:14 WIB "
"Cari Penyebab Gedung Ambruk di Slipi, Polisi Telaah soal Struktur-Banjir",https://news.detik.com/berita/d-4851257/cari-penyebab-gedung-ambruk-di-slipi-polisi-telaah-soal-struktur-banjir,"
Rabu, 08 Jan 2020 14:48 WIB "
BMKG: Hujan Lebat di Jabodetabek 9-12 Januari Tak Seekstrem Tahun Baru,https://news.detik.com/berita/d-4851169/bmkg-hujan-lebat-di-jabodetabek-9-12-januari-tak-seekstrem-tahun-baru,"
Rabu, 08 Jan 2020 14:18 WIB "
Bekasi Minta Izin Anies Buang Sampah Sisa Banjir ke Bantargebang,https://news.detik.com/berita/d-4851154/bekasi-minta-izin-anies-buang-sampah-sisa-banjir-ke-bantargebang,"
Rabu, 08 Jan 2020 14:02 WIB "
"Istana: Pusat-Daerah Harus Sama-sama Tangani Banjir, Jangan Ego Sektoral",https://news.detik.com/berita/d-4851153/istana-pusat-daerah-harus-sama-sama-tangani-banjir-jangan-ego-sektoral,"
Rabu, 08 Jan 2020 14:01 WIB "
"Cegah Longsor, Ma'ruf Minta Perusahaan Ikut Tangani Kerusakan Lingkungan",https://news.detik.com/berita/d-4851063/cegah-longsor-maruf-minta-perusahaan-ikut-tangani-kerusakan-lingkungan,"
Rabu, 08 Jan 2020 13:19 WIB "
"BPBD DKI Sebut Tak Ada Lagi Titik Banjir, tapi 666 Warga Masih Ngungsi",https://news.detik.com/berita/d-4850771/bpbd-dki-sebut-tak-ada-lagi-titik-banjir-tapi-666-warga-masih-ngungsi,"
Rabu, 08 Jan 2020 09:55 WIB "
"Wacana Pansus Banjir Bergulir di DPRD DKI, Golkar Sebut 6 Fraksi Sepakat",https://news.detik.com/berita/d-4850743/wacana-pansus-banjir-bergulir-di-dprd-dki-golkar-sebut-6-fraksi-sepakat,"
Rabu, 08 Jan 2020 09:46 WIB "
"Soal Banjir Jabodetabek, Ketua MPR Minta Kembalikan Fungsi Sungai",https://news.detik.com/berita/d-4850712/soal-banjir-jabodetabek-ketua-mpr-minta-kembalikan-fungsi-sungai,"
Rabu, 08 Jan 2020 09:25 WIB "
"Hujan Ekstrem Diprediksi Guyur Jakarta 11 Januari, BPPT Operasi TMC 24 Jam",https://news.detik.com/berita/d-4850694/hujan-ekstrem-diprediksi-guyur-jakarta-11-januari-bppt-operasi-tmc-24-jam,"
Rabu, 08 Jan 2020 09:06 WIB "
"Hujan Ekstrem Diprediksi Guyur Jakarta, AS Imbau Warganya Waspada",https://news.detik.com/internasional/d-4850672/hujan-ekstrem-diprediksi-guyur-jakarta-as-imbau-warganya-waspada,"
Rabu, 08 Jan 2020 08:23 WIB "
Anak Buah Anies Diperiksa Polisi Gegara Pompa Air Tak Berfungsi,https://news.detik.com/berita/d-4850630/anak-buah-anies-diperiksa-polisi-gegara-pompa-air-tak-berfungsi,"
Rabu, 08 Jan 2020 07:06 WIB "
Kelalaian dalam Ambruknya Gedung Miring di Slipi Ditelaah Polisi,https://news.detik.com/berita/d-4850590/kelalaian-dalam-ambruknya-gedung-miring-di-slipi-ditelaah-polisi,"
Rabu, 08 Jan 2020 05:40 WIB "
Kemnaker Dirikan Posko Kesehatan bagi Korban Banjir Bukit Duri,https://news.detik.com/berita/d-4850497/kemnaker-dirikan-posko-kesehatan-bagi-korban-banjir-bukit-duri,"
Selasa, 07 Jan 2020 21:34 WIB "
"Banjir Jakarta Diusut, Polisi: Ada Laporan Keresahan Masyarakat",https://news.detik.com/berita/d-4850354/banjir-jakarta-diusut-polisi-ada-laporan-keresahan-masyarakat,"
Selasa, 07 Jan 2020 19:37 WIB "
BPBD DKI: Genangan Tinggal 1 RT di Jakbar,https://news.detik.com/berita/d-4850348/bpbd-dki-genangan-tinggal-1-rt-di-jakbar,"
Selasa, 07 Jan 2020 19:32 WIB "
"2 Hari ke Depan, Jakarta Diprediksi Hujan Lebat saat Malam hingga Dini Hari",https://news.detik.com/berita/d-4850347/2-hari-ke-depan-jakarta-diprediksi-hujan-lebat-saat-malam-hingga-dini-hari,"
Selasa, 07 Jan 2020 19:31 WIB "
"Warga Bekasi Berencana Ajukan Class Action, Tuntut Ganti Rugi Akibat Banjir",https://news.detik.com/berita/d-4850319/warga-bekasi-berencana-ajukan-class-action-tuntut-ganti-rugi-akibat-banjir,"
Selasa, 07 Jan 2020 19:16 WIB "
"Soal Banjir, Bamsoet Minta Pemda Belajar Memetakan Lokasi Bencana",https://news.detik.com/berita/d-4850273/soal-banjir-bamsoet-minta-pemda-belajar-memetakan-lokasi-bencana,"
Selasa, 07 Jan 2020 18:55 WIB "
"BMKG: Kapasitas Tanah untuk Serap Air Berkurang, Hujan Tak Lebat Bisa Banjir",https://news.detik.com/berita/d-4850226/bmkg-kapasitas-tanah-untuk-serap-air-berkurang-hujan-tak-lebat-bisa-banjir,"
Selasa, 07 Jan 2020 18:28 WIB "
"Gedung Ambruk di Slipi Miring 2 Tahun, Polisi Dalami Kemungkinan Kelalaian",https://news.detik.com/berita/d-4850196/gedung-ambruk-di-slipi-miring-2-tahun-polisi-dalami-kemungkinan-kelalaian,"
Selasa, 07 Jan 2020 18:16 WIB "
Wagub Banten Duga Banjir Lebak Akibat Hujan Ekstrem hingga Tambang Liar,https://news.detik.com/berita/d-4850186/wagub-banten-duga-banjir-lebak-akibat-hujan-ekstrem-hingga-tambang-liar,"
Selasa, 07 Jan 2020 18:09 WIB "
"Kemendagri, DKI-Jabar-Banten Sepakat Banjir Ditangani Secara Terpadu",https://news.detik.com/berita/d-4850153/kemendagri-dki-jabar-banten-sepakat-banjir-ditangani-secara-terpadu,"
Selasa, 07 Jan 2020 17:55 WIB "
Bamsoet Ingin Kaum Ibu Pelopori Perilaku Buang Sampah di Tempatnya,https://news.detik.com/berita/d-4850131/bamsoet-ingin-kaum-ibu-pelopori-perilaku-buang-sampah-di-tempatnya,"
Selasa, 07 Jan 2020 17:42 WIB "
Wagub Banten soal Dampak Banjir Lebak: Sekolah Hilang Tak Berbekas,https://news.detik.com/berita/d-4850079/wagub-banten-soal-dampak-banjir-lebak-sekolah-hilang-tak-berbekas,"
Selasa, 07 Jan 2020 17:20 WIB "
"Selain Kasudin SDA Jakbar, Polisi Akan Periksa Saksi Lain Terkait Banjir",https://news.detik.com/berita/d-4850078/selain-kasudin-sda-jakbar-polisi-akan-periksa-saksi-lain-terkait-banjir,"
Selasa, 07 Jan 2020 17:20 WIB "
Antam-MIND ID Tangani Banjir hingga Tanah Longsor Kabupaten Bogor,https://news.detik.com/berita/d-4850035/antam-mind-id-tangani-banjir-hingga-tanah-longsor-kabupaten-bogor,"
Selasa, 07 Jan 2020 16:56 WIB "
Menko PMK Ungkap Dampak Banjir Lebak: 200 Jembatan Hilang-Kampung Jadi Sungai,https://news.detik.com/berita/d-4849979/menko-pmk-ungkap-dampak-banjir-lebak-200-jembatan-hilang-kampung-jadi-sungai,"
Selasa, 07 Jan 2020 16:31 WIB "
"Dipanggil Polisi soal Pompa Mati, Kasudin SDA Jakbar: Terendam Banjir",https://news.detik.com/berita/d-4849949/dipanggil-polisi-soal-pompa-mati-kasudin-sda-jakbar-terendam-banjir,"
Selasa, 07 Jan 2020 16:19 WIB "
Dana Desa Bisa Digunakan untuk Tanggulangi Banjir,https://news.detik.com/berita/d-4849876/dana-desa-bisa-digunakan-untuk-tanggulangi-banjir,"
Selasa, 07 Jan 2020 15:51 WIB "
"Cek Posko di Pengadegan, Bamsoet Minta Pemprov DKI Pikirkan Solusi Banjir",https://news.detik.com/berita/d-4849848/cek-posko-di-pengadegan-bamsoet-minta-pemprov-dki-pikirkan-solusi-banjir,"
Selasa, 07 Jan 2020 15:35 WIB "
BMKG Prediksi Hujan Guyur Sebagian Sumatera hingga Jawa Sepekan ke Depan,https://news.detik.com/berita/d-4849841/bmkg-prediksi-hujan-guyur-sebagian-sumatera-hingga-jawa-sepekan-ke-depan,"
Selasa, 07 Jan 2020 15:31 WIB "
Pertamina Bersih-bersih 5 SPBU yang Terdampak Banjir,https://news.detik.com/berita/d-4849825/pertamina-bersih-bersih-5-spbu-yang-terdampak-banjir,"
Selasa, 07 Jan 2020 15:23 WIB "
Polisi: Kasudin SDA Jakbar Diklarifikasi soal Malfungsi Pompa Air Saat Banjir,https://news.detik.com/berita/d-4849800/polisi-kasudin-sda-jakbar-diklarifikasi-soal-malfungsi-pompa-air-saat-banjir,"
Selasa, 07 Jan 2020 15:06 WIB "
Anies soal Banjir Jakarta: Masih Ada 697 Orang di Pengungsian,https://news.detik.com/berita/d-4849749/anies-soal-banjir-jakarta-masih-ada-697-orang-di-pengungsian,"
Selasa, 07 Jan 2020 14:39 WIB "
"Peneliti LIPI: Normalisasi Sungai Merusak Ekosistem, tapi...",https://news.detik.com/berita/d-4849721/peneliti-lipi-normalisasi-sungai-merusak-ekosistem-tapi,"
Selasa, 07 Jan 2020 14:29 WIB "
"Cek Posko Banjir di Pengadegan, Mendagri Tito Bagikan KTP-KK Pengungsi",https://news.detik.com/berita/d-4849720/cek-posko-banjir-di-pengadegan-mendagri-tito-bagikan-ktp-kk-pengungsi,"
Selasa, 07 Jan 2020 14:28 WIB "
"Warga Perbaiki Tanggul Jebol di Puri Citayam Bogor, Berharap Tak Banjir Lagi",https://news.detik.com/berita/d-4849719/warga-perbaiki-tanggul-jebol-di-puri-citayam-bogor-berharap-tak-banjir-lagi,"
Selasa, 07 Jan 2020 14:28 WIB "
Muhadjir: Pengungsi Banjir Diberi Rp 500 Ribu/KK hingga Rumahnya Layak Huni,https://news.detik.com/berita/d-4849676/muhadjir-pengungsi-banjir-diberi-rp-500-ribu-kk-hingga-rumahnya-layak-huni,"
Selasa, 07 Jan 2020 14:07 WIB "
Polisi Panggil Kasudin SDA Jakbar terkait Banjir Jakarta,https://news.detik.com/berita/d-4849662/polisi-panggil-kasudin-sda-jakbar-terkait-banjir-jakarta,"
Selasa, 07 Jan 2020 13:58 WIB "
Dukcapil Tak Batasi Waktu Ganti Dokumen Warga Korban Banjir,https://news.detik.com/berita/d-4849386/dukcapil-tak-batasi-waktu-ganti-dokumen-warga-korban-banjir,"
Selasa, 07 Jan 2020 11:41 WIB "
"300 Warga Jakarta Korban Banjir Gugat Anies, Jumlah Masih Bisa Bertambah",https://news.detik.com/berita/d-4849373/300-warga-jakarta-korban-banjir-gugat-anies-jumlah-masih-bisa-bertambah,"
Selasa, 07 Jan 2020 11:29 WIB "
"Menko PMK: Korban Meninggal Banjir Jabodetabek 67 Orang, Pengungsi 35.502",https://news.detik.com/berita/d-4849299/menko-pmk-korban-meninggal-banjir-jabodetabek-67-orang-pengungsi-35-502,"
Selasa, 07 Jan 2020 10:50 WIB "
"Muhadjir Pimpin Rapat soal Banjir, Anies hingga Andika Hazrumy Hadir",https://news.detik.com/berita/d-4849229/muhadjir-pimpin-rapat-soal-banjir-anies-hingga-andika-hazrumy-hadir,"
Selasa, 07 Jan 2020 09:59 WIB "
Pemkab Bogor Akan Beri Ekskavator untuk Singkirkan Lumpur di Vila Nusa Indah,https://news.detik.com/berita/d-4849008/pemkab-bogor-akan-beri-ekskavator-untuk-singkirkan-lumpur-di-vila-nusa-indah,"
Senin, 06 Jan 2020 23:45 WIB "
"Gandeng Komunitas Ojol, Kemenhub Beri Bantuan ke Korban Banjir",https://news.detik.com/berita/d-4849005/gandeng-komunitas-ojol-kemenhub-beri-bantuan-ke-korban-banjir,"
Senin, 06 Jan 2020 23:38 WIB "
Fakta-fakta Banjir Kemang 1-2 Januari 2020,https://news.detik.com/berita/d-4848998/fakta-fakta-banjir-kemang-1-2-januari-2020,"
Senin, 06 Jan 2020 22:54 WIB "
Megawati soal Banjir Jakarta: Tanya ke Anies,https://news.detik.com/berita/d-4848976/megawati-soal-banjir-jakarta-tanya-ke-anies,"
Senin, 06 Jan 2020 21:57 WIB "
"Korban Banjir Siapkan Gugatan ke Pemprov DKI, Ketua DPRD: Hak Masyarakat",https://news.detik.com/berita/d-4848975/korban-banjir-siapkan-gugatan-ke-pemprov-dki-ketua-dprd-hak-masyarakat,"
Senin, 06 Jan 2020 21:56 WIB "
"Pakar UGM: Normalisasi-Naturalisasi Bisa Diterapkan Bersamaan, Tapi...",https://news.detik.com/berita-jawa-tengah/d-4848962/pakar-ugm-normalisasi-naturalisasi-bisa-diterapkan-bersamaan-tapi,"
Senin, 06 Jan 2020 21:33 WIB "
DPRD DKI Minta Anies-Basuki Koordinasi Langsung soal Normalisasi Sungai,https://news.detik.com/berita/d-4848947/dprd-dki-minta-anies-basuki-koordinasi-langsung-soal-normalisasi-sungai,"
Senin, 06 Jan 2020 21:10 WIB "
"Nataru Berakhir, Kemenhub Catat Kecelakaan Bus sampai Banjir Tol",https://news.detik.com/berita/d-4848935/nataru-berakhir-kemenhub-catat-kecelakaan-bus-sampai-banjir-tol,"
Senin, 06 Jan 2020 20:56 WIB "
Ketua DPRD DKI Sorot Alat Siaga Banjir: Beli Bulan 11 Tapi Nggak Berfungsi,https://news.detik.com/berita/d-4848911/ketua-dprd-dki-sorot-alat-siaga-banjir-beli-bulan-11-tapi-nggak-berfungsi,"
Senin, 06 Jan 2020 20:34 WIB "
Ini Saran Pakar UGM untuk Atasi Banjir di Jakarta,https://news.detik.com/berita-jawa-tengah/d-4848886/ini-saran-pakar-ugm-untuk-atasi-banjir-di-jakarta,"
Senin, 06 Jan 2020 20:02 WIB "
Korban Meninggal Banjir Jakarta-Jabar-Banten Bertambah Jadi 67 Orang,https://news.detik.com/berita/d-4848681/korban-meninggal-banjir-jakarta-jabar-banten-bertambah-jadi-67-orang,"
Senin, 06 Jan 2020 18:04 WIB "
Kadis SDA DKI: 10 Titik Pompa Tak Berfungsi Saat Banjir Tahun Baru,https://news.detik.com/berita/d-4848677/kadis-sda-dki-10-titik-pompa-tak-berfungsi-saat-banjir-tahun-baru,"
Senin, 06 Jan 2020 18:01 WIB "
Istana Segera Rampungkan Inpres Daerah Punya Rencana Darurat,https://news.detik.com/berita/d-4848670/istana-segera-rampungkan-inpres-daerah-punya-rencana-darurat,"
Senin, 06 Jan 2020 17:56 WIB "
DKI Akan Bebaskan Lahan 4 Kelurahan untuk Normalisasi Ciliwung Tahun Ini,https://news.detik.com/berita/d-4848580/dki-akan-bebaskan-lahan-4-kelurahan-untuk-normalisasi-ciliwung-tahun-ini,"
Senin, 06 Jan 2020 17:08 WIB "
Gubernur Sulsel Tinjau-Beri Bantuan Warganya di Jakut yang Kebanjiran,https://news.detik.com/berita/d-4848540/gubernur-sulsel-tinjau-beri-bantuan-warganya-di-jakut-yang-kebanjiran,"
Senin, 06 Jan 2020 16:49 WIB "
Kemenhub Ungkap Penyebab Banjir Tol Cikampek: Proyek Kereta Cepat,https://news.detik.com/berita/d-4848456/kemenhub-ungkap-penyebab-banjir-tol-cikampek-proyek-kereta-cepat,"
Senin, 06 Jan 2020 16:15 WIB "
"Pembukaan Masa Sidang, DPD Soroti Persoalan Banjir di Jabodetabek",https://news.detik.com/berita/d-4848467/pembukaan-masa-sidang-dpd-soroti-persoalan-banjir-di-jabodetabek,"
Senin, 06 Jan 2020 16:08 WIB "
Krisis Iklim dan Banjir Jakarta,https://news.detik.com/kolom/d-4848394/krisis-iklim-dan-banjir-jakarta,"
Senin, 06 Jan 2020 16:00 WIB "
Warga Vila Nusa Indah Bogor Minta Dibuatkan Pompa Air untuk Sedot Banjir,https://news.detik.com/berita/d-4848390/warga-vila-nusa-indah-bogor-minta-dibuatkan-pompa-air-untuk-sedot-banjir,"
Senin, 06 Jan 2020 15:26 WIB "
Banjir dan Anomali Kebijakan,https://news.detik.com/kolom/d-4848363/banjir-dan-anomali-kebijakan,"
Senin, 06 Jan 2020 15:13 WIB "
Jokowi Minta Mendagri Ingatkan Kepala Daerah Siaga Hadapi Hujan Ekstrem,https://news.detik.com/berita/d-4848280/jokowi-minta-mendagri-ingatkan-kepala-daerah-siaga-hadapi-hujan-ekstrem,"
Senin, 06 Jan 2020 14:28 WIB "
Jokowi Minta Jajarannya Bantu Atasi Banjir: Perintah Tak Saya Ulangi Lagi,https://news.detik.com/berita/d-4848263/jokowi-minta-jajarannya-bantu-atasi-banjir-perintah-tak-saya-ulangi-lagi,"
Senin, 06 Jan 2020 14:16 WIB "
Banjir dan Konservasi Air,https://news.detik.com/kolom/d-4848165/banjir-dan-konservasi-air,"
Senin, 06 Jan 2020 13:29 WIB "
Pembersihan Lumpur Sisa Banjir Vila Nusa Indah Diprediksi Tuntas 2 Pekan,https://news.detik.com/berita/d-4848156/pembersihan-lumpur-sisa-banjir-vila-nusa-indah-diprediksi-tuntas-2-pekan,"
Senin, 06 Jan 2020 13:25 WIB "
F-PAN DPRD DKI Minta Anies Selesaikan Masalah Sampah Sisa Banjir,https://news.detik.com/berita/d-4848172/f-pan-dprd-dki-minta-anies-selesaikan-masalah-sampah-sisa-banjir,"
Senin, 06 Jan 2020 13:25 WIB "
Memperkokoh Jejaring Keluarga Tangguh Bencana,https://news.detik.com/kolom/d-4848092/memperkokoh-jejaring-keluarga-tangguh-bencana,"
Senin, 06 Jan 2020 12:54 WIB "
BPBD: Banjir di Jakarta Tinggal 1 Kelurahan,https://news.detik.com/berita/d-4847955/bpbd-banjir-di-jakarta-tinggal-1-kelurahan,"
Senin, 06 Jan 2020 11:32 WIB "
Nalar Tanggap Bencana,https://news.detik.com/kolom/d-4847893/nalar-tanggap-bencana,"
Senin, 06 Jan 2020 11:10 WIB "
Siswa SMAN 8 Jakarta Keluhkan KBM di Perpustakaan: Bising dan Tak Kondusif,https://news.detik.com/berita/d-4847830/siswa-sman-8-jakarta-keluhkan-kbm-di-perpustakaan-bising-dan-tak-kondusif,"
Senin, 06 Jan 2020 10:42 WIB "
"Perpustakaan Sempat Diterjang Banjir, SDN 05 Pejagalan di Jakut Butuh Buku",https://news.detik.com/berita/d-4847795/perpustakaan-sempat-diterjang-banjir-sdn-05-pejagalan-di-jakut-butuh-buku,"
Senin, 06 Jan 2020 10:36 WIB "
"Sempat Kebanjiran, Siswa SDN Pasar Baru 01 Kembali Belajar di Kelas",https://news.detik.com/berita/d-4847772/sempat-kebanjiran-siswa-sdn-pasar-baru-01-kembali-belajar-di-kelas,"
Senin, 06 Jan 2020 10:19 WIB "
Ganjar Berangkatkan 100 Relawan Jateng untuk Korban Banjir Jakarta,https://news.detik.com/berita-jawa-tengah/d-4847766/ganjar-berangkatkan-100-relawan-jateng-untuk-korban-banjir-jakarta,"
Senin, 06 Jan 2020 10:14 WIB "
"Sempat Jadi Tempat Pengungsian, SDN Rawa Buaya Kembali Beraktivitas",https://news.detik.com/berita/d-4847765/sempat-jadi-tempat-pengungsian-sdn-rawa-buaya-kembali-beraktivitas,"
Senin, 06 Jan 2020 09:53 WIB "
Guru SDN di Jakut Bagi Tugas Bersihkan Ruangan-Mengajar Usai Banjir,https://news.detik.com/berita/d-4847713/guru-sdn-di-jakut-bagi-tugas-bersihkan-ruangan-mengajar-usai-banjir,"
Senin, 06 Jan 2020 09:43 WIB "
"Warga Terdampak Banjir Siapkan Gugatan ke Anies, Pemprov DKI: Kami Konter",https://news.detik.com/berita/d-4847707/warga-terdampak-banjir-siapkan-gugatan-ke-anies-pemprov-dki-kami-konter,"
Senin, 06 Jan 2020 09:41 WIB "
"Curah Hujan Tinggi, Kepsek SD di Jelambar Jakbar Waswas Banjir Susulan",https://news.detik.com/berita/d-4847706/curah-hujan-tinggi-kepsek-sd-di-jelambar-jakbar-waswas-banjir-susulan,"
Senin, 06 Jan 2020 09:37 WIB "
"Sempat Kebanjiran, SD di Jelambar Kembali Beraktivitas Normal",https://news.detik.com/berita/d-4847683/sempat-kebanjiran-sd-di-jelambar-kembali-beraktivitas-normal,"
Senin, 06 Jan 2020 09:08 WIB "
"Kelas Lembab Usai Banjir, Siswa SMAN 8 Jakarta Belajar di Perpustakaan",https://news.detik.com/berita/d-4847671/kelas-lembab-usai-banjir-siswa-sman-8-jakarta-belajar-di-perpustakaan,"
Senin, 06 Jan 2020 09:04 WIB "
"Cuaca Ekstrem Diprediksi Terjadi Sepekan ke Depan, Begini Penjelasan BMKG",https://news.detik.com/berita/d-4847577/cuaca-ekstrem-diprediksi-terjadi-sepekan-ke-depan-begini-penjelasan-bmkg,"
Senin, 06 Jan 2020 07:32 WIB "
BPPT Memodifikasi Cuaca untuk Atasi Banjir di Jabodetabek,https://news.detik.com/berita/d-4847563/bppt-memodifikasi-cuaca-untuk-atasi-banjir-di-jabodetabek,"
Senin, 06 Jan 2020 07:04 WIB "
Disdik DKI Izinkan Siswa Terdampak Banjir Belajar Tak Pakai Seragam,https://news.detik.com/berita/d-4847559/disdik-dki-izinkan-siswa-terdampak-banjir-belajar-tak-pakai-seragam,"
Senin, 06 Jan 2020 06:57 WIB "
KPAI Ingatkan Anies: Area Banjir Tak Sehat untuk Anak,https://news.detik.com/berita/d-4847513/kpai-ingatkan-anies-area-banjir-tak-sehat-untuk-anak,"
Minggu, 05 Jan 2020 23:08 WIB "
"BNPB: Pengungsi Akibat Banjir Jadi 100 Ribu Orang, Terbanyak di Bogor-Lebak",https://news.detik.com/berita/d-4847509/bnpb-pengungsi-akibat-banjir-jadi-100-ribu-orang-terbanyak-di-bogor-lebak,"
Minggu, 05 Jan 2020 22:41 WIB "
"Golkar: Warga yang Puji Anies 'Gubernur Rasa Presiden' Berbaju 212, Wajar",https://news.detik.com/berita/d-4847464/golkar-warga-yang-puji-anies-gubernur-rasa-presiden-berbaju-212-wajar,"
Minggu, 05 Jan 2020 20:50 WIB "
"Relawan 212 Sebut Anies 'Gubernur Rasa Presiden', NasDem: Namanya Pendukung",https://news.detik.com/berita/d-4847454/relawan-212-sebut-anies-gubernur-rasa-presiden-nasdem-namanya-pendukung,"
Minggu, 05 Jan 2020 20:20 WIB "
"Bak Kota Mati, Rumah-rumah di Pengadegan Ditinggal Warga Mengungsi",https://news.detik.com/berita/d-4847395/bak-kota-mati-rumah-rumah-di-pengadegan-ditinggal-warga-mengungsi,"
Minggu, 05 Jan 2020 19:21 WIB "
Sampah Menggunung di Tepi Kali Grogol Usai Banjir Surut,https://news.detik.com/berita/d-4847379/sampah-menggunung-di-tepi-kali-grogol-usai-banjir-surut,"
Minggu, 05 Jan 2020 19:00 WIB "
"Banjir Sudah Surut, Warga Pengadegan Masih Bertahan di Pengungsian",https://news.detik.com/berita/d-4847355/banjir-sudah-surut-warga-pengadegan-masih-bertahan-di-pengungsian,"
Minggu, 05 Jan 2020 18:02 WIB "
Warga Kampung Melayu Bertahan di Rumah Saat Banjir: Kebiasaan Tak Ngungsi,https://news.detik.com/berita/d-4847351/warga-kampung-melayu-bertahan-di-rumah-saat-banjir-kebiasaan-tak-ngungsi,"
Minggu, 05 Jan 2020 17:59 WIB "
"Banjir Baru Surut, Sampah Sesaki Permukiman di Teluk Gong",https://news.detik.com/berita/d-4847300/banjir-baru-surut-sampah-sesaki-permukiman-di-teluk-gong,"
Minggu, 05 Jan 2020 17:11 WIB "
Habiburokhman Nilai Gugatan Warga Terdampak Banjir ke Anies Akan Sia-sia,https://news.detik.com/berita/d-4847242/habiburokhman-nilai-gugatan-warga-terdampak-banjir-ke-anies-akan-sia-sia,"
Minggu, 05 Jan 2020 16:43 WIB "
Damkar Dikerahkan Bantu Bersihkan Lumpur Sisa Banjir di Pengadegan,https://news.detik.com/berita/d-4847229/damkar-dikerahkan-bantu-bersihkan-lumpur-sisa-banjir-di-pengadegan,"
Minggu, 05 Jan 2020 16:34 WIB "
"Relawan 212 Sebut Anies 'Gubernur Rasa Presiden', PKS: Ada Juga yang Kritik",https://news.detik.com/berita/d-4847224/relawan-212-sebut-anies-gubernur-rasa-presiden-pks-ada-juga-yang-kritik,"
Minggu, 05 Jan 2020 16:24 WIB "
Ketua MPR Imbau BPBD & Masyarakat Siaga Hadapi Potensi Cuaca Ekstrem,https://news.detik.com/berita/d-4847202/ketua-mpr-imbau-bpbd-masyarakat-siaga-hadapi-potensi-cuaca-ekstrem,"
Minggu, 05 Jan 2020 16:06 WIB "
Gubernur Anies: 478 Pompa di DKI Jakarta Semuanya Berfungsi,https://news.detik.com/berita/d-4847197/gubernur-anies-478-pompa-di-dki-jakarta-semuanya-berfungsi,"
Minggu, 05 Jan 2020 15:55 WIB "
211 Sekolah di Jakarta Terdampak Banjir,https://news.detik.com/berita/d-4847195/211-sekolah-di-jakarta-terdampak-banjir,"
Minggu, 05 Jan 2020 15:54 WIB "
Menteri PUPR Targetkan Desa di Sukajaya Bogor Bisa Diakses Pekan Depan,https://news.detik.com/berita/d-4847192/menteri-pupr-targetkan-desa-di-sukajaya-bogor-bisa-diakses-pekan-depan,"
Minggu, 05 Jan 2020 15:45 WIB "
"Relawan 212 Sebut Anies 'Gubernur Rasa Presiden', PKB: 2 Tahun Apa yang Dikerjakan?",https://news.detik.com/berita/d-4847173/relawan-212-sebut-anies-gubernur-rasa-presiden-pkb-2-tahun-apa-yang-dikerjakan,"
Minggu, 05 Jan 2020 15:22 WIB "
"Relawan 212 Sebut Anies 'Gubernur Rasa Presiden', Politikus PDIP: Bukan Representasi",https://news.detik.com/berita/d-4847151/relawan-212-sebut-anies-gubernur-rasa-presiden-politikus-pdip-bukan-representasi,"
Minggu, 05 Jan 2020 14:49 WIB "
"Meski Sering Banjir, Warga Pengadegan Jaksel Enggan Pindah",https://news.detik.com/berita/d-4847147/meski-sering-banjir-warga-pengadegan-jaksel-enggan-pindah,"
Minggu, 05 Jan 2020 14:43 WIB "
"Relawan 212 Sebut Anies 'Gubernur Rasa Presiden', Gerindra: Tumpahan Rasa Haru",https://news.detik.com/berita/d-4847148/relawan-212-sebut-anies-gubernur-rasa-presiden-gerindra-tumpahan-rasa-haru,"
Minggu, 05 Jan 2020 14:43 WIB "
Lubang Rembesan di Tanggul Latuharhari Mulai Ditutup,https://news.detik.com/berita/d-4847139/lubang-rembesan-di-tanggul-latuharhari-mulai-ditutup,"
Minggu, 05 Jan 2020 14:32 WIB "
Anies Temukan Segala Macam Sampah Saat Kerja Bakti: Everything Under The Sky,https://news.detik.com/berita/d-4847125/anies-temukan-segala-macam-sampah-saat-kerja-bakti-everything-under-the-sky,"
Minggu, 05 Jan 2020 14:18 WIB "
Warga Jakarta yang Kebanjiran 1 Januari Siapkan Gugatan ke Gubernur DKI,https://news.detik.com/berita/d-4847111/warga-jakarta-yang-kebanjiran-1-januari-siapkan-gugatan-ke-gubernur-dki,"
Minggu, 05 Jan 2020 14:12 WIB "
"Anies: Hampir Semua Wilayah Tergenang Sudah Surut, Sekarang Fase Rehabilitasi",https://news.detik.com/berita/d-4847107/anies-hampir-semua-wilayah-tergenang-sudah-surut-sekarang-fase-rehabilitasi,"
Minggu, 05 Jan 2020 14:07 WIB "
"Sempat Ada Rembesan, Begini Penanganan Tanggul Latuharhari yang Dicek Anies",https://news.detik.com/berita/d-4847093/sempat-ada-rembesan-begini-penanganan-tanggul-latuharhari-yang-dicek-anies,"
Minggu, 05 Jan 2020 13:51 WIB "
Cerita Warga Kampung Melayu 4 Hari Tak Tuntas Bersih-bersih Usai Banjir,https://news.detik.com/berita/d-4847090/cerita-warga-kampung-melayu-4-hari-tak-tuntas-bersih-bersih-usai-banjir,"
Minggu, 05 Jan 2020 13:47 WIB "
56 Kelenteng Nusantara Kirab di Kudus dan Doakan Korban Banjir Jakarta,https://news.detik.com/berita-jawa-tengah/d-4847079/56-kelenteng-nusantara-kirab-di-kudus-dan-doakan-korban-banjir-jakarta,"
Minggu, 05 Jan 2020 13:25 WIB "
Pernyataan-pernyataan Gubernur Anies Selama Penanganan Banjir Jakarta,https://news.detik.com/berita/d-4847070/pernyataan-pernyataan-gubernur-anies-selama-penanganan-banjir-jakarta,"
Minggu, 05 Jan 2020 13:12 WIB "
Pasukan Oranye Berjibaku dengan Lumpur Sisa Banjir di Pengadegan,https://news.detik.com/berita/d-4847055/pasukan-oranye-berjibaku-dengan-lumpur-sisa-banjir-di-pengadegan,"
Minggu, 05 Jan 2020 13:02 WIB "
Pimpinan MPR Sebut Penanganan Banjir Harus Dilakukan Semua Pihak,https://news.detik.com/berita/d-4847035/pimpinan-mpr-sebut-penanganan-banjir-harus-dilakukan-semua-pihak,"
Minggu, 05 Jan 2020 12:39 WIB "
Korban Banjir di Pengadegan Butuh Pakaian Dalam: Dari Kemarin Belum Ganti,https://news.detik.com/berita/d-4847032/korban-banjir-di-pengadegan-butuh-pakaian-dalam-dari-kemarin-belum-ganti,"
Minggu, 05 Jan 2020 12:34 WIB "
"Banjir Surut, Pertamina Salurkan Alat Kebersihan ke Warga Pengadegan",https://news.detik.com/berita/d-4847006/banjir-surut-pertamina-salurkan-alat-kebersihan-ke-warga-pengadegan,"
Minggu, 05 Jan 2020 11:50 WIB "
"Kunjungi Korban Banjir, La Nyalla Harap Masyarakat Tak Saling Menyalahkan",https://news.detik.com/berita/d-4846996/kunjungi-korban-banjir-la-nyalla-harap-masyarakat-tak-saling-menyalahkan,"
Minggu, 05 Jan 2020 11:43 WIB "
"Warga Puji Anies Saat Kerja Bakti: Good Bener, Gubernur Rasa Presiden",https://news.detik.com/berita/d-4846986/warga-puji-anies-saat-kerja-bakti-good-bener-gubernur-rasa-presiden,"
Minggu, 05 Jan 2020 11:34 WIB "
Edukasi Bencana Banjir Kepada Warga Ala ACT di CFD Surabaya,https://news.detik.com/berita-jawa-timur/d-4846987/edukasi-bencana-banjir-kepada-warga-ala-act-di-cfd-surabaya,"
Minggu, 05 Jan 2020 11:34 WIB "
"Arus Banjir Seret Banyak Mobil, Ini Hitung-hitungan Matematisnya",https://news.detik.com/berita/d-4846984/arus-banjir-seret-banyak-mobil-ini-hitung-hitungan-matematisnya,"
Minggu, 05 Jan 2020 11:31 WIB "
TNI-Polri Bersama Warga Bersihkan Sampah Sisa Banjir di Grogol,https://news.detik.com/berita/d-4846982/tni-polri-bersama-warga-bersihkan-sampah-sisa-banjir-di-grogol,"
Minggu, 05 Jan 2020 11:24 WIB "
Anies Ikut Kerja Bakti Angkat Sampah Sisa Banjir di Makasar Jaktim,https://news.detik.com/berita/d-4846979/anies-ikut-kerja-bakti-angkat-sampah-sisa-banjir-di-makasar-jaktim,"
Minggu, 05 Jan 2020 11:20 WIB "
294 Titik Banjir di Kota Tangerang Sudah Surut,https://news.detik.com/berita/d-4846956/294-titik-banjir-di-kota-tangerang-sudah-surut,"
Minggu, 05 Jan 2020 10:38 WIB "
"Pelayanan Gratis, Basarnas: Kalau Ada Oknum Minta Bayaran Laporkan!",https://news.detik.com/berita-jawa-barat/d-4846946/pelayanan-gratis-basarnas-kalau-ada-oknum-minta-bayaran-laporkan,"
Minggu, 05 Jan 2020 10:23 WIB "
"Banjir Surut di Petamburan, PMI Semprot Disinfektan untuk Bunuh Kuman",https://news.detik.com/berita/d-4846935/banjir-surut-di-petamburan-pmi-semprot-disinfektan-untuk-bunuh-kuman,"
Minggu, 05 Jan 2020 10:13 WIB "
Pertamina Sediakan Layanan Kesehatan-Oli Gratis bagi Korban Banjir,https://news.detik.com/berita/d-4846921/pertamina-sediakan-layanan-kesehatan-oli-gratis-bagi-korban-banjir,"
Minggu, 05 Jan 2020 10:00 WIB "
BMKG: Waspada Potensi Cuaca Ekstrem di Indonesia Sepekan ke Depan,https://news.detik.com/berita/d-4846917/bmkg-waspada-potensi-cuaca-ekstrem-di-indonesia-sepekan-ke-depan,"
Minggu, 05 Jan 2020 09:55 WIB "
Anies Cek Latuharhari agar Tanggul Tak Jebol seperti Era Jokowi,https://news.detik.com/berita/d-4846916/anies-cek-latuharhari-agar-tanggul-tak-jebol-seperti-era-jokowi,"
Minggu, 05 Jan 2020 09:54 WIB "
Kemendes Serahkan Bantuan untuk Desa-desa Terdampak Banjir,https://news.detik.com/berita/d-4846906/kemendes-serahkan-bantuan-untuk-desa-desa-terdampak-banjir,"
Minggu, 05 Jan 2020 09:41 WIB "
"Air Surut, Warga Mulai Bersihkan Sampah Sisa Banjir di Kalibata Jaksel",https://news.detik.com/berita/d-4846895/air-surut-warga-mulai-bersihkan-sampah-sisa-banjir-di-kalibata-jaksel,"
Minggu, 05 Jan 2020 09:31 WIB "
Pertamina Group Terus Perluas Bantuan untuk Korban Banjir,https://news.detik.com/berita/d-4846882/pertamina-group-terus-perluas-bantuan-untuk-korban-banjir,"
Minggu, 05 Jan 2020 09:08 WIB "
"Ikut Kerja Bakti, Anies Bersihkan Sampah Berlumpur Sisa Banjir di Jaktim",https://news.detik.com/berita/d-4846878/ikut-kerja-bakti-anies-bersihkan-sampah-berlumpur-sisa-banjir-di-jaktim,"
Minggu, 05 Jan 2020 08:58 WIB "
ACT Kerahkan 10 Armada Kemanusiaan Bantu Korban Banjir Jabodetabek,https://news.detik.com/berita/d-4846871/act-kerahkan-10-armada-kemanusiaan-bantu-korban-banjir-jabodetabek,"
Minggu, 05 Jan 2020 08:42 WIB "
bank bjb Salurkan Bantuan untuk Korban Banjir Jabodetabek & Banten,https://news.detik.com/berita/d-4846853/bank-bjb-salurkan-bantuan-untuk-korban-banjir-jabodetabek-banten,"
Minggu, 05 Jan 2020 07:55 WIB "
Benarkah Naturalisasi Sungai Jalan Satu-satunya Jakarta Bebas Banjir?,https://news.detik.com/berita/d-4846851/benarkah-naturalisasi-sungai-jalan-satu-satunya-jakarta-bebas-banjir,"
Minggu, 05 Jan 2020 07:47 WIB "
Dukcapil Ganti e-KTP-KK Warga yang Hilang karena Banjir Secara Gratis,https://news.detik.com/berita/d-4846815/dukcapil-ganti-e-ktp-kk-warga-yang-hilang-karena-banjir-secara-gratis,"
Minggu, 05 Jan 2020 01:07 WIB "
"Lewat #BUMNBantuBanjir, BUMN Terjun Bantu Korban Banjir se-Indonesia",https://news.detik.com/adv-nhl-detikcom/d-4847476/lewat-bumnbantubanjir-bumn-terjun-bantu-korban-banjir-se-indonesia,"
Minggu, 05 Jan 2020 00:00 WIB "
Korban Tewas Akibat Banjir di DKI-Banten-Jabar Bertambah Jadi 60 Orang,https://news.detik.com/berita/d-4846778/korban-tewas-akibat-banjir-di-dki-banten-jabar-bertambah-jadi-60-orang,"
Sabtu, 04 Jan 2020 22:49 WIB "
"Kunjungi Lokasi Banjir, Waket MPR Syarief Hasan Minta Presiden Turun Tangan",https://news.detik.com/berita/d-4846752/kunjungi-lokasi-banjir-waket-mpr-syarief-hasan-minta-presiden-turun-tangan,"
Sabtu, 04 Jan 2020 22:10 WIB "
Anies Tepis Beda Pendapat dengan Jokowi soal Banjir: Kita Ingin yang Baik,https://news.detik.com/berita/d-4846745/anies-tepis-beda-pendapat-dengan-jokowi-soal-banjir-kita-ingin-yang-baik,"
Sabtu, 04 Jan 2020 21:39 WIB "
"Anies Temui Pengungsi Banjir Pengadegan, Pastikan Kebutuhan Terpenuhi",https://news.detik.com/berita/d-4846742/anies-temui-pengungsi-banjir-pengadegan-pastikan-kebutuhan-terpenuhi,"
Sabtu, 04 Jan 2020 21:34 WIB "
TGUPP Anies Jelaskan soal 'Tangkap Hujan' Agar Jakarta Bebas Banjir,https://news.detik.com/berita/d-4846740/tgupp-anies-jelaskan-soal-tangkap-hujan-agar-jakarta-bebas-banjir,"
Sabtu, 04 Jan 2020 21:28 WIB "
Kemenhub dan 4 BUMN Kirim 3 Truk Bantuan untuk Korban Banjir,https://news.detik.com/berita/d-4846737/kemenhub-dan-4-bumn-kirim-3-truk-bantuan-untuk-korban-banjir,"
Sabtu, 04 Jan 2020 21:22 WIB "
Aliran Listrik di Pondok Gede Permai Kembali Normal Usai Banjir,https://news.detik.com/berita/d-4846727/aliran-listrik-di-pondok-gede-permai-kembali-normal-usai-banjir,"
Sabtu, 04 Jan 2020 21:07 WIB "
Seruan Anies Baswedan: Kerja Bakti Bersama Besok Usai Banjir Melanda,https://news.detik.com/berita/d-4846697/seruan-anies-baswedan-kerja-bakti-bersama-besok-usai-banjir-melanda,"
Sabtu, 04 Jan 2020 19:36 WIB "
Anies Cek SMAN 8 Jakarta yang Sempat Kebanjiran 2 Meter,https://news.detik.com/berita/d-4846643/anies-cek-sman-8-jakarta-yang-sempat-kebanjiran-2-meter,"
Sabtu, 04 Jan 2020 18:53 WIB "
"Cek Tanggul Latuharhari, Ini Maksud Anies Baswedan",https://news.detik.com/berita/d-4846628/cek-tanggul-latuharhari-ini-maksud-anies-baswedan,"
Sabtu, 04 Jan 2020 18:26 WIB "
"Wamendes: Hentikan Politisasi Banjir, Waktunya Gotong Royong",https://news.detik.com/berita/d-4846593/wamendes-hentikan-politisasi-banjir-waktunya-gotong-royong,"
Sabtu, 04 Jan 2020 18:03 WIB "
Begini Data Banjir Era Jokowi-Ahok-Djarot-Anies,https://news.detik.com/berita/d-4846575/begini-data-banjir-era-jokowi-ahok-djarot-anies,"
Sabtu, 04 Jan 2020 17:36 WIB "
"Selain Tim Medis, CT ARSA Lebih Dulu Bantu Evakuasi Korban Banjir Jabodetabek",https://news.detik.com/berita/d-4846557/selain-tim-medis-ct-arsa-lebih-dulu-bantu-evakuasi-korban-banjir-jabodetabek,"
Sabtu, 04 Jan 2020 17:22 WIB "
"Banjir Pengadegan Jaksel Belum Surut, Air Setinggi Betis",https://news.detik.com/berita/d-4846550/banjir-pengadegan-jaksel-belum-surut-air-setinggi-betis,"
Sabtu, 04 Jan 2020 17:14 WIB "
"Anies Singgung Banjir Jakarta Era Jokowi, PDIP: Harusnya Fokus Kerja",https://news.detik.com/berita/d-4846516/anies-singgung-banjir-jakarta-era-jokowi-pdip-harusnya-fokus-kerja,"
Sabtu, 04 Jan 2020 16:49 WIB "
Pakar ITB Nilai Naturalisasi Sungai Satu-satunya Jalan Jakarta Bebas Banjir,https://news.detik.com/berita/d-4846440/pakar-itb-nilai-naturalisasi-sungai-satu-satunya-jalan-jakarta-bebas-banjir,"
Sabtu, 04 Jan 2020 15:22 WIB "
"Akibat Kecewa, Korban Kebakaran Hutan Menyebut PM Australia 'Bodoh'",https://news.detik.com/abc-australia/d-4846407/akibat-kecewa-korban-kebakaran-hutan-menyebut-pm-australia-bodoh,"
Sabtu, 04 Jan 2020 14:26 WIB "
BNPB: Belum Ada Sistem Peringatan Dini Banjir Akibat Hujan Lokal,https://news.detik.com/berita/d-4846406/bnpb-belum-ada-sistem-peringatan-dini-banjir-akibat-hujan-lokal,"
Sabtu, 04 Jan 2020 14:26 WIB "
"Tinjau Banjir di Pengadegan, Wamendes: Perlu Ada Relokasi, Tak Layak Huni",https://news.detik.com/berita/d-4846405/tinjau-banjir-di-pengadegan-wamendes-perlu-ada-relokasi-tak-layak-huni,"
Sabtu, 04 Jan 2020 14:26 WIB "
Begini Perbandingan Banjir Era Jokowi dan Anies,https://news.detik.com/berita/d-4846404/begini-perbandingan-banjir-era-jokowi-dan-anies,"
Sabtu, 04 Jan 2020 14:25 WIB "
"Anies Singgung Banjir 2013, Stafsus Jokowi Angkie: Jangan Membandingkan",https://news.detik.com/berita/d-4846366/anies-singgung-banjir-2013-stafsus-jokowi-angkie-jangan-membandingkan,"
Sabtu, 04 Jan 2020 13:36 WIB "
Pemprov Klaim Tak Ada Masalah Peringatan Dini Banjir di Jakarta,https://news.detik.com/berita/d-4846347/pemprov-klaim-tak-ada-masalah-peringatan-dini-banjir-di-jakarta,"
Sabtu, 04 Jan 2020 13:09 WIB "
Korban Banjir di Rawa Buaya Jakbar Keluhkan Sulitnya Air Bersih,https://news.detik.com/berita/d-4846277/korban-banjir-di-rawa-buaya-jakbar-keluhkan-sulitnya-air-bersih,"
Sabtu, 04 Jan 2020 12:15 WIB "
"BNPB: Banjir Jabodetabek, Sungai Tak Bisa Menampung Hujan Sangat Lebat",https://news.detik.com/berita/d-4846228/bnpb-banjir-jabodetabek-sungai-tak-bisa-menampung-hujan-sangat-lebat,"
Sabtu, 04 Jan 2020 11:35 WIB "
Air Banjir di Pengadegan Jaksel Disedot Bertahap,https://news.detik.com/berita/d-4846236/air-banjir-di-pengadegan-jaksel-disedot-bertahap,"
Sabtu, 04 Jan 2020 11:31 WIB "
"Banjir Mulai Surut, Warga Cengkareng Bersihkan Rumah dari Lumpur",https://news.detik.com/berita/d-4846226/banjir-mulai-surut-warga-cengkareng-bersihkan-rumah-dari-lumpur,"
Sabtu, 04 Jan 2020 11:31 WIB "
Ini Data Wilayah Jabodetabek yang Masih Kebanjiran,https://news.detik.com/berita/d-4846225/ini-data-wilayah-jabodetabek-yang-masih-kebanjiran,"
Sabtu, 04 Jan 2020 11:30 WIB "
500 Pegawai Bank Mandiri Dikerahkan Jadi Relawan Bantu Korban Banjir,https://news.detik.com/berita/d-4846220/500-pegawai-bank-mandiri-dikerahkan-jadi-relawan-bantu-korban-banjir,"
Sabtu, 04 Jan 2020 11:19 WIB "
Korban Tewas Akibat Banjir di DKI-Banten-Jabar Bertambah Jadi 53 Orang,https://news.detik.com/berita/d-4846215/korban-tewas-akibat-banjir-di-dki-banten-jabar-bertambah-jadi-53-orang,"
Sabtu, 04 Jan 2020 11:14 WIB "
"Disinggung Anies, Ini Momen Jokowi Berjibaku Bereskan Banjir DKI 2013",https://news.detik.com/berita/d-4846209/disinggung-anies-ini-momen-jokowi-berjibaku-bereskan-banjir-dki-2013,"
Sabtu, 04 Jan 2020 11:05 WIB "
"Cek Tanggul Latuharhari, Anies Singgung Banjir Jakarta 2013",https://news.detik.com/berita/d-4846187/cek-tanggul-latuharhari-anies-singgung-banjir-jakarta-2013,"
Sabtu, 04 Jan 2020 10:34 WIB "
Kemendagri Respons Anies: Pengaktifan BPBD Kota Tergantung DKI,https://news.detik.com/berita/d-4846144/kemendagri-respons-anies-pengaktifan-bpbd-kota-tergantung-dki,"
Sabtu, 04 Jan 2020 10:12 WIB "
Pimpinan DPRD: Pemprov DKI Bisa Pakai Dana Cadangan untuk Banjir,https://news.detik.com/berita/d-4846143/pimpinan-dprd-pemprov-dki-bisa-pakai-dana-cadangan-untuk-banjir,"
Sabtu, 04 Jan 2020 10:11 WIB "
"Pakai Papan Seluncur, Tim Damkar Evakuasi Korban Banjir di Cengkareng",https://news.detik.com/berita/d-4846129/pakai-papan-seluncur-tim-damkar-evakuasi-korban-banjir-di-cengkareng,"
Sabtu, 04 Jan 2020 09:49 WIB "
"Sudah 4 Hari, Banjir di Pengadegan Jaksel Belum Juga Surut",https://news.detik.com/berita/d-4846124/sudah-4-hari-banjir-di-pengadegan-jaksel-belum-juga-surut,"
Sabtu, 04 Jan 2020 09:36 WIB "
Gerindra Bela Anies Soal Normalisasi: Warga Pinggir Sungai Harus Dimanusiakan,https://news.detik.com/berita/d-4846119/gerindra-bela-anies-soal-normalisasi-warga-pinggir-sungai-harus-dimanusiakan,"
Sabtu, 04 Jan 2020 09:31 WIB "
"Polisi, BPBD hingga Banser Jateng Kirim Bantuan untuk Banjir Jabodetabek",https://news.detik.com/berita-jawa-tengah/d-4846098/polisi-bpbd-hingga-banser-jateng-kirim-bantuan-untuk-banjir-jabodetabek,"
Sabtu, 04 Jan 2020 08:58 WIB "
"Normalisasi Ciliwung Mandek, PDIP: Anies Kurang Serius Bangun DKI",https://news.detik.com/berita/d-4846093/normalisasi-ciliwung-mandek-pdip-anies-kurang-serius-bangun-dki,"
Sabtu, 04 Jan 2020 08:43 WIB "
"Air Surut, PPSU-Satpol Kerja Bakti Angkut Sisa Banjir di Cipinang Melayu",https://news.detik.com/berita/d-4846074/air-surut-ppsu-satpol-kerja-bakti-angkut-sisa-banjir-di-cipinang-melayu,"
Sabtu, 04 Jan 2020 08:24 WIB "
Gerindra DKI Minta Anies Anggap Kritikan Soal Banjir Sebagai Nasihat,https://news.detik.com/berita/d-4846072/gerindra-dki-minta-anies-anggap-kritikan-soal-banjir-sebagai-nasihat,"
Sabtu, 04 Jan 2020 08:20 WIB "
BNPB: Jumlah Pengungsi Banjir Jabodetabek Naik Jadi 173 ribu Orang,https://news.detik.com/berita/d-4846069/bnpb-jumlah-pengungsi-banjir-jabodetabek-naik-jadi-173-ribu-orang,"
Sabtu, 04 Jan 2020 08:12 WIB "
Permintaan Baru Jokowi untuk Anies,https://news.detik.com/berita/d-4846060/permintaan-baru-jokowi-untuk-anies,"
Sabtu, 04 Jan 2020 07:42 WIB "
Kemensos Beri Bantuan Senilai Rp 4 M ke Korban Banjir DKI-Jabar-Banten,https://news.detik.com/berita/d-4846055/kemensos-beri-bantuan-senilai-rp-4-m-ke-korban-banjir-dki-jabar-banten,"
Sabtu, 04 Jan 2020 07:30 WIB "
"Mulai Surut, 10 Pintu Air di Jakarta Berstatus Siaga 4",https://news.detik.com/berita/d-4846043/mulai-surut-10-pintu-air-di-jakarta-berstatus-siaga-4,"
Sabtu, 04 Jan 2020 05:40 WIB "
645 PNS Pemprov DKI Izin Cuti karena Rumah Terendam Banjir,https://news.detik.com/berita/d-4846028/645-pns-pemprov-dki-izin-cuti-karena-rumah-terendam-banjir,"
Sabtu, 04 Jan 2020 02:02 WIB "
"Malam-malam, Anies Cek Tanggul Latuharhari-Pintu Air Manggarai Pascabanjir",https://news.detik.com/berita/d-4846014/malam-malam-anies-cek-tanggul-latuharhari-pintu-air-manggarai-pascabanjir,"
Sabtu, 04 Jan 2020 00:42 WIB "
Pengungsi Akibat Banjir Jakarta Berkurang Jadi 8 Ribu Orang,https://news.detik.com/berita/d-4846003/pengungsi-akibat-banjir-jakarta-berkurang-jadi-8-ribu-orang,"
Jumat, 03 Jan 2020 23:42 WIB "
"BPBD Kota Diminta Diaktifkan, Anies: Pengendalian Sudah Tingkat Kelurahan",https://news.detik.com/berita/d-4846000/bpbd-kota-diminta-diaktifkan-anies-pengendalian-sudah-tingkat-kelurahan,"
Jumat, 03 Jan 2020 23:17 WIB "
Anies Tepis Isu Anggaran Penanganan Banjir Dipotong untuk Formula E,https://news.detik.com/berita/d-4845989/anies-tepis-isu-anggaran-penanganan-banjir-dipotong-untuk-formula-e,"
Jumat, 03 Jan 2020 22:20 WIB "
Pentingnya Waduk Pluit untuk Disidak Jokowi,https://news.detik.com/berita/d-4845986/pentingnya-waduk-pluit-untuk-disidak-jokowi,"
Jumat, 03 Jan 2020 22:07 WIB "
"Tito Ingatkan Status Tanggap Darurat soal Banjir, Anies: Jakarta Mulai Surut",https://news.detik.com/berita/d-4845961/tito-ingatkan-status-tanggap-darurat-soal-banjir-anies-jakarta-mulai-surut,"
Jumat, 03 Jan 2020 21:33 WIB "
"Warga Teluk Gong Minta Listrik Dinyalakan, Anies Ingatkan Bahayanya",https://news.detik.com/berita/d-4845952/warga-teluk-gong-minta-listrik-dinyalakan-anies-ingatkan-bahayanya,"
Jumat, 03 Jan 2020 21:29 WIB "
"Listrik Masih Padam Usai Banjir, Yombaediah Punya Cara Lain Terangi Rumah",https://news.detik.com/berita/d-4845950/listrik-masih-padam-usai-banjir-yombaediah-punya-cara-lain-terangi-rumah,"
Jumat, 03 Jan 2020 21:22 WIB "
"Usai Banjir, Muncul Saling Sindir",https://news.detik.com/berita/d-4845945/usai-banjir-muncul-saling-sindir,"
Jumat, 03 Jan 2020 21:04 WIB "
Mendikbud Nadiem Akan Beri Tunjangan Khusus ke Guru yang Terdampak Banjir,https://news.detik.com/berita/d-4845916/mendikbud-nadiem-akan-beri-tunjangan-khusus-ke-guru-yang-terdampak-banjir,"
Jumat, 03 Jan 2020 20:38 WIB "
Pemerintah Apresiasi Inisiatif Gojek Bantu Korban Banjir,https://news.detik.com/berita/d-4845917/pemerintah-apresiasi-inisiatif-gojek-bantu-korban-banjir,"
Jumat, 03 Jan 2020 20:38 WIB "
"Antisipasi Banjir Jakarta-Bekasi, Angkasa Digarami",https://news.detik.com/berita/d-4845856/antisipasi-banjir-jakarta-bekasi-angkasa-digarami,"
Jumat, 03 Jan 2020 20:07 WIB "
"Listrik di Cipinang Melayu Baru Menyala Sebagian, Warga Andalkan Genset",https://news.detik.com/berita/d-4845854/listrik-di-cipinang-melayu-baru-menyala-sebagian-warga-andalkan-genset,"
Jumat, 03 Jan 2020 20:06 WIB "
"Curah Hujan Diprediksi Masih Tinggi, Apakah Istana Bebas Banjir?",https://news.detik.com/berita/d-4845833/curah-hujan-diprediksi-masih-tinggi-apakah-istana-bebas-banjir,"
Jumat, 03 Jan 2020 19:44 WIB "
Menteri Basuki Tepis Ada Silang Pendapat dengan Anies soal Banjir,https://news.detik.com/berita/d-4845829/menteri-basuki-tepis-ada-silang-pendapat-dengan-anies-soal-banjir,"
Jumat, 03 Jan 2020 19:39 WIB "
BNPB: Fasilitas Rusak Akibat Banjir Mulai Diperbaiki,https://news.detik.com/berita/d-4845825/bnpb-fasilitas-rusak-akibat-banjir-mulai-diperbaiki,"
Jumat, 03 Jan 2020 19:36 WIB "
"Anies Sebut Tak Ada Sampah di Bandara, Basuki: Maksud Jokowi di Sungai",https://news.detik.com/berita/d-4845817/anies-sebut-tak-ada-sampah-di-bandara-basuki-maksud-jokowi-di-sungai,"
Jumat, 03 Jan 2020 19:29 WIB "
"Tahun Baru, Rekor Banjir Baru","https://news.detik.com/x/detail/investigasi/20200103/Tahun-Baru,-Rekor-Banjir-Baru/","
Jumat, 03 Jan 2020 19:25 WIB "
Jokowi Segera Undang Anies Baswedan-Ridwan Kamil Bahas Banjir,https://news.detik.com/berita/d-4845797/jokowi-segera-undang-anies-baswedan-ridwan-kamil-bahas-banjir,"
Jumat, 03 Jan 2020 19:13 WIB "
Daftar Wilayah di Jakarta-Bekasi yang Berpotensi Hujan Malam Ini,https://news.detik.com/berita/d-4845787/daftar-wilayah-di-jakarta-bekasi-yang-berpotensi-hujan-malam-ini,"
Jumat, 03 Jan 2020 19:06 WIB "
Kemenkes Gandeng TNI-Polri Cegah Penyakit Pasca Banjir Jabodetabek,https://news.detik.com/berita/d-4845812/kemenkes-gandeng-tni-polri-cegah-penyakit-pasca-banjir-jabodetabek,"
Jumat, 03 Jan 2020 19:06 WIB "
Melihat Kembali Upaya 'Mencegat' Awan Hujan Masuk Jakarta,https://news.detik.com/berita/d-4845781/melihat-kembali-upaya-mencegat-awan-hujan-masuk-jakarta,"
Jumat, 03 Jan 2020 19:04 WIB "
Curhat Warga Pengadegan Jaksel: Banjir 2020 Terparah Kedua Sejak 2007,https://news.detik.com/berita/d-4845778/curhat-warga-pengadegan-jaksel-banjir-2020-terparah-kedua-sejak-2007,"
Jumat, 03 Jan 2020 19:01 WIB "
KAI Buka Rail Clinic Bantu Layanan Kesehatan Korban Banjir Jakarta,https://news.detik.com/berita/d-4845775/kai-buka-rail-clinic-bantu-layanan-kesehatan-korban-banjir-jakarta,"
Jumat, 03 Jan 2020 18:58 WIB "
"Banjir Jabodetabek, Mensos Kirim Ribuan Paket Bantuan",https://news.detik.com/berita/d-4845752/banjir-jabodetabek-mensos-kirim-ribuan-paket-bantuan,"
Jumat, 03 Jan 2020 18:50 WIB "
Operator Waduk Pluit Sebut Jokowi Tak Singgung Banjir Saat Sidak,https://news.detik.com/berita/d-4845742/operator-waduk-pluit-sebut-jokowi-tak-singgung-banjir-saat-sidak,"
Jumat, 03 Jan 2020 18:44 WIB "
"Banjir di Jalan Daan Mogot Mulai Surut, Lalin Macet",https://news.detik.com/berita/d-4845735/banjir-di-jalan-daan-mogot-mulai-surut-lalin-macet,"
Jumat, 03 Jan 2020 18:38 WIB "
"Gerindra Puji Respons Pemerintah soal Banjir, PDIP Kritik Anies",https://news.detik.com/berita/d-4845722/gerindra-puji-respons-pemerintah-soal-banjir-pdip-kritik-anies,"
Jumat, 03 Jan 2020 18:36 WIB "
Operator Waduk Pluit Ceritakan Pertanyaan Jokowi Saat Mendadak Datang,https://news.detik.com/berita/d-4845706/operator-waduk-pluit-ceritakan-pertanyaan-jokowi-saat-mendadak-datang,"
Jumat, 03 Jan 2020 18:23 WIB "
Mendagri Minta DPRD DKI-Jabar Percepat Pencairan Sisa APBD untuk Banjir,https://news.detik.com/berita/d-4845681/mendagri-minta-dprd-dki-jabar-percepat-pencairan-sisa-apbd-untuk-banjir,"
Jumat, 03 Jan 2020 18:17 WIB "
"Saluran Air Jebol Saat Banjir, Basement Gedung di Jakbar Sempat Tergenang",https://news.detik.com/berita/d-4845665/saluran-air-jebol-saat-banjir-basement-gedung-di-jakbar-sempat-tergenang,"
Jumat, 03 Jan 2020 18:13 WIB "
"Kunjungi Duri Kosambi Lagi, Anies Pastikan Makanan Pengungsi Banjir Aman",https://news.detik.com/berita/d-4845654/kunjungi-duri-kosambi-lagi-anies-pastikan-makanan-pengungsi-banjir-aman,"
Jumat, 03 Jan 2020 18:10 WIB "
"Banjir Telan Korban Jiwa, BNPB Harap Daerah Tetapkan Status Tanggap Darurat",https://news.detik.com/berita/d-4845650/banjir-telan-korban-jiwa-bnpb-harap-daerah-tetapkan-status-tanggap-darurat,"
Jumat, 03 Jan 2020 18:07 WIB "
Menteri PUPR: Banjir di Tol Cikampek karena Drainase Tersumbat Proyek,https://news.detik.com/berita/d-4845626/menteri-pupr-banjir-di-tol-cikampek-karena-drainase-tersumbat-proyek,"
Jumat, 03 Jan 2020 17:57 WIB "
Korban Meninggal Akibat Banjir Jabodetabek-Banten Tambah Jadi 46 Orang,https://news.detik.com/berita/d-4845625/korban-meninggal-akibat-banjir-jabodetabek-banten-tambah-jadi-46-orang,"
Jumat, 03 Jan 2020 17:56 WIB "
BNPB Usul Jokowi Terbitkan Inpres Daerah Wajib Punya Rencana Darurat,https://news.detik.com/berita/d-4845624/bnpb-usul-jokowi-terbitkan-inpres-daerah-wajib-punya-rencana-darurat,"
Jumat, 03 Jan 2020 17:55 WIB "
Menteri PUPR Sebut Anies Sudah Dekati Warga demi Lahan Sodetan Ciliwung,https://news.detik.com/berita/d-4845615/menteri-pupr-sebut-anies-sudah-dekati-warga-demi-lahan-sodetan-ciliwung,"
Jumat, 03 Jan 2020 17:46 WIB "
Jokowi Bahas Banjir Jabodetabek Tanpa Anies dan RK,https://news.detik.com/berita/d-4845609/jokowi-bahas-banjir-jabodetabek-tanpa-anies-dan-rk,"
Jumat, 03 Jan 2020 17:38 WIB "
Tito Ingatkan Pentingnya Status Tanggap Darurat di Daerah Terdampak Banjir,https://news.detik.com/berita/d-4845599/tito-ingatkan-pentingnya-status-tanggap-darurat-di-daerah-terdampak-banjir,"
Jumat, 03 Jan 2020 17:33 WIB "
Presiden PKS: Kami Ingin Punya Wagub yang Bisa Bantu Anies Tangani Banjir,https://news.detik.com/berita/d-4845597/presiden-pks-kami-ingin-punya-wagub-yang-bisa-bantu-anies-tangani-banjir,"
Jumat, 03 Jan 2020 17:33 WIB "
"Anies: 15% Kawasan Jakarta Terdampak Banjir, yang 85% Bantu Ringankan",https://news.detik.com/berita/d-4845593/anies-15-kawasan-jakarta-terdampak-banjir-yang-85-bantu-ringankan,"
Jumat, 03 Jan 2020 17:28 WIB "
"Jokowi Minta BPBD Diaktifkan sampai ke Tingkat Kota, Terutama di Jakarta",https://news.detik.com/berita/d-4845565/jokowi-minta-bpbd-diaktifkan-sampai-ke-tingkat-kota-terutama-di-jakarta,"
Jumat, 03 Jan 2020 17:22 WIB "
Menerka Pesan Politik di Balik Kunjungan Mendadak Jokowi ke Waduk Pluit,https://news.detik.com/berita/d-4845555/menerka-pesan-politik-di-balik-kunjungan-mendadak-jokowi-ke-waduk-pluit,"
Jumat, 03 Jan 2020 17:17 WIB "
"Langsung Turun di Hari Pertama, Gojek Tangkas Bantu Korban Banjir",https://news.detik.com/berita/d-4845544/langsung-turun-di-hari-pertama-gojek-tangkas-bantu-korban-banjir,"
Jumat, 03 Jan 2020 17:16 WIB "
Jokowi Pamerkan Pompa Waduk Pluit Direhab 2014 Masih Berfungsi,https://news.detik.com/berita/d-4845543/jokowi-pamerkan-pompa-waduk-pluit-direhab-2014-masih-berfungsi,"
Jumat, 03 Jan 2020 17:15 WIB "
"Pak Wali Kota Bekasi, Warga Korban Banjir Butuh Air Bersih!",https://news.detik.com/berita/d-4845533/pak-wali-kota-bekasi-warga-korban-banjir-butuh-air-bersih,"
Jumat, 03 Jan 2020 17:13 WIB "
PGN Dirikan Dapur Umum untuk Korban Banjir di Cilincing,https://news.detik.com/berita/d-4845528/pgn-dirikan-dapur-umum-untuk-korban-banjir-di-cilincing,"
Jumat, 03 Jan 2020 17:09 WIB "
"Banjir Jabodetabek, BMKG Minta Masyarakat Mulai Percaya Prakiraan Bencana",https://news.detik.com/berita/d-4845507/banjir-jabodetabek-bmkg-minta-masyarakat-mulai-percaya-prakiraan-bencana,"
Jumat, 03 Jan 2020 17:03 WIB "
Anies Baswedan Minta Perhatian soal Banjir Tak Hanya ke Jakarta,https://news.detik.com/berita/d-4845495/anies-baswedan-minta-perhatian-soal-banjir-tak-hanya-ke-jakarta,"
Jumat, 03 Jan 2020 17:00 WIB "
"Dukung Normalisasi Sungai DKI, Presiden PKS Belum Paham Naturalisasi",https://news.detik.com/berita/d-4845472/dukung-normalisasi-sungai-dki-presiden-pks-belum-paham-naturalisasi,"
Jumat, 03 Jan 2020 16:50 WIB "
Korban Banjir di Kampung Pulo Keluhkan Tak Ada Bantuan Baju Sekolah Anak,https://news.detik.com/berita/d-4845450/korban-banjir-di-kampung-pulo-keluhkan-tak-ada-bantuan-baju-sekolah-anak,"
Jumat, 03 Jan 2020 16:40 WIB "
"Silang Pendapat Banjir Jakarta, Komisi V Minta Menteri PUPR Panggil Anies",https://news.detik.com/berita/d-4845445/silang-pendapat-banjir-jakarta-komisi-v-minta-menteri-pupr-panggil-anies,"
Jumat, 03 Jan 2020 16:36 WIB "
"Trauma Syafiq Diterjang Banjir, Selamatkan Bayinya di Genteng Selama 10 Jam",https://news.detik.com/berita/d-4845443/trauma-syafiq-diterjang-banjir-selamatkan-bayinya-di-genteng-selama-10-jam,"
Jumat, 03 Jan 2020 16:35 WIB "
Fenomena Pertemuan Angin yang Bikin Cuaca Ekstrem,https://news.detik.com/berita/d-4845438/fenomena-pertemuan-angin-yang-bikin-cuaca-ekstrem,"
Jumat, 03 Jan 2020 16:30 WIB "
Sohibul Minta Anies Tak Baper dengan Kritik Banjir Jakarta: Bahan Introspeksi,https://news.detik.com/berita/d-4845432/sohibul-minta-anies-tak-baper-dengan-kritik-banjir-jakarta-bahan-introspeksi,"
Jumat, 03 Jan 2020 16:27 WIB "
Beton Pembatas Busway di Jalan Daan Mogot Arah Grogol Berserakan,https://news.detik.com/berita/d-4845424/beton-pembatas-busway-di-jalan-daan-mogot-arah-grogol-berserakan,"
Jumat, 03 Jan 2020 16:26 WIB "
1 Regu Basarnas Pekanbaru Dikirim ke Jakarta Bantu Tangani Banjir,https://news.detik.com/berita/d-4845419/1-regu-basarnas-pekanbaru-dikirim-ke-jakarta-bantu-tangani-banjir,"
Jumat, 03 Jan 2020 16:18 WIB "
"Banjir Masih 2 Meter, Ribuan Warga Pengadegan Jaksel Bertahan di Pengungsian",https://news.detik.com/berita/d-4845377/banjir-masih-2-meter-ribuan-warga-pengadegan-jaksel-bertahan-di-pengungsian,"
Jumat, 03 Jan 2020 16:02 WIB "
Wira-Wiri Pindah Ibu Kota,https://news.detik.com/kolom/d-4845367/wira-wiri-pindah-ibu-kota,"
Jumat, 03 Jan 2020 15:55 WIB "
Cerita di Balik Kunjungan Mendadak Jokowi ke Waduk Pluit,https://news.detik.com/berita/d-4845372/cerita-di-balik-kunjungan-mendadak-jokowi-ke-waduk-pluit,"
Jumat, 03 Jan 2020 15:52 WIB "
"Luhut: Basuki-Anies Sudah Oke soal Banjir, Jangan Ditubruk-tubrukkan",https://news.detik.com/berita/d-4845325/luhut-basuki-anies-sudah-oke-soal-banjir-jangan-ditubruk-tubrukkan,"
Jumat, 03 Jan 2020 15:38 WIB "
Silang Pendapat Anies vs Jokowi: Dari Kunjungan Kerja hingga Banjir Jakarta,https://news.detik.com/berita/d-4845312/silang-pendapat-anies-vs-jokowi-dari-kunjungan-kerja-hingga-banjir-jakarta,"
Jumat, 03 Jan 2020 15:23 WIB "
Basarnas Semarang Kirim Personel Bantu Tangani Banjir Jabodetabek,https://news.detik.com/berita-jawa-tengah/d-4845305/basarnas-semarang-kirim-personel-bantu-tangani-banjir-jabodetabek,"
Jumat, 03 Jan 2020 15:19 WIB "
Nenek di Kampung Pulo Bertahan di Rumah Saat Banjir: Pengungsian Dingin,https://news.detik.com/berita/d-4845295/nenek-di-kampung-pulo-bertahan-di-rumah-saat-banjir-pengungsian-dingin,"
Jumat, 03 Jan 2020 15:14 WIB "
BPPT Terapkan Modifikasi Cuaca Antisipasi Hujan Lebat-Banjir di Jabodetabek,https://news.detik.com/berita/d-4845273/bppt-terapkan-modifikasi-cuaca-antisipasi-hujan-lebat-banjir-di-jabodetabek,"
Jumat, 03 Jan 2020 15:00 WIB "
Korban Banjir Kampung Lubang Minta Bantaran Kali Ciliwung Ditanggul,https://news.detik.com/berita/d-4845260/korban-banjir-kampung-lubang-minta-bantaran-kali-ciliwung-ditanggul,"
Jumat, 03 Jan 2020 14:50 WIB "
Anies Cerita Banyak Anak Senang Main di Banjir: Dianggap Kolam Renang,https://news.detik.com/berita/d-4845230/anies-cerita-banyak-anak-senang-main-di-banjir-dianggap-kolam-renang,"
Jumat, 03 Jan 2020 14:36 WIB "
"Silang Pendapat Banjir Jakarta, Pimpinan DPR Minta Anies Kebut Normalisasi",https://news.detik.com/berita/d-4845226/silang-pendapat-banjir-jakarta-pimpinan-dpr-minta-anies-kebut-normalisasi,"
Jumat, 03 Jan 2020 14:34 WIB "
"Dampak Banjir di Jakarta, Permintaan Telur dari Blitar Turun 20%",https://news.detik.com/berita-jawa-timur/d-4845218/dampak-banjir-di-jakarta-permintaan-telur-dari-blitar-turun-20,"
Jumat, 03 Jan 2020 14:30 WIB "
Curhat Warga Ciledug Indah: Banjir Tahun Ini Paling Parah,https://news.detik.com/berita/d-4845184/curhat-warga-ciledug-indah-banjir-tahun-ini-paling-parah,"
Jumat, 03 Jan 2020 14:10 WIB "
"SPBU Daan Mogot Terbakar, Polisi Belum Temukan Unsur Kelalaian Petugas",https://news.detik.com/berita/d-4845181/spbu-daan-mogot-terbakar-polisi-belum-temukan-unsur-kelalaian-petugas,"
Jumat, 03 Jan 2020 14:07 WIB "
"Banjir Cipinang Melayu Jaktim Surut, Warga Masih Bertahan di Pengungsian",https://news.detik.com/berita/d-4845177/banjir-cipinang-melayu-jaktim-surut-warga-masih-bertahan-di-pengungsian,"
Jumat, 03 Jan 2020 14:03 WIB "
"Belum Terima Bantuan Obat, Korban Banjir Pesing Garden Singgung Pemilu",https://news.detik.com/berita/d-4845176/belum-terima-bantuan-obat-korban-banjir-pesing-garden-singgung-pemilu,"
Jumat, 03 Jan 2020 14:02 WIB "
Ini Alasan Jokowi Sidak Diam-diam ke Waduk Pluit,https://news.detik.com/berita/d-4845136/ini-alasan-jokowi-sidak-diam-diam-ke-waduk-pluit,"
Jumat, 03 Jan 2020 13:45 WIB "
Anies Makan Siang Bareng Pengungsi Banjir di Rawa Buaya,https://news.detik.com/berita/d-4845130/anies-makan-siang-bareng-pengungsi-banjir-di-rawa-buaya,"
Jumat, 03 Jan 2020 13:40 WIB "
Tentang Normalisasi Sungai Era Jokowi-Ahok yang 'Disindir' Anies,https://news.detik.com/berita/d-4845120/tentang-normalisasi-sungai-era-jokowi-ahok-yang-disindir-anies,"
Jumat, 03 Jan 2020 13:34 WIB "
Warga Pesing Garden Jakbar Korban Banjir Bikin Tenda Pengungsian di Rel KA,https://news.detik.com/berita/d-4845117/warga-pesing-garden-jakbar-korban-banjir-bikin-tenda-pengungsian-di-rel-ka,"
Jumat, 03 Jan 2020 13:27 WIB "
"Diam-diam ke Waduk Pluit, Jokowi Cek Alat Penanganan Banjir",https://news.detik.com/berita/d-4845116/diam-diam-ke-waduk-pluit-jokowi-cek-alat-penanganan-banjir,"
Jumat, 03 Jan 2020 13:26 WIB "
Solusi Raja Airlangga Atasi Banjir Era Abad Ke-11,https://news.detik.com/berita/d-4845115/solusi-raja-airlangga-atasi-banjir-era-abad-ke-11,"
Jumat, 03 Jan 2020 13:25 WIB "
Wishnutama-BNPB Rapat Koordinasi Bahas Mitigasi Bencana di Daerah Wisata,https://news.detik.com/berita/d-4845113/wishnutama-bnpb-rapat-koordinasi-bahas-mitigasi-bencana-di-daerah-wisata,"
Jumat, 03 Jan 2020 13:24 WIB "
Video Jokowi Mendadak Sambangi Waduk Pluit,https://news.detik.com/berita/d-4845112/video-jokowi-mendadak-sambangi-waduk-pluit,"
Jumat, 03 Jan 2020 13:23 WIB "
"Masuk Hari Ke-3, Banjir di Pangadegan Timur Jaksel Belum Surut",https://news.detik.com/berita/d-4845103/masuk-hari-ke-3-banjir-di-pangadegan-timur-jaksel-belum-surut,"
Jumat, 03 Jan 2020 13:15 WIB "
Anies Gandeng 21 Perusahaan-Yayasan Tangani Banjir Jakarta,https://news.detik.com/berita/d-4845094/anies-gandeng-21-perusahaan-yayasan-tangani-banjir-jakarta,"
Jumat, 03 Jan 2020 13:01 WIB "
"Silang Pendapat Anies dengan Jokowi-Basuki, Komisi II: Jangan Saling Ngotot",https://news.detik.com/berita/d-4845095/silang-pendapat-anies-dengan-jokowi-basuki-komisi-ii-jangan-saling-ngotot,"
Jumat, 03 Jan 2020 13:01 WIB "
Cerita Tetangga soal Asal Genset yang Tewaskan Satu Keluarga di Pulogadung,https://news.detik.com/berita/d-4845077/cerita-tetangga-soal-asal-genset-yang-tewaskan-satu-keluarga-di-pulogadung,"
Jumat, 03 Jan 2020 12:54 WIB "
"Bersihkan Lumpur Banjir, Warga Pondok Gede Permai Pakai Air Gorong-gorong",https://news.detik.com/berita/d-4845076/bersihkan-lumpur-banjir-warga-pondok-gede-permai-pakai-air-gorong-gorong,"
Jumat, 03 Jan 2020 12:54 WIB "
"Takut Banjir Susulan, Warga Pengadegan Jaksel Bertahan di Pengungsian",https://news.detik.com/berita/d-4845066/takut-banjir-susulan-warga-pengadegan-jaksel-bertahan-di-pengungsian,"
Jumat, 03 Jan 2020 12:48 WIB "
"Banjir di Pesing Garden Jakbar, Anak-anak Berburu Ikan",https://news.detik.com/berita/d-4845064/banjir-di-pesing-garden-jakbar-anak-anak-berburu-ikan,"
Jumat, 03 Jan 2020 12:47 WIB "
Panglima TNI Sapa Pengungsi Korban Banjir di Bendungan Hilir,https://news.detik.com/berita/d-4845026/panglima-tni-sapa-pengungsi-korban-banjir-di-bendungan-hilir,"
Jumat, 03 Jan 2020 12:25 WIB "
Jalan Panjang Depan Green Garden Jakbar Masih Terendam Banjir,https://news.detik.com/berita/d-4845016/jalan-panjang-depan-green-garden-jakbar-masih-terendam-banjir,"
Jumat, 03 Jan 2020 12:15 WIB "
"Bawa Sembako, Kapolda dan Pangdam Sambangi Korban Banjir Kampung Pulo",https://news.detik.com/berita/d-4845015/bawa-sembako-kapolda-dan-pangdam-sambangi-korban-banjir-kampung-pulo,"
Jumat, 03 Jan 2020 12:11 WIB "
"Janjikan Bantuan Rp 15 Juta untuk Korban Banjir, Mensos: Prosesnya Cepat",https://news.detik.com/berita/d-4845011/janjikan-bantuan-rp-15-juta-untuk-korban-banjir-mensos-prosesnya-cepat,"
Jumat, 03 Jan 2020 12:07 WIB "
Pantauan LAPAN via Satelit Soal Hujan Ekstrem Penyebab Banjir Jabodetabek,https://news.detik.com/berita/d-4845006/pantauan-lapan-via-satelit-soal-hujan-ekstrem-penyebab-banjir-jabodetabek,"
Jumat, 03 Jan 2020 12:03 WIB "
HIPMI Kirim Bantuan untuk Korban Banjir di Jabodetabek,https://news.detik.com/berita/d-4844950/hipmi-kirim-bantuan-untuk-korban-banjir-di-jabodetabek,"
Jumat, 03 Jan 2020 12:02 WIB "
Tolong! Warga Pondok Gede Permai Bekasi Butuh Air Bersih,https://news.detik.com/berita/d-4845002/tolong-warga-pondok-gede-permai-bekasi-butuh-air-bersih,"
Jumat, 03 Jan 2020 11:58 WIB "
Genset Dipasang Sekeluarga yang Tewas di Pulo Gadung karena Listrik Padam,https://news.detik.com/berita/d-4844985/genset-dipasang-sekeluarga-yang-tewas-di-pulo-gadung-karena-listrik-padam,"
Jumat, 03 Jan 2020 11:50 WIB "
"Hari Ke-3 Banjir Jakarta, Jumlah Pengungsi Masih 12 Ribu Jiwa",https://news.detik.com/berita/d-4844983/hari-ke-3-banjir-jakarta-jumlah-pengungsi-masih-12-ribu-jiwa,"
Jumat, 03 Jan 2020 11:49 WIB "
"BNPB Update Banjir Jabodetabek: Ada 140 Titik, Tinggi Rata-Rata 20-50 cm",https://news.detik.com/berita/d-4844980/bnpb-update-banjir-jabodetabek-ada-140-titik-tinggi-rata-rata-20-50-cm,"
Jumat, 03 Jan 2020 11:47 WIB "
Andi Arief Bandingkan Perlawanan Anies ke Jokowi dengan Jokowi ke SBY,https://news.detik.com/berita/d-4844975/andi-arief-bandingkan-perlawanan-anies-ke-jokowi-dengan-jokowi-ke-sby,"
Jumat, 03 Jan 2020 11:42 WIB "
Warga Pesing Garden Jakbar Curhat Banjir 2020 Terparah dalam 30 Tahun,https://news.detik.com/berita/d-4844974/warga-pesing-garden-jakbar-curhat-banjir-2020-terparah-dalam-30-tahun,"
Jumat, 03 Jan 2020 11:42 WIB "
"DPR Serahkan Bantuan Korban Banjir, Warga Curhat Minta Diperhatikan",https://news.detik.com/berita/d-4844973/dpr-serahkan-bantuan-korban-banjir-warga-curhat-minta-diperhatikan,"
Jumat, 03 Jan 2020 11:41 WIB "
Jokowi Diam-diam ke Waduk Pluit Pagi Tadi,https://news.detik.com/berita/d-4844963/jokowi-diam-diam-ke-waduk-pluit-pagi-tadi,"
Jumat, 03 Jan 2020 11:33 WIB "
Polisi Duga Kebakaran SPBU Daan Mogot Akibat Bensin Tercecer Saat Banjir,https://news.detik.com/berita/d-4844949/polisi-duga-kebakaran-spbu-daan-mogot-akibat-bensin-tercecer-saat-banjir,"
Jumat, 03 Jan 2020 11:24 WIB "
"Bantu Korban Banjir, Pemkab Garut Kirim Petugas Dinsos ke Bogor",https://news.detik.com/berita-jawa-barat/d-4844948/bantu-korban-banjir-pemkab-garut-kirim-petugas-dinsos-ke-bogor,"
Jumat, 03 Jan 2020 11:23 WIB "
Kapolda Siapkan 16 Posko Siaga Bencana di Jawa Timur Antisipasi Banjir,https://news.detik.com/berita-jawa-timur/d-4844944/kapolda-siapkan-16-posko-siaga-bencana-di-jawa-timur-antisipasi-banjir,"
Jumat, 03 Jan 2020 11:22 WIB "
"Banjir, Antara Anies dan Kang Emil",https://news.detik.com/kolom/d-4844926/banjir-antara-anies-dan-kang-emil,"
Jumat, 03 Jan 2020 11:20 WIB "
"Demokrat: Anies Lawan Jokowi soal Sampah Penyebab Banjir, Itu Tak Boleh",https://news.detik.com/berita/d-4844929/demokrat-anies-lawan-jokowi-soal-sampah-penyebab-banjir-itu-tak-boleh,"
Jumat, 03 Jan 2020 11:15 WIB "
Korban Meninggal Akibat Banjir di Jabodetabek-Lebak Capai 43 Orang,https://news.detik.com/berita/d-4844910/korban-meninggal-akibat-banjir-di-jabodetabek-lebak-capai-43-orang,"
Jumat, 03 Jan 2020 11:00 WIB "
Kontrakan Sekeluarga Tewas karena Genset di Pulo Gadung Sempat Dikepung Banjir,https://news.detik.com/berita/d-4844909/kontrakan-sekeluarga-tewas-karena-genset-di-pulo-gadung-sempat-dikepung-banjir,"
Jumat, 03 Jan 2020 10:59 WIB "
"Banjir Cipinang Melayu Surut, PPSU Bersihkan Sisa Lumpur dan Puing",https://news.detik.com/berita/d-4844904/banjir-cipinang-melayu-surut-ppsu-bersihkan-sisa-lumpur-dan-puing,"
Jumat, 03 Jan 2020 10:55 WIB "
Anies Bicara Wewenang Pusat soal Banjir: Kami di DKI Fokus Keselamatan Warga,https://news.detik.com/berita/d-4844897/anies-bicara-wewenang-pusat-soal-banjir-kami-di-dki-fokus-keselamatan-warga,"
Jumat, 03 Jan 2020 10:50 WIB "
Panglima TNI: Gardu Induk PLN Kembangan Beroperasi Normal Usai Salat Jumat,https://news.detik.com/berita/d-4844880/panglima-tni-gardu-induk-pln-kembangan-beroperasi-normal-usai-salat-jumat,"
Jumat, 03 Jan 2020 10:38 WIB "
Cerita Jayadi soal Keluarga yang Tewas Akibat Hirup Asap Genset di Pulogadung,https://news.detik.com/berita/d-4844875/cerita-jayadi-soal-keluarga-yang-tewas-akibat-hirup-asap-genset-di-pulogadung,"
Jumat, 03 Jan 2020 10:28 WIB "
"Banjir di Ciledug Indah Surut, Warga Mulai Bersih-bersih Rumah",https://news.detik.com/berita/d-4844874/banjir-di-ciledug-indah-surut-warga-mulai-bersih-bersih-rumah,"
Jumat, 03 Jan 2020 10:26 WIB "
Ketua MPR Minta Pusat-Daerah Tak Saling Salahkan soal Banjir Jabodetabek,https://news.detik.com/berita/d-4844853/ketua-mpr-minta-pusat-daerah-tak-saling-salahkan-soal-banjir-jabodetabek,"
Jumat, 03 Jan 2020 10:21 WIB "
Sorotan Anies Baswedan ke Wilayah Normalisasi Sungai yang Tetap Banjir,https://news.detik.com/berita/d-4844850/sorotan-anies-baswedan-ke-wilayah-normalisasi-sungai-yang-tetap-banjir,"
Jumat, 03 Jan 2020 10:17 WIB "
"Tinjau Banjir di Kembangan, Kapolri-Panglima Cek Gardu PLN yang Tergenang",https://news.detik.com/berita/d-4844848/tinjau-banjir-di-kembangan-kapolri-panglima-cek-gardu-pln-yang-tergenang,"
Jumat, 03 Jan 2020 10:16 WIB "
Dukcapil Siap Ganti e-KTP-KK Warga yang Hilang karena Banjir Jabodetabek,https://news.detik.com/berita/d-4844846/dukcapil-siap-ganti-e-ktp-kk-warga-yang-hilang-karena-banjir-jabodetabek,"
Jumat, 03 Jan 2020 10:16 WIB "
Bamsoet: Banjir di Awal 2020 Tamparan Keras Agar Kita Kerja Keras,https://news.detik.com/berita/d-4844834/bamsoet-banjir-di-awal-2020-tamparan-keras-agar-kita-kerja-keras,"
Jumat, 03 Jan 2020 10:12 WIB "
"Jalan Daan Mogot Jakbar Masih Terendam Banjir, Lalin Semrawut",https://news.detik.com/berita/d-4844833/jalan-daan-mogot-jakbar-masih-terendam-banjir-lalin-semrawut,"
Jumat, 03 Jan 2020 10:10 WIB "
"Polisi: 6 Korban Banjir Bandang Lebak Masih Tertimbun Longsor, 2 Hilang",https://news.detik.com/berita/d-4844828/polisi-6-korban-banjir-bandang-lebak-masih-tertimbun-longsor-2-hilang,"
Jumat, 03 Jan 2020 10:05 WIB "
Pertamina Salurkan 146 Tabung LPG untuk Dapur Umum di Jakarta,https://news.detik.com/berita/d-4844827/pertamina-salurkan-146-tabung-lpg-untuk-dapur-umum-di-jakarta,"
Jumat, 03 Jan 2020 10:02 WIB "
"Banjir Mulai Surut, Lumpur-Sampah Penuhi Permukiman di Kampung Pulo Jaktim",https://news.detik.com/berita/d-4844825/banjir-mulai-surut-lumpur-sampah-penuhi-permukiman-di-kampung-pulo-jaktim,"
Jumat, 03 Jan 2020 10:02 WIB "
Ahok Imbau Warga di Daerah Aliran Sungai Waspada Banjir,https://news.detik.com/berita/d-4844783/ahok-imbau-warga-di-daerah-aliran-sungai-waspada-banjir,"
Jumat, 03 Jan 2020 09:30 WIB "
Ahok: Turut Berduka Cita Atas Korban Jiwa Banjir Jakarta,https://news.detik.com/berita/d-4844773/ahok-turut-berduka-cita-atas-korban-jiwa-banjir-jakarta,"
Jumat, 03 Jan 2020 09:13 WIB "
"Cerita Keluarga Rambe 24 Jam Terjebak Banjir, Bertahan Hidup Minum Air Hujan",https://news.detik.com/berita/d-4844768/cerita-keluarga-rambe-24-jam-terjebak-banjir-bertahan-hidup-minum-air-hujan,"
Jumat, 03 Jan 2020 09:05 WIB "
"Tak Hanya dengan Basuki, Anies Juga Silang Pendapat dengan Jokowi",https://news.detik.com/berita/d-4844728/tak-hanya-dengan-basuki-anies-juga-silang-pendapat-dengan-jokowi,"
Jumat, 03 Jan 2020 08:47 WIB "
"Banjir di Kawasan Pasar Baru Jakpus Surut, Warga Beraktivitas Normal",https://news.detik.com/berita/d-4844722/banjir-di-kawasan-pasar-baru-jakpus-surut-warga-beraktivitas-normal,"
Jumat, 03 Jan 2020 08:32 WIB "
Begini Amukan 3 Sungai Cileungsi-Cikeas-Bekasi Sapu PGP-Kemang Pratama,https://news.detik.com/berita/d-4844702/begini-amukan-3-sungai-cileungsi-cikeas-bekasi-sapu-pgp-kemang-pratama,"
Jumat, 03 Jan 2020 08:05 WIB "
"Anies vs Basuki Silang Pendapat, Jokowi Minta Semua Merapat",https://news.detik.com/berita/d-4844692/anies-vs-basuki-silang-pendapat-jokowi-minta-semua-merapat,"
Jumat, 03 Jan 2020 07:33 WIB "
Ganjil Genap Kembali Diberlakukan di Jakarta Hari Ini,https://news.detik.com/berita/d-4844658/ganjil-genap-kembali-diberlakukan-di-jakarta-hari-ini,"
Jumat, 03 Jan 2020 06:09 WIB "
Banjir Masih Genangi Daan Mogot-Kebon Jeruk Jakbar,https://news.detik.com/berita/d-4844651/banjir-masih-genangi-daan-mogot-kebon-jeruk-jakbar,"
Jumat, 03 Jan 2020 05:20 WIB "
Wakil PM Malaysia Turut Berduka Atas Banjir yang Melanda Indonesia,https://news.detik.com/internasional/d-4844626/wakil-pm-malaysia-turut-berduka-atas-banjir-yang-melanda-indonesia,"
Jumat, 03 Jan 2020 01:26 WIB "
PKB Desak Pemprov DKI Tetapkan Status Darurat Bencana Banjir,https://news.detik.com/berita/d-4844624/pkb-desak-pemprov-dki-tetapkan-status-darurat-bencana-banjir,"
Jumat, 03 Jan 2020 01:10 WIB "
Damkar: Korban Tewas Kebakaran Kampung Pulo Suami-Istri Usai Bersih-bersih,https://news.detik.com/berita/d-4844621/damkar-korban-tewas-kebakaran-kampung-pulo-suami-istri-usai-bersih-bersih,"
Jumat, 03 Jan 2020 00:49 WIB "
MUI Imbau Warga Tak Saling Hujat dan Menyalahkan soal Banjir,https://news.detik.com/berita/d-4844619/mui-imbau-warga-tak-saling-hujat-dan-menyalahkan-soal-banjir,"
Jumat, 03 Jan 2020 00:37 WIB "
Sido Muncul Beri Bantuan Korban Banjir Jakarta Senilai Rp 650 Juta,https://news.detik.com/adv-nhl-detikcom/d-4844606/sido-muncul-beri-bantuan-korban-banjir-jakarta-senilai-rp-650-juta,"
Jumat, 03 Jan 2020 00:00 WIB "
Guntur Romli Ungkap Alasan Unggah Foto Lama Anies-Bima Selfie di Katulampa,https://news.detik.com/berita/d-4844601/guntur-romli-ungkap-alasan-unggah-foto-lama-anies-bima-selfie-di-katulampa,"
Kamis, 02 Jan 2020 23:20 WIB "
BNPB Terima Laporan soal Banjir di Tol Cipali: Ada Penggundulan Hutan,https://news.detik.com/berita/d-4844599/bnpb-terima-laporan-soal-banjir-di-tol-cipali-ada-penggundulan-hutan,"
Kamis, 02 Jan 2020 23:09 WIB "
Polisi Evakuasi Bayi Usia 14 Hari yang Terjebak Banjir Setinggi 3 Meter,https://news.detik.com/berita/d-4844594/polisi-evakuasi-bayi-usia-14-hari-yang-terjebak-banjir-setinggi-3-meter,"
Kamis, 02 Jan 2020 22:44 WIB "
"Foto Lama dengan Anies di Katulampa Dijadikan Hoax, Bima Arya: Menyedihkan",https://news.detik.com/berita/d-4844572/foto-lama-dengan-anies-di-katulampa-dijadikan-hoax-bima-arya-menyedihkan,"
Kamis, 02 Jan 2020 22:16 WIB "
Saran SBY ke Warga yang Kena Banjir,https://news.detik.com/berita/d-4844570/saran-sby-ke-warga-yang-kena-banjir,"
Kamis, 02 Jan 2020 22:04 WIB "
BNPB Update Korban Jiwa Akibat Banjir di Jabodetabek: 30 Orang Meninggal,https://news.detik.com/berita/d-4844557/bnpb-update-korban-jiwa-akibat-banjir-di-jabodetabek-30-orang-meninggal,"
Kamis, 02 Jan 2020 21:58 WIB "
Ma'ruf Amin Minta Warga Gotong Royong Bantu Korban Banjir di Jabodetabek,https://news.detik.com/berita/d-4844541/maruf-amin-minta-warga-gotong-royong-bantu-korban-banjir-di-jabodetabek,"
Kamis, 02 Jan 2020 21:39 WIB "
Mengingat Kembali Momen Sibuk Jokowi Hadapi Terjangan Air Bah,https://news.detik.com/berita/d-4844514/mengingat-kembali-momen-sibuk-jokowi-hadapi-terjangan-air-bah,"
Kamis, 02 Jan 2020 21:07 WIB "
"Sempat Ditutup, Jalan Jatinegara Barat Jaktim Sudah Bisa Dilalui Kendaraan",https://news.detik.com/berita/d-4844502/sempat-ditutup-jalan-jatinegara-barat-jaktim-sudah-bisa-dilalui-kendaraan,"
Kamis, 02 Jan 2020 20:55 WIB "
"Kunjungi Lokasi Banjir, Mensos: Bantuan Total Rp 4,2 M",https://news.detik.com/berita/d-4844485/kunjungi-lokasi-banjir-mensos-bantuan-total-rp-4-2-m,"
Kamis, 02 Jan 2020 20:43 WIB "
Cerita Rian Pasrah Mobilnya Jumpalitan karena Banjir,https://news.detik.com/berita/d-4844471/cerita-rian-pasrah-mobilnya-jumpalitan-karena-banjir,"
Kamis, 02 Jan 2020 20:31 WIB "
"Datangi Pengungsi di Jaktim, Istri Kapolri-Panglima TNI Beri Bantuan",https://news.detik.com/berita/d-4844464/datangi-pengungsi-di-jaktim-istri-kapolri-panglima-tni-beri-bantuan,"
Kamis, 02 Jan 2020 20:26 WIB "
"Underpass Padalarang Banjir, KCIC Siap Bantu Pemda Sedot Air",https://news.detik.com/berita-jawa-barat/d-4844463/underpass-padalarang-banjir-kcic-siap-bantu-pemda-sedot-air,"
Kamis, 02 Jan 2020 20:23 WIB "
"Geger Penangkapan Ular Saat Kebanjiran, Ternyata Aksi Memandikan",https://news.detik.com/berita/d-4844444/geger-penangkapan-ular-saat-kebanjiran-ternyata-aksi-memandikan,"
Kamis, 02 Jan 2020 20:05 WIB "
Anies Siap Debat soal Penyebab Banjir Setelah Air Surut,https://news.detik.com/berita/d-4844406/anies-siap-debat-soal-penyebab-banjir-setelah-air-surut,"
Kamis, 02 Jan 2020 19:40 WIB "
"Akses Tertutup, Korban Longsor di Sukajaya Bogor Belum Dapat Bantuan",https://news.detik.com/berita/d-4844403/akses-tertutup-korban-longsor-di-sukajaya-bogor-belum-dapat-bantuan,"
Kamis, 02 Jan 2020 19:34 WIB "
Ini Peta Prediksi Perubahan Iklim di Jakarta yang Bisa Jadi Banjir,https://news.detik.com/berita/d-4844375/ini-peta-prediksi-perubahan-iklim-di-jakarta-yang-bisa-jadi-banjir,"
Kamis, 02 Jan 2020 19:06 WIB "
Mensos: 21 Warga Meninggal Akibat Banjir Jabodetabek,https://news.detik.com/berita/d-4844359/mensos-21-warga-meninggal-akibat-banjir-jabodetabek,"
Kamis, 02 Jan 2020 19:02 WIB "
"Jamin Keamanan Rumah Warga Terdampak Banjir, Kapolda Metro: TNI-Polri Siaga",https://news.detik.com/berita/d-4844347/jamin-keamanan-rumah-warga-terdampak-banjir-kapolda-metro-tni-polri-siaga,"
Kamis, 02 Jan 2020 18:59 WIB "
"PMI Bantu Siapkan Makanan Korban Banjir, JK Imbau Tetap Siaga-Semangat",https://news.detik.com/berita/d-4844344/pmi-bantu-siapkan-makanan-korban-banjir-jk-imbau-tetap-siaga-semangat,"
Kamis, 02 Jan 2020 18:56 WIB "
Kapolda Metro Akan Tambah Bantuan Tenda ke Korban Banjir di Daan Mogot,https://news.detik.com/berita/d-4844319/kapolda-metro-akan-tambah-bantuan-tenda-ke-korban-banjir-di-daan-mogot,"
Kamis, 02 Jan 2020 18:40 WIB "
"Banjir Surut, Damkar Jaktim Mulai Bersihkan Jalan Jatinegara Barat dari Lumpur",https://news.detik.com/berita/d-4844305/banjir-surut-damkar-jaktim-mulai-bersihkan-jalan-jatinegara-barat-dari-lumpur,"
Kamis, 02 Jan 2020 18:30 WIB "
"Tak Ada Korban, Penyebab Kebakaran SPBU Shell Daan Mogot Diselidiki",https://news.detik.com/berita/d-4844300/tak-ada-korban-penyebab-kebakaran-spbu-shell-daan-mogot-diselidiki,"
Kamis, 02 Jan 2020 18:28 WIB "
"Jokowi Sebut Banjir karena Warga Buang Sampah, Anies: Apa Ada di Bandara?",https://news.detik.com/berita/d-4844301/jokowi-sebut-banjir-karena-warga-buang-sampah-anies-apa-ada-di-bandara,"
Kamis, 02 Jan 2020 18:28 WIB "
Warga Vila Nusa Indah Korban Banjir Butuh Lilin dan Alat Pembersih Rumah,https://news.detik.com/berita/d-4844298/warga-vila-nusa-indah-korban-banjir-butuh-lilin-dan-alat-pembersih-rumah,"
Kamis, 02 Jan 2020 18:25 WIB "
BNPB Minta Warga Tak Ragu Mengungsi Saat Banjir: Harta Dijaga TNI-Polri,https://news.detik.com/berita/d-4844283/bnpb-minta-warga-tak-ragu-mengungsi-saat-banjir-harta-dijaga-tni-polri,"
Kamis, 02 Jan 2020 18:19 WIB "
"Cek Pintu Manggarai, Anies: Air dari Hulu Sudah Berkurang",https://news.detik.com/berita/d-4844249/cek-pintu-manggarai-anies-air-dari-hulu-sudah-berkurang,"
Kamis, 02 Jan 2020 17:57 WIB "
Pemprov DKI Siapkan Disinfektan-Karbol untuk Bersihkan Rumah Usai Banjir,https://news.detik.com/berita/d-4844247/pemprov-dki-siapkan-disinfektan-karbol-untuk-bersihkan-rumah-usai-banjir,"
Kamis, 02 Jan 2020 17:56 WIB "
"Cek Pintu Air Manggarai, Kepala BNPB: Pastikan Semua Petugas Siaga",https://news.detik.com/berita/d-4844243/cek-pintu-air-manggarai-kepala-bnpb-pastikan-semua-petugas-siaga,"
Kamis, 02 Jan 2020 17:53 WIB "
Pemprov Kerahkan 600 Unit Pompa Sedot Banjir di Sejumlah Wilayah DKI,https://news.detik.com/berita/d-4844229/pemprov-kerahkan-600-unit-pompa-sedot-banjir-di-sejumlah-wilayah-dki,"
Kamis, 02 Jan 2020 17:47 WIB "
Anies: Ada 5.000-an Warga Belum Kembali ke Rumah Akibat Banjir,https://news.detik.com/berita/d-4844200/anies-ada-5-000-an-warga-belum-kembali-ke-rumah-akibat-banjir,"
Kamis, 02 Jan 2020 17:30 WIB "
Pertamina Sumbang Sembako sampai Tabung Gas ke Korban Banjir,https://news.detik.com/berita/d-4844199/pertamina-sumbang-sembako-sampai-tabung-gas-ke-korban-banjir,"
Kamis, 02 Jan 2020 17:29 WIB "
Polri Kerahkan 25 Ribu Personel Bantu Evakuasi Warga yang Terjebak Banjir,https://news.detik.com/berita/d-4844191/polri-kerahkan-25-ribu-personel-bantu-evakuasi-warga-yang-terjebak-banjir,"
Kamis, 02 Jan 2020 17:28 WIB "
Menko PMK Sebut Banjir Jakarta Siklus 25 Tahunan,https://news.detik.com/berita/d-4844178/menko-pmk-sebut-banjir-jakarta-siklus-25-tahunan,"
Kamis, 02 Jan 2020 17:16 WIB "
Jenazah Korban Banjir Ditemukan Hanyut di Kali Kemanggisan Jakbar,https://news.detik.com/berita/d-4844155/jenazah-korban-banjir-ditemukan-hanyut-di-kali-kemanggisan-jakbar,"
Kamis, 02 Jan 2020 17:06 WIB "
Warga Daan Mogot Kena Banjir ke Kapolda: Kita Kurang Tenda Pak!,https://news.detik.com/berita/d-4844154/warga-daan-mogot-kena-banjir-ke-kapolda-kita-kurang-tenda-pak,"
Kamis, 02 Jan 2020 17:05 WIB "
"Masih Banjir, Jalan Daan Mogot Jakbar Tersendat",https://news.detik.com/berita/d-4844153/masih-banjir-jalan-daan-mogot-jakbar-tersendat,"
Kamis, 02 Jan 2020 17:02 WIB "
Memori Banjir Bandang 2007 yang Bikin Aktivitas Jakarta Ambyar,https://news.detik.com/berita/d-4844138/memori-banjir-bandang-2007-yang-bikin-aktivitas-jakarta-ambyar,"
Kamis, 02 Jan 2020 16:59 WIB "
Warga Kemang Pratama Usai Banjir 2 Meter: Seperti Habis Kena Tsunami,https://news.detik.com/berita/d-4844134/warga-kemang-pratama-usai-banjir-2-meter-seperti-habis-kena-tsunami,"
Kamis, 02 Jan 2020 16:55 WIB "
"Cek Banjir di Ciledug Indah, Kapolda Imbau Masyarakat Waspadai Curah Hujan",https://news.detik.com/berita/d-4844094/cek-banjir-di-ciledug-indah-kapolda-imbau-masyarakat-waspadai-curah-hujan,"
Kamis, 02 Jan 2020 16:33 WIB "
Banjir Setinggi Betis di Pasar Baru Jakpus Mulai Surut,https://news.detik.com/berita/d-4844062/banjir-setinggi-betis-di-pasar-baru-jakpus-mulai-surut,"
Kamis, 02 Jan 2020 16:24 WIB "
"Dirikan Posko di Tanjung Priok, Kemenhub Siapkan 5 Ton Sembako",https://news.detik.com/berita/d-4844051/dirikan-posko-di-tanjung-priok-kemenhub-siapkan-5-ton-sembako,"
Kamis, 02 Jan 2020 16:18 WIB "
Wagub Emil Sebut Evakuasi Korban Banjir Bisa Pakai Jeriken,https://news.detik.com/berita-jawa-timur/d-4844024/wagub-emil-sebut-evakuasi-korban-banjir-bisa-pakai-jeriken,"
Kamis, 02 Jan 2020 16:08 WIB "
Narasi Silang Pendapat dalam Mengatasi Banjir Jakarta,https://news.detik.com/kolom/d-4843993/narasi-silang-pendapat-dalam-mengatasi-banjir-jakarta,"
Kamis, 02 Jan 2020 15:58 WIB "
Satpol PP Evakuasi Korban Banjir yang Mau Cuci Darah dan Stroke di Kalideres,https://news.detik.com/berita/d-4844002/satpol-pp-evakuasi-korban-banjir-yang-mau-cuci-darah-dan-stroke-di-kalideres,"
Kamis, 02 Jan 2020 15:58 WIB "
"Cek Banjir di Ciledug Indah, Kapolda Kunjungi Posko Pengungsi",https://news.detik.com/berita/d-4843998/cek-banjir-di-ciledug-indah-kapolda-kunjungi-posko-pengungsi,"
Kamis, 02 Jan 2020 15:57 WIB "
TransJakarta Masih Setop Operasi Sejumlah Rute Gegara Banjir Jakarta,https://news.detik.com/berita/d-4843982/transjakarta-masih-setop-operasi-sejumlah-rute-gegara-banjir-jakarta,"
Kamis, 02 Jan 2020 15:43 WIB "
"Bupati: Jakarta Banjir, Jangan Salahkan Bogor",https://news.detik.com/berita/d-4843976/bupati-jakarta-banjir-jangan-salahkan-bogor,"
Kamis, 02 Jan 2020 15:36 WIB "
"Cerita Warga Cigudeg Bogor, Terobos Arus Sungai demi Selamatkan Motor",https://news.detik.com/berita/d-4843968/cerita-warga-cigudeg-bogor-terobos-arus-sungai-demi-selamatkan-motor,"
Kamis, 02 Jan 2020 15:28 WIB "
"Tinjau Banjir di IKPN Jaksel, Kapolda Metro: Masih Ada Warga di Lantai 2",https://news.detik.com/berita/d-4843960/tinjau-banjir-di-ikpn-jaksel-kapolda-metro-masih-ada-warga-di-lantai-2,"
Kamis, 02 Jan 2020 15:23 WIB "
"Jakarta Diterjang Banjir, Wagub Emil Minta Warga Jawa Timur Tidak Panik",https://news.detik.com/berita-jawa-timur/d-4843967/jakarta-diterjang-banjir-wagub-emil-minta-warga-jawa-timur-tidak-panik,"
Kamis, 02 Jan 2020 15:17 WIB "
BMKG: Curah Hujan Ekstrem di Jakarta Akibat Perubahan Iklim,https://news.detik.com/berita/d-4843930/bmkg-curah-hujan-ekstrem-di-jakarta-akibat-perubahan-iklim,"
Kamis, 02 Jan 2020 15:01 WIB "
"Heboh Ular Muncul saat Banjir di Pejaten, Pemilik: Mau Dimandiin",https://news.detik.com/berita/d-4843904/heboh-ular-muncul-saat-banjir-di-pejaten-pemilik-mau-dimandiin,"
Kamis, 02 Jan 2020 14:59 WIB "
Jasad Korban Banjir Bandang Lebak Kembali Ditemukan di Pinggir Sungai,https://news.detik.com/berita/d-4843890/jasad-korban-banjir-bandang-lebak-kembali-ditemukan-di-pinggir-sungai,"
Kamis, 02 Jan 2020 14:53 WIB "
Komisi I DPR Minta TNI Siaga dan Aktif Cegah Korban Banjir Bertambah,https://news.detik.com/berita/d-4843884/komisi-i-dpr-minta-tni-siaga-dan-aktif-cegah-korban-banjir-bertambah,"
Kamis, 02 Jan 2020 14:50 WIB "
Cerita Hakim PN Jakpus Ngantor Bersandal Jepit karena Kebanjiran,https://news.detik.com/berita/d-4843841/cerita-hakim-pn-jakpus-ngantor-bersandal-jepit-karena-kebanjiran,"
Kamis, 02 Jan 2020 14:23 WIB "
Gubernur Ganjar Siap Kirim Bantuan untuk Tangani Banjir di Jakarta,https://news.detik.com/berita-jawa-tengah/d-4843818/gubernur-ganjar-siap-kirim-bantuan-untuk-tangani-banjir-di-jakarta,"
Kamis, 02 Jan 2020 14:14 WIB "
"Banjir Zaman Penjajahan: Batavia di Bawah Air, Kolera Maut Menyebar",https://news.detik.com/berita/d-4843816/banjir-zaman-penjajahan-batavia-di-bawah-air-kolera-maut-menyebar,"
Kamis, 02 Jan 2020 14:13 WIB "
"Belum Mau Bicara Pencegahan Banjir, Anies Baswedan Fokus Evakuasi",https://news.detik.com/berita/d-4843817/belum-mau-bicara-pencegahan-banjir-anies-baswedan-fokus-evakuasi,"
Kamis, 02 Jan 2020 14:12 WIB "
"Tangerang-Lebak Banjir, Gubernur Banten Siapkan Status Kejadian Luar Biasa",https://news.detik.com/berita/d-4843811/tangerang-lebak-banjir-gubernur-banten-siapkan-status-kejadian-luar-biasa,"
Kamis, 02 Jan 2020 14:10 WIB "
"Naik Perahu Karet, Kapolda Metro Tinjau Banjir di Kompleks IKPN Jaksel",https://news.detik.com/berita/d-4843807/naik-perahu-karet-kapolda-metro-tinjau-banjir-di-kompleks-ikpn-jaksel,"
Kamis, 02 Jan 2020 14:08 WIB "
Warga Tahan Tangis Ceritakan Banjir di Vila Nusa Indah Bogor ke Ridwan Kamil,https://news.detik.com/berita/d-4843805/warga-tahan-tangis-ceritakan-banjir-di-vila-nusa-indah-bogor-ke-ridwan-kamil,"
Kamis, 02 Jan 2020 14:07 WIB "
Banjir: Kontraproduktif Pemerintah atau Kelalaian Warga?,https://news.detik.com/kolom/d-4843781/banjir-kontraproduktif-pemerintah-atau-kelalaian-warga,"
Kamis, 02 Jan 2020 14:05 WIB "
Menkes Soroti Sanitasi Pengungsian Korban Banjir Cipinang Melayu,https://news.detik.com/berita/d-4843803/menkes-soroti-sanitasi-pengungsian-korban-banjir-cipinang-melayu,"
Kamis, 02 Jan 2020 14:02 WIB "
Kepala BNPB Minta Walkot Tegas ke Warga Agar Mau Dievakuasi Saat Banjir,https://news.detik.com/berita/d-4843800/kepala-bnpb-minta-walkot-tegas-ke-warga-agar-mau-dievakuasi-saat-banjir,"
Kamis, 02 Jan 2020 14:01 WIB "
Kisah Sri yang Hamil Tua dan Hendak Melahirkan Tapi Terjebak Banjir,https://news.detik.com/berita/d-4843785/kisah-sri-yang-hamil-tua-dan-hendak-melahirkan-tapi-terjebak-banjir,"
Kamis, 02 Jan 2020 13:53 WIB "
Cerita Pengendara Terjebak Macet 8 Jam Akibat Tol Cikampek Banjir,https://news.detik.com/berita/d-4843759/cerita-pengendara-terjebak-macet-8-jam-akibat-tol-cikampek-banjir,"
Kamis, 02 Jan 2020 13:48 WIB "
"Sungai Cidurian Meluap, 3.000 Warga di Cigudeg Bogor Masih Terisolir",https://news.detik.com/berita/d-4843750/sungai-cidurian-meluap-3-000-warga-di-cigudeg-bogor-masih-terisolir,"
Kamis, 02 Jan 2020 13:38 WIB "
"Cek Pengungsi Korban Banjir Cipinang Melayu, Mensos Beri Santunan",https://news.detik.com/berita/d-4843702/cek-pengungsi-korban-banjir-cipinang-melayu-mensos-beri-santunan,"
Kamis, 02 Jan 2020 13:20 WIB "
Kata Ridwan Kamil soal Koordinasi Penanganan Banjir dengan DKI Jakarta,https://news.detik.com/berita/d-4843677/kata-ridwan-kamil-soal-koordinasi-penanganan-banjir-dengan-dki-jakarta,"
Kamis, 02 Jan 2020 13:10 WIB "
"Tinjau Lokasi Banjir Duri Kosambi, Anies Diteriaki 'Butuh Makan'",https://news.detik.com/berita/d-4843675/tinjau-lokasi-banjir-duri-kosambi-anies-diteriaki-butuh-makan,"
Kamis, 02 Jan 2020 13:09 WIB "
Pilu Warga Nusa Indah Bogor Belasan Jam Kedinginan Bertahan Diterjang Banjir,https://news.detik.com/berita/d-4843671/pilu-warga-nusa-indah-bogor-belasan-jam-kedinginan-bertahan-diterjang-banjir,"
Kamis, 02 Jan 2020 13:06 WIB "
"Sejak Ada Pengerukan, Genangan Banjir di Kabupaten Bandung Cepat Surut",https://news.detik.com/berita-jawa-barat/d-4843667/sejak-ada-pengerukan-genangan-banjir-di-kabupaten-bandung-cepat-surut,"
Kamis, 02 Jan 2020 13:02 WIB "
Damkar Evakuasi Anak-Lansia Korban Banjir di Kebon Jeruk Jakbar,https://news.detik.com/berita/d-4843662/damkar-evakuasi-anak-lansia-korban-banjir-di-kebon-jeruk-jakbar,"
Kamis, 02 Jan 2020 12:54 WIB "
"Tahun Baru Banjir Melanda, Ini Doa Agar Musibah Berbuah Pahala",https://news.detik.com/berita/d-4843660/tahun-baru-banjir-melanda-ini-doa-agar-musibah-berbuah-pahala,"
Kamis, 02 Jan 2020 12:53 WIB "
Warga Kemang IFI Graha Bekasi: Banjir Tahun Ini Paling Parah,https://news.detik.com/berita/d-4843644/warga-kemang-ifi-graha-bekasi-banjir-tahun-ini-paling-parah,"
Kamis, 02 Jan 2020 12:51 WIB "
BPPT Siapkan 2 Pesawat untuk Modifikasi Awan Hujan,https://news.detik.com/berita/d-4843638/bppt-siapkan-2-pesawat-untuk-modifikasi-awan-hujan,"
Kamis, 02 Jan 2020 12:42 WIB "
'Jakarta Floods': Banjir Jakarta Sedot Perhatian Media Internasional,https://news.detik.com/internasional/d-4843612/jakarta-floods-banjir-jakarta-sedot-perhatian-media-internasional,"
Kamis, 02 Jan 2020 12:29 WIB "
"Cek Lokasi Banjir Kampung Pulo Jaktim, Mensos Janji Tambah Tenda Pengungsi",https://news.detik.com/berita/d-4843610/cek-lokasi-banjir-kampung-pulo-jaktim-mensos-janji-tambah-tenda-pengungsi,"
Kamis, 02 Jan 2020 12:27 WIB "
Penampakan Mobil Saling Tumpuk Akibat Diterjang Banjir di Jatiasih Bekasi,https://news.detik.com/berita/d-4843608/penampakan-mobil-saling-tumpuk-akibat-diterjang-banjir-di-jatiasih-bekasi,"
Kamis, 02 Jan 2020 12:27 WIB "
Komisi VIII DPR Desak BNPB-Pemda Tangani Warga Terdampak Banjir Jabodetabek,https://news.detik.com/berita/d-4843595/komisi-viii-dpr-desak-bnpb-pemda-tangani-warga-terdampak-banjir-jabodetabek,"
Kamis, 02 Jan 2020 12:16 WIB "
"Banjir Mulai Surut di Rawajati Jaksel, Warga Bersihkan Lumpur di Rumah",https://news.detik.com/berita/d-4843594/banjir-mulai-surut-di-rawajati-jaksel-warga-bersihkan-lumpur-di-rumah,"
Kamis, 02 Jan 2020 12:15 WIB "
"Siang Ini, PN Jakpus Tetap Gelar Sidang Meski Akses Jalan Kebanjiran",https://news.detik.com/berita/d-4843575/siang-ini-pn-jakpus-tetap-gelar-sidang-meski-akses-jalan-kebanjiran,"
Kamis, 02 Jan 2020 12:07 WIB "
"Cerita Korban Banjir Bekasi: Bertahan di Pagar 12 Jam, Makan Kerupuk Hanyut",https://news.detik.com/berita/d-4843573/cerita-korban-banjir-bekasi-bertahan-di-pagar-12-jam-makan-kerupuk-hanyut,"
Kamis, 02 Jan 2020 12:04 WIB "
"Data BMKG: Curah Hujan 2020, Tertinggi Sejak 154 Tahun Lalu",https://news.detik.com/berita/d-4843572/data-bmkg-curah-hujan-2020-tertinggi-sejak-154-tahun-lalu,"
Kamis, 02 Jan 2020 12:03 WIB "
Korban Banjir di Cipinang Melayu Jaktim Kekurangan Pakaian Layak,https://news.detik.com/berita/d-4843557/korban-banjir-di-cipinang-melayu-jaktim-kekurangan-pakaian-layak,"
Kamis, 02 Jan 2020 11:59 WIB "
"Akses Jalan Terputus karena Banjir, PN Jakpus Tunda Seluruh Sidang",https://news.detik.com/berita/d-4843544/akses-jalan-terputus-karena-banjir-pn-jakpus-tunda-seluruh-sidang,"
Kamis, 02 Jan 2020 11:47 WIB "
"Diterjang Banjir, Warga Perumahan Pulo Indah Tangerang Butuh Dievakuasi",https://news.detik.com/berita/d-4843534/diterjang-banjir-warga-perumahan-pulo-indah-tangerang-butuh-dievakuasi,"
Kamis, 02 Jan 2020 11:46 WIB "
BMKG Prediksi Hujan Ekstrim 5-10 Januari di Jabodetabek dan Wilayah Ini,https://news.detik.com/berita/d-4843527/bmkg-prediksi-hujan-ekstrim-5-10-januari-di-jabodetabek-dan-wilayah-ini,"
Kamis, 02 Jan 2020 11:43 WIB "
Tahanan KPK Sempat akan Dievakuasi dari Rutan karena Banjir,https://news.detik.com/berita/d-4843524/tahanan-kpk-sempat-akan-dievakuasi-dari-rutan-karena-banjir,"
Kamis, 02 Jan 2020 11:40 WIB "
"Hujan Deras Jabodetabek Baru Selesai Pekan Depan, Warga Perlu Waspada",https://news.detik.com/berita/d-4843523/hujan-deras-jabodetabek-baru-selesai-pekan-depan-warga-perlu-waspada,"
Kamis, 02 Jan 2020 11:40 WIB "
Kemenhub Turunkan Tim Reaksi Cepat Bantu Korban Banjir Jabodetabek,https://news.detik.com/berita/d-4843486/kemenhub-turunkan-tim-reaksi-cepat-bantu-korban-banjir-jabodetabek,"
Kamis, 02 Jan 2020 11:26 WIB "
"Bersihkan Lumpur Sisa Banjir, Warga Jaksel Temukan Lele Jumbo di Kamar",https://news.detik.com/berita/d-4843485/bersihkan-lumpur-sisa-banjir-warga-jaksel-temukan-lele-jumbo-di-kamar,"
Kamis, 02 Jan 2020 11:25 WIB "
"Jalan Gunung Sahari-Bungur Raya Tergenang Banjir, 3 Lansia Dievakuasi",https://news.detik.com/berita/d-4843483/jalan-gunung-sahari-bungur-raya-tergenang-banjir-3-lansia-dievakuasi,"
Kamis, 02 Jan 2020 11:21 WIB "
"Cerita Bumil di Cipinang Melayu, 2 Kali Alami Banjir Saat Hamil Tua",https://news.detik.com/berita/d-4843479/cerita-bumil-di-cipinang-melayu-2-kali-alami-banjir-saat-hamil-tua,"
Kamis, 02 Jan 2020 11:17 WIB "
Video Horor Macet di Daan Mogot dan Rawa Buaya Jakbar Akibat Banjir,https://news.detik.com/berita/d-4843478/video-horor-macet-di-daan-mogot-dan-rawa-buaya-jakbar-akibat-banjir,"
Kamis, 02 Jan 2020 11:17 WIB "
"Banjir di Puri Jakbar, Kendaraan Tidak Dapat Melintas",https://news.detik.com/berita/d-4843474/banjir-di-puri-jakbar-kendaraan-tidak-dapat-melintas,"
Kamis, 02 Jan 2020 11:16 WIB "
Bupati Bogor Tinjau Banjir Vila Nusa Indah,https://news.detik.com/berita/d-4843467/bupati-bogor-tinjau-banjir-vila-nusa-indah,"
Kamis, 02 Jan 2020 11:11 WIB "
Gratis! Akte hingga Ijazah Rusak Akibat Banjir Bisa Diperbaiki di ANRI,https://news.detik.com/berita/d-4843465/gratis-akte-hingga-ijazah-rusak-akibat-banjir-bisa-diperbaiki-di-anri,"
Kamis, 02 Jan 2020 11:10 WIB "
"Banjir di Pondok Gede Permai Bekasi, Warga Dievakuasi dengan Perahu Karet",https://news.detik.com/berita/d-4843442/banjir-di-pondok-gede-permai-bekasi-warga-dievakuasi-dengan-perahu-karet,"
Kamis, 02 Jan 2020 10:54 WIB "
Pengungsi Banjir Kampung Pulo Butuh Selimut-Bantuan Kesehatan,https://news.detik.com/berita/d-4843441/pengungsi-banjir-kampung-pulo-butuh-selimut-bantuan-kesehatan,"
Kamis, 02 Jan 2020 10:53 WIB "
"Jabodetabek Banjir, Curah Hujan 1 Januari 2020 Tertinggi Selama 24 Tahun",https://news.detik.com/berita/d-4843412/jabodetabek-banjir-curah-hujan-1-januari-2020-tertinggi-selama-24-tahun,"
Kamis, 02 Jan 2020 10:35 WIB "
Ojek Gerobak Rp 40 Ribu Angkut Motor Lintasi Banjir Jl Kembangan Jakbar,https://news.detik.com/berita/d-4843408/ojek-gerobak-rp-40-ribu-angkut-motor-lintasi-banjir-jl-kembangan-jakbar,"
Kamis, 02 Jan 2020 10:31 WIB "
Puan soal Banjir Jabodetabek: Jangan Saling Lempar Tanggung Jawab,https://news.detik.com/berita/d-4843406/puan-soal-banjir-jabodetabek-jangan-saling-lempar-tanggung-jawab,"
Kamis, 02 Jan 2020 10:31 WIB "
"Sempat Rendam Lantai 2 Rumah, Banjir di Kampung Pulo Perlahan Surut",https://news.detik.com/berita/d-4843394/sempat-rendam-lantai-2-rumah-banjir-di-kampung-pulo-perlahan-surut,"
Kamis, 02 Jan 2020 10:23 WIB "
"Ungkap Pangkal Masalah, Jokowi Minta Pusat-Daerah Tangani Banjir DKI",https://news.detik.com/berita/d-4843374/ungkap-pangkal-masalah-jokowi-minta-pusat-daerah-tangani-banjir-dki,"
Kamis, 02 Jan 2020 10:08 WIB "
Jenazah Nenek Siti Hawa Korban Banjir Cipinang Melayu Dikebumikan Hari Ini,https://news.detik.com/berita/d-4843369/jenazah-nenek-siti-hawa-korban-banjir-cipinang-melayu-dikebumikan-hari-ini,"
Kamis, 02 Jan 2020 10:04 WIB "
"Jakarta Banjir, Gubernur Khofifah Minta OPD di Jatim Lebih Responsif",https://news.detik.com/berita-jawa-timur/d-4843375/jakarta-banjir-gubernur-khofifah-minta-opd-di-jatim-lebih-responsif,"
Kamis, 02 Jan 2020 09:58 WIB "
"Anies ke Jajaran: Kerja Sampai Banjir Surut, Bahagia Warga Jadi Obat Lelah",https://news.detik.com/berita/d-4843365/anies-ke-jajaran-kerja-sampai-banjir-surut-bahagia-warga-jadi-obat-lelah,"
Kamis, 02 Jan 2020 09:54 WIB "
Jokowi Anggap Masalah Lahan Hambat Pengendalian Banjir Jakarta Sejak 2017,https://news.detik.com/berita/d-4843363/jokowi-anggap-masalah-lahan-hambat-pengendalian-banjir-jakarta-sejak-2017,"
Kamis, 02 Jan 2020 09:50 WIB "
"DKI Jakarta Diprediksi Hujan Lebat, BNPB-BPPT Akan Modifikasi Cuaca",https://news.detik.com/berita/d-4843337/dki-jakarta-diprediksi-hujan-lebat-bnpb-bppt-akan-modifikasi-cuaca,"
Kamis, 02 Jan 2020 09:36 WIB "
BNPB Gelar Rakor Bahas Pengendalian dan Penanganan Banjir,https://news.detik.com/berita/d-4843326/bnpb-gelar-rakor-bahas-pengendalian-dan-penanganan-banjir,"
Kamis, 02 Jan 2020 09:29 WIB "
Daftar Titik yang Masih Tergenang Banjir di Jabodetabek Pagi Ini,https://news.detik.com/berita/d-4843308/daftar-titik-yang-masih-tergenang-banjir-di-jabodetabek-pagi-ini,"
Kamis, 02 Jan 2020 09:09 WIB "
"Ada Genangan di KM 24, Tol Cibitung Arah Jakarta Macet",https://news.detik.com/berita/d-4843301/ada-genangan-di-km-24-tol-cibitung-arah-jakarta-macet,"
Kamis, 02 Jan 2020 09:08 WIB "
"Pengungsi Banjir di Cipinang Melayu 926 Orang, Ada Ibu Hamil-Lansia",https://news.detik.com/berita/d-4843300/pengungsi-banjir-di-cipinang-melayu-926-orang-ada-ibu-hamil-lansia,"
Kamis, 02 Jan 2020 09:06 WIB "
"Ular Berenang di Banjir, Pakar Reptil Imbau Warga Waspada Hanyutnya Hewan Liar",https://news.detik.com/berita/d-4843298/ular-berenang-di-banjir-pakar-reptil-imbau-warga-waspada-hanyutnya-hewan-liar,"
Kamis, 02 Jan 2020 09:04 WIB "
"Jalan KH Hasyim Tangerang Tak Bisa Dilalui, Ojek Gerobak Raup Untung",https://news.detik.com/berita/d-4843296/jalan-kh-hasyim-tangerang-tak-bisa-dilalui-ojek-gerobak-raup-untung,"
Kamis, 02 Jan 2020 09:01 WIB "
BNPB: 16 Orang Meninggal Akibat Banjir di Jabodetabek,https://news.detik.com/berita/d-4843287/bnpb-16-orang-meninggal-akibat-banjir-di-jabodetabek,"
Kamis, 02 Jan 2020 08:51 WIB "
"Banjir, Jalan Sutomo Jakpus Tidak Bisa Dilalui",https://news.detik.com/berita/d-4843277/banjir-jalan-sutomo-jakpus-tidak-bisa-dilalui,"
Kamis, 02 Jan 2020 08:38 WIB "
"Masih Ada Rel Tergenang, KRL Duri-Tangerang dan Loop Line Terganggu",https://news.detik.com/berita/d-4843275/masih-ada-rel-tergenang-krl-duri-tangerang-dan-loop-line-terganggu,"
Kamis, 02 Jan 2020 08:37 WIB "
Komunitas Pecinta Hewan: Jangan Tinggalkan Peliharaan dalam Kondisi Banjir,https://news.detik.com/berita/d-4843270/komunitas-pecinta-hewan-jangan-tinggalkan-peliharaan-dalam-kondisi-banjir,"
Kamis, 02 Jan 2020 08:33 WIB "
"Rawajati Jaksel Masih Kebanjiran, Air Dilaporkan Naik Jadi 3,5 Meter",https://news.detik.com/berita/d-4843271/rawajati-jaksel-masih-kebanjiran-air-dilaporkan-naik-jadi-3-5-meter,"
Kamis, 02 Jan 2020 08:33 WIB "
"Diterjang Banjir, 16 Ribu Warga Tangerang Mengungsi",https://news.detik.com/berita/d-4843268/diterjang-banjir-16-ribu-warga-tangerang-mengungsi,"
Kamis, 02 Jan 2020 08:30 WIB "
Genangan Banjir di Kompleks Ciledug Indah Setinggi 1 Meter-2 Meter,https://news.detik.com/berita/d-4843263/genangan-banjir-di-kompleks-ciledug-indah-setinggi-1-meter-2-meter,"
Kamis, 02 Jan 2020 08:19 WIB "
"Banjir di Cipinang Melayu Jaktim Mulai Surut, Warga Masih Mengungsi",https://news.detik.com/berita/d-4843259/banjir-di-cipinang-melayu-jaktim-mulai-surut-warga-masih-mengungsi,"
Kamis, 02 Jan 2020 08:15 WIB "
Titik-titik Persimpangan Tol di Jakarta yang Ditutup Karena Banjir,https://news.detik.com/berita/d-4843244/titik-titik-persimpangan-tol-di-jakarta-yang-ditutup-karena-banjir,"
Kamis, 02 Jan 2020 07:59 WIB "
"DKI Dikepung Banjir, Pengamat: Pemprov Tak Lakukan Antisipasi",https://news.detik.com/berita/d-4843239/dki-dikepung-banjir-pengamat-pemprov-tak-lakukan-antisipasi,"
Kamis, 02 Jan 2020 07:53 WIB "
Pengungsi Akibat Banjir Jakarta Bertambah Jadi 31 Ribu Orang,https://news.detik.com/berita/d-4843238/pengungsi-akibat-banjir-jakarta-bertambah-jadi-31-ribu-orang,"
Kamis, 02 Jan 2020 07:53 WIB "
Pasar Baru Jakpus Kena Luapan Banjir Ciliwung,https://news.detik.com/berita/d-4843237/pasar-baru-jakpus-kena-luapan-banjir-ciliwung,"
Kamis, 02 Jan 2020 07:53 WIB "
"Jalan Jatinegara Barat Jaktim Masih Banjir, Lalu Lintas Dialihkan",https://news.detik.com/berita/d-4843232/jalan-jatinegara-barat-jaktim-masih-banjir-lalu-lintas-dialihkan,"
Kamis, 02 Jan 2020 07:35 WIB "
"DKI Jakarta Banjir, Ganjil Genap Hari Ini Ditiadakan",https://news.detik.com/berita/d-4843217/dki-jakarta-banjir-ganjil-genap-hari-ini-ditiadakan,"
Kamis, 02 Jan 2020 06:37 WIB "
"Jakarta Banjir Lagi, Jokowi Kembali Beri Instruksi",https://news.detik.com/berita/d-4843215/jakarta-banjir-lagi-jokowi-kembali-beri-instruksi,"
Kamis, 02 Jan 2020 06:16 WIB "
"Fenomena Petir Sebelum Hujan dan Banjir dalam Al Qur'an, Ini Ayatnya",https://news.detik.com/berita/d-4843185/fenomena-petir-sebelum-hujan-dan-banjir-dalam-al-quran-ini-ayatnya,"
Kamis, 02 Jan 2020 05:00 WIB "
"Ada Genangan di Ruas Tol KM 24, Cibitung Arah Cawang Ditutup",https://news.detik.com/berita/d-4843204/ada-genangan-di-ruas-tol-km-24-cibitung-arah-cawang-ditutup,"
Kamis, 02 Jan 2020 02:54 WIB "
"BNPB Petakan 169 Titik Banjir Jabodetabek, Bekasi Paling Banyak",https://news.detik.com/berita/d-4843190/bnpb-petakan-169-titik-banjir-jabodetabek-bekasi-paling-banyak,"
Kamis, 02 Jan 2020 00:46 WIB "
"Kantor Pemkot Bekasi Kebanjiran, 3 Layanan Publik Diliburkan",https://news.detik.com/berita/d-4843182/kantor-pemkot-bekasi-kebanjiran-3-layanan-publik-diliburkan,"
Kamis, 02 Jan 2020 00:14 WIB "
"Banjir 2020, Bagaimana Cara Menyikapinya dalam Islam",https://news.detik.com/berita/d-4843179/banjir-2020-bagaimana-cara-menyikapinya-dalam-islam,"
Rabu, 01 Jan 2020 23:56 WIB "
BPBD: Jabodetabek Diguyur Hujan Sedang-Lebat Hingga Dini Hari,https://news.detik.com/berita/d-4843172/bpbd-jabodetabek-diguyur-hujan-sedang-lebat-hingga-dini-hari,"
Rabu, 01 Jan 2020 23:36 WIB "
Banjir Jakarta Hari Ini dan 5 Hal Seputar Tahun Baru 2020,https://news.detik.com/berita/d-4843170/banjir-jakarta-hari-ini-dan-5-hal-seputar-tahun-baru-2020,"
Rabu, 01 Jan 2020 23:30 WIB "
"Warga Kelapa Gading Terobos Banjir, Selamatkan Anjing Milik Tetangga",https://news.detik.com/berita/d-4843169/warga-kelapa-gading-terobos-banjir-selamatkan-anjing-milik-tetangga,"
Rabu, 01 Jan 2020 23:18 WIB "
"Jakarta Banjir, Anies: Ganjil Genap Ditiadakan Besok",https://news.detik.com/berita/d-4843164/jakarta-banjir-anies-ganjil-genap-ditiadakan-besok,"
Rabu, 01 Jan 2020 23:01 WIB "
"SPBU di Jalan Daan Mogot Jakbar Terbakar, Damkar: Sudah Padam",https://news.detik.com/berita/d-4843161/spbu-di-jalan-daan-mogot-jakbar-terbakar-damkar-sudah-padam,"
Rabu, 01 Jan 2020 22:54 WIB "
"Cek Pintu Air Manggarai, Anies: Malam ini Terpantau Aman",https://news.detik.com/berita/d-4843160/cek-pintu-air-manggarai-anies-malam-ini-terpantau-aman,"
Rabu, 01 Jan 2020 22:51 WIB "
Banjir Longsor di Bogor Telan 1 Korban dan Rusak Pipa PDAM,https://news.detik.com/berita/d-4843152/banjir-longsor-di-bogor-telan-1-korban-dan-rusak-pipa-pdam,"
Rabu, 01 Jan 2020 22:26 WIB "
"Keluhkan Pemadaman Listrik di Pekayon Indah Bekasi, Warga: Sudah 16 Jam",https://news.detik.com/berita/d-4843150/keluhkan-pemadaman-listrik-di-pekayon-indah-bekasi-warga-sudah-16-jam,"
Rabu, 01 Jan 2020 22:06 WIB "
"Banjir Kepung Jakarta, Anies Emoh Salahkan Siapa-siapa",https://news.detik.com/berita/d-4843148/banjir-kepung-jakarta-anies-emoh-salahkan-siapa-siapa,"
Rabu, 01 Jan 2020 22:01 WIB "
"Diprotes Warga Kampung Pulo soal Listrik, Anies: Segera Dipadamkan",https://news.detik.com/berita/d-4843127/diprotes-warga-kampung-pulo-soal-listrik-anies-segera-dipadamkan,"
Rabu, 01 Jan 2020 21:30 WIB "
"Banjir Rendam Jalan Perintis Jakut hingga Malam Hari, Motor Tak Bisa Lewat",https://news.detik.com/berita/d-4843118/banjir-rendam-jalan-perintis-jakut-hingga-malam-hari-motor-tak-bisa-lewat,"
Rabu, 01 Jan 2020 21:23 WIB "
"Anies Tinjau Banjir di Kampung Pulo, Warga Protes Listrik Belum Dipadamkan",https://news.detik.com/berita/d-4843116/anies-tinjau-banjir-di-kampung-pulo-warga-protes-listrik-belum-dipadamkan,"
Rabu, 01 Jan 2020 21:13 WIB "
9 Penerbangan dari Bandara Juanda Dialihkan Dampak Banjir Jakarta,https://news.detik.com/berita-jawa-timur/d-4843108/9-penerbangan-dari-bandara-juanda-dialihkan-dampak-banjir-jakarta,"
Rabu, 01 Jan 2020 20:48 WIB "
Polres Jaksel Beri Bantuan ke Warga Korban Banjir di Posko Pengungsian,https://news.detik.com/berita/d-4843106/polres-jaksel-beri-bantuan-ke-warga-korban-banjir-di-posko-pengungsian,"
Rabu, 01 Jan 2020 20:45 WIB "
Data dan Fakta Banjir Jakarta,https://news.detik.com/berita/d-4843102/data-dan-fakta-banjir-jakarta,"
Rabu, 01 Jan 2020 20:31 WIB "
Ini Penerbangan dari Yogya ke Halim yang Batal Gegara Banjir Jakarta,https://news.detik.com/berita-jawa-tengah/d-4843101/ini-penerbangan-dari-yogya-ke-halim-yang-batal-gegara-banjir-jakarta,"
Rabu, 01 Jan 2020 20:28 WIB "
"Tinjau Posko Pengungsi di Kemang Utara, Anies Apresiasi Gerak Cepat Warga",https://news.detik.com/berita/d-4843086/tinjau-posko-pengungsi-di-kemang-utara-anies-apresiasi-gerak-cepat-warga,"
Rabu, 01 Jan 2020 20:23 WIB "
"Hampir 18 Jam Banjir di Rawajati, Masih Ada Warga yang Belum Dievakuasi",https://news.detik.com/berita/d-4843078/hampir-18-jam-banjir-di-rawajati-masih-ada-warga-yang-belum-dievakuasi,"
Rabu, 01 Jan 2020 19:54 WIB "
"Jadwal KA Terlambat Dampak Banjir Jakarta, KAI Beri Layanan Service Recovery",https://news.detik.com/berita-jawa-timur/d-4843017/jadwal-ka-terlambat-dampak-banjir-jakarta-kai-beri-layanan-service-recovery,"
Rabu, 01 Jan 2020 19:22 WIB "
Silang Pendapat Menteri Basuki dan Anies soal Normalisasi Ciliwung,https://news.detik.com/berita/d-4842964/silang-pendapat-menteri-basuki-dan-anies-soal-normalisasi-ciliwung,"
Rabu, 01 Jan 2020 18:35 WIB "
"Lebih dari 13 Jam, Banjir di Srengseng Jakbar Belum Surut",https://news.detik.com/berita/d-4842949/lebih-dari-13-jam-banjir-di-srengseng-jakbar-belum-surut,"
Rabu, 01 Jan 2020 18:26 WIB "
Ini Sebaran Lokasi Banjir di Jabodetabek,https://news.detik.com/berita/d-4842946/ini-sebaran-lokasi-banjir-di-jabodetabek,"
Rabu, 01 Jan 2020 18:17 WIB "
BNPB: 9 Orang Meninggal Akibat Banjir Jabodetabek,https://news.detik.com/berita/d-4842930/bnpb-9-orang-meninggal-akibat-banjir-jabodetabek,"
Rabu, 01 Jan 2020 17:57 WIB "
"Dampak Jakarta Banjir, 10 KA Tujuan Blitar dan Jawa Timur Terlambat Datang",https://news.detik.com/berita-jawa-timur/d-4842896/dampak-jakarta-banjir-10-ka-tujuan-blitar-dan-jawa-timur-terlambat-datang,"
Rabu, 01 Jan 2020 17:50 WIB "
Margajaya Bekasi Terendam Air Setelah 51 Tahun Bebas Banjir,https://news.detik.com/berita/d-4842894/margajaya-bekasi-terendam-air-setelah-51-tahun-bebas-banjir,"
Rabu, 01 Jan 2020 17:43 WIB "
"Anies: 19.709 Warga Mengungsi Akibat Banjir, Terbanyak di Jaktim",https://news.detik.com/berita/d-4842892/anies-19-709-warga-mengungsi-akibat-banjir-terbanyak-di-jaktim,"
Rabu, 01 Jan 2020 17:40 WIB "
"Imbas Hujan Deras, Basement Area Karyawan Hotel Mulia Sempat Tergenang",https://news.detik.com/berita/d-4842891/imbas-hujan-deras-basement-area-karyawan-hotel-mulia-sempat-tergenang,"
Rabu, 01 Jan 2020 17:39 WIB "
"Disedot Pompa, Banjir di Kemang Raya Perlahan Surut",https://news.detik.com/berita/d-4842888/disedot-pompa-banjir-di-kemang-raya-perlahan-surut,"
Rabu, 01 Jan 2020 17:38 WIB "
"Anies Prediksi Air Katulampa Tiba di Jakarta Pukul 18.00, Minta Warga Siaga",https://news.detik.com/berita/d-4842883/anies-prediksi-air-katulampa-tiba-di-jakarta-pukul-18-00-minta-warga-siaga,"
Rabu, 01 Jan 2020 17:30 WIB "
"RS Kartika Pulomas Kebanjiran, Pasien Dipindahkan ke Lantai 2",https://news.detik.com/berita/d-4842879/rs-kartika-pulomas-kebanjiran-pasien-dipindahkan-ke-lantai-2,"
Rabu, 01 Jan 2020 17:23 WIB "
Anies soal Korban Banjir Jakarta: 4 Korban Meninggal Dunia,https://news.detik.com/berita/d-4842875/anies-soal-korban-banjir-jakarta-4-korban-meninggal-dunia,"
Rabu, 01 Jan 2020 17:20 WIB "
"Pasutri Lansia Terjebak Banjir di Cipinang Melayu Dievakuasi, 1 Tewas",https://news.detik.com/berita/d-4842858/pasutri-lansia-terjebak-banjir-di-cipinang-melayu-dievakuasi-1-tewas,"
Rabu, 01 Jan 2020 17:06 WIB "
"Jakarta Banjir, Risma Pastikan Rumah Pompa di Surabaya Berfungsi Baik",https://news.detik.com/berita-jawa-timur/d-4842857/jakarta-banjir-risma-pastikan-rumah-pompa-di-surabaya-berfungsi-baik,"
Rabu, 01 Jan 2020 17:05 WIB "
Kisah Subuh Kelam Warga Ciledug Diterjang Banjir,https://news.detik.com/berita/d-4842837/kisah-subuh-kelam-warga-ciledug-diterjang-banjir,"
Rabu, 01 Jan 2020 16:54 WIB "
"Bandara Halim Banjir, 2 Penerbangan dari Solo Dibatalkan",https://news.detik.com/berita-jawa-tengah/d-4842836/bandara-halim-banjir-2-penerbangan-dari-solo-dibatalkan,"
Rabu, 01 Jan 2020 16:52 WIB "
"Wanita di Jakut Tewas di Dapur Tergenang Air, Diduga Tersengat Listrik",https://news.detik.com/berita/d-4842809/wanita-di-jakut-tewas-di-dapur-tergenang-air-diduga-tersengat-listrik,"
Rabu, 01 Jan 2020 16:32 WIB "
"Kali Dekat Universitas Terbuka Meluap, Lalin ke Pamulang Dialihkan",https://news.detik.com/berita/d-4842800/kali-dekat-universitas-terbuka-meluap-lalin-ke-pamulang-dialihkan,"
Rabu, 01 Jan 2020 16:26 WIB "
"Ada Suara, Warga Akan Jebol Rumah Suami-Istri yang Dikabarkan Tewas di Jaktim",https://news.detik.com/berita/d-4842783/ada-suara-warga-akan-jebol-rumah-suami-istri-yang-dikabarkan-tewas-di-jaktim,"
Rabu, 01 Jan 2020 16:18 WIB "
"Kemensos Beri Bantuan ke Korban Banjir Jakarta, Bandung hingga Banten",https://news.detik.com/berita/d-4842782/kemensos-beri-bantuan-ke-korban-banjir-jakarta-bandung-hingga-banten,"
Rabu, 01 Jan 2020 16:17 WIB "
"Banjir, Penghuni Apartemen di Kemang Raya Dievakuasi Pakai Perahu Karet",https://news.detik.com/berita/d-4842760/banjir-penghuni-apartemen-di-kemang-raya-dievakuasi-pakai-perahu-karet,"
Rabu, 01 Jan 2020 15:50 WIB "
"Banjir di Jatipadang Poncol, Warga Ngungsi ke Musala",https://news.detik.com/berita/d-4842751/banjir-di-jatipadang-poncol-warga-ngungsi-ke-musala,"
Rabu, 01 Jan 2020 15:30 WIB "
"Bandara Halim Ditutup Sementara, Batik-Wings Air Sesuaikan Jadwal",https://news.detik.com/berita/d-4842748/bandara-halim-ditutup-sementara-batik-wings-air-sesuaikan-jadwal,"
Rabu, 01 Jan 2020 15:24 WIB "
"Banjir di Kemang Raya, Air Masuk ke Dalam Toko-Sejumlah Mobil Terendam",https://news.detik.com/berita/d-4842744/banjir-di-kemang-raya-air-masuk-ke-dalam-toko-sejumlah-mobil-terendam,"
Rabu, 01 Jan 2020 15:18 WIB "
Evakuasi Warga Korban Banjir di Cipinang Melayu Terkendala Arus Deras,https://news.detik.com/berita/d-4842732/evakuasi-warga-korban-banjir-di-cipinang-melayu-terkendala-arus-deras,"
Rabu, 01 Jan 2020 15:01 WIB "
"Genangan di Stasiun Tanah Abang Surut, Perjalanan Kereta Normal Lagi",https://news.detik.com/berita/d-4842730/genangan-di-stasiun-tanah-abang-surut-perjalanan-kereta-normal-lagi,"
Rabu, 01 Jan 2020 14:52 WIB "
"Sempat 70 Cm, Banjir di Bukit Pamulang Indah Tangsel Mulai Surut",https://news.detik.com/berita/d-4842728/sempat-70-cm-banjir-di-bukit-pamulang-indah-tangsel-mulai-surut,"
Rabu, 01 Jan 2020 14:43 WIB "
"2020 Diawali Banjir, DPRD Minta Tak Dibandingkan dengan Era Sebelumnya",https://news.detik.com/berita/d-4842724/2020-diawali-banjir-dprd-minta-tak-dibandingkan-dengan-era-sebelumnya,"
Rabu, 01 Jan 2020 14:39 WIB "
Flyover Tendean Arah Kebayoran Baru Jaksel Ditutup Gara-gara Banjir,https://news.detik.com/berita/d-4842704/flyover-tendean-arah-kebayoran-baru-jaksel-ditutup-gara-gara-banjir,"
Rabu, 01 Jan 2020 14:23 WIB "
"Dampak Banjir, Sejumlah Kereta Beroperasi dengan Kecepatan Terbatas",https://news.detik.com/berita/d-4842700/dampak-banjir-sejumlah-kereta-beroperasi-dengan-kecepatan-terbatas,"
Rabu, 01 Jan 2020 14:17 WIB "
"Halim hingga Tol Cikampek Banjir, Jokowi Instruksikan Normalisasi",https://news.detik.com/berita/d-4842690/halim-hingga-tol-cikampek-banjir-jokowi-instruksikan-normalisasi,"
Rabu, 01 Jan 2020 14:12 WIB "
Listrik di Lokasi Banjir Srengseng Jakbar Padam Sejak Pagi,https://news.detik.com/berita/d-4842688/listrik-di-lokasi-banjir-srengseng-jakbar-padam-sejak-pagi,"
Rabu, 01 Jan 2020 14:09 WIB "
"Jakarta Banjir, Jokowi: Nomorsatukan Keselamatan Warga",https://news.detik.com/berita/d-4842674/jakarta-banjir-jokowi-nomorsatukan-keselamatan-warga,"
Rabu, 01 Jan 2020 14:03 WIB "
"Banjir di Yos Sudarso Jakut, Pemotor Nekat Masuk Jalan Tol Sunter",https://news.detik.com/berita/d-4842675/banjir-di-yos-sudarso-jakut-pemotor-nekat-masuk-jalan-tol-sunter,"
Rabu, 01 Jan 2020 14:03 WIB "
"Terkepung Banjir, Ini Daftar SPBU yang Tidak Beroperasi Sementara",https://news.detik.com/berita/d-4842664/terkepung-banjir-ini-daftar-spbu-yang-tidak-beroperasi-sementara,"
Rabu, 01 Jan 2020 13:53 WIB "
Anies soal Jakarta Banjir: Kami Tak Mau Salahkan Siapapun,https://news.detik.com/berita/d-4842662/anies-soal-jakarta-banjir-kami-tak-mau-salahkan-siapapun,"
Rabu, 01 Jan 2020 13:51 WIB "
Penampakan Pool Taxi di Kramatjati yang Terendam Banjir,https://news.detik.com/berita/d-4842658/penampakan-pool-taxi-di-kramatjati-yang-terendam-banjir,"
Rabu, 01 Jan 2020 13:46 WIB "
"Jakarta Banjir, Anies: Kami Bertanggung Jawab, Semua Kebutuhan Ditanggulangi",https://news.detik.com/berita/d-4842657/jakarta-banjir-anies-kami-bertanggung-jawab-semua-kebutuhan-ditanggulangi,"
Rabu, 01 Jan 2020 13:43 WIB "
"Pakai Perahu Karet, Damkar Evakuasi Warga Terjebak Banjir Kemang Utara",https://news.detik.com/berita/d-4842644/pakai-perahu-karet-damkar-evakuasi-warga-terjebak-banjir-kemang-utara,"
Rabu, 01 Jan 2020 13:42 WIB "
Jalan Yos Sudarso Jakut Masih Banjir 50 Cm,https://news.detik.com/berita/d-4842640/jalan-yos-sudarso-jakut-masih-banjir-50-cm,"
Rabu, 01 Jan 2020 13:37 WIB "
"Warga Cipinang Melayu Kebanjiran: Ini Parah, Gerak Airnya Cepat Banget",https://news.detik.com/berita/d-4842633/warga-cipinang-melayu-kebanjiran-ini-parah-gerak-airnya-cepat-banget,"
Rabu, 01 Jan 2020 13:29 WIB "
Warga Korban Banjir Srengseng Jakbar Butuh Bantuan Pakaian-Makanan,https://news.detik.com/berita/d-4842630/warga-korban-banjir-srengseng-jakbar-butuh-bantuan-pakaian-makanan,"
Rabu, 01 Jan 2020 13:25 WIB "
Ini Peta Sebaran Hujan Ekstrem di Jabodetabek yang Picu Banjir di Mana-mana,https://news.detik.com/berita/d-4842629/ini-peta-sebaran-hujan-ekstrem-di-jabodetabek-yang-picu-banjir-di-mana-mana,"
Rabu, 01 Jan 2020 13:25 WIB "
Dua Flyover di Kota Bandung Dibangun Mulai 2020,https://news.detik.com/berita-jawa-barat/d-4842625/dua-flyover-di-kota-bandung-dibangun-mulai-2020,"
Rabu, 01 Jan 2020 13:16 WIB "
"Paskhas Sisir Permukiman Banjir di Halim, Tinggi Air Capai 1 Meter",https://news.detik.com/berita/d-4842623/paskhas-sisir-permukiman-banjir-di-halim-tinggi-air-capai-1-meter,"
Rabu, 01 Jan 2020 13:12 WIB "
Polisi Evakuasi Warga Terdampak Banjir di Cipinang Indah Jaktim,https://news.detik.com/berita/d-4842612/polisi-evakuasi-warga-terdampak-banjir-di-cipinang-indah-jaktim,"
Rabu, 01 Jan 2020 13:03 WIB "
"Jakarta Banjir, Anies Siagakan Perkantoran hingga Sekolah untuk Pengungsian",https://news.detik.com/berita/d-4842599/jakarta-banjir-anies-siagakan-perkantoran-hingga-sekolah-untuk-pengungsian,"
Rabu, 01 Jan 2020 12:57 WIB "
"Banjir, Jalan Pos Pengumben Jadi Destinasi Wisata Air",https://news.detik.com/berita/d-4842594/banjir-jalan-pos-pengumben-jadi-destinasi-wisata-air,"
Rabu, 01 Jan 2020 12:45 WIB "
"Banjir Rendam Jalan ke Ancol, Jakut",https://news.detik.com/berita/d-4842583/banjir-rendam-jalan-ke-ancol-jakut,"
Rabu, 01 Jan 2020 12:38 WIB "
Saat Kawasan Banjir di Kemang Utara Jadi Arena Berenang Anak-anak,https://news.detik.com/berita/d-4842582/saat-kawasan-banjir-di-kemang-utara-jadi-arena-berenang-anak-anak,"
Rabu, 01 Jan 2020 12:38 WIB "
Ini Titik-titik Banjir di Jakarta hingga Bekasi,https://news.detik.com/berita/d-4842563/ini-titik-titik-banjir-di-jakarta-hingga-bekasi,"
Rabu, 01 Jan 2020 12:31 WIB "
Jalanan hingga Ruko di Green Garden Kedoya Jakbar Banjir 1 Meter,https://news.detik.com/berita/d-4842561/jalanan-hingga-ruko-di-green-garden-kedoya-jakbar-banjir-1-meter,"
Rabu, 01 Jan 2020 12:31 WIB "
"Banjir di Petogogan Jaksel, Warga Dievakuasi Pakai Perahu Karet",https://news.detik.com/berita/d-4842558/banjir-di-petogogan-jaksel-warga-dievakuasi-pakai-perahu-karet,"
Rabu, 01 Jan 2020 12:26 WIB "
Tambun Masih Terendam Banjir 80 Cm,https://news.detik.com/berita/d-4842555/tambun-masih-terendam-banjir-80-cm,"
Rabu, 01 Jan 2020 12:22 WIB "
"Stasiun Tanah Abang Tergenang Air, KRL Hanya Sampai Kebayoran-Palmerah",https://news.detik.com/berita/d-4842553/stasiun-tanah-abang-tergenang-air-krl-hanya-sampai-kebayoran-palmerah,"
Rabu, 01 Jan 2020 12:21 WIB "
"Banjir di Cipinang Melayu, Motor hingga Mobil Terendam",https://news.detik.com/berita/d-4842550/banjir-di-cipinang-melayu-motor-hingga-mobil-terendam,"
Rabu, 01 Jan 2020 12:19 WIB "
"Banjir di Underpass Kuningan-Mampang Surut, Kendaraan Sudah Bisa Melintas",https://news.detik.com/berita/d-4842544/banjir-di-underpass-kuningan-mampang-surut-kendaraan-sudah-bisa-melintas,"
Rabu, 01 Jan 2020 12:14 WIB "
"Banjir di Jakarta, Halte TransJakarta Jadi Tempat Pengungsian",https://news.detik.com/berita/d-4842543/banjir-di-jakarta-halte-transjakarta-jadi-tempat-pengungsian,"
Rabu, 01 Jan 2020 12:11 WIB "
Tol Japek Cikunir Arah Jakarta Terendam Banjir Bak Sungai,https://news.detik.com/berita/d-4842539/tol-japek-cikunir-arah-jakarta-terendam-banjir-bak-sungai,"
Rabu, 01 Jan 2020 11:59 WIB "
"Suami-Istri Lansia Meninggal Terjebak Banjir Cipinang Melayu, Belum Dievakuasi",https://news.detik.com/berita/d-4842538/suami-istri-lansia-meninggal-terjebak-banjir-cipinang-melayu-belum-dievakuasi,"
Rabu, 01 Jan 2020 11:58 WIB "
"Banjir di Jalan Kayu Putih Jaktim, Kendaraan Tak Bisa Melintas",https://news.detik.com/berita/d-4842534/banjir-di-jalan-kayu-putih-jaktim-kendaraan-tak-bisa-melintas,"
Rabu, 01 Jan 2020 11:52 WIB "
"Banjir di Cipinang Melayu, 1 Lansia Meninggal",https://news.detik.com/berita/d-4842531/banjir-di-cipinang-melayu-1-lansia-meninggal,"
Rabu, 01 Jan 2020 11:44 WIB "
Tolong! 30 Warga Kemang Utara Masih Terjebak Banjir,https://news.detik.com/berita/d-4842529/tolong-30-warga-kemang-utara-masih-terjebak-banjir,"
Rabu, 01 Jan 2020 11:40 WIB "
"Jalan Bendungan Hilir Tergenang, Damkar Pantau Rumah Warga",https://news.detik.com/berita/d-4842520/jalan-bendungan-hilir-tergenang-damkar-pantau-rumah-warga,"
Rabu, 01 Jan 2020 11:33 WIB "
"Runaway Tergenang, Bandara Halim Ditutup Sementara",https://news.detik.com/berita/d-4842506/runaway-tergenang-bandara-halim-ditutup-sementara,"
Rabu, 01 Jan 2020 11:20 WIB "
"Banjir di Permukiman Srengseng Jakbar, 2 RT Terdampak",https://news.detik.com/berita/d-4842492/banjir-di-permukiman-srengseng-jakbar-2-rt-terdampak,"
Rabu, 01 Jan 2020 11:13 WIB "
"Banjir Kepung Jakarta, Pemkot Jakpus Keliling Evakuasi Warga",https://news.detik.com/berita/d-4842491/banjir-kepung-jakarta-pemkot-jakpus-keliling-evakuasi-warga,"
Rabu, 01 Jan 2020 11:13 WIB "
"Bendung Katulampa Siaga 2, Anies Minta Warga di Area Sungai Waspada",https://news.detik.com/berita/d-4842490/bendung-katulampa-siaga-2-anies-minta-warga-di-area-sungai-waspada,"
Rabu, 01 Jan 2020 11:13 WIB "
"Jalan Ahmad Yani Jakpus Banjir, Kendaraan Tak Bisa Melintas",https://news.detik.com/berita/d-4842486/jalan-ahmad-yani-jakpus-banjir-kendaraan-tak-bisa-melintas,"
Rabu, 01 Jan 2020 11:04 WIB "
"Pul Taksi di Tanah Kusir Kebanjiran, Puluhan MPV Hanya Kelihatan Atapnya",https://news.detik.com/berita/d-4842482/pul-taksi-di-tanah-kusir-kebanjiran-puluhan-mpv-hanya-kelihatan-atapnya,"
Rabu, 01 Jan 2020 11:03 WIB "
"Anies: Ada Lebih 11 Titik Banjir di Jaktim, Sekarang Proses Evakuasi",https://news.detik.com/berita/d-4842481/anies-ada-lebih-11-titik-banjir-di-jaktim-sekarang-proses-evakuasi,"
Rabu, 01 Jan 2020 11:02 WIB "
"Banjir di Kemayoran Jakpus, 1 Warga Tewas Tersetrum Listrik",https://news.detik.com/berita/d-4842479/banjir-di-kemayoran-jakpus-1-warga-tewas-tersetrum-listrik,"
Rabu, 01 Jan 2020 11:01 WIB "
Kawasan Pondok Jaya Mampang Prapatan Juga Banjir,https://news.detik.com/berita/d-4842478/kawasan-pondok-jaya-mampang-prapatan-juga-banjir,"
Rabu, 01 Jan 2020 10:56 WIB "
Kompleks DKI Joglo Kebanjiran hingga 1 Meter,https://news.detik.com/berita/d-4842471/kompleks-dki-joglo-kebanjiran-hingga-1-meter,"
Rabu, 01 Jan 2020 10:46 WIB "
"Sungai di Lebak Banten Meluap, 2 Kecamatan di Lebak Dilanda Banjir",https://news.detik.com/berita/d-4842463/sungai-di-lebak-banten-meluap-2-kecamatan-di-lebak-dilanda-banjir,"
Rabu, 01 Jan 2020 10:44 WIB "
"Kemang Utara Jaksel Banjir 1,5 Meter, Warga Mengungsi",https://news.detik.com/berita/d-4842460/kemang-utara-jaksel-banjir-1-5-meter-warga-mengungsi,"
Rabu, 01 Jan 2020 10:41 WIB "
Anies Tinjau Banjir di Kecamatan Makasar Jakarta Timur,https://news.detik.com/berita/d-4842448/anies-tinjau-banjir-di-kecamatan-makasar-jakarta-timur,"
Rabu, 01 Jan 2020 10:39 WIB "
"Jl Daan Mogot Jakbar Banjir, Pengendara Tak Bisa Melintas",https://news.detik.com/berita/d-4842445/jl-daan-mogot-jakbar-banjir-pengendara-tak-bisa-melintas,"
Rabu, 01 Jan 2020 10:38 WIB "
Runway Bandara Halim Perdanakusuma Terendam Banjir,https://news.detik.com/berita/d-4842443/runway-bandara-halim-perdanakusuma-terendam-banjir,"
Rabu, 01 Jan 2020 10:35 WIB "
Banjir Juga Terjang Petamburan Jakpus,https://news.detik.com/berita/d-4842440/banjir-juga-terjang-petamburan-jakpus,"
Rabu, 01 Jan 2020 10:31 WIB "
Ini Rute KRL yang Terdampak Banjir di Jakarta dan Sekitarnya,https://news.detik.com/berita/d-4842437/ini-rute-krl-yang-terdampak-banjir-di-jakarta-dan-sekitarnya,"
Rabu, 01 Jan 2020 10:29 WIB "
"Diguyur Hujan Sejak Kemarin Sore, Kawasan Ciledug Direndam Banjir",https://news.detik.com/berita/d-4842436/diguyur-hujan-sejak-kemarin-sore-kawasan-ciledug-direndam-banjir,"
Rabu, 01 Jan 2020 10:28 WIB "
"Banjir Kepung Jakarta, Pool Taxi di Kramatjati Terendam",https://news.detik.com/berita/d-4842433/banjir-kepung-jakarta-pool-taxi-di-kramatjati-terendam,"
Rabu, 01 Jan 2020 10:25 WIB "
"Banjir Terjadi di Jatipadang Jaksel, 8 RT Terdampak",https://news.detik.com/berita/d-4842431/banjir-terjadi-di-jatipadang-jaksel-8-rt-terdampak,"
Rabu, 01 Jan 2020 10:22 WIB "
"RS Anna Bekasi Kebanjiran, Air Genangi Basement",https://news.detik.com/berita/d-4842427/rs-anna-bekasi-kebanjiran-air-genangi-basement,"
Rabu, 01 Jan 2020 10:15 WIB "
Banjir Masuk ke Ruas Tol Depan Kampus Trisakti,https://news.detik.com/berita/d-4842424/banjir-masuk-ke-ruas-tol-depan-kampus-trisakti,"
Rabu, 01 Jan 2020 10:12 WIB "
"Sejumlah Titik di Bekasi Juga Terendam Banjir, Begini Penampakannya",https://news.detik.com/berita/d-4842409/sejumlah-titik-di-bekasi-juga-terendam-banjir-begini-penampakannya,"
Rabu, 01 Jan 2020 10:06 WIB "
"Banjir 1,5 Meter Rendam Perumahan di Karawaci Tangerang",https://news.detik.com/berita/d-4842410/banjir-1-5-meter-rendam-perumahan-di-karawaci-tangerang,"
Rabu, 01 Jan 2020 10:06 WIB "
"Banjir, Warga Diimbau Tak Lewati Underpass Kuningan-Mampang",https://news.detik.com/berita/d-4842408/banjir-warga-diimbau-tak-lewati-underpass-kuningan-mampang,"
Rabu, 01 Jan 2020 10:05 WIB "
"Banjir Rendam Rawajati Jaksel, Ketinggian Air Capai 1,5 Meter",https://news.detik.com/berita/d-4842406/banjir-rendam-rawajati-jaksel-ketinggian-air-capai-1-5-meter,"
Rabu, 01 Jan 2020 10:03 WIB "
"Bendung Katulampa Siaga 2, Tinggi Air 1,7 Meter",https://news.detik.com/berita/d-4842405/bendung-katulampa-siaga-2-tinggi-air-1-7-meter,"
Rabu, 01 Jan 2020 10:02 WIB "
"Jakarta Banjir, Anies Sampaikan Perintah dari Pintu Air Manggarai",https://news.detik.com/berita/d-4842404/jakarta-banjir-anies-sampaikan-perintah-dari-pintu-air-manggarai,"
Rabu, 01 Jan 2020 10:02 WIB "
Banjir Juga Terjadi di Depok,https://news.detik.com/berita/d-4842402/banjir-juga-terjadi-di-depok,"
Rabu, 01 Jan 2020 09:59 WIB "
Contraflow Diberlakukan di Jalan Rasuna Said Arah Menteng Akibat Banjir,https://news.detik.com/berita/d-4842401/contraflow-diberlakukan-di-jalan-rasuna-said-arah-menteng-akibat-banjir,"
Rabu, 01 Jan 2020 09:50 WIB "
Underpass Kuningan-Mampang Terendam Banjir,https://news.detik.com/berita/d-4842399/underpass-kuningan-mampang-terendam-banjir,"
Rabu, 01 Jan 2020 09:42 WIB "
"Jl Daan Mogot Jakarta Barat Banjir, Motor Lewati Ruas Tol Rawa Buaya",https://news.detik.com/berita/d-4842398/jl-daan-mogot-jakarta-barat-banjir-motor-lewati-ruas-tol-rawa-buaya,"
Rabu, 01 Jan 2020 09:39 WIB "
"Banjir Selutut Orang Dewasa di Warung Buncit, Warga Angkut Barang-barang",https://news.detik.com/berita/d-4842386/banjir-selutut-orang-dewasa-di-warung-buncit-warga-angkut-barang-barang,"
Rabu, 01 Jan 2020 09:24 WIB "
Data Banjir Jabodetabek di Tahun Baru 2020,https://news.detik.com/berita/d-4842383/data-banjir-jabodetabek-di-tahun-baru-2020,"
Rabu, 01 Jan 2020 09:15 WIB "
"Pinang Ranti Banjir, Sepeda Motor Diperbolehkan Masuk Tol Taman Mini",https://news.detik.com/berita/d-4842374/pinang-ranti-banjir-sepeda-motor-diperbolehkan-masuk-tol-taman-mini,"
Rabu, 01 Jan 2020 09:01 WIB "
13 Jalan di Jakarta Ini Tak Bisa Dilalui Kendaraan Karena Banjir,https://news.detik.com/berita/d-4842373/13-jalan-di-jakarta-ini-tak-bisa-dilalui-kendaraan-karena-banjir,"
Rabu, 01 Jan 2020 09:00 WIB "
"Banjir, Sejumlah Perjalanan KRL Terganggu",https://news.detik.com/berita/d-4842367/banjir-sejumlah-perjalanan-krl-terganggu,"
Rabu, 01 Jan 2020 08:50 WIB "
"Hujan Deras, Jalan Tendean Jaksel Tergenang",https://news.detik.com/berita/d-4842358/hujan-deras-jalan-tendean-jaksel-tergenang,"
Rabu, 01 Jan 2020 08:35 WIB "
4 Gerbang Tol Jakarta-Cikampek Ini Tutup Sementara Karena Genangan,https://news.detik.com/berita/d-4842347/4-gerbang-tol-jakarta-cikampek-ini-tutup-sementara-karena-genangan,"
Rabu, 01 Jan 2020 08:24 WIB "
Tol Jakarta-Cikampek Tergenang di 6 Lokasi,https://news.detik.com/berita/d-4842342/tol-jakarta-cikampek-tergenang-di-6-lokasi,"
Rabu, 01 Jan 2020 08:12 WIB "
"Depan Gedung KPK Banjir, Jl Rasuna Said Tak Bisa Dilalui",https://news.detik.com/berita/d-4842338/depan-gedung-kpk-banjir-jl-rasuna-said-tak-bisa-dilalui,"
Rabu, 01 Jan 2020 08:06 WIB "
"Banjir Setinggi Paha Orang Dewasa di Halim Jaktim, Sejumlah Warga Mengungsi",https://news.detik.com/berita/d-4842334/banjir-setinggi-paha-orang-dewasa-di-halim-jaktim-sejumlah-warga-mengungsi,"
Rabu, 01 Jan 2020 07:59 WIB "
"Perumahan Jatibening Permai Ditelan Banjir, Ini Penampakannya",https://news.detik.com/berita/d-4842321/perumahan-jatibening-permai-ditelan-banjir-ini-penampakannya,"
Rabu, 01 Jan 2020 07:34 WIB "
Warga di 10 Lokasi Jakarta Timur Dievakuasi dari Banjir,https://news.detik.com/berita/d-4842307/warga-di-10-lokasi-jakarta-timur-dievakuasi-dari-banjir,"
Rabu, 01 Jan 2020 07:10 WIB "
"Hari Pertama Tahun Baru 2020, Banjir Jadi Trending Topic di Medsos",https://news.detik.com/berita/d-4842303/hari-pertama-tahun-baru-2020-banjir-jadi-trending-topic-di-medsos,"
Rabu, 01 Jan 2020 06:49 WIB "
"7 Titik di Jakarta Selatan Terendam Banjir, Warga Dievakuasi",https://news.detik.com/berita/d-4842302/7-titik-di-jakarta-selatan-terendam-banjir-warga-dievakuasi,"
Rabu, 01 Jan 2020 06:46 WIB "
Kompleks BPPT Meruya Jakarta Barat Kebanjiran Hingga Selutut,https://news.detik.com/berita/d-4842301/kompleks-bppt-meruya-jakarta-barat-kebanjiran-hingga-selutut,"
Rabu, 01 Jan 2020 06:38 WIB "
"Kelapa Gading Jakarta Utara Banjir, Sedan Diimbau Tak Melintas",https://news.detik.com/berita/d-4842300/kelapa-gading-jakarta-utara-banjir-sedan-diimbau-tak-melintas,"
Rabu, 01 Jan 2020 06:26 WIB "
"Banjir Genangi Sekitar RSAL Dr Mintoharjo, Bendungan Hilir, Jakpus",https://news.detik.com/berita/d-4842299/banjir-genangi-sekitar-rsal-dr-mintoharjo-bendungan-hilir-jakpus,"
Rabu, 01 Jan 2020 06:12 WIB "
BPBD DKI Tetapkan Status Pintu Air Karet Siaga 1,https://news.detik.com/berita/d-4842298/bpbd-dki-tetapkan-status-pintu-air-karet-siaga-1,"
Rabu, 01 Jan 2020 06:10 WIB "
"Banjir Landa Jakarta Barat: Rawa Buaya, Tanjung Duren, Kebon Jeruk",https://news.detik.com/berita/d-4842296/banjir-landa-jakarta-barat-rawa-buaya-tanjung-duren-kebon-jeruk,"
Rabu, 01 Jan 2020 05:49 WIB "
Banjir Rendam Kelurahan Cipinang Melayu Jaktim,https://news.detik.com/berita/d-4842295/banjir-rendam-kelurahan-cipinang-melayu-jaktim,"
Rabu, 01 Jan 2020 05:34 WIB "
Video Banjir Genangi Permukiman di Jaktim dan Jakbar,https://news.detik.com/berita/d-4842292/video-banjir-genangi-permukiman-di-jaktim-dan-jakbar,"
Rabu, 01 Jan 2020 05:20 WIB "
Kelurahan Pinang Ranti Jakarta Timur Terendam hingga 70 Cm,https://news.detik.com/berita/d-4842291/kelurahan-pinang-ranti-jakarta-timur-terendam-hingga-70-cm,"
Rabu, 01 Jan 2020 05:06 WIB "
BMKG Prediksi Pagi Ini Jabodetabek Hujan Sedang hingga Lebat,https://news.detik.com/berita/d-4842290/bmkg-prediksi-pagi-ini-jabodetabek-hujan-sedang-hingga-lebat,"
Rabu, 01 Jan 2020 05:02 WIB "
Kelurahan Halim Jakarta Timur Kebanjiran 80 Cm,https://news.detik.com/berita/d-4842288/kelurahan-halim-jakarta-timur-kebanjiran-80-cm,"
Rabu, 01 Jan 2020 04:53 WIB "
"Tinggi Banjir Terus Naik, Warga Cipinang Pulomaja Jaktim Mengungsi",https://news.detik.com/berita/d-4842287/tinggi-banjir-terus-naik-warga-cipinang-pulomaja-jaktim-mengungsi,"
Rabu, 01 Jan 2020 04:43 WIB "
Banjir Genangi Jl DI Panjaitan Jatinegara dan Jl Taman Mini Jaktim,https://news.detik.com/berita/d-4842285/banjir-genangi-jl-di-panjaitan-jatinegara-dan-jl-taman-mini-jaktim,"
Rabu, 01 Jan 2020 04:25 WIB "
BPBD DKI Berikan Status Siaga 3 di Empat Pintu Air,https://news.detik.com/berita/d-4842284/bpbd-dki-berikan-status-siaga-3-di-empat-pintu-air,"
Rabu, 01 Jan 2020 04:24 WIB "
"Tahun Baru 2020, Permukiman di Cipinang Pulomaja Jaktim Kebanjiran",https://news.detik.com/berita/d-4842281/tahun-baru-2020-permukiman-di-cipinang-pulomaja-jaktim-kebanjiran,"
Rabu, 01 Jan 2020 03:38 WIB "
BNI Salurkan Bantuan Kepada Korban Banjir di Jakarta,https://news.detik.com/adv-nhl-detikcom/d-4843149/bni-salurkan-bantuan-kepada-korban-banjir-di-jakarta,"
Rabu, 01 Jan 2020 00:00 WIB "
