title,url,date
"Dua Kapal Tanker Saudi Diserang, Trump Ultimatum Iran dan Houthi",https://news.detik.com/dw/d-8588843/dua-kapal-tanker-saudi-diserang-trump-ultimatum-iran-dan-houthi,"
Jumat, 24 Jul 2026 17:42 WIB "
Ahmad Luthfi Sampaikan Pesan Duka dan Perdamaian ke Dubes Iran,https://news.detik.com/bangun-indonesia/d-8585507/ahmad-luthfi-sampaikan-pesan-duka-dan-perdamaian-ke-dubes-iran,"
Rabu, 22 Jul 2026 16:30 WIB "
Balasan Keras Mojtaba Khamenei ke Trump Atas Klaim Tewas,https://news.detik.com/internasional/d-8581249/balasan-keras-mojtaba-khamenei-ke-trump-atas-klaim-tewas,"
Senin, 20 Jul 2026 06:01 WIB "
Kuwait Klaim Cegat Serangan Drone dari Iran,https://news.detik.com/internasional/d-8580676/kuwait-klaim-cegat-serangan-drone-dari-iran,"
Minggu, 19 Jul 2026 15:14 WIB "
Di Balik 'Propaganda Pembalasan' Rezim Iran,https://news.detik.com/dw/d-8578661/di-balik-propaganda-pembalasan-rezim-iran,"
Jumat, 17 Jul 2026 17:09 WIB "
Timur Tengah Terus Memanas Bikin Saudi Borong Senjata AS,https://news.detik.com/internasional/d-8577574/timur-tengah-terus-memanas-bikin-saudi-borong-senjata-as,"
Kamis, 16 Jul 2026 22:02 WIB "
"Timur Tengah Mendidih, Arab Saudi Akan Beli Senjata AS Rp 33 T",https://news.detik.com/internasional/d-8576677/timur-tengah-mendidih-arab-saudi-akan-beli-senjata-as-rp-33-t,"
Kamis, 16 Jul 2026 13:20 WIB "
Iran Pasang Billboard 'Trump dalam Peti Mati' di Teheran,https://news.detik.com/internasional/d-8576520/iran-pasang-billboard-trump-dalam-peti-mati-di-teheran,"
Kamis, 16 Jul 2026 12:15 WIB "
Jerman Waspadai Daftar Mati 13 Tokoh Dunia yang Dirilis Media Iran,https://news.detik.com/dw/d-8576288/jerman-waspadai-daftar-mati-13-tokoh-dunia-yang-dirilis-media-iran,"
Kamis, 16 Jul 2026 10:08 WIB "
Klaim Trump Bahwa Mojtaba Khamenei Sudah Tiada,https://news.detik.com/internasional/d-8574462/klaim-trump-bahwa-mojtaba-khamenei-sudah-tiada,"
Rabu, 15 Jul 2026 06:21 WIB "
Ketua MPR Muzani Ungkap Iran Mau Undang Prabowo ke Teheran,https://news.detik.com/berita/d-8573808/ketua-mpr-muzani-ungkap-iran-mau-undang-prabowo-ke-teheran,"
Selasa, 14 Jul 2026 16:23 WIB "
"Muzani Ungkap Obrolan dengan Ketua Parlemen Iran, Harap Perang Dihentikan",https://news.detik.com/berita/d-8573714/muzani-ungkap-obrolan-dengan-ketua-parlemen-iran-harap-perang-dihentikan,"
Selasa, 14 Jul 2026 15:43 WIB "
"Hadir di Pemakaman Khamenei, Muzani Ungkap Pesan Prabowo ke Pemerintah Iran",https://news.detik.com/berita/d-8573574/hadir-di-pemakaman-khamenei-muzani-ungkap-pesan-prabowo-ke-pemerintah-iran,"
Selasa, 14 Jul 2026 14:36 WIB "
Trump Bilang Pemimpin Tertinggi Iran Mojtaba Khamenei 90% Telah Tiada,https://news.detik.com/internasional/d-8573213/trump-bilang-pemimpin-tertinggi-iran-mojtaba-khamenei-90-telah-tiada,"
Selasa, 14 Jul 2026 11:45 WIB "
Nama Trump hingga Macron Masuk Daftar Pembalasan Versi Koran Iran,https://news.detik.com/internasional/d-8572859/nama-trump-hingga-macron-masuk-daftar-pembalasan-versi-koran-iran,"
Selasa, 14 Jul 2026 06:01 WIB "
"Megawati Terima Dubes Korsel dan UEA di Teuku Umar, Ini yang Dibahas",https://news.detik.com/berita/d-8572661/megawati-terima-dubes-korsel-dan-uea-di-teuku-umar-ini-yang-dibahas,"
Senin, 13 Jul 2026 20:10 WIB "
5 Berita Terpopuler Internasional Hari Ini,https://news.detik.com/internasional/d-8572479/5-berita-terpopuler-internasional-hari-ini,"
Senin, 13 Jul 2026 18:06 WIB "
Seberapa Berisiko Langkah Iran Gandakan Tekanan Lewat Hormuz?,https://news.detik.com/dw/d-8572449/seberapa-berisiko-langkah-iran-gandakan-tekanan-lewat-hormuz,"
Senin, 13 Jul 2026 17:50 WIB "
"Diduga Mojtaba, Sosok Misterius di Pemakaman Khamenei Terungkap",https://news.detik.com/internasional/d-8572325/diduga-mojtaba-sosok-misterius-di-pemakaman-khamenei-terungkap,"
Senin, 13 Jul 2026 16:54 WIB "
"Surat Kabar Iran Rilis Daftar Target Pembalasan, Ada Trump-Macron",https://news.detik.com/internasional/d-8571565/surat-kabar-iran-rilis-daftar-target-pembalasan-ada-trump-macron,"
Senin, 13 Jul 2026 11:16 WIB "
"Kapal Berisi WN India Diserang Saat Iran-AS Memanas, Kemlu India Mengecam",https://news.detik.com/internasional/d-8570742/kapal-berisi-wn-india-diserang-saat-iran-as-memanas-kemlu-india-mengecam,"
Minggu, 12 Jul 2026 16:34 WIB "
Perlawanan dan Balas Dendam: Pesan Iran Lewat Pemakaman Khamenei,https://news.detik.com/bbc-world/d-8569890/perlawanan-dan-balas-dendam-pesan-iran-lewat-pemakaman-khamenei,"
Sabtu, 11 Jul 2026 19:20 WIB "
Mojtaba Khamenei Bersumpah Akan Balas Kematian Ayahnya!,https://news.detik.com/internasional/d-8569860/mojtaba-khamenei-bersumpah-akan-balas-kematian-ayahnya,"
Sabtu, 11 Jul 2026 18:39 WIB "
Iran Berterima Kasih ke Dunia Islam Atas Pemakaman Bersejarah Khamenei,https://news.detik.com/internasional/d-8569800/iran-berterima-kasih-ke-dunia-islam-atas-pemakaman-bersejarah-khamenei,"
Sabtu, 11 Jul 2026 18:11 WIB "
AS Jatuhkan Sanksi ke 'Pemodal Utama' Mojtaba Khamenei,https://news.detik.com/internasional/d-8569667/as-jatuhkan-sanksi-ke-pemodal-utama-mojtaba-khamenei,"
Sabtu, 11 Jul 2026 16:27 WIB "
"Khamenei Dimakamkan, Babak Baru Konflik Iran-AS Dimulai",https://news.detik.com/internasional/d-8569177/khamenei-dimakamkan-babak-baru-konflik-iran-as-dimulai,"
Sabtu, 11 Jul 2026 08:44 WIB "
Menlu RI Bertemu Menlu Iran Saat Hadiri Upacara Pemakaman Ali Khamenei,https://news.detik.com/berita/d-8569053/menlu-ri-bertemu-menlu-iran-saat-hadiri-upacara-pemakaman-ali-khamenei,"
Sabtu, 11 Jul 2026 00:43 WIB "
Iran Wanti-wanti AS dan Israel: Tiap Serangan ke Infrastruktur Akan Dibalas,https://news.detik.com/internasional/d-8568896/iran-wanti-wanti-as-dan-israel-tiap-serangan-ke-infrastruktur-akan-dibalas,"
Jumat, 10 Jul 2026 20:18 WIB "
Iran Klaim 43 Juta Orang Hadiri Pemakaman Khamenei,https://news.detik.com/internasional/d-8568542/iran-klaim-43-juta-orang-hadiri-pemakaman-khamenei,"
Jumat, 10 Jul 2026 16:29 WIB "
Israel Ancam Serang Iran Lagi!,https://news.detik.com/internasional/d-8567837/israel-ancam-serang-iran-lagi,"
Jumat, 10 Jul 2026 10:22 WIB "
"Megawati Tegaskan PDIP Partai Penyeimbang, Sekjen PD: Harus Diperjelas",https://news.detik.com/berita/d-8567676/megawati-tegaskan-pdip-partai-penyeimbang-sekjen-pd-harus-diperjelas,"
Jumat, 10 Jul 2026 08:11 WIB "
Jenazah Ali Khamenei Dimakamkan di Kota Kelahirannya Mashhad,https://news.detik.com/internasional/d-8567655/jenazah-ali-khamenei-dimakamkan-di-kota-kelahirannya-mashhad,"
Jumat, 10 Jul 2026 07:29 WIB "
"Menlu RI Terbang ke Iran Malam Ini, Ketum PBNU dan Muhammadiyah Ikut Dampingi",https://news.detik.com/berita/d-8567474/menlu-ri-terbang-ke-iran-malam-ini-ketum-pbnu-dan-muhammadiyah-ikut-dampingi,"
Kamis, 09 Jul 2026 21:52 WIB "
Jenazah Khamenei Diterbangkan ke Mashhad dengan Dikawal Jet Tempur Iran,https://news.detik.com/internasional/d-8567197/jenazah-khamenei-diterbangkan-ke-mashhad-dengan-dikawal-jet-tempur-iran,"
Kamis, 09 Jul 2026 17:50 WIB "
Bagaimana Teknologi Drone Membebaskan Poros Perlawanan Iran?,https://news.detik.com/dw/d-8567017/bagaimana-teknologi-drone-membebaskan-poros-perlawanan-iran,"
Kamis, 09 Jul 2026 16:41 WIB "
Iran Akan Makamkan Ali Khamenei Saat AS Gencarkan Serangan,https://news.detik.com/internasional/d-8566652/iran-akan-makamkan-ali-khamenei-saat-as-gencarkan-serangan,"
Kamis, 09 Jul 2026 13:50 WIB "
Trump Usai AS Serang Iran: Skor 20 Banding 1,https://news.detik.com/internasional/d-8566098/trump-usai-as-serang-iran-skor-20-banding-1,"
Kamis, 09 Jul 2026 07:11 WIB "
"Trump Perintahkan Serangan Baru, Selatan Iran Dihantam Sejumlah Ledakan",https://news.detik.com/internasional/d-8566074/trump-perintahkan-serangan-baru-selatan-iran-dihantam-sejumlah-ledakan,"
Kamis, 09 Jul 2026 06:10 WIB "
Pesan Duka Megawati Atas Wafatnya Khamenei Muncul di TV Iran,https://news.detik.com/berita/d-8565935/pesan-duka-megawati-atas-wafatnya-khamenei-muncul-di-tv-iran,"
Rabu, 08 Jul 2026 21:08 WIB "
Pesan Politik Pemakaman Ali Khamenei dan Geopolitik Selat Hormuz,https://news.detik.com/kolom/d-8565811/pesan-politik-pemakaman-ali-khamenei-dan-geopolitik-selat-hormuz,"
Rabu, 08 Jul 2026 19:21 WIB "
"Muzani Bertolak ke Iran Besok Malam, Akan Hadiri Pemakaman Ali Khamenei",https://news.detik.com/berita/d-8565783/muzani-bertolak-ke-iran-besok-malam-akan-hadiri-pemakaman-ali-khamenei,"
Rabu, 08 Jul 2026 19:07 WIB "
Jutaan Orang Ikuti Prosesi Pemakaman Khamenei di Najaf Irak,https://news.detik.com/internasional/d-8565240/jutaan-orang-ikuti-prosesi-pemakaman-khamenei-di-najaf-irak,"
Rabu, 08 Jul 2026 14:45 WIB "
"Megawati Kirim Pesan Duka Wafatnya Khamenei, Ditayangkan di TV Iran",https://news.detik.com/berita/d-8564929/megawati-kirim-pesan-duka-wafatnya-khamenei-ditayangkan-di-tv-iran,"
Rabu, 08 Jul 2026 12:28 WIB "
Panas! Giliran Iran Serang 85 Fasilitas Militer AS di Bahrain dan Kuwait,https://news.detik.com/internasional/d-8564788/panas-giliran-iran-serang-85-fasilitas-militer-as-di-bahrain-dan-kuwait,"
Rabu, 08 Jul 2026 11:14 WIB "
Presiden Pezeshkian Buru-buru Pulang dari Irak Saat AS Serang Iran,https://news.detik.com/internasional/d-8564578/presiden-pezeshkian-buru-buru-pulang-dari-irak-saat-as-serang-iran,"
Rabu, 08 Jul 2026 08:39 WIB "
"Tiba di Irak, Peti Jenazah Ali Khamenei Bakal Diarak ke Kota Suci Najaf",https://news.detik.com/internasional/d-8564459/tiba-di-irak-peti-jenazah-ali-khamenei-bakal-diarak-ke-kota-suci-najaf,"
Rabu, 08 Jul 2026 04:46 WIB "
Muzani Jelaskan Posisinya Berangkat ke Pemakaman Khamenei: Utusan Negara,https://news.detik.com/berita/d-8564111/muzani-jelaskan-posisinya-berangkat-ke-pemakaman-khamenei-utusan-negara,"
Selasa, 07 Jul 2026 18:43 WIB "
5 Berita Terpopuler Internasional,https://news.detik.com/internasional/d-8563996/5-berita-terpopuler-internasional,"
Selasa, 07 Jul 2026 17:40 WIB "
"Trump Ingin Deal dengan Iran, Tapi Ingatkan Opsi Militer Tetap Ada!",https://news.detik.com/internasional/d-8563578/trump-ingin-deal-dengan-iran-tapi-ingatkan-opsi-militer-tetap-ada,"
Selasa, 07 Jul 2026 14:51 WIB "
Ketua MPR Muzani Siap Berangkat ke Teheran Hadiri Pemakaman Khamenei,https://news.detik.com/berita/d-8563023/ketua-mpr-muzani-siap-berangkat-ke-teheran-hadiri-pemakaman-khamenei,"
Selasa, 07 Jul 2026 10:04 WIB "
"Jutaan Orang Padati Prosesi Pemakaman Khamenei, Unjuk Kekuatan?",https://news.detik.com/dw/d-8562959/jutaan-orang-padati-prosesi-pemakaman-khamenei-unjuk-kekuatan,"
Selasa, 07 Jul 2026 09:12 WIB "
Kemlu Jawab Kritik Dino: Menlu dan Ketua MPR Bakal Hadiri Pemakaman Khamenei,https://news.detik.com/berita/d-8562907/kemlu-jawab-kritik-dino-menlu-dan-ketua-mpr-bakal-hadiri-pemakaman-khamenei,"
Selasa, 07 Jul 2026 08:29 WIB "
"'Air Mata Palsu', Tudingan Trump ke Pelayat yang Banjiri Pemakaman Khamenei",https://news.detik.com/internasional/d-8562844/air-mata-palsu-tudingan-trump-ke-pelayat-yang-banjiri-pemakaman-khamenei,"
Selasa, 07 Jul 2026 06:01 WIB "
"Hari Ke-2 Prosesi Pemakaman Khamenei, Warga Iran Tuntut Pembalasan ke Trump",https://news.detik.com/internasional/d-8562744/hari-ke-2-prosesi-pemakaman-khamenei-warga-iran-tuntut-pembalasan-ke-trump,"
Senin, 06 Jul 2026 21:45 WIB "
Menlu Sugiono Berencana Hadiri Pemakaman Ali Khamenei di Iran 9 Juli,https://news.detik.com/berita/d-8562630/menlu-sugiono-berencana-hadiri-pemakaman-ali-khamenei-di-iran-9-juli,"
Senin, 06 Jul 2026 20:02 WIB "
"Dubes RI Tak Dapat Akses ke Area Persemayaman Ali Khamenei, Menlu Buka Suara",https://news.detik.com/berita/d-8562577/dubes-ri-tak-dapat-akses-ke-area-persemayaman-ali-khamenei-menlu-buka-suara,"
Senin, 06 Jul 2026 19:10 WIB "
"Israel Ancam Pemimpin Iran, Ingatkan Khamenei Gugur karena Serangannya",https://news.detik.com/internasional/d-8562483/israel-ancam-pemimpin-iran-ingatkan-khamenei-gugur-karena-serangannya,"
Senin, 06 Jul 2026 18:18 WIB "
Iran Tutup Wilayah Udaranya Saat Prosesi Pemakaman Khamenei,https://news.detik.com/internasional/d-8562271/iran-tutup-wilayah-udaranya-saat-prosesi-pemakaman-khamenei,"
Senin, 06 Jul 2026 16:55 WIB "
"Hari Kedua Pemakaman Ayatollah Khamenei, Mojtaba Tak Terlihat",https://news.detik.com/dw/d-8561917/hari-kedua-pemakaman-ayatollah-khamenei-mojtaba-tak-terlihat,"
Senin, 06 Jul 2026 14:18 WIB "
Trump Kaget Begitu Banyak Orang Hadiri Pemakaman Khamenei,https://news.detik.com/internasional/d-8561794/trump-kaget-begitu-banyak-orang-hadiri-pemakaman-khamenei,"
Senin, 06 Jul 2026 13:19 WIB "
"Prosesi Pemakaman Khamenei Dimulai, Pelayat Banjiri Jalanan Teheran",https://news.detik.com/internasional/d-8561613/prosesi-pemakaman-khamenei-dimulai-pelayat-banjiri-jalanan-teheran,"
Senin, 06 Jul 2026 11:32 WIB "
Momen Dubes RI di Teheran Hadiri Penghormatan Terakhir Khamenei,https://news.detik.com/berita/d-8561489/momen-dubes-ri-di-teheran-hadiri-penghormatan-terakhir-khamenei,"
Senin, 06 Jul 2026 10:22 WIB "
Pilihan Ayat Saat Delegasi Saudi Hadiri Pemakaman Khamenei Jadi Sorotan,https://news.detik.com/internasional/d-8561334/pilihan-ayat-saat-delegasi-saudi-hadiri-pemakaman-khamenei-jadi-sorotan,"
Senin, 06 Jul 2026 07:30 WIB "
Pelayat Ali Khamenei Tuntut Balas Dendam: Kita Harus Bunuh Trump!,https://news.detik.com/internasional/d-8561178/pelayat-ali-khamenei-tuntut-balas-dendam-kita-harus-bunuh-trump,"
Minggu, 05 Jul 2026 21:52 WIB "
"Tanpa Mojtaba, 3 Putra Ali Khamenei Hadiri Upacara Pemakaman di Teheran",https://news.detik.com/internasional/d-8560630/tanpa-mojtaba-3-putra-ali-khamenei-hadiri-upacara-pemakaman-di-teheran,"
Minggu, 05 Jul 2026 13:22 WIB "
AS dan Negara-negara Barat Tak Kirim Delegasi ke Pemakaman Khamenei,https://news.detik.com/internasional/d-8560450/as-dan-negara-negara-barat-tak-kirim-delegasi-ke-pemakaman-khamenei,"
Minggu, 05 Jul 2026 10:50 WIB "
"Delegasi Saudi Hadiri Pemakaman Khamenei, Ayat Dilantunkan Iran Jadi Sorotan",https://news.detik.com/internasional/d-8560375/delegasi-saudi-hadiri-pemakaman-khamenei-ayat-dilantunkan-iran-jadi-sorotan,"
Minggu, 05 Jul 2026 09:52 WIB "
Warga Iran Tetap Ramai Hadiri Pemakaman Khamenei Saat Cuaca Super Panas,https://news.detik.com/internasional/d-8560313/warga-iran-tetap-ramai-hadiri-pemakaman-khamenei-saat-cuaca-super-panas,"
Minggu, 05 Jul 2026 08:51 WIB "
"Ketegangan Mereda, Saudi-Qatar Kirim Delegasi Hadiri Pemakaman Khamenei di Iran",https://news.detik.com/internasional/d-8560267/ketegangan-mereda-saudi-qatar-kirim-delegasi-hadiri-pemakaman-khamenei-di-iran,"
Minggu, 05 Jul 2026 07:45 WIB "
5 Hal Tentang Pemakaman Khamenei: Berlangsung 6 Hari hingga 'Matilah Amerika',https://news.detik.com/internasional/d-8560236/5-hal-tentang-pemakaman-khamenei-berlangsung-6-hari-hingga-matilah-amerika,"
Minggu, 05 Jul 2026 07:03 WIB "
Petinggi Hizbullah dan Hamas Hadiri Pemakaman Khamenei,https://news.detik.com/internasional/d-8560129/petinggi-hizbullah-dan-hamas-hadiri-pemakaman-khamenei,"
Sabtu, 04 Jul 2026 23:30 WIB "
"Kembali Panas, Arab Saudi dan Houthi Saling Ancam!",https://news.detik.com/internasional/d-8559961/kembali-panas-arab-saudi-dan-houthi-saling-ancam,"
Sabtu, 04 Jul 2026 19:56 WIB "
Fakta-fakta Pemakaman Khamenei yang Akan Dihadiri Jutaan Pelayat,https://news.detik.com/bbc-world/d-8559861/fakta-fakta-pemakaman-khamenei-yang-akan-dihadiri-jutaan-pelayat,"
Sabtu, 04 Jul 2026 18:31 WIB "
Dubes RI di Teheran Jadi Perwakilan RI Hadiri Penghormatan Terakhir Khamenei,https://news.detik.com/berita/d-8559808/dubes-ri-di-teheran-jadi-perwakilan-ri-hadiri-penghormatan-terakhir-khamenei,"
Sabtu, 04 Jul 2026 17:28 WIB "
Teriakan 'Matilah Amerika' Bergema di Pemakaman Khamenei,https://news.detik.com/internasional/d-8559432/teriakan-matilah-amerika-bergema-di-pemakaman-khamenei,"
Sabtu, 04 Jul 2026 11:56 WIB "
"Iran Resmi Mulai Prosesi Pemakaman Khamenei, Akan Berlangsung 6 Hari",https://news.detik.com/internasional/d-8559355/iran-resmi-mulai-prosesi-pemakaman-khamenei-akan-berlangsung-6-hari,"
Sabtu, 04 Jul 2026 10:15 WIB "
"Hadiri Pemakaman Khamenei, Petinggi Rusia Bilang Iran Akan Menang Atas AS",https://news.detik.com/internasional/d-8559328/hadiri-pemakaman-khamenei-petinggi-rusia-bilang-iran-akan-menang-atas-as,"
Sabtu, 04 Jul 2026 09:54 WIB "
Tangisan Pelayat Saat Peti Jenazah Ayatollah Khamenei Ditampilkan,https://news.detik.com/internasional/d-8559189/tangisan-pelayat-saat-peti-jenazah-ayatollah-khamenei-ditampilkan,"
Sabtu, 04 Jul 2026 06:09 WIB "
640 Ribu Warga Lebanon yang Mengungsi Kembali ke Rumah,https://news.detik.com/internasional/d-8559179/640-ribu-warga-lebanon-yang-mengungsi-kembali-ke-rumah,"
Sabtu, 04 Jul 2026 04:34 WIB "
PM Pakistan hingga Menlu Afghanistan Hadiri Pemakaman Ali Khamenei,https://news.detik.com/internasional/d-8559145/pm-pakistan-hingga-menlu-afghanistan-hadiri-pemakaman-ali-khamenei,"
Sabtu, 04 Jul 2026 00:57 WIB "
Iran Mulai Prosesi Pemakaman Ayatollah Khamenei,https://news.detik.com/dw/d-8558708/iran-mulai-prosesi-pemakaman-ayatollah-khamenei,"
Jumat, 03 Jul 2026 17:42 WIB "
AS Wanti-wanti Iran Tak Bikin Perubahan Apa Pun di Selat Hormuz,https://news.detik.com/internasional/d-8558677/as-wanti-wanti-iran-tak-bikin-perubahan-apa-pun-di-selat-hormuz,"
Jumat, 03 Jul 2026 17:23 WIB "
"Jet Tempur-Drone AS Hilir Mudik di Selat Hormuz, Iran Geram!",https://news.detik.com/internasional/d-8558598/jet-tempur-drone-as-hilir-mudik-di-selat-hormuz-iran-geram,"
Jumat, 03 Jul 2026 16:50 WIB "
"Momen Peti Jenazah Ayatollah Khamenei Ditampilkan, Pelayat Menangis",https://news.detik.com/internasional/d-8558308/momen-peti-jenazah-ayatollah-khamenei-ditampilkan-pelayat-menangis,"
Jumat, 03 Jul 2026 14:17 WIB "
"Pertama Kali Sejak Perang, Kepala Garda Revolusi Iran Muncul Depan Publik",https://news.detik.com/internasional/d-8558254/pertama-kali-sejak-perang-kepala-garda-revolusi-iran-muncul-depan-publik,"
Jumat, 03 Jul 2026 13:54 WIB "
Jenazah Khamenei Tiba di Teheran untuk Seremoni Pemakaman,https://news.detik.com/internasional/d-8558212/jenazah-khamenei-tiba-di-teheran-untuk-seremoni-pemakaman,"
Jumat, 03 Jul 2026 13:32 WIB "
Trump Klaim Iran Setujui 'Hampir Semua Hal' dalam Perundingan,https://news.detik.com/internasional/d-8557923/trump-klaim-iran-setujui-hampir-semua-hal-dalam-perundingan,"
Jumat, 03 Jul 2026 10:43 WIB "
"Was-was Ancaman Israel, Mojtaba Khamenei Tak Akan Hadiri Pemakaman Ali Khamenei",https://news.detik.com/internasional/d-8557628/was-was-ancaman-israel-mojtaba-khamenei-tak-akan-hadiri-pemakaman-ali-khamenei,"
Jumat, 03 Jul 2026 00:00 WIB "
Janji Iran Balas Kematian Ayatollah Khamenei,https://news.detik.com/internasional/d-8557426/janji-iran-balas-kematian-ayatollah-khamenei,"
Kamis, 02 Jul 2026 20:05 WIB "
"Pemakaman Ayatollah Khamenei, Iran Peringatkan AS-Israel Tak Macam-macam",https://news.detik.com/internasional/d-8557406/pemakaman-ayatollah-khamenei-iran-peringatkan-as-israel-tak-macam-macam,"
Kamis, 02 Jul 2026 19:45 WIB "
Perundingan AS-Iran Dilanjutkan Usai Pemakaman Pemimpin Tertinggi,https://news.detik.com/dw/d-8557322/perundingan-as-iran-dilanjutkan-usai-pemakaman-pemimpin-tertinggi,"
Kamis, 02 Jul 2026 18:24 WIB "
"Negosiasi Iran-AS di Qatar Selesai, Apa Hasilnya?",https://news.detik.com/internasional/d-8556689/negosiasi-iran-as-di-qatar-selesai-apa-hasilnya,"
Kamis, 02 Jul 2026 12:58 WIB "
Iran Bersumpah Balas Kematian Ayatollah Khamenei di Waktu yang Tepat!,https://news.detik.com/internasional/d-8556560/iran-bersumpah-balas-kematian-ayatollah-khamenei-di-waktu-yang-tepat,"
Kamis, 02 Jul 2026 12:04 WIB "
"Israel Targetkan Bunuh Mojtaba Khamenei, Iran Ancam Beri Tanggapan Keras",https://news.detik.com/internasional/d-8556092/israel-targetkan-bunuh-mojtaba-khamenei-iran-ancam-beri-tanggapan-keras,"
Rabu, 01 Jul 2026 23:39 WIB "
Pemakaman Megah untuk Ayatollah Khamenei,https://news.detik.com/internasional/d-8556057/pemakaman-megah-untuk-ayatollah-khamenei,"
Rabu, 01 Jul 2026 22:06 WIB "
Iran Siap Gelar Pemakaman Megah untuk Ayatollah Khamenei,https://news.detik.com/internasional/d-8555210/iran-siap-gelar-pemakaman-megah-untuk-ayatollah-khamenei,"
Rabu, 01 Jul 2026 13:29 WIB "
Trump Klaim Iran Setuju Tak Akan Punya Senjata Nuklir,https://news.detik.com/internasional/d-8553841/trump-klaim-iran-setuju-tak-akan-punya-senjata-nuklir,"
Selasa, 30 Jun 2026 15:09 WIB "
"Lebanon-Israel-AS Teken Pakta Trilateral, Buka Jalan untuk Perjanjian Damai",https://news.detik.com/internasional/d-8549577/lebanon-israel-as-teken-pakta-trilateral-buka-jalan-untuk-perjanjian-damai,"
Sabtu, 27 Jun 2026 12:56 WIB "
Iran Tetapkan 3 Hari Libur Nasional untuk Pemakaman Ali Khamenei,https://news.detik.com/internasional/d-8544540/iran-tetapkan-3-hari-libur-nasional-untuk-pemakaman-ali-khamenei,"
Rabu, 24 Jun 2026 05:00 WIB "
Kesepakatan AS-Iran Kemenangan Buat Hizbullah?,https://news.detik.com/dw/d-8543281/kesepakatan-as-iran-kemenangan-buat-hizbullah,"
Selasa, 23 Jun 2026 11:07 WIB "
Netanyahu Bersumpah Akan Cegah Iran Memiliki Senjata Nuklir,https://news.detik.com/internasional/d-8541828/netanyahu-bersumpah-akan-cegah-iran-memiliki-senjata-nuklir,"
Senin, 22 Jun 2026 11:29 WIB "
Memanas! Hizbullah Hancurkan 3 Tank Tempur Israel,https://news.detik.com/internasional/d-8538115/memanas-hizbullah-hancurkan-3-tank-tempur-israel,"
Jumat, 19 Jun 2026 10:39 WIB "
"Israel Terus Bombardir Lebanon Selatan, Nantang Iran?",https://news.detik.com/internasional/d-8535411/israel-terus-bombardir-lebanon-selatan-nantang-iran,"
Rabu, 17 Jun 2026 14:37 WIB "
Ayatollah Khamenei Akan Dimakamkan pada 9 Juli,https://news.detik.com/internasional/d-8530810/ayatollah-khamenei-akan-dimakamkan-pada-9-juli,"
Sabtu, 13 Jun 2026 18:50 WIB "
Israel Gempur Lebanon Usai Serukan Warga Mengungsi,https://news.detik.com/internasional/d-8530593/israel-gempur-lebanon-usai-serukan-warga-mengungsi,"
Sabtu, 13 Jun 2026 15:45 WIB "
Akankah Otoritas Iran Beralih dari Ulama ke Militer?,https://news.detik.com/dw/d-8530186/akankah-otoritas-iran-beralih-dari-ulama-ke-militer,"
Sabtu, 13 Jun 2026 08:32 WIB "
Upacara Pemakaman Ayatollah Khamenei Ditunda hingga Usai Hari Asyura,https://news.detik.com/internasional/d-8528766/upacara-pemakaman-ayatollah-khamenei-ditunda-hingga-usai-hari-asyura,"
Jumat, 12 Jun 2026 09:16 WIB "
"Israel Serang Tyre Lebanon, 10 Staf Rumah Sakit Terluka",https://news.detik.com/internasional/d-8528567/israel-serang-tyre-lebanon-10-staf-rumah-sakit-terluka,"
Jumat, 12 Jun 2026 03:04 WIB "
Hizbullah Klaim Lakukan Serangan Demi Bela Rakyat Lebanon,https://news.detik.com/internasional/d-8521409/hizbullah-klaim-lakukan-serangan-demi-bela-rakyat-lebanon,"
Minggu, 07 Jun 2026 10:33 WIB "
3 Tentara Lebanon Tewas Dihantam Serangan Udara Israel,https://news.detik.com/internasional/d-8520887/3-tentara-lebanon-tewas-dihantam-serangan-udara-israel,"
Sabtu, 06 Jun 2026 18:44 WIB "
Iran Tolak Keras Trump yang Mau Ketemu Mojtaba Khamenei,https://news.detik.com/internasional/d-8519996/iran-tolak-keras-trump-yang-mau-ketemu-mojtaba-khamenei,"
Jumat, 05 Jun 2026 22:27 WIB "
"Israel Bombardir Lebanon Saat Gencatan Senjata, 7 Orang Tewas",https://news.detik.com/internasional/d-8519462/israel-bombardir-lebanon-saat-gencatan-senjata-7-orang-tewas,"
Jumat, 05 Jun 2026 16:08 WIB "
Trump Bilang Mungkin Ketemu Mojtaba Khamenei Jika Ada Deal,https://news.detik.com/internasional/d-8518885/trump-bilang-mungkin-ketemu-mojtaba-khamenei-jika-ada-deal,"
Jumat, 05 Jun 2026 10:45 WIB "
Ganjalan bagi Trump Bila Ingin Lanjut Perang Iran,https://news.detik.com/internasional/d-8518514/ganjalan-bagi-trump-bila-ingin-lanjut-perang-iran,"
Kamis, 04 Jun 2026 22:07 WIB "
DPR AS Putuskan Trump Tak Bisa Lanjutkan Perang Iran Tanpa Restu Kongres,https://news.detik.com/internasional/d-8517345/dpr-as-putuskan-trump-tak-bisa-lanjutkan-perang-iran-tanpa-restu-kongres,"
Kamis, 04 Jun 2026 11:22 WIB "
"AS dan Iran Tak Kunjung Damai, Trump Ingin Ketemu Mojtaba Khamenei",https://news.detik.com/internasional/d-8516793/as-dan-iran-tak-kunjung-damai-trump-ingin-ketemu-mojtaba-khamenei,"
Rabu, 03 Jun 2026 20:51 WIB "
Iran Akan Gelar Upacara Pemakaman Ayatollah Khamenei selama 3 Hari,https://news.detik.com/internasional/d-8515751/iran-akan-gelar-upacara-pemakaman-ayatollah-khamenei-selama-3-hari,"
Rabu, 03 Jun 2026 11:40 WIB "
AS Sebut Mojtaba Khamenei Masih Hidup-Terlibat Aktif via Perantara,https://news.detik.com/internasional/d-8515623/as-sebut-mojtaba-khamenei-masih-hidup-terlibat-aktif-via-perantara,"
Rabu, 03 Jun 2026 10:46 WIB "
"Trump Klaim Konflik Lebanon Mereda, Incar Damai dengan Iran",https://news.detik.com/dw/d-8514767/trump-klaim-konflik-lebanon-mereda-incar-damai-dengan-iran,"
Selasa, 02 Jun 2026 16:05 WIB "
Iran Hancurkan 20 Fasilitas Militer AS Sejak Perang Dimulai,https://news.detik.com/bbc-world/d-8514074/iran-hancurkan-20-fasilitas-militer-as-sejak-perang-dimulai,"
Selasa, 02 Jun 2026 10:30 WIB "
AS-Iran Masih Saling Serang Saat Kesepakatan Damai Belum Ada Titik Terang,https://news.detik.com/internasional/d-8513771/as-iran-masih-saling-serang-saat-kesepakatan-damai-belum-ada-titik-terang,"
Senin, 01 Jun 2026 22:10 WIB "
Mengapa Ahmadinejad Jadi Misteri dalam Perang AS-Iran?,https://news.detik.com/bbc-world/d-8511100/mengapa-ahmadinejad-jadi-misteri-dalam-perang-as-iran,"
Sabtu, 30 Mei  2026 17:54 WIB "
Iran Siapkan Pemakaman 'Megah' untuk Ayatollah Khamenei,https://news.detik.com/internasional/d-8510373/iran-siapkan-pemakaman-megah-untuk-ayatollah-khamenei,"
Sabtu, 30 Mei  2026 04:00 WIB "
Tekanan Baru AS ke Dunia Penerbangan Iran,https://news.detik.com/internasional/d-8510142/tekanan-baru-as-ke-dunia-penerbangan-iran,"
Jumat, 29 Mei  2026 19:34 WIB "
"Mojtaba Khamenei di Bunker Rahasia, Cuma Bisa Dihubungi via Kurir",https://news.detik.com/internasional/d-8505342/mojtaba-khamenei-di-bunker-rahasia-cuma-bisa-dihubungi-via-kurir,"
Selasa, 26 Mei  2026 11:09 WIB "
Mojtaba Khamenei Bertitah: Uranium Diperkaya Harus Tetap di Iran!,https://news.detik.com/internasional/d-8499706/mojtaba-khamenei-bertitah-uranium-diperkaya-harus-tetap-di-iran,"
Jumat, 22 Mei  2026 11:38 WIB "
Iran Ingatkan Perang Akan Meluas Keluar Kawasan Jika AS Nyerang Lagi!,https://news.detik.com/internasional/d-8497165/iran-ingatkan-perang-akan-meluas-keluar-kawasan-jika-as-nyerang-lagi,"
Rabu, 20 Mei  2026 16:49 WIB "
Iran dan AS yang Belum Juga Akur,https://news.detik.com/internasional/d-8494167/iran-dan-as-yang-belum-juga-akur,"
Senin, 18 Mei  2026 20:02 WIB "
Kunjungan Trump ke China: Jalan Keluar Akhiri Perang?,https://news.detik.com/kolom/d-8491358/kunjungan-trump-ke-china-jalan-keluar-akhiri-perang,"
Sabtu, 16 Mei  2026 18:09 WIB "
â Iran Belum Teredam tapi AS Rogoh Kantong Lebih Dalam,https://news.detik.com/internasional/d-8488431/iran-belum-teredam-tapi-as-rogoh-kantong-lebih-dalam,"
Kamis, 14 Mei  2026 06:20 WIB "
"Info Simpang Siur, Iran Tegaskan Mojtaba Khamenei dalam Kondisi Prima",https://news.detik.com/internasional/d-8483981/info-simpang-siur-iran-tegaskan-mojtaba-khamenei-dalam-kondisi-prima,"
Senin, 11 Mei  2026 12:40 WIB "
"Presiden Iran Ungkap Isi Pertemuan 2,5 Jam dengan Mojtaba Khamenei",https://news.detik.com/internasional/d-8479439/presiden-iran-ungkap-isi-pertemuan-2-5-jam-dengan-mojtaba-khamenei,"
Kamis, 07 Mei  2026 21:39 WIB "
"Alasan Keamanan, AS Akan Tutup Konsulat di Peshawar Pakistan",https://news.detik.com/internasional/d-8477139/alasan-keamanan-as-akan-tutup-konsulat-di-peshawar-pakistan,"
Rabu, 06 Mei  2026 15:46 WIB "
Yang Bilang AS Kalah di Iran Dicap Trump Pengkhianatan,https://news.detik.com/internasional/d-8471769/yang-bilang-as-kalah-di-iran-dicap-trump-pengkhianatan,"
Sabtu, 02 Mei  2026 21:05 WIB "
"Iran Ungkap Mojtaba Khamenei Sehat, Beri Instruksi soal Negosiasi dengan AS",https://news.detik.com/internasional/d-8470573/iran-ungkap-mojtaba-khamenei-sehat-beri-instruksi-soal-negosiasi-dengan-as,"
Jumat, 01 Mei  2026 19:34 WIB "
"Khamenei Sebut Masa Depan Teluk Cerah Tanpa AS, Sentil Kekalahan Memalukan",https://news.detik.com/internasional/d-8469323/khamenei-sebut-masa-depan-teluk-cerah-tanpa-as-sentil-kekalahan-memalukan,"
Kamis, 30 Apr 2026 20:56 WIB "
Serangan Israel Tewaskan 5 Orang di Lebanon Saat Gencatan Senjata,https://news.detik.com/internasional/d-8467253/serangan-israel-tewaskan-5-orang-di-lebanon-saat-gencatan-senjata,"
Rabu, 29 Apr 2026 16:51 WIB "
Presiden Lebanon Ingatkan Hizbullah Soal Pengkhianatan,https://news.detik.com/internasional/d-8465710/presiden-lebanon-ingatkan-hizbullah-soal-pengkhianatan,"
Selasa, 28 Apr 2026 18:18 WIB "
Bos Mossad Klaim Dapat Intelijen Berharga dalam Operasi di Iran,https://news.detik.com/internasional/d-8465673/bos-mossad-klaim-dapat-intelijen-berharga-dalam-operasi-di-iran,"
Selasa, 28 Apr 2026 17:50 WIB "
Keluhan Warga Iran: Harus Bayar 3 Kali Lipat Demi Sepotong Roti,https://news.detik.com/bbc-world/d-8459980/keluhan-warga-iran-harus-bayar-3-kali-lipat-demi-sepotong-roti,"
Jumat, 24 Apr 2026 17:45 WIB "
Mantan Putra Mahkota Iran Reza Pahlavi Cari Dukungan Eropa,https://news.detik.com/dw/d-8459022/mantan-putra-mahkota-iran-reza-pahlavi-cari-dukungan-eropa,"
Jumat, 24 Apr 2026 10:11 WIB "
Alasan di Balik Ayatollah Khamenei Belum Dimakamkan,https://news.detik.com/internasional/d-8453619/alasan-di-balik-ayatollah-khamenei-belum-dimakamkan,"
Selasa, 21 Apr 2026 06:01 WIB "
"Iran Belum Juga Makamkan Ayatollah Khamenei, Kenapa?",https://news.detik.com/internasional/d-8452714/iran-belum-juga-makamkan-ayatollah-khamenei-kenapa,"
Senin, 20 Apr 2026 14:43 WIB "
Presiden Lebanon Ungkap 'Kesepakatan Permanen' Setelah Gencatan Senjata Berakhir,https://news.detik.com/internasional/d-8449668/presiden-lebanon-ungkap-kesepakatan-permanen-setelah-gencatan-senjata-berakhir,"
Sabtu, 18 Apr 2026 03:23 WIB "
NATO Tolak Gabung AS untuk Blokade Selat Hormuz,https://news.detik.com/kolom/d-8444313/nato-tolak-gabung-as-untuk-blokade-selat-hormuz,"
Selasa, 14 Apr 2026 19:23 WIB "
Hizbullah Tolak Lebanon Berunding dengan Israel: Upaya Sia-sia,https://news.detik.com/internasional/d-8443017/hizbullah-tolak-lebanon-berunding-dengan-israel-upaya-sia-sia,"
Selasa, 14 Apr 2026 08:09 WIB "
Saling Tuduh Iran vs AS Usai Perundingan Gagal,https://news.detik.com/internasional/d-8441349/saling-tuduh-iran-vs-as-usai-perundingan-gagal,"
Senin, 13 Apr 2026 06:32 WIB "
21 Jam Perundingan Iran dan AS di Pakistan Berujung Kandas,https://news.detik.com/internasional/d-8441226/21-jam-perundingan-iran-dan-as-di-pakistan-berujung-kandas,"
Minggu, 12 Apr 2026 21:15 WIB "
Pakistan Kirim 3 Jet Tempur ke Saudi di Tengah Gencatan Senjata Rapuh AS-Iran,https://news.detik.com/internasional/d-8440794/pakistan-kirim-3-jet-tempur-ke-saudi-di-tengah-gencatan-senjata-rapuh-as-iran,"
Minggu, 12 Apr 2026 15:22 WIB "
"Perundingan Gagal, AS Tuding Iran Tolak Syarat Tak Bikin Senjata Nuklir",https://news.detik.com/internasional/d-8440456/perundingan-gagal-as-tuding-iran-tolak-syarat-tak-bikin-senjata-nuklir,"
Minggu, 12 Apr 2026 10:03 WIB "
"Perundingan di Pakistan Gagal, Iran dan AS Tak Capai Kesepakatan",https://news.detik.com/internasional/d-8440435/perundingan-di-pakistan-gagal-iran-dan-as-tak-capai-kesepakatan,"
Minggu, 12 Apr 2026 09:37 WIB "
Apa Arti Gencatan Senjata bagi Iran dan Apa yang Terjadi Setelahnya?,https://news.detik.com/bbc-world/d-8439887/apa-arti-gencatan-senjata-bagi-iran-dan-apa-yang-terjadi-setelahnya,"
Sabtu, 11 Apr 2026 18:18 WIB "
Mojtaba Khamenei Alami Luka Parah di Wajah Akibat Serangan AS-Israel,https://news.detik.com/internasional/d-8439886/mojtaba-khamenei-alami-luka-parah-di-wajah-akibat-serangan-as-israel,"
Sabtu, 11 Apr 2026 18:16 WIB "
Dubes Iran Hadiri Peluncuran Buku Khamenei: Warisan Intelektual Dunia,https://news.detik.com/berita/d-8439842/dubes-iran-hadiri-peluncuran-buku-khamenei-warisan-intelektual-dunia,"
Sabtu, 11 Apr 2026 17:32 WIB "
"30 Roket Hizbullah Melesat ke Israel, Bikin Rusak Bangunan-Kendaraan",https://news.detik.com/internasional/d-8439499/30-roket-hizbullah-melesat-ke-israel-bikin-rusak-bangunan-kendaraan,"
Sabtu, 11 Apr 2026 13:21 WIB "
"AS-Iran Berunding di Islamabad, Ini 5 Hal yang Jadi Ganjalan Negosiasi",https://news.detik.com/bbc-world/d-8439171/as-iran-berunding-di-islamabad-ini-5-hal-yang-jadi-ganjalan-negosiasi,"
Sabtu, 11 Apr 2026 09:08 WIB "
Siapa Mohammad Ghalibaf yang Jadi Kepala Juru Runding Iran dengan AS?,https://news.detik.com/bbc-world/d-8438613/siapa-mohammad-ghalibaf-yang-jadi-kepala-juru-runding-iran-dengan-as,"
Jumat, 10 Apr 2026 17:57 WIB "
"Rudal Hizbullah Melesat ke Israel, Sirene Meraung-raung",https://news.detik.com/internasional/d-8438476/rudal-hizbullah-melesat-ke-israel-sirene-meraung-raung,"
Jumat, 10 Apr 2026 16:48 WIB "
Mantan Menlu Iran Meninggal Usai Terluka dalam Serangan AS-Israel,https://news.detik.com/internasional/d-8437733/mantan-menlu-iran-meninggal-usai-terluka-dalam-serangan-as-israel,"
Jumat, 10 Apr 2026 11:09 WIB "
Mojtaba Khamenei Bilang Tak Inginkan Perang dengan AS-Israel,https://news.detik.com/internasional/d-8437559/mojtaba-khamenei-bilang-tak-inginkan-perang-dengan-as-israel,"
Jumat, 10 Apr 2026 09:36 WIB "
Upaya Kemlu RI agar Selat Hormuz Terbuka untuk 2 Kapal Pertamina,https://news.detik.com/berita/d-8435433/upaya-kemlu-ri-agar-selat-hormuz-terbuka-untuk-2-kapal-pertamina,"
Rabu, 08 Apr 2026 20:09 WIB "
Mojtaba Khamenei Ingatkan Gencatan Senjata Bukan Akhir Perang,https://news.detik.com/internasional/d-8434666/mojtaba-khamenei-ingatkan-gencatan-senjata-bukan-akhir-perang,"
Rabu, 08 Apr 2026 14:00 WIB "
Timeline Pernyataan Trump dari Awal Perang Iran Hingga Gencatan Senjata,https://news.detik.com/internasional/d-8434355/timeline-pernyataan-trump-dari-awal-perang-iran-hingga-gencatan-senjata,"
Rabu, 08 Apr 2026 11:16 WIB "
Tanda Tanya Pemegang Kendali Iran saat Mojtaba Tak Sadarkan Diri,https://news.detik.com/internasional/d-8434118/tanda-tanya-pemegang-kendali-iran-saat-mojtaba-tak-sadarkan-diri,"
Rabu, 08 Apr 2026 08:05 WIB "
"310 Siswa-Guru Iran Tewas dalam Serangan AS-Israel, 750 Sekolah Rusak",https://news.detik.com/internasional/d-8433766/310-siswa-guru-iran-tewas-dalam-serangan-as-israel-750-sekolah-rusak,"
Selasa, 07 Apr 2026 19:09 WIB "
Israel Laporkan 7.142 Orang Terluka Sejak Perang Iran Berkecamuk,https://news.detik.com/internasional/d-8433551/israel-laporkan-7-142-orang-terluka-sejak-perang-iran-berkecamuk,"
Selasa, 07 Apr 2026 17:26 WIB "
"Mojtaba Khamenei Dikabarkan Tak Sadarkan Diri, Dirawat di Qom Iran",https://news.detik.com/internasional/d-8433070/mojtaba-khamenei-dikabarkan-tak-sadarkan-diri-dirawat-di-qom-iran,"
Selasa, 07 Apr 2026 14:17 WIB "
Israel Ada di Balik Serangan Tewaskan Bos Intelijen Garda Revolusi Iran,https://news.detik.com/bbc-world/d-8432881/israel-ada-di-balik-serangan-tewaskan-bos-intelijen-garda-revolusi-iran,"
Selasa, 07 Apr 2026 12:44 WIB "
Iran Bilang Hormuz Akan Dibuka Jika Ganti Rugi Perang Dibayar Lunas,https://news.detik.com/dw/d-8432477/iran-bilang-hormuz-akan-dibuka-jika-ganti-rugi-perang-dibayar-lunas,"
Selasa, 07 Apr 2026 08:52 WIB "
Serangan AS-Israel Tewaskan Bos Intelijen Garda Revolusi Iran,https://news.detik.com/internasional/d-8431707/serangan-as-israel-tewaskan-bos-intelijen-garda-revolusi-iran,"
Senin, 06 Apr 2026 16:19 WIB "
Kisah Pilu Pengungsi Lebanon Kehilangan Rumah Akibat Perang,https://news.detik.com/dw/d-8431572/kisah-pilu-pengungsi-lebanon-kehilangan-rumah-akibat-perang,"
Senin, 06 Apr 2026 15:31 WIB "
Iran Ingatkan Trump: Langkah Sembrono Bikin Seluruh Kawasan Terbakar!,https://news.detik.com/internasional/d-8431544/iran-ingatkan-trump-langkah-sembrono-bikin-seluruh-kawasan-terbakar,"
Senin, 06 Apr 2026 15:20 WIB "
Cerita Warga Iran Belum Tidur Berhari-hari Gegara Perang,https://news.detik.com/bbc-world/d-8431256/cerita-warga-iran-belum-tidur-berhari-hari-gegara-perang,"
Senin, 06 Apr 2026 13:25 WIB "
Trump Anggap Pengerahan Pasukan Darat ke Iran Tak Perlu,https://news.detik.com/internasional/d-8430943/trump-anggap-pengerahan-pasukan-darat-ke-iran-tak-perlu,"
Senin, 06 Apr 2026 10:40 WIB "
AS Klaim Tangkap 2 Keluarga Qassem Soleimani,https://news.detik.com/internasional/d-8429916/as-klaim-tangkap-2-keluarga-qassem-soleimani,"
Minggu, 05 Apr 2026 11:38 WIB "
Tuan Rumah Pangkalan Militer AS Dapat Ultimatum dari Iran,https://news.detik.com/internasional/d-8429487/tuan-rumah-pangkalan-militer-as-dapat-ultimatum-dari-iran,"
Sabtu, 04 Apr 2026 22:05 WIB "
Bagaimana Media Massa Israel Memberitakan Perang Iran-AS?,https://news.detik.com/bbc-world/d-8429297/bagaimana-media-massa-israel-memberitakan-perang-iran-as,"
Sabtu, 04 Apr 2026 18:23 WIB "
"Memanas, Iran Ultimatum Negara-negara Tuan Rumah Pangkalan AS!",https://news.detik.com/internasional/d-8428819/memanas-iran-ultimatum-negara-negara-tuan-rumah-pangkalan-as,"
Sabtu, 04 Apr 2026 11:50 WIB "
"Jet Tempur F-15 AS Jatuh di Iran, Trump Sudah Diberi Tahu",https://news.detik.com/internasional/d-8428763/jet-tempur-f-15-as-jatuh-di-iran-trump-sudah-diberi-tahu,"
Sabtu, 04 Apr 2026 11:01 WIB "
"Jet Tempur F-15 AS Jatuh, Iran Buru Awaknya yang Hilang",https://news.detik.com/internasional/d-8428662/jet-tempur-f-15-as-jatuh-iran-buru-awaknya-yang-hilang,"
Sabtu, 04 Apr 2026 09:07 WIB "
Yang Bikin Dubes Iran Temui Megawati hingga Jokowi,https://news.detik.com/berita/d-8428617/yang-bikin-dubes-iran-temui-megawati-hingga-jokowi,"
Sabtu, 04 Apr 2026 07:09 WIB "
Berubah Sikap Trump soal Iran Bikin Putin Siap Turun Tangan,https://news.detik.com/internasional/d-8428601/berubah-sikap-trump-soal-iran-bikin-putin-siap-turun-tangan,"
Sabtu, 04 Apr 2026 06:05 WIB "
Pasukan Perdamaian Kembali Jadi Korban Serangan di Lebanon,https://news.detik.com/internasional/d-8428568/pasukan-perdamaian-kembali-jadi-korban-serangan-di-lebanon,"
Sabtu, 04 Apr 2026 04:06 WIB "
Putin dan Erdogan Desak Perang di Timur Tengah Segera Dihentikan,https://news.detik.com/internasional/d-8428507/putin-dan-erdogan-desak-perang-di-timur-tengah-segera-dihentikan,"
Jumat, 03 Apr 2026 22:30 WIB "
Putin Bilang Siap Bantu Timur Tengah di Tengah Serangan AS-Israel,https://news.detik.com/internasional/d-8427872/putin-bilang-siap-bantu-timur-tengah-di-tengah-serangan-as-israel,"
Jumat, 03 Apr 2026 12:58 WIB "
Serangan AS-Israel Bikin Ratusan Ribu Rumah hingga Sekolah di Iran Rusak,https://news.detik.com/internasional/d-8427826/serangan-as-israel-bikin-ratusan-ribu-rumah-hingga-sekolah-di-iran-rusak,"
Jumat, 03 Apr 2026 11:56 WIB "
Survei 3 Lembaga Ungkap Sikap Warga +62 soal Perang AS-Israel Vs Iran,https://news.detik.com/berita/d-8426930/survei-3-lembaga-ungkap-sikap-warga-62-soal-perang-as-israel-vs-iran,"
Kamis, 02 Apr 2026 16:18 WIB "
"Serangan Israel Tewaskan 7 Orang di Beirut, Termasuk Komandan Hizbullah",https://news.detik.com/internasional/d-8426554/serangan-israel-tewaskan-7-orang-di-beirut-termasuk-komandan-hizbullah,"
Kamis, 02 Apr 2026 13:19 WIB "
Iran Bantah Klaim Trump soal Minta Setop Perang: Pernyataan Tak Berdasar!,https://news.detik.com/internasional/d-8425886/iran-bantah-klaim-trump-soal-minta-setop-perang-pernyataan-tak-berdasar,"
Rabu, 01 Apr 2026 23:46 WIB "
Trump Klaim Presiden Iran Minta Gencatan Senjata,https://news.detik.com/internasional/d-8425820/trump-klaim-presiden-iran-minta-gencatan-senjata,"
Rabu, 01 Apr 2026 21:47 WIB "
"Bertemu 1 Jam, Dubes Iran Kenang Pertemuan Jokowi dan Mendiang Ali Khamenei",https://news.detik.com/berita/d-8425058/bertemu-1-jam-dubes-iran-kenang-pertemuan-jokowi-dan-mendiang-ali-khamenei,"
Rabu, 01 Apr 2026 14:35 WIB "
"Balas Kematian Pemimpin, Iran Bakal Serang Kantor Apple, Tesla hingga Google",https://news.detik.com/internasional/d-8424186/balas-kematian-pemimpin-iran-bakal-serang-kantor-apple-tesla-hingga-google,"
Selasa, 31 Mar 2026 23:42 WIB "
Trump Ancam Pembalasan Atas Serangan Iran ke Kuwait-Israel,https://news.detik.com/internasional/d-8423028/trump-ancam-pembalasan-atas-serangan-iran-ke-kuwait-israel,"
Selasa, 31 Mar 2026 12:25 WIB "
Jet Tempur Inggris Tembak Jatuh Drone Iran di Timur Tengah,https://news.detik.com/internasional/d-8422867/jet-tempur-inggris-tembak-jatuh-drone-iran-di-timur-tengah,"
Selasa, 31 Mar 2026 11:02 WIB "
Trump Ancam Hancurkan Situs Energi Iran Jika Negosiasi Gagal,https://news.detik.com/internasional/d-8422779/trump-ancam-hancurkan-situs-energi-iran-jika-negosiasi-gagal,"
Selasa, 31 Mar 2026 10:25 WIB "
Presiden Iran Sebut Keputusan Akhiri Perang dengan AS Harus Jamin Keamanan,https://news.detik.com/internasional/d-8422568/presiden-iran-sebut-keputusan-akhiri-perang-dengan-as-harus-jamin-keamanan,"
Selasa, 31 Mar 2026 05:17 WIB "
Trump Ngaku AS Sedang Negosiasi dengan Ketua Parlemen Iran,https://news.detik.com/internasional/d-8422565/trump-ngaku-as-sedang-negosiasi-dengan-ketua-parlemen-iran,"
Selasa, 31 Mar 2026 04:16 WIB "
"Perang Iran Memanas, Pasukan Operasi Khusus AS Tiba di Timur Tengah",https://news.detik.com/internasional/d-8422552/perang-iran-memanas-pasukan-operasi-khusus-as-tiba-di-timur-tengah,"
Selasa, 31 Mar 2026 01:15 WIB "
Israel Klaim Serang Universitas di Teheran yang Dikelola Garda Revolusi Iran,https://news.detik.com/internasional/d-8422350/israel-klaim-serang-universitas-di-teheran-yang-dikelola-garda-revolusi-iran,"
Senin, 30 Mar 2026 20:48 WIB "
Iran Konfirmasi Kematian Komandan Garda Revolusi Alireza Tangsiri,https://news.detik.com/internasional/d-8421982/iran-konfirmasi-kematian-komandan-garda-revolusi-alireza-tangsiri,"
Senin, 30 Mar 2026 16:35 WIB "
Trump Klaim Iran Telah Mengalami Perubahan Rezim,https://news.detik.com/internasional/d-8421380/trump-klaim-iran-telah-mengalami-perubahan-rezim,"
Senin, 30 Mar 2026 11:46 WIB "
"AS-Israel Serang Infrastruktur Listrik, Sebagian Iran Gelap Gulita",https://news.detik.com/internasional/d-8421238/as-israel-serang-infrastruktur-listrik-sebagian-iran-gelap-gulita,"
Senin, 30 Mar 2026 10:45 WIB "
Trump Klaim AS Siap Bertindak untuk Kendalikan Selat Hormuz,https://news.detik.com/internasional/d-8421183/trump-klaim-as-siap-bertindak-untuk-kendalikan-selat-hormuz,"
Senin, 30 Mar 2026 10:13 WIB "
"Iran Serang Pembangkit Listrik di Kuwait, 1 Pekerja Tewas",https://news.detik.com/internasional/d-8421020/iran-serang-pembangkit-listrik-di-kuwait-1-pekerja-tewas,"
Senin, 30 Mar 2026 07:42 WIB "
Tak Ada Tanda Perang AS-Israel Vs Iran Berakhir Usai Sebulan Berlalu,https://news.detik.com/internasional/d-8420981/tak-ada-tanda-perang-as-israel-vs-iran-berakhir-usai-sebulan-berlalu,"
Senin, 30 Mar 2026 06:00 WIB "
"Iran Serang Pangkalan Militer di Arab Saudi, 12 Tentara AS Luka-luka",https://news.detik.com/internasional/d-8419496/iran-serang-pangkalan-militer-di-arab-saudi-12-tentara-as-luka-luka,"
Sabtu, 28 Mar 2026 18:05 WIB "
Utusan Trump Sebut Pertemuan dengan Iran Diharapkan Pekan Ini,https://news.detik.com/internasional/d-8418874/utusan-trump-sebut-pertemuan-dengan-iran-diharapkan-pekan-ini,"
Sabtu, 28 Mar 2026 09:44 WIB "
Reaksi Iran Kala Nama Menlunya Muncul di Daftar Target Israel,https://news.detik.com/internasional/d-8418731/reaksi-iran-kala-nama-menlunya-muncul-di-daftar-target-israel,"
Sabtu, 28 Mar 2026 06:18 WIB "
Alasan Mojtaba Khamenei Tak Pernah Muncul Sejak Jadi Pemimpin Tertinggi Iran,https://news.detik.com/internasional/d-8418618/alasan-mojtaba-khamenei-tak-pernah-muncul-sejak-jadi-pemimpin-tertinggi-iran,"
Jumat, 27 Mar 2026 22:49 WIB "
Serangan AS-Israel Rusak 120 Museum-Gedung Bersejarah di Iran,https://news.detik.com/internasional/d-8418318/serangan-as-israel-rusak-120-museum-gedung-bersejarah-di-iran,"
Jumat, 27 Mar 2026 18:03 WIB "
Iran Serukan Warga Timur Tengah Jauhi Daerah Dekat Pasukan AS,https://news.detik.com/internasional/d-8418277/iran-serukan-warga-timur-tengah-jauhi-daerah-dekat-pasukan-as,"
Jumat, 27 Mar 2026 17:38 WIB "
"Menlunya Masuk Daftar Target Serangan Israel, Iran Surati Sekjen PBB",https://news.detik.com/internasional/d-8418112/menlunya-masuk-daftar-target-serangan-israel-iran-surati-sekjen-pbb,"
Jumat, 27 Mar 2026 16:19 WIB "
Iran Akan Serang Hotel-hotel Timur Tengah yang Tampung Tentara AS,https://news.detik.com/internasional/d-8418054/iran-akan-serang-hotel-hotel-timur-tengah-yang-tampung-tentara-as,"
Jumat, 27 Mar 2026 15:45 WIB "
"Perang Berkecamuk, Presiden Iran Serukan Negara Muslim Bersatu!",https://news.detik.com/internasional/d-8417705/perang-berkecamuk-presiden-iran-serukan-negara-muslim-bersatu,"
Jumat, 27 Mar 2026 13:15 WIB "
Houthi Ancam Intervensi Militer di Tengah Perang AS-Israel Vs Iran,https://news.detik.com/internasional/d-8417485/houthi-ancam-intervensi-militer-di-tengah-perang-as-israel-vs-iran,"
Jumat, 27 Mar 2026 11:12 WIB "
Putin Ingatkan Konsekuensi Perang Iran Bisa Separah Pandemi COVID-19,https://news.detik.com/internasional/d-8417331/putin-ingatkan-konsekuensi-perang-iran-bisa-separah-pandemi-covid-19,"
Jumat, 27 Mar 2026 09:38 WIB "
"2 Tentara Israel Tewas Bertempur Lawan Hizbullah di Lebanon, 4 Lainnya Luka",https://news.detik.com/internasional/d-8417261/2-tentara-israel-tewas-bertempur-lawan-hizbullah-di-lebanon-4-lainnya-luka,"
Jumat, 27 Mar 2026 08:41 WIB "
Syarat-syarat Iran Sebelum Akhiri Perang dengan AS,https://news.detik.com/internasional/d-8416953/syarat-syarat-iran-sebelum-akhiri-perang-dengan-as,"
Kamis, 26 Mar 2026 20:08 WIB "
Apa Isi 15 Butir Rencana Damai Trump? Kenapa Iran Menolak?,https://news.detik.com/bbc-world/d-8416317/apa-isi-15-butir-rencana-damai-trump-kenapa-iran-menolak,"
Kamis, 26 Mar 2026 14:05 WIB "
"Israel Terus Gempur Lebanon, Hizbullah Tolak Perundingan Gencatan Senjata",https://news.detik.com/internasional/d-8415841/israel-terus-gempur-lebanon-hizbullah-tolak-perundingan-gencatan-senjata,"
Kamis, 26 Mar 2026 09:54 WIB "
"PBB Sebut Perang Timur Tengah di Luar Kendali, Peringatkan Dampak Meluas",https://news.detik.com/internasional/d-8415605/pbb-sebut-perang-timur-tengah-di-luar-kendali-peringatkan-dampak-meluas,"
Rabu, 25 Mar 2026 22:51 WIB "
Kini Lebanon Jadi Sasaran Serangan Israel,https://news.detik.com/internasional/d-8415455/kini-lebanon-jadi-sasaran-serangan-israel,"
Rabu, 25 Mar 2026 20:02 WIB "
Arab Saudi Kecam Serangan Iran ke Negara Teluk-Penutupan Selat Hormuz,https://news.detik.com/internasional/d-8415321/arab-saudi-kecam-serangan-iran-ke-negara-teluk-penutupan-selat-hormuz,"
Rabu, 25 Mar 2026 18:25 WIB "
Perang Iran Vs AS-Israel Bikin Kim Jong Un Khawatir Masa Depan Korut?,https://news.detik.com/bbc-world/d-8415074/perang-iran-vs-as-israel-bikin-kim-jong-un-khawatir-masa-depan-korut,"
Rabu, 25 Mar 2026 16:15 WIB "
Lebanon Tetapkan Dubes Iran 'Persona Non Grata',https://news.detik.com/internasional/d-8414916/lebanon-tetapkan-dubes-iran-persona-non-grata,"
Rabu, 25 Mar 2026 15:07 WIB "
Mungkinkah Rudal Iran Mencapai Eropa?,https://news.detik.com/bbc-world/d-8414863/mungkinkah-rudal-iran-mencapai-eropa,"
Rabu, 25 Mar 2026 14:43 WIB "
Lebanon Ungkap 1.072 Orang Tewas Akibat Serangan Israel,https://news.detik.com/internasional/d-8414750/lebanon-ungkap-1-072-orang-tewas-akibat-serangan-israel,"
Rabu, 25 Mar 2026 13:40 WIB "
Iran Izinkan Kapal-kapal 'Tak Bermusuhan' Lintasi Selat Hormuz,https://news.detik.com/internasional/d-8414299/iran-izinkan-kapal-kapal-tak-bermusuhan-lintasi-selat-hormuz,"
Rabu, 25 Mar 2026 09:52 WIB "
Iran Tembak Jatuh Drone Hermes di Langit Teheran,https://news.detik.com/internasional/d-8413701/iran-tembak-jatuh-drone-hermes-di-langit-teheran,"
Selasa, 24 Mar 2026 17:25 WIB "
"Serangan Iran Bombaradir Tel Aviv Israel, Bangunan Rusak-6 Orang Luka",https://news.detik.com/internasional/d-8413521/serangan-iran-bombaradir-tel-aviv-israel-bangunan-rusak-6-orang-luka,"
Selasa, 24 Mar 2026 15:16 WIB "
Eks Bos CIA Kritik Trump: Dia yang Ciptakan Krisis Minyak di Timur Tengah,https://news.detik.com/internasional/d-8413297/eks-bos-cia-kritik-trump-dia-yang-ciptakan-krisis-minyak-di-timur-tengah,"
Selasa, 24 Mar 2026 12:28 WIB "
"Bantah Nego, Iran Sebut Klaim Trump Hanya untuk Turunkan Harga Energi Dunia",https://news.detik.com/internasional/d-8413148/bantah-nego-iran-sebut-klaim-trump-hanya-untuk-turunkan-harga-energi-dunia,"
Selasa, 24 Mar 2026 10:29 WIB "
"Iran Bantah Nego dengan AS Akhiri Perang, Syarat Selat Hormuz Tak Berubah",https://news.detik.com/internasional/d-8413119/iran-bantah-nego-dengan-as-akhiri-perang-syarat-selat-hormuz-tak-berubah,"
Selasa, 24 Mar 2026 10:01 WIB "
Iran Akan Pasang Ranjau Laut di Teluk Persia Jika Pantai-Pulaunya Diserang,https://news.detik.com/internasional/d-8412509/iran-akan-pasang-ranjau-laut-di-teluk-persia-jika-pantai-pulaunya-diserang,"
Senin, 23 Mar 2026 17:09 WIB "
Serangan AS-Israel Bikin Rusak Infrastruktur Pasokan Air dan Energi Iran,https://news.detik.com/internasional/d-8411398/serangan-as-israel-bikin-rusak-infrastruktur-pasokan-air-dan-energi-iran,"
Minggu, 22 Mar 2026 17:17 WIB "
Ramai Hujatan Usai Netanyahu Bandingkan Yesus dengan Gengis Khan,https://news.detik.com/internasional/d-8410683/ramai-hujatan-usai-netanyahu-bandingkan-yesus-dengan-gengis-khan,"
Minggu, 22 Mar 2026 06:32 WIB "
Jalan Terjal Mojtaba Khamenei,https://news.detik.com/x/detail/intermeso/20260320/Dari-Serangan-hingga-Kursi-Tertinggi-Jalan-Terjal-Mojtaba-Khamenei/,"
Sabtu, 21 Mar 2026 17:48 WIB "
Putin Kirim Pesan ke Mojtaba Khamenei-Presiden Iran: Moskow Teman Setia,https://news.detik.com/internasional/d-8410333/putin-kirim-pesan-ke-mojtaba-khamenei-presiden-iran-moskow-teman-setia,"
Sabtu, 21 Mar 2026 17:36 WIB "
Pemimpin Iran Mojtaba Khamenei Ucapkan Selamat Idulfitri untuk Seluruh Umat,https://news.detik.com/internasional/d-8410076/pemimpin-iran-mojtaba-khamenei-ucapkan-selamat-idulfitri-untuk-seluruh-umat,"
Sabtu, 21 Mar 2026 14:05 WIB "
"Netanyahu Bicara Agresi Bawa-bawa Yesus, Iran Sebut Penghinaan Luar Biasa",https://news.detik.com/internasional/d-8409921/netanyahu-bicara-agresi-bawa-bawa-yesus-iran-sebut-penghinaan-luar-biasa,"
Sabtu, 21 Mar 2026 11:53 WIB "
"Israel Lancarkan Serangan ke Teheran, Klaim Targetkan Rezim Iran",https://news.detik.com/internasional/d-8409888/israel-lancarkan-serangan-ke-teheran-klaim-targetkan-rezim-iran,"
Sabtu, 21 Mar 2026 11:35 WIB "
Mojtaba Khamenei Bilang Kematian Petinggi Iran Tak Bikin Takut Lawan AS-Israel,https://news.detik.com/internasional/d-8409493/mojtaba-khamenei-bilang-kematian-petinggi-iran-tak-bikin-takut-lawan-as-israel,"
Sabtu, 21 Mar 2026 03:38 WIB "
Reaksi Rusia dan China Kala Ali Larijani Gugur Dibunuh Israel,https://news.detik.com/internasional/d-8408534/reaksi-rusia-dan-china-kala-ali-larijani-gugur-dibunuh-israel,"
Jumat, 20 Mar 2026 11:08 WIB "
"204 Anak di Iran Tewas Selama 3 Pekan Serangan AS-Israel, 498 Sekolah Rusak",https://news.detik.com/internasional/d-8408277/204-anak-di-iran-tewas-selama-3-pekan-serangan-as-israel-498-sekolah-rusak,"
Jumat, 20 Mar 2026 07:01 WIB "
Kesedihan Presiden Iran Usai 3 Pejabat Penting Gugur Dibunuh Israel,https://news.detik.com/internasional/d-8408263/kesedihan-presiden-iran-usai-3-pejabat-penting-gugur-dibunuh-israel,"
Jumat, 20 Mar 2026 06:31 WIB "
Iran Tetapkan Lebaran 2026 Jatuh pada Sabtu 21 Maret,https://news.detik.com/internasional/d-8408204/iran-tetapkan-lebaran-2026-jatuh-pada-sabtu-21-maret,"
Jumat, 20 Mar 2026 02:15 WIB "
China Kutuk Pembunuhan Kepala Keamanan Iran Ali Larijani: Tak Dapat Diterima,https://news.detik.com/internasional/d-8407459/china-kutuk-pembunuhan-kepala-keamanan-iran-ali-larijani-tak-dapat-diterima,"
Kamis, 19 Mar 2026 15:29 WIB "
Putin Berduka Ali Larijani Sahabatnya dari Iran Gugur Dibunuh Israel,https://news.detik.com/internasional/d-8407345/putin-berduka-ali-larijani-sahabatnya-dari-iran-gugur-dibunuh-israel,"
Kamis, 19 Mar 2026 14:32 WIB "
Iran Buka Suara Usai 3 Pejabat Penting Gugur Dibunuh Israel dalam 2 Hari,https://news.detik.com/internasional/d-8407042/iran-buka-suara-usai-3-pejabat-penting-gugur-dibunuh-israel-dalam-2-hari,"
Kamis, 19 Mar 2026 11:35 WIB "
"7 Hal soal Ali Larijani, Sosok Penting Iran Gugur Dibunuh AS-Israel",https://news.detik.com/internasional/d-8406801/7-hal-soal-ali-larijani-sosok-penting-iran-gugur-dibunuh-as-israel,"
Kamis, 19 Mar 2026 06:57 WIB "
Iran Tangkap 111 Orang Terkait Jaringan Monarki hingga Mata-mata AS,https://news.detik.com/internasional/d-8406270/iran-tangkap-111-orang-terkait-jaringan-monarki-hingga-mata-mata-as,"
Rabu, 18 Mar 2026 17:19 WIB "
PM Australia Ungkap Proyektil Iran Hantam Pangkalan Militernya di UAE,https://news.detik.com/internasional/d-8405875/pm-australia-ungkap-proyektil-iran-hantam-pangkalan-militernya-di-uae,"
Rabu, 18 Mar 2026 13:37 WIB "
Ali Larijani Gugur Dibunuh AS-Israel saat Kunjungi Putrinya di Teheran,https://news.detik.com/internasional/d-8405711/ali-larijani-gugur-dibunuh-as-israel-saat-kunjungi-putrinya-di-teheran,"
Rabu, 18 Mar 2026 12:09 WIB "
Sosok Ali Larijani Matematikawan Kepala Keamanan Iran yang Dibunuh Israel,https://news.detik.com/internasional/d-8405642/sosok-ali-larijani-matematikawan-kepala-keamanan-iran-yang-dibunuh-israel,"
Rabu, 18 Mar 2026 11:17 WIB "
"Serangan Israel Sasar Apartemen Padat Penduduk di Lebanon, 6 Orang Tewas",https://news.detik.com/internasional/d-8405595/serangan-israel-sasar-apartemen-padat-penduduk-di-lebanon-6-orang-tewas,"
Rabu, 18 Mar 2026 10:45 WIB "
Iran Ungkap Ali Larijani Tewas dalam Serangan Israel,https://news.detik.com/internasional/d-8405335/iran-ungkap-ali-larijani-tewas-dalam-serangan-israel,"
Rabu, 18 Mar 2026 04:17 WIB "
Akun Medsos Ali Larijani Posting Tulisan Ini Usai Israel Klaim Membunuhnya,https://news.detik.com/internasional/d-8405131/akun-medsos-ali-larijani-posting-tulisan-ini-usai-israel-klaim-membunuhnya,"
Selasa, 17 Mar 2026 21:41 WIB "
"Israel Klaim Tewaskan Ali Larijani, Tangan Kanan Mojtaba Khamenei",https://news.detik.com/internasional/d-8404853/israel-klaim-tewaskan-ali-larijani-tangan-kanan-mojtaba-khamenei,"
Selasa, 17 Mar 2026 17:54 WIB "
"Israel Gempur Ibu Kota Lebanon, Targetkan Apartemen",https://news.detik.com/internasional/d-8404453/israel-gempur-ibu-kota-lebanon-targetkan-apartemen,"
Selasa, 17 Mar 2026 14:42 WIB "
Terkuak Kabar Mojtaba Khamenei Terluka hingga Dioperasi di Rusia,https://news.detik.com/internasional/d-8403675/terkuak-kabar-mojtaba-khamenei-terluka-hingga-dioperasi-di-rusia,"
Selasa, 17 Mar 2026 06:31 WIB "
"Mojtaba Khamenei Dikabarkan Jalani Operasi di Moskow, Ini Kata Rusia",https://news.detik.com/internasional/d-8403528/mojtaba-khamenei-dikabarkan-jalani-operasi-di-moskow-ini-kata-rusia,"
Senin, 16 Mar 2026 22:46 WIB "
"Iran Tantang Trump: Kalau Berani, Kirim Kapal Perang ke Teluk Persia!",https://news.detik.com/internasional/d-8402813/iran-tantang-trump-kalau-berani-kirim-kapal-perang-ke-teluk-persia,"
Senin, 16 Mar 2026 15:39 WIB "
Pasukan Marinir AS dan Kapal Perang Tambahan Dipindah ke Timur Tengah,https://news.detik.com/bbc-world/d-8402768/pasukan-marinir-as-dan-kapal-perang-tambahan-dipindah-ke-timur-tengah,"
Senin, 16 Mar 2026 15:20 WIB "
Mojtaba Khamenei Dikabarkan Diterbangkan ke Rusia untuk Operasi,https://news.detik.com/internasional/d-8402598/mojtaba-khamenei-dikabarkan-diterbangkan-ke-rusia-untuk-operasi,"
Senin, 16 Mar 2026 14:08 WIB "
Tekad Iran Terus Kejar Netanyahu Jika Masih Hidup,https://news.detik.com/internasional/d-8401840/tekad-iran-terus-kejar-netanyahu-jika-masih-hidup,"
Senin, 16 Mar 2026 03:01 WIB "
Paus Leo Serukan Dialog untuk Perdamaian di Timur Tengah,https://news.detik.com/internasional/d-8401708/paus-leo-serukan-dialog-untuk-perdamaian-di-timur-tengah,"
Minggu, 15 Mar 2026 21:45 WIB "
Bayar Pakai Yuan Jadi Syarat Tanker Minyak Diizinkan Iran Lintasi Selat Hormuz,https://news.detik.com/internasional/d-8401685/bayar-pakai-yuan-jadi-syarat-tanker-minyak-diizinkan-iran-lintasi-selat-hormuz,"
Minggu, 15 Mar 2026 21:03 WIB "
Iran Tangkap 20 Orang Diduga Jadi Mata-mata Israel,https://news.detik.com/internasional/d-8401656/iran-tangkap-20-orang-diduga-jadi-mata-mata-israel,"
Minggu, 15 Mar 2026 20:34 WIB "
"Iran: Jika Netanyahu Masih Hidup, Kami Akan Mengejar dan Membunuhnya",https://news.detik.com/internasional/d-8401082/iran-jika-netanyahu-masih-hidup-kami-akan-mengejar-dan-membunuhnya,"
Minggu, 15 Mar 2026 12:53 WIB "
"Iran Mau Izinkan Tanker Minyak Lewati Selat Hormuz, Asal Bayar Pakai Yuan",https://news.detik.com/internasional/d-8400848/iran-mau-izinkan-tanker-minyak-lewati-selat-hormuz-asal-bayar-pakai-yuan,"
Minggu, 15 Mar 2026 09:28 WIB "
Ancaman Trump Akan Semakin Keras Serang Iran Pekan Depan,https://news.detik.com/internasional/d-8400682/ancaman-trump-akan-semakin-keras-serang-iran-pekan-depan,"
Minggu, 15 Mar 2026 04:06 WIB "
Serangan Israel Tewaskan 12 Petugas Medis di Lebanon,https://news.detik.com/internasional/d-8400220/serangan-israel-tewaskan-12-petugas-medis-di-lebanon,"
Sabtu, 14 Mar 2026 17:17 WIB "
Hamas Serukan Iran Setop Serang Negara-Negara Teluk,https://news.detik.com/internasional/d-8399980/hamas-serukan-iran-setop-serang-negara-negara-teluk,"
Sabtu, 14 Mar 2026 14:37 WIB "
Menhan AS Klaim Pemimpin Tertinggi Baru Iran Terluka-Alami Cacat,https://news.detik.com/internasional/d-8399823/menhan-as-klaim-pemimpin-tertinggi-baru-iran-terluka-alami-cacat,"
Sabtu, 14 Mar 2026 11:49 WIB "
AS Tawarkan Hadiah Rp 168 M untuk Informasi soal Pemimpin Baru Iran,https://news.detik.com/internasional/d-8399550/as-tawarkan-hadiah-rp-168-m-untuk-informasi-soal-pemimpin-baru-iran,"
Sabtu, 14 Mar 2026 05:09 WIB "
Trump Duga Putin Bantu Iran dalam Perang dengan AS-Israel,https://news.detik.com/internasional/d-8399451/trump-duga-putin-bantu-iran-dalam-perang-dengan-as-israel,"
Sabtu, 14 Mar 2026 00:31 WIB "
"Pidato Perdana, Pemimpin Baru Iran Bersumpah Tetap Blokir Selat Hormuz",https://news.detik.com/bbc-world/d-8398988/pidato-perdana-pemimpin-baru-iran-bersumpah-tetap-blokir-selat-hormuz,"
Jumat, 13 Mar 2026 18:05 WIB "
Negara Mana yang Paling Diuntungkan dari Perang Timur Tengah?,https://news.detik.com/bbc-world/d-8398760/negara-mana-yang-paling-diuntungkan-dari-perang-timur-tengah,"
Jumat, 13 Mar 2026 16:26 WIB "
Trump Meyakini Mojtaba Khamenei Alami Cedera Akibat Serangan AS-Israel,https://news.detik.com/internasional/d-8398546/trump-meyakini-mojtaba-khamenei-alami-cedera-akibat-serangan-as-israel,"
Jumat, 13 Mar 2026 15:01 WIB "
Australia Perintahkan Staf Diplomatik Segera Tinggalkan Israel-UEA,https://news.detik.com/internasional/d-8398289/australia-perintahkan-staf-diplomatik-segera-tinggalkan-israel-uea,"
Jumat, 13 Mar 2026 13:19 WIB "
"Israel Terus Gempur Lebanon, 687 Orang Tewas Termasuk Puluhan Anak",https://news.detik.com/internasional/d-8398199/israel-terus-gempur-lebanon-687-orang-tewas-termasuk-puluhan-anak,"
Jumat, 13 Mar 2026 12:35 WIB "
Presiden Iran Ingatkan AS Tak Menyerang dari Pangkalan Negara Teluk,https://news.detik.com/internasional/d-8397985/presiden-iran-ingatkan-as-tak-menyerang-dari-pangkalan-negara-teluk,"
Jumat, 13 Mar 2026 10:32 WIB "
Selat Hormuz yang Masih Horor bagi Kapal Tanker Minyak,https://news.detik.com/internasional/d-8397764/selat-hormuz-yang-masih-horor-bagi-kapal-tanker-minyak,"
Jumat, 13 Mar 2026 04:04 WIB "
Analisis Strategi dan Opsi Kebijakan Buntut Eskalasi Konflik di Iran,https://news.detik.com/kolom/d-8397714/analisis-strategi-dan-opsi-kebijakan-buntut-eskalasi-konflik-di-iran,"
Jumat, 13 Mar 2026 00:32 WIB "
Mojtaba Khamenei Perintahkan Pasukan Iran Tetap Tutup Selat Hormuz,https://news.detik.com/internasional/d-8397712/mojtaba-khamenei-perintahkan-pasukan-iran-tetap-tutup-selat-hormuz,"
Jumat, 13 Mar 2026 00:18 WIB "
Mojtaba Khamenei Bersumpah Balas Dendam ke AS dan Israel: Ini Prioritas!,https://news.detik.com/internasional/d-8397617/mojtaba-khamenei-bersumpah-balas-dendam-ke-as-dan-israel-ini-prioritas,"
Kamis, 12 Mar 2026 21:55 WIB "
Seruan DK PBB Agar Iran Setop Serangan ke Negara-negara Teluk,https://news.detik.com/internasional/d-8397481/seruan-dk-pbb-agar-iran-setop-serangan-ke-negara-negara-teluk,"
Kamis, 12 Mar 2026 20:06 WIB "
Kapolri Ungkap Langkah Strategis Pemerintah Hadapi Dampak Perang Timur Tengah,https://news.detik.com/berita/d-8397238/kapolri-ungkap-langkah-strategis-pemerintah-hadapi-dampak-perang-timur-tengah,"
Kamis, 12 Mar 2026 17:27 WIB "
"Bandara Internasional Kuwait Dihantam Drone, Picu Kerusakan",https://news.detik.com/internasional/d-8397160/bandara-internasional-kuwait-dihantam-drone-picu-kerusakan,"
Kamis, 12 Mar 2026 16:47 WIB "
"Ledakan Terdengar di Yerusalem, Iran Targetkan Pangkalan Militer Israel",https://news.detik.com/internasional/d-8397099/ledakan-terdengar-di-yerusalem-iran-targetkan-pangkalan-militer-israel,"
Kamis, 12 Mar 2026 16:18 WIB "
Pasukan Quds Iran Akan Terus Lawan AS-Israel: Kami Akan Buka Pintu Api!,https://news.detik.com/internasional/d-8396488/pasukan-quds-iran-akan-terus-lawan-as-israel-kami-akan-buka-pintu-api,"
Kamis, 12 Mar 2026 12:34 WIB "
Intelijen AS: Rezim Iran Kuat-Tak Akan Tumbang Meski Dibombardir,https://news.detik.com/internasional/d-8396318/intelijen-as-rezim-iran-kuat-tak-akan-tumbang-meski-dibombardir,"
Kamis, 12 Mar 2026 11:06 WIB "
Seberapa Lama AS Bisa Berperang di Iran? Ini Hitungannya,https://news.detik.com/dw/d-8396236/seberapa-lama-as-bisa-berperang-di-iran-ini-hitungannya,"
Kamis, 12 Mar 2026 10:26 WIB "
"Memanas, Kelompok Bersenjata Kurdi Sudah Bersiap di Perbatasan Iran",https://news.detik.com/bbc-world/d-8396222/memanas-kelompok-bersenjata-kurdi-sudah-bersiap-di-perbatasan-iran,"
Kamis, 12 Mar 2026 10:16 WIB "
Analisis Pakar Usai Trump Beri Sinyal Perang Akan Selesai,https://news.detik.com/berita/d-8396098/analisis-pakar-usai-trump-beri-sinyal-perang-akan-selesai,"
Kamis, 12 Mar 2026 08:08 WIB "
â Kabar Mojtaba Khamenei Cedera karena Serangan AS Dibantah,https://news.detik.com/internasional/d-8395849/kabar-mojtaba-khamenei-cedera-karena-serangan-as-dibantah,"
Rabu, 11 Mar 2026 22:04 WIB "
Iran Lancarkan Serangan 'Paling Berat' ke Israel hingga Kuwait,https://news.detik.com/bbc-world/d-8395350/iran-lancarkan-serangan-paling-berat-ke-israel-hingga-kuwait,"
Rabu, 11 Mar 2026 16:41 WIB "
"Mojtaba Khamenei Dikabarkan Luka karena Serangan AS, Benarkah?",https://news.detik.com/internasional/d-8395180/mojtaba-khamenei-dikabarkan-luka-karena-serangan-as-benarkah,"
Rabu, 11 Mar 2026 15:31 WIB "
Iran Wanti-wanti Warga Tidak Demo: Demonstran Akan Dianggap Musuh!,https://news.detik.com/internasional/d-8394753/iran-wanti-wanti-warga-tidak-demo-demonstran-akan-dianggap-musuh,"
Rabu, 11 Mar 2026 12:50 WIB "
Korut Puji Iran Pilih Mojtaba Khamenei Jadi Pemimpin Tertinggi,https://news.detik.com/internasional/d-8394636/korut-puji-iran-pilih-mojtaba-khamenei-jadi-pemimpin-tertinggi,"
Rabu, 11 Mar 2026 12:06 WIB "
Trump Bilang Pemimpin Tertinggi Iran Tak Akan Bisa Hidup Damai,https://news.detik.com/internasional/d-8394437/trump-bilang-pemimpin-tertinggi-iran-tak-akan-bisa-hidup-damai,"
Rabu, 11 Mar 2026 10:38 WIB "
Mahasiswa RI Cerita Proses Belajar di Iran Terputus Imbas Perang,https://news.detik.com/berita/d-8394209/mahasiswa-ri-cerita-proses-belajar-di-iran-terputus-imbas-perang,"
Rabu, 11 Mar 2026 05:45 WIB "
"Israel Tuduh Iran Retas Kamera Keamanan, Minta Warganya Ubah Password",https://news.detik.com/internasional/d-8394191/israel-tuduh-iran-retas-kamera-keamanan-minta-warganya-ubah-password,"
Rabu, 11 Mar 2026 05:00 WIB "
"Putin Telepon Presiden Iran, Serukan Deeskalasi dengan AS-Israel",https://news.detik.com/internasional/d-8394131/putin-telepon-presiden-iran-serukan-deeskalasi-dengan-as-israel,"
Selasa, 10 Mar 2026 23:47 WIB "
Warga Iran Ramai-ramai Nyatakan Setia pada Mojtaba Khamenei,https://news.detik.com/internasional/d-8393775/warga-iran-ramai-ramai-nyatakan-setia-pada-mojtaba-khamenei,"
Selasa, 10 Mar 2026 17:55 WIB "
Netanyahu Ingatkan Israel 'Belum Selesai' di Iran!,https://news.detik.com/internasional/d-8393649/netanyahu-ingatkan-israel-belum-selesai-di-iran,"
Selasa, 10 Mar 2026 17:00 WIB "
"Mojtaba Khamenei Jadi Pemimpin Tertinggi Iran, Megawati Kirim Ucapan Selamat",https://news.detik.com/berita/d-8393611/mojtaba-khamenei-jadi-pemimpin-tertinggi-iran-megawati-kirim-ucapan-selamat,"
Selasa, 10 Mar 2026 16:40 WIB "
"Kapolri Bicara Konflik di Timteng, Ajak Buruh di Jatim Dukung Kebijakan Presiden",https://news.detik.com/berita/d-8393374/kapolri-bicara-konflik-di-timteng-ajak-buruh-di-jatim-dukung-kebijakan-presiden,"
Selasa, 10 Mar 2026 14:59 WIB "
Menguji Kesungguhan BOP dalam Menjaga Perdamaian Dunia,https://news.detik.com/kolom/d-8393329/menguji-kesungguhan-bop-dalam-menjaga-perdamaian-dunia,"
Selasa, 10 Mar 2026 14:42 WIB "
"Mojtaba Khamenei Jadi Pemimpin Tertinggi Iran, Trump: Kesalahan Besar!",https://news.detik.com/internasional/d-8393120/mojtaba-khamenei-jadi-pemimpin-tertinggi-iran-trump-kesalahan-besar,"
Selasa, 10 Mar 2026 13:26 WIB "
"Puan Berduka Ali Khamenei Gugur Diserang AS-Israel, Desak PBB Bertindak",https://news.detik.com/berita/d-8392835/puan-berduka-ali-khamenei-gugur-diserang-as-israel-desak-pbb-bertindak,"
Selasa, 10 Mar 2026 11:16 WIB "
Trump Beri Sinyal Perang Lawan Iran Akan Selesai,https://news.detik.com/internasional/d-8392814/trump-beri-sinyal-perang-lawan-iran-akan-selesai,"
Selasa, 10 Mar 2026 11:01 WIB "
Kata Trump Harga Minyak Naik karena Perang Cuma Urusan Kecil,https://news.detik.com/internasional/d-8392494/kata-trump-harga-minyak-naik-karena-perang-cuma-urusan-kecil,"
Selasa, 10 Mar 2026 02:58 WIB "
Tentang Mojtaba Khamenei Pimpin Iran yang Bikin Trump Tak Senang,https://news.detik.com/internasional/d-8392223/tentang-mojtaba-khamenei-pimpin-iran-yang-bikin-trump-tak-senang,"
Senin, 09 Mar 2026 20:09 WIB "
Kata Kedubes Iran di RI soal Mojtaba Khamenei Terpilih Jadi Pemimpin Tertinggi,https://news.detik.com/berita/d-8392083/kata-kedubes-iran-di-ri-soal-mojtaba-khamenei-terpilih-jadi-pemimpin-tertinggi,"
Senin, 09 Mar 2026 18:11 WIB "
Apa Itu Supreme Leader di Iran dan Bedanya dengan Presiden?,https://news.detik.com/berita/d-8392094/apa-itu-supreme-leader-di-iran-dan-bedanya-dengan-presiden,"
Senin, 09 Mar 2026 18:08 WIB "
"Mojtaba Khamenei Jadi Pemimpin Tertinggi Iran, China Bilang Gini",https://news.detik.com/internasional/d-8391881/mojtaba-khamenei-jadi-pemimpin-tertinggi-iran-china-bilang-gini,"
Senin, 09 Mar 2026 16:29 WIB "
"Harga Minyak Naik Gegara Perang, Trump: Harga Kecil yang Harus Dibayar",https://news.detik.com/internasional/d-8391788/harga-minyak-naik-gegara-perang-trump-harga-kecil-yang-harus-dibayar,"
Senin, 09 Mar 2026 15:53 WIB "
Dunia Hari Ini: Mojtaba Khamenei Jadi Pemimpin Tertinggi Baru Iran,https://news.detik.com/abc-australia/d-8391157/dunia-hari-ini-mojtaba-khamenei-jadi-pemimpin-tertinggi-baru-iran,"
Senin, 09 Mar 2026 12:13 WIB "
"Siapa Mojtaba Khamenei, Pemimpin Tertinggi Iran yang Baru?",https://news.detik.com/bbc-world/d-8391142/siapa-mojtaba-khamenei-pemimpin-tertinggi-iran-yang-baru,"
Senin, 09 Mar 2026 12:05 WIB "
Senator AS Bilang Mojtaba Khamenei Akan Bernasib Sama Seperti Ayahnya,https://news.detik.com/internasional/d-8391085/senator-as-bilang-mojtaba-khamenei-akan-bernasib-sama-seperti-ayahnya,"
Senin, 09 Mar 2026 11:40 WIB "
"Perang Timur Tengah, AS Perintahkan Staf Kedutaan Tinggalkan Arab Saudi!",https://news.detik.com/internasional/d-8391053/perang-timur-tengah-as-perintahkan-staf-kedutaan-tinggalkan-arab-saudi,"
Senin, 09 Mar 2026 11:22 WIB "
"Mojtaba Khamenei Jadi Pemimpin Tertinggi Iran, Trump Tak Senang",https://news.detik.com/internasional/d-8391026/mojtaba-khamenei-jadi-pemimpin-tertinggi-iran-trump-tak-senang,"
Senin, 09 Mar 2026 11:01 WIB "
"Netanyahu Bersumpah Lanjutkan Perang, Bilang Punya 'Kejutan' untuk Iran",https://news.detik.com/internasional/d-8390896/netanyahu-bersumpah-lanjutkan-perang-bilang-punya-kejutan-untuk-iran,"
Senin, 09 Mar 2026 09:53 WIB "
"Profil Mojtaba, Putra Khamenei yang Jadi Pemimpin Tertinggi Baru Iran",https://news.detik.com/internasional/d-8390858/profil-mojtaba-putra-khamenei-yang-jadi-pemimpin-tertinggi-baru-iran,"
Senin, 09 Mar 2026 09:17 WIB "
Iran Tembakkan Rudal Pertama ke Israel Usai Mojtaba Terpilih Jadi Pemimpin,https://news.detik.com/internasional/d-8390806/iran-tembakkan-rudal-pertama-ke-israel-usai-mojtaba-terpilih-jadi-pemimpin,"
Senin, 09 Mar 2026 08:36 WIB "
Houthi Sambut Mojtaba Khamenei Pemimpin Baru Iran: Pukulan Telak bagi Musuh,https://news.detik.com/internasional/d-8390753/houthi-sambut-mojtaba-khamenei-pemimpin-baru-iran-pukulan-telak-bagi-musuh,"
Senin, 09 Mar 2026 07:32 WIB "
Garda Revolusi Iran Nyatakan Kesetiaan ke Ayatollah Mojtaba Khamenei,https://news.detik.com/internasional/d-8390735/garda-revolusi-iran-nyatakan-kesetiaan-ke-ayatollah-mojtaba-khamenei,"
Senin, 09 Mar 2026 06:43 WIB "
Iran Resmi Tunjuk Mojtaba Khamenei Jadi Pemimpin Tertinggi,https://news.detik.com/internasional/d-8390703/iran-resmi-tunjuk-mojtaba-khamenei-jadi-pemimpin-tertinggi,"
Senin, 09 Mar 2026 04:48 WIB "
Dinamika Sikap Iran ke Negara Tetangga Imbas Perang Lawan Israel-AS,https://news.detik.com/internasional/d-8390562/dinamika-sikap-iran-ke-negara-tetangga-imbas-perang-lawan-israel-as,"
Minggu, 08 Mar 2026 22:08 WIB "
Iran Bersiap Umumkan Pemimpin Tertinggi Baru Pengganti Khamenei,https://news.detik.com/internasional/d-8390406/iran-bersiap-umumkan-pemimpin-tertinggi-baru-pengganti-khamenei,"
Minggu, 08 Mar 2026 19:48 WIB "
"Serangan Israel Sasar 5 Titik Fasilitas Minyak Iran, 4 Orang Tewas",https://news.detik.com/internasional/d-8390106/serangan-israel-sasar-5-titik-fasilitas-minyak-iran-4-orang-tewas,"
Minggu, 08 Mar 2026 14:59 WIB "
China Kecam Perang di Timur Tengah: Dunia Tak Bisa Kembali ke Hukum Rimba,https://news.detik.com/internasional/d-8390047/china-kecam-perang-di-timur-tengah-dunia-tak-bisa-kembali-ke-hukum-rimba,"
Minggu, 08 Mar 2026 14:13 WIB "
Iran Pastikan Respons Serangan yang Diluncurkan dari Negara Tetangga,https://news.detik.com/internasional/d-8390003/iran-pastikan-respons-serangan-yang-diluncurkan-dari-negara-tetangga,"
Minggu, 08 Mar 2026 13:47 WIB "
"Israel Serang Depot Minyak Iran, Kebakaran Besar Landa Teheran",https://news.detik.com/internasional/d-8389967/israel-serang-depot-minyak-iran-kebakaran-besar-landa-teheran,"
Minggu, 08 Mar 2026 13:06 WIB "
"Israel Serang Hotel di Lebanon, Klaim Sasar Komandan Garda Revolusi Iran",https://news.detik.com/internasional/d-8389862/israel-serang-hotel-di-lebanon-klaim-sasar-komandan-garda-revolusi-iran,"
Minggu, 08 Mar 2026 12:13 WIB "
Kemlu Sudah Evakuasi 32 WNI Gelombang Pertama dari Iran Lewat Azerbaijan,https://news.detik.com/berita/d-8389558/kemlu-sudah-evakuasi-32-wni-gelombang-pertama-dari-iran-lewat-azerbaijan,"
Minggu, 08 Mar 2026 04:31 WIB "
"Netanyahu Sebut Segera Taklukan Iran, Klaim Sudah Kuasai Wilayah Udara",https://news.detik.com/internasional/d-8389556/netanyahu-sebut-segera-taklukan-iran-klaim-sudah-kuasai-wilayah-udara,"
Minggu, 08 Mar 2026 04:13 WIB "
"Timur Tengah Kian Memanas, Presiden MBZ: Kita Bukan Mangsa yang Mudah",https://news.detik.com/internasional/d-8389527/timur-tengah-kian-memanas-presiden-mbz-kita-bukan-mangsa-yang-mudah,"
Minggu, 08 Mar 2026 01:27 WIB "
"Trump Peringatkan Akan Bombardir Iran Lagi, Bidik Target Baru",https://news.detik.com/internasional/d-8389234/trump-peringatkan-akan-bombardir-iran-lagi-bidik-target-baru,"
Sabtu, 07 Mar 2026 19:38 WIB "
Presiden Iran Teleponan dengan Putin Bahas Serangan AS-Israel,https://news.detik.com/internasional/d-8389134/presiden-iran-teleponan-dengan-putin-bahas-serangan-as-israel,"
Sabtu, 07 Mar 2026 18:12 WIB "
"Trump Tuntut Iran Nyerah, Presiden Iran Minta Maaf ke Negara Tetangga",https://news.detik.com/bbc-world/d-8388964/trump-tuntut-iran-nyerah-presiden-iran-minta-maaf-ke-negara-tetangga,"
Sabtu, 07 Mar 2026 16:08 WIB "
Presiden Iran Minta Maaf ke Negara-negara Teluk yang Diserangnya,https://news.detik.com/internasional/d-8388876/presiden-iran-minta-maaf-ke-negara-negara-teluk-yang-diserangnya,"
Sabtu, 07 Mar 2026 15:21 WIB "
"Memanas, Pasukan Kurdi Bersiap Serbu Iran Lewat Jalur Darat",https://news.detik.com/bbc-world/d-8388673/memanas-pasukan-kurdi-bersiap-serbu-iran-lewat-jalur-darat,"
Sabtu, 07 Mar 2026 13:17 WIB "
Prancis Kerahkan Kapal Induk Helikopter Amfibi ke Mediterania,https://news.detik.com/internasional/d-8388523/prancis-kerahkan-kapal-induk-helikopter-amfibi-ke-mediterania,"
Sabtu, 07 Mar 2026 11:40 WIB "
"AS Bersiap Kuasai Wilayah Udara Iran, Perang Selesai dalam 4-6 Minggu",https://news.detik.com/internasional/d-8388388/as-bersiap-kuasai-wilayah-udara-iran-perang-selesai-dalam-4-6-minggu,"
Sabtu, 07 Mar 2026 09:36 WIB "
Ucapan Iran soal Invasi Darat Dibalas Trump 'Buang-buang Waktu',https://news.detik.com/internasional/d-8388275/ucapan-iran-soal-invasi-darat-dibalas-trump-buang-buang-waktu,"
Sabtu, 07 Mar 2026 06:38 WIB "
Trump Ultimatum Iran: Tak Ada Kesepakatan Kecuali Menyerah Tanpa Syarat,https://news.detik.com/internasional/d-8388114/trump-ultimatum-iran-tak-ada-kesepakatan-kecuali-menyerah-tanpa-syarat,"
Jumat, 06 Mar 2026 22:23 WIB "
Penyebab Rusia Tak Pasok Senjata ke Iran yang Lagi Perang,https://news.detik.com/internasional/d-8388017/penyebab-rusia-tak-pasok-senjata-ke-iran-yang-lagi-perang,"
Jumat, 06 Mar 2026 21:11 WIB "
Israel Hancurkan Bunker Milik Ali Khamenei di Iran,https://news.detik.com/internasional/d-8387942/israel-hancurkan-bunker-milik-ali-khamenei-di-iran,"
Jumat, 06 Mar 2026 19:54 WIB "
Kapolri Ajak Buruh Jaga Iklim Investasi di Tengah Ketidakpastian Global,https://news.detik.com/berita/d-8387899/kapolri-ajak-buruh-jaga-iklim-investasi-di-tengah-ketidakpastian-global,"
Jumat, 06 Mar 2026 19:16 WIB "
Viral Video Trump Didoakan Para Pendeta Saat Perang Iran-AS,https://news.detik.com/internasional/d-8387793/viral-video-trump-didoakan-para-pendeta-saat-perang-iran-as,"
Jumat, 06 Mar 2026 18:31 WIB "
Pesawat Pengebom B-2 AS Jatuhkan Puluhan Bom ke Bunker Rudal Iran,https://news.detik.com/internasional/d-8387756/pesawat-pengebom-b-2-as-jatuhkan-puluhan-bom-ke-bunker-rudal-iran,"
Jumat, 06 Mar 2026 18:01 WIB "
"Kata Warga Iran: Jika Kami Tak Terbunuh, Kami Akan Tetap di Sini",https://news.detik.com/bbc-world/d-8387679/kata-warga-iran-jika-kami-tak-terbunuh-kami-akan-tetap-di-sini,"
Jumat, 06 Mar 2026 17:15 WIB "
Dunia Hari Ini: Indonesia Memberikan 'Peringatan Keras' kepada Meta,https://news.detik.com/abc-australia/d-8387665/dunia-hari-ini-indonesia-memberikan-peringatan-keras-kepada-meta,"
Jumat, 06 Mar 2026 17:05 WIB "
"Indonesia, Board of Peace dan Dilema Bebas-Aktif",https://news.detik.com/kolom/d-8387147/indonesia-board-of-peace-dan-dilema-bebas-aktif,"
Jumat, 06 Mar 2026 15:35 WIB "
"Konflik Memanas, Kemlu: Pemerintah di Timur Tengah Tak Rekomendasikan Evakuasi",https://news.detik.com/berita/d-8387427/konflik-memanas-kemlu-pemerintah-di-timur-tengah-tak-rekomendasikan-evakuasi,"
Jumat, 06 Mar 2026 15:28 WIB "
"2 Hotel Bahrain Dihantam Rudal, Arab Saudi-Qatar Cegat Drone Iran",https://news.detik.com/bbc-world/d-8387237/2-hotel-bahrain-dihantam-rudal-arab-saudi-qatar-cegat-drone-iran,"
Jumat, 06 Mar 2026 14:07 WIB "
Kata Trump Soal Invasi Darat ke Iran: Buang-buang Waktu,https://news.detik.com/internasional/d-8387190/kata-trump-soal-invasi-darat-ke-iran-buang-buang-waktu,"
Jumat, 06 Mar 2026 13:52 WIB "
"Israel Terus Gempur Lebanon, 123 Orang Tewas",https://news.detik.com/internasional/d-8387154/israel-terus-gempur-lebanon-123-orang-tewas,"
Jumat, 06 Mar 2026 13:33 WIB "
Iran Umumkan 1.230 Orang Tewas Akibat Serangan AS-Israel,https://news.detik.com/internasional/d-8387098/iran-umumkan-1-230-orang-tewas-akibat-serangan-as-israel,"
Jumat, 06 Mar 2026 13:11 WIB "
"Rusia Tak Pasok Senjata ke Iran yang sedang Perang, Ini Alasannya",https://news.detik.com/internasional/d-8386992/rusia-tak-pasok-senjata-ke-iran-yang-sedang-perang-ini-alasannya,"
Jumat, 06 Mar 2026 12:27 WIB "
Kemlu Mulai Evakuasi WNI dari Iran Hari Ini,https://news.detik.com/berita/d-8386955/kemlu-mulai-evakuasi-wni-dari-iran-hari-ini,"
Jumat, 06 Mar 2026 11:59 WIB "
"Iran Siap Perang Panjang, Segera Perkenalkan Senjata Baru",https://news.detik.com/internasional/d-8386889/iran-siap-perang-panjang-segera-perkenalkan-senjata-baru,"
Jumat, 06 Mar 2026 11:21 WIB "
Perang yang (Tak) Dirindukan,https://news.detik.com/kolom/d-8386819/perang-yang-tak-dirindukan,"
Jumat, 06 Mar 2026 10:58 WIB "
"Trump, Polling Reuters dan Eskalasi Mematikan di Iran",https://news.detik.com/kolom/d-8386792/trump-polling-reuters-dan-eskalasi-mematikan-di-iran,"
Jumat, 06 Mar 2026 10:46 WIB "
"Trump Bersikeras Ikut Tentukan Pengganti Khamenei, Contohkan Venezuela",https://news.detik.com/internasional/d-8386752/trump-bersikeras-ikut-tentukan-pengganti-khamenei-contohkan-venezuela,"
Jumat, 06 Mar 2026 10:14 WIB "
Menhan Israel Ungkap Netanyahu Putuskan Bunuh Khamenei Sejak November 2025,https://news.detik.com/internasional/d-8386698/menhan-israel-ungkap-netanyahu-putuskan-bunuh-khamenei-sejak-november-2025,"
Jumat, 06 Mar 2026 09:44 WIB "
"Rudal Iran Bombardir Jantung Tel Aviv, Ledakan di Mana-mana",https://news.detik.com/internasional/d-8386616/rudal-iran-bombardir-jantung-tel-aviv-ledakan-di-mana-mana,"
Jumat, 06 Mar 2026 08:47 WIB "
PDIP Jatim Peringati Nuzulul Quran hingga Soroti Konflik Timur Tengah,https://news.detik.com/berita/d-8386349/pdip-jatim-peringati-nuzulul-quran-hingga-soroti-konflik-timur-tengah,"
Kamis, 05 Mar 2026 22:30 WIB "
"Said Abdullah Sesalkan Konflik Iran Vs AS-Israel, Harap Segera Berakhir",https://news.detik.com/berita/d-8386253/said-abdullah-sesalkan-konflik-iran-vs-as-israel-harap-segera-berakhir,"
Kamis, 05 Mar 2026 20:46 WIB "
"Israel Gempur Beirut Targetkan Hizbullah, Tewaskan Pejabat Hamas",https://news.detik.com/internasional/d-8385827/israel-gempur-beirut-targetkan-hizbullah-tewaskan-pejabat-hamas,"
Kamis, 05 Mar 2026 16:25 WIB "
Arab Saudi Hancurkan 6 Rudal Jelajah-Drone di Wilayahnya,https://news.detik.com/internasional/d-8385643/arab-saudi-hancurkan-6-rudal-jelajah-drone-di-wilayahnya,"
Kamis, 05 Mar 2026 15:09 WIB "
"Australia Kerahkan Aset Militer ke Timur Tengah, Untuk Apa?",https://news.detik.com/internasional/d-8385464/australia-kerahkan-aset-militer-ke-timur-tengah-untuk-apa,"
Kamis, 05 Mar 2026 14:05 WIB "
Menakar Kapasitas Mediasi Indonesia,https://news.detik.com/kolom/d-8384231/menakar-kapasitas-mediasi-indonesia,"
Kamis, 05 Mar 2026 10:15 WIB "
Kapal Selam AS Tenggelamkan Kapal Perang Iran di Samudra Hindia,https://news.detik.com/bbc-world/d-8384938/kapal-selam-as-tenggelamkan-kapal-perang-iran-di-samudra-hindia,"
Kamis, 05 Mar 2026 10:12 WIB "
"Bertambah Lagi, 867 Orang Tewas di Iran Akibat Serangan AS-Israel",https://news.detik.com/internasional/d-8384929/bertambah-lagi-867-orang-tewas-di-iran-akibat-serangan-as-israel,"
Kamis, 05 Mar 2026 10:02 WIB "
"Israel Serang Akses Jalan Bandara Beirut, 3 Orang Tewas",https://news.detik.com/internasional/d-8384806/israel-serang-akses-jalan-bandara-beirut-3-orang-tewas,"
Kamis, 05 Mar 2026 08:14 WIB "
Trump: Setiap Orang yang Ingin Memimpin Iran Berakhir Mati,https://news.detik.com/internasional/d-8384721/trump-setiap-orang-yang-ingin-memimpin-iran-berakhir-mati,"
Kamis, 05 Mar 2026 05:31 WIB "
Serangan dari Iran dan Lebanon Picu Sirene Meraung-raung di Seluruh Israel,https://news.detik.com/internasional/d-8384694/serangan-dari-iran-dan-lebanon-picu-sirene-meraung-raung-di-seluruh-israel,"
Kamis, 05 Mar 2026 02:40 WIB "
Waka MPR Ingatkan Dampak Perang AS-Israel Vs Iran Harus Diantisipasi,https://news.detik.com/berita/d-8384550/waka-mpr-ingatkan-dampak-perang-as-israel-vs-iran-harus-diantisipasi,"
Rabu, 04 Mar 2026 22:06 WIB "
Menlu Sugiono Ungkap Risiko Terburuk Perang AS-Israel dan Iran,https://news.detik.com/berita/d-8384528/menlu-sugiono-ungkap-risiko-terburuk-perang-as-israel-dan-iran,"
Rabu, 04 Mar 2026 21:43 WIB "
"Arab Saudi Emosi, Bersiap Balas Iran",https://news.detik.com/internasional/d-8384407/arab-saudi-emosi-bersiap-balas-iran,"
Rabu, 04 Mar 2026 20:05 WIB "
"Prabowo Bersurat ke Presiden Iran, Sampaikan Duka Cita Wafatnya Khamenei",https://news.detik.com/berita/d-8384376/prabowo-bersurat-ke-presiden-iran-sampaikan-duka-cita-wafatnya-khamenei,"
Rabu, 04 Mar 2026 19:41 WIB "
Apa Tujuan AS-Israel Menyerang Iran?,https://news.detik.com/bbc-world/d-8384281/apa-tujuan-as-israel-menyerang-iran,"
Rabu, 04 Mar 2026 18:30 WIB "
"Serang Iran, AS Kerahkan 50.000 Tentara-200 Jet Tempur-2 Kapal Induk",https://news.detik.com/internasional/d-8384261/serang-iran-as-kerahkan-50-000-tentara-200-jet-tempur-2-kapal-induk,"
Rabu, 04 Mar 2026 18:22 WIB "
"Indonesia Niat Mediasi Perang, Dubes Iran: Tidak Ada Negosiasi",https://news.detik.com/dw/d-8384247/indonesia-niat-mediasi-perang-dubes-iran-tidak-ada-negosiasi,"
Rabu, 04 Mar 2026 18:09 WIB "
Iran Klaim Rudal Balistiknya Hantam Kapal Perusak AS di Samudra Hindia,https://news.detik.com/internasional/d-8384206/iran-klaim-rudal-balistiknya-hantam-kapal-perusak-as-di-samudra-hindia,"
Rabu, 04 Mar 2026 17:53 WIB "
Putin Tawarkan Jadi Mediator Negara-negara Teluk dengan Iran,https://news.detik.com/internasional/d-8384183/putin-tawarkan-jadi-mediator-negara-negara-teluk-dengan-iran,"
Rabu, 04 Mar 2026 17:39 WIB "
Prosesi Pemakaman Kenegaraan untuk Khamenei Akan Digelar 3 Hari,https://news.detik.com/internasional/d-8384018/prosesi-pemakaman-kenegaraan-untuk-khamenei-akan-digelar-3-hari,"
Rabu, 04 Mar 2026 16:31 WIB "
Israel Ancam Bunuh Siapa Pun yang Jadi Pengganti Khamenei,https://news.detik.com/internasional/d-8383928/israel-ancam-bunuh-siapa-pun-yang-jadi-pengganti-khamenei,"
Rabu, 04 Mar 2026 15:51 WIB "
Israel Retas CCTV Lalu Lintas di Teheran untuk Lacak-Bunuh Khamenei,https://news.detik.com/internasional/d-8383907/israel-retas-cctv-lalu-lintas-di-teheran-untuk-lacak-bunuh-khamenei,"
Rabu, 04 Mar 2026 15:39 WIB "
"Mengenal Ali Larijani, Penguasa Tak Resmi Iran",https://news.detik.com/dw/d-8383666/mengenal-ali-larijani-penguasa-tak-resmi-iran,"
Rabu, 04 Mar 2026 13:57 WIB "
"Terus Bombardir Iran, AS Mulai Kekurangan Pasokan Rudal",https://news.detik.com/internasional/d-8383457/terus-bombardir-iran-as-mulai-kekurangan-pasokan-rudal,"
Rabu, 04 Mar 2026 12:43 WIB "
"Megawati Kirim Surat Duka untuk Iran, PDIP Jatim Sebut Cerminkan Negarawan",https://news.detik.com/berita/d-8383456/megawati-kirim-surat-duka-untuk-iran-pdip-jatim-sebut-cerminkan-negarawan,"
Rabu, 04 Mar 2026 12:41 WIB "
Turki Kritik Serangan Iran ke Arab Saudi Cs: Strategi yang Salah!,https://news.detik.com/internasional/d-8383294/turki-kritik-serangan-iran-ke-arab-saudi-cs-strategi-yang-salah,"
Rabu, 04 Mar 2026 11:33 WIB "
"AS Kerahkan Pesawat Pengebom B-52, Pertama Sejak Serangan ke Iran",https://news.detik.com/internasional/d-8383193/as-kerahkan-pesawat-pengebom-b-52-pertama-sejak-serangan-ke-iran,"
Rabu, 04 Mar 2026 10:46 WIB "
Tanda Tanya soal Rusia-China saat Iran Dibombardir Israel-AS,https://news.detik.com/internasional/d-8383003/tanda-tanya-soal-rusia-china-saat-iran-dibombardir-israel-as,"
Rabu, 04 Mar 2026 08:18 WIB "
"Jenazah Ali Khamenei Bakal Dimakamkan di Kota Suci Mashhad, Ada Upacara Besar",https://news.detik.com/internasional/d-8382979/jenazah-ali-khamenei-bakal-dimakamkan-di-kota-suci-mashhad-ada-upacara-besar,"
Rabu, 04 Mar 2026 07:22 WIB "
Komisi IX DPR Minta TKI Dievakuasi Jika Perang AS-Israel Vs Iran Makin Parah,https://news.detik.com/berita/d-8382940/komisi-ix-dpr-minta-tki-dievakuasi-jika-perang-as-israel-vs-iran-makin-parah,"
Rabu, 04 Mar 2026 06:01 WIB "
Selat Hormuz Kini 'Angker' bagi Kapal Tanker,https://news.detik.com/internasional/d-8382888/selat-hormuz-kini-angker-bagi-kapal-tanker,"
Rabu, 04 Mar 2026 03:03 WIB "
Badan Atom Internasional Nyatakan Tak Ada Bukti Iran Bikin Senjata Nuklir,https://news.detik.com/internasional/d-8382733/badan-atom-internasional-nyatakan-tak-ada-bukti-iran-bikin-senjata-nuklir,"
Selasa, 03 Mar 2026 22:19 WIB "
Serangan AS-Israel Targetkan Gedung Badan Pemilih Penerus Khamenei,https://news.detik.com/internasional/d-8382671/serangan-as-israel-targetkan-gedung-badan-pemilih-penerus-khamenei,"
Selasa, 03 Mar 2026 21:33 WIB "
"Diserang AS-Israel, Iran Setop Ekspor Seluruh Produk Pangan",https://news.detik.com/internasional/d-8382527/diserang-as-israel-iran-setop-ekspor-seluruh-produk-pangan,"
Selasa, 03 Mar 2026 20:03 WIB "
Iran Klaim Luncurkan Rudal Hipersonik Fattah-2 Balas Serangan AS-Israel,https://news.detik.com/internasional/d-8382473/iran-klaim-luncurkan-rudal-hipersonik-fattah-2-balas-serangan-as-israel,"
Selasa, 03 Mar 2026 19:26 WIB "
Bisakah China Raih Keuntungan dari Perang Iran?,https://news.detik.com/dw/d-8382437/bisakah-china-raih-keuntungan-dari-perang-iran,"
Selasa, 03 Mar 2026 19:13 WIB "
8.000 Orang Terjebak di Qatar Buntut Wilayah Udara Ditutup Akibat Perang,https://news.detik.com/internasional/d-8382429/8-000-orang-terjebak-di-qatar-buntut-wilayah-udara-ditutup-akibat-perang,"
Selasa, 03 Mar 2026 19:06 WIB "
30.000 Warga Lebanon Mengungsi Akibat Serangan Israel,https://news.detik.com/internasional/d-8382418/30-000-warga-lebanon-mengungsi-akibat-serangan-israel,"
Selasa, 03 Mar 2026 18:44 WIB "
787 Orang Tewas di Iran Akibat Serangan AS-Israel,https://news.detik.com/internasional/d-8382391/787-orang-tewas-di-iran-akibat-serangan-as-israel,"
Selasa, 03 Mar 2026 18:26 WIB "
Arab Saudi Kutuk Serangan Iran ke Kedubes AS: Pengecut!,https://news.detik.com/internasional/d-8382370/arab-saudi-kutuk-serangan-iran-ke-kedubes-as-pengecut,"
Selasa, 03 Mar 2026 18:11 WIB "
Megawati Kirim Surat Duka ke Pemerintah Iran atas Wafatnya Khamenei,https://news.detik.com/berita/d-8382367/megawati-kirim-surat-duka-ke-pemerintah-iran-atas-wafatnya-khamenei,"
Selasa, 03 Mar 2026 18:10 WIB "
"Timur Tengah Membara, Prancis Kerahkan Jet Tempur Rafale ke UEA",https://news.detik.com/internasional/d-8382324/timur-tengah-membara-prancis-kerahkan-jet-tempur-rafale-ke-uea,"
Selasa, 03 Mar 2026 17:37 WIB "
Israel Gempur Kantor Kepresidenan Iran,https://news.detik.com/internasional/d-8382301/israel-gempur-kantor-kepresidenan-iran,"
Selasa, 03 Mar 2026 17:17 WIB "
"Iran Diguncang Gempa M 4,3",https://news.detik.com/internasional/d-8382268/iran-diguncang-gempa-m-4-3,"
Selasa, 03 Mar 2026 17:06 WIB "
Melihat Respons Uni Eropa terkait Perang Iran,https://news.detik.com/dw/d-8382081/melihat-respons-uni-eropa-terkait-perang-iran,"
Selasa, 03 Mar 2026 15:51 WIB "
Bagaimana Nasib Republik Islam Iran Usai Kematian Khamenei?,https://news.detik.com/dw/d-8382055/bagaimana-nasib-republik-islam-iran-usai-kematian-khamenei,"
Selasa, 03 Mar 2026 15:45 WIB "
Memanas! Hizbullah Serang 3 Pangkalan Militer Israel,https://news.detik.com/internasional/d-8382019/memanas-hizbullah-serang-3-pangkalan-militer-israel,"
Selasa, 03 Mar 2026 15:32 WIB "
"AS-Israel Serang Iran, di Mana Rusia-China?",https://news.detik.com/bbc-world/d-8381947/as-israel-serang-iran-di-mana-rusia-china,"
Selasa, 03 Mar 2026 15:13 WIB "
Iran Klaim 560 Tentara AS Tewas-Luka Akibat Serangan Balasannya,https://news.detik.com/internasional/d-8381872/iran-klaim-560-tentara-as-tewas-luka-akibat-serangan-balasannya,"
Selasa, 03 Mar 2026 14:50 WIB "
Serangan AS Hancurkan Pusat Komando Garda Revolusi Iran,https://news.detik.com/internasional/d-8381744/serangan-as-hancurkan-pusat-komando-garda-revolusi-iran,"
Selasa, 03 Mar 2026 14:09 WIB "
Menlu AS Ungkap Awal Mula Serang Iran karena Israel,https://news.detik.com/internasional/d-8381609/menlu-as-ungkap-awal-mula-serang-iran-karena-israel,"
Selasa, 03 Mar 2026 13:15 WIB "
"Akan Serang Hizbullah Lagi, Israel Serukan Warga Lebanon Mengungsi",https://news.detik.com/internasional/d-8381525/akan-serang-hizbullah-lagi-israel-serukan-warga-lebanon-mengungsi,"
Selasa, 03 Mar 2026 12:42 WIB "
Kapal Tanker Masih Terbakar di Selat Hormuz Usai Dihantam Drone Iran,https://news.detik.com/internasional/d-8381347/kapal-tanker-masih-terbakar-di-selat-hormuz-usai-dihantam-drone-iran,"
Selasa, 03 Mar 2026 11:37 WIB "
"Perang AS-Iran, WNI di Riyadh Diminta Waspada dan Tetap di Lokasi Aman",https://news.detik.com/berita/d-8381283/perang-as-iran-wni-di-riyadh-diminta-waspada-dan-tetap-di-lokasi-aman,"
Selasa, 03 Mar 2026 11:02 WIB "
Iran Siap untuk Perang Panjang dengan AS-Israel,https://news.detik.com/internasional/d-8381179/iran-siap-untuk-perang-panjang-dengan-as-israel,"
Selasa, 03 Mar 2026 10:01 WIB "
"Drone Iran Hantam Kedubes AS di Saudi, Trump: Pembalasan Segera Terjadi!",https://news.detik.com/internasional/d-8381130/drone-iran-hantam-kedubes-as-di-saudi-trump-pembalasan-segera-terjadi,"
Selasa, 03 Mar 2026 09:32 WIB "
Serangan AS-Israel ke Iran Bisa Picu Perang Dunia III? Pakar Bilang Begini,https://news.detik.com/berita/d-8381038/serangan-as-israel-ke-iran-bisa-picu-perang-dunia-iii-pakar-bilang-begini,"
Selasa, 03 Mar 2026 08:23 WIB "
Kedutaan Besar AS di Riyadh Terbakar Usai Diserang 2 Drone,https://news.detik.com/internasional/d-8381009/kedutaan-besar-as-di-riyadh-terbakar-usai-diserang-2-drone,"
Selasa, 03 Mar 2026 07:58 WIB "
Qatar Cegat 2 Rudal yang Hendak Masuk Wilayahnya di Tengah Perang Iran-AS,https://news.detik.com/internasional/d-8381004/qatar-cegat-2-rudal-yang-hendak-masuk-wilayahnya-di-tengah-perang-iran-as,"
Selasa, 03 Mar 2026 07:45 WIB "
"Muhammadiyah Kecam AS-Israel Serang Iran, Desak PBB Beri Sanksi Tegas",https://news.detik.com/berita/d-8380997/muhammadiyah-kecam-as-israel-serang-iran-desak-pbb-beri-sanksi-tegas,"
Selasa, 03 Mar 2026 07:33 WIB "
Saudi Cs Ancang-ancang Usai Iran Menyerang,https://news.detik.com/internasional/d-8380957/saudi-cs-ancang-ancang-usai-iran-menyerang,"
Selasa, 03 Mar 2026 06:05 WIB "
â Isu Lobi Trump Serang Iran Ditepis Saudi,https://news.detik.com/internasional/d-8380912/isu-lobi-trump-serang-iran-ditepis-saudi,"
Selasa, 03 Mar 2026 04:15 WIB "
Yang Diketahui Sejauh Ini Usai Duet AS-Israel Serang Iran,https://news.detik.com/internasional/d-8380903/yang-diketahui-sejauh-ini-usai-duet-as-israel-serang-iran,"
Selasa, 03 Mar 2026 03:00 WIB "
Trump Pertimbangkan Kerahkan Pasukan Darat di Iran,https://news.detik.com/internasional/d-8380900/trump-pertimbangkan-kerahkan-pasukan-darat-di-iran,"
Selasa, 03 Mar 2026 01:46 WIB "
Alireza Arafi Jadi Pemimpin Tertinggi Sementara Iran Usai Khamenei Tewas,https://news.detik.com/internasional/d-8380898/alireza-arafi-jadi-pemimpin-tertinggi-sementara-iran-usai-khamenei-tewas,"
Selasa, 03 Mar 2026 01:25 WIB "
Israel Klaim Tewaskan Kepala Intelijen Hizbullah dalam Serangan di Lebanon,https://news.detik.com/internasional/d-8380800/israel-klaim-tewaskan-kepala-intelijen-hizbullah-dalam-serangan-di-lebanon,"
Senin, 02 Mar 2026 22:02 WIB "
Bandara Dubai Mulai Buka Penerbangan Terbatas Usai Terdampak Perang AS-Iran,https://news.detik.com/internasional/d-8380772/bandara-dubai-mulai-buka-penerbangan-terbatas-usai-terdampak-perang-as-iran,"
Senin, 02 Mar 2026 21:54 WIB "
Istri Khamenei Meninggal Akibat Serangan AS-Israel di Iran,https://news.detik.com/internasional/d-8380733/istri-khamenei-meninggal-akibat-serangan-as-israel-di-iran,"
Senin, 02 Mar 2026 21:24 WIB "
"Putra Shah Terakhir Iran Muncul, Dubes Iran: Masyarakat Tak Menganggapnya Ada",https://news.detik.com/berita/d-8380662/putra-shah-terakhir-iran-muncul-dubes-iran-masyarakat-tak-menganggapnya-ada,"
Senin, 02 Mar 2026 20:18 WIB "
"555 Orang di Iran Tewas Akibat Serangan AS-Israel, 200 di Antaranya Anak-anak",https://news.detik.com/berita/d-8380630/555-orang-di-iran-tewas-akibat-serangan-as-israel-200-di-antaranya-anak-anak,"
Senin, 02 Mar 2026 19:51 WIB "
Iran Bentuk Dewan Kepemimpinan Usai Khamenei Tewas Diserang AS-Israel,https://news.detik.com/berita/d-8380627/iran-bentuk-dewan-kepemimpinan-usai-khamenei-tewas-diserang-as-israel,"
Senin, 02 Mar 2026 19:48 WIB "
"AS-Israel Serang Iran, Golkar Desak PBB Ambil Langkah Konkret Hentikan Perang",https://news.detik.com/berita/d-8380589/as-israel-serang-iran-golkar-desak-pbb-ambil-langkah-konkret-hentikan-perang,"
Senin, 02 Mar 2026 19:23 WIB "
Israel Umumkan Pemimpin Hizbullah Naim Qassem Jadi Target Eliminasi,https://news.detik.com/internasional/d-8380559/israel-umumkan-pemimpin-hizbullah-naim-qassem-jadi-target-eliminasi,"
Senin, 02 Mar 2026 18:54 WIB "
Kata Warga-Turis Saat Iran Serang UEA: Ini Bukan Dubai yang Kami Kenal,https://news.detik.com/bbc-world/d-8380498/kata-warga-turis-saat-iran-serang-uea-ini-bukan-dubai-yang-kami-kenal,"
Senin, 02 Mar 2026 18:00 WIB "
Prancis Siap Bela Yordania-Arab Saudi Cs Melawan Iran,https://news.detik.com/internasional/d-8380415/prancis-siap-bela-yordania-arab-saudi-cs-melawan-iran,"
Senin, 02 Mar 2026 17:20 WIB "
Palang Merah Iran: 555 Orang Tewas Akibat Serangan AS-Israel,https://news.detik.com/internasional/d-8380336/palang-merah-iran-555-orang-tewas-akibat-serangan-as-israel,"
Senin, 02 Mar 2026 16:37 WIB "
"Ahmadinejad Dikabarkan Tewas dalam Serangan AS-Israel, Partainya Bantah",https://news.detik.com/internasional/d-8380278/ahmadinejad-dikabarkan-tewas-dalam-serangan-as-israel-partainya-bantah,"
Senin, 02 Mar 2026 16:22 WIB "
"Israel Gempur Lebanon Usai Serangan Hizbullah, 31 Orang Tewas",https://news.detik.com/internasional/d-8380052/israel-gempur-lebanon-usai-serangan-hizbullah-31-orang-tewas,"
Senin, 02 Mar 2026 15:02 WIB "
"Heboh Rumor Arab Saudi Melobi Trump untuk Serang Iran, Benarkah?",https://news.detik.com/internasional/d-8380010/heboh-rumor-arab-saudi-melobi-trump-untuk-serang-iran-benarkah,"
Senin, 02 Mar 2026 14:50 WIB "
Presiden Iran: Pembunuhan Khamenei Deklarasi Perang terhadap Muslim!,https://news.detik.com/internasional/d-8379886/presiden-iran-pembunuhan-khamenei-deklarasi-perang-terhadap-muslim,"
Senin, 02 Mar 2026 14:05 WIB "
"Tanggapi Serangan Iran, Arab Saudi Cs Sepakat Lakukan Ini!",https://news.detik.com/internasional/d-8379777/tanggapi-serangan-iran-arab-saudi-cs-sepakat-lakukan-ini,"
Senin, 02 Mar 2026 13:21 WIB "
Trump Klaim 48 Pemimpin Iran Tewas dalam Serangan AS-Israel,https://news.detik.com/internasional/d-8379630/trump-klaim-48-pemimpin-iran-tewas-dalam-serangan-as-israel,"
Senin, 02 Mar 2026 12:19 WIB "
Trump Ngaku Punya 3 Nama untuk Gantikan Khamenei,https://news.detik.com/internasional/d-8379556/trump-ngaku-punya-3-nama-untuk-gantikan-khamenei,"
Senin, 02 Mar 2026 11:56 WIB "
"Surati PBB, Iran Ancam Konsekuensi Luas Atas Kematian Khamenei",https://news.detik.com/internasional/d-8379530/surati-pbb-iran-ancam-konsekuensi-luas-atas-kematian-khamenei,"
Senin, 02 Mar 2026 11:45 WIB "
Israel Balas Gempur Lebanon Usai Serangan Hizbullah,https://news.detik.com/internasional/d-8379469/israel-balas-gempur-lebanon-usai-serangan-hizbullah,"
Senin, 02 Mar 2026 11:26 WIB "
Harga Minyak Dunia Melonjak Usai Kapal-kapal Diserang Dekat Selat Hormuz,https://news.detik.com/bbc-world/d-8379376/harga-minyak-dunia-melonjak-usai-kapal-kapal-diserang-dekat-selat-hormuz,"
Senin, 02 Mar 2026 10:49 WIB "
Militer AS Tegaskan Tak Berniat Kurangi Serangan ke Iran,https://news.detik.com/internasional/d-8379356/militer-as-tegaskan-tak-berniat-kurangi-serangan-ke-iran,"
Senin, 02 Mar 2026 10:34 WIB "
"Balas Kematian Khamenei, Hizbullah Kirim Rudal-Drone ke Israel",https://news.detik.com/internasional/d-8379330/balas-kematian-khamenei-hizbullah-kirim-rudal-drone-ke-israel,"
Senin, 02 Mar 2026 10:18 WIB "
"Khamenei Wafat, Apa yang Bisa Terjadi Selanjutnya?",https://news.detik.com/bbc-world/d-8379291/khamenei-wafat-apa-yang-bisa-terjadi-selanjutnya,"
Senin, 02 Mar 2026 10:01 WIB "
â Dampak Timur Tengah Membara ke Penerbangan dari dan ke Indonesia,https://news.detik.com/berita/d-8379148/dampak-timur-tengah-membara-ke-penerbangan-dari-dan-ke-indonesia,"
Senin, 02 Mar 2026 08:17 WIB "
"3 Militer AS Tewas dalam Serangan Iran, Trump Bersumpah Balas Dendam",https://news.detik.com/internasional/d-8379136/3-militer-as-tewas-dalam-serangan-iran-trump-bersumpah-balas-dendam,"
Senin, 02 Mar 2026 07:44 WIB "
Prediksi Pakar soal Sosok Penerus Ali Khamenei di Iran,https://news.detik.com/berita/d-8379108/prediksi-pakar-soal-sosok-penerus-ali-khamenei-di-iran,"
Senin, 02 Mar 2026 06:47 WIB "
Trump Sebut Serangan ke Iran Bisa Berlangsung Selama 4 Pekan,https://news.detik.com/internasional/d-8379074/trump-sebut-serangan-ke-iran-bisa-berlangsung-selama-4-pekan,"
Senin, 02 Mar 2026 05:37 WIB "
"Timur Tengah Memanas, Komisi I DPR Dorong RI Perkuat Komunikasi Diplomatik",https://news.detik.com/berita/d-8379052/timur-tengah-memanas-komisi-i-dpr-dorong-ri-perkuat-komunikasi-diplomatik,"
Senin, 02 Mar 2026 04:28 WIB "
â Muncul Nama-nama Calon Penerus Pemimpin Iran Ali Khamenei,https://news.detik.com/internasional/d-8379021/muncul-nama-nama-calon-penerus-pemimpin-iran-ali-khamenei,"
Senin, 02 Mar 2026 03:37 WIB "
AS Klaim Telah Hancurkan Markas Besar Garda Revolusi Iran,https://news.detik.com/internasional/d-8379020/as-klaim-telah-hancurkan-markas-besar-garda-revolusi-iran,"
Senin, 02 Mar 2026 03:11 WIB "
Iran Tembak Jatuh 22 Drone Diduga Milik AS-Israel,https://news.detik.com/internasional/d-8379012/iran-tembak-jatuh-22-drone-diduga-milik-as-israel,"
Senin, 02 Mar 2026 02:08 WIB "
Majelis Tahlil Peringati Wafatnya Khamenei Digelar di ICC Jaksel,https://news.detik.com/berita/d-8378981/majelis-tahlil-peringati-wafatnya-khamenei-digelar-di-icc-jaksel,"
Minggu, 01 Mar 2026 23:57 WIB "
Iran Hantam Kapal Induk AS Abraham Lincoln dengan 4 Rudal Balistik,https://news.detik.com/internasional/d-8378961/iran-hantam-kapal-induk-as-abraham-lincoln-dengan-4-rudal-balistik,"
Minggu, 01 Mar 2026 23:19 WIB "
6 Hal soal Pemimpin Tertinggi Iran Tewas dalam Serangan AS-Israel,https://news.detik.com/internasional/d-8378830/6-hal-soal-pemimpin-tertinggi-iran-tewas-dalam-serangan-as-israel,"
Minggu, 01 Mar 2026 21:11 WIB "
"Khamenei Tewas, Bendera Merah Dikibarkan di Masjid Jamkaran Iran",https://news.detik.com/internasional/d-8378821/khamenei-tewas-bendera-merah-dikibarkan-di-masjid-jamkaran-iran,"
Minggu, 01 Mar 2026 20:59 WIB "
"Perang Berlanjut, AS vs Iran Sama-sama Tebar Ancaman",https://news.detik.com/internasional/d-8378759/perang-berlanjut-as-vs-iran-sama-sama-tebar-ancaman,"
Minggu, 01 Mar 2026 20:19 WIB "
Qatar Kecam Serangan Iran ke Pelabuhan dan Kapal Tanker Minyak,https://news.detik.com/internasional/d-8378741/qatar-kecam-serangan-iran-ke-pelabuhan-dan-kapal-tanker-minyak,"
Minggu, 01 Mar 2026 19:54 WIB "
"PKB Berduka atas Tewasnya Ali Khamenei, Kecam Serangan Israel-AS ke Iran",https://news.detik.com/berita/d-8378721/pkb-berduka-atas-tewasnya-ali-khamenei-kecam-serangan-israel-as-ke-iran,"
Minggu, 01 Mar 2026 19:25 WIB "
Korut Kutuk Serangan Terhadap Iran: AS Seperti Gangster,https://news.detik.com/internasional/d-8378696/korut-kutuk-serangan-terhadap-iran-as-seperti-gangster,"
Minggu, 01 Mar 2026 18:48 WIB "
"Termasuk Khamenei, Ini Daftar Pejabat Iran Tewas dalam Serangan AS-Israel",https://news.detik.com/internasional/d-8378667/termasuk-khamenei-ini-daftar-pejabat-iran-tewas-dalam-serangan-as-israel,"
Minggu, 01 Mar 2026 18:07 WIB "
Putin Berduka Khamenei Tewas Dibunuh AS-Israel: Langgar Semua Norma Moral,https://news.detik.com/internasional/d-8378631/putin-berduka-khamenei-tewas-dibunuh-as-israel-langgar-semua-norma-moral,"
Minggu, 01 Mar 2026 17:44 WIB "
"Israel Kembali Serang Iran, Sejumlah Ledakan Guncang Teheran",https://news.detik.com/internasional/d-8378614/israel-kembali-serang-iran-sejumlah-ledakan-guncang-teheran,"
Minggu, 01 Mar 2026 17:20 WIB "
Ledakan Terdengar di Ibu Kota Saudi Usai Iran Umumkan Balas Serangan AS,https://news.detik.com/internasional/d-8378585/ledakan-terdengar-di-ibu-kota-saudi-usai-iran-umumkan-balas-serangan-as,"
Minggu, 01 Mar 2026 16:52 WIB "
Timur Tengah Membara! Ini Daftar Negara Terdampak Perang AS-Israel vs Iran,https://news.detik.com/internasional/d-8378567/timur-tengah-membara-ini-daftar-negara-terdampak-perang-as-israel-vs-iran,"
Minggu, 01 Mar 2026 16:34 WIB "
"Pemimpin Iran Khamenei Tewas, Siapa Bakal Jadi Penerusnya?",https://news.detik.com/internasional/d-8378557/pemimpin-iran-khamenei-tewas-siapa-bakal-jadi-penerusnya,"
Minggu, 01 Mar 2026 16:23 WIB "
"Warga New York Demo Protes Trump Serang Iran, Minta Perang Disetop",https://news.detik.com/internasional/d-8378513/warga-new-york-demo-protes-trump-serang-iran-minta-perang-disetop,"
Minggu, 01 Mar 2026 15:54 WIB "
"MUI Kutuk Serangan AS-Israel ke Iran, Dorong RI Keluar dari BoP",https://news.detik.com/berita/d-8378491/mui-kutuk-serangan-as-israel-ke-iran-dorong-ri-keluar-dari-bop,"
Minggu, 01 Mar 2026 15:33 WIB "
"Kematian Khamenei Picu Demo Ricuh di Konjen AS Pakistan, 8 Orang Tewas",https://news.detik.com/internasional/d-8378479/kematian-khamenei-picu-demo-ricuh-di-konjen-as-pakistan-8-orang-tewas,"
Minggu, 01 Mar 2026 15:27 WIB "
Sosok Menhan Iran dan Komandan IRGC yang Tewas dalam Serangan AS-Israel,https://news.detik.com/internasional/d-8378458/sosok-menhan-iran-dan-komandan-irgc-yang-tewas-dalam-serangan-as-israel,"
Minggu, 01 Mar 2026 15:14 WIB "
Irak Umumkan 3 Hari Berkabung Nasional untuk Khamenei,https://news.detik.com/internasional/d-8378415/irak-umumkan-3-hari-berkabung-nasional-untuk-khamenei,"
Minggu, 01 Mar 2026 14:42 WIB "
JK Sedih Pemimpin Iran Khamenei Wafat Imbas Serangan AS-Israel,https://news.detik.com/berita/d-8378395/jk-sedih-pemimpin-iran-khamenei-wafat-imbas-serangan-as-israel,"
Minggu, 01 Mar 2026 14:26 WIB "
AS Namai Serangan ke Iran Operasi 'Epic Fury',https://news.detik.com/internasional/d-8378383/as-namai-serangan-ke-iran-operasi-epic-fury,"
Minggu, 01 Mar 2026 14:12 WIB "
Momen Presenter TV Iran Menangis Saat Umumkan Kematian Khamenei,https://news.detik.com/internasional/d-8378340/momen-presenter-tv-iran-menangis-saat-umumkan-kematian-khamenei,"
Minggu, 01 Mar 2026 13:47 WIB "
"Serangan Trump ke Iran Picu Protes Dalam Negeri, Eks Wapres AS Kecam Keras",https://news.detik.com/internasional/d-8378337/serangan-trump-ke-iran-picu-protes-dalam-negeri-eks-wapres-as-kecam-keras,"
Minggu, 01 Mar 2026 13:44 WIB "
Trump Ancam Gunakan Kekuatan yang Belum Pernah Terlihat ke Iran,https://news.detik.com/internasional/d-8378289/trump-ancam-gunakan-kekuatan-yang-belum-pernah-terlihat-ke-iran,"
Minggu, 01 Mar 2026 13:16 WIB "
Presiden Iran Janji Balas AS-Israel Usai Khamenei Tewas: Kejahatan Besar,https://news.detik.com/internasional/d-8378154/presiden-iran-janji-balas-as-israel-usai-khamenei-tewas-kejahatan-besar,"
Minggu, 01 Mar 2026 11:46 WIB "
"Reza Pahlavi, Putra Shah Terakhir Iran Buka Suara Usai Khamenei Tewas",https://news.detik.com/internasional/d-8378139/reza-pahlavi-putra-shah-terakhir-iran-buka-suara-usai-khamenei-tewas,"
Minggu, 01 Mar 2026 11:31 WIB "
Trump Klaim Serangan AS-Israel ke Iran Buka Jalan Diplomasi,https://news.detik.com/internasional/d-8378101/trump-klaim-serangan-as-israel-ke-iran-buka-jalan-diplomasi,"
Minggu, 01 Mar 2026 11:10 WIB "
"Khamenei Tewas, Presiden-Kepala Kehakiman Ambil Alih Kepemimpinan Iran",https://news.detik.com/internasional/d-8378087/khamenei-tewas-presiden-kepala-kehakiman-ambil-alih-kepemimpinan-iran,"
Minggu, 01 Mar 2026 10:58 WIB "
"Israel Lanjutkan Serangan Baru ke Iran, Sasar 30 Target Lokasi",https://news.detik.com/internasional/d-8378035/israel-lanjutkan-serangan-baru-ke-iran-sasar-30-target-lokasi,"
Minggu, 01 Mar 2026 10:32 WIB "
Anwar Abbas Harap China-Rusia Bantu Iran Hadapi Serangan AS-Israel,https://news.detik.com/berita/d-8377990/anwar-abbas-harap-china-rusia-bantu-iran-hadapi-serangan-as-israel,"
Minggu, 01 Mar 2026 10:13 WIB "
"Khamenei Tewas, Garda Revolusi Iran: Serangan Paling Ganas Segera Dimulai!",https://news.detik.com/internasional/d-8377981/khamenei-tewas-garda-revolusi-iran-serangan-paling-ganas-segera-dimulai,"
Minggu, 01 Mar 2026 09:59 WIB "
Anak-anak Iran Jadi Korban Tewas Serangan AS-Israel di Lamerd,https://news.detik.com/internasional/d-8377958/anak-anak-iran-jadi-korban-tewas-serangan-as-israel-di-lamerd,"
Minggu, 01 Mar 2026 09:39 WIB "
Rusia Kecam Serangan AS-Israel ke Iran: Langgar Hukum Internasional!,https://news.detik.com/internasional/d-8377940/rusia-kecam-serangan-as-israel-ke-iran-langgar-hukum-internasional,"
Minggu, 01 Mar 2026 09:29 WIB "
Iran Bersumpah Beri Balasan Keras Usai Khamenei Tewas Diserang AS-Israel,https://news.detik.com/internasional/d-8377938/iran-bersumpah-beri-balasan-keras-usai-khamenei-tewas-diserang-as-israel,"
Minggu, 01 Mar 2026 09:29 WIB "
Khamenei Tewas Diserang AS-Israel Saat Berada di Kantornya Sabtu Pagi,https://news.detik.com/internasional/d-8377935/khamenei-tewas-diserang-as-israel-saat-berada-di-kantornya-sabtu-pagi,"
Minggu, 01 Mar 2026 09:19 WIB "
Sosok Pemimpin Tertinggi Iran Khamenei yang Tewas dalam Serangan AS-Israel,https://news.detik.com/internasional/d-8377931/sosok-pemimpin-tertinggi-iran-khamenei-yang-tewas-dalam-serangan-as-israel,"
Minggu, 01 Mar 2026 09:15 WIB "
"Khamenei Tewas Saat Perang Vs AS-Israel, Iran Umumkan 40 Hari Berkabung",https://news.detik.com/internasional/d-8377911/khamenei-tewas-saat-perang-vs-as-israel-iran-umumkan-40-hari-berkabung,"
Minggu, 01 Mar 2026 08:54 WIB "
Media Iran Konfirmasi Kematian Ali Khamenei: Telah Mencapai Syahid,https://news.detik.com/internasional/d-8377909/media-iran-konfirmasi-kematian-ali-khamenei-telah-mencapai-syahid,"
Minggu, 01 Mar 2026 08:50 WIB "
"Putri, Menantu, dan Cucu Khamenei Tewas dalam Serangan Israel-AS di Iran",https://news.detik.com/internasional/d-8377889/putri-menantu-dan-cucu-khamenei-tewas-dalam-serangan-israel-as-di-iran,"
Minggu, 01 Mar 2026 08:30 WIB "
Data dan Fakta Terkini Terkait Perang Israel-AS Vs Iran,https://news.detik.com/internasional/d-8377881/data-dan-fakta-terkini-terkait-perang-israel-as-vs-iran,"
Minggu, 01 Mar 2026 08:18 WIB "
"Rudal Iran Hantam Bandara di Abu Dhabi dan Dubai, 1 Orang Tewas-11 Terluka",https://news.detik.com/internasional/d-8377842/rudal-iran-hantam-bandara-di-abu-dhabi-dan-dubai-1-orang-tewas-11-terluka,"
Minggu, 01 Mar 2026 06:59 WIB "
"1 Orang Tewas Akibat Rudal Iran di Tel Aviv Israel, 20 Terluka",https://news.detik.com/internasional/d-8377825/1-orang-tewas-akibat-rudal-iran-di-tel-aviv-israel-20-terluka,"
Minggu, 01 Mar 2026 05:50 WIB "
Trump Umumkan Kematian Pemimpin Tertinggi Iran Ali Khamenei,https://news.detik.com/internasional/d-8377804/trump-umumkan-kematian-pemimpin-tertinggi-iran-ali-khamenei,"
Minggu, 01 Mar 2026 04:56 WIB "
PBB Gelar Rapat Darurat Buntut AS dan Israel Serang Iran,https://news.detik.com/internasional/d-8377803/pbb-gelar-rapat-darurat-buntut-as-dan-israel-serang-iran,"
Minggu, 01 Mar 2026 04:45 WIB "
"Serangan Balasan Iran Berlanjut, 8 Orang Luka di Doha-Sirine Meraung di Israel",https://news.detik.com/internasional/d-8377789/serangan-balasan-iran-berlanjut-8-orang-luka-di-doha-sirine-meraung-di-israel,"
Minggu, 01 Mar 2026 04:22 WIB "
"Netanyahu Klaim Khamenei Tewas, Menlu Iran Bantah",https://news.detik.com/internasional/d-8377779/netanyahu-klaim-khamenei-tewas-menlu-iran-bantah,"
Minggu, 01 Mar 2026 03:45 WIB "
AS dan Israel Jatuhkan 30 Bom ke Kompleks Kediaman Khamenei di Iran,https://news.detik.com/internasional/d-8377776/as-dan-israel-jatuhkan-30-bom-ke-kompleks-kediaman-khamenei-di-iran,"
Minggu, 01 Mar 2026 02:59 WIB "
"Serangan Israel di Teheran Targetkan Tokoh Senior Iran, Termasuk Khamenei",https://news.detik.com/internasional/d-8377618/serangan-israel-di-teheran-targetkan-tokoh-senior-iran-termasuk-khamenei,"
Sabtu, 28 Feb 2026 21:52 WIB "
11 Fakta AS dan Israel Serang Iran saat Ramadan,https://news.detik.com/internasional/d-8377495/11-fakta-as-dan-israel-serang-iran-saat-ramadan,"
Sabtu, 28 Feb 2026 20:03 WIB "
"Diserang AS-Israel, Iran Tutup Wilayah Udara",https://news.detik.com/internasional/d-8377169/diserang-as-israel-iran-tutup-wilayah-udara,"
Sabtu, 28 Feb 2026 15:32 WIB "
